# Blender 5.1.2
# www.blender.org
o Exporting_sf.065
v -0.014861 0.104637 -0.410947
v -0.844862 0.104637 -0.410947
v -0.014861 0.038905 1.204562
v -0.844862 0.038905 1.204562
v -0.014861 0.025419 0.824406
v -0.844862 0.025419 0.824406
v -0.844862 0.044342 -0.015841
v -0.014861 0.044343 -0.015862
v -0.014861 0.055761 -0.123500
v -0.844862 0.055761 -0.123500
v -0.598312 0.031569 0.270312
v -0.597659 0.024782 0.399634
v -0.674228 0.024761 0.399834
v -0.674446 0.031466 0.271515
v -0.839173 0.104243 -0.408594
v -0.844862 0.039022 1.203379
v -0.014861 0.039022 1.203379
v -0.014861 0.037410 1.206485
v -0.844862 0.037410 1.206485
v -0.019660 0.104243 -0.408594
v -0.016858 0.105278 -0.408722
v -0.842865 0.105278 -0.408722
v -0.016858 0.039918 1.204821
v -0.842865 0.039918 1.204821
v -0.016858 0.026428 0.824462
v -0.842865 0.026428 0.824462
v -0.842865 0.045339 -0.015768
v -0.016858 0.045341 -0.015809
v -0.016858 0.056740 -0.123295
v -0.842865 0.056740 -0.123295
v -0.598312 0.032568 0.270363
v -0.597659 0.025780 0.399686
v -0.674228 0.025760 0.399886
v -0.674446 0.032465 0.271567
v -0.842865 0.040001 1.203174
v -0.016858 0.040001 1.203174
v -0.842863 0.038163 1.207142
v -0.014861 0.105623 -0.410782
v -0.844862 0.105623 -0.410782
v -0.014861 0.039918 1.204821
v -0.844862 0.039918 1.204821
v -0.014861 0.026428 0.824462
v -0.844862 0.026428 0.824462
v -0.844862 0.045339 -0.015771
v -0.014861 0.045341 -0.015808
v -0.014861 0.056740 -0.123295
v -0.844862 0.056740 -0.123295
v -0.844862 0.040001 1.203174
v -0.014861 0.040001 1.203174
v -0.844862 0.038163 1.207142
v -0.039112 0.068681 1.475865
v -0.844862 0.068681 1.475865
v -0.844862 0.036132 1.208261
v -0.014878 0.036131 1.208261
v -0.844861 0.049447 1.344040
v -0.023943 0.049446 1.344040
v -0.014963 0.036047 1.210088
v -0.844862 0.036047 1.210088
v -0.039112 0.069668 1.475710
v -0.844862 0.069669 1.475710
v -0.844862 0.037120 1.208574
v -0.014878 0.037118 1.208580
v -0.014861 0.038163 1.207142
v -0.844861 0.050439 1.343916
v -0.023943 0.050439 1.343917
v -0.014963 0.037042 1.209985
v -0.844862 0.037042 1.209986
v -0.842861 0.069396 1.473979
v -0.842862 0.037120 1.208574
v -0.842861 0.050394 1.343628
v -0.842861 0.037042 1.209986
v -0.040892 0.069396 1.473979
v -0.016878 0.037118 1.208580
v -0.016860 0.038163 1.207142
v -0.025906 0.050394 1.343629
v -0.016963 0.037042 1.209985
v -0.433870 0.069668 1.475710
v -0.429713 0.104243 -0.408594
v -0.433903 0.068681 1.475865
v -0.429862 0.105278 -0.408722
v -0.429864 0.036132 1.208261
v -0.429862 0.025419 0.824406
v -0.431375 0.049447 1.344040
v -0.429663 0.104637 -0.410947
v -0.429879 0.036047 1.210088
v -0.433867 0.069396 1.473979
v -0.429862 0.044343 -0.015853
v -0.429862 0.039022 1.203379
v -0.429862 0.038905 1.204562
v -0.429862 0.037410 1.206485
v -0.429842 0.056101 -0.125647
v -0.430019 0.105623 -0.410782
v -0.843825 0.105623 -0.410782
v -0.843667 0.104637 -0.410947
v -0.016840 0.105623 -0.410782
v -0.040578 0.069668 1.475709
v -0.843196 0.069669 1.475710
v -0.014861 0.034351 0.215924
v -0.014861 0.036034 0.206066
v -0.014861 0.034806 0.210929
v -0.844862 0.034351 0.215924
v -0.844862 0.036034 0.206067
v -0.844862 0.034806 0.210929
v -0.014861 0.048868 0.162441
v -0.014861 0.049222 0.148445
v -0.014861 0.050290 0.155475
v -0.844862 0.048868 0.162441
v -0.844862 0.049222 0.148445
v -0.844862 0.050290 0.155475
v -0.014861 0.038641 0.104361
v -0.014861 0.037762 0.094928
v -0.014861 0.037750 0.099687
v -0.844862 0.038613 0.104242
v -0.844862 0.037756 0.095051
v -0.844862 0.037745 0.099687
v -0.014861 0.023311 0.449513
v -0.014861 0.022483 0.443571
v -0.014861 0.022515 0.446595
v -0.844862 0.023311 0.449513
v -0.844862 0.022483 0.443571
v -0.844862 0.022515 0.446595
v -0.014861 0.031230 0.476032
v -0.014861 0.030343 0.470098
v -0.014861 0.031148 0.473011
v -0.844862 0.031230 0.476032
v -0.844862 0.030343 0.470098
v -0.844862 0.031148 0.473011
v -0.014861 0.042686 1.136266
v -0.014861 0.039804 1.141528
v -0.014861 0.042387 1.139522
v -0.844862 0.042686 1.136266
v -0.844862 0.039804 1.141528
v -0.844862 0.042387 1.139522
v -0.844862 0.036615 1.143240
v -0.844862 0.033643 1.148452
v -0.844862 0.034040 1.145225
v -0.014861 0.036615 1.143240
v -0.014861 0.033643 1.148452
v -0.014861 0.034040 1.145225
v -0.014861 0.034866 1.177788
v -0.014861 0.036019 1.187721
v -0.014861 0.035197 1.182783
v -0.844862 0.034866 1.177788
v -0.844862 0.036019 1.187721
v -0.844862 0.035197 1.182783
v -0.844862 0.070509 -0.222288
v -0.844862 0.071631 -0.223944
v -0.844862 0.070812 -0.223291
v -0.014861 0.071631 -0.223944
v -0.014861 0.070509 -0.222288
v -0.014861 0.070811 -0.223291
v -0.014861 0.073718 -0.226168
v -0.014861 0.072590 -0.224516
v -0.014861 0.073409 -0.225168
v -0.844862 0.072590 -0.224516
v -0.844862 0.073718 -0.226168
v -0.844862 0.073409 -0.225168
v -0.684858 0.023311 0.449513
v -0.682786 0.022483 0.443571
v -0.684512 0.022515 0.446595
v -0.677667 0.036034 0.206066
v -0.677161 0.034351 0.215924
v -0.677583 0.034806 0.210929
v -0.839172 0.071631 -0.223944
v -0.771902 0.070509 -0.222288
v -0.771902 0.070812 -0.223291
v -0.839172 0.073718 -0.226168
v -0.839172 0.072590 -0.224516
v -0.839172 0.073409 -0.225168
v -0.019660 0.072590 -0.224516
v -0.019660 0.073718 -0.226168
v -0.019660 0.073409 -0.225168
v -0.087227 0.070509 -0.222288
v -0.019660 0.071631 -0.223944
v -0.087227 0.070811 -0.223291
v -0.016858 0.035343 0.216093
v -0.016858 0.037038 0.206238
v -0.016858 0.035800 0.211099
v -0.842865 0.037038 0.206238
v -0.842865 0.035343 0.216094
v -0.842865 0.035801 0.211099
v -0.016858 0.050025 0.162470
v -0.016858 0.050379 0.148475
v -0.016858 0.051459 0.155504
v -0.842865 0.050379 0.148475
v -0.842865 0.050025 0.162470
v -0.842865 0.051459 0.155504
v -0.016858 0.039667 0.104303
v -0.016858 0.038770 0.094797
v -0.016858 0.038760 0.099593
v -0.842865 0.038757 0.095045
v -0.842865 0.039609 0.104061
v -0.842865 0.038748 0.099594
v -0.016858 0.024320 0.449373
v -0.016858 0.023491 0.443430
v -0.016858 0.023523 0.446455
v -0.842865 0.023491 0.443430
v -0.842865 0.024320 0.449373
v -0.842865 0.023524 0.446455
v -0.016858 0.032236 0.475882
v -0.016858 0.031349 0.469948
v -0.016858 0.032154 0.472861
v -0.842865 0.031349 0.469948
v -0.842865 0.032236 0.475882
v -0.842865 0.032154 0.472861
v -0.016858 0.040850 1.142101
v -0.016858 0.043733 1.136839
v -0.016858 0.043434 1.140095
v -0.842865 0.043733 1.136839
v -0.842865 0.040851 1.142101
v -0.842865 0.043434 1.140095
v -0.842865 0.037640 1.143824
v -0.842865 0.034668 1.149037
v -0.842865 0.035065 1.145809
v -0.016858 0.034668 1.149037
v -0.016858 0.037640 1.143824
v -0.016858 0.035065 1.145809
v -0.016858 0.037015 1.187605
v -0.016858 0.035862 1.177672
v -0.016858 0.036193 1.182667
v -0.842865 0.035862 1.177672
v -0.842865 0.037015 1.187605
v -0.842865 0.036193 1.182667
v -0.842865 0.072545 -0.223325
v -0.842865 0.071424 -0.221669
v -0.842865 0.071726 -0.222672
v -0.016858 0.071424 -0.221669
v -0.016858 0.072545 -0.223325
v -0.016858 0.071726 -0.222672
v -0.016858 0.073500 -0.223895
v -0.016858 0.074628 -0.225546
v -0.016858 0.074319 -0.224546
v -0.842865 0.074628 -0.225546
v -0.842865 0.073500 -0.223895
v -0.842865 0.074319 -0.224546
v -0.014861 0.035343 0.216093
v -0.014861 0.037038 0.206238
v -0.014861 0.035800 0.211099
v -0.844862 0.037038 0.206238
v -0.844862 0.035343 0.216094
v -0.844862 0.035801 0.211099
v -0.014861 0.050025 0.162470
v -0.014861 0.050379 0.148475
v -0.014861 0.051459 0.155504
v -0.844862 0.050379 0.148475
v -0.844862 0.050025 0.162470
v -0.844862 0.051459 0.155504
v -0.014861 0.039665 0.104294
v -0.014861 0.038769 0.094806
v -0.014861 0.038759 0.099593
v -0.844862 0.038758 0.095024
v -0.844862 0.039614 0.104082
v -0.844862 0.038749 0.099594
v -0.014861 0.024320 0.449373
v -0.014861 0.023491 0.443430
v -0.014861 0.023523 0.446455
v -0.844862 0.023491 0.443430
v -0.844862 0.024320 0.449373
v -0.844862 0.023524 0.446455
v -0.014861 0.032236 0.475882
v -0.014861 0.031349 0.469948
v -0.014861 0.032154 0.472861
v -0.844862 0.031349 0.469948
v -0.844862 0.032236 0.475882
v -0.844862 0.032154 0.472861
v -0.014861 0.040850 1.142101
v -0.014861 0.043733 1.136839
v -0.014861 0.043434 1.140095
v -0.844862 0.043733 1.136839
v -0.844862 0.040851 1.142101
v -0.844862 0.043434 1.140095
v -0.844862 0.037640 1.143824
v -0.844862 0.034668 1.149037
v -0.844862 0.035065 1.145809
v -0.014861 0.034668 1.149037
v -0.014861 0.037640 1.143824
v -0.014861 0.035065 1.145809
v -0.014861 0.037015 1.187605
v -0.014861 0.035862 1.177672
v -0.014861 0.036193 1.182667
v -0.844862 0.035862 1.177672
v -0.844862 0.037015 1.187605
v -0.844862 0.036193 1.182667
v -0.844862 0.072545 -0.223325
v -0.844862 0.071424 -0.221669
v -0.844862 0.071726 -0.222672
v -0.014861 0.071424 -0.221669
v -0.014861 0.072545 -0.223325
v -0.014861 0.071726 -0.222672
v -0.014861 0.073500 -0.223895
v -0.014861 0.074628 -0.225546
v -0.014861 0.074319 -0.224546
v -0.844862 0.074628 -0.225546
v -0.844862 0.073500 -0.223895
v -0.844862 0.074319 -0.224546
v -0.407152 0.023311 0.449513
v -0.406635 0.022482 0.443571
v -0.407066 0.022515 0.446595
v -0.405228 0.034351 0.215924
v -0.405355 0.036034 0.206066
v -0.405334 0.034806 0.210929
v -0.429862 0.037759 0.094981
v -0.429862 0.038629 0.104310
v -0.429862 0.037748 0.099687
v -0.429862 0.039804 1.141528
v -0.429862 0.042686 1.136266
v -0.429862 0.042387 1.139522
v -0.429862 0.033643 1.148452
v -0.429862 0.036615 1.143240
v -0.429862 0.034040 1.145225
v -0.429862 0.030343 0.470098
v -0.429862 0.031230 0.476032
v -0.429862 0.031148 0.473011
v -0.429862 0.036019 1.187721
v -0.429862 0.034866 1.177788
v -0.429862 0.035197 1.182783
v -0.429713 0.072590 -0.224516
v -0.429713 0.073718 -0.226168
v -0.429713 0.073409 -0.225168
v -0.429713 0.071631 -0.223944
v -0.429713 0.070509 -0.222288
v -0.429713 0.070812 -0.223291
v -0.429862 0.049222 0.148445
v -0.429862 0.048868 0.162441
v -0.429862 0.050290 0.155475
v -0.844862 0.039093 1.203901
v -0.222362 0.038905 1.204562
v -0.222362 0.025419 0.824406
v -0.844862 0.049439 -0.070579
v -0.637362 0.044342 -0.015848
v -0.014861 0.049439 -0.070581
v -0.213350 0.056144 -0.125916
v -0.583670 0.028187 0.334841
v -0.635862 0.023507 0.423888
v -0.688653 0.028102 0.335807
v -0.636461 0.032783 0.246760
v -0.842017 0.104440 -0.409771
v -0.014861 0.039093 1.203901
v -0.637362 0.039022 1.203379
v -0.222362 0.037410 1.206485
v -0.014861 0.038286 1.205454
v -0.844862 0.038287 1.205454
v -0.224742 0.104243 -0.408594
v -0.844264 0.104637 -0.410947
v -0.017261 0.104440 -0.409771
v -0.842865 0.040117 1.203934
v -0.842865 0.050432 -0.070464
v -0.016858 0.050432 -0.070470
v -0.583670 0.029186 0.334893
v -0.635862 0.024505 0.423940
v -0.688653 0.029101 0.335858
v -0.636461 0.033781 0.246811
v -0.016858 0.040117 1.203934
v -0.842864 0.039198 1.205918
v -0.636364 0.105278 -0.408722
v -0.015860 0.039918 1.204821
v -0.843863 0.039918 1.204821
v -0.015860 0.026428 0.824462
v -0.843863 0.026428 0.824462
v -0.843863 0.045339 -0.015770
v -0.015860 0.045341 -0.015808
v -0.015860 0.056740 -0.123295
v -0.843863 0.056740 -0.123295
v -0.598312 0.032068 0.270337
v -0.597659 0.025281 0.399660
v -0.674228 0.025261 0.399860
v -0.674446 0.031966 0.271541
v -0.843863 0.040001 1.203174
v -0.015860 0.040001 1.203174
v -0.843862 0.038163 1.207142
v -0.014861 0.105130 -0.410865
v -0.844862 0.105130 -0.410865
v -0.014861 0.039411 1.204691
v -0.844862 0.039412 1.204691
v -0.014861 0.025924 0.824434
v -0.844862 0.025924 0.824434
v -0.844862 0.044841 -0.015806
v -0.014862 0.044842 -0.015835
v -0.014862 0.056250 -0.123398
v -0.844862 0.056251 -0.123397
v -0.844862 0.039512 1.203276
v -0.014861 0.039512 1.203276
v -0.844862 0.037787 1.206814
v -0.015851 0.105623 -0.410782
v -0.844862 0.039198 1.205918
v -0.014861 0.040117 1.203934
v -0.014861 0.050432 -0.070469
v -0.844862 0.050432 -0.070465
v -0.844862 0.040117 1.203934
v -0.844861 0.058517 1.410152
v -0.014914 0.035977 1.209170
v -0.844861 0.042200 1.277263
v -0.030948 0.058517 1.410152
v -0.018873 0.042200 1.277263
v -0.844862 0.035977 1.209169
v -0.844861 0.059507 1.410013
v -0.014914 0.036989 1.209286
v -0.014864 0.037550 1.207864
v -0.844861 0.043194 1.277151
v -0.030948 0.059507 1.410014
v -0.018873 0.043194 1.277152
v -0.844862 0.036990 1.209282
v -0.039112 0.069174 1.475788
v -0.844861 0.069174 1.475788
v -0.844862 0.036626 1.208418
v -0.014878 0.036625 1.208420
v -0.844861 0.049943 1.343978
v -0.023943 0.049943 1.343979
v -0.014963 0.036544 1.210036
v -0.844861 0.036544 1.210037
v -0.842861 0.059365 1.409112
v -0.842861 0.043188 1.277115
v -0.842862 0.036990 1.209282
v -0.843861 0.037042 1.209986
v -0.843832 0.050879 1.346708
v -0.843862 0.037120 1.208574
v -0.016914 0.036989 1.209286
v -0.016862 0.037550 1.207864
v -0.032833 0.059365 1.409113
v -0.020868 0.043188 1.277116
v -0.015878 0.037118 1.208580
v -0.015860 0.038163 1.207142
v -0.025320 0.050879 1.346709
v -0.015963 0.037042 1.209985
v -0.637867 0.068681 1.475865
v -0.222370 0.036132 1.208261
v -0.227092 0.049447 1.344040
v -0.222415 0.036047 1.210088
v -0.235877 0.069396 1.473979
v -0.844029 0.069669 1.475710
v -0.016859 0.039198 1.205918
v -0.014861 0.037787 1.206814
v -0.014861 0.039198 1.205918
v -0.844862 0.036659 1.207368
v -0.014864 0.036659 1.207368
v -0.844862 0.037551 1.207860
v -0.842862 0.037551 1.207860
v -0.235721 0.069668 1.475710
v -0.634499 0.104243 -0.408594
v -0.234992 0.068681 1.475865
v -0.223360 0.105278 -0.408722
v -0.637362 0.036132 1.208261
v -0.637362 0.025419 0.824406
v -0.637551 0.049447 1.344040
v -0.222337 0.104637 -0.410947
v -0.637364 0.036047 1.210088
v -0.636862 0.069396 1.473979
v -0.222362 0.044343 -0.015858
v -0.222362 0.039022 1.203378
v -0.637362 0.038905 1.204562
v -0.637362 0.037410 1.206485
v -0.646329 0.056144 -0.125916
v -0.636863 0.105623 -0.410782
v -0.420596 0.105152 -0.410861
v -0.429862 0.036659 1.207368
v -0.438987 0.104448 -0.409823
v -0.434428 0.069218 1.475780
v -0.430530 0.042200 1.277263
v -0.433868 0.069532 1.474844
v -0.429871 0.035977 1.209170
v -0.429862 0.039093 1.203901
v -0.429859 0.049482 -0.070848
v -0.432543 0.058517 1.410152
v -0.429940 0.105451 -0.409752
v -0.429862 0.038286 1.205454
v -0.844344 0.105623 -0.410782
v -0.636739 0.104637 -0.410947
v -0.843345 0.105451 -0.409752
v -0.843746 0.105130 -0.410865
v -0.223370 0.105623 -0.410782
v -0.016849 0.105450 -0.409752
v -0.039845 0.069668 1.475710
v -0.040735 0.069532 1.474844
v -0.637030 0.069668 1.475710
v -0.843029 0.069532 1.474844
v -0.677404 0.034506 0.213414
v -0.768474 0.034351 0.215924
v -0.844862 0.034506 0.213414
v -0.768764 0.034806 0.210929
v -0.677657 0.035348 0.208485
v -0.844862 0.035348 0.208486
v -0.768822 0.036034 0.206066
v -0.429862 0.049813 0.158964
v -0.637362 0.048868 0.162441
v -0.844862 0.049813 0.158964
v -0.637362 0.050290 0.155475
v -0.429862 0.049990 0.151966
v -0.844862 0.049990 0.151966
v -0.637362 0.049222 0.148445
v -0.429862 0.038105 0.102006
v -0.637362 0.038621 0.104277
v -0.844862 0.038096 0.101972
v -0.637362 0.037746 0.099687
v -0.429862 0.037670 0.097342
v -0.844862 0.037668 0.097377
v -0.637362 0.037758 0.095015
v -0.684814 0.022841 0.448064
v -0.773765 0.023311 0.449513
v -0.844862 0.022841 0.448064
v -0.773528 0.022515 0.446595
v -0.683779 0.022427 0.445093
v -0.844862 0.022427 0.445093
v -0.772341 0.022483 0.443571
v -0.429862 0.031257 0.474512
v -0.637362 0.031230 0.476032
v -0.844862 0.031257 0.474512
v -0.637362 0.031148 0.473011
v -0.429862 0.030814 0.471544
v -0.844862 0.030814 0.471544
v -0.637362 0.030343 0.470098
v -0.429862 0.042751 1.138011
v -0.222362 0.042686 1.136266
v -0.014862 0.042751 1.138011
v -0.222362 0.042387 1.139522
v -0.429862 0.041309 1.140642
v -0.014862 0.041309 1.140642
v -0.222362 0.039804 1.141528
v -0.429862 0.035123 1.144116
v -0.222362 0.036615 1.143240
v -0.014862 0.035123 1.144116
v -0.222362 0.034040 1.145225
v -0.429862 0.033637 1.146722
v -0.014862 0.033637 1.146722
v -0.222362 0.033643 1.148452
v -0.429862 0.034986 1.180291
v -0.222362 0.034866 1.177788
v -0.014862 0.034986 1.180291
v -0.222362 0.035197 1.182783
v -0.429862 0.035562 1.185257
v -0.014862 0.035562 1.185257
v -0.222362 0.036019 1.187721
v -0.771902 0.070612 -0.222822
v -0.833608 0.070509 -0.222288
v -0.844862 0.070612 -0.222822
v -0.833608 0.070812 -0.223291
v -0.777508 0.071173 -0.223650
v -0.844862 0.071173 -0.223650
v -0.842017 0.071631 -0.223944
v -0.019660 0.073611 -0.225635
v -0.017261 0.073718 -0.226168
v -0.014861 0.073611 -0.225635
v -0.017261 0.073409 -0.225168
v -0.019660 0.073047 -0.224810
v -0.014861 0.073047 -0.224810
v -0.017261 0.072590 -0.224516
v -0.429713 0.070612 -0.222822
v -0.626090 0.070509 -0.222288
v -0.626090 0.070812 -0.223291
v -0.429713 0.071173 -0.223650
v -0.634498 0.071631 -0.223944
v -0.844862 0.073612 -0.225635
v -0.842017 0.073718 -0.226168
v -0.839172 0.073612 -0.225635
v -0.842017 0.073409 -0.225168
v -0.844862 0.073047 -0.224810
v -0.839172 0.073047 -0.224810
v -0.842017 0.072590 -0.224516
v -0.429713 0.073612 -0.225635
v -0.224742 0.073718 -0.226168
v -0.224742 0.073409 -0.225168
v -0.429713 0.073047 -0.224810
v -0.224742 0.072590 -0.224516
v -0.014861 0.070612 -0.222822
v -0.025707 0.070509 -0.222288
v -0.087227 0.070612 -0.222822
v -0.025707 0.070811 -0.223291
v -0.014861 0.071173 -0.223650
v -0.081597 0.071173 -0.223650
v -0.017261 0.071631 -0.223944
v -0.014861 0.036346 0.208656
v -0.015860 0.037038 0.206238
v -0.016858 0.036346 0.208656
v -0.015860 0.035800 0.211099
v -0.014861 0.035499 0.213584
v -0.016858 0.035499 0.213584
v -0.015860 0.035343 0.216093
v -0.844862 0.035499 0.213584
v -0.843863 0.035343 0.216094
v -0.842865 0.035499 0.213584
v -0.843863 0.035801 0.211099
v -0.844862 0.036346 0.208656
v -0.842865 0.036346 0.208656
v -0.843863 0.037038 0.206238
v -0.014861 0.051154 0.151995
v -0.015860 0.050379 0.148475
v -0.016858 0.051154 0.151995
v -0.015860 0.051459 0.155504
v -0.014861 0.050977 0.158993
v -0.016858 0.050977 0.158993
v -0.015860 0.050025 0.162470
v -0.844862 0.050978 0.158993
v -0.843863 0.050025 0.162470
v -0.842865 0.050978 0.158993
v -0.843863 0.051459 0.155504
v -0.844862 0.051154 0.151995
v -0.842865 0.051154 0.151995
v -0.843863 0.050379 0.148475
v -0.014861 0.038678 0.097207
v -0.015860 0.038769 0.094801
v -0.016858 0.038679 0.097203
v -0.015860 0.038759 0.099593
v -0.014861 0.039126 0.101952
v -0.016858 0.039128 0.101956
v -0.015860 0.039666 0.104299
v -0.844862 0.039099 0.101846
v -0.843863 0.039611 0.104072
v -0.842865 0.039097 0.101835
v -0.843863 0.038748 0.099594
v -0.844862 0.038672 0.097316
v -0.842865 0.038671 0.097327
v -0.843863 0.038758 0.095034
v -0.014861 0.023436 0.444953
v -0.015860 0.023491 0.443430
v -0.016858 0.023436 0.444953
v -0.015860 0.023523 0.446455
v -0.014861 0.023850 0.447924
v -0.016858 0.023850 0.447924
v -0.015860 0.024320 0.449373
v -0.844862 0.023850 0.447924
v -0.843863 0.024320 0.449373
v -0.842865 0.023850 0.447924
v -0.843863 0.023524 0.446455
v -0.844862 0.023436 0.444953
v -0.842865 0.023436 0.444953
v -0.843863 0.023491 0.443430
v -0.014861 0.031819 0.471394
v -0.015860 0.031349 0.469948
v -0.016858 0.031819 0.471394
v -0.015860 0.032154 0.472861
v -0.014861 0.032262 0.474361
v -0.016858 0.032262 0.474361
v -0.015860 0.032236 0.475882
v -0.844862 0.032263 0.474361
v -0.843863 0.032236 0.475882
v -0.842865 0.032263 0.474361
v -0.843863 0.032154 0.472861
v -0.844862 0.031819 0.471394
v -0.842865 0.031819 0.471394
v -0.843863 0.031349 0.469948
v -0.014861 0.043797 1.138584
v -0.015860 0.043733 1.136839
v -0.016858 0.043797 1.138584
v -0.015860 0.043434 1.140095
v -0.014861 0.042356 1.141216
v -0.016858 0.042356 1.141216
v -0.015860 0.040850 1.142101
v -0.844862 0.042356 1.141216
v -0.843863 0.040851 1.142101
v -0.842865 0.042356 1.141216
v -0.843863 0.043434 1.140095
v -0.844862 0.043797 1.138584
v -0.842865 0.043797 1.138584
v -0.843863 0.043733 1.136839
v -0.844862 0.034662 1.147307
v -0.843863 0.034668 1.149036
v -0.842865 0.034662 1.147307
v -0.843863 0.035065 1.145809
v -0.844862 0.036148 1.144700
v -0.842865 0.036148 1.144700
v -0.843863 0.037640 1.143824
v -0.014861 0.036148 1.144700
v -0.015860 0.037640 1.143824
v -0.016858 0.036148 1.144700
v -0.015860 0.035065 1.145809
v -0.014861 0.034662 1.147307
v -0.016858 0.034662 1.147307
v -0.015860 0.034668 1.149036
v -0.014861 0.035982 1.180175
v -0.015860 0.035862 1.177672
v -0.016858 0.035982 1.180175
v -0.015860 0.036193 1.182667
v -0.014861 0.036558 1.185141
v -0.016858 0.036558 1.185141
v -0.015860 0.037015 1.187605
v -0.844862 0.036558 1.185141
v -0.843863 0.037015 1.187605
v -0.842865 0.036558 1.185141
v -0.843863 0.036193 1.182667
v -0.844862 0.035982 1.180175
v -0.842865 0.035982 1.180175
v -0.843863 0.035862 1.177672
v -0.844862 0.071527 -0.222203
v -0.843863 0.071424 -0.221669
v -0.842865 0.071527 -0.222203
v -0.843863 0.071726 -0.222672
v -0.844862 0.072087 -0.223031
v -0.842865 0.072087 -0.223031
v -0.843863 0.072545 -0.223325
v -0.014861 0.072087 -0.223031
v -0.015860 0.072545 -0.223325
v -0.016858 0.072087 -0.223031
v -0.015860 0.071726 -0.222672
v -0.014861 0.071526 -0.222203
v -0.016858 0.071526 -0.222203
v -0.015860 0.071424 -0.221669
v -0.014861 0.074521 -0.225014
v -0.015860 0.074628 -0.225546
v -0.016858 0.074521 -0.225014
v -0.015860 0.074319 -0.224546
v -0.014861 0.073957 -0.224188
v -0.016858 0.073957 -0.224188
v -0.015860 0.073500 -0.223895
v -0.844862 0.073957 -0.224188
v -0.843863 0.073500 -0.223895
v -0.842865 0.073957 -0.224188
v -0.843863 0.074319 -0.224546
v -0.844862 0.074521 -0.225014
v -0.842865 0.074521 -0.225014
v -0.843863 0.074628 -0.225546
v -0.014862 0.035348 0.208485
v -0.014861 0.036536 0.206152
v -0.014861 0.035303 0.211014
v -0.014862 0.034506 0.213414
v -0.014861 0.034847 0.216009
v -0.844862 0.034847 0.216009
v -0.844862 0.035303 0.211014
v -0.844862 0.036536 0.206152
v -0.014862 0.049990 0.151966
v -0.014861 0.049800 0.148460
v -0.014862 0.050875 0.155489
v -0.014862 0.049813 0.158964
v -0.014861 0.049446 0.162456
v -0.844862 0.049447 0.162456
v -0.844862 0.050875 0.155489
v -0.844862 0.049801 0.148460
v -0.014862 0.037671 0.097315
v -0.014861 0.038266 0.094867
v -0.014862 0.038255 0.099640
v -0.014862 0.038111 0.102032
v -0.014861 0.039153 0.104328
v -0.844862 0.039113 0.104162
v -0.844862 0.038247 0.099641
v -0.844862 0.038257 0.095037
v -0.014862 0.022427 0.445093
v -0.014861 0.022987 0.443501
v -0.014861 0.023019 0.446525
v -0.014862 0.022841 0.448064
v -0.014861 0.023816 0.449443
v -0.844862 0.023816 0.449443
v -0.844862 0.023019 0.446525
v -0.844862 0.022987 0.443501
v -0.014862 0.030814 0.471544
v -0.014861 0.030846 0.470023
v -0.014862 0.031651 0.472936
v -0.014862 0.031257 0.474512
v -0.014861 0.031733 0.475957
v -0.844862 0.031733 0.475957
v -0.844862 0.031651 0.472936
v -0.844862 0.030846 0.470023
v -0.014861 0.043210 1.136552
v -0.014862 0.042910 1.139809
v -0.014861 0.040327 1.141815
v -0.844862 0.041310 1.140642
v -0.844862 0.040327 1.141815
v -0.844862 0.042910 1.139809
v -0.844862 0.042751 1.138011
v -0.844862 0.043210 1.136552
v -0.844862 0.033637 1.146722
v -0.844862 0.034155 1.148744
v -0.844862 0.034552 1.145517
v -0.844862 0.035123 1.144116
v -0.844862 0.037127 1.143532
v -0.014861 0.037127 1.143532
v -0.014862 0.034552 1.145517
v -0.014861 0.034155 1.148744
v -0.014861 0.035364 1.177730
v -0.014862 0.035695 1.182725
v -0.014861 0.036517 1.187663
v -0.844862 0.035562 1.185257
v -0.844862 0.036517 1.187663
v -0.844862 0.035695 1.182725
v -0.844862 0.034986 1.180291
v -0.844862 0.035364 1.177730
v -0.844862 0.070967 -0.221978
v -0.844862 0.071269 -0.222981
v -0.844862 0.072088 -0.223635
v -0.014861 0.072088 -0.223635
v -0.014862 0.071269 -0.222981
v -0.014861 0.070967 -0.221978
v -0.014861 0.074173 -0.225857
v -0.014862 0.073864 -0.224857
v -0.014861 0.073045 -0.224206
v -0.844862 0.073045 -0.224206
v -0.844862 0.073864 -0.224857
v -0.844862 0.074173 -0.225857
v -0.219523 0.023311 0.449513
v -0.407142 0.022841 0.448064
v -0.219512 0.022515 0.446595
v -0.406883 0.022427 0.445093
v -0.219458 0.022482 0.443571
v -0.219282 0.034351 0.215924
v -0.405289 0.034506 0.213414
v -0.219296 0.034806 0.210929
v -0.405352 0.035348 0.208485
v -0.219298 0.036034 0.206066
v -0.222362 0.038635 0.104337
v -0.222362 0.037749 0.099687
v -0.222362 0.037760 0.094953
v -0.637362 0.042686 1.136266
v -0.637362 0.042387 1.139522
v -0.637362 0.039804 1.141528
v -0.637362 0.036615 1.143240
v -0.637362 0.034040 1.145225
v -0.637362 0.033643 1.148452
v -0.222362 0.031230 0.476032
v -0.222362 0.031148 0.473011
v -0.222362 0.030343 0.470098
v -0.637362 0.034866 1.177788
v -0.637362 0.035197 1.182783
v -0.637362 0.036019 1.187721
v -0.634498 0.073718 -0.226168
v -0.634498 0.073409 -0.225168
v -0.634498 0.072590 -0.224516
v -0.233188 0.070509 -0.222288
v -0.233188 0.070811 -0.223291
v -0.224742 0.071631 -0.223944
v -0.222362 0.048868 0.162441
v -0.222362 0.050290 0.155475
v -0.222362 0.049222 0.148445
v -0.563426 0.023311 0.449513
v -0.563178 0.022515 0.446595
v -0.561938 0.022482 0.443571
v -0.557895 0.034351 0.215924
v -0.558198 0.034806 0.210929
v -0.558259 0.036034 0.206066
v -0.428464 0.042166 0.185223
v -0.014861 0.042451 0.184254
v -0.014861 0.043532 0.184354
v -0.014861 0.028417 0.329747
v -0.390274 0.028385 0.330452
v -0.014861 0.029417 0.329762
v -0.678988 0.032261 0.256141
v -0.681223 0.024293 0.408830
v -0.844862 0.028417 0.329747
v -0.844862 0.042451 0.184254
v -0.844862 0.029417 0.329762
v -0.844862 0.043532 0.184354
v -0.014861 0.043932 0.126403
v -0.014861 0.045022 0.126384
v -0.429862 0.043925 0.126377
v -0.844862 0.043917 0.126343
v -0.844862 0.044996 0.126278
v -0.014862 0.040652 0.039439
v -0.014862 0.041654 0.039414
v -0.429862 0.040651 0.039467
v -0.844862 0.040649 0.039503
v -0.844862 0.041649 0.039528
v -0.014861 0.026827 0.459806
v -0.429243 0.026671 0.459348
v -0.014861 0.027834 0.459660
v -0.844862 0.026827 0.459806
v -0.844862 0.027834 0.459660
v -0.014862 0.026161 0.653642
v -0.429862 0.026161 0.653642
v -0.014862 0.027165 0.653566
v -0.844862 0.026161 0.653642
v -0.844862 0.027165 0.653566
v -0.014861 0.038209 1.142384
v -0.014861 0.039245 1.142963
v -0.429862 0.038209 1.142384
v -0.014862 0.031889 0.983759
v -0.429862 0.031889 0.983759
v -0.014862 0.032914 0.984044
v -0.844862 0.031889 0.983759
v -0.844862 0.038209 1.142384
v -0.844862 0.039245 1.142963
v -0.844862 0.032914 0.984045
v -0.844862 0.034254 1.163120
v -0.844862 0.035265 1.163354
v -0.429862 0.034254 1.163120
v -0.014861 0.034254 1.163120
v -0.014861 0.035265 1.163354
v -0.014861 0.037521 1.195550
v -0.429862 0.037521 1.195550
v -0.014861 0.038508 1.195389
v -0.844862 0.037521 1.195550
v -0.844862 0.038508 1.195389
v -0.844862 0.072110 -0.224230
v -0.844862 0.073023 -0.223610
v -0.839172 0.072110 -0.224230
v -0.844862 0.062923 -0.173700
v -0.429795 0.063646 -0.178263
v -0.844862 0.063874 -0.173315
v -0.014862 0.062923 -0.173700
v -0.014861 0.072110 -0.224230
v -0.014861 0.073022 -0.223610
v -0.019660 0.072110 -0.224230
v -0.014861 0.063874 -0.173315
v -0.014861 0.089177 -0.318558
v -0.019660 0.088981 -0.317381
v -0.014861 0.090126 -0.318164
v -0.844862 0.089178 -0.318558
v -0.839172 0.088981 -0.317381
v -0.844862 0.090126 -0.318164
v -0.530043 0.024455 0.405811
v -0.529666 0.032135 0.258944
v -0.429713 0.072110 -0.224230
v -0.016858 0.043531 0.184354
v -0.016858 0.029417 0.329762
v -0.842865 0.043532 0.184354
v -0.842865 0.029417 0.329762
v -0.016858 0.045023 0.126389
v -0.842865 0.044994 0.126268
v -0.016858 0.041655 0.039410
v -0.842865 0.041648 0.039539
v -0.016858 0.027834 0.459660
v -0.842865 0.027834 0.459660
v -0.016858 0.027165 0.653566
v -0.842865 0.027165 0.653566
v -0.016858 0.039245 1.142963
v -0.016858 0.032914 0.984045
v -0.842865 0.032914 0.984045
v -0.842865 0.039245 1.142963
v -0.842865 0.035265 1.163354
v -0.016858 0.035265 1.163354
v -0.016858 0.038508 1.195389
v -0.842865 0.038508 1.195389
v -0.842865 0.073023 -0.223610
v -0.842865 0.063874 -0.173315
v -0.016858 0.063874 -0.173315
v -0.016858 0.073022 -0.223610
v -0.016858 0.089953 -0.317134
v -0.842865 0.089953 -0.317134
v -0.222362 0.039093 1.203901
v -0.638483 0.049487 -0.070881
v -0.637362 0.038286 1.205454
v -0.678306 0.104480 -0.410011
v -0.843863 0.040117 1.203934
v -0.843863 0.050432 -0.070465
v -0.015860 0.050432 -0.070470
v -0.583670 0.028686 0.334867
v -0.635862 0.024006 0.423914
v -0.688653 0.028602 0.335832
v -0.636461 0.033282 0.246785
v -0.015860 0.040117 1.203934
v -0.015860 0.039198 1.205918
v -0.843863 0.039198 1.205918
v -0.180423 0.105230 -0.410848
v -0.844862 0.038742 1.205686
v -0.014861 0.038742 1.205686
v -0.014861 0.039605 1.203918
v -0.014862 0.049936 -0.070525
v -0.844862 0.049936 -0.070522
v -0.844862 0.039605 1.203918
v -0.230740 0.058517 1.410152
v -0.222363 0.036659 1.207368
v -0.224451 0.042200 1.277263
v -0.222389 0.035977 1.209169
v -0.844862 0.059012 1.410082
v -0.844862 0.037105 1.207614
v -0.014914 0.036483 1.209227
v -0.014863 0.037104 1.207616
v -0.844862 0.042697 1.277207
v -0.030948 0.059012 1.410083
v -0.018873 0.042697 1.277208
v -0.844862 0.036484 1.209226
v -0.843858 0.043249 1.277500
v -0.843862 0.036990 1.209282
v -0.843862 0.037551 1.207860
v -0.015863 0.037550 1.207864
v -0.019920 0.043249 1.277501
v -0.015914 0.036989 1.209285
v -0.196116 0.069277 1.475771
v -0.235799 0.069532 1.474844
v -0.635646 0.105132 -0.410865
v -0.637362 0.036659 1.207368
v -0.224702 0.104441 -0.409777
v -0.678939 0.069277 1.475771
v -0.637445 0.042200 1.277263
v -0.636946 0.069532 1.474844
v -0.637363 0.035977 1.209170
v -0.637362 0.039093 1.203901
v -0.221235 0.049487 -0.070883
v -0.637697 0.058517 1.410152
v -0.636613 0.105451 -0.409752
v -0.222362 0.038286 1.205454
v -0.844304 0.105130 -0.410865
v -0.223365 0.105450 -0.409752
v -0.033648 0.061510 1.423063
v -0.843726 0.061510 1.423063
v -0.768640 0.034506 0.213414
v -0.768815 0.035348 0.208485
v -0.637362 0.049813 0.158964
v -0.637362 0.049990 0.151966
v -0.637362 0.038100 0.101990
v -0.637362 0.037669 0.097359
v -0.773735 0.022841 0.448064
v -0.773023 0.022427 0.445093
v -0.637362 0.031257 0.474511
v -0.637362 0.030814 0.471544
v -0.222362 0.042751 1.138011
v -0.222362 0.041309 1.140642
v -0.222362 0.035123 1.144116
v -0.222362 0.033637 1.146722
v -0.222362 0.034986 1.180290
v -0.222362 0.035562 1.185257
v -0.833608 0.070612 -0.222822
v -0.835010 0.071173 -0.223650
v -0.017261 0.073611 -0.225635
v -0.017261 0.073047 -0.224810
v -0.626090 0.070612 -0.222822
v -0.627491 0.071173 -0.223650
v -0.842017 0.073612 -0.225635
v -0.842017 0.073047 -0.224810
v -0.224742 0.073612 -0.225635
v -0.224742 0.073047 -0.224810
v -0.025707 0.070612 -0.222822
v -0.024299 0.071173 -0.223650
v -0.015860 0.036346 0.208656
v -0.015860 0.035499 0.213584
v -0.843863 0.035499 0.213584
v -0.843863 0.036346 0.208656
v -0.015860 0.051154 0.151995
v -0.015860 0.050977 0.158993
v -0.843863 0.050978 0.158993
v -0.843863 0.051154 0.151995
v -0.015860 0.038678 0.097205
v -0.015860 0.039127 0.101954
v -0.843863 0.039098 0.101840
v -0.843863 0.038671 0.097322
v -0.015860 0.023436 0.444953
v -0.015860 0.023850 0.447924
v -0.843863 0.023850 0.447924
v -0.843863 0.023436 0.444953
v -0.015860 0.031819 0.471394
v -0.015860 0.032262 0.474361
v -0.843863 0.032263 0.474361
v -0.843863 0.031819 0.471394
v -0.015860 0.043797 1.138584
v -0.015860 0.042356 1.141216
v -0.843863 0.042356 1.141216
v -0.843863 0.043797 1.138584
v -0.843863 0.034662 1.147306
v -0.843863 0.036148 1.144700
v -0.015860 0.036148 1.144700
v -0.015860 0.034662 1.147306
v -0.015860 0.035982 1.180175
v -0.015860 0.036558 1.185141
v -0.843863 0.036558 1.185141
v -0.843863 0.035982 1.180175
v -0.843863 0.071527 -0.222203
v -0.843863 0.072087 -0.223031
v -0.015860 0.072087 -0.223031
v -0.015860 0.071526 -0.222203
v -0.015860 0.074521 -0.225014
v -0.015860 0.073957 -0.224188
v -0.843863 0.073957 -0.224188
v -0.843863 0.074521 -0.225014
v -0.014862 0.035847 0.208571
v -0.014862 0.035002 0.213499
v -0.844862 0.035003 0.213499
v -0.844862 0.035847 0.208571
v -0.014862 0.050572 0.151981
v -0.014862 0.050395 0.158978
v -0.844862 0.050395 0.158978
v -0.844862 0.050572 0.151981
v -0.014862 0.038175 0.097261
v -0.014862 0.038619 0.101992
v -0.844862 0.038598 0.101909
v -0.844862 0.038170 0.097347
v -0.014862 0.022931 0.445023
v -0.014862 0.023346 0.447994
v -0.844862 0.023346 0.447994
v -0.844862 0.022931 0.445023
v -0.014862 0.031316 0.471469
v -0.014862 0.031760 0.474436
v -0.844862 0.031760 0.474436
v -0.844862 0.031316 0.471469
v -0.014862 0.043274 1.138298
v -0.014862 0.041833 1.140929
v -0.844862 0.041833 1.140929
v -0.844862 0.043274 1.138298
v -0.844862 0.034150 1.147014
v -0.844862 0.035636 1.144408
v -0.014862 0.035635 1.144408
v -0.014862 0.034149 1.147014
v -0.014862 0.035483 1.180233
v -0.014861 0.036060 1.185199
v -0.844862 0.036060 1.185199
v -0.844862 0.035484 1.180233
v -0.844862 0.071069 -0.222513
v -0.844862 0.071630 -0.223341
v -0.014862 0.071630 -0.223341
v -0.014862 0.071069 -0.222513
v -0.014862 0.074066 -0.225324
v -0.014862 0.073502 -0.224499
v -0.844862 0.073502 -0.224499
v -0.844862 0.074067 -0.225324
v -0.219522 0.022841 0.448064
v -0.219489 0.022427 0.445093
v -0.219290 0.034506 0.213414
v -0.219298 0.035348 0.208485
v -0.222362 0.038108 0.102020
v -0.222362 0.037671 0.097328
v -0.637362 0.042751 1.138011
v -0.637362 0.041309 1.140642
v -0.637362 0.035123 1.144116
v -0.637362 0.033637 1.146722
v -0.222362 0.031257 0.474511
v -0.222362 0.030814 0.471544
v -0.637362 0.034986 1.180290
v -0.637362 0.035562 1.185257
v -0.634498 0.073612 -0.225635
v -0.634498 0.073047 -0.224810
v -0.233188 0.070612 -0.222822
v -0.231781 0.071173 -0.223650
v -0.222362 0.049813 0.158964
v -0.222362 0.049990 0.151966
v -0.563396 0.022841 0.448064
v -0.562651 0.022427 0.445093
v -0.558069 0.034506 0.213414
v -0.558251 0.035348 0.208485
v -0.222187 0.042415 0.184375
v -0.014861 0.042991 0.184304
v -0.217671 0.028413 0.329818
v -0.014861 0.028917 0.329755
v -0.744170 0.028313 0.331739
v -0.649025 0.041142 0.188703
v -0.844862 0.028917 0.329755
v -0.844862 0.042991 0.184304
v -0.014861 0.044477 0.126394
v -0.222362 0.043929 0.126391
v -0.637362 0.043922 0.126361
v -0.844862 0.044457 0.126311
v -0.014862 0.041153 0.039427
v -0.222362 0.040652 0.039452
v -0.637362 0.040650 0.039484
v -0.844862 0.041149 0.039516
v -0.222284 0.026808 0.459749
v -0.014861 0.027331 0.459733
v -0.651199 0.026110 0.457706
v -0.844862 0.027331 0.459733
v -0.222362 0.026161 0.653642
v -0.014862 0.026663 0.653604
v -0.637362 0.026161 0.653642
v -0.844862 0.026663 0.653604
v -0.014861 0.038727 1.142673
v -0.222362 0.038209 1.142384
v -0.222362 0.031889 0.983759
v -0.014862 0.032401 0.983902
v -0.637362 0.031889 0.983759
v -0.844862 0.038727 1.142673
v -0.844862 0.032402 0.983902
v -0.637362 0.038209 1.142384
v -0.844862 0.034760 1.163237
v -0.637362 0.034254 1.163120
v -0.222362 0.034254 1.163120
v -0.014861 0.034759 1.163237
v -0.222362 0.037521 1.195550
v -0.014861 0.038014 1.195470
v -0.844862 0.038014 1.195470
v -0.637362 0.037521 1.195550
v -0.844862 0.072566 -0.223920
v -0.842017 0.072110 -0.224230
v -0.677516 0.064530 -0.184043
v -0.844862 0.063399 -0.173508
v -0.182018 0.064530 -0.184043
v -0.014861 0.072566 -0.223920
v -0.017261 0.072110 -0.224230
v -0.014862 0.063399 -0.173508
v -0.017261 0.089079 -0.317969
v -0.014862 0.089652 -0.318361
v -0.842017 0.089079 -0.317969
v -0.844862 0.089652 -0.318361
v -0.602121 0.023161 0.430539
v -0.600458 0.033403 0.234475
v -0.634498 0.072110 -0.224230
v -0.224742 0.072110 -0.224230
v -0.015860 0.043532 0.184354
v -0.015860 0.029417 0.329762
v -0.843863 0.043532 0.184354
v -0.843863 0.029417 0.329762
v -0.015860 0.045023 0.126387
v -0.843863 0.044995 0.126273
v -0.015860 0.041655 0.039412
v -0.843863 0.041649 0.039533
v -0.015860 0.027834 0.459660
v -0.843863 0.027834 0.459660
v -0.015860 0.027165 0.653566
v -0.843863 0.027165 0.653566
v -0.015860 0.039245 1.142963
v -0.015860 0.032914 0.984044
v -0.843863 0.032914 0.984044
v -0.843863 0.039245 1.142963
v -0.843863 0.035265 1.163354
v -0.015860 0.035265 1.163354
v -0.015860 0.038508 1.195389
v -0.843863 0.038508 1.195389
v -0.843863 0.073023 -0.223610
v -0.843863 0.063874 -0.173315
v -0.015860 0.063874 -0.173315
v -0.015860 0.073022 -0.223610
v -0.016056 0.093156 -0.336276
v -0.843856 0.093156 -0.336276
v -0.505845 0.028298 0.332364
v -0.015112 0.104842 -0.410660
v -0.844612 0.104842 -0.410660
v -0.015129 0.039121 1.204664
v -0.844594 0.039121 1.204664
v -0.015110 0.025671 0.824402
v -0.844613 0.025671 0.824402
v -0.844613 0.044592 -0.015821
v -0.015110 0.044593 -0.015842
v -0.015111 0.056010 -0.123467
v -0.844612 0.056010 -0.123467
v -0.598122 0.031893 0.270192
v -0.597468 0.025092 0.399784
v -0.674419 0.025071 0.399986
v -0.674638 0.031787 0.271399
v -0.839173 0.104489 -0.408552
v -0.844609 0.039267 1.203339
v -0.015114 0.039267 1.203339
v -0.015111 0.037600 1.206646
v -0.844612 0.037600 1.206647
v -0.019660 0.104489 -0.408552
v -0.016858 0.105031 -0.408763
v -0.842865 0.105032 -0.408763
v -0.016858 0.039684 1.204722
v -0.842865 0.039684 1.204722
v -0.016858 0.026178 0.824467
v -0.842865 0.026178 0.824467
v -0.842865 0.045090 -0.015788
v -0.016858 0.045092 -0.015829
v -0.016858 0.056492 -0.123328
v -0.842865 0.056493 -0.123328
v -0.598092 0.032576 0.270206
v -0.597437 0.025772 0.399840
v -0.674449 0.025752 0.400042
v -0.674668 0.032473 0.271414
v -0.842865 0.039755 1.203216
v -0.016858 0.039755 1.203216
v -0.842863 0.037973 1.206980
v -0.015112 0.105335 -0.410577
v -0.844612 0.105335 -0.410577
v -0.015101 0.039673 1.204717
v -0.844622 0.039673 1.204717
v -0.015113 0.026180 0.824467
v -0.844610 0.026180 0.824467
v -0.844611 0.045091 -0.015791
v -0.015113 0.045093 -0.015827
v -0.015112 0.056493 -0.123328
v -0.844611 0.056493 -0.123328
v -0.844613 0.039753 1.203216
v -0.015110 0.039753 1.203216
v -0.844612 0.037973 1.206980
v -0.039336 0.068882 1.475577
v -0.844611 0.068889 1.475579
v -0.844622 0.036382 1.208353
v -0.015120 0.036383 1.208347
v -0.844613 0.049696 1.344010
v -0.024193 0.049692 1.343988
v -0.015212 0.036295 1.210053
v -0.844612 0.036297 1.210067
v -0.039335 0.069387 1.475496
v -0.844612 0.069382 1.475500
v -0.844591 0.036897 1.208490
v -0.015149 0.036899 1.208487
v -0.015111 0.037973 1.206980
v -0.844614 0.050214 1.343941
v -0.024191 0.050211 1.343921
v -0.015213 0.036793 1.209991
v -0.844611 0.036795 1.210006
v -0.842860 0.069149 1.474018
v -0.842862 0.036882 1.208484
v -0.842884 0.050146 1.343655
v -0.842863 0.036793 1.210006
v -0.040893 0.069149 1.474018
v -0.016878 0.036880 1.208491
v -0.016860 0.037973 1.206981
v -0.025882 0.050146 1.343658
v -0.016961 0.036793 1.210006
v -0.433870 0.069383 1.475502
v -0.429713 0.104489 -0.408552
v -0.433903 0.068889 1.475579
v -0.429862 0.105031 -0.408763
v -0.429864 0.036370 1.208348
v -0.429862 0.025669 0.824402
v -0.431375 0.049695 1.344010
v -0.429663 0.104842 -0.410660
v -0.429879 0.036296 1.210067
v -0.433867 0.069149 1.474018
v -0.429862 0.044592 -0.015833
v -0.429862 0.039269 1.203338
v -0.429862 0.039134 1.204671
v -0.429862 0.037600 1.206647
v -0.429842 0.056349 -0.125615
v -0.430019 0.105335 -0.410577
v -0.843825 0.105335 -0.410577
v -0.843667 0.104842 -0.410660
v -0.016840 0.105335 -0.410577
v -0.040578 0.069383 1.475501
v -0.843196 0.069383 1.475501
v -0.015111 0.034601 0.215938
v -0.015111 0.036274 0.206136
v -0.015108 0.035057 0.210972
v -0.844612 0.034601 0.215938
v -0.844612 0.036274 0.206136
v -0.844615 0.035057 0.210972
v -0.015112 0.049108 0.162509
v -0.015112 0.049465 0.148390
v -0.015122 0.050532 0.155481
v -0.844611 0.049108 0.162509
v -0.844611 0.049465 0.148390
v -0.844601 0.050533 0.155481
v -0.015111 0.038885 0.104304
v -0.015111 0.038012 0.094939
v -0.015107 0.038004 0.099663
v -0.844612 0.038857 0.104185
v -0.844612 0.038006 0.095062
v -0.844616 0.037998 0.099664
v -0.015111 0.023549 0.449434
v -0.015111 0.022733 0.443582
v -0.015106 0.022769 0.446560
v -0.844612 0.023549 0.449434
v -0.844612 0.022733 0.443582
v -0.844617 0.022769 0.446560
v -0.015112 0.031480 0.476038
v -0.015112 0.030580 0.470019
v -0.015118 0.031390 0.472975
v -0.844611 0.031480 0.476038
v -0.844611 0.030580 0.470019
v -0.844605 0.031390 0.472975
v -0.015113 0.042935 1.136252
v -0.015113 0.039926 1.141744
v -0.015146 0.042593 1.139635
v -0.844610 0.042935 1.136252
v -0.844610 0.039926 1.141744
v -0.844577 0.042593 1.139635
v -0.844613 0.036738 1.143459
v -0.844613 0.033894 1.148446
v -0.844624 0.034278 1.145361
v -0.015110 0.036738 1.143459
v -0.015110 0.033894 1.148446
v -0.015099 0.034278 1.145361
v -0.015111 0.035116 1.177776
v -0.015111 0.036265 1.187675
v -0.015109 0.035448 1.182754
v -0.844612 0.035116 1.177776
v -0.844612 0.036265 1.187675
v -0.844614 0.035448 1.182754
v -0.844613 0.070757 -0.222245
v -0.844613 0.071763 -0.223730
v -0.844622 0.071033 -0.223141
v -0.015110 0.071763 -0.223730
v -0.015110 0.070757 -0.222245
v -0.015101 0.071033 -0.223141
v -0.015113 0.073963 -0.226123
v -0.015113 0.072721 -0.224305
v -0.015133 0.073605 -0.225034
v -0.844610 0.072721 -0.224305
v -0.844610 0.073963 -0.226123
v -0.844590 0.073606 -0.225034
v -0.684858 0.023549 0.449434
v -0.682786 0.022732 0.443582
v -0.684512 0.022763 0.446561
v -0.677667 0.036274 0.206136
v -0.677161 0.034600 0.215938
v -0.677583 0.035053 0.210971
v -0.839172 0.071762 -0.223731
v -0.771902 0.070756 -0.222245
v -0.771902 0.071023 -0.223148
v -0.839172 0.073964 -0.226123
v -0.839172 0.072722 -0.224304
v -0.839172 0.073619 -0.225024
v -0.019660 0.072722 -0.224304
v -0.019660 0.073964 -0.226123
v -0.019660 0.073619 -0.225024
v -0.087227 0.070756 -0.222245
v -0.019660 0.071762 -0.223731
v -0.087227 0.071022 -0.223148
v -0.016858 0.035094 0.216079
v -0.016858 0.036798 0.206168
v -0.016858 0.035554 0.211057
v -0.842865 0.036798 0.206168
v -0.842865 0.035094 0.216079
v -0.842865 0.035554 0.211057
v -0.016858 0.049785 0.162402
v -0.016858 0.050135 0.148531
v -0.016858 0.051207 0.155498
v -0.842865 0.050135 0.148531
v -0.842865 0.049785 0.162402
v -0.842865 0.051207 0.155498
v -0.016858 0.039424 0.104360
v -0.016858 0.038520 0.094785
v -0.016858 0.038510 0.099616
v -0.842865 0.038508 0.095034
v -0.842865 0.039366 0.104119
v -0.842865 0.038499 0.099617
v -0.016858 0.024083 0.449452
v -0.016858 0.023241 0.443419
v -0.016858 0.023275 0.446489
v -0.842865 0.023242 0.443419
v -0.842865 0.024083 0.449452
v -0.842865 0.023275 0.446489
v -0.016858 0.031986 0.475876
v -0.016858 0.031111 0.470027
v -0.016858 0.031906 0.472898
v -0.842865 0.031111 0.470027
v -0.842865 0.031986 0.475876
v -0.842865 0.031906 0.472898
v -0.016858 0.040728 1.141883
v -0.016858 0.043483 1.136852
v -0.016858 0.043206 1.139971
v -0.842865 0.043483 1.136852
v -0.842865 0.040728 1.141883
v -0.842865 0.043206 1.139971
v -0.842865 0.037517 1.143606
v -0.842865 0.034418 1.149042
v -0.842865 0.034840 1.145681
v -0.016858 0.034418 1.149042
v -0.016858 0.037517 1.143606
v -0.016858 0.034840 1.145681
v -0.016858 0.036769 1.187652
v -0.016858 0.035612 1.177683
v -0.016858 0.035945 1.182696
v -0.842865 0.035612 1.177683
v -0.842865 0.036770 1.187652
v -0.842865 0.035945 1.182696
v -0.842865 0.072413 -0.223538
v -0.842865 0.071178 -0.221712
v -0.842865 0.071515 -0.222815
v -0.016858 0.071177 -0.221712
v -0.016858 0.072413 -0.223538
v -0.016858 0.071515 -0.222815
v -0.016858 0.073368 -0.224107
v -0.016858 0.074382 -0.225591
v -0.016858 0.074109 -0.224690
v -0.842865 0.074382 -0.225591
v -0.842865 0.073369 -0.224107
v -0.842865 0.074109 -0.224690
v -0.015112 0.035094 0.216079
v -0.015112 0.036798 0.206168
v -0.015116 0.035558 0.211057
v -0.844611 0.036798 0.206168
v -0.844611 0.035094 0.216079
v -0.844607 0.035558 0.211057
v -0.015111 0.049784 0.162401
v -0.015111 0.050134 0.148531
v -0.015104 0.051199 0.155498
v -0.844612 0.050134 0.148531
v -0.844612 0.049784 0.162401
v -0.844619 0.051199 0.155498
v -0.015112 0.039422 0.104351
v -0.015112 0.038520 0.094795
v -0.015117 0.038515 0.099616
v -0.844611 0.038509 0.095013
v -0.844611 0.039371 0.104139
v -0.844606 0.038505 0.099617
v -0.015112 0.024083 0.449451
v -0.015112 0.023242 0.443419
v -0.015119 0.023281 0.446488
v -0.844611 0.023242 0.443419
v -0.844611 0.024083 0.449452
v -0.844604 0.023282 0.446488
v -0.015111 0.031985 0.475876
v -0.015111 0.031111 0.470027
v -0.015106 0.031900 0.472899
v -0.844612 0.031111 0.470027
v -0.844612 0.031985 0.475876
v -0.844617 0.031900 0.472899
v -0.015110 0.040727 1.141882
v -0.015110 0.043482 1.136853
v -0.015099 0.043192 1.139963
v -0.844613 0.043482 1.136853
v -0.844613 0.040727 1.141882
v -0.844624 0.043192 1.139963
v -0.844610 0.037518 1.143608
v -0.844610 0.034419 1.149042
v -0.844579 0.034860 1.145693
v -0.015113 0.034419 1.149042
v -0.015113 0.037518 1.143608
v -0.015144 0.034860 1.145693
v -0.015112 0.036770 1.187652
v -0.015112 0.035612 1.177683
v -0.015114 0.035947 1.182696
v -0.844611 0.035612 1.177683
v -0.844611 0.036770 1.187652
v -0.844609 0.035947 1.182696
v -0.844610 0.072414 -0.223537
v -0.844610 0.071179 -0.221711
v -0.844590 0.071529 -0.222805
v -0.015113 0.071179 -0.221711
v -0.015113 0.072414 -0.223537
v -0.015134 0.071529 -0.222805
v -0.015110 0.073368 -0.224109
v -0.015110 0.074381 -0.225592
v -0.015101 0.074098 -0.224697
v -0.844613 0.074381 -0.225592
v -0.844613 0.073368 -0.224109
v -0.844622 0.074098 -0.224697
v -0.407152 0.023549 0.449434
v -0.406635 0.022732 0.443582
v -0.407066 0.022763 0.446561
v -0.405228 0.034600 0.215938
v -0.405355 0.036274 0.206136
v -0.405334 0.035053 0.210971
v -0.429862 0.038009 0.094992
v -0.429862 0.038872 0.104253
v -0.429862 0.037997 0.099664
v -0.429862 0.039926 1.141746
v -0.429862 0.042936 1.136252
v -0.429862 0.042614 1.139647
v -0.429862 0.033892 1.148446
v -0.429862 0.036737 1.143458
v -0.429862 0.034264 1.145353
v -0.429862 0.030580 0.470019
v -0.429862 0.031480 0.476038
v -0.429862 0.031396 0.472974
v -0.429862 0.036265 1.187675
v -0.429862 0.035116 1.177776
v -0.429862 0.035446 1.182754
v -0.429713 0.072722 -0.224304
v -0.429713 0.073964 -0.226123
v -0.429713 0.073619 -0.225024
v -0.429713 0.071762 -0.223731
v -0.429713 0.070756 -0.222245
v -0.429713 0.071023 -0.223148
v -0.429862 0.049466 0.148390
v -0.429862 0.049109 0.162509
v -0.429862 0.050542 0.155481
v -0.844588 0.039329 1.203918
v -0.222362 0.039134 1.204671
v -0.222362 0.025669 0.824402
v -0.844613 0.049689 -0.070552
v -0.637362 0.044592 -0.015828
v -0.015110 0.049689 -0.070554
v -0.213350 0.056392 -0.125883
v -0.583433 0.028463 0.334854
v -0.635861 0.023820 0.424150
v -0.688890 0.028378 0.335821
v -0.636464 0.033139 0.246535
v -0.842017 0.104686 -0.409729
v -0.015135 0.039329 1.203918
v -0.637362 0.039269 1.203338
v -0.222362 0.037600 1.206647
v -0.015116 0.038481 1.205604
v -0.844607 0.038482 1.205604
v -0.224742 0.104489 -0.408552
v -0.844264 0.104842 -0.410660
v -0.017261 0.104686 -0.409729
v -0.842865 0.039862 1.203925
v -0.842865 0.050183 -0.070491
v -0.016858 0.050184 -0.070496
v -0.583414 0.029186 0.334891
v -0.635861 0.024490 0.424235
v -0.688909 0.029101 0.335859
v -0.636464 0.033796 0.246515
v -0.016858 0.039862 1.203925
v -0.842864 0.038997 1.205768
v -0.636364 0.105032 -0.408763
v -0.015860 0.039684 1.204722
v -0.843863 0.039684 1.204722
v -0.015860 0.026178 0.824467
v -0.843863 0.026178 0.824467
v -0.843863 0.045090 -0.015789
v -0.015860 0.045092 -0.015828
v -0.015860 0.056492 -0.123328
v -0.843863 0.056493 -0.123328
v -0.598092 0.032077 0.270180
v -0.597437 0.025273 0.399814
v -0.674449 0.025253 0.400016
v -0.674668 0.031974 0.271388
v -0.843863 0.039755 1.203216
v -0.015860 0.039755 1.203216
v -0.843862 0.037973 1.206980
v -0.015111 0.105088 -0.410618
v -0.844612 0.105089 -0.410618
v -0.015111 0.039411 1.204691
v -0.844612 0.039412 1.204691
v -0.015112 0.025924 0.824434
v -0.844612 0.025924 0.824434
v -0.844612 0.044841 -0.015806
v -0.015112 0.044842 -0.015835
v -0.015112 0.056250 -0.123398
v -0.844612 0.056251 -0.123397
v -0.844612 0.039512 1.203276
v -0.015111 0.039512 1.203276
v -0.844612 0.037787 1.206814
v -0.015851 0.105335 -0.410577
v -0.844616 0.038993 1.205766
v -0.015101 0.039850 1.203925
v -0.015113 0.050185 -0.070496
v -0.844611 0.050185 -0.070491
v -0.844622 0.039850 1.203925
v -0.844612 0.058765 1.410116
v -0.015156 0.036238 1.209171
v -0.844612 0.042449 1.277238
v -0.031196 0.058760 1.410088
v -0.019123 0.042447 1.277222
v -0.844619 0.036238 1.209181
v -0.844595 0.059272 1.410046
v -0.015178 0.036750 1.209257
v -0.015121 0.037353 1.207720
v -0.844612 0.042956 1.277174
v -0.031212 0.059267 1.410017
v -0.019122 0.042954 1.277158
v -0.844599 0.036749 1.209269
v -0.039333 0.069136 1.475540
v -0.844611 0.069136 1.475540
v -0.844612 0.036626 1.208418
v -0.015128 0.036627 1.208413
v -0.844611 0.049943 1.343978
v -0.024192 0.049940 1.343956
v -0.015213 0.036543 1.210022
v -0.844611 0.036544 1.210037
v -0.842898 0.059117 1.409146
v -0.842871 0.042939 1.277139
v -0.842862 0.036738 1.209268
v -0.843862 0.036793 1.210006
v -0.843836 0.050630 1.346741
v -0.843862 0.036882 1.208484
v -0.016914 0.036737 1.209273
v -0.016862 0.037346 1.207718
v -0.032791 0.059118 1.409152
v -0.020857 0.042939 1.277141
v -0.015878 0.036880 1.208490
v -0.015860 0.037973 1.206981
v -0.025312 0.050631 1.346743
v -0.015963 0.036792 1.210006
v -0.637867 0.068889 1.475579
v -0.222370 0.036370 1.208348
v -0.227092 0.049695 1.344010
v -0.222415 0.036296 1.210067
v -0.235877 0.069149 1.474018
v -0.844030 0.069383 1.475501
v -0.016859 0.038997 1.205768
v -0.015111 0.037787 1.206813
v -0.015107 0.038993 1.205766
v -0.844617 0.036869 1.207517
v -0.015109 0.036869 1.207515
v -0.844604 0.037353 1.207717
v -0.842862 0.037348 1.207713
v -0.235721 0.069383 1.475501
v -0.634499 0.104489 -0.408552
v -0.234992 0.068889 1.475579
v -0.223360 0.105031 -0.408763
v -0.637362 0.036370 1.208348
v -0.637362 0.025669 0.824402
v -0.637551 0.049695 1.344010
v -0.222337 0.104842 -0.410660
v -0.637364 0.036296 1.210067
v -0.636862 0.069149 1.474018
v -0.222362 0.044592 -0.015838
v -0.222362 0.039269 1.203338
v -0.637362 0.039134 1.204671
v -0.637362 0.037600 1.206647
v -0.646329 0.056392 -0.125883
v -0.636863 0.105335 -0.410577
v -0.420596 0.105110 -0.410615
v -0.429862 0.036863 1.207514
v -0.438987 0.104695 -0.409782
v -0.434428 0.069179 1.475533
v -0.430530 0.042448 1.277238
v -0.433868 0.069285 1.474883
v -0.429871 0.036229 1.209181
v -0.429862 0.039347 1.203919
v -0.429859 0.049730 -0.070822
v -0.432543 0.058764 1.410116
v -0.429940 0.105204 -0.409793
v -0.429862 0.038485 1.205607
v -0.844344 0.105335 -0.410577
v -0.636739 0.104842 -0.410660
v -0.843345 0.105204 -0.409793
v -0.843746 0.105089 -0.410618
v -0.223370 0.105335 -0.410577
v -0.016849 0.105204 -0.409793
v -0.039844 0.069383 1.475501
v -0.040735 0.069285 1.474883
v -0.637030 0.069383 1.475501
v -0.843029 0.069285 1.474883
v -0.677404 0.034755 0.213437
v -0.768474 0.034600 0.215938
v -0.844614 0.034757 0.213437
v -0.768764 0.035053 0.210971
v -0.677657 0.035590 0.208547
v -0.844614 0.035592 0.208547
v -0.768822 0.036274 0.206136
v -0.429862 0.050058 0.159014
v -0.637362 0.049109 0.162509
v -0.844606 0.050053 0.159013
v -0.637362 0.050542 0.155481
v -0.429862 0.050237 0.151928
v -0.844606 0.050232 0.151929
v -0.637362 0.049466 0.148390
v -0.429862 0.038350 0.101959
v -0.637362 0.038865 0.104220
v -0.844614 0.038344 0.101925
v -0.637362 0.037996 0.099664
v -0.429862 0.037920 0.097343
v -0.844614 0.037921 0.097378
v -0.637362 0.038007 0.095026
v -0.684814 0.023083 0.447999
v -0.773765 0.023549 0.449434
v -0.844615 0.023086 0.447998
v -0.773528 0.022763 0.446561
v -0.683779 0.022677 0.445090
v -0.844615 0.022681 0.445090
v -0.772341 0.022732 0.443582
v -0.429862 0.031507 0.474505
v -0.637362 0.031480 0.476038
v -0.844608 0.031504 0.474505
v -0.637362 0.031396 0.472974
v -0.429862 0.031055 0.471478
v -0.844608 0.031051 0.471479
v -0.637362 0.030580 0.470019
v -0.429862 0.043002 1.138036
v -0.222362 0.042936 1.136252
v -0.015126 0.042990 1.138035
v -0.222362 0.042614 1.139647
v -0.429862 0.041466 1.140840
v -0.015126 0.041459 1.140831
v -0.222362 0.039926 1.141746
v -0.429862 0.035278 1.144314
v -0.222362 0.036737 1.143458
v -0.015103 0.035284 1.144322
v -0.222362 0.034264 1.145353
v -0.429862 0.033887 1.146754
v -0.015103 0.033896 1.146756
v -0.222362 0.033892 1.148446
v -0.429862 0.035235 1.180274
v -0.222362 0.035116 1.177776
v -0.015110 0.035236 1.180274
v -0.222362 0.035446 1.182754
v -0.429862 0.035809 1.185216
v -0.015110 0.035810 1.185216
v -0.222362 0.036265 1.187675
v -0.771902 0.070853 -0.222749
v -0.833608 0.070756 -0.222245
v -0.844618 0.070860 -0.222746
v -0.833608 0.071023 -0.223148
v -0.777508 0.071330 -0.223454
v -0.844618 0.071335 -0.223448
v -0.842017 0.071762 -0.223731
v -0.019660 0.073851 -0.225560
v -0.017261 0.073964 -0.226123
v -0.015122 0.073843 -0.225563
v -0.017261 0.073619 -0.225024
v -0.019660 0.073205 -0.224613
v -0.015122 0.073199 -0.224620
v -0.017261 0.072722 -0.224304
v -0.429713 0.070853 -0.222749
v -0.626090 0.070756 -0.222245
v -0.626090 0.071023 -0.223148
v -0.429713 0.071330 -0.223454
v -0.634498 0.071762 -0.223731
v -0.844601 0.073843 -0.225563
v -0.842017 0.073964 -0.226123
v -0.839172 0.073851 -0.225560
v -0.842017 0.073619 -0.225024
v -0.844601 0.073199 -0.224620
v -0.839172 0.073205 -0.224613
v -0.842017 0.072722 -0.224304
v -0.429713 0.073851 -0.225560
v -0.224742 0.073964 -0.226123
v -0.224742 0.073619 -0.225024
v -0.429713 0.073205 -0.224613
v -0.224742 0.072722 -0.224304
v -0.015105 0.070860 -0.222746
v -0.025707 0.070756 -0.222245
v -0.087227 0.070853 -0.222749
v -0.025707 0.071022 -0.223148
v -0.015105 0.071335 -0.223448
v -0.081597 0.071330 -0.223454
v -0.017261 0.071762 -0.223731
v -0.015114 0.036106 0.208595
v -0.015860 0.036798 0.206168
v -0.016858 0.036104 0.208594
v -0.015860 0.035554 0.211057
v -0.015114 0.035252 0.213561
v -0.016858 0.035250 0.213561
v -0.015860 0.035094 0.216079
v -0.844609 0.035252 0.213561
v -0.843863 0.035094 0.216079
v -0.842865 0.035250 0.213561
v -0.843863 0.035554 0.211057
v -0.844609 0.036106 0.208595
v -0.842865 0.036104 0.208594
v -0.843863 0.036798 0.206168
v -0.015107 0.050902 0.152034
v -0.015860 0.050135 0.148531
v -0.016858 0.050907 0.152033
v -0.015860 0.051207 0.155498
v -0.015107 0.050727 0.158942
v -0.016858 0.050732 0.158943
v -0.015860 0.049785 0.162402
v -0.844616 0.050727 0.158942
v -0.843863 0.049785 0.162402
v -0.842865 0.050732 0.158943
v -0.843863 0.051207 0.155498
v -0.844616 0.050902 0.152034
v -0.842865 0.050907 0.152033
v -0.843863 0.050135 0.148531
v -0.015115 0.038431 0.097207
v -0.015860 0.038520 0.094790
v -0.016858 0.038429 0.097202
v -0.015860 0.038510 0.099616
v -0.015115 0.038884 0.101998
v -0.016858 0.038882 0.102003
v -0.015860 0.039423 0.104356
v -0.844609 0.038857 0.101892
v -0.843863 0.039368 0.104129
v -0.842865 0.038851 0.101882
v -0.843863 0.038499 0.099617
v -0.844609 0.038424 0.097316
v -0.842865 0.038421 0.097327
v -0.843863 0.038508 0.095023
v -0.015116 0.023189 0.444955
v -0.015860 0.023241 0.443419
v -0.016858 0.023185 0.444955
v -0.015860 0.023275 0.446489
v -0.015116 0.023612 0.447989
v -0.016858 0.023609 0.447990
v -0.015860 0.024083 0.449452
v -0.844607 0.023612 0.447989
v -0.843863 0.024083 0.449452
v -0.842865 0.023609 0.447990
v -0.843863 0.023275 0.446489
v -0.844607 0.023189 0.444955
v -0.842865 0.023185 0.444955
v -0.843863 0.023242 0.443419
v -0.015108 0.031574 0.471462
v -0.015860 0.031111 0.470027
v -0.016858 0.031578 0.471461
v -0.015860 0.031906 0.472898
v -0.015108 0.032009 0.474368
v -0.016858 0.032012 0.474368
v -0.015860 0.031986 0.475876
v -0.844615 0.032009 0.474368
v -0.843863 0.031986 0.475876
v -0.842865 0.032012 0.474368
v -0.843863 0.031906 0.472898
v -0.844615 0.031574 0.471462
v -0.842865 0.031578 0.471461
v -0.843863 0.031111 0.470027
v -0.015103 0.043536 1.138558
v -0.015860 0.043483 1.136852
v -0.016858 0.043546 1.138559
v -0.015860 0.043206 1.139971
v -0.015103 0.042194 1.141010
v -0.016858 0.042200 1.141017
v -0.015860 0.040728 1.141883
v -0.844620 0.042194 1.141010
v -0.843863 0.040728 1.141883
v -0.842865 0.042200 1.141017
v -0.843863 0.043206 1.139971
v -0.844620 0.043537 1.138558
v -0.842865 0.043546 1.138559
v -0.843863 0.043483 1.136852
v -0.844598 0.034423 1.147275
v -0.843863 0.034418 1.149042
v -0.842865 0.034412 1.147274
v -0.843863 0.034840 1.145681
v -0.844598 0.036000 1.144511
v -0.842865 0.035993 1.144502
v -0.843863 0.037517 1.143606
v -0.015125 0.036000 1.144511
v -0.015860 0.037517 1.143606
v -0.016858 0.035993 1.144502
v -0.015860 0.034840 1.145681
v -0.015125 0.034423 1.147275
v -0.016858 0.034412 1.147274
v -0.015860 0.034418 1.149042
v -0.015113 0.035734 1.180191
v -0.015860 0.035612 1.177683
v -0.016858 0.035732 1.180192
v -0.015860 0.035945 1.182696
v -0.015113 0.036313 1.185182
v -0.016858 0.036312 1.185182
v -0.015860 0.036769 1.187652
v -0.844610 0.036313 1.185182
v -0.843863 0.036770 1.187652
v -0.842865 0.036312 1.185182
v -0.843863 0.035945 1.182696
v -0.844610 0.035734 1.180191
v -0.842865 0.035732 1.180192
v -0.843863 0.035612 1.177683
v -0.844601 0.071295 -0.222274
v -0.843863 0.071178 -0.221712
v -0.842865 0.071286 -0.222277
v -0.843863 0.071515 -0.222815
v -0.844601 0.071935 -0.223220
v -0.842865 0.071930 -0.223227
v -0.843863 0.072413 -0.223538
v -0.015122 0.071935 -0.223220
v -0.015860 0.072413 -0.223538
v -0.016858 0.071930 -0.223227
v -0.015860 0.071515 -0.222815
v -0.015122 0.071295 -0.222274
v -0.016858 0.071286 -0.222276
v -0.015860 0.071177 -0.221712
v -0.015105 0.074274 -0.225091
v -0.015860 0.074382 -0.225591
v -0.016858 0.074281 -0.225089
v -0.015860 0.074109 -0.224690
v -0.015105 0.073795 -0.224390
v -0.016858 0.073800 -0.224384
v -0.015860 0.073368 -0.224107
v -0.844618 0.073795 -0.224390
v -0.843863 0.073369 -0.224107
v -0.842865 0.073800 -0.224384
v -0.843863 0.074109 -0.224690
v -0.844618 0.074274 -0.225091
v -0.842865 0.074281 -0.225089
v -0.843863 0.074382 -0.225591
v -0.015109 0.035592 0.208547
v -0.015111 0.036536 0.206152
v -0.015111 0.035303 0.211014
v -0.015109 0.034757 0.213437
v -0.015111 0.034847 0.216009
v -0.844612 0.034847 0.216009
v -0.844612 0.035303 0.211014
v -0.844612 0.036536 0.206152
v -0.015117 0.050232 0.151929
v -0.015112 0.049800 0.148460
v -0.015112 0.050875 0.155489
v -0.015117 0.050053 0.159013
v -0.015112 0.049446 0.162456
v -0.844612 0.049447 0.162456
v -0.844612 0.050875 0.155489
v -0.844612 0.049801 0.148460
v -0.015109 0.037924 0.097316
v -0.015112 0.038266 0.094867
v -0.015112 0.038255 0.099640
v -0.015109 0.038360 0.101985
v -0.015112 0.039153 0.104328
v -0.844612 0.039113 0.104162
v -0.844612 0.038247 0.099641
v -0.844612 0.038257 0.095037
v -0.015108 0.022681 0.445090
v -0.015111 0.022987 0.443501
v -0.015111 0.023019 0.446525
v -0.015108 0.023086 0.447998
v -0.015111 0.023816 0.449443
v -0.844612 0.023816 0.449443
v -0.844612 0.023019 0.446525
v -0.844612 0.022987 0.443501
v -0.015115 0.031051 0.471479
v -0.015112 0.030846 0.470023
v -0.015112 0.031651 0.472936
v -0.015115 0.031504 0.474505
v -0.015112 0.031733 0.475957
v -0.844612 0.031733 0.475957
v -0.844612 0.031651 0.472936
v -0.844612 0.030846 0.470023
v -0.015112 0.043210 1.136552
v -0.015112 0.042910 1.139809
v -0.015112 0.040327 1.141815
v -0.844598 0.041459 1.140831
v -0.844612 0.040327 1.141815
v -0.844612 0.042910 1.139809
v -0.844598 0.042990 1.138035
v -0.844612 0.043210 1.136552
v -0.844620 0.033897 1.146756
v -0.844612 0.034155 1.148744
v -0.844612 0.034552 1.145517
v -0.844620 0.035284 1.144322
v -0.844612 0.037127 1.143532
v -0.015112 0.037127 1.143532
v -0.015112 0.034552 1.145517
v -0.015112 0.034155 1.148744
v -0.015112 0.035364 1.177730
v -0.015112 0.035695 1.182725
v -0.015111 0.036517 1.187663
v -0.844613 0.035810 1.185216
v -0.844612 0.036517 1.187663
v -0.844612 0.035695 1.182725
v -0.844613 0.035236 1.180274
v -0.844612 0.035364 1.177730
v -0.844612 0.070967 -0.221978
v -0.844612 0.071269 -0.222981
v -0.844612 0.072088 -0.223635
v -0.015112 0.072088 -0.223635
v -0.015112 0.071269 -0.222981
v -0.015112 0.070967 -0.221978
v -0.015112 0.074173 -0.225857
v -0.015112 0.073864 -0.224857
v -0.015112 0.073045 -0.224206
v -0.844612 0.073045 -0.224206
v -0.844612 0.073864 -0.224857
v -0.844612 0.074173 -0.225857
v -0.219523 0.023549 0.449434
v -0.407142 0.023083 0.447999
v -0.219512 0.022763 0.446561
v -0.406883 0.022677 0.445090
v -0.219458 0.022732 0.443582
v -0.219282 0.034600 0.215938
v -0.405289 0.034755 0.213437
v -0.219296 0.035053 0.210971
v -0.405352 0.035590 0.208547
v -0.219298 0.036274 0.206136
v -0.222362 0.038879 0.104280
v -0.222362 0.037998 0.099664
v -0.222362 0.038010 0.094964
v -0.637362 0.042936 1.136252
v -0.637362 0.042614 1.139647
v -0.637362 0.039926 1.141746
v -0.637362 0.036737 1.143458
v -0.637362 0.034264 1.145353
v -0.637362 0.033892 1.148446
v -0.222362 0.031480 0.476038
v -0.222362 0.031396 0.472974
v -0.222362 0.030580 0.470019
v -0.637362 0.035116 1.177776
v -0.637362 0.035446 1.182754
v -0.637362 0.036265 1.187675
v -0.634498 0.073964 -0.226123
v -0.634498 0.073619 -0.225024
v -0.634498 0.072722 -0.224304
v -0.233188 0.070756 -0.222245
v -0.233188 0.071023 -0.223148
v -0.224742 0.071762 -0.223731
v -0.222362 0.049109 0.162509
v -0.222362 0.050542 0.155481
v -0.222362 0.049466 0.148390
v -0.563426 0.023549 0.449434
v -0.563178 0.022763 0.446561
v -0.561938 0.022732 0.443582
v -0.557895 0.034600 0.215938
v -0.558198 0.035053 0.210971
v -0.558259 0.036274 0.206136
v -0.428464 0.042406 0.185294
v -0.015111 0.042691 0.184324
v -0.015111 0.043292 0.184283
v -0.015111 0.028666 0.329760
v -0.390274 0.028634 0.330465
v -0.015111 0.029168 0.329749
v -0.678988 0.032511 0.256154
v -0.681223 0.024543 0.408843
v -0.844612 0.028666 0.329761
v -0.844612 0.042691 0.184324
v -0.844612 0.029168 0.329749
v -0.844612 0.043292 0.184283
v -0.015112 0.044175 0.126345
v -0.015112 0.044779 0.126443
v -0.429862 0.044169 0.126319
v -0.844612 0.044160 0.126285
v -0.844612 0.044753 0.126337
v -0.015111 0.040902 0.039454
v -0.015112 0.041405 0.039400
v -0.429862 0.040900 0.039482
v -0.844612 0.040899 0.039518
v -0.844611 0.041400 0.039513
v -0.015112 0.027064 0.459725
v -0.429243 0.026908 0.459267
v -0.015111 0.027598 0.459741
v -0.844612 0.027064 0.459725
v -0.844612 0.027598 0.459741
v -0.015111 0.026412 0.653647
v -0.429862 0.026411 0.653647
v -0.015113 0.026916 0.653562
v -0.844612 0.026412 0.653647
v -0.844611 0.026916 0.653562
v -0.015112 0.038327 1.142604
v -0.015112 0.039127 1.142742
v -0.429862 0.038327 1.142604
v -0.015110 0.032140 0.983745
v -0.429862 0.032139 0.983745
v -0.015113 0.032665 0.984058
v -0.844613 0.032140 0.983745
v -0.844612 0.038328 1.142604
v -0.844612 0.039127 1.142743
v -0.844610 0.032666 0.984058
v -0.844612 0.034504 1.163109
v -0.844612 0.035015 1.163365
v -0.429862 0.034504 1.163109
v -0.015111 0.034504 1.163109
v -0.015112 0.035015 1.163365
v -0.015111 0.037766 1.195503
v -0.429862 0.037766 1.195503
v -0.015111 0.038263 1.195437
v -0.844612 0.037766 1.195503
v -0.844612 0.038263 1.195437
v -0.844612 0.072239 -0.224016
v -0.844612 0.072894 -0.223825
v -0.839172 0.072239 -0.224016
v -0.844612 0.063171 -0.173663
v -0.429795 0.063893 -0.178226
v -0.844611 0.063628 -0.173352
v -0.015111 0.063171 -0.173663
v -0.015112 0.072238 -0.224016
v -0.015112 0.072894 -0.223825
v -0.019660 0.072238 -0.224016
v -0.015112 0.063628 -0.173352
v -0.015112 0.089424 -0.318516
v -0.019660 0.089227 -0.317340
v -0.015112 0.089879 -0.318206
v -0.844612 0.089424 -0.318516
v -0.839172 0.089227 -0.317340
v -0.844612 0.089879 -0.318206
v -0.530043 0.024705 0.405824
v -0.529666 0.032385 0.258957
v -0.429713 0.072239 -0.224016
v -0.016858 0.043292 0.184283
v -0.016858 0.029168 0.329749
v -0.842865 0.043292 0.184283
v -0.842865 0.029168 0.329749
v -0.016858 0.044780 0.126448
v -0.842865 0.044751 0.126327
v -0.016858 0.041405 0.039395
v -0.842865 0.041399 0.039524
v -0.016858 0.027598 0.459741
v -0.842865 0.027598 0.459741
v -0.016858 0.026915 0.653562
v -0.842865 0.026915 0.653562
v -0.016858 0.039127 1.142743
v -0.016858 0.032664 0.984058
v -0.842865 0.032664 0.984058
v -0.842865 0.039127 1.142743
v -0.842865 0.035015 1.163365
v -0.016858 0.035015 1.163365
v -0.016858 0.038263 1.195437
v -0.842865 0.038263 1.195437
v -0.842865 0.072894 -0.223825
v -0.842865 0.063627 -0.173352
v -0.016858 0.063627 -0.173352
v -0.016858 0.072894 -0.223825
v -0.016858 0.089706 -0.317175
v -0.842865 0.089707 -0.317175
v -0.222362 0.039347 1.203919
v -0.638483 0.049736 -0.070855
v -0.637362 0.038485 1.205607
v -0.678306 0.104726 -0.409969
v -0.843863 0.039862 1.203925
v -0.843863 0.050183 -0.070491
v -0.015860 0.050184 -0.070496
v -0.583414 0.028686 0.334866
v -0.635861 0.023991 0.424209
v -0.688909 0.028602 0.335833
v -0.636464 0.033297 0.246490
v -0.015860 0.039862 1.203925
v -0.015860 0.038997 1.205768
v -0.843863 0.038997 1.205768
v -0.180423 0.105189 -0.410601
v -0.844612 0.038742 1.205686
v -0.015111 0.038742 1.205686
v -0.015111 0.039605 1.203918
v -0.015112 0.049936 -0.070525
v -0.844612 0.049936 -0.070522
v -0.844612 0.039605 1.203918
v -0.230740 0.058764 1.410116
v -0.222363 0.036863 1.207514
v -0.224451 0.042448 1.277238
v -0.222389 0.036229 1.209181
v -0.844612 0.059012 1.410082
v -0.844612 0.037105 1.207614
v -0.015164 0.036484 1.209215
v -0.015113 0.037105 1.207614
v -0.844611 0.042697 1.277207
v -0.031196 0.059008 1.410055
v -0.019122 0.042695 1.277191
v -0.844611 0.036484 1.209226
v -0.843859 0.043000 1.277526
v -0.843862 0.036738 1.209268
v -0.843862 0.037348 1.207713
v -0.015863 0.037346 1.207718
v -0.019918 0.043000 1.277526
v -0.015914 0.036737 1.209272
v -0.196116 0.069238 1.475524
v -0.235799 0.069285 1.474883
v -0.635646 0.105091 -0.410618
v -0.637362 0.036863 1.207514
v -0.224702 0.104687 -0.409736
v -0.678939 0.069238 1.475524
v -0.637445 0.042448 1.277238
v -0.636946 0.069285 1.474883
v -0.637363 0.036229 1.209181
v -0.637362 0.039347 1.203919
v -0.221235 0.049736 -0.070856
v -0.637697 0.058764 1.410116
v -0.636613 0.105204 -0.409793
v -0.222362 0.038485 1.205607
v -0.844304 0.105089 -0.410618
v -0.223365 0.105204 -0.409793
v -0.033648 0.061261 1.423102
v -0.843725 0.061261 1.423101
v -0.768640 0.034755 0.213437
v -0.768815 0.035590 0.208547
v -0.637362 0.050058 0.159014
v -0.637362 0.050237 0.151928
v -0.637362 0.038346 0.101943
v -0.637362 0.037919 0.097359
v -0.773735 0.023083 0.447999
v -0.773023 0.022677 0.445090
v -0.637362 0.031507 0.474505
v -0.637362 0.031055 0.471478
v -0.222362 0.043002 1.138036
v -0.222362 0.041466 1.140840
v -0.222362 0.035278 1.144314
v -0.222362 0.033887 1.146754
v -0.222362 0.035235 1.180274
v -0.222362 0.035809 1.185216
v -0.833608 0.070853 -0.222749
v -0.835010 0.071330 -0.223454
v -0.017261 0.073851 -0.225560
v -0.017261 0.073205 -0.224613
v -0.626090 0.070853 -0.222749
v -0.627491 0.071330 -0.223454
v -0.842017 0.073851 -0.225560
v -0.842017 0.073205 -0.224613
v -0.224742 0.073851 -0.225560
v -0.224742 0.073205 -0.224613
v -0.025707 0.070853 -0.222749
v -0.024299 0.071330 -0.223454
v -0.015860 0.036104 0.208594
v -0.015860 0.035250 0.213561
v -0.843863 0.035250 0.213561
v -0.843863 0.036104 0.208594
v -0.015860 0.050907 0.152033
v -0.015860 0.050732 0.158943
v -0.843863 0.050732 0.158943
v -0.843863 0.050907 0.152033
v -0.015860 0.038428 0.097205
v -0.015860 0.038881 0.102001
v -0.843863 0.038852 0.101888
v -0.843863 0.038421 0.097321
v -0.015860 0.023185 0.444955
v -0.015860 0.023609 0.447990
v -0.843863 0.023609 0.447990
v -0.843863 0.023185 0.444955
v -0.015860 0.031578 0.471461
v -0.015860 0.032012 0.474368
v -0.843863 0.032012 0.474368
v -0.843863 0.031578 0.471461
v -0.015860 0.043546 1.138559
v -0.015860 0.042200 1.141017
v -0.843863 0.042200 1.141018
v -0.843863 0.043546 1.138559
v -0.843863 0.034412 1.147274
v -0.843863 0.035993 1.144502
v -0.015860 0.035993 1.144502
v -0.015860 0.034412 1.147274
v -0.015860 0.035732 1.180192
v -0.015860 0.036312 1.185182
v -0.843863 0.036312 1.185182
v -0.843863 0.035732 1.180191
v -0.843863 0.071286 -0.222277
v -0.843863 0.071930 -0.223227
v -0.015860 0.071930 -0.223227
v -0.015860 0.071286 -0.222276
v -0.015860 0.074281 -0.225089
v -0.015860 0.073800 -0.224384
v -0.843863 0.073800 -0.224384
v -0.843863 0.074281 -0.225089
v -0.015112 0.035847 0.208571
v -0.015112 0.035002 0.213499
v -0.844612 0.035003 0.213499
v -0.844612 0.035847 0.208571
v -0.015112 0.050572 0.151981
v -0.015112 0.050395 0.158978
v -0.844612 0.050395 0.158978
v -0.844612 0.050572 0.151981
v -0.015112 0.038175 0.097261
v -0.015112 0.038619 0.101992
v -0.844612 0.038598 0.101909
v -0.844612 0.038170 0.097347
v -0.015112 0.022931 0.445023
v -0.015112 0.023346 0.447994
v -0.844612 0.023346 0.447994
v -0.844612 0.022931 0.445023
v -0.015112 0.031316 0.471469
v -0.015112 0.031760 0.474436
v -0.844612 0.031760 0.474436
v -0.844612 0.031316 0.471469
v -0.015112 0.043274 1.138298
v -0.015112 0.041833 1.140929
v -0.844612 0.041833 1.140929
v -0.844612 0.043274 1.138298
v -0.844612 0.034150 1.147014
v -0.844612 0.035636 1.144408
v -0.015112 0.035635 1.144408
v -0.015112 0.034149 1.147014
v -0.015112 0.035483 1.180233
v -0.015112 0.036060 1.185199
v -0.844612 0.036060 1.185199
v -0.844612 0.035484 1.180233
v -0.844612 0.071069 -0.222513
v -0.844612 0.071630 -0.223341
v -0.015112 0.071630 -0.223341
v -0.015112 0.071069 -0.222513
v -0.015112 0.074066 -0.225324
v -0.015112 0.073502 -0.224499
v -0.844612 0.073502 -0.224499
v -0.844612 0.074067 -0.225324
v -0.219522 0.023083 0.447999
v -0.219489 0.022677 0.445090
v -0.219290 0.034755 0.213437
v -0.219298 0.035590 0.208547
v -0.222362 0.038354 0.101973
v -0.222362 0.037921 0.097329
v -0.637362 0.043002 1.138036
v -0.637362 0.041466 1.140840
v -0.637362 0.035278 1.144314
v -0.637362 0.033887 1.146754
v -0.222362 0.031507 0.474505
v -0.222362 0.031055 0.471478
v -0.637362 0.035235 1.180274
v -0.637362 0.035809 1.185216
v -0.634498 0.073851 -0.225560
v -0.634498 0.073205 -0.224613
v -0.233188 0.070853 -0.222749
v -0.231781 0.071330 -0.223454
v -0.222362 0.050058 0.159014
v -0.222362 0.050237 0.151928
v -0.563396 0.023083 0.447999
v -0.562651 0.022677 0.445090
v -0.558069 0.034755 0.213437
v -0.558251 0.035590 0.208547
v -0.222187 0.042655 0.184445
v -0.015112 0.042991 0.184304
v -0.217671 0.028663 0.329831
v -0.015112 0.028917 0.329755
v -0.744170 0.028563 0.331752
v -0.649025 0.041382 0.188774
v -0.844612 0.028917 0.329755
v -0.844612 0.042991 0.184304
v -0.015112 0.044477 0.126394
v -0.222362 0.044172 0.126333
v -0.637362 0.044165 0.126303
v -0.844612 0.044457 0.126311
v -0.015112 0.041153 0.039427
v -0.222362 0.040901 0.039467
v -0.637362 0.040900 0.039499
v -0.844612 0.041149 0.039516
v -0.222284 0.027044 0.459668
v -0.015112 0.027331 0.459733
v -0.651199 0.026347 0.457625
v -0.844612 0.027331 0.459733
v -0.222362 0.026411 0.653647
v -0.015112 0.026663 0.653604
v -0.637362 0.026411 0.653647
v -0.844612 0.026663 0.653604
v -0.015112 0.038727 1.142673
v -0.222362 0.038327 1.142604
v -0.222362 0.032139 0.983745
v -0.015112 0.032401 0.983902
v -0.637362 0.032139 0.983745
v -0.844612 0.038727 1.142673
v -0.844612 0.032402 0.983902
v -0.637362 0.038328 1.142604
v -0.844612 0.034760 1.163237
v -0.637362 0.034504 1.163109
v -0.222362 0.034504 1.163109
v -0.015112 0.034759 1.163237
v -0.222362 0.037766 1.195503
v -0.015111 0.038014 1.195470
v -0.844612 0.038014 1.195470
v -0.637362 0.037766 1.195503
v -0.844612 0.072566 -0.223920
v -0.842017 0.072239 -0.224016
v -0.677516 0.064778 -0.184006
v -0.844612 0.063399 -0.173508
v -0.182018 0.064778 -0.184006
v -0.015112 0.072566 -0.223920
v -0.017261 0.072238 -0.224016
v -0.015112 0.063399 -0.173508
v -0.017261 0.089325 -0.317928
v -0.015112 0.089652 -0.318361
v -0.842017 0.089326 -0.317928
v -0.844612 0.089652 -0.318361
v -0.602121 0.023410 0.430552
v -0.600458 0.033653 0.234488
v -0.634498 0.072239 -0.224016
v -0.224742 0.072238 -0.224016
v -0.015860 0.043292 0.184283
v -0.015860 0.029168 0.329749
v -0.843863 0.043292 0.184283
v -0.843863 0.029168 0.329749
v -0.015860 0.044780 0.126446
v -0.843863 0.044752 0.126332
v -0.015860 0.041405 0.039397
v -0.843863 0.041399 0.039519
v -0.015860 0.027598 0.459741
v -0.843863 0.027598 0.459741
v -0.015860 0.026915 0.653562
v -0.843863 0.026915 0.653562
v -0.015860 0.039127 1.142742
v -0.015860 0.032664 0.984058
v -0.843863 0.032664 0.984058
v -0.843863 0.039127 1.142742
v -0.843863 0.035015 1.163365
v -0.015860 0.035015 1.163365
v -0.015860 0.038263 1.195437
v -0.843863 0.038263 1.195437
v -0.843863 0.072894 -0.223825
v -0.843863 0.063627 -0.173352
v -0.015860 0.063627 -0.173352
v -0.015860 0.072894 -0.223825
v -0.016056 0.092909 -0.336317
v -0.843856 0.092910 -0.336317
v -0.505845 0.028548 0.332377
v -0.426199 0.101469 1.161248
v -0.603029 0.031852 0.502093
v -0.701164 0.029549 0.597158
v -0.669758 0.030842 0.537236
v -0.693891 0.030196 0.570828
v -0.639487 0.031442 0.514179
v -0.704196 0.029292 0.625475
v -0.709126 0.033088 0.987767
v -0.701115 0.035855 1.026445
v -0.673200 0.038091 1.062640
v -0.638737 0.039253 1.081080
v -0.599430 0.039939 1.088013
v -0.426199 0.039963 1.088012
v -0.722451 0.124181 0.402560
v -0.706797 0.027853 0.813847
v -0.249369 0.031852 0.502093
v -0.151233 0.029549 0.597158
v -0.182640 0.030842 0.537236
v -0.158507 0.030196 0.570828
v -0.212911 0.031442 0.514179
v -0.148202 0.029292 0.625475
v -0.143271 0.033088 0.987767
v -0.151283 0.035854 1.026445
v -0.179198 0.038091 1.062640
v -0.213661 0.039253 1.081080
v -0.252967 0.039939 1.088013
v -0.228733 0.124666 0.402572
v -0.145601 0.027853 0.813847
v -0.635128 0.110202 1.318315
v -0.155060 0.110202 1.318315
v -0.135989 0.109315 1.310532
v -0.127782 0.107174 1.291743
v -0.126172 0.097897 1.210316
v -0.131160 0.096466 1.197758
v -0.143701 0.095874 1.192556
v -0.715008 0.095874 1.192556
v -0.724595 0.096097 1.194519
v -0.733108 0.097096 1.203284
v -0.736322 0.099277 1.222426
v -0.730479 0.101556 1.242426
v -0.687679 0.107568 1.295194
v -0.664356 0.109423 1.311480
v -0.425237 0.095874 1.192556
v -0.623665 0.124666 0.402573
v -0.129947 0.124181 0.402560
v -0.016449 0.027662 0.627055
v -0.015031 0.032576 0.983652
v -0.016449 0.029053 0.574949
v -0.015031 0.025922 0.814217
v -0.811915 0.069240 1.474675
v -0.016585 0.105105 -0.409197
v -0.040059 0.069240 1.474675
v -0.734900 0.105105 -0.409197
v -0.015832 0.084501 -0.286751
v -0.122229 0.122517 -0.359670
v -0.040973 0.116779 -0.281863
v -0.091421 0.122055 -0.353594
v -0.065304 0.120913 -0.337397
v -0.047853 0.118924 -0.311507
v -0.048691 0.105105 -0.409197
v -0.026184 0.105105 -0.409197
v -0.016477 0.101200 -0.386550
v -0.124546 0.105105 -0.409197
v -0.015832 0.030862 0.297474
v -0.015832 0.041327 0.039273
v -0.015832 0.044961 -0.016226
v -0.015832 0.050197 -0.071996
v -0.015832 0.058963 -0.142363
v -0.024877 0.050670 1.347831
v -0.037305 0.065559 1.452524
v -0.016588 0.038057 1.060887
v -0.015031 0.031066 0.947321
v -0.015031 0.030421 0.930897
v -0.020815 0.042935 1.277096
v -0.843309 0.027663 0.627056
v -0.843309 0.029054 0.574949
v -0.843309 0.025922 0.814217
v -0.843309 0.105105 -0.409196
v -0.843309 0.069240 1.474675
v -0.843309 0.083691 -0.281909
v -0.725761 0.121707 -0.354828
v -0.807016 0.115969 -0.277021
v -0.756568 0.121245 -0.348752
v -0.782685 0.120103 -0.332555
v -0.800136 0.118114 -0.306665
v -0.811546 0.105105 -0.409197
v -0.834854 0.105105 -0.409197
v -0.843309 0.098779 -0.372081
v -0.843309 0.030862 0.297474
v -0.843309 0.041327 0.039274
v -0.843309 0.044962 -0.016225
v -0.843309 0.050197 -0.071996
v -0.843309 0.058963 -0.142362
v -0.843309 0.050670 1.347831
v -0.843309 0.065559 1.452524
v -0.843309 0.030421 0.930897
v -0.843309 0.042935 1.277096
v -0.778955 0.127007 0.312484
v -0.774589 0.126514 0.325310
v -0.778693 0.126015 0.345282
v -0.805498 0.107194 0.331550
v -0.805554 0.107344 0.316102
v -0.805840 0.100186 0.398581
v -0.805773 0.105213 0.300634
v -0.807076 0.084365 0.330998
v -0.807395 0.080338 0.326415
v -0.807409 0.080708 0.319468
v -0.807105 0.085188 0.315522
v -0.778976 0.124517 0.402569
v -0.386898 0.126454 0.334287
v -0.512767 0.126454 0.334287
v -0.512767 0.124666 0.402573
v -0.386898 0.124666 0.402560
v -0.767017 0.133157 1.431672
v -0.724414 0.133225 1.431681
v -0.724698 0.131560 1.417621
v -0.731363 0.130019 1.404730
v -0.760558 0.129973 1.404732
v -0.767017 0.131508 1.417627
v -0.758496 0.134096 1.439489
v -0.732934 0.134137 1.439495
v -0.731564 0.126107 1.371551
v -0.733278 0.125905 1.369860
v -0.759023 0.125863 1.369865
v -0.760719 0.126060 1.371557
v -0.037689 0.079227 0.099920
v -0.042466 0.120584 0.100020
v -0.042535 0.120359 0.131302
v -0.037760 0.079018 0.131271
v -0.603029 0.035001 0.502176
v -0.603366 0.037024 0.500156
v -0.703227 0.034798 0.596958
v -0.701164 0.032710 0.597241
v -0.671244 0.036120 0.535907
v -0.669758 0.033997 0.537318
v -0.693891 0.033354 0.570911
v -0.695826 0.035457 0.570136
v -0.639487 0.034594 0.514262
v -0.640469 0.036730 0.512460
v -0.706279 0.034534 0.625535
v -0.704196 0.032455 0.625557
v -0.610293 0.100059 0.447216
v -0.619809 0.124386 0.413293
v -0.682300 0.122846 0.438641
v -0.659528 0.099119 0.465785
v -0.732017 0.119774 0.478850
v -0.707932 0.097150 0.502768
v -0.763499 0.114598 0.540814
v -0.737018 0.093540 0.551866
v -0.773124 0.109659 0.584212
v -0.746612 0.090581 0.588779
v -0.774105 0.104496 0.630516
v -0.748319 0.087028 0.629026
v -0.711200 0.038310 0.988129
v -0.709126 0.036257 0.987850
v -0.703041 0.041097 1.027479
v -0.701115 0.039029 1.026528
v -0.674561 0.043362 1.064391
v -0.673200 0.041272 1.062723
v -0.426199 0.098348 1.145143
v -0.426199 0.080582 1.126128
v -0.639412 0.044544 1.083191
v -0.638737 0.042439 1.081163
v -0.599607 0.045239 1.090208
v -0.599430 0.043128 1.088096
v -0.426199 0.045260 1.090206
v -0.426199 0.043153 1.088096
v -0.607117 0.083535 1.125565
v -0.611414 0.100708 1.144176
v -0.652258 0.082663 1.115828
v -0.659688 0.099757 1.133119
v -0.695758 0.080495 1.092459
v -0.707155 0.098013 1.107701
v -0.729767 0.076207 1.051482
v -0.743923 0.091601 1.065545
v -0.748476 0.072296 0.992770
v -0.768764 0.088881 0.993215
v -0.718353 0.035710 0.560482
v -0.722758 0.039280 0.558556
v -0.732059 0.038452 0.592166
v -0.727350 0.034901 0.593006
v -0.650503 0.037226 0.493500
v -0.652623 0.040716 0.488908
v -0.690140 0.039977 0.517435
v -0.686477 0.036514 0.520877
v -0.606821 0.036341 0.478952
v -0.607563 0.039595 0.473849
v -0.733985 0.038087 0.624848
v -0.729201 0.034556 0.624686
v -0.738909 0.041587 0.991190
v -0.734057 0.038118 0.990602
v -0.726505 0.044803 1.039607
v -0.722659 0.041128 1.036607
v -0.691439 0.047440 1.084687
v -0.688496 0.043687 1.080903
v -0.648018 0.048845 1.107860
v -0.646333 0.045068 1.103419
v -0.602263 0.049594 1.116066
v -0.601423 0.045854 1.111320
v -0.426199 0.049550 1.116198
v -0.426199 0.045856 1.111321
v -0.731766 0.033019 0.813982
v -0.736615 0.036514 0.814074
v -0.748252 0.073756 0.815049
v -0.773881 0.090494 0.816334
v -0.706797 0.031019 0.813930
v -0.708875 0.033087 0.813984
v -0.249031 0.037024 0.500156
v -0.249369 0.035001 0.502176
v -0.151233 0.032710 0.597241
v -0.149171 0.034797 0.596958
v -0.182640 0.033997 0.537318
v -0.181154 0.036120 0.535907
v -0.156572 0.035457 0.570136
v -0.158507 0.033354 0.570911
v -0.211928 0.036730 0.512460
v -0.212911 0.034593 0.514262
v -0.148202 0.032455 0.625557
v -0.146119 0.034533 0.625535
v -0.232599 0.124385 0.413321
v -0.242105 0.100057 0.447217
v -0.192871 0.099112 0.465787
v -0.170168 0.122844 0.438704
v -0.144470 0.097138 0.502771
v -0.120002 0.119743 0.479333
v -0.115385 0.093522 0.551868
v -0.088587 0.114235 0.541255
v -0.105792 0.090559 0.588780
v -0.079049 0.109649 0.584439
v -0.104086 0.087004 0.629023
v -0.078093 0.104496 0.630516
v -0.143271 0.036257 0.987850
v -0.141198 0.038310 0.988129
v -0.151283 0.039029 1.026528
v -0.149357 0.041097 1.027479
v -0.179198 0.041271 1.062723
v -0.177837 0.043362 1.064391
v -0.213661 0.042439 1.081163
v -0.212986 0.044544 1.083191
v -0.252967 0.043128 1.088096
v -0.252790 0.045239 1.090208
v -0.241007 0.100708 1.144176
v -0.245281 0.083532 1.125564
v -0.192689 0.099756 1.133108
v -0.200141 0.082655 1.115827
v -0.145222 0.098012 1.107691
v -0.156642 0.080483 1.092456
v -0.108291 0.091580 1.065347
v -0.122632 0.076189 1.051475
v -0.083610 0.088215 0.993590
v -0.103929 0.072273 0.992769
v -0.047826 0.104496 0.630516
v -0.043308 0.100581 0.630340
v -0.041596 0.088215 0.993590
v -0.037034 0.084261 0.992865
v -0.043291 0.097629 1.162818
v -0.047822 0.101469 1.161248
v -0.043400 0.110752 0.524033
v -0.047829 0.114660 0.525864
v -0.043351 0.105963 0.579123
v -0.047828 0.109856 0.579913
v -0.129639 0.039280 0.558556
v -0.134045 0.035710 0.560482
v -0.125048 0.034901 0.593006
v -0.120339 0.038452 0.592166
v -0.199775 0.040715 0.488908
v -0.201895 0.037226 0.493500
v -0.165921 0.036514 0.520877
v -0.162258 0.039977 0.517435
v -0.244835 0.039595 0.473849
v -0.245577 0.036341 0.478952
v -0.123197 0.034556 0.624686
v -0.118413 0.038087 0.624848
v -0.118341 0.038118 0.990602
v -0.113489 0.041587 0.991190
v -0.129739 0.041128 1.036607
v -0.125893 0.044803 1.039607
v -0.163902 0.043687 1.080903
v -0.160959 0.047440 1.084687
v -0.206065 0.045068 1.103419
v -0.204380 0.048845 1.107860
v -0.250975 0.045854 1.111320
v -0.250134 0.049594 1.116066
v -0.115783 0.036514 0.814074
v -0.120632 0.033019 0.813982
v -0.083627 0.090239 0.814890
v -0.104154 0.073729 0.815048
v -0.047825 0.090369 0.815495
v -0.043198 0.086441 0.815408
v -0.143523 0.033086 0.813984
v -0.145601 0.031019 0.813930
v -0.637722 0.121777 1.339487
v -0.637061 0.119277 1.334038
v -0.702536 0.118597 1.311286
v -0.699171 0.116148 1.306570
v -0.674426 0.120800 1.330904
v -0.671299 0.118365 1.326032
v -0.105523 0.116769 1.295528
v -0.111201 0.114774 1.294513
v -0.150649 0.121777 1.339487
v -0.151774 0.119277 1.334038
v -0.119100 0.120311 1.326612
v -0.123408 0.117958 1.322461
v -0.139219 0.102389 1.169318
v -0.140365 0.101179 1.175196
v -0.103738 0.106485 1.205269
v -0.109461 0.104746 1.206507
v -0.113837 0.103589 1.179847
v -0.118256 0.102224 1.184367
v -0.749930 0.111912 1.252900
v -0.745537 0.109634 1.249404
v -0.717278 0.102389 1.169318
v -0.716706 0.101179 1.175196
v -0.759042 0.108365 1.221770
v -0.753367 0.106580 1.222601
v -0.754010 0.104950 1.191795
v -0.748680 0.103398 1.194674
v -0.735874 0.102823 1.173126
v -0.732998 0.101559 1.178531
v -0.636560 0.115645 1.330112
v -0.635898 0.113143 1.324659
v -0.153750 0.113143 1.324659
v -0.152625 0.115645 1.330112
v -0.130974 0.112084 1.315364
v -0.126666 0.114438 1.319518
v -0.115494 0.111524 1.293942
v -0.121173 0.109528 1.292924
v -0.119511 0.099951 1.208875
v -0.113788 0.101691 1.207640
v -0.126017 0.098085 1.192498
v -0.121597 0.099451 1.187981
v -0.141229 0.098523 1.179837
v -0.142371 0.097313 1.185714
v -0.715685 0.097313 1.185714
v -0.716266 0.098523 1.179837
v -0.727944 0.097598 1.188224
v -0.730822 0.098863 1.182817
v -0.739315 0.098932 1.199929
v -0.744648 0.100484 1.197050
v -0.743116 0.101512 1.222573
v -0.748954 0.103407 1.222702
v -0.741638 0.106260 1.247743
v -0.736481 0.104100 1.245284
v -0.692259 0.110312 1.299805
v -0.696195 0.112643 1.303770
v -0.667123 0.112311 1.317357
v -0.669501 0.114767 1.322409
v -0.635275 0.112536 1.319330
v -0.635128 0.111127 1.318210
v -0.155060 0.111127 1.318209
v -0.154809 0.112536 1.319330
v -0.135027 0.111616 1.311257
v -0.135989 0.110241 1.310426
v -0.126514 0.109396 1.291768
v -0.127782 0.108100 1.291637
v -0.124894 0.100061 1.209838
v -0.126172 0.098823 1.210210
v -0.130174 0.098547 1.196548
v -0.131160 0.097392 1.197653
v -0.143446 0.097920 1.191042
v -0.143701 0.096799 1.192451
v -0.715008 0.096799 1.192451
v -0.715138 0.097920 1.191042
v -0.725237 0.098155 1.193110
v -0.724595 0.097023 1.194414
v -0.734299 0.099218 1.202439
v -0.733108 0.098021 1.203178
v -0.737625 0.101476 1.222253
v -0.736322 0.100202 1.222321
v -0.731630 0.103813 1.242773
v -0.730479 0.102481 1.242321
v -0.688558 0.109864 1.295877
v -0.687679 0.108493 1.295089
v -0.664356 0.110349 1.311375
v -0.664887 0.111747 1.312406
v -0.425357 0.097313 1.185714
v -0.425459 0.098523 1.179837
v -0.425688 0.101179 1.175196
v -0.425928 0.102389 1.169318
v -0.425318 0.096799 1.192451
v -0.425415 0.097920 1.191042
v -0.728980 0.120500 0.323190
v -0.729346 0.121949 0.325818
v -0.745340 0.120624 0.318469
v -0.747415 0.122085 0.320604
v -0.749725 0.121002 0.304019
v -0.752398 0.122516 0.304185
v -0.749721 0.135844 -0.279281
v -0.752398 0.137366 -0.279436
v -0.745286 0.136076 -0.288149
v -0.747035 0.137644 -0.290184
v -0.732999 0.136208 -0.293202
v -0.733515 0.137788 -0.295748
v -0.631211 0.120500 0.323190
v -0.631211 0.121949 0.325818
v -0.631026 0.126556 0.330398
v -0.631211 0.125109 0.327701
v -0.729600 0.125109 0.327701
v -0.729543 0.126544 0.330398
v -0.748853 0.125254 0.322145
v -0.750954 0.126718 0.324222
v -0.754197 0.125716 0.304536
v -0.756919 0.127233 0.304569
v -0.754197 0.140583 -0.279762
v -0.756925 0.142072 -0.279632
v -0.748362 0.140893 -0.291495
v -0.750007 0.142463 -0.293573
v -0.734397 0.142631 -0.300014
v -0.733879 0.141051 -0.297467
v -0.099118 0.121949 0.325818
v -0.099484 0.120500 0.323190
v -0.081048 0.122085 0.320604
v -0.083124 0.120624 0.318469
v -0.076065 0.122516 0.304185
v -0.078739 0.121002 0.304019
v -0.076065 0.137366 -0.279436
v -0.078743 0.135844 -0.279281
v -0.081429 0.137644 -0.290184
v -0.083177 0.136076 -0.288149
v -0.094949 0.137788 -0.295748
v -0.095464 0.136208 -0.293202
v -0.181173 0.120500 0.323190
v -0.181173 0.121949 0.325818
v -0.181173 0.125109 0.327701
v -0.182338 0.126556 0.330402
v -0.099511 0.126544 0.330412
v -0.098863 0.125109 0.327701
v -0.077494 0.126722 0.324067
v -0.079610 0.125255 0.322145
v -0.071551 0.127235 0.304482
v -0.074266 0.125716 0.304536
v -0.071547 0.142101 -0.279753
v -0.074266 0.140584 -0.279762
v -0.078395 0.142462 -0.293547
v -0.080101 0.140893 -0.291495
v -0.094068 0.142631 -0.300014
v -0.094584 0.141051 -0.297467
v -0.043400 0.120653 0.403021
v -0.047881 0.124586 0.404254
v -0.123960 0.140119 -0.358148
v -0.124573 0.144037 -0.353677
v -0.043401 0.138079 -0.278035
v -0.047904 0.142047 -0.277680
v -0.093159 0.139968 -0.352025
v -0.094927 0.143882 -0.347783
v -0.067057 0.139545 -0.334787
v -0.070266 0.143451 -0.331311
v -0.049626 0.138864 -0.308684
v -0.053625 0.142799 -0.306413
v -0.654303 0.140115 -0.358139
v -0.656708 0.140045 -0.357206
v -0.654027 0.144409 -0.353685
v -0.662526 0.144732 -0.348657
v -0.656996 0.144585 -0.350949
v -0.660121 0.140247 -0.354062
v -0.662526 0.140416 -0.353110
v -0.033970 0.033401 0.627305
v -0.029460 0.029463 0.627120
v -0.029971 0.038258 0.984429
v -0.027094 0.034305 0.983702
v -0.036150 0.049320 1.140096
v -0.031603 0.045409 1.140289
v -0.030019 0.033664 0.476003
v -0.029928 0.032758 0.470071
v -0.034146 0.036577 0.468686
v -0.034198 0.037678 0.476124
v -0.029788 0.030927 0.575029
v -0.034258 0.034900 0.575256
v -0.033997 0.031579 0.814343
v -0.029379 0.027678 0.814266
v -0.033714 0.028860 0.446214
v -0.029574 0.025785 0.449706
v -0.029544 0.024955 0.443765
v -0.115587 0.100192 -0.369372
v -0.115198 0.103192 -0.364201
v -0.030649 0.086206 -0.286466
v -0.034285 0.090013 -0.285893
v -0.079862 0.099041 -0.362449
v -0.084352 0.102179 -0.358225
v -0.054672 0.096299 -0.346062
v -0.058158 0.099377 -0.341355
v -0.038021 0.092253 -0.321898
v -0.040604 0.095117 -0.315850
v -0.654317 0.100010 -0.369394
v -0.658976 0.099763 -0.367891
v -0.656864 0.103171 -0.363510
v -0.654318 0.103050 -0.364218
v -0.016235 0.043563 1.138466
v -0.016233 0.042124 1.141098
v -0.016449 0.030865 0.470009
v -0.016449 0.031764 0.475942
v -0.016437 0.023118 0.443718
v -0.016449 0.023941 0.449662
v -0.656700 0.122524 -0.358687
v -0.654310 0.122537 -0.359618
v -0.660125 0.122480 -0.355556
v -0.662514 0.122451 -0.354631
v -0.024168 0.027686 0.627066
v -0.024755 0.028007 0.627075
v -0.020613 0.032561 0.983654
v -0.021268 0.032962 0.983664
v -0.022724 0.043544 1.138465
v -0.023068 0.044272 1.138404
v -0.023138 0.042285 1.141419
v -0.022710 0.042106 1.141098
v -0.024410 0.031842 0.475950
v -0.024396 0.030941 0.470018
v -0.024938 0.031184 0.469936
v -0.024990 0.032158 0.475928
v -0.024892 0.029434 0.574977
v -0.024310 0.029117 0.574968
v -0.024727 0.026250 0.814228
v -0.024130 0.025920 0.814219
v -0.024244 0.023987 0.449661
v -0.024220 0.023161 0.443719
v -0.024758 0.023423 0.443759
v -0.024788 0.024288 0.449753
v -0.024684 0.084752 -0.286709
v -0.024330 0.084493 -0.286752
v -0.049618 0.103056 -0.395094
v -0.049478 0.102887 -0.395678
v -0.024384 0.098702 -0.369956
v -0.024071 0.098496 -0.370400
v -0.030976 0.101798 -0.387875
v -0.030727 0.101600 -0.388405
v -0.125277 0.102866 -0.395552
v -0.125328 0.103048 -0.394990
v -0.026888 0.029452 0.627115
v -0.025345 0.028757 0.627095
v -0.021899 0.033761 0.983685
v -0.024013 0.034314 0.983700
v -0.023123 0.044929 1.140277
v -0.024676 0.045424 1.140290
v -0.025473 0.031867 0.469955
v -0.027102 0.032723 0.470066
v -0.027127 0.033625 0.475998
v -0.025576 0.032907 0.475948
v -0.025479 0.030182 0.574997
v -0.027028 0.030895 0.575019
v -0.025323 0.027006 0.814247
v -0.026854 0.027679 0.814265
v -0.025322 0.024140 0.443778
v -0.026935 0.024934 0.443764
v -0.026951 0.025760 0.449708
v -0.025323 0.024970 0.449771
v -0.026357 0.086211 -0.286465
v -0.025228 0.085437 -0.286595
v -0.032492 0.102899 -0.385800
v -0.031329 0.102321 -0.387501
v -0.049935 0.103666 -0.394476
v -0.051252 0.104176 -0.392766
v -0.024788 0.099253 -0.369578
v -0.025810 0.099723 -0.367325
v -0.125409 0.103633 -0.394448
v -0.125094 0.104175 -0.392767
v -0.056095 0.122089 1.340137
v -0.051627 0.118129 1.340925
v -0.155665 0.135029 1.447929
v -0.151596 0.131406 1.452122
v -0.060892 0.126566 1.376620
v -0.056491 0.122762 1.378278
v -0.074540 0.130169 1.406277
v -0.070696 0.126450 1.409151
v -0.095695 0.132882 1.429212
v -0.092820 0.129281 1.433137
v -0.122284 0.134458 1.442671
v -0.120696 0.130869 1.447256
v -0.127074 0.069688 1.462298
v -0.144444 0.073571 1.460217
v -0.039886 0.052415 1.347844
v -0.044368 0.056451 1.347399
v -0.113539 0.073051 1.455350
v -0.111977 0.069611 1.459898
v -0.085602 0.071149 1.441278
v -0.082759 0.067713 1.445165
v -0.063345 0.067553 1.417399
v -0.059534 0.063812 1.420271
v -0.049002 0.063160 1.386628
v -0.044626 0.059673 1.388194
v -0.066263 0.068494 1.468064
v -0.067039 0.068739 1.467721
v -0.042566 0.065088 1.447511
v -0.043034 0.065341 1.447093
v -0.050474 0.067602 1.461700
v -0.050037 0.067369 1.462168
v -0.044995 0.066733 1.446207
v -0.043398 0.065897 1.446800
v -0.069937 0.070058 1.466621
v -0.067390 0.069283 1.467429
v -0.052076 0.068879 1.460131
v -0.050829 0.068151 1.461410
v -0.033973 0.036864 0.295932
v -0.029524 0.032813 0.296266
v -0.043395 0.123317 0.301120
v -0.047881 0.127307 0.301698
v -0.025313 0.031956 0.296727
v -0.026926 0.032761 0.296617
v -0.024212 0.030973 0.296726
v -0.024751 0.031239 0.296705
v -0.029475 0.041179 0.104696
v -0.029501 0.040256 0.094538
v -0.033888 0.044073 0.099713
v -0.015832 0.038208 0.094484
v -0.015832 0.039148 0.104641
v -0.026891 0.040175 0.094536
v -0.026890 0.041108 0.104693
v -0.025277 0.040298 0.104749
v -0.025285 0.039358 0.094548
v -0.024188 0.038370 0.094489
v -0.024725 0.038637 0.094529
v -0.024731 0.039596 0.104730
v -0.024192 0.039303 0.104646
v -0.026911 0.036709 0.216261
v -0.025300 0.035902 0.216217
v -0.025289 0.037638 0.206100
v -0.026904 0.038434 0.206207
v -0.024202 0.034915 0.216214
v -0.024202 0.036639 0.206160
v -0.024742 0.036937 0.206082
v -0.024739 0.035183 0.216198
v -0.033488 0.041069 0.211804
v -0.029494 0.036763 0.216262
v -0.029500 0.038494 0.206209
v -0.015832 0.036514 0.206157
v -0.015832 0.034794 0.216211
v -0.029488 0.052624 0.151336
v -0.033469 0.056521 0.150379
v -0.033472 0.056323 0.160904
v -0.029487 0.052411 0.159733
v -0.015832 0.050616 0.151284
v -0.015832 0.050409 0.159681
v -0.025284 0.051522 0.159709
v -0.025282 0.051732 0.151312
v -0.026897 0.052557 0.151334
v -0.026898 0.052346 0.159732
v -0.024737 0.050820 0.159691
v -0.024197 0.050547 0.159685
v -0.024197 0.050757 0.151287
v -0.024736 0.051030 0.151294
v -0.033855 0.047618 0.039579
v -0.029447 0.043471 0.039329
v -0.025262 0.042540 0.039305
v -0.026865 0.043368 0.039327
v -0.024168 0.041544 0.039279
v -0.024704 0.041817 0.039286
v -0.029437 0.047060 -0.016176
v -0.033851 0.051150 -0.016263
v -0.025257 0.046146 -0.016198
v -0.026861 0.046970 -0.016177
v -0.024165 0.045153 -0.016223
v -0.024701 0.045424 -0.016216
v -0.029428 0.052240 -0.071954
v -0.033862 0.056305 -0.072038
v -0.025252 0.051346 -0.071973
v -0.026856 0.052165 -0.071953
v -0.024161 0.050357 -0.071998
v -0.024697 0.050627 -0.071991
v -0.030613 0.076031 -0.224758
v -0.033343 0.079969 -0.224111
v -0.033345 0.077866 -0.220818
v -0.029293 0.075688 -0.224257
v -0.015832 0.074208 -0.224965
v -0.015832 0.073876 -0.224466
v -0.026381 0.075995 -0.224757
v -0.026802 0.075667 -0.224257
v -0.025107 0.074657 -0.224334
v -0.025234 0.075207 -0.224838
v -0.024328 0.074255 -0.224967
v -0.024689 0.074514 -0.224922
v -0.024731 0.074180 -0.224392
v -0.024166 0.073922 -0.224467
v -0.026803 0.073385 -0.222819
v -0.026845 0.073056 -0.222317
v -0.025238 0.072270 -0.222420
v -0.025105 0.072487 -0.222964
v -0.024167 0.071635 -0.223018
v -0.024732 0.072011 -0.223019
v -0.024689 0.071571 -0.222500
v -0.024152 0.071306 -0.222515
v -0.029295 0.073410 -0.222820
v -0.033346 0.076756 -0.220116
v -0.029403 0.073083 -0.222318
v -0.015832 0.071580 -0.223016
v -0.015832 0.071252 -0.222514
v -0.025245 0.060049 -0.142300
v -0.026851 0.060855 -0.142248
v -0.024157 0.059074 -0.142365
v -0.024693 0.059340 -0.142347
v -0.033893 0.064933 -0.142350
v -0.029416 0.060907 -0.142249
v -0.034140 0.051495 1.347852
v -0.035822 0.052388 1.347869
v -0.033247 0.050670 1.347831
v -0.033772 0.050965 1.347838
v -0.016262 0.034939 1.145019
v -0.016258 0.034057 1.146588
v -0.031606 0.045573 1.146019
v -0.036157 0.049536 1.147783
v -0.031604 0.045629 1.149619
v -0.023356 0.044345 1.146646
v -0.024884 0.045590 1.146020
v -0.024744 0.045653 1.149620
v -0.023422 0.044383 1.148488
v -0.023200 0.035861 1.144979
v -0.023238 0.034457 1.146536
v -0.022812 0.034037 1.146588
v -0.022774 0.034920 1.145019
v -0.016418 0.039697 1.202959
v -0.016591 0.038929 1.205859
v -0.024975 0.040113 1.203097
v -0.025110 0.039251 1.206041
v -0.024597 0.038903 1.205858
v -0.024470 0.039671 1.202958
v -0.036178 0.046197 1.205117
v -0.031661 0.042142 1.206144
v -0.031619 0.042503 1.203166
v -0.026709 0.042191 1.206146
v -0.025247 0.041005 1.206119
v -0.025107 0.041339 1.203131
v -0.026604 0.042551 1.203167
v -0.025121 0.037864 1.207676
v -0.026208 0.038385 1.224766
v -0.024940 0.036675 1.210242
v -0.024691 0.037588 1.207384
v -0.016758 0.037615 1.207385
v -0.016986 0.036702 1.210243
v -0.036759 0.043752 1.224462
v -0.032308 0.039948 1.226078
v -0.032197 0.039998 1.223079
v -0.025936 0.039682 1.216380
v -0.027618 0.040041 1.223083
v -0.027653 0.039989 1.226083
v -0.026443 0.039171 1.228418
v -0.016033 0.035561 1.178638
v -0.016088 0.036568 1.186978
v -0.031613 0.045719 1.170944
v -0.036166 0.049621 1.170928
v -0.036170 0.049133 1.179780
v -0.031609 0.045251 1.179331
v -0.025473 0.045751 1.170945
v -0.025747 0.045292 1.179333
v -0.024574 0.043738 1.182001
v -0.024184 0.044491 1.170852
v -0.024137 0.036543 1.186977
v -0.023902 0.035538 1.178638
v -0.024289 0.035903 1.177427
v -0.024559 0.037003 1.187162
v -0.030786 0.043465 1.057841
v -0.031782 0.043926 1.063820
v -0.028370 0.040087 1.065209
v -0.026939 0.039587 1.058159
v -0.021302 0.038484 1.060899
v -0.020611 0.038041 1.060888
v -0.023927 0.039793 1.060934
v -0.021953 0.039310 1.060921
v -0.036168 0.045033 1.079672
v -0.031605 0.040977 1.077898
v -0.035215 0.044598 1.073702
v -0.037873 0.089950 1.057439
v -0.042444 0.094011 1.059148
v -0.039657 0.090349 1.063038
v -0.043254 0.091141 1.071903
v -0.041515 0.090692 1.066327
v -0.045344 0.094508 1.063326
v -0.047820 0.095171 1.071615
v -0.037046 0.083522 0.951006
v -0.038647 0.083492 0.945351
v -0.041595 0.087446 0.949043
v -0.029988 0.036857 0.950468
v -0.026378 0.032938 0.950626
v -0.027223 0.032663 0.943789
v -0.030675 0.036520 0.944450
v -0.020675 0.031055 0.947323
v -0.021304 0.031423 0.947333
v -0.021919 0.032203 0.947353
v -0.024212 0.032808 0.947370
v -0.021134 0.030756 0.930908
v -0.020524 0.030410 0.930899
v -0.023249 0.032167 0.930946
v -0.021738 0.031521 0.930928
v -0.041529 0.083477 0.939955
v -0.043108 0.083463 0.934283
v -0.047744 0.087087 0.934374
v -0.045636 0.087024 0.942409
v -0.033291 0.036079 0.934409
v -0.029299 0.032159 0.930947
v -0.034013 0.035934 0.928349
v -0.043395 0.131680 -0.018275
v -0.047881 0.135661 -0.018171
v -0.047900 0.138961 -0.144216
v -0.043319 0.135018 -0.144115
v -0.047871 0.137116 -0.073738
v -0.043362 0.133165 -0.073654
v -0.044932 0.104739 1.222779
v -0.049479 0.108741 1.222486
v -0.028971 0.042922 1.277106
v -0.029430 0.043252 1.277085
v -0.031063 0.044621 1.276998
v -0.029586 0.043632 1.277061
v -0.039829 0.048304 1.273881
v -0.035472 0.044611 1.277007
v -0.804474 0.100379 0.630331
v -0.800053 0.104496 0.630516
v -0.804560 0.097761 1.164165
v -0.800094 0.101470 1.161248
v -0.800053 0.115613 0.526040
v -0.804411 0.111629 0.524047
v -0.800053 0.109853 0.579978
v -0.804440 0.105772 0.579113
v -0.800088 0.090299 0.815477
v -0.804547 0.086215 0.815403
v -0.800052 0.124606 0.403936
v -0.804420 0.120600 0.401910
v -0.723419 0.143591 -0.348743
v -0.724012 0.140420 -0.353134
v -0.800008 0.141301 -0.273108
v -0.804593 0.137220 -0.273203
v -0.753079 0.143445 -0.342944
v -0.754833 0.139130 -0.347186
v -0.777727 0.142641 -0.326469
v -0.780936 0.138704 -0.329949
v -0.794330 0.141990 -0.301628
v -0.798366 0.138016 -0.303848
v -0.814358 0.029469 0.627123
v -0.809956 0.033561 0.627312
v -0.809939 0.049425 1.140628
v -0.814427 0.045410 1.140289
v -0.813798 0.033889 0.476012
v -0.809517 0.038014 0.476145
v -0.809571 0.036843 0.468646
v -0.813877 0.032967 0.470084
v -0.809659 0.035052 0.575264
v -0.814030 0.030942 0.575033
v -0.814439 0.027678 0.814267
v -0.809968 0.031755 0.814347
v -0.810001 0.028954 0.446199
v -0.814267 0.024966 0.443763
v -0.814231 0.025817 0.449701
v -0.729180 0.102547 -0.359321
v -0.728935 0.099374 -0.364499
v -0.809945 0.089370 -0.281026
v -0.813297 0.085394 -0.281624
v -0.760004 0.101553 -0.353340
v -0.763933 0.098249 -0.357718
v -0.786160 0.098757 -0.336478
v -0.789206 0.095499 -0.341280
v -0.803665 0.094498 -0.310973
v -0.805950 0.091433 -0.316983
v -0.843309 0.042128 1.141096
v -0.843309 0.043577 1.138469
v -0.843309 0.031969 0.475950
v -0.843309 0.031056 0.470019
v -0.843309 0.023962 0.449657
v -0.843309 0.023118 0.443716
v -0.823277 0.027953 0.627073
v -0.823825 0.027687 0.627066
v -0.822929 0.043558 1.138469
v -0.823003 0.042109 1.141096
v -0.822579 0.042256 1.141365
v -0.822587 0.044165 1.138429
v -0.823582 0.032050 0.475958
v -0.823036 0.032318 0.475933
v -0.823051 0.031374 0.469944
v -0.823594 0.031133 0.470029
v -0.823682 0.029119 0.574968
v -0.823135 0.029386 0.574976
v -0.823862 0.025920 0.814219
v -0.823313 0.026187 0.814226
v -0.823746 0.024010 0.449656
v -0.823201 0.024313 0.449751
v -0.823231 0.023424 0.443758
v -0.823770 0.023163 0.443717
v -0.823871 0.083684 -0.281911
v -0.823305 0.083942 -0.281867
v -0.798787 0.102881 -0.395640
v -0.798372 0.103057 -0.395094
v -0.824154 0.098456 -0.370165
v -0.823606 0.098702 -0.369956
v -0.817452 0.101596 -0.388377
v -0.817013 0.101798 -0.387875
v -0.722661 0.103049 -0.394990
v -0.722980 0.102864 -0.395540
v -0.822718 0.028663 0.627092
v -0.821053 0.029451 0.627115
v -0.821494 0.045425 1.140290
v -0.822579 0.044512 1.140266
v -0.822517 0.032054 0.469962
v -0.822477 0.033032 0.475952
v -0.820820 0.033826 0.476006
v -0.820887 0.032909 0.470076
v -0.820917 0.030892 0.575018
v -0.822576 0.030098 0.574995
v -0.821079 0.027680 0.814265
v -0.822755 0.026894 0.814245
v -0.822668 0.024140 0.443777
v -0.822668 0.024992 0.449769
v -0.821038 0.025779 0.449703
v -0.821053 0.024932 0.443762
v -0.822762 0.084627 -0.281753
v -0.821580 0.085402 -0.281623
v -0.816660 0.102321 -0.387501
v -0.815470 0.102902 -0.385815
v -0.796746 0.104177 -0.392767
v -0.798054 0.103666 -0.394476
v -0.822122 0.099739 -0.367426
v -0.823201 0.099253 -0.369578
v -0.722706 0.104176 -0.392767
v -0.722581 0.103633 -0.394448
v -0.799485 0.068740 1.467720
v -0.800006 0.068480 1.468060
v -0.823488 0.065344 1.447091
v -0.824055 0.065073 1.447342
v -0.816589 0.067347 1.462017
v -0.816049 0.067604 1.461699
v -0.821562 0.066718 1.446139
v -0.823129 0.065892 1.446803
v -0.795904 0.070093 1.466645
v -0.799135 0.069282 1.467430
v -0.814579 0.068839 1.459872
v -0.815697 0.068148 1.461412
v -0.809925 0.036975 0.295939
v -0.814288 0.032841 0.296079
v -0.800032 0.127313 0.301515
v -0.804437 0.123259 0.301116
v -0.821062 0.032754 0.296666
v -0.822677 0.031955 0.296727
v -0.823238 0.031240 0.296705
v -0.823777 0.030975 0.296710
v -0.810272 0.044163 0.099268
v -0.814326 0.040295 0.094539
v -0.814341 0.041218 0.104697
v -0.843309 0.039149 0.104641
v -0.843309 0.038208 0.094485
v -0.821096 0.040165 0.094535
v -0.822706 0.039356 0.094548
v -0.822713 0.040297 0.104749
v -0.821097 0.041098 0.104693
v -0.823802 0.038373 0.094489
v -0.823798 0.039307 0.104646
v -0.823258 0.039597 0.104730
v -0.823264 0.038638 0.094529
v -0.821076 0.036773 0.216261
v -0.821083 0.038496 0.206208
v -0.822701 0.037707 0.206102
v -0.822690 0.035973 0.216219
v -0.823788 0.034990 0.216215
v -0.823250 0.035256 0.216200
v -0.823247 0.037007 0.206083
v -0.823788 0.036713 0.206161
v -0.810228 0.041242 0.211822
v -0.814314 0.038595 0.206211
v -0.814318 0.036866 0.216264
v -0.843309 0.034867 0.216212
v -0.843309 0.036585 0.206158
v -0.814328 0.052659 0.151337
v -0.814328 0.052451 0.159735
v -0.810244 0.056427 0.160919
v -0.810247 0.056685 0.150349
v -0.843309 0.050414 0.159682
v -0.843309 0.050617 0.151285
v -0.822707 0.051527 0.159710
v -0.821089 0.052343 0.159732
v -0.821090 0.052548 0.151335
v -0.822708 0.051730 0.151312
v -0.823252 0.050827 0.159691
v -0.823253 0.051031 0.151294
v -0.823794 0.050761 0.151288
v -0.823793 0.050556 0.159686
v -0.810051 0.047687 0.039583
v -0.814381 0.043525 0.039331
v -0.821121 0.043355 0.039326
v -0.822729 0.042538 0.039305
v -0.823284 0.041818 0.039286
v -0.823822 0.041549 0.039279
v -0.810047 0.051279 -0.016266
v -0.814390 0.047108 -0.016175
v -0.821126 0.046957 -0.016177
v -0.822734 0.046144 -0.016198
v -0.823288 0.045425 -0.016216
v -0.823825 0.045158 -0.016223
v -0.810044 0.056437 -0.072041
v -0.814400 0.052280 -0.071954
v -0.821130 0.052154 -0.071953
v -0.822739 0.051344 -0.071973
v -0.823291 0.050628 -0.071991
v -0.823829 0.050361 -0.071998
v -0.813328 0.076038 -0.224758
v -0.814491 0.075701 -0.224257
v -0.810371 0.077912 -0.220766
v -0.810373 0.080047 -0.224100
v -0.843309 0.073877 -0.224465
v -0.843309 0.074208 -0.224965
v -0.821558 0.075994 -0.224757
v -0.822755 0.075207 -0.224838
v -0.822882 0.074657 -0.224334
v -0.821187 0.075664 -0.224257
v -0.823865 0.074255 -0.224967
v -0.823823 0.073924 -0.224467
v -0.823258 0.074180 -0.224392
v -0.823300 0.074514 -0.224922
v -0.821186 0.073382 -0.222819
v -0.822884 0.072487 -0.222964
v -0.822753 0.072268 -0.222420
v -0.821142 0.073053 -0.222317
v -0.823823 0.071636 -0.223018
v -0.823838 0.071308 -0.222515
v -0.823300 0.071572 -0.222500
v -0.823257 0.072012 -0.223019
v -0.814489 0.073424 -0.222820
v -0.814424 0.073096 -0.222318
v -0.810371 0.076866 -0.220105
v -0.843309 0.071252 -0.222513
v -0.843309 0.071581 -0.223015
v -0.821136 0.060847 -0.142248
v -0.822746 0.060048 -0.142300
v -0.823295 0.059341 -0.142347
v -0.823833 0.059076 -0.142365
v -0.814411 0.060935 -0.142249
v -0.810029 0.065069 -0.142353
v -0.821562 0.052408 1.347918
v -0.823187 0.051507 1.347852
v -0.823566 0.050962 1.347838
v -0.824149 0.050670 1.347831
v -0.843309 0.034107 1.147649
v -0.843309 0.035872 1.144511
v -0.814427 0.045573 1.146019
v -0.814413 0.045630 1.149619
v -0.809939 0.049626 1.147783
v -0.822579 0.044660 1.145791
v -0.822579 0.044380 1.149405
v -0.821303 0.045653 1.149620
v -0.821486 0.045592 1.146020
v -0.822579 0.037135 1.144312
v -0.823003 0.035851 1.144510
v -0.823004 0.034087 1.147648
v -0.822579 0.034502 1.147463
v -0.843309 0.038929 1.205859
v -0.843309 0.039697 1.202959
v -0.822579 0.040130 1.203098
v -0.823004 0.039671 1.202958
v -0.823003 0.038902 1.205858
v -0.822579 0.039274 1.206077
v -0.809944 0.046286 1.205135
v -0.814420 0.042498 1.203166
v -0.814422 0.042137 1.206144
v -0.821301 0.042193 1.206146
v -0.821302 0.042553 1.203167
v -0.822579 0.041282 1.203128
v -0.822579 0.040919 1.206120
v -0.822579 0.037873 1.207703
v -0.823003 0.037587 1.207384
v -0.822975 0.036675 1.210242
v -0.822714 0.038407 1.224962
v -0.843309 0.036702 1.210243
v -0.843309 0.037615 1.207385
v -0.814422 0.039992 1.223078
v -0.814425 0.039941 1.226078
v -0.810010 0.043799 1.224461
v -0.822579 0.039643 1.216165
v -0.822905 0.039166 1.228448
v -0.821480 0.039991 1.226083
v -0.821301 0.040043 1.223083
v -0.843309 0.036568 1.186978
v -0.843309 0.035561 1.178638
v -0.814413 0.045718 1.170944
v -0.814420 0.045249 1.179331
v -0.809943 0.049223 1.179792
v -0.809943 0.049711 1.170930
v -0.821303 0.045752 1.170945
v -0.822579 0.044483 1.170856
v -0.822579 0.043704 1.182031
v -0.821302 0.045292 1.179333
v -0.823004 0.036543 1.186977
v -0.822579 0.037010 1.187156
v -0.822579 0.035905 1.177423
v -0.823004 0.035537 1.178638
v -0.814437 0.041020 1.077253
v -0.809917 0.044879 1.076594
v -0.800088 0.094771 1.068184
v -0.804584 0.090950 1.068832
v -0.823864 0.030410 0.930899
v -0.823312 0.030678 0.930906
v -0.822786 0.031344 0.930924
v -0.821065 0.032167 0.930946
v -0.800092 0.090242 0.992448
v -0.804580 0.086278 0.987986
v -0.809919 0.036402 0.935425
v -0.814438 0.032159 0.930947
v -0.800032 0.135677 -0.018171
v -0.804421 0.131620 -0.018079
v -0.804459 0.134939 -0.144113
v -0.800010 0.138977 -0.144215
v -0.804433 0.133083 -0.073652
v -0.800035 0.137132 -0.073737
v -0.800094 0.108756 1.222669
v -0.804503 0.104715 1.222780
v -0.823142 0.043251 1.277085
v -0.823656 0.042922 1.277107
v -0.822982 0.043640 1.277060
v -0.821482 0.044622 1.276998
v -0.814424 0.044609 1.277009
v -0.810011 0.048342 1.273848
v -0.663580 0.102550 -0.360256
v -0.661032 0.102721 -0.360915
v -0.663110 0.099408 -0.365603
v -0.804501 0.114988 1.315480
v -0.803051 0.115582 1.321362
v -0.800896 0.118896 1.314195
v -0.772509 0.130356 1.443046
v -0.771023 0.133934 1.438076
v -0.787724 0.132227 1.423093
v -0.791507 0.128412 1.426003
v -0.794645 0.129709 1.402406
v -0.798986 0.125853 1.403566
v -0.798984 0.116796 1.331860
v -0.794643 0.120792 1.331355
v -0.796129 0.119809 1.323295
v -0.800439 0.116099 1.325991
v -0.745485 0.131395 1.452124
v -0.741586 0.135071 1.447946
v -0.810005 0.054402 1.323084
v -0.814421 0.050471 1.323568
v -0.811510 0.051386 1.331787
v -0.808037 0.055014 1.328624
v -0.776284 0.068890 1.456719
v -0.775451 0.072193 1.451200
v -0.794452 0.069575 1.434273
v -0.798210 0.065869 1.437187
v -0.801937 0.066029 1.411344
v -0.806235 0.061822 1.412563
v -0.801939 0.056200 1.339462
v -0.803908 0.055533 1.333929
v -0.806236 0.052097 1.338279
v -0.748426 0.073583 1.460216
v -0.760001 0.069657 1.462194
v -0.804424 0.122159 0.342384
v -0.800023 0.126142 0.345285
v -0.800032 0.127022 0.312484
v -0.804431 0.122941 0.313235
v -0.603108 0.031865 0.501600
v -0.701656 0.029552 0.597065
v -0.670116 0.030851 0.536887
v -0.694342 0.030202 0.570612
v -0.639720 0.031453 0.513737
v -0.704695 0.029293 0.625444
v -0.709624 0.033087 0.987813
v -0.701572 0.035849 1.026649
v -0.673525 0.038081 1.063019
v -0.638901 0.039241 1.081552
v -0.599474 0.039926 1.088511
v -0.426199 0.039950 1.088512
v -0.707297 0.027853 0.813840
v -0.249290 0.031865 0.501600
v -0.150742 0.029552 0.597065
v -0.182282 0.030851 0.536887
v -0.158056 0.030202 0.570612
v -0.212678 0.031453 0.513737
v -0.147703 0.029293 0.625444
v -0.142773 0.033087 0.987813
v -0.150826 0.035849 1.026649
v -0.178873 0.038081 1.063019
v -0.213496 0.039241 1.081552
v -0.252924 0.039926 1.088511
v -0.145101 0.027853 0.813840
v -0.635185 0.110258 1.318809
v -0.154963 0.110257 1.318802
v -0.135639 0.109356 1.310886
v -0.127293 0.107186 1.291849
v -0.125680 0.097887 1.210228
v -0.130803 0.096427 1.197411
v -0.143603 0.095818 1.192069
v -0.715059 0.095817 1.192062
v -0.724836 0.096048 1.194084
v -0.733555 0.097070 1.203060
v -0.736821 0.099280 1.222455
v -0.730922 0.101582 1.242656
v -0.688021 0.107609 1.295557
v -0.664561 0.109475 1.311933
v -0.425237 0.095817 1.192060
v -0.016451 0.027163 0.627046
v -0.015029 0.032077 0.983680
v -0.016453 0.028554 0.574935
v -0.015031 0.025422 0.814224
v -0.811913 0.068745 1.474746
v -0.016585 0.104612 -0.409281
v -0.040067 0.068745 1.474750
v -0.734900 0.104611 -0.409277
v -0.015832 0.084008 -0.286833
v -0.048692 0.104611 -0.409278
v -0.026185 0.104612 -0.409280
v -0.016479 0.100707 -0.386633
v -0.124546 0.104611 -0.409277
v -0.015836 0.030362 0.297449
v -0.015844 0.040828 0.039243
v -0.015843 0.044463 -0.016265
v -0.015841 0.049700 -0.072050
v -0.015838 0.058467 -0.142431
v -0.024881 0.050173 1.347893
v -0.037316 0.065064 1.452599
v -0.016587 0.037559 1.060922
v -0.015030 0.030566 0.947341
v -0.015030 0.029921 0.930917
v -0.020815 0.042437 1.277146
v -0.843309 0.027163 0.627047
v -0.843308 0.028554 0.574935
v -0.843309 0.025422 0.814225
v -0.843309 0.104612 -0.409280
v -0.843305 0.068746 1.474753
v -0.843309 0.083198 -0.281991
v -0.811545 0.104612 -0.409279
v -0.834854 0.104612 -0.409280
v -0.843309 0.098286 -0.372165
v -0.843307 0.030363 0.297449
v -0.843304 0.040828 0.039243
v -0.843304 0.044463 -0.016265
v -0.843305 0.049700 -0.072050
v -0.843307 0.058468 -0.142431
v -0.843308 0.050174 1.347893
v -0.843305 0.065065 1.452600
v -0.843310 0.029922 0.930923
v -0.843310 0.042438 1.277146
v -0.386898 0.125954 0.334274
v -0.512767 0.125954 0.334274
v -0.512767 0.124166 0.402559
v -0.386898 0.124167 0.402547
v -0.038186 0.079172 0.099919
v -0.042963 0.120526 0.100019
v -0.043031 0.120300 0.131301
v -0.038255 0.078954 0.131290
v -0.016234 0.043074 1.138359
v -0.016232 0.041770 1.140745
v -0.016454 0.030379 0.470128
v -0.016454 0.031265 0.475972
v -0.016440 0.022618 0.443739
v -0.016453 0.023454 0.449777
v -0.015842 0.037708 0.094493
v -0.015841 0.038655 0.104724
v -0.015839 0.036028 0.206043
v -0.015838 0.034297 0.216156
v -0.015840 0.050119 0.151338
v -0.015840 0.049915 0.159603
v -0.015834 0.073743 -0.225149
v -0.015834 0.073527 -0.224823
v -0.015834 0.071229 -0.223372
v -0.015836 0.070785 -0.222692
v -0.016261 0.034588 1.144663
v -0.016257 0.033571 1.146473
v -0.016417 0.039197 1.202946
v -0.016589 0.038484 1.205631
v -0.016757 0.037181 1.207136
v -0.016985 0.036205 1.210185
v -0.016031 0.035063 1.178680
v -0.016087 0.036073 1.187055
v -0.843310 0.041775 1.140742
v -0.843310 0.043089 1.138360
v -0.843307 0.031470 0.475981
v -0.843308 0.030571 0.470140
v -0.843308 0.023477 0.449775
v -0.843308 0.022619 0.443738
v -0.843305 0.038656 0.104724
v -0.843305 0.037708 0.094493
v -0.843306 0.034370 0.216157
v -0.843306 0.036098 0.206044
v -0.843306 0.049921 0.159604
v -0.843306 0.050120 0.151339
v -0.843309 0.073527 -0.224823
v -0.843309 0.073743 -0.225148
v -0.843308 0.070785 -0.222692
v -0.843308 0.071230 -0.223371
v -0.843310 0.033621 1.147533
v -0.843310 0.035520 1.144155
v -0.843310 0.038487 1.205626
v -0.843310 0.039198 1.202943
v -0.843310 0.036205 1.210189
v -0.843310 0.037178 1.207141
v -0.843310 0.036074 1.187056
v -0.843310 0.035063 1.178680
vn -0.0000 -0.9870 0.1609
vn -0.0000 -0.9974 -0.0716
vn -0.0000 -0.9974 -0.0715
vn -0.0000 -0.9041 -0.4274
vn -0.0000 -0.9041 -0.4273
vn -0.0000 -0.9870 0.1608
vn -0.0000 -0.9968 -0.0797
vn -0.0000 -0.9943 -0.1066
vn -0.0000 -0.9968 -0.0798
vn 0.0002 -0.9944 -0.1058
vn 0.0001 -0.9914 -0.1309
vn -0.0000 -0.9914 -0.1310
vn -0.0000 -0.9943 -0.1065
vn -0.0000 -0.9041 -0.4272
vn -0.0000 -0.7927 -0.6096
vn -0.0000 -0.7928 -0.6095
vn -0.0000 -0.7618 -0.6478
vn -0.0000 -0.9863 -0.1650
vn -0.0000 -0.9863 -0.1651
vn -0.0000 -0.9863 -0.1649
vn -0.0000 -0.9863 -0.1652
vn -0.0000 0.9856 -0.1693
vn -0.0000 0.9994 0.0345
vn -0.0000 0.9994 0.0346
vn -0.0000 0.9208 0.3899
vn -0.0000 0.9208 0.3900
vn -0.0000 0.9915 0.1299
vn -0.0000 0.9944 0.1056
vn -0.0001 0.9968 0.0797
vn -0.0001 0.9968 0.0796
vn -0.0000 0.9968 0.0797
vn -0.0000 0.9944 0.1057
vn -0.8140 -0.0300 0.5801
vn -1.0000 -0.0003 0.0052
vn -0.8139 -0.0300 0.5803
vn -1.0000 -0.0003 0.0051
vn -0.8205 0.0297 -0.5708
vn -0.8206 0.0292 -0.5707
vn -1.0000 -0.0002 0.0053
vn -0.8139 -0.0301 0.5803
vn -0.8205 0.0297 -0.5709
vn -0.0028 0.0519 -0.9986
vn 0.8164 0.0300 -0.5768
vn 0.8164 0.0301 -0.5768
vn -0.0029 0.0520 -0.9986
vn 0.8163 0.0299 -0.5768
vn 1.0000 0.0002 -0.0020
vn 1.0000 0.0001 -0.0021
vn 0.8226 -0.0290 0.5679
vn 0.8225 -0.0292 0.5681
vn 1.0000 0.0003 -0.0020
vn 0.8227 -0.0294 0.5678
vn 0.0122 -0.0515 0.9986
vn 0.0124 -0.0515 0.9986
vn -0.0001 0.9209 0.3898
vn -0.0000 0.9209 0.3898
vn -0.0000 0.9856 -0.1692
vn -0.0000 0.9209 0.3899
vn -0.0000 0.7629 0.6465
vn -0.0000 0.8012 0.5983
vn -0.0000 0.8012 0.5984
vn 0.0001 0.8013 0.5983
vn 0.0002 0.8013 0.5983
vn -0.0000 0.7623 0.6472
vn -0.0001 0.7623 0.6472
vn -0.0001 0.8013 0.5983
vn -0.0000 0.1650 -0.9863
vn -0.0000 0.1652 -0.9863
vn -0.0000 0.1651 -0.9863
vn -0.0000 0.1648 -0.9863
vn -1.0000 -0.0001 -0.0000
vn -1.0000 -0.0000 -0.0000
vn -1.0000 0.0001 -0.0000
vn 1.0000 -0.0006 0.0008
vn 1.0000 -0.0000 -0.0000
vn 1.0000 -0.0007 0.0008
vn 1.0000 -0.0004 0.0009
vn 1.0000 0.0001 0.0001
vn 1.0000 0.0001 -0.0000
vn 1.0000 -0.0001 -0.0000
vn -1.0000 0.0002 -0.0000
vn -1.0000 0.0003 -0.0000
vn -1.0000 -0.0000 0.0001
vn -1.0000 0.0001 0.0001
vn -1.0000 -0.0001 0.0001
vn -0.0000 -0.9926 0.1211
vn -0.0000 -0.9895 0.1444
vn -0.0000 -0.9925 0.1219
vn -0.0000 -0.9896 0.1438
vn -0.0000 -0.9882 0.1529
vn -0.0000 -0.8145 -0.5801
vn -0.0000 -0.8142 -0.5806
vn -0.0000 -0.9391 -0.3437
vn -0.0000 -0.9391 -0.3436
vn -0.0000 -0.8144 -0.5802
vn -0.0000 -0.9965 0.0832
vn -0.0000 -0.9950 0.0996
vn -0.0000 -0.9965 0.0834
vn -0.0000 -0.9951 0.0992
vn -0.0000 -0.9965 0.0833
vn -0.0000 -0.9380 -0.3466
vn -0.0000 -0.9989 -0.0463
vn -0.0000 -0.9988 -0.0498
vn 0.9996 -0.0076 0.0278
vn 0.9987 -0.0049 0.0515
vn 0.9988 -0.0048 0.0480
vn 0.9996 -0.0079 0.0288
vn 0.9984 -0.0050 0.0555
vn 0.9981 0.0028 0.0611
vn 0.9983 0.0029 0.0589
vn 0.9984 0.0030 0.0569
vn 1.0000 -0.0038 0.0082
vn 1.0000 -0.0041 0.0082
vn 0.9995 -0.0082 0.0303
vn -1.0000 -0.0004 -0.0000
vn 0.9960 0.0110 0.0892
vn 0.9936 0.0156 0.1121
vn 0.9936 0.0157 0.1120
vn 0.9960 0.0111 0.0892
vn 0.9936 0.0159 0.1121
vn 0.9925 0.0178 0.1206
vn 0.9925 0.0179 0.1206
vn 0.9925 0.0180 0.1205
vn 0.9978 0.0074 0.0662
vn 0.9978 0.0078 0.0661
vn 0.9960 0.0112 0.0892
vn -0.0784 0.9907 -0.1115
vn 0.0038 0.9948 -0.1020
vn -0.0359 0.9945 -0.0981
vn 0.0151 0.9909 -0.1340
vn 0.0400 0.9944 -0.0979
vn 0.0063 0.9966 -0.0821
vn -0.0001 0.9966 -0.0822
vn -0.0057 0.9966 -0.0822
vn -0.0000 0.9985 0.0541
vn -0.0000 0.9352 0.3542
vn -0.0000 0.9351 0.3543
vn -0.0000 0.8112 0.5848
vn -0.0000 0.8111 0.5848
vn -0.0000 0.8118 0.5839
vn -0.0000 0.8115 0.5843
vn -0.0000 0.8122 0.5834
vn -0.0000 0.9367 0.3502
vn -0.0000 0.9353 0.3540
vn -0.0000 0.9338 0.3577
vn 0.0054 0.9966 -0.0827
vn -0.0063 0.9947 -0.1025
vn 0.0328 0.9949 -0.0955
vn -0.0001 0.9965 -0.0833
vn -0.0443 0.9939 -0.1014
vn -0.0989 0.9880 -0.1187
vn -0.0294 0.9901 -0.1371
vn 0.0729 0.9917 -0.1057
vn -0.0000 0.9986 0.0529
vn -0.0000 0.9983 0.0577
vn -0.0000 0.9988 0.0480
vn -0.0067 0.9964 -0.0840
vn -0.0000 0.1552 0.9879
vn -0.0000 0.1556 0.9878
vn -0.0000 0.1554 0.9879
vn -0.0000 0.1559 0.9878
vn -0.0000 0.1560 0.9878
vn -0.0000 0.1555 0.9878
vn -0.0000 0.1557 0.9878
vn -0.0000 0.1553 0.9879
vn 0.0057 0.9882 -0.1533
vn -0.0000 0.9878 -0.1556
vn -0.0005 0.9880 -0.1544
vn -0.0000 0.9878 -0.1558
vn -0.0000 0.9878 -0.1555
vn -0.0007 0.9880 -0.1543
vn -0.0000 0.1649 -0.9863
vn -0.0000 -0.8145 -0.5802
vn -0.0000 -0.9391 -0.3435
vn -0.0000 0.1554 0.9878
vn -0.0000 0.1550 0.9879
vn -0.0065 0.9881 -0.1540
vn 0.0007 0.9880 -0.1544
vn 0.0013 0.9880 -0.1542
vn -0.0000 -0.9943 -0.1062
vn -0.0001 -0.9913 -0.1315
vn -0.0003 -0.9914 -0.1308
vn -0.0000 -0.9944 -0.1057
vn -0.0000 0.9863 0.1651
vn -0.0000 0.9863 0.1650
vn -0.0000 0.9863 0.1649
vn 0.0001 0.9863 0.1650
vn 0.0001 0.9863 0.1651
vn -0.0002 0.9863 0.1651
vn -0.0001 0.9863 0.1651
vn 0.0002 0.9883 -0.1525
vn 0.1020 0.9868 -0.1259
vn -0.1643 0.9745 -0.1527
vn -0.0093 0.9880 -0.1541
vn -0.0054 0.9881 -0.1537
vn -0.0010 0.9883 -0.1525
vn 0.0904 0.9897 -0.1109
vn 0.1437 0.9802 -0.1359
vn 0.0086 0.9882 -0.1530
vn -0.1119 0.9843 -0.1365
vn 0.0055 0.9882 -0.1531
vn -0.0000 -0.9984 -0.0568
vn -0.0000 -0.9959 -0.0908
vn -0.0000 -0.9984 -0.0569
vn -0.0000 -0.9857 -0.1683
vn -0.0000 -0.9696 -0.2447
vn -0.0000 -0.9607 -0.2776
vn -0.0000 -0.9622 -0.2722
vn -0.0000 -0.9799 -0.1993
vn -0.0000 -0.9997 -0.0253
vn -0.0000 -0.9888 0.1495
vn -0.0000 -0.9748 0.2232
vn -0.0000 -0.9737 0.2277
vn -0.0000 -0.9823 0.1871
vn -0.0000 -0.9823 0.1872
vn -0.0000 -0.9957 0.0928
vn -0.0000 -1.0000 -0.0023
vn -0.0000 -0.9990 -0.0449
vn -0.0000 -0.9488 0.3159
vn -0.0000 -0.9648 0.2630
vn -0.0000 -0.9648 0.2631
vn -0.0000 -0.9904 0.1382
vn -0.0000 -0.9999 0.0109
vn -0.0000 -0.9990 -0.0443
vn -0.0000 -0.9997 -0.0230
vn -0.0000 -0.9996 0.0273
vn -0.0000 -0.9996 0.0274
vn -0.0000 -0.9890 0.1479
vn -0.0000 -0.9890 0.1478
vn -0.0000 -0.9639 0.2662
vn -0.0000 -0.9639 0.2661
vn -0.0000 -0.9487 0.3163
vn -0.0000 -0.9986 0.0538
vn -0.0000 -0.9950 -0.0995
vn -0.0000 -0.8770 -0.4804
vn -0.0000 -0.6195 -0.7850
vn -0.0000 -0.6196 -0.7849
vn -0.0000 -0.4900 -0.8717
vn -0.0000 -0.4901 -0.8717
vn -0.0000 -0.4897 -0.8719
vn -0.0000 -0.6163 -0.7875
vn -0.0000 -0.4898 -0.8718
vn -0.0000 -0.8687 -0.4953
vn -0.0000 -0.8687 -0.4954
vn -0.0000 -0.9916 -0.1294
vn -0.0000 -0.9997 0.0225
vn -0.0000 -0.9990 0.0447
vn -0.0000 -0.9978 0.0662
vn -0.0000 -0.9933 0.1153
vn -0.0000 -0.9864 0.1641
vn -0.0000 -0.9864 0.1642
vn -0.0000 -0.9827 0.1853
vn -0.0000 -0.9827 0.1854
vn -0.0000 -0.9852 -0.1716
vn -0.0000 -0.9565 -0.2918
vn -0.0000 -0.9852 -0.1717
vn -0.0000 -0.8282 -0.5605
vn -0.0000 -0.8281 -0.5605
vn -0.0000 -0.6263 -0.7796
vn -0.0000 -0.5262 -0.8503
vn -0.0000 -0.5261 -0.8504
vn -0.0000 -0.9825 -0.1863
vn -0.0000 -0.9543 -0.2988
vn -0.0000 -0.9835 -0.1810
vn -0.0000 -0.8258 -0.5640
vn -0.0000 -0.6253 -0.7804
vn -0.0000 -0.9852 -0.1715
vn -0.0000 -0.5262 -0.8504
vn -0.0000 -0.9835 -0.1808
vn -0.0000 -0.8257 -0.5642
vn -0.0000 -0.6254 -0.7803
vn -0.0000 -0.9805 -0.1965
vn -0.0000 -0.8256 -0.5642
vn -0.0000 -0.9852 -0.1714
vn -0.0000 -0.9565 -0.2916
vn -0.0000 -0.8280 -0.5607
vn -0.0000 -0.8281 -0.5606
vn -0.0000 -0.6261 -0.7797
vn -0.0000 -0.6262 -0.7797
vn -0.0000 0.9601 0.2798
vn -0.0000 0.9691 0.2466
vn -0.0000 0.9855 0.1694
vn -0.0000 0.9958 0.0912
vn -0.0000 0.9984 0.0569
vn -0.0000 0.9855 0.1695
vn -0.0000 0.9743 -0.2254
vn -0.0000 0.9885 -0.1511
vn -0.0000 0.9997 0.0253
vn -0.0000 0.9796 0.2009
vn -0.0000 0.9616 0.2744
vn -0.0000 0.9616 0.2743
vn -0.0000 0.9796 0.2008
vn -0.0000 0.9743 -0.2255
vn -0.0001 0.9990 0.0449
vn 0.0002 1.0000 0.0019
vn 0.0001 1.0000 0.0019
vn -0.0000 0.9990 0.0449
vn 0.0003 1.0000 0.0020
vn 0.0003 0.9956 -0.0940
vn 0.0002 0.9956 -0.0940
vn 0.0002 0.9820 -0.1891
vn 0.0002 0.9820 -0.1890
vn 0.0002 0.9819 -0.1891
vn 0.0001 0.9732 -0.2299
vn -0.0000 0.9732 -0.2299
vn 0.0003 0.9820 -0.1891
vn 0.0003 0.9819 -0.1892
vn 0.0003 0.9820 -0.1890
vn 0.0005 0.9956 -0.0940
vn 0.0005 0.9956 -0.0941
vn 0.0003 1.0000 0.0019
vn 0.0004 1.0000 0.0021
vn 0.0002 1.0000 0.0018
vn -0.0000 0.9990 0.0450
vn -0.0000 0.9990 0.0443
vn -0.0000 0.9999 -0.0108
vn -0.0000 0.9904 -0.1381
vn -0.0000 0.9648 -0.2631
vn -0.0000 0.9488 -0.3159
vn -0.0000 0.9648 -0.2630
vn -0.0000 0.9999 -0.0109
vn -0.0000 0.9487 -0.3163
vn -0.0000 0.9639 -0.2661
vn -0.0000 0.9890 -0.1478
vn -0.0000 0.9996 -0.0274
vn -0.0000 0.9997 0.0230
vn -0.0000 0.9997 0.0231
vn -0.0000 0.9996 -0.0273
vn -0.0000 0.9890 -0.1479
vn -0.0000 0.9639 -0.2662
vn -0.0000 0.9986 -0.0538
vn -0.0000 0.9950 0.0995
vn -0.0000 0.8771 0.4804
vn -0.0000 0.8770 0.4804
vn -0.0000 0.6196 0.7849
vn -0.0000 0.6195 0.7850
vn -0.0000 0.4900 0.8717
vn -0.0000 0.4901 0.8717
vn -0.0000 0.9997 -0.0225
vn -0.0000 0.9916 0.1293
vn -0.0000 0.8687 0.4954
vn -0.0000 0.6162 0.7876
vn 0.0001 0.6163 0.7875
vn -0.0000 0.6163 0.7875
vn -0.0000 0.4897 0.8719
vn 0.0001 0.8687 0.4954
vn -0.0000 0.9916 0.1294
vn -0.0000 0.9990 -0.0447
vn -0.0000 0.9978 -0.0662
vn -0.0000 0.9933 -0.1153
vn -0.0000 0.9864 -0.1641
vn -0.0000 0.9864 -0.1642
vn -0.0000 0.9827 -0.1853
vn -0.0000 0.9852 0.1715
vn -0.0000 0.9565 0.2918
vn -0.0000 0.8282 0.5604
vn -0.0000 0.8282 0.5605
vn -0.0000 0.6263 0.7796
vn -0.0000 0.5261 0.8504
vn -0.0000 0.5262 0.8504
vn -0.0000 0.5263 0.8503
vn -0.0000 0.6262 0.7797
vn -0.0000 0.8281 0.5606
vn -0.0000 0.9565 0.2916
vn -0.0000 0.9852 0.1713
vn -0.0000 0.9835 0.1808
vn -0.0000 0.9543 0.2988
vn -0.0000 0.8257 0.5642
vn -0.0000 0.8256 0.5642
vn -0.0000 0.6253 0.7804
vn 0.0001 0.5260 0.8505
vn -0.0000 0.5260 0.8505
vn -0.0000 0.8258 0.5640
vn -0.0000 0.9543 0.2987
vn -0.0000 0.9835 0.1810
vn 1.0000 -0.0002 -0.0000
vn -1.0000 -0.0002 -0.0000
vn 1.0000 -0.0002 0.0001
vn 1.0000 -0.0001 -0.0001
vn -1.0000 -0.0000 -0.0001
vn -1.0000 0.0002 0.0001
vn 1.0000 -0.0000 0.0001
vn 1.0000 -0.0000 -0.0001
vn -1.0000 0.0001 -0.0002
vn -0.0000 -0.9904 0.1381
vn -0.0000 -0.9999 0.0110
vn -0.0000 -0.9999 0.0108
vn -0.0000 -0.9999 0.0111
vn -0.0000 -0.9990 -0.0442
vn -0.0000 -0.9959 -0.0909
vn -0.0000 -1.0000 -0.0024
vn -0.0000 -0.9986 0.0537
vn -0.0000 -0.8771 -0.4804
vn -0.0000 -0.9825 -0.1860
vn -0.0000 -0.6253 -0.7803
vn -0.0000 -0.9984 -0.0564
vn -0.0000 -0.9593 -0.2822
vn -0.0000 -0.9986 -0.0521
vn 0.0005 -0.9987 -0.0514
vn 0.0004 -0.9987 -0.0513
vn -0.0000 -0.9986 -0.0520
vn -0.0000 -0.9986 -0.0522
vn -0.0000 -0.9724 0.2334
vn -0.0000 -0.9982 -0.0593
vn -1.0000 -0.0003 -0.0000
vn -0.0000 -0.9463 0.3233
vn -0.0000 -0.9999 -0.0164
vn -0.0000 -0.9998 0.0181
vn -0.0000 -0.9997 -0.0231
vn -0.0000 -0.4730 -0.8811
vn -0.0000 -0.4729 -0.8811
vn -0.0000 -0.9985 0.0556
vn -0.0000 -0.9991 0.0417
vn -0.0000 -0.9821 0.1884
vn -1.0000 -0.0001 -0.0001
vn -0.0000 -0.5123 -0.8588
vn -0.0000 -0.5124 -0.8588
vn -0.0000 -0.5124 -0.8587
vn 0.0004 -0.9914 -0.1307
vn 0.0001 -0.9889 -0.1487
vn 0.0002 -0.9890 -0.1480
vn -0.0000 -0.9890 -0.1479
vn -0.0001 -0.9889 -0.1484
vn -0.0002 -0.9890 -0.1479
vn -0.0001 -0.9863 -0.1650
vn -0.0001 -0.9986 -0.0520
vn -0.0001 -0.9986 -0.0524
vn -0.0000 -0.9987 -0.0512
vn -0.0002 -0.9987 -0.0518
vn 0.0010 -0.9988 -0.0499
vn -0.0001 0.9587 0.2845
vn -0.0000 0.9587 0.2845
vn -0.0002 0.9587 0.2845
vn -0.0000 0.9986 0.0521
vn -0.0000 0.9587 0.2844
vn -0.0000 0.9718 -0.2357
vn 0.0001 0.9718 -0.2357
vn -0.0001 0.9718 -0.2357
vn -0.0002 0.9718 -0.2357
vn -0.0001 0.9732 -0.2298
vn -0.0001 0.9982 0.0593
vn 0.0002 0.9990 0.0449
vn -0.0002 0.9982 0.0593
vn 0.0001 0.9982 0.0593
vn -0.0000 0.9463 -0.3233
vn -0.0000 0.9463 -0.3232
vn -0.0000 0.9998 -0.0182
vn -0.0000 0.9999 0.0164
vn -0.0000 0.9998 -0.0181
vn -0.0000 0.4729 0.8811
vn -0.0000 0.4898 0.8719
vn -0.0000 0.9985 -0.0556
vn -0.0000 0.4730 0.8811
vn -0.0000 0.9991 -0.0417
vn -0.0000 0.9821 -0.1884
vn -0.0000 0.5123 0.8588
vn 0.0001 0.5261 0.8504
vn -0.0000 0.9890 0.1477
vn -0.0000 0.5124 0.8588
vn -0.0000 0.5124 0.8587
vn -0.0001 0.9863 0.1650
vn -0.0002 -0.9986 -0.0522
vn -0.0003 -0.9986 -0.0524
vn -0.0003 -0.9987 -0.0515
vn -0.0000 0.9880 -0.1547
vn -0.0000 0.9972 0.0743
vn 0.0001 0.9972 0.0751
vn -0.0000 0.9048 0.4259
vn 0.0001 0.9051 0.4252
vn -0.0000 0.9041 0.4273
vn -0.0000 0.9875 -0.1577
vn -0.0000 0.9974 0.0717
vn -0.0000 0.9943 0.1066
vn -0.0002 0.9944 0.1058
vn -0.0001 0.9914 0.1311
vn -0.0004 0.9914 0.1307
vn -0.0000 0.9914 0.1310
vn -0.0000 0.9968 0.0798
vn -0.0000 0.9943 0.1065
vn -0.0001 0.9051 0.4252
vn -0.0000 0.7937 0.6084
vn -0.0000 0.9048 0.4257
vn -0.0000 0.7928 0.6095
vn -0.0000 0.7618 0.6479
vn -0.0000 0.7944 0.6073
vn -0.0000 0.7625 0.6470
vn 0.0053 -0.9862 0.1653
vn 0.0066 -0.9993 -0.0365
vn 0.0132 -0.9991 -0.0391
vn 0.0071 -0.9211 -0.3892
vn 0.0142 -0.9215 -0.3882
vn -0.0000 -0.9208 -0.3899
vn 0.0027 -0.9859 0.1673
vn -0.0000 -0.9994 -0.0347
vn -0.0013 -0.9915 -0.1299
vn -0.0008 -0.9944 -0.1056
vn -0.0012 -0.9944 -0.1057
vn -0.0006 -0.9968 -0.0797
vn -0.0011 -0.9968 -0.0797
vn -0.0001 -0.9968 -0.0796
vn -0.0006 -0.9915 -0.1299
vn -0.0000 -0.9944 -0.1056
vn 0.0013 -0.9968 -0.0797
vn 0.0008 -0.9944 -0.1057
vn 0.0013 -0.9944 -0.1057
vn 0.0006 -0.9915 -0.1299
vn 0.0013 -0.9915 -0.1299
vn -0.0000 -0.9915 -0.1299
vn 0.0007 -0.9968 -0.0797
vn 0.8007 -0.1644 -0.5761
vn 0.9978 -0.0655 -0.0088
vn 0.9912 -0.1317 -0.0119
vn 0.8180 -0.1195 0.5626
vn 0.8081 -0.2127 0.5492
vn 0.8206 -0.0297 0.5707
vn 0.8112 -0.0651 -0.5811
vn 1.0000 0.0002 -0.0053
vn 0.0028 -0.1702 0.9854
vn 0.0027 -0.2970 0.9549
vn -0.8138 -0.1196 0.5686
vn -0.8041 -0.2126 0.5552
vn -0.8164 -0.0300 0.5768
vn 0.0029 -0.0520 0.9986
vn -0.9979 -0.0654 -0.0013
vn -0.9913 -0.1312 -0.0047
vn -0.8199 -0.0639 -0.5690
vn -0.8097 -0.1608 -0.5644
vn -0.8225 0.0293 -0.5681
vn -1.0000 0.0001 0.0020
vn -0.0120 -0.0756 -0.9971
vn -0.0128 -0.2158 -0.9764
vn 0.8138 0.0300 -0.5803
vn -0.0121 0.0515 -0.9986
vn -0.0141 -0.9215 -0.3882
vn -0.0066 -0.9993 -0.0364
vn -0.0131 -0.9992 -0.0390
vn -0.0029 -0.9859 0.1675
vn -0.0052 -0.9862 0.1654
vn -0.0000 -0.9856 0.1694
vn -0.0071 -0.9211 -0.3892
vn -0.0000 -0.9994 -0.0346
vn 0.0008 -0.7645 -0.6446
vn -0.0035 -0.8019 -0.5975
vn -0.0073 -0.8027 -0.5964
vn -0.0000 -0.9208 -0.3900
vn 0.0004 -0.7637 -0.6455
vn -0.0000 -0.8013 -0.5983
vn 0.0040 -0.8019 -0.5975
vn 0.0072 -0.8027 -0.5964
vn -0.0002 -0.7630 -0.6464
vn -0.0006 -0.7640 -0.6453
vn -0.0000 -0.7623 -0.6472
vn -0.0000 -0.1655 0.9862
vn -0.0000 -0.1649 0.9863
vn -0.0000 -0.1651 0.9863
vn -0.0000 -0.1648 0.9863
vn -0.0000 -0.1654 0.9862
vn -0.0000 -0.1650 0.9863
vn -0.0000 -0.1647 0.9863
vn 0.9984 0.0496 0.0273
vn 0.9997 0.0187 0.0145
vn 0.9997 0.0169 0.0160
vn 1.0000 -0.0015 -0.0015
vn 1.0000 -0.0022 0.0010
vn 1.0000 -0.0008 -0.0041
vn 0.9989 0.0431 0.0182
vn 0.9998 0.0183 0.0103
vn -1.0000 -0.0009 0.0006
vn -0.9997 0.0187 0.0144
vn -0.9997 0.0169 0.0160
vn -0.9989 0.0430 0.0181
vn -0.9984 0.0495 0.0273
vn -0.9994 0.0340 0.0110
vn -1.0000 -0.0006 -0.0023
vn -0.9998 0.0183 0.0102
vn -0.9990 0.0442 0.0029
vn -0.9982 0.0607 0.0008
vn -0.9998 0.0195 -0.0051
vn -0.9995 0.0276 -0.0132
vn -0.9999 0.0130 0.0012
vn -0.9995 0.0319 0.0061
vn -1.0000 -0.0038 -0.0003
vn -1.0000 -0.0042 -0.0004
vn -1.0000 -0.0040 -0.0004
vn -1.0000 -0.0036 -0.0005
vn -1.0000 -0.0038 -0.0005
vn -1.0000 -0.0033 -0.0004
vn -1.0000 -0.0042 -0.0003
vn -1.0000 -0.0037 -0.0004
vn 1.0000 -0.0033 -0.0004
vn 1.0000 -0.0040 -0.0004
vn 1.0000 -0.0041 -0.0004
vn 1.0000 -0.0038 -0.0003
vn 1.0000 -0.0040 -0.0003
vn 1.0000 -0.0037 -0.0003
vn 1.0000 -0.0039 -0.0005
vn 0.9995 0.0272 -0.0131
vn 0.9990 0.0442 0.0029
vn 0.9982 0.0605 0.0008
vn 0.9994 0.0340 0.0111
vn 0.9998 0.0195 -0.0051
vn 0.9995 0.0321 0.0061
vn -0.0000 0.9926 -0.1211
vn -0.0000 0.9895 -0.1444
vn -0.0000 0.9896 -0.1437
vn -0.0000 0.9883 -0.1528
vn -0.0000 0.9883 -0.1527
vn -0.0000 0.9882 -0.1529
vn -0.0000 0.9925 -0.1219
vn -0.0000 0.7631 0.6463
vn -0.0000 0.8151 0.5793
vn -0.0000 0.8157 0.5785
vn -0.0000 0.9390 0.3439
vn -0.0000 0.9376 0.3476
vn -0.0000 0.9391 0.3436
vn -0.0000 0.7624 0.6471
vn -0.0000 0.8144 0.5803
vn -0.0000 0.9968 -0.0803
vn -0.0000 0.9950 -0.0996
vn -0.0000 0.9951 -0.0992
vn -0.0000 0.9966 -0.0821
vn -0.0000 0.9988 0.0484
vn -0.0000 0.9985 0.0547
vn -0.0000 0.9965 -0.0833
vn -0.0000 0.9989 0.0463
vn 1.0000 -0.0006 0.0001
vn 0.9999 -0.0152 0.0022
vn 0.9999 -0.0155 0.0026
vn 0.9996 -0.0285 0.0041
vn 0.9995 -0.0304 0.0052
vn 0.9999 -0.0100 0.0014
vn 1.0000 -0.0022 0.0003
vn 1.0000 -0.0069 0.0009
vn 0.9994 -0.0317 -0.0106
vn 0.9996 -0.0228 -0.0163
vn 0.9991 -0.0404 -0.0145
vn 0.9995 -0.0235 -0.0216
vn 0.9985 -0.0508 -0.0205
vn 0.9997 -0.0206 -0.0103
vn -0.9990 -0.0209 -0.0385
vn -0.9981 -0.0296 -0.0535
vn -0.9985 -0.0323 -0.0432
vn -0.9978 -0.0406 -0.0518
vn -0.9977 -0.0459 -0.0506
vn -0.9983 -0.0182 -0.0548
vn -0.9984 -0.0194 -0.0540
vn -0.9983 -0.0148 -0.0569
vn -0.9995 -0.0186 -0.0245
vn -0.9993 -0.0213 -0.0301
vn -1.0000 -0.0005 -0.0053
vn -0.9997 -0.0142 -0.0180
vn 1.0000 -0.0036 0.0004
vn 1.0000 0.0032 -0.0003
vn 0.9999 -0.0133 0.0049
vn 1.0000 -0.0034 0.0003
vn 0.9999 -0.0113 0.0016
vn -0.9960 -0.0105 -0.0893
vn -0.9935 -0.0302 -0.1100
vn -0.9959 -0.0177 -0.0884
vn -0.9931 -0.0481 -0.1073
vn -0.9959 -0.0243 -0.0873
vn -0.9919 -0.0540 -0.1148
vn -0.9936 -0.0126 -0.1125
vn -0.9924 -0.0327 -0.1182
vn -0.9982 -0.0118 -0.0589
vn -0.9978 -0.0078 -0.0661
vn -0.9978 -0.0071 -0.0661
vn -0.9978 -0.0084 -0.0662
vn 1.0000 -0.0096 -0.0013
vn 0.9994 -0.0340 -0.0023
vn 0.9991 -0.0422 0.0021
vn 0.9996 -0.0265 -0.0055
vn 0.0794 -0.9907 0.1109
vn -0.0035 -0.9947 0.1023
vn -0.0098 -0.9909 0.1343
vn -0.0400 -0.9944 0.0979
vn -0.0908 -0.9897 0.1109
vn -0.0063 -0.9966 0.0823
vn 0.0310 -0.9947 0.0976
vn -0.0037 -0.9967 0.0808
vn -0.0012 -0.9968 0.0794
vn -0.0067 -0.9984 -0.0561
vn -0.0000 -0.9985 -0.0540
vn -0.0000 -0.9351 -0.3543
vn -0.0135 -0.9983 -0.0574
vn -0.0085 -0.9352 -0.3539
vn -0.0169 -0.9352 -0.3536
vn -0.0049 -0.8124 -0.5831
vn -0.0000 -0.8112 -0.5848
vn -0.0099 -0.8133 -0.5818
vn 0.0049 -0.8130 -0.5822
vn -0.0000 -0.8122 -0.5834
vn -0.0000 -0.7629 -0.6466
vn -0.0000 -0.9367 -0.3503
vn 0.0098 -0.8134 -0.5817
vn 0.0086 -0.9354 -0.3534
vn 0.0021 -0.9969 0.0788
vn 0.0065 -0.9947 0.1028
vn 0.0036 -0.9967 0.0816
vn 0.0443 -0.9939 0.1013
vn 0.0066 -0.9964 0.0840
vn 0.0996 -0.9879 0.1187
vn -0.0276 -0.9951 0.0953
vn 0.0265 -0.9902 0.1371
vn 0.0171 -0.9332 -0.3591
vn 0.0071 -0.9985 -0.0551
vn -0.0001 -0.9988 -0.0483
vn 0.0146 -0.9978 -0.0641
vn -0.0000 -0.1501 -0.9887
vn -0.0000 -0.1536 -0.9881
vn -0.0000 -0.1530 -0.9882
vn -0.0000 -0.1558 -0.9878
vn -0.0000 -0.1570 -0.9876
vn -0.0000 -0.1555 -0.9878
vn -0.0000 -0.1553 -0.9879
vn -0.0000 -0.1552 -0.9879
vn -0.0066 -0.9882 0.1532
vn -0.0000 -0.9878 0.1557
vn -0.0000 -0.9878 0.1558
vn -0.0000 -0.9878 0.1555
vn 0.0005 -0.9880 0.1546
vn -0.0000 -0.9878 0.1556
vn -0.0000 -0.1652 0.9863
vn -0.0000 0.8153 0.5791
vn -0.0000 0.9394 0.3427
vn -0.0000 0.8163 0.5776
vn -0.0000 -0.1561 -0.9877
vn -0.0000 -0.1562 -0.9877
vn -0.0000 -0.1560 -0.9878
vn -0.0000 -0.1556 -0.9878
vn -0.0000 0.9966 -0.0822
vn 0.0075 -0.9880 0.1540
vn -0.0005 -0.9880 0.1546
vn -0.0000 0.9967 -0.0810
vn -0.0000 0.9987 0.0501
vn -0.0000 0.9870 -0.1608
vn -0.0000 0.9972 0.0744
vn -0.0000 0.9875 -0.1575
vn -0.0001 0.9972 0.0752
vn 0.0001 0.9943 0.1065
vn 0.0001 0.9913 0.1315
vn 0.0003 0.9914 0.1308
vn 0.0001 0.9944 0.1060
vn 0.0001 -0.9863 -0.1649
vn 0.0001 -0.9863 -0.1650
vn -0.0000 0.7944 0.6074
vn 0.0001 -0.1651 0.9863
vn 0.0001 -0.1649 0.9863
vn 0.0001 -0.1653 0.9862
vn 0.0002 -0.1651 0.9863
vn -0.0730 -0.9918 0.1051
vn 0.0079 -0.9881 0.1535
vn 0.1692 -0.9736 0.1530
vn 0.0014 -0.9880 0.1544
vn 0.0135 -0.9879 0.1547
vn 0.0266 -0.9874 0.1560
vn -0.1125 -0.9858 0.1244
vn -0.0038 -0.9883 0.1525
vn -0.1469 -0.9798 0.1358
vn 0.1257 -0.9827 0.1360
vn -0.0196 -0.9881 0.1528
vn -0.0108 -0.9881 0.1531
vn -0.0013 -0.9880 0.1542
vn -0.0000 0.9984 0.0568
vn -0.0000 0.9959 0.0908
vn -0.0000 0.9958 0.0915
vn -0.0000 0.9857 0.1683
vn -0.0000 0.9696 0.2448
vn -0.0000 0.9698 0.2441
vn -0.0000 0.9607 0.2777
vn -0.0000 0.9607 0.2776
vn -0.0000 0.9622 0.2722
vn -0.0000 0.9799 0.1993
vn -0.0000 0.9801 0.1987
vn -0.0000 0.9624 0.2716
vn -0.0000 0.9888 -0.1495
vn -0.0000 0.9888 -0.1490
vn -0.0000 0.9749 -0.2226
vn -0.0000 0.9748 -0.2232
vn -0.0000 0.9737 -0.2276
vn -0.0000 0.9824 -0.1867
vn -0.0000 0.9738 -0.2273
vn -0.0000 0.9824 -0.1866
vn -0.0000 0.9739 -0.2272
vn -0.0000 0.9957 -0.0928
vn -0.0000 0.9823 -0.1872
vn -0.0000 1.0000 0.0023
vn -0.0000 1.0000 0.0018
vn -0.0000 0.9990 0.0444
vn -0.0000 0.9649 -0.2626
vn -0.0000 0.9489 -0.3156
vn -0.0000 0.9651 -0.2619
vn -0.0000 0.9490 -0.3153
vn 0.0001 0.9904 -0.1381
vn -0.0000 0.9999 -0.0114
vn 0.0001 0.9999 -0.0119
vn -0.0000 0.9990 0.0437
vn -0.0000 0.9990 0.0440
vn -0.0000 0.9996 -0.0279
vn -0.0000 0.9996 -0.0284
vn -0.0000 0.9997 0.0225
vn -0.0000 0.9642 -0.2653
vn -0.0000 0.9490 -0.3152
vn -0.0000 0.9949 0.1010
vn -0.0000 0.9986 -0.0530
vn 0.0001 0.9948 0.1019
vn -0.0000 0.9986 -0.0524
vn 0.0001 0.8771 0.4804
vn -0.0000 0.6208 0.7839
vn 0.0001 0.6214 0.7835
vn -0.0000 0.4914 0.8709
vn -0.0000 0.4908 0.8713
vn -0.0000 0.6171 0.7868
vn -0.0000 0.6183 0.7859
vn -0.0000 0.4910 0.8712
vn -0.0001 0.8687 0.4954
vn -0.0000 0.9915 0.1305
vn -0.0001 0.9913 0.1320
vn -0.0000 0.9998 -0.0213
vn -0.0000 0.9998 -0.0219
vn -0.0000 0.9978 -0.0666
vn -0.0000 0.9990 -0.0446
vn -0.0000 0.9933 -0.1154
vn -0.0000 0.9865 -0.1638
vn -0.0000 0.9865 -0.1637
vn -0.0000 0.9827 -0.1851
vn -0.0000 0.9827 -0.1854
vn 0.0003 0.9556 0.2946
vn 0.0001 0.9849 0.1729
vn 0.0007 0.9545 0.2981
vn 0.0002 0.9847 0.1745
vn 0.0010 0.8285 0.5600
vn -0.0000 0.9565 0.2917
vn 0.0003 0.8275 0.5615
vn -0.0000 0.8280 0.5607
vn 0.0005 0.6290 0.7774
vn 0.0009 0.6341 0.7733
vn 0.0005 0.5316 0.8470
vn -0.0000 0.6262 0.7796
vn 0.0004 0.5312 0.8472
vn -0.0000 0.9825 0.1861
vn 0.0021 0.9533 0.3020
vn 0.0006 0.9832 0.1825
vn 0.0042 0.9527 0.3040
vn 0.0013 0.9829 0.1841
vn 0.0061 0.8257 0.5641
vn 0.0030 0.8257 0.5642
vn -0.0000 0.8257 0.5641
vn 0.0021 0.6279 0.7783
vn 0.0042 0.6295 0.7770
vn 0.0014 0.5293 0.8485
vn -0.0000 0.6254 0.7803
vn 0.0007 0.5277 0.8494
vn -0.0011 0.9829 0.1841
vn -0.0017 0.9534 0.3018
vn -0.0005 0.9832 0.1824
vn -0.0000 0.9544 0.2986
vn -0.0034 0.9527 0.3038
vn -0.0025 0.8257 0.5642
vn -0.0050 0.8257 0.5641
vn -0.0017 0.6278 0.7784
vn -0.0034 0.6295 0.7770
vn -0.0005 0.5278 0.8494
vn -0.0000 0.9805 0.1965
vn -0.0000 0.9805 0.1966
vn -0.0002 0.9847 0.1745
vn -0.0003 0.9557 0.2944
vn -0.0001 0.9849 0.1729
vn -0.0000 0.9566 0.2915
vn -0.0007 0.9545 0.2981
vn -0.0003 0.8275 0.5614
vn -0.0010 0.8287 0.5598
vn -0.0005 0.6289 0.7775
vn -0.0000 0.6261 0.7797
vn -0.0009 0.6343 0.7731
vn -0.0004 0.5312 0.8472
vn 0.0006 -0.9601 -0.2797
vn 0.0015 -0.9691 -0.2465
vn -0.0000 -0.9691 -0.2466
vn -0.0000 -0.9601 -0.2798
vn -0.0000 -0.9855 -0.1694
vn 0.0029 -0.9692 -0.2463
vn 0.0022 -0.9855 -0.1694
vn 0.0044 -0.9855 -0.1694
vn 0.0017 -0.9958 -0.0914
vn -0.0000 -0.9958 -0.0912
vn -0.0000 -0.9984 -0.0570
vn 0.0033 -0.9958 -0.0915
vn 0.0004 -0.9984 -0.0571
vn -0.0012 -0.9984 -0.0571
vn -0.0015 -0.9958 -0.0914
vn -0.0008 -0.9984 -0.0571
vn -0.0000 -0.9855 -0.1695
vn -0.0031 -0.9958 -0.0916
vn -0.0025 -0.9855 -0.1696
vn -0.0042 -0.9855 -0.1695
vn -0.0016 -0.9692 -0.2465
vn -0.0028 -0.9692 -0.2462
vn -0.0004 -0.9601 -0.2796
vn -0.0025 -0.9743 0.2251
vn -0.0032 -0.9886 0.1509
vn -0.0011 -0.9743 0.2253
vn -0.0000 -0.9885 0.1511
vn -0.0000 -0.9743 0.2254
vn -0.0065 -0.9886 0.1505
vn -0.0045 -0.9997 -0.0253
vn -0.0089 -0.9996 -0.0253
vn -0.0035 -0.9797 -0.2006
vn -0.0000 -0.9796 -0.2008
vn -0.0000 -0.9616 -0.2744
vn -0.0064 -0.9797 -0.2003
vn -0.0014 -0.9616 -0.2743
vn 0.0021 -0.9617 -0.2741
vn 0.0030 -0.9797 -0.2006
vn 0.0008 -0.9617 -0.2743
vn -0.0000 -0.9616 -0.2743
vn 0.0061 -0.9797 -0.2003
vn 0.0045 -0.9997 -0.0252
vn 0.0087 -0.9996 -0.0252
vn 0.0030 -0.9886 0.1508
vn 0.0064 -0.9886 0.1505
vn 0.0011 -0.9743 0.2253
vn 0.0016 -0.9990 -0.0446
vn 0.0016 -1.0000 -0.0018
vn 0.0004 -0.9990 -0.0449
vn -0.0003 -1.0000 -0.0020
vn 0.0001 -0.9990 -0.0449
vn -0.0003 -0.9956 0.0940
vn 0.0037 -1.0000 -0.0014
vn 0.0023 -0.9956 0.0940
vn 0.0052 -0.9956 0.0941
vn 0.0020 -0.9820 0.1889
vn -0.0002 -0.9819 0.1891
vn -0.0000 -0.9732 0.2299
vn 0.0039 -0.9820 0.1887
vn 0.0004 -0.9733 0.2297
vn -0.0014 -0.9733 0.2297
vn -0.0021 -0.9820 0.1889
vn -0.0003 -0.9732 0.2299
vn -0.0003 -0.9820 0.1890
vn -0.0001 -0.9732 0.2298
vn -0.0005 -0.9956 0.0940
vn -0.0043 -0.9820 0.1888
vn -0.0033 -0.9956 0.0940
vn -0.0059 -0.9956 0.0940
vn -0.0023 -1.0000 -0.0017
vn -0.0004 -1.0000 -0.0018
vn -0.0000 -0.9990 -0.0448
vn -0.0037 -1.0000 -0.0015
vn -0.0007 -0.9990 -0.0447
vn 0.0016 -0.9990 -0.0440
vn 0.0023 -0.9999 0.0113
vn 0.0005 -0.9990 -0.0442
vn 0.0052 -0.9999 0.0119
vn 0.0035 -0.9904 0.1381
vn 0.0070 -0.9904 0.1381
vn 0.0028 -0.9649 0.2628
vn 0.0049 -0.9650 0.2622
vn 0.0007 -0.9489 0.3155
vn -0.0016 -0.9489 0.3156
vn -0.0024 -0.9649 0.2627
vn -0.0008 -0.9489 0.3157
vn -0.0052 -0.9650 0.2622
vn -0.0036 -0.9904 0.1381
vn -0.0072 -0.9904 0.1381
vn -0.0028 -0.9999 0.0112
vn -0.0051 -0.9999 0.0118
vn -0.0006 -0.9990 -0.0439
vn -0.0012 -0.9488 0.3160
vn -0.0020 -0.9640 0.2659
vn -0.0003 -0.9487 0.3162
vn -0.0000 -0.9487 0.3162
vn -0.0044 -0.9642 0.2653
vn -0.0031 -0.9890 0.1479
vn -0.0063 -0.9890 0.1478
vn -0.0026 -0.9996 0.0276
vn -0.0046 -0.9996 0.0282
vn -0.0006 -0.9997 -0.0227
vn 0.0011 -0.9997 -0.0224
vn 0.0019 -0.9996 0.0277
vn 0.0007 -0.9997 -0.0227
vn 0.0044 -0.9996 0.0284
vn 0.0031 -0.9890 0.1478
vn 0.0062 -0.9890 0.1478
vn 0.0026 -0.9640 0.2659
vn 0.0043 -0.9642 0.2652
vn 0.0006 -0.9488 0.3160
vn -0.0038 -0.9986 0.0525
vn -0.0063 -0.9949 -0.1008
vn -0.0019 -0.9986 0.0531
vn -0.0000 -0.9950 -0.0996
vn -0.0123 -0.9947 -0.1021
vn -0.0088 -0.8770 -0.4804
vn -0.0175 -0.8769 -0.4803
vn -0.0062 -0.6205 -0.7842
vn -0.0001 -0.6196 -0.7849
vn -0.0122 -0.6215 -0.7833
vn -0.0022 -0.4906 -0.8714
vn 0.0041 -0.4913 -0.8710
vn 0.0061 -0.6205 -0.7842
vn 0.0020 -0.4906 -0.8714
vn 0.0124 -0.6216 -0.7832
vn 0.0088 -0.8770 -0.4804
vn 0.0177 -0.8769 -0.4804
vn 0.0062 -0.9949 -0.1006
vn 0.0123 -0.9947 -0.1022
vn 0.0018 -0.9986 0.0531
vn -0.0049 -0.9998 0.0211
vn -0.0081 -0.9914 -0.1310
vn -0.0024 -0.9998 0.0218
vn -0.0000 -0.9997 0.0224
vn -0.0160 -0.9912 -0.1317
vn -0.0119 -0.8686 -0.4954
vn -0.0239 -0.8684 -0.4952
vn -0.0082 -0.6175 -0.7866
vn -0.0161 -0.6180 -0.7860
vn -0.0024 -0.4905 -0.8714
vn 0.0048 -0.4911 -0.8711
vn 0.0080 -0.6175 -0.7865
vn 0.0023 -0.4904 -0.8715
vn -0.0000 -0.4898 -0.8719
vn 0.0160 -0.6180 -0.7860
vn 0.0119 -0.8686 -0.4954
vn 0.0238 -0.8685 -0.4952
vn 0.0080 -0.9914 -0.1309
vn 0.0159 -0.9912 -0.1317
vn 0.0023 -0.9998 0.0217
vn 0.0005 -0.9990 0.0448
vn 0.0009 -0.9978 0.0663
vn 0.0002 -0.9990 0.0447
vn -0.0000 -0.9978 0.0663
vn -0.0000 -0.9933 0.1154
vn 0.0016 -0.9978 0.0664
vn 0.0016 -0.9933 0.1154
vn 0.0025 -0.9933 0.1153
vn 0.0010 -0.9865 0.1640
vn 0.0018 -0.9865 0.1639
vn 0.0002 -0.9827 0.1852
vn -0.0005 -0.9827 0.1853
vn -0.0009 -0.9864 0.1641
vn -0.0002 -0.9827 0.1853
vn -0.0021 -0.9865 0.1639
vn -0.0017 -0.9933 0.1152
vn -0.0028 -0.9933 0.1153
vn -0.0010 -0.9978 0.0663
vn -0.0021 -0.9978 0.0664
vn -0.0002 -0.9990 0.0448
vn -0.0042 -0.9846 -0.1747
vn -0.0061 -0.9555 -0.2949
vn -0.0020 -0.9849 -0.1730
vn -0.0000 -0.9565 -0.2917
vn -0.0000 -0.9852 -0.1713
vn -0.0122 -0.9548 -0.2969
vn -0.0088 -0.8281 -0.5605
vn -0.0177 -0.8281 -0.5604
vn -0.0061 -0.6289 -0.7775
vn -0.0122 -0.6305 -0.7761
vn -0.0019 -0.5279 -0.8493
vn 0.0038 -0.5295 -0.8483
vn 0.0061 -0.6288 -0.7775
vn 0.0019 -0.5279 -0.8493
vn 0.0122 -0.6305 -0.7761
vn 0.0089 -0.8281 -0.5605
vn 0.0177 -0.8280 -0.5604
vn 0.0061 -0.9555 -0.2950
vn 0.0122 -0.9548 -0.2970
vn 0.0020 -0.9849 -0.1731
vn -0.0034 -0.9829 -0.1840
vn -0.0049 -0.9534 -0.3016
vn -0.0017 -0.9832 -0.1824
vn -0.0000 -0.9543 -0.2987
vn -0.0000 -0.9835 -0.1807
vn -0.0000 -0.8257 -0.5641
vn -0.0099 -0.9523 -0.3051
vn -0.0070 -0.8256 -0.5642
vn -0.0139 -0.8256 -0.5641
vn -0.0049 -0.6277 -0.7785
vn -0.0100 -0.6305 -0.7762
vn -0.0017 -0.5277 -0.8495
vn 0.0034 -0.5293 -0.8484
vn 0.0050 -0.6276 -0.7785
vn 0.0017 -0.5276 -0.8495
vn -0.0000 -0.8257 -0.5640
vn 0.0100 -0.6305 -0.7761
vn 0.0070 -0.8257 -0.5640
vn 0.0139 -0.8256 -0.5641
vn 0.0049 -0.9534 -0.3016
vn 0.0099 -0.9523 -0.3051
vn 0.0017 -0.9832 -0.1825
vn -1.0000 -0.0032 -0.0007
vn -1.0000 -0.0084 -0.0020
vn -1.0000 -0.0029 -0.0009
vn -1.0000 -0.0087 -0.0026
vn -1.0000 -0.0026 -0.0010
vn -0.9999 -0.0129 -0.0022
vn -1.0000 -0.0086 -0.0017
vn -0.9999 -0.0121 -0.0021
vn -0.9999 -0.0113 -0.0019
vn -1.0000 -0.0092 -0.0008
vn -1.0000 -0.0091 -0.0005
vn -1.0000 -0.0028 -0.0000
vn -1.0000 -0.0087 -0.0011
vn -1.0000 -0.0031 -0.0001
vn 1.0000 -0.0036 -0.0004
vn 1.0000 -0.0090 -0.0009
vn 1.0000 -0.0033 -0.0001
vn 1.0000 -0.0093 -0.0005
vn 1.0000 -0.0030 -0.0000
vn 0.9999 -0.0130 -0.0022
vn 1.0000 -0.0089 -0.0012
vn 0.9999 -0.0121 -0.0021
vn 0.9999 -0.0114 -0.0020
vn 1.0000 -0.0088 -0.0023
vn 1.0000 -0.0089 -0.0025
vn 1.0000 -0.0028 -0.0009
vn 1.0000 -0.0083 -0.0018
vn 1.0000 -0.0030 -0.0009
vn -1.0000 0.0046 -0.0013
vn -0.9999 0.0154 -0.0020
vn -1.0000 0.0054 -0.0013
vn -0.9999 0.0143 -0.0013
vn -1.0000 0.0058 -0.0009
vn -0.9998 0.0183 0.0005
vn -0.9999 0.0160 -0.0029
vn -0.9998 0.0211 0.0005
vn -0.9997 0.0243 0.0006
vn -0.9999 0.0155 0.0030
vn -0.9999 0.0143 0.0019
vn -1.0000 0.0059 0.0013
vn -0.9999 0.0159 0.0037
vn -1.0000 0.0054 0.0016
vn 1.0000 0.0046 0.0015
vn 0.9999 0.0155 0.0029
vn 1.0000 0.0055 0.0016
vn 0.9999 0.0144 0.0020
vn 1.0000 0.0060 0.0013
vn 0.9998 0.0184 0.0005
vn 0.9999 0.0160 0.0037
vn 0.9998 0.0211 0.0005
vn 0.9997 0.0245 0.0006
vn 0.9999 0.0155 -0.0020
vn 0.9999 0.0144 -0.0013
vn 1.0000 0.0060 -0.0010
vn 0.9999 0.0159 -0.0029
vn 1.0000 0.0055 -0.0013
vn -1.0000 -0.0047 0.0001
vn -0.9999 -0.0108 0.0001
vn -1.0000 -0.0045 -0.0003
vn -0.9999 -0.0111 -0.0005
vn -0.9999 -0.0159 0.0015
vn -0.9999 -0.0108 0.0004
vn -0.9999 -0.0148 0.0014
vn -0.9999 -0.0137 0.0013
vn -0.9999 -0.0105 0.0019
vn -0.9999 -0.0105 0.0024
vn -1.0000 -0.0030 0.0009
vn -0.9999 -0.0104 0.0014
vn -1.0000 -0.0036 0.0009
vn 1.0000 -0.0038 0.0006
vn 0.9999 -0.0111 0.0021
vn 1.0000 -0.0035 0.0009
vn 0.9999 -0.0110 0.0025
vn 1.0000 -0.0033 0.0010
vn 0.9999 -0.0160 0.0015
vn 0.9999 -0.0106 0.0015
vn 0.9999 -0.0149 0.0014
vn 0.9999 -0.0139 0.0013
vn 0.9999 -0.0113 -0.0001
vn 0.9999 -0.0113 -0.0004
vn 1.0000 -0.0042 -0.0004
vn 0.9999 -0.0104 0.0004
vn 1.0000 -0.0046 -0.0002
vn -1.0000 -0.0054 0.0003
vn -0.9999 -0.0148 0.0002
vn -1.0000 -0.0051 -0.0004
vn -0.9999 -0.0153 -0.0010
vn -1.0000 -0.0045 -0.0006
vn -0.9998 -0.0217 0.0030
vn -0.9999 -0.0138 0.0012
vn -0.9998 -0.0195 0.0027
vn -0.9998 -0.0176 0.0025
vn -0.9999 -0.0140 0.0037
vn -0.9999 -0.0141 0.0048
vn -1.0000 -0.0041 0.0019
vn -0.9999 -0.0129 0.0025
vn -1.0000 -0.0048 0.0017
vn 1.0000 -0.0053 0.0011
vn 0.9999 -0.0138 0.0035
vn 1.0000 -0.0049 0.0017
vn 0.9999 -0.0141 0.0048
vn 1.0000 -0.0041 0.0018
vn 0.9998 -0.0217 0.0030
vn 0.9999 -0.0132 0.0024
vn 0.9998 -0.0195 0.0027
vn 0.9998 -0.0175 0.0024
vn 0.9999 -0.0145 -0.0000
vn 0.9999 -0.0148 -0.0008
vn 1.0000 -0.0042 -0.0006
vn 0.9999 -0.0137 0.0012
vn 1.0000 -0.0051 -0.0004
vn -1.0000 0.0040 -0.0018
vn -0.9999 0.0134 -0.0038
vn -1.0000 0.0045 -0.0016
vn -0.9999 0.0126 -0.0024
vn -1.0000 0.0049 -0.0010
vn -0.9999 0.0168 -0.0025
vn -0.9999 0.0133 -0.0046
vn -0.9998 0.0184 -0.0028
vn -0.9998 0.0202 -0.0030
vn -0.9999 0.0135 -0.0005
vn -0.9999 0.0129 -0.0014
vn -1.0000 0.0039 -0.0005
vn -0.9999 0.0138 0.0005
vn -1.0000 0.0035 0.0002
vn 1.0000 0.0025 0.0004
vn 0.9999 0.0133 -0.0005
vn 1.0000 0.0033 0.0002
vn 0.9999 0.0125 -0.0014
vn 1.0000 0.0038 -0.0005
vn 0.9999 0.0167 -0.0025
vn 0.9999 0.0138 0.0005
vn 0.9998 0.0184 -0.0027
vn 0.9998 0.0202 -0.0030
vn 0.9999 0.0133 -0.0035
vn 0.9999 0.0130 -0.0025
vn 1.0000 0.0053 -0.0011
vn 0.9999 0.0132 -0.0046
vn 1.0000 0.0046 -0.0016
vn -1.0000 0.0076 -0.0007
vn -0.9992 0.0396 0.0051
vn -0.9999 0.0145 -0.0017
vn -0.9996 0.0275 0.0070
vn -0.9999 0.0131 0.0011
vn -0.9995 0.0280 0.0153
vn -0.9990 0.0449 0.0003
vn -0.9989 0.0416 0.0228
vn -0.9976 0.0607 0.0332
vn -0.9992 0.0258 0.0308
vn -0.9996 0.0208 0.0195
vn -0.9999 0.0085 0.0111
vn -0.9990 0.0246 0.0379
vn -0.9999 0.0072 0.0143
vn 0.9999 0.0041 0.0095
vn 0.9992 0.0258 0.0307
vn 0.9999 0.0072 0.0142
vn 0.9996 0.0208 0.0194
vn 0.9999 0.0086 0.0110
vn 0.9995 0.0279 0.0153
vn 0.9990 0.0246 0.0379
vn 0.9989 0.0415 0.0228
vn 0.9976 0.0607 0.0333
vn 0.9992 0.0396 0.0051
vn 0.9996 0.0274 0.0069
vn 0.9999 0.0132 0.0011
vn 0.9990 0.0448 0.0002
vn 0.9999 0.0144 -0.0017
vn 0.9999 -0.0137 -0.0015
vn 0.9992 -0.0386 -0.0061
vn 0.9999 -0.0156 0.0012
vn 0.9990 -0.0439 -0.0017
vn 1.0000 -0.0098 0.0010
vn 0.9977 -0.0584 -0.0333
vn 0.9996 -0.0271 -0.0077
vn 0.9989 -0.0406 -0.0231
vn 0.9995 -0.0277 -0.0158
vn 0.9992 -0.0249 -0.0301
vn 0.9990 -0.0238 -0.0370
vn 0.9999 -0.0040 -0.0094
vn 0.9996 -0.0206 -0.0196
vn 0.9999 -0.0070 -0.0139
vn -0.9999 -0.0083 -0.0110
vn -0.9992 -0.0249 -0.0301
vn -0.9999 -0.0070 -0.0139
vn -0.9990 -0.0238 -0.0369
vn -0.9999 -0.0040 -0.0093
vn -0.9977 -0.0584 -0.0333
vn -0.9996 -0.0205 -0.0196
vn -0.9989 -0.0405 -0.0231
vn -0.9995 -0.0277 -0.0158
vn -0.9992 -0.0386 -0.0061
vn -0.9990 -0.0438 -0.0017
vn -1.0000 -0.0097 0.0009
vn -0.9996 -0.0273 -0.0077
vn -0.9999 -0.0157 0.0012
vn -1.0000 -0.0022 0.0002
vn -1.0000 -0.0058 0.0004
vn -1.0000 -0.0021 0.0001
vn -1.0000 -0.0058 0.0002
vn -1.0000 -0.0021 -0.0000
vn -1.0000 -0.0079 0.0009
vn -1.0000 -0.0058 0.0006
vn -1.0000 -0.0078 0.0009
vn -1.0000 -0.0075 0.0009
vn -1.0000 -0.0056 0.0010
vn -1.0000 -0.0055 0.0011
vn -1.0000 -0.0017 0.0004
vn -1.0000 -0.0053 0.0007
vn -1.0000 -0.0018 0.0004
vn 1.0000 -0.0057 0.0009
vn 1.0000 -0.0018 0.0004
vn 1.0000 -0.0052 0.0011
vn 1.0000 -0.0017 0.0004
vn 1.0000 -0.0077 0.0009
vn 1.0000 -0.0058 0.0007
vn 1.0000 -0.0076 0.0009
vn 1.0000 -0.0056 0.0004
vn 1.0000 -0.0056 0.0002
vn 1.0000 -0.0018 -0.0000
vn 1.0000 -0.0056 0.0006
vn 1.0000 -0.0018 0.0001
vn 0.9999 -0.0091 -0.0056
vn 0.9995 -0.0305 -0.0090
vn 0.9999 -0.0140 -0.0005
vn 0.9993 -0.0383 -0.0029
vn 0.9999 -0.0107 0.0002
vn 0.9986 -0.0438 -0.0297
vn 0.9997 -0.0210 -0.0129
vn 0.9992 -0.0330 -0.0225
vn 0.9996 -0.0246 -0.0168
vn 0.9995 -0.0195 -0.0248
vn 0.9993 -0.0169 -0.0348
vn 0.9999 -0.0031 -0.0105
vn 0.9997 -0.0196 -0.0146
vn 0.9999 -0.0054 -0.0119
vn -0.9999 -0.0084 -0.0054
vn -0.9995 -0.0197 -0.0249
vn -0.9999 -0.0054 -0.0119
vn -0.9993 -0.0169 -0.0347
vn -0.9999 -0.0031 -0.0106
vn -0.9986 -0.0439 -0.0297
vn -0.9997 -0.0198 -0.0148
vn -0.9992 -0.0332 -0.0225
vn -0.9995 -0.0249 -0.0169
vn -0.9995 -0.0304 -0.0090
vn -0.9993 -0.0385 -0.0028
vn -0.9999 -0.0108 0.0003
vn -0.9997 -0.0210 -0.0129
vn -0.9999 -0.0140 -0.0005
vn -1.0000 0.0098 -0.0003
vn -0.9995 0.0300 0.0091
vn -0.9999 0.0132 0.0005
vn -0.9997 0.0208 0.0129
vn -0.9999 0.0085 0.0056
vn -0.9996 0.0247 0.0169
vn -0.9993 0.0380 0.0030
vn -0.9992 0.0329 0.0225
vn -0.9986 0.0433 0.0296
vn -0.9995 0.0195 0.0248
vn -0.9997 0.0196 0.0147
vn -1.0000 0.0084 0.0054
vn -0.9993 0.0165 0.0343
vn -0.9999 0.0053 0.0118
vn 0.9999 0.0030 0.0104
vn 0.9995 0.0194 0.0247
vn 0.9999 0.0053 0.0118
vn 0.9997 0.0196 0.0146
vn 1.0000 0.0084 0.0052
vn 0.9996 0.0247 0.0168
vn 0.9993 0.0167 0.0345
vn 0.9992 0.0330 0.0225
vn 0.9986 0.0435 0.0297
vn 0.9995 0.0302 0.0092
vn 0.9997 0.0210 0.0129
vn 0.9999 0.0087 0.0057
vn 0.9993 0.0382 0.0031
vn 0.9999 0.0132 0.0004
vn -0.0000 0.9490 -0.3154
vn -0.0000 0.9649 -0.2628
vn -0.0000 0.9488 -0.3160
vn -0.0000 0.9904 -0.1383
vn -0.0000 0.9650 -0.2621
vn -0.0000 0.9999 -0.0115
vn -0.0000 0.9999 -0.0111
vn -0.0000 0.9999 -0.0120
vn -0.0000 0.9984 0.0573
vn -0.0000 0.9696 0.2445
vn -0.0000 0.9738 -0.2275
vn -0.0000 0.9824 -0.1868
vn -0.0000 0.9737 -0.2277
vn -0.0000 0.9986 -0.0525
vn -0.0000 0.9986 -0.0529
vn -0.0001 0.9948 0.1019
vn -0.0001 0.8771 0.4804
vn -0.0000 0.6208 0.7840
vn -0.0001 0.6215 0.7834
vn -0.0000 0.4907 0.8713
vn -0.0000 0.4909 0.8712
vn -0.0000 0.6171 0.7869
vn -0.0000 0.4903 0.8715
vn 0.0001 0.6183 0.7859
vn 0.0001 0.8687 0.4953
vn -0.0000 0.9913 0.1319
vn -0.0000 0.9998 -0.0220
vn -0.0000 0.9997 0.0227
vn -0.0000 0.9996 -0.0283
vn -0.0000 0.9640 -0.2658
vn -0.0000 0.9978 -0.0667
vn 0.0001 0.9852 0.1711
vn -0.0000 0.5262 0.8503
vn -0.0000 0.9800 0.1990
vn -0.0000 0.9623 0.2719
vn -0.0000 0.9800 0.1988
vn -0.0000 0.9888 -0.1491
vn -0.0000 0.9904 -0.1382
vn -0.0000 0.9999 -0.0110
vn -0.0000 0.9990 0.0442
vn -0.0000 0.9984 0.0567
vn -0.0000 0.9593 0.2822
vn -0.0000 0.9594 0.2822
vn -1.0000 0.0003 0.0001
vn -1.0000 0.0045 0.0015
vn -1.0000 0.0007 0.0002
vn -0.0000 0.9990 0.0436
vn -1.0000 -0.0011 -0.0001
vn -1.0000 -0.0034 -0.0004
vn -1.0000 -0.0010 -0.0001
vn -0.0003 0.9986 0.0521
vn -0.0018 0.9988 0.0484
vn -0.0030 0.9989 0.0472
vn -0.0014 0.9986 0.0521
vn -0.0059 0.9979 0.0652
vn -0.0025 0.9983 0.0579
vn 1.0000 -0.0011 -0.0001
vn 1.0000 -0.0010 -0.0000
vn 1.0000 0.0003 0.0001
vn 1.0000 -0.0033 -0.0007
vn 1.0000 0.0006 0.0002
vn -1.0000 0.0003 -0.0001
vn -1.0000 -0.0040 0.0006
vn -0.0000 0.9724 -0.2334
vn 1.0000 0.0003 -0.0001
vn 1.0000 0.0045 -0.0013
vn 1.0000 0.0006 -0.0001
vn -1.0000 -0.0026 -0.0002
vn -1.0000 -0.0029 -0.0002
vn -1.0000 -0.0040 -0.0003
vn -0.0000 0.9982 0.0593
vn 1.0000 -0.0026 -0.0002
vn 1.0000 -0.0028 -0.0002
vn 1.0000 -0.0047 0.0001
vn 1.0000 -0.0025 -0.0002
vn -0.0000 0.9488 -0.3158
vn -1.0000 -0.0003 0.0001
vn -1.0000 -0.0052 0.0011
vn -1.0000 0.0002 -0.0001
vn 1.0000 0.0037 -0.0017
vn -1.0000 -0.0055 0.0001
vn -1.0000 -0.0033 -0.0000
vn -1.0000 -0.0038 -0.0001
vn -1.0000 0.0028 0.0005
vn -1.0000 -0.0056 0.0001
vn -1.0000 -0.0031 -0.0000
vn 1.0000 -0.0036 -0.0001
vn 1.0000 -0.0033 -0.0000
vn 1.0000 -0.0055 0.0001
vn 1.0000 -0.0054 0.0001
vn 1.0000 -0.0057 0.0001
vn 1.0000 -0.0032 -0.0000
vn -1.0000 -0.0009 -0.0008
vn -0.9999 0.0041 0.0094
vn -1.0000 0.0009 0.0008
vn -0.0000 0.4733 0.8809
vn -1.0000 -0.0027 0.0001
vn -1.0000 -0.0039 0.0002
vn -1.0000 -0.0058 0.0001
vn -1.0000 -0.0017 0.0001
vn 1.0000 -0.0009 -0.0007
vn 0.9999 -0.0083 -0.0110
vn 1.0000 0.0009 0.0008
vn 1.0000 -0.0028 0.0001
vn 1.0000 -0.0039 0.0002
vn 1.0000 0.0072 -0.0012
vn 1.0000 -0.0017 0.0001
vn -0.0000 0.4734 0.8809
vn 1.0000 -0.0019 0.0001
vn 1.0000 -0.0021 0.0001
vn 1.0000 -0.0019 0.0002
vn 1.0000 -0.0015 0.0001
vn -0.0000 0.9991 -0.0416
vn -1.0000 -0.0019 0.0001
vn -1.0000 -0.0022 0.0001
vn -0.9999 -0.0138 -0.0015
vn -1.0000 -0.0015 0.0001
vn -0.0000 0.9821 -0.1882
vn -1.0000 0.0016 -0.0003
vn -1.0000 0.0020 -0.0005
vn -1.0000 -0.0020 0.0002
vn -1.0000 0.0012 -0.0002
vn 1.0000 0.0017 -0.0003
vn 1.0000 0.0019 -0.0004
vn 0.9999 0.0133 0.0012
vn 1.0000 0.0014 -0.0002
vn -0.0000 0.9880 -0.1546
vn 1.0000 -0.0009 0.0005
vn 1.0000 -0.0084 -0.0054
vn 1.0000 0.0010 -0.0005
vn -0.0000 0.5129 0.8585
vn -0.0000 0.5134 0.8582
vn -0.0011 0.5293 0.8484
vn -0.0001 0.9889 0.1487
vn -0.0002 0.9890 0.1479
vn -0.0000 0.9890 0.1479
vn 1.0000 -0.0033 -0.0005
vn 1.0000 -0.0035 -0.0005
vn 1.0000 -0.0035 -0.0004
vn 1.0000 -0.0030 -0.0005
vn 0.0001 0.9889 0.1484
vn 0.0001 0.9890 0.1481
vn -1.0000 -0.0010 0.0005
vn -0.9999 0.0030 0.0104
vn -1.0000 0.0010 -0.0006
vn 0.0001 0.5124 0.8587
vn -0.0000 0.5133 0.8582
vn -1.0000 -0.0034 -0.0005
vn -1.0000 -0.0035 -0.0005
vn -0.9999 -0.0089 -0.0056
vn -1.0000 -0.0029 -0.0004
vn -1.0000 0.0012 0.0002
vn -1.0000 0.0009 0.0001
vn -1.0000 0.0016 0.0003
vn 1.0000 0.0011 0.0002
vn 1.0000 0.0008 0.0001
vn 1.0000 0.0097 -0.0003
vn 1.0000 0.0016 0.0003
vn 0.0001 0.9986 0.0535
vn -0.0091 0.9970 0.0764
vn 0.0010 0.9985 0.0538
vn 0.0004 0.9986 0.0525
vn 0.0004 0.9987 0.0504
vn 0.0005 0.9987 0.0517
vn -0.0044 0.9992 0.0408
vn 0.0012 0.9987 0.0504
vn -0.0000 -0.9587 -0.2845
vn -0.0023 -0.9617 -0.2741
vn 0.0005 -0.9986 -0.0521
vn 0.0011 -0.9984 -0.0572
vn -0.0000 -0.9587 -0.2844
vn -0.0012 -0.9601 -0.2796
vn -0.0003 -0.9986 -0.0521
vn -0.0016 -0.9990 -0.0438
vn -0.0000 -0.9718 0.2357
vn -0.0001 -0.9718 0.2356
vn 0.0012 -0.9733 0.2296
vn 0.0001 -0.9718 0.2357
vn 0.0022 -0.9743 0.2251
vn 0.0004 -0.9982 -0.0593
vn 0.0007 -0.9982 -0.0593
vn 0.0001 -0.9982 -0.0593
vn -0.0004 -0.9982 -0.0593
vn -0.0007 -0.9982 -0.0593
vn -0.0016 -0.9990 -0.0447
vn -0.0001 -0.9982 -0.0593
vn -0.0000 -0.9463 0.3232
vn 0.0015 -0.9490 0.3154
vn 0.0001 -0.9463 0.3232
vn 0.0014 -0.9488 0.3157
vn 0.0019 -0.9998 0.0182
vn 0.0006 -0.9999 -0.0164
vn 0.0013 -0.9999 -0.0164
vn -0.0011 -0.9997 -0.0225
vn 0.0008 -0.9998 0.0182
vn -0.0006 -0.9999 -0.0164
vn -0.0009 -0.9999 -0.0164
vn -0.0013 -0.9998 0.0182
vn -0.0021 -0.9998 0.0182
vn -0.0000 -0.9998 0.0182
vn 0.0001 -0.4731 -0.8810
vn -0.0002 -0.4734 -0.8808
vn -0.0041 -0.4913 -0.8710
vn 0.0008 -0.9985 0.0556
vn -0.0005 -0.9985 0.0556
vn -0.0011 -0.9985 0.0556
vn 0.0036 -0.9986 0.0525
vn -0.0004 -0.4732 -0.8809
vn -0.0004 -0.4734 -0.8808
vn -0.0050 -0.4911 -0.8711
vn -0.0000 -0.9991 0.0416
vn -0.0005 -0.9991 0.0416
vn -0.0008 -0.9990 0.0448
vn 0.0004 -0.9991 0.0417
vn 0.0048 -0.9998 0.0211
vn -0.0000 -0.9821 0.1883
vn -0.0003 -0.9821 0.1883
vn 0.0008 -0.9827 0.1852
vn 0.0005 -0.9821 0.1883
vn 0.0004 -0.9821 0.1883
vn -0.0000 -0.9856 0.1692
vn 0.0003 -0.5125 -0.8587
vn -0.0000 -0.5134 -0.8582
vn -0.0039 -0.5295 -0.8483
vn -0.0007 -0.9890 -0.1477
vn -0.0011 -0.9890 -0.1477
vn -0.0000 -0.9890 -0.1477
vn 0.0007 -0.9890 -0.1477
vn 0.0011 -0.9890 -0.1477
vn 0.0041 -0.9846 -0.1746
vn 0.0002 -0.5126 -0.8586
vn -0.0001 -0.5134 -0.8581
vn -0.0035 -0.5293 -0.8484
vn -0.0006 -0.9863 -0.1650
vn 0.0009 -0.9863 -0.1650
vn 0.0034 -0.9829 -0.1840
vn -0.0001 -0.9863 -0.1651
vn 0.0003 -0.9863 -0.1651
vn 0.0004 0.9986 0.0522
vn 0.0010 0.9986 0.0524
vn 1.0000 -0.0003 -0.0000
vn 1.0000 -0.0000 -0.0002
vn 1.0000 -0.0004 -0.0000
vn 1.0000 0.0001 -0.0002
vn 1.0000 0.0002 -0.0004
vn 0.0002 0.9987 0.0517
vn 0.0002 0.9986 0.0524
vn 0.0001 0.9986 0.0520
vn -0.0001 0.9986 0.0524
vn -0.0000 0.9986 0.0523
vn -0.0000 0.9986 0.0524
vn 0.0001 0.9986 0.0522
vn -0.0007 0.9986 0.0521
vn -0.0005 0.9987 0.0516
vn -0.0005 0.9987 0.0511
vn -1.0000 0.0002 -0.0004
vn -1.0000 -0.0000 -0.0002
vn 1.0000 0.0005 -0.0004
vn 1.0000 0.0004 -0.0006
vn 0.9958 -0.0906 0.0116
vn 0.9956 -0.0924 0.0132
vn 0.9959 -0.0902 0.0115
vn 0.9957 -0.0921 0.0131
vn 0.9976 -0.0683 0.0103
vn 0.9999 -0.0131 0.0017
vn 0.9990 -0.0439 0.0046
vn 1.0000 0.0003 -0.0006
vn 1.0000 -0.0017 0.0005
vn 1.0000 0.0005 -0.0005
vn 1.0000 -0.0015 0.0005
vn -0.9980 -0.0176 -0.0608
vn -0.9984 0.0025 -0.0567
vn -0.9984 0.0026 -0.0566
vn -0.9995 0.0090 -0.0314
vn -0.9995 0.0090 -0.0313
vn -0.9999 0.0052 -0.0091
vn -0.9999 0.0051 -0.0091
vn -1.0000 0.0012 -0.0014
vn -0.9893 -0.0974 -0.1082
vn -0.9880 -0.1210 -0.0962
vn -0.9880 -0.1208 -0.0964
vn -0.9909 -0.1116 -0.0755
vn -0.9908 -0.1121 -0.0756
vn -0.9966 -0.0550 -0.0609
vn -0.9966 -0.0551 -0.0609
vn -0.0000 -0.1559 -0.9878
vn -0.0000 -0.1547 -0.9880
vn -1.0000 0.0003 -0.0004
vn 1.0000 0.0008 -0.0007
vn 1.0000 0.0007 -0.0007
vn -0.0000 -0.1653 0.9862
vn -0.0000 -0.1550 -0.9879
vn -0.0000 -0.1549 -0.9879
vn 1.0000 0.0003 -0.0000
vn 1.0000 -0.0004 0.0001
vn 1.0000 -0.0005 0.0001
vn 1.0000 -0.0007 -0.0000
vn 1.0000 -0.0006 -0.0000
vn 1.0000 0.0002 -0.0000
vn 1.0000 -0.0001 0.0001
vn 1.0000 -0.0005 -0.0000
vn 1.0000 0.0004 -0.0000
vn -0.0000 0.9997 0.0262
vn -0.0000 0.9997 0.0261
vn -0.0025 0.9995 0.0313
vn -0.0000 0.0850 -0.9964
vn -0.6740 0.0620 -0.7361
vn -0.0010 0.9996 0.0288
vn 0.0013 0.0872 -0.9962
vn 0.0125 0.9995 0.0275
vn 0.9933 0.1158 0.0044
vn 0.9933 0.1159 0.0046
vn 0.0101 0.9461 -0.3236
vn 0.0105 0.9985 0.0532
vn 0.0001 0.9851 0.1717
vn -0.5966 0.2174 -0.7725
vn -0.0000 0.2290 -0.9734
vn -0.0034 0.9975 -0.0709
vn 0.9993 0.0105 0.0364
vn -0.0016 0.4789 0.8779
vn 0.0091 0.9996 0.0274
vn 0.7678 0.6080 -0.2020
vn 0.7869 0.6168 0.0162
vn 0.0072 0.9465 -0.3226
vn 0.7866 0.6165 0.0328
vn 0.0127 0.9995 0.0276
vn 0.7870 0.6168 0.0161
vn 0.7866 0.6166 0.0328
vn 0.0103 0.9461 -0.3236
vn 0.7679 0.6079 -0.2020
vn 0.0259 0.9709 -0.2382
vn 0.0354 0.9977 0.0579
vn 0.9933 0.1154 0.0045
vn 0.0355 0.9977 0.0579
vn 0.7783 0.6098 -0.1496
vn 0.7908 0.6110 0.0355
vn 0.0227 0.9981 0.0569
vn 0.0172 0.9710 -0.2385
vn 0.0173 0.9986 0.0492
vn 0.7778 0.6021 0.1802
vn 0.0233 0.9577 0.2867
vn 0.0118 0.9987 0.0487
vn 0.7778 0.6021 0.1803
vn 0.7875 0.6155 0.0303
vn 0.9933 0.1158 0.0045
vn 0.0171 0.9986 0.0492
vn 0.0232 0.9577 0.2867
vn 0.0259 0.9708 -0.2383
vn 0.9933 0.1159 0.0043
vn 0.0231 0.9577 0.2867
vn 0.0260 0.9709 -0.2382
vn 0.7783 0.6098 -0.1495
vn 0.0033 0.9866 0.1630
vn 0.9869 0.1608 0.0103
vn 0.0047 0.5333 0.8459
vn 0.0034 0.9866 0.1629
vn 0.6280 0.4161 0.6577
vn 0.7878 0.6076 0.1008
vn 0.0023 0.9865 0.1638
vn 0.0031 0.5347 0.8451
vn 0.0048 0.5334 0.8459
vn 0.7885 0.6081 0.0928
vn 0.6279 0.4161 0.6577
vn 0.0032 0.5347 0.8450
vn 0.7886 0.6079 0.0927
vn 0.0099 0.9885 0.1512
vn 0.9869 0.1607 0.0104
vn 0.0150 0.9885 0.1503
vn -0.0023 0.9996 -0.0287
vn 0.9891 0.1475 0.0025
vn -0.0042 1.0000 -0.0045
vn 0.9993 0.0104 0.0364
vn 0.9994 0.0125 0.0336
vn -0.0029 0.9989 -0.0470
vn -0.0014 0.4789 0.8779
vn 0.9991 0.0345 0.0250
vn -0.0025 0.7577 0.6526
vn -0.0030 0.9813 -0.1922
vn 0.9891 0.1475 0.0026
vn -0.0096 0.9921 0.1254
vn -0.0081 0.9934 0.1142
vn 0.9991 0.0344 0.0250
vn 0.9941 0.0775 0.0761
vn -0.0026 0.9957 -0.0931
vn -0.0026 0.7577 0.6526
vn 0.9898 0.1382 0.0336
vn -0.0056 0.9958 -0.0912
vn -0.0096 0.9921 0.1253
vn 0.9941 0.0776 0.0761
vn 0.9805 0.1914 0.0442
vn -0.0042 1.0000 -0.0044
vn 0.9991 0.0345 0.0249
vn 0.9994 0.0126 0.0337
vn -0.0030 0.9814 -0.1921
vn 0.9994 0.0126 0.0336
vn 0.9885 0.1513 -0.0000
vn -0.0028 0.9975 -0.0708
vn -0.0031 0.9975 -0.0707
vn 0.9890 0.1477 0.0025
vn -0.0025 0.9975 -0.0709
vn 0.9186 0.1721 0.3557
vn 0.9885 0.1513 -0.0001
vn -0.0094 0.9963 -0.0853
vn 0.9890 0.1477 0.0026
vn -0.0094 0.9963 -0.0852
vn -0.0095 0.9963 -0.0852
vn 0.9885 0.1511 -0.0047
vn 0.9246 0.1817 -0.3348
vn 0.0105 0.9991 0.0420
vn 0.9885 0.1512 -0.0047
vn -0.0015 0.9992 -0.0392
vn 0.9246 0.1818 -0.3347
vn 0.9230 0.1819 -0.3392
vn 0.0104 0.9991 0.0420
vn -0.0013 0.9993 -0.0387
vn 0.9844 0.1760 -0.0013
vn -0.0081 0.9995 0.0297
vn -0.9977 0.0676 0.0028
vn -0.0064 0.9438 -0.3306
vn -0.9977 0.0675 0.0027
vn -0.0067 0.9986 0.0531
vn -0.0064 0.9437 -0.3306
vn 0.0008 0.9980 -0.0633
vn -0.9609 0.2696 -0.0625
vn -0.8654 0.5001 -0.0299
vn -0.0038 0.9996 0.0295
vn -0.7671 0.6074 -0.2067
vn -0.0031 0.9442 -0.3294
vn -0.0032 0.9442 -0.3295
vn -0.7867 0.6165 0.0328
vn -0.0032 0.9986 0.0529
vn -0.0082 0.9995 0.0296
vn -0.0066 0.9438 -0.3306
vn -0.7866 0.6166 0.0327
vn -0.0065 0.9438 -0.3305
vn -0.0068 0.9986 0.0532
vn -0.0222 0.9981 0.0580
vn -0.0166 0.9711 -0.2383
vn -0.0224 0.9981 0.0580
vn -0.7783 0.6098 -0.1496
vn -0.0167 0.9711 -0.2383
vn -0.0101 0.9983 0.0569
vn -0.7908 0.6110 0.0355
vn -0.0113 0.9987 0.0502
vn -0.7782 0.6025 0.1774
vn -0.7875 0.6156 0.0309
vn -0.0052 0.9988 0.0495
vn -0.7779 0.6022 0.1794
vn -0.0068 0.9584 0.2853
vn -0.9977 0.0675 0.0026
vn -0.0148 0.9582 0.2856
vn -0.0112 0.9987 0.0502
vn -0.0166 0.9711 -0.2382
vn -0.9977 0.0675 0.0028
vn -0.7780 0.6021 0.1794
vn -0.7784 0.6097 -0.1495
vn -0.0076 0.9711 -0.2385
vn -0.0067 0.9584 0.2853
vn -0.0021 0.9867 0.1627
vn -0.9955 0.0946 0.0100
vn -0.9955 0.0946 0.0101
vn -0.0022 0.9867 0.1627
vn -0.6279 0.4161 0.6577
vn -0.0031 0.5336 0.8458
vn -0.0012 0.9865 0.1638
vn -0.6280 0.4161 0.6577
vn -0.7878 0.6077 0.1007
vn -0.0031 0.5335 0.8458
vn -0.7885 0.6080 0.0929
vn -0.0097 0.9886 0.1504
vn -0.0014 0.5347 0.8450
vn -0.6279 0.4160 0.6578
vn -0.0030 0.5333 0.8459
vn -0.0096 0.9886 0.1504
vn 0.0024 0.9996 -0.0288
vn 0.0041 1.0000 -0.0044
vn -0.9942 0.1078 -0.0045
vn 0.0024 0.9996 -0.0287
vn 0.0012 0.9989 -0.0469
vn 0.0011 0.7575 0.6528
vn -0.9942 0.1078 -0.0046
vn 0.0071 0.9934 0.1144
vn 0.0078 0.9920 0.1258
vn 0.0079 0.9925 0.1223
vn 0.0011 0.9957 -0.0930
vn -0.9999 -0.0167 -0.0034
vn 0.0045 0.9959 -0.0909
vn -0.9948 0.1018 -0.0058
vn 0.0043 0.9959 -0.0909
vn 0.0077 0.9920 0.1257
vn 0.0041 1.0000 -0.0043
vn 0.0012 0.9814 -0.1921
vn 0.0011 0.9989 -0.0468
vn -0.0070 0.2515 -0.9678
vn -0.5967 0.2174 -0.7725
vn -0.9960 0.0887 -0.0101
vn -0.8268 0.1265 0.5480
vn 0.0012 0.9933 -0.1152
vn -0.9988 0.0482 -0.0063
vn -0.0019 0.9929 -0.1193
vn -0.8269 0.1265 0.5480
vn -0.9960 0.0887 -0.0102
vn -0.0273 0.9905 -0.1350
vn -0.8269 0.1264 0.5480
vn -0.8269 0.1264 0.5479
vn 0.8621 0.2884 0.4168
vn 0.0009 0.9998 0.0175
vn 0.0015 0.9997 0.0233
vn 0.4382 0.3662 0.8209
vn 0.0014 0.9997 0.0240
vn 0.0024 0.9999 0.0099
vn 0.6733 0.3337 0.6598
vn 0.1566 0.3838 0.9101
vn 0.0026 0.9998 -0.0193
vn 0.9490 0.2694 0.1640
vn 0.0002 1.0000 0.0090
vn -0.0032 0.9994 0.0333
vn 0.4379 0.3661 0.8211
vn 0.1563 0.3823 0.9107
vn -0.0041 0.9988 0.0488
vn 0.6737 0.3343 0.6591
vn -0.0055 0.9978 0.0662
vn 0.8621 0.2886 0.4165
vn -0.0114 0.9957 0.0916
vn 0.9488 0.2697 0.1643
vn -0.0093 0.9941 0.1080
vn 0.9591 0.2803 0.0401
vn 0.9562 0.2925 0.0108
vn -0.0144 0.9988 -0.0461
vn -0.0045 0.9999 -0.0107
vn 0.9541 0.2651 -0.1391
vn -0.0216 0.9984 -0.0527
vn 0.8505 0.2458 -0.4649
vn -0.0190 0.9991 -0.0373
vn -0.0001 0.2867 -0.9580
vn 0.0125 0.9965 -0.0823
vn 0.0016 0.9965 -0.0836
vn 0.6091 0.2484 -0.7532
vn -0.0141 0.9994 -0.0311
vn 0.3179 0.2532 -0.9137
vn -0.0062 0.9996 -0.0293
vn 0.0924 0.2733 -0.9575
vn -0.0001 0.9996 -0.0285
vn 0.0923 0.2724 -0.9577
vn 0.3181 0.2512 -0.9142
vn 0.0124 0.9965 -0.0823
vn 0.6086 0.2454 -0.7546
vn 0.0124 0.9965 -0.0824
vn 0.8506 0.2436 -0.4659
vn 0.0076 0.9997 -0.0221
vn 0.0079 0.9992 0.0393
vn 0.9543 0.2643 -0.1392
vn 0.9562 0.2925 0.0107
vn 0.0015 0.9997 0.0234
vn 0.9824 -0.0084 0.1868
vn 0.9020 -0.0267 0.4309
vn 0.0024 0.9999 0.0098
vn 0.7170 -0.0293 0.6964
vn 0.4668 -0.0366 0.8836
vn 0.0013 0.9997 0.0240
vn 0.0025 0.9998 -0.0194
vn 0.1595 -0.0381 0.9865
vn 0.9982 -0.0028 0.0601
vn -0.0045 0.9999 -0.0108
vn 0.9954 -0.0034 -0.0960
vn 0.9999 -0.0005 0.0136
vn -0.0144 0.9988 -0.0460
vn 0.9074 -0.0140 -0.4201
vn -0.0216 0.9984 -0.0526
vn 0.6445 -0.0024 -0.7646
vn -0.0190 0.9991 -0.0372
vn 0.3258 0.0118 -0.9454
vn -0.0141 0.9994 -0.0310
vn 0.0869 0.0220 -0.9960
vn -0.0061 0.9996 -0.0293
vn -0.0000 0.0260 -0.9997
vn 0.9591 0.2803 0.0400
vn 0.0006 0.9973 0.0734
vn 0.0001 1.0000 0.0090
vn -0.0015 0.9997 0.0234
vn -0.9490 0.2694 0.1639
vn -0.8621 0.2884 0.4168
vn -0.0024 0.9999 0.0099
vn -0.6733 0.3337 0.6598
vn -0.4382 0.3663 0.8209
vn -0.0014 0.9997 0.0240
vn -0.0025 0.9998 -0.0193
vn -0.1566 0.3838 0.9101
vn -0.0009 0.9998 0.0176
vn -0.9591 0.2803 0.0400
vn -0.1563 0.3823 0.9107
vn 0.0041 0.9988 0.0489
vn 0.0031 0.9994 0.0332
vn -0.4379 0.3661 0.8211
vn 0.0102 0.9976 0.0690
vn -0.6737 0.3343 0.6591
vn 0.0178 0.9960 0.0875
vn -0.8621 0.2888 0.4165
vn 0.0110 0.9948 0.1012
vn -0.9488 0.2698 0.1643
vn 0.0084 0.9971 0.0752
vn 0.0046 0.9999 -0.0108
vn -0.9542 0.2651 -0.1390
vn -0.9562 0.2925 0.0108
vn 0.0144 0.9988 -0.0461
vn -0.8505 0.2459 -0.4650
vn 0.0216 0.9984 -0.0527
vn -0.6091 0.2484 -0.7532
vn -0.0923 0.2724 -0.9578
vn 0.0190 0.9991 -0.0372
vn -0.3179 0.2532 -0.9137
vn 0.0141 0.9994 -0.0310
vn -0.0924 0.2733 -0.9575
vn 0.0060 0.9996 -0.0293
vn -0.0000 0.2867 -0.9580
vn -0.0093 0.9963 -0.0852
vn -0.3180 0.2512 -0.9142
vn -0.0092 0.9963 -0.0852
vn -0.6086 0.2454 -0.7546
vn -0.8505 0.2440 -0.4659
vn -0.9545 0.2639 -0.1390
vn 0.0033 0.9997 -0.0229
vn 0.0107 0.9991 0.0419
vn 0.0108 0.9948 0.1012
vn 0.9900 0.1408 0.0059
vn 0.9923 0.1238 0.0050
vn 0.9885 0.1510 -0.0024
vn 0.0176 0.9960 0.0876
vn -0.9020 -0.0267 0.4310
vn -0.0008 0.9998 0.0174
vn -0.0015 0.9997 0.0233
vn -0.4667 -0.0366 0.8836
vn -0.0014 0.9997 0.0238
vn -0.0025 0.9999 0.0097
vn -0.7170 -0.0293 0.6965
vn -0.1594 -0.0381 0.9865
vn -0.0027 0.9998 -0.0194
vn -0.9824 -0.0083 0.1868
vn -0.0001 1.0000 0.0090
vn -0.9999 -0.0005 0.0137
vn 0.0144 0.9988 -0.0462
vn 0.0045 0.9999 -0.0107
vn -0.9954 -0.0034 -0.0960
vn -0.9074 -0.0140 -0.4200
vn -0.6445 -0.0024 -0.7646
vn 0.0142 0.9994 -0.0310
vn -0.3258 0.0118 -0.9454
vn 0.0061 0.9996 -0.0293
vn -0.0868 0.0220 -0.9960
vn -0.0000 0.9996 -0.0285
vn -0.0002 1.0000 0.0091
vn -0.9591 0.2803 0.0401
vn 0.0068 0.9972 0.0750
vn 0.9866 0.1628 0.0023
vn -0.9982 -0.0027 0.0602
vn -0.0000 0.9936 -0.1133
vn 0.2456 0.7330 -0.6343
vn 0.0686 0.7319 -0.6780
vn 0.0001 0.9936 -0.1134
vn 0.4075 0.7484 -0.5232
vn -0.0001 0.9936 -0.1132
vn -0.4343 0.7291 -0.5290
vn -0.5864 0.7803 -0.2175
vn -0.0001 0.9936 -0.1133
vn -0.1162 0.7281 -0.6756
vn -0.0000 0.9936 -0.1131
vn -0.4442 0.8272 0.3441
vn -0.1180 0.8612 0.4944
vn -0.5909 0.8066 0.0152
vn 0.0002 0.9936 -0.1133
vn 0.6017 0.7888 -0.1254
vn 0.5325 0.7631 -0.3662
vn 0.0002 0.9936 -0.1132
vn 0.5454 0.8179 0.1832
vn 0.0001 0.9936 -0.1131
vn 0.2944 0.8475 0.4417
vn 0.0603 0.8662 0.4961
vn 0.0001 0.9936 -0.1133
vn -0.0003 0.9927 -0.1203
vn -0.4344 0.7291 -0.5289
vn -0.0004 0.9927 -0.1203
vn -0.0004 0.9927 -0.1202
vn -0.0004 0.9928 -0.1201
vn -0.4441 0.8272 0.3441
vn 0.0025 0.9936 -0.1131
vn 0.0602 0.8662 0.4961
vn 0.0026 0.9936 -0.1131
vn 0.0027 0.9936 -0.1131
vn 0.6025 0.7881 -0.1261
vn 0.0027 0.9936 -0.1132
vn 0.5334 0.7626 -0.3659
vn 0.0004 0.9932 -0.1162
vn 0.4075 0.7486 -0.5231
vn -0.0010 0.9928 -0.1198
vn 0.2453 0.7332 -0.6342
vn -0.0002 0.9927 -0.1203
vn 0.1153 -0.1191 -0.9862
vn -0.6986 -0.1464 -0.7004
vn -0.9769 -0.0425 -0.2093
vn -0.9840 0.0011 0.1782
vn -0.7122 0.0091 0.7019
vn -0.1964 0.0921 0.9762
vn -0.0000 0.9935 -0.1134
vn 0.4818 0.0574 0.8744
vn -0.0001 0.9936 -0.1134
vn -0.0000 0.9936 -0.1134
vn 0.8924 0.0089 0.4512
vn 0.9980 -0.0306 -0.0555
vn -0.0002 0.9936 -0.1131
vn 0.8866 -0.0712 -0.4569
vn -0.0001 0.9936 -0.1131
vn 0.6834 -0.0923 -0.7241
vn 0.4094 -0.1209 -0.9043
vn -0.1936 -0.1295 -0.9725
vn -0.0000 0.8680 0.4965
vn 0.0011 0.9932 -0.1165
vn 0.1015 0.1074 0.9890
vn -0.0003 0.9928 -0.1200
vn -0.0000 0.1131 0.9936
vn -0.0000 0.5118 -0.8591
vn -0.0007 0.9996 0.0296
vn -0.0012 0.9996 0.0279
vn 0.1228 0.5043 -0.8547
vn 0.0010 0.9996 0.0295
vn 0.6384 0.4316 -0.6373
vn 0.0017 0.9996 0.0273
vn 0.8669 0.4847 -0.1163
vn 0.0007 0.9996 0.0268
vn 0.8591 0.4643 0.2154
vn -0.0010 0.9996 0.0287
vn 0.6119 0.4269 0.6658
vn 0.1227 0.5043 -0.8547
vn 0.6390 0.4322 -0.6363
vn 0.8670 0.4845 -0.1161
vn -0.0000 0.9997 0.0258
vn 0.8594 0.4646 0.2136
vn 0.6100 0.4277 0.6670
vn 0.1709 0.4523 0.8753
vn 0.0014 0.9996 0.0285
vn -0.1232 0.5040 -0.8549
vn -0.0001 0.9996 0.0298
vn -0.6382 0.4280 -0.6399
vn -0.0029 0.9996 0.0287
vn -0.8670 0.4845 -0.1164
vn -0.0046 0.9996 0.0269
vn -0.8591 0.4643 0.2152
vn -0.0037 0.9996 0.0271
vn -0.6115 0.4272 0.6660
vn -0.0011 0.9996 0.0287
vn -0.1708 0.4523 0.8754
vn 0.1708 0.4523 0.8754
vn -0.1228 0.5043 -0.8547
vn -0.6388 0.4322 -0.6365
vn -0.0000 0.9997 0.0259
vn -0.8670 0.4845 -0.1161
vn -0.8594 0.4646 0.2136
vn -0.6101 0.4277 0.6670
vn -0.1709 0.4523 0.8754
vn 0.0071 0.9985 0.0550
vn 0.9933 0.1159 0.0045
vn 0.9895 0.1443 0.0100
vn -0.0038 0.9996 0.0270
vn -0.0066 0.9997 0.0255
vn 0.9855 0.1403 -0.0956
vn -0.0012 0.9996 0.0287
vn 0.9148 0.1249 -0.3842
vn 0.6980 0.1292 -0.7043
vn -0.0011 0.9996 0.0288
vn 0.3769 0.1085 -0.9199
vn 0.0985 0.0897 -0.9911
vn 0.0048 0.9998 0.0187
vn 0.0101 0.9996 0.0277
vn -0.0031 0.9984 -0.0561
vn -0.0022 0.9992 -0.0402
vn -0.0027 0.9988 -0.0498
vn -0.0000 0.9999 -0.0144
vn 0.9715 0.2183 -0.0924
vn 0.9869 0.1609 0.0105
vn 0.0058 0.9864 0.1643
vn 0.8900 0.2967 -0.3462
vn 0.0064 0.9862 0.1652
vn 0.6787 0.3282 -0.6570
vn 0.0030 0.9862 0.1656
vn 0.3693 0.3024 -0.8787
vn 0.0007 0.9860 0.1670
vn 0.0988 0.2550 -0.9619
vn -0.0000 0.9855 0.1696
vn 0.0073 0.1576 -0.9875
vn -0.6433 0.1491 -0.7510
vn -0.0033 0.9975 -0.0709
vn 0.0072 0.9465 -0.3225
vn 0.0072 0.9465 -0.3227
vn 0.0071 0.9986 0.0528
vn 0.0073 0.9986 0.0529
vn 0.0067 0.1713 -0.9852
vn 0.7871 0.6160 0.0316
vn 0.0095 0.9987 0.0508
vn -0.0002 0.9999 -0.0145
vn 0.7860 0.6181 0.0103
vn 0.7854 0.6186 -0.0213
vn 0.0073 0.9996 0.0272
vn 0.7867 0.6172 0.0156
vn -0.0034 0.9975 -0.0708
vn 0.7840 0.6197 -0.0355
vn 0.8439 0.5354 -0.0333
vn -0.0014 0.9992 -0.0388
vn 0.7843 0.6195 -0.0326
vn 0.0035 0.9998 0.0182
vn -0.0004 0.6887 -0.7251
vn 0.0009 0.9866 0.1633
vn -0.0000 0.9868 0.1620
vn 0.1553 0.7025 -0.6946
vn 0.0028 0.9860 0.1665
vn 0.6109 0.6325 -0.4761
vn 0.0019 0.9860 0.1668
vn 0.8047 0.5924 -0.0398
vn 0.0009 0.9864 0.1645
vn 0.0102 0.9461 -0.3236
vn 0.0106 0.9985 0.0531
vn 0.7981 0.5941 0.1005
vn 0.0063 0.9863 0.1650
vn 0.0058 0.9864 0.1642
vn 0.5916 0.6519 -0.4743
vn 0.0008 0.9860 0.1668
vn 0.0032 0.9862 0.1655
vn 0.1554 0.7037 -0.6933
vn -0.0001 0.9855 0.1694
vn 0.7860 0.6182 0.0103
vn 0.0103 0.9996 0.0277
vn 0.0049 0.9998 0.0187
vn 0.7844 0.6194 -0.0326
vn -0.0001 0.9999 -0.0144
vn -0.0011 0.9992 -0.0388
vn 0.8440 0.5354 -0.0308
vn -0.0032 0.9984 -0.0561
vn -0.0025 0.9975 -0.0708
vn 0.7867 0.6171 0.0155
vn 0.7853 0.6188 -0.0213
vn 0.7974 0.6020 -0.0419
vn 0.0138 0.9986 0.0512
vn 0.7871 0.6160 0.0315
vn 0.9890 0.1283 0.0735
vn 0.0201 0.9943 -0.1045
vn 0.0111 0.9942 -0.1068
vn 0.9571 0.1396 0.2540
vn 0.8299 0.1648 0.5330
vn 0.0202 0.9943 -0.1046
vn 0.6055 0.1671 0.7781
vn 0.3109 0.1568 0.9374
vn 0.9571 0.1392 0.2543
vn 0.8299 0.1646 0.5331
vn 0.6055 0.1667 0.7782
vn 0.3111 0.1565 0.9374
vn 0.0793 0.1443 0.9863
vn -0.0004 0.9928 -0.1202
vn 0.9890 0.1282 0.0734
vn 0.9904 0.1361 0.0230
vn 0.9891 0.1475 0.0024
vn 0.6015 0.5712 0.5584
vn 0.0203 0.9943 -0.1044
vn 0.0202 0.9943 -0.1044
vn 0.8015 0.5797 0.1470
vn 0.0119 0.9909 -0.1339
vn 0.0208 0.9890 -0.1467
vn 0.1795 0.5242 0.8325
vn 0.0203 0.9943 -0.1045
vn 0.5971 0.5759 0.5584
vn 0.0003 0.9935 -0.1141
vn -0.1772 0.5261 0.8318
vn -0.0033 0.9928 -0.1201
vn -0.0027 0.9988 -0.0497
vn -0.0023 0.9996 -0.0288
vn 0.8484 0.5294 -0.0017
vn 0.0080 0.9922 -0.1247
vn -0.0048 0.9996 0.0271
vn 0.7875 0.6156 0.0303
vn 0.0364 0.9975 0.0613
vn 0.7912 0.6104 0.0376
vn 0.0235 0.9979 0.0610
vn 0.7907 0.6111 0.0354
vn 0.0227 0.9981 0.0568
vn 0.0182 0.9710 -0.2385
vn 0.0261 0.9709 -0.2382
vn 0.0154 0.9579 0.2865
vn 0.0153 0.9580 0.2865
vn 0.0137 0.9986 0.0511
vn 0.0152 0.9580 0.2864
vn 0.0117 0.9987 0.0487
vn 0.0171 0.9710 -0.2384
vn 0.9934 0.1145 0.0045
vn 0.0345 0.9963 0.0785
vn 0.7914 0.6094 0.0482
vn 0.7915 0.6093 0.0483
vn 0.0226 0.9966 0.0790
vn 0.0363 0.9975 0.0613
vn 0.9931 0.1174 0.0060
vn 0.0282 0.9938 0.1075
vn 0.7905 0.6088 0.0661
vn 0.7905 0.6088 0.0662
vn 0.0183 0.9940 0.1081
vn 0.9922 0.1240 0.0085
vn 0.0197 0.9905 0.1364
vn 0.7893 0.6083 0.0841
vn 0.0128 0.9905 0.1371
vn 0.7982 0.5940 0.1005
vn 0.7877 0.6077 0.1008
vn 0.0022 0.9865 0.1639
vn 0.0030 0.5347 0.8450
vn 0.0047 0.5334 0.8458
vn 0.6280 0.4161 0.6576
vn 0.0030 0.5347 0.8451
vn 0.0049 0.9885 0.1512
vn 0.0151 0.9885 0.1505
vn 0.8010 0.5801 0.1478
vn 0.0112 0.9942 -0.1068
vn 0.9364 0.3502 0.0213
vn -0.0019 0.9949 -0.1010
vn -0.0015 0.4791 0.8778
vn -0.0034 0.9989 -0.0469
vn 0.9994 0.0125 0.0335
vn -0.0095 0.9921 0.1253
vn -0.0031 0.9814 -0.1921
vn 0.9941 0.0775 0.0762
vn -0.0019 0.9950 -0.1002
vn 0.9905 0.1295 0.0467
vn 0.9365 0.3501 0.0212
vn -0.0018 0.9950 -0.1002
vn -0.0026 0.7578 0.6525
vn -0.0025 0.9957 -0.0930
vn 0.9805 0.1917 0.0441
vn -0.0030 0.9989 -0.0469
vn -0.0025 0.9814 -0.1922
vn 0.9885 0.1511 -0.0023
vn 0.9186 0.1722 0.3558
vn 0.9707 0.2381 -0.0315
vn 0.9722 0.2340 0.0069
vn -0.0019 0.9998 -0.0211
vn 0.9186 0.1721 0.3558
vn -0.0031 0.9984 -0.0562
vn 0.7844 0.6199 -0.0220
vn 0.7841 0.6196 -0.0355
vn -0.0019 0.9992 -0.0403
vn -0.0023 0.9992 -0.0404
vn 0.7846 0.6196 -0.0221
vn 0.0104 0.9991 0.0419
vn 0.9844 0.1760 -0.0014
vn 0.9866 0.1629 0.0024
vn 0.9922 0.1240 0.0086
vn -0.0066 0.9997 0.0253
vn 0.9930 0.1180 0.0060
vn -0.0051 0.9947 -0.1028
vn 0.8484 0.5293 -0.0018
vn -0.9974 0.0724 0.0023
vn 0.0023 0.9973 0.0740
vn -0.0091 0.9941 0.1079
vn -0.9938 0.1107 -0.0056
vn 0.0078 0.9952 -0.0979
vn 0.0126 0.9965 -0.0824
vn -0.0108 0.9957 0.0916
vn -0.9965 0.0833 0.0029
vn 0.0080 0.9992 0.0393
vn -0.9977 0.0685 0.0024
vn -0.0009 0.9987 0.0509
vn 0.0025 0.9997 0.0248
vn -0.9892 0.1073 -0.1000
vn -0.9963 0.0853 0.0079
vn 0.0008 0.9996 0.0268
vn -0.9148 0.1247 -0.3841
vn -0.0009 0.9996 0.0288
vn -0.6982 0.1284 -0.7043
vn -0.3768 0.1090 -0.9199
vn -0.0010 0.9996 0.0289
vn -0.0975 0.0917 -0.9910
vn -0.0065 0.9996 0.0288
vn -0.9965 0.0834 0.0028
vn -0.9974 0.0724 0.0024
vn 0.0310 0.9975 -0.0632
vn -0.9942 0.1077 -0.0046
vn -0.9938 0.1107 -0.0057
vn -0.0030 0.9998 0.0188
vn -0.9954 0.0963 0.0009
vn -0.0040 0.9864 0.1640
vn -0.9883 0.1181 -0.0966
vn -0.0050 0.9862 0.1653
vn -0.9123 0.1708 -0.3723
vn -0.0028 0.9862 0.1657
vn -0.6913 0.2257 -0.6864
vn -0.0007 0.9860 0.1668
vn -0.3693 0.2437 -0.8968
vn 0.0002 0.9855 0.1694
vn 0.0005 0.4789 0.8778
vn 0.0006 0.4790 0.8778
vn -0.0037 0.9996 0.0294
vn -0.0029 0.9442 -0.3293
vn -0.7869 0.6168 0.0174
vn -0.7870 0.6167 0.0175
vn -0.7671 0.6073 -0.2066
vn -0.7670 0.6075 -0.2067
vn -0.0042 0.9987 0.0512
vn -0.7871 0.6159 0.0318
vn -0.7853 0.6190 -0.0091
vn -0.0013 0.9998 0.0182
vn 0.0004 0.9999 -0.0145
vn -0.7866 0.6172 0.0161
vn -0.0028 0.9996 0.0283
vn -0.8271 0.5614 -0.0258
vn 0.0008 0.9987 -0.0509
vn -0.7860 0.6182 0.0103
vn -0.0000 0.9868 0.1621
vn -0.1543 0.7025 -0.6948
vn 0.0004 0.6887 -0.7250
vn -0.0007 0.9865 0.1638
vn -0.5943 0.6505 -0.4729
vn -0.0014 0.9860 0.1669
vn -0.7964 0.6035 -0.0390
vn -0.0005 0.9860 0.1666
vn -0.7983 0.5939 0.1004
vn -0.0041 0.9864 0.1641
vn -0.7972 0.6023 -0.0416
vn -0.7981 0.5940 0.1004
vn -0.0029 0.9862 0.1656
vn -0.1554 0.7037 -0.6933
vn -0.5916 0.6521 -0.4740
vn -0.0008 0.9860 0.1667
vn 0.0004 0.6886 -0.7251
vn -0.0032 0.9998 0.0187
vn -0.7868 0.6170 0.0162
vn -0.7861 0.6181 0.0103
vn 0.0159 0.9986 -0.0505
vn -0.8272 0.5613 -0.0261
vn -0.0066 0.9996 0.0287
vn 0.0003 0.9999 -0.0144
vn -0.0050 0.9863 0.1652
vn -0.7871 0.6161 0.0318
vn -0.0089 0.9986 0.0516
vn -0.0032 0.9927 -0.1202
vn 0.0790 0.1402 0.9870
vn -0.1582 0.1170 0.9804
vn 0.1816 0.5177 0.8360
vn -0.0021 0.9915 -0.1301
vn 0.0169 0.9988 -0.0457
vn -0.0275 0.9905 -0.1349
vn -0.8157 0.5669 0.1152
vn -0.5982 0.5747 0.5585
vn -0.0083 0.9887 -0.1498
vn -0.5966 0.5696 0.5653
vn -0.8144 0.5691 0.1132
vn -0.0075 0.9884 -0.1517
vn -0.1832 0.5170 0.8361
vn -0.9658 0.2588 -0.0172
vn -0.0030 0.9921 -0.1255
vn -0.8506 0.5212 -0.0689
vn -0.0088 0.9986 0.0517
vn 0.0012 0.9996 0.0296
vn -0.9975 0.0703 0.0032
vn -0.9973 0.0730 0.0033
vn -0.7875 0.6155 0.0309
vn -0.7913 0.6103 0.0376
vn -0.0231 0.9979 0.0613
vn -0.0105 0.9981 0.0610
vn -0.7908 0.6111 0.0354
vn -0.0075 0.9711 -0.2385
vn -0.0083 0.9984 0.0568
vn -0.0149 0.9582 0.2856
vn -0.0149 0.9582 0.2855
vn -0.0051 0.9988 0.0496
vn -0.0064 0.9584 0.2852
vn -0.0077 0.9711 -0.2386
vn -0.7783 0.6097 -0.1496
vn -0.0067 0.9584 0.2852
vn -0.0229 0.9979 0.0613
vn -0.7915 0.6092 0.0483
vn -0.0220 0.9967 0.0785
vn -0.0097 0.9968 0.0791
vn -0.7914 0.6094 0.0482
vn -0.0219 0.9967 0.0785
vn -0.7906 0.6087 0.0662
vn -0.0179 0.9940 0.1074
vn -0.0078 0.9941 0.1082
vn -0.7905 0.6089 0.0661
vn -0.9976 0.0695 0.0035
vn -0.0179 0.9940 0.1075
vn -0.7893 0.6082 0.0841
vn -0.0125 0.9906 0.1364
vn -0.0055 0.9905 0.1372
vn -0.7892 0.6083 0.0841
vn -0.0029 0.5335 0.8458
vn -0.0006 0.9864 0.1645
vn -0.7878 0.6077 0.1006
vn -0.0013 0.5348 0.8450
vn -0.0010 0.9865 0.1637
vn -0.0014 0.5347 0.8451
vn -0.9963 0.0854 0.0079
vn -0.0043 0.9885 0.1513
vn -0.0021 0.5347 0.8450
vn -0.9973 0.0737 0.0050
vn -0.0275 0.9905 -0.1348
vn -0.8506 0.5213 -0.0689
vn 0.0008 0.9949 -0.1009
vn -0.9678 0.2497 -0.0329
vn -0.9951 0.0982 -0.0073
vn 0.0006 0.4788 0.8779
vn 0.0007 0.4790 0.8778
vn 0.0010 0.7576 0.6527
vn 0.0013 0.9814 -0.1922
vn 0.0011 0.9814 -0.1921
vn -0.9960 0.0891 -0.0092
vn -0.0111 0.9935 -0.1133
vn -0.0111 0.9935 -0.1134
vn -0.9999 -0.0169 -0.0034
vn -0.9678 0.2496 -0.0334
vn 0.0010 0.9957 -0.0928
vn 0.0011 0.7576 0.6527
vn 0.0012 0.7577 0.6526
vn 0.0071 0.9934 0.1143
vn -0.9941 0.1084 -0.0041
vn 0.0125 0.9997 -0.0215
vn 0.0160 0.9986 -0.0506
vn -0.9941 0.1084 -0.0042
vn 0.0170 0.9988 -0.0457
vn -0.9954 0.0963 0.0010
vn 0.0002 0.9999 -0.0144
vn 0.0018 0.9996 0.0272
vn -0.9976 0.0694 0.0035
vn 0.0025 0.9997 0.0249
vn -0.0274 0.9905 -0.1348
vn -0.1000 0.2500 -0.9631
vn -0.0004 0.6886 -0.7252
vn 0.0002 0.9856 0.1693
vn 0.0002 0.9851 0.1717
vn -0.6433 0.1493 -0.7510
vn -0.8387 0.0827 0.5383
vn -0.0018 0.9929 -0.1193
vn -0.9869 0.0565 0.1512
vn -0.0018 0.9929 -0.1191
vn -0.5062 0.1249 0.8533
vn -0.0011 0.9928 -0.1198
vn -0.0273 0.9905 -0.1349
vn -0.5074 0.1259 0.8525
vn -0.8393 0.0826 0.5373
vn -0.9870 0.0559 0.1509
vn -0.0274 0.9905 -0.1350
vn -0.1638 0.1319 0.9776
vn -0.9976 0.0694 0.0020
vn 0.1593 -0.0258 0.9869
vn 0.4669 -0.0232 0.8840
vn 0.1596 -0.0258 0.9868
vn 0.0026 0.9999 0.0099
vn -0.1596 -0.0258 0.9868
vn -0.1593 -0.0258 0.9869
vn -0.0026 0.9998 -0.0193
vn 0.9023 -0.0113 0.4310
vn 0.9823 -0.0049 0.1874
vn 0.9019 -0.0113 0.4317
vn 0.0012 0.9998 0.0175
vn 0.0016 0.9997 0.0235
vn 0.0010 0.9998 0.0175
vn 0.9825 -0.0049 0.1864
vn 0.9982 -0.0016 0.0607
vn 0.0002 1.0000 0.0091
vn 0.4667 -0.0232 0.8841
vn 0.7168 -0.0182 0.6970
vn 0.0015 0.9997 0.0241
vn 0.0017 0.9997 0.0241
vn 0.7172 -0.0182 0.6966
vn 0.9982 -0.0016 0.0597
vn 0.9999 -0.0004 0.0136
vn -0.0042 0.9999 -0.0107
vn -0.0041 0.9999 -0.0110
vn -0.1583 0.4006 0.9025
vn 0.1528 0.4009 0.9033
vn 0.1583 0.4006 0.9025
vn 0.4435 0.3789 0.8123
vn 0.4295 0.3803 0.8191
vn -0.0028 0.9995 0.0326
vn -0.0045 0.9989 0.0473
vn 0.6710 0.3491 0.6542
vn 0.6705 0.3491 0.6546
vn 0.0008 0.9991 0.0422
vn -0.0056 0.9977 0.0670
vn -0.0017 0.9991 0.0418
vn 0.8606 0.3048 0.4079
vn 0.8561 0.3063 0.4162
vn -0.0112 0.9957 0.0920
vn 0.0003 0.9989 0.0466
vn -0.0105 0.9961 0.0876
vn 0.9476 0.2760 0.1612
vn 0.9460 0.2760 0.1699
vn -0.0096 0.9941 0.1079
vn 0.9590 0.2803 0.0414
vn 0.9589 0.2808 0.0401
vn 0.0014 0.9973 0.0739
vn 0.0014 0.9973 0.0737
vn 0.9562 0.2925 0.0110
vn 0.9562 0.2926 0.0109
vn 0.0102 0.9997 -0.0207
vn -0.0141 0.9988 -0.0461
vn -0.0141 0.9988 -0.0462
vn 0.9949 0.0026 -0.1007
vn 0.9134 0.0107 -0.4070
vn 0.9959 0.0024 -0.0901
vn -0.0214 0.9984 -0.0528
vn 0.9032 0.0112 -0.4290
vn 0.6512 0.0198 -0.7586
vn -0.0191 0.9991 -0.0372
vn -0.0189 0.9991 -0.0374
vn 0.6396 0.0201 -0.7684
vn 0.3292 0.0247 -0.9439
vn -0.0141 0.9994 -0.0309
vn -0.0141 0.9994 -0.0307
vn 0.0076 0.9952 -0.0978
vn 0.0125 0.9965 -0.0824
vn -0.0000 0.2868 -0.9580
vn 0.0877 0.2792 -0.9562
vn 0.0997 0.2780 -0.9554
vn -0.0048 0.9947 -0.1025
vn -0.0093 0.9963 -0.0853
vn -0.0877 0.2793 -0.9562
vn 0.3231 0.0248 -0.9460
vn 0.0875 0.0261 -0.9958
vn -0.0061 0.9996 -0.0292
vn 0.0863 0.0261 -0.9959
vn -0.0000 0.0262 -0.9997
vn -0.0000 0.9996 -0.0286
vn -0.0000 0.9996 -0.0287
vn -0.0863 0.0261 -0.9959
vn 0.0061 0.9995 -0.0296
vn 0.0061 0.9996 -0.0292
vn 0.3165 0.2662 -0.9105
vn 0.6119 0.2719 -0.7427
vn 0.3183 0.2662 -0.9098
vn 0.8653 0.2660 -0.4248
vn 0.5938 0.2709 -0.7576
vn 0.9504 0.2791 -0.1370
vn 0.8260 0.2706 -0.4945
vn 0.9496 0.2778 -0.1451
vn -0.4669 -0.0231 0.8840
vn -0.4667 -0.0231 0.8841
vn -0.0026 0.9999 0.0099
vn -0.9023 -0.0113 0.4310
vn -0.9823 -0.0049 0.1874
vn -0.9825 -0.0049 0.1864
vn -0.0010 0.9998 0.0175
vn -0.0010 0.9998 0.0177
vn -0.0015 0.9997 0.0235
vn -0.9982 -0.0016 0.0607
vn -0.9982 -0.0016 0.0597
vn -0.7168 -0.0183 0.6970
vn -0.7172 -0.0182 0.6966
vn -0.0015 0.9997 0.0240
vn -0.9019 -0.0113 0.4317
vn -0.9999 -0.0004 0.0136
vn 0.0042 0.9999 -0.0107
vn -0.0003 1.0000 0.0091
vn -0.4433 0.3790 0.8123
vn -0.1529 0.4009 0.9033
vn 0.0023 0.9995 0.0313
vn 0.0044 0.9989 0.0474
vn 0.0018 0.9991 0.0416
vn 0.0035 0.9988 0.0488
vn -0.6710 0.3491 0.6542
vn -0.4295 0.3803 0.8191
vn 0.0107 0.9975 0.0699
vn 0.0178 0.9961 0.0860
vn -0.8606 0.3048 0.4080
vn -0.6704 0.3492 0.6547
vn 0.0178 0.9960 0.0876
vn 0.0116 0.9949 0.1006
vn -0.9476 0.2760 0.1612
vn -0.8561 0.3063 0.4162
vn 0.0109 0.9948 0.1013
vn 0.0076 0.9972 0.0750
vn -0.9590 0.2804 0.0414
vn -0.9459 0.2761 0.1702
vn -0.0003 0.9996 -0.0278
vn 0.0105 0.9991 0.0418
vn 0.0105 0.9991 0.0419
vn -0.9562 0.2925 0.0110
vn -0.9589 0.2808 0.0401
vn 0.0141 0.9988 -0.0461
vn 0.0041 0.9999 -0.0110
vn -0.9949 0.0026 -0.1007
vn -0.9134 0.0106 -0.4070
vn -0.9032 0.0112 -0.4290
vn -0.9959 0.0024 -0.0901
vn 0.0214 0.9984 -0.0527
vn 0.0141 0.9988 -0.0462
vn 0.0189 0.9991 -0.0373
vn 0.0214 0.9984 -0.0528
vn -0.6512 0.0198 -0.7586
vn -0.6396 0.0201 -0.7684
vn -0.3292 0.0247 -0.9439
vn -0.3231 0.0248 -0.9460
vn 0.0140 0.9994 -0.0311
vn -0.0875 0.0261 -0.9958
vn -0.3165 0.2662 -0.9105
vn -0.0996 0.2780 -0.9554
vn -0.3183 0.2662 -0.9098
vn -0.6120 0.2719 -0.7427
vn -0.5938 0.2709 -0.7576
vn -0.8653 0.2661 -0.4248
vn -0.8260 0.2706 -0.4945
vn -0.9504 0.2791 -0.1370
vn -0.9496 0.2778 -0.1451
vn -0.9562 0.2926 0.0109
vn 0.9900 0.1407 0.0059
vn 0.9923 0.1237 0.0050
vn 0.9867 0.1628 0.0024
vn 0.9885 0.1515 -0.0022
vn 0.9885 0.1510 -0.0046
vn 0.9885 0.1511 -0.0046
vn 0.9885 0.1511 -0.0027
vn 0.9885 0.1514 -0.0002
vn 0.9885 0.1512 -0.0001
vn 0.9890 0.1476 0.0026
vn 0.9890 0.1476 0.0025
vn -0.0003 0.9928 -0.1202
vn 0.9932 0.1160 0.0045
vn 0.9932 0.1160 0.0044
vn 0.9867 0.1627 0.0025
vn -0.1132 0.7414 -0.6615
vn 0.0679 0.7366 -0.6729
vn 0.0679 0.7366 -0.6730
vn 0.2394 0.7457 -0.6218
vn -0.0020 0.9929 -0.1192
vn 0.5180 0.7759 -0.3601
vn 0.4019 0.7551 -0.5180
vn -0.3937 0.7761 -0.4926
vn -0.5710 0.7922 -0.2155
vn -0.5749 0.8181 0.0110
vn -0.4000 0.8675 0.2959
vn -0.1148 0.8713 0.4772
vn -0.0000 0.8679 0.4967
vn 0.0025 0.9936 -0.1132
vn 0.5810 0.8041 -0.1259
vn 0.0598 0.8688 0.4915
vn 0.2769 0.8704 0.4071
vn 0.5127 0.8428 0.1638
vn -0.0000 0.9936 -0.1132
vn 0.4095 -0.1032 -0.9065
vn 0.1153 -0.1125 -0.9869
vn -0.1936 -0.1109 -0.9748
vn -0.1937 -0.1112 -0.9747
vn -0.7001 -0.0807 -0.7095
vn -0.9771 -0.0241 -0.2115
vn -0.9771 -0.0241 -0.2116
vn -0.9842 0.0201 0.1760
vn -0.9842 0.0201 0.1761
vn -0.7140 0.0791 0.6957
vn -0.7140 0.0791 0.6956
vn -0.1965 0.1108 0.9742
vn -0.0000 0.1130 0.9936
vn 0.1014 0.1124 0.9885
vn 0.4822 0.0992 0.8704
vn 0.8932 0.0508 0.4469
vn 0.8932 0.0508 0.4468
vn 0.9983 -0.0067 -0.0582
vn 0.8868 -0.0523 -0.4592
vn 0.6835 -0.0825 -0.7253
vn 0.1219 0.5152 -0.8484
vn 0.5920 0.5535 -0.5858
vn 0.8605 0.4964 -0.1149
vn 0.8436 0.4940 0.2107
vn -0.0000 0.9997 0.0257
vn 0.8434 0.4939 0.2116
vn 0.5853 0.4973 0.6405
vn 0.5839 0.4972 0.6418
vn 0.1687 0.4740 0.8642
vn -0.1684 0.4738 0.8644
vn 0.1684 0.4737 0.8645
vn -0.0016 0.9996 0.0277
vn 0.0019 0.9996 0.0294
vn 0.0010 0.9996 0.0296
vn 0.0025 0.9996 0.0282
vn -0.0005 0.9996 0.0297
vn 0.0023 0.9997 0.0249
vn 0.0016 0.9996 0.0275
vn -0.1219 0.5152 -0.8484
vn -0.5920 0.5535 -0.5858
vn -0.8605 0.4964 -0.1149
vn -0.8436 0.4940 0.2107
vn -0.8434 0.4938 0.2116
vn -0.5853 0.4973 0.6404
vn -0.5839 0.4972 0.6417
vn -0.1688 0.4737 0.8643
vn -0.0007 0.9996 0.0292
vn -0.0048 0.9996 0.0269
vn -0.0029 0.9996 0.0286
vn -0.0064 0.9997 0.0254
vn -0.0065 0.9997 0.0254
vn -0.0033 0.9996 0.0274
vn 0.0919 0.0944 -0.9913
vn -0.0001 0.1573 -0.9876
vn -0.0001 0.0850 -0.9964
vn 0.3649 0.1264 -0.9224
vn 0.0902 0.1755 -0.9803
vn 0.9894 0.1449 0.0101
vn 0.9869 0.1607 0.0106
vn 0.9869 0.1608 0.0105
vn 0.9850 0.1485 -0.0880
vn 0.9003 0.2364 -0.3654
vn 0.9163 0.1440 -0.3738
vn 0.6961 0.1524 -0.7015
vn 0.3596 0.2249 -0.9056
vn 0.6804 0.2547 -0.6871
vn -0.6738 0.0620 -0.7363
vn -0.6401 0.1356 -0.7562
vn -0.6739 0.0620 -0.7362
vn -0.0966 0.1771 -0.9794
vn -0.0900 0.0961 -0.9913
vn 0.0102 0.9996 0.0277
vn 0.0005 0.9999 -0.0147
vn -0.0020 0.9992 -0.0411
vn -0.0030 0.9984 -0.0561
vn -0.0015 0.9992 -0.0398
vn -0.0029 0.9975 -0.0709
vn -0.0026 0.9975 -0.0710
vn -0.0021 0.9987 -0.0503
vn -0.0024 0.9996 -0.0287
vn 0.0100 0.9461 -0.3236
vn 0.0102 0.9461 -0.3237
vn 0.0125 0.9995 0.0276
vn -0.0014 0.9992 -0.0387
vn 0.0141 0.9986 0.0510
vn 0.0136 0.9986 0.0514
vn 0.0005 0.9860 0.1670
vn -0.0000 0.9854 0.1700
vn -0.0001 0.9856 0.1688
vn -0.0001 0.2291 -0.9734
vn 0.1160 0.2660 -0.9570
vn 0.0001 0.9855 0.1696
vn -0.0000 0.9852 0.1716
vn 0.0001 0.9852 0.1716
vn 0.0061 0.9864 0.1643
vn 0.0047 0.9863 0.1648
vn 0.0075 0.9862 0.1652
vn 0.0059 0.9864 0.1642
vn 0.0034 0.9866 0.1630
vn 0.9781 0.1863 -0.0932
vn 0.8877 0.3195 -0.3314
vn 0.0033 0.9862 0.1654
vn 0.0012 0.9860 0.1667
vn 0.3920 0.3247 -0.8608
vn 0.0027 0.9862 0.1658
vn 0.6898 0.3494 -0.6342
vn -0.6355 0.1450 -0.7584
vn -0.0014 0.4790 0.8778
vn -0.0015 0.4790 0.8778
vn -0.0029 0.9975 -0.0708
vn 0.0089 0.9996 0.0274
vn 0.0090 0.9996 0.0274
vn 0.0069 0.9465 -0.3226
vn 0.0071 0.9465 -0.3227
vn 0.0095 0.9987 0.0507
vn 0.0071 0.9986 0.0530
vn 0.0091 0.9987 0.0509
vn -0.0028 0.1679 -0.9858
vn -0.1092 0.2547 -0.9608
vn 0.0036 0.9998 0.0182
vn -0.0002 0.9999 -0.0146
vn 0.0033 0.9998 0.0183
vn 0.7869 0.6169 0.0155
vn 0.0074 0.9996 0.0272
vn 0.7848 0.6194 -0.0208
vn -0.0027 0.9984 -0.0561
vn -0.0026 0.9984 -0.0561
vn 0.7845 0.6197 -0.0222
vn 0.7840 0.6198 -0.0351
vn 0.7845 0.6197 -0.0219
vn -0.0020 0.9992 -0.0404
vn 0.7840 0.6198 -0.0358
vn 0.8408 0.5404 -0.0308
vn 0.8467 0.5312 -0.0293
vn 0.9379 0.3470 -0.0031
vn 0.9993 0.0104 0.0362
vn 0.9993 0.0103 0.0362
vn 0.7872 0.6165 0.0162
vn 0.7681 0.6077 -0.2019
vn 0.7680 0.6078 -0.2019
vn 0.0004 0.9999 -0.0143
vn -0.0016 0.9992 -0.0388
vn 0.7848 0.6194 -0.0216
vn 0.7842 0.6196 -0.0330
vn 0.7870 0.6161 0.0315
vn 0.7865 0.6168 0.0328
vn 0.7870 0.6161 0.0316
vn 0.0008 0.9864 0.1645
vn 0.0023 0.9865 0.1639
vn 0.0035 0.9858 0.1678
vn 0.7982 0.5939 0.1006
vn 0.7878 0.6076 0.1007
vn 0.7878 0.6077 0.1007
vn 0.7803 0.6228 -0.0560
vn 0.7907 0.6121 -0.0107
vn 0.0009 0.9866 0.1634
vn -0.0000 0.9868 0.1619
vn 0.0008 0.9866 0.1632
vn 0.1251 0.7157 -0.6871
vn -0.0004 0.6890 -0.7248
vn -0.0004 0.6879 -0.7258
vn 0.0031 0.9860 0.1668
vn 0.5412 0.7239 -0.4279
vn 0.1701 0.7196 -0.6733
vn 0.0032 0.9859 0.1670
vn 0.0005 0.9862 0.1658
vn 0.5607 0.7205 -0.4081
vn 0.0004 0.6890 -0.7248
vn 0.0004 0.6879 -0.7258
vn 0.9889 0.1288 0.0739
vn 0.9569 0.1517 0.2476
vn 0.9890 0.1288 0.0725
vn 0.9901 0.1378 0.0256
vn 0.9907 0.1278 0.0456
vn 0.2982 0.1684 0.9395
vn 0.0843 0.1484 0.9853
vn 0.3187 0.1701 0.9325
vn -0.1575 0.1447 0.9768
vn -0.1674 0.1450 0.9752
vn 0.9552 0.1525 0.2538
vn 0.8318 0.1776 0.5258
vn 0.8251 0.1782 0.5361
vn 0.6112 0.1839 0.7698
vn 0.5952 0.1834 0.7824
vn 0.0202 0.9943 -0.1045
vn 0.0108 0.9942 -0.1069
vn -0.0016 0.9949 -0.1005
vn 0.0117 0.9942 -0.1067
vn 0.0116 0.9911 -0.1325
vn 0.0003 0.9935 -0.1142
vn -0.0041 0.9900 -0.1409
vn 0.5265 0.6393 0.5604
vn 0.2047 0.5604 0.8025
vn 0.5777 0.6424 0.5036
vn 0.1142 0.5248 0.8435
vn -0.2047 0.5603 0.8026
vn 0.8465 0.5325 -0.0022
vn 0.7854 0.6003 0.1511
vn 0.8504 0.5261 -0.0019
vn 0.0087 0.9921 -0.1253
vn 0.0223 0.9885 -0.1494
vn 0.0077 0.9923 -0.1236
vn 0.7938 0.5948 0.1267
vn 0.0199 0.9892 -0.1449
vn 0.0117 0.9987 0.0486
vn 0.0259 0.9709 -0.2383
vn 0.9934 0.1147 0.0044
vn 0.9934 0.1146 0.0047
vn 0.9930 0.1176 0.0060
vn 0.0171 0.9710 -0.2386
vn 0.0170 0.9710 -0.2386
vn 0.0172 0.9710 -0.2386
vn 0.0236 0.9979 0.0610
vn 0.7914 0.6102 0.0375
vn 0.7909 0.6109 0.0355
vn 0.7909 0.6110 0.0355
vn 0.7785 0.6095 -0.1496
vn 0.7784 0.6097 -0.1496
vn 0.7781 0.6100 -0.1497
vn 0.7781 0.6017 0.1802
vn 0.7777 0.6022 0.1803
vn 0.0153 0.9579 0.2865
vn 0.0152 0.9580 0.2865
vn 0.0151 0.9580 0.2865
vn 0.0346 0.9963 0.0786
vn 0.7915 0.6092 0.0480
vn 0.7913 0.6102 0.0376
vn 0.0231 0.9966 0.0792
vn 0.0237 0.9979 0.0610
vn 0.0284 0.9938 0.1075
vn 0.0349 0.9963 0.0786
vn 0.9931 0.1174 0.0059
vn 0.9922 0.1242 0.0085
vn 0.7905 0.6089 0.0658
vn 0.7915 0.6092 0.0485
vn 0.0186 0.9940 0.1082
vn 0.0227 0.9966 0.0791
vn 0.0198 0.9904 0.1365
vn 0.0284 0.9938 0.1076
vn 0.9923 0.1238 0.0084
vn 0.7892 0.6084 0.0838
vn 0.7907 0.6086 0.0665
vn 0.0131 0.9905 0.1372
vn 0.0189 0.9939 0.1083
vn 0.0048 0.5331 0.8460
vn 0.0030 0.5346 0.8451
vn 0.0031 0.5345 0.8452
vn 0.6281 0.4158 0.6577
vn 0.6279 0.4160 0.6578
vn 0.0197 0.9904 0.1365
vn 0.7882 0.6083 0.0929
vn 0.7892 0.6083 0.0844
vn 0.0098 0.9885 0.1512
vn 0.0130 0.9905 0.1372
vn 0.9343 0.3560 0.0213
vn 0.9384 0.3447 0.0229
vn -0.0017 0.9949 -0.1012
vn -0.0018 0.9949 -0.1009
vn -0.0029 0.9989 -0.0468
vn -0.0044 1.0000 -0.0045
vn -0.0043 1.0000 -0.0045
vn 0.9994 0.0127 0.0336
vn 0.9994 0.0128 0.0337
vn -0.0026 0.7576 0.6527
vn -0.0030 0.9814 -0.1922
vn -0.0031 0.9814 -0.1922
vn -0.0031 0.9813 -0.1922
vn 0.9941 0.0776 0.0762
vn -0.0097 0.9921 0.1254
vn -0.0099 0.9921 0.1254
vn -0.0080 0.9934 0.1142
vn 0.9805 0.1915 0.0441
vn -0.0027 0.9957 -0.0931
vn -0.0020 0.9950 -0.0998
vn -0.0056 0.9958 -0.0913
vn 0.9897 0.1407 0.0264
vn 0.9246 0.1817 -0.3347
vn -0.0014 0.9992 -0.0393
vn -0.0015 0.9992 -0.0388
vn 0.7842 0.6196 -0.0321
vn -0.9965 0.0833 0.0028
vn -0.9974 0.0725 0.0023
vn -0.9941 0.1079 -0.0046
vn -0.9977 0.0677 0.0027
vn -0.9975 0.0705 0.0030
vn -0.9975 0.0704 0.0031
vn -0.9937 0.1115 -0.0056
vn -0.9944 0.1057 -0.0028
vn 0.0059 0.9996 0.0262
vn -0.9977 0.0683 0.0025
vn -0.9977 0.0685 0.0023
vn -0.9976 0.0695 0.0020
vn -0.3625 0.1269 -0.9233
vn -0.3693 0.1962 -0.9084
vn -0.9898 0.1123 -0.0881
vn -0.9117 0.1694 -0.3743
vn -0.9881 0.1202 -0.0964
vn -0.9955 0.0947 0.0100
vn -0.9955 0.0948 0.0100
vn -0.9963 0.0858 0.0080
vn -0.6961 0.1524 -0.7016
vn -0.6915 0.2003 -0.6940
vn -0.9162 0.1440 -0.3738
vn -0.0067 0.9996 0.0288
vn -0.0029 0.9998 0.0188
vn -0.0027 0.9998 0.0189
vn 0.0166 0.9988 -0.0460
vn 0.0308 0.9975 -0.0632
vn -0.0065 0.9437 -0.3306
vn -0.0085 0.9995 0.0296
vn -0.0066 0.9996 0.0288
vn 0.0158 0.9986 -0.0508
vn -0.0090 0.9986 0.0516
vn -0.0067 0.9986 0.0532
vn -0.0066 0.9986 0.0532
vn -0.0005 0.9860 0.1668
vn -0.0011 0.9860 0.1666
vn -0.3814 0.2605 -0.8869
vn -0.0042 0.9864 0.1642
vn -0.0041 0.9863 0.1649
vn -0.9114 0.1929 -0.3636
vn -0.9879 0.1259 -0.0911
vn -0.0022 0.9867 0.1628
vn -0.0029 0.9862 0.1655
vn -0.0026 0.9861 0.1658
vn -0.6977 0.2445 -0.6734
vn -0.0056 0.9862 0.1654
vn 0.0005 0.4790 0.8778
vn 0.0006 0.9987 -0.0509
vn 0.0009 0.9980 -0.0632
vn 0.0005 0.9980 -0.0633
vn -0.0037 0.9996 0.0295
vn -0.0031 0.9996 0.0283
vn -0.0031 0.9996 0.0282
vn -0.0029 0.9442 -0.3295
vn -0.0030 0.9441 -0.3295
vn -0.0030 0.9441 -0.3296
vn -0.0042 0.9987 0.0513
vn -0.0031 0.9986 0.0530
vn -0.0016 0.9998 0.0181
vn 0.0001 0.9999 -0.0146
vn 0.0001 0.9999 -0.0145
vn -0.7870 0.6167 0.0161
vn -0.7862 0.6179 0.0102
vn -0.7851 0.6194 -0.0088
vn -0.7850 0.6194 -0.0094
vn -0.0015 0.9998 0.0183
vn -0.8657 0.4996 -0.0300
vn -0.9971 0.0762 -0.0046
vn -0.9451 0.3261 -0.0196
vn -0.7872 0.6164 0.0175
vn -0.7673 0.6071 -0.2066
vn 0.0005 0.9987 -0.0509
vn -0.8256 0.5637 -0.0269
vn -0.8287 0.5590 -0.0271
vn -0.7871 0.6160 0.0318
vn -0.7866 0.6165 0.0328
vn -0.0003 0.9864 0.1644
vn -0.0011 0.9865 0.1639
vn -0.0002 0.9864 0.1644
vn -0.7982 0.5940 0.1005
vn -0.7803 0.6228 -0.0561
vn -0.7982 0.5939 0.1005
vn -0.0004 0.9860 0.1669
vn -0.7879 0.6075 0.1006
vn -0.0011 0.9863 0.1648
vn -0.5412 0.7239 -0.4278
vn -0.1700 0.7196 -0.6732
vn -0.5606 0.7205 -0.4081
vn -0.1251 0.7157 -0.6871
vn -0.0005 0.9866 0.1632
vn -0.0009 0.9859 0.1672
vn -0.0014 0.9859 0.1671
vn -0.7907 0.6121 -0.0108
vn -0.0009 0.9925 -0.1222
vn -0.0087 0.9880 -0.1544
vn -0.5265 0.6392 0.5605
vn -0.1142 0.5248 0.8436
vn -0.8494 0.5231 -0.0693
vn -0.7922 0.5982 0.1208
vn -0.8029 0.5901 0.0840
vn -0.5777 0.6423 0.5036
vn -0.0031 0.9921 -0.1254
vn -0.0086 0.9885 -0.1511
vn -0.0083 0.9887 -0.1497
vn -0.0070 0.9886 -0.1507
vn -0.0274 0.9905 -0.1349
vn -0.0111 0.9987 0.0501
vn -0.9975 0.0704 0.0030
vn -0.9973 0.0732 0.0034
vn -0.7875 0.6155 0.0308
vn -0.7876 0.6154 0.0308
vn -0.0051 0.9988 0.0495
vn -0.0164 0.9711 -0.2383
vn -0.0073 0.9711 -0.2387
vn -0.0075 0.9711 -0.2386
vn -0.0104 0.9981 0.0610
vn -0.0099 0.9983 0.0569
vn -0.0103 0.9981 0.0610
vn -0.7912 0.6103 0.0375
vn -0.7910 0.6108 0.0355
vn -0.7782 0.6099 -0.1497
vn -0.7785 0.6096 -0.1496
vn -0.7778 0.6023 0.1795
vn -0.7779 0.6022 0.1795
vn -0.0068 0.9584 0.2854
vn -0.0070 0.9584 0.2855
vn -0.0224 0.9967 0.0786
vn -0.0222 0.9967 0.0786
vn -0.7914 0.6094 0.0480
vn -0.7914 0.6093 0.0485
vn -0.0102 0.9968 0.0792
vn -0.0099 0.9968 0.0791
vn -0.0183 0.9940 0.1075
vn -0.0184 0.9940 0.1075
vn -0.9973 0.0739 0.0051
vn -0.9973 0.0736 0.0050
vn -0.7908 0.6086 0.0657
vn -0.7907 0.6085 0.0665
vn -0.0082 0.9941 0.1082
vn -0.0081 0.9941 0.1082
vn -0.0127 0.9906 0.1364
vn -0.0127 0.9906 0.1365
vn -0.9964 0.0845 0.0077
vn -0.7892 0.6085 0.0838
vn -0.7891 0.6084 0.0844
vn -0.0056 0.9905 0.1372
vn -0.0029 0.5336 0.8457
vn -0.0030 0.5334 0.8459
vn -0.0013 0.5346 0.8451
vn -0.0013 0.5345 0.8452
vn -0.6280 0.4158 0.6578
vn -0.6278 0.4160 0.6579
vn -0.0095 0.9886 0.1504
vn -0.7885 0.6080 0.0928
vn -0.7886 0.6079 0.0928
vn -0.0043 0.9885 0.1512
vn -0.9663 0.2553 -0.0328
vn -0.8518 0.5195 -0.0678
vn 0.0007 0.9949 -0.1008
vn 0.0010 0.9989 -0.0468
vn 0.0043 1.0000 -0.0043
vn 0.0010 0.7575 0.6528
vn 0.0080 0.9920 0.1258
vn 0.0081 0.9920 0.1259
vn 0.0070 0.9934 0.1144
vn 0.0072 0.9934 0.1145
vn -0.9999 -0.0168 -0.0035
vn -0.9691 0.2446 -0.0317
vn 0.0012 0.9957 -0.0930
vn 0.0013 0.9957 -0.0930
vn -0.9952 0.0980 -0.0071
vn -0.9951 0.0986 -0.0065
vn -0.9960 0.0890 -0.0096
vn -0.0115 0.9935 -0.1129
vn 0.0045 0.9958 -0.0909
vn 0.0044 0.9958 -0.0909
vn -0.9938 0.1110 -0.0057
vn -0.9939 0.1106 -0.0056
vn -0.8269 0.1265 0.5479
vn -0.5017 0.1449 0.8528
vn -0.8371 0.1161 0.5346
vn -0.5107 0.1446 0.8475
vn -0.9864 0.0689 0.1492
vn -0.8410 0.1154 0.5286
vn -0.9988 0.0482 -0.0064
vn -0.9867 0.0686 0.1471
vn 0.0029 0.9995 0.0326
vn 0.0105 0.9995 -0.0288
vn 0.0014 0.9950 -0.1002
vn 0.0016 0.9965 -0.0839
vn 0.0007 0.9998 -0.0215
vn 0.0011 0.9932 -0.1168
vn -0.0003 0.9928 -0.1201
vn -0.0015 0.9928 -0.1195
vn -0.0005 0.9928 -0.1198
vn -0.0012 0.9928 -0.1196
vn 0.9932 0.1159 0.0044
vn 0.9932 0.1159 0.0045
vn 0.9933 0.1153 0.0045
vn 0.9933 0.1151 0.0045
vn 0.0008 0.9933 -0.1155
vn -0.0008 0.9931 -0.1176
vn -0.0020 0.9929 -0.1191
vn -0.0019 0.9929 -0.1192
vn 0.0026 0.9936 -0.1132
vn 0.0003 0.9996 0.0272
vn 0.0009 0.9996 0.0265
vn -0.0041 0.9996 0.0268
vn -0.0044 0.9996 0.0272
vn 0.9897 0.1427 0.0100
vn 0.9713 0.2243 -0.0795
vn -0.0030 0.9984 -0.0562
vn -0.0024 0.9975 -0.0708
vn 0.0002 0.9857 0.1688
vn 0.9982 0.0499 0.0321
vn 0.0042 0.9857 0.1683
vn 0.0141 0.9940 -0.1085
vn -0.0253 0.9907 -0.1335
vn 0.0127 0.9908 -0.1344
vn -0.0010 0.9993 -0.0387
vn -0.9942 0.1079 -0.0046
vn -0.9941 0.1080 -0.0045
vn -0.9977 0.0676 0.0027
vn -0.9976 0.0686 0.0024
vn -0.9977 0.0677 0.0028
vn -0.9976 0.0696 0.0035
vn -0.0011 0.9857 0.1682
vn -0.0018 -0.9997 -0.0231
vn -0.0017 -0.9999 -0.0171
vn -0.0019 -0.9997 -0.0232
vn 0.0010 -0.9996 -0.0267
vn -0.0016 -0.9997 -0.0238
vn 0.0012 -0.9997 -0.0264
vn 0.0011 -0.9996 -0.0267
vn -0.0014 -0.9999 -0.0170
vn -0.0014 -1.0000 -0.0085
vn 0.0008 -0.9999 0.0112
vn 0.0130 -0.9988 0.0481
vn 0.0007 -0.9999 0.0112
vn 0.0131 -0.9988 0.0482
vn 0.0327 -0.9983 0.0480
vn 0.0328 -0.9983 0.0477
vn 0.0390 -0.9992 0.0122
vn 0.0390 -0.9992 0.0121
vn 0.0289 -0.9995 -0.0134
vn 0.0288 -0.9995 -0.0134
vn 0.0107 -0.9997 -0.0238
vn 0.0107 -0.9997 -0.0240
vn -0.0000 -0.9997 -0.0262
vn 0.0011 -0.9999 -0.0170
vn 0.0018 -0.9997 -0.0231
vn 0.0012 -0.9999 -0.0170
vn 0.0016 -0.9997 -0.0238
vn -0.0010 -0.9996 -0.0267
vn 0.0019 -0.9997 -0.0232
vn -0.0012 -0.9997 -0.0264
vn -0.0011 -0.9996 -0.0267
vn 0.0011 -1.0000 -0.0084
vn 0.0014 -1.0000 -0.0085
vn -0.0131 -0.9988 0.0482
vn -0.0006 -0.9999 0.0112
vn -0.0131 -0.9988 0.0481
vn -0.0328 -0.9983 0.0477
vn -0.0327 -0.9983 0.0480
vn -0.0390 -0.9992 0.0121
vn -0.0390 -0.9992 0.0122
vn -0.0288 -0.9995 -0.0135
vn -0.0288 -0.9995 -0.0134
vn -0.0107 -0.9997 -0.0239
vn -0.0007 -0.9999 0.0112
vn -0.0000 -0.9936 0.1132
vn -0.0000 -0.9936 0.1131
vn -0.0002 -0.9935 0.1136
vn 0.0002 -0.9936 0.1134
vn -0.0002 -0.9936 0.1132
vn -0.0001 -0.9936 0.1132
vn 0.0001 -0.9936 0.1131
vn -0.0001 -0.9935 0.1136
vn -0.0000 -0.9935 0.1135
vn 0.0001 -0.9936 0.1133
vn -0.0004 -0.9936 0.1132
vn 0.0003 -0.9936 0.1130
vn -0.0000 -0.9936 0.1133
vn 1.0000 -0.0073 -0.0002
vn 1.0000 -0.0034 -0.0039
vn 1.0000 0.0023 -0.0001
vn 0.9999 0.0033 0.0099
vn 1.0000 -0.0037 -0.0039
vn 1.0000 -0.0002 -0.0038
vn 0.0163 0.1406 0.9899
vn 0.0001 0.1459 0.9893
vn -0.0038 0.1283 0.9917
vn -0.0000 0.1624 -0.9867
vn -0.0000 0.1621 -0.9868
vn -0.0000 0.1623 -0.9867
vn 1.0000 0.0011 -0.0088
vn 1.0000 -0.0008 -0.0055
vn 1.0000 -0.0051 -0.0073
vn -0.0000 0.1638 -0.9865
vn 0.0012 0.1665 -0.9860
vn -0.0000 0.1640 -0.9865
vn -0.0013 0.1674 -0.9859
vn 0.0041 0.1670 -0.9860
vn 1.0000 -0.0019 -0.0062
vn 1.0000 -0.0017 -0.0035
vn -0.0000 0.1617 -0.9868
vn 0.9998 -0.0219 -0.0017
vn 0.9997 -0.0225 -0.0014
vn 0.9998 -0.0178 -0.0019
vn 0.9998 -0.0181 -0.0019
vn 0.9999 -0.0131 -0.0017
vn 0.9999 -0.0127 -0.0017
vn 0.9962 0.0023 0.0874
vn 0.9927 0.0003 0.1206
vn 0.9962 0.0024 0.0874
vn 0.9927 0.0002 0.1206
vn 0.9903 0.0055 0.1388
vn 1.0000 0.0038 0.0075
vn 1.0000 0.0011 -0.0000
vn 0.9984 0.0026 0.0570
vn -1.0000 -0.0015 -0.0000
vn -1.0000 -0.0027 -0.0001
vn -1.0000 -0.0003 0.0003
vn -1.0000 -0.0013 -0.0000
vn -1.0000 -0.0003 -0.0001
vn -0.0000 0.1669 -0.9860
vn -0.0000 0.1668 -0.9860
vn 0.0002 0.1687 -0.9857
vn -0.0011 0.1678 -0.9858
vn -1.0000 -0.0004 -0.0001
vn -1.0000 -0.0097 -0.0006
vn -1.0000 -0.0094 -0.0007
vn -0.9999 -0.0102 -0.0006
vn -1.0000 -0.0099 -0.0008
vn -1.0000 -0.0081 -0.0009
vn -1.0000 -0.0056 -0.0008
vn -1.0000 -0.0072 0.0011
vn -1.0000 -0.0033 0.0004
vn -1.0000 -0.0074 0.0012
vn -1.0000 -0.0089 0.0014
vn -1.0000 -0.0090 0.0014
vn -1.0000 0.0007 -0.0000
vn -0.0000 0.1645 -0.9864
vn 0.0001 0.1473 0.9891
vn -0.0000 -0.0262 0.9997
vn -0.0001 0.0262 -0.9997
vn -0.0071 -0.0050 1.0000
vn -0.0022 -0.0017 1.0000
vn -0.0054 0.0012 1.0000
vn 0.1160 -0.9932 -0.0079
vn 0.1215 -0.9926 -0.0081
vn 0.1161 -0.9932 -0.0057
vn -0.0232 -0.0034 -0.9997
vn 0.0024 0.0385 -0.9993
vn -0.0173 -0.0060 -0.9998
vn -0.1457 0.9888 -0.0308
vn -0.1150 0.9934 0.0048
vn -0.0825 0.9964 -0.0206
vn 0.9599 0.0362 0.2780
vn 0.9602 -0.0979 -0.2617
vn 0.9593 -0.1320 -0.2495
vn 0.9963 0.0493 0.0698
vn 0.9953 -0.0891 -0.0366
vn 0.9956 -0.0727 -0.0587
vn 0.9961 0.0881 -0.0004
vn 0.9956 -0.0190 -0.0917
vn 0.9948 -0.1021 0.0070
vn 0.9986 0.0537 -0.0005
vn 0.9972 -0.0246 -0.0711
vn 0.9955 -0.0951 0.0008
vn 0.9990 0.0445 0.0105
vn 0.9981 -0.0010 -0.0608
vn 0.9972 -0.0731 -0.0173
vn 0.9920 0.0517 0.1150
vn 0.9892 -0.1221 -0.0810
vn 0.9898 -0.1041 -0.0975
vn 0.9782 -0.0016 0.2077
vn 0.9772 -0.0685 -0.2008
vn 0.9776 -0.0616 -0.2014
vn 0.9762 -0.1534 -0.1533
vn 0.9778 0.1091 -0.1789
vn 0.9782 0.1455 0.1479
vn 0.9619 -0.1929 -0.1939
vn 0.9599 0.1386 -0.2437
vn 0.9607 0.1945 0.1979
vn 0.9654 0.0702 0.2511
vn 0.9808 -0.1574 -0.1154
vn 0.9800 -0.1381 -0.1436
vn 0.9744 0.1433 0.1733
vn 0.9904 0.0632 -0.1227
vn 0.9795 -0.1992 -0.0297
vn 0.9992 0.0402 -0.0035
vn 0.9997 -0.0003 -0.0234
vn 0.9995 -0.0330 0.0025
vn -0.9600 0.2526 -0.1209
vn -0.9602 -0.2730 0.0582
vn -0.9602 -0.2786 0.0202
vn -0.9960 0.0320 -0.0837
vn -0.9956 -0.0707 0.0619
vn -0.9957 -0.0490 0.0792
vn -0.9955 0.0916 -0.0223
vn -0.9953 0.0109 0.0961
vn -0.9950 -0.0968 0.0237
vn -0.9966 -0.0813 0.0133
vn -0.9972 -0.0024 0.0742
vn -0.9978 0.0654 -0.0107
vn -0.9979 -0.0648 -0.0078
vn -0.9982 -0.0164 0.0575
vn -0.9985 0.0541 0.0065
vn -0.9916 0.0669 -0.1107
vn -0.9903 -0.1172 0.0741
vn -0.9907 -0.0985 0.0939
vn -0.9781 0.1919 -0.0808
vn -0.9777 -0.2094 0.0155
vn -0.9777 -0.2089 0.0218
vn -0.9780 0.1948 0.0748
vn -0.9773 -0.1179 0.1762
vn -0.9765 -0.2017 -0.0764
vn -0.9615 -0.2673 -0.0636
vn -0.9612 -0.1346 0.2409
vn -0.9609 0.2694 0.0640
vn -0.9744 0.1707 -0.1460
vn -0.9748 -0.2038 0.0906
vn -0.9747 -0.2044 0.0900
vn -0.9797 0.1994 0.0216
vn -0.9798 -0.0597 0.1907
vn -0.9801 -0.1975 -0.0214
vn -0.9994 -0.0348 0.0055
vn -0.9993 0.0057 0.0362
vn -0.9993 0.0374 -0.0059
vn 0.9587 0.0472 0.2806
vn 1.0000 0.0042 0.0075
vn 0.9967 0.0699 0.0424
vn 0.9954 0.0247 0.0926
vn 1.0000 -0.0094 0.0016
vn 1.0000 -0.0097 0.0016
vn 0.9981 -0.0168 0.0588
vn 0.9972 -0.0000 0.0751
vn 0.9997 -0.0228 -0.0014
vn 0.9929 0.0834 0.0852
vn 0.9786 0.0348 0.2029
vn 0.9773 -0.0394 0.2079
vn 0.9623 0.0166 0.2714
vn 0.9607 0.0801 0.2657
vn 0.9987 0.0111 0.0491
vn 0.9654 -0.0065 0.2607
vn -0.9611 0.2428 -0.1317
vn -0.9599 0.2587 -0.1083
vn -1.0000 -0.0029 -0.0001
vn -0.9961 0.0605 -0.0644
vn -0.9953 0.0024 -0.0967
vn -1.0000 -0.0039 -0.0002
vn -0.9782 0.2028 -0.0455
vn -0.9921 0.0955 -0.0819
vn -0.9972 -0.0051 -0.0742
vn -0.9982 0.0107 -0.0589
vn -0.9774 0.1776 -0.1143
vn -0.9993 -0.0004 -0.0367
vn -0.9798 0.1313 -0.1506
vn -0.9743 0.1905 -0.1202
vn -0.0000 0.7632 0.6462
vn -0.9925 -0.0116 -0.1216
vn 0.0004 -0.1655 0.9862
vn -0.0006 0.5318 0.8469
vn -0.0000 0.9990 0.0445
vn -0.0000 0.9998 -0.0212
vn 0.9976 -0.0683 0.0106
vn -0.0000 -0.1546 -0.9880
vn -0.0016 0.4790 0.8778
vn 0.0090 0.9996 0.0273
vn 0.0062 0.9465 -0.3225
vn 0.0007 0.9980 -0.0633
vn -0.0029 0.9442 -0.3294
vn -0.0022 0.9986 0.0529
vn 0.0061 0.9996 0.0262
vn 0.0104 0.9985 0.0532
vn 0.7866 0.6167 0.0328
vn 0.0725 0.1470 0.9865
vn 0.7876 0.6155 0.0303
vn 0.0116 0.9987 0.0486
vn 0.0260 0.9709 -0.2383
vn 0.0154 0.9579 0.2866
vn 0.0045 0.5334 0.8459
vn 0.6278 0.4160 0.6578
vn -0.0029 0.9814 -0.1921
vn -0.0094 0.9921 0.1253
vn -0.0025 0.9957 -0.0931
vn -0.0057 0.9958 -0.0913
vn 0.0023 0.9996 -0.0289
vn -0.0065 0.9438 -0.3306
vn -0.0082 0.9995 0.0297
vn -0.0087 0.9986 0.0517
vn -0.0028 0.9442 -0.3294
vn -0.0038 0.9987 0.0511
vn -0.7672 0.6073 -0.2066
vn -0.0010 0.9865 0.1638
vn -0.7877 0.6077 0.1007
vn -0.0074 0.9711 -0.2386
vn -0.7909 0.6109 0.0355
vn -0.7784 0.6097 -0.1496
vn -0.0066 0.9584 0.2853
vn -0.0030 0.5334 0.8458
vn -0.0013 0.5347 0.8450
vn -0.6277 0.4160 0.6579
vn 0.0040 1.0000 -0.0044
vn -0.9988 0.0483 -0.0063
vn 0.0016 0.1727 -0.9850
vn 0.9930 0.0148 0.1172
vn -1.0000 -0.0002 -0.0012
vn -0.0020 -0.0038 1.0000
vn 0.1159 -0.9932 -0.0113
vn -0.0598 0.0199 -0.9980
vn -0.1174 0.9930 0.0106
vt 0.954518 0.919396
vt 0.929213 0.919459
vt 0.929213 0.919396
vt 0.954518 0.919459
vt 0.929213 0.919540
vt 0.903908 0.919540
vt 0.903908 0.919459
vt 0.903908 0.919396
vt 0.853298 0.770744
vt 0.878466 0.764018
vt 0.878603 0.770743
vt 0.853298 0.764055
vt 0.877509 0.757287
vt 0.903910 0.757320
vt 0.903908 0.764022
vt 0.903908 0.770743
vt 0.853298 0.919540
vt 0.878603 0.919651
vt 0.853298 0.919651
vt 0.878603 0.919540
vt 0.903908 0.919651
vt 0.903908 0.919779
vt 0.878603 0.919779
vt 0.853298 0.919779
vt 0.853992 0.722673
vt 0.873610 0.722499
vt 0.878952 0.722673
vt 0.853298 0.722385
vt 0.853645 0.722529
vt 0.853444 0.722385
vt 0.853371 0.722385
vt 0.903932 0.722385
vt 0.878679 0.722385
vt 0.903926 0.722673
vt 0.902795 0.722522
vt 0.853298 0.919367
vt 0.853420 0.919460
vt 0.853420 0.919367
vt 0.853298 0.919460
vt 0.853420 0.919569
vt 0.853542 0.919569
vt 0.853542 0.919460
vt 0.853542 0.919367
vt 0.853298 0.757605
vt 0.853420 0.764066
vt 0.853420 0.757605
vt 0.853298 0.764066
vt 0.853420 0.770750
vt 0.853542 0.770750
vt 0.853542 0.764066
vt 0.853542 0.757605
vt 0.954518 0.770745
vt 0.954396 0.764065
vt 0.954396 0.770745
vt 0.954518 0.764065
vt 0.954396 0.757605
vt 0.954274 0.757605
vt 0.954274 0.764065
vt 0.954274 0.770745
vt 0.883365 0.805670
vt 0.885151 0.813549
vt 0.883365 0.805671
vt 0.885151 0.813547
vt 0.883445 0.821459
vt 0.883445 0.821460
vt 0.885151 0.813550
vt 0.883365 0.805673
vt 0.883445 0.821457
vt 0.878786 0.824419
vt 0.878786 0.824418
vt 0.874107 0.821483
vt 0.874107 0.821485
vt 0.878786 0.824421
vt 0.874107 0.821481
vt 0.872348 0.813667
vt 0.872348 0.813665
vt 0.874081 0.805818
vt 0.874081 0.805820
vt 0.872348 0.813668
vt 0.874081 0.805817
vt 0.878713 0.802796
vt 0.878713 0.802795
vt 0.878713 0.802798
vt 0.954518 0.919569
vt 0.954396 0.919460
vt 0.954396 0.919569
vt 0.954518 0.919460
vt 0.954396 0.919367
vt 0.954274 0.919367
vt 0.954274 0.919460
vt 0.954274 0.919569
vt 0.954518 0.919857
vt 0.954396 0.919705
vt 0.954396 0.919857
vt 0.954518 0.919705
vt 0.954274 0.919705
vt 0.954274 0.919857
vt 0.853298 0.919569
vt 0.853420 0.919705
vt 0.853298 0.919705
vt 0.853420 0.919857
vt 0.853542 0.919857
vt 0.853542 0.919705
vt 0.954518 0.722385
vt 0.934327 0.722395
vt 0.954518 0.722393
vt 0.929216 0.722385
vt 0.903889 0.722401
vt 0.905038 0.722393
vt 0.954276 0.722401
vt 0.929090 0.722401
vt 0.954518 0.722401
vt 0.954397 0.722401
vt 0.853298 0.919678
vt 0.853298 0.919554
vt 0.853298 0.919818
vt 0.853298 0.919857
vt 0.954518 0.919779
vt 0.954518 0.919678
vt 0.954518 0.919818
vt 0.954518 0.919651
vt 0.954518 0.919554
vt 0.954518 0.919540
vt 0.954518 0.919459
vt 0.954518 0.919382
vt 0.954518 0.919367
vt 0.954518 0.770742
vt 0.954518 0.764060
vt 0.954518 0.770743
vt 0.954518 0.764055
vt 0.954518 0.757594
vt 0.954518 0.757605
vt 0.853298 0.757583
vt 0.853298 0.764060
vt 0.853298 0.757594
vt 0.853298 0.770747
vt 0.853298 0.770750
vt 0.853298 0.919396
vt 0.853298 0.919459
vt 0.853298 0.919382
vt 0.853298 0.919459
vt 0.953410 0.936510
vt 0.928191 0.944541
vt 0.928636 0.936510
vt 0.952556 0.944541
vt 0.927672 0.952520
vt 0.903415 0.952520
vt 0.903581 0.944541
vt 0.903723 0.936510
vt 0.929213 0.919890
vt 0.929213 0.919779
vt 0.954517 0.919889
vt 0.929212 0.920000
vt 0.903908 0.920000
vt 0.903908 0.919890
vt 0.954505 0.920223
vt 0.928958 0.928393
vt 0.929206 0.920223
vt 0.954028 0.928393
vt 0.903826 0.928393
vt 0.903906 0.920223
vt 0.954516 0.920000
vt 0.929209 0.920111
vt 0.954511 0.920111
vt 0.903907 0.920111
vt 0.853298 0.952520
vt 0.853298 0.944531
vt 0.853298 0.944541
vt 0.853298 0.952509
vt 0.853298 0.944521
vt 0.853298 0.936492
vt 0.853298 0.936501
vt 0.853298 0.936510
vt 0.853298 0.920000
vt 0.853298 0.919918
vt 0.853298 0.919890
vt 0.853298 0.920018
vt 0.853298 0.919947
vt 0.954511 0.920117
vt 0.954516 0.920018
vt 0.954511 0.920122
vt 0.954505 0.920207
vt 0.954505 0.920215
vt 0.954517 0.919918
vt 0.954517 0.919947
vt 0.954516 0.920036
vt 0.853298 0.928384
vt 0.853298 0.928393
vt 0.853298 0.928376
vt 0.853298 0.920207
vt 0.853298 0.920215
vt 0.853298 0.920223
vt 0.952556 0.944531
vt 0.953410 0.936501
vt 0.952556 0.944521
vt 0.951560 0.952497
vt 0.951560 0.952509
vt 0.951560 0.952520
vt 0.954028 0.928384
vt 0.954028 0.928376
vt 0.953410 0.936492
vt 0.853298 0.920117
vt 0.853298 0.920111
vt 0.853298 0.920122
vt 0.853298 0.920035
vt 0.853421 0.928418
vt 0.853424 0.936831
vt 0.853542 0.928371
vt 0.853542 0.920207
vt 0.853420 0.920207
vt 0.853420 0.920122
vt 0.853542 0.920122
vt 0.853542 0.920035
vt 0.853420 0.920035
vt 0.853420 0.919947
vt 0.853542 0.919947
vt 0.954396 0.919947
vt 0.954274 0.919947
vt 0.954272 0.920036
vt 0.954394 0.920036
vt 0.953901 0.928418
vt 0.954383 0.920207
vt 0.953785 0.928372
vt 0.953171 0.936457
vt 0.953242 0.936831
vt 0.954389 0.920122
vt 0.954267 0.920122
vt 0.954261 0.920207
vt 0.932413 0.952506
vt 0.951381 0.952497
vt 0.951471 0.952497
vt 0.903419 0.952497
vt 0.927584 0.952497
vt 0.903351 0.952508
vt 0.951343 0.952287
vt 0.927574 0.952392
vt 0.951362 0.952392
vt 0.927565 0.952287
vt 0.903419 0.952392
vt 0.878812 0.722393
vt 0.878664 0.722401
vt 0.853434 0.722393
vt 0.853424 0.722401
vt 0.878603 0.919889
vt 0.878603 0.920000
vt 0.928927 0.722528
vt 0.928922 0.722673
vt 0.954225 0.722529
vt 0.953932 0.722673
vt 0.873533 0.952506
vt 0.878541 0.952520
vt 0.853501 0.952497
vt 0.878643 0.952497
vt 0.853298 0.952497
vt 0.853400 0.952497
vt 0.878593 0.928393
vt 0.878603 0.920223
vt 0.878580 0.936510
vt 0.878654 0.952392
vt 0.878664 0.952287
vt 0.853542 0.952287
vt 0.853522 0.952392
vt 0.878603 0.920111
vt 0.878603 0.919459
vt 0.878603 0.919396
vt 0.929350 0.764018
vt 0.929213 0.770742
vt 0.930312 0.757287
vt 0.954518 0.757583
vt 0.878562 0.944541
vt 0.903908 0.722654
vt 0.878694 0.722528
vt 0.878725 0.722654
vt 0.903898 0.722528
vt 0.853483 0.722528
vt 0.853542 0.722654
vt 0.929213 0.919651
vt 0.853366 0.722393
vt 0.853361 0.722401
vt 0.853298 0.722393
vt 0.853298 0.722401
vt 0.954274 0.722654
vt 0.929090 0.722528
vt 0.929091 0.722654
vt 0.954275 0.722528
vt 0.952227 0.946105
vt 0.952326 0.944412
vt 0.853437 0.946105
vt 0.853542 0.936457
vt 0.853542 0.944412
vt 0.873749 0.799030
vt 0.862593 0.798724
vt 0.873720 0.798724
vt 0.862614 0.799030
vt 0.853298 0.798724
vt 0.853298 0.798420
vt 0.862578 0.798420
vt 0.873698 0.798420
vt 0.862572 0.798120
vt 0.873689 0.798120
vt 0.853298 0.798120
vt 0.853298 0.797823
vt 0.862571 0.797823
vt 0.873688 0.797823
vt 0.903908 0.792464
vt 0.878603 0.792037
vt 0.903908 0.792037
vt 0.878603 0.792464
vt 0.853298 0.792037
vt 0.853298 0.791610
vt 0.878603 0.791610
vt 0.903908 0.791610
vt 0.878603 0.791183
vt 0.903908 0.791183
vt 0.853298 0.791183
vt 0.853298 0.790757
vt 0.878603 0.790757
vt 0.903908 0.790757
vt 0.903908 0.785410
vt 0.878603 0.785129
vt 0.903908 0.785131
vt 0.878603 0.785406
vt 0.853298 0.785127
vt 0.853298 0.784849
vt 0.878603 0.784849
vt 0.903908 0.784849
vt 0.878603 0.784566
vt 0.903908 0.784564
vt 0.853298 0.784568
vt 0.853298 0.784284
vt 0.878603 0.784280
vt 0.903908 0.784276
vt 0.872811 0.827542
vt 0.861972 0.827367
vt 0.872816 0.827367
vt 0.861968 0.827542
vt 0.853298 0.827367
vt 0.853298 0.827189
vt 0.861997 0.827189
vt 0.872853 0.827189
vt 0.862059 0.827006
vt 0.872942 0.827006
vt 0.853298 0.827006
vt 0.853298 0.826821
vt 0.862142 0.826821
vt 0.873063 0.826821
vt 0.903908 0.830750
vt 0.878603 0.830565
vt 0.903908 0.830565
vt 0.878603 0.830750
vt 0.853298 0.830565
vt 0.853298 0.830382
vt 0.878603 0.830382
vt 0.903908 0.830382
vt 0.878603 0.830204
vt 0.903908 0.830204
vt 0.853298 0.830204
vt 0.853298 0.830029
vt 0.878603 0.830029
vt 0.903908 0.830029
vt 0.903908 0.911202
vt 0.929213 0.911415
vt 0.903908 0.911415
vt 0.929213 0.911202
vt 0.954518 0.911415
vt 0.954518 0.911600
vt 0.929213 0.911600
vt 0.903908 0.911600
vt 0.929213 0.911740
vt 0.903908 0.911740
vt 0.954518 0.911740
vt 0.954518 0.911853
vt 0.929213 0.911853
vt 0.903908 0.911853
vt 0.903908 0.912072
vt 0.929213 0.912183
vt 0.903908 0.912183
vt 0.929213 0.912072
vt 0.954518 0.912183
vt 0.954518 0.912322
vt 0.929213 0.912322
vt 0.903908 0.912322
vt 0.929213 0.912506
vt 0.903908 0.912506
vt 0.954518 0.912506
vt 0.954518 0.912717
vt 0.929213 0.912717
vt 0.903908 0.912717
vt 0.903908 0.916289
vt 0.929213 0.916594
vt 0.903908 0.916594
vt 0.929213 0.916289
vt 0.954518 0.916594
vt 0.954518 0.916897
vt 0.929213 0.916897
vt 0.903908 0.916897
vt 0.929213 0.917197
vt 0.903908 0.917197
vt 0.954518 0.917197
vt 0.954518 0.917496
vt 0.929213 0.917496
vt 0.903908 0.917496
vt 0.862196 0.745493
vt 0.854671 0.745427
vt 0.862196 0.745427
vt 0.854671 0.745493
vt 0.853298 0.745427
vt 0.853298 0.745370
vt 0.854671 0.745370
vt 0.862196 0.745370
vt 0.854500 0.745325
vt 0.861512 0.745325
vt 0.853298 0.745325
vt 0.853298 0.745287
vt 0.853645 0.745287
vt 0.853992 0.745287
vt 0.953932 0.745010
vt 0.954225 0.745075
vt 0.953932 0.745075
vt 0.954225 0.745010
vt 0.954518 0.745075
vt 0.954518 0.745133
vt 0.954225 0.745133
vt 0.953932 0.745133
vt 0.954225 0.745177
vt 0.953932 0.745177
vt 0.954518 0.745177
vt 0.954518 0.745215
vt 0.954225 0.745215
vt 0.953932 0.745215
vt 0.903926 0.745493
vt 0.879978 0.745427
vt 0.903926 0.745427
vt 0.879978 0.745493
vt 0.879978 0.745370
vt 0.903926 0.745370
vt 0.879807 0.745325
vt 0.903926 0.745325
vt 0.878952 0.745287
vt 0.903926 0.745287
vt 0.853298 0.745010
vt 0.853645 0.745075
vt 0.853298 0.745075
vt 0.853645 0.745010
vt 0.853992 0.745075
vt 0.853992 0.745133
vt 0.853645 0.745133
vt 0.853298 0.745133
vt 0.853645 0.745177
vt 0.853298 0.745177
vt 0.853992 0.745177
vt 0.853992 0.745215
vt 0.853645 0.745215
vt 0.853298 0.745215
vt 0.903926 0.745010
vt 0.928922 0.745075
vt 0.903926 0.745075
vt 0.928922 0.745010
vt 0.928922 0.745133
vt 0.903926 0.745133
vt 0.928922 0.745177
vt 0.903926 0.745177
vt 0.928922 0.745215
vt 0.903926 0.745215
vt 0.954518 0.745493
vt 0.953195 0.745427
vt 0.954518 0.745427
vt 0.953195 0.745493
vt 0.945693 0.745427
vt 0.945693 0.745370
vt 0.953195 0.745370
vt 0.954518 0.745370
vt 0.953367 0.745325
vt 0.954518 0.745325
vt 0.946379 0.745325
vt 0.953932 0.745287
vt 0.954225 0.745287
vt 0.954518 0.745287
vt 0.954518 0.797841
vt 0.954396 0.798138
vt 0.954518 0.798138
vt 0.954396 0.797841
vt 0.954274 0.798138
vt 0.954274 0.798438
vt 0.954396 0.798438
vt 0.954518 0.798438
vt 0.954396 0.798742
vt 0.954518 0.798742
vt 0.954274 0.798742
vt 0.954274 0.799048
vt 0.954396 0.799048
vt 0.954518 0.799048
vt 0.853298 0.799048
vt 0.853420 0.798742
vt 0.853298 0.798742
vt 0.853420 0.799048
vt 0.853542 0.798742
vt 0.853542 0.798438
vt 0.853420 0.798438
vt 0.853298 0.798438
vt 0.853420 0.798138
vt 0.853298 0.798138
vt 0.853542 0.798138
vt 0.853542 0.797841
vt 0.853420 0.797841
vt 0.853298 0.797841
vt 0.954518 0.790757
vt 0.954396 0.791183
vt 0.954518 0.791183
vt 0.954396 0.790757
vt 0.954274 0.791183
vt 0.954274 0.791610
vt 0.954396 0.791610
vt 0.954518 0.791610
vt 0.954396 0.792037
vt 0.954518 0.792037
vt 0.954274 0.792037
vt 0.954274 0.792464
vt 0.954396 0.792464
vt 0.954518 0.792464
vt 0.853298 0.792464
vt 0.853420 0.792037
vt 0.853298 0.792037
vt 0.853420 0.792464
vt 0.853542 0.792037
vt 0.853542 0.791610
vt 0.853420 0.791610
vt 0.853298 0.791610
vt 0.853420 0.791183
vt 0.853298 0.791183
vt 0.853542 0.791183
vt 0.853542 0.790757
vt 0.853420 0.790757
vt 0.853298 0.790757
vt 0.954518 0.784251
vt 0.954396 0.784544
vt 0.954518 0.784544
vt 0.954396 0.784250
vt 0.954274 0.784543
vt 0.954274 0.784835
vt 0.954396 0.784835
vt 0.954518 0.784835
vt 0.954396 0.785121
vt 0.954518 0.785121
vt 0.954274 0.785121
vt 0.954274 0.785406
vt 0.954396 0.785405
vt 0.954518 0.785405
vt 0.853298 0.785379
vt 0.853420 0.785107
vt 0.853298 0.785108
vt 0.853420 0.785378
vt 0.853542 0.785107
vt 0.853542 0.784835
vt 0.853420 0.784835
vt 0.853298 0.784835
vt 0.853420 0.784558
vt 0.853298 0.784557
vt 0.853542 0.784559
vt 0.853542 0.784280
vt 0.853420 0.784279
vt 0.853298 0.784278
vt 0.954518 0.826800
vt 0.954396 0.826986
vt 0.954518 0.826986
vt 0.954396 0.826800
vt 0.954274 0.826986
vt 0.954274 0.827169
vt 0.954396 0.827169
vt 0.954518 0.827169
vt 0.954396 0.827347
vt 0.954518 0.827347
vt 0.954274 0.827347
vt 0.954274 0.827522
vt 0.954396 0.827522
vt 0.954518 0.827522
vt 0.853298 0.827522
vt 0.853420 0.827347
vt 0.853298 0.827347
vt 0.853420 0.827522
vt 0.853542 0.827347
vt 0.853542 0.827169
vt 0.853420 0.827169
vt 0.853298 0.827169
vt 0.853420 0.826986
vt 0.853298 0.826986
vt 0.853542 0.826986
vt 0.853542 0.826800
vt 0.853420 0.826800
vt 0.853298 0.826800
vt 0.954518 0.830008
vt 0.954396 0.830183
vt 0.954518 0.830183
vt 0.954396 0.830008
vt 0.954274 0.830183
vt 0.954274 0.830361
vt 0.954396 0.830361
vt 0.954518 0.830361
vt 0.954396 0.830543
vt 0.954518 0.830543
vt 0.954274 0.830543
vt 0.954274 0.830729
vt 0.954396 0.830729
vt 0.954518 0.830729
vt 0.853298 0.830729
vt 0.853420 0.830543
vt 0.853298 0.830543
vt 0.853420 0.830729
vt 0.853542 0.830543
vt 0.853542 0.830361
vt 0.853420 0.830361
vt 0.853298 0.830361
vt 0.853420 0.830183
vt 0.853298 0.830183
vt 0.853542 0.830183
vt 0.853542 0.830008
vt 0.853420 0.830008
vt 0.853298 0.830008
vt 0.954518 0.911269
vt 0.954396 0.911481
vt 0.954518 0.911481
vt 0.954396 0.911269
vt 0.954274 0.911481
vt 0.954274 0.911667
vt 0.954396 0.911667
vt 0.954518 0.911667
vt 0.954396 0.911807
vt 0.954518 0.911807
vt 0.954274 0.911807
vt 0.954274 0.911919
vt 0.954396 0.911919
vt 0.954518 0.911919
vt 0.853298 0.911919
vt 0.853420 0.911807
vt 0.853298 0.911807
vt 0.853420 0.911919
vt 0.853542 0.911807
vt 0.853542 0.911667
vt 0.853420 0.911667
vt 0.853298 0.911667
vt 0.853420 0.911481
vt 0.853298 0.911481
vt 0.853542 0.911481
vt 0.853542 0.911269
vt 0.853420 0.911269
vt 0.853298 0.911269
vt 0.853298 0.912785
vt 0.853420 0.912574
vt 0.853298 0.912574
vt 0.853420 0.912785
vt 0.853542 0.912574
vt 0.853542 0.912390
vt 0.853420 0.912390
vt 0.853298 0.912390
vt 0.853420 0.912251
vt 0.853298 0.912251
vt 0.853542 0.912251
vt 0.853542 0.912140
vt 0.853420 0.912140
vt 0.853298 0.912140
vt 0.954518 0.912140
vt 0.954396 0.912251
vt 0.954518 0.912251
vt 0.954396 0.912140
vt 0.954274 0.912251
vt 0.954274 0.912390
vt 0.954396 0.912390
vt 0.954518 0.912390
vt 0.954396 0.912574
vt 0.954518 0.912574
vt 0.954274 0.912574
vt 0.954274 0.912785
vt 0.954396 0.912785
vt 0.954518 0.912785
vt 0.954518 0.916272
vt 0.954396 0.916577
vt 0.954518 0.916577
vt 0.954396 0.916272
vt 0.954274 0.916577
vt 0.954274 0.916880
vt 0.954396 0.916880
vt 0.954518 0.916880
vt 0.954396 0.917180
vt 0.954518 0.917180
vt 0.954274 0.917180
vt 0.954274 0.917479
vt 0.954396 0.917479
vt 0.954518 0.917479
vt 0.853298 0.917479
vt 0.853420 0.917180
vt 0.853298 0.917180
vt 0.853420 0.917479
vt 0.853542 0.917180
vt 0.853542 0.916880
vt 0.853420 0.916880
vt 0.853298 0.916880
vt 0.853420 0.916577
vt 0.853298 0.916577
vt 0.853542 0.916577
vt 0.853542 0.916272
vt 0.853420 0.916272
vt 0.853298 0.916272
vt 0.853298 0.745565
vt 0.853420 0.745500
vt 0.853298 0.745500
vt 0.853420 0.745565
vt 0.853542 0.745500
vt 0.853542 0.745442
vt 0.853420 0.745442
vt 0.853298 0.745442
vt 0.853420 0.745397
vt 0.853298 0.745397
vt 0.853542 0.745397
vt 0.853542 0.745360
vt 0.853420 0.745360
vt 0.853298 0.745360
vt 0.954518 0.745360
vt 0.954396 0.745397
vt 0.954518 0.745397
vt 0.954396 0.745360
vt 0.954274 0.745397
vt 0.954274 0.745442
vt 0.954396 0.745442
vt 0.954518 0.745442
vt 0.954396 0.745500
vt 0.954518 0.745500
vt 0.954274 0.745500
vt 0.954274 0.745565
vt 0.954396 0.745565
vt 0.954518 0.745565
vt 0.954518 0.745082
vt 0.954396 0.745148
vt 0.954518 0.745148
vt 0.954396 0.745082
vt 0.954274 0.745148
vt 0.954274 0.745205
vt 0.954396 0.745205
vt 0.954518 0.745205
vt 0.954396 0.745250
vt 0.954518 0.745250
vt 0.954274 0.745250
vt 0.954274 0.745287
vt 0.954396 0.745287
vt 0.853420 0.745250
vt 0.853298 0.745250
vt 0.853420 0.745287
vt 0.853542 0.745250
vt 0.853542 0.745205
vt 0.853420 0.745205
vt 0.853298 0.745205
vt 0.853420 0.745148
vt 0.853298 0.745148
vt 0.853542 0.745148
vt 0.853542 0.745082
vt 0.853420 0.745082
vt 0.853298 0.745082
vt 0.954518 0.797823
vt 0.954518 0.798129
vt 0.954518 0.798120
vt 0.954518 0.797832
vt 0.954518 0.798429
vt 0.954518 0.798420
vt 0.954518 0.798733
vt 0.954518 0.798724
vt 0.954518 0.799039
vt 0.954518 0.799030
vt 0.853298 0.799030
vt 0.853298 0.798733
vt 0.853298 0.799039
vt 0.853298 0.798429
vt 0.853298 0.798129
vt 0.853298 0.797832
vt 0.954518 0.790757
vt 0.954518 0.791183
vt 0.954518 0.791183
vt 0.954518 0.790757
vt 0.954518 0.791610
vt 0.954518 0.791610
vt 0.954518 0.792037
vt 0.954518 0.792037
vt 0.954518 0.792464
vt 0.954518 0.792464
vt 0.853298 0.792464
vt 0.853298 0.792037
vt 0.853298 0.792464
vt 0.853298 0.791610
vt 0.853298 0.791183
vt 0.853298 0.790757
vt 0.954518 0.784269
vt 0.954518 0.784552
vt 0.954518 0.784560
vt 0.954518 0.784260
vt 0.954518 0.784842
vt 0.954518 0.784849
vt 0.954518 0.785127
vt 0.954518 0.785134
vt 0.954518 0.785411
vt 0.954518 0.785416
vt 0.853298 0.785402
vt 0.853298 0.785117
vt 0.853298 0.785390
vt 0.853298 0.784842
vt 0.853298 0.784563
vt 0.853298 0.784281
vt 0.954518 0.826821
vt 0.954518 0.826996
vt 0.954518 0.827006
vt 0.954518 0.826810
vt 0.954518 0.827179
vt 0.954518 0.827189
vt 0.954518 0.827357
vt 0.954518 0.827367
vt 0.954518 0.827532
vt 0.954518 0.827542
vt 0.853298 0.827542
vt 0.853298 0.827357
vt 0.853298 0.827532
vt 0.853298 0.827179
vt 0.853298 0.826996
vt 0.853298 0.826810
vt 0.954518 0.830029
vt 0.954518 0.830194
vt 0.954518 0.830204
vt 0.954518 0.830019
vt 0.954518 0.830371
vt 0.954518 0.830382
vt 0.954518 0.830554
vt 0.954518 0.830565
vt 0.954518 0.830739
vt 0.954518 0.830750
vt 0.853298 0.830750
vt 0.853298 0.830554
vt 0.853298 0.830739
vt 0.853298 0.830371
vt 0.853298 0.830194
vt 0.853298 0.830019
vt 0.954518 0.911202
vt 0.954518 0.911448
vt 0.954518 0.911235
vt 0.954518 0.911633
vt 0.954518 0.911773
vt 0.954518 0.911886
vt 0.853298 0.911853
vt 0.853298 0.911773
vt 0.853298 0.911740
vt 0.853298 0.911886
vt 0.853298 0.911633
vt 0.853298 0.911600
vt 0.853298 0.911448
vt 0.853298 0.911415
vt 0.853298 0.911235
vt 0.853298 0.911202
vt 0.853298 0.912717
vt 0.853298 0.912540
vt 0.853298 0.912506
vt 0.853298 0.912751
vt 0.853298 0.912356
vt 0.853298 0.912322
vt 0.853298 0.912217
vt 0.853298 0.912183
vt 0.853298 0.912106
vt 0.853298 0.912072
vt 0.954518 0.912072
vt 0.954518 0.912217
vt 0.954518 0.912106
vt 0.954518 0.912356
vt 0.954518 0.912540
vt 0.954518 0.912751
vt 0.954518 0.916289
vt 0.954518 0.916585
vt 0.954518 0.916280
vt 0.954518 0.916888
vt 0.954518 0.917189
vt 0.954518 0.917488
vt 0.853298 0.917496
vt 0.853298 0.917189
vt 0.853298 0.917197
vt 0.853298 0.917488
vt 0.853298 0.916888
vt 0.853298 0.916897
vt 0.853298 0.916585
vt 0.853298 0.916594
vt 0.853298 0.916280
vt 0.853298 0.916289
vt 0.853298 0.745493
vt 0.853298 0.745464
vt 0.853298 0.745529
vt 0.853298 0.745406
vt 0.853298 0.745361
vt 0.853298 0.745324
vt 0.954518 0.745361
vt 0.954518 0.745324
vt 0.954518 0.745406
vt 0.954518 0.745464
vt 0.954518 0.745529
vt 0.954518 0.745010
vt 0.954518 0.745111
vt 0.954518 0.745046
vt 0.954518 0.745169
vt 0.954518 0.745214
vt 0.954518 0.745251
vt 0.853298 0.745214
vt 0.853298 0.745251
vt 0.853298 0.745169
vt 0.853298 0.745111
vt 0.853298 0.745046
vt 0.929559 0.827367
vt 0.929559 0.827542
vt 0.906679 0.827367
vt 0.906688 0.827189
vt 0.929560 0.827189
vt 0.929563 0.827006
vt 0.906710 0.827006
vt 0.906740 0.826821
vt 0.929567 0.826821
vt 0.929587 0.798724
vt 0.929588 0.799030
vt 0.906905 0.798724
vt 0.906899 0.798420
vt 0.929587 0.798420
vt 0.929586 0.798120
vt 0.906897 0.798120
vt 0.906897 0.797823
vt 0.929586 0.797823
vt 0.929213 0.785133
vt 0.929213 0.785413
vt 0.929213 0.784849
vt 0.929213 0.784562
vt 0.929213 0.784272
vt 0.878603 0.911415
vt 0.878603 0.911202
vt 0.878603 0.911600
vt 0.878603 0.911740
vt 0.878603 0.911853
vt 0.878603 0.912183
vt 0.878603 0.912072
vt 0.878603 0.912322
vt 0.878603 0.912506
vt 0.878603 0.912717
vt 0.929213 0.830565
vt 0.929213 0.830750
vt 0.929213 0.830382
vt 0.929213 0.830204
vt 0.929213 0.830029
vt 0.878603 0.916594
vt 0.878603 0.916289
vt 0.878603 0.916897
vt 0.878603 0.917197
vt 0.878603 0.917496
vt 0.853992 0.745010
vt 0.878952 0.745075
vt 0.878952 0.745010
vt 0.878952 0.745133
vt 0.878952 0.745177
vt 0.878952 0.745215
vt 0.945693 0.745493
vt 0.927892 0.745427
vt 0.927892 0.745493
vt 0.927892 0.745370
vt 0.928064 0.745325
vt 0.928922 0.745287
vt 0.929213 0.792037
vt 0.929213 0.792464
vt 0.929213 0.791610
vt 0.929213 0.791183
vt 0.929213 0.790757
vt 0.906677 0.827542
vt 0.887623 0.827367
vt 0.887619 0.827542
vt 0.887650 0.827189
vt 0.887714 0.827006
vt 0.887801 0.826821
vt 0.906912 0.799030
vt 0.888273 0.798724
vt 0.888294 0.799030
vt 0.888257 0.798420
vt 0.888251 0.798120
vt 0.888250 0.797823
vt 0.929234 0.795159
vt 0.904078 0.795263
vt 0.954518 0.795144
vt 0.954518 0.795148
vt 0.954518 0.795152
vt 0.929785 0.812934
vt 0.954518 0.812926
vt 0.908736 0.813012
vt 0.954518 0.812925
vt 0.954518 0.812924
vt 0.865578 0.813169
vt 0.873527 0.803940
vt 0.873254 0.822580
vt 0.853298 0.812926
vt 0.877181 0.795690
vt 0.853298 0.795144
vt 0.853298 0.812925
vt 0.853298 0.812924
vt 0.853298 0.795148
vt 0.853298 0.795152
vt 0.954518 0.788084
vt 0.954518 0.788086
vt 0.954518 0.788081
vt 0.929213 0.788085
vt 0.903908 0.788083
vt 0.878603 0.788081
vt 0.853298 0.788079
vt 0.853298 0.788074
vt 0.853298 0.788068
vt 0.954518 0.777492
vt 0.954518 0.777495
vt 0.954518 0.777489
vt 0.929213 0.777497
vt 0.903908 0.777499
vt 0.878603 0.777501
vt 0.853298 0.777503
vt 0.853298 0.777503
vt 0.853298 0.777503
vt 0.929222 0.828779
vt 0.954518 0.828786
vt 0.903983 0.828731
vt 0.954518 0.828776
vt 0.954518 0.828765
vt 0.876916 0.828532
vt 0.853298 0.828786
vt 0.853298 0.828776
vt 0.853298 0.828765
vt 0.929213 0.852419
vt 0.954518 0.852419
vt 0.929213 0.873239
vt 0.903908 0.873239
vt 0.903908 0.852419
vt 0.954518 0.873239
vt 0.954518 0.852412
vt 0.954518 0.873241
vt 0.954518 0.852406
vt 0.954518 0.873242
vt 0.878603 0.852419
vt 0.878603 0.873239
vt 0.853298 0.873239
vt 0.853298 0.852419
vt 0.853298 0.852412
vt 0.853298 0.873241
vt 0.853298 0.873242
vt 0.853298 0.852406
vt 0.954518 0.911996
vt 0.954518 0.911962
vt 0.954518 0.912030
vt 0.929213 0.911962
vt 0.903908 0.911962
vt 0.929213 0.892645
vt 0.954518 0.892645
vt 0.903908 0.892645
vt 0.954518 0.892660
vt 0.954518 0.892676
vt 0.878603 0.892645
vt 0.853298 0.892645
vt 0.853298 0.911996
vt 0.853298 0.911962
vt 0.853298 0.912030
vt 0.853298 0.892660
vt 0.853298 0.892676
vt 0.878603 0.911962
vt 0.853298 0.914516
vt 0.853298 0.914503
vt 0.853298 0.914528
vt 0.878603 0.914503
vt 0.903908 0.914503
vt 0.929213 0.914503
vt 0.954518 0.914503
vt 0.954518 0.914516
vt 0.954518 0.914528
vt 0.929213 0.918446
vt 0.954518 0.918446
vt 0.903908 0.918446
vt 0.954518 0.918435
vt 0.954518 0.918423
vt 0.853298 0.918435
vt 0.853298 0.918446
vt 0.853298 0.918423
vt 0.878603 0.918446
vt 0.853298 0.745287
vt 0.853298 0.745324
vt 0.853645 0.745251
vt 0.853992 0.745251
vt 0.873706 0.750174
vt 0.853298 0.751440
vt 0.903916 0.750882
vt 0.853298 0.751462
vt 0.853298 0.751484
vt 0.934133 0.750174
vt 0.954518 0.751440
vt 0.954518 0.745287
vt 0.954225 0.745251
vt 0.953932 0.745251
vt 0.954518 0.751462
vt 0.954518 0.751484
vt 0.954225 0.733769
vt 0.954518 0.733697
vt 0.953932 0.733841
vt 0.954518 0.733720
vt 0.954518 0.733742
vt 0.853645 0.733769
vt 0.853298 0.733697
vt 0.853992 0.733841
vt 0.853298 0.733720
vt 0.853298 0.733742
vt 0.882901 0.825230
vt 0.891691 0.822211
vt 0.883103 0.801295
vt 0.891737 0.804282
vt 0.878952 0.745251
vt 0.903926 0.745251
vt 0.928922 0.745251
vt 0.954396 0.795152
vt 0.954274 0.795152
vt 0.954274 0.797841
vt 0.954396 0.812924
vt 0.954274 0.812924
vt 0.954274 0.826800
vt 0.853420 0.795152
vt 0.853542 0.795152
vt 0.853542 0.792464
vt 0.853420 0.812924
vt 0.853542 0.812924
vt 0.853542 0.799048
vt 0.954396 0.788081
vt 0.954274 0.788081
vt 0.954274 0.790757
vt 0.853420 0.788067
vt 0.853542 0.788067
vt 0.853542 0.785377
vt 0.954396 0.777489
vt 0.954274 0.777488
vt 0.954274 0.784250
vt 0.853420 0.777503
vt 0.853542 0.777504
vt 0.954396 0.828765
vt 0.954274 0.828765
vt 0.954274 0.830008
vt 0.853420 0.828765
vt 0.853542 0.828765
vt 0.853542 0.827522
vt 0.954396 0.852406
vt 0.954396 0.873242
vt 0.954274 0.852406
vt 0.954274 0.873242
vt 0.853420 0.852406
vt 0.853420 0.873242
vt 0.853542 0.873242
vt 0.853542 0.852406
vt 0.853542 0.830729
vt 0.954396 0.912030
vt 0.954274 0.912030
vt 0.954274 0.912140
vt 0.954396 0.892676
vt 0.954274 0.892676
vt 0.954274 0.911269
vt 0.853420 0.892676
vt 0.853542 0.892676
vt 0.853420 0.912030
vt 0.853542 0.912030
vt 0.853542 0.911919
vt 0.853420 0.914528
vt 0.853542 0.914528
vt 0.853542 0.912785
vt 0.954396 0.914528
vt 0.954274 0.914528
vt 0.954274 0.916272
vt 0.954396 0.918423
vt 0.954274 0.918423
vt 0.853420 0.918423
vt 0.853542 0.918423
vt 0.853542 0.917479
vt 0.853420 0.745324
vt 0.853542 0.745324
vt 0.853542 0.745287
vt 0.853420 0.751484
vt 0.853542 0.751484
vt 0.853542 0.745565
vt 0.954396 0.751484
vt 0.954274 0.751484
vt 0.954396 0.745324
vt 0.954274 0.745324
vt 0.954274 0.745360
vt 0.954372 0.731524
vt 0.954274 0.745082
vt 0.954274 0.733868
vt 0.853421 0.731524
vt 0.853542 0.733868
vt 0.894642 0.813245
vt 0.954487 0.919390
vt 0.929213 0.919460
vt 0.954484 0.919460
vt 0.929213 0.919553
vt 0.954485 0.919552
vt 0.903908 0.919553
vt 0.929213 0.919390
vt 0.903908 0.919460
vt 0.853329 0.770746
vt 0.878466 0.764020
vt 0.853329 0.764057
vt 0.877509 0.757291
vt 0.853329 0.757586
vt 0.903910 0.757324
vt 0.878603 0.770745
vt 0.903908 0.764024
vt 0.853331 0.919552
vt 0.878603 0.919669
vt 0.878603 0.919553
vt 0.903908 0.919669
vt 0.903908 0.919798
vt 0.853329 0.919669
vt 0.878603 0.919798
vt 0.853992 0.722677
vt 0.873610 0.722503
vt 0.853645 0.722533
vt 0.853329 0.722419
vt 0.853371 0.722419
vt 0.853444 0.722419
vt 0.878679 0.722419
vt 0.903932 0.722419
vt 0.902795 0.722526
vt 0.903926 0.722677
vt 0.878952 0.722677
vt 0.853328 0.919373
vt 0.853420 0.919460
vt 0.853327 0.919460
vt 0.853420 0.919557
vt 0.853327 0.919557
vt 0.853542 0.919557
vt 0.853420 0.919373
vt 0.853542 0.919460
vt 0.853329 0.757602
vt 0.853420 0.764063
vt 0.853329 0.764063
vt 0.853420 0.770748
vt 0.853329 0.770748
vt 0.853542 0.770748
vt 0.853420 0.757602
vt 0.853542 0.764063
vt 0.954487 0.770743
vt 0.954396 0.764063
vt 0.954487 0.764063
vt 0.954396 0.757602
vt 0.954487 0.757602
vt 0.954274 0.757602
vt 0.954396 0.770743
vt 0.954274 0.764063
vt 0.883388 0.805654
vt 0.885182 0.813549
vt 0.885180 0.813548
vt 0.883472 0.821477
vt 0.883468 0.821474
vt 0.883472 0.821479
vt 0.883392 0.805652
vt 0.885182 0.813550
vt 0.878786 0.824455
vt 0.878786 0.824449
vt 0.874080 0.821502
vt 0.874084 0.821499
vt 0.874080 0.821504
vt 0.878786 0.824457
vt 0.872317 0.813667
vt 0.872319 0.813666
vt 0.874053 0.805800
vt 0.874057 0.805802
vt 0.874053 0.805801
vt 0.872317 0.813668
vt 0.878712 0.802760
vt 0.878712 0.802766
vt 0.883392 0.805654
vt 0.878712 0.802762
vt 0.954488 0.919557
vt 0.954396 0.919460
vt 0.954488 0.919460
vt 0.954396 0.919373
vt 0.954487 0.919373
vt 0.954274 0.919373
vt 0.954396 0.919557
vt 0.954274 0.919460
vt 0.954487 0.919838
vt 0.954396 0.919687
vt 0.954488 0.919687
vt 0.954274 0.919557
vt 0.954396 0.919838
vt 0.954274 0.919687
vt 0.853420 0.919687
vt 0.853328 0.919687
vt 0.853420 0.919838
vt 0.853329 0.919838
vt 0.853542 0.919838
vt 0.853542 0.919687
vt 0.954487 0.722419
vt 0.934327 0.722425
vt 0.929216 0.722419
vt 0.905038 0.722424
vt 0.903889 0.722427
vt 0.929090 0.722427
vt 0.954276 0.722427
vt 0.954397 0.722427
vt 0.954487 0.722427
vt 0.954487 0.722423
vt 0.853329 0.919678
vt 0.853329 0.919818
vt 0.853329 0.919798
vt 0.853329 0.919554
vt 0.954487 0.919798
vt 0.954487 0.919678
vt 0.954487 0.919669
vt 0.954487 0.919554
vt 0.954487 0.919818
vt 0.954487 0.919459
vt 0.954487 0.919382
vt 0.954487 0.770743
vt 0.954487 0.764060
vt 0.954487 0.764057
vt 0.954487 0.757594
vt 0.954487 0.757586
vt 0.954487 0.770743
vt 0.853329 0.764060
vt 0.853329 0.770747
vt 0.853329 0.757594
vt 0.853329 0.919390
vt 0.853329 0.919459
vt 0.853332 0.919460
vt 0.853329 0.919382
vt 0.953380 0.936503
vt 0.928191 0.944536
vt 0.952526 0.944532
vt 0.927672 0.952484
vt 0.951533 0.952484
vt 0.903415 0.952484
vt 0.928636 0.936506
vt 0.903581 0.944536
vt 0.929213 0.919907
vt 0.954488 0.919907
vt 0.929212 0.920010
vt 0.954486 0.920010
vt 0.903908 0.920010
vt 0.929213 0.919798
vt 0.903908 0.919907
vt 0.954475 0.920218
vt 0.928958 0.928389
vt 0.953998 0.928387
vt 0.903723 0.936506
vt 0.929206 0.920220
vt 0.903826 0.928389
vt 0.929209 0.920112
vt 0.954482 0.920111
vt 0.903906 0.920220
vt 0.903907 0.920112
vt 0.853329 0.952484
vt 0.853329 0.944531
vt 0.853329 0.952479
vt 0.853331 0.944526
vt 0.853329 0.952473
vt 0.853328 0.936496
vt 0.853329 0.944536
vt 0.853329 0.936501
vt 0.853327 0.920010
vt 0.853329 0.919918
vt 0.853329 0.920018
vt 0.853330 0.919930
vt 0.853331 0.920025
vt 0.853328 0.919907
vt 0.954481 0.920115
vt 0.954485 0.920017
vt 0.954479 0.920119
vt 0.954483 0.920025
vt 0.954475 0.920209
vt 0.954475 0.920213
vt 0.954487 0.919918
vt 0.954486 0.919930
vt 0.853329 0.936506
vt 0.853329 0.928384
vt 0.853329 0.928379
vt 0.853329 0.920211
vt 0.853329 0.928389
vt 0.853329 0.920215
vt 0.952526 0.944528
vt 0.953380 0.936499
vt 0.952524 0.944522
vt 0.953380 0.936493
vt 0.951533 0.952472
vt 0.951533 0.952479
vt 0.953998 0.928382
vt 0.953998 0.928378
vt 0.853329 0.920220
vt 0.853329 0.920117
vt 0.853330 0.920121
vt 0.853328 0.920112
vt 0.853420 0.928422
vt 0.853423 0.936836
vt 0.853541 0.928375
vt 0.853539 0.936461
vt 0.853542 0.920211
vt 0.853420 0.920211
vt 0.853420 0.920121
vt 0.853542 0.920121
vt 0.853542 0.920025
vt 0.853420 0.920025
vt 0.853420 0.919929
vt 0.853542 0.919929
vt 0.954396 0.919930
vt 0.954274 0.919930
vt 0.954274 0.919838
vt 0.954272 0.920026
vt 0.954394 0.920026
vt 0.953901 0.928422
vt 0.954383 0.920211
vt 0.953786 0.928375
vt 0.954262 0.920211
vt 0.953174 0.936462
vt 0.953243 0.936836
vt 0.954389 0.920121
vt 0.954267 0.920122
vt 0.932413 0.952476
vt 0.951471 0.952473
vt 0.951382 0.952473
vt 0.927584 0.952473
vt 0.903419 0.952473
vt 0.903351 0.952478
vt 0.951343 0.952293
vt 0.927574 0.952398
vt 0.927565 0.952293
vt 0.903419 0.952398
vt 0.903419 0.952293
vt 0.951362 0.952398
vt 0.878812 0.722423
vt 0.878664 0.722427
vt 0.853434 0.722423
vt 0.878603 0.919907
vt 0.878603 0.920010
vt 0.928927 0.722532
vt 0.928922 0.722677
vt 0.954225 0.722533
vt 0.873533 0.952476
vt 0.878643 0.952473
vt 0.853501 0.952473
vt 0.853400 0.952473
vt 0.878541 0.952484
vt 0.878593 0.928389
vt 0.878580 0.936506
vt 0.878603 0.920220
vt 0.878654 0.952398
vt 0.878664 0.952293
vt 0.853542 0.952293
vt 0.853522 0.952398
vt 0.878603 0.920112
vt 0.903908 0.919390
vt 0.878603 0.919460
vt 0.878603 0.919390
vt 0.903908 0.770744
vt 0.929350 0.764020
vt 0.930312 0.757291
vt 0.929213 0.770744
vt 0.878562 0.944536
vt 0.903908 0.722650
vt 0.878694 0.722523
vt 0.903898 0.722523
vt 0.853424 0.722427
vt 0.878725 0.722650
vt 0.853483 0.722523
vt 0.929213 0.919669
vt 0.853366 0.722423
vt 0.853361 0.722427
vt 0.853329 0.722423
vt 0.954274 0.722650
vt 0.929090 0.722523
vt 0.954275 0.722523
vt 0.929091 0.722650
vt 0.952227 0.946111
vt 0.952331 0.944417
vt 0.853437 0.946111
vt 0.853538 0.944416
vt 0.873749 0.799031
vt 0.862593 0.798726
vt 0.862614 0.799031
vt 0.853328 0.798726
vt 0.853329 0.799031
vt 0.853328 0.798425
vt 0.873720 0.798726
vt 0.862578 0.798424
vt 0.873698 0.798424
vt 0.862572 0.798127
vt 0.853328 0.798127
vt 0.853329 0.797831
vt 0.873689 0.798127
vt 0.862571 0.797831
vt 0.903908 0.792472
vt 0.878603 0.792042
vt 0.878603 0.792472
vt 0.853329 0.792042
vt 0.853329 0.792472
vt 0.853330 0.791610
vt 0.903908 0.792042
vt 0.878603 0.791178
vt 0.853329 0.791178
vt 0.853329 0.790749
vt 0.903908 0.791178
vt 0.878603 0.790749
vt 0.903908 0.785402
vt 0.878603 0.785122
vt 0.878603 0.785398
vt 0.853328 0.785120
vt 0.853329 0.785394
vt 0.853328 0.784846
vt 0.903908 0.785124
vt 0.878603 0.784846
vt 0.903908 0.784846
vt 0.878603 0.784565
vt 0.853328 0.784567
vt 0.853329 0.784285
vt 0.903908 0.784563
vt 0.878603 0.784280
vt 0.872811 0.827532
vt 0.861972 0.827359
vt 0.861968 0.827532
vt 0.853328 0.827358
vt 0.853329 0.827532
vt 0.853328 0.827184
vt 0.872816 0.827359
vt 0.861997 0.827184
vt 0.872853 0.827184
vt 0.862059 0.827005
vt 0.853328 0.827005
vt 0.853329 0.826821
vt 0.872942 0.827005
vt 0.862142 0.826821
vt 0.903908 0.830750
vt 0.878603 0.830563
vt 0.878603 0.830750
vt 0.853329 0.830563
vt 0.853329 0.830750
vt 0.853329 0.830377
vt 0.903908 0.830563
vt 0.878603 0.830377
vt 0.903908 0.830377
vt 0.878603 0.830195
vt 0.853329 0.830196
vt 0.853329 0.830019
vt 0.903908 0.830195
vt 0.878603 0.830019
vt 0.903908 0.911200
vt 0.929213 0.911417
vt 0.929213 0.911200
vt 0.954485 0.911417
vt 0.954487 0.911200
vt 0.954483 0.911613
vt 0.903908 0.911417
vt 0.929213 0.911615
vt 0.903908 0.911615
vt 0.929213 0.911764
vt 0.954485 0.911763
vt 0.954487 0.911879
vt 0.903908 0.911764
vt 0.929213 0.911879
vt 0.903908 0.912098
vt 0.929213 0.912207
vt 0.929213 0.912098
vt 0.954488 0.912208
vt 0.954487 0.912098
vt 0.954489 0.912338
vt 0.903908 0.912207
vt 0.929213 0.912337
vt 0.903908 0.912337
vt 0.929213 0.912509
vt 0.954488 0.912509
vt 0.954487 0.912715
vt 0.903908 0.912509
vt 0.929213 0.912715
vt 0.903908 0.916287
vt 0.929213 0.916591
vt 0.929213 0.916287
vt 0.954487 0.916591
vt 0.954487 0.916287
vt 0.954487 0.916893
vt 0.903908 0.916591
vt 0.929213 0.916893
vt 0.903908 0.916893
vt 0.929213 0.917192
vt 0.954487 0.917192
vt 0.954487 0.917490
vt 0.903908 0.917192
vt 0.929213 0.917490
vt 0.862196 0.745497
vt 0.854671 0.745436
vt 0.854671 0.745497
vt 0.853328 0.745436
vt 0.853328 0.745497
vt 0.853327 0.745387
vt 0.862196 0.745436
vt 0.854671 0.745386
vt 0.862196 0.745386
vt 0.854500 0.745348
vt 0.853328 0.745349
vt 0.853328 0.745313
vt 0.861512 0.745348
vt 0.853645 0.745313
vt 0.953932 0.745014
vt 0.954225 0.745083
vt 0.954225 0.745014
vt 0.954486 0.745083
vt 0.954487 0.745014
vt 0.954485 0.745148
vt 0.953932 0.745083
vt 0.954225 0.745149
vt 0.953932 0.745149
vt 0.954225 0.745201
vt 0.954486 0.745200
vt 0.954487 0.745240
vt 0.953932 0.745201
vt 0.954225 0.745240
vt 0.903926 0.745497
vt 0.879978 0.745436
vt 0.879978 0.745497
vt 0.903926 0.745436
vt 0.879978 0.745386
vt 0.903926 0.745386
vt 0.879807 0.745348
vt 0.853992 0.745313
vt 0.903926 0.745348
vt 0.878952 0.745313
vt 0.853329 0.745014
vt 0.853645 0.745083
vt 0.853645 0.745014
vt 0.853992 0.745083
vt 0.853992 0.745014
vt 0.853992 0.745149
vt 0.853330 0.745083
vt 0.853645 0.745149
vt 0.853331 0.745148
vt 0.853645 0.745201
vt 0.853992 0.745201
vt 0.853992 0.745240
vt 0.853330 0.745200
vt 0.853645 0.745240
vt 0.903926 0.745014
vt 0.928922 0.745083
vt 0.928922 0.745014
vt 0.903926 0.745083
vt 0.928922 0.745149
vt 0.903926 0.745149
vt 0.928922 0.745201
vt 0.953932 0.745240
vt 0.903926 0.745201
vt 0.928922 0.745240
vt 0.954487 0.745497
vt 0.953195 0.745436
vt 0.953195 0.745497
vt 0.945693 0.745436
vt 0.945693 0.745497
vt 0.945693 0.745386
vt 0.954488 0.745436
vt 0.953195 0.745386
vt 0.954488 0.745387
vt 0.953367 0.745348
vt 0.946379 0.745348
vt 0.953932 0.745313
vt 0.954488 0.745349
vt 0.954225 0.745313
vt 0.954487 0.797833
vt 0.954396 0.798131
vt 0.954396 0.797833
vt 0.954274 0.798131
vt 0.954274 0.797833
vt 0.954274 0.798433
vt 0.954487 0.798131
vt 0.954396 0.798433
vt 0.954487 0.798433
vt 0.954396 0.798739
vt 0.954274 0.798739
vt 0.954274 0.799047
vt 0.954487 0.798740
vt 0.954396 0.799047
vt 0.853329 0.799047
vt 0.853420 0.798740
vt 0.853420 0.799047
vt 0.853542 0.798740
vt 0.853542 0.799047
vt 0.853542 0.798433
vt 0.853329 0.798740
vt 0.853420 0.798433
vt 0.853329 0.798433
vt 0.853420 0.798131
vt 0.853542 0.798131
vt 0.853542 0.797833
vt 0.853329 0.798131
vt 0.853420 0.797833
vt 0.954487 0.790764
vt 0.954396 0.791189
vt 0.954396 0.790764
vt 0.954274 0.791189
vt 0.954274 0.790764
vt 0.954488 0.791189
vt 0.954488 0.791610
vt 0.954396 0.792032
vt 0.954274 0.792032
vt 0.954274 0.792456
vt 0.954488 0.792032
vt 0.954396 0.792456
vt 0.853329 0.792456
vt 0.853420 0.792032
vt 0.853420 0.792456
vt 0.853542 0.792032
vt 0.853542 0.792456
vt 0.853328 0.792032
vt 0.853328 0.791610
vt 0.853420 0.791189
vt 0.853542 0.791189
vt 0.853542 0.790764
vt 0.853328 0.791189
vt 0.853420 0.790764
vt 0.954487 0.784250
vt 0.954396 0.784544
vt 0.954396 0.784250
vt 0.954274 0.784544
vt 0.954274 0.784249
vt 0.954274 0.784838
vt 0.954487 0.784545
vt 0.954396 0.784838
vt 0.954487 0.784838
vt 0.954396 0.785128
vt 0.954274 0.785128
vt 0.954274 0.785414
vt 0.954487 0.785127
vt 0.954396 0.785413
vt 0.853329 0.785387
vt 0.853420 0.785114
vt 0.853420 0.785386
vt 0.853542 0.785113
vt 0.853542 0.785384
vt 0.853542 0.784838
vt 0.853329 0.785115
vt 0.853420 0.784838
vt 0.853329 0.784838
vt 0.853420 0.784559
vt 0.853542 0.784559
vt 0.853542 0.784280
vt 0.853329 0.784558
vt 0.853420 0.784278
vt 0.954487 0.826800
vt 0.954396 0.826987
vt 0.954396 0.826800
vt 0.954274 0.826987
vt 0.954274 0.826800
vt 0.954274 0.827174
vt 0.954487 0.826987
vt 0.954396 0.827174
vt 0.954486 0.827174
vt 0.954396 0.827356
vt 0.954274 0.827356
vt 0.954274 0.827532
vt 0.954487 0.827356
vt 0.954396 0.827532
vt 0.853329 0.827532
vt 0.853420 0.827356
vt 0.853420 0.827532
vt 0.853542 0.827356
vt 0.853542 0.827532
vt 0.853542 0.827174
vt 0.853329 0.827356
vt 0.853420 0.827174
vt 0.853330 0.827174
vt 0.853420 0.826987
vt 0.853542 0.826987
vt 0.853542 0.826800
vt 0.853329 0.826987
vt 0.853420 0.826800
vt 0.954487 0.830018
vt 0.954396 0.830192
vt 0.954396 0.830018
vt 0.954274 0.830192
vt 0.954274 0.830018
vt 0.954274 0.830366
vt 0.954488 0.830192
vt 0.954396 0.830366
vt 0.954488 0.830366
vt 0.954396 0.830545
vt 0.954274 0.830545
vt 0.954274 0.830729
vt 0.954488 0.830545
vt 0.954396 0.830729
vt 0.853329 0.830729
vt 0.853420 0.830545
vt 0.853420 0.830729
vt 0.853542 0.830545
vt 0.853542 0.830729
vt 0.853542 0.830366
vt 0.853328 0.830545
vt 0.853420 0.830366
vt 0.853328 0.830366
vt 0.853420 0.830192
vt 0.853542 0.830192
vt 0.853542 0.830018
vt 0.853328 0.830192
vt 0.853420 0.830018
vt 0.954487 0.911271
vt 0.954396 0.911479
vt 0.954396 0.911271
vt 0.954274 0.911479
vt 0.954274 0.911271
vt 0.954274 0.911652
vt 0.954488 0.911479
vt 0.954396 0.911652
vt 0.954489 0.911651
vt 0.954396 0.911783
vt 0.954274 0.911783
vt 0.954274 0.911893
vt 0.954488 0.911782
vt 0.954396 0.911893
vt 0.853328 0.911893
vt 0.853420 0.911783
vt 0.853420 0.911893
vt 0.853542 0.911783
vt 0.853542 0.911893
vt 0.853542 0.911652
vt 0.853328 0.911782
vt 0.853420 0.911652
vt 0.853327 0.911651
vt 0.853420 0.911479
vt 0.853542 0.911479
vt 0.853542 0.911271
vt 0.853328 0.911479
vt 0.853420 0.911271
vt 0.853329 0.912786
vt 0.853420 0.912571
vt 0.853420 0.912786
vt 0.853542 0.912571
vt 0.853542 0.912786
vt 0.853542 0.912375
vt 0.853330 0.912571
vt 0.853420 0.912375
vt 0.853333 0.912376
vt 0.853420 0.912228
vt 0.853542 0.912228
vt 0.853542 0.912114
vt 0.853330 0.912229
vt 0.853420 0.912114
vt 0.954487 0.912114
vt 0.954396 0.912228
vt 0.954396 0.912114
vt 0.954274 0.912228
vt 0.954274 0.912114
vt 0.954274 0.912375
vt 0.954486 0.912229
vt 0.954396 0.912375
vt 0.954483 0.912376
vt 0.954396 0.912571
vt 0.954274 0.912571
vt 0.954274 0.912786
vt 0.954486 0.912571
vt 0.954396 0.912786
vt 0.954487 0.916274
vt 0.954396 0.916579
vt 0.954396 0.916274
vt 0.954274 0.916579
vt 0.954274 0.916274
vt 0.954274 0.916884
vt 0.954487 0.916579
vt 0.954396 0.916884
vt 0.954487 0.916884
vt 0.954396 0.917186
vt 0.954274 0.917186
vt 0.954274 0.917486
vt 0.954487 0.917186
vt 0.954396 0.917486
vt 0.853329 0.917485
vt 0.853420 0.917186
vt 0.853420 0.917486
vt 0.853542 0.917186
vt 0.853542 0.917486
vt 0.853542 0.916884
vt 0.853329 0.917186
vt 0.853420 0.916884
vt 0.853329 0.916884
vt 0.853420 0.916579
vt 0.853542 0.916579
vt 0.853542 0.916274
vt 0.853329 0.916579
vt 0.853420 0.916274
vt 0.853329 0.745561
vt 0.853420 0.745492
vt 0.853420 0.745561
vt 0.853542 0.745492
vt 0.853542 0.745561
vt 0.853542 0.745425
vt 0.853330 0.745492
vt 0.853420 0.745425
vt 0.853331 0.745427
vt 0.853420 0.745374
vt 0.853542 0.745374
vt 0.853542 0.745334
vt 0.853330 0.745375
vt 0.853420 0.745334
vt 0.954487 0.745335
vt 0.954396 0.745374
vt 0.954396 0.745334
vt 0.954274 0.745374
vt 0.954274 0.745334
vt 0.954274 0.745425
vt 0.954486 0.745375
vt 0.954396 0.745425
vt 0.954485 0.745427
vt 0.954396 0.745492
vt 0.954274 0.745492
vt 0.954274 0.745561
vt 0.954486 0.745492
vt 0.954396 0.745561
vt 0.954487 0.745078
vt 0.954396 0.745139
vt 0.954396 0.745078
vt 0.954274 0.745139
vt 0.954274 0.745078
vt 0.954274 0.745189
vt 0.954488 0.745139
vt 0.954396 0.745189
vt 0.954488 0.745188
vt 0.954396 0.745227
vt 0.954274 0.745227
vt 0.954274 0.745262
vt 0.954488 0.745226
vt 0.954396 0.745262
vt 0.853328 0.745262
vt 0.853420 0.745227
vt 0.853420 0.745262
vt 0.853542 0.745227
vt 0.853542 0.745262
vt 0.853542 0.745189
vt 0.853328 0.745226
vt 0.853420 0.745189
vt 0.853327 0.745188
vt 0.853420 0.745139
vt 0.853542 0.745139
vt 0.853542 0.745078
vt 0.853328 0.745139
vt 0.853420 0.745078
vt 0.954487 0.797831
vt 0.954487 0.798129
vt 0.954487 0.797832
vt 0.954487 0.798127
vt 0.954487 0.798429
vt 0.954488 0.798424
vt 0.954487 0.798733
vt 0.954487 0.799047
vt 0.954487 0.798726
vt 0.954487 0.799039
vt 0.853329 0.798733
vt 0.853329 0.799039
vt 0.853329 0.798429
vt 0.853329 0.798129
vt 0.853329 0.797833
vt 0.853329 0.797832
vt 0.954487 0.790749
vt 0.954487 0.791183
vt 0.954487 0.790757
vt 0.954486 0.791178
vt 0.954487 0.791610
vt 0.954486 0.791610
vt 0.954487 0.792037
vt 0.954487 0.792456
vt 0.954486 0.792042
vt 0.954487 0.792464
vt 0.853329 0.792037
vt 0.853329 0.792464
vt 0.853329 0.791610
vt 0.853329 0.791183
vt 0.853329 0.790764
vt 0.853329 0.790757
vt 0.954487 0.784270
vt 0.954487 0.784552
vt 0.954487 0.784260
vt 0.954488 0.784560
vt 0.954487 0.784842
vt 0.954488 0.784846
vt 0.954487 0.785127
vt 0.954487 0.785413
vt 0.954488 0.785127
vt 0.954487 0.785411
vt 0.853329 0.785117
vt 0.853329 0.785390
vt 0.853329 0.784842
vt 0.853329 0.784563
vt 0.853329 0.784277
vt 0.853329 0.784281
vt 0.954487 0.826821
vt 0.954487 0.826996
vt 0.954487 0.826810
vt 0.954488 0.827005
vt 0.954487 0.827179
vt 0.954488 0.827184
vt 0.954487 0.827357
vt 0.954487 0.827532
vt 0.954488 0.827358
vt 0.954487 0.827532
vt 0.853329 0.827357
vt 0.853329 0.827532
vt 0.853329 0.827179
vt 0.853329 0.826996
vt 0.853329 0.826800
vt 0.853329 0.826810
vt 0.954487 0.830019
vt 0.954487 0.830194
vt 0.954487 0.830019
vt 0.954487 0.830196
vt 0.954487 0.830371
vt 0.954486 0.830377
vt 0.954487 0.830554
vt 0.954487 0.830729
vt 0.954487 0.830563
vt 0.954487 0.830739
vt 0.853329 0.830554
vt 0.853329 0.830739
vt 0.853329 0.830371
vt 0.853329 0.830194
vt 0.853329 0.830018
vt 0.853329 0.830019
vt 0.954487 0.911448
vt 0.954487 0.911235
vt 0.954487 0.911633
vt 0.954487 0.911773
vt 0.954487 0.911893
vt 0.954487 0.911886
vt 0.853329 0.911879
vt 0.853329 0.911773
vt 0.853329 0.911886
vt 0.853330 0.911763
vt 0.853329 0.911633
vt 0.853333 0.911613
vt 0.853329 0.911448
vt 0.853328 0.911271
vt 0.853330 0.911417
vt 0.853329 0.911235
vt 0.853328 0.912715
vt 0.853329 0.912540
vt 0.853329 0.912751
vt 0.853328 0.912509
vt 0.853329 0.912356
vt 0.853327 0.912338
vt 0.853329 0.912217
vt 0.853329 0.912114
vt 0.853328 0.912208
vt 0.853329 0.912106
vt 0.954487 0.912217
vt 0.954487 0.912106
vt 0.954487 0.912356
vt 0.954487 0.912540
vt 0.954487 0.912786
vt 0.954487 0.912751
vt 0.954487 0.916585
vt 0.954487 0.916280
vt 0.954487 0.916888
vt 0.954487 0.917189
vt 0.954487 0.917485
vt 0.954487 0.917488
vt 0.853329 0.917490
vt 0.853329 0.917189
vt 0.853329 0.917488
vt 0.853328 0.917192
vt 0.853329 0.916888
vt 0.853328 0.916893
vt 0.853329 0.916585
vt 0.853329 0.916274
vt 0.853328 0.916591
vt 0.853329 0.916280
vt 0.853329 0.745464
vt 0.853329 0.745529
vt 0.853329 0.745406
vt 0.853329 0.745361
vt 0.853329 0.745335
vt 0.853329 0.745324
vt 0.954487 0.745313
vt 0.954487 0.745361
vt 0.954487 0.745324
vt 0.954487 0.745406
vt 0.954487 0.745464
vt 0.954487 0.745561
vt 0.954487 0.745529
vt 0.954487 0.745111
vt 0.954487 0.745046
vt 0.954487 0.745169
vt 0.954487 0.745214
vt 0.954487 0.745262
vt 0.954487 0.745251
vt 0.853329 0.745240
vt 0.853329 0.745214
vt 0.853329 0.745251
vt 0.853329 0.745169
vt 0.853329 0.745111
vt 0.853328 0.745078
vt 0.853329 0.745046
vt 0.954487 0.827532
vt 0.929559 0.827359
vt 0.929559 0.827532
vt 0.906679 0.827359
vt 0.906677 0.827532
vt 0.906688 0.827184
vt 0.929560 0.827184
vt 0.929563 0.827005
vt 0.906710 0.827005
vt 0.906740 0.826821
vt 0.929567 0.826821
vt 0.954487 0.799031
vt 0.929587 0.798726
vt 0.929588 0.799031
vt 0.906905 0.798726
vt 0.906912 0.799031
vt 0.906899 0.798424
vt 0.929587 0.798424
vt 0.929586 0.798127
vt 0.906897 0.798127
vt 0.906897 0.797831
vt 0.929586 0.797831
vt 0.954487 0.785408
vt 0.929213 0.785126
vt 0.929213 0.785406
vt 0.929213 0.784846
vt 0.929213 0.784561
vt 0.903908 0.784276
vt 0.929213 0.784273
vt 0.853329 0.911200
vt 0.878603 0.911417
vt 0.878603 0.911200
vt 0.878603 0.911615
vt 0.878603 0.911764
vt 0.903908 0.911879
vt 0.878603 0.911879
vt 0.853328 0.912098
vt 0.878603 0.912207
vt 0.878603 0.912098
vt 0.878603 0.912337
vt 0.878603 0.912509
vt 0.903908 0.912715
vt 0.878603 0.912715
vt 0.954487 0.830750
vt 0.929213 0.830563
vt 0.929213 0.830750
vt 0.929213 0.830377
vt 0.929213 0.830195
vt 0.903908 0.830019
vt 0.929213 0.830019
vt 0.853329 0.916287
vt 0.878603 0.916591
vt 0.878603 0.916287
vt 0.878603 0.916893
vt 0.878603 0.917192
vt 0.903908 0.917490
vt 0.878603 0.917490
vt 0.878952 0.745083
vt 0.878952 0.745014
vt 0.878952 0.745149
vt 0.878952 0.745201
vt 0.903926 0.745240
vt 0.878952 0.745240
vt 0.927892 0.745436
vt 0.927892 0.745497
vt 0.927892 0.745386
vt 0.928064 0.745348
vt 0.903926 0.745313
vt 0.928922 0.745313
vt 0.954487 0.792472
vt 0.929213 0.792042
vt 0.929213 0.792472
vt 0.929213 0.791178
vt 0.903908 0.790749
vt 0.929213 0.790749
vt 0.887623 0.827359
vt 0.887619 0.827532
vt 0.887650 0.827184
vt 0.887714 0.827005
vt 0.873063 0.826821
vt 0.887801 0.826821
vt 0.888273 0.798726
vt 0.888294 0.799031
vt 0.888257 0.798424
vt 0.888251 0.798127
vt 0.873688 0.797831
vt 0.888250 0.797831
vt 0.929234 0.795166
vt 0.904078 0.795271
vt 0.954487 0.795152
vt 0.954487 0.795148
vt 0.954487 0.795145
vt 0.929785 0.812935
vt 0.954487 0.812926
vt 0.908736 0.813012
vt 0.954487 0.812925
vt 0.954487 0.812923
vt 0.865578 0.813169
vt 0.873527 0.803941
vt 0.873254 0.822580
vt 0.853329 0.812926
vt 0.877181 0.795698
vt 0.853329 0.795152
vt 0.853329 0.812925
vt 0.853329 0.812923
vt 0.853329 0.795148
vt 0.853329 0.795145
vt 0.954487 0.788084
vt 0.954487 0.788079
vt 0.954487 0.788089
vt 0.929213 0.788077
vt 0.903908 0.788075
vt 0.878603 0.788073
vt 0.853329 0.788071
vt 0.853329 0.788074
vt 0.853329 0.788076
vt 0.954487 0.777492
vt 0.954487 0.777496
vt 0.954487 0.777488
vt 0.929213 0.777498
vt 0.903908 0.777500
vt 0.878603 0.777502
vt 0.853329 0.777504
vt 0.853329 0.777503
vt 0.853329 0.777502
vt 0.929222 0.828768
vt 0.954487 0.828775
vt 0.903983 0.828720
vt 0.954487 0.828776
vt 0.954487 0.828776
vt 0.876916 0.828522
vt 0.853329 0.828775
vt 0.853329 0.828776
vt 0.853329 0.828776
vt 0.929213 0.852418
vt 0.954487 0.852418
vt 0.929213 0.873237
vt 0.954487 0.873237
vt 0.903908 0.873237
vt 0.903908 0.852418
vt 0.954487 0.852412
vt 0.954487 0.873241
vt 0.954487 0.852406
vt 0.878603 0.852418
vt 0.878603 0.873237
vt 0.853328 0.873237
vt 0.853329 0.852418
vt 0.853329 0.852412
vt 0.853329 0.873241
vt 0.853329 0.873244
vt 0.853329 0.852406
vt 0.954487 0.911996
vt 0.954487 0.911989
vt 0.954487 0.912003
vt 0.929213 0.911989
vt 0.903908 0.911989
vt 0.929213 0.892642
vt 0.954487 0.892642
vt 0.903908 0.892642
vt 0.954487 0.892660
vt 0.954487 0.873244
vt 0.954487 0.892679
vt 0.878603 0.892642
vt 0.853328 0.892642
vt 0.853329 0.911996
vt 0.853329 0.911989
vt 0.853329 0.912003
vt 0.853329 0.892660
vt 0.853329 0.892679
vt 0.878603 0.911989
vt 0.853329 0.914516
vt 0.853329 0.914501
vt 0.853329 0.914530
vt 0.878603 0.914501
vt 0.903908 0.914501
vt 0.929213 0.914501
vt 0.954487 0.914501
vt 0.954487 0.914516
vt 0.954487 0.914530
vt 0.929213 0.918439
vt 0.954487 0.918439
vt 0.903908 0.918439
vt 0.954487 0.918435
vt 0.954487 0.918430
vt 0.853329 0.918435
vt 0.853329 0.918439
vt 0.853329 0.918430
vt 0.878603 0.918439
vt 0.853329 0.745287
vt 0.853329 0.745277
vt 0.853329 0.745298
vt 0.853645 0.745277
vt 0.853992 0.745277
vt 0.873706 0.750178
vt 0.853329 0.751444
vt 0.903916 0.750885
vt 0.853329 0.751462
vt 0.853329 0.751481
vt 0.934133 0.750178
vt 0.954487 0.751444
vt 0.954487 0.745287
vt 0.954487 0.745277
vt 0.954487 0.745298
vt 0.954225 0.745277
vt 0.953932 0.745277
vt 0.954487 0.751462
vt 0.954487 0.751481
vt 0.954225 0.733773
vt 0.953932 0.733845
vt 0.953932 0.722677
vt 0.954487 0.733701
vt 0.954487 0.733720
vt 0.954487 0.733738
vt 0.853645 0.733773
vt 0.853329 0.733701
vt 0.853992 0.733845
vt 0.853329 0.733720
vt 0.853329 0.733738
vt 0.882901 0.825231
vt 0.891691 0.822212
vt 0.883103 0.801296
vt 0.891737 0.804283
vt 0.878952 0.745277
vt 0.903926 0.745277
vt 0.928922 0.745277
vt 0.954396 0.795145
vt 0.954274 0.795145
vt 0.954396 0.812923
vt 0.954274 0.812923
vt 0.853420 0.795145
vt 0.853542 0.795145
vt 0.853420 0.812923
vt 0.853542 0.812923
vt 0.954396 0.788089
vt 0.954274 0.788089
vt 0.853420 0.788075
vt 0.853542 0.788075
vt 0.954396 0.777488
vt 0.954274 0.770743
vt 0.954274 0.777487
vt 0.853420 0.777502
vt 0.853542 0.777503
vt 0.954396 0.828776
vt 0.954274 0.828776
vt 0.853420 0.828776
vt 0.853542 0.828776
vt 0.954396 0.852406
vt 0.954396 0.873244
vt 0.954274 0.852406
vt 0.853420 0.852406
vt 0.853420 0.873244
vt 0.853542 0.873244
vt 0.853542 0.852406
vt 0.954396 0.912003
vt 0.954274 0.912003
vt 0.954396 0.892679
vt 0.954274 0.873244
vt 0.954274 0.892679
vt 0.853420 0.892679
vt 0.853542 0.892679
vt 0.853420 0.912003
vt 0.853542 0.912003
vt 0.853420 0.914530
vt 0.853542 0.914530
vt 0.954396 0.914530
vt 0.954274 0.914530
vt 0.954396 0.918430
vt 0.954274 0.918430
vt 0.853420 0.918430
vt 0.853542 0.919373
vt 0.853542 0.918430
vt 0.853420 0.745298
vt 0.853542 0.745298
vt 0.853420 0.751481
vt 0.853542 0.757602
vt 0.853542 0.751481
vt 0.954396 0.751481
vt 0.954274 0.751481
vt 0.954396 0.745298
vt 0.954274 0.745298
vt 0.954372 0.731520
vt 0.954274 0.733864
vt 0.853329 0.722427
vt 0.853421 0.731520
vt 0.853542 0.733864
vt 0.853542 0.722650
vt 0.894642 0.813246
vt 0.903419 0.952287
vt 0.030381 0.988246
vt 0.030381 0.988225
vt 0.030416 0.988246
vt 0.030416 0.988007
vt 0.030417 0.988007
vt 0.030416 0.988010
vt 0.030419 0.988011
vt 0.030418 0.988008
vt 0.030419 0.988008
vt 0.030203 0.988271
vt 0.030206 0.988268
vt 0.030206 0.988270
vt 0.030204 0.988260
vt 0.030202 0.988261
vt 0.030202 0.988260
vt 0.030419 0.987995
vt 0.030419 0.987997
vt 0.030418 0.987997
vt 0.030212 0.988491
vt 0.030212 0.988492
vt 0.030211 0.988492
vt 0.030201 0.988271
vt 0.030201 0.988268
vt 0.030201 0.988271
vt 0.030200 0.988261
vt 0.030200 0.988259
vt 0.030200 0.988261
vt 0.030202 0.988269
vt 0.030202 0.988271
vt 0.030202 0.988271
vt 0.030200 0.988260
vt 0.030201 0.988261
vt 0.030200 0.988261
vt 0.030210 0.988150
vt 0.030210 0.988147
vt 0.030212 0.988149
vt 0.030209 0.988147
vt 0.030208 0.988150
vt 0.030208 0.988147
vt 0.030208 0.988147
vt 0.030208 0.988150
vt 0.030208 0.988150
vt 0.030206 0.988187
vt 0.030206 0.988184
vt 0.030206 0.988184
vt 0.030205 0.988187
vt 0.030205 0.988184
vt 0.030205 0.988187
vt 0.030209 0.988186
vt 0.030207 0.988187
vt 0.030207 0.988184
vt 0.030211 0.988166
vt 0.030213 0.988169
vt 0.030211 0.988169
vt 0.030209 0.988168
vt 0.030210 0.988166
vt 0.030210 0.988169
vt 0.030209 0.988168
vt 0.030209 0.988166
vt 0.030209 0.988166
vt 0.030224 0.988046
vt 0.030225 0.988048
vt 0.030223 0.988046
vt 0.030223 0.988046
vt 0.030222 0.988046
vt 0.030222 0.988046
vt 0.030222 0.988045
vt 0.030222 0.988046
vt 0.030222 0.988046
vt 0.030222 0.988047
vt 0.030221 0.988047
vt 0.030222 0.988046
vt 0.030221 0.988046
vt 0.030221 0.988047
vt 0.030221 0.988047
vt 0.030223 0.988047
vt 0.030225 0.988048
vt 0.030223 0.988047
vt 0.030216 0.988493
vt 0.030219 0.988493
vt 0.030216 0.988494
vt 0.030213 0.988493
vt 0.030214 0.988494
vt 0.030213 0.988494
vt 0.030210 0.988494
vt 0.030210 0.988494
vt 0.030210 0.988494
vt 0.030212 0.988512
vt 0.030212 0.988513
vt 0.030212 0.988512
vt 0.030218 0.988513
vt 0.030215 0.988513
vt 0.030215 0.988512
vt 0.030214 0.988513
vt 0.030213 0.988512
vt 0.030214 0.988512
vt 0.030212 0.988514
vt 0.030212 0.988515
vt 0.030212 0.988514
vt 0.030218 0.988519
vt 0.030215 0.988520
vt 0.030215 0.988519
vt 0.030213 0.988517
vt 0.030214 0.988520
vt 0.030213 0.988521
vt 0.030216 0.988501
vt 0.030219 0.988504
vt 0.030216 0.988504
vt 0.030214 0.988501
vt 0.030213 0.988504
vt 0.030213 0.988501
vt 0.030211 0.988506
vt 0.030211 0.988503
vt 0.030211 0.988506
vt 0.030216 0.988462
vt 0.030214 0.988465
vt 0.030213 0.988462
vt 0.030218 0.988470
vt 0.030215 0.988469
vt 0.030217 0.988468
vt 0.030231 0.988461
vt 0.030234 0.988461
vt 0.030232 0.988463
vt 0.030233 0.988466
vt 0.030234 0.988463
vt 0.030235 0.988466
vt 0.030229 0.988427
vt 0.030229 0.988425
vt 0.030231 0.988426
vt 0.030213 0.988426
vt 0.030211 0.988424
vt 0.030213 0.988424
vt 0.030230 0.988423
vt 0.030232 0.988421
vt 0.030232 0.988424
vt 0.030214 0.988420
vt 0.030211 0.988419
vt 0.030214 0.988418
vt 0.030505 0.988268
vt 0.030503 0.988266
vt 0.030505 0.988266
vt 0.030504 0.988258
vt 0.030507 0.988257
vt 0.030507 0.988259
vt 0.030498 0.988490
vt 0.030498 0.988491
vt 0.030498 0.988490
vt 0.030509 0.988269
vt 0.030509 0.988267
vt 0.030509 0.988267
vt 0.030510 0.988259
vt 0.030510 0.988257
vt 0.030510 0.988258
vt 0.030509 0.988267
vt 0.030508 0.988269
vt 0.030508 0.988267
vt 0.030510 0.988258
vt 0.030509 0.988260
vt 0.030509 0.988258
vt 0.030497 0.988144
vt 0.030500 0.988143
vt 0.030500 0.988146
vt 0.030502 0.988143
vt 0.030502 0.988146
vt 0.030502 0.988146
vt 0.030503 0.988143
vt 0.030503 0.988146
vt 0.030503 0.988143
vt 0.030505 0.988185
vt 0.030505 0.988181
vt 0.030505 0.988185
vt 0.030506 0.988185
vt 0.030505 0.988181
vt 0.030505 0.988181
vt 0.030500 0.988184
vt 0.030502 0.988182
vt 0.030503 0.988185
vt 0.030498 0.988163
vt 0.030496 0.988166
vt 0.030496 0.988162
vt 0.030502 0.988165
vt 0.030501 0.988163
vt 0.030502 0.988162
vt 0.030502 0.988165
vt 0.030502 0.988162
vt 0.030502 0.988165
vt 0.030482 0.988042
vt 0.030480 0.988044
vt 0.030479 0.988043
vt 0.030484 0.988041
vt 0.030485 0.988041
vt 0.030484 0.988041
vt 0.030485 0.988041
vt 0.030485 0.988041
vt 0.030485 0.988041
vt 0.030485 0.988042
vt 0.030485 0.988042
vt 0.030485 0.988042
vt 0.030486 0.988042
vt 0.030486 0.988042
vt 0.030485 0.988042
vt 0.030483 0.988043
vt 0.030483 0.988043
vt 0.030480 0.988044
vt 0.030494 0.988492
vt 0.030494 0.988494
vt 0.030491 0.988493
vt 0.030497 0.988493
vt 0.030496 0.988494
vt 0.030496 0.988493
vt 0.030499 0.988493
vt 0.030500 0.988495
vt 0.030499 0.988494
vt 0.030498 0.988512
vt 0.030498 0.988513
vt 0.030498 0.988513
vt 0.030491 0.988512
vt 0.030494 0.988512
vt 0.030494 0.988513
vt 0.030496 0.988512
vt 0.030497 0.988511
vt 0.030497 0.988513
vt 0.030498 0.988513
vt 0.030498 0.988514
vt 0.030498 0.988519
vt 0.030494 0.988518
vt 0.030494 0.988519
vt 0.030492 0.988519
vt 0.030497 0.988516
vt 0.030497 0.988519
vt 0.030497 0.988518
vt 0.030493 0.988501
vt 0.030491 0.988503
vt 0.030491 0.988500
vt 0.030496 0.988500
vt 0.030496 0.988504
vt 0.030496 0.988503
vt 0.030499 0.988506
vt 0.030499 0.988503
vt 0.030499 0.988503
vt 0.030421 0.987998
vt 0.030420 0.987997
vt 0.030421 0.987995
vt 0.030468 0.988545
vt 0.030468 0.988547
vt 0.030466 0.988544
vt 0.030466 0.988550
vt 0.030465 0.988547
vt 0.030467 0.988549
vt 0.030486 0.988552
vt 0.030488 0.988555
vt 0.030485 0.988554
vt 0.030483 0.988557
vt 0.030484 0.988555
vt 0.030486 0.988557
vt 0.030436 0.988306
vt 0.030438 0.988315
vt 0.030435 0.988307
vt 0.030418 0.988287
vt 0.030426 0.988296
vt 0.030417 0.988289
vt 0.030428 0.988295
vt 0.030405 0.988283
vt 0.030405 0.988285
vt 0.030440 0.988315
vt 0.030439 0.988324
vt 0.030415 0.988249
vt 0.030425 0.988270
vt 0.030410 0.988264
vt 0.030435 0.988258
vt 0.030441 0.988282
vt 0.030451 0.988271
vt 0.030451 0.988297
vt 0.030463 0.988291
vt 0.030455 0.988309
vt 0.030467 0.988305
vt 0.030457 0.988322
vt 0.030446 0.988380
vt 0.030443 0.988433
vt 0.030444 0.988380
vt 0.030445 0.988433
vt 0.030438 0.988446
vt 0.030440 0.988447
vt 0.030428 0.988458
vt 0.030355 0.988479
vt 0.030411 0.988489
vt 0.030355 0.988487
vt 0.030430 0.988460
vt 0.030417 0.988464
vt 0.030417 0.988466
vt 0.030404 0.988467
vt 0.030405 0.988469
vt 0.030355 0.988468
vt 0.030407 0.988479
vt 0.030426 0.988485
vt 0.030421 0.988476
vt 0.030442 0.988477
vt 0.030435 0.988469
vt 0.030455 0.988463
vt 0.030447 0.988456
vt 0.030465 0.988438
vt 0.030470 0.988380
vt 0.030455 0.988436
vt 0.030458 0.988380
vt 0.030429 0.988310
vt 0.030430 0.988317
vt 0.030428 0.988310
vt 0.030414 0.988294
vt 0.030421 0.988301
vt 0.030413 0.988295
vt 0.030422 0.988300
vt 0.030404 0.988291
vt 0.030404 0.988292
vt 0.030431 0.988317
vt 0.030431 0.988325
vt 0.030437 0.988380
vt 0.030435 0.988431
vt 0.030436 0.988380
vt 0.030436 0.988432
vt 0.030432 0.988442
vt 0.030433 0.988443
vt 0.030424 0.988452
vt 0.030424 0.988453
vt 0.030414 0.988458
vt 0.030415 0.988459
vt 0.030404 0.988460
vt 0.030404 0.988461
vt 0.030355 0.988461
vt 0.030441 0.988324
vt 0.030469 0.988320
vt 0.030432 0.988325
vt 0.030276 0.988309
vt 0.030271 0.988317
vt 0.030274 0.988308
vt 0.030294 0.988290
vt 0.030283 0.988297
vt 0.030293 0.988288
vt 0.030285 0.988298
vt 0.030306 0.988286
vt 0.030306 0.988284
vt 0.030273 0.988317
vt 0.030269 0.988326
vt 0.030301 0.988265
vt 0.030276 0.988259
vt 0.030296 0.988250
vt 0.030285 0.988271
vt 0.030259 0.988273
vt 0.030270 0.988284
vt 0.030247 0.988293
vt 0.030260 0.988299
vt 0.030243 0.988307
vt 0.030256 0.988311
vt 0.030242 0.988322
vt 0.030267 0.988381
vt 0.030267 0.988434
vt 0.030265 0.988381
vt 0.030269 0.988434
vt 0.030271 0.988448
vt 0.030273 0.988447
vt 0.030281 0.988461
vt 0.030303 0.988480
vt 0.030282 0.988459
vt 0.030293 0.988467
vt 0.030294 0.988465
vt 0.030306 0.988470
vt 0.030306 0.988467
vt 0.030355 0.988470
vt 0.030300 0.988489
vt 0.030289 0.988477
vt 0.030285 0.988486
vt 0.030275 0.988470
vt 0.030269 0.988478
vt 0.030264 0.988457
vt 0.030256 0.988463
vt 0.030257 0.988437
vt 0.030253 0.988381
vt 0.030246 0.988439
vt 0.030243 0.988381
vt 0.030233 0.988305
vt 0.030229 0.988321
vt 0.030230 0.988305
vt 0.030229 0.988440
vt 0.030235 0.988497
vt 0.030234 0.988287
vt 0.030231 0.988287
vt 0.030283 0.988312
vt 0.030280 0.988319
vt 0.030282 0.988312
vt 0.030298 0.988296
vt 0.030289 0.988302
vt 0.030297 0.988295
vt 0.030290 0.988303
vt 0.030308 0.988292
vt 0.030307 0.988291
vt 0.030281 0.988319
vt 0.030278 0.988327
vt 0.030275 0.988381
vt 0.030276 0.988433
vt 0.030274 0.988381
vt 0.030277 0.988433
vt 0.030278 0.988444
vt 0.030279 0.988444
vt 0.030286 0.988454
vt 0.030287 0.988454
vt 0.030296 0.988460
vt 0.030296 0.988459
vt 0.030307 0.988462
vt 0.030307 0.988461
vt 0.030355 0.988462
vt 0.030272 0.988326
vt 0.030254 0.988323
vt 0.030232 0.988322
vt 0.030229 0.988381
vt 0.030279 0.988327
vt 0.030418 0.988542
vt 0.030427 0.988542
vt 0.030418 0.988544
vt 0.030427 0.988541
vt 0.030435 0.988538
vt 0.030265 0.988536
vt 0.030267 0.988544
vt 0.030263 0.988537
vt 0.030268 0.988543
vt 0.030275 0.988547
vt 0.030270 0.988503
vt 0.030263 0.988504
vt 0.030269 0.988502
vt 0.030265 0.988506
vt 0.030261 0.988511
vt 0.030263 0.988511
vt 0.030448 0.988522
vt 0.030453 0.988515
vt 0.030450 0.988523
vt 0.030451 0.988515
vt 0.030452 0.988507
vt 0.030450 0.988508
vt 0.030448 0.988503
vt 0.030447 0.988504
vt 0.030443 0.988501
vt 0.030434 0.988536
vt 0.030274 0.988550
vt 0.030266 0.988545
vt 0.030275 0.988548
vt 0.030265 0.988547
vt 0.030262 0.988537
vt 0.030260 0.988538
vt 0.030259 0.988511
vt 0.030257 0.988510
vt 0.030262 0.988503
vt 0.030260 0.988502
vt 0.030269 0.988500
vt 0.030444 0.988498
vt 0.030449 0.988501
vt 0.030443 0.988500
vt 0.030450 0.988499
vt 0.030453 0.988507
vt 0.030456 0.988506
vt 0.030454 0.988516
vt 0.030456 0.988515
vt 0.030451 0.988523
vt 0.030453 0.988525
vt 0.030436 0.988539
vt 0.030437 0.988541
vt 0.030428 0.988544
vt 0.030429 0.988546
vt 0.030418 0.988546
vt 0.030418 0.988540
vt 0.030426 0.988539
vt 0.030418 0.988541
vt 0.030270 0.988541
vt 0.030276 0.988543
vt 0.030270 0.988541
vt 0.030267 0.988536
vt 0.030266 0.988536
vt 0.030265 0.988512
vt 0.030265 0.988511
vt 0.030267 0.988508
vt 0.030266 0.988507
vt 0.030271 0.988506
vt 0.030270 0.988505
vt 0.030445 0.988506
vt 0.030443 0.988505
vt 0.030446 0.988506
vt 0.030448 0.988509
vt 0.030448 0.988509
vt 0.030448 0.988515
vt 0.030449 0.988515
vt 0.030446 0.988521
vt 0.030447 0.988521
vt 0.030433 0.988535
vt 0.030426 0.988539
vt 0.030433 0.988535
vt 0.030275 0.988545
vt 0.030276 0.988543
vt 0.030418 0.988548
vt 0.030443 0.988503
vt 0.030355 0.988498
vt 0.030355 0.988494
vt 0.030355 0.988496
vt 0.030442 0.988506
vt 0.030355 0.988501
vt 0.030268 0.988498
vt 0.030355 0.988500
vt 0.030355 0.988502
vt 0.030418 0.988222
vt 0.030449 0.988223
vt 0.030418 0.988224
vt 0.030449 0.988222
vt 0.030456 0.988221
vt 0.030455 0.988220
vt 0.030458 0.988214
vt 0.030457 0.988214
vt 0.030445 0.988030
vt 0.030444 0.988030
vt 0.030443 0.988026
vt 0.030442 0.988027
vt 0.030438 0.988024
vt 0.030418 0.988220
vt 0.030449 0.988221
vt 0.030418 0.988221
vt 0.030448 0.988220
vt 0.030454 0.988219
vt 0.030453 0.988218
vt 0.030455 0.988214
vt 0.030454 0.988214
vt 0.030443 0.988031
vt 0.030442 0.988031
vt 0.030441 0.988028
vt 0.030441 0.988029
vt 0.030438 0.988026
vt 0.030279 0.988225
vt 0.030253 0.988223
vt 0.030279 0.988223
vt 0.030253 0.988224
vt 0.030247 0.988221
vt 0.030246 0.988222
vt 0.030246 0.988216
vt 0.030244 0.988216
vt 0.030257 0.988033
vt 0.030256 0.988033
vt 0.030259 0.988030
vt 0.030258 0.988029
vt 0.030263 0.988028
vt 0.030263 0.988027
vt 0.030438 0.988025
vt 0.030279 0.988222
vt 0.030254 0.988221
vt 0.030279 0.988221
vt 0.030253 0.988222
vt 0.030249 0.988220
vt 0.030248 0.988220
vt 0.030248 0.988215
vt 0.030247 0.988216
vt 0.030259 0.988033
vt 0.030258 0.988033
vt 0.030260 0.988031
vt 0.030260 0.988030
vt 0.030263 0.988030
vt 0.030263 0.988029
vt 0.030438 0.988028
vt 0.030236 0.988247
vt 0.030234 0.988247
vt 0.030244 0.988073
vt 0.030249 0.988033
vt 0.030246 0.988073
vt 0.030247 0.988032
vt 0.030252 0.988025
vt 0.030250 0.988024
vt 0.030256 0.988019
vt 0.030254 0.988017
vt 0.030262 0.988015
vt 0.030261 0.988012
vt 0.030270 0.988012
vt 0.030269 0.988010
vt 0.030417 0.988010
vt 0.030207 0.988304
vt 0.030205 0.988322
vt 0.030204 0.988304
vt 0.030212 0.988437
vt 0.030211 0.988426
vt 0.030216 0.988491
vt 0.030207 0.988321
vt 0.030208 0.988382
vt 0.030203 0.988268
vt 0.030233 0.988026
vt 0.030226 0.988047
vt 0.030231 0.988026
vt 0.030237 0.988016
vt 0.030236 0.988014
vt 0.030245 0.988008
vt 0.030243 0.988006
vt 0.030254 0.988003
vt 0.030252 0.988001
vt 0.030264 0.988000
vt 0.030264 0.987998
vt 0.030417 0.988003
vt 0.030418 0.988003
vt 0.030210 0.988490
vt 0.030198 0.988269
vt 0.030201 0.988268
vt 0.030197 0.988259
vt 0.030200 0.988259
vt 0.030420 0.988003
vt 0.030202 0.988212
vt 0.030202 0.988213
vt 0.030206 0.988382
vt 0.030203 0.988322
vt 0.030206 0.988382
vt 0.030202 0.988305
vt 0.030202 0.988304
vt 0.030211 0.988463
vt 0.030210 0.988437
vt 0.030211 0.988463
vt 0.030208 0.988420
vt 0.030209 0.988420
vt 0.030203 0.988322
vt 0.030267 0.987990
vt 0.030243 0.987989
vt 0.030266 0.987990
vt 0.030243 0.987989
vt 0.030237 0.987991
vt 0.030238 0.987991
vt 0.030234 0.987996
vt 0.030235 0.987997
vt 0.030228 0.988025
vt 0.030202 0.988269
vt 0.030201 0.988259
vt 0.030229 0.988025
vt 0.030235 0.987998
vt 0.030229 0.988025
vt 0.030238 0.987992
vt 0.030244 0.987990
vt 0.030238 0.987992
vt 0.030244 0.987990
vt 0.030266 0.987991
vt 0.030203 0.988322
vt 0.030203 0.988304
vt 0.030204 0.988322
vt 0.030209 0.988420
vt 0.030207 0.988382
vt 0.030210 0.988420
vt 0.030211 0.988463
vt 0.030211 0.988437
vt 0.030212 0.988463
vt 0.030203 0.988304
vt 0.030207 0.988382
vt 0.030235 0.987997
vt 0.030203 0.988213
vt 0.030203 0.988213
vt 0.030227 0.988560
vt 0.030229 0.988575
vt 0.030224 0.988561
vt 0.030231 0.988573
vt 0.030237 0.988586
vt 0.030239 0.988584
vt 0.030246 0.988594
vt 0.030248 0.988592
vt 0.030257 0.988600
vt 0.030259 0.988597
vt 0.030262 0.988601
vt 0.030248 0.988564
vt 0.030247 0.988553
vt 0.030250 0.988563
vt 0.030253 0.988572
vt 0.030255 0.988570
vt 0.030260 0.988577
vt 0.030261 0.988575
vt 0.030267 0.988581
vt 0.030268 0.988578
vt 0.030276 0.988582
vt 0.030277 0.988580
vt 0.030240 0.988517
vt 0.030245 0.988554
vt 0.030238 0.988517
vt 0.030218 0.988490
vt 0.030236 0.988601
vt 0.030233 0.988596
vt 0.030236 0.988600
vt 0.030232 0.988596
vt 0.030235 0.988601
vt 0.030232 0.988596
vt 0.030241 0.988603
vt 0.030242 0.988602
vt 0.030235 0.988601
vt 0.030241 0.988603
vt 0.030473 0.988601
vt 0.030472 0.988601
vt 0.030213 0.988491
vt 0.030213 0.988493
vt 0.030222 0.988561
vt 0.030221 0.988561
vt 0.030207 0.988213
vt 0.030237 0.988215
vt 0.030205 0.988187
vt 0.030213 0.988166
vt 0.030210 0.988130
vt 0.030210 0.988130
vt 0.030209 0.988130
vt 0.030209 0.988130
vt 0.030208 0.988147
vt 0.030205 0.988147
vt 0.030205 0.988150
vt 0.030209 0.988150
vt 0.030205 0.988184
vt 0.030209 0.988168
vt 0.030204 0.988213
vt 0.030202 0.988183
vt 0.030202 0.988186
vt 0.030209 0.988166
vt 0.030206 0.988165
vt 0.030205 0.988168
vt 0.030214 0.988130
vt 0.030212 0.988112
vt 0.030211 0.988112
vt 0.030211 0.988112
vt 0.030211 0.988112
vt 0.030211 0.988130
vt 0.030215 0.988112
vt 0.030214 0.988094
vt 0.030213 0.988094
vt 0.030213 0.988094
vt 0.030213 0.988094
vt 0.030213 0.988112
vt 0.030217 0.988095
vt 0.030217 0.988072
vt 0.030216 0.988072
vt 0.030216 0.988072
vt 0.030216 0.988072
vt 0.030228 0.988025
vt 0.030222 0.988046
vt 0.030219 0.988044
vt 0.030219 0.988045
vt 0.030223 0.988046
vt 0.030218 0.988072
vt 0.030220 0.988072
vt 0.030221 0.988047
vt 0.030218 0.988045
vt 0.030218 0.988046
vt 0.030222 0.988047
vt 0.030214 0.988094
vt 0.030233 0.988596
vt 0.030223 0.988561
vt 0.030216 0.988537
vt 0.030216 0.988537
vt 0.030219 0.988501
vt 0.030209 0.988493
vt 0.030209 0.988494
vt 0.030210 0.988494
vt 0.030214 0.988519
vt 0.030210 0.988512
vt 0.030210 0.988513
vt 0.030213 0.988513
vt 0.030212 0.988513
vt 0.030218 0.988537
vt 0.030221 0.988535
vt 0.030216 0.988537
vt 0.030217 0.988537
vt 0.030210 0.988514
vt 0.030210 0.988515
vt 0.030213 0.988520
vt 0.030214 0.988504
vt 0.030210 0.988503
vt 0.030209 0.988504
vt 0.030209 0.988506
vt 0.030214 0.988437
vt 0.030216 0.988464
vt 0.030212 0.988491
vt 0.030212 0.988491
vt 0.030232 0.988440
vt 0.030232 0.988464
vt 0.030210 0.988437
vt 0.030209 0.988425
vt 0.030210 0.988437
vt 0.030210 0.988425
vt 0.030209 0.988425
vt 0.030210 0.988425
vt 0.030231 0.988381
vt 0.030230 0.988421
vt 0.030211 0.988382
vt 0.030234 0.988214
vt 0.030244 0.988113
vt 0.030242 0.988095
vt 0.030245 0.988095
vt 0.030241 0.988112
vt 0.030238 0.988497
vt 0.030222 0.988561
vt 0.030479 0.988303
vt 0.030477 0.988320
vt 0.030476 0.988303
vt 0.030477 0.988465
vt 0.030472 0.988496
vt 0.030474 0.988465
vt 0.030477 0.988285
vt 0.030475 0.988285
vt 0.030480 0.988319
vt 0.030479 0.988380
vt 0.030475 0.988245
vt 0.030472 0.988246
vt 0.030461 0.988069
vt 0.030459 0.988030
vt 0.030463 0.988069
vt 0.030457 0.988031
vt 0.030456 0.988023
vt 0.030455 0.988024
vt 0.030451 0.988016
vt 0.030450 0.988018
vt 0.030445 0.988012
vt 0.030444 0.988014
vt 0.030436 0.988010
vt 0.030505 0.988302
vt 0.030502 0.988319
vt 0.030502 0.988302
vt 0.030496 0.988469
vt 0.030491 0.988490
vt 0.030493 0.988468
vt 0.030503 0.988268
vt 0.030505 0.988319
vt 0.030499 0.988380
vt 0.030475 0.988023
vt 0.030473 0.988024
vt 0.030469 0.988012
vt 0.030468 0.988015
vt 0.030461 0.988004
vt 0.030460 0.988007
vt 0.030452 0.987999
vt 0.030450 0.988002
vt 0.030440 0.987996
vt 0.030505 0.988490
vt 0.030498 0.988491
vt 0.030516 0.988269
vt 0.030516 0.988260
vt 0.030509 0.988269
vt 0.030508 0.988269
vt 0.030510 0.988260
vt 0.030510 0.988259
vt 0.030508 0.988211
vt 0.030508 0.988211
vt 0.030505 0.988381
vt 0.030508 0.988319
vt 0.030505 0.988381
vt 0.030508 0.988302
vt 0.030508 0.988302
vt 0.030502 0.988419
vt 0.030503 0.988419
vt 0.030508 0.988319
vt 0.030438 0.987986
vt 0.030462 0.987986
vt 0.030438 0.987986
vt 0.030462 0.987985
vt 0.030468 0.987987
vt 0.030468 0.987987
vt 0.030471 0.987993
vt 0.030471 0.987993
vt 0.030478 0.988023
vt 0.030477 0.988023
vt 0.030471 0.987993
vt 0.030478 0.988023
vt 0.030467 0.987988
vt 0.030462 0.987986
vt 0.030468 0.987988
vt 0.030461 0.987987
vt 0.030438 0.987986
vt 0.030507 0.988319
vt 0.030508 0.988302
vt 0.030507 0.988319
vt 0.030501 0.988419
vt 0.030505 0.988381
vt 0.030502 0.988419
vt 0.030507 0.988302
vt 0.030504 0.988381
vt 0.030470 0.987994
vt 0.030508 0.988211
vt 0.030507 0.988211
vt 0.030459 0.988599
vt 0.030269 0.988599
vt 0.030454 0.988598
vt 0.030241 0.988603
vt 0.030473 0.988602
vt 0.030494 0.988490
vt 0.030478 0.988599
vt 0.030482 0.988595
vt 0.030478 0.988599
vt 0.030482 0.988595
vt 0.030479 0.988599
vt 0.030482 0.988595
vt 0.030479 0.988600
vt 0.030473 0.988601
vt 0.030497 0.988491
vt 0.030491 0.988561
vt 0.030491 0.988561
vt 0.030505 0.988211
vt 0.030472 0.988216
vt 0.030474 0.988213
vt 0.030474 0.988216
vt 0.030506 0.988185
vt 0.030501 0.988125
vt 0.030500 0.988125
vt 0.030501 0.988125
vt 0.030501 0.988125
vt 0.030502 0.988143
vt 0.030509 0.988146
vt 0.030509 0.988142
vt 0.030504 0.988181
vt 0.030501 0.988165
vt 0.030502 0.988211
vt 0.030512 0.988184
vt 0.030512 0.988181
vt 0.030499 0.988166
vt 0.030503 0.988146
vt 0.030502 0.988162
vt 0.030509 0.988165
vt 0.030509 0.988162
vt 0.030498 0.988125
vt 0.030499 0.988107
vt 0.030498 0.988107
vt 0.030499 0.988107
vt 0.030499 0.988107
vt 0.030495 0.988126
vt 0.030496 0.988108
vt 0.030496 0.988089
vt 0.030495 0.988089
vt 0.030496 0.988089
vt 0.030496 0.988089
vt 0.030493 0.988108
vt 0.030493 0.988090
vt 0.030492 0.988067
vt 0.030491 0.988067
vt 0.030492 0.988067
vt 0.030492 0.988067
vt 0.030482 0.988042
vt 0.030479 0.988022
vt 0.030485 0.988041
vt 0.030491 0.988038
vt 0.030491 0.988038
vt 0.030485 0.988041
vt 0.030486 0.988068
vt 0.030489 0.988067
vt 0.030485 0.988042
vt 0.030492 0.988039
vt 0.030492 0.988039
vt 0.030486 0.988042
vt 0.030490 0.988090
vt 0.030481 0.988595
vt 0.030491 0.988561
vt 0.030496 0.988537
vt 0.030495 0.988537
vt 0.030472 0.988517
vt 0.030469 0.988517
vt 0.030497 0.988494
vt 0.030496 0.988501
vt 0.030505 0.988494
vt 0.030499 0.988493
vt 0.030505 0.988492
vt 0.030499 0.988506
vt 0.030505 0.988512
vt 0.030498 0.988512
vt 0.030505 0.988511
vt 0.030490 0.988535
vt 0.030492 0.988536
vt 0.030494 0.988536
vt 0.030497 0.988520
vt 0.030495 0.988537
vt 0.030505 0.988514
vt 0.030498 0.988513
vt 0.030505 0.988513
vt 0.030493 0.988503
vt 0.030496 0.988511
vt 0.030505 0.988506
vt 0.030505 0.988503
vt 0.030479 0.988437
vt 0.030476 0.988439
vt 0.030499 0.988418
vt 0.030496 0.988420
vt 0.030497 0.988491
vt 0.030482 0.988380
vt 0.030502 0.988381
vt 0.030472 0.988213
vt 0.030467 0.988109
vt 0.030463 0.988091
vt 0.030465 0.988091
vt 0.030464 0.988109
vt 0.030474 0.988497
vt 0.030490 0.988561
vt 0.030440 0.987999
vt 0.030436 0.988012
vt 0.030267 0.987990
vt 0.030438 0.987987
vt 0.030420 0.987995
vt 0.030419 0.988003
vt 0.030458 0.988575
vt 0.030452 0.988577
vt 0.030456 0.988574
vt 0.030461 0.988570
vt 0.030459 0.988569
vt 0.030464 0.988550
vt 0.030453 0.988579
vt 0.030445 0.988579
vt 0.030474 0.988590
vt 0.030464 0.988594
vt 0.030471 0.988588
vt 0.030479 0.988582
vt 0.030476 0.988580
vt 0.030465 0.988598
vt 0.030446 0.988581
vt 0.030475 0.988226
vt 0.030413 0.988296
vt 0.030403 0.988292
vt 0.030308 0.988293
vt 0.030429 0.988317
vt 0.030427 0.988310
vt 0.030430 0.988325
vt 0.030421 0.988302
vt 0.030435 0.988380
vt 0.030466 0.988245
vt 0.030448 0.988246
vt 0.030431 0.988442
vt 0.030434 0.988431
vt 0.030423 0.988452
vt 0.030414 0.988457
vt 0.030403 0.988459
vt 0.030355 0.988460
vt 0.030298 0.988297
vt 0.030282 0.988319
vt 0.030280 0.988327
vt 0.030290 0.988303
vt 0.030284 0.988312
vt 0.030276 0.988381
vt 0.030294 0.988247
vt 0.030263 0.988247
vt 0.030280 0.988443
vt 0.030278 0.988432
vt 0.030287 0.988453
vt 0.030296 0.988458
vt 0.030307 0.988460
vt 0.030441 0.988571
vt 0.030222 0.988159
vt 0.030451 0.988575
vt 0.030452 0.988572
vt 0.030418 0.988540
vt 0.030426 0.988538
vt 0.030276 0.988542
vt 0.030270 0.988541
vt 0.030267 0.988536
vt 0.030266 0.988512
vt 0.030267 0.988508
vt 0.030271 0.988506
vt 0.030355 0.988502
vt 0.030445 0.988507
vt 0.030442 0.988506
vt 0.030447 0.988509
vt 0.030448 0.988515
vt 0.030446 0.988520
vt 0.030433 0.988535
vt 0.030343 0.988225
vt 0.030465 0.988227
vt 0.030267 0.988005
vt 0.030245 0.988021
vt 0.030259 0.988008
vt 0.030251 0.988013
vt 0.030438 0.988005
vt 0.030241 0.988030
vt 0.030210 0.988491
vt 0.030209 0.988463
vt 0.030199 0.988305
vt 0.030198 0.988271
vt 0.030197 0.988261
vt 0.030199 0.988213
vt 0.030203 0.988382
vt 0.030200 0.988322
vt 0.030208 0.988437
vt 0.030207 0.988425
vt 0.030207 0.988420
vt 0.030225 0.988024
vt 0.030233 0.987991
vt 0.030243 0.987985
vt 0.030237 0.987985
vt 0.030442 0.987982
vt 0.030232 0.988605
vt 0.030477 0.988604
vt 0.030231 0.988598
vt 0.030220 0.988561
vt 0.030236 0.988150
vt 0.030206 0.988129
vt 0.030208 0.988112
vt 0.030210 0.988094
vt 0.030213 0.988071
vt 0.030214 0.988537
vt 0.030486 0.988217
vt 0.030479 0.988217
vt 0.030480 0.988212
vt 0.030472 0.988227
vt 0.030479 0.988222
vt 0.030447 0.988007
vt 0.030461 0.988019
vt 0.030465 0.988028
vt 0.030455 0.988012
vt 0.030505 0.988489
vt 0.030515 0.988302
vt 0.030516 0.988267
vt 0.030517 0.988258
vt 0.030512 0.988381
vt 0.030514 0.988320
vt 0.030509 0.988419
vt 0.030484 0.988020
vt 0.030477 0.987991
vt 0.030466 0.987981
vt 0.030472 0.987980
vt 0.030487 0.988605
vt 0.030488 0.988598
vt 0.030489 0.988552
vt 0.030508 0.988124
vt 0.030505 0.988106
vt 0.030503 0.988088
vt 0.030498 0.988065
vt 0.030498 0.988563
vt 0.030343 0.988247
vt 0.030355 0.988492
vt 0.030440 0.988575
vt 0.030443 0.988577
vt 0.030444 0.988559
vt 0.030443 0.988568
vt 0.030444 0.988558
vt 0.030236 0.988160
vt 0.030223 0.988149
vt 0.030451 0.988559
vt 0.030450 0.988568
vt 0.030452 0.988560
vt 0.030449 0.988577
vt 0.030464 0.988221
vt 0.030465 0.988217
vt 0.030234 0.987984
vt 0.030482 0.988244
vt 0.030487 0.988222
vt 0.030488 0.988221
vt 0.030488 0.988219
vt 0.030475 0.987979
vt 0.030266 0.987986
vt 0.030502 0.988538
vt 0.030515 0.988211
s 1
f 17/1/1 924/2/2 449/3/1
f 338/4/3 327/5/4 924/2/2
f 924/2/2 89/6/5 461/7/2
f 449/3/1 461/7/2 88/8/6
f 7/9/7 925/10/8 330/11/9
f 329/12/10 452/13/11 925/10/8
f 925/10/8 91/14/12 462/15/13
f 330/11/9 462/15/13 87/16/9
f 4/17/14 926/18/15 342/19/16
f 450/20/4 465/21/16 926/18/15
f 926/18/15 90/22/17 451/23/17
f 342/19/16 451/23/17 19/24/17
f 15/25/18 927/26/19 439/27/20
f 2/28/19 927/26/19 337/29/19
f 94/30/21 927/26/19 344/31/19
f 84/32/19 927/26/19 467/33/21
f 78/34/20 927/26/19 456/35/18
f 48/36/22 928/37/23 368/38/22
f 389/39/24 357/40/25 928/37/23
f 928/37/23 24/41/26 346/42/24
f 368/38/22 346/42/24 35/43/22
f 47/44/27 929/45/28 363/46/27
f 388/47/28 360/48/29 929/45/28
f 929/45/28 27/49/30 347/50/28
f 363/46/27 347/50/28 30/51/27
f 45/52/31 930/53/32 361/54/31
f 387/55/32 362/56/27 930/53/32
f 930/53/32 29/57/27 348/58/32
f 361/54/31 348/58/32 28/59/31
f 11/60/33 931/61/34 364/62/35
f 333/63/36 365/64/37 931/61/34
f 931/61/34 32/65/38 349/66/39
f 364/62/35 349/66/39 31/67/40
f 12/68/41 932/69/42 365/64/37
f 334/70/42 366/71/43 932/69/42
f 932/69/42 33/72/44 350/73/45
f 365/64/37 350/73/45 32/65/38
f 13/74/46 933/75/47 366/71/43
f 335/76/48 367/77/49 933/75/47
f 933/75/47 34/78/50 351/79/51
f 366/71/43 351/79/51 33/72/44
f 14/80/52 934/81/53 367/77/49
f 336/82/54 364/62/35 934/81/53
f 934/81/53 31/67/40 352/83/53
f 367/77/49 352/83/53 34/78/50
f 40/84/55 935/85/23 356/86/56
f 386/87/24 369/88/57 935/85/23
f 935/85/23 36/89/57 353/90/24
f 356/86/56 353/90/24 23/91/58
f 63/92/59 936/93/60 422/94/59
f 433/95/60 356/86/56 936/93/60
f 936/93/60 23/91/58 431/96/61
f 422/94/59 431/96/61 74/97/59
f 41/98/26 937/99/62 357/40/25
f 385/100/63 370/101/64 937/99/62
f 937/99/62 37/102/65 354/103/66
f 357/40/25 354/103/66 24/41/26
f 1/104/67 938/105/67 371/106/67
f 84/32/67 938/105/67 445/107/68
f 92/108/69 938/105/67 454/109/67
f 95/110/70 938/105/67 470/111/70
f 38/112/69 938/105/67 384/113/69
f 4/17/71 939/114/71 374/115/72
f 342/19/73 383/116/72 939/114/71
f 939/114/71 50/117/72 385/100/71
f 374/115/72 385/100/71 41/98/73
f 18/118/74 940/119/75 432/120/76
f 341/121/75 373/122/75 940/119/75
f 940/119/75 40/84/75 433/95/75
f 432/120/76 433/95/75 63/92/77
f 3/123/75 941/124/78 373/122/75
f 338/4/75 382/125/75 941/124/78
f 941/124/78 49/126/75 386/87/78
f 373/122/75 386/87/78 40/84/75
f 8/127/79 942/128/75 378/129/75
f 331/130/79 379/131/75 942/128/75
f 942/128/75 46/132/80 387/55/80
f 378/129/75 387/55/80 45/52/80
f 10/133/81 943/134/71 380/135/73
f 329/12/72 377/136/72 943/134/71
f 943/134/71 44/137/72 388/47/82
f 380/135/73 388/47/82 47/44/73
f 16/138/83 944/139/84 381/140/83
f 326/141/73 374/115/72 944/139/84
f 944/139/84 41/98/73 389/39/85
f 381/140/83 389/39/85 48/36/73
f 56/142/86 945/143/87 427/144/88
f 393/145/89 440/146/90 945/143/87
f 945/143/87 79/147/90 463/148/87
f 427/144/88 463/148/87 83/149/88
f 18/118/17 946/150/91 340/151/17
f 435/152/92 426/153/93 946/150/91
f 946/150/91 81/154/94 455/155/95
f 340/151/17 455/155/95 90/22/17
f 57/156/96 947/157/97 428/158/98
f 394/159/99 427/144/88 947/157/97
f 947/157/97 83/149/88 458/160/97
f 428/158/98 458/160/97 85/161/100
f 54/162/101 948/163/102 426/153/93
f 391/164/103 428/158/98 948/163/102
f 948/163/102 85/161/100 460/165/102
f 426/153/93 460/165/102 81/154/94
f 52/166/72 949/167/73 390/168/72
f 404/169/71 396/170/81 949/167/73
f 949/167/73 64/171/72 407/172/72
f 390/168/72 407/172/72 55/173/73
f 53/174/71 950/175/71 434/176/71
f 405/177/72 436/178/71 950/175/71
f 950/175/71 50/117/72 383/116/72
f 434/176/71 383/116/72 19/24/72
f 54/162/104 951/179/105 391/164/106
f 406/180/107 397/181/108 951/179/105
f 951/179/105 66/182/109 409/183/110
f 391/164/106 409/183/110 57/156/111
f 18/118/74 952/184/112 435/152/113
f 432/120/76 398/185/112 952/184/112
f 952/184/112 62/186/114 406/180/107
f 435/152/113 406/180/107 54/162/104
f 55/173/73 953/187/71 392/188/115
f 407/172/72 399/189/73 953/187/71
f 953/187/71 67/190/81 410/191/73
f 392/188/115 410/191/73 58/192/81
f 56/142/116 954/193/117 393/145/118
f 408/194/119 400/195/120 954/193/117
f 954/193/117 59/196/121 403/197/122
f 393/145/118 403/197/122 51/198/123
f 57/156/111 955/199/124 394/159/124
f 409/183/110 401/200/125 955/199/124
f 955/199/124 65/201/126 408/194/119
f 394/159/124 408/194/119 56/142/116
f 58/192/81 956/202/71 395/203/73
f 410/191/73 402/204/71 956/202/71
f 956/202/71 61/205/73 405/177/72
f 395/203/73 405/177/72 53/174/71
f 64/171/127 957/206/128 399/189/129
f 415/207/130 412/208/131 957/206/128
f 957/206/128 71/209/132 414/210/133
f 399/189/129 414/210/133 67/190/134
f 67/190/134 958/211/135 402/204/135
f 414/210/133 413/212/135 958/211/135
f 958/211/135 69/213/136 416/214/137
f 402/204/135 416/214/137 61/205/137
f 61/205/137 959/215/138 436/178/139
f 416/214/137 437/216/138 959/215/138
f 959/215/138 37/102/65 370/101/64
f 436/178/139 370/101/64 50/117/64
f 63/92/59 960/217/140 398/185/141
f 422/94/59 418/218/142 960/217/140
f 960/217/140 73/219/143 421/220/144
f 398/185/141 421/220/144 62/186/145
f 66/182/146 961/221/147 401/200/148
f 424/222/149 420/223/150 961/221/147
f 961/221/147 75/224/151 423/225/152
f 401/200/148 423/225/152 65/201/153
f 62/186/145 962/226/154 397/181/155
f 421/220/144 417/227/156 962/226/154
f 962/226/154 76/228/157 424/222/149
f 397/181/155 424/222/149 66/182/146
f 51/198/158 963/229/159 440/146/160
f 59/196/161 963/229/159 403/197/159
f 96/230/162 963/229/159 472/231/162
f 77/232/163 963/229/159 438/233/164
f 79/147/163 963/229/159 457/234/165
f 72/235/166 964/236/167 473/237/168
f 429/238/169 459/239/167 964/236/167
f 964/236/167 77/232/170 438/233/170
f 473/237/168 438/233/170 96/230/171
f 92/108/69 965/240/67 453/241/69
f 454/109/67 467/33/172 965/240/67
f 965/240/67 94/30/67 469/242/67
f 453/241/69 469/242/67 93/243/69
f 90/22/17 966/244/173 451/23/17
f 455/155/95 442/245/174 966/244/173
f 966/244/173 53/174/93 434/176/95
f 451/23/17 434/176/95 19/24/17
f 78/34/20 967/246/18 343/247/18
f 456/35/18 445/107/19 967/246/18
f 967/246/18 1/104/19 345/248/19
f 343/247/18 345/248/19 20/249/19
f 79/147/163 968/250/175 425/251/164
f 77/232/163 968/250/175 457/234/165
f 97/252/176 968/250/175 474/253/158
f 60/254/161 968/250/175 430/255/161
f 52/166/158 968/250/175 404/169/162
f 85/161/100 969/256/97 446/257/100
f 458/160/97 444/258/88 969/256/97
f 969/256/97 55/173/88 392/188/97
f 446/257/100 392/188/97 58/192/100
f 77/232/170 970/259/167 474/253/170
f 459/239/167 447/260/169 970/259/167
f 970/259/167 68/261/177 475/262/178
f 474/253/170 475/262/178 97/252/179
f 81/154/94 971/263/102 442/245/174
f 460/165/102 446/257/100 971/263/102
f 971/263/102 58/192/100 395/203/102
f 442/245/174 395/203/102 53/174/93
f 88/8/6 972/264/3 339/265/1
f 461/7/2 450/20/4 972/264/3
f 972/264/3 4/17/14 326/141/3
f 339/265/1 326/141/3 16/138/1
f 87/16/9 973/266/180 448/267/9
f 462/15/13 332/268/181 973/266/180
f 973/266/180 9/269/182 331/130/183
f 448/267/9 331/130/183 8/127/7
f 83/149/88 974/270/87 444/258/88
f 463/148/87 425/251/90 974/270/87
f 974/270/87 52/166/90 390/168/87
f 444/258/88 390/168/87 55/173/88
f 80/271/184 975/272/185 355/273/184
f 464/274/185 453/241/186 975/272/185
f 975/272/185 93/243/184 468/275/187
f 355/273/184 468/275/187 22/276/188
f 90/22/17 976/277/15 340/151/17
f 465/21/16 327/5/4 976/277/15
f 976/277/15 3/123/5 341/121/15
f 340/151/17 341/121/15 18/118/17
f 93/243/69 977/278/67 466/279/69
f 469/242/67 344/31/67 977/278/67
f 977/278/67 2/28/67 372/280/67
f 466/279/69 372/280/67 39/281/69
f 21/282/189 978/283/184 441/284/184
f 471/285/190 470/111/184 978/283/184
f 978/283/184 92/108/186 464/274/185
f 441/284/184 464/274/185 80/271/184
f 65/201/153 979/286/191 400/195/192
f 75/224/151 979/286/191 423/225/152
f 72/235/166 979/286/191 419/287/193
f 96/230/171 979/286/191 473/237/168
f 59/196/194 979/286/191 472/231/195
f 68/261/177 980/288/196 475/262/178
f 70/289/197 980/288/196 411/290/198
f 64/171/127 980/288/196 415/207/130
f 60/254/199 980/288/196 396/170/200
f 97/252/179 980/288/196 430/255/201
f 162/291/202 981/292/203 476/293/203
f 477/294/204 478/295/203 981/292/203
f 981/292/203 103/296/205 479/297/205
f 476/293/203 479/297/205 163/298/205
f 163/298/205 982/299/206 480/300/206
f 479/297/205 481/301/206 982/299/206
f 982/299/206 102/302/207 482/303/207
f 480/300/206 482/303/207 161/304/207
f 324/305/208 983/306/209 483/307/209
f 484/308/208 485/309/209 983/306/209
f 983/306/209 109/310/210 486/311/210
f 483/307/209 486/311/210 325/312/210
f 325/312/210 984/313/211 487/314/211
f 486/311/210 488/315/211 984/313/211
f 984/313/211 108/316/212 489/317/212
f 487/314/211 489/317/212 323/318/212
f 303/319/213 985/320/214 490/321/215
f 491/322/213 492/323/214 985/320/214
f 985/320/214 115/324/216 493/325/216
f 490/321/215 493/325/216 304/326/216
f 304/326/216 986/327/217 494/328/217
f 493/325/216 495/329/217 986/327/217
f 986/327/217 114/330/218 496/331/218
f 494/328/217 496/331/218 302/332/218
f 158/333/219 987/334/220 497/335/220
f 498/336/219 499/337/221 987/334/220
f 987/334/220 121/338/222 500/339/222
f 497/335/220 500/339/222 160/340/222
f 160/340/222 988/341/223 501/342/223
f 500/339/222 502/343/223 988/341/223
f 988/341/223 120/344/224 503/345/224
f 501/342/223 503/345/224 159/346/224
f 312/347/225 989/348/226 504/349/227
f 505/350/225 506/351/226 989/348/226
f 989/348/226 127/352/228 507/353/229
f 504/349/227 507/353/229 313/354/229
f 313/354/229 990/355/230 508/356/231
f 507/353/229 509/357/230 990/355/230
f 990/355/230 126/358/232 510/359/232
f 508/356/231 510/359/232 311/360/232
f 306/361/233 991/362/234 511/363/234
f 512/364/233 513/365/234 991/362/234
f 991/362/234 130/366/235 514/367/235
f 511/363/234 514/367/235 307/368/235
f 307/368/235 992/369/236 515/370/237
f 514/367/235 516/371/237 992/369/236
f 992/369/236 129/372/238 517/373/238
f 515/370/237 517/373/238 305/374/239
f 309/375/240 993/376/241 518/377/241
f 519/378/242 520/379/241 993/376/241
f 993/376/241 139/380/243 521/381/244
f 518/377/241 521/381/244 310/382/243
f 310/382/243 994/383/245 522/384/245
f 521/381/244 523/385/245 994/383/245
f 994/383/245 138/386/246 524/387/246
f 522/384/245 524/387/246 308/388/246
f 315/389/247 995/390/248 525/391/248
f 526/392/247 527/393/248 995/390/248
f 995/390/248 142/394/249 528/395/249
f 525/391/248 528/395/249 316/396/249
f 316/396/249 996/397/250 529/398/251
f 528/395/249 530/399/251 996/397/250
f 996/397/250 141/400/252 531/401/252
f 529/398/251 531/401/252 314/402/253
f 165/403/254 997/404/255 532/405/255
f 533/406/256 534/407/255 997/404/255
f 997/404/255 148/408/257 535/409/257
f 532/405/255 535/409/257 166/410/258
f 166/410/258 998/411/259 536/412/259
f 535/409/257 537/413/259 998/411/259
f 998/411/259 147/414/260 538/415/260
f 536/412/259 538/415/260 164/416/261
f 171/417/262 999/418/263 539/419/263
f 540/420/264 541/421/263 999/418/263
f 999/418/263 154/422/265 542/423/265
f 539/419/263 542/423/265 172/424/265
f 172/424/265 1000/425/266 543/426/266
f 542/423/265 544/427/266 1000/425/266
f 1000/425/266 153/428/261 545/429/261
f 543/426/266 545/429/261 170/430/261
f 321/431/267 1001/432/255 546/433/255
f 547/434/256 532/405/255 1001/432/255
f 1001/432/255 166/410/258 548/435/257
f 546/433/255 548/435/257 322/436/257
f 322/436/257 1002/437/259 549/438/259
f 548/435/257 536/412/259 1002/437/259
f 1002/437/259 164/416/261 550/439/260
f 549/438/259 550/439/260 320/440/268
f 156/441/269 1003/442/263 551/443/263
f 552/444/269 553/445/263 1003/442/263
f 1003/442/263 169/446/270 554/447/270
f 551/443/263 554/447/270 157/448/270
f 157/448/270 1004/449/271 555/450/266
f 554/447/270 556/451/266 1004/449/271
f 1004/449/271 168/452/261 557/453/261
f 555/450/266 557/453/261 155/454/261
f 318/455/272 1005/456/263 558/457/263
f 559/458/272 539/419/263 1005/456/263
f 1005/456/263 172/424/265 560/459/270
f 558/457/263 560/459/270 319/460/273
f 319/460/273 1006/461/271 561/462/266
f 560/459/270 543/426/266 1006/461/271
f 1006/461/271 170/430/261 562/463/261
f 561/462/266 562/463/261 317/464/261
f 150/465/274 1007/466/275 563/467/275
f 564/468/274 565/469/275 1007/466/275
f 1007/466/275 175/470/276 566/471/276
f 563/467/275 566/471/276 151/472/277
f 151/472/277 1008/473/278 567/474/279
f 566/471/276 568/475/278 1008/473/278
f 1008/473/278 174/476/268 569/477/260
f 567/474/279 569/477/260 149/478/260
f 237/479/280 1009/480/281 570/481/281
f 571/482/280 572/483/281 1009/480/281
f 1009/480/281 178/484/282 573/485/282
f 570/481/281 573/485/282 238/486/282
f 238/486/282 1010/487/283 574/488/283
f 573/485/282 575/489/283 1010/487/283
f 1010/487/283 176/490/284 576/491/284
f 574/488/283 576/491/284 236/492/284
f 240/493/284 1011/494/283 577/495/283
f 578/496/284 579/497/283 1011/494/283
f 1011/494/283 181/498/285 580/499/285
f 577/495/283 580/499/285 241/500/285
f 241/500/285 1012/501/281 581/502/281
f 580/499/285 582/503/281 1012/501/281
f 1012/501/281 179/504/280 583/505/280
f 581/502/281 583/505/280 239/506/280
f 243/507/286 1013/508/287 584/509/287
f 585/510/286 586/511/287 1013/508/287
f 1013/508/287 184/512/288 587/513/288
f 584/509/287 587/513/288 244/514/288
f 244/514/288 1014/515/289 588/516/289
f 587/513/288 589/517/289 1014/515/289
f 1014/515/289 182/518/290 590/519/290
f 588/516/289 590/519/290 242/520/290
f 246/521/291 1015/522/292 591/523/292
f 592/524/291 593/525/292 1015/522/292
f 1015/522/292 187/526/288 594/527/288
f 591/523/292 594/527/288 247/528/288
f 247/528/288 1016/529/287 595/530/287
f 594/527/288 596/531/287 1016/529/287
f 1016/529/287 185/532/293 597/533/286
f 595/530/287 597/533/286 245/534/286
f 249/535/294 1017/536/295 598/537/296
f 599/538/297 600/539/298 1017/536/295
f 1017/536/295 190/540/299 601/541/300
f 598/537/296 601/541/300 250/542/300
f 250/542/300 1018/543/301 602/544/302
f 601/541/300 603/545/303 1018/543/301
f 1018/543/301 188/546/304 604/547/305
f 602/544/302 604/547/305 248/548/305
f 252/549/304 1019/550/306 605/551/307
f 606/552/305 607/553/308 1019/550/306
f 1019/550/306 193/554/309 608/555/309
f 605/551/307 608/555/309 253/556/310
f 253/556/310 1020/557/311 609/558/312
f 608/555/309 610/559/313 1020/557/311
f 1020/557/311 191/560/297 611/561/297
f 609/558/312 611/561/297 251/562/314
f 255/563/315 1021/564/316 612/565/316
f 613/566/315 614/567/316 1021/564/316
f 1021/564/316 196/568/317 615/569/317
f 612/565/316 615/569/317 256/570/317
f 256/570/317 1022/571/318 616/572/318
f 615/569/317 617/573/318 1022/571/318
f 1022/571/318 194/574/319 618/575/319
f 616/572/318 618/575/319 254/576/319
f 258/577/319 1023/578/318 619/579/320
f 620/580/319 621/581/318 1023/578/318
f 1023/578/318 199/582/317 622/583/317
f 619/579/320 622/583/317 259/584/317
f 259/584/317 1024/585/321 623/586/321
f 622/583/317 624/587/321 1024/585/321
f 1024/585/321 197/588/315 625/589/315
f 623/586/321 625/589/315 257/590/315
f 261/591/322 1025/592/323 626/593/323
f 627/594/322 628/595/323 1025/592/323
f 1025/592/323 202/596/324 629/597/324
f 626/593/323 629/597/324 262/598/324
f 262/598/324 1026/599/325 630/600/325
f 629/597/324 631/601/325 1026/599/325
f 1026/599/325 200/602/326 632/603/326
f 630/600/325 632/603/326 260/604/326
f 264/605/327 1027/606/328 633/607/328
f 634/608/327 635/609/328 1027/606/328
f 1027/606/328 205/610/329 636/611/329
f 633/607/328 636/611/329 265/612/329
f 265/612/329 1028/613/330 637/614/330
f 636/611/329 638/615/330 1028/613/330
f 1028/613/330 203/616/322 639/617/322
f 637/614/330 639/617/322 263/618/322
f 267/619/331 1029/620/332 640/621/332
f 641/622/331 642/623/332 1029/620/332
f 1029/620/332 208/624/333 643/625/334
f 640/621/332 643/625/334 268/626/334
f 268/626/334 1030/627/335 644/628/335
f 643/625/334 645/629/336 1030/627/335
f 1030/627/335 206/630/337 646/631/337
f 644/628/335 646/631/337 266/632/337
f 270/633/338 1031/634/335 647/635/335
f 648/636/338 649/637/335 1031/634/335
f 1031/634/335 211/638/333 650/639/333
f 647/635/335 650/639/333 271/640/334
f 271/640/334 1032/641/332 651/642/332
f 650/639/333 652/643/332 1032/641/332
f 1032/641/332 209/644/331 653/645/331
f 651/642/332 653/645/331 269/646/331
f 273/647/339 1033/648/340 654/649/340
f 655/650/339 656/651/340 1033/648/340
f 1033/648/340 214/652/341 657/653/341
f 654/649/340 657/653/341 274/654/341
f 274/654/341 1034/655/342 658/656/343
f 657/653/341 659/657/344 1034/655/342
f 1034/655/342 212/658/345 660/659/345
f 658/656/343 660/659/345 272/660/345
f 276/661/345 1035/662/344 661/663/344
f 662/664/345 663/665/344 1035/662/344
f 1035/662/344 217/666/346 664/667/341
f 661/663/344 664/667/341 277/668/341
f 277/668/341 1036/669/347 665/670/340
f 664/667/341 666/671/340 1036/669/347
f 1036/669/347 215/672/339 667/673/339
f 665/670/340 667/673/339 275/674/339
f 279/675/348 1037/676/349 668/677/349
f 669/678/348 670/679/349 1037/676/349
f 1037/676/349 220/680/350 671/681/350
f 668/677/349 671/681/350 280/682/350
f 280/682/350 1038/683/351 672/684/351
f 671/681/350 673/685/352 1038/683/351
f 1038/683/351 218/686/353 674/687/353
f 672/684/351 674/687/353 278/688/353
f 282/689/353 1039/690/351 675/691/351
f 676/692/353 677/693/351 1039/690/351
f 1039/690/351 223/694/350 678/695/350
f 675/691/351 678/695/350 283/696/350
f 283/696/350 1040/697/349 679/698/349
f 678/695/350 680/699/349 1040/697/349
f 1040/697/349 221/700/348 681/701/348
f 679/698/349 681/701/348 281/702/348
f 285/703/354 1041/704/355 682/705/355
f 683/706/354 684/707/355 1041/704/355
f 1041/704/355 226/708/356 685/709/357
f 682/705/355 685/709/357 286/710/357
f 286/710/357 1042/711/358 686/712/358
f 685/709/357 687/713/358 1042/711/358
f 1042/711/358 224/714/359 688/715/360
f 686/712/358 688/715/360 284/716/360
f 288/717/361 1043/718/362 689/719/362
f 690/720/361 691/721/362 1043/718/362
f 1043/718/362 229/722/363 692/723/363
f 689/719/362 692/723/363 289/724/363
f 289/724/363 1044/725/364 693/726/364
f 692/723/363 694/727/364 1044/725/364
f 1044/725/364 227/728/365 695/729/365
f 693/726/364 695/729/365 287/730/365
f 291/731/366 1045/732/367 696/733/367
f 697/734/366 698/735/367 1045/732/367
f 1045/732/367 232/736/368 699/737/369
f 696/733/367 699/737/369 292/738/369
f 292/738/369 1046/739/370 700/740/370
f 699/737/369 701/741/370 1046/739/370
f 1046/739/370 230/742/359 702/743/359
f 700/740/370 702/743/359 290/478/371
f 294/414/359 1047/744/370 703/745/370
f 704/746/372 705/747/370 1047/744/370
f 1047/744/370 235/748/373 706/749/373
f 703/745/370 706/749/373 295/750/373
f 295/750/373 1048/751/367 707/752/367
f 706/749/373 708/753/374 1048/751/367
f 1048/751/367 233/754/375 709/755/375
f 707/752/367 709/755/375 293/756/375
f 99/757/75 1049/758/80 710/759/75
f 711/760/75 570/481/80 1049/758/80
f 1049/758/80 238/486/75 712/761/75
f 710/759/75 712/761/75 100/762/75
f 100/762/75 1050/763/80 713/764/75
f 712/761/75 574/488/80 1050/763/80
f 1050/763/80 236/492/75 714/765/75
f 713/764/75 714/765/75 98/766/75
f 101/767/73 1051/768/73 478/295/81
f 715/769/72 577/495/71 1051/768/73
f 1051/768/73 241/500/73 716/770/72
f 478/295/81 716/770/72 103/296/72
f 103/296/72 1052/771/72 481/301/72
f 716/770/72 581/502/72 1052/771/72
f 1052/771/72 239/506/71 717/772/73
f 481/301/72 717/772/73 102/302/82
f 105/773/75 1053/774/80 718/775/79
f 719/776/75 584/509/376 1053/774/80
f 1053/774/80 244/514/80 720/777/75
f 718/775/79 720/777/75 106/778/79
f 106/778/79 1054/779/75 721/780/75
f 720/777/75 588/516/80 1054/779/75
f 1054/779/75 242/520/75 722/781/75
f 721/780/75 722/781/75 104/782/75
f 107/783/73 1055/784/72 485/309/73
f 723/785/71 591/523/71 1055/784/72
f 1055/784/72 247/528/72 724/786/72
f 485/309/73 724/786/72 109/310/72
f 109/310/72 1056/787/72 488/315/72
f 724/786/72 595/530/71 1056/787/72
f 1056/787/72 245/534/72 725/788/72
f 488/315/72 725/788/72 108/316/73
f 111/789/75 1057/790/80 726/791/79
f 727/792/75 598/537/376 1057/790/80
f 1057/790/80 250/542/80 728/793/75
f 726/791/79 728/793/75 112/794/79
f 112/794/79 1058/795/75 729/796/75
f 728/793/75 602/544/80 1058/795/75
f 1058/795/75 248/548/75 730/797/75
f 729/796/75 730/797/75 110/798/75
f 113/799/377 1059/800/72 492/323/72
f 731/801/72 605/551/72 1059/800/72
f 1059/800/72 253/556/72 732/802/72
f 492/323/72 732/802/72 115/324/71
f 115/324/71 1060/803/72 495/329/72
f 732/802/72 609/558/73 1060/803/72
f 1060/803/72 251/562/73 733/804/72
f 495/329/72 733/804/72 114/330/72
f 117/805/75 1061/806/80 734/807/75
f 735/808/75 612/565/80 1061/806/80
f 1061/806/80 256/570/75 736/809/75
f 734/807/75 736/809/75 118/810/75
f 118/810/75 1062/811/75 737/812/75
f 736/809/75 616/572/80 1062/811/75
f 1062/811/75 254/576/75 738/813/75
f 737/812/75 738/813/75 116/814/75
f 119/815/81 1063/816/71 499/337/72
f 739/817/72 619/579/377 1063/816/71
f 1063/816/71 259/584/72 740/818/73
f 499/337/72 740/818/73 121/338/73
f 121/338/73 1064/819/71 502/343/71
f 740/818/73 623/586/72 1064/819/71
f 1064/819/71 257/590/71 741/820/73
f 502/343/71 741/820/73 120/344/71
f 123/821/75 1065/822/80 742/823/79
f 743/824/75 626/593/378 1065/822/80
f 1065/822/80 262/598/80 744/825/75
f 742/823/79 744/825/75 124/826/79
f 124/826/79 1066/827/75 745/828/75
f 744/825/75 630/600/80 1066/827/75
f 1066/827/75 260/604/75 746/829/75
f 745/828/75 746/829/75 122/830/75
f 125/831/72 1067/832/72 506/351/377
f 747/833/72 633/607/71 1067/832/72
f 1067/832/72 265/612/72 748/834/72
f 506/351/377 748/834/72 127/352/72
f 127/352/72 1068/835/72 509/357/81
f 748/834/72 637/614/377 1068/835/72
f 1068/835/72 263/618/377 749/836/71
f 509/357/81 749/836/71 126/358/73
f 128/837/75 1069/838/80 513/365/79
f 750/839/75 640/621/376 1069/838/80
f 1069/838/80 268/626/379 751/840/75
f 513/365/79 751/840/75 130/366/79
f 130/366/79 1070/841/75 516/371/75
f 751/840/75 644/628/379 1070/841/75
f 1070/841/75 266/632/75 752/842/75
f 516/371/75 752/842/75 129/372/75
f 132/843/72 1071/844/72 753/845/380
f 754/846/72 647/635/381 1071/844/72
f 1071/844/72 271/640/72 755/847/72
f 753/845/380 755/847/72 133/848/72
f 133/848/72 1072/849/72 756/850/72
f 755/847/72 651/642/72 1072/849/72
f 1072/849/72 269/646/72 757/851/71
f 756/850/72 757/851/71 131/852/71
f 135/853/73 1073/854/72 758/855/71
f 759/856/72 654/649/72 1073/854/72
f 1073/854/72 274/654/73 760/857/72
f 758/855/71 760/857/72 136/858/72
f 136/858/72 1074/859/71 761/860/71
f 760/857/72 658/656/71 1074/859/71
f 1074/859/71 272/660/72 762/861/72
f 761/860/71 762/861/72 134/862/72
f 137/863/382 1075/864/75 520/379/78
f 763/865/75 661/663/379 1075/864/75
f 1075/864/75 277/668/379 764/866/75
f 520/379/78 764/866/75 139/380/79
f 139/380/79 1076/867/75 523/385/75
f 764/866/75 665/670/80 1076/867/75
f 1076/867/75 275/674/75 765/868/75
f 523/385/75 765/868/75 138/386/75
f 140/869/75 1077/870/80 527/393/79
f 766/871/75 668/677/376 1077/870/80
f 1077/870/80 280/682/80 767/872/75
f 527/393/79 767/872/75 142/394/79
f 142/394/79 1078/873/80 530/399/80
f 767/872/75 672/684/75 1078/873/80
f 1078/873/80 278/688/75 768/874/75
f 530/399/80 768/874/75 141/400/75
f 144/875/71 1079/876/72 769/877/72
f 770/878/71 675/691/72 1079/876/72
f 1079/876/72 283/696/72 771/879/72
f 769/877/72 771/879/72 145/880/71
f 145/880/71 1080/881/71 772/882/72
f 771/879/72 679/698/73 1080/881/71
f 1080/881/71 281/702/73 773/883/72
f 772/882/72 773/883/72 143/884/71
f 146/885/73 1081/886/73 534/407/72
f 774/887/72 682/705/71 1081/886/73
f 1081/886/73 286/710/72 775/888/72
f 534/407/72 775/888/72 148/408/71
f 148/408/71 1082/889/72 537/413/72
f 775/888/72 686/712/85 1082/889/72
f 1082/889/72 284/716/72 776/890/72
f 537/413/72 776/890/72 147/414/83
f 149/478/382 1083/891/75 567/474/78
f 777/892/80 689/719/379 1083/891/75
f 1083/891/75 289/724/379 778/893/75
f 567/474/78 778/893/75 151/472/78
f 151/472/78 1084/894/75 563/467/79
f 778/893/75 693/726/80 1084/894/75
f 1084/894/75 287/730/75 779/895/75
f 563/467/79 779/895/75 150/465/75
f 152/896/75 1085/897/75 541/421/79
f 780/898/75 696/733/80 1085/897/75
f 1085/897/75 292/738/379 781/899/75
f 541/421/79 781/899/75 154/422/78
f 154/422/78 1086/900/75 544/427/79
f 781/899/75 700/740/379 1086/900/75
f 1086/900/75 290/478/383 782/901/75
f 544/427/79 782/901/75 153/428/75
f 155/454/72 1087/902/72 555/450/384
f 783/903/72 703/745/73 1087/902/72
f 1087/902/72 295/750/73 784/904/72
f 555/450/384 784/904/72 157/448/71
f 157/448/71 1088/905/71 551/443/72
f 784/904/72 707/752/72 1088/905/71
f 1088/905/71 293/756/377 785/906/71
f 551/443/72 785/906/71 156/441/84
f 116/814/219 1089/907/221 737/812/221
f 786/908/219 787/909/221 1089/907/221
f 1089/907/221 298/910/222 788/911/222
f 737/812/221 788/911/222 118/810/385
f 118/810/385 1090/912/386 734/807/387
f 788/911/222 789/913/388 1090/912/386
f 1090/912/386 297/914/389 790/915/389
f 734/807/387 790/915/389 117/805/224
f 98/766/204 1091/916/203 713/764/390
f 791/917/204 792/918/203 1091/916/203
f 1091/916/203 301/919/205 793/920/205
f 713/764/390 793/920/205 100/762/205
f 100/762/205 1092/921/206 710/759/206
f 793/920/205 794/922/206 1092/921/206
f 1092/921/206 300/923/207 795/924/207
f 710/759/206 795/924/207 99/757/207
f 110/798/213 1093/925/214 729/796/215
f 796/926/213 490/321/215 1093/925/214
f 1093/925/214 304/326/216 797/927/216
f 729/796/215 797/927/216 112/794/216
f 112/794/216 1094/928/217 726/791/391
f 797/927/216 494/328/217 1094/928/217
f 1094/928/217 302/332/218 798/929/218
f 726/791/391 798/929/218 111/789/218
f 131/852/392 1095/930/234 756/850/234
f 799/931/392 511/363/234 1095/930/234
f 1095/930/234 307/368/235 800/932/235
f 756/850/234 800/932/235 133/848/393
f 133/848/393 1096/933/237 753/845/237
f 800/932/235 515/370/237 1096/933/237
f 1096/933/237 305/374/239 801/934/239
f 753/845/237 801/934/239 132/843/238
f 134/862/240 1097/935/241 761/860/241
f 802/936/240 518/377/241 1097/935/241
f 1097/935/241 310/382/243 803/937/243
f 761/860/241 803/937/243 136/858/244
f 136/858/244 1098/938/245 758/855/245
f 803/937/243 522/384/245 1098/938/245
f 1098/938/245 308/388/246 804/939/246
f 758/855/245 804/939/246 135/853/246
f 122/830/225 1099/940/227 745/828/227
f 805/941/225 504/349/227 1099/940/227
f 1099/940/227 313/354/229 806/942/229
f 745/828/227 806/942/229 124/826/229
f 124/826/229 1100/943/231 742/823/231
f 806/942/229 508/356/231 1100/943/231
f 1100/943/231 311/360/232 807/944/232
f 742/823/231 807/944/232 123/821/232
f 143/884/247 1101/945/248 772/882/248
f 808/946/247 525/391/248 1101/945/248
f 1101/945/248 316/396/249 809/947/249
f 772/882/248 809/947/249 145/880/249
f 145/880/249 1102/948/251 769/877/251
f 809/947/249 529/398/251 1102/948/251
f 1102/948/251 314/402/253 810/949/253
f 769/877/251 810/949/253 144/875/253
f 167/950/394 1103/951/263 553/445/263
f 811/952/272 558/457/263 1103/951/263
f 1103/951/263 319/460/273 812/953/270
f 553/445/263 812/953/270 169/446/270
f 169/446/270 1104/954/395 556/451/266
f 812/953/270 561/462/266 1104/954/395
f 1104/954/395 317/464/261 813/955/261
f 556/451/266 813/955/261 168/452/261
f 173/956/274 1105/957/275 565/469/275
f 814/958/274 546/433/255 1105/957/275
f 1105/957/275 322/436/257 815/959/277
f 565/469/275 815/959/277 175/470/276
f 175/470/276 1106/960/278 568/475/278
f 815/959/277 549/438/259 1106/960/278
f 1106/960/278 320/440/268 816/961/268
f 568/475/278 816/961/268 174/476/268
f 104/782/208 1107/962/209 721/780/209
f 817/963/208 483/307/209 1107/962/209
f 1107/962/209 325/312/210 818/964/210
f 721/780/209 818/964/210 106/778/210
f 106/778/210 1108/965/211 718/775/211
f 818/964/210 487/314/211 1108/965/211
f 1108/965/211 323/318/212 819/966/212
f 718/775/211 819/966/212 105/773/212
f 296/967/219 1109/968/221 787/909/221
f 820/969/219 497/335/220 1109/968/221
f 1109/968/221 160/340/222 821/970/222
f 787/909/221 821/970/222 298/910/222
f 298/910/222 1110/971/386 789/913/388
f 821/970/222 501/342/223 1110/971/386
f 1110/971/386 159/346/224 822/972/389
f 789/913/388 822/972/389 297/914/389
f 299/973/202 1111/974/203 792/918/203
f 823/975/396 476/293/203 1111/974/203
f 1111/974/203 163/298/205 824/976/205
f 792/918/203 824/976/205 301/919/205
f 301/919/205 1112/977/206 794/922/206
f 824/976/205 480/300/206 1112/977/206
f 1112/977/206 161/304/207 825/978/207
f 794/922/206 825/978/207 300/923/207
f 300/923/207 1113/979/397 795/924/207
f 826/980/397 817/963/208 1113/979/397
f 1113/979/397 104/782/208 827/981/397
f 795/924/207 827/981/397 99/757/207
f 99/757/75 1114/982/75 711/760/75
f 827/981/75 722/781/75 1114/982/75
f 1114/982/75 242/520/75 828/983/75
f 711/760/75 828/983/75 237/479/75
f 98/766/204 1115/984/398 791/917/204
f 829/985/398 790/915/389 1115/984/398
f 1115/984/398 297/914/389 830/986/398
f 791/917/204 830/986/398 299/973/202
f 117/805/75 1116/987/75 735/808/75
f 829/985/75 714/765/75 1116/987/75
f 1116/987/75 236/492/75 831/988/75
f 735/808/75 831/988/75 255/563/75
f 162/291/202 1117/989/398 477/294/204
f 14/80/399 1117/989/398 832/990/400
f 13/74/401 1117/989/398 335/76/402
f 159/346/224 1117/989/398 833/991/401
f 120/344/224 1117/989/398 503/345/224
f 101/767/204 1117/989/398 834/992/398
f 102/302/207 1118/993/397 482/303/207
f 107/783/208 1118/993/397 835/994/397
f 324/305/208 1118/993/397 484/308/208
f 300/923/207 1118/993/397 826/980/397
f 161/304/207 1118/993/397 825/978/207
f 101/767/73 1119/995/71 715/769/72
f 834/992/377 741/820/73 1119/995/71
f 1119/995/71 257/590/71 836/996/72
f 715/769/72 836/996/72 240/493/71
f 107/783/73 1120/997/81 723/785/71
f 835/994/73 717/772/73 1120/997/81
f 1120/997/81 239/506/71 837/998/71
f 723/785/71 837/998/71 246/521/72
f 105/773/75 1121/999/75 719/776/75
f 838/1000/75 730/797/75 1121/999/75
f 1121/999/75 248/548/75 839/1001/75
f 719/776/75 839/1001/75 243/507/75
f 323/318/212 1122/1002/403 819/966/212
f 840/1003/403 796/926/213 1122/1002/403
f 1122/1002/403 110/798/213 838/1000/403
f 819/966/212 838/1000/403 105/773/212
f 108/316/212 1123/1004/403 489/317/212
f 841/1005/403 491/322/213 1123/1004/403
f 1123/1004/403 303/319/213 840/1003/403
f 489/317/212 840/1003/403 323/318/212
f 113/799/377 1124/1006/73 731/801/72
f 841/1005/72 725/788/72 1124/1006/73
f 1124/1006/73 245/534/72 842/1007/73
f 731/801/72 842/1007/73 252/549/73
f 111/789/75 1125/1008/75 727/792/75
f 843/1009/79 378/129/75 1125/1008/75
f 1125/1008/75 45/52/80 844/1010/80
f 727/792/75 844/1010/80 249/535/75
f 302/332/218 1126/1011/404 798/929/218
f 845/1012/404 448/267/9 1126/1011/404
f 1126/1011/404 8/127/7 843/1009/404
f 798/929/218 843/1009/404 111/789/218
f 114/330/218 1127/1013/404 496/331/218
f 846/1014/404 330/11/9 1127/1013/404
f 1127/1013/404 87/16/9 845/1012/404
f 496/331/218 845/1012/404 302/332/218
f 7/9/73 1128/1015/71 377/136/72
f 846/1014/73 733/804/72 1128/1015/71
f 1128/1015/71 251/562/73 847/1016/405
f 377/136/72 847/1016/405 44/137/72
f 116/814/219 1129/1017/406 786/908/219
f 848/1018/406 807/944/232 1129/1017/406
f 1129/1017/406 311/360/232 849/1019/406
f 786/908/219 849/1019/406 296/967/219
f 123/821/75 1130/1020/75 743/824/75
f 848/1018/75 738/813/75 1130/1020/75
f 1130/1020/75 254/576/75 850/1021/75
f 743/824/75 850/1021/75 261/591/75
f 296/967/219 1131/1022/406 820/969/219
f 311/360/232 1131/1022/406 849/1019/406
f 126/358/232 1131/1022/406 510/359/232
f 119/815/219 1131/1022/406 851/1023/406
f 158/333/219 1131/1022/406 498/336/219
f 119/815/81 1132/1024/72 739/817/72
f 851/1023/81 749/836/71 1132/1024/72
f 1132/1024/72 263/618/377 852/1025/71
f 739/817/72 852/1025/71 258/577/71
f 122/830/225 1133/1026/407 805/941/225
f 853/1027/407 328/1028/408 1133/1026/407
f 1133/1026/407 82/1029/408 854/1030/407
f 805/941/225 854/1030/407 312/347/225
f 5/1031/75 1134/1032/75 375/1033/75
f 853/1027/75 746/829/75 1134/1032/75
f 1134/1032/75 260/604/75 855/1034/75
f 375/1033/75 855/1034/75 42/1035/75
f 312/347/225 1135/1036/407 505/350/225
f 854/1030/407 443/1037/408 1135/1036/407
f 1135/1036/407 6/1038/408 856/1039/407
f 505/350/225 856/1039/407 125/831/409
f 125/831/72 1136/1040/72 747/833/72
f 856/1039/73 376/1041/73 1136/1040/72
f 1136/1040/72 43/1042/73 857/1043/71
f 747/833/72 857/1043/71 264/605/377
f 137/863/382 1137/1044/75 763/865/75
f 858/1045/75 752/842/75 1137/1044/75
f 1137/1044/75 266/632/75 859/1046/75
f 763/865/75 859/1046/75 276/661/75
f 129/372/238 1138/1047/410 517/373/238
f 858/1045/411 519/378/242 1138/1047/410
f 1138/1047/410 309/375/240 860/1048/410
f 517/373/238 860/1048/410 305/374/239
f 5/1031/408 1139/1049/412 328/1028/408
f 861/1050/412 512/364/233 1139/1049/412
f 1139/1049/412 306/361/233 862/1051/412
f 328/1028/408 862/1051/412 82/1029/408
f 128/837/75 1140/1052/75 750/839/75
f 861/1050/79 375/1033/75 1140/1052/75
f 1140/1052/75 42/1035/75 863/1053/80
f 750/839/75 863/1053/80 267/619/75
f 82/1029/408 1141/1054/412 443/1037/408
f 862/1051/412 799/931/392 1141/1054/412
f 1141/1054/412 131/852/392 864/1055/412
f 443/1037/408 864/1055/412 6/1038/408
f 132/843/72 1142/1056/72 754/846/72
f 865/1057/73 762/861/72 1142/1056/72
f 1142/1056/72 272/660/72 866/1058/72
f 754/846/72 866/1058/72 270/633/72
f 6/1038/73 1143/1059/73 376/1041/73
f 864/1055/72 757/851/71 1143/1059/73
f 1143/1059/73 269/646/72 867/1060/73
f 376/1041/73 867/1060/73 43/1042/73
f 305/374/239 1144/1061/410 801/934/239
f 860/1048/410 802/936/240 1144/1061/410
f 1144/1061/410 134/862/240 865/1057/411
f 801/934/239 865/1057/411 132/843/238
f 135/853/73 1145/1062/72 759/856/72
f 868/1063/72 773/883/72 1145/1062/72
f 1145/1062/72 281/702/73 869/1064/72
f 759/856/72 869/1064/72 273/647/72
f 308/388/246 1146/1065/413 804/939/246
f 870/1066/413 808/946/247 1146/1065/413
f 1146/1065/413 143/884/247 868/1063/413
f 804/939/246 868/1063/413 135/853/246
f 138/386/246 1147/1067/413 524/387/246
f 871/1068/413 526/392/247 1147/1067/413
f 1147/1067/413 315/389/247 870/1066/413
f 524/387/246 870/1066/413 308/388/246
f 140/869/75 1148/1069/75 766/871/75
f 871/1068/75 765/868/75 1148/1069/75
f 1148/1069/75 275/674/75 872/1070/75
f 766/871/75 872/1070/75 279/675/75
f 141/400/252 1149/1071/414 531/401/252
f 873/1072/414 449/3/1 1149/1071/414
f 1149/1071/414 88/8/6 874/1073/414
f 531/401/252 874/1073/414 314/402/253
f 17/1/75 1150/1074/75 382/125/75
f 873/1072/79 768/874/75 1150/1074/75
f 1150/1074/75 278/688/75 875/1075/80
f 382/125/75 875/1075/80 49/126/75
f 144/875/71 1151/1076/73 770/878/71
f 876/1077/73 381/140/83 1151/1076/73
f 1151/1076/73 48/36/73 877/1078/73
f 770/878/71 877/1078/73 282/689/72
f 314/402/253 1152/1079/414 810/949/253
f 874/1073/414 339/265/1 1152/1079/414
f 1152/1079/414 16/138/1 876/1077/414
f 810/949/253 876/1077/414 144/875/253
f 155/454/72 1153/1080/72 783/903/72
f 878/903/71 776/890/72 1153/1080/72
f 1153/1080/72 284/716/72 879/1081/73
f 783/903/72 879/1081/73 294/414/415
f 147/414/260 1154/1082/416 538/415/260
f 878/903/417 557/453/261 1154/1082/416
f 1154/1082/416 168/452/261 880/1083/418
f 538/415/260 880/1083/418 164/416/261
f 10/133/419 1155/1084/420 452/13/11
f 146/885/254 1155/1084/420 881/1085/421
f 165/403/254 1155/1084/420 533/406/256
f 321/431/267 1155/1084/420 547/434/256
f 91/14/12 1155/1084/420 882/1086/422
f 146/885/73 1156/1087/72 774/887/72
f 881/1085/71 380/135/73 1156/1087/72
f 1156/1087/72 47/44/73 883/1088/73
f 774/887/72 883/1088/73 285/703/73
f 91/14/12 1157/1089/423 332/268/181
f 321/431/267 1157/1089/423 882/1086/422
f 173/956/274 1157/1089/423 814/958/274
f 150/465/274 1157/1089/423 564/468/274
f 9/269/182 1157/1089/423 884/1090/424
f 149/478/382 1158/1091/75 777/892/80
f 885/901/75 782/901/75 1158/1091/75
f 1158/1091/75 290/478/383 886/892/75
f 777/892/80 886/892/75 288/717/75
f 174/476/268 1159/1092/416 569/477/260
f 887/1093/418 545/429/261 1159/1092/416
f 1159/1092/416 153/428/261 885/901/417
f 569/477/260 885/901/417 149/478/260
f 9/269/79 1160/1094/80 379/131/75
f 884/1090/75 779/895/75 1160/1094/80
f 1160/1094/80 287/730/75 888/1095/80
f 379/131/75 888/1095/80 46/132/80
f 152/896/264 1161/1096/18 889/1097/18
f 540/420/264 890/1098/18 1161/1096/18
f 1161/1096/18 20/249/19 345/248/19
f 889/1097/18 345/248/19 1/104/19
f 152/896/75 1162/1099/75 780/898/75
f 889/1097/79 371/106/75 1162/1099/75
f 1162/1099/75 38/112/75 891/1100/80
f 780/898/75 891/1100/80 291/731/75
f 156/441/269 1163/1101/18 552/444/269
f 892/1102/425 337/29/19 1163/1101/18
f 1163/1101/18 15/25/18 893/1103/18
f 552/444/269 893/1103/18 167/950/394
f 2/28/82 1164/1104/71 372/280/81
f 892/1102/72 785/906/71 1164/1104/71
f 1164/1104/71 293/756/377 894/1105/377
f 372/280/81 894/1105/377 39/281/405
f 159/346/224 1165/1106/402 822/972/389
f 833/991/401 334/70/426 1165/1106/402
f 1165/1106/402 12/68/427 895/1107/402
f 822/972/389 895/1107/402 297/914/389
f 299/973/202 1166/1108/428 823/975/396
f 896/1109/429 336/82/430 1166/1108/428
f 1166/1108/428 14/80/399 832/990/400
f 823/975/396 832/990/400 162/291/202
f 164/416/261 1167/1110/416 550/439/260
f 880/1083/418 813/955/261 1167/1110/416
f 1167/1110/416 317/464/261 897/1111/416
f 550/439/260 897/1111/416 320/440/268
f 320/440/268 1168/1112/416 816/961/268
f 897/1111/416 562/463/261 1168/1112/416
f 1168/1112/416 170/430/261 887/1093/418
f 816/961/268 887/1093/418 174/476/268
f 237/479/280 1169/1113/431 571/482/280
f 828/983/432 590/519/290 1169/1113/431
f 1169/1113/431 182/518/290 898/1114/433
f 571/482/280 898/1114/433 177/1115/280
f 255/563/315 1170/1116/434 613/566/315
f 831/988/434 576/491/284 1170/1116/434
f 1170/1116/434 176/490/284 899/1117/434
f 613/566/315 899/1117/434 195/1118/315
f 246/521/291 1171/1119/432 592/524/291
f 837/998/435 583/505/280 1171/1119/432
f 1171/1119/432 179/504/280 900/1120/432
f 592/524/291 900/1120/432 186/1121/291
f 240/493/284 1172/1122/434 578/496/284
f 836/996/434 625/589/315 1172/1122/434
f 1172/1122/434 197/588/315 901/1123/434
f 578/496/284 901/1123/434 180/1124/284
f 243/507/286 1173/1125/436 585/510/286
f 839/1001/437 604/547/305 1173/1125/436
f 1173/1125/436 188/546/304 902/1126/438
f 585/510/286 902/1126/438 183/1127/286
f 252/549/304 1174/1128/438 606/552/305
f 842/1007/436 597/533/286 1174/1128/438
f 1174/1128/438 185/532/293 903/1129/439
f 606/552/305 903/1129/439 192/1130/440
f 249/535/294 1175/1131/441 599/538/297
f 844/1010/441 361/54/31 1175/1131/441
f 1175/1131/441 28/59/31 904/1132/441
f 599/538/297 904/1132/441 189/1133/442
f 44/137/29 1176/1134/441 360/48/29
f 847/1016/443 611/561/297 1176/1134/441
f 1176/1134/441 191/560/297 905/1135/444
f 360/48/29 905/1135/444 27/49/30
f 261/591/322 1177/1136/445 627/594/322
f 850/1021/445 618/575/319 1177/1136/445
f 1177/1136/445 194/574/319 906/1137/445
f 627/594/322 906/1137/445 201/1138/322
f 258/577/319 1178/1139/445 620/580/319
f 852/1025/446 639/617/322 1178/1139/445
f 1178/1139/445 203/616/322 907/1140/445
f 620/580/319 907/1140/445 198/1141/319
f 42/1035/447 1179/1142/448 358/1143/447
f 855/1034/448 632/603/326 1179/1142/448
f 1179/1142/448 200/602/326 908/1144/448
f 358/1143/447 908/1144/448 25/1145/447
f 264/605/327 1180/1146/448 634/608/327
f 857/1043/448 359/1147/449 1180/1146/448
f 1180/1146/448 26/1148/447 909/1149/448
f 634/608/327 909/1149/448 204/1150/327
f 276/661/345 1181/1151/450 662/664/345
f 859/1046/450 646/631/337 1181/1151/450
f 1181/1151/450 206/630/337 910/1152/450
f 662/664/345 910/1152/450 216/1153/451
f 267/619/331 1182/1154/452 641/622/331
f 863/1053/452 358/1143/447 1182/1154/452
f 1182/1154/452 25/1145/447 911/1155/452
f 641/622/331 911/1155/452 207/1156/331
f 43/1042/447 1183/1157/452 359/1147/449
f 867/1060/452 653/645/331 1183/1157/452
f 1183/1157/452 209/644/331 912/1158/452
f 359/1147/449 912/1158/452 26/1148/447
f 270/633/338 1184/1159/450 648/636/338
f 866/1058/453 660/659/345 1184/1159/450
f 1184/1159/450 212/658/345 913/1160/450
f 648/636/338 913/1160/450 210/1161/338
f 273/647/339 1185/1162/454 655/650/339
f 869/1064/454 681/701/348 1185/1162/454
f 1185/1162/454 221/700/348 914/1163/454
f 655/650/339 914/1163/454 213/1164/339
f 279/675/348 1186/1165/454 669/678/348
f 872/1070/454 667/673/339 1186/1165/454
f 1186/1165/454 215/672/339 915/1166/454
f 669/678/348 915/1166/454 219/1167/348
f 49/126/57 1187/1168/455 369/88/57
f 875/1075/455 674/687/353 1187/1168/455
f 1187/1168/455 218/686/353 916/1169/455
f 369/88/57 916/1169/455 36/89/57
f 282/689/353 1188/1170/455 676/692/353
f 877/1078/455 368/38/22 1188/1170/455
f 1188/1170/455 35/43/22 917/1171/455
f 676/692/353 917/1171/455 222/1172/353
f 294/414/359 1189/1173/456 704/746/372
f 879/1081/456 688/715/360 1189/1173/456
f 1189/1173/456 224/714/359 918/1174/456
f 704/746/372 918/1174/456 234/1175/457
f 285/703/354 1190/1176/458 683/706/354
f 883/1088/458 363/46/27 1190/1176/458
f 1190/1176/458 30/51/27 919/1177/458
f 683/706/354 919/1177/458 225/1178/354
f 46/132/27 1191/1179/458 362/56/27
f 888/1095/458 695/729/365 1191/1179/458
f 1191/1179/458 227/728/365 920/1180/458
f 362/56/27 920/1180/458 29/57/27
f 288/717/361 1192/1181/459 690/720/361
f 886/892/459 702/743/359 1192/1181/459
f 1192/1181/459 230/742/359 921/1182/460
f 690/720/361 921/1182/460 228/1183/361
f 291/731/366 1193/1184/461 697/734/366
f 38/112/185 1193/1184/461 891/1100/185
f 95/110/184 1193/1184/461 384/113/185
f 21/282/189 1193/1184/461 471/285/190
f 231/1185/366 1193/1184/461 922/1186/461
f 39/281/184 1194/1187/185 466/279/184
f 293/756/375 1194/1187/185 894/1105/185
f 233/754/375 1194/1187/185 709/755/375
f 22/276/188 1194/1187/185 923/1188/187
f 93/243/184 1194/1187/185 468/275/187
f 299/973/202 1195/1189/462 896/1109/429
f 830/986/398 895/1107/402 1195/1189/462
f 1195/1189/462 12/68/427 333/63/463
f 896/1109/429 333/63/463 11/60/464
f 1212/1190/465 2119/1191/466 1533/1192/467
f 1533/1192/467 1522/1193/468 1198/1194/469
f 2119/1191/466 1284/1195/470 1522/1193/468
f 1644/1196/471 1656/1197/472 2119/1191/466
f 1202/1198/31 2120/1199/473 1524/1200/474
f 1524/1200/474 1647/1201/475 1205/1202/476
f 2120/1199/473 1286/1203/477 1647/1201/475
f 1525/1204/478 1657/1205/479 2120/1199/473
f 1199/1206/480 2121/1207/481 1645/1208/482
f 1645/1208/482 1660/1209/483 1284/1195/470
f 2121/1207/481 1285/1210/484 1660/1209/483
f 1537/1211/485 1646/1212/486 2121/1207/481
f 1210/1213/184 2122/1214/185 1532/1215/184
f 1197/1216/184 2122/1214/185 1539/1217/184
f 1289/1218/185 2122/1214/185 1662/1219/186
f 1279/1220/186 2122/1214/185 1651/1221/185
f 1273/1222/184 2122/1214/185 1634/1223/184
f 1243/1224/487 2123/1225/488 1584/1226/489
f 1584/1226/489 1552/1227/490 1236/1228/491
f 2123/1225/488 1219/1229/492 1552/1227/490
f 1563/1230/493 1541/1231/494 2123/1225/488
f 1242/1232/495 2124/1233/496 1583/1234/497
f 1583/1234/497 1555/1235/498 1239/1236/499
f 2124/1233/496 1222/1237/500 1555/1235/498
f 1558/1238/501 1542/1239/502 2124/1233/496
f 1240/1240/503 2125/1241/504 1582/1242/505
f 1582/1242/505 1557/1243/506 1241/1244/507
f 2125/1241/504 1224/1245/508 1557/1243/506
f 1556/1246/509 1543/1247/183 2125/1241/504
f 1206/1248/510 2126/1249/511 1528/1250/512
f 1528/1250/512 1560/1251/513 1207/1252/514
f 2126/1249/511 1227/1253/515 1560/1251/513
f 1559/1254/516 1544/1255/517 2126/1249/511
f 1207/1252/514 2127/1256/518 1529/1257/519
f 1529/1257/519 1561/1258/520 1208/1259/521
f 2127/1256/518 1228/1260/522 1561/1258/520
f 1560/1251/513 1545/1261/523 2127/1256/518
f 1208/1259/521 2128/1262/524 1530/1263/525
f 1530/1263/525 1562/1264/526 1209/1265/527
f 2128/1262/524 1229/1266/528 1562/1264/526
f 1561/1258/520 1546/1267/529 2128/1262/524
f 1209/1265/527 2129/1268/530 1531/1269/531
f 1531/1269/531 1559/1254/516 1206/1248/510
f 2129/1268/530 1226/1270/532 1559/1254/516
f 1562/1264/526 1547/1271/533 2129/1268/530
f 1235/1272/534 2130/1273/535 1581/1274/536
f 1581/1274/536 1564/1275/537 1244/1276/538
f 2130/1273/535 1231/1277/539 1564/1275/537
f 1551/1278/540 1548/1279/541 2130/1273/535
f 1258/1280/542 2131/1281/543 1628/1282/544
f 1628/1282/544 1551/1278/540 1235/1272/534
f 2131/1281/543 1218/1283/545 1551/1278/540
f 1617/1284/546 1626/1285/547 2131/1281/543
f 1236/1228/491 2132/1286/548 1580/1287/549
f 1580/1287/549 1565/1288/550 1245/1289/551
f 2132/1286/548 1232/1290/552 1565/1288/550
f 1552/1227/490 1549/1291/547 2132/1286/548
f 1196/1292/553 2133/1293/554 1640/1294/555
f 1279/1220/556 2133/1293/554 1649/1295/555
f 1287/1296/557 2133/1293/554 1665/1297/558
f 1290/1298/559 2133/1293/554 1579/1299/554
f 1233/1300/558 2133/1293/554 1566/1301/555
f 1199/1206/560 2134/1302/561 1537/1211/562
f 1537/1211/562 1578/1303/563 1214/1304/564
f 2134/1302/561 1245/1289/565 1578/1303/563
f 1569/1305/566 1580/1287/567 2134/1302/561
f 1213/1306/568 2135/1307/569 1536/1308/570
f 1536/1308/570 1568/1309/571 1198/1194/572
f 2135/1307/569 1235/1272/573 1568/1309/571
f 1627/1310/574 1628/1282/575 2135/1307/569
f 1198/1194/572 2136/1311/576 1533/1192/577
f 1533/1192/577 1577/1312/578 1212/1190/579
f 2136/1311/576 1244/1276/580 1577/1312/578
f 1568/1309/571 1581/1274/581 2136/1311/576
f 1203/1313/582 2137/1314/583 1526/1315/584
f 1526/1315/584 1574/1316/585 1204/1317/586
f 2137/1314/583 1241/1244/587 1574/1316/585
f 1573/1318/588 1582/1242/589 2137/1314/583
f 1205/1202/590 2138/1319/591 1524/1200/592
f 1524/1200/592 1572/1320/593 1202/1198/594
f 2138/1319/591 1239/1236/595 1572/1320/593
f 1575/1321/590 1583/1234/596 2138/1319/591
f 1211/1322/597 2139/1323/598 1521/1324/599
f 1521/1324/599 1569/1305/566 1199/1206/560
f 2139/1323/598 1236/1228/600 1569/1305/566
f 1576/1325/601 1584/1226/602 2139/1323/598
f 1251/1326/603 2140/1327/604 1588/1328/605
f 1588/1328/605 1635/1329/606 1246/1330/607
f 2140/1327/604 1274/1331/608 1635/1329/606
f 1622/1332/609 1658/1333/604 2140/1327/604
f 1213/1306/610 2141/1334/611 1630/1335/612
f 1630/1335/612 1621/1336/613 1249/1337/614
f 2141/1334/611 1276/1338/615 1621/1336/613
f 1535/1339/616 1650/1340/617 2141/1334/611
f 1252/1341/618 2142/1342/619 1589/1343/620
f 1589/1343/620 1622/1332/609 1251/1326/603
f 2142/1342/619 1278/1344/609 1622/1332/609
f 1623/1345/621 1653/1346/619 2142/1342/619
f 1249/1337/614 2143/1347/622 1586/1348/623
f 1586/1348/623 1623/1345/621 1252/1341/618
f 2143/1347/622 1280/1349/624 1623/1345/621
f 1621/1336/613 1655/1350/625 2143/1347/622
f 1247/1351/626 2144/1352/627 1599/1353/628
f 1599/1353/628 1591/1354/629 1255/1355/630
f 2144/1352/627 1259/1356/631 1591/1354/629
f 1585/1357/632 1602/1358/633 2144/1352/627
f 1248/1359/634 2145/1360/635 1600/1361/636
f 1600/1361/636 1631/1362/637 1256/1363/638
f 2145/1360/635 1245/1289/565 1631/1362/637
f 1629/1364/639 1578/1303/563 2145/1360/635
f 1249/1337/640 2146/1365/641 1601/1366/642
f 1601/1366/642 1592/1367/643 1257/1368/644
f 2146/1365/641 1261/1369/645 1592/1367/643
f 1586/1348/646 1604/1370/647 2146/1365/641
f 1213/1306/568 2147/1371/648 1627/1310/574
f 1627/1310/574 1593/1372/649 1258/1280/650
f 2147/1371/648 1257/1368/644 1593/1372/649
f 1630/1335/651 1601/1366/642 2147/1371/648
f 1250/1373/652 2148/1374/80 1602/1358/633
f 1602/1358/633 1594/1375/653 1259/1356/631
f 2148/1374/80 1262/1376/654 1594/1375/653
f 1587/1377/655 1605/1378/656 2148/1374/80
f 1251/1326/657 2149/1379/658 1603/1380/659
f 1603/1380/659 1595/1381/660 1260/1382/661
f 2149/1379/658 1254/1383/662 1595/1381/660
f 1588/1328/663 1598/1384/664 2149/1379/658
f 1252/1341/665 2150/1385/666 1604/1370/647
f 1604/1370/647 1596/1386/667 1261/1369/645
f 2150/1385/666 1260/1382/661 1596/1386/667
f 1589/1343/668 1603/1380/659 2150/1385/666
f 1253/1387/669 2151/1388/670 1605/1378/656
f 1605/1378/656 1597/1389/671 1262/1376/654
f 2151/1388/670 1256/1363/638 1597/1389/671
f 1590/1390/672 1600/1361/636 2151/1388/670
f 1259/1356/673 2152/1391/674 1610/1392/675
f 1610/1392/675 1607/1393/676 1265/1394/677
f 2152/1391/674 1266/1395/678 1607/1393/676
f 1594/1375/679 1609/1396/680 2152/1391/674
f 1262/1376/681 2153/1397/682 1609/1396/680
f 1609/1396/680 1608/1398/683 1266/1395/678
f 2153/1397/682 1264/1399/684 1608/1398/683
f 1597/1389/685 1611/1400/686 2153/1397/682
f 1256/1363/687 2154/1401/688 1611/1400/686
f 1611/1400/686 1632/1402/689 1264/1399/684
f 2154/1401/688 1232/1290/552 1632/1402/689
f 1631/1362/690 1565/1288/550 2154/1401/688
f 1258/1280/542 2155/1403/691 1617/1284/546
f 1617/1284/546 1613/1404/692 1269/1405/693
f 2155/1403/691 1268/1406/694 1613/1404/692
f 1593/1372/695 1616/1407/696 2155/1403/691
f 1261/1369/697 2156/1408/698 1619/1409/699
f 1619/1409/699 1615/1410/700 1271/1411/701
f 2156/1408/698 1270/1412/702 1615/1410/700
f 1596/1386/703 1618/1413/704 2156/1408/698
f 1257/1368/705 2157/1414/706 1616/1407/696
f 1616/1407/696 1612/1415/707 1268/1406/694
f 2157/1414/706 1271/1411/701 1612/1415/707
f 1592/1367/708 1619/1409/699 2157/1414/706
f 1246/1330/709 2158/1416/710 1598/1384/711
f 1254/1383/712 2158/1416/710 1667/1417/712
f 1291/1418/713 2158/1416/710 1633/1419/714
f 1272/1420/715 2158/1416/710 1652/1421/716
f 1274/1331/714 2158/1416/710 1635/1329/714
f 1267/1422/717 2159/1423/718 1624/1424/719
f 1624/1424/719 1654/1425/718 1281/1426/719
f 2159/1423/718 1272/1420/720 1654/1425/718
f 1668/1427/721 1633/1419/722 2159/1423/718
f 1287/1296/557 2160/1428/558 1649/1295/555
f 1649/1295/555 1662/1219/559 1279/1220/556
f 2160/1428/558 1289/1218/556 1662/1219/559
f 1648/1429/723 1664/1430/558 2160/1428/558
f 1285/1210/484 2161/1431/724 1650/1340/617
f 1650/1340/617 1637/1432/615 1276/1338/615
f 2161/1431/724 1248/1359/725 1637/1432/615
f 1646/1212/486 1629/1364/726 2161/1431/724
f 1273/1222/184 2162/1433/185 1651/1221/185
f 1651/1221/185 1640/1294/184 1279/1220/186
f 2162/1433/185 1196/1292/184 1640/1294/184
f 1538/1434/185 1540/1435/184 2162/1433/185
f 1274/1331/714 2163/1436/727 1652/1421/716
f 1272/1420/715 2163/1436/727 1669/1437/716
f 1292/1438/728 2163/1436/727 1625/1439/727
f 1255/1355/727 2163/1436/727 1599/1353/729
f 1247/1351/712 2163/1436/727 1620/1440/730
f 1280/1349/624 2164/1441/619 1653/1346/619
f 1653/1346/619 1639/1442/609 1278/1344/609
f 2164/1441/619 1250/1373/609 1639/1442/609
f 1641/1443/731 1587/1377/619 2164/1441/619
f 1272/1420/720 2165/1444/718 1654/1425/718
f 1654/1425/718 1642/1445/719 1281/1426/719
f 2165/1444/718 1263/1446/732 1642/1445/719
f 1669/1437/722 1670/1447/733 2165/1444/718
f 1276/1338/615 2166/1448/156 1655/1350/625
f 1655/1350/625 1641/1443/731 1280/1349/624
f 2166/1448/156 1253/1387/734 1641/1443/731
f 1637/1432/615 1590/1390/735 2166/1448/156
f 1283/1449/736 2167/1450/737 1656/1197/472
f 1656/1197/472 1645/1208/482 1284/1195/470
f 2167/1450/737 1199/1206/480 1645/1208/482
f 1534/1451/738 1521/1324/739 2167/1450/737
f 1282/1452/478 2168/1453/740 1657/1205/479
f 1657/1205/479 1527/1454/741 1286/1203/477
f 2168/1453/740 1204/1317/742 1527/1454/741
f 1643/1455/478 1526/1315/743 2168/1453/740
f 1278/1344/609 2169/1456/604 1658/1333/604
f 1658/1333/604 1620/1440/608 1274/1331/608
f 2169/1456/604 1247/1351/606 1620/1440/608
f 1639/1442/609 1585/1357/604 2169/1456/604
f 1275/1457/19 2170/1458/18 1659/1459/19
f 1659/1459/19 1648/1429/19 1287/1296/19
f 2170/1458/18 1288/1460/744 1648/1429/19
f 1550/1461/20 1663/1462/745 2170/1458/18
f 1285/1210/484 2171/1463/481 1660/1209/483
f 1660/1209/483 1522/1193/468 1284/1195/470
f 2171/1463/481 1198/1194/469 1522/1193/468
f 1535/1339/616 1536/1308/746 2171/1463/481
f 1288/1460/723 2172/1464/747 1664/1430/558
f 1664/1430/558 1539/1217/556 1289/1218/556
f 2172/1464/747 1197/1216/748 1539/1217/556
f 1661/1465/749 1567/1466/750 2172/1464/747
f 1216/1467/19 2173/1468/19 1666/1469/19
f 1666/1469/19 1665/1297/19 1290/1298/19
f 2173/1468/19 1287/1296/19 1665/1297/19
f 1636/1470/19 1659/1459/19 2173/1468/19
f 1260/1382/751 2174/1471/752 1618/1413/704
f 1270/1412/702 2174/1471/752 1614/1472/753
f 1267/1422/717 2174/1471/752 1668/1427/721
f 1291/1418/754 2174/1471/752 1667/1417/755
f 1254/1383/756 2174/1471/752 1595/1381/757
f 1263/1446/732 2175/1473/758 1606/1474/759
f 1265/1394/677 2175/1473/758 1610/1392/675
f 1259/1356/673 2175/1473/758 1591/1354/760
f 1255/1355/761 2175/1473/758 1625/1439/762
f 1292/1438/763 2175/1473/758 1670/1447/733
f 1357/1475/764 2176/1476/765 1672/1477/284
f 1672/1477/284 1673/1478/766 1296/1479/284
f 2176/1476/765 1298/1480/767 1673/1478/766
f 1671/1481/765 1674/1482/767 2176/1476/765
f 1358/1483/767 2177/1484/768 1674/1482/767
f 1674/1482/767 1676/1485/769 1298/1480/767
f 2177/1484/768 1297/1486/770 1676/1485/769
f 1675/1487/768 1677/1488/771 2177/1484/768
f 1519/1489/772 2178/1490/773 1679/1491/772
f 1679/1491/772 1680/1492/774 1302/1493/775
f 2178/1490/773 1304/1494/288 1680/1492/774
f 1678/1495/773 1681/311/288 2178/1490/773
f 1520/312/288 2179/1496/776 1681/311/288
f 1681/311/288 1683/1497/777 1304/1494/288
f 2179/1496/776 1303/1498/778 1683/1497/777
f 1682/1499/776 1684/1500/779 2179/1496/776
f 1498/1501/780 2180/1502/781 1686/1503/782
f 1686/1503/782 1687/1504/783 1308/1505/784
f 2180/1502/781 1310/1506/785 1687/1504/783
f 1685/1507/786 1688/1508/785 2180/1502/781
f 1499/1509/785 2181/1510/787 1688/1508/785
f 1688/1508/785 1690/1511/788 1310/1506/785
f 2181/1510/787 1309/1512/789 1690/1511/788
f 1689/1513/787 1691/1514/789 2181/1510/787
f 1353/1515/319 2182/1516/790 1693/1517/791
f 1693/1517/791 1694/1518/792 1314/1519/793
f 2182/1516/790 1316/1520/794 1694/1518/792
f 1692/1521/318 1695/1522/317 2182/1516/790
f 1355/1523/317 2183/1524/795 1695/1522/317
f 1695/1522/317 1697/1525/796 1316/1520/794
f 2183/1524/795 1315/1526/797 1697/1525/796
f 1696/1527/321 1698/1528/798 2183/1524/795
f 1507/1529/326 2184/1530/799 1700/1531/327
f 1700/1531/327 1701/1532/800 1320/1533/801
f 2184/1530/799 1322/1534/329 1701/1532/800
f 1699/1535/325 1702/1536/329 2184/1530/799
f 1508/1537/324 2185/1538/323 1702/1536/329
f 1702/1536/329 1704/1539/802 1322/1534/329
f 2185/1538/323 1321/1540/803 1704/1539/802
f 1703/1541/323 1705/1542/322 2185/1538/323
f 1501/1543/331 2186/1544/804 1707/1545/805
f 1707/1545/805 1708/1546/806 1323/1547/807
f 2186/1544/804 1325/1548/808 1708/1546/806
f 1706/1549/332 1709/1550/333 2186/1544/804
f 1502/1551/333 2187/1552/809 1709/1550/333
f 1709/1550/333 1711/1553/810 1325/1548/808
f 2187/1552/809 1324/1554/811 1711/1553/810
f 1710/1555/335 1712/1556/812 2187/1552/809
f 1504/1557/345 2188/1558/813 1714/1559/337
f 1714/1559/337 1715/1560/814 1332/1561/815
f 2188/1558/813 1334/1562/816 1715/1560/814
f 1713/1563/344 1716/1564/341 2188/1558/813
f 1505/1565/341 2189/1566/817 1716/1564/341
f 1716/1564/341 1718/1567/818 1334/1562/816
f 2189/1566/817 1333/1568/819 1718/1567/818
f 1717/1569/347 1719/1570/820 2189/1566/817
f 1510/1571/348 2190/1572/349 1721/1573/348
f 1721/1573/348 1722/1574/821 1335/1575/822
f 2190/1572/349 1337/1576/350 1722/1574/821
f 1720/1577/349 1723/1578/350 2190/1572/349
f 1511/1579/823 2191/1580/824 1723/1578/350
f 1723/1578/350 1725/1581/825 1337/1576/350
f 2191/1580/824 1336/1582/826 1725/1581/825
f 1724/1583/351 1726/1584/827 2191/1580/824
f 1360/1585/354 2192/1586/828 1728/1587/829
f 1728/1587/829 1729/1588/830 1341/1589/831
f 2192/1586/828 1343/1590/832 1729/1588/830
f 1727/1591/833 1730/1592/834 2192/1586/828
f 1361/1593/835 2193/1594/836 1730/1592/834
f 1730/1592/834 1732/1595/837 1343/1590/832
f 2193/1594/836 1342/1596/838 1732/1595/837
f 1731/1597/839 1733/1598/840 2193/1594/836
f 1366/1599/841 2194/1600/842 1735/1601/843
f 1735/1601/843 1736/1602/844 1347/1603/845
f 2194/1600/842 1349/1604/846 1736/1602/844
f 1734/1605/367 1737/1606/847 2194/1600/842
f 1367/1607/848 2195/1608/849 1737/1606/847
f 1737/1606/847 1739/1609/850 1349/1604/846
f 2195/1608/849 1348/1610/851 1739/1609/850
f 1738/1611/852 1740/1612/853 2195/1608/849
f 1516/1613/365 2196/1614/833 1742/1615/354
f 1742/1615/354 1727/1591/833 1360/1585/354
f 2196/1614/833 1361/1593/835 1727/1591/833
f 1741/1616/833 1743/1617/363 2196/1614/833
f 1517/1618/363 2197/1619/358 1743/1617/363
f 1743/1617/363 1731/1597/839 1361/1593/835
f 2197/1619/358 1359/1620/359 1731/1597/839
f 1744/1621/358 1745/1622/361 2197/1619/358
f 1351/1623/854 2198/1624/855 1747/1625/856
f 1747/1625/856 1748/1626/857 1362/1627/841
f 2198/1624/855 1364/1628/848 1748/1626/857
f 1746/1629/858 1749/1630/859 2198/1624/855
f 1352/1631/860 2199/1632/861 1749/1630/859
f 1749/1630/859 1751/1633/370 1364/1628/848
f 2199/1632/861 1363/1634/359 1751/1633/370
f 1750/1635/862 1752/1636/863 2199/1632/861
f 1513/1637/864 2200/1638/367 1754/1639/865
f 1754/1639/865 1734/1605/367 1366/1599/841
f 2200/1638/367 1367/1607/848 1734/1605/367
f 1753/1640/857 1755/1641/848 2200/1638/367
f 1514/1642/848 2201/1643/852 1755/1641/848
f 1755/1641/848 1738/1611/852 1367/1607/848
f 2201/1643/852 1365/1644/372 1738/1611/852
f 1756/1645/370 1757/1646/372 2201/1643/852
f 1345/1647/866 2202/1648/867 1759/1649/868
f 1759/1649/868 1760/1650/869 1368/1651/354
f 2202/1648/867 1370/1652/357 1760/1650/869
f 1758/1653/870 1761/1654/871 2202/1648/867
f 1346/1655/872 2203/1656/873 1761/1654/871
f 1761/1654/871 1763/1657/874 1370/1652/357
f 2203/1656/873 1369/1658/360 1763/1657/874
f 1762/1659/875 1764/1660/876 2203/1656/873
f 1432/1661/877 2204/1662/878 1766/1663/877
f 1766/1663/877 1767/1664/879 1372/1665/880
f 2204/1662/878 1373/1666/881 1767/1664/879
f 1765/1667/882 1768/1668/883 2204/1662/878
f 1433/1669/884 2205/1670/885 1768/1668/883
f 1768/1668/883 1770/1671/886 1373/1666/881
f 2205/1670/885 1371/1672/887 1770/1671/886
f 1769/1673/888 1771/1674/889 2205/1670/885
f 1435/1675/890 2206/1676/891 1773/1677/892
f 1773/1677/892 1774/1678/886 1375/1679/204
f 2206/1676/891 1376/1680/893 1774/1678/886
f 1772/1681/894 1775/1682/895 2206/1676/891
f 1436/1683/896 2207/1684/897 1775/1682/895
f 1775/1682/895 1777/1685/879 1376/1680/893
f 2207/1684/897 1374/1686/880 1777/1685/879
f 1776/1687/898 1778/1688/899 2207/1684/897
f 1438/1689/900 2208/1690/901 1780/1691/902
f 1780/1691/902 1781/1692/903 1378/1693/904
f 2208/1690/901 1379/512/210 1781/1692/903
f 1779/1694/905 1782/513/906 2208/1690/901
f 1439/1695/907 2209/1696/908 1782/513/906
f 1782/513/906 1784/1697/909 1379/512/210
f 2209/1696/908 1377/1698/910 1784/1697/909
f 1783/1699/911 1785/1700/912 2209/1696/908
f 1441/1701/913 2210/1702/914 1787/1703/915
f 1787/1703/915 1788/1704/909 1381/1705/916
f 2210/1702/914 1382/526/210 1788/1704/909
f 1786/1706/917 1789/527/918 2210/1702/914
f 1442/1707/919 2211/1708/920 1789/527/918
f 1789/527/918 1791/1709/903 1382/526/210
f 2211/1708/920 1380/1710/904 1791/1709/903
f 1790/1711/921 1792/1712/922 2211/1708/920
f 1444/1713/923 2212/1714/924 1794/1715/925
f 1794/1715/925 1795/1716/926 1384/1717/927
f 2212/1714/924 1385/1718/928 1795/1716/926
f 1793/1719/929 1796/1720/930 2212/1714/924
f 1445/1721/931 2213/1722/932 1796/1720/930
f 1796/1720/930 1798/1723/933 1385/1718/928
f 2213/1722/932 1383/1724/934 1798/1723/933
f 1797/1725/935 1799/1726/936 2213/1722/932
f 1447/1727/937 2214/1728/938 1801/1729/939
f 1801/1729/939 1802/1730/940 1387/1731/941
f 2214/1728/938 1388/1732/942 1802/1730/940
f 1800/1733/943 1803/1734/944 2214/1728/938
f 1448/1735/945 2215/1736/946 1803/1734/944
f 1803/1734/944 1805/1737/947 1388/1732/942
f 2215/1736/946 1386/1738/948 1805/1737/947
f 1804/1739/949 1806/1740/950 2215/1736/946
f 1450/1741/951 2216/1742/952 1808/1743/953
f 1808/1743/953 1809/1744/386 1390/1745/389
f 2216/1742/952 1391/1746/385 1809/1744/386
f 1807/1747/954 1810/1748/955 2216/1742/952
f 1451/1749/956 2217/1750/957 1810/1748/955
f 1810/1748/955 1812/1751/221 1391/1746/385
f 2217/1750/957 1389/1752/219 1812/1751/221
f 1811/1753/958 1813/1754/959 2217/1750/957
f 1453/1755/960 2218/1756/961 1815/1757/962
f 1815/1757/962 1816/1758/221 1393/1759/219
f 2218/1756/961 1394/1760/385 1816/1758/221
f 1814/1761/963 1817/1762/964 2218/1756/961
f 1454/1763/965 2219/1764/966 1817/1762/964
f 1817/1762/964 1819/1765/223 1394/1760/385
f 2219/1764/966 1392/1766/224 1819/1765/223
f 1818/1767/967 1820/1768/968 2219/1764/966
f 1456/1769/969 2220/1770/970 1822/1771/971
f 1822/1771/971 1823/1772/230 1396/1773/972
f 2220/1770/970 1397/1774/228 1823/1772/230
f 1821/1775/973 1824/1776/974 2220/1770/970
f 1457/1777/975 2221/1778/976 1824/1776/974
f 1824/1776/974 1826/1779/226 1397/1774/228
f 2221/1778/976 1395/1780/409 1826/1779/226
f 1825/1781/977 1827/1782/978 2221/1778/976
f 1459/1783/979 2222/1784/980 1829/1785/981
f 1829/1785/981 1830/1786/227 1399/1787/225
f 2222/1784/980 1400/1788/229 1830/1786/227
f 1828/1789/982 1831/1790/983 2222/1784/980
f 1460/1791/984 2223/1792/985 1831/1790/983
f 1831/1790/983 1833/1793/230 1400/1788/229
f 2223/1792/985 1398/1794/232 1833/1793/230
f 1832/1795/986 1834/1796/987 2223/1792/985
f 1462/1797/988 2224/1798/989 1836/1799/990
f 1836/1799/990 1837/1800/991 1402/1801/392
f 2224/1798/989 1403/1802/393 1837/1800/991
f 1835/1803/992 1838/1804/993 2224/1798/989
f 1463/1805/994 2225/1806/995 1838/1804/993
f 1838/1804/993 1840/1807/996 1403/1802/393
f 2225/1806/995 1401/1808/238 1840/1807/996
f 1839/1809/997 1841/1810/998 2225/1806/995
f 1465/1811/999 2226/1812/1000 1843/1813/1001
f 1843/1813/1001 1844/1814/996 1405/1815/239
f 2226/1812/1000 1406/1816/235 1844/1814/996
f 1842/1817/1002 1845/1818/1003 2226/1812/1000
f 1466/1819/1004 2227/1820/1005 1845/1818/1003
f 1845/1818/1003 1847/1821/234 1406/1816/235
f 2227/1820/1005 1404/1822/233 1847/1821/234
f 1846/1823/1006 1848/1824/1007 2227/1820/1005
f 1468/1825/1008 2228/1826/1009 1850/1827/1010
f 1850/1827/1010 1851/1828/245 1408/1829/1011
f 2228/1826/1009 1409/1830/243 1851/1828/245
f 1849/1831/1012 1852/1832/1013 2228/1826/1009
f 1469/1833/1014 2229/1834/1015 1852/1832/1013
f 1852/1832/1013 1854/1835/241 1409/1830/243
f 2229/1834/1015 1407/1836/240 1854/1835/241
f 1853/1837/1016 1855/1838/1017 2229/1834/1015
f 1471/1839/1018 2230/1840/1019 1857/1841/1020
f 1857/1841/1020 1858/1842/241 1411/1843/1021
f 2230/1840/1019 1412/1844/244 1858/1842/241
f 1856/1845/1022 1859/1846/1023 2230/1840/1019
f 1472/1847/1024 2231/1848/1025 1859/1846/1023
f 1859/1846/1023 1861/1849/245 1412/1844/244
f 2231/1848/1025 1410/1850/246 1861/1849/245
f 1860/1851/1026 1862/1852/1027 2231/1848/1025
f 1474/1853/1028 2232/1854/1029 1864/1855/1030
f 1864/1855/1030 1865/1856/1031 1414/1857/247
f 2232/1854/1029 1415/1858/1032 1865/1856/1031
f 1863/1859/1033 1866/1860/1034 2232/1854/1029
f 1475/1861/1035 2233/1862/1036 1866/1860/1034
f 1866/1860/1034 1868/1863/250 1415/1858/1032
f 2233/1862/1036 1413/1864/252 1868/1863/250
f 1867/1865/1037 1869/1866/1038 2233/1862/1036
f 1477/1867/1039 2234/1868/1040 1871/1869/1041
f 1871/1869/1041 1872/1870/251 1417/1871/252
f 2234/1868/1040 1418/1872/249 1872/1870/251
f 1870/1873/1042 1873/1874/1043 2234/1868/1040
f 1478/1875/1044 2235/1876/1045 1873/1874/1043
f 1873/1874/1043 1875/1877/248 1418/1872/249
f 2235/1876/1045 1416/1878/247 1875/1877/248
f 1874/1879/1046 1876/1880/1047 2235/1876/1045
f 1480/1881/1048 2236/1882/1049 1878/1883/1050
f 1878/1883/1050 1879/1884/1051 1420/1885/1052
f 2236/1882/1049 1421/1886/258 1879/1884/1051
f 1877/1887/1053 1880/1888/1054 2236/1882/1049
f 1481/1889/1055 2237/1890/1056 1880/1888/1054
f 1880/1888/1054 1882/1891/259 1421/1886/258
f 2237/1890/1056 1419/1892/268 1882/1891/259
f 1881/1893/1057 1883/1894/1058 2237/1890/1056
f 1483/1895/1059 2238/1896/1060 1885/1897/1061
f 1885/1897/1061 1886/1898/279 1423/1899/268
f 2238/1896/1060 1424/1900/258 1886/1898/279
f 1884/1901/1062 1887/1902/1063 2238/1896/1060
f 1484/1903/1064 2239/1904/1065 1887/1902/1063
f 1887/1902/1063 1889/1905/1051 1424/1900/258
f 2239/1904/1065 1422/1906/267 1889/1905/1051
f 1888/1907/1066 1890/1908/1067 2239/1904/1065
f 1486/1909/1068 2240/1910/1069 1892/1911/1070
f 1892/1911/1070 1893/1912/1071 1426/1913/1072
f 2240/1910/1069 1427/1914/1073 1893/1912/1071
f 1891/1915/1074 1894/1916/1075 2240/1910/1069
f 1487/1917/1076 2241/1918/1077 1894/1916/1075
f 1894/1916/1075 1896/1919/266 1427/1914/1073
f 2241/1918/1077 1425/1920/261 1896/1919/266
f 1895/1921/1078 1897/1922/1079 2241/1918/1077
f 1489/1923/1080 2242/1924/1081 1899/1925/1082
f 1899/1925/1082 1900/1926/266 1429/1927/261
f 2242/1924/1081 1430/1928/1083 1900/1926/266
f 1898/1929/1084 1901/1930/1085 2242/1924/1081
f 1490/1931/1086 2243/1932/1087 1901/1930/1085
f 1901/1930/1085 1903/1933/1071 1430/1928/1083
f 2243/1932/1087 1428/1934/264 1903/1933/1071
f 1902/1935/1088 1904/1936/1089 2243/1932/1087
f 1294/1937/1090 2244/1938/1091 1906/1939/1092
f 1906/1939/1092 1765/1667/1093 1432/1661/1094
f 2244/1938/1091 1433/1669/1095 1765/1667/1093
f 1905/1940/1096 1907/1941/1097 2244/1938/1091
f 1295/1942/1098 2245/1943/1099 1907/1941/1097
f 1907/1941/1097 1769/1673/1100 1433/1669/1095
f 2245/1943/1099 1431/1944/1101 1769/1673/1100
f 1908/1945/1102 1909/1946/1103 2245/1943/1099
f 1296/1479/1104 2246/1947/1105 1910/1948/1106
f 1910/1948/1106 1772/1681/1107 1435/1675/1108
f 2246/1947/1105 1436/1683/1109 1772/1681/1107
f 1673/1478/1110 1911/1949/1111 2246/1947/1105
f 1298/1480/1112 2247/1950/1113 1911/1949/1111
f 1911/1949/1111 1776/1687/1114 1436/1683/1109
f 2247/1950/1113 1434/1951/1115 1776/1687/1114
f 1676/1485/1116 1912/1952/1117 2247/1950/1113
f 1300/1953/1118 2248/1954/1119 1914/1955/1120
f 1914/1955/1120 1779/1694/1121 1438/1689/1122
f 2248/1954/1119 1439/1695/1123 1779/1694/1121
f 1913/1956/1124 1915/1957/1125 2248/1954/1119
f 1301/1958/1126 2249/1959/1127 1915/1957/1125
f 1915/1957/1125 1783/1699/1128 1439/1695/1123
f 2249/1959/1127 1437/1960/1129 1783/1699/1128
f 1916/1961/1130 1917/1962/1131 2249/1959/1127
f 1302/1493/1132 2250/1963/1133 1918/1964/1134
f 1918/1964/1134 1786/1706/1135 1441/1701/1136
f 2250/1963/1133 1442/1707/1137 1786/1706/1135
f 1680/1492/1138 1919/1965/1139 2250/1963/1133
f 1304/1494/1140 2251/1966/1141 1919/1965/1139
f 1919/1965/1139 1790/1711/1142 1442/1707/1137
f 2251/1966/1141 1440/1967/1143 1790/1711/1142
f 1683/1497/1144 1920/1968/1145 2251/1966/1141
f 1306/1969/1146 2252/1970/1147 1922/1971/1148
f 1922/1971/1148 1793/1719/1149 1444/1713/583
f 2252/1970/1147 1445/1721/1150 1793/1719/1149
f 1921/1972/1151 1923/1973/1152 2252/1970/1147
f 1307/1974/1153 2253/1975/1154 1923/1973/1152
f 1923/1973/1152 1797/1725/1155 1445/1721/1150
f 2253/1975/1154 1443/1976/1156 1797/1725/1155
f 1924/1977/1157 1925/1978/1158 2253/1975/1154
f 1308/1505/1159 2254/1979/1160 1926/1980/1161
f 1926/1980/1161 1800/1733/1162 1447/1727/1163
f 2254/1979/1160 1448/1735/1164 1800/1733/1162
f 1687/1504/1165 1927/1981/1166 2254/1979/1160
f 1310/1506/1167 2255/1982/1168 1927/1981/1166
f 1927/1981/1166 1804/1739/1169 1448/1735/1164
f 2255/1982/1168 1446/1983/1170 1804/1739/1169
f 1690/1511/1171 1928/1984/1172 2255/1982/1168
f 1312/1985/1173 2256/1986/1174 1930/1987/1175
f 1930/1987/1175 1807/1747/1176 1450/1741/1177
f 2256/1986/1174 1451/1749/1178 1807/1747/1176
f 1929/1988/1179 1931/1989/1180 2256/1986/1174
f 1313/1990/1181 2257/1991/1182 1931/1989/1180
f 1931/1989/1180 1811/1753/1183 1451/1749/1178
f 2257/1991/1182 1449/1992/1184 1811/1753/1183
f 1932/1993/1185 1933/1994/1186 2257/1991/1182
f 1314/1519/1187 2258/1995/1188 1934/1996/1189
f 1934/1996/1189 1814/1761/1190 1453/1755/1191
f 2258/1995/1188 1454/1763/1192 1814/1761/1190
f 1694/1518/1193 1935/1997/1194 2258/1995/1188
f 1316/1520/1195 2259/1998/1196 1935/1997/1194
f 1935/1997/1194 1818/1767/1197 1454/1763/1192
f 2259/1998/1196 1452/1999/1198 1818/1767/1197
f 1697/1525/1199 1936/2000/1200 2259/1998/1196
f 1318/2001/1201 2260/2002/1202 1938/2003/1203
f 1938/2003/1203 1821/1775/1204 1456/1769/1205
f 2260/2002/1202 1457/1777/1206 1821/1775/1204
f 1937/2004/1207 1939/2005/1208 2260/2002/1202
f 1319/2006/1209 2261/2007/1210 1939/2005/1208
f 1939/2005/1208 1825/1781/1211 1457/1777/1206
f 2261/2007/1210 1455/2008/1212 1825/1781/1211
f 1940/2009/1213 1941/2010/1214 2261/2007/1210
f 1320/1533/1215 2262/2011/1216 1942/2012/1217
f 1942/2012/1217 1828/1789/1218 1459/1783/1219
f 2262/2011/1216 1460/1791/1220 1828/1789/1218
f 1701/1532/1221 1943/2013/1222 2262/2011/1216
f 1322/1534/1223 2263/2014/1224 1943/2013/1222
f 1943/2013/1222 1832/1795/1225 1460/1791/1220
f 2263/2014/1224 1458/2015/1226 1832/1795/1225
f 1704/1539/1227 1944/2016/1228 2263/2014/1224
f 1323/1547/1229 2264/2017/1230 1945/2018/1231
f 1945/2018/1231 1835/1803/1232 1462/1797/1233
f 2264/2017/1230 1463/1805/1234 1835/1803/1232
f 1708/1546/1235 1946/2019/1236 2264/2017/1230
f 1325/1548/1237 2265/2020/1238 1946/2019/1236
f 1946/2019/1236 1839/1809/1239 1463/1805/1234
f 2265/2020/1238 1461/2021/1240 1839/1809/1239
f 1711/1553/1241 1947/2022/1242 2265/2020/1238
f 1327/2023/1243 2266/2024/1244 1949/2025/1245
f 1949/2025/1245 1842/1817/1246 1465/1811/1247
f 2266/2024/1244 1466/1819/1248 1842/1817/1246
f 1948/2026/1249 1950/2027/1250 2266/2024/1244
f 1328/2028/1251 2267/2029/1252 1950/2027/1250
f 1950/2027/1250 1846/1823/1253 1466/1819/1248
f 2267/2029/1252 1464/2030/1254 1846/1823/1253
f 1951/2031/1255 1952/2032/1256 2267/2029/1252
f 1330/2033/1257 2268/2034/1258 1954/2035/1259
f 1954/2035/1259 1849/1831/1260 1468/1825/1261
f 2268/2034/1258 1469/1833/1262 1849/1831/1260
f 1953/2036/1263 1955/2037/1264 2268/2034/1258
f 1331/2038/1265 2269/2039/1266 1955/2037/1264
f 1955/2037/1264 1853/1837/1267 1469/1833/1262
f 2269/2039/1266 1467/2040/1268 1853/1837/1267
f 1956/2041/1269 1957/2042/1270 2269/2039/1266
f 1332/1561/1271 2270/2043/1272 1958/2044/1273
f 1958/2044/1273 1856/1845/1274 1471/1839/1275
f 2270/2043/1272 1472/1847/1276 1856/1845/1274
f 1715/1560/1277 1959/2045/1278 2270/2043/1272
f 1334/1562/1279 2271/2046/1280 1959/2045/1278
f 1959/2045/1278 1860/1851/1281 1472/1847/1276
f 2271/2046/1280 1470/2047/1282 1860/1851/1281
f 1718/1567/1283 1960/2048/1284 2271/2046/1280
f 1335/1575/1285 2272/2049/1286 1961/2050/1287
f 1961/2050/1287 1863/1859/1288 1474/1853/1289
f 2272/2049/1286 1475/1861/1290 1863/1859/1288
f 1722/1574/1291 1962/2051/1292 2272/2049/1286
f 1337/1576/1293 2273/2052/1294 1962/2051/1292
f 1962/2051/1292 1867/1865/1295 1475/1861/1290
f 2273/2052/1294 1473/2053/1296 1867/1865/1295
f 1725/1581/1297 1963/2054/1298 2273/2052/1294
f 1339/2055/632 2274/2056/1299 1965/2057/1300
f 1965/2057/1300 1870/1873/1301 1477/1867/1302
f 2274/2056/1299 1478/1875/1303 1870/1873/1301
f 1964/2058/1304 1966/2059/1303 2274/2056/1299
f 1340/2060/1305 2275/2061/1306 1966/2059/1303
f 1966/2059/1303 1874/1879/1307 1478/1875/1303
f 2275/2061/1306 1476/2062/1308 1874/1879/1307
f 1967/2063/1309 1968/2064/1310 2275/2061/1306
f 1341/1589/1311 2276/2065/1312 1969/2066/1313
f 1969/2066/1313 1877/1887/1314 1480/1881/1315
f 2276/2065/1312 1481/1889/1316 1877/1887/1314
f 1729/1588/1317 1970/2067/1318 2276/2065/1312
f 1343/1590/1319 2277/2068/1320 1970/2067/1318
f 1970/2067/1318 1881/1893/1321 1481/1889/1316
f 2277/2068/1320 1479/2069/1322 1881/1893/1321
f 1732/1595/1323 1971/2070/1324 2277/2068/1320
f 1344/2071/1325 2278/2072/1326 1972/2073/1327
f 1972/2073/1327 1884/1901/1328 1483/1895/1329
f 2278/2072/1326 1484/1903/1330 1884/1901/1328
f 1762/1659/1331 1973/2074/1332 2278/2072/1326
f 1346/1655/1333 2279/2075/1334 1973/2074/1332
f 1973/2074/1332 1888/1907/1335 1484/1903/1330
f 2279/2075/1334 1482/2076/1336 1888/1907/1335
f 1758/1653/1337 1974/2077/1338 2279/2075/1334
f 1347/1603/1339 2280/2078/1340 1975/2079/1341
f 1975/2079/1341 1891/1915/1342 1486/1909/1343
f 2280/2078/1340 1487/1917/1344 1891/1915/1342
f 1736/1602/1345 1976/2080/1346 2280/2078/1340
f 1349/1604/1347 2281/2081/1348 1976/2080/1346
f 1976/2080/1346 1895/1921/1349 1487/1917/1344
f 2281/2081/1348 1485/2082/1350 1895/1921/1349
f 1739/1609/1351 1977/2083/1352 2281/2081/1348
f 1350/2084/1353 2282/2085/1354 1978/2086/1355
f 1978/2086/1355 1898/1929/1356 1489/1923/1357
f 2282/2085/1354 1490/1931/1358 1898/1929/1356
f 1750/1635/1359 1979/2087/1360 2282/2085/1354
f 1352/1631/1361 2283/2088/1362 1979/2087/1360
f 1979/2087/1360 1902/1935/1363 1490/1931/1358
f 2283/2088/1362 1488/2089/1364 1902/1935/1363
f 1746/1629/1365 1980/2090/1366 2283/2088/1362
f 1311/2091/1367 2284/2092/1368 1981/2093/1369
f 1981/2093/1369 1982/2094/318 1491/2095/319
f 2284/2092/1368 1493/2096/1370 1982/2094/318
f 1932/1993/1371 1983/2097/317 2284/2092/1368
f 1313/1990/317 2285/2098/1372 1983/2097/317
f 1983/2097/317 1984/2099/1373 1493/2096/1370
f 2285/2098/1372 1492/2100/315 1984/2099/1373
f 1929/1988/1374 1985/2101/797 2285/2098/1372
f 1293/2102/1375 2286/2103/765 1986/2104/284
f 1986/2104/284 1987/2105/765 1494/2106/284
f 2286/2103/765 1496/2107/767 1987/2105/765
f 1908/1945/283 1988/2108/767 2286/2103/765
f 1295/1942/767 2287/2109/768 1988/2108/767
f 1988/2108/767 1989/2110/768 1496/2107/767
f 2287/2109/768 1495/2111/771 1989/2110/768
f 1905/1940/1376 1990/2112/771 2287/2109/768
f 1305/2113/1377 2288/2114/1378 1991/2115/1379
f 1991/2115/1379 1685/1507/786 1498/1501/780
f 2288/2114/1378 1499/1509/785 1685/1507/786
f 1924/1977/783 1992/2116/785 2288/2114/1378
f 1307/1974/785 2289/2117/787 1992/2116/785
f 1992/2116/785 1689/1513/787 1499/1509/785
f 2289/2117/787 1497/2118/297 1689/1513/787
f 1921/1972/788 1993/2119/297 2289/2117/787
f 1326/2120/1380 2290/2121/804 1994/2122/1381
f 1994/2122/1381 1706/1549/332 1501/1543/331
f 2290/2121/804 1502/1551/333 1706/1549/332
f 1951/2031/1382 1995/2123/334 2290/2121/804
f 1328/2028/1383 2291/2124/1384 1995/2123/334
f 1995/2123/334 1710/1555/335 1502/1551/333
f 2291/2124/1384 1500/2125/338 1710/1555/335
f 1948/2026/1385 1996/2126/1386 2291/2124/1384
f 1329/2127/1387 2292/2128/1388 1997/2129/1389
f 1997/2129/1389 1713/1563/344 1504/1557/345
f 2292/2128/1388 1505/1565/341 1713/1563/344
f 1956/2041/1390 1998/2130/341 2292/2128/1388
f 1331/2038/1391 2293/2131/817 1998/2130/341
f 1998/2130/341 1717/1569/347 1505/1565/341
f 2293/2131/817 1503/2132/339 1717/1569/347
f 1953/2036/1392 1999/2133/1393 2293/2131/817
f 1317/2134/801 2294/2135/799 2000/2136/1394
f 2000/2136/1394 1699/1535/325 1507/1529/326
f 2294/2135/799 1508/1537/324 1699/1535/325
f 1940/2009/1395 2001/2137/324 2294/2135/799
f 1319/2006/329 2295/2138/1396 2001/2137/324
f 2001/2137/324 1703/1541/323 1508/1537/324
f 2295/2138/1396 1506/2139/322 1703/1541/323
f 1937/2004/802 2002/2140/322 2295/2138/1396
f 1338/2141/822 2296/2142/349 2003/2143/348
f 2003/2143/348 1720/1577/349 1510/1571/348
f 2296/2142/349 1511/1579/823 1720/1577/349
f 1967/2063/1397 2004/2144/823 2296/2142/349
f 1340/2060/823 2297/2145/351 2004/2144/823
f 2004/2144/823 1724/1583/351 1511/1579/823
f 2297/2145/351 1509/2146/353 1724/1583/351
f 1964/2058/825 2005/2147/353 2297/2145/351
f 1362/1627/841 2298/2148/857 2006/2149/865
f 2006/2149/865 1753/1640/857 1513/1637/864
f 2298/2148/857 1514/1642/848 1753/1640/857
f 1748/1626/857 2007/2150/848 2298/2148/857
f 1364/1628/848 2299/2151/370 2007/2150/848
f 2007/2150/848 1756/1645/370 1514/1642/848
f 2299/2151/370 1512/2152/359 1756/1645/370
f 1751/1633/370 2008/2153/359 2299/2151/370
f 1368/1651/354 2300/2154/833 2009/2155/1398
f 2009/2155/1398 1741/1616/833 1516/1613/365
f 2300/2154/833 1517/1618/363 1741/1616/833
f 1760/1650/869 2010/2156/356 2300/2154/833
f 1370/1652/357 2301/2157/358 2010/2156/356
f 2010/2156/356 1744/1621/358 1517/1618/363
f 2301/2157/358 1515/2158/1399 1744/1621/358
f 1763/1657/874 2011/2159/360 2301/2157/358
f 1299/2160/775 2302/2161/1400 2012/2162/1401
f 2012/2162/1401 1678/1495/773 1519/1489/772
f 2302/2161/1400 1520/312/288 1678/1495/773
f 1916/1961/1402 2013/964/288 2302/2161/1400
f 1301/1958/288 2303/2163/1403 2013/964/288
f 2013/964/288 1682/1499/776 1520/312/288
f 2303/2163/1403 1518/2164/779 1682/1499/776
f 1913/1956/777 2014/2165/779 2303/2163/1403
f 1491/2095/319 2304/2166/318 2015/2167/319
f 2015/2167/319 1692/1521/318 1353/1515/319
f 2304/2166/318 1355/1523/317 1692/1521/318
f 1982/2094/318 2016/2168/1404 2304/2166/318
f 1493/2096/1370 2305/2169/1405 2016/2168/1404
f 2016/2168/1404 1696/1527/321 1355/1523/317
f 2305/2169/1405 1354/2170/1406 1696/1527/321
f 1984/2099/1373 2017/2171/315 2305/2169/1405
f 1494/2106/284 2306/2172/765 2018/2173/1407
f 2018/2173/1407 1671/1481/765 1357/1475/764
f 2306/2172/765 1358/1483/767 1671/1481/765
f 1987/2105/765 2019/2174/767 2306/2172/765
f 1496/2107/767 2307/2175/768 2019/2174/767
f 2019/2174/767 1675/1487/768 1358/1483/767
f 2307/2175/768 1356/2176/771 1675/1487/768
f 1989/2110/768 2020/2177/771 2307/2175/768
f 1495/2111/771 2308/2178/1408 2021/2179/1408
f 2021/2179/1408 2012/2162/1401 1519/1489/772
f 2308/2178/1408 1299/2160/775 2012/2162/1401
f 1990/2112/771 2022/2180/1409 2308/2178/1408
f 1294/1937/1090 2309/2181/1410 2022/2180/377
f 2022/2180/377 1917/1962/1131 1299/2160/1411
f 2309/2181/1410 1437/1960/1129 1917/1962/1131
f 1906/1939/1092 2023/2182/1412 2309/2181/1410
f 1293/2102/1375 2310/2183/434 2024/2184/434
f 2024/2184/434 1985/2101/797 1312/1985/1413
f 2310/2183/434 1492/2100/315 1985/2101/797
f 1986/2104/284 2025/2185/434 2310/2183/434
f 1312/1985/1173 2311/2186/1414 2024/2184/1414
f 2024/2184/1414 1909/1946/1103 1293/2102/1415
f 2311/2186/1414 1431/1944/1101 1909/1946/1103
f 1930/1987/1175 2026/2187/1416 2311/2186/1414
f 1357/1475/764 2312/2188/1417 2027/2189/1418
f 1209/1265/1419 2312/2188/1417 1530/1263/1420
f 1208/1259/1421 2312/2188/1417 2028/2190/1422
f 1354/2170/1406 2312/2188/1417 1698/1528/798
f 1315/1526/797 2312/2188/1417 2029/2191/434
f 1296/1479/284 2312/2188/1417 1672/1477/284
f 1297/1486/770 2313/2192/1408 2030/2193/1409
f 1302/1493/775 2313/2192/1408 1679/1491/772
f 1519/1489/772 2313/2192/1408 2021/2179/1408
f 1495/2111/771 2313/2192/1408 2020/2177/771
f 1356/2176/771 2313/2192/1408 1677/1488/771
f 1296/1479/1104 2314/2194/1423 2029/2191/1423
f 2029/2191/1423 1936/2000/1200 1315/1526/1306
f 2314/2194/1423 1452/1999/1198 1936/2000/1200
f 1910/1948/1106 2031/2195/1424 2314/2194/1423
f 1302/1493/1132 2315/2196/1425 2030/2193/75
f 2030/2193/75 1912/1952/1117 1297/1486/1426
f 2315/2196/1425 1434/1951/1115 1912/1952/1117
f 1918/1964/1134 2032/2197/1427 2315/2196/1425
f 1300/1953/1118 2316/2198/1428 2033/2199/72
f 2033/2199/72 1925/1978/1158 1305/2113/1429
f 2316/2198/1428 1443/1976/1156 1925/1978/1158
f 1914/1955/1120 2034/2200/1428 2316/2198/1428
f 1518/2164/779 2317/2201/1430 2035/2202/1430
f 2035/2202/1430 1991/2115/1379 1498/1501/780
f 2317/2201/1430 1305/2113/1377 1991/2115/1379
f 2014/2165/779 2033/2199/1430 2317/2201/1430
f 1303/1498/778 2318/2203/1430 2036/2204/1430
f 2036/2204/1430 1686/1503/782 1308/1505/784
f 2318/2203/1430 1498/1501/780 1686/1503/782
f 1684/1500/779 2035/2202/1430 2318/2203/1430
f 1308/1505/1159 2319/2205/1431 2036/2204/376
f 2036/2204/376 1920/1968/1145 1303/1498/1432
f 2319/2205/1431 1440/1967/1143 1920/1968/1145
f 1926/1980/1161 2037/2206/1433 2319/2205/1431
f 1306/1969/1146 2320/2207/1434 2038/2208/1435
f 2038/2208/1435 1573/1318/588 1203/1313/582
f 2320/2207/1434 1240/1240/1436 1573/1318/588
f 1922/1971/1148 2039/2209/1434 2320/2207/1434
f 1497/2118/297 2321/2210/1437 2040/2211/1437
f 2040/2211/1437 1643/1455/478 1282/1452/478
f 2321/2210/1437 1203/1313/31 1643/1455/478
f 1993/2119/297 2038/2208/1437 2321/2210/1437
f 1309/1512/789 2322/2212/1437 2041/2213/1437
f 2041/2213/1437 1525/1204/478 1202/1198/31
f 2322/2212/1437 1282/1452/478 1525/1204/478
f 1691/1514/789 2040/2211/1437 2322/2212/1437
f 1202/1198/594 2323/2214/1438 2041/2213/1439
f 2041/2213/1439 1928/1984/1172 1309/1512/1440
f 2323/2214/1438 1446/1983/1170 1928/1984/1172
f 1572/1320/593 2042/2215/1441 2323/2214/1438
f 1311/2091/1367 2324/2216/445 2043/2217/446
f 2043/2217/446 2002/2140/322 1318/2001/1442
f 2324/2216/445 1506/2139/322 2002/2140/322
f 1981/2093/1369 2044/2218/445 2324/2216/445
f 1318/2001/1201 2325/2219/73 2043/2217/1443
f 2043/2217/1443 1933/1994/1186 1311/2091/1444
f 2325/2219/73 1449/1992/1184 1933/1994/1186
f 1938/2003/1203 2045/2220/1445 2325/2219/73
f 1491/2095/319 2326/2221/445 2044/2218/445
f 1506/2139/322 2326/2221/445 1705/1542/322
f 1321/1540/803 2326/2221/445 2046/2222/446
f 1314/1519/793 2326/2221/445 1693/1517/791
f 1353/1515/319 2326/2221/445 2015/2167/319
f 1314/1519/1187 2327/2223/376 2046/2222/376
f 2046/2222/376 1944/2016/1228 1321/1540/1446
f 2327/2223/376 1458/2015/1226 1944/2016/1228
f 1934/1996/1189 2047/2224/1431 2327/2223/376
f 1317/2134/801 2328/2225/448 2048/2226/448
f 2048/2226/448 1523/2227/449 1200/2228/449
f 2328/2225/448 1277/2229/449 1523/2227/449
f 2000/2136/1394 2049/2230/448 2328/2225/448
f 1200/2228/1447 2329/2231/1448 2048/2226/1449
f 2048/2226/1449 1941/2010/1214 1317/2134/1450
f 2329/2231/1448 1455/2008/1212 1941/2010/1214
f 1570/2232/1451 2050/2233/1452 2329/2231/1448
f 1507/1529/326 2330/2234/448 2049/2230/448
f 2049/2230/448 1638/2235/449 1277/2229/449
f 2330/2234/448 1201/2236/449 1638/2235/449
f 1700/1531/327 2051/2237/448 2330/2234/448
f 1320/1533/1215 2331/2238/1453 2051/2237/1454
f 2051/2237/1454 1571/2239/1455 1201/2236/1456
f 2331/2238/1453 1238/2240/1457 1571/2239/1455
f 1942/2012/1217 2052/2241/1458 2331/2238/1453
f 1332/1561/1271 2332/2242/72 2053/2243/1459
f 2053/2243/1459 1947/2022/1242 1324/1554/1460
f 2332/2242/72 1461/2021/1240 1947/2022/1242
f 1958/2044/1273 2054/2244/1461 2332/2242/72
f 1324/1554/811 2333/2245/450 2053/2243/1462
f 2053/2243/1462 1714/1559/337 1332/1561/815
f 2333/2245/450 1504/1557/345 1714/1559/337
f 1712/1556/812 2055/2246/453 2333/2245/450
f 1200/2228/449 2334/2247/452 2056/2248/452
f 2056/2248/452 1707/1545/805 1323/1547/807
f 2334/2247/452 1501/1543/331 1707/1545/805
f 1523/2227/449 2057/2249/452 2334/2247/452
f 1323/1547/1229 2335/2250/1463 2056/2248/1464
f 2056/2248/1464 1570/2232/1451 1200/2228/1447
f 2335/2250/1463 1237/2251/1465 1570/2232/1451
f 1945/2018/1231 2058/2252/1466 2335/2250/1463
f 1277/2229/449 2336/2253/452 2057/2249/452
f 2057/2249/452 1994/2122/1381 1501/1543/331
f 2336/2253/452 1326/2120/1380 1994/2122/1381
f 1638/2235/449 2059/2254/452 2336/2253/452
f 1327/2023/1243 2337/2255/75 2060/2256/1467
f 2060/2256/1467 1957/2042/1270 1329/2127/1468
f 2337/2255/75 1467/2040/1268 1957/2042/1270
f 1949/2025/1245 2061/2257/1469 2337/2255/75
f 1201/2236/1456 2338/2258/1470 2059/2254/1471
f 2059/2254/1471 1952/2032/1256 1326/2120/1472
f 2338/2258/1470 1464/2030/1254 1952/2032/1256
f 1571/2239/1455 2062/2259/1473 2338/2258/1470
f 1500/2125/338 2339/2260/450 2055/2246/453
f 2055/2246/453 1997/2129/1389 1504/1557/345
f 2339/2260/450 1329/2127/1387 1997/2129/1389
f 1996/2126/1386 2060/2256/1474 2339/2260/450
f 1330/2033/1257 2340/2261/1475 2063/2262/1476
f 2063/2262/1476 1968/2064/1310 1338/2141/1477
f 2340/2261/1475 1476/2062/1308 1968/2064/1310
f 1954/2035/1259 2064/2263/1478 2340/2261/1475
f 1503/2132/339 2341/2264/454 2065/2265/454
f 2065/2265/454 2003/2143/348 1510/1571/348
f 2341/2264/454 1338/2141/822 2003/2143/348
f 1999/2133/1393 2063/2262/1479 2341/2264/454
f 1333/1568/819 2342/2266/454 2066/2267/1479
f 2066/2267/1479 1721/1573/348 1335/1575/822
f 2342/2266/454 1510/1571/348 1721/1573/348
f 1719/1570/820 2065/2265/454 2342/2266/454
f 1335/1575/1285 2343/2268/1480 2066/2267/1481
f 2066/2267/1481 1960/2048/1284 1333/1568/1482
f 2343/2268/1480 1470/2047/1282 1960/2048/1284
f 1961/2050/1287 2067/2269/1483 2343/2268/1480
f 1336/1582/826 2344/2270/455 2068/2271/1484
f 2068/2271/1484 1644/1196/471 1212/1190/465
f 2344/2270/455 1283/1449/736 1644/1196/471
f 1726/1584/827 2069/2272/455 2344/2270/455
f 1212/1190/579 2345/2273/1485 2068/2271/1486
f 2068/2271/1486 1963/2054/1298 1336/1582/1487
f 2345/2273/1485 1473/2053/1296 1963/2054/1298
f 1577/1312/578 2070/2274/1488 2345/2273/1485
f 1339/2055/632 2346/2275/1489 2071/2276/1490
f 2071/2276/1490 1576/1325/601 1211/1322/597
f 2346/2275/1489 1243/1224/1491 1576/1325/601
f 1965/2057/1300 2072/2277/1492 2346/2275/1489
f 1509/2146/353 2347/2278/455 2069/2272/455
f 2069/2272/455 1534/1451/738 1283/1449/736
f 2347/2278/455 1211/1322/1493 1534/1451/738
f 2005/2147/353 2071/2276/1484 2347/2278/455
f 1350/2084/1353 2348/2279/80 2073/2280/1494
f 2073/2280/1494 1971/2070/1324 1342/1596/1495
f 2348/2279/80 1479/2069/1322 1971/2070/1324
f 1978/2086/1355 2074/2281/1496 2348/2279/80
f 1342/1596/838 2349/2282/1497 2073/2280/1498
f 2073/2280/1498 1752/1636/863 1350/2084/1499
f 2349/2282/1497 1363/1634/359 1752/1636/863
f 1733/1598/840 2075/2283/459 2349/2282/1497
f 1205/1202/476 2350/2284/1500 2076/2285/1501
f 1341/1589/831 2350/2284/1500 1728/1587/829
f 1360/1585/354 2350/2284/1500 1742/1615/354
f 1516/1613/365 2350/2284/1500 2077/2286/1502
f 1286/1203/477 2350/2284/1500 1647/1201/475
f 1341/1589/1311 2351/2287/1503 2076/2285/1504
f 2076/2285/1504 1575/1321/590 1205/1202/590
f 2351/2287/1503 1242/1232/1505 1575/1321/590
f 1969/2066/1313 2078/2288/1506 2351/2287/1503
f 1286/1203/477 2352/2289/1507 2077/2286/1502
f 1516/1613/365 2352/2289/1507 2009/2155/1398
f 1368/1651/354 2352/2289/1507 1759/1649/868
f 1345/1647/866 2352/2289/1507 2079/2290/1508
f 1204/1317/742 2352/2289/1507 1527/1454/741
f 1344/2071/1325 2353/2291/72 2080/2292/1509
f 2080/2292/1509 1977/2083/1352 1348/1610/1510
f 2353/2291/72 1485/2082/1350 1977/2083/1352
f 1972/2073/1327 2081/2293/1511 2353/2291/72
f 1369/1658/360 2354/2294/1512 2082/2295/459
f 2082/2295/459 1740/1612/853 1365/1644/372
f 2354/2294/1512 1348/1610/851 1740/1612/853
f 1764/1660/876 2080/2292/1513 2354/2294/1512
f 1204/1317/586 2355/2296/1514 2079/2290/1515
f 2079/2290/1515 1974/2077/1338 1345/1647/1516
f 2355/2296/1514 1482/2076/1336 1974/2077/1338
f 1574/1316/585 2083/2297/1517 2355/2296/1514
f 1347/1603/845 2356/2298/185 1735/1601/843
f 1735/1601/843 2085/2299/185 1366/1599/841
f 2356/2298/185 1215/2300/185 2085/2299/185
f 2084/2301/461 1540/1435/184 2356/2298/185
f 1347/1603/1339 2357/2302/1518 2084/2301/1519
f 2084/2301/1519 1566/1301/72 1196/1292/71
f 2357/2302/1518 1233/1300/81 1566/1301/72
f 1975/2079/1341 2086/2303/1520 2357/2302/1518
f 1351/1623/854 2358/2304/185 2087/2305/185
f 2087/2305/185 1532/1215/184 1197/1216/184
f 2358/2304/185 1210/1213/184 1532/1215/184
f 1747/1625/856 2088/2306/185 2358/2304/185
f 1197/1216/75 2359/2307/1521 2087/2305/1522
f 2087/2305/1522 1980/2090/1366 1351/1623/1523
f 2359/2307/1521 1488/2089/1364 1980/2090/1366
f 1567/1466/75 2089/2308/1524 2359/2307/1521
f 1354/2170/1406 2360/2309/1525 2028/2190/1422
f 2028/2190/1422 1529/1257/1526 1208/1259/1421
f 2360/2309/1525 1207/1252/1527 1529/1257/1526
f 2017/2171/315 2090/2310/1528 2360/2309/1525
f 1494/2106/284 2361/2311/1529 2091/2312/1530
f 2091/2312/1530 1531/1269/1531 1206/1248/1532
f 2361/2311/1529 1209/1265/1419 1531/1269/1531
f 2018/2173/1407 2027/2189/1418 2361/2311/1529
f 1359/1620/359 2362/2313/456 2075/2283/459
f 2075/2283/459 2008/2153/359 1363/1634/359
f 2362/2313/456 1512/2152/359 2008/2153/359
f 1745/1622/361 2092/2314/456 2362/2313/456
f 1515/2158/1399 2363/2315/456 2092/2314/456
f 2092/2314/456 1757/1646/372 1512/2152/359
f 2363/2315/456 1365/1644/372 1757/1646/372
f 2011/2159/360 2082/2295/459 2363/2315/456
f 1432/1661/877 2364/2316/1533 2023/2182/1533
f 2023/2182/1533 1785/1700/912 1437/1960/1534
f 2364/2316/1533 1377/1698/910 1785/1700/912
f 1766/1663/877 2093/2317/1533 2364/2316/1533
f 1450/1741/951 2365/2318/398 2026/2187/1535
f 2026/2187/1535 1771/1674/889 1431/1944/1536
f 2365/2318/398 1371/1672/887 1771/1674/889
f 1808/1743/953 2094/2319/398 2365/2318/398
f 1441/1701/913 2366/2320/1533 2032/2197/1537
f 2032/2197/1537 1778/1688/899 1434/1951/1538
f 2366/2320/1533 1374/1686/880 1778/1688/899
f 1787/1703/915 2095/2321/1533 2366/2320/1533
f 1435/1675/890 2367/2322/398 2031/2195/1539
f 2031/2195/1539 1820/1768/968 1452/1999/1540
f 2367/2322/398 1392/1766/224 1820/1768/968
f 1773/1677/892 2096/2323/398 2367/2322/398
f 1438/1689/900 2368/2324/1541 2034/2200/1542
f 2034/2200/1542 1799/1726/936 1443/1976/1543
f 2368/2324/1541 1383/1724/934 1799/1726/936
f 1780/1691/902 2097/2325/1544 2368/2324/1541
f 1447/1727/937 2369/2326/1541 2037/2206/1541
f 2037/2206/1541 1792/1712/922 1440/1967/1545
f 2369/2326/1541 1380/1710/904 1792/1712/922
f 1801/1729/939 2098/2327/1541 2369/2326/1541
f 1444/1713/923 2370/2328/1546 2039/2209/1547
f 2039/2209/1547 1556/1246/509 1240/1240/503
f 2370/2328/1546 1223/2329/7 1556/1246/509
f 1794/1715/925 2099/2330/1548 2370/2328/1546
f 1239/1236/499 2371/2331/1549 2042/2215/1550
f 2042/2215/1550 1806/1740/950 1446/1983/1551
f 2371/2331/1549 1386/1738/948 1806/1740/950
f 1555/1235/498 2100/2332/1552 2371/2331/1549
f 1456/1769/969 2372/2333/406 2045/2220/1553
f 2045/2220/1553 1813/1754/959 1449/1992/1554
f 2372/2333/406 1389/1752/219 1813/1754/959
f 1822/1771/971 2101/2334/406 2372/2333/406
f 1453/1755/960 2373/2335/1553 2047/2224/1555
f 2047/2224/1555 1834/1796/987 1458/2015/1556
f 2373/2335/1553 1398/1794/232 1834/1796/987
f 1815/1757/962 2102/2336/406 2373/2335/1553
f 1237/2251/1557 2374/2337/1558 2050/2233/1559
f 2050/2233/1559 1827/1782/978 1455/2008/1560
f 2374/2337/1558 1395/1780/409 1827/1782/978
f 1553/2338/1561 2103/2339/407 2374/2337/1558
f 1459/1783/979 2375/2340/1562 2052/2241/1563
f 2052/2241/1563 1554/2341/1564 1238/2240/1565
f 2375/2340/1562 1221/2342/1566 1554/2341/1564
f 1829/1785/981 2104/2343/407 2375/2340/1562
f 1471/1839/1018 2376/2344/1567 2054/2244/1568
f 2054/2244/1568 1841/1810/998 1461/2021/1569
f 2376/2344/1567 1401/1808/238 1841/1810/998
f 1857/1841/1020 2105/2345/410 2376/2344/1567
f 1462/1797/988 2377/2346/1570 2058/2252/1570
f 2058/2252/1570 1553/2338/1561 1237/2251/1557
f 2377/2346/1570 1220/2347/1566 1553/2338/1561
f 1836/1799/990 2106/2348/412 2377/2346/1570
f 1238/2240/1565 2378/2349/1571 2062/2259/1572
f 2062/2259/1572 1848/1824/1007 1464/2030/1573
f 2378/2349/1571 1404/1822/233 1848/1824/1007
f 1554/2341/1564 2107/2350/412 2378/2349/1571
f 1465/1811/999 2379/2351/1574 2061/2257/1575
f 2061/2257/1575 1855/1838/1017 1467/2040/1576
f 2379/2351/1574 1407/1836/240 1855/1838/1017
f 1843/1813/1001 2108/2352/411 2379/2351/1574
f 1468/1825/1008 2380/2353/1577 2064/2263/1578
f 2064/2263/1578 1876/1880/1047 1476/2062/1579
f 2380/2353/1577 1416/1878/247 1876/1880/1047
f 1850/1827/1010 2109/2354/413 2380/2353/1577
f 1474/1853/1028 2381/2355/413 2067/2269/1580
f 2067/2269/1580 1862/1852/1027 1470/2047/1581
f 2381/2355/413 1410/1850/246 1862/1852/1027
f 1864/1855/1030 2110/2356/413 2381/2355/413
f 1244/1276/538 2382/2357/1582 2070/2274/1583
f 2070/2274/1583 1869/1866/1038 1473/2053/1584
f 2382/2357/1582 1413/1864/252 1869/1866/1038
f 1564/1275/537 2111/2358/414 2382/2357/1582
f 1477/1867/1039 2383/2359/1585 2072/2277/1586
f 2072/2277/1586 1563/1230/493 1243/1224/487
f 2383/2359/1585 1230/2360/1587 1563/1230/493
f 1871/1869/1041 2112/2361/414 2383/2359/1585
f 1489/1923/1080 2384/2362/1588 2074/2281/1589
f 2074/2281/1589 1883/1894/1058 1479/2069/1590
f 2384/2362/1588 1419/1892/268 1883/1894/1058
f 1899/1925/1082 2113/2363/416 2384/2362/1588
f 1480/1881/1048 2385/2364/1591 2078/2288/1592
f 2078/2288/1592 1558/1238/501 1242/1232/495
f 2385/2364/1591 1225/2365/508 1558/1238/501
f 1878/1883/1050 2114/2366/1593 2385/2364/1591
f 1241/1244/507 2386/2367/1594 2083/2297/1595
f 2083/2297/1595 1890/1908/1067 1482/2076/1596
f 2386/2367/1594 1422/1906/267 1890/1908/1067
f 1557/1243/506 2115/2368/1593 2386/2367/1594
f 1483/1895/1059 2387/2369/1597 2081/2293/1598
f 2081/2293/1598 1897/1922/1079 1485/2082/1599
f 2387/2369/1597 1425/1920/261 1897/1922/1079
f 1885/1897/1061 2116/2370/418 2387/2369/1597
f 1486/1909/1068 2388/2371/745 2086/2303/1600
f 1233/1300/18 2388/2371/745 1579/1299/18
f 1290/1298/19 2388/2371/745 1666/1469/19
f 1216/1467/19 2388/2371/745 2117/2372/745
f 1426/1913/1072 2388/2371/745 1892/1911/1070
f 1234/2373/18 2389/2374/18 2089/2308/1601
f 1488/2089/1602 2389/2374/18 1904/1936/1089
f 1428/1934/264 2389/2374/18 2118/2375/425
f 1217/2376/1603 2389/2374/18 1663/1462/745
f 1288/1460/744 2389/2374/18 1661/1465/1604
f 1494/2106/284 2390/2377/1605 2025/2185/434
f 2025/2185/434 2090/2310/1528 1492/2100/315
f 2390/2377/1605 1207/1252/1527 2090/2310/1528
f 2091/2312/1530 1528/1250/1606 2390/2377/1605
f 35/43/1607 1541/1231/1608 1230/2360/1609
f 346/42/1610 1219/1229/1611 1541/1231/1608
f 30/51/80 1542/1239/80 1225/2365/80
f 347/50/80 1222/1237/376 1542/1239/80
f 28/59/72 1543/1247/72 1223/2329/72
f 348/58/72 1224/1245/72 1543/1247/72
f 31/67/1612 1544/1255/1613 1226/1270/1614
f 349/66/1613 1227/1253/1615 1544/1255/1613
f 32/65/1615 1545/1261/1616 1227/1253/1615
f 350/73/1617 1228/1260/434 1545/1261/1616
f 33/72/434 1546/1267/1618 1228/1260/434
f 351/79/1618 1229/1266/1619 1546/1267/1618
f 352/83/1620 1226/1270/1614 1547/1271/1621
f 34/78/1619 1547/1271/1621 1229/1266/1619
f 23/91/1622 1548/1279/1623 1218/1283/1622
f 353/90/1623 1231/1277/72 1548/1279/1623
f 354/103/1624 1232/1290/1625 1549/1291/1624
f 24/41/1611 1549/1291/1624 1219/1229/1611
f 80/271/555 1550/1461/723 1275/1457/555
f 355/273/723 1217/2376/723 1550/1461/723
f 70/289/1626 1606/1474/1627 1265/1394/1628
f 411/290/1629 1263/1446/1630 1606/1474/1627
f 71/209/1631 1607/1393/1632 1266/1395/1631
f 412/208/1632 1265/1394/1628 1607/1393/1632
f 69/213/1633 1608/1398/1634 1264/1399/1635
f 413/212/1636 1266/1395/1631 1608/1398/1634
f 76/228/1637 1612/1415/1638 1271/1411/1637
f 417/227/1639 1268/1406/1640 1612/1415/1638
f 73/219/1641 1613/1404/1642 1268/1406/1640
f 418/218/1643 1269/1405/1644 1613/1404/1642
f 72/235/1645 1614/1472/1646 1267/1422/1645
f 419/287/1647 1270/1412/1648 1614/1472/1646
f 75/224/1649 1615/1410/1650 1270/1412/1648
f 420/223/1651 1271/1411/1637 1615/1410/1650
f 86/2378/1652 1624/1424/714 1281/1426/1652
f 429/238/714 1267/1422/1653 1624/1424/714
f 431/96/1654 1218/1283/1622 1626/1285/1654
f 74/97/1644 1626/1285/1654 1269/1405/1644
f 37/102/1625 1632/1402/1655 1232/1290/1625
f 437/216/1656 1264/1399/1635 1632/1402/1655
f 21/282/1657 1636/1470/1657 1216/1467/1657
f 441/284/1657 1275/1457/555 1636/1470/1657
f 68/261/1658 1642/1445/714 1263/1446/1659
f 447/260/714 1281/1426/1652 1642/1445/714
f 572/483/72 1372/1665/72 1767/1664/72
f 178/484/72 1767/1664/72 1373/1666/72
f 575/489/72 1373/1666/72 1770/1671/72
f 176/490/72 1770/1671/72 1371/1672/72
f 579/497/376 1375/1679/1660 1774/1678/80
f 181/498/75 1774/1678/80 1376/1680/79
f 582/503/376 1376/1680/79 1777/1685/80
f 179/504/80 1777/1685/80 1374/1686/80
f 586/511/72 1378/1693/72 1781/1692/72
f 184/512/72 1781/1692/72 1379/512/72
f 589/517/72 1379/512/72 1784/1697/72
f 182/518/72 1784/1697/72 1377/1698/72
f 593/525/1660 1381/1705/1609 1788/1704/75
f 187/526/79 1788/1704/75 1382/526/79
f 596/531/75 1382/526/79 1791/1709/75
f 185/532/80 1791/1709/75 1380/1710/80
f 600/539/72 1384/1717/72 1795/1716/72
f 190/540/81 1795/1716/72 1385/1718/81
f 603/545/81 1385/1718/81 1798/1723/81
f 188/546/72 1798/1723/81 1383/1724/72
f 607/553/1661 1387/1731/78 1802/1730/1662
f 193/554/1663 1802/1730/1662 1388/1732/1664
f 610/559/80 1388/1732/1664 1805/1737/1609
f 191/560/75 1805/1737/1609 1386/1738/75
f 614/567/72 1390/1745/72 1809/1744/72
f 196/568/72 1809/1744/72 1391/1746/72
f 617/573/72 1391/1746/72 1812/1751/72
f 194/574/72 1812/1751/72 1389/1752/72
f 621/581/80 1393/1759/79 1816/1758/80
f 199/582/75 1816/1758/80 1394/1760/75
f 624/587/1660 1394/1760/75 1819/1765/1660
f 197/588/79 1819/1765/1660 1392/1766/75
f 628/595/72 1396/1773/72 1823/1772/72
f 202/596/72 1823/1772/72 1397/1774/72
f 631/601/72 1397/1774/72 1826/1779/72
f 200/602/72 1826/1779/72 1395/1780/72
f 635/609/75 1399/1787/80 1830/1786/75
f 205/610/80 1830/1786/75 1400/1788/80
f 638/615/80 1400/1788/80 1833/1793/376
f 203/616/1660 1833/1793/376 1398/1794/1660
f 642/623/72 1402/1801/72 1837/1800/72
f 208/624/72 1837/1800/72 1403/1802/72
f 645/629/72 1403/1802/72 1840/1807/72
f 206/630/72 1840/1807/72 1401/1808/72
f 649/637/1665 1405/1815/75 1844/1814/80
f 211/638/75 1844/1814/80 1406/1816/80
f 652/643/376 1406/1816/80 1847/1821/376
f 209/644/1607 1847/1821/376 1404/1822/1607
f 656/651/79 1408/1829/79 1851/1828/79
f 214/652/75 1851/1828/79 1409/1830/75
f 659/657/79 1409/1830/75 1854/1835/79
f 212/658/75 1854/1835/79 1407/1836/75
f 663/665/72 1411/1843/72 1858/1842/72
f 217/666/72 1858/1842/72 1412/1844/72
f 666/671/72 1412/1844/72 1861/1849/72
f 215/672/72 1861/1849/72 1410/1850/72
f 670/679/72 1414/1857/72 1865/1856/72
f 220/680/72 1865/1856/72 1415/1858/72
f 673/685/72 1415/1858/72 1868/1863/72
f 218/686/72 1868/1863/72 1413/1864/72
f 677/693/79 1417/1871/80 1872/1870/79
f 223/694/79 1872/1870/79 1418/1872/79
f 680/699/1665 1418/1872/79 1875/1877/1665
f 221/700/79 1875/1877/1665 1416/1878/79
f 684/707/379 1420/1885/80 1879/1884/383
f 226/708/75 1879/1884/383 1421/1886/79
f 687/713/1665 1421/1886/79 1882/1891/1665
f 224/714/79 1882/1891/1665 1419/1892/75
f 691/721/72 1423/1899/72 1886/1898/72
f 229/722/72 1886/1898/72 1424/1900/72
f 694/727/72 1424/1900/72 1889/1905/72
f 227/728/380 1889/1905/72 1422/1906/380
f 698/735/72 1426/1913/72 1893/1912/72
f 232/736/72 1893/1912/72 1427/1914/72
f 701/741/72 1427/1914/72 1896/1919/72
f 230/742/72 1896/1919/72 1425/1920/72
f 705/747/79 1429/1927/79 1900/1926/79
f 235/748/376 1900/1926/79 1430/1928/80
f 708/753/1666 1430/1928/80 1903/1933/382
f 233/754/80 1903/1933/382 1428/1934/80
f 898/1114/72 1377/1698/72 2093/2317/72
f 177/1115/72 2093/2317/72 1372/1665/72
f 899/1117/72 1371/1672/72 2094/2319/72
f 195/1118/72 2094/2319/72 1390/1745/72
f 900/1120/79 1374/1686/80 2095/2321/79
f 186/1121/1667 2095/2321/79 1381/1705/1609
f 901/1123/80 1392/1766/75 2096/2323/80
f 180/1124/1660 2096/2323/80 1375/1679/1660
f 902/1126/72 1383/1724/72 2097/2325/72
f 183/1127/72 2097/2325/72 1378/1693/72
f 903/1129/1668 1380/1710/80 2098/2327/1668
f 192/1130/78 2098/2327/1668 1387/1731/78
f 904/1132/72 1223/2329/72 2099/2330/72
f 189/1133/72 2099/2330/72 1384/1717/72
f 905/1135/79 1386/1738/75 2100/2332/79
f 27/49/376 2100/2332/79 1222/1237/376
f 906/1137/72 1389/1752/72 2101/2334/72
f 201/1138/72 2101/2334/72 1396/1773/72
f 907/1140/1668 1398/1794/1660 2102/2336/1668
f 198/1141/1665 2102/2336/1668 1393/1759/79
f 908/1144/72 1395/1780/72 2103/2339/72
f 25/1145/72 2103/2339/72 1220/2347/72
f 909/1149/80 1221/2342/1665 2104/2343/80
f 204/1150/80 2104/2343/80 1399/1787/80
f 910/1152/72 1401/1808/72 2105/2345/72
f 216/1153/72 2105/2345/72 1411/1843/72
f 911/1155/72 1220/2347/72 2106/2348/72
f 207/1156/72 2106/2348/72 1402/1801/72
f 912/1158/376 1404/1822/1607 2107/2350/376
f 26/1148/1665 2107/2350/376 1221/2342/1665
f 913/1160/80 1407/1836/75 2108/2352/75
f 210/1161/75 2108/2352/75 1405/1815/75
f 914/1163/75 1416/1878/79 2109/2354/75
f 213/1164/79 2109/2354/75 1408/1829/79
f 915/1166/72 1410/1850/72 2110/2356/72
f 219/1167/72 2110/2356/72 1414/1857/72
f 916/1169/72 1413/1864/72 2111/2358/72
f 36/89/72 2111/2358/72 1231/1277/72
f 917/1171/79 1230/2360/1609 2112/2361/79
f 222/1172/80 2112/2361/79 1417/1871/80
f 918/1174/75 1419/1892/75 2113/2363/75
f 234/1175/79 2113/2363/75 1429/1927/79
f 919/1177/80 1225/2365/80 2114/2366/80
f 225/1178/80 2114/2366/80 1420/1885/80
f 920/1180/72 1422/1906/380 2115/2368/72
f 29/57/72 2115/2368/72 1224/1245/72
f 921/1182/72 1425/1920/72 2116/2370/72
f 228/1183/72 2116/2370/72 1423/1899/72
f 922/1186/72 1216/1467/73 2117/2372/72
f 231/1185/72 2117/2372/72 1426/1913/72
f 923/1188/75 1428/1934/80 2118/2375/75
f 22/276/75 2118/2375/75 1217/2376/75
f 2502/2379/1669 2501/2380/1670 2434/2381/1671
f 2840/2382/1672 2841/2383/1673 2842/2384/1674
f 2843/2385/1674 2845/2386/1673 2846/2387/1675
f 2853/2388/1676 2855/2389/1677 2856/2390/1677
f 2861/2391/1678 2862/2392/1679 2863/2393/1680
f 2874/2394/1681 2876/2395/1682 2877/2396/1683
f 2892/2397/1684 2894/2398/1685 2895/2399/1686
f 2896/2400/1687 2898/2401/1688 2899/2402/1689
f 2904/2403/1690 2906/2404/1691 2907/2405/1688
f 2924/2406/1688 2926/2407/1692 2927/2408/1693
f 2932/2409/1694 2934/2410/1695 2935/2411/1696
f 2990/2412/1697 2991/2413/1698 2992/2414/1699
f 2995/2415/1700 2997/2416/1701 2998/2417/1702
f 2999/2418/1703 3001/2419/1701 3002/2420/1704
f 3003/2421/1705 3005/2422/1706 3006/2423/1707
f 3007/2424/1708 3009/2425/1709 3010/2426/1710
f 3011/2427/1711 3012/2428/1712 3013/2429/1713
f 3016/2430/1714 3018/2431/1715 3019/2432/1716
f 3022/2433/1706 3024/2434/1717 3025/2435/1707
f 3026/2436/1706 3028/2437/1704 3029/2438/1718
f 3048/2439/1719 3050/2440/1720 3051/2441/1721
f 3054/2442/1722 3056/2443/1723 3057/2444/1724
f 3058/2445/1725 3060/2446/1723 3061/2447/1726
f 3062/2448/1727 3064/2449/1728 3065/2450/1729
f 3066/2451/1730 3068/2452/1731 3069/2453/1732
f 3070/2454/1721 3071/2455/1733 3072/2456/1734
f 3087/2457/1735 3088/2458/1736 3089/2459/1737
f 3090/2460/1738 3092/2461/1737 3093/2462/1739
f 3094/2463/1685 3096/2464/1740 3097/2465/1741
f 3100/2466/1742 3102/2467/1743 3103/2468/1744
f 3104/2469/1745 3105/2470/1746 3106/2471/1747
f 3107/2472/1746 3109/2473/1748 3110/2474/1747
f 3111/2475/1749 3113/2476/1750 3114/2477/1751
f 3117/2478/1752 3118/2479/1753 3119/2480/1754
f 3120/2481/1755 3122/2482/1753 3123/2483/1756
f 3126/2484/1757 3128/2485/1736 3129/2486/1747
f 3130/2487/1757 3132/2488/1758 3133/2489/1759
f 3134/2490/1760 3136/2491/1761 3137/2492/1748
f 3138/2493/1762 3140/2494/1763 3141/2495/1764
f 3146/2496/1765 3147/2497/1766 3148/2498/1767
f 3149/2499/1768 3150/2500/1769 3151/2501/1767
f 3152/2502/1770 3154/2503/1771 3155/2504/1772
f 3156/2505/1773 3157/2506/1774 3158/2507/1775
f 3159/2508/1776 3161/2509/1777 3162/2510/1778
f 3171/2511/1779 3173/2512/1775 3174/2513/1780
f 3175/2514/1774 3176/2515/1781 3177/2516/1782
f 3218/2517/1783 3220/2518/1784 3221/2519/1785
f 3226/2520/1786 3227/2521/1787 3228/2522/1788
f 3247/2523/1789 3249/2524/1790 3250/2525/1791
f 3251/2526/1792 3253/2527/1793 3254/2528/1794
f 3259/2529/1795 3261/2530/1796 3262/2531/1797
f 3277/2532/1793 3279/2533/1798 3280/2534/1799
f 3285/2535/1800 3287/2536/1801 3288/2537/1802
f 3319/2538/1786 3320/2539/1803 3321/2540/1804
f 3324/2541/1805 3326/2542/1806 3327/2543/1807
f 3328/2544/1808 3330/2545/1806 3331/2546/1809
f 3332/2547/1810 3334/2548/1811 3335/2549/1812
f 3336/2550/1813 3338/2551/1814 3339/2552/1815
f 3340/2553/1816 3341/2554/1817 3342/2555/1818
f 3345/2556/1819 3347/2557/1786 3348/2558/1820
f 3351/2559/1821 3353/2560/1807 3354/2561/1822
f 3355/2562/1814 3357/2563/1823 3358/2564/1824
f 3377/2565/1825 3379/2566/1826 3380/2567/1827
f 3383/2568/1828 3385/2569/1829 3386/2570/1830
f 3387/2571/1831 3389/2572/1832 3390/2573/1833
f 3391/2574/1834 3393/2575/1835 3394/2576/1836
f 3395/2577/1837 3397/2578/1835 3398/2579/1838
f 3399/2580/1839 3400/2581/1840 3401/2582/1826
f 3416/2583/1841 3417/2584/1842 3418/2585/1843
f 3419/2586/380 3421/2587/1842 3422/2588/1844
f 3423/2589/83 3425/2590/1845 3426/2591/71
f 3429/2592/72 3431/2593/1846 3432/2594/71
f 3433/2595/1847 3434/2596/1848 3435/2597/1849
f 3436/2598/1850 3438/2599/83 3439/2600/72
f 3440/2601/71 3442/2602/1851 3443/2603/1852
f 3446/2604/1849 3447/2605/1853 3448/2606/1854
f 3449/2607/73 3451/2608/1855 3452/2609/1856
f 3455/2610/1842 3457/2611/1843 3458/2612/1843
f 3459/2613/1857 3461/2614/72 3462/2615/1848
f 3463/2616/1858 3465/2617/73 3466/2618/1859
f 3493/2619/1860 3494/2620/1861 3495/2621/1681
f 3496/2622/1862 3497/2623/1863 3498/2624/1864
f 3505/2625/1865 3507/2626/1866 3508/2627/1867
f 3511/2628/1868 3513/2629/1869 3514/2630/1870
f 3521/2631/1865 3522/2632/1871 3523/2633/1869
f 2569/2634/1872 2571/2635/1873 2568/2636/1874
f 2573/2637/1875 2575/2638/1876 2572/2639/1877
f 2574/2640/1878 2568/2636/1874 2575/2638/1876
f 2577/2641/1879 2572/2639/1877 2576/2642/1880
f 2570/2643/1881 2579/2644/1882 2571/2635/1873
f 2533/2645/1883 2535/2646/1884 2532/2647/1885
f 2534/2648/1886 2537/2649/1887 2535/2646/1884
f 2536/2650/1888 2539/2651/1889 2537/2649/1887
f 2538/2652/1890 2541/2653/1891 2539/2651/1889
f 2540/2654/1892 2543/2655/1893 2541/2653/1891
f 2593/2656/1894 2581/2657/1895 2592/2658/1896
f 2580/2659/1897 2583/2660/1898 2581/2657/1895
f 2582/2661/1899 2585/2662/1900 2583/2660/1898
f 2551/2663/1901 2559/2664/1902 2550/2665/1903
f 2584/2666/1904 2587/2667/1905 2585/2662/1900
f 2586/2668/1906 2589/2669/1907 2587/2667/1905
f 2588/2670/1908 2591/2671/1909 2589/2669/1907
f 2558/2672/1910 2561/2673/1902 2559/2664/1902
f 2560/2674/1911 2563/2675/1912 2561/2673/1902
f 2562/2676/1913 2565/2677/1914 2563/2675/1912
f 2564/2678/1915 2567/2679/1916 2565/2677/1914
f 2595/2680/1917 2566/2681/1918 2594/2682/1919
f 2527/2683/1920 2523/2684/1921 2526/2685/1922
f 2529/2686/1923 2525/2687/1924 2528/2688/1925
f 2524/2689/1926 2526/2685/1922 2525/2687/1924
f 2521/2690/1927 2528/2688/1925 2520/2691/1928
f 2522/2692/1873 2531/2693/1929 2523/2684/1921
f 2597/2694/1930 2545/2695/1931 2596/2696/1932
f 2544/2697/1933 2547/2698/1934 2545/2695/1931
f 2546/2699/1935 2549/2700/1936 2547/2698/1934
f 2548/2701/1937 2553/2702/1938 2549/2700/1936
f 2552/2703/1939 2555/2704/1940 2553/2702/1938
f 2554/2705/1941 2557/2706/1942 2555/2704/1940
f 2578/2707/1943 2592/2658/1896 2579/2644/1882
f 2542/2708/1944 2594/2682/1919 2543/2655/1893
f 2530/2709/1945 2596/2696/1932 2531/2693/1929
f 2653/2710/1946 2655/2711/1947 2652/2712/1948
f 2657/2713/1949 2659/2714/1950 2656/2715/1951
f 2658/2716/1952 2652/2712/1948 2659/2714/1950
f 2661/2717/1953 2656/2715/1951 2660/2718/1954
f 2654/2719/1955 2663/2720/1956 2655/2711/1947
f 2611/2721/1957 2613/2722/1958 2610/2723/1959
f 2612/2724/1960 2615/2725/1961 2613/2722/1958
f 2614/2726/1962 2617/2727/1963 2615/2725/1961
f 2616/2728/1964 2619/2729/1965 2617/2727/1963
f 2618/2730/1966 2621/2731/1967 2619/2729/1965
f 2610/2723/1959 2532/2647/1885 2611/2721/1957
f 2576/2642/1880 2660/2718/1954 2577/2641/1879
f 2675/2732/1968 2665/2733/1969 2674/2734/1970
f 2664/2735/1971 2667/2736/1972 2665/2733/1969
f 2666/2737/1973 2669/2738/1974 2667/2736/1972
f 2550/2665/1903 2633/2739/1975 2551/2663/1901
f 2668/2740/1976 2671/2741/1977 2669/2738/1974
f 2670/2742/1978 2673/2743/1979 2671/2741/1977
f 2672/2744/1980 2590/2745/1981 2673/2743/1979
f 2632/2746/1982 2635/2747/1983 2633/2739/1975
f 2634/2748/1984 2637/2749/1985 2635/2747/1983
f 2636/2750/1984 2639/2751/1986 2637/2749/1985
f 2638/2752/1984 2641/2753/1987 2639/2751/1986
f 2677/2754/1970 2640/2755/1988 2676/2756/1989
f 2651/2757/1990 2643/2758/1991 2650/2759/1992
f 3158/2507/1775 2645/2760/1993 3156/2505/1773
f 3155/2504/1772 2646/2761/1736 3152/2502/1770
f 2649/2762/1994 2650/2759/1992 2648/2763/1711
f 2605/2764/1995 2601/2765/1996 2604/2766/1997
f 2607/2767/1998 2603/2768/1999 2606/2769/2000
f 2602/2770/2001 2604/2766/1997 2603/2768/1999
f 2599/2771/2002 2606/2769/2000 2598/2772/2003
f 2600/2773/2004 2609/2774/2005 2601/2765/1996
f 2520/2691/1928 2598/2772/2003 2521/2690/1927
f 2681/2775/2006 2623/2776/2007 2680/2777/2008
f 2622/2778/2009 2625/2779/1973 2623/2776/2007
f 2624/2780/2010 2627/2781/1976 2625/2779/1973
f 2626/2782/2011 2629/2783/2012 2627/2781/1976
f 2628/2784/2013 2631/2785/2014 2629/2783/2012
f 2630/2786/2015 2556/2787/2016 2631/2785/2014
f 2662/2788/2017 2674/2734/1970 2663/2720/1956
f 2620/2789/2018 2676/2756/1989 2621/2731/1967
f 2642/2790/2019 2679/2791/2020 2643/2758/1991
f 2608/2792/2021 2680/2777/2008 2609/2774/2005
f 2711/2793/2022 2737/2794/2023 2710/2795/2024
f 2736/2796/2025 2735/2797/2026 2737/2794/2023
f 2717/2798/2027 2715/2799/2028 2716/2800/2029
f 2714/2801/2030 2713/2802/2031 2715/2799/2028
f 2723/2803/2032 2721/2804/2033 2722/2805/2034
f 2720/2806/2027 2719/2807/2035 2721/2804/2033
f 2718/2808/2027 2716/2800/2029 2719/2807/2035
f 2733/2809/2036 2731/2810/2037 2732/2811/2038
f 2730/2812/2039 2729/2813/2040 2731/2810/2037
f 2728/2814/2041 2727/2815/2042 2729/2813/2040
f 2726/2816/2041 2725/2817/2043 2727/2815/2042
f 2732/2811/2038 2734/2818/2044 2733/2809/2036
f 2690/2819/2045 2693/2820/2046 2691/2821/2031
f 2692/2822/2047 2689/2823/2029 2693/2820/2046
f 2688/2824/2048 2697/2825/2035 2689/2823/2029
f 2696/2826/2049 2699/2827/2050 2697/2825/2035
f 2698/2828/2049 2695/2829/2034 2699/2827/2050
f 2702/2830/2051 2709/2831/2042 2703/2832/2052
f 2708/2833/2053 2707/2834/2040 2709/2831/2042
f 2706/2835/2054 2705/2836/2055 2707/2834/2040
f 2704/2837/2056 2701/2838/2057 2705/2836/2055
f 2700/2839/2058 2685/2840/2059 2701/2838/2057
f 2684/2841/2060 2687/2842/2061 2685/2840/2059
f 2686/2843/2062 2683/2844/2024 2687/2842/2061
f 2739/2845/2063 2765/2846/2032 2738/2847/2032
f 2743/2848/2064 2741/2849/2041 2742/2850/2041
f 2745/2851/2065 2742/2850/2041 2744/2852/2039
f 2747/2853/2066 2744/2852/2039 2746/2854/2036
f 2749/2855/2067 2746/2854/2036 2748/2856/2044
f 2751/2857/2068 2748/2856/2044 2750/2858/2069
f 2755/2859/2070 2753/2860/2071 2754/2861/2072
f 2757/2862/2073 2754/2861/2072 2756/2863/2030
f 2759/2864/2074 2756/2863/2030 2758/2865/2075
f 2761/2866/2076 2758/2865/2075 2760/2867/2077
f 2760/2867/2077 2763/2868/2078 2761/2866/2076
f 2764/2869/2079 2762/2870/2077 2765/2846/2032
f 2712/2871/2022 2710/2795/2024 2713/2802/2031
f 2740/2872/2080 2738/2847/2032 2741/2849/2041
f 2682/2873/2045 2691/2821/2031 2683/2844/2024
f 2724/2874/2041 2767/2875/2081 2725/2817/2043
f 2769/2876/2082 2703/2832/2052 2768/2877/2081
f 2752/2878/2083 2771/2879/2069 2753/2860/2071
f 2694/2880/2084 2768/2877/2081 2695/2829/2034
f 2766/2881/2032 2722/2805/2034 2767/2875/2081
f 2770/2882/2085 2750/2858/2069 2771/2879/2069
f 2787/2883/2086 2789/2884/2087 2786/2885/2088
f 2788/2886/2089 2791/2887/2090 2789/2884/2087
f 2790/2888/2091 2793/2889/2092 2791/2887/2090
f 2792/2890/2093 2795/2891/2094 2793/2889/2092
f 2794/2892/2095 2797/2893/2096 2795/2891/2094
f 2796/2894/2097 2798/2895/2096 2797/2893/2096
f 2784/2896/1669 2773/2897/2098 2785/2898/2086
f 2772/2899/1669 2775/2900/2099 2773/2897/2098
f 2774/2901/1669 2777/2902/2100 2775/2900/2099
f 2776/2903/2101 2779/2904/2102 2777/2902/2100
f 2778/2905/2101 2781/2906/2103 2779/2904/2102
f 2780/2907/1669 2783/2908/2104 2781/2906/2103
f 2815/2909/2105 2817/2910/2106 2814/2911/2086
f 2816/2912/2107 2819/2913/2108 2817/2910/2106
f 2818/2914/2109 2821/2915/2110 2819/2913/2108
f 2820/2916/2111 2823/2917/2112 2821/2915/2110
f 2822/2918/2113 2825/2919/2114 2823/2917/2112
f 2824/2920/2115 2827/2921/2116 2825/2919/2114
f 2826/2922/2115 2799/2923/2117 2827/2921/2116
f 2786/2885/2088 2814/2911/2086 2787/2883/2086
f 2813/2924/2086 2801/2925/1669 2812/2926/1669
f 2800/2927/2118 2803/2928/1669 2801/2925/1669
f 2802/2929/2119 2805/2930/2120 2803/2928/1669
f 2804/2931/2121 2807/2932/2101 2805/2930/2120
f 2806/2933/2122 2809/2934/1669 2807/2932/2101
f 2808/2935/2123 2811/2936/1669 2809/2934/1669
f 2810/2937/2124 2782/2938/1669 2811/2936/1669
f 2785/2898/2086 2812/2926/1669 2784/2896/1669
f 2829/2939/2125 2648/2763/1711 2828/2940/2126
f 3181/2941/2127 2833/2942/2128 3180/2943/2129
f 2832/2944/2130 2839/2945/2131 2833/2942/2128
f 2838/2946/2132 2837/2947/2115 2839/2945/2131
f 2836/2948/2133 2835/2949/2134 2837/2947/2115
f 2834/2950/2135 2831/2951/2134 2835/2949/2134
f 2830/2952/2136 2842/2384/1674 2831/2951/2134
f 2841/2383/1673 2844/2953/1674 2842/2384/1674
f 2858/2954/1992 2848/2955/2137 2857/2956/2138
f 3159/2508/1776 2850/2957/2139 3160/2958/2140
f 3146/2496/1765 2852/2959/2141 3147/2497/1766
f 2856/2390/1677 2857/2956/2138 2853/2388/1676
f 2847/2960/1991 2860/2961/2142 2848/2955/2137
f 2861/2391/1678 2854/2962/1679 2862/2392/1679
f 3048/2439/1719 2867/2963/2143 3049/2964/2144
f 2866/2965/2145 2873/2966/2146 2867/2963/2143
f 2872/2967/2147 2871/2968/2148 2873/2966/2146
f 2870/2969/2149 2869/2970/2150 2871/2968/2148
f 2868/2971/2151 2865/2972/2152 2869/2970/2150
f 2864/2973/2153 2877/2396/1683 2865/2972/2152
f 2885/2974/2154 2876/2395/1682 2884/2975/2155
f 2895/2399/1686 2878/2976/2156 2892/2397/1684
f 2896/2400/1687 2880/2977/2157 2897/2978/2158
f 2904/2403/1690 2882/2979/2159 2905/2980/2160
f 2840/2382/1672 2884/2975/2155 2841/2383/1673
f 2845/2386/1673 2887/2981/2161 2846/2387/1675
f 2927/2408/1693 2898/2401/1688 2924/2406/1688
f 2935/2411/1696 2906/2404/1691 2932/2409/1694
f 2989/2982/2162 2905/2980/2160 2988/2983/2163
f 2897/2978/2158 2907/2405/1688 2898/2401/1688
f 2903/2984/2164 2889/2985/2165 2902/2986/2166
f 2901/2987/2167 2899/2402/1689 2900/2988/2168
f 3143/2989/2169 2891/2990/2170 3142/2991/2171
f 3168/2992/2172 2902/2986/2166 3167/2993/2173
f 2888/2994/2174 2900/2988/2168 2889/2985/2165
f 2917/2995/2175 2911/2996/2176 2916/2997/2177
f 2910/2998/2178 2915/2999/2179 2911/2996/2176
f 2914/3000/2180 2913/3001/2181 2915/2999/2179
f 2912/3002/2182 2909/3003/2183 2913/3001/2181
f 2853/2388/1676 2925/3004/2184 2854/2962/1679
f 2862/2392/1679 2933/3005/2185 2863/2393/1680
f 2937/3006/2186 2943/3007/2187 2936/3008/2188
f 2939/3009/2189 2941/3010/2190 2938/3011/2191
f 2940/3012/2192 2945/3013/2193 2941/3010/2190
f 2919/3014/2194 2929/3015/2195 2918/3016/2196
f 3170/3017/2197 2931/3018/2198 3169/3019/2199
f 3145/3020/2200 2921/3021/2201 3144/3022/2202
f 2928/3023/2203 2926/2407/1692 2929/3015/2195
f 2930/3024/2204 2918/3016/2196 2931/3018/2198
f 2924/2406/1688 2934/2410/1695 2925/3004/2184
f 2942/3025/2205 2938/3011/2191 2943/3007/2187
f 2987/3026/2206 2932/2409/1694 2986/3027/2207
f 2961/3028/2208 2969/3029/2209 2960/3030/2210
f 2968/3031/2211 2967/3032/2209 2969/3029/2209
f 2966/3033/2212 2965/3034/2213 2967/3032/2209
f 2964/3035/2214 2963/3036/2213 2965/3034/2213
f 2962/3037/2215 2958/3038/2213 2963/3036/2213
f 2951/3039/2216 2946/3040/2048 2950/3041/2047
f 2953/3042/2217 2950/3041/2047 2952/3043/2047
f 2955/3044/2218 2952/3043/2047 2954/3045/2045
f 2957/3046/2219 2954/3045/2045 2956/3047/2045
f 2949/3048/2220 2956/3047/2045 2948/3049/2045
f 3185/3050/2221 2947/3051/2222 3184/3052/2223
f 3087/2457/1735 2851/3053/2224 3088/2458/1736
f 2981/3054/2225 2976/3055/2226 2980/3056/2227
f 2973/3057/2228 2975/3058/2229 2972/3059/2230
f 2979/3060/2231 2980/3056/2227 2978/3061/2232
f 2974/3062/2233 2970/3063/2234 2975/3058/2229
f 3308/3064/2235 2978/3061/2232 3307/3065/2236
f 3090/2460/1738 2923/3066/2237 3091/3067/2238
f 3084/3068/2239 2972/3059/2230 3083/3069/2240
f 2863/2393/1680 2982/3070/1677 2861/2391/1678
f 2828/2940/2126 2985/3071/2241 2829/2939/2125
f 3003/2421/1705 2986/3027/2207 3004/3072/2242
f 3010/2426/1710 2988/2983/2163 3007/2424/1708
f 3016/2430/1714 2992/2414/1699 3017/3073/1711
f 3033/3074/2243 2998/2417/1702 3032/3075/2244
f 3035/3076/2244 2999/2418/1703 3034/3077/2245
f 3000/3078/2246 2997/2416/1701 3001/2419/1701
f 2993/3079/2247 3002/2420/1704 2994/3080/2248
f 2995/2415/1700 2990/2412/1697 2996/3081/2249
f 3025/2435/1707 3005/2422/1706 3022/2433/1706
f 3026/2436/1706 3008/3082/2250 3027/3083/2251
f 2983/3084/2252 3011/2427/1711 2982/3070/1677
f 3009/2425/1709 3004/3072/2242 3010/2426/1710
f 3014/3085/2253 3007/2424/1708 3015/3086/2254
f 3006/2423/1707 3012/2428/1712 3003/2421/1705
f 3013/2429/1713 3018/2431/1715 3011/2427/1711
f 2996/3081/2249 3023/3087/1701 2997/2416/1701
f 3001/2419/1701 3028/2437/1704 3002/2420/1704
f 3024/2434/1717 3019/2432/1716 3025/2435/1707
f 3020/3088/2255 3027/3083/2251 3021/3089/2253
f 3029/2438/1718 3022/2433/1706 3026/2436/1706
f 2991/2413/1698 3030/3090/2256 2992/2414/1699
f 3039/3091/2257 3032/3075/2244 3038/3092/2258
f 3041/3093/2259 3034/3077/2245 3040/3094/2260
f 3031/3095/2261 3037/3096/2262 3030/3090/2256
f 3045/3097/2263 3038/3092/2258 3044/3098/2264
f 3047/3099/2265 3040/3094/2260 3046/3100/2266
f 3036/3101/2257 3043/3102/2267 3037/3096/2262
f 3076/3103/2268 3044/3098/2264 3075/3104/2269
f 3078/3105/2269 3046/3100/2266 3077/3106/2270
f 3070/2454/1721 3050/2440/1720 3071/2455/1733
f 2936/3008/2188 3057/2444/1724 2937/3006/2186
f 2908/3107/2271 3058/2445/1725 2909/3003/2183
f 3059/3108/2272 3056/2443/1723 3060/2446/1723
f 3052/3109/2273 3061/2447/1726 3053/3110/2274
f 3054/2442/1722 3051/2441/1721 3055/3111/2275
f 3055/3111/2275 3065/2450/1729 3056/2443/1723
f 3060/2446/1723 3066/2451/1730 3061/2447/1726
f 3080/3112/2268 3071/2455/1733 3079/3113/2127
f 3067/3114/2276 3064/2449/1728 3068/2452/1731
f 3073/3115/2277 3069/2453/1732 3074/3116/2278
f 3062/2448/1727 3072/2456/1734 3063/3117/2279
f 3063/3117/2279 3075/3104/2269 3064/2449/1728
f 3068/2452/1731 3077/3106/2270 3069/2453/1732
f 3042/3118/2263 3079/3113/2127 3043/3102/2267
f 2977/3119/2280 3082/3120/2281 2976/3055/2226
f 3187/3121/2282 3083/3069/2240 3186/3122/2283
f 3126/2484/1757 3088/2458/1736 3127/3123/1736
f 3133/2489/1759 3092/2461/1737 3130/2487/1757
f 2894/2398/1685 3097/2465/1741 2895/2399/1686
f 3089/2459/1737 3091/3067/2238 3087/2457/1735
f 3085/3124/2284 3096/2464/1740 3086/3125/2285
f 3094/2463/1685 3093/2462/1739 3095/3126/2286
f 3137/2492/1748 3103/2468/1744 3134/2490/1760
f 3119/2480/1754 3104/2469/1745 3117/2478/1752
f 3120/2481/1755 3107/2472/1746 3121/3127/2287
f 3098/3128/2288 3102/2467/1743 3099/3129/1751
f 3100/2466/1742 3108/3130/2289 3101/3131/1749
f 3105/2470/1746 3110/2474/1747 3106/2471/1747
f 3101/3131/1749 3114/2477/1751 3102/2467/1743
f 3191/3132/2290 3117/2478/1752 3190/3133/2291
f 3189/3134/2292 3122/2482/1753 3188/3135/2293
f 3118/2479/1753 3121/3127/2287 3119/2480/1754
f 3115/3136/2294 3113/2476/1750 3116/3137/2295
f 3111/2475/1749 3123/2483/1756 3112/3138/2296
f 3106/2471/1747 3128/2485/1736 3104/2469/1745
f 3109/2473/1748 3131/3139/1747 3110/2474/1747
f 3095/3126/2286 3135/3140/2297 3096/2464/1740
f 3136/2491/1761 3132/2488/1758 3137/2492/1748
f 3124/3141/2297 3134/2490/1760 3125/3142/2298
f 3129/2486/1747 3130/2487/1757 3126/2484/1757
f 2849/3143/2299 3141/2495/1764 2850/2957/2139
f 3139/3144/2300 3147/2497/1766 3140/2494/1763
f 2892/2397/1684 3142/2991/2171 2893/3145/2301
f 2922/3146/2302 3144/3022/2202 2923/3066/2237
f 2644/3147/2303 3149/2499/1768 2645/2760/1993
f 3150/2500/1769 3153/3148/2304 3151/2501/1767
f 3148/2498/1767 3152/2502/1770 3146/2496/1765
f 3138/2493/1762 3151/2501/1767 3139/3144/2300
f 3174/2513/1780 3157/2506/1774 3171/2511/1779
f 3175/2514/1774 3161/2509/1777 3176/2515/1781
f 2890/3149/2305 3164/3150/2306 2891/2990/2170
f 2920/3151/2307 3166/3152/2308 2921/3021/2201
f 3156/2505/1773 3162/2510/1778 3157/2506/1774
f 3163/3153/2309 3167/2993/2173 3164/3150/2306
f 3165/3154/2310 3169/3019/2199 3166/3152/2308
f 2678/3155/2311 3172/3156/2312 2679/2791/2020
f 2859/3157/2313 3176/2515/1781 2860/2961/2142
f 3171/2511/1779 3177/2516/1782 3172/3156/2312
f 2984/3158/1677 3179/3159/2129 2985/3071/2241
f 3183/3160/2314 3180/2943/2129 3182/3161/2315
f 3178/3162/2316 3182/3161/2315 3179/3159/2129
f 2647/3163/2317 3184/3052/2223 2646/2761/1736
f 3112/3138/2296 3186/3122/2283 3113/2476/1750
f 3081/3164/2318 3188/3135/2293 3082/3120/2281
f 2960/3030/2210 3190/3133/2291 2961/3028/2208
f 3199/3165/2319 3193/3166/2320 3198/3167/2321
f 3470/3168/2322 3195/3169/2323 3469/3170/2324
f 3197/3171/1786 3198/3167/2321 3196/3172/2325
f 3192/3173/2326 3200/3174/2327 3193/3166/2320
f 3203/3175/2328 3196/3172/2325 3202/3176/2329
f 3482/3177/2330 3207/3178/2331 3481/3179/2332
f 3206/3180/2333 3213/3181/2334 3207/3178/2331
f 3212/3182/2335 3211/3183/2336 3213/3181/2334
f 3210/3184/2335 3209/3185/2337 3211/3183/2336
f 3208/3186/2338 3205/3187/2339 3209/3185/2337
f 3223/3188/2340 3215/3189/2341 3222/3190/2342
f 3467/3191/2343 3216/3192/2344 3468/3193/2345
f 3218/2517/1783 3222/3190/2342 3219/3194/1820
f 3214/3195/2346 3225/3196/2347 3215/3189/2341
f 3228/2522/1788 3220/2518/1784 3226/2520/1786
f 3380/2567/1827 3232/3197/2348 3377/2565/1825
f 3231/3198/2349 3238/3199/2350 3232/3197/2348
f 3237/3200/2351 3236/3201/2352 3238/3199/2350
f 3235/3202/2353 3234/3203/2354 3236/3201/2352
f 3233/3204/2355 3230/3205/2356 3234/3203/2354
f 3247/2523/1789 3239/3206/2357 3248/3207/2358
f 3254/2528/1794 3241/3208/2359 3251/2526/1792
f 3262/2531/1797 3243/3209/2360 3259/2529/1795
f 3277/2532/1793 3252/3210/2361 3278/3211/2362
f 3285/2535/1800 3260/3212/2363 3286/3213/2364
f 3318/3214/2365 3261/2530/1796 3317/3215/2366
f 3253/2527/1793 3259/2529/1795 3254/2528/1794
f 3258/3216/2367 3246/3217/2368 3257/3218/2369
f 3256/3219/2370 3251/2526/1792 3255/3220/2371
f 3472/3221/2372 3257/3218/2369 3471/3222/2373
f 3245/3223/2374 3255/3220/2371 3246/3217/2368
f 3272/3224/2375 3266/3225/2376 3271/3226/2377
f 3265/3227/2378 3270/3228/2379 3266/3225/2376
f 3269/3229/2380 3268/3230/2381 3270/3228/2379
f 3267/3231/2382 3264/3232/2383 3268/3230/2381
f 3221/2519/1785 3279/2533/1798 3218/2517/1783
f 3227/2521/1787 3287/2536/1801 3228/2522/1788
f 3290/3233/2384 3296/3234/2385 3289/3235/2386
f 3292/3236/2387 3294/3237/2388 3291/3238/2389
f 3293/3239/2390 3298/3240/2391 3294/3237/2388
f 3274/3241/2392 3282/3242/2393 3273/3243/2394
f 3474/3244/2395 3284/3245/2367 3473/3246/2396
f 3281/3247/2397 3278/3211/2362 3282/3242/2393
f 3283/3248/2398 3273/3243/2394 3284/3245/2367
f 3280/2534/1799 3286/3213/2364 3277/2532/1793
f 3295/3249/2399 3291/3238/2389 3296/3234/2385
f 3316/3250/2400 3288/2537/1802 3315/3251/2401
f 3525/3252/2402 2959/3253/2403 3524/3254/2404
f 2971/3255/2405 3300/3256/2406 2970/3063/2234
f 3418/2585/1843 3217/3257/2407 3416/2583/1841
f 3309/3258/2408 3306/3259/2409 3310/3260/2410
f 3302/3261/2411 3304/3262/2412 3301/3263/2413
f 3307/3065/2236 3310/3260/2410 3308/3064/2235
f 3303/3264/2414 3299/3265/2415 3304/3262/2412
f 3422/2588/1844 3276/3266/2416 3419/2586/380
f 3413/3267/2417 3301/3263/2413 3412/3268/2418
f 3226/2520/1786 3312/3269/2419 3227/2521/1787
f 3528/3270/2420 3314/3271/2421 3529/3272/2422
f 3335/2549/1812 3315/3251/2401 3332/2547/1810
f 3336/2550/1813 3317/3215/2366 3337/3273/2423
f 3348/2558/1820 3321/2540/1804 3345/2556/1819
f 3362/3274/2424 3324/2541/1805 3361/3275/2425
f 3364/3276/2426 3331/2546/1809 3363/3277/2424
f 3330/2545/1806 3325/3278/2427 3331/2546/1809
f 3322/3279/2428 3328/2544/1808 3323/3280/2429
f 3327/2543/1807 3320/2539/1803 3324/2541/1805
f 3351/2559/1821 3333/3281/2430 3352/3282/2431
f 3358/2564/1824 3338/2551/1814 3355/2562/1814
f 3311/3283/1786 3342/2555/1818 3312/3269/2419
f 3337/3273/2423 3334/2548/1811 3338/2551/1814
f 3343/3284/2432 3339/2552/1815 3344/3285/2433
f 3332/2547/1810 3341/2554/1817 3333/3281/2430
f 3340/2553/1816 3346/3286/1817 3341/2554/1817
f 3326/2542/1806 3353/2560/1807 3327/2543/1807
f 3329/3287/2434 3356/3288/2435 3330/2545/1806
f 3352/3282/2431 3345/2556/1819 3353/2560/1807
f 3349/3289/2436 3357/2563/1823 3350/3290/2428
f 3355/2562/1814 3354/2561/1822 3356/3288/2435
f 3319/2538/1786 3360/3291/2437 3320/2539/1803
f 3368/3292/2438 3361/3275/2425 3367/3293/2439
f 3370/3294/2440 3363/3277/2424 3369/3295/2441
f 3359/3296/1786 3366/3297/2442 3360/3291/2437
f 3374/3298/2443 3367/3293/2439 3373/3299/2444
f 3376/3300/2445 3369/3295/2441 3375/3301/2446
f 3365/3302/2447 3372/3303/2448 3366/3297/2442
f 3405/3304/2449 3373/3299/2444 3404/3305/2450
f 3407/3306/2451 3375/3301/2446 3406/3307/2452
f 3401/2582/1826 3378/3308/2453 3399/2580/1839
f 3289/3235/2386 3383/2568/1828 3290/3233/2384
f 3263/3309/2454 3390/2573/1833 3264/3232/2383
f 3389/2572/1832 3384/3310/2455 3390/2573/1833
f 3381/3311/2456 3387/2571/1831 3382/3312/2457
f 3386/2570/1830 3377/2565/1825 3383/2568/1828
f 3385/2569/1829 3391/2574/1834 3386/2570/1830
f 3388/3313/2458 3398/2579/1838 3389/2572/1832
f 3409/3314/2459 3400/2581/1840 3408/3315/2450
f 3397/2578/1835 3392/3316/1829 3398/2579/1838
f 3402/3317/2460 3395/2577/1837 3403/3318/2461
f 3394/2576/1836 3399/2580/1839 3391/2574/1834
f 3393/2575/1835 3404/3305/2450 3394/2576/1836
f 3396/3319/2460 3406/3307/2452 3397/2578/1835
f 3371/3320/2462 3408/3315/2450 3372/3303/2448
f 3305/3321/2463 3411/3322/2464 3306/3259/2409
f 3488/3323/2465 3412/3268/2418 3487/3324/2466
f 3486/3325/2467 3498/2624/1864 3485/3326/2056
f 3458/2612/1843 3417/2584/1842 3455/2610/1842
f 3459/2613/1857 3420/3327/72 3460/3328/380
f 3248/3207/2358 3423/2589/83 3249/2524/1790
f 3416/2583/1841 3421/2587/1842 3417/2584/1842
f 3414/3329/1859 3424/3330/2468 3415/3331/2469
f 3426/2591/71 3419/2586/380 3423/2589/83
f 3463/2616/1858 3429/2592/72 3464/3332/71
f 3448/2606/1854 3435/2597/1849 3446/2604/1849
f 3452/2609/1856 3439/2600/72 3449/2607/73
f 3427/3333/2470 3430/3334/2471 3428/3335/2472
f 3432/2594/71 3438/2599/83 3429/2592/72
f 3434/2596/1848 3436/2598/1850 3435/2597/1849
f 3431/2593/1846 3440/2601/71 3432/2594/71
f 3492/3336/2473 3447/2605/1853 3491/3337/2474
f 3490/3338/2475 3450/3339/2476 3489/3340/2477
f 3446/2604/1849 3451/2608/1855 3447/2605/1853
f 3444/3341/2478 3441/3342/2479 3445/3343/2480
f 3443/2603/1852 3449/2607/73 3440/2601/71
f 3433/2595/1847 3456/3344/2481 3434/2596/1848
f 3437/3345/1848 3461/2614/72 3438/2599/83
f 3425/2590/1845 3465/2617/73 3426/2591/71
f 3464/3332/71 3460/3328/380 3465/2617/73
f 3453/3346/1858 3466/2618/1859 3454/3347/1845
f 3455/2610/1842 3462/2615/1848 3456/3344/2481
f 3476/3348/2482 3469/3170/2324 3475/3349/2483
f 3478/3350/2484 3468/3193/2345 3477/3351/2485
f 3250/2525/1791 3471/3222/2373 3247/2523/1789
f 3275/3352/2486 3473/3246/2396 3276/3266/2416
f 3201/3353/2487 3475/3349/2483 3200/3174/2327
f 3224/3354/2488 3477/3351/2485 3225/3196/2347
f 3313/3355/2489 3480/3356/2490 3314/3271/2421
f 3484/3357/2491 3481/3179/2332 3483/3358/2462
f 3479/3359/2330 3483/3358/2462 3480/3356/2490
f 3194/3360/1847 3485/3326/2056 3195/3169/2323
f 3442/2602/1851 3487/3324/2466 3443/2603/1852
f 3410/3361/2492 3489/3340/2477 3411/3322/2464
f 3491/3337/2474 3511/2628/1868 3492/3336/2473
f 3271/3226/2377 2916/2997/2177 3272/3224/2375
f 3495/2621/1681 3229/3362/2493 3493/2619/1860
f 3204/3363/2134 2846/2387/1675 3205/3187/2339
f 2944/3364/2494 3297/3365/2495 2945/3013/2193
f 2875/3366/2496 3494/2620/1861 2876/2395/1682
f 3493/2619/1860 2886/3367/2497 3494/2620/1861
f 3502/3368/2498 3500/3369/1866 3501/3370/2499
f 3504/3371/2500 3501/3370/2499 3503/3372/2501
f 3505/2625/1865 3503/3372/2501 3506/3373/2499
f 3497/2623/1863 3507/2626/1866 3498/2624/1864
f 3499/3374/2502 3510/3375/2503 3500/3369/1866
f 3518/3376/2504 3516/3377/2505 3517/3378/2506
f 3520/3379/2504 3517/3378/2506 3519/3380/2507
f 3523/2633/1869 3519/3380/2507 3521/2631/1865
f 3513/2629/1869 3522/2632/1871 3514/2630/1870
f 3515/3381/2508 3524/3254/2404 3516/3377/2505
f 3496/2622/1862 3514/2630/1870 3497/2623/1863
f 3508/2627/1867 3521/2631/1865 3505/2625/1865
f 2948/3049/2045 3509/3382/2509 2949/3048/2220
f 3202/3176/2329 3526/3383/2510 3203/3175/2328
f 2520/2691/2511 2396/3384/2512 2392/3385/2513
f 2529/2686/2514 2576/2642/1880 2572/2639/2514
f 2520/2691/2511 2406/3386/2515 2599/2771/2516
f 2598/2772/2517 2576/2642/1880 2521/2690/1880
f 2526/2685/2518 2393/3387/2519 2395/3388/2520
f 2522/2692/2521 2568/2636/2522 2571/2635/2523
f 2523/2684/2524 2397/3389/2525 2393/3387/2519
f 2530/2709/2526 2571/2635/2523 2579/2644/1882
f 2528/2688/2527 2394/3390/2528 2396/3384/2512
f 2524/2689/2529 2572/2639/2514 2575/2638/2530
f 2525/2687/2531 2395/3388/2520 2394/3390/2528
f 2527/2683/1874 2575/2638/2530 2568/2636/2522
f 2531/2693/2532 2405/3391/2533 2397/3389/2525
f 2597/2694/2534 2579/2644/1882 2592/2658/2535
f 2660/2718/2536 2532/2647/2537 2577/2641/2538
f 2573/2637/2539 2532/2647/2537 2535/2646/2540
f 2502/2379/1669 2434/2381/1671 2533/2645/2541
f 2434/2381/1671 2534/2648/2542 2533/2645/2541
f 2574/2640/2543 2535/2646/2540 2537/2649/2544
f 2499/3392/2545 2536/2650/2546 2404/3393/2547
f 2569/2634/2548 2537/2649/2544 2539/2651/2549
f 2538/2652/2550 3202/3176/2551 3196/3172/2552
f 2570/2643/2553 2539/2651/2549 2541/2653/2554
f 2540/2654/2321 3196/3172/2552 3198/3167/2555
f 2578/2707/2556 2541/2653/2554 2543/2655/2557
f 2542/2708/2558 3198/3167/2555 3193/3166/2559
f 2593/2656/2560 2543/2655/2557 2594/2682/2561
f 3200/3174/1917 3475/3349/2562 2595/2680/1917
f 2544/2697/2563 2592/2658/2535 2581/2657/2564
f 2545/2695/2565 2399/3394/2566 2398/3395/2567
f 2546/2699/2568 2581/2657/2564 2583/2660/2568
f 2596/2696/2533 2398/3395/2567 2405/3391/2533
f 2547/2698/2569 2400/3396/2570 2399/3394/2566
f 2548/2701/2571 2583/2660/2568 2585/2662/2572
f 2549/2700/2573 2401/3397/2574 2400/3396/2570
f 2552/2703/2575 2585/2662/2572 2587/2667/2576
f 3195/3169/2577 2563/2675/2578 2565/2677/2578
f 2551/2663/2579 2588/2670/2580 2558/2672/2581
f 2634/2748/1982 2647/3163/2582 2636/2750/2583
f 2551/2663/2579 2673/2743/2584 2590/2745/2579
f 2553/2702/2585 2402/3398/2586 2401/3397/2574
f 2554/2705/2587 2587/2667/2576 2589/2669/1941
f 2555/2704/2588 2403/3399/2589 2402/3398/2586
f 2556/2787/2590 2589/2669/1941 2591/2671/2591
f 2630/2786/2592 2403/3399/2589 2557/2706/2589
f 2556/2787/2590 2672/2744/2593 2631/2785/2594
f 2586/2668/2595 2558/2672/2581 2588/2670/2580
f 2584/2666/2596 2560/2674/2597 2586/2668/2595
f 2582/2661/2598 2562/2676/2599 2584/2666/2596
f 2580/2659/2600 2564/2678/2601 2582/2661/2598
f 2580/2659/2600 2594/2682/2561 2566/2681/2602
f 2599/2771/2516 2410/3400/2603 2607/2767/2604
f 2606/2769/2605 2661/2717/2517 2598/2772/2517
f 2605/2764/2606 2407/3401/2607 2600/2773/2608
f 2609/2774/2017 2654/2719/2609 2601/2765/2610
f 2601/2765/2610 2653/2710/2611 2604/2766/1997
f 2600/2773/2608 2411/3402/2612 2608/2792/2613
f 2607/2767/2604 2408/3403/2614 2602/2770/2615
f 2604/2766/1997 2658/2716/1952 2603/2768/2616
f 2603/2768/2616 2657/2713/2605 2606/2769/2605
f 2602/2770/2615 2409/3404/2617 2605/2764/2606
f 2608/2792/2613 2418/3405/2618 2681/2775/2618
f 2680/2777/2619 2662/2788/2620 2609/2774/2017
f 2656/2715/2621 2611/2721/2622 2660/2718/2536
f 2417/3406/2623 2613/2722/2624 2435/3407/2625
f 2613/2722/2624 2829/2939/2626 2435/3407/2625
f 2659/2714/2627 2612/2724/2628 2656/2715/2621
f 2615/2725/2629 2649/2762/2630 2829/2939/2626
f 2652/2712/2631 2614/2726/2632 2659/2714/2627
f 2617/2727/2633 2651/2757/2634 2649/2762/2630
f 2655/2711/2635 2616/2728/2636 2652/2712/2631
f 2619/2729/2637 2642/2790/2638 2651/2757/2634
f 2663/2720/2639 2618/2730/2640 2655/2711/2635
f 2640/2755/2641 3174/2513/2642 3173/2512/2643
f 2674/2734/2644 2620/2789/2645 2663/2720/2639
f 2623/2776/2646 2675/2732/2647 2680/2777/2619
f 2622/2778/2648 2413/3408/2649 2624/2780/2650
f 2681/2775/2618 2412/3409/2651 2622/2778/2648
f 2625/2779/2652 2664/2735/2653 2623/2776/2646
f 2627/2781/2654 2666/2737/2655 2625/2779/2652
f 2624/2780/2650 2414/3410/2656 2626/2782/2657
f 2629/2783/1978 2668/2740/2654 2627/2781/2654
f 2626/2782/2657 2415/3411/2658 2628/2784/2659
f 2631/2785/2594 2670/2742/2660 2629/2783/1978
f 2628/2784/2659 2416/3412/2661 2630/2786/2592
f 2671/2741/2662 2633/2739/2663 2635/2747/2664
f 2669/2738/2665 2635/2747/2664 2637/2749/2666
f 2667/2736/2667 2637/2749/2666 2639/2751/2668
f 2665/2733/2669 2639/2751/2668 2641/2753/2670
f 2665/2733/2669 2677/2754/2671 2674/2734/2644
f 2643/2758/2672 2858/2954/1992 2650/2759/2673
f 2679/2791/2674 2847/2960/1991 2643/2758/2672
f 2645/2760/2675 3159/2508/2676 3156/2505/2677
f 2849/3143/2678 3149/2499/2679 3138/2493/2680
f 2646/2761/2681 3128/2485/2682 3127/3123/2682
f 2682/2873/2683 2686/2843/2683 2506/3413/2683
f 3018/2431/2684 3017/3073/2685 2519/3414/2685
f 3172/3156/1782 2859/3157/2686 2679/2791/2674
f 2691/2821/2687 2710/2795/2688 2683/2844/2689
f 2687/2842/2690 2710/2795/2688 2737/2794/2690
f 2504/3415/2691 2509/3416/2691 3501/3370/2691
f 2701/2838/2692 2735/2797/2693 2732/2811/2692
f 2685/2840/2693 2737/2794/2690 2735/2797/2693
f 2693/2820/2694 2716/2800/2695 2715/2799/2694
f 2689/2823/2695 2719/2807/2696 2716/2800/2695
f 2691/2821/2687 2715/2799/2694 2713/2802/2687
f 2699/2827/2697 2722/2805/2698 2721/2804/2697
f 2768/2877/2699 2722/2805/2698 2695/2829/2698
f 2697/2825/2696 2721/2804/2697 2719/2807/2696
f 2706/2835/2700 2708/2833/2700 3195/3169/2577
f 2705/2836/2701 2732/2811/2692 2731/2810/2701
f 2703/2832/2702 2767/2875/2699 2768/2877/2699
f 2703/2832/2702 2727/2815/2703 2725/2817/2702
f 2707/2834/2704 2731/2810/2701 2729/2813/2704
f 2709/2831/2703 2729/2813/2704 2727/2815/2703
f 2736/2796/2705 2738/2847/2705 2765/2846/2705
f 2711/2793/2705 2741/2849/2705 2738/2847/2705
f 2712/2871/2705 2742/2850/2705 2741/2849/2705
f 2714/2801/2705 2744/2852/2705 2742/2850/2705
f 2717/2798/2705 2746/2854/2705 2744/2852/2705
f 2718/2808/2705 2748/2856/2705 2746/2854/2705
f 2720/2806/2705 2750/2858/2705 2748/2856/2705
f 2723/2803/2705 2771/2879/2705 2750/2858/2705
f 2724/2874/2705 2754/2861/2705 2753/2860/2705
f 2766/2881/2705 2753/2860/2705 2771/2879/2705
f 2726/2816/2705 2756/2863/2705 2754/2861/2705
f 2728/2814/2705 2758/2865/2705 2756/2863/2705
f 2730/2812/2705 2760/2867/2705 2758/2865/2705
f 2733/2809/2705 2762/2870/2705 2760/2867/2705
f 2734/2818/2705 2765/2846/2705 2762/2870/2705
f 2764/2869/2706 2419/3417/2707 2432/3418/2706
f 2739/2845/2707 2420/3419/2708 2419/3417/2707
f 2740/2872/2709 2421/3420/2710 2420/3419/2708
f 2743/2848/2710 2422/3421/2711 2421/3420/2710
f 2745/2851/2712 2423/3422/2713 2422/3421/2711
f 2747/2853/2714 2424/3423/2715 2423/3422/2713
f 2749/2855/2716 2425/3424/2717 2424/3423/2715
f 2751/2857/2717 2433/3425/2718 2425/3424/2717
f 2752/2878/2719 2427/3426/2720 2426/3427/2719
f 2770/2882/2718 2426/3427/2719 2433/3425/2718
f 2755/2859/2720 2428/3428/2721 2427/3426/2720
f 2757/2862/2722 2429/3429/2723 2428/3428/2721
f 2759/2864/2723 2430/3430/2724 2429/3429/2723
f 2761/2866/2724 2431/3431/2725 2430/3430/2724
f 2763/2868/2725 2432/3418/2706 2431/3431/2725
f 2776/2903/2101 2772/2899/1669 2784/2896/1669
f 2773/2897/2726 2790/2888/2727 2788/2886/2726
f 2785/2898/2086 2788/2886/2726 2787/2883/2086
f 2775/2900/2727 2792/2890/2728 2790/2888/2727
f 2777/2902/2728 2794/2892/2729 2792/2890/2728
f 2805/2930/2101 2778/2905/2730 2776/2903/2101
f 2779/2904/2731 2796/2894/2732 2794/2892/2729
f 2782/2938/1669 2780/2907/1669 2778/2905/2730
f 2781/2906/2733 2799/2923/2734 2796/2894/2732
f 2810/2937/2735 2799/2923/2734 2783/2908/2736
f 2787/2883/2086 2813/2924/2086 2785/2898/2086
f 2786/2885/2737 2404/3393/2547 2434/2381/1671
f 2815/2909/2738 2786/2885/2737 2500/3432/1669
f 2791/2887/2739 2490/3433/2740 2789/2884/2741
f 3479/3359/2742 3313/3355/2489 2793/2889/2743
f 2831/2951/2115 2842/2384/2096 2826/2922/2096
f 2800/2927/2744 2819/2913/2745 2802/2929/2745
f 2813/2924/2086 2817/2910/2744 2800/2927/2744
f 2802/2929/2745 2821/2915/2746 2804/2931/2746
f 2804/2931/2746 2823/2917/2747 2806/2933/2748
f 2806/2933/2748 2825/2919/2749 2808/2935/2750
f 2808/2935/2750 2827/2921/2751 2810/2937/2735
f 2815/2909/2738 2435/3407/2625 2816/2912/2752
f 2829/2939/2626 2985/3071/2753 2818/2914/2754
f 3179/3159/2755 3182/3161/2756 2822/2918/2757
f 2830/2952/2758 2885/2974/2759 2840/2382/2760
f 2834/2950/2761 2445/3434/2762 2830/2952/2758
f 3181/2941/2763 3050/2440/2764 3049/2964/2765
f 2832/2944/2766 2449/3435/2767 2838/2946/2768
f 2836/2948/2769 2447/3436/2770 2834/2950/2761
f 2838/2946/2768 2448/3437/2771 2836/2948/2769
f 2841/2383/2772 2886/3367/2773 2845/2386/2774
f 2846/2387/1675 2471/3438/2775 3205/3187/2776
f 2857/2956/2777 2918/3016/2196 2929/3015/2195
f 2848/2955/2137 2931/3018/2778 2918/3016/2196
f 3160/2958/2779 2921/3021/2780 3166/3152/2781
f 3141/2495/2782 3144/3022/2783 2921/3021/2780
f 3147/2497/2202 2923/3066/2784 3144/3022/2783
f 3091/3067/2238 2852/2959/2141 3087/2457/2785
f 2862/2392/2786 2925/3004/2787 2934/2410/2786
f 2853/2388/2788 2929/3015/2195 2926/2407/2788
f 2860/2961/2398 3169/3019/2789 2931/3018/2778
f 2983/3084/2790 2933/3005/1680 2987/3026/2791
f 2868/2971/2792 2945/3013/2793 2864/2973/2794
f 2445/3434/2762 2877/2396/2795 2885/2974/2759
f 2447/3436/2770 2865/2972/2796 2445/3434/2762
f 3297/3365/2797 2875/3366/2798 2874/2394/2799
f 2866/2965/2800 2943/3007/2801 2872/2967/2802
f 2936/3008/2803 3048/2439/2804 3054/2442/2804
f 2446/3439/2805 2873/2966/2806 2449/3435/2767
f 2870/2969/2807 2941/3010/2808 2868/2971/2792
f 2448/3437/2771 2869/2970/2809 2447/3436/2770
f 2872/2967/2802 2938/3011/2810 2870/2969/2807
f 2449/3435/2767 2871/2968/2811 2448/3437/2771
f 2876/2395/1682 2886/3367/2773 2884/2975/2812
f 2879/3440/2813 3097/2465/2814 3085/3124/2814
f 3143/2989/2169 2878/2976/2815 2461/3441/2169
f 2896/2400/2816 2438/3442/2167 2881/3443/2817
f 2904/2403/2818 2880/2977/2158 2883/3444/2819
f 2988/2983/2820 2882/2979/2821 2454/3445/2822
f 2887/2981/2823 3229/3362/2824 2471/3438/2775
f 2888/2994/2825 2439/3446/2826 2436/3447/2827
f 2928/3023/2828 2889/2985/2165 2900/2988/2203
f 2901/2987/2829 2436/3447/2827 2438/3442/2167
f 2919/3014/2194 2902/2986/2830 2889/2985/2165
f 2890/3149/2831 2461/3441/2169 2437/3448/2832
f 3165/3154/2833 2891/2990/2834 3164/3150/2835
f 3163/3153/2836 2437/3448/2832 2462/3449/2836
f 2920/3151/2837 3142/2991/2838 2891/2990/2834
f 3145/3020/2839 2893/3145/2840 3142/2991/2838
f 3090/2460/1738 3094/2463/2841 2894/2398/2842
f 2927/2408/2843 2900/2988/2203 2899/2402/2843
f 2935/2411/1688 2898/2401/2844 2907/2405/2845
f 2903/2984/2846 2463/3450/2847 2439/3446/2826
f 2930/3024/2848 3167/2993/2849 2902/2986/2830
f 2986/3027/2850 2906/2404/2851 2989/2982/2852
f 2444/3451/2853 3058/2445/2854 3052/3109/2273
f 2452/3452/2855 2909/3003/2853 2444/3451/2853
f 2908/3107/2856 3057/2444/2857 3059/3108/2858
f 2937/3006/2856 2912/3002/2859 2942/3025/2860
f 2450/3453/2861 2916/2997/2862 2911/2996/2863
f 2940/3012/2864 2917/2995/2865 2944/3364/2866
f 2911/2996/2863 2451/3454/2867 2450/3453/2861
f 2939/3009/2868 2910/2998/2869 2940/3012/2864
f 2915/2999/2870 2913/3001/2871 2452/3452/2855
f 2942/3025/2860 2914/3000/2872 2939/3009/2868
f 2916/2997/2862 2443/3455/2862 3272/3224/2862
f 2944/3364/2866 3271/3226/2873 3298/3240/2874
f 2947/3051/2875 2968/3031/2876 2961/3028/2877
f 3184/3052/2878 2961/3028/2877 3190/3133/2879
f 2957/3046/2880 2959/3253/2881 2962/3037/2882
f 2959/3253/2881 3509/3382/2883 3524/3254/2884
f 2951/3039/2885 2966/3033/2886 2968/3031/2876
f 2953/3042/2887 2964/3035/2888 2966/3033/2886
f 2955/3044/2889 2962/3037/2882 2964/3035/2888
f 2965/3034/2232 2963/3036/2232 2978/3061/2890
f 3082/3120/2891 3191/3132/2892 2960/3030/2893
f 2442/3456/2894 2970/3063/2895 2440/3457/2896
f 2981/3054/2897 2971/3255/2898 2974/3062/2899
f 2979/3060/2900 3299/3265/2901 2971/3255/2898
f 3081/3164/2902 2973/3057/2903 3084/3068/2904
f 3083/3069/2905 2460/3458/2906 2459/3459/2907
f 2977/3119/2908 2974/3062/2899 2973/3057/2903
f 2972/3059/2909 2442/3456/2894 2460/3458/2906
f 3003/2421/1712 2983/3084/2790 2987/3026/2791
f 3010/2426/2242 2986/3027/2850 2989/2982/2852
f 3015/3086/2910 2988/2983/2820 2454/3445/2822
f 2996/3081/2911 3016/2430/2911 3024/2434/2911
f 3033/3074/2261 2991/2413/1698 2995/2415/1698
f 2517/3460/2912 3030/3090/2913 3178/3162/2914
f 2994/3080/2915 3028/2437/2916 3020/3088/2917
f 2455/3461/2918 2999/2418/1703 2993/3079/1703
f 3035/3076/2919 2998/2417/2920 3000/3078/2921
f 3001/2419/2922 3023/3087/2923 3029/2438/2924
f 3025/2435/1716 3013/2429/1716 3006/2423/1713
f 3026/2436/2925 3005/2422/2926 3009/2425/2926
f 3021/3089/2927 3008/3082/2928 3014/3085/2929
f 3039/3091/2930 3031/3095/2261 3033/3074/2261
f 3041/3093/2931 3032/3075/2932 3035/3076/2919
f 2456/3462/2933 3034/3077/2934 2455/3461/2918
f 3045/3097/2935 3036/3101/2936 3039/3091/2930
f 3037/3096/2937 3183/3160/2938 3178/3162/2914
f 3047/3099/2939 3038/3092/2940 3041/3093/2931
f 2457/3463/2941 3040/3094/2942 2456/3462/2933
f 3076/3103/2943 3042/3118/2944 3045/3097/2935
f 3043/3102/2945 3181/2941/2763 3183/3160/2938
f 3078/3105/2946 3044/3098/2947 3047/3099/2939
f 2458/3464/2948 3046/3100/2949 2457/3463/2941
f 3055/3111/1721 3070/2454/1721 3062/2448/2950
f 3053/3110/2951 3066/2451/2952 3073/3115/2952
f 3060/2446/2953 3065/2450/2954 3067/3114/2953
f 3063/3117/2279 3080/3112/2955 3076/3103/2943
f 3068/2452/2956 3075/3104/2957 3078/3105/2946
f 3074/3116/2958 3077/3106/2959 2458/3464/2948
f 3189/3134/2960 3084/3068/2904 3187/3121/2961
f 3186/3122/2962 2459/3459/2907 2464/3465/2963
f 3086/3125/2297 3135/3140/2964 3124/3141/2964
f 3130/2487/2965 3089/2459/1737 3126/2484/2966
f 3093/2462/2967 3136/2491/2967 3095/3126/2968
f 3099/3129/1751 3114/2477/2969 3115/3136/2294
f 3125/3142/2970 3103/2468/2971 3098/3128/2972
f 3132/2488/1758 3100/2466/1758 3137/2492/1758
f 3108/3130/2973 3111/2475/2973 3101/3131/2973
f 3121/3127/2287 3105/2470/2974 3119/2480/2975
f 3110/2474/1747 3129/2486/2976 3106/2471/1747
f 3123/2483/2977 3187/3121/2961 3112/3138/2977
f 3116/3137/2978 3186/3122/2962 2464/3465/2963
f 3188/3135/2979 3118/2479/2980 3191/3132/2892
f 3184/3052/2878 3190/3133/2879 3117/2478/2981
f 3151/2501/2304 3148/2498/2304 3139/3144/2304
f 3157/2506/2982 3175/2514/2982 3171/2511/1774
f 3161/2509/2983 3166/3152/2781 3169/3019/2789
f 3168/2992/2984 2462/3449/2836 2463/3450/2847
f 3170/3017/2985 3164/3150/2835 3167/2993/2849
f 3192/3173/2986 3222/3190/2987 3215/3189/2986
f 3201/3353/2487 3215/3189/2986 3225/3196/2487
f 3458/2612/2988 3457/2611/2988 3194/3360/2988
f 2498/3466/2989 2492/3467/2990 2494/3468/2991
f 3476/3348/2992 3225/3196/2487 3477/3351/2993
f 2499/3392/2545 3527/3469/2994 3202/3176/2551
f 2491/3470/2995 3203/3175/2996 3526/3383/2997
f 3209/3185/2998 2471/3438/2775 2473/3471/2999
f 3207/3178/3000 2475/3472/3001 2472/3473/3002
f 3379/2566/3003 3401/2582/3004 3481/3179/3005
f 3211/3183/3006 2473/3471/2999 2474/3474/3007
f 3213/3181/3008 2474/3474/3007 2475/3472/3001
f 3223/3188/3009 3274/3241/3010 3214/3195/3011
f 3214/3195/3011 3283/3248/2198 3224/3354/2198
f 3275/3352/3012 3217/3257/3012 3467/3191/3013
f 3422/2588/1841 3217/3257/3012 3275/3352/3012
f 3228/2522/3014 3280/2534/3014 3221/2519/3014
f 3218/2517/3015 3281/3247/3016 3223/3188/3009
f 3224/3354/2198 3474/3244/3017 3478/3350/3017
f 3312/3269/3018 3288/2537/3019 3227/2521/3020
f 3234/3203/3021 3297/3365/2797 3293/3239/3022
f 2473/3471/2999 3229/3362/2824 3233/3204/3023
f 3232/3197/3024 3295/3249/3025 3290/3233/2384
f 2472/3473/3002 3237/3200/3026 3231/3198/3027
f 3290/3233/2384 3377/2565/3028 3232/3197/3024
f 3236/3201/3029 3293/3239/3022 3292/3236/3030
f 2474/3474/3007 3233/3204/3023 3235/3202/3031
f 3238/3199/3032 3292/3236/3030 3295/3249/3025
f 2475/3472/3001 3235/3202/3031 3237/3200/3026
f 3239/3206/3033 3424/3330/3033 3248/3207/3033
f 3471/3222/3034 3240/3475/3035 3247/2523/3036
f 3251/2526/3037 2466/3476/3038 3255/3220/3039
f 3259/2529/3040 3242/3477/3041 3254/2528/3042
f 3318/3214/3043 3244/3478/3044 3262/2531/3044
f 3246/3217/3045 2467/3479/3046 3257/3218/3047
f 3282/3242/3048 3245/3223/2374 3273/3243/3049
f 3273/3243/3049 3258/3216/3050 3284/3245/3051
f 3255/3220/3039 2465/3480/3052 3246/3217/3045
f 3250/2525/3053 3249/2524/3054 3276/3266/3055
f 3276/3266/3055 3423/2589/72 3419/2586/72
f 3278/3211/3056 3256/3219/2393 3282/3242/3048
f 3286/3213/2364 3253/2527/3057 3277/2532/2364
f 3257/3218/3047 2486/3481/3058 3471/3222/3034
f 3284/3245/3051 3472/3221/3059 3473/3246/3060
f 3316/3250/3061 3261/2530/3062 3285/2535/3062
f 2470/3482/3063 3387/2571/3064 3263/3309/3065
f 3289/3235/3066 3268/3230/3067 3264/3232/3068
f 2478/3483/2382 3263/3309/3065 3267/3231/3069
f 3264/3232/3068 3384/3310/3070 3289/3235/3066
f 2476/3484/3071 3272/3224/2862 2443/3455/2862
f 3291/3238/3072 3266/3225/3073 3270/3228/3074
f 3294/3237/3075 3271/3226/2873 3266/3225/3073
f 3265/3227/3076 2477/3485/3077 3269/3229/3078
f 2478/3483/2382 3267/3231/3069 3269/3229/3078
f 3296/3234/3079 3270/3228/3074 3268/3230/3067
f 3300/3256/3080 2469/3486/3081 2440/3457/2896
f 3310/3260/3082 3299/3265/2901 3308/3064/3083
f 3411/3322/3084 3301/3263/3085 3306/3259/3086
f 3306/3259/3086 3304/3262/3087 3310/3260/3082
f 3413/3267/3088 2485/3487/3089 3302/3261/3090
f 3302/3261/3090 2469/3486/3081 3303/3264/3091
f 3513/2629/2492 3512/3488/3092 3410/3361/2492
f 3332/2547/3093 3312/3269/3018 3342/2555/3093
f 3314/3271/3094 2492/3467/2990 3529/3272/3095
f 3337/3273/3096 3316/3250/3061 3335/2549/3097
f 3343/3284/3098 3318/3214/3043 3336/2550/3098
f 3327/2543/1804 3345/2556/1807 3321/2540/3099
f 3361/3275/2425 3320/2539/1803 3360/3291/2425
f 3322/3279/1823 3357/2563/3100 3329/3287/3101
f 2480/3489/3102 3328/2544/3103 3364/3276/3104
f 3363/3277/3105 3325/3278/3106 3362/3274/2424
f 3330/2545/3107 3354/2561/3108 3326/2542/3107
f 3352/3282/1817 3341/2554/1817 3346/3286/1817
f 3355/2562/1821 3334/2548/3109 3351/2559/3110
f 3349/3289/3111 3339/2552/3111 3358/2564/3112
f 3367/3293/3113 3360/3291/2425 3366/3297/3114
f 3369/3295/3115 3362/3274/2424 3368/3292/3116
f 2481/3490/3117 3364/3276/3104 3370/3294/3118
f 3373/3299/3119 3366/3297/3114 3372/3303/3120
f 3365/3302/2447 3483/3358/3121 3371/3320/3122
f 3375/3301/3123 3368/3292/3116 3374/3298/3124
f 2482/3491/3125 3370/3294/3118 3376/3300/3126
f 3404/3305/3127 3372/3303/3120 3408/3315/3128
f 3371/3320/3122 3481/3179/3005 3409/3314/3129
f 3406/3307/3130 3374/3298/3124 3405/3304/3131
f 2483/3492/3132 3376/3300/3126 3407/3306/2451
f 3386/2570/3133 3399/2580/1839 3378/3308/3134
f 3381/3311/3135 3395/2577/3136 3388/3313/3135
f 3389/2572/3137 3392/3316/3138 3385/2569/3137
f 3394/2576/1840 3408/3315/3128 3400/2581/3139
f 3397/2578/3140 3405/3304/3131 3393/2575/3141
f 3402/3317/3142 3407/3306/2451 3396/3319/3142
f 3489/3340/3143 3412/3268/3144 3411/3322/3084
f 3488/3323/3145 2484/3493/3088 3413/3267/3088
f 3414/3329/1859 3466/2618/1859 3425/2590/3146
f 3459/2613/1842 3417/2584/3147 3421/2587/1842
f 3420/3327/72 3465/2617/72 3460/3328/72
f 3427/3333/2470 3441/3342/3148 3431/2593/3148
f 3453/3346/1858 3430/3334/1858 3463/2616/1858
f 3461/2614/72 3429/2592/72 3438/2599/72
f 3439/2600/72 3440/2601/72 3449/2607/72
f 3452/2609/1856 3435/2597/3149 3436/2598/3150
f 3437/3345/3151 3456/3344/3152 3462/2615/1848
f 3450/3339/3153 3487/3324/3154 3489/3340/3143
f 3444/3341/3155 3488/3323/3145 3442/2602/3156
f 3486/3325/3157 3448/2606/3158 3492/3336/3159
f 3490/3338/3160 3447/2605/3161 3451/2608/3162
f 3470/3168/3163 3477/3351/2993 3468/3193/3164
f 3496/2622/1868 3492/3336/3159 3511/2628/1862
f 3497/2623/3165 3522/2632/1867 3508/2627/3165
f 3499/3374/3166 3524/3254/2884 3509/3382/2883
f 3502/3368/3167 3516/3377/3168 3499/3374/3166
f 3504/3371/3169 3517/3378/3170 3502/3368/3167
f 3505/2625/3171 3519/3380/3172 3504/3371/3169
f 2533/2645/2541 2610/2723/3173 2503/3494/1669
f 2610/2723/3173 2417/3406/2623 2503/3494/1669
f 2533/2645/2541 2503/3494/1669 2502/2379/1669
f 3202/3176/2551 2536/2650/2546 2499/3392/2545
f 2536/2650/2546 2534/2648/2542 2404/3393/2547
f 3475/3349/2562 2567/2679/3174 2595/2680/1917
f 2595/2680/1917 2542/2708/2558 3200/3174/1917
f 2542/2708/2558 3193/3166/2559 3200/3174/1917
f 2391/3495/3175 2550/2665/3176 2559/2664/2578
f 3195/3169/2577 2391/3495/3175 2559/2664/2578
f 2567/2679/3174 3475/3349/2562 3469/3170/2578
f 3195/3169/2577 2559/2664/2578 2561/2673/2578
f 3195/3169/2577 2561/2673/2578 2563/2675/2578
f 2567/2679/3174 3469/3170/2578 2565/2677/2578
f 3469/3170/2578 3195/3169/2577 2565/2677/2578
f 2632/2746/1982 2550/2665/3176 2391/3495/3175
f 3154/2503/2583 3150/2500/2583 2638/2752/1982
f 3150/2500/2583 2644/3147/3177 2640/2755/2641
f 2640/2755/2641 2638/2752/1982 3150/2500/2583
f 3154/2503/2583 2638/2752/1982 3155/2504/2583
f 2638/2752/1982 2636/2750/2583 2647/3163/2582
f 3155/2504/2583 2638/2752/1982 2647/3163/2582
f 2632/2746/1982 2391/3495/3175 2647/3163/2582
f 2634/2748/1982 2632/2746/1982 2647/3163/2582
f 2621/2731/2638 2676/2756/2643 2678/3155/2643
f 2676/2756/2643 2640/2755/2641 3173/2512/2643
f 2678/3155/2643 2676/2756/2643 3173/2512/2643
f 2640/2755/2641 2644/3147/3177 3158/2507/2643
f 2640/2755/2641 3158/2507/2643 3174/2513/2642
f 2642/2790/2638 2621/2731/2638 2678/3155/2643
f 3146/2496/2682 3152/2502/2682 2851/3053/2682
f 3152/2502/2682 2646/2761/2681 2851/3053/2682
f 2646/2761/2681 3184/3052/2878 3128/2485/2682
f 3184/3052/2878 3117/2478/2981 3104/2469/2682
f 3184/3052/2878 3104/2469/2682 3128/2485/2682
f 3088/2458/2682 2851/3053/2682 2646/2761/2681
f 3127/3123/2682 3088/2458/2682 2646/2761/2681
f 2647/3163/2582 2391/3495/3175 2694/2880/2683
f 2391/3495/3175 2769/2876/3178 2694/2880/2683
f 2946/3040/2683 3185/3050/2683 2688/2824/3179
f 3185/3050/2683 2647/3163/2582 2696/2826/2683
f 2688/2824/3179 3185/3050/2683 2696/2826/2683
f 2952/3043/2683 2950/3041/2683 2692/2822/2049
f 2950/3041/2683 2946/3040/2683 2692/2822/2049
f 2956/3047/2683 2954/3045/2683 2690/2819/2048
f 2954/3045/2683 2952/3043/2683 2690/2819/2048
f 3510/3375/3180 2948/3049/2047 2505/3496/3179
f 2948/3049/2047 2956/3047/2683 2690/2819/2048
f 2505/3496/3179 2948/3049/2047 2682/2873/2683
f 2505/3496/3179 2511/3497/3181 3510/3375/3180
f 2512/3498/2683 2507/3499/2683 2506/3413/2683
f 2682/2873/2683 2948/3049/2047 2690/2819/2048
f 2506/3413/2683 2505/3496/3179 2682/2873/2683
f 2647/3163/2582 2694/2880/2683 2698/2828/2683
f 2647/3163/2582 2698/2828/2683 2696/2826/2683
f 2952/3043/2683 2692/2822/2049 2690/2819/2048
f 2512/3498/2683 2506/3413/2683 2686/2843/2683
f 2684/2841/3182 2513/3500/3182 2512/3498/2683
f 2686/2843/2683 2684/2841/3182 2512/3498/2683
f 2946/3040/2683 2688/2824/3179 2692/2822/2049
f 2828/2940/2684 2648/2763/3183 2855/2389/2684
f 2648/2763/3183 2650/2759/2673 2858/2954/1992
f 2855/2389/2684 2648/2763/3183 2856/2390/2684
f 2858/2954/1992 2856/2390/2684 2648/2763/3183
f 2855/2389/2684 2861/2391/3183 2828/2940/2684
f 2861/2391/3183 2982/3070/2684 2828/2940/2684
f 2984/3158/3184 2828/2940/2684 2982/3070/2684
f 2518/3501/3183 3178/3162/2914 2984/3158/3184
f 2992/2414/3185 2516/3502/3186 2519/3414/2685
f 2519/3414/2685 2518/3501/3183 3018/2431/2684
f 2518/3501/3183 2984/3158/3184 3011/2427/2685
f 3018/2431/2684 2518/3501/3183 3011/2427/2685
f 2982/3070/2684 3011/2427/2685 2984/3158/3184
f 3017/3073/2685 2992/2414/3185 2519/3414/2685
f 2684/2841/3182 2700/2839/3187 3507/2626/2691
f 2700/2839/3187 3498/2624/3188 3507/2626/2691
f 2514/3503/2691 2513/3500/3182 2684/2841/3182
f 2509/3416/2691 2508/3504/2691 3503/3372/3189
f 2508/3504/2691 2515/3505/2691 3503/3372/3189
f 2515/3505/2691 2514/3503/2691 3506/3373/2691
f 2514/3503/2691 2684/2841/3182 3506/3373/2691
f 2684/2841/3182 3507/2626/2691 3506/3373/2691
f 3506/3373/2691 3503/3372/3189 2515/3505/2691
f 3503/3372/3189 3501/3370/2691 2509/3416/2691
f 3510/3375/3180 2511/3497/3181 2510/3506/3189
f 3500/3369/3190 3510/3375/3180 2510/3506/3189
f 3501/3370/2691 3500/3369/3190 2504/3415/2691
f 3500/3369/3190 2510/3506/3189 2504/3415/2691
f 2702/2830/3191 2769/2876/3178 2391/3495/3175
f 3485/3326/2700 3498/2624/3188 2700/2839/3187
f 3485/3326/2700 2700/2839/3187 2704/2837/2700
f 2702/2830/3191 2391/3495/3175 3195/3169/2577
f 2708/2833/2700 2702/2830/3191 3195/3169/2577
f 3195/3169/2577 3485/3326/2700 2706/2835/2700
f 3485/3326/2700 2704/2837/2700 2706/2835/2700
f 2812/2926/1669 2801/2925/1669 2805/2930/2101
f 2801/2925/1669 2803/2928/1669 2805/2930/2101
f 2805/2930/2101 2776/2903/2101 2784/2896/1669
f 2776/2903/2101 2774/2901/1669 2772/2899/1669
f 2784/2896/1669 2812/2926/1669 2805/2930/2101
f 2778/2905/2730 2807/2932/2730 2782/2938/1669
f 2807/2932/2730 2809/2934/1669 2811/2936/1669
f 2782/2938/1669 2807/2932/2730 2811/2936/1669
f 2503/3494/1669 2417/3406/2623 2500/3432/1669
f 2417/3406/2623 2815/2909/2738 2500/3432/1669
f 2786/2885/2737 2434/2381/1671 2501/2380/1670
f 2786/2885/2737 2501/2380/1670 2500/3432/1669
f 2791/2887/2739 2793/2889/2743 2489/3507/2739
f 2793/2889/2743 3313/3355/2489 2488/3508/2739
f 3313/3355/2489 3528/3270/2739 2488/3508/2739
f 2489/3507/2739 2490/3433/2740 2791/2887/2739
f 2490/3433/2740 2499/3392/2545 2404/3393/2547
f 2793/2889/2743 2488/3508/2739 2489/3507/2739
f 2490/3433/2740 2404/3393/2547 2789/2884/2741
f 2793/2889/2743 2795/2891/3192 3479/3359/2742
f 2795/2891/3192 3206/3180/3193 3482/3177/2742
f 3482/3177/2742 3484/3357/2742 2795/2891/3192
f 3484/3357/2742 3479/3359/2742 2795/2891/3192
f 3206/3180/3193 2795/2891/3192 3212/3182/2115
f 2795/2891/3192 2797/2893/2115 3212/3182/2115
f 2797/2893/2115 2798/2895/2096 3208/3186/2115
f 3210/3184/2096 2797/2893/2115 3208/3186/2115
f 3210/3184/2096 3212/3182/2115 2797/2893/2115
f 3204/3363/2115 3208/3186/2115 2798/2895/2096
f 2843/2385/1674 3204/3363/2115 2798/2895/2096
f 2798/2895/2096 2826/2922/2096 2844/2953/2115
f 2843/2385/1674 2798/2895/2096 2844/2953/2115
f 2824/2920/2096 2822/2918/2757 2839/2945/2096
f 2822/2918/2757 2833/2942/3194 2839/2945/2096
f 2842/2384/2096 2844/2953/2115 2826/2922/2096
f 2826/2922/2096 2824/2920/2096 2837/2947/2096
f 2824/2920/2096 2839/2945/2096 2837/2947/2096
f 2837/2947/2096 2835/2949/2096 2826/2922/2096
f 2835/2949/2096 2831/2951/2115 2826/2922/2096
f 2985/3071/2753 2820/2916/3195 2818/2914/2754
f 2818/2914/2754 2816/2912/2752 2829/2939/2626
f 2816/2912/2752 2435/3407/2625 2829/2939/2626
f 2833/2942/3194 2822/2918/2757 3180/2943/2755
f 2822/2918/2757 2820/2916/3195 3179/3159/2755
f 3180/2943/2755 2822/2918/2757 3182/3161/2756
f 2820/2916/3195 2985/3071/2753 3179/3159/2755
f 3181/2941/2763 3079/3113/3196 3071/2455/2764
f 3181/2941/2763 3071/2455/2764 3050/2440/2764
f 2446/3439/2805 2832/2944/2766 3049/2964/2765
f 2832/2944/2766 3181/2941/2763 3049/2964/2765
f 3049/2964/2765 2867/2963/3197 2446/3439/2805
f 2921/3021/2780 2850/2957/3198 3141/2495/2782
f 3141/2495/2782 3140/2494/3199 3144/3022/2783
f 3144/3022/2783 3140/2494/3199 3147/2497/2202
f 3147/2497/2202 2852/2959/2141 2923/3066/2784
f 2874/2394/2799 2864/2973/2794 2945/3013/2793
f 3297/3365/2797 3230/3205/3200 3495/2621/2799
f 3297/3365/2797 3495/2621/2799 2875/3366/2798
f 2874/2394/2799 2945/3013/2793 3297/3365/2797
f 2893/3145/2840 2922/3146/3201 2894/2398/2842
f 2922/3146/3201 3090/2460/1738 2894/2398/2842
f 2441/3509/3202 2451/3454/2867 2452/3452/2855
f 2451/3454/2867 2915/2999/2870 2452/3452/2855
f 2980/3056/2232 2976/3055/2232 2965/3034/2232
f 2976/3055/2232 3082/3120/2891 2969/3029/2232
f 3082/3120/2891 2960/3030/2893 2969/3029/2232
f 2976/3055/2232 2969/3029/2232 2967/3032/2232
f 3525/3252/3203 3307/3065/3204 2958/3038/2232
f 3307/3065/3204 2978/3061/2890 2958/3038/2232
f 2978/3061/2890 2980/3056/2232 2965/3034/2232
f 2976/3055/2232 2967/3032/2232 2965/3034/2232
f 2963/3036/2232 2958/3038/2232 2978/3061/2890
f 2442/3456/2894 2975/3058/3205 2970/3063/2895
f 2970/3063/2895 3300/3256/3080 2440/3457/2896
f 3178/3162/2914 2518/3501/3183 2517/3460/2912
f 2517/3460/2912 2516/3502/3186 3030/3090/2913
f 2516/3502/3186 2992/2414/3185 3030/3090/2913
f 3030/3090/2913 3037/3096/2937 3178/3162/2914
f 3169/3019/2789 3176/2515/3206 3161/2509/2983
f 3161/2509/2983 3160/2958/2779 3166/3152/2781
f 3194/3360/2988 3470/3168/3163 3216/3192/2988
f 3470/3168/3163 3468/3193/3164 3216/3192/2988
f 3448/2606/3158 3486/3325/3157 3433/2595/3207
f 3486/3325/3157 3194/3360/2988 3457/2611/2988
f 3433/2595/3207 3486/3325/3157 3457/2611/2988
f 3194/3360/2988 3216/3192/2988 3418/2585/3208
f 3194/3360/2988 3418/2585/3208 3458/2612/2988
f 3199/3165/2319 3197/3171/3209 3222/3190/2987
f 3197/3171/3209 3203/3175/2996 2493/3510/3210
f 2493/3510/3210 2491/3470/2995 2495/3511/2989
f 3197/3171/3209 2493/3510/3210 3220/2518/3209
f 3219/3194/2989 3222/3190/2987 3197/3171/3209
f 3311/3283/2989 3226/2520/3209 2496/3512/2989
f 3226/2520/3209 3220/2518/3209 2493/3510/3210
f 2496/3512/2989 3226/2520/3209 2495/3511/2989
f 3220/2518/3209 3219/3194/2989 3197/3171/3209
f 2493/3510/3210 2495/3511/2989 3226/2520/3209
f 3347/2557/2989 3340/2553/2989 3314/3271/3094
f 3340/2553/2989 3311/3283/2989 2494/3468/2991
f 2497/3513/3209 3311/3283/2989 2496/3512/2989
f 3359/3296/3211 3319/2538/2989 3480/3356/3212
f 3319/2538/2989 3348/2558/2989 3480/3356/3212
f 3311/3283/2989 2497/3513/3209 2498/3466/2989
f 3365/3302/2447 3359/3296/3211 3480/3356/3212
f 3348/2558/2989 3347/2557/2989 3314/3271/3094
f 3311/3283/2989 2498/3466/2989 2494/3468/2991
f 2494/3468/2991 3314/3271/3094 3340/2553/2989
f 3314/3271/3094 3480/3356/3212 3348/2558/2989
f 3401/2582/3004 3409/3314/3129 3481/3179/3005
f 3481/3179/3005 3207/3178/3000 3380/2567/3003
f 3207/3178/3000 2472/3473/3002 3380/2567/3003
f 3481/3179/3005 3380/2567/3003 3379/2566/3003
f 2472/3473/3002 3231/3198/3027 3380/2567/3003
f 3467/3191/3013 3478/3350/3017 3474/3244/3017
f 3474/3244/3017 3275/3352/3012 3467/3191/3013
f 3276/3266/3055 3473/3246/3060 3250/2525/3053
f 3473/3246/3060 3472/3221/3059 3250/2525/3053
f 3269/3229/3078 2477/3485/3077 2478/3483/2382
f 2477/3485/3077 2468/3514/3213 2478/3483/2382
f 3305/3321/3092 3309/3258/3092 3518/3376/3092
f 3309/3258/3092 3307/3065/3204 3518/3376/3092
f 3307/3065/3204 3525/3252/3203 3515/3381/3092
f 3307/3065/3204 3515/3381/3092 3518/3376/3092
f 3410/3361/2492 3305/3321/3092 3520/3379/2492
f 3520/3379/2492 3305/3321/3092 3518/3376/3092
f 3491/3337/3160 3490/3338/3160 3512/3488/3092
f 3490/3338/3160 3410/3361/2492 3512/3488/3092
f 3520/3379/2492 3523/2633/3092 3410/3361/2492
f 3523/2633/3092 3513/2629/2492 3410/3361/2492
f 2395/3388/3214 3531/3387/3215 3533/3388/3216
f 2396/3384/3217 3532/3390/3218 3534/3384/3219
f 2394/3390/3218 3533/3388/3216 3532/3390/3218
f 2392/3385/3220 3534/3384/3219 3530/3385/3219
f 2393/3387/3221 3535/3389/3222 3531/3387/3215
f 2405/3391/3223 3536/3395/3224 3542/3391/3225
f 2398/3395/3226 3537/3394/3227 3536/3395/3224
f 2399/3394/3228 3538/3396/3229 3537/3394/3227
f 2400/3396/3230 3539/3397/3231 3538/3396/3229
f 2401/3397/3232 3540/3398/3233 3539/3397/3231
f 2402/3398/3234 3541/3399/3235 3540/3398/3233
f 2397/3389/3222 3542/3391/3225 3535/3389/3222
f 2407/3401/3236 3546/3404/3237 3544/3401/3238
f 2408/3403/3239 3547/3400/3240 3545/3403/3239
f 2409/3404/3241 3545/3403/3239 3546/3404/3237
f 2410/3400/3242 3543/3386/3243 3547/3400/3240
f 2411/3402/3244 3544/3401/3238 3548/3402/3245
f 2406/3386/3242 3530/3385/3219 3543/3386/3243
f 2412/3409/3246 3554/3405/3247 3549/3409/3248
f 2413/3408/3249 3549/3409/3248 3550/3408/3250
f 2414/3410/3251 3550/3408/3250 3551/3410/3252
f 2415/3411/3253 3551/3410/3252 3552/3411/3254
f 2416/3412/3255 3552/3411/3254 3553/3412/3255
f 2403/3399/3235 3553/3412/3255 3541/3399/3235
f 2418/3405/3256 3548/3402/3245 3554/3405/3247
f 2419/3417/3257 3556/3419/3258 3555/3417/3257
f 2432/3418/3257 3555/3417/3257 3568/3418/3259
f 2420/3419/3258 3557/3420/3260 3556/3419/3258
f 2421/3420/3260 3558/3421/3261 3557/3420/3260
f 2422/3421/3261 3559/3422/3262 3558/3421/3261
f 2423/3422/3262 3560/3423/3263 3559/3422/3262
f 2424/3423/3263 3561/3424/3264 3560/3423/3263
f 2426/3427/3265 3563/3426/3266 3562/3427/3265
f 2427/3426/3266 3564/3428/3262 3563/3426/3266
f 2428/3428/3262 3565/3429/3267 3564/3428/3262
f 2429/3429/3267 3566/3430/3268 3565/3429/3267
f 2430/3430/3258 3567/3431/3258 3566/3430/3268
f 2431/3431/3258 3568/3418/3259 3567/3431/3258
f 2433/3425/3269 3562/3427/3265 3569/3425/3269
f 2425/3424/3264 3569/3425/3269 3561/3424/3264
f 2438/3442/3270 3570/3447/3271 3572/3442/3270
f 2462/3449/3272 3571/3448/3273 3591/3449/3272
f 2436/3447/3274 3573/3446/3275 3570/3447/3271
f 2442/3456/3276 3574/3457/3277 3576/3456/3278
f 2443/3455/3279 3582/3515/3280 3577/3455/3281
f 2441/3509/3282 3581/3452/3283 3575/3509/3284
f 2450/3453/3285 3580/3454/3286 3579/3453/3287
f 2451/3454/3288 3575/3509/3289 3580/3454/3286
f 2452/3452/3290 3578/3451/3291 3581/3452/3283
f 2453/3515/3292 3579/3453/3287 3582/3515/3280
f 2456/3462/3293 3584/3461/3294 3585/3462/3293
f 2457/3463/3295 3585/3462/3293 3586/3463/3296
f 2458/3464/3297 3586/3463/3296 3587/3464/3298
f 2459/3459/3299 3589/3458/3300 3588/3459/3301
f 2460/3458/3302 3576/3456/3303 3589/3458/3300
f 2437/3448/3273 3590/3441/3304 3571/3448/3273
f 2463/3450/3305 3591/3449/3272 3592/3450/3305
f 2439/3446/3275 3592/3450/3305 3573/3446/3275
f 2464/3465/3306 3588/3459/3301 3593/3465/3306
f 2465/3480/3307 3595/3476/3308 3594/3480/3307
f 2467/3479/405 3594/3480/3307 3596/3479/405
f 2478/3483/3309 3597/3514/3310 3602/3483/3311
f 2477/3485/3312 3600/3484/172 3601/3485/3313
f 2468/3514/3314 3601/3485/3313 3597/3514/3315
f 2470/3482/3316 3602/3483/3311 3599/3482/3316
f 2480/3489/3317 3605/3490/3318 3604/3489/3319
f 2481/3490/3320 3606/3491/3321 3605/3490/3318
f 2482/3491/3321 3607/3492/3322 3606/3491/3321
f 2485/3487/3323 3608/3493/3324 3609/3487/3325
f 2469/3486/3326 3609/3487/3325 3598/3486/3327
f 2486/3481/3328 3596/3479/405 3610/3481/3328
f 2484/3493/3324 3611/3516/377 3608/3493/3324
f 2476/3484/3329 3577/3455/3281 3600/3484/172
f 2440/3457/3277 3598/3486/3330 3574/3457/3277
f 2500/3432/3331 3613/2380/3331 3612/3432/3331
f 2502/2379/3332 3615/3494/3332 3614/2379/3332
f 2503/3494/73 3612/3432/71 3615/3494/73
f 2501/2380/75 3614/2379/75 3613/2380/75
f 2516/3502/3333 3617/3460/3334 3616/3502/3335
f 2517/3460/3336 3618/3501/3337 3617/3460/3338
f 2518/3501/3339 3619/3414/3340 3618/3501/3341
f 2519/3414/3342 3616/3502/3343 3619/3414/3344
f 2878/2976/3345 3621/3440/3346 3620/2976/3347
f 2880/2977/3348 3623/3443/3349 3622/2977/3350
f 2882/2979/3351 3625/3444/3352 3624/2979/3353
f 2993/3079/3354 3627/3080/3355 3626/3079/3356
f 3014/3085/3357 3629/3086/3358 3628/3085/3359
f 3020/3088/3360 3631/3089/3361 3630/3088/3362
f 3052/3109/3363 3633/3110/3364 3632/3109/3365
f 3073/3115/3366 3635/3116/3367 3634/3115/3368
f 3085/3124/3369 3637/3125/3370 3636/3124/3371
f 3098/3128/3372 3639/3129/3373 3638/3128/3374
f 3115/3136/3375 3641/3137/3376 3640/3136/3377
f 3124/3141/3378 3643/3142/3379 3642/3141/3380
f 3239/3206/3381 3645/3475/3382 3644/3206/3383
f 3241/3208/3384 3647/3477/3385 3646/3208/3386
f 3243/3209/3387 3649/3478/3388 3648/3209/3389
f 3322/3279/3390 3651/3280/3391 3650/3279/3392
f 3343/3284/3393 3653/3285/3394 3652/3284/3395
f 3349/3289/3396 3655/3290/3397 3654/3289/3398
f 3381/3311/3399 3657/3312/3400 3656/3311/3401
f 3402/3317/3402 3659/3318/3403 3658/3317/3404
f 3414/3329/3405 3661/3331/3406 3660/3329/3407
f 3427/3333/3408 3663/3335/3409 3662/3333/3410
f 3444/3341/3411 3665/3343/3412 3664/3341/3413
f 3453/3346/3414 3667/3347/3415 3666/3346/3416
f 2879/3440/3417 3636/3124/3371 3621/3440/3346
f 2461/3441/3418 3620/2976/3347 3590/3441/3304
f 2881/3443/3419 3572/3442/3270 3623/3443/3349
f 2883/3444/3420 3622/2977/3350 3625/3444/3352
f 2454/3445/3421 3624/2979/3353 3583/3445/3422
f 2444/3451/3291 3632/3109/3365 3578/3451/3291
f 3015/3086/3423 3583/3445/3422 3629/3086/3358
f 2994/3080/3424 3630/3088/3362 3627/3080/3355
f 2455/3461/3425 3626/3079/3356 3584/3461/3294
f 3021/3089/3426 3628/3085/3359 3631/3089/3361
f 3053/3110/3427 3634/3115/3368 3633/3110/3364
f 3074/3116/3428 3587/3464/3298 3635/3116/3367
f 3086/3125/3429 3642/3141/3380 3637/3125/3370
f 3099/3129/3430 3640/3136/3377 3639/3129/3373
f 3125/3142/3431 3638/3128/3374 3643/3142/3379
f 3116/3137/3432 3593/3465/3306 3641/3137/3376
f 3415/3331/3433 3644/3206/3383 3661/3331/3406
f 3240/3475/3434 3610/3481/3328 3645/3475/3382
f 2466/3476/3435 3646/3208/3386 3595/3476/3308
f 3242/3477/3436 3648/3209/3389 3647/3477/3385
f 3244/3478/3437 3603/3517/3438 3649/3478/3388
f 3382/3312/3439 3599/3482/3316 3657/3312/3400
f 2479/3517/3438 3652/3284/3395 3603/3517/3438
f 3350/3290/3440 3650/3279/3392 3655/3290/3397
f 3323/3280/3441 3604/3489/3319 3651/3280/3391
f 3344/3285/3442 3654/3289/3398 3653/3285/3394
f 3403/3318/3443 3656/3311/3401 3659/3318/3403
f 2483/3492/3322 3658/3317/3404 3607/3492/3322
f 3454/3347/3444 3660/3329/3407 3667/3347/3415
f 3445/3343/3445 3662/3333/3410 3665/3343/3412
f 3428/3335/3446 3666/3346/3416 3663/3335/3409
f 2487/3516/71 3664/3341/3413 3611/3516/377
f 17/1/1 338/4/3 924/2/2
f 338/4/3 3/123/5 327/5/4
f 924/2/2 327/5/4 89/6/5
f 449/3/1 924/2/2 461/7/2
f 7/9/7 329/12/10 925/10/8
f 329/12/10 10/133/419 452/13/11
f 925/10/8 452/13/11 91/14/12
f 330/11/9 925/10/8 462/15/13
f 4/17/14 450/20/4 926/18/15
f 450/20/4 89/6/5 465/21/16
f 926/18/15 465/21/16 90/22/17
f 342/19/16 926/18/15 451/23/17
f 15/25/18 337/29/19 927/26/19
f 2/28/19 344/31/19 927/26/19
f 94/30/21 467/33/21 927/26/19
f 84/32/19 456/35/18 927/26/19
f 78/34/20 439/27/20 927/26/19
f 48/36/22 389/39/24 928/37/23
f 389/39/24 41/98/26 357/40/25
f 928/37/23 357/40/25 24/41/26
f 368/38/22 928/37/23 346/42/24
f 47/44/27 388/47/28 929/45/28
f 388/47/28 44/137/29 360/48/29
f 929/45/28 360/48/29 27/49/30
f 363/46/27 929/45/28 347/50/28
f 45/52/31 387/55/32 930/53/32
f 387/55/32 46/132/27 362/56/27
f 930/53/32 362/56/27 29/57/27
f 361/54/31 930/53/32 348/58/32
f 11/60/33 333/63/36 931/61/34
f 333/63/36 12/68/41 365/64/37
f 931/61/34 365/64/37 32/65/38
f 364/62/35 931/61/34 349/66/39
f 12/68/41 334/70/42 932/69/42
f 334/70/42 13/74/46 366/71/43
f 932/69/42 366/71/43 33/72/44
f 365/64/37 932/69/42 350/73/45
f 13/74/46 335/76/48 933/75/47
f 335/76/48 14/80/52 367/77/49
f 933/75/47 367/77/49 34/78/50
f 366/71/43 933/75/47 351/79/51
f 14/80/52 336/82/54 934/81/53
f 336/82/54 11/60/33 364/62/35
f 934/81/53 364/62/35 31/67/40
f 367/77/49 934/81/53 352/83/53
f 40/84/55 386/87/24 935/85/23
f 386/87/24 49/126/57 369/88/57
f 935/85/23 369/88/57 36/89/57
f 356/86/56 935/85/23 353/90/24
f 63/92/59 433/95/60 936/93/60
f 433/95/60 40/84/55 356/86/56
f 936/93/60 356/86/56 23/91/58
f 422/94/59 936/93/60 431/96/61
f 41/98/26 385/100/63 937/99/62
f 385/100/63 50/117/64 370/101/64
f 937/99/62 370/101/64 37/102/65
f 357/40/25 937/99/62 354/103/66
f 1/104/67 445/107/68 938/105/67
f 84/32/67 454/109/67 938/105/67
f 92/108/69 470/111/70 938/105/67
f 95/110/70 384/113/69 938/105/67
f 38/112/69 371/106/67 938/105/67
f 4/17/71 342/19/73 939/114/71
f 342/19/73 19/24/72 383/116/72
f 939/114/71 383/116/72 50/117/72
f 374/115/72 939/114/71 385/100/71
f 18/118/74 341/121/75 940/119/75
f 341/121/75 3/123/75 373/122/75
f 940/119/75 373/122/75 40/84/75
f 432/120/76 940/119/75 433/95/75
f 3/123/75 338/4/75 941/124/78
f 338/4/75 17/1/75 382/125/75
f 941/124/78 382/125/75 49/126/75
f 373/122/75 941/124/78 386/87/78
f 8/127/79 331/130/79 942/128/75
f 331/130/79 9/269/79 379/131/75
f 942/128/75 379/131/75 46/132/80
f 378/129/75 942/128/75 387/55/80
f 10/133/81 329/12/72 943/134/71
f 329/12/72 7/9/73 377/136/72
f 943/134/71 377/136/72 44/137/72
f 380/135/73 943/134/71 388/47/82
f 16/138/83 326/141/73 944/139/84
f 326/141/73 4/17/71 374/115/72
f 944/139/84 374/115/72 41/98/73
f 381/140/83 944/139/84 389/39/85
f 56/142/86 393/145/89 945/143/87
f 393/145/89 51/198/90 440/146/90
f 945/143/87 440/146/90 79/147/90
f 427/144/88 945/143/87 463/148/87
f 18/118/17 435/152/92 946/150/91
f 435/152/92 54/162/101 426/153/93
f 946/150/91 426/153/93 81/154/94
f 340/151/17 946/150/91 455/155/95
f 57/156/96 394/159/99 947/157/97
f 394/159/99 56/142/86 427/144/88
f 947/157/97 427/144/88 83/149/88
f 428/158/98 947/157/97 458/160/97
f 54/162/101 391/164/103 948/163/102
f 391/164/103 57/156/96 428/158/98
f 948/163/102 428/158/98 85/161/100
f 426/153/93 948/163/102 460/165/102
f 52/166/72 404/169/71 949/167/73
f 404/169/71 60/254/82 396/170/81
f 949/167/73 396/170/81 64/171/72
f 390/168/72 949/167/73 407/172/72
f 53/174/71 405/177/72 950/175/71
f 405/177/72 61/205/73 436/178/71
f 950/175/71 436/178/71 50/117/72
f 434/176/71 950/175/71 383/116/72
f 54/162/104 406/180/107 951/179/105
f 406/180/107 62/186/114 397/181/108
f 951/179/105 397/181/108 66/182/109
f 391/164/106 951/179/105 409/183/110
f 18/118/74 432/120/76 952/184/112
f 432/120/76 63/92/77 398/185/112
f 952/184/112 398/185/112 62/186/114
f 435/152/113 952/184/112 406/180/107
f 55/173/73 407/172/72 953/187/71
f 407/172/72 64/171/72 399/189/73
f 953/187/71 399/189/73 67/190/81
f 392/188/115 953/187/71 410/191/73
f 56/142/116 408/194/119 954/193/117
f 408/194/119 65/201/126 400/195/120
f 954/193/117 400/195/120 59/196/121
f 393/145/118 954/193/117 403/197/122
f 57/156/111 409/183/110 955/199/124
f 409/183/110 66/182/109 401/200/125
f 955/199/124 401/200/125 65/201/126
f 394/159/124 955/199/124 408/194/119
f 58/192/81 410/191/73 956/202/71
f 410/191/73 67/190/81 402/204/71
f 956/202/71 402/204/71 61/205/73
f 395/203/73 956/202/71 405/177/72
f 64/171/127 415/207/130 957/206/128
f 415/207/130 70/289/197 412/208/131
f 957/206/128 412/208/131 71/209/132
f 399/189/129 957/206/128 414/210/133
f 67/190/134 414/210/133 958/211/135
f 414/210/133 71/209/132 413/212/135
f 958/211/135 413/212/135 69/213/136
f 402/204/135 958/211/135 416/214/137
f 61/205/137 416/214/137 959/215/138
f 416/214/137 69/213/136 437/216/138
f 959/215/138 437/216/138 37/102/65
f 436/178/139 959/215/138 370/101/64
f 63/92/59 422/94/59 960/217/140
f 422/94/59 74/97/59 418/218/142
f 960/217/140 418/218/142 73/219/143
f 398/185/141 960/217/140 421/220/144
f 66/182/146 424/222/149 961/221/147
f 424/222/149 76/228/157 420/223/150
f 961/221/147 420/223/150 75/224/151
f 401/200/148 961/221/147 423/225/152
f 62/186/145 421/220/144 962/226/154
f 421/220/144 73/219/143 417/227/156
f 962/226/154 417/227/156 76/228/157
f 397/181/155 962/226/154 424/222/149
f 51/198/158 403/197/159 963/229/159
f 59/196/161 472/231/162 963/229/159
f 96/230/162 438/233/164 963/229/159
f 77/232/163 457/234/165 963/229/159
f 79/147/163 440/146/160 963/229/159
f 72/235/166 429/238/169 964/236/167
f 429/238/169 86/2378/169 459/239/167
f 964/236/167 459/239/167 77/232/170
f 473/237/168 964/236/167 438/233/170
f 92/108/69 454/109/67 965/240/67
f 454/109/67 84/32/67 467/33/172
f 965/240/67 467/33/172 94/30/67
f 453/241/69 965/240/67 469/242/67
f 90/22/17 455/155/95 966/244/173
f 455/155/95 81/154/94 442/245/174
f 966/244/173 442/245/174 53/174/93
f 451/23/17 966/244/173 434/176/95
f 78/34/20 456/35/18 967/246/18
f 456/35/18 84/32/19 445/107/19
f 967/246/18 445/107/19 1/104/19
f 343/247/18 967/246/18 345/248/19
f 79/147/163 457/234/165 968/250/175
f 77/232/163 474/253/158 968/250/175
f 97/252/176 430/255/161 968/250/175
f 60/254/161 404/169/162 968/250/175
f 52/166/158 425/251/164 968/250/175
f 85/161/100 458/160/97 969/256/97
f 458/160/97 83/149/88 444/258/88
f 969/256/97 444/258/88 55/173/88
f 446/257/100 969/256/97 392/188/97
f 77/232/170 459/239/167 970/259/167
f 459/239/167 86/2378/169 447/260/169
f 970/259/167 447/260/169 68/261/177
f 474/253/170 970/259/167 475/262/178
f 81/154/94 460/165/102 971/263/102
f 460/165/102 85/161/100 446/257/100
f 971/263/102 446/257/100 58/192/100
f 442/245/174 971/263/102 395/203/102
f 88/8/6 461/7/2 972/264/3
f 461/7/2 89/6/5 450/20/4
f 972/264/3 450/20/4 4/17/14
f 339/265/1 972/264/3 326/141/3
f 87/16/9 462/15/13 973/266/180
f 462/15/13 91/14/12 332/268/181
f 973/266/180 332/268/181 9/269/182
f 448/267/9 973/266/180 331/130/183
f 83/149/88 463/148/87 974/270/87
f 463/148/87 79/147/90 425/251/90
f 974/270/87 425/251/90 52/166/90
f 444/258/88 974/270/87 390/168/87
f 80/271/184 464/274/185 975/272/185
f 464/274/185 92/108/186 453/241/186
f 975/272/185 453/241/186 93/243/184
f 355/273/184 975/272/185 468/275/187
f 90/22/17 465/21/16 976/277/15
f 465/21/16 89/6/5 327/5/4
f 976/277/15 327/5/4 3/123/5
f 340/151/17 976/277/15 341/121/15
f 93/243/69 469/242/67 977/278/67
f 469/242/67 94/30/67 344/31/67
f 977/278/67 344/31/67 2/28/67
f 466/279/69 977/278/67 372/280/67
f 21/282/189 471/285/190 978/283/184
f 471/285/190 95/110/184 470/111/184
f 978/283/184 470/111/184 92/108/186
f 441/284/184 978/283/184 464/274/185
f 65/201/153 423/225/152 979/286/191
f 75/224/151 419/287/193 979/286/191
f 72/235/166 473/237/168 979/286/191
f 96/230/171 472/231/195 979/286/191
f 59/196/194 400/195/192 979/286/191
f 68/261/177 411/290/198 980/288/196
f 70/289/197 415/207/130 980/288/196
f 64/171/127 396/170/200 980/288/196
f 60/254/199 430/255/201 980/288/196
f 97/252/179 475/262/178 980/288/196
f 162/291/202 477/294/204 981/292/203
f 477/294/204 101/767/204 478/295/203
f 981/292/203 478/295/203 103/296/205
f 476/293/203 981/292/203 479/297/205
f 163/298/205 479/297/205 982/299/206
f 479/297/205 103/296/205 481/301/206
f 982/299/206 481/301/206 102/302/207
f 480/300/206 982/299/206 482/303/207
f 324/305/208 484/308/208 983/306/209
f 484/308/208 107/783/208 485/309/209
f 983/306/209 485/309/209 109/310/210
f 483/307/209 983/306/209 486/311/210
f 325/312/210 486/311/210 984/313/211
f 486/311/210 109/310/210 488/315/211
f 984/313/211 488/315/211 108/316/212
f 487/314/211 984/313/211 489/317/212
f 303/319/213 491/322/213 985/320/214
f 491/322/213 113/799/213 492/323/214
f 985/320/214 492/323/214 115/324/216
f 490/321/215 985/320/214 493/325/216
f 304/326/216 493/325/216 986/327/217
f 493/325/216 115/324/216 495/329/217
f 986/327/217 495/329/217 114/330/218
f 494/328/217 986/327/217 496/331/218
f 158/333/219 498/336/219 987/334/220
f 498/336/219 119/815/219 499/337/221
f 987/334/220 499/337/221 121/338/222
f 497/335/220 987/334/220 500/339/222
f 160/340/222 500/339/222 988/341/223
f 500/339/222 121/338/222 502/343/223
f 988/341/223 502/343/223 120/344/224
f 501/342/223 988/341/223 503/345/224
f 312/347/225 505/350/225 989/348/226
f 505/350/225 125/831/409 506/351/226
f 989/348/226 506/351/226 127/352/228
f 504/349/227 989/348/226 507/353/229
f 313/354/229 507/353/229 990/355/230
f 507/353/229 127/352/228 509/357/230
f 990/355/230 509/357/230 126/358/232
f 508/356/231 990/355/230 510/359/232
f 306/361/233 512/364/233 991/362/234
f 512/364/233 128/837/233 513/365/234
f 991/362/234 513/365/234 130/366/235
f 511/363/234 991/362/234 514/367/235
f 307/368/235 514/367/235 992/369/236
f 514/367/235 130/366/235 516/371/237
f 992/369/236 516/371/237 129/372/238
f 515/370/237 992/369/236 517/373/238
f 309/375/240 519/378/242 993/376/241
f 519/378/242 137/863/242 520/379/241
f 993/376/241 520/379/241 139/380/243
f 518/377/241 993/376/241 521/381/244
f 310/382/243 521/381/244 994/383/245
f 521/381/244 139/380/243 523/385/245
f 994/383/245 523/385/245 138/386/246
f 522/384/245 994/383/245 524/387/246
f 315/389/247 526/392/247 995/390/248
f 526/392/247 140/869/247 527/393/248
f 995/390/248 527/393/248 142/394/249
f 525/391/248 995/390/248 528/395/249
f 316/396/249 528/395/249 996/397/250
f 528/395/249 142/394/249 530/399/251
f 996/397/250 530/399/251 141/400/252
f 529/398/251 996/397/250 531/401/252
f 165/403/254 533/406/256 997/404/255
f 533/406/256 146/885/254 534/407/255
f 997/404/255 534/407/255 148/408/257
f 532/405/255 997/404/255 535/409/257
f 166/410/258 535/409/257 998/411/259
f 535/409/257 148/408/257 537/413/259
f 998/411/259 537/413/259 147/414/260
f 536/412/259 998/411/259 538/415/260
f 171/417/262 540/420/264 999/418/263
f 540/420/264 152/896/264 541/421/263
f 999/418/263 541/421/263 154/422/265
f 539/419/263 999/418/263 542/423/265
f 172/424/265 542/423/265 1000/425/266
f 542/423/265 154/422/265 544/427/266
f 1000/425/266 544/427/266 153/428/261
f 543/426/266 1000/425/266 545/429/261
f 321/431/267 547/434/256 1001/432/255
f 547/434/256 165/403/254 532/405/255
f 1001/432/255 532/405/255 166/410/258
f 546/433/255 1001/432/255 548/435/257
f 322/436/257 548/435/257 1002/437/259
f 548/435/257 166/410/258 536/412/259
f 1002/437/259 536/412/259 164/416/261
f 549/438/259 1002/437/259 550/439/260
f 156/441/269 552/444/269 1003/442/263
f 552/444/269 167/950/394 553/445/263
f 1003/442/263 553/445/263 169/446/270
f 551/443/263 1003/442/263 554/447/270
f 157/448/270 554/447/270 1004/449/271
f 554/447/270 169/446/270 556/451/266
f 1004/449/271 556/451/266 168/452/261
f 555/450/266 1004/449/271 557/453/261
f 318/455/272 559/458/272 1005/456/263
f 559/458/272 171/417/262 539/419/263
f 1005/456/263 539/419/263 172/424/265
f 558/457/263 1005/456/263 560/459/270
f 319/460/273 560/459/270 1006/461/271
f 560/459/270 172/424/265 543/426/266
f 1006/461/271 543/426/266 170/430/261
f 561/462/266 1006/461/271 562/463/261
f 150/465/274 564/468/274 1007/466/275
f 564/468/274 173/956/274 565/469/275
f 1007/466/275 565/469/275 175/470/276
f 563/467/275 1007/466/275 566/471/276
f 151/472/277 566/471/276 1008/473/278
f 566/471/276 175/470/276 568/475/278
f 1008/473/278 568/475/278 174/476/268
f 567/474/279 1008/473/278 569/477/260
f 237/479/280 571/482/280 1009/480/281
f 571/482/280 177/1115/280 572/483/281
f 1009/480/281 572/483/281 178/484/282
f 570/481/281 1009/480/281 573/485/282
f 238/486/282 573/485/282 1010/487/283
f 573/485/282 178/484/282 575/489/283
f 1010/487/283 575/489/283 176/490/284
f 574/488/283 1010/487/283 576/491/284
f 240/493/284 578/496/284 1011/494/283
f 578/496/284 180/1124/284 579/497/283
f 1011/494/283 579/497/283 181/498/285
f 577/495/283 1011/494/283 580/499/285
f 241/500/285 580/499/285 1012/501/281
f 580/499/285 181/498/285 582/503/281
f 1012/501/281 582/503/281 179/504/280
f 581/502/281 1012/501/281 583/505/280
f 243/507/286 585/510/286 1013/508/287
f 585/510/286 183/1127/286 586/511/287
f 1013/508/287 586/511/287 184/512/288
f 584/509/287 1013/508/287 587/513/288
f 244/514/288 587/513/288 1014/515/289
f 587/513/288 184/512/288 589/517/289
f 1014/515/289 589/517/289 182/518/290
f 588/516/289 1014/515/289 590/519/290
f 246/521/291 592/524/291 1015/522/292
f 592/524/291 186/1121/291 593/525/292
f 1015/522/292 593/525/292 187/526/288
f 591/523/292 1015/522/292 594/527/288
f 247/528/288 594/527/288 1016/529/287
f 594/527/288 187/526/288 596/531/287
f 1016/529/287 596/531/287 185/532/293
f 595/530/287 1016/529/287 597/533/286
f 249/535/294 599/538/297 1017/536/295
f 599/538/297 189/1133/442 600/539/298
f 1017/536/295 600/539/298 190/540/299
f 598/537/296 1017/536/295 601/541/300
f 250/542/300 601/541/300 1018/543/301
f 601/541/300 190/540/299 603/545/303
f 1018/543/301 603/545/303 188/546/304
f 602/544/302 1018/543/301 604/547/305
f 252/549/304 606/552/305 1019/550/306
f 606/552/305 192/1130/440 607/553/308
f 1019/550/306 607/553/308 193/554/309
f 605/551/307 1019/550/306 608/555/309
f 253/556/310 608/555/309 1020/557/311
f 608/555/309 193/554/309 610/559/313
f 1020/557/311 610/559/313 191/560/297
f 609/558/312 1020/557/311 611/561/297
f 255/563/315 613/566/315 1021/564/316
f 613/566/315 195/1118/315 614/567/316
f 1021/564/316 614/567/316 196/568/317
f 612/565/316 1021/564/316 615/569/317
f 256/570/317 615/569/317 1022/571/318
f 615/569/317 196/568/317 617/573/318
f 1022/571/318 617/573/318 194/574/319
f 616/572/318 1022/571/318 618/575/319
f 258/577/319 620/580/319 1023/578/318
f 620/580/319 198/1141/319 621/581/318
f 1023/578/318 621/581/318 199/582/317
f 619/579/320 1023/578/318 622/583/317
f 259/584/317 622/583/317 1024/585/321
f 622/583/317 199/582/317 624/587/321
f 1024/585/321 624/587/321 197/588/315
f 623/586/321 1024/585/321 625/589/315
f 261/591/322 627/594/322 1025/592/323
f 627/594/322 201/1138/322 628/595/323
f 1025/592/323 628/595/323 202/596/324
f 626/593/323 1025/592/323 629/597/324
f 262/598/324 629/597/324 1026/599/325
f 629/597/324 202/596/324 631/601/325
f 1026/599/325 631/601/325 200/602/326
f 630/600/325 1026/599/325 632/603/326
f 264/605/327 634/608/327 1027/606/328
f 634/608/327 204/1150/327 635/609/328
f 1027/606/328 635/609/328 205/610/329
f 633/607/328 1027/606/328 636/611/329
f 265/612/329 636/611/329 1028/613/330
f 636/611/329 205/610/329 638/615/330
f 1028/613/330 638/615/330 203/616/322
f 637/614/330 1028/613/330 639/617/322
f 267/619/331 641/622/331 1029/620/332
f 641/622/331 207/1156/331 642/623/332
f 1029/620/332 642/623/332 208/624/333
f 640/621/332 1029/620/332 643/625/334
f 268/626/334 643/625/334 1030/627/335
f 643/625/334 208/624/333 645/629/336
f 1030/627/335 645/629/336 206/630/337
f 644/628/335 1030/627/335 646/631/337
f 270/633/338 648/636/338 1031/634/335
f 648/636/338 210/1161/338 649/637/335
f 1031/634/335 649/637/335 211/638/333
f 647/635/335 1031/634/335 650/639/333
f 271/640/334 650/639/333 1032/641/332
f 650/639/333 211/638/333 652/643/332
f 1032/641/332 652/643/332 209/644/331
f 651/642/332 1032/641/332 653/645/331
f 273/647/339 655/650/339 1033/648/340
f 655/650/339 213/1164/339 656/651/340
f 1033/648/340 656/651/340 214/652/341
f 654/649/340 1033/648/340 657/653/341
f 274/654/341 657/653/341 1034/655/342
f 657/653/341 214/652/341 659/657/344
f 1034/655/342 659/657/344 212/658/345
f 658/656/343 1034/655/342 660/659/345
f 276/661/345 662/664/345 1035/662/344
f 662/664/345 216/1153/451 663/665/344
f 1035/662/344 663/665/344 217/666/346
f 661/663/344 1035/662/344 664/667/341
f 277/668/341 664/667/341 1036/669/347
f 664/667/341 217/666/346 666/671/340
f 1036/669/347 666/671/340 215/672/339
f 665/670/340 1036/669/347 667/673/339
f 279/675/348 669/678/348 1037/676/349
f 669/678/348 219/1167/348 670/679/349
f 1037/676/349 670/679/349 220/680/350
f 668/677/349 1037/676/349 671/681/350
f 280/682/350 671/681/350 1038/683/351
f 671/681/350 220/680/350 673/685/352
f 1038/683/351 673/685/352 218/686/353
f 672/684/351 1038/683/351 674/687/353
f 282/689/353 676/692/353 1039/690/351
f 676/692/353 222/1172/353 677/693/351
f 1039/690/351 677/693/351 223/694/350
f 675/691/351 1039/690/351 678/695/350
f 283/696/350 678/695/350 1040/697/349
f 678/695/350 223/694/350 680/699/349
f 1040/697/349 680/699/349 221/700/348
f 679/698/349 1040/697/349 681/701/348
f 285/703/354 683/706/354 1041/704/355
f 683/706/354 225/1178/354 684/707/355
f 1041/704/355 684/707/355 226/708/356
f 682/705/355 1041/704/355 685/709/357
f 286/710/357 685/709/357 1042/711/358
f 685/709/357 226/708/356 687/713/358
f 1042/711/358 687/713/358 224/714/359
f 686/712/358 1042/711/358 688/715/360
f 288/717/361 690/720/361 1043/718/362
f 690/720/361 228/1183/361 691/721/362
f 1043/718/362 691/721/362 229/722/363
f 689/719/362 1043/718/362 692/723/363
f 289/724/363 692/723/363 1044/725/364
f 692/723/363 229/722/363 694/727/364
f 1044/725/364 694/727/364 227/728/365
f 693/726/364 1044/725/364 695/729/365
f 291/731/366 697/734/366 1045/732/367
f 697/734/366 231/1185/366 698/735/367
f 1045/732/367 698/735/367 232/736/368
f 696/733/367 1045/732/367 699/737/369
f 292/738/369 699/737/369 1046/739/370
f 699/737/369 232/736/368 701/741/370
f 1046/739/370 701/741/370 230/742/359
f 700/740/370 1046/739/370 702/743/359
f 294/414/359 704/746/372 1047/744/370
f 704/746/372 234/1175/457 705/747/370
f 1047/744/370 705/747/370 235/748/373
f 703/745/370 1047/744/370 706/749/373
f 295/750/373 706/749/373 1048/751/367
f 706/749/373 235/748/373 708/753/374
f 1048/751/367 708/753/374 233/754/375
f 707/752/367 1048/751/367 709/755/375
f 99/757/75 711/760/75 1049/758/80
f 711/760/75 237/479/75 570/481/80
f 1049/758/80 570/481/80 238/486/75
f 710/759/75 1049/758/80 712/761/75
f 100/762/75 712/761/75 1050/763/80
f 712/761/75 238/486/75 574/488/80
f 1050/763/80 574/488/80 236/492/75
f 713/764/75 1050/763/80 714/765/75
f 101/767/73 715/769/72 1051/768/73
f 715/769/72 240/493/71 577/495/71
f 1051/768/73 577/495/71 241/500/73
f 478/295/81 1051/768/73 716/770/72
f 103/296/72 716/770/72 1052/771/72
f 716/770/72 241/500/73 581/502/72
f 1052/771/72 581/502/72 239/506/71
f 481/301/72 1052/771/72 717/772/73
f 105/773/75 719/776/75 1053/774/80
f 719/776/75 243/507/75 584/509/376
f 1053/774/80 584/509/376 244/514/80
f 718/775/79 1053/774/80 720/777/75
f 106/778/79 720/777/75 1054/779/75
f 720/777/75 244/514/80 588/516/80
f 1054/779/75 588/516/80 242/520/75
f 721/780/75 1054/779/75 722/781/75
f 107/783/73 723/785/71 1055/784/72
f 723/785/71 246/521/72 591/523/71
f 1055/784/72 591/523/71 247/528/72
f 485/309/73 1055/784/72 724/786/72
f 109/310/72 724/786/72 1056/787/72
f 724/786/72 247/528/72 595/530/71
f 1056/787/72 595/530/71 245/534/72
f 488/315/72 1056/787/72 725/788/72
f 111/789/75 727/792/75 1057/790/80
f 727/792/75 249/535/75 598/537/376
f 1057/790/80 598/537/376 250/542/80
f 726/791/79 1057/790/80 728/793/75
f 112/794/79 728/793/75 1058/795/75
f 728/793/75 250/542/80 602/544/80
f 1058/795/75 602/544/80 248/548/75
f 729/796/75 1058/795/75 730/797/75
f 113/799/377 731/801/72 1059/800/72
f 731/801/72 252/549/73 605/551/72
f 1059/800/72 605/551/72 253/556/72
f 492/323/72 1059/800/72 732/802/72
f 115/324/71 732/802/72 1060/803/72
f 732/802/72 253/556/72 609/558/73
f 1060/803/72 609/558/73 251/562/73
f 495/329/72 1060/803/72 733/804/72
f 117/805/75 735/808/75 1061/806/80
f 735/808/75 255/563/75 612/565/80
f 1061/806/80 612/565/80 256/570/75
f 734/807/75 1061/806/80 736/809/75
f 118/810/75 736/809/75 1062/811/75
f 736/809/75 256/570/75 616/572/80
f 1062/811/75 616/572/80 254/576/75
f 737/812/75 1062/811/75 738/813/75
f 119/815/81 739/817/72 1063/816/71
f 739/817/72 258/577/71 619/579/377
f 1063/816/71 619/579/377 259/584/72
f 499/337/72 1063/816/71 740/818/73
f 121/338/73 740/818/73 1064/819/71
f 740/818/73 259/584/72 623/586/72
f 1064/819/71 623/586/72 257/590/71
f 502/343/71 1064/819/71 741/820/73
f 123/821/75 743/824/75 1065/822/80
f 743/824/75 261/591/75 626/593/378
f 1065/822/80 626/593/378 262/598/80
f 742/823/79 1065/822/80 744/825/75
f 124/826/79 744/825/75 1066/827/75
f 744/825/75 262/598/80 630/600/80
f 1066/827/75 630/600/80 260/604/75
f 745/828/75 1066/827/75 746/829/75
f 125/831/72 747/833/72 1067/832/72
f 747/833/72 264/605/377 633/607/71
f 1067/832/72 633/607/71 265/612/72
f 506/351/377 1067/832/72 748/834/72
f 127/352/72 748/834/72 1068/835/72
f 748/834/72 265/612/72 637/614/377
f 1068/835/72 637/614/377 263/618/377
f 509/357/81 1068/835/72 749/836/71
f 128/837/75 750/839/75 1069/838/80
f 750/839/75 267/619/75 640/621/376
f 1069/838/80 640/621/376 268/626/379
f 513/365/79 1069/838/80 751/840/75
f 130/366/79 751/840/75 1070/841/75
f 751/840/75 268/626/379 644/628/379
f 1070/841/75 644/628/379 266/632/75
f 516/371/75 1070/841/75 752/842/75
f 132/843/72 754/846/72 1071/844/72
f 754/846/72 270/633/72 647/635/381
f 1071/844/72 647/635/381 271/640/72
f 753/845/380 1071/844/72 755/847/72
f 133/848/72 755/847/72 1072/849/72
f 755/847/72 271/640/72 651/642/72
f 1072/849/72 651/642/72 269/646/72
f 756/850/72 1072/849/72 757/851/71
f 135/853/73 759/856/72 1073/854/72
f 759/856/72 273/647/72 654/649/72
f 1073/854/72 654/649/72 274/654/73
f 758/855/71 1073/854/72 760/857/72
f 136/858/72 760/857/72 1074/859/71
f 760/857/72 274/654/73 658/656/71
f 1074/859/71 658/656/71 272/660/72
f 761/860/71 1074/859/71 762/861/72
f 137/863/382 763/865/75 1075/864/75
f 763/865/75 276/661/75 661/663/379
f 1075/864/75 661/663/379 277/668/379
f 520/379/78 1075/864/75 764/866/75
f 139/380/79 764/866/75 1076/867/75
f 764/866/75 277/668/379 665/670/80
f 1076/867/75 665/670/80 275/674/75
f 523/385/75 1076/867/75 765/868/75
f 140/869/75 766/871/75 1077/870/80
f 766/871/75 279/675/75 668/677/376
f 1077/870/80 668/677/376 280/682/80
f 527/393/79 1077/870/80 767/872/75
f 142/394/79 767/872/75 1078/873/80
f 767/872/75 280/682/80 672/684/75
f 1078/873/80 672/684/75 278/688/75
f 530/399/80 1078/873/80 768/874/75
f 144/875/71 770/878/71 1079/876/72
f 770/878/71 282/689/72 675/691/72
f 1079/876/72 675/691/72 283/696/72
f 769/877/72 1079/876/72 771/879/72
f 145/880/71 771/879/72 1080/881/71
f 771/879/72 283/696/72 679/698/73
f 1080/881/71 679/698/73 281/702/73
f 772/882/72 1080/881/71 773/883/72
f 146/885/73 774/887/72 1081/886/73
f 774/887/72 285/703/73 682/705/71
f 1081/886/73 682/705/71 286/710/72
f 534/407/72 1081/886/73 775/888/72
f 148/408/71 775/888/72 1082/889/72
f 775/888/72 286/710/72 686/712/85
f 1082/889/72 686/712/85 284/716/72
f 537/413/72 1082/889/72 776/890/72
f 149/478/382 777/892/80 1083/891/75
f 777/892/80 288/717/75 689/719/379
f 1083/891/75 689/719/379 289/724/379
f 567/474/78 1083/891/75 778/893/75
f 151/472/78 778/893/75 1084/894/75
f 778/893/75 289/724/379 693/726/80
f 1084/894/75 693/726/80 287/730/75
f 563/467/79 1084/894/75 779/895/75
f 152/896/75 780/898/75 1085/897/75
f 780/898/75 291/731/75 696/733/80
f 1085/897/75 696/733/80 292/738/379
f 541/421/79 1085/897/75 781/899/75
f 154/422/78 781/899/75 1086/900/75
f 781/899/75 292/738/379 700/740/379
f 1086/900/75 700/740/379 290/478/383
f 544/427/79 1086/900/75 782/901/75
f 155/454/72 783/903/72 1087/902/72
f 783/903/72 294/414/415 703/745/73
f 1087/902/72 703/745/73 295/750/73
f 555/450/384 1087/902/72 784/904/72
f 157/448/71 784/904/72 1088/905/71
f 784/904/72 295/750/73 707/752/72
f 1088/905/71 707/752/72 293/756/377
f 551/443/72 1088/905/71 785/906/71
f 116/814/219 786/908/219 1089/907/221
f 786/908/219 296/967/219 787/909/221
f 1089/907/221 787/909/221 298/910/222
f 737/812/221 1089/907/221 788/911/222
f 118/810/385 788/911/222 1090/912/386
f 788/911/222 298/910/222 789/913/388
f 1090/912/386 789/913/388 297/914/389
f 734/807/387 1090/912/386 790/915/389
f 98/766/204 791/917/204 1091/916/203
f 791/917/204 299/973/202 792/918/203
f 1091/916/203 792/918/203 301/919/205
f 713/764/390 1091/916/203 793/920/205
f 100/762/205 793/920/205 1092/921/206
f 793/920/205 301/919/205 794/922/206
f 1092/921/206 794/922/206 300/923/207
f 710/759/206 1092/921/206 795/924/207
f 110/798/213 796/926/213 1093/925/214
f 796/926/213 303/319/213 490/321/215
f 1093/925/214 490/321/215 304/326/216
f 729/796/215 1093/925/214 797/927/216
f 112/794/216 797/927/216 1094/928/217
f 797/927/216 304/326/216 494/328/217
f 1094/928/217 494/328/217 302/332/218
f 726/791/391 1094/928/217 798/929/218
f 131/852/392 799/931/392 1095/930/234
f 799/931/392 306/361/233 511/363/234
f 1095/930/234 511/363/234 307/368/235
f 756/850/234 1095/930/234 800/932/235
f 133/848/393 800/932/235 1096/933/237
f 800/932/235 307/368/235 515/370/237
f 1096/933/237 515/370/237 305/374/239
f 753/845/237 1096/933/237 801/934/239
f 134/862/240 802/936/240 1097/935/241
f 802/936/240 309/375/240 518/377/241
f 1097/935/241 518/377/241 310/382/243
f 761/860/241 1097/935/241 803/937/243
f 136/858/244 803/937/243 1098/938/245
f 803/937/243 310/382/243 522/384/245
f 1098/938/245 522/384/245 308/388/246
f 758/855/245 1098/938/245 804/939/246
f 122/830/225 805/941/225 1099/940/227
f 805/941/225 312/347/225 504/349/227
f 1099/940/227 504/349/227 313/354/229
f 745/828/227 1099/940/227 806/942/229
f 124/826/229 806/942/229 1100/943/231
f 806/942/229 313/354/229 508/356/231
f 1100/943/231 508/356/231 311/360/232
f 742/823/231 1100/943/231 807/944/232
f 143/884/247 808/946/247 1101/945/248
f 808/946/247 315/389/247 525/391/248
f 1101/945/248 525/391/248 316/396/249
f 772/882/248 1101/945/248 809/947/249
f 145/880/249 809/947/249 1102/948/251
f 809/947/249 316/396/249 529/398/251
f 1102/948/251 529/398/251 314/402/253
f 769/877/251 1102/948/251 810/949/253
f 167/950/394 811/952/272 1103/951/263
f 811/952/272 318/455/272 558/457/263
f 1103/951/263 558/457/263 319/460/273
f 553/445/263 1103/951/263 812/953/270
f 169/446/270 812/953/270 1104/954/395
f 812/953/270 319/460/273 561/462/266
f 1104/954/395 561/462/266 317/464/261
f 556/451/266 1104/954/395 813/955/261
f 173/956/274 814/958/274 1105/957/275
f 814/958/274 321/431/267 546/433/255
f 1105/957/275 546/433/255 322/436/257
f 565/469/275 1105/957/275 815/959/277
f 175/470/276 815/959/277 1106/960/278
f 815/959/277 322/436/257 549/438/259
f 1106/960/278 549/438/259 320/440/268
f 568/475/278 1106/960/278 816/961/268
f 104/782/208 817/963/208 1107/962/209
f 817/963/208 324/305/208 483/307/209
f 1107/962/209 483/307/209 325/312/210
f 721/780/209 1107/962/209 818/964/210
f 106/778/210 818/964/210 1108/965/211
f 818/964/210 325/312/210 487/314/211
f 1108/965/211 487/314/211 323/318/212
f 718/775/211 1108/965/211 819/966/212
f 296/967/219 820/969/219 1109/968/221
f 820/969/219 158/333/219 497/335/220
f 1109/968/221 497/335/220 160/340/222
f 787/909/221 1109/968/221 821/970/222
f 298/910/222 821/970/222 1110/971/386
f 821/970/222 160/340/222 501/342/223
f 1110/971/386 501/342/223 159/346/224
f 789/913/388 1110/971/386 822/972/389
f 299/973/202 823/975/396 1111/974/203
f 823/975/396 162/291/202 476/293/203
f 1111/974/203 476/293/203 163/298/205
f 792/918/203 1111/974/203 824/976/205
f 301/919/205 824/976/205 1112/977/206
f 824/976/205 163/298/205 480/300/206
f 1112/977/206 480/300/206 161/304/207
f 794/922/206 1112/977/206 825/978/207
f 300/923/207 826/980/397 1113/979/397
f 826/980/397 324/305/208 817/963/208
f 1113/979/397 817/963/208 104/782/208
f 795/924/207 1113/979/397 827/981/397
f 99/757/75 827/981/75 1114/982/75
f 827/981/75 104/782/75 722/781/75
f 1114/982/75 722/781/75 242/520/75
f 711/760/75 1114/982/75 828/983/75
f 98/766/204 829/985/398 1115/984/398
f 829/985/398 117/805/224 790/915/389
f 1115/984/398 790/915/389 297/914/389
f 791/917/204 1115/984/398 830/986/398
f 117/805/75 829/985/75 1116/987/75
f 829/985/75 98/766/75 714/765/75
f 1116/987/75 714/765/75 236/492/75
f 735/808/75 1116/987/75 831/988/75
f 162/291/202 832/990/400 1117/989/398
f 14/80/399 335/76/402 1117/989/398
f 13/74/401 833/991/401 1117/989/398
f 159/346/224 503/345/224 1117/989/398
f 120/344/224 834/992/398 1117/989/398
f 101/767/204 477/294/204 1117/989/398
f 102/302/207 835/994/397 1118/993/397
f 107/783/208 484/308/208 1118/993/397
f 324/305/208 826/980/397 1118/993/397
f 300/923/207 825/978/207 1118/993/397
f 161/304/207 482/303/207 1118/993/397
f 101/767/73 834/992/377 1119/995/71
f 834/992/377 120/344/71 741/820/73
f 1119/995/71 741/820/73 257/590/71
f 715/769/72 1119/995/71 836/996/72
f 107/783/73 835/994/73 1120/997/81
f 835/994/73 102/302/82 717/772/73
f 1120/997/81 717/772/73 239/506/71
f 723/785/71 1120/997/81 837/998/71
f 105/773/75 838/1000/75 1121/999/75
f 838/1000/75 110/798/75 730/797/75
f 1121/999/75 730/797/75 248/548/75
f 719/776/75 1121/999/75 839/1001/75
f 323/318/212 840/1003/403 1122/1002/403
f 840/1003/403 303/319/213 796/926/213
f 1122/1002/403 796/926/213 110/798/213
f 819/966/212 1122/1002/403 838/1000/403
f 108/316/212 841/1005/403 1123/1004/403
f 841/1005/403 113/799/213 491/322/213
f 1123/1004/403 491/322/213 303/319/213
f 489/317/212 1123/1004/403 840/1003/403
f 113/799/377 841/1005/72 1124/1006/73
f 841/1005/72 108/316/73 725/788/72
f 1124/1006/73 725/788/72 245/534/72
f 731/801/72 1124/1006/73 842/1007/73
f 111/789/75 843/1009/79 1125/1008/75
f 843/1009/79 8/127/79 378/129/75
f 1125/1008/75 378/129/75 45/52/80
f 727/792/75 1125/1008/75 844/1010/80
f 302/332/218 845/1012/404 1126/1011/404
f 845/1012/404 87/16/9 448/267/9
f 1126/1011/404 448/267/9 8/127/7
f 798/929/218 1126/1011/404 843/1009/404
f 114/330/218 846/1014/404 1127/1013/404
f 846/1014/404 7/9/7 330/11/9
f 1127/1013/404 330/11/9 87/16/9
f 496/331/218 1127/1013/404 845/1012/404
f 7/9/73 846/1014/73 1128/1015/71
f 846/1014/73 114/330/72 733/804/72
f 1128/1015/71 733/804/72 251/562/73
f 377/136/72 1128/1015/71 847/1016/405
f 116/814/219 848/1018/406 1129/1017/406
f 848/1018/406 123/821/232 807/944/232
f 1129/1017/406 807/944/232 311/360/232
f 786/908/219 1129/1017/406 849/1019/406
f 123/821/75 848/1018/75 1130/1020/75
f 848/1018/75 116/814/75 738/813/75
f 1130/1020/75 738/813/75 254/576/75
f 743/824/75 1130/1020/75 850/1021/75
f 296/967/219 849/1019/406 1131/1022/406
f 311/360/232 510/359/232 1131/1022/406
f 126/358/232 851/1023/406 1131/1022/406
f 119/815/219 498/336/219 1131/1022/406
f 158/333/219 820/969/219 1131/1022/406
f 119/815/81 851/1023/81 1132/1024/72
f 851/1023/81 126/358/73 749/836/71
f 1132/1024/72 749/836/71 263/618/377
f 739/817/72 1132/1024/72 852/1025/71
f 122/830/225 853/1027/407 1133/1026/407
f 853/1027/407 5/1031/408 328/1028/408
f 1133/1026/407 328/1028/408 82/1029/408
f 805/941/225 1133/1026/407 854/1030/407
f 5/1031/75 853/1027/75 1134/1032/75
f 853/1027/75 122/830/75 746/829/75
f 1134/1032/75 746/829/75 260/604/75
f 375/1033/75 1134/1032/75 855/1034/75
f 312/347/225 854/1030/407 1135/1036/407
f 854/1030/407 82/1029/408 443/1037/408
f 1135/1036/407 443/1037/408 6/1038/408
f 505/350/225 1135/1036/407 856/1039/407
f 125/831/72 856/1039/73 1136/1040/72
f 856/1039/73 6/1038/73 376/1041/73
f 1136/1040/72 376/1041/73 43/1042/73
f 747/833/72 1136/1040/72 857/1043/71
f 137/863/382 858/1045/75 1137/1044/75
f 858/1045/75 129/372/75 752/842/75
f 1137/1044/75 752/842/75 266/632/75
f 763/865/75 1137/1044/75 859/1046/75
f 129/372/238 858/1045/411 1138/1047/410
f 858/1045/411 137/863/242 519/378/242
f 1138/1047/410 519/378/242 309/375/240
f 517/373/238 1138/1047/410 860/1048/410
f 5/1031/408 861/1050/412 1139/1049/412
f 861/1050/412 128/837/233 512/364/233
f 1139/1049/412 512/364/233 306/361/233
f 328/1028/408 1139/1049/412 862/1051/412
f 128/837/75 861/1050/79 1140/1052/75
f 861/1050/79 5/1031/75 375/1033/75
f 1140/1052/75 375/1033/75 42/1035/75
f 750/839/75 1140/1052/75 863/1053/80
f 82/1029/408 862/1051/412 1141/1054/412
f 862/1051/412 306/361/233 799/931/392
f 1141/1054/412 799/931/392 131/852/392
f 443/1037/408 1141/1054/412 864/1055/412
f 132/843/72 865/1057/73 1142/1056/72
f 865/1057/73 134/862/72 762/861/72
f 1142/1056/72 762/861/72 272/660/72
f 754/846/72 1142/1056/72 866/1058/72
f 6/1038/73 864/1055/72 1143/1059/73
f 864/1055/72 131/852/71 757/851/71
f 1143/1059/73 757/851/71 269/646/72
f 376/1041/73 1143/1059/73 867/1060/73
f 305/374/239 860/1048/410 1144/1061/410
f 860/1048/410 309/375/240 802/936/240
f 1144/1061/410 802/936/240 134/862/240
f 801/934/239 1144/1061/410 865/1057/411
f 135/853/73 868/1063/72 1145/1062/72
f 868/1063/72 143/884/71 773/883/72
f 1145/1062/72 773/883/72 281/702/73
f 759/856/72 1145/1062/72 869/1064/72
f 308/388/246 870/1066/413 1146/1065/413
f 870/1066/413 315/389/247 808/946/247
f 1146/1065/413 808/946/247 143/884/247
f 804/939/246 1146/1065/413 868/1063/413
f 138/386/246 871/1068/413 1147/1067/413
f 871/1068/413 140/869/247 526/392/247
f 1147/1067/413 526/392/247 315/389/247
f 524/387/246 1147/1067/413 870/1066/413
f 140/869/75 871/1068/75 1148/1069/75
f 871/1068/75 138/386/75 765/868/75
f 1148/1069/75 765/868/75 275/674/75
f 766/871/75 1148/1069/75 872/1070/75
f 141/400/252 873/1072/414 1149/1071/414
f 873/1072/414 17/1/1 449/3/1
f 1149/1071/414 449/3/1 88/8/6
f 531/401/252 1149/1071/414 874/1073/414
f 17/1/75 873/1072/79 1150/1074/75
f 873/1072/79 141/400/75 768/874/75
f 1150/1074/75 768/874/75 278/688/75
f 382/125/75 1150/1074/75 875/1075/80
f 144/875/71 876/1077/73 1151/1076/73
f 876/1077/73 16/138/83 381/140/83
f 1151/1076/73 381/140/83 48/36/73
f 770/878/71 1151/1076/73 877/1078/73
f 314/402/253 874/1073/414 1152/1079/414
f 874/1073/414 88/8/6 339/265/1
f 1152/1079/414 339/265/1 16/138/1
f 810/949/253 1152/1079/414 876/1077/414
f 155/454/72 878/903/71 1153/1080/72
f 878/903/71 147/414/83 776/890/72
f 1153/1080/72 776/890/72 284/716/72
f 783/903/72 1153/1080/72 879/1081/73
f 147/414/260 878/903/417 1154/1082/416
f 878/903/417 155/454/261 557/453/261
f 1154/1082/416 557/453/261 168/452/261
f 538/415/260 1154/1082/416 880/1083/418
f 10/133/419 881/1085/421 1155/1084/420
f 146/885/254 533/406/256 1155/1084/420
f 165/403/254 547/434/256 1155/1084/420
f 321/431/267 882/1086/422 1155/1084/420
f 91/14/12 452/13/11 1155/1084/420
f 146/885/73 881/1085/71 1156/1087/72
f 881/1085/71 10/133/81 380/135/73
f 1156/1087/72 380/135/73 47/44/73
f 774/887/72 1156/1087/72 883/1088/73
f 91/14/12 882/1086/422 1157/1089/423
f 321/431/267 814/958/274 1157/1089/423
f 173/956/274 564/468/274 1157/1089/423
f 150/465/274 884/1090/424 1157/1089/423
f 9/269/182 332/268/181 1157/1089/423
f 149/478/382 885/901/75 1158/1091/75
f 885/901/75 153/428/75 782/901/75
f 1158/1091/75 782/901/75 290/478/383
f 777/892/80 1158/1091/75 886/892/75
f 174/476/268 887/1093/418 1159/1092/416
f 887/1093/418 170/430/261 545/429/261
f 1159/1092/416 545/429/261 153/428/261
f 569/477/260 1159/1092/416 885/901/417
f 9/269/79 884/1090/75 1160/1094/80
f 884/1090/75 150/465/75 779/895/75
f 1160/1094/80 779/895/75 287/730/75
f 379/131/75 1160/1094/80 888/1095/80
f 152/896/264 540/420/264 1161/1096/18
f 540/420/264 171/417/262 890/1098/18
f 1161/1096/18 890/1098/18 20/249/19
f 889/1097/18 1161/1096/18 345/248/19
f 152/896/75 889/1097/79 1162/1099/75
f 889/1097/79 1/104/75 371/106/75
f 1162/1099/75 371/106/75 38/112/75
f 780/898/75 1162/1099/75 891/1100/80
f 156/441/269 892/1102/425 1163/1101/18
f 892/1102/425 2/28/19 337/29/19
f 1163/1101/18 337/29/19 15/25/18
f 552/444/269 1163/1101/18 893/1103/18
f 2/28/82 892/1102/72 1164/1104/71
f 892/1102/72 156/441/84 785/906/71
f 1164/1104/71 785/906/71 293/756/377
f 372/280/81 1164/1104/71 894/1105/377
f 159/346/224 833/991/401 1165/1106/402
f 833/991/401 13/74/401 334/70/426
f 1165/1106/402 334/70/426 12/68/427
f 822/972/389 1165/1106/402 895/1107/402
f 299/973/202 896/1109/429 1166/1108/428
f 896/1109/429 11/60/464 336/82/430
f 1166/1108/428 336/82/430 14/80/399
f 823/975/396 1166/1108/428 832/990/400
f 164/416/261 880/1083/418 1167/1110/416
f 880/1083/418 168/452/261 813/955/261
f 1167/1110/416 813/955/261 317/464/261
f 550/439/260 1167/1110/416 897/1111/416
f 320/440/268 897/1111/416 1168/1112/416
f 897/1111/416 317/464/261 562/463/261
f 1168/1112/416 562/463/261 170/430/261
f 816/961/268 1168/1112/416 887/1093/418
f 237/479/280 828/983/432 1169/1113/431
f 828/983/432 242/520/290 590/519/290
f 1169/1113/431 590/519/290 182/518/290
f 571/482/280 1169/1113/431 898/1114/433
f 255/563/315 831/988/434 1170/1116/434
f 831/988/434 236/492/284 576/491/284
f 1170/1116/434 576/491/284 176/490/284
f 613/566/315 1170/1116/434 899/1117/434
f 246/521/291 837/998/435 1171/1119/432
f 837/998/435 239/506/280 583/505/280
f 1171/1119/432 583/505/280 179/504/280
f 592/524/291 1171/1119/432 900/1120/432
f 240/493/284 836/996/434 1172/1122/434
f 836/996/434 257/590/315 625/589/315
f 1172/1122/434 625/589/315 197/588/315
f 578/496/284 1172/1122/434 901/1123/434
f 243/507/286 839/1001/437 1173/1125/436
f 839/1001/437 248/548/305 604/547/305
f 1173/1125/436 604/547/305 188/546/304
f 585/510/286 1173/1125/436 902/1126/438
f 252/549/304 842/1007/436 1174/1128/438
f 842/1007/436 245/534/286 597/533/286
f 1174/1128/438 597/533/286 185/532/293
f 606/552/305 1174/1128/438 903/1129/439
f 249/535/294 844/1010/441 1175/1131/441
f 844/1010/441 45/52/31 361/54/31
f 1175/1131/441 361/54/31 28/59/31
f 599/538/297 1175/1131/441 904/1132/441
f 44/137/29 847/1016/443 1176/1134/441
f 847/1016/443 251/562/314 611/561/297
f 1176/1134/441 611/561/297 191/560/297
f 360/48/29 1176/1134/441 905/1135/444
f 261/591/322 850/1021/445 1177/1136/445
f 850/1021/445 254/576/319 618/575/319
f 1177/1136/445 618/575/319 194/574/319
f 627/594/322 1177/1136/445 906/1137/445
f 258/577/319 852/1025/446 1178/1139/445
f 852/1025/446 263/618/322 639/617/322
f 1178/1139/445 639/617/322 203/616/322
f 620/580/319 1178/1139/445 907/1140/445
f 42/1035/447 855/1034/448 1179/1142/448
f 855/1034/448 260/604/326 632/603/326
f 1179/1142/448 632/603/326 200/602/326
f 358/1143/447 1179/1142/448 908/1144/448
f 264/605/327 857/1043/448 1180/1146/448
f 857/1043/448 43/1042/447 359/1147/449
f 1180/1146/448 359/1147/449 26/1148/447
f 634/608/327 1180/1146/448 909/1149/448
f 276/661/345 859/1046/450 1181/1151/450
f 859/1046/450 266/632/337 646/631/337
f 1181/1151/450 646/631/337 206/630/337
f 662/664/345 1181/1151/450 910/1152/450
f 267/619/331 863/1053/452 1182/1154/452
f 863/1053/452 42/1035/447 358/1143/447
f 1182/1154/452 358/1143/447 25/1145/447
f 641/622/331 1182/1154/452 911/1155/452
f 43/1042/447 867/1060/452 1183/1157/452
f 867/1060/452 269/646/331 653/645/331
f 1183/1157/452 653/645/331 209/644/331
f 359/1147/449 1183/1157/452 912/1158/452
f 270/633/338 866/1058/453 1184/1159/450
f 866/1058/453 272/660/345 660/659/345
f 1184/1159/450 660/659/345 212/658/345
f 648/636/338 1184/1159/450 913/1160/450
f 273/647/339 869/1064/454 1185/1162/454
f 869/1064/454 281/702/348 681/701/348
f 1185/1162/454 681/701/348 221/700/348
f 655/650/339 1185/1162/454 914/1163/454
f 279/675/348 872/1070/454 1186/1165/454
f 872/1070/454 275/674/339 667/673/339
f 1186/1165/454 667/673/339 215/672/339
f 669/678/348 1186/1165/454 915/1166/454
f 49/126/57 875/1075/455 1187/1168/455
f 875/1075/455 278/688/353 674/687/353
f 1187/1168/455 674/687/353 218/686/353
f 369/88/57 1187/1168/455 916/1169/455
f 282/689/353 877/1078/455 1188/1170/455
f 877/1078/455 48/36/22 368/38/22
f 1188/1170/455 368/38/22 35/43/22
f 676/692/353 1188/1170/455 917/1171/455
f 294/414/359 879/1081/456 1189/1173/456
f 879/1081/456 284/716/360 688/715/360
f 1189/1173/456 688/715/360 224/714/359
f 704/746/372 1189/1173/456 918/1174/456
f 285/703/354 883/1088/458 1190/1176/458
f 883/1088/458 47/44/27 363/46/27
f 1190/1176/458 363/46/27 30/51/27
f 683/706/354 1190/1176/458 919/1177/458
f 46/132/27 888/1095/458 1191/1179/458
f 888/1095/458 287/730/365 695/729/365
f 1191/1179/458 695/729/365 227/728/365
f 362/56/27 1191/1179/458 920/1180/458
f 288/717/361 886/892/459 1192/1181/459
f 886/892/459 290/478/371 702/743/359
f 1192/1181/459 702/743/359 230/742/359
f 690/720/361 1192/1181/459 921/1182/460
f 291/731/366 891/1100/185 1193/1184/461
f 38/112/185 384/113/185 1193/1184/461
f 95/110/184 471/285/190 1193/1184/461
f 21/282/189 922/1186/461 1193/1184/461
f 231/1185/366 697/734/366 1193/1184/461
f 39/281/184 894/1105/185 1194/1187/185
f 293/756/375 709/755/375 1194/1187/185
f 233/754/375 923/1188/187 1194/1187/185
f 22/276/188 468/275/187 1194/1187/185
f 93/243/184 466/279/184 1194/1187/185
f 299/973/202 830/986/398 1195/1189/462
f 830/986/398 297/914/389 895/1107/402
f 1195/1189/462 895/1107/402 12/68/427
f 896/1109/429 1195/1189/462 333/63/463
f 1212/1190/465 1644/1196/471 2119/1191/466
f 1533/1192/467 2119/1191/466 1522/1193/468
f 2119/1191/466 1656/1197/472 1284/1195/470
f 1644/1196/471 1283/1449/736 1656/1197/472
f 1202/1198/31 1525/1204/478 2120/1199/473
f 1524/1200/474 2120/1199/473 1647/1201/475
f 2120/1199/473 1657/1205/479 1286/1203/477
f 1525/1204/478 1282/1452/478 1657/1205/479
f 1199/1206/480 1537/1211/485 2121/1207/481
f 1645/1208/482 2121/1207/481 1660/1209/483
f 2121/1207/481 1646/1212/486 1285/1210/484
f 1537/1211/485 1214/1304/3447 1646/1212/486
f 1210/1213/184 1634/1223/184 2122/1214/185
f 1197/1216/184 1532/1215/184 2122/1214/185
f 1289/1218/185 1539/1217/184 2122/1214/185
f 1279/1220/186 1662/1219/186 2122/1214/185
f 1273/1222/184 1651/1221/185 2122/1214/185
f 1243/1224/487 1563/1230/493 2123/1225/488
f 1584/1226/489 2123/1225/488 1552/1227/490
f 2123/1225/488 1541/1231/494 1219/1229/492
f 1563/1230/493 1230/2360/1587 1541/1231/494
f 1242/1232/495 1558/1238/501 2124/1233/496
f 1583/1234/497 2124/1233/496 1555/1235/498
f 2124/1233/496 1542/1239/502 1222/1237/500
f 1558/1238/501 1225/2365/508 1542/1239/502
f 1240/1240/503 1556/1246/509 2125/1241/504
f 1582/1242/505 2125/1241/504 1557/1243/506
f 2125/1241/504 1543/1247/183 1224/1245/508
f 1556/1246/509 1223/2329/7 1543/1247/183
f 1206/1248/510 1559/1254/516 2126/1249/511
f 1528/1250/512 2126/1249/511 1560/1251/513
f 2126/1249/511 1544/1255/517 1227/1253/515
f 1559/1254/516 1226/1270/532 1544/1255/517
f 1207/1252/514 1560/1251/513 2127/1256/518
f 1529/1257/519 2127/1256/518 1561/1258/520
f 2127/1256/518 1545/1261/523 1228/1260/522
f 1560/1251/513 1227/1253/515 1545/1261/523
f 1208/1259/521 1561/1258/520 2128/1262/524
f 1530/1263/525 2128/1262/524 1562/1264/526
f 2128/1262/524 1546/1267/529 1229/1266/528
f 1561/1258/520 1228/1260/522 1546/1267/529
f 1209/1265/527 1562/1264/526 2129/1268/530
f 1531/1269/531 2129/1268/530 1559/1254/516
f 2129/1268/530 1547/1271/533 1226/1270/532
f 1562/1264/526 1229/1266/528 1547/1271/533
f 1235/1272/534 1551/1278/540 2130/1273/535
f 1581/1274/536 2130/1273/535 1564/1275/537
f 2130/1273/535 1548/1279/541 1231/1277/539
f 1551/1278/540 1218/1283/545 1548/1279/541
f 1258/1280/542 1617/1284/546 2131/1281/543
f 1628/1282/544 2131/1281/543 1551/1278/540
f 2131/1281/543 1626/1285/547 1218/1283/545
f 1617/1284/546 1269/1405/693 1626/1285/547
f 1236/1228/491 1552/1227/490 2132/1286/548
f 1580/1287/549 2132/1286/548 1565/1288/550
f 2132/1286/548 1549/1291/547 1232/1290/552
f 1552/1227/490 1219/1229/492 1549/1291/547
f 1196/1292/553 1566/1301/555 2133/1293/554
f 1279/1220/556 1640/1294/555 2133/1293/554
f 1287/1296/557 1649/1295/555 2133/1293/554
f 1290/1298/559 1665/1297/558 2133/1293/554
f 1233/1300/558 1579/1299/554 2133/1293/554
f 1199/1206/560 1569/1305/566 2134/1302/561
f 1537/1211/562 2134/1302/561 1578/1303/563
f 2134/1302/561 1580/1287/567 1245/1289/565
f 1569/1305/566 1236/1228/600 1580/1287/567
f 1213/1306/568 1627/1310/574 2135/1307/569
f 1536/1308/570 2135/1307/569 1568/1309/571
f 2135/1307/569 1628/1282/575 1235/1272/573
f 1627/1310/574 1258/1280/650 1628/1282/575
f 1198/1194/572 1568/1309/571 2136/1311/576
f 1533/1192/577 2136/1311/576 1577/1312/578
f 2136/1311/576 1581/1274/581 1244/1276/580
f 1568/1309/571 1235/1272/573 1581/1274/581
f 1203/1313/582 1573/1318/588 2137/1314/583
f 1526/1315/584 2137/1314/583 1574/1316/585
f 2137/1314/583 1582/1242/589 1241/1244/587
f 1573/1318/588 1240/1240/1436 1582/1242/589
f 1205/1202/590 1575/1321/590 2138/1319/591
f 1524/1200/592 2138/1319/591 1572/1320/593
f 2138/1319/591 1583/1234/596 1239/1236/595
f 1575/1321/590 1242/1232/1505 1583/1234/596
f 1211/1322/597 1576/1325/601 2139/1323/598
f 1521/1324/599 2139/1323/598 1569/1305/566
f 2139/1323/598 1584/1226/602 1236/1228/600
f 1576/1325/601 1243/1224/1491 1584/1226/602
f 1251/1326/603 1622/1332/609 2140/1327/604
f 1588/1328/605 2140/1327/604 1635/1329/606
f 2140/1327/604 1658/1333/604 1274/1331/608
f 1622/1332/609 1278/1344/609 1658/1333/604
f 1213/1306/610 1535/1339/616 2141/1334/611
f 1630/1335/612 2141/1334/611 1621/1336/613
f 2141/1334/611 1650/1340/617 1276/1338/615
f 1535/1339/616 1285/1210/484 1650/1340/617
f 1252/1341/618 1623/1345/621 2142/1342/619
f 1589/1343/620 2142/1342/619 1622/1332/609
f 2142/1342/619 1653/1346/619 1278/1344/609
f 1623/1345/621 1280/1349/624 1653/1346/619
f 1249/1337/614 1621/1336/613 2143/1347/622
f 1586/1348/623 2143/1347/622 1623/1345/621
f 2143/1347/622 1655/1350/625 1280/1349/624
f 1621/1336/613 1276/1338/615 1655/1350/625
f 1247/1351/626 1585/1357/632 2144/1352/627
f 1599/1353/628 2144/1352/627 1591/1354/629
f 2144/1352/627 1602/1358/633 1259/1356/631
f 1585/1357/632 1250/1373/652 1602/1358/633
f 1248/1359/634 1629/1364/639 2145/1360/635
f 1600/1361/636 2145/1360/635 1631/1362/637
f 2145/1360/635 1578/1303/563 1245/1289/565
f 1629/1364/639 1214/1304/564 1578/1303/563
f 1249/1337/640 1586/1348/646 2146/1365/641
f 1601/1366/642 2146/1365/641 1592/1367/643
f 2146/1365/641 1604/1370/647 1261/1369/645
f 1586/1348/646 1252/1341/665 1604/1370/647
f 1213/1306/568 1630/1335/651 2147/1371/648
f 1627/1310/574 2147/1371/648 1593/1372/649
f 2147/1371/648 1601/1366/642 1257/1368/644
f 1630/1335/651 1249/1337/640 1601/1366/642
f 1250/1373/652 1587/1377/655 2148/1374/80
f 1602/1358/633 2148/1374/80 1594/1375/653
f 2148/1374/80 1605/1378/656 1262/1376/654
f 1587/1377/655 1253/1387/669 1605/1378/656
f 1251/1326/657 1588/1328/663 2149/1379/658
f 1603/1380/659 2149/1379/658 1595/1381/660
f 2149/1379/658 1598/1384/664 1254/1383/662
f 1588/1328/663 1246/1330/3448 1598/1384/664
f 1252/1341/665 1589/1343/668 2150/1385/666
f 1604/1370/647 2150/1385/666 1596/1386/667
f 2150/1385/666 1603/1380/659 1260/1382/661
f 1589/1343/668 1251/1326/657 1603/1380/659
f 1253/1387/669 1590/1390/672 2151/1388/670
f 1605/1378/656 2151/1388/670 1597/1389/671
f 2151/1388/670 1600/1361/636 1256/1363/638
f 1590/1390/672 1248/1359/634 1600/1361/636
f 1259/1356/673 1594/1375/679 2152/1391/674
f 1610/1392/675 2152/1391/674 1607/1393/676
f 2152/1391/674 1609/1396/680 1266/1395/678
f 1594/1375/679 1262/1376/681 1609/1396/680
f 1262/1376/681 1597/1389/685 2153/1397/682
f 1609/1396/680 2153/1397/682 1608/1398/683
f 2153/1397/682 1611/1400/686 1264/1399/684
f 1597/1389/685 1256/1363/687 1611/1400/686
f 1256/1363/687 1631/1362/690 2154/1401/688
f 1611/1400/686 2154/1401/688 1632/1402/689
f 2154/1401/688 1565/1288/550 1232/1290/552
f 1631/1362/690 1245/1289/551 1565/1288/550
f 1258/1280/542 1593/1372/695 2155/1403/691
f 1617/1284/546 2155/1403/691 1613/1404/692
f 2155/1403/691 1616/1407/696 1268/1406/694
f 1593/1372/695 1257/1368/705 1616/1407/696
f 1261/1369/697 1596/1386/703 2156/1408/698
f 1619/1409/699 2156/1408/698 1615/1410/700
f 2156/1408/698 1618/1413/704 1270/1412/702
f 1596/1386/703 1260/1382/751 1618/1413/704
f 1257/1368/705 1592/1367/708 2157/1414/706
f 1616/1407/696 2157/1414/706 1612/1415/707
f 2157/1414/706 1619/1409/699 1271/1411/701
f 1592/1367/708 1261/1369/697 1619/1409/699
f 1246/1330/709 1635/1329/714 2158/1416/710
f 1254/1383/712 1598/1384/711 2158/1416/710
f 1291/1418/713 1667/1417/712 2158/1416/710
f 1272/1420/715 1633/1419/714 2158/1416/710
f 1274/1331/714 1652/1421/716 2158/1416/710
f 1267/1422/717 1668/1427/721 2159/1423/718
f 1624/1424/719 2159/1423/718 1654/1425/718
f 2159/1423/718 1633/1419/722 1272/1420/720
f 1668/1427/721 1291/1418/754 1633/1419/722
f 1287/1296/557 1648/1429/723 2160/1428/558
f 1649/1295/555 2160/1428/558 1662/1219/559
f 2160/1428/558 1664/1430/558 1289/1218/556
f 1648/1429/723 1288/1460/723 1664/1430/558
f 1285/1210/484 1646/1212/486 2161/1431/724
f 1650/1340/617 2161/1431/724 1637/1432/615
f 2161/1431/724 1629/1364/726 1248/1359/725
f 1646/1212/486 1214/1304/3447 1629/1364/726
f 1273/1222/184 1538/1434/185 2162/1433/185
f 1651/1221/185 2162/1433/185 1640/1294/184
f 2162/1433/185 1540/1435/184 1196/1292/184
f 1538/1434/185 1215/2300/185 1540/1435/184
f 1274/1331/714 1620/1440/730 2163/1436/727
f 1272/1420/715 1652/1421/716 2163/1436/727
f 1292/1438/728 1669/1437/716 2163/1436/727
f 1255/1355/727 1625/1439/727 2163/1436/727
f 1247/1351/712 1599/1353/729 2163/1436/727
f 1280/1349/624 1641/1443/731 2164/1441/619
f 1653/1346/619 2164/1441/619 1639/1442/609
f 2164/1441/619 1587/1377/619 1250/1373/609
f 1641/1443/731 1253/1387/734 1587/1377/619
f 1272/1420/720 1669/1437/722 2165/1444/718
f 1654/1425/718 2165/1444/718 1642/1445/719
f 2165/1444/718 1670/1447/733 1263/1446/732
f 1669/1437/722 1292/1438/763 1670/1447/733
f 1276/1338/615 1637/1432/615 2166/1448/156
f 1655/1350/625 2166/1448/156 1641/1443/731
f 2166/1448/156 1590/1390/735 1253/1387/734
f 1637/1432/615 1248/1359/725 1590/1390/735
f 1283/1449/736 1534/1451/738 2167/1450/737
f 1656/1197/472 2167/1450/737 1645/1208/482
f 2167/1450/737 1521/1324/739 1199/1206/480
f 1534/1451/738 1211/1322/1493 1521/1324/739
f 1282/1452/478 1643/1455/478 2168/1453/740
f 1657/1205/479 2168/1453/740 1527/1454/741
f 2168/1453/740 1526/1315/743 1204/1317/742
f 1643/1455/478 1203/1313/31 1526/1315/743
f 1278/1344/609 1639/1442/609 2169/1456/604
f 1658/1333/604 2169/1456/604 1620/1440/608
f 2169/1456/604 1585/1357/604 1247/1351/606
f 1639/1442/609 1250/1373/609 1585/1357/604
f 1275/1457/19 1550/1461/20 2170/1458/18
f 1659/1459/19 2170/1458/18 1648/1429/19
f 2170/1458/18 1663/1462/745 1288/1460/744
f 1550/1461/20 1217/2376/1603 1663/1462/745
f 1285/1210/484 1535/1339/616 2171/1463/481
f 1660/1209/483 2171/1463/481 1522/1193/468
f 2171/1463/481 1536/1308/746 1198/1194/469
f 1535/1339/616 1213/1306/610 1536/1308/746
f 1288/1460/723 1661/1465/749 2172/1464/747
f 1664/1430/558 2172/1464/747 1539/1217/556
f 2172/1464/747 1567/1466/750 1197/1216/748
f 1661/1465/749 1234/2373/3449 1567/1466/750
f 1216/1467/19 1636/1470/19 2173/1468/19
f 1666/1469/19 2173/1468/19 1665/1297/19
f 2173/1468/19 1659/1459/19 1287/1296/19
f 1636/1470/19 1275/1457/19 1659/1459/19
f 1260/1382/751 1595/1381/757 2174/1471/752
f 1270/1412/702 1618/1413/704 2174/1471/752
f 1267/1422/717 1614/1472/753 2174/1471/752
f 1291/1418/754 1668/1427/721 2174/1471/752
f 1254/1383/756 1667/1417/755 2174/1471/752
f 1263/1446/732 1670/1447/733 2175/1473/758
f 1265/1394/677 1606/1474/759 2175/1473/758
f 1259/1356/673 1610/1392/675 2175/1473/758
f 1255/1355/761 1591/1354/760 2175/1473/758
f 1292/1438/763 1625/1439/762 2175/1473/758
f 1357/1475/764 1671/1481/765 2176/1476/765
f 1672/1477/284 2176/1476/765 1673/1478/766
f 2176/1476/765 1674/1482/767 1298/1480/767
f 1671/1481/765 1358/1483/767 1674/1482/767
f 1358/1483/767 1675/1487/768 2177/1484/768
f 1674/1482/767 2177/1484/768 1676/1485/769
f 2177/1484/768 1677/1488/771 1297/1486/770
f 1675/1487/768 1356/2176/771 1677/1488/771
f 1519/1489/772 1678/1495/773 2178/1490/773
f 1679/1491/772 2178/1490/773 1680/1492/774
f 2178/1490/773 1681/311/288 1304/1494/288
f 1678/1495/773 1520/312/288 1681/311/288
f 1520/312/288 1682/1499/776 2179/1496/776
f 1681/311/288 2179/1496/776 1683/1497/777
f 2179/1496/776 1684/1500/779 1303/1498/778
f 1682/1499/776 1518/2164/779 1684/1500/779
f 1498/1501/780 1685/1507/786 2180/1502/781
f 1686/1503/782 2180/1502/781 1687/1504/783
f 2180/1502/781 1688/1508/785 1310/1506/785
f 1685/1507/786 1499/1509/785 1688/1508/785
f 1499/1509/785 1689/1513/787 2181/1510/787
f 1688/1508/785 2181/1510/787 1690/1511/788
f 2181/1510/787 1691/1514/789 1309/1512/789
f 1689/1513/787 1497/2118/297 1691/1514/789
f 1353/1515/319 1692/1521/318 2182/1516/790
f 1693/1517/791 2182/1516/790 1694/1518/792
f 2182/1516/790 1695/1522/317 1316/1520/794
f 1692/1521/318 1355/1523/317 1695/1522/317
f 1355/1523/317 1696/1527/321 2183/1524/795
f 1695/1522/317 2183/1524/795 1697/1525/796
f 2183/1524/795 1698/1528/798 1315/1526/797
f 1696/1527/321 1354/2170/1406 1698/1528/798
f 1507/1529/326 1699/1535/325 2184/1530/799
f 1700/1531/327 2184/1530/799 1701/1532/800
f 2184/1530/799 1702/1536/329 1322/1534/329
f 1699/1535/325 1508/1537/324 1702/1536/329
f 1508/1537/324 1703/1541/323 2185/1538/323
f 1702/1536/329 2185/1538/323 1704/1539/802
f 2185/1538/323 1705/1542/322 1321/1540/803
f 1703/1541/323 1506/2139/322 1705/1542/322
f 1501/1543/331 1706/1549/332 2186/1544/804
f 1707/1545/805 2186/1544/804 1708/1546/806
f 2186/1544/804 1709/1550/333 1325/1548/808
f 1706/1549/332 1502/1551/333 1709/1550/333
f 1502/1551/333 1710/1555/335 2187/1552/809
f 1709/1550/333 2187/1552/809 1711/1553/810
f 2187/1552/809 1712/1556/812 1324/1554/811
f 1710/1555/335 1500/2125/338 1712/1556/812
f 1504/1557/345 1713/1563/344 2188/1558/813
f 1714/1559/337 2188/1558/813 1715/1560/814
f 2188/1558/813 1716/1564/341 1334/1562/816
f 1713/1563/344 1505/1565/341 1716/1564/341
f 1505/1565/341 1717/1569/347 2189/1566/817
f 1716/1564/341 2189/1566/817 1718/1567/818
f 2189/1566/817 1719/1570/820 1333/1568/819
f 1717/1569/347 1503/2132/339 1719/1570/820
f 1510/1571/348 1720/1577/349 2190/1572/349
f 1721/1573/348 2190/1572/349 1722/1574/821
f 2190/1572/349 1723/1578/350 1337/1576/350
f 1720/1577/349 1511/1579/823 1723/1578/350
f 1511/1579/823 1724/1583/351 2191/1580/824
f 1723/1578/350 2191/1580/824 1725/1581/825
f 2191/1580/824 1726/1584/827 1336/1582/826
f 1724/1583/351 1509/2146/353 1726/1584/827
f 1360/1585/354 1727/1591/833 2192/1586/828
f 1728/1587/829 2192/1586/828 1729/1588/830
f 2192/1586/828 1730/1592/834 1343/1590/832
f 1727/1591/833 1361/1593/835 1730/1592/834
f 1361/1593/835 1731/1597/839 2193/1594/836
f 1730/1592/834 2193/1594/836 1732/1595/837
f 2193/1594/836 1733/1598/840 1342/1596/838
f 1731/1597/839 1359/1620/359 1733/1598/840
f 1366/1599/841 1734/1605/367 2194/1600/842
f 1735/1601/843 2194/1600/842 1736/1602/844
f 2194/1600/842 1737/1606/847 1349/1604/846
f 1734/1605/367 1367/1607/848 1737/1606/847
f 1367/1607/848 1738/1611/852 2195/1608/849
f 1737/1606/847 2195/1608/849 1739/1609/850
f 2195/1608/849 1740/1612/853 1348/1610/851
f 1738/1611/852 1365/1644/372 1740/1612/853
f 1516/1613/365 1741/1616/833 2196/1614/833
f 1742/1615/354 2196/1614/833 1727/1591/833
f 2196/1614/833 1743/1617/363 1361/1593/835
f 1741/1616/833 1517/1618/363 1743/1617/363
f 1517/1618/363 1744/1621/358 2197/1619/358
f 1743/1617/363 2197/1619/358 1731/1597/839
f 2197/1619/358 1745/1622/361 1359/1620/359
f 1744/1621/358 1515/2158/1399 1745/1622/361
f 1351/1623/854 1746/1629/858 2198/1624/855
f 1747/1625/856 2198/1624/855 1748/1626/857
f 2198/1624/855 1749/1630/859 1364/1628/848
f 1746/1629/858 1352/1631/860 1749/1630/859
f 1352/1631/860 1750/1635/862 2199/1632/861
f 1749/1630/859 2199/1632/861 1751/1633/370
f 2199/1632/861 1752/1636/863 1363/1634/359
f 1750/1635/862 1350/2084/1499 1752/1636/863
f 1513/1637/864 1753/1640/857 2200/1638/367
f 1754/1639/865 2200/1638/367 1734/1605/367
f 2200/1638/367 1755/1641/848 1367/1607/848
f 1753/1640/857 1514/1642/848 1755/1641/848
f 1514/1642/848 1756/1645/370 2201/1643/852
f 1755/1641/848 2201/1643/852 1738/1611/852
f 2201/1643/852 1757/1646/372 1365/1644/372
f 1756/1645/370 1512/2152/359 1757/1646/372
f 1345/1647/866 1758/1653/870 2202/1648/867
f 1759/1649/868 2202/1648/867 1760/1650/869
f 2202/1648/867 1761/1654/871 1370/1652/357
f 1758/1653/870 1346/1655/872 1761/1654/871
f 1346/1655/872 1762/1659/875 2203/1656/873
f 1761/1654/871 2203/1656/873 1763/1657/874
f 2203/1656/873 1764/1660/876 1369/1658/360
f 1762/1659/875 1344/2071/3450 1764/1660/876
f 1432/1661/877 1765/1667/882 2204/1662/878
f 1766/1663/877 2204/1662/878 1767/1664/879
f 2204/1662/878 1768/1668/883 1373/1666/881
f 1765/1667/882 1433/1669/884 1768/1668/883
f 1433/1669/884 1769/1673/888 2205/1670/885
f 1768/1668/883 2205/1670/885 1770/1671/886
f 2205/1670/885 1771/1674/889 1371/1672/887
f 1769/1673/888 1431/1944/1536 1771/1674/889
f 1435/1675/890 1772/1681/894 2206/1676/891
f 1773/1677/892 2206/1676/891 1774/1678/886
f 2206/1676/891 1775/1682/895 1376/1680/893
f 1772/1681/894 1436/1683/896 1775/1682/895
f 1436/1683/896 1776/1687/898 2207/1684/897
f 1775/1682/895 2207/1684/897 1777/1685/879
f 2207/1684/897 1778/1688/899 1374/1686/880
f 1776/1687/898 1434/1951/1538 1778/1688/899
f 1438/1689/900 1779/1694/905 2208/1690/901
f 1780/1691/902 2208/1690/901 1781/1692/903
f 2208/1690/901 1782/513/906 1379/512/210
f 1779/1694/905 1439/1695/907 1782/513/906
f 1439/1695/907 1783/1699/911 2209/1696/908
f 1782/513/906 2209/1696/908 1784/1697/909
f 2209/1696/908 1785/1700/912 1377/1698/910
f 1783/1699/911 1437/1960/1534 1785/1700/912
f 1441/1701/913 1786/1706/917 2210/1702/914
f 1787/1703/915 2210/1702/914 1788/1704/909
f 2210/1702/914 1789/527/918 1382/526/210
f 1786/1706/917 1442/1707/919 1789/527/918
f 1442/1707/919 1790/1711/921 2211/1708/920
f 1789/527/918 2211/1708/920 1791/1709/903
f 2211/1708/920 1792/1712/922 1380/1710/904
f 1790/1711/921 1440/1967/1545 1792/1712/922
f 1444/1713/923 1793/1719/929 2212/1714/924
f 1794/1715/925 2212/1714/924 1795/1716/926
f 2212/1714/924 1796/1720/930 1385/1718/928
f 1793/1719/929 1445/1721/931 1796/1720/930
f 1445/1721/931 1797/1725/935 2213/1722/932
f 1796/1720/930 2213/1722/932 1798/1723/933
f 2213/1722/932 1799/1726/936 1383/1724/934
f 1797/1725/935 1443/1976/1543 1799/1726/936
f 1447/1727/937 1800/1733/943 2214/1728/938
f 1801/1729/939 2214/1728/938 1802/1730/940
f 2214/1728/938 1803/1734/944 1388/1732/942
f 1800/1733/943 1448/1735/945 1803/1734/944
f 1448/1735/945 1804/1739/949 2215/1736/946
f 1803/1734/944 2215/1736/946 1805/1737/947
f 2215/1736/946 1806/1740/950 1386/1738/948
f 1804/1739/949 1446/1983/1551 1806/1740/950
f 1450/1741/951 1807/1747/954 2216/1742/952
f 1808/1743/953 2216/1742/952 1809/1744/386
f 2216/1742/952 1810/1748/955 1391/1746/385
f 1807/1747/954 1451/1749/956 1810/1748/955
f 1451/1749/956 1811/1753/958 2217/1750/957
f 1810/1748/955 2217/1750/957 1812/1751/221
f 2217/1750/957 1813/1754/959 1389/1752/219
f 1811/1753/958 1449/1992/1554 1813/1754/959
f 1453/1755/960 1814/1761/963 2218/1756/961
f 1815/1757/962 2218/1756/961 1816/1758/221
f 2218/1756/961 1817/1762/964 1394/1760/385
f 1814/1761/963 1454/1763/965 1817/1762/964
f 1454/1763/965 1818/1767/967 2219/1764/966
f 1817/1762/964 2219/1764/966 1819/1765/223
f 2219/1764/966 1820/1768/968 1392/1766/224
f 1818/1767/967 1452/1999/1540 1820/1768/968
f 1456/1769/969 1821/1775/973 2220/1770/970
f 1822/1771/971 2220/1770/970 1823/1772/230
f 2220/1770/970 1824/1776/974 1397/1774/228
f 1821/1775/973 1457/1777/975 1824/1776/974
f 1457/1777/975 1825/1781/977 2221/1778/976
f 1824/1776/974 2221/1778/976 1826/1779/226
f 2221/1778/976 1827/1782/978 1395/1780/409
f 1825/1781/977 1455/2008/1560 1827/1782/978
f 1459/1783/979 1828/1789/982 2222/1784/980
f 1829/1785/981 2222/1784/980 1830/1786/227
f 2222/1784/980 1831/1790/983 1400/1788/229
f 1828/1789/982 1460/1791/984 1831/1790/983
f 1460/1791/984 1832/1795/986 2223/1792/985
f 1831/1790/983 2223/1792/985 1833/1793/230
f 2223/1792/985 1834/1796/987 1398/1794/232
f 1832/1795/986 1458/2015/1556 1834/1796/987
f 1462/1797/988 1835/1803/992 2224/1798/989
f 1836/1799/990 2224/1798/989 1837/1800/991
f 2224/1798/989 1838/1804/993 1403/1802/393
f 1835/1803/992 1463/1805/994 1838/1804/993
f 1463/1805/994 1839/1809/997 2225/1806/995
f 1838/1804/993 2225/1806/995 1840/1807/996
f 2225/1806/995 1841/1810/998 1401/1808/238
f 1839/1809/997 1461/2021/1569 1841/1810/998
f 1465/1811/999 1842/1817/1002 2226/1812/1000
f 1843/1813/1001 2226/1812/1000 1844/1814/996
f 2226/1812/1000 1845/1818/1003 1406/1816/235
f 1842/1817/1002 1466/1819/1004 1845/1818/1003
f 1466/1819/1004 1846/1823/1006 2227/1820/1005
f 1845/1818/1003 2227/1820/1005 1847/1821/234
f 2227/1820/1005 1848/1824/1007 1404/1822/233
f 1846/1823/1006 1464/2030/1573 1848/1824/1007
f 1468/1825/1008 1849/1831/1012 2228/1826/1009
f 1850/1827/1010 2228/1826/1009 1851/1828/245
f 2228/1826/1009 1852/1832/1013 1409/1830/243
f 1849/1831/1012 1469/1833/1014 1852/1832/1013
f 1469/1833/1014 1853/1837/1016 2229/1834/1015
f 1852/1832/1013 2229/1834/1015 1854/1835/241
f 2229/1834/1015 1855/1838/1017 1407/1836/240
f 1853/1837/1016 1467/2040/1576 1855/1838/1017
f 1471/1839/1018 1856/1845/1022 2230/1840/1019
f 1857/1841/1020 2230/1840/1019 1858/1842/241
f 2230/1840/1019 1859/1846/1023 1412/1844/244
f 1856/1845/1022 1472/1847/1024 1859/1846/1023
f 1472/1847/1024 1860/1851/1026 2231/1848/1025
f 1859/1846/1023 2231/1848/1025 1861/1849/245
f 2231/1848/1025 1862/1852/1027 1410/1850/246
f 1860/1851/1026 1470/2047/1581 1862/1852/1027
f 1474/1853/1028 1863/1859/1033 2232/1854/1029
f 1864/1855/1030 2232/1854/1029 1865/1856/1031
f 2232/1854/1029 1866/1860/1034 1415/1858/1032
f 1863/1859/1033 1475/1861/1035 1866/1860/1034
f 1475/1861/1035 1867/1865/1037 2233/1862/1036
f 1866/1860/1034 2233/1862/1036 1868/1863/250
f 2233/1862/1036 1869/1866/1038 1413/1864/252
f 1867/1865/1037 1473/2053/1584 1869/1866/1038
f 1477/1867/1039 1870/1873/1042 2234/1868/1040
f 1871/1869/1041 2234/1868/1040 1872/1870/251
f 2234/1868/1040 1873/1874/1043 1418/1872/249
f 1870/1873/1042 1478/1875/1044 1873/1874/1043
f 1478/1875/1044 1874/1879/1046 2235/1876/1045
f 1873/1874/1043 2235/1876/1045 1875/1877/248
f 2235/1876/1045 1876/1880/1047 1416/1878/247
f 1874/1879/1046 1476/2062/1579 1876/1880/1047
f 1480/1881/1048 1877/1887/1053 2236/1882/1049
f 1878/1883/1050 2236/1882/1049 1879/1884/1051
f 2236/1882/1049 1880/1888/1054 1421/1886/258
f 1877/1887/1053 1481/1889/1055 1880/1888/1054
f 1481/1889/1055 1881/1893/1057 2237/1890/1056
f 1880/1888/1054 2237/1890/1056 1882/1891/259
f 2237/1890/1056 1883/1894/1058 1419/1892/268
f 1881/1893/1057 1479/2069/1590 1883/1894/1058
f 1483/1895/1059 1884/1901/1062 2238/1896/1060
f 1885/1897/1061 2238/1896/1060 1886/1898/279
f 2238/1896/1060 1887/1902/1063 1424/1900/258
f 1884/1901/1062 1484/1903/1064 1887/1902/1063
f 1484/1903/1064 1888/1907/1066 2239/1904/1065
f 1887/1902/1063 2239/1904/1065 1889/1905/1051
f 2239/1904/1065 1890/1908/1067 1422/1906/267
f 1888/1907/1066 1482/2076/1596 1890/1908/1067
f 1486/1909/1068 1891/1915/1074 2240/1910/1069
f 1892/1911/1070 2240/1910/1069 1893/1912/1071
f 2240/1910/1069 1894/1916/1075 1427/1914/1073
f 1891/1915/1074 1487/1917/1076 1894/1916/1075
f 1487/1917/1076 1895/1921/1078 2241/1918/1077
f 1894/1916/1075 2241/1918/1077 1896/1919/266
f 2241/1918/1077 1897/1922/1079 1425/1920/261
f 1895/1921/1078 1485/2082/1599 1897/1922/1079
f 1489/1923/1080 1898/1929/1084 2242/1924/1081
f 1899/1925/1082 2242/1924/1081 1900/1926/266
f 2242/1924/1081 1901/1930/1085 1430/1928/1083
f 1898/1929/1084 1490/1931/1086 1901/1930/1085
f 1490/1931/1086 1902/1935/1088 2243/1932/1087
f 1901/1930/1085 2243/1932/1087 1903/1933/1071
f 2243/1932/1087 1904/1936/1089 1428/1934/264
f 1902/1935/1088 1488/2089/1602 1904/1936/1089
f 1294/1937/1090 1905/1940/1096 2244/1938/1091
f 1906/1939/1092 2244/1938/1091 1765/1667/1093
f 2244/1938/1091 1907/1941/1097 1433/1669/1095
f 1905/1940/1096 1295/1942/1098 1907/1941/1097
f 1295/1942/1098 1908/1945/1102 2245/1943/1099
f 1907/1941/1097 2245/1943/1099 1769/1673/1100
f 2245/1943/1099 1909/1946/1103 1431/1944/1101
f 1908/1945/1102 1293/2102/1415 1909/1946/1103
f 1296/1479/1104 1673/1478/1110 2246/1947/1105
f 1910/1948/1106 2246/1947/1105 1772/1681/1107
f 2246/1947/1105 1911/1949/1111 1436/1683/1109
f 1673/1478/1110 1298/1480/1112 1911/1949/1111
f 1298/1480/1112 1676/1485/1116 2247/1950/1113
f 1911/1949/1111 2247/1950/1113 1776/1687/1114
f 2247/1950/1113 1912/1952/1117 1434/1951/1115
f 1676/1485/1116 1297/1486/1426 1912/1952/1117
f 1300/1953/1118 1913/1956/1124 2248/1954/1119
f 1914/1955/1120 2248/1954/1119 1779/1694/1121
f 2248/1954/1119 1915/1957/1125 1439/1695/1123
f 1913/1956/1124 1301/1958/1126 1915/1957/1125
f 1301/1958/1126 1916/1961/1130 2249/1959/1127
f 1915/1957/1125 2249/1959/1127 1783/1699/1128
f 2249/1959/1127 1917/1962/1131 1437/1960/1129
f 1916/1961/1130 1299/2160/1411 1917/1962/1131
f 1302/1493/1132 1680/1492/1138 2250/1963/1133
f 1918/1964/1134 2250/1963/1133 1786/1706/1135
f 2250/1963/1133 1919/1965/1139 1442/1707/1137
f 1680/1492/1138 1304/1494/1140 1919/1965/1139
f 1304/1494/1140 1683/1497/1144 2251/1966/1141
f 1919/1965/1139 2251/1966/1141 1790/1711/1142
f 2251/1966/1141 1920/1968/1145 1440/1967/1143
f 1683/1497/1144 1303/1498/1432 1920/1968/1145
f 1306/1969/1146 1921/1972/1151 2252/1970/1147
f 1922/1971/1148 2252/1970/1147 1793/1719/1149
f 2252/1970/1147 1923/1973/1152 1445/1721/1150
f 1921/1972/1151 1307/1974/1153 1923/1973/1152
f 1307/1974/1153 1924/1977/1157 2253/1975/1154
f 1923/1973/1152 2253/1975/1154 1797/1725/1155
f 2253/1975/1154 1925/1978/1158 1443/1976/1156
f 1924/1977/1157 1305/2113/1429 1925/1978/1158
f 1308/1505/1159 1687/1504/1165 2254/1979/1160
f 1926/1980/1161 2254/1979/1160 1800/1733/1162
f 2254/1979/1160 1927/1981/1166 1448/1735/1164
f 1687/1504/1165 1310/1506/1167 1927/1981/1166
f 1310/1506/1167 1690/1511/1171 2255/1982/1168
f 1927/1981/1166 2255/1982/1168 1804/1739/1169
f 2255/1982/1168 1928/1984/1172 1446/1983/1170
f 1690/1511/1171 1309/1512/1440 1928/1984/1172
f 1312/1985/1173 1929/1988/1179 2256/1986/1174
f 1930/1987/1175 2256/1986/1174 1807/1747/1176
f 2256/1986/1174 1931/1989/1180 1451/1749/1178
f 1929/1988/1179 1313/1990/1181 1931/1989/1180
f 1313/1990/1181 1932/1993/1185 2257/1991/1182
f 1931/1989/1180 2257/1991/1182 1811/1753/1183
f 2257/1991/1182 1933/1994/1186 1449/1992/1184
f 1932/1993/1185 1311/2091/1444 1933/1994/1186
f 1314/1519/1187 1694/1518/1193 2258/1995/1188
f 1934/1996/1189 2258/1995/1188 1814/1761/1190
f 2258/1995/1188 1935/1997/1194 1454/1763/1192
f 1694/1518/1193 1316/1520/1195 1935/1997/1194
f 1316/1520/1195 1697/1525/1199 2259/1998/1196
f 1935/1997/1194 2259/1998/1196 1818/1767/1197
f 2259/1998/1196 1936/2000/1200 1452/1999/1198
f 1697/1525/1199 1315/1526/1306 1936/2000/1200
f 1318/2001/1201 1937/2004/1207 2260/2002/1202
f 1938/2003/1203 2260/2002/1202 1821/1775/1204
f 2260/2002/1202 1939/2005/1208 1457/1777/1206
f 1937/2004/1207 1319/2006/1209 1939/2005/1208
f 1319/2006/1209 1940/2009/1213 2261/2007/1210
f 1939/2005/1208 2261/2007/1210 1825/1781/1211
f 2261/2007/1210 1941/2010/1214 1455/2008/1212
f 1940/2009/1213 1317/2134/1450 1941/2010/1214
f 1320/1533/1215 1701/1532/1221 2262/2011/1216
f 1942/2012/1217 2262/2011/1216 1828/1789/1218
f 2262/2011/1216 1943/2013/1222 1460/1791/1220
f 1701/1532/1221 1322/1534/1223 1943/2013/1222
f 1322/1534/1223 1704/1539/1227 2263/2014/1224
f 1943/2013/1222 2263/2014/1224 1832/1795/1225
f 2263/2014/1224 1944/2016/1228 1458/2015/1226
f 1704/1539/1227 1321/1540/1446 1944/2016/1228
f 1323/1547/1229 1708/1546/1235 2264/2017/1230
f 1945/2018/1231 2264/2017/1230 1835/1803/1232
f 2264/2017/1230 1946/2019/1236 1463/1805/1234
f 1708/1546/1235 1325/1548/1237 1946/2019/1236
f 1325/1548/1237 1711/1553/1241 2265/2020/1238
f 1946/2019/1236 2265/2020/1238 1839/1809/1239
f 2265/2020/1238 1947/2022/1242 1461/2021/1240
f 1711/1553/1241 1324/1554/1460 1947/2022/1242
f 1327/2023/1243 1948/2026/1249 2266/2024/1244
f 1949/2025/1245 2266/2024/1244 1842/1817/1246
f 2266/2024/1244 1950/2027/1250 1466/1819/1248
f 1948/2026/1249 1328/2028/1251 1950/2027/1250
f 1328/2028/1251 1951/2031/1255 2267/2029/1252
f 1950/2027/1250 2267/2029/1252 1846/1823/1253
f 2267/2029/1252 1952/2032/1256 1464/2030/1254
f 1951/2031/1255 1326/2120/1472 1952/2032/1256
f 1330/2033/1257 1953/2036/1263 2268/2034/1258
f 1954/2035/1259 2268/2034/1258 1849/1831/1260
f 2268/2034/1258 1955/2037/1264 1469/1833/1262
f 1953/2036/1263 1331/2038/1265 1955/2037/1264
f 1331/2038/1265 1956/2041/1269 2269/2039/1266
f 1955/2037/1264 2269/2039/1266 1853/1837/1267
f 2269/2039/1266 1957/2042/1270 1467/2040/1268
f 1956/2041/1269 1329/2127/1468 1957/2042/1270
f 1332/1561/1271 1715/1560/1277 2270/2043/1272
f 1958/2044/1273 2270/2043/1272 1856/1845/1274
f 2270/2043/1272 1959/2045/1278 1472/1847/1276
f 1715/1560/1277 1334/1562/1279 1959/2045/1278
f 1334/1562/1279 1718/1567/1283 2271/2046/1280
f 1959/2045/1278 2271/2046/1280 1860/1851/1281
f 2271/2046/1280 1960/2048/1284 1470/2047/1282
f 1718/1567/1283 1333/1568/1482 1960/2048/1284
f 1335/1575/1285 1722/1574/1291 2272/2049/1286
f 1961/2050/1287 2272/2049/1286 1863/1859/1288
f 2272/2049/1286 1962/2051/1292 1475/1861/1290
f 1722/1574/1291 1337/1576/1293 1962/2051/1292
f 1337/1576/1293 1725/1581/1297 2273/2052/1294
f 1962/2051/1292 2273/2052/1294 1867/1865/1295
f 2273/2052/1294 1963/2054/1298 1473/2053/1296
f 1725/1581/1297 1336/1582/1487 1963/2054/1298
f 1339/2055/632 1964/2058/1304 2274/2056/1299
f 1965/2057/1300 2274/2056/1299 1870/1873/1301
f 2274/2056/1299 1966/2059/1303 1478/1875/1303
f 1964/2058/1304 1340/2060/1305 1966/2059/1303
f 1340/2060/1305 1967/2063/1309 2275/2061/1306
f 1966/2059/1303 2275/2061/1306 1874/1879/1307
f 2275/2061/1306 1968/2064/1310 1476/2062/1308
f 1967/2063/1309 1338/2141/1477 1968/2064/1310
f 1341/1589/1311 1729/1588/1317 2276/2065/1312
f 1969/2066/1313 2276/2065/1312 1877/1887/1314
f 2276/2065/1312 1970/2067/1318 1481/1889/1316
f 1729/1588/1317 1343/1590/1319 1970/2067/1318
f 1343/1590/1319 1732/1595/1323 2277/2068/1320
f 1970/2067/1318 2277/2068/1320 1881/1893/1321
f 2277/2068/1320 1971/2070/1324 1479/2069/1322
f 1732/1595/1323 1342/1596/1495 1971/2070/1324
f 1344/2071/1325 1762/1659/1331 2278/2072/1326
f 1972/2073/1327 2278/2072/1326 1884/1901/1328
f 2278/2072/1326 1973/2074/1332 1484/1903/1330
f 1762/1659/1331 1346/1655/1333 1973/2074/1332
f 1346/1655/1333 1758/1653/1337 2279/2075/1334
f 1973/2074/1332 2279/2075/1334 1888/1907/1335
f 2279/2075/1334 1974/2077/1338 1482/2076/1336
f 1758/1653/1337 1345/1647/1516 1974/2077/1338
f 1347/1603/1339 1736/1602/1345 2280/2078/1340
f 1975/2079/1341 2280/2078/1340 1891/1915/1342
f 2280/2078/1340 1976/2080/1346 1487/1917/1344
f 1736/1602/1345 1349/1604/1347 1976/2080/1346
f 1349/1604/1347 1739/1609/1351 2281/2081/1348
f 1976/2080/1346 2281/2081/1348 1895/1921/1349
f 2281/2081/1348 1977/2083/1352 1485/2082/1350
f 1739/1609/1351 1348/1610/1510 1977/2083/1352
f 1350/2084/1353 1750/1635/1359 2282/2085/1354
f 1978/2086/1355 2282/2085/1354 1898/1929/1356
f 2282/2085/1354 1979/2087/1360 1490/1931/1358
f 1750/1635/1359 1352/1631/1361 1979/2087/1360
f 1352/1631/1361 1746/1629/1365 2283/2088/1362
f 1979/2087/1360 2283/2088/1362 1902/1935/1363
f 2283/2088/1362 1980/2090/1366 1488/2089/1364
f 1746/1629/1365 1351/1623/1523 1980/2090/1366
f 1311/2091/1367 1932/1993/1371 2284/2092/1368
f 1981/2093/1369 2284/2092/1368 1982/2094/318
f 2284/2092/1368 1983/2097/317 1493/2096/1370
f 1932/1993/1371 1313/1990/317 1983/2097/317
f 1313/1990/317 1929/1988/1374 2285/2098/1372
f 1983/2097/317 2285/2098/1372 1984/2099/1373
f 2285/2098/1372 1985/2101/797 1492/2100/315
f 1929/1988/1374 1312/1985/1413 1985/2101/797
f 1293/2102/1375 1908/1945/283 2286/2103/765
f 1986/2104/284 2286/2103/765 1987/2105/765
f 2286/2103/765 1988/2108/767 1496/2107/767
f 1908/1945/283 1295/1942/767 1988/2108/767
f 1295/1942/767 1905/1940/1376 2287/2109/768
f 1988/2108/767 2287/2109/768 1989/2110/768
f 2287/2109/768 1990/2112/771 1495/2111/771
f 1905/1940/1376 1294/1937/770 1990/2112/771
f 1305/2113/1377 1924/1977/783 2288/2114/1378
f 1991/2115/1379 2288/2114/1378 1685/1507/786
f 2288/2114/1378 1992/2116/785 1499/1509/785
f 1924/1977/783 1307/1974/785 1992/2116/785
f 1307/1974/785 1921/1972/788 2289/2117/787
f 1992/2116/785 2289/2117/787 1689/1513/787
f 2289/2117/787 1993/2119/297 1497/2118/297
f 1921/1972/788 1306/1969/3451 1993/2119/297
f 1326/2120/1380 1951/2031/1382 2290/2121/804
f 1994/2122/1381 2290/2121/804 1706/1549/332
f 2290/2121/804 1995/2123/334 1502/1551/333
f 1951/2031/1382 1328/2028/1383 1995/2123/334
f 1328/2028/1383 1948/2026/1385 2291/2124/1384
f 1995/2123/334 2291/2124/1384 1710/1555/335
f 2291/2124/1384 1996/2126/1386 1500/2125/338
f 1948/2026/1385 1327/2023/811 1996/2126/1386
f 1329/2127/1387 1956/2041/1390 2292/2128/1388
f 1997/2129/1389 2292/2128/1388 1713/1563/344
f 2292/2128/1388 1998/2130/341 1505/1565/341
f 1956/2041/1390 1331/2038/1391 1998/2130/341
f 1331/2038/1391 1953/2036/1392 2293/2131/817
f 1998/2130/341 2293/2131/817 1717/1569/347
f 2293/2131/817 1999/2133/1393 1503/2132/339
f 1953/2036/1392 1330/2033/3452 1999/2133/1393
f 1317/2134/801 1940/2009/1395 2294/2135/799
f 2000/2136/1394 2294/2135/799 1699/1535/325
f 2294/2135/799 2001/2137/324 1508/1537/324
f 1940/2009/1395 1319/2006/329 2001/2137/324
f 1319/2006/329 1937/2004/802 2295/2138/1396
f 2001/2137/324 2295/2138/1396 1703/1541/323
f 2295/2138/1396 2002/2140/322 1506/2139/322
f 1937/2004/802 1318/2001/1442 2002/2140/322
f 1338/2141/822 1967/2063/1397 2296/2142/349
f 2003/2143/348 2296/2142/349 1720/1577/349
f 2296/2142/349 2004/2144/823 1511/1579/823
f 1967/2063/1397 1340/2060/823 2004/2144/823
f 1340/2060/823 1964/2058/825 2297/2145/351
f 2004/2144/823 2297/2145/351 1724/1583/351
f 2297/2145/351 2005/2147/353 1509/2146/353
f 1964/2058/825 1339/2055/826 2005/2147/353
f 1362/1627/841 1748/1626/857 2298/2148/857
f 2006/2149/865 2298/2148/857 1753/1640/857
f 2298/2148/857 2007/2150/848 1514/1642/848
f 1748/1626/857 1364/1628/848 2007/2150/848
f 1364/1628/848 1751/1633/370 2299/2151/370
f 2007/2150/848 2299/2151/370 1756/1645/370
f 2299/2151/370 2008/2153/359 1512/2152/359
f 1751/1633/370 1363/1634/359 2008/2153/359
f 1368/1651/354 1760/1650/869 2300/2154/833
f 2009/2155/1398 2300/2154/833 1741/1616/833
f 2300/2154/833 2010/2156/356 1517/1618/363
f 1760/1650/869 1370/1652/357 2010/2156/356
f 1370/1652/357 1763/1657/874 2301/2157/358
f 2010/2156/356 2301/2157/358 1744/1621/358
f 2301/2157/358 2011/2159/360 1515/2158/1399
f 1763/1657/874 1369/1658/360 2011/2159/360
f 1299/2160/775 1916/1961/1402 2302/2161/1400
f 2012/2162/1401 2302/2161/1400 1678/1495/773
f 2302/2161/1400 2013/964/288 1520/312/288
f 1916/1961/1402 1301/1958/288 2013/964/288
f 1301/1958/288 1913/1956/777 2303/2163/1403
f 2013/964/288 2303/2163/1403 1682/1499/776
f 2303/2163/1403 2014/2165/779 1518/2164/779
f 1913/1956/777 1300/1953/779 2014/2165/779
f 1491/2095/319 1982/2094/318 2304/2166/318
f 2015/2167/319 2304/2166/318 1692/1521/318
f 2304/2166/318 2016/2168/1404 1355/1523/317
f 1982/2094/318 1493/2096/1370 2016/2168/1404
f 1493/2096/1370 1984/2099/1373 2305/2169/1405
f 2016/2168/1404 2305/2169/1405 1696/1527/321
f 2305/2169/1405 2017/2171/315 1354/2170/1406
f 1984/2099/1373 1492/2100/315 2017/2171/315
f 1494/2106/284 1987/2105/765 2306/2172/765
f 2018/2173/1407 2306/2172/765 1671/1481/765
f 2306/2172/765 2019/2174/767 1358/1483/767
f 1987/2105/765 1496/2107/767 2019/2174/767
f 1496/2107/767 1989/2110/768 2307/2175/768
f 2019/2174/767 2307/2175/768 1675/1487/768
f 2307/2175/768 2020/2177/771 1356/2176/771
f 1989/2110/768 1495/2111/771 2020/2177/771
f 1495/2111/771 1990/2112/771 2308/2178/1408
f 2021/2179/1408 2308/2178/1408 2012/2162/1401
f 2308/2178/1408 2022/2180/1409 1299/2160/775
f 1990/2112/771 1294/1937/770 2022/2180/1409
f 1294/1937/1090 1906/1939/1092 2309/2181/1410
f 2022/2180/377 2309/2181/1410 1917/1962/1131
f 2309/2181/1410 2023/2182/1412 1437/1960/1129
f 1906/1939/1092 1432/1661/1094 2023/2182/1412
f 1293/2102/1375 1986/2104/284 2310/2183/434
f 2024/2184/434 2310/2183/434 1985/2101/797
f 2310/2183/434 2025/2185/434 1492/2100/315
f 1986/2104/284 1494/2106/284 2025/2185/434
f 1312/1985/1173 1930/1987/1175 2311/2186/1414
f 2024/2184/1414 2311/2186/1414 1909/1946/1103
f 2311/2186/1414 2026/2187/1416 1431/1944/1101
f 1930/1987/1175 1450/1741/1177 2026/2187/1416
f 1357/1475/764 1672/1477/284 2312/2188/1417
f 1209/1265/1419 2027/2189/1418 2312/2188/1417
f 1208/1259/1421 1530/1263/1420 2312/2188/1417
f 1354/2170/1406 2028/2190/1422 2312/2188/1417
f 1315/1526/797 1698/1528/798 2312/2188/1417
f 1296/1479/284 2029/2191/434 2312/2188/1417
f 1297/1486/770 1677/1488/771 2313/2192/1408
f 1302/1493/775 2030/2193/1409 2313/2192/1408
f 1519/1489/772 1679/1491/772 2313/2192/1408
f 1495/2111/771 2021/2179/1408 2313/2192/1408
f 1356/2176/771 2020/2177/771 2313/2192/1408
f 1296/1479/1104 1910/1948/1106 2314/2194/1423
f 2029/2191/1423 2314/2194/1423 1936/2000/1200
f 2314/2194/1423 2031/2195/1424 1452/1999/1198
f 1910/1948/1106 1435/1675/1108 2031/2195/1424
f 1302/1493/1132 1918/1964/1134 2315/2196/1425
f 2030/2193/75 2315/2196/1425 1912/1952/1117
f 2315/2196/1425 2032/2197/1427 1434/1951/1115
f 1918/1964/1134 1441/1701/1136 2032/2197/1427
f 1300/1953/1118 1914/1955/1120 2316/2198/1428
f 2033/2199/72 2316/2198/1428 1925/1978/1158
f 2316/2198/1428 2034/2200/1428 1443/1976/1156
f 1914/1955/1120 1438/1689/1122 2034/2200/1428
f 1518/2164/779 2014/2165/779 2317/2201/1430
f 2035/2202/1430 2317/2201/1430 1991/2115/1379
f 2317/2201/1430 2033/2199/1430 1305/2113/1377
f 2014/2165/779 1300/1953/779 2033/2199/1430
f 1303/1498/778 1684/1500/779 2318/2203/1430
f 2036/2204/1430 2318/2203/1430 1686/1503/782
f 2318/2203/1430 2035/2202/1430 1498/1501/780
f 1684/1500/779 1518/2164/779 2035/2202/1430
f 1308/1505/1159 1926/1980/1161 2319/2205/1431
f 2036/2204/376 2319/2205/1431 1920/1968/1145
f 2319/2205/1431 2037/2206/1433 1440/1967/1143
f 1926/1980/1161 1447/1727/1163 2037/2206/1433
f 1306/1969/1146 1922/1971/1148 2320/2207/1434
f 2038/2208/1435 2320/2207/1434 1573/1318/588
f 2320/2207/1434 2039/2209/1434 1240/1240/1436
f 1922/1971/1148 1444/1713/583 2039/2209/1434
f 1497/2118/297 1993/2119/297 2321/2210/1437
f 2040/2211/1437 2321/2210/1437 1643/1455/478
f 2321/2210/1437 2038/2208/1437 1203/1313/31
f 1993/2119/297 1306/1969/3451 2038/2208/1437
f 1309/1512/789 1691/1514/789 2322/2212/1437
f 2041/2213/1437 2322/2212/1437 1525/1204/478
f 2322/2212/1437 2040/2211/1437 1282/1452/478
f 1691/1514/789 1497/2118/297 2040/2211/1437
f 1202/1198/594 1572/1320/593 2323/2214/1438
f 2041/2213/1439 2323/2214/1438 1928/1984/1172
f 2323/2214/1438 2042/2215/1441 1446/1983/1170
f 1572/1320/593 1239/1236/595 2042/2215/1441
f 1311/2091/1367 1981/2093/1369 2324/2216/445
f 2043/2217/446 2324/2216/445 2002/2140/322
f 2324/2216/445 2044/2218/445 1506/2139/322
f 1981/2093/1369 1491/2095/319 2044/2218/445
f 1318/2001/1201 1938/2003/1203 2325/2219/73
f 2043/2217/1443 2325/2219/73 1933/1994/1186
f 2325/2219/73 2045/2220/1445 1449/1992/1184
f 1938/2003/1203 1456/1769/1205 2045/2220/1445
f 1491/2095/319 2015/2167/319 2326/2221/445
f 1506/2139/322 2044/2218/445 2326/2221/445
f 1321/1540/803 1705/1542/322 2326/2221/445
f 1314/1519/793 2046/2222/446 2326/2221/445
f 1353/1515/319 1693/1517/791 2326/2221/445
f 1314/1519/1187 1934/1996/1189 2327/2223/376
f 2046/2222/376 2327/2223/376 1944/2016/1228
f 2327/2223/376 2047/2224/1431 1458/2015/1226
f 1934/1996/1189 1453/1755/1191 2047/2224/1431
f 1317/2134/801 2000/2136/1394 2328/2225/448
f 2048/2226/448 2328/2225/448 1523/2227/449
f 2328/2225/448 2049/2230/448 1277/2229/449
f 2000/2136/1394 1507/1529/326 2049/2230/448
f 1200/2228/1447 1570/2232/1451 2329/2231/1448
f 2048/2226/1449 2329/2231/1448 1941/2010/1214
f 2329/2231/1448 2050/2233/1452 1455/2008/1212
f 1570/2232/1451 1237/2251/1465 2050/2233/1452
f 1507/1529/326 1700/1531/327 2330/2234/448
f 2049/2230/448 2330/2234/448 1638/2235/449
f 2330/2234/448 2051/2237/448 1201/2236/449
f 1700/1531/327 1320/1533/801 2051/2237/448
f 1320/1533/1215 1942/2012/1217 2331/2238/1453
f 2051/2237/1454 2331/2238/1453 1571/2239/1455
f 2331/2238/1453 2052/2241/1458 1238/2240/1457
f 1942/2012/1217 1459/1783/1219 2052/2241/1458
f 1332/1561/1271 1958/2044/1273 2332/2242/72
f 2053/2243/1459 2332/2242/72 1947/2022/1242
f 2332/2242/72 2054/2244/1461 1461/2021/1240
f 1958/2044/1273 1471/1839/1275 2054/2244/1461
f 1324/1554/811 1712/1556/812 2333/2245/450
f 2053/2243/1462 2333/2245/450 1714/1559/337
f 2333/2245/450 2055/2246/453 1504/1557/345
f 1712/1556/812 1500/2125/338 2055/2246/453
f 1200/2228/449 1523/2227/449 2334/2247/452
f 2056/2248/452 2334/2247/452 1707/1545/805
f 2334/2247/452 2057/2249/452 1501/1543/331
f 1523/2227/449 1277/2229/449 2057/2249/452
f 1323/1547/1229 1945/2018/1231 2335/2250/1463
f 2056/2248/1464 2335/2250/1463 1570/2232/1451
f 2335/2250/1463 2058/2252/1466 1237/2251/1465
f 1945/2018/1231 1462/1797/1233 2058/2252/1466
f 1277/2229/449 1638/2235/449 2336/2253/452
f 2057/2249/452 2336/2253/452 1994/2122/1381
f 2336/2253/452 2059/2254/452 1326/2120/1380
f 1638/2235/449 1201/2236/449 2059/2254/452
f 1327/2023/1243 1949/2025/1245 2337/2255/75
f 2060/2256/1467 2337/2255/75 1957/2042/1270
f 2337/2255/75 2061/2257/1469 1467/2040/1268
f 1949/2025/1245 1465/1811/1247 2061/2257/1469
f 1201/2236/1456 1571/2239/1455 2338/2258/1470
f 2059/2254/1471 2338/2258/1470 1952/2032/1256
f 2338/2258/1470 2062/2259/1473 1464/2030/1254
f 1571/2239/1455 1238/2240/1457 2062/2259/1473
f 1500/2125/338 1996/2126/1386 2339/2260/450
f 2055/2246/453 2339/2260/450 1997/2129/1389
f 2339/2260/450 2060/2256/1474 1329/2127/1387
f 1996/2126/1386 1327/2023/811 2060/2256/1474
f 1330/2033/1257 1954/2035/1259 2340/2261/1475
f 2063/2262/1476 2340/2261/1475 1968/2064/1310
f 2340/2261/1475 2064/2263/1478 1476/2062/1308
f 1954/2035/1259 1468/1825/1261 2064/2263/1478
f 1503/2132/339 1999/2133/1393 2341/2264/454
f 2065/2265/454 2341/2264/454 2003/2143/348
f 2341/2264/454 2063/2262/1479 1338/2141/822
f 1999/2133/1393 1330/2033/3452 2063/2262/1479
f 1333/1568/819 1719/1570/820 2342/2266/454
f 2066/2267/1479 2342/2266/454 1721/1573/348
f 2342/2266/454 2065/2265/454 1510/1571/348
f 1719/1570/820 1503/2132/339 2065/2265/454
f 1335/1575/1285 1961/2050/1287 2343/2268/1480
f 2066/2267/1481 2343/2268/1480 1960/2048/1284
f 2343/2268/1480 2067/2269/1483 1470/2047/1282
f 1961/2050/1287 1474/1853/1289 2067/2269/1483
f 1336/1582/826 1726/1584/827 2344/2270/455
f 2068/2271/1484 2344/2270/455 1644/1196/471
f 2344/2270/455 2069/2272/455 1283/1449/736
f 1726/1584/827 1509/2146/353 2069/2272/455
f 1212/1190/579 1577/1312/578 2345/2273/1485
f 2068/2271/1486 2345/2273/1485 1963/2054/1298
f 2345/2273/1485 2070/2274/1488 1473/2053/1296
f 1577/1312/578 1244/1276/580 2070/2274/1488
f 1339/2055/632 1965/2057/1300 2346/2275/1489
f 2071/2276/1490 2346/2275/1489 1576/1325/601
f 2346/2275/1489 2072/2277/1492 1243/1224/1491
f 1965/2057/1300 1477/1867/1302 2072/2277/1492
f 1509/2146/353 2005/2147/353 2347/2278/455
f 2069/2272/455 2347/2278/455 1534/1451/738
f 2347/2278/455 2071/2276/1484 1211/1322/1493
f 2005/2147/353 1339/2055/826 2071/2276/1484
f 1350/2084/1353 1978/2086/1355 2348/2279/80
f 2073/2280/1494 2348/2279/80 1971/2070/1324
f 2348/2279/80 2074/2281/1496 1479/2069/1322
f 1978/2086/1355 1489/1923/1357 2074/2281/1496
f 1342/1596/838 1733/1598/840 2349/2282/1497
f 2073/2280/1498 2349/2282/1497 1752/1636/863
f 2349/2282/1497 2075/2283/459 1363/1634/359
f 1733/1598/840 1359/1620/359 2075/2283/459
f 1205/1202/476 1647/1201/475 2350/2284/1500
f 1341/1589/831 2076/2285/1501 2350/2284/1500
f 1360/1585/354 1728/1587/829 2350/2284/1500
f 1516/1613/365 1742/1615/354 2350/2284/1500
f 1286/1203/477 2077/2286/1502 2350/2284/1500
f 1341/1589/1311 1969/2066/1313 2351/2287/1503
f 2076/2285/1504 2351/2287/1503 1575/1321/590
f 2351/2287/1503 2078/2288/1506 1242/1232/1505
f 1969/2066/1313 1480/1881/1315 2078/2288/1506
f 1286/1203/477 1527/1454/741 2352/2289/1507
f 1516/1613/365 2077/2286/1502 2352/2289/1507
f 1368/1651/354 2009/2155/1398 2352/2289/1507
f 1345/1647/866 1759/1649/868 2352/2289/1507
f 1204/1317/742 2079/2290/1508 2352/2289/1507
f 1344/2071/1325 1972/2073/1327 2353/2291/72
f 2080/2292/1509 2353/2291/72 1977/2083/1352
f 2353/2291/72 2081/2293/1511 1485/2082/1350
f 1972/2073/1327 1483/1895/1329 2081/2293/1511
f 1369/1658/360 1764/1660/876 2354/2294/1512
f 2082/2295/459 2354/2294/1512 1740/1612/853
f 2354/2294/1512 2080/2292/1513 1348/1610/851
f 1764/1660/876 1344/2071/3450 2080/2292/1513
f 1204/1317/586 1574/1316/585 2355/2296/1514
f 2079/2290/1515 2355/2296/1514 1974/2077/1338
f 2355/2296/1514 2083/2297/1517 1482/2076/1336
f 1574/1316/585 1241/1244/587 2083/2297/1517
f 1347/1603/845 2084/2301/461 2356/2298/185
f 1735/1601/843 2356/2298/185 2085/2299/185
f 2356/2298/185 1540/1435/184 1215/2300/185
f 2084/2301/461 1196/1292/184 1540/1435/184
f 1347/1603/1339 1975/2079/1341 2357/2302/1518
f 2084/2301/1519 2357/2302/1518 1566/1301/72
f 2357/2302/1518 2086/2303/1520 1233/1300/81
f 1975/2079/1341 1486/1909/1343 2086/2303/1520
f 1351/1623/854 1747/1625/856 2358/2304/185
f 2087/2305/185 2358/2304/185 1532/1215/184
f 2358/2304/185 2088/2306/185 1210/1213/184
f 1747/1625/856 1362/1627/841 2088/2306/185
f 1197/1216/75 1567/1466/75 2359/2307/1521
f 2087/2305/1522 2359/2307/1521 1980/2090/1366
f 2359/2307/1521 2089/2308/1524 1488/2089/1364
f 1567/1466/75 1234/2373/75 2089/2308/1524
f 1354/2170/1406 2017/2171/315 2360/2309/1525
f 2028/2190/1422 2360/2309/1525 1529/1257/1526
f 2360/2309/1525 2090/2310/1528 1207/1252/1527
f 2017/2171/315 1492/2100/315 2090/2310/1528
f 1494/2106/284 2018/2173/1407 2361/2311/1529
f 2091/2312/1530 2361/2311/1529 1531/1269/1531
f 2361/2311/1529 2027/2189/1418 1209/1265/1419
f 2018/2173/1407 1357/1475/764 2027/2189/1418
f 1359/1620/359 1745/1622/361 2362/2313/456
f 2075/2283/459 2362/2313/456 2008/2153/359
f 2362/2313/456 2092/2314/456 1512/2152/359
f 1745/1622/361 1515/2158/1399 2092/2314/456
f 1515/2158/1399 2011/2159/360 2363/2315/456
f 2092/2314/456 2363/2315/456 1757/1646/372
f 2363/2315/456 2082/2295/459 1365/1644/372
f 2011/2159/360 1369/1658/360 2082/2295/459
f 1432/1661/877 1766/1663/877 2364/2316/1533
f 2023/2182/1533 2364/2316/1533 1785/1700/912
f 2364/2316/1533 2093/2317/1533 1377/1698/910
f 1766/1663/877 1372/1665/880 2093/2317/1533
f 1450/1741/951 1808/1743/953 2365/2318/398
f 2026/2187/1535 2365/2318/398 1771/1674/889
f 2365/2318/398 2094/2319/398 1371/1672/887
f 1808/1743/953 1390/1745/389 2094/2319/398
f 1441/1701/913 1787/1703/915 2366/2320/1533
f 2032/2197/1537 2366/2320/1533 1778/1688/899
f 2366/2320/1533 2095/2321/1533 1374/1686/880
f 1787/1703/915 1381/1705/916 2095/2321/1533
f 1435/1675/890 1773/1677/892 2367/2322/398
f 2031/2195/1539 2367/2322/398 1820/1768/968
f 2367/2322/398 2096/2323/398 1392/1766/224
f 1773/1677/892 1375/1679/204 2096/2323/398
f 1438/1689/900 1780/1691/902 2368/2324/1541
f 2034/2200/1542 2368/2324/1541 1799/1726/936
f 2368/2324/1541 2097/2325/1544 1383/1724/934
f 1780/1691/902 1378/1693/904 2097/2325/1544
f 1447/1727/937 1801/1729/939 2369/2326/1541
f 2037/2206/1541 2369/2326/1541 1792/1712/922
f 2369/2326/1541 2098/2327/1541 1380/1710/904
f 1801/1729/939 1387/1731/941 2098/2327/1541
f 1444/1713/923 1794/1715/925 2370/2328/1546
f 2039/2209/1547 2370/2328/1546 1556/1246/509
f 2370/2328/1546 2099/2330/1548 1223/2329/7
f 1794/1715/925 1384/1717/927 2099/2330/1548
f 1239/1236/499 1555/1235/498 2371/2331/1549
f 2042/2215/1550 2371/2331/1549 1806/1740/950
f 2371/2331/1549 2100/2332/1552 1386/1738/948
f 1555/1235/498 1222/1237/500 2100/2332/1552
f 1456/1769/969 1822/1771/971 2372/2333/406
f 2045/2220/1553 2372/2333/406 1813/1754/959
f 2372/2333/406 2101/2334/406 1389/1752/219
f 1822/1771/971 1396/1773/972 2101/2334/406
f 1453/1755/960 1815/1757/962 2373/2335/1553
f 2047/2224/1555 2373/2335/1553 1834/1796/987
f 2373/2335/1553 2102/2336/406 1398/1794/232
f 1815/1757/962 1393/1759/219 2102/2336/406
f 1237/2251/1557 1553/2338/1561 2374/2337/1558
f 2050/2233/1559 2374/2337/1558 1827/1782/978
f 2374/2337/1558 2103/2339/407 1395/1780/409
f 1553/2338/1561 1220/2347/1566 2103/2339/407
f 1459/1783/979 1829/1785/981 2375/2340/1562
f 2052/2241/1563 2375/2340/1562 1554/2341/1564
f 2375/2340/1562 2104/2343/407 1221/2342/1566
f 1829/1785/981 1399/1787/225 2104/2343/407
f 1471/1839/1018 1857/1841/1020 2376/2344/1567
f 2054/2244/1568 2376/2344/1567 1841/1810/998
f 2376/2344/1567 2105/2345/410 1401/1808/238
f 1857/1841/1020 1411/1843/1021 2105/2345/410
f 1462/1797/988 1836/1799/990 2377/2346/1570
f 2058/2252/1570 2377/2346/1570 1553/2338/1561
f 2377/2346/1570 2106/2348/412 1220/2347/1566
f 1836/1799/990 1402/1801/392 2106/2348/412
f 1238/2240/1565 1554/2341/1564 2378/2349/1571
f 2062/2259/1572 2378/2349/1571 1848/1824/1007
f 2378/2349/1571 2107/2350/412 1404/1822/233
f 1554/2341/1564 1221/2342/1566 2107/2350/412
f 1465/1811/999 1843/1813/1001 2379/2351/1574
f 2061/2257/1575 2379/2351/1574 1855/1838/1017
f 2379/2351/1574 2108/2352/411 1407/1836/240
f 1843/1813/1001 1405/1815/239 2108/2352/411
f 1468/1825/1008 1850/1827/1010 2380/2353/1577
f 2064/2263/1578 2380/2353/1577 1876/1880/1047
f 2380/2353/1577 2109/2354/413 1416/1878/247
f 1850/1827/1010 1408/1829/1011 2109/2354/413
f 1474/1853/1028 1864/1855/1030 2381/2355/413
f 2067/2269/1580 2381/2355/413 1862/1852/1027
f 2381/2355/413 2110/2356/413 1410/1850/246
f 1864/1855/1030 1414/1857/247 2110/2356/413
f 1244/1276/538 1564/1275/537 2382/2357/1582
f 2070/2274/1583 2382/2357/1582 1869/1866/1038
f 2382/2357/1582 2111/2358/414 1413/1864/252
f 1564/1275/537 1231/1277/539 2111/2358/414
f 1477/1867/1039 1871/1869/1041 2383/2359/1585
f 2072/2277/1586 2383/2359/1585 1563/1230/493
f 2383/2359/1585 2112/2361/414 1230/2360/1587
f 1871/1869/1041 1417/1871/252 2112/2361/414
f 1489/1923/1080 1899/1925/1082 2384/2362/1588
f 2074/2281/1589 2384/2362/1588 1883/1894/1058
f 2384/2362/1588 2113/2363/416 1419/1892/268
f 1899/1925/1082 1429/1927/261 2113/2363/416
f 1480/1881/1048 1878/1883/1050 2385/2364/1591
f 2078/2288/1592 2385/2364/1591 1558/1238/501
f 2385/2364/1591 2114/2366/1593 1225/2365/508
f 1878/1883/1050 1420/1885/1052 2114/2366/1593
f 1241/1244/507 1557/1243/506 2386/2367/1594
f 2083/2297/1595 2386/2367/1594 1890/1908/1067
f 2386/2367/1594 2115/2368/1593 1422/1906/267
f 1557/1243/506 1224/1245/508 2115/2368/1593
f 1483/1895/1059 1885/1897/1061 2387/2369/1597
f 2081/2293/1598 2387/2369/1597 1897/1922/1079
f 2387/2369/1597 2116/2370/418 1425/1920/261
f 1885/1897/1061 1423/1899/268 2116/2370/418
f 1486/1909/1068 1892/1911/1070 2388/2371/745
f 1233/1300/18 2086/2303/1600 2388/2371/745
f 1290/1298/19 1579/1299/18 2388/2371/745
f 1216/1467/19 1666/1469/19 2388/2371/745
f 1426/1913/1072 2117/2372/745 2388/2371/745
f 1234/2373/18 1661/1465/1604 2389/2374/18
f 1488/2089/1602 2089/2308/1601 2389/2374/18
f 1428/1934/264 1904/1936/1089 2389/2374/18
f 1217/2376/1603 2118/2375/425 2389/2374/18
f 1288/1460/744 1663/1462/745 2389/2374/18
f 1494/2106/284 2091/2312/1530 2390/2377/1605
f 2025/2185/434 2390/2377/1605 2090/2310/1528
f 2390/2377/1605 1528/1250/1606 1207/1252/1527
f 2091/2312/1530 1206/1248/1532 1528/1250/1606
f 35/43/1607 346/42/1610 1541/1231/1608
f 346/42/1610 24/41/1611 1219/1229/1611
f 30/51/80 347/50/80 1542/1239/80
f 347/50/80 27/49/376 1222/1237/376
f 28/59/72 348/58/72 1543/1247/72
f 348/58/72 29/57/72 1224/1245/72
f 31/67/1612 349/66/1613 1544/1255/1613
f 349/66/1613 32/65/1615 1227/1253/1615
f 32/65/1615 350/73/1617 1545/1261/1616
f 350/73/1617 33/72/434 1228/1260/434
f 33/72/434 351/79/1618 1546/1267/1618
f 351/79/1618 34/78/1619 1229/1266/1619
f 352/83/1620 31/67/1612 1226/1270/1614
f 34/78/1619 352/83/1620 1547/1271/1621
f 23/91/1622 353/90/1623 1548/1279/1623
f 353/90/1623 36/89/72 1231/1277/72
f 354/103/1624 37/102/1625 1232/1290/1625
f 24/41/1611 354/103/1624 1549/1291/1624
f 80/271/555 355/273/723 1550/1461/723
f 355/273/723 22/276/723 1217/2376/723
f 70/289/1626 411/290/1629 1606/1474/1627
f 411/290/1629 68/261/3453 1263/1446/1630
f 71/209/1631 412/208/1632 1607/1393/1632
f 412/208/1632 70/289/1626 1265/1394/1628
f 69/213/1633 413/212/1636 1608/1398/1634
f 413/212/1636 71/209/1631 1266/1395/1631
f 76/228/1637 417/227/1639 1612/1415/1638
f 417/227/1639 73/219/1641 1268/1406/1640
f 73/219/1641 418/218/1643 1613/1404/1642
f 418/218/1643 74/97/1644 1269/1405/1644
f 72/235/1645 419/287/1647 1614/1472/1646
f 419/287/1647 75/224/1649 1270/1412/1648
f 75/224/1649 420/223/1651 1615/1410/1650
f 420/223/1651 76/228/1637 1271/1411/1637
f 86/2378/1652 429/238/714 1624/1424/714
f 429/238/714 72/235/3454 1267/1422/1653
f 431/96/1654 23/91/1622 1218/1283/1622
f 74/97/1644 431/96/1654 1626/1285/1654
f 37/102/1625 437/216/1656 1632/1402/1655
f 437/216/1656 69/213/1633 1264/1399/1635
f 21/282/1657 441/284/1657 1636/1470/1657
f 441/284/1657 80/271/555 1275/1457/555
f 68/261/1658 447/260/714 1642/1445/714
f 447/260/714 86/2378/1652 1281/1426/1652
f 572/483/72 177/1115/72 1372/1665/72
f 178/484/72 572/483/72 1767/1664/72
f 575/489/72 178/484/72 1373/1666/72
f 176/490/72 575/489/72 1770/1671/72
f 579/497/376 180/1124/1660 1375/1679/1660
f 181/498/75 579/497/376 1774/1678/80
f 582/503/376 181/498/75 1376/1680/79
f 179/504/80 582/503/376 1777/1685/80
f 586/511/72 183/1127/72 1378/1693/72
f 184/512/72 586/511/72 1781/1692/72
f 589/517/72 184/512/72 1379/512/72
f 182/518/72 589/517/72 1784/1697/72
f 593/525/1660 186/1121/1667 1381/1705/1609
f 187/526/79 593/525/1660 1788/1704/75
f 596/531/75 187/526/79 1382/526/79
f 185/532/80 596/531/75 1791/1709/75
f 600/539/72 189/1133/72 1384/1717/72
f 190/540/81 600/539/72 1795/1716/72
f 603/545/81 190/540/81 1385/1718/81
f 188/546/72 603/545/81 1798/1723/81
f 607/553/1661 192/1130/78 1387/1731/78
f 193/554/1663 607/553/1661 1802/1730/1662
f 610/559/80 193/554/1663 1388/1732/1664
f 191/560/75 610/559/80 1805/1737/1609
f 614/567/72 195/1118/72 1390/1745/72
f 196/568/72 614/567/72 1809/1744/72
f 617/573/72 196/568/72 1391/1746/72
f 194/574/72 617/573/72 1812/1751/72
f 621/581/80 198/1141/1665 1393/1759/79
f 199/582/75 621/581/80 1816/1758/80
f 624/587/1660 199/582/75 1394/1760/75
f 197/588/79 624/587/1660 1819/1765/1660
f 628/595/72 201/1138/72 1396/1773/72
f 202/596/72 628/595/72 1823/1772/72
f 631/601/72 202/596/72 1397/1774/72
f 200/602/72 631/601/72 1826/1779/72
f 635/609/75 204/1150/80 1399/1787/80
f 205/610/80 635/609/75 1830/1786/75
f 638/615/80 205/610/80 1400/1788/80
f 203/616/1660 638/615/80 1833/1793/376
f 642/623/72 207/1156/72 1402/1801/72
f 208/624/72 642/623/72 1837/1800/72
f 645/629/72 208/624/72 1403/1802/72
f 206/630/72 645/629/72 1840/1807/72
f 649/637/1665 210/1161/75 1405/1815/75
f 211/638/75 649/637/1665 1844/1814/80
f 652/643/376 211/638/75 1406/1816/80
f 209/644/1607 652/643/376 1847/1821/376
f 656/651/79 213/1164/79 1408/1829/79
f 214/652/75 656/651/79 1851/1828/79
f 659/657/79 214/652/75 1409/1830/75
f 212/658/75 659/657/79 1854/1835/79
f 663/665/72 216/1153/72 1411/1843/72
f 217/666/72 663/665/72 1858/1842/72
f 666/671/72 217/666/72 1412/1844/72
f 215/672/72 666/671/72 1861/1849/72
f 670/679/72 219/1167/72 1414/1857/72
f 220/680/72 670/679/72 1865/1856/72
f 673/685/72 220/680/72 1415/1858/72
f 218/686/72 673/685/72 1868/1863/72
f 677/693/79 222/1172/80 1417/1871/80
f 223/694/79 677/693/79 1872/1870/79
f 680/699/1665 223/694/79 1418/1872/79
f 221/700/79 680/699/1665 1875/1877/1665
f 684/707/379 225/1178/80 1420/1885/80
f 226/708/75 684/707/379 1879/1884/383
f 687/713/1665 226/708/75 1421/1886/79
f 224/714/79 687/713/1665 1882/1891/1665
f 691/721/72 228/1183/72 1423/1899/72
f 229/722/72 691/721/72 1886/1898/72
f 694/727/72 229/722/72 1424/1900/72
f 227/728/380 694/727/72 1889/1905/72
f 698/735/72 231/1185/72 1426/1913/72
f 232/736/72 698/735/72 1893/1912/72
f 701/741/72 232/736/72 1427/1914/72
f 230/742/72 701/741/72 1896/1919/72
f 705/747/79 234/1175/79 1429/1927/79
f 235/748/376 705/747/79 1900/1926/79
f 708/753/1666 235/748/376 1430/1928/80
f 233/754/80 708/753/1666 1903/1933/382
f 898/1114/72 182/518/72 1377/1698/72
f 177/1115/72 898/1114/72 2093/2317/72
f 899/1117/72 176/490/72 1371/1672/72
f 195/1118/72 899/1117/72 2094/2319/72
f 900/1120/79 179/504/80 1374/1686/80
f 186/1121/1667 900/1120/79 2095/2321/79
f 901/1123/80 197/588/79 1392/1766/75
f 180/1124/1660 901/1123/80 2096/2323/80
f 902/1126/72 188/546/72 1383/1724/72
f 183/1127/72 902/1126/72 2097/2325/72
f 903/1129/1668 185/532/80 1380/1710/80
f 192/1130/78 903/1129/1668 2098/2327/1668
f 904/1132/72 28/59/72 1223/2329/72
f 189/1133/72 904/1132/72 2099/2330/72
f 905/1135/79 191/560/75 1386/1738/75
f 27/49/376 905/1135/79 2100/2332/79
f 906/1137/72 194/574/72 1389/1752/72
f 201/1138/72 906/1137/72 2101/2334/72
f 907/1140/1668 203/616/1660 1398/1794/1660
f 198/1141/1665 907/1140/1668 2102/2336/1668
f 908/1144/72 200/602/72 1395/1780/72
f 25/1145/72 908/1144/72 2103/2339/72
f 909/1149/80 26/1148/1665 1221/2342/1665
f 204/1150/80 909/1149/80 2104/2343/80
f 910/1152/72 206/630/72 1401/1808/72
f 216/1153/72 910/1152/72 2105/2345/72
f 911/1155/72 25/1145/72 1220/2347/72
f 207/1156/72 911/1155/72 2106/2348/72
f 912/1158/376 209/644/1607 1404/1822/1607
f 26/1148/1665 912/1158/376 2107/2350/376
f 913/1160/80 212/658/75 1407/1836/75
f 210/1161/75 913/1160/80 2108/2352/75
f 914/1163/75 221/700/79 1416/1878/79
f 213/1164/79 914/1163/75 2109/2354/75
f 915/1166/72 215/672/72 1410/1850/72
f 219/1167/72 915/1166/72 2110/2356/72
f 916/1169/72 218/686/72 1413/1864/72
f 36/89/72 916/1169/72 2111/2358/72
f 917/1171/79 35/43/1607 1230/2360/1609
f 222/1172/80 917/1171/79 2112/2361/79
f 918/1174/75 224/714/79 1419/1892/75
f 234/1175/79 918/1174/75 2113/2363/75
f 919/1177/80 30/51/80 1225/2365/80
f 225/1178/80 919/1177/80 2114/2366/80
f 920/1180/72 227/728/380 1422/1906/380
f 29/57/72 920/1180/72 2115/2368/72
f 921/1182/72 230/742/72 1425/1920/72
f 228/1183/72 921/1182/72 2116/2370/72
f 922/1186/72 21/282/81 1216/1467/73
f 231/1185/72 922/1186/72 2117/2372/72
f 923/1188/75 233/754/80 1428/1934/80
f 22/276/75 923/1188/75 2118/2375/75
f 2843/2385/1674 2844/2953/1674 2845/2386/1673
f 2853/2388/1676 2854/2962/1679 2855/2389/1677
f 2874/2394/1681 2875/3366/2496 2876/2395/1682
f 2892/2397/1684 2893/3145/2301 2894/2398/1685
f 2896/2400/1687 2897/2978/2158 2898/2401/1688
f 2904/2403/1690 2905/2980/2160 2906/2404/1691
f 2924/2406/1688 2925/3004/2184 2926/2407/1692
f 2932/2409/1694 2933/3005/2185 2934/2410/1695
f 2995/2415/1700 2996/3081/2249 2997/2416/1701
f 2999/2418/1703 3000/3078/2246 3001/2419/1701
f 3003/2421/1705 3004/3072/2242 3005/2422/1706
f 3007/2424/1708 3008/3082/2250 3009/2425/1709
f 3016/2430/1714 3017/3073/1711 3018/2431/1715
f 3022/2433/1706 3023/3087/1701 3024/2434/1717
f 3026/2436/1706 3027/3083/2251 3028/2437/1704
f 3048/2439/1719 3049/2964/2144 3050/2440/1720
f 3054/2442/1722 3055/3111/2275 3056/2443/1723
f 3058/2445/1725 3059/3108/2272 3060/2446/1723
f 3062/2448/1727 3063/3117/2279 3064/2449/1728
f 3066/2451/1730 3067/3114/2276 3068/2452/1731
f 3090/2460/1738 3091/3067/2238 3092/2461/1737
f 3094/2463/1685 3095/3126/2286 3096/2464/1740
f 3100/2466/1742 3101/3131/1749 3102/2467/1743
f 3107/2472/1746 3108/3130/2289 3109/2473/1748
f 3111/2475/1749 3112/3138/2296 3113/2476/1750
f 3120/2481/1755 3121/3127/2287 3122/2482/1753
f 3126/2484/1757 3127/3123/1736 3128/2485/1736
f 3130/2487/1757 3131/3139/1747 3132/2488/1758
f 3134/2490/1760 3135/3140/2297 3136/2491/1761
f 3138/2493/1762 3139/3144/2300 3140/2494/1763
f 3152/2502/1770 3153/3148/2304 3154/2503/1771
f 3159/2508/1776 3160/2958/2140 3161/2509/1777
f 3171/2511/1779 3172/3156/2312 3173/2512/1775
f 3218/2517/1783 3219/3194/1820 3220/2518/1784
f 3247/2523/1789 3248/3207/2358 3249/2524/1790
f 3251/2526/1792 3252/3210/2361 3253/2527/1793
f 3259/2529/1795 3260/3212/2363 3261/2530/1796
f 3277/2532/1793 3278/3211/2362 3279/2533/1798
f 3285/2535/1800 3286/3213/2364 3287/2536/1801
f 3324/2541/1805 3325/3278/2427 3326/2542/1806
f 3328/2544/1808 3329/3287/2434 3330/2545/1806
f 3332/2547/1810 3333/3281/2430 3334/2548/1811
f 3336/2550/1813 3337/3273/2423 3338/2551/1814
f 3345/2556/1819 3346/3286/1817 3347/2557/1786
f 3351/2559/1821 3352/3282/2431 3353/2560/1807
f 3355/2562/1814 3356/3288/2435 3357/2563/1823
f 3377/2565/1825 3378/3308/2453 3379/2566/1826
f 3383/2568/1828 3384/3310/2455 3385/2569/1829
f 3387/2571/1831 3388/3313/2458 3389/2572/1832
f 3391/2574/1834 3392/3316/1829 3393/2575/1835
f 3395/2577/1837 3396/3319/2460 3397/2578/1835
f 3419/2586/380 3420/3327/72 3421/2587/1842
f 3423/2589/83 3424/3330/2468 3425/2590/1845
f 3429/2592/72 3430/3334/2471 3431/2593/1846
f 3436/2598/1850 3437/3345/1848 3438/2599/83
f 3440/2601/71 3441/3342/2479 3442/2602/1851
f 3449/2607/73 3450/3339/2476 3451/2608/1855
f 3455/2610/1842 3456/3344/2481 3457/2611/1843
f 3459/2613/1857 3460/3328/380 3461/2614/72
f 3463/2616/1858 3464/3332/71 3465/2617/73
f 3505/2625/1865 3506/3373/2499 3507/2626/1866
f 3511/2628/1868 3512/3488/2508 3513/2629/1869
f 2569/2634/1872 2570/2643/1881 2571/2635/1873
f 2573/2637/1875 2574/2640/1878 2575/2638/1876
f 2574/2640/1878 2569/2634/1872 2568/2636/1874
f 2577/2641/1879 2573/2637/1875 2572/2639/1877
f 2570/2643/1881 2578/2707/1943 2579/2644/1882
f 2533/2645/1883 2534/2648/1886 2535/2646/1884
f 2534/2648/1886 2536/2650/1888 2537/2649/1887
f 2536/2650/1888 2538/2652/1890 2539/2651/1889
f 2538/2652/1890 2540/2654/1892 2541/2653/1891
f 2540/2654/1892 2542/2708/1944 2543/2655/1893
f 2593/2656/1894 2580/2659/1897 2581/2657/1895
f 2580/2659/1897 2582/2661/1899 2583/2660/1898
f 2582/2661/1899 2584/2666/1904 2585/2662/1900
f 2551/2663/1901 2558/2672/1910 2559/2664/1902
f 2584/2666/1904 2586/2668/1906 2587/2667/1905
f 2586/2668/1906 2588/2670/1908 2589/2669/1907
f 2588/2670/1908 2590/2745/1981 2591/2671/1909
f 2558/2672/1910 2560/2674/1911 2561/2673/1902
f 2560/2674/1911 2562/2676/1913 2563/2675/1912
f 2562/2676/1913 2564/2678/1915 2565/2677/1914
f 2564/2678/1915 2566/2681/1918 2567/2679/1916
f 2595/2680/1917 2567/2679/1916 2566/2681/1918
f 2527/2683/1920 2522/2692/1873 2523/2684/1921
f 2529/2686/1923 2524/2689/1926 2525/2687/1924
f 2524/2689/1926 2527/2683/1920 2526/2685/1922
f 2521/2690/1927 2529/2686/1923 2528/2688/1925
f 2522/2692/1873 2530/2709/1945 2531/2693/1929
f 2597/2694/1930 2544/2697/1933 2545/2695/1931
f 2544/2697/1933 2546/2699/1935 2547/2698/1934
f 2546/2699/1935 2548/2701/1937 2549/2700/1936
f 2548/2701/1937 2552/2703/1939 2553/2702/1938
f 2552/2703/1939 2554/2705/1941 2555/2704/1940
f 2554/2705/1941 2556/2787/2016 2557/2706/1942
f 2578/2707/1943 2593/2656/1894 2592/2658/1896
f 2542/2708/1944 2595/2680/1917 2594/2682/1919
f 2530/2709/1945 2597/2694/1930 2596/2696/1932
f 2653/2710/1946 2654/2719/1955 2655/2711/1947
f 2657/2713/1949 2658/2716/1952 2659/2714/1950
f 2658/2716/1952 2653/2710/1946 2652/2712/1948
f 2661/2717/1953 2657/2713/1949 2656/2715/1951
f 2654/2719/1955 2662/2788/2017 2663/2720/1956
f 2611/2721/1957 2612/2724/1960 2613/2722/1958
f 2612/2724/1960 2614/2726/1962 2615/2725/1961
f 2614/2726/1962 2616/2728/1964 2617/2727/1963
f 2616/2728/1964 2618/2730/1966 2619/2729/1965
f 2618/2730/1966 2620/2789/2018 2621/2731/1967
f 2610/2723/1959 2533/2645/1883 2532/2647/1885
f 2576/2642/1880 2661/2717/1953 2660/2718/1954
f 2675/2732/1968 2664/2735/1971 2665/2733/1969
f 2664/2735/1971 2666/2737/1973 2667/2736/1972
f 2666/2737/1973 2668/2740/1976 2669/2738/1974
f 2550/2665/1903 2632/2746/1982 2633/2739/1975
f 2668/2740/1976 2670/2742/1978 2671/2741/1977
f 2670/2742/1978 2672/2744/1980 2673/2743/1979
f 2672/2744/1980 2591/2671/1909 2590/2745/1981
f 2632/2746/1982 2634/2748/1984 2635/2747/1983
f 2634/2748/1984 2636/2750/1984 2637/2749/1985
f 2636/2750/1984 2638/2752/1984 2639/2751/1986
f 2638/2752/1984 2640/2755/1988 2641/2753/1987
f 2677/2754/1970 2641/2753/1987 2640/2755/1988
f 2651/2757/1990 2642/2790/2019 2643/2758/1991
f 3158/2507/1775 2644/3147/2303 2645/2760/1993
f 3155/2504/1772 2647/3163/2317 2646/2761/1736
f 2649/2762/1994 2651/2757/1990 2650/2759/1992
f 2605/2764/1995 2600/2773/2004 2601/2765/1996
f 2607/2767/1998 2602/2770/2001 2603/2768/1999
f 2602/2770/2001 2605/2764/1995 2604/2766/1997
f 2599/2771/2002 2607/2767/1998 2606/2769/2000
f 2600/2773/2004 2608/2792/2021 2609/2774/2005
f 2520/2691/1928 2599/2771/2002 2598/2772/2003
f 2681/2775/2006 2622/2778/2009 2623/2776/2007
f 2622/2778/2009 2624/2780/2010 2625/2779/1973
f 2624/2780/2010 2626/2782/2011 2627/2781/1976
f 2626/2782/2011 2628/2784/2013 2629/2783/2012
f 2628/2784/2013 2630/2786/2015 2631/2785/2014
f 2630/2786/2015 2557/2706/1942 2556/2787/2016
f 2662/2788/2017 2675/2732/1968 2674/2734/1970
f 2620/2789/2018 2677/2754/1970 2676/2756/1989
f 2642/2790/2019 2678/3155/2311 2679/2791/2020
f 2608/2792/2021 2681/2775/2006 2680/2777/2008
f 2711/2793/2022 2736/2796/2025 2737/2794/2023
f 2736/2796/2025 2734/2818/2044 2735/2797/2026
f 2717/2798/2027 2714/2801/2030 2715/2799/2028
f 2714/2801/2030 2712/2871/2022 2713/2802/2031
f 2723/2803/2032 2720/2806/2027 2721/2804/2033
f 2720/2806/2027 2718/2808/2027 2719/2807/2035
f 2718/2808/2027 2717/2798/2027 2716/2800/2029
f 2733/2809/2036 2730/2812/2039 2731/2810/2037
f 2730/2812/2039 2728/2814/2041 2729/2813/2040
f 2728/2814/2041 2726/2816/2041 2727/2815/2042
f 2726/2816/2041 2724/2874/2041 2725/2817/2043
f 2732/2811/2038 2735/2797/2026 2734/2818/2044
f 2690/2819/2045 2692/2822/2047 2693/2820/2046
f 2692/2822/2047 2688/2824/2048 2689/2823/2029
f 2688/2824/2048 2696/2826/2049 2697/2825/2035
f 2696/2826/2049 2698/2828/2049 2699/2827/2050
f 2698/2828/2049 2694/2880/2084 2695/2829/2034
f 2702/2830/2051 2708/2833/2053 2709/2831/2042
f 2708/2833/2053 2706/2835/2054 2707/2834/2040
f 2706/2835/2054 2704/2837/2056 2705/2836/2055
f 2704/2837/2056 2700/2839/2058 2701/2838/2057
f 2700/2839/2058 2684/2841/2060 2685/2840/2059
f 2684/2841/2060 2686/2843/2062 2687/2842/2061
f 2686/2843/2062 2682/2873/2045 2683/2844/2024
f 2739/2845/2063 2764/2869/2079 2765/2846/2032
f 2743/2848/2064 2740/2872/2080 2741/2849/2041
f 2745/2851/2065 2743/2848/2064 2742/2850/2041
f 2747/2853/2066 2745/2851/2065 2744/2852/2039
f 2749/2855/2067 2747/2853/2066 2746/2854/2036
f 2751/2857/2068 2749/2855/2067 2748/2856/2044
f 2755/2859/2070 2752/2878/2083 2753/2860/2071
f 2757/2862/2073 2755/2859/2070 2754/2861/2072
f 2759/2864/2074 2757/2862/2073 2756/2863/2030
f 2761/2866/2076 2759/2864/2074 2758/2865/2075
f 2760/2867/2077 2762/2870/2077 2763/2868/2078
f 2764/2869/2079 2763/2868/2078 2762/2870/2077
f 2712/2871/2022 2711/2793/2022 2710/2795/2024
f 2740/2872/2080 2739/2845/2063 2738/2847/2032
f 2682/2873/2045 2690/2819/2045 2691/2821/2031
f 2724/2874/2041 2766/2881/2032 2767/2875/2081
f 2769/2876/2082 2702/2830/2051 2703/2832/2052
f 2752/2878/2083 2770/2882/2085 2771/2879/2069
f 2694/2880/2084 2769/2876/2082 2768/2877/2081
f 2766/2881/2032 2723/2803/2032 2722/2805/2034
f 2770/2882/2085 2751/2857/2068 2750/2858/2069
f 2787/2883/2086 2788/2886/2089 2789/2884/2087
f 2788/2886/2089 2790/2888/2091 2791/2887/2090
f 2790/2888/2091 2792/2890/2093 2793/2889/2092
f 2792/2890/2093 2794/2892/2095 2795/2891/2094
f 2794/2892/2095 2796/2894/2097 2797/2893/2096
f 2796/2894/2097 2799/2923/2117 2798/2895/2096
f 2784/2896/1669 2772/2899/1669 2773/2897/2098
f 2772/2899/1669 2774/2901/1669 2775/2900/2099
f 2774/2901/1669 2776/2903/2101 2777/2902/2100
f 2776/2903/2101 2778/2905/2101 2779/2904/2102
f 2778/2905/2101 2780/2907/1669 2781/2906/2103
f 2780/2907/1669 2782/2938/1669 2783/2908/2104
f 2815/2909/2105 2816/2912/2107 2817/2910/2106
f 2816/2912/2107 2818/2914/2109 2819/2913/2108
f 2818/2914/2109 2820/2916/2111 2821/2915/2110
f 2820/2916/2111 2822/2918/2113 2823/2917/2112
f 2822/2918/2113 2824/2920/2115 2825/2919/2114
f 2824/2920/2115 2826/2922/2115 2827/2921/2116
f 2826/2922/2115 2798/2895/2096 2799/2923/2117
f 2786/2885/2088 2815/2909/2105 2814/2911/2086
f 2813/2924/2086 2800/2927/2118 2801/2925/1669
f 2800/2927/2118 2802/2929/2119 2803/2928/1669
f 2802/2929/2119 2804/2931/2121 2805/2930/2120
f 2804/2931/2121 2806/2933/2122 2807/2932/2101
f 2806/2933/2122 2808/2935/2123 2809/2934/1669
f 2808/2935/2123 2810/2937/2124 2811/2936/1669
f 2810/2937/2124 2783/2908/2104 2782/2938/1669
f 2785/2898/2086 2813/2924/2086 2812/2926/1669
f 2829/2939/2125 2649/2762/1994 2648/2763/1711
f 3181/2941/2127 2832/2944/2130 2833/2942/2128
f 2832/2944/2130 2838/2946/2132 2839/2945/2131
f 2838/2946/2132 2836/2948/2133 2837/2947/2115
f 2836/2948/2133 2834/2950/2135 2835/2949/2134
f 2834/2950/2135 2830/2952/2136 2831/2951/2134
f 2830/2952/2136 2840/2382/1672 2842/2384/1674
f 2841/2383/1673 2845/2386/1673 2844/2953/1674
f 2858/2954/1992 2847/2960/1991 2848/2955/2137
f 3159/2508/1776 2849/3143/2299 2850/2957/2139
f 3146/2496/1765 2851/3053/2224 2852/2959/2141
f 2856/2390/1677 2858/2954/1992 2857/2956/2138
f 2847/2960/1991 2859/3157/2313 2860/2961/2142
f 2861/2391/1678 2855/2389/1677 2854/2962/1679
f 3048/2439/1719 2866/2965/2145 2867/2963/2143
f 2866/2965/2145 2872/2967/2147 2873/2966/2146
f 2872/2967/2147 2870/2969/2149 2871/2968/2148
f 2870/2969/2149 2868/2971/2151 2869/2970/2150
f 2868/2971/2151 2864/2973/2153 2865/2972/2152
f 2864/2973/2153 2874/2394/1681 2877/2396/1683
f 2885/2974/2154 2877/2396/1683 2876/2395/1682
f 2895/2399/1686 2879/3440/3455 2878/2976/2156
f 2896/2400/1687 2881/3443/3456 2880/2977/2157
f 2904/2403/1690 2883/3444/3457 2882/2979/2159
f 2840/2382/1672 2885/2974/2154 2884/2975/2155
f 2845/2386/1673 2886/3367/2497 2887/2981/2161
f 2927/2408/1693 2899/2402/1689 2898/2401/1688
f 2935/2411/1696 2907/2405/1688 2906/2404/1691
f 2989/2982/2162 2906/2404/1691 2905/2980/2160
f 2897/2978/2158 2904/2403/1690 2907/2405/1688
f 2903/2984/2164 2888/2994/2174 2889/2985/2165
f 2901/2987/2167 2896/2400/1687 2899/2402/1689
f 3143/2989/2169 2890/3149/2305 2891/2990/2170
f 3168/2992/2172 2903/2984/2164 2902/2986/2166
f 2888/2994/2174 2901/2987/2167 2900/2988/2168
f 2917/2995/2175 2910/2998/2178 2911/2996/2176
f 2910/2998/2178 2914/3000/2180 2915/2999/2179
f 2914/3000/2180 2912/3002/2182 2913/3001/2181
f 2912/3002/2182 2908/3107/2271 2909/3003/2183
f 2853/2388/1676 2926/2407/1692 2925/3004/2184
f 2862/2392/1679 2934/2410/1695 2933/3005/2185
f 2937/3006/2186 2942/3025/2205 2943/3007/2187
f 2939/3009/2189 2940/3012/2192 2941/3010/2190
f 2940/3012/2192 2944/3364/2494 2945/3013/2193
f 2919/3014/2194 2928/3023/2203 2929/3015/2195
f 3170/3017/2197 2930/3024/2204 2931/3018/2198
f 3145/3020/2200 2920/3151/2307 2921/3021/2201
f 2928/3023/2203 2927/2408/1693 2926/2407/1692
f 2930/3024/2204 2919/3014/2194 2918/3016/2196
f 2924/2406/1688 2935/2411/1696 2934/2410/1695
f 2942/3025/2205 2939/3009/2189 2938/3011/2191
f 2987/3026/2206 2933/3005/2185 2932/2409/1694
f 2961/3028/2208 2968/3031/2211 2969/3029/2209
f 2968/3031/2211 2966/3033/2212 2967/3032/2209
f 2966/3033/2212 2964/3035/2214 2965/3034/2213
f 2964/3035/2214 2962/3037/2215 2963/3036/2213
f 2962/3037/2215 2959/3253/2403 2958/3038/2213
f 2951/3039/2216 2947/3051/2222 2946/3040/2048
f 2953/3042/2217 2951/3039/2216 2950/3041/2047
f 2955/3044/2218 2953/3042/2217 2952/3043/2047
f 2957/3046/2219 2955/3044/2218 2954/3045/2045
f 2949/3048/2220 2957/3046/2219 2956/3047/2045
f 3185/3050/2221 2946/3040/2048 2947/3051/2222
f 3087/2457/1735 2852/2959/2141 2851/3053/2224
f 2981/3054/2225 2977/3119/2280 2976/3055/2226
f 2973/3057/2228 2974/3062/2233 2975/3058/2229
f 2979/3060/2231 2981/3054/2225 2980/3056/2227
f 2974/3062/2233 2971/3255/2405 2970/3063/2234
f 3308/3064/2235 2979/3060/2231 2978/3061/2232
f 3090/2460/1738 2922/3146/2302 2923/3066/2237
f 3084/3068/2239 2973/3057/2228 2972/3059/2230
f 2863/2393/1680 2983/3084/2252 2982/3070/1677
f 2828/2940/2126 2984/3158/1677 2985/3071/2241
f 3003/2421/1705 2987/3026/2206 2986/3027/2207
f 3010/2426/1710 2989/2982/2162 2988/2983/2163
f 3016/2430/1714 2990/2412/1697 2992/2414/1699
f 3033/3074/2243 2995/2415/1700 2998/2417/1702
f 3035/3076/2244 3000/3078/2246 2999/2418/1703
f 3000/3078/2246 2998/2417/1702 2997/2416/1701
f 2993/3079/2247 2999/2418/1703 3002/2420/1704
f 2995/2415/1700 2991/2413/1698 2990/2412/1697
f 3025/2435/1707 3006/2423/1707 3005/2422/1706
f 3026/2436/1706 3009/2425/1709 3008/3082/2250
f 2983/3084/2252 3012/2428/1712 3011/2427/1711
f 3009/2425/1709 3005/2422/1706 3004/3072/2242
f 3014/3085/2253 3008/3082/2250 3007/2424/1708
f 3006/2423/1707 3013/2429/1713 3012/2428/1712
f 3013/2429/1713 3019/2432/1716 3018/2431/1715
f 2996/3081/2249 3024/2434/1717 3023/3087/1701
f 3001/2419/1701 3029/2438/1718 3028/2437/1704
f 3024/2434/1717 3016/2430/1714 3019/2432/1716
f 3020/3088/2255 3028/2437/1704 3027/3083/2251
f 3029/2438/1718 3023/3087/1701 3022/2433/1706
f 2991/2413/1698 3031/3095/2261 3030/3090/2256
f 3039/3091/2257 3033/3074/2243 3032/3075/2244
f 3041/3093/2259 3035/3076/2244 3034/3077/2245
f 3031/3095/2261 3036/3101/2257 3037/3096/2262
f 3045/3097/2263 3039/3091/2257 3038/3092/2258
f 3047/3099/2265 3041/3093/2259 3040/3094/2260
f 3036/3101/2257 3042/3118/2263 3043/3102/2267
f 3076/3103/2268 3045/3097/2263 3044/3098/2264
f 3078/3105/2269 3047/3099/2265 3046/3100/2266
f 3070/2454/1721 3051/2441/1721 3050/2440/1720
f 2936/3008/2188 3054/2442/1722 3057/2444/1724
f 2908/3107/2271 3059/3108/2272 3058/2445/1725
f 3059/3108/2272 3057/2444/1724 3056/2443/1723
f 3052/3109/2273 3058/2445/1725 3061/2447/1726
f 3054/2442/1722 3048/2439/1719 3051/2441/1721
f 3055/3111/2275 3062/2448/1727 3065/2450/1729
f 3060/2446/1723 3067/3114/2276 3066/2451/1730
f 3080/3112/2268 3072/2456/1734 3071/2455/1733
f 3067/3114/2276 3065/2450/1729 3064/2449/1728
f 3073/3115/2277 3066/2451/1730 3069/2453/1732
f 3062/2448/1727 3070/2454/1721 3072/2456/1734
f 3063/3117/2279 3076/3103/2268 3075/3104/2269
f 3068/2452/1731 3078/3105/2269 3077/3106/2270
f 3042/3118/2263 3080/3112/2268 3079/3113/2127
f 2977/3119/2280 3081/3164/2318 3082/3120/2281
f 3187/3121/2282 3084/3068/2239 3083/3069/2240
f 3126/2484/1757 3089/2459/1737 3088/2458/1736
f 3133/2489/1759 3093/2462/1739 3092/2461/1737
f 2894/2398/1685 3094/2463/1685 3097/2465/1741
f 3089/2459/1737 3092/2461/1737 3091/3067/2238
f 3085/3124/2284 3097/2465/1741 3096/2464/1740
f 3094/2463/1685 3090/2460/1738 3093/2462/1739
f 3137/2492/1748 3100/2466/1742 3103/2468/1744
f 3119/2480/1754 3105/2470/1746 3104/2469/1745
f 3120/2481/1755 3108/3130/2289 3107/2472/1746
f 3098/3128/2288 3103/2468/1744 3102/2467/1743
f 3100/2466/1742 3109/2473/1748 3108/3130/2289
f 3105/2470/1746 3107/2472/1746 3110/2474/1747
f 3101/3131/1749 3111/2475/1749 3114/2477/1751
f 3191/3132/2290 3118/2479/1753 3117/2478/1752
f 3189/3134/2292 3123/2483/1756 3122/2482/1753
f 3118/2479/1753 3122/2482/1753 3121/3127/2287
f 3115/3136/2294 3114/2477/1751 3113/2476/1750
f 3111/2475/1749 3120/2481/1755 3123/2483/1756
f 3106/2471/1747 3129/2486/1747 3128/2485/1736
f 3109/2473/1748 3132/2488/1758 3131/3139/1747
f 3095/3126/2286 3136/2491/1761 3135/3140/2297
f 3136/2491/1761 3133/2489/1759 3132/2488/1758
f 3124/3141/2297 3135/3140/2297 3134/2490/1760
f 3129/2486/1747 3131/3139/1747 3130/2487/1757
f 2849/3143/2299 3138/2493/1762 3141/2495/1764
f 3139/3144/2300 3148/2498/1767 3147/2497/1766
f 2892/2397/1684 3143/2989/2169 3142/2991/2171
f 2922/3146/2302 3145/3020/2200 3144/3022/2202
f 2644/3147/2303 3150/2500/1769 3149/2499/1768
f 3150/2500/1769 3154/2503/1771 3153/3148/2304
f 3148/2498/1767 3153/3148/2304 3152/2502/1770
f 3138/2493/1762 3149/2499/1768 3151/2501/1767
f 3174/2513/1780 3158/2507/1775 3157/2506/1774
f 3175/2514/1774 3162/2510/1778 3161/2509/1777
f 2890/3149/2305 3163/3153/2309 3164/3150/2306
f 2920/3151/2307 3165/3154/2310 3166/3152/2308
f 3156/2505/1773 3159/2508/1776 3162/2510/1778
f 3163/3153/2309 3168/2992/2172 3167/2993/2173
f 3165/3154/2310 3170/3017/2197 3169/3019/2199
f 2678/3155/2311 3173/2512/1775 3172/3156/2312
f 2859/3157/2313 3177/2516/1782 3176/2515/1781
f 3171/2511/1779 3175/2514/1774 3177/2516/1782
f 2984/3158/1677 3178/3162/2316 3179/3159/2129
f 3183/3160/2314 3181/2941/2127 3180/2943/2129
f 3178/3162/2316 3183/3160/2314 3182/3161/2315
f 2647/3163/2317 3185/3050/2221 3184/3052/2223
f 3112/3138/2296 3187/3121/2282 3186/3122/2283
f 3081/3164/2318 3189/3134/2292 3188/3135/2293
f 2960/3030/2210 3191/3132/2290 3190/3133/2291
f 3199/3165/2319 3192/3173/2326 3193/3166/2320
f 3470/3168/2322 3194/3360/1847 3195/3169/2323
f 3197/3171/1786 3199/3165/2319 3198/3167/2321
f 3192/3173/2326 3201/3353/2487 3200/3174/2327
f 3203/3175/2328 3197/3171/1786 3196/3172/2325
f 3482/3177/2330 3206/3180/2333 3207/3178/2331
f 3206/3180/2333 3212/3182/2335 3213/3181/2334
f 3212/3182/2335 3210/3184/2335 3211/3183/2336
f 3210/3184/2335 3208/3186/2338 3209/3185/2337
f 3208/3186/2338 3204/3363/2134 3205/3187/2339
f 3223/3188/2340 3214/3195/2346 3215/3189/2341
f 3467/3191/2343 3217/3257/2407 3216/3192/2344
f 3218/2517/1783 3223/3188/2340 3222/3190/2342
f 3214/3195/2346 3224/3354/2488 3225/3196/2347
f 3228/2522/1788 3221/2519/1785 3220/2518/1784
f 3380/2567/1827 3231/3198/2349 3232/3197/2348
f 3231/3198/2349 3237/3200/2351 3238/3199/2350
f 3237/3200/2351 3235/3202/2353 3236/3201/2352
f 3235/3202/2353 3233/3204/2355 3234/3203/2354
f 3233/3204/2355 3229/3362/2493 3230/3205/2356
f 3247/2523/1789 3240/3475/3458 3239/3206/2357
f 3254/2528/1794 3242/3477/3459 3241/3208/2359
f 3262/2531/1797 3244/3478/3460 3243/3209/2360
f 3277/2532/1793 3253/2527/1793 3252/3210/2361
f 3285/2535/1800 3261/2530/1796 3260/3212/2363
f 3318/3214/2365 3262/2531/1797 3261/2530/1796
f 3253/2527/1793 3260/3212/2363 3259/2529/1795
f 3258/3216/2367 3245/3223/2374 3246/3217/2368
f 3256/3219/2370 3252/3210/2361 3251/2526/1792
f 3472/3221/2372 3258/3216/2367 3257/3218/2369
f 3245/3223/2374 3256/3219/2370 3255/3220/2371
f 3272/3224/2375 3265/3227/2378 3266/3225/2376
f 3265/3227/2378 3269/3229/2380 3270/3228/2379
f 3269/3229/2380 3267/3231/2382 3268/3230/2381
f 3267/3231/2382 3263/3309/2454 3264/3232/2383
f 3221/2519/1785 3280/2534/1799 3279/2533/1798
f 3227/2521/1787 3288/2537/1802 3287/2536/1801
f 3290/3233/2384 3295/3249/2399 3296/3234/2385
f 3292/3236/2387 3293/3239/2390 3294/3237/2388
f 3293/3239/2390 3297/3365/2495 3298/3240/2391
f 3274/3241/2392 3281/3247/2397 3282/3242/2393
f 3474/3244/2395 3283/3248/2398 3284/3245/2367
f 3281/3247/2397 3279/2533/1798 3278/3211/2362
f 3283/3248/2398 3274/3241/2392 3273/3243/2394
f 3280/2534/1799 3287/2536/1801 3286/3213/2364
f 3295/3249/2399 3292/3236/2387 3291/3238/2389
f 3316/3250/2400 3285/2535/1800 3288/2537/1802
f 3525/3252/2402 2958/3038/2213 2959/3253/2403
f 2971/3255/2405 3299/3265/2415 3300/3256/2406
f 3418/2585/1843 3216/3192/2344 3217/3257/2407
f 3309/3258/2408 3305/3321/2463 3306/3259/2409
f 3302/3261/2411 3303/3264/2414 3304/3262/2412
f 3307/3065/2236 3309/3258/2408 3310/3260/2410
f 3303/3264/2414 3300/3256/2406 3299/3265/2415
f 3422/2588/1844 3275/3352/2486 3276/3266/2416
f 3413/3267/2417 3302/3261/2411 3301/3263/2413
f 3226/2520/1786 3311/3283/1786 3312/3269/2419
f 3528/3270/2420 3313/3355/2489 3314/3271/2421
f 3335/2549/1812 3316/3250/2400 3315/3251/2401
f 3336/2550/1813 3318/3214/2365 3317/3215/2366
f 3348/2558/1820 3319/2538/1786 3321/2540/1804
f 3362/3274/2424 3325/3278/2427 3324/2541/1805
f 3364/3276/2426 3328/2544/1808 3331/2546/1809
f 3330/2545/1806 3326/2542/1806 3325/3278/2427
f 3322/3279/2428 3329/3287/2434 3328/2544/1808
f 3327/2543/1807 3321/2540/1804 3320/2539/1803
f 3351/2559/1821 3334/2548/1811 3333/3281/2430
f 3358/2564/1824 3339/2552/1815 3338/2551/1814
f 3311/3283/1786 3340/2553/1816 3342/2555/1818
f 3337/3273/2423 3335/2549/1812 3334/2548/1811
f 3343/3284/2432 3336/2550/1813 3339/2552/1815
f 3332/2547/1810 3342/2555/1818 3341/2554/1817
f 3340/2553/1816 3347/2557/1786 3346/3286/1817
f 3326/2542/1806 3354/2561/1822 3353/2560/1807
f 3329/3287/2434 3357/2563/1823 3356/3288/2435
f 3352/3282/2431 3346/3286/1817 3345/2556/1819
f 3349/3289/2436 3358/2564/1824 3357/2563/1823
f 3355/2562/1814 3351/2559/1821 3354/2561/1822
f 3319/2538/1786 3359/3296/1786 3360/3291/2437
f 3368/3292/2438 3362/3274/2424 3361/3275/2425
f 3370/3294/2440 3364/3276/2426 3363/3277/2424
f 3359/3296/1786 3365/3302/2447 3366/3297/2442
f 3374/3298/2443 3368/3292/2438 3367/3293/2439
f 3376/3300/2445 3370/3294/2440 3369/3295/2441
f 3365/3302/2447 3371/3320/2462 3372/3303/2448
f 3405/3304/2449 3374/3298/2443 3373/3299/2444
f 3407/3306/2451 3376/3300/2445 3375/3301/2446
f 3401/2582/1826 3379/2566/1826 3378/3308/2453
f 3289/3235/2386 3384/3310/2455 3383/2568/1828
f 3263/3309/2454 3387/2571/1831 3390/2573/1833
f 3389/2572/1832 3385/2569/1829 3384/3310/2455
f 3381/3311/2456 3388/3313/2458 3387/2571/1831
f 3386/2570/1830 3378/3308/2453 3377/2565/1825
f 3385/2569/1829 3392/3316/1829 3391/2574/1834
f 3388/3313/2458 3395/2577/1837 3398/2579/1838
f 3409/3314/2459 3401/2582/1826 3400/2581/1840
f 3397/2578/1835 3393/2575/1835 3392/3316/1829
f 3402/3317/2460 3396/3319/2460 3395/2577/1837
f 3394/2576/1836 3400/2581/1840 3399/2580/1839
f 3393/2575/1835 3405/3304/2449 3404/3305/2450
f 3396/3319/2460 3407/3306/2451 3406/3307/2452
f 3371/3320/2462 3409/3314/2459 3408/3315/2450
f 3305/3321/2463 3410/3361/2492 3411/3322/2464
f 3488/3323/2465 3413/3267/2417 3412/3268/2418
f 3486/3325/2467 3496/2622/1862 3498/2624/1864
f 3458/2612/1843 3418/2585/1843 3417/2584/1842
f 3459/2613/1857 3421/2587/1842 3420/3327/72
f 3248/3207/2358 3424/3330/2468 3423/2589/83
f 3416/2583/1841 3422/2588/1844 3421/2587/1842
f 3414/3329/1859 3425/2590/1845 3424/3330/2468
f 3426/2591/71 3420/3327/72 3419/2586/380
f 3463/2616/1858 3430/3334/2471 3429/2592/72
f 3448/2606/1854 3433/2595/1847 3435/2597/1849
f 3452/2609/1856 3436/2598/1850 3439/2600/72
f 3427/3333/2470 3431/2593/1846 3430/3334/2471
f 3432/2594/71 3439/2600/72 3438/2599/83
f 3434/2596/1848 3437/3345/1848 3436/2598/1850
f 3431/2593/1846 3441/3342/2479 3440/2601/71
f 3492/3336/2473 3448/2606/1854 3447/2605/1853
f 3490/3338/2475 3451/2608/1855 3450/3339/2476
f 3446/2604/1849 3452/2609/1856 3451/2608/1855
f 3444/3341/2478 3442/2602/1851 3441/3342/2479
f 3443/2603/1852 3450/3339/2476 3449/2607/73
f 3433/2595/1847 3457/2611/1843 3456/3344/2481
f 3437/3345/1848 3462/2615/1848 3461/2614/72
f 3425/2590/1845 3466/2618/1859 3465/2617/73
f 3464/3332/71 3461/2614/72 3460/3328/380
f 3453/3346/1858 3463/2616/1858 3466/2618/1859
f 3455/2610/1842 3459/2613/1857 3462/2615/1848
f 3476/3348/2482 3470/3168/2322 3469/3170/2324
f 3478/3350/2484 3467/3191/2343 3468/3193/2345
f 3250/2525/1791 3472/3221/2372 3471/3222/2373
f 3275/3352/2486 3474/3244/2395 3473/3246/2396
f 3201/3353/2487 3476/3348/2482 3475/3349/2483
f 3224/3354/2488 3478/3350/2484 3477/3351/2485
f 3313/3355/2489 3479/3359/2330 3480/3356/2490
f 3484/3357/2491 3482/3177/2330 3481/3179/2332
f 3479/3359/2330 3484/3357/2491 3483/3358/2462
f 3194/3360/1847 3486/3325/2467 3485/3326/2056
f 3442/2602/1851 3488/3323/2465 3487/3324/2466
f 3410/3361/2492 3490/3338/2475 3489/3340/2477
f 3491/3337/2474 3512/3488/2508 3511/2628/1868
f 3271/3226/2377 2917/2995/2175 2916/2997/2177
f 3495/2621/1681 3230/3205/2356 3229/3362/2493
f 3204/3363/2134 2843/2385/1674 2846/2387/1675
f 2944/3364/2494 3298/3240/2391 3297/3365/2495
f 2875/3366/2496 3495/2621/1681 3494/2620/1861
f 3493/2619/1860 2887/2981/2161 2886/3367/2497
f 3502/3368/2498 3499/3374/2502 3500/3369/1866
f 3504/3371/2500 3502/3368/2498 3501/3370/2499
f 3505/2625/1865 3504/3371/2500 3503/3372/2501
f 3497/2623/1863 3508/2627/1867 3507/2626/1866
f 3499/3374/2502 3509/3382/2509 3510/3375/2503
f 3518/3376/2504 3515/3381/2508 3516/3377/2505
f 3520/3379/2504 3518/3376/2504 3517/3378/2506
f 3523/2633/1869 3520/3379/2504 3519/3380/2507
f 3513/2629/1869 3523/2633/1869 3522/2632/1871
f 3515/3381/2508 3525/3252/2402 3524/3254/2404
f 3496/2622/1862 3511/2628/1868 3514/2630/1870
f 3508/2627/1867 3522/2632/1871 3521/2631/1865
f 2948/3049/2045 3510/3375/2503 3509/3382/2509
f 3202/3176/2329 3527/3469/3461 3526/3383/2510
f 2520/2691/2511 2528/2688/2527 2396/3384/2512
f 2529/2686/2514 2521/2690/1880 2576/2642/1880
f 2520/2691/2511 2392/3385/2513 2406/3386/2515
f 2598/2772/2517 2661/2717/2517 2576/2642/1880
f 2526/2685/2518 2523/2684/2524 2393/3387/2519
f 2522/2692/2521 2527/2683/1874 2568/2636/2522
f 2523/2684/2524 2531/2693/2532 2397/3389/2525
f 2530/2709/2526 2522/2692/2521 2571/2635/2523
f 2528/2688/2527 2525/2687/2531 2394/3390/2528
f 2524/2689/2529 2529/2686/2514 2572/2639/2514
f 2525/2687/2531 2526/2685/2518 2395/3388/2520
f 2527/2683/1874 2524/2689/2529 2575/2638/2530
f 2531/2693/2532 2596/2696/2533 2405/3391/2533
f 2597/2694/2534 2530/2709/2526 2579/2644/1882
f 2660/2718/2536 2611/2721/2622 2532/2647/2537
f 2573/2637/2539 2577/2641/2538 2532/2647/2537
f 2434/2381/1671 2404/3393/2547 2534/2648/2542
f 2574/2640/2543 2573/2637/2539 2535/2646/2540
f 2569/2634/2548 2574/2640/2543 2537/2649/2544
f 2538/2652/2550 2536/2650/2546 3202/3176/2551
f 2570/2643/2553 2569/2634/2548 2539/2651/2549
f 2540/2654/2321 2538/2652/2550 3196/3172/2552
f 2578/2707/2556 2570/2643/2553 2541/2653/2554
f 2542/2708/2558 2540/2654/2321 3198/3167/2555
f 2593/2656/2560 2578/2707/2556 2543/2655/2557
f 2544/2697/2563 2597/2694/2534 2592/2658/2535
f 2545/2695/2565 2547/2698/2569 2399/3394/2566
f 2546/2699/2568 2544/2697/2563 2581/2657/2564
f 2596/2696/2533 2545/2695/2565 2398/3395/2567
f 2547/2698/2569 2549/2700/2573 2400/3396/2570
f 2548/2701/2571 2546/2699/2568 2583/2660/2568
f 2549/2700/2573 2553/2702/2585 2401/3397/2574
f 2552/2703/2575 2548/2701/2571 2585/2662/2572
f 2551/2663/2579 2590/2745/2579 2588/2670/2580
f 2551/2663/2579 2633/2739/2663 2673/2743/2584
f 2553/2702/2585 2555/2704/2588 2402/3398/2586
f 2554/2705/2587 2552/2703/2575 2587/2667/2576
f 2555/2704/2588 2557/2706/2589 2403/3399/2589
f 2556/2787/2590 2554/2705/2587 2589/2669/1941
f 2630/2786/2592 2416/3412/2661 2403/3399/2589
f 2556/2787/2590 2591/2671/2591 2672/2744/2593
f 2586/2668/2595 2560/2674/2597 2558/2672/2581
f 2584/2666/2596 2562/2676/2599 2560/2674/2597
f 2582/2661/2598 2564/2678/2601 2562/2676/2599
f 2580/2659/2600 2566/2681/2602 2564/2678/2601
f 2580/2659/2600 2593/2656/2560 2594/2682/2561
f 2599/2771/2516 2406/3386/2515 2410/3400/2603
f 2606/2769/2605 2657/2713/2605 2661/2717/2517
f 2605/2764/2606 2409/3404/2617 2407/3401/2607
f 2609/2774/2017 2662/2788/2620 2654/2719/2609
f 2601/2765/2610 2654/2719/2609 2653/2710/2611
f 2600/2773/2608 2407/3401/2607 2411/3402/2612
f 2607/2767/2604 2410/3400/2603 2408/3403/2614
f 2604/2766/1997 2653/2710/2611 2658/2716/1952
f 2603/2768/2616 2658/2716/1952 2657/2713/2605
f 2602/2770/2615 2408/3403/2614 2409/3404/2617
f 2608/2792/2613 2411/3402/2612 2418/3405/2618
f 2680/2777/2619 2675/2732/2647 2662/2788/2620
f 2656/2715/2621 2612/2724/2628 2611/2721/2622
f 2417/3406/2623 2610/2723/3173 2613/2722/2624
f 2613/2722/2624 2615/2725/2629 2829/2939/2626
f 2659/2714/2627 2614/2726/2632 2612/2724/2628
f 2615/2725/2629 2617/2727/2633 2649/2762/2630
f 2652/2712/2631 2616/2728/2636 2614/2726/2632
f 2617/2727/2633 2619/2729/2637 2651/2757/2634
f 2655/2711/2635 2618/2730/2640 2616/2728/2636
f 2619/2729/2637 2621/2731/2638 2642/2790/2638
f 2663/2720/2639 2620/2789/2645 2618/2730/2640
f 2674/2734/2644 2677/2754/2671 2620/2789/2645
f 2623/2776/2646 2664/2735/2653 2675/2732/2647
f 2622/2778/2648 2412/3409/2651 2413/3408/2649
f 2681/2775/2618 2418/3405/2618 2412/3409/2651
f 2625/2779/2652 2666/2737/2655 2664/2735/2653
f 2627/2781/2654 2668/2740/2654 2666/2737/2655
f 2624/2780/2650 2413/3408/2649 2414/3410/2656
f 2629/2783/1978 2670/2742/2660 2668/2740/2654
f 2626/2782/2657 2414/3410/2656 2415/3411/2658
f 2631/2785/2594 2672/2744/2593 2670/2742/2660
f 2628/2784/2659 2415/3411/2658 2416/3412/2661
f 2671/2741/2662 2673/2743/2584 2633/2739/2663
f 2669/2738/2665 2671/2741/2662 2635/2747/2664
f 2667/2736/2667 2669/2738/2665 2637/2749/2666
f 2665/2733/2669 2667/2736/2667 2639/2751/2668
f 2665/2733/2669 2641/2753/2670 2677/2754/2671
f 2643/2758/2672 2847/2960/1991 2858/2954/1992
f 2679/2791/2674 2859/3157/2686 2847/2960/1991
f 2645/2760/2675 2849/3143/2678 3159/2508/2676
f 2849/3143/2678 2645/2760/2675 3149/2499/2679
f 3172/3156/1782 3177/2516/1782 2859/3157/2686
f 2691/2821/2687 2713/2802/2687 2710/2795/2688
f 2687/2842/2690 2683/2844/2689 2710/2795/2688
f 2701/2838/2692 2685/2840/2693 2735/2797/2693
f 2685/2840/2693 2687/2842/2690 2737/2794/2690
f 2693/2820/2694 2689/2823/2695 2716/2800/2695
f 2689/2823/2695 2697/2825/2696 2719/2807/2696
f 2691/2821/2687 2693/2820/2694 2715/2799/2694
f 2699/2827/2697 2695/2829/2698 2722/2805/2698
f 2768/2877/2699 2767/2875/2699 2722/2805/2698
f 2697/2825/2696 2699/2827/2697 2721/2804/2697
f 2705/2836/2701 2701/2838/2692 2732/2811/2692
f 2703/2832/2702 2725/2817/2702 2767/2875/2699
f 2703/2832/2702 2709/2831/2703 2727/2815/2703
f 2707/2834/2704 2705/2836/2701 2731/2810/2701
f 2709/2831/2703 2707/2834/2704 2729/2813/2704
f 2736/2796/2705 2711/2793/2705 2738/2847/2705
f 2711/2793/2705 2712/2871/2705 2741/2849/2705
f 2712/2871/2705 2714/2801/2705 2742/2850/2705
f 2714/2801/2705 2717/2798/2705 2744/2852/2705
f 2717/2798/2705 2718/2808/2705 2746/2854/2705
f 2718/2808/2705 2720/2806/2705 2748/2856/2705
f 2720/2806/2705 2723/2803/2705 2750/2858/2705
f 2723/2803/2705 2766/2881/2705 2771/2879/2705
f 2724/2874/2705 2726/2816/2705 2754/2861/2705
f 2766/2881/2705 2724/2874/2705 2753/2860/2705
f 2726/2816/2705 2728/2814/2705 2756/2863/2705
f 2728/2814/2705 2730/2812/2705 2758/2865/2705
f 2730/2812/2705 2733/2809/2705 2760/2867/2705
f 2733/2809/2705 2734/2818/2705 2762/2870/2705
f 2734/2818/2705 2736/2796/2705 2765/2846/2705
f 2764/2869/2706 2739/2845/2707 2419/3417/2707
f 2739/2845/2707 2740/2872/2709 2420/3419/2708
f 2740/2872/2709 2743/2848/2710 2421/3420/2710
f 2743/2848/2710 2745/2851/2712 2422/3421/2711
f 2745/2851/2712 2747/2853/2714 2423/3422/2713
f 2747/2853/2714 2749/2855/2716 2424/3423/2715
f 2749/2855/2716 2751/2857/2717 2425/3424/2717
f 2751/2857/2717 2770/2882/2718 2433/3425/2718
f 2752/2878/2719 2755/2859/2720 2427/3426/2720
f 2770/2882/2718 2752/2878/2719 2426/3427/2719
f 2755/2859/2720 2757/2862/2722 2428/3428/2721
f 2757/2862/2722 2759/2864/2723 2429/3429/2723
f 2759/2864/2723 2761/2866/2724 2430/3430/2724
f 2761/2866/2724 2763/2868/2725 2431/3431/2725
f 2763/2868/2725 2764/2869/2706 2432/3418/2706
f 2773/2897/2726 2775/2900/2727 2790/2888/2727
f 2785/2898/2086 2773/2897/2726 2788/2886/2726
f 2775/2900/2727 2777/2902/2728 2792/2890/2728
f 2777/2902/2728 2779/2904/2731 2794/2892/2729
f 2805/2930/2101 2807/2932/2730 2778/2905/2730
f 2779/2904/2731 2781/2906/2733 2796/2894/2732
f 2781/2906/2733 2783/2908/2736 2799/2923/2734
f 2810/2937/2735 2827/2921/2751 2799/2923/2734
f 2787/2883/2086 2814/2911/2086 2813/2924/2086
f 2786/2885/2737 2789/2884/2741 2404/3393/2547
f 2800/2927/2744 2817/2910/2744 2819/2913/2745
f 2813/2924/2086 2814/2911/2086 2817/2910/2744
f 2802/2929/2745 2819/2913/2745 2821/2915/2746
f 2804/2931/2746 2821/2915/2746 2823/2917/2747
f 2806/2933/2748 2823/2917/2747 2825/2919/2749
f 2808/2935/2750 2825/2919/2749 2827/2921/2751
f 2815/2909/2738 2417/3406/2623 2435/3407/2625
f 2830/2952/2758 2445/3434/2762 2885/2974/2759
f 2834/2950/2761 2447/3436/2770 2445/3434/2762
f 2832/2944/2766 2446/3439/2805 2449/3435/2767
f 2836/2948/2769 2448/3437/2771 2447/3436/2770
f 2838/2946/2768 2449/3435/2767 2448/3437/2771
f 2841/2383/2772 2884/2975/2812 2886/3367/2773
f 2846/2387/1675 2887/2981/2823 2471/3438/2775
f 2857/2956/2777 2848/2955/2137 2918/3016/2196
f 2848/2955/2137 2860/2961/2398 2931/3018/2778
f 3160/2958/2779 2850/2957/3198 2921/3021/2780
f 3091/3067/2238 2923/3066/2784 2852/2959/2141
f 2862/2392/2786 2854/2962/1679 2925/3004/2787
f 2853/2388/2788 2857/2956/2777 2929/3015/2195
f 2860/2961/2398 3176/2515/3206 3169/3019/2789
f 2983/3084/2790 2863/2393/3462 2933/3005/1680
f 2868/2971/2792 2941/3010/2808 2945/3013/2793
f 2445/3434/2762 2865/2972/2796 2877/2396/2795
f 2447/3436/2770 2869/2970/2809 2865/2972/2796
f 2866/2965/2800 2936/3008/2803 2943/3007/2801
f 2936/3008/2803 2866/2965/2800 3048/2439/2804
f 2446/3439/2805 2867/2963/3197 2873/2966/2806
f 2870/2969/2807 2938/3011/2810 2941/3010/2808
f 2448/3437/2771 2871/2968/2811 2869/2970/2809
f 2872/2967/2802 2943/3007/2801 2938/3011/2810
f 2449/3435/2767 2873/2966/2806 2871/2968/2811
f 2876/2395/1682 3494/2620/1682 2886/3367/2773
f 2879/3440/2813 2895/2399/2813 3097/2465/2814
f 3143/2989/2169 2892/2397/2815 2878/2976/2815
f 2896/2400/2816 2901/2987/2829 2438/3442/2167
f 2904/2403/2818 2897/2978/2158 2880/2977/2158
f 2988/2983/2820 2905/2980/2821 2882/2979/2821
f 2887/2981/2823 3493/2619/1860 3229/3362/2824
f 2888/2994/2825 2903/2984/2846 2439/3446/2826
f 2928/3023/2828 2919/3014/2194 2889/2985/2165
f 2901/2987/2829 2888/2994/2825 2436/3447/2827
f 2919/3014/2194 2930/3024/2848 2902/2986/2830
f 2890/3149/2831 3143/2989/2169 2461/3441/2169
f 3165/3154/2833 2920/3151/2837 2891/2990/2834
f 3163/3153/2836 2890/3149/2831 2437/3448/2832
f 2920/3151/2837 3145/3020/2839 3142/2991/2838
f 3145/3020/2839 2922/3146/3201 2893/3145/2840
f 2927/2408/2843 2928/3023/2828 2900/2988/2203
f 2935/2411/1688 2924/2406/2844 2898/2401/2844
f 2903/2984/2846 3168/2992/2984 2463/3450/2847
f 2930/3024/2848 3170/3017/2985 3167/2993/2849
f 2986/3027/2850 2932/2409/3463 2906/2404/2851
f 2444/3451/2853 2909/3003/2853 3058/2445/2854
f 2452/3452/2855 2913/3001/2871 2909/3003/2853
f 2908/3107/2856 2937/3006/2856 3057/2444/2857
f 2937/3006/2856 2908/3107/2856 2912/3002/2859
f 2450/3453/2861 2453/3515/2862 2916/2997/2862
f 2940/3012/2864 2910/2998/2869 2917/2995/2865
f 2911/2996/2863 2915/2999/2870 2451/3454/2867
f 2939/3009/2868 2914/3000/2872 2910/2998/2869
f 2942/3025/2860 2912/3002/2859 2914/3000/2872
f 2916/2997/2862 2453/3515/2862 2443/3455/2862
f 2944/3364/2866 2917/2995/2865 3271/3226/2873
f 2947/3051/2875 2951/3039/2885 2968/3031/2876
f 3184/3052/2878 2947/3051/2875 2961/3028/2877
f 2957/3046/2880 2949/3048/3464 2959/3253/2881
f 2959/3253/2881 2949/3048/3464 3509/3382/2883
f 2951/3039/2885 2953/3042/2887 2966/3033/2886
f 2953/3042/2887 2955/3044/2889 2964/3035/2888
f 2955/3044/2889 2957/3046/2880 2962/3037/2882
f 3082/3120/2891 3188/3135/2979 3191/3132/2892
f 2981/3054/2897 2979/3060/2900 2971/3255/2898
f 2979/3060/2900 3308/3064/3083 3299/3265/2901
f 3081/3164/2902 2977/3119/2908 2973/3057/2903
f 3083/3069/2905 2972/3059/2909 2460/3458/2906
f 2977/3119/2908 2981/3054/2897 2974/3062/2899
f 2972/3059/2909 2975/3058/3205 2442/3456/2894
f 3003/2421/1712 3012/2428/1712 2983/3084/2790
f 3010/2426/2242 3004/3072/3465 2986/3027/2850
f 3015/3086/2910 3007/2424/3466 2988/2983/2820
f 2996/3081/2911 2990/2412/3467 3016/2430/2911
f 3033/3074/2261 3031/3095/2261 2991/2413/1698
f 2994/3080/2915 3002/2420/2915 3028/2437/2916
f 2455/3461/2918 3034/3077/2934 2999/2418/1703
f 3035/3076/2919 3032/3075/2932 2998/2417/2920
f 3001/2419/2922 2997/2416/1701 3023/3087/2923
f 3025/2435/1716 3019/2432/1713 3013/2429/1716
f 3026/2436/2925 3022/2433/2925 3005/2422/2926
f 3021/3089/2927 3027/3083/3468 3008/3082/2928
f 3039/3091/2930 3036/3101/2936 3031/3095/2261
f 3041/3093/2931 3038/3092/2940 3032/3075/2932
f 2456/3462/2933 3040/3094/2942 3034/3077/2934
f 3045/3097/2935 3042/3118/2944 3036/3101/2936
f 3037/3096/2937 3043/3102/2945 3183/3160/2938
f 3047/3099/2939 3044/3098/2947 3038/3092/2940
f 2457/3463/2941 3046/3100/2949 3040/3094/2942
f 3076/3103/2943 3080/3112/2955 3042/3118/2944
f 3043/3102/2945 3079/3113/3196 3181/2941/2763
f 3078/3105/2946 3075/3104/2957 3044/3098/2947
f 2458/3464/2948 3077/3106/2959 3046/3100/2949
f 3055/3111/1721 3051/2441/3469 3070/2454/1721
f 3053/3110/2951 3061/2447/2951 3066/2451/2952
f 3060/2446/2953 3056/2443/3470 3065/2450/2954
f 3063/3117/2279 3072/2456/2279 3080/3112/2955
f 3068/2452/2956 3064/2449/2956 3075/3104/2957
f 3074/3116/2958 3069/2453/2958 3077/3106/2959
f 3189/3134/2960 3081/3164/2902 3084/3068/2904
f 3186/3122/2962 3083/3069/2905 2459/3459/2907
f 3086/3125/2297 3096/2464/2297 3135/3140/2964
f 3130/2487/2965 3092/2461/1737 3089/2459/1737
f 3093/2462/2967 3133/2489/1739 3136/2491/2967
f 3099/3129/1751 3102/2467/2969 3114/2477/2969
f 3125/3142/2970 3134/2490/3471 3103/2468/2971
f 3132/2488/1758 3109/2473/1758 3100/2466/1758
f 3108/3130/2973 3120/2481/1749 3111/2475/2973
f 3121/3127/2287 3107/2472/3472 3105/2470/2974
f 3110/2474/1747 3131/3139/1747 3129/2486/2976
f 3123/2483/2977 3189/3134/2960 3187/3121/2961
f 3116/3137/2978 3113/2476/3473 3186/3122/2962
f 3188/3135/2979 3122/2482/3474 3118/2479/2980
f 3151/2501/2304 3153/3148/2304 3148/2498/2304
f 3157/2506/2982 3162/2510/2982 3175/2514/2982
f 3168/2992/2984 3163/3153/2836 2462/3449/2836
f 3170/3017/2985 3165/3154/2833 3164/3150/2835
f 3192/3173/2986 3199/3165/2319 3222/3190/2987
f 3201/3353/2487 3192/3173/2986 3215/3189/2986
f 3476/3348/2992 3201/3353/2487 3225/3196/2487
f 2499/3392/2545 2490/3433/2740 3527/3469/2994
f 2491/3470/2995 2493/3510/3210 3203/3175/2996
f 3209/3185/2998 3205/3187/2776 2471/3438/2775
f 3207/3178/3000 3213/3181/3008 2475/3472/3001
f 3211/3183/3006 3209/3185/2998 2473/3471/2999
f 3213/3181/3008 3211/3183/3006 2474/3474/3007
f 3223/3188/3009 3281/3247/3016 3274/3241/3010
f 3214/3195/3011 3274/3241/3010 3283/3248/2198
f 3422/2588/1841 3416/2583/3475 3217/3257/3012
f 3228/2522/3014 3287/2536/3476 3280/2534/3014
f 3218/2517/3015 3279/2533/3477 3281/3247/3016
f 3224/3354/2198 3283/3248/2198 3474/3244/3017
f 3312/3269/3018 3315/3251/3478 3288/2537/3019
f 3234/3203/3021 3230/3205/3200 3297/3365/2797
f 2473/3471/2999 2471/3438/2775 3229/3362/2824
f 3232/3197/3024 3238/3199/3032 3295/3249/3025
f 2472/3473/3002 2475/3472/3001 3237/3200/3026
f 3290/3233/2384 3383/2568/3028 3377/2565/3028
f 3236/3201/3029 3234/3203/3021 3293/3239/3022
f 2474/3474/3007 2473/3471/2999 3233/3204/3023
f 3238/3199/3032 3236/3201/3029 3292/3236/3030
f 2475/3472/3001 2474/3474/3007 3235/3202/3031
f 3239/3206/3033 3415/3331/3033 3424/3330/3033
f 3471/3222/3034 2486/3481/3058 3240/3475/3035
f 3251/2526/3037 3241/3208/1792 2466/3476/3038
f 3259/2529/3040 3243/3209/3479 3242/3477/3041
f 3318/3214/3043 2479/3517/3480 3244/3478/3044
f 3246/3217/3045 2465/3480/3052 2467/3479/3046
f 3282/3242/3048 3256/3219/2393 3245/3223/2374
f 3273/3243/3049 3245/3223/2374 3258/3216/3050
f 3255/3220/3039 2466/3476/3038 2465/3480/3052
f 3276/3266/3055 3249/2524/3054 3423/2589/72
f 3278/3211/3056 3252/3210/3056 3256/3219/2393
f 3286/3213/2364 3260/3212/3481 3253/2527/3057
f 3257/3218/3047 2467/3479/3046 2486/3481/3058
f 3284/3245/3051 3258/3216/3050 3472/3221/3059
f 3316/3250/3061 3317/3215/3061 3261/2530/3062
f 2470/3482/3063 3382/3312/3482 3387/2571/3064
f 3289/3235/3066 3296/3234/3079 3268/3230/3067
f 2478/3483/2382 2470/3482/3063 3263/3309/3065
f 3264/3232/3068 3390/2573/3483 3384/3310/3070
f 2476/3484/3071 3265/3227/3076 3272/3224/2862
f 3291/3238/3072 3294/3237/3075 3266/3225/3073
f 3294/3237/3075 3298/3240/2874 3271/3226/2873
f 3265/3227/3076 2476/3484/3071 2477/3485/3077
f 3296/3234/3079 3291/3238/3072 3270/3228/3074
f 3300/3256/3080 3303/3264/3091 2469/3486/3081
f 3310/3260/3082 3304/3262/3087 3299/3265/2901
f 3411/3322/3084 3412/3268/3144 3301/3263/3085
f 3306/3259/3086 3301/3263/3085 3304/3262/3087
f 3413/3267/3088 2484/3493/3088 2485/3487/3089
f 3302/3261/3090 2485/3487/3089 2469/3486/3081
f 3332/2547/3093 3315/3251/3478 3312/3269/3018
f 3314/3271/3094 2494/3468/2991 2492/3467/2990
f 3337/3273/3096 3317/3215/3061 3316/3250/3061
f 3343/3284/3098 2479/3517/3480 3318/3214/3043
f 3327/2543/1804 3353/2560/1807 3345/2556/1807
f 3361/3275/2425 3324/2541/1803 3320/2539/1803
f 3322/3279/1823 3350/3290/3484 3357/2563/3100
f 2480/3489/3102 3323/3280/3103 3328/2544/3103
f 3363/3277/3105 3331/2546/3485 3325/3278/3106
f 3330/2545/3107 3356/3288/3486 3354/2561/3108
f 3352/3282/1817 3333/3281/1817 3341/2554/1817
f 3355/2562/1821 3338/2551/3109 3334/2548/3109
f 3349/3289/3111 3344/3285/3487 3339/2552/3111
f 3367/3293/3113 3361/3275/2425 3360/3291/2425
f 3369/3295/3115 3363/3277/3105 3362/3274/2424
f 2481/3490/3117 2480/3489/3102 3364/3276/3104
f 3373/3299/3119 3367/3293/3113 3366/3297/3114
f 3365/3302/2447 3480/3356/3212 3483/3358/3121
f 3375/3301/3123 3369/3295/3115 3368/3292/3116
f 2482/3491/3125 2481/3490/3117 3370/3294/3118
f 3404/3305/3127 3373/3299/3119 3372/3303/3120
f 3371/3320/3122 3483/3358/3121 3481/3179/3005
f 3406/3307/3130 3375/3301/3123 3374/3298/3124
f 2483/3492/3132 2482/3491/3125 3376/3300/3126
f 3386/2570/3133 3391/2574/3488 3399/2580/1839
f 3381/3311/3135 3403/3318/3489 3395/2577/3136
f 3389/2572/3137 3398/2579/3490 3392/3316/3138
f 3394/2576/1840 3404/3305/3127 3408/3315/3128
f 3397/2578/3140 3406/3307/3130 3405/3304/3131
f 3402/3317/3142 2483/3492/3132 3407/3306/2451
f 3489/3340/3143 3487/3324/3154 3412/3268/3144
f 3488/3323/3145 2487/3516/3145 2484/3493/3088
f 3414/3329/1859 3454/3347/1845 3466/2618/1859
f 3459/2613/1842 3455/2610/3491 3417/2584/3147
f 3420/3327/72 3426/2591/72 3465/2617/72
f 3427/3333/2470 3445/3343/2470 3441/3342/3148
f 3453/3346/1858 3428/3335/2471 3430/3334/1858
f 3461/2614/72 3464/3332/72 3429/2592/72
f 3439/2600/72 3432/2594/72 3440/2601/72
f 3452/2609/1856 3446/2604/1849 3435/2597/3149
f 3437/3345/3151 3434/2596/1848 3456/3344/3152
f 3450/3339/3153 3443/2603/3153 3487/3324/3154
f 3444/3341/3155 2487/3516/3145 3488/3323/3145
f 3490/3338/3160 3491/3337/3160 3447/2605/3161
f 3470/3168/3163 3476/3348/2992 3477/3351/2993
f 3496/2622/1868 3486/3325/3157 3492/3336/3159
f 3497/2623/3165 3514/2630/1867 3522/2632/1867
f 3499/3374/3166 3516/3377/3168 3524/3254/2884
f 3502/3368/3167 3517/3378/3170 3516/3377/3168
f 3504/3371/3169 3519/3380/3172 3517/3378/3170
f 3505/2625/3171 3521/2631/3492 3519/3380/3172
f 2395/3388/3214 2393/3387/3221 3531/3387/3215
f 2396/3384/3217 2394/3390/3218 3532/3390/3218
f 2394/3390/3218 2395/3388/3214 3533/3388/3216
f 2392/3385/3220 2396/3384/3217 3534/3384/3219
f 2393/3387/3221 2397/3389/3222 3535/3389/3222
f 2405/3391/3223 2398/3395/3226 3536/3395/3224
f 2398/3395/3226 2399/3394/3228 3537/3394/3227
f 2399/3394/3228 2400/3396/3230 3538/3396/3229
f 2400/3396/3230 2401/3397/3232 3539/3397/3231
f 2401/3397/3232 2402/3398/3234 3540/3398/3233
f 2402/3398/3234 2403/3399/3235 3541/3399/3235
f 2397/3389/3222 2405/3391/3223 3542/3391/3225
f 2407/3401/3236 2409/3404/3241 3546/3404/3237
f 2408/3403/3239 2410/3400/3242 3547/3400/3240
f 2409/3404/3241 2408/3403/3239 3545/3403/3239
f 2410/3400/3242 2406/3386/3242 3543/3386/3243
f 2411/3402/3244 2407/3401/3236 3544/3401/3238
f 2406/3386/3242 2392/3385/3220 3530/3385/3219
f 2412/3409/3246 2418/3405/3256 3554/3405/3247
f 2413/3408/3249 2412/3409/3246 3549/3409/3248
f 2414/3410/3251 2413/3408/3249 3550/3408/3250
f 2415/3411/3253 2414/3410/3251 3551/3410/3252
f 2416/3412/3255 2415/3411/3253 3552/3411/3254
f 2403/3399/3235 2416/3412/3255 3553/3412/3255
f 2418/3405/3256 2411/3402/3244 3548/3402/3245
f 2419/3417/3257 2420/3419/3258 3556/3419/3258
f 2432/3418/3257 2419/3417/3257 3555/3417/3257
f 2420/3419/3258 2421/3420/3260 3557/3420/3260
f 2421/3420/3260 2422/3421/3261 3558/3421/3261
f 2422/3421/3261 2423/3422/3262 3559/3422/3262
f 2423/3422/3262 2424/3423/3263 3560/3423/3263
f 2424/3423/3263 2425/3424/3264 3561/3424/3264
f 2426/3427/3265 2427/3426/3266 3563/3426/3266
f 2427/3426/3266 2428/3428/3262 3564/3428/3262
f 2428/3428/3262 2429/3429/3267 3565/3429/3267
f 2429/3429/3267 2430/3430/3258 3566/3430/3268
f 2430/3430/3258 2431/3431/3258 3567/3431/3258
f 2431/3431/3258 2432/3418/3257 3568/3418/3259
f 2433/3425/3269 2426/3427/3265 3562/3427/3265
f 2425/3424/3264 2433/3425/3269 3569/3425/3269
f 2438/3442/3270 2436/3447/3274 3570/3447/3271
f 2462/3449/3272 2437/3448/3273 3571/3448/3273
f 2436/3447/3274 2439/3446/3275 3573/3446/3275
f 2442/3456/3276 2440/3457/3277 3574/3457/3277
f 2443/3455/3279 2453/3515/3292 3582/3515/3280
f 2441/3509/3282 2452/3452/3290 3581/3452/3283
f 2450/3453/3285 2451/3454/3288 3580/3454/3286
f 2451/3454/3288 2441/3509/3493 3575/3509/3289
f 2452/3452/3290 2444/3451/3291 3578/3451/3291
f 2453/3515/3292 2450/3453/3285 3579/3453/3287
f 2456/3462/3293 2455/3461/3425 3584/3461/3294
f 2457/3463/3295 2456/3462/3293 3585/3462/3293
f 2458/3464/3297 2457/3463/3295 3586/3463/3296
f 2459/3459/3299 2460/3458/3302 3589/3458/3300
f 2460/3458/3302 2442/3456/3494 3576/3456/3303
f 2437/3448/3273 2461/3441/3418 3590/3441/3304
f 2463/3450/3305 2462/3449/3272 3591/3449/3272
f 2439/3446/3275 2463/3450/3305 3592/3450/3305
f 2464/3465/3306 2459/3459/3299 3588/3459/3301
f 2465/3480/3307 2466/3476/3435 3595/3476/3308
f 2467/3479/405 2465/3480/3307 3594/3480/3307
f 2478/3483/3309 2468/3514/3495 3597/3514/3310
f 2477/3485/3312 2476/3484/3329 3600/3484/172
f 2468/3514/3314 2477/3485/3312 3601/3485/3313
f 2470/3482/3316 2478/3483/3309 3602/3483/3311
f 2480/3489/3317 2481/3490/3320 3605/3490/3318
f 2481/3490/3320 2482/3491/3321 3606/3491/3321
f 2482/3491/3321 2483/3492/3322 3607/3492/3322
f 2485/3487/3323 2484/3493/3324 3608/3493/3324
f 2469/3486/3326 2485/3487/3323 3609/3487/3325
f 2486/3481/3328 2467/3479/405 3596/3479/405
f 2484/3493/3324 2487/3516/71 3611/3516/377
f 2476/3484/3329 2443/3455/3279 3577/3455/3281
f 2440/3457/3277 2469/3486/3330 3598/3486/3330
f 2500/3432/3331 2501/2380/3331 3613/2380/3331
f 2502/2379/3332 2503/3494/3332 3615/3494/3332
f 2503/3494/73 2500/3432/71 3612/3432/71
f 2501/2380/75 2502/2379/75 3614/2379/75
f 2516/3502/3333 2517/3460/3496 3617/3460/3334
f 2517/3460/3336 2518/3501/3497 3618/3501/3337
f 2518/3501/3339 2519/3414/3498 3619/3414/3340
f 2519/3414/3342 2516/3502/3499 3616/3502/3343
f 2878/2976/3345 2879/3440/3417 3621/3440/3346
f 2880/2977/3348 2881/3443/3419 3623/3443/3349
f 2882/2979/3351 2883/3444/3420 3625/3444/3352
f 2993/3079/3354 2994/3080/3424 3627/3080/3355
f 3014/3085/3357 3015/3086/3423 3629/3086/3358
f 3020/3088/3360 3021/3089/3426 3631/3089/3361
f 3052/3109/3363 3053/3110/3427 3633/3110/3364
f 3073/3115/3366 3074/3116/3428 3635/3116/3367
f 3085/3124/3369 3086/3125/3429 3637/3125/3370
f 3098/3128/3372 3099/3129/3430 3639/3129/3373
f 3115/3136/3375 3116/3137/3432 3641/3137/3376
f 3124/3141/3378 3125/3142/3431 3643/3142/3379
f 3239/3206/3381 3240/3475/3434 3645/3475/3382
f 3241/3208/3384 3242/3477/3436 3647/3477/3385
f 3243/3209/3387 3244/3478/3437 3649/3478/3388
f 3322/3279/3390 3323/3280/3441 3651/3280/3391
f 3343/3284/3393 3344/3285/3442 3653/3285/3394
f 3349/3289/3396 3350/3290/3440 3655/3290/3397
f 3381/3311/3399 3382/3312/3439 3657/3312/3400
f 3402/3317/3402 3403/3318/3443 3659/3318/3403
f 3414/3329/3405 3415/3331/3433 3661/3331/3406
f 3427/3333/3408 3428/3335/3446 3663/3335/3409
f 3444/3341/3411 3445/3343/3445 3665/3343/3412
f 3453/3346/3414 3454/3347/3444 3667/3347/3415
f 2879/3440/3417 3085/3124/3369 3636/3124/3371
f 2461/3441/3418 2878/2976/3345 3620/2976/3347
f 2881/3443/3419 2438/3442/3270 3572/3442/3270
f 2883/3444/3420 2880/2977/3348 3622/2977/3350
f 2454/3445/3421 2882/2979/3351 3624/2979/3353
f 2444/3451/3291 3052/3109/3363 3632/3109/3365
f 3015/3086/3423 2454/3445/3421 3583/3445/3422
f 2994/3080/3424 3020/3088/3360 3630/3088/3362
f 2455/3461/3425 2993/3079/3354 3626/3079/3356
f 3021/3089/3426 3014/3085/3357 3628/3085/3359
f 3053/3110/3427 3073/3115/3366 3634/3115/3368
f 3074/3116/3428 2458/3464/3297 3587/3464/3298
f 3086/3125/3429 3124/3141/3378 3642/3141/3380
f 3099/3129/3430 3115/3136/3375 3640/3136/3377
f 3125/3142/3431 3098/3128/3372 3638/3128/3374
f 3116/3137/3432 2464/3465/3306 3593/3465/3306
f 3415/3331/3433 3239/3206/3381 3644/3206/3383
f 3240/3475/3434 2486/3481/3328 3610/3481/3328
f 2466/3476/3435 3241/3208/3384 3646/3208/3386
f 3242/3477/3436 3243/3209/3387 3648/3209/3389
f 3244/3478/3437 2479/3517/3438 3603/3517/3438
f 3382/3312/3439 2470/3482/3316 3599/3482/3316
f 2479/3517/3438 3343/3284/3393 3652/3284/3395
f 3350/3290/3440 3322/3279/3390 3650/3279/3392
f 3323/3280/3441 2480/3489/3317 3604/3489/3319
f 3344/3285/3442 3349/3289/3396 3654/3289/3398
f 3403/3318/3443 3381/3311/3399 3656/3311/3401
f 2483/3492/3322 3402/3317/3402 3658/3317/3404
f 3454/3347/3444 3414/3329/3405 3660/3329/3407
f 3445/3343/3445 3427/3333/3408 3662/3333/3410
f 3428/3335/3446 3453/3346/3414 3666/3346/3416
f 2487/3516/71 3444/3341/3411 3664/3341/3413
o Exporting_sf.091
v -0.010980 0.000164 -0.070277
v -0.011984 0.003648 -0.070277
v -0.012370 0.005224 -0.070787
v -0.013489 0.011362 -0.070676
v -0.012949 0.014164 -0.069223
v -0.012783 0.014836 -0.067439
v -0.006024 0.015567 -0.057429
v -0.012376 0.018482 -0.067439
v -0.005909 0.018482 -0.057429
v -0.005830 0.055010 -0.057429
v -0.013307 0.012603 -0.070420
v -0.012376 0.018528 -0.069256
v -0.012783 0.014836 -0.060598
v -0.012376 0.018482 -0.060598
v -0.012336 0.055010 -0.060598
v -0.011925 0.014836 -0.058532
v -0.011382 0.018482 -0.058532
v -0.011342 0.055010 -0.058532
v -0.009458 0.014739 -0.057429
v -0.009000 0.018482 -0.057429
v -0.008960 0.055010 -0.057429
v -0.003656 0.017479 -0.057429
v -0.003080 0.019656 -0.057429
v -0.003431 0.055010 -0.057429
v -0.012783 0.014836 -0.062247
v -0.012376 0.018482 -0.062247
v -0.012336 0.055010 -0.062247
v -0.004387 0.032319 -0.057429
v -0.010893 0.032320 -0.060598
v -0.009899 0.032320 -0.058532
v -0.007517 0.032319 -0.057429
v -0.001988 0.032319 -0.057429
v -0.010893 0.032320 -0.062247
v -0.010893 0.032790 -0.060598
v -0.009899 0.032790 -0.058532
v -0.007517 0.032790 -0.057429
v -0.010893 0.032790 -0.062247
v -0.004387 0.032790 -0.057429
v -0.001988 0.032790 -0.057429
v -0.009310 0.062429 -0.057429
v -0.014060 0.057835 -0.060598
v -0.013289 0.058589 -0.058532
v -0.011439 0.060397 -0.057429
v -0.007658 0.064236 -0.057429
v -0.014060 0.057835 -0.062247
v -0.017017 0.065146 -0.057429
v -0.017017 0.058949 -0.060598
v -0.017017 0.059943 -0.058532
v -0.017017 0.062324 -0.057429
v -0.017017 0.067753 -0.057429
v -0.017017 0.058949 -0.062247
v -0.013484 0.009790 -0.070787
v -0.025352 0.059817 -0.097456
v -0.025007 0.066193 -0.057429
v -0.025007 0.060077 -0.060598
v -0.025007 0.061071 -0.058532
v -0.025007 0.063453 -0.057429
v -0.025007 0.068800 -0.057429
v -0.025007 0.060077 -0.062247
v -0.028207 0.067373 -0.057429
v -0.032520 0.063037 -0.060598
v -0.031819 0.063741 -0.058532
v -0.030140 0.065430 -0.057429
v -0.026369 0.069221 -0.057429
v -0.032520 0.063037 -0.062247
v -0.035600 0.070633 -0.097456
v -0.029485 0.070536 -0.057429
v -0.035600 0.070633 -0.060598
v -0.034606 0.070617 -0.058532
v -0.032225 0.070579 -0.057429
v -0.026878 0.070494 -0.057429
v -0.035600 0.070633 -0.062247
v -0.043065 0.131921 -0.097456
v -0.036244 0.126071 -0.057429
v -0.042459 0.126693 -0.060598
v -0.041465 0.126677 -0.058532
v -0.039084 0.126654 -0.057429
v -0.033470 0.123423 -0.057429
v -0.042459 0.126693 -0.062247
v -0.042459 0.126693 -0.088174
v -0.042924 0.130704 -0.092002
v -0.010980 0.000164 -0.124635
v -0.011984 0.003648 -0.124635
v -0.012370 0.005224 -0.124125
v -0.013489 0.011362 -0.124236
v -0.012949 0.014164 -0.125689
v -0.012783 0.014836 -0.127473
v -0.006024 0.015567 -0.137484
v -0.012376 0.018482 -0.127473
v -0.005909 0.018482 -0.137484
v -0.005830 0.055010 -0.137484
v -0.013307 0.012603 -0.124492
v -0.012376 0.018528 -0.125656
v -0.012783 0.014836 -0.134314
v -0.012376 0.018482 -0.134314
v -0.012336 0.055010 -0.134314
v -0.011925 0.014836 -0.136380
v -0.011382 0.018482 -0.136380
v -0.011342 0.055010 -0.136380
v -0.009458 0.014739 -0.137484
v -0.009000 0.018482 -0.137484
v -0.008960 0.055010 -0.137484
v -0.003656 0.017479 -0.137484
v -0.003080 0.019655 -0.137484
v -0.003431 0.055010 -0.137484
v -0.012783 0.014836 -0.132665
v -0.012376 0.018482 -0.132665
v -0.012336 0.055010 -0.132665
v -0.004387 0.032320 -0.137484
v -0.010893 0.032320 -0.134314
v -0.009899 0.032320 -0.136380
v -0.007517 0.032320 -0.137484
v -0.001988 0.032320 -0.137484
v -0.010893 0.032320 -0.132665
v -0.010893 0.032790 -0.134314
v -0.009899 0.032790 -0.136380
v -0.007517 0.032790 -0.137484
v -0.010893 0.032790 -0.132665
v -0.004387 0.032790 -0.137484
v -0.001988 0.032790 -0.137484
v -0.009310 0.062429 -0.137484
v -0.014060 0.057835 -0.134314
v -0.013289 0.058589 -0.136380
v -0.011439 0.060397 -0.137484
v -0.007658 0.064236 -0.137484
v -0.014060 0.057835 -0.132665
v -0.017017 0.065146 -0.137484
v -0.017017 0.058949 -0.134314
v -0.017017 0.059943 -0.136380
v -0.017017 0.062324 -0.137484
v -0.017017 0.067753 -0.137484
v -0.017017 0.058949 -0.132665
v -0.013484 0.009790 -0.124125
v -0.025007 0.066193 -0.137484
v -0.025007 0.060077 -0.134314
v -0.025007 0.061071 -0.136380
v -0.025007 0.063453 -0.137484
v -0.025007 0.068800 -0.137484
v -0.025007 0.060077 -0.132665
v -0.028207 0.067372 -0.137484
v -0.032520 0.063037 -0.134314
v -0.031819 0.063741 -0.136380
v -0.030140 0.065430 -0.137484
v -0.026369 0.069221 -0.137484
v -0.032520 0.063037 -0.132665
v -0.029485 0.070536 -0.137484
v -0.035600 0.070633 -0.134314
v -0.034606 0.070617 -0.136380
v -0.032225 0.070579 -0.137484
v -0.026878 0.070494 -0.137484
v -0.035600 0.070633 -0.132665
v -0.036244 0.126071 -0.137484
v -0.042459 0.126693 -0.134314
v -0.041465 0.126677 -0.136380
v -0.039084 0.126654 -0.137484
v -0.033470 0.123423 -0.137484
v -0.042459 0.126693 -0.132665
v -0.042459 0.126693 -0.106738
v -0.042924 0.130704 -0.102910
v -0.009058 0.000718 -0.070277
v -0.010052 0.004168 -0.070277
v -0.010427 0.005699 -0.070787
v -0.011489 0.011207 -0.070676
v -0.010969 0.013861 -0.069239
v -0.010797 0.014602 -0.067466
v -0.006024 0.015567 -0.059429
v -0.010388 0.018260 -0.067453
v -0.005909 0.018482 -0.059429
v -0.005830 0.055010 -0.059429
v -0.011343 0.012215 -0.070420
v -0.010389 0.018295 -0.069269
v -0.010796 0.014597 -0.061017
v -0.010388 0.018255 -0.061037
v -0.010384 0.055633 -0.061084
v -0.010388 0.014633 -0.060007
v -0.009890 0.018304 -0.060044
v -0.009939 0.055416 -0.060121
v -0.008959 0.014671 -0.059416
v -0.008565 0.018430 -0.059429
v -0.008579 0.055100 -0.059445
v -0.003656 0.017479 -0.059429
v -0.003080 0.019656 -0.059429
v -0.003431 0.055010 -0.059429
v -0.010795 0.014614 -0.062247
v -0.010387 0.018264 -0.062247
v -0.010372 0.055632 -0.062247
v -0.004387 0.032320 -0.059429
v -0.008894 0.032212 -0.061058
v -0.008420 0.032240 -0.060058
v -0.007091 0.032297 -0.059432
v -0.001988 0.032320 -0.059429
v -0.008893 0.032213 -0.062247
v -0.008893 0.032855 -0.061056
v -0.008415 0.032838 -0.060053
v -0.007085 0.032803 -0.059431
v -0.008893 0.032854 -0.062247
v -0.004387 0.032790 -0.059429
v -0.001988 0.032790 -0.059429
v -0.009310 0.062429 -0.059429
v -0.012718 0.059456 -0.061112
v -0.012350 0.059681 -0.060219
v -0.011221 0.060635 -0.059475
v -0.007658 0.064236 -0.059429
v -0.012712 0.059464 -0.062247
v -0.017017 0.065146 -0.059429
v -0.016515 0.060895 -0.061055
v -0.016657 0.061383 -0.060062
v -0.016922 0.062736 -0.059436
v -0.017017 0.067753 -0.059429
v -0.016527 0.060902 -0.062247
v -0.011484 0.010028 -0.070787
v -0.024833 0.061768 -0.097456
v -0.025007 0.066193 -0.059429
v -0.024501 0.062027 -0.061036
v -0.024613 0.062563 -0.060003
v -0.024874 0.063924 -0.059422
v -0.025007 0.068800 -0.059429
v -0.024491 0.062027 -0.062247
v -0.028207 0.067373 -0.059429
v -0.030996 0.064575 -0.061067
v -0.030664 0.064909 -0.060025
v -0.029753 0.065822 -0.059423
v -0.026369 0.069221 -0.059429
v -0.030983 0.064570 -0.062247
v -0.033647 0.071139 -0.097456
v -0.029485 0.070536 -0.059429
v -0.033645 0.071131 -0.061036
v -0.033109 0.071008 -0.060001
v -0.031749 0.070714 -0.059422
v -0.026878 0.070494 -0.059429
v -0.033647 0.071139 -0.062247
v -0.041079 0.132163 -0.097456
v -0.036244 0.126071 -0.059429
v -0.040471 0.126936 -0.061042
v -0.039947 0.126863 -0.060009
v -0.038575 0.126716 -0.059416
v -0.033470 0.123423 -0.059429
v -0.040473 0.126935 -0.062247
v -0.040473 0.126934 -0.088167
v -0.040938 0.130946 -0.091998
v -0.009058 0.000718 -0.124635
v -0.010052 0.004168 -0.124635
v -0.010427 0.005699 -0.124125
v -0.011489 0.011207 -0.124236
v -0.010969 0.013861 -0.125673
v -0.010797 0.014602 -0.127446
v -0.006024 0.015567 -0.135484
v -0.010388 0.018260 -0.127459
v -0.005909 0.018482 -0.135484
v -0.005830 0.055010 -0.135484
v -0.011343 0.012215 -0.124492
v -0.010389 0.018296 -0.125643
v -0.010796 0.014596 -0.133895
v -0.010388 0.018255 -0.133875
v -0.010384 0.055633 -0.133828
v -0.010388 0.014633 -0.134905
v -0.009890 0.018304 -0.134868
v -0.009939 0.055416 -0.134791
v -0.008959 0.014671 -0.135496
v -0.008565 0.018430 -0.135483
v -0.008579 0.055100 -0.135467
v -0.003656 0.017479 -0.135484
v -0.003080 0.019656 -0.135484
v -0.003431 0.055010 -0.135484
v -0.010795 0.014614 -0.132665
v -0.010387 0.018264 -0.132665
v -0.010372 0.055632 -0.132665
v -0.004387 0.032319 -0.135484
v -0.008894 0.032212 -0.133854
v -0.008420 0.032241 -0.134854
v -0.007091 0.032297 -0.135480
v -0.001988 0.032319 -0.135484
v -0.008893 0.032213 -0.132665
v -0.008893 0.032855 -0.133856
v -0.008415 0.032838 -0.134860
v -0.007085 0.032803 -0.135481
v -0.008893 0.032855 -0.132665
v -0.004387 0.032790 -0.135484
v -0.001988 0.032790 -0.135484
v -0.009310 0.062429 -0.135484
v -0.012718 0.059456 -0.133800
v -0.012350 0.059681 -0.134693
v -0.011221 0.060635 -0.135437
v -0.007658 0.064236 -0.135484
v -0.012712 0.059464 -0.132665
v -0.017017 0.065146 -0.135484
v -0.016515 0.060895 -0.133857
v -0.016657 0.061383 -0.134850
v -0.016922 0.062736 -0.135476
v -0.017017 0.067753 -0.135484
v -0.016527 0.060902 -0.132665
v -0.011484 0.010028 -0.124125
v -0.025007 0.066193 -0.135484
v -0.024501 0.062026 -0.133876
v -0.024613 0.062563 -0.134909
v -0.024874 0.063924 -0.135490
v -0.025007 0.068800 -0.135484
v -0.024491 0.062027 -0.132665
v -0.028207 0.067373 -0.135484
v -0.030996 0.064575 -0.133845
v -0.030664 0.064909 -0.134887
v -0.029753 0.065822 -0.135489
v -0.026369 0.069221 -0.135484
v -0.030983 0.064570 -0.132665
v -0.029485 0.070536 -0.135484
v -0.033645 0.071131 -0.133876
v -0.033109 0.071008 -0.134911
v -0.031749 0.070714 -0.135490
v -0.026878 0.070494 -0.135484
v -0.033647 0.071139 -0.132665
v -0.036244 0.126071 -0.135484
v -0.040471 0.126936 -0.133870
v -0.039947 0.126862 -0.134903
v -0.038575 0.126716 -0.135496
v -0.033470 0.123423 -0.135484
v -0.040473 0.126936 -0.132665
v -0.040473 0.126934 -0.106745
v -0.040938 0.130946 -0.102914
v -0.000000 0.011143 -0.070240
v 0.005490 0.009673 -0.070240
v 0.009509 0.005654 -0.070240
v 0.010980 0.000164 -0.070240
v 0.009509 -0.005326 -0.070240
v 0.005490 -0.009345 -0.070240
v 0.000000 -0.010816 -0.070240
v -0.005490 -0.009345 -0.070240
v -0.009509 -0.005326 -0.070240
v -0.010980 0.000164 -0.070240
v -0.009509 0.005654 -0.070240
v -0.005490 0.009673 -0.070240
v -0.000000 0.011143 -0.124673
v 0.005490 0.009672 -0.124673
v 0.009509 0.005653 -0.124673
v 0.010980 0.000164 -0.124673
v 0.009509 -0.005326 -0.124673
v 0.005490 -0.009345 -0.124673
v 0.000000 -0.010816 -0.124673
v -0.005490 -0.009345 -0.124673
v -0.009509 -0.005326 -0.124673
v -0.010980 0.000164 -0.124673
v -0.009509 0.005653 -0.124673
v -0.005490 0.009672 -0.124673
v -0.000057 0.011153 1.031331
v 0.005435 0.009681 1.031331
v 0.009456 0.005660 1.031331
v 0.010928 0.000168 1.031331
v 0.009456 -0.005325 1.031331
v 0.005435 -0.009346 1.031331
v -0.000057 -0.010817 1.031331
v -0.005550 -0.009346 1.031331
v -0.009570 -0.005325 1.031331
v -0.011042 0.000168 1.031331
v -0.009571 0.005660 1.031331
v -0.005550 0.009681 1.031331
v -0.000057 0.011153 0.973922
v 0.005435 0.009681 0.973922
v 0.009456 0.005660 0.973922
v 0.010928 0.000168 0.973922
v 0.009456 -0.005325 0.973922
v 0.005435 -0.009346 0.973922
v -0.000057 -0.010817 0.973922
v -0.005550 -0.009346 0.973922
v -0.009570 -0.005325 0.973922
v -0.011042 0.000168 0.973922
v -0.009571 0.005660 0.973922
v -0.005550 0.009681 0.973922
v -0.011042 0.000168 1.031261
v -0.011042 0.012821 1.032281
v -0.011042 0.013277 1.034425
v -0.004052 0.014053 1.042658
v -0.011042 0.017147 1.034425
v -0.004180 0.017147 1.042658
v -0.004061 0.044891 1.042658
v -0.011042 0.010908 1.031261
v -0.011042 0.017196 1.032497
v -0.011042 0.013277 1.038401
v -0.011042 0.017147 1.038401
v -0.010966 0.044891 1.038401
v -0.010239 0.013277 1.041103
v -0.009912 0.017147 1.041103
v -0.009836 0.044891 1.041103
v -0.007696 0.013174 1.042658
v -0.007460 0.017147 1.042658
v -0.007383 0.044891 1.042658
v -0.001539 0.016082 1.042659
v -0.001177 0.018393 1.042658
v -0.001229 0.044891 1.042658
v -0.011042 0.013277 1.036651
v -0.011042 0.017147 1.036651
v -0.010966 0.044891 1.036651
v -0.004061 0.038733 1.042659
v -0.010966 0.038733 1.038401
v -0.009836 0.038733 1.041103
v -0.007383 0.038733 1.042659
v -0.001229 0.038733 1.042659
v -0.010966 0.038733 1.036651
v -0.010966 0.039232 1.038401
v -0.009836 0.039232 1.041103
v -0.007383 0.039232 1.042658
v -0.010966 0.039232 1.036651
v -0.004061 0.039232 1.042658
v -0.001229 0.039232 1.042658
v -0.007206 0.051765 1.042658
v -0.011847 0.047225 1.038401
v -0.010960 0.048034 1.041103
v -0.009277 0.049720 1.042658
v -0.005472 0.053699 1.042658
v -0.011847 0.047225 1.036651
v -0.013416 0.054990 1.042658
v -0.013416 0.048413 1.038401
v -0.013341 0.049468 1.041103
v -0.013416 0.051995 1.042659
v -0.013416 0.057757 1.042658
v -0.013416 0.048413 1.036651
v -0.021759 0.056183 1.042658
v -0.025563 0.050541 1.038401
v -0.025294 0.051579 1.041103
v -0.023927 0.053730 1.042659
v -0.020382 0.058808 1.042658
v -0.025563 0.050542 1.036651
v -0.026063 0.059039 1.042659
v -0.031294 0.054100 1.038401
v -0.030373 0.054731 1.041103
v -0.028708 0.057035 1.042658
v -0.023100 0.060762 1.042658
v -0.031294 0.054100 1.036651
v -0.027589 0.063348 1.042655
v -0.033736 0.060152 1.038401
v -0.032605 0.060152 1.041103
v -0.030153 0.061862 1.042659
v -0.024390 0.063684 1.042657
v -0.033736 0.060152 1.036651
v -0.030289 0.084280 1.042599
v -0.037240 0.085643 1.038384
v -0.036110 0.085643 1.041086
v -0.033658 0.085643 1.042642
v -0.027561 0.081169 1.042642
v -0.037240 0.085643 1.036634
v -0.011042 0.000168 0.973991
v -0.011042 0.012821 0.972972
v -0.011042 0.013277 0.970828
v -0.004052 0.014053 0.962594
v -0.011042 0.017147 0.970828
v -0.004180 0.017147 0.962594
v -0.004061 0.044891 0.962594
v -0.011042 0.010908 0.973992
v -0.011042 0.017196 0.972756
v -0.011042 0.013277 0.966852
v -0.011042 0.017147 0.966852
v -0.010966 0.044891 0.966852
v -0.010239 0.013277 0.964150
v -0.009912 0.017147 0.964150
v -0.009836 0.044891 0.964150
v -0.007696 0.013174 0.962594
v -0.007460 0.017147 0.962594
v -0.007383 0.044891 0.962594
v -0.001539 0.016082 0.962594
v -0.001177 0.018393 0.962594
v -0.001229 0.044891 0.962594
v -0.011042 0.013277 0.968601
v -0.011042 0.017147 0.968601
v -0.010966 0.044891 0.968601
v -0.004061 0.038733 0.962594
v -0.010966 0.038733 0.966852
v -0.009836 0.038733 0.964150
v -0.007383 0.038733 0.962594
v -0.001229 0.038733 0.962594
v -0.010966 0.038733 0.968601
v -0.010966 0.039232 0.966852
v -0.009836 0.039232 0.964150
v -0.007383 0.039232 0.962594
v -0.010966 0.039232 0.968601
v -0.004061 0.039232 0.962594
v -0.001229 0.039232 0.962594
v -0.007206 0.051765 0.962594
v -0.011847 0.047225 0.966852
v -0.010960 0.048034 0.964150
v -0.009277 0.049721 0.962594
v -0.005472 0.053700 0.962594
v -0.011847 0.047225 0.968601
v -0.013416 0.054990 0.962594
v -0.013416 0.048413 0.966852
v -0.013341 0.049468 0.964150
v -0.013416 0.051995 0.962594
v -0.013416 0.057757 0.962594
v -0.013416 0.048413 0.968601
v -0.021759 0.056183 0.962594
v -0.025563 0.050542 0.966852
v -0.025294 0.051579 0.964150
v -0.023927 0.053730 0.962594
v -0.020382 0.058807 0.962594
v -0.025563 0.050542 0.968601
v -0.026063 0.059039 0.962594
v -0.031294 0.054100 0.966852
v -0.030373 0.054731 0.964150
v -0.028708 0.057035 0.962594
v -0.023100 0.060762 0.962594
v -0.031294 0.054100 0.968601
v -0.027589 0.063348 0.962598
v -0.033736 0.060153 0.966852
v -0.032605 0.060152 0.964150
v -0.030153 0.061861 0.962594
v -0.024390 0.063684 0.962596
v -0.033736 0.060152 0.968601
v -0.030289 0.084280 0.962654
v -0.037240 0.085643 0.966868
v -0.036110 0.085643 0.964167
v -0.033658 0.085643 0.962611
v -0.027561 0.081169 0.962611
v -0.037240 0.085643 0.968618
v -0.009042 0.000168 1.031261
v -0.009042 0.012821 1.032281
v -0.009042 0.013277 1.034425
v -0.004052 0.014053 1.040659
v -0.009042 0.017143 1.034425
v -0.004180 0.017147 1.040658
v -0.004061 0.044891 1.040658
v -0.009042 0.010908 1.031261
v -0.009042 0.017192 1.032496
v -0.009042 0.013236 1.038054
v -0.009042 0.017123 1.038027
v -0.008971 0.045257 1.037986
v -0.008584 0.013190 1.039785
v -0.008294 0.017101 1.039753
v -0.008263 0.045180 1.039719
v -0.007062 0.013129 1.040675
v -0.006893 0.017126 1.040655
v -0.006860 0.044979 1.040629
v -0.001539 0.016082 1.040658
v -0.001177 0.018393 1.040658
v -0.001229 0.044891 1.040658
v -0.009042 0.013277 1.036651
v -0.009042 0.017144 1.036651
v -0.008966 0.045255 1.036651
v -0.004061 0.038733 1.040658
v -0.008966 0.038729 1.037999
v -0.008233 0.038730 1.039750
v -0.006803 0.038732 1.040658
v -0.001229 0.038733 1.040658
v -0.008966 0.038729 1.036651
v -0.008966 0.039232 1.037999
v -0.008233 0.039232 1.039751
v -0.006802 0.039232 1.040659
v -0.008966 0.039232 1.036651
v -0.004061 0.039232 1.040659
v -0.001229 0.039232 1.040659
v -0.007206 0.051765 1.040658
v -0.010190 0.048488 1.037972
v -0.009709 0.049049 1.039648
v -0.008916 0.050039 1.040589
v -0.005472 0.053700 1.040658
v -0.010179 0.048472 1.036651
v -0.013416 0.054990 1.040658
v -0.012614 0.050295 1.037997
v -0.012751 0.050977 1.039727
v -0.013251 0.052509 1.040630
v -0.013416 0.057757 1.040658
v -0.012595 0.050299 1.036651
v -0.021759 0.056183 1.040659
v -0.024841 0.052445 1.038024
v -0.024683 0.053123 1.039759
v -0.023713 0.054320 1.040671
v -0.020382 0.058807 1.040658
v -0.024836 0.052445 1.036651
v -0.026063 0.059038 1.040659
v -0.029684 0.055447 1.038005
v -0.029092 0.055836 1.039722
v -0.028195 0.057397 1.040669
v -0.023099 0.060761 1.040659
v -0.029683 0.055454 1.036651
v -0.027590 0.063346 1.040655
v -0.031786 0.060665 1.038011
v -0.031035 0.060583 1.039750
v -0.029591 0.061986 1.040662
v -0.024383 0.063682 1.040657
v -0.031788 0.060671 1.036651
v -0.030298 0.084276 1.040599
v -0.035257 0.085915 1.037993
v -0.034502 0.085865 1.039747
v -0.032970 0.085738 1.040667
v -0.027547 0.081167 1.040642
v -0.035259 0.085915 1.036634
v -0.009042 0.000168 0.973991
v -0.009042 0.012821 0.972972
v -0.009042 0.013277 0.970828
v -0.004052 0.014053 0.964594
v -0.009042 0.017144 0.970828
v -0.004180 0.017147 0.964594
v -0.004061 0.044891 0.964594
v -0.009042 0.010908 0.973992
v -0.009042 0.017192 0.972756
v -0.009042 0.013236 0.967198
v -0.009042 0.017123 0.967226
v -0.008971 0.045258 0.967266
v -0.008584 0.013190 0.965467
v -0.008294 0.017101 0.965500
v -0.008263 0.045180 0.965534
v -0.007062 0.013129 0.964578
v -0.006893 0.017126 0.964597
v -0.006860 0.044979 0.964624
v -0.001539 0.016082 0.964594
v -0.001177 0.018393 0.964594
v -0.001229 0.044891 0.964594
v -0.009042 0.013277 0.968601
v -0.009042 0.017143 0.968601
v -0.008966 0.045256 0.968601
v -0.004061 0.038733 0.964594
v -0.008966 0.038729 0.967253
v -0.008233 0.038730 0.965502
v -0.006803 0.038732 0.964594
v -0.001229 0.038733 0.964594
v -0.008966 0.038729 0.968601
v -0.008966 0.039232 0.967253
v -0.008233 0.039232 0.965502
v -0.006802 0.039232 0.964594
v -0.008966 0.039232 0.968601
v -0.004061 0.039232 0.964594
v -0.001229 0.039232 0.964594
v -0.007206 0.051765 0.964594
v -0.010190 0.048489 0.967281
v -0.009709 0.049049 0.965605
v -0.008916 0.050039 0.964664
v -0.005472 0.053699 0.964594
v -0.010179 0.048471 0.968602
v -0.013416 0.054990 0.964594
v -0.012614 0.050295 0.967255
v -0.012751 0.050977 0.965525
v -0.013251 0.052509 0.964622
v -0.013416 0.057757 0.964594
v -0.012595 0.050300 0.968601
v -0.021759 0.056183 0.964594
v -0.024841 0.052445 0.967228
v -0.024683 0.053123 0.965494
v -0.023713 0.054320 0.964581
v -0.020382 0.058808 0.964594
v -0.024836 0.052445 0.968601
v -0.026063 0.059038 0.964594
v -0.029684 0.055447 0.967247
v -0.029092 0.055836 0.965531
v -0.028195 0.057397 0.964583
v -0.023099 0.060761 0.964594
v -0.029683 0.055454 0.968601
v -0.027590 0.063345 0.964598
v -0.031786 0.060665 0.967242
v -0.031035 0.060583 0.965502
v -0.029591 0.061986 0.964591
v -0.024383 0.063682 0.964596
v -0.031788 0.060670 0.968601
v -0.030298 0.084276 0.964654
v -0.035257 0.085915 0.967260
v -0.034502 0.085865 0.965506
v -0.032970 0.085738 0.964585
v -0.027547 0.081167 0.964611
v -0.035259 0.085915 0.968618
vn -0.9657 -0.2597 -0.0000
vn -0.9714 -0.2376 -0.0000
vn -0.9534 -0.3017 -0.0000
vn -0.9995 -0.0324 -0.0000
vn -0.9811 0.1937 -0.0000
vn -0.9885 0.1510 0.0080
vn -0.9885 0.1510 -0.0080
vn -0.9681 -0.2507 -0.0000
vn -0.9927 -0.1209 -0.0000
vn -0.9927 -0.1208 0.0020
vn -0.2430 0.0329 0.9695
vn -0.0000 -0.0000 1.0000
vn -0.2122 0.0255 0.9769
vn -0.9970 0.0771 -0.0000
vn -0.9609 -0.2769 -0.0000
vn -0.6377 -0.7703 -0.0000
vn -0.9938 0.1112 0.0070
vn -0.9932 0.1161 0.0065
vn -0.6982 -0.0227 0.7155
vn -0.9270 -0.2958 0.2305
vn -0.9743 -0.0317 0.2231
vn -0.9938 0.1110 -0.0000
vn -0.9705 0.1107 0.2142
vn -0.9941 0.1088 -0.0000
vn -0.2109 -0.0067 0.9775
vn -0.6499 -0.1880 0.7364
vn -0.9718 0.1171 0.2047
vn -0.6998 0.0838 0.7094
vn -0.1855 -0.0440 0.9817
vn -0.7181 0.0947 0.6895
vn -0.9931 0.1169 0.0135
vn -0.9986 0.0534 -0.0000
vn -0.2082 0.0108 0.9780
vn -0.6955 0.0372 0.7176
vn -0.9733 0.0524 0.2236
vn -0.9930 -0.1182 -0.0000
vn -0.9930 -0.1181 -0.0000
vn -0.2432 -0.9700 -0.0000
vn -0.4232 -0.4922 0.7607
vn -0.1056 -0.1149 0.9877
vn -0.6197 -0.7482 0.2371
vn -0.2434 -0.9443 0.2216
vn -0.7077 -0.7065 -0.0000
vn -0.9680 -0.2508 -0.0000
vn -0.1687 -0.6756 0.7177
vn -0.0463 -0.2007 0.9786
vn -0.1849 -0.6997 0.6901
vn -0.2557 -0.9668 -0.0000
vn -0.0647 -0.2294 0.9712
vn -0.2455 -0.9458 0.2124
vn -0.2571 -0.9664 -0.0000
vn -0.5203 -0.5261 0.6727
vn -0.6876 -0.6947 0.2112
vn -0.1868 -0.1896 0.9639
vn -0.9970 0.0772 -0.0000
vn -0.7017 -0.1830 0.6886
vn -0.9471 -0.2410 0.2120
vn -0.2318 -0.0657 0.9705
vn -0.7138 -0.0873 0.6949
vn -0.9926 -0.1214 -0.0000
vn -0.9691 -0.1186 0.2162
vn -0.2476 -0.0303 0.9684
vn -0.9927 -0.1209 -0.0032
vn -0.9927 -0.1208 -0.0019
vn -0.2430 0.0329 -0.9695
vn -0.0000 -0.0000 -1.0000
vn -0.9938 0.1112 -0.0070
vn -0.9931 0.1169 -0.0135
vn -0.6982 -0.0227 -0.7155
vn -0.9270 -0.2958 -0.2305
vn -0.6499 -0.1880 -0.7364
vn -0.9705 0.1107 -0.2142
vn -0.9718 0.1171 -0.2047
vn -0.2109 -0.0067 -0.9775
vn -0.1855 -0.0440 -0.9817
vn -0.7000 0.0842 -0.7092
vn -0.7181 0.0947 -0.6894
vn -0.2122 0.0255 -0.9769
vn -0.9743 -0.0317 -0.2231
vn -0.9733 0.0524 -0.2236
vn -0.2082 0.0108 -0.9780
vn -0.6955 0.0372 -0.7176
vn -0.9932 0.1161 -0.0065
vn -0.4232 -0.4922 -0.7607
vn -0.1056 -0.1149 -0.9877
vn -0.6198 -0.7481 -0.2371
vn -0.2434 -0.9443 -0.2216
vn -0.1687 -0.6755 -0.7178
vn -0.0463 -0.2006 -0.9786
vn -0.1849 -0.6997 -0.6901
vn -0.0647 -0.2297 -0.9711
vn -0.2455 -0.9458 -0.2125
vn -0.5203 -0.5260 -0.6728
vn -0.1868 -0.1896 -0.9639
vn -0.6876 -0.6946 -0.2116
vn -0.7017 -0.1829 -0.6886
vn -0.2318 -0.0657 -0.9705
vn -0.9471 -0.2410 -0.2121
vn -0.7138 -0.0873 -0.6949
vn -0.2476 -0.0303 -0.9684
vn -0.9691 -0.1186 -0.2162
vn -0.9927 -0.1209 0.0032
vn 0.9657 0.2597 -0.0000
vn 0.9714 0.2376 -0.0000
vn 0.9535 0.3015 -0.0036
vn 0.9995 0.0324 0.0015
vn 0.9995 0.0324 -0.0015
vn 0.9814 -0.1921 -0.0000
vn 0.9885 -0.1511 -0.0077
vn 0.9681 0.2507 -0.0000
vn 0.9927 0.1209 -0.0000
vn 0.9927 0.1208 0.0019
vn 0.2427 -0.0337 -0.9695
vn -0.0003 -0.0005 -1.0000
vn -0.0013 -0.0013 -1.0000
vn 0.9970 -0.0772 -0.0000
vn 0.9609 0.2769 -0.0000
vn 0.6378 0.7702 0.0038
vn 0.9535 0.3015 0.0036
vn 0.9938 -0.1111 -0.0069
vn 0.9931 -0.1168 -0.0135
vn 0.7050 0.0228 -0.7089
vn 0.9283 0.3125 -0.2015
vn 0.6809 0.1932 -0.7064
vn 0.9938 -0.1111 -0.0001
vn 0.9706 -0.1100 -0.2141
vn 0.9721 -0.1156 -0.2040
vn 0.2167 0.0074 -0.9762
vn 0.2050 0.0436 -0.9778
vn 0.6995 -0.0829 -0.7098
vn 0.7210 -0.0933 -0.6867
vn 0.0010 0.0003 -1.0000
vn 0.0030 0.0006 -1.0000
vn 0.2126 -0.0259 -0.9768
vn 0.9941 -0.1088 -0.0001
vn 0.9757 0.0316 -0.2168
vn 0.9986 -0.0534 0.0004
vn 0.9735 -0.0532 -0.2225
vn 0.2124 -0.0101 -0.9771
vn 0.0004 0.0004 -1.0000
vn 0.6992 -0.0373 -0.7140
vn 0.9930 0.1180 -0.0000
vn 0.9932 -0.1160 -0.0064
vn 0.6378 0.7702 -0.0037
vn 0.2432 0.9700 0.0020
vn 0.4618 0.5287 -0.7122
vn 0.1289 0.1355 -0.9824
vn 0.0027 0.0029 -1.0000
vn 0.6191 0.7599 -0.1982
vn 0.9986 -0.0534 -0.0004
vn -0.0000 0.0023 -1.0000
vn 0.2513 0.9459 -0.2052
vn 0.1731 0.6920 -0.7008
vn 0.9682 0.2503 0.0008
vn 0.7069 0.7074 0.0017
vn 0.0455 0.2115 -0.9763
vn 0.9932 -0.1160 0.0064
vn 0.1858 0.6990 -0.6906
vn 0.0675 0.2279 -0.9713
vn 0.2555 0.9668 0.0011
vn 0.2425 0.9470 -0.2108
vn -0.0005 -0.0007 -1.0000
vn 0.2580 0.9661 -0.0000
vn 0.5248 0.5302 -0.6659
vn 0.1866 0.1894 -0.9640
vn 0.6898 0.6949 -0.2033
vn -0.0012 -0.0011 -1.0000
vn 0.6967 0.1836 -0.6935
vn 0.2265 0.0691 -0.9716
vn 0.9476 0.2374 -0.2136
vn -0.0017 -0.0005 -1.0000
vn 0.7128 0.0872 -0.6959
vn 0.2445 0.0299 -0.9692
vn 0.9926 0.1214 -0.0008
vn 0.9683 0.1185 -0.2200
vn -0.0032 -0.0003 -1.0000
vn 0.9927 0.1209 0.0032
vn 0.2427 -0.0337 0.9695
vn -0.0003 -0.0005 1.0000
vn 0.2127 -0.0260 0.9768
vn 0.9885 -0.1511 0.0076
vn 0.9938 -0.1111 0.0069
vn 0.7049 0.0228 0.7089
vn 0.9283 0.3125 0.2015
vn 0.9757 0.0316 0.2169
vn 0.9938 -0.1110 0.0004
vn 0.9706 -0.1100 0.2141
vn 0.9941 -0.1088 0.0001
vn 0.2167 0.0074 0.9762
vn 0.6809 0.1932 0.7064
vn 0.9721 -0.1156 0.2040
vn 0.6995 -0.0828 0.7098
vn 0.0010 0.0003 1.0000
vn 0.2051 0.0436 0.9778
vn 0.7210 -0.0933 0.6867
vn 0.0031 0.0005 1.0000
vn -0.0013 -0.0012 1.0000
vn 0.9931 -0.1168 0.0134
vn 0.0004 0.0004 1.0000
vn 0.2125 -0.0101 0.9771
vn 0.6992 -0.0373 0.7140
vn 0.9735 -0.0532 0.2225
vn 0.4619 0.5287 0.7121
vn 0.1290 0.1354 0.9824
vn 0.0027 0.0028 1.0000
vn 0.6191 0.7598 0.1983
vn 0.0001 0.0024 1.0000
vn 0.2513 0.9459 0.2051
vn 0.1731 0.6921 0.7007
vn 0.2431 0.9700 -0.0021
vn 0.0456 0.2116 0.9763
vn 0.1858 0.6989 0.6906
vn 0.2555 0.9668 -0.0011
vn 0.0675 0.2279 0.9713
vn -0.0005 -0.0008 1.0000
vn 0.2425 0.9470 0.2109
vn 0.5248 0.5302 0.6660
vn 0.7068 0.7074 -0.0017
vn -0.0012 -0.0011 1.0000
vn 0.6898 0.6949 0.2033
vn 0.1866 0.1894 0.9640
vn 0.6967 0.1836 0.6935
vn 0.9682 0.2503 -0.0009
vn -0.0017 -0.0005 1.0000
vn 0.9476 0.2374 0.2136
vn 0.2265 0.0691 0.9716
vn 0.7128 0.0871 0.6960
vn 0.9926 0.1214 0.0005
vn -0.0033 -0.0004 1.0000
vn 0.9681 0.1184 0.2206
vn 0.2441 0.0298 0.9693
vn 0.9927 0.1209 -0.0032
vn 0.9927 0.1208 -0.0020
vn -0.0383 0.1493 0.9881
vn -0.0380 0.1488 0.9881
vn -0.0385 0.1493 0.9880
vn -0.0383 0.1491 0.9881
vn 0.0008 -0.0402 0.9992
vn 0.0008 -0.0403 0.9992
vn -0.0142 -0.1499 0.9886
vn -0.0649 -0.4049 0.9121
vn -0.0655 -0.4078 0.9107
vn -0.1132 -0.7742 0.6227
vn -0.1193 -0.9743 0.1912
vn -0.1193 -0.9738 0.1934
vn 0.1091 -0.9926 0.0526
vn 0.4547 -0.8903 0.0250
vn 0.4545 -0.8904 0.0250
vn -0.1137 -0.7831 0.6114
vn -0.1149 -0.9934 -0.0024
vn -0.1066 -0.9940 0.0226
vn -0.1065 -0.9940 0.0231
vn -0.0678 -0.9963 0.0533
vn -0.0682 -0.9962 0.0533
vn 0.1158 -0.9919 0.0524
vn 0.8391 -0.5440 -0.0000
vn 0.9852 -0.1716 -0.0000
vn 0.9991 -0.0430 -0.0000
vn -0.1150 -0.9934 -0.0024
vn 0.9995 0.0324 -0.0000
vn 0.9696 0.2447 -0.0000
vn 0.9696 0.2448 -0.0000
vn 0.6819 0.7315 -0.0000
vn 0.2424 0.9702 -0.0000
vn -0.0140 -0.1492 0.9887
vn 0.2135 0.9769 -0.0001
vn 0.2135 0.9769 -0.0000
vn 0.6780 0.7351 -0.0000
vn 0.6780 0.7351 0.0001
vn 0.9683 0.2497 -0.0000
vn 0.4774 0.8784 0.0231
vn 0.1237 0.9904 0.0610
vn 0.1190 0.9910 0.0617
vn -0.1026 0.9941 0.0347
vn -0.1214 0.9926 -0.0000
vn -0.0375 0.9966 0.0734
vn -0.1024 0.9941 0.0350
vn -0.0359 0.9966 0.0735
vn 0.8932 0.4496 -0.0000
vn 0.4778 0.8782 0.0231
vn -0.1121 0.9119 0.3948
vn -0.1122 0.9118 0.3950
vn -0.1061 0.8632 0.4936
vn -0.1062 0.8630 0.4939
vn -0.1208 0.9927 0.0001
vn -0.1212 0.9926 -0.0001
vn 0.2769 -0.9609 -0.0000
vn -0.0382 0.1489 -0.9881
vn -0.0384 0.1489 -0.9881
vn -0.0383 0.1492 -0.9881
vn 0.0009 -0.0404 -0.9992
vn -0.0383 0.1491 -0.9881
vn -0.0655 -0.4078 -0.9107
vn -0.0140 -0.1492 -0.9887
vn -0.0142 -0.1499 -0.9886
vn -0.1193 -0.9738 -0.1934
vn -0.1137 -0.7831 -0.6114
vn -0.1132 -0.7742 -0.6227
vn 0.4545 -0.8904 -0.0250
vn 0.1158 -0.9919 -0.0524
vn 0.1091 -0.9926 -0.0525
vn -0.0649 -0.4049 -0.9120
vn -0.1064 -0.9941 -0.0231
vn -0.1149 -0.9934 0.0025
vn -0.1149 -0.9934 0.0024
vn -0.0682 -0.9962 -0.0533
vn -0.1066 -0.9941 -0.0226
vn -0.0678 -0.9963 -0.0533
vn 0.4548 -0.8903 -0.0249
vn -0.1192 -0.9743 -0.1912
vn 0.6818 0.7315 -0.0000
vn 0.0008 -0.0402 -0.9992
vn 0.1190 0.9910 -0.0617
vn 0.4777 0.8782 -0.0231
vn 0.4773 0.8784 -0.0231
vn -0.1215 0.9926 -0.0000
vn -0.1025 0.9941 -0.0350
vn -0.1027 0.9941 -0.0347
vn -0.0359 0.9966 -0.0735
vn -0.0375 0.9966 -0.0734
vn 0.1237 0.9904 -0.0610
vn -0.1123 0.9117 -0.3951
vn -0.1215 0.9926 -0.0001
vn -0.1061 0.8630 -0.4939
vn -0.1122 0.9119 -0.3948
vn -0.1063 0.8632 -0.4936
vn -0.5000 -0.8660 -0.0000
vn -0.0000 -1.0000 -0.0000
vn -0.0000 1.0000 -0.0000
vn -0.5000 0.8660 -0.0000
vn 0.5000 -0.8660 -0.0000
vn 0.8660 -0.5000 -0.0000
vn 1.0000 -0.0000 -0.0000
vn -1.0000 -0.0000 -0.0000
vn -0.8660 -0.5000 -0.0000
vn 0.8660 0.5000 -0.0000
vn 0.5000 0.8660 -0.0000
vn -0.8660 0.5000 -0.0000
vn -1.0000 0.0018 -0.0000
vn -0.3042 0.0218 0.9524
vn -0.2722 0.0101 0.9622
vn -0.3565 -0.9343 -0.0000
vn -0.7653 -0.6437 -0.0000
vn -0.7643 -0.0000 0.6449
vn -0.9636 -0.1772 0.2003
vn -0.9804 -0.0000 0.1968
vn -0.9829 0.0118 0.1838
vn -0.2789 0.0001 0.9603
vn -0.7436 -0.1369 0.6544
vn -0.9851 0.0202 0.1708
vn -0.7675 0.0217 0.6407
vn -0.0000 0.0001 1.0000
vn -0.2493 -0.0418 0.9675
vn -0.7818 0.0411 0.6222
vn -0.9838 -0.1794 -0.0000
vn -0.2786 0.0006 0.9604
vn -0.7642 0.0014 0.6450
vn -0.9804 0.0017 0.1968
vn -0.5763 -0.4676 0.6703
vn -0.1697 -0.1497 0.9741
vn -0.8010 -0.5987 -0.0000
vn -0.7788 -0.5940 0.2016
vn -0.3847 -0.9025 0.1936
vn -0.2773 -0.7101 0.6472
vn -0.3992 -0.9169 -0.0000
vn -0.0782 -0.2451 0.9663
vn -0.2862 -0.7228 0.6290
vn -0.1028 -0.2831 0.9536
vn -0.3487 -0.9194 0.1821
vn -0.2455 -0.1735 0.9537
vn -0.5865 -0.5060 0.6324
vn -0.0000 0.0003 1.0000
vn -0.7536 -0.6307 0.1852
vn -0.9495 -0.2496 0.1901
vn -0.2705 -0.0601 0.9608
vn -0.7419 -0.2033 0.6390
vn -0.9664 -0.2571 -0.0000
vn -0.0002 0.0003 1.0000
vn 0.0008 0.0011 1.0000
vn -0.9907 -0.1362 -0.0000
vn -0.0036 0.0006 1.0000
vn 0.0045 0.0023 1.0000
vn -0.9723 -0.1335 0.1917
vn -0.3286 -0.0457 0.9433
vn -0.7640 -0.1058 0.6364
vn -0.3043 0.0219 -0.9523
vn -0.7643 -0.0000 -0.6448
vn -0.9636 -0.1772 -0.2004
vn -0.7436 -0.1369 -0.6544
vn -0.9829 0.0118 -0.1838
vn -0.9851 0.0202 -0.1708
vn -0.2789 -0.0001 -0.9603
vn -0.2493 -0.0418 -0.9675
vn -0.7677 0.0220 -0.6404
vn -0.7818 0.0411 -0.6222
vn -0.0000 -0.0001 -1.0000
vn -0.2723 0.0101 -0.9622
vn -0.0001 -0.0000 -1.0000
vn -0.9804 -0.0000 -0.1968
vn -0.9804 0.0017 -0.1968
vn -0.2786 0.0004 -0.9604
vn -0.7642 0.0014 -0.6450
vn -0.5763 -0.4675 -0.6703
vn -0.1697 -0.1497 -0.9741
vn -0.7788 -0.5940 -0.2016
vn -0.3847 -0.9025 -0.1935
vn -0.2773 -0.7101 -0.6472
vn -0.0782 -0.2451 -0.9663
vn -0.2862 -0.7229 -0.6289
vn -0.1028 -0.2831 -0.9536
vn -0.3488 -0.9193 -0.1824
vn -0.2455 -0.1735 -0.9537
vn -0.0000 0.0003 -1.0000
vn -0.5866 -0.5060 -0.6324
vn -0.7536 -0.6307 -0.1853
vn -0.0002 0.0003 -1.0000
vn -0.9495 -0.2497 -0.1900
vn -0.7419 -0.2033 -0.6390
vn -0.2705 -0.0601 -0.9608
vn 0.0007 0.0012 -1.0000
vn -0.0035 0.0006 -1.0000
vn -0.9723 -0.1336 -0.1918
vn 0.0045 0.0023 -1.0000
vn -0.0072 0.0007 -1.0000
vn -0.7641 -0.1058 -0.6364
vn -0.3287 -0.0458 -0.9433
vn 1.0000 0.0001 -0.0003
vn 1.0000 -0.0018 -0.0000
vn 0.3033 -0.0221 -0.9526
vn -0.0013 -0.0018 -1.0000
vn 0.3563 0.9344 -0.0015
vn 0.7655 0.6434 0.0011
vn 0.3563 0.9344 0.0014
vn 0.7653 0.0002 -0.6437
vn 0.9645 0.1813 -0.1920
vn 0.7594 0.1449 -0.6343
vn 0.9830 -0.0112 -0.1835
vn 0.9851 -0.0195 -0.1711
vn 0.2804 -0.0007 -0.9599
vn 0.2679 0.0417 -0.9626
vn 0.7682 -0.0209 -0.6399
vn 0.7785 -0.0390 -0.6264
vn 0.0013 -0.0005 -1.0000
vn 0.0051 0.0003 -1.0000
vn 0.2729 -0.0102 -0.9620
vn -0.0000 0.0001 -1.0000
vn 1.0000 -0.0018 -0.0002
vn 0.9807 0.0004 -0.1955
vn 0.9838 0.1795 0.0016
vn 0.9801 -0.0017 -0.1983
vn 0.2796 -0.0004 -0.9601
vn 0.7640 -0.0013 -0.6453
vn 0.9838 0.1794 -0.0011
vn 1.0000 0.0001 0.0003
vn 0.6044 0.4861 -0.6312
vn 0.1944 0.1785 -0.9645
vn 0.0053 0.0052 -1.0000
vn 0.8012 0.5983 0.0015
vn 0.7828 0.5934 -0.1873
vn 0.0005 0.0045 -1.0000
vn 0.3916 0.9016 -0.1840
vn 0.2900 0.7248 -0.6250
vn 0.0766 0.2625 -0.9619
vn 0.3992 0.9168 0.0015
vn 0.2891 0.7196 -0.6313
vn 0.0978 0.2831 -0.9541
vn 0.3485 0.9199 -0.1795
vn -0.0011 0.0006 -1.0000
vn 0.8012 0.5983 -0.0015
vn 0.2423 0.1647 -0.9561
vn -0.0014 -0.0019 -1.0000
vn 0.5813 0.5089 -0.6350
vn 0.7540 0.6307 -0.1834
vn 0.0002 -0.0003 -1.0000
vn 0.9496 0.2481 -0.1915
vn 0.7356 0.2067 -0.6452
vn 0.2625 0.0557 -0.9633
vn -0.0039 -0.0019 -1.0000
vn 0.3992 0.9169 -0.0015
vn 0.9664 0.2569 -0.0000
vn 0.0035 -0.0007 -1.0000
vn 0.9907 0.1362 -0.0005
vn 0.9720 0.1335 -0.1935
vn -0.0113 -0.0028 -0.9999
vn 0.0072 -0.0007 -1.0000
vn 0.7635 0.1053 -0.6371
vn 0.3337 0.0462 -0.9415
vn 0.7655 0.6435 -0.0014
vn 0.3032 -0.0220 0.9527
vn -0.0002 -0.0007 1.0000
vn 0.2728 -0.0102 0.9620
vn 0.7653 0.0002 0.6437
vn 0.9645 0.1813 0.1920
vn 0.9807 0.0004 0.1954
vn 0.9830 -0.0112 0.1835
vn 1.0000 -0.0018 0.0002
vn 0.2803 -0.0007 0.9599
vn 0.7594 0.1449 0.6343
vn 0.9851 -0.0195 0.1711
vn 0.7681 -0.0209 0.6400
vn 0.0013 -0.0007 1.0000
vn 0.2679 0.0417 0.9626
vn 0.7785 -0.0389 0.6265
vn 0.0048 0.0003 1.0000
vn -0.0013 -0.0017 1.0000
vn -0.0000 -0.0001 1.0000
vn 0.2797 -0.0005 0.9601
vn 0.7639 -0.0013 0.6453
vn 0.9801 -0.0017 0.1983
vn 0.6044 0.4861 0.6312
vn 0.1945 0.1785 0.9645
vn 0.0053 0.0052 1.0000
vn 0.7828 0.5934 0.1873
vn 0.0005 0.0045 1.0000
vn 0.3916 0.9016 0.1840
vn 0.2899 0.7248 0.6250
vn 0.0766 0.2625 0.9619
vn 0.2891 0.7196 0.6313
vn 0.0978 0.2830 0.9541
vn -0.0011 0.0007 1.0000
vn 0.3485 0.9199 0.1795
vn 0.2423 0.1647 0.9561
vn 0.5813 0.5089 0.6350
vn -0.0014 -0.0019 1.0000
vn 0.7540 0.6308 0.1832
vn 0.9496 0.2481 0.1915
vn 0.2625 0.0557 0.9633
vn 0.7356 0.2067 0.6452
vn 0.0002 -0.0003 1.0000
vn -0.0039 -0.0019 1.0000
vn 0.9907 0.1362 0.0005
vn 0.0035 -0.0007 1.0000
vn -0.0112 -0.0028 0.9999
vn 0.9720 0.1335 0.1936
vn 0.3337 0.0462 0.9415
vn 0.7635 0.1053 0.6371
vn -0.0000 -0.7989 0.6015
vn -0.0000 -0.9945 0.1048
vn 0.1059 -0.9939 0.0304
vn 0.4550 -0.8901 0.0268
vn 0.4547 -0.8903 0.0268
vn -0.0000 -0.2425 0.9701
vn -0.0000 -0.7988 0.6015
vn -0.0056 -1.0000 -0.0065
vn -0.0230 -0.9997 -0.0068
vn -0.0235 -0.9997 -0.0065
vn -0.0403 -0.9992 0.0040
vn -0.0405 -0.9992 0.0041
vn 0.1124 -0.9932 0.0313
vn 0.8661 -0.4999 -0.0000
vn 0.9971 -0.0765 -0.0000
vn 1.0000 0.0013 -0.0000
vn 0.8661 -0.5000 -0.0000
vn -0.0057 -1.0000 -0.0064
vn 0.9749 0.2226 -0.0000
vn 0.7153 0.6988 -0.0000
vn 0.3060 0.9520 -0.0000
vn 0.3770 0.9262 -0.0000
vn 0.3770 0.9262 -0.0001
vn 0.7768 0.6297 0.0007
vn 0.7767 0.6298 0.0010
vn 0.9562 0.2928 0.0034
vn 0.9561 0.2930 0.0033
vn 0.6001 0.7985 0.0475
vn 0.2125 0.9730 0.0901
vn 0.2008 0.9755 0.0899
vn -0.1228 0.9920 0.0286
vn -0.1362 0.9907 -0.0000
vn -0.1363 0.9907 -0.0001
vn -0.0646 0.9955 0.0698
vn -0.1226 0.9920 0.0288
vn -0.0640 0.9955 0.0700
vn 0.9003 0.4352 0.0027
vn 0.6004 0.7983 0.0474
vn 0.9000 0.4359 0.0027
vn -0.0000 -0.9945 -0.1048
vn -0.0000 -0.7989 -0.6015
vn -0.0000 -0.7988 -0.6015
vn 0.4547 -0.8902 -0.0269
vn 0.1124 -0.9932 -0.0314
vn 0.1059 -0.9939 -0.0304
vn -0.0000 -0.2425 -0.9702
vn -0.0235 -0.9997 0.0066
vn -0.0057 -1.0000 0.0065
vn -0.0405 -0.9992 -0.0041
vn -0.0230 -0.9997 0.0069
vn -0.0403 -0.9992 -0.0040
vn 0.4550 -0.8901 -0.0268
vn 0.7768 0.6297 -0.0008
vn 0.9562 0.2927 -0.0034
vn 0.2009 0.9755 -0.0898
vn 0.6004 0.7983 -0.0474
vn 0.6001 0.7985 -0.0475
vn -0.1361 0.9907 -0.0000
vn -0.1226 0.9920 -0.0288
vn -0.1227 0.9920 -0.0286
vn -0.0639 0.9955 -0.0700
vn -0.0646 0.9955 -0.0698
vn 0.2125 0.9730 -0.0901
vn 0.9000 0.4359 -0.0027
vn 0.9003 0.4353 -0.0027
vn -0.1362 0.9907 -0.0001
vn 0.9563 0.2925 -0.0033
vn -0.0001 -0.0000 1.0000
vn 0.0001 -0.0000 1.0000
vn 0.0001 -0.0000 -1.0000
vn -0.0003 0.0001 1.0000
vn -0.0073 0.0007 1.0000
vn 0.0073 -0.0007 1.0000
vt 0.031633 0.987840
vt 0.031623 0.987843
vt 0.031367 0.987509
vt 0.031498 0.987509
vt 0.031270 0.987848
vt 0.031261 0.987840
vt 0.031530 0.987509
vt 0.031530 0.987871
vt 0.031498 0.987864
vt 0.031352 0.987984
vt 0.031372 0.987962
vt 0.031354 0.987962
vt 0.031277 0.987842
vt 0.031270 0.987840
vt 0.031234 0.987840
vt 0.031213 0.987841
vt 0.031677 0.987714
vt 0.031660 0.987715
vt 0.031633 0.987995
vt 0.031643 0.987970
vt 0.031633 0.987970
vt 0.031261 0.987972
vt 0.031248 0.987840
vt 0.031248 0.987971
vt 0.031548 0.987992
vt 0.031558 0.987971
vt 0.031548 0.987971
vt 0.031320 0.987972
vt 0.031306 0.987840
vt 0.031306 0.987971
vt 0.031467 0.987992
vt 0.031480 0.987971
vt 0.031467 0.987971
vt 0.031339 0.987972
vt 0.031320 0.987840
vt 0.031320 0.987971
vt 0.031388 0.987990
vt 0.031403 0.987966
vt 0.031389 0.987968
vt 0.031234 0.987971
vt 0.031248 0.987841
vt 0.031512 0.987983
vt 0.031504 0.987955
vt 0.031499 0.987972
vt 0.031388 0.987953
vt 0.031367 0.987923
vt 0.031367 0.987953
vt 0.031611 0.987974
vt 0.031601 0.987843
vt 0.031601 0.987974
vt 0.031642 0.987923
vt 0.031633 0.987843
vt 0.031633 0.987923
vt 0.031577 0.987949
vt 0.031591 0.987866
vt 0.031577 0.987867
vt 0.031305 0.987922
vt 0.031287 0.987842
vt 0.031287 0.987924
vt 0.031512 0.987953
vt 0.031498 0.987873
vt 0.031498 0.987955
vt 0.031525 0.987952
vt 0.031512 0.987871
vt 0.031512 0.987952
vt 0.031367 0.987916
vt 0.031339 0.987840
vt 0.031339 0.987927
vt 0.031188 0.987840
vt 0.031161 0.987841
vt 0.031621 0.987929
vt 0.031611 0.987843
vt 0.031611 0.987934
vt 0.031678 0.987509
vt 0.031660 0.987509
vt 0.031576 0.987922
vt 0.031574 0.987931
vt 0.031576 0.987931
vt 0.031528 0.987918
vt 0.031525 0.987904
vt 0.031525 0.987918
vt 0.031528 0.987871
vt 0.031525 0.987890
vt 0.031528 0.987890
vt 0.031528 0.987890
vt 0.031525 0.987904
vt 0.031528 0.987904
vt 0.031528 0.987918
vt 0.031525 0.987931
vt 0.031528 0.987931
vt 0.031367 0.987962
vt 0.031352 0.987932
vt 0.031353 0.987956
vt 0.031497 0.987970
vt 0.031480 0.987927
vt 0.031480 0.987962
vt 0.031543 0.987981
vt 0.031530 0.987927
vt 0.031530 0.987975
vt 0.031433 0.987971
vt 0.031442 0.987989
vt 0.031442 0.987972
vt 0.031688 0.987509
vt 0.031691 0.987509
vt 0.031407 0.987970
vt 0.031420 0.987988
vt 0.031420 0.987971
vt 0.031449 0.987921
vt 0.031464 0.987974
vt 0.031463 0.987927
vt 0.031300 0.987990
vt 0.031287 0.987969
vt 0.031287 0.987987
vt 0.031575 0.987714
vt 0.031530 0.987715
vt 0.031530 0.987922
vt 0.031579 0.987949
vt 0.031592 0.987979
vt 0.031593 0.987956
vt 0.031433 0.987989
vt 0.031423 0.987971
vt 0.031423 0.987990
vt 0.031558 0.987922
vt 0.031574 0.987964
vt 0.031573 0.987929
vt 0.031367 0.987715
vt 0.031447 0.987758
vt 0.031433 0.987924
vt 0.031447 0.987970
vt 0.031447 0.987923
vt 0.031642 0.987970
vt 0.031642 0.987923
vt 0.031464 0.987924
vt 0.031480 0.987969
vt 0.031480 0.987921
vt 0.031543 0.987924
vt 0.031558 0.987969
vt 0.031420 0.987924
vt 0.031433 0.987970
vt 0.031433 0.987923
vt 0.031577 0.987714
vt 0.031287 0.987929
vt 0.031301 0.987967
vt 0.031301 0.987924
vt 0.031621 0.987981
vt 0.031611 0.987934
vt 0.031611 0.987981
vt 0.031480 0.987975
vt 0.031494 0.987989
vt 0.031494 0.987970
vt 0.031420 0.987968
vt 0.031407 0.987923
vt 0.031407 0.987970
vt 0.031512 0.987958
vt 0.031527 0.987984
vt 0.031527 0.987952
vt 0.031287 0.987841
vt 0.031278 0.987840
vt 0.031402 0.987961
vt 0.031388 0.987923
vt 0.031388 0.987966
vt 0.031642 0.987923
vt 0.031652 0.987969
vt 0.031652 0.987923
vt 0.031572 0.987984
vt 0.031558 0.987970
vt 0.031558 0.987990
vt 0.031339 0.987930
vt 0.031351 0.987973
vt 0.031351 0.987927
vt 0.031388 0.987980
vt 0.031373 0.987953
vt 0.031373 0.987986
vt 0.031498 0.987715
vt 0.031451 0.987716
vt 0.031647 0.987842
vt 0.031633 0.987509
vt 0.031633 0.987841
vt 0.031678 0.987509
vt 0.031688 0.987841
vt 0.031688 0.987509
vt 0.031618 0.987509
vt 0.031617 0.987837
vt 0.031647 0.987509
vt 0.031660 0.987841
vt 0.031660 0.987509
vt 0.031617 0.987843
vt 0.031601 0.987509
vt 0.031601 0.987841
vt 0.031577 0.987866
vt 0.031601 0.987531
vt 0.031577 0.987509
vt 0.031161 0.987509
vt 0.031314 0.987840
vt 0.031372 0.987979
vt 0.031643 0.987992
vt 0.031261 0.987841
vt 0.031558 0.987992
vt 0.031320 0.987841
vt 0.031480 0.987992
vt 0.031339 0.987842
vt 0.031403 0.987988
vt 0.031248 0.987972
vt 0.031512 0.987965
vt 0.031388 0.987923
vt 0.031642 0.987842
vt 0.031593 0.987940
vt 0.031525 0.987872
vt 0.031574 0.987922
vt 0.031525 0.987871
vt 0.031525 0.987918
vt 0.031367 0.987927
vt 0.031497 0.987921
vt 0.031543 0.987922
vt 0.031433 0.987989
vt 0.031407 0.987992
vt 0.031449 0.987980
vt 0.031300 0.987967
vt 0.031579 0.987983
vt 0.031433 0.987971
vt 0.031633 0.987970
vt 0.031464 0.987971
vt 0.031543 0.987971
vt 0.031420 0.987971
vt 0.031288 0.987961
vt 0.031621 0.987934
vt 0.031480 0.987983
vt 0.031420 0.987925
vt 0.031513 0.987978
vt 0.031402 0.987928
vt 0.031642 0.987969
vt 0.031572 0.987976
vt 0.031339 0.987972
vt 0.031388 0.987960
vt 0.031647 0.987511
vt 0.031678 0.987840
vt 0.031633 0.987526
vt 0.031647 0.987840
vt 0.031617 0.987514
vt 0.031162 0.987840
vt 0.031213 0.987841
vt 0.031577 0.987509
vt 0.031461 0.988181
vt 0.031457 0.988183
vt 0.031453 0.988167
vt 0.031458 0.988167
vt 0.031453 0.988183
vt 0.031449 0.988181
vt 0.031447 0.988178
vt 0.031463 0.988174
vt 0.031463 0.988178
vt 0.031447 0.988173
vt 0.031450 0.988169
vt 0.031462 0.988170
vt 0.205880 0.372134
vt 0.205856 0.372111
vt 0.205816 0.372151
vt 0.205839 0.372175
vt 0.205825 0.372119
vt 0.030705 0.987907
vt 0.030705 0.987907
vt 0.030706 0.987907
vt 0.030706 0.987907
vt 0.030706 0.987906
vt 0.030705 0.987906
vt 0.030705 0.987907
vt 0.030706 0.987907
vt 0.030706 0.987906
vt 0.030705 0.987907
vt 0.030706 0.987907
vt 0.030706 0.987907
vt 0.206871 0.372949
vt 0.206895 0.372925
vt 0.206886 0.372893
vt 0.206839 0.372940
vt 0.206831 0.372908
vt 0.206854 0.372885
vt 0.031204 0.987874
vt 0.031204 0.987874
vt 0.031245 0.987874
vt 0.031245 0.987874
vt 0.031312 0.987816
vt 0.031312 0.987816
vt 0.031312 0.987816
vt 0.031308 0.987864
vt 0.031308 0.987864
vt 0.031268 0.987874
vt 0.031267 0.987874
vt 0.031311 0.987837
vt 0.031311 0.987838
vt 0.031311 0.987838
vt 0.031311 0.987777
vt 0.031311 0.987776
vt 0.031311 0.987777
vt 0.031312 0.987785
vt 0.031312 0.987785
vt 0.031311 0.987804
vt 0.031311 0.987804
vt 0.031311 0.987804
vt 0.031312 0.987795
vt 0.031312 0.987795
vt 0.031312 0.987795
vt 0.031251 0.987877
vt 0.031251 0.987877
vt 0.031251 0.987877
vt 0.031311 0.987832
vt 0.031311 0.987832
vt 0.031311 0.987832
vt 0.031311 0.987807
vt 0.031311 0.987807
vt 0.031311 0.987807
vt 0.031311 0.987841
vt 0.031311 0.987841
vt 0.031311 0.987841
vt 0.031312 0.987789
vt 0.031312 0.987788
vt 0.031312 0.987788
vt 0.031311 0.987874
vt 0.031311 0.987874
vt 0.031311 0.987874
vt 0.031259 0.987875
vt 0.031259 0.987875
vt 0.031259 0.987875
vt 0.031309 0.987835
vt 0.031309 0.987835
vt 0.031309 0.987835
vt 0.031309 0.987832
vt 0.031309 0.987832
vt 0.031309 0.987832
vt 0.031309 0.987838
vt 0.031309 0.987837
vt 0.031309 0.987838
vt 0.031309 0.987816
vt 0.031309 0.987816
vt 0.031309 0.987816
vt 0.031309 0.987792
vt 0.031309 0.987792
vt 0.031309 0.987792
vt 0.031280 0.987874
vt 0.031280 0.987874
vt 0.031286 0.987875
vt 0.031286 0.987875
vt 0.031286 0.987875
vt 0.031275 0.987874
vt 0.031275 0.987874
vt 0.031291 0.987879
vt 0.031291 0.987879
vt 0.031291 0.987879
vt 0.031233 0.987879
vt 0.031233 0.987879
vt 0.031312 0.987823
vt 0.031312 0.987823
vt 0.031312 0.987823
vt 0.031194 0.987879
vt 0.031194 0.987879
vt 0.031194 0.987879
vt 0.031198 0.987879
vt 0.031198 0.987879
vt 0.031213 0.987877
vt 0.031213 0.987877
vt 0.031213 0.987877
vt 0.031310 0.987765
vt 0.031310 0.987765
vt 0.031310 0.987765
vt 0.031270 0.987876
vt 0.031270 0.987876
vt 0.031270 0.987876
vt 0.031191 0.987879
vt 0.031191 0.987879
vt 0.031312 0.987859
vt 0.031312 0.987859
vt 0.031310 0.987863
vt 0.031310 0.987863
vt 0.031310 0.987863
vt 0.031310 0.987830
vt 0.031310 0.987830
vt 0.031310 0.987830
vt 0.031243 0.987874
vt 0.031243 0.987874
vt 0.031311 0.987844
vt 0.031311 0.987844
vt 0.031311 0.987844
vt 0.031296 0.987879
vt 0.031296 0.987879
vt 0.031296 0.987879
vt 0.031228 0.987877
vt 0.031228 0.987877
vt 0.031228 0.987877
vt 0.031296 0.987876
vt 0.031296 0.987876
vt 0.031296 0.987876
vt 0.031310 0.987850
vt 0.031310 0.987850
vt 0.031310 0.987850
vt 0.031238 0.987876
vt 0.031238 0.987876
vt 0.031238 0.987876
vt 0.031308 0.987876
vt 0.031308 0.987876
vt 0.031308 0.987876
vt 0.031291 0.987876
vt 0.031291 0.987876
vt 0.031291 0.987876
vt 0.031308 0.987800
vt 0.031308 0.987800
vt 0.031305 0.987848
vt 0.031305 0.987848
vt 0.031305 0.987848
vt 0.031263 0.987877
vt 0.031263 0.987877
vt 0.031263 0.987877
vt 0.031311 0.987757
vt 0.031311 0.987757
vt 0.031311 0.987757
vt 0.031308 0.987819
vt 0.031308 0.987819
vt 0.031305 0.987877
vt 0.031305 0.987877
vt 0.031305 0.987877
vt 0.031230 0.987877
vt 0.031230 0.987877
vt 0.031230 0.987877
vt 0.031302 0.987877
vt 0.031302 0.987877
vt 0.031302 0.987877
vt 0.031311 0.987876
vt 0.031311 0.987876
vt 0.031311 0.987876
vt 0.031270 0.987874
vt 0.031270 0.987874
vt 0.031300 0.987877
vt 0.031300 0.987877
vt 0.031300 0.987877
vt 0.031311 0.987774
vt 0.031311 0.987774
vt 0.031311 0.987774
vt 0.031286 0.987877
vt 0.031286 0.987877
vt 0.031308 0.987874
vt 0.031308 0.987874
vt 0.031308 0.987874
vt 0.031255 0.987875
vt 0.031255 0.987876
vt 0.031255 0.987875
vt 0.031308 0.987804
vt 0.031308 0.987805
vt 0.031308 0.987804
vt 0.031306 0.987792
vt 0.031306 0.987792
vt 0.031306 0.987792
vt 0.031223 0.987874
vt 0.031223 0.987874
vt 0.031308 0.987871
vt 0.031308 0.987871
vt 0.031308 0.987871
vt 0.031312 0.987816
vt 0.031311 0.987837
vt 0.031311 0.987776
vt 0.031311 0.987804
vt 0.031312 0.987795
vt 0.031251 0.987877
vt 0.031311 0.987832
vt 0.031311 0.987807
vt 0.031311 0.987841
vt 0.031312 0.987789
vt 0.031311 0.987874
vt 0.031259 0.987875
vt 0.031309 0.987835
vt 0.031309 0.987832
vt 0.031309 0.987837
vt 0.031309 0.987816
vt 0.031291 0.987879
vt 0.031312 0.987823
vt 0.031194 0.987879
vt 0.031310 0.987765
vt 0.031270 0.987876
vt 0.031312 0.987859
vt 0.031310 0.987863
vt 0.031311 0.987830
vt 0.031311 0.987844
vt 0.031296 0.987879
vt 0.031228 0.987877
vt 0.031296 0.987876
vt 0.031310 0.987850
vt 0.031238 0.987876
vt 0.031308 0.987876
vt 0.031291 0.987876
vt 0.031305 0.987848
vt 0.031263 0.987877
vt 0.031311 0.987757
vt 0.031230 0.987877
vt 0.031302 0.987877
vt 0.031311 0.987876
vt 0.031300 0.987877
vt 0.031311 0.987774
vt 0.031308 0.987874
vt 0.031255 0.987875
vt 0.031308 0.987805
vt 0.031306 0.987792
vt 0.031308 0.987871
vt 0.031293 0.987874
vt 0.031293 0.987874
vt 0.205839 0.372111
vt 0.205816 0.372134
vt 0.205825 0.372166
vt 0.205856 0.372175
vt 0.205871 0.372166
vt 0.205880 0.372151
vt 0.205871 0.372119
vt 0.206871 0.372885
vt 0.206839 0.372893
vt 0.206831 0.372925
vt 0.206854 0.372949
vt 0.206886 0.372940
vt 0.206895 0.372908
s 1
f 3750/3518/3500 3670/3519/3501 3751/3519/3501
f 3775/3520/3502 3704/3521/3503 3694/3520/3502
f 3759/3522/3504 3672/3523/3505 3753/3523/3506
f 3733/3524/3507 3740/3525/3508 3826/3526/3509
f 3686/3527/3510 3676/3528/3511 3687/3529/3512
f 3752/3530/3513 3678/3531/3504 3759/3531/3504
f 3749/3532/3514 3669/3533/3500 3750/3533/3500
f 3775/3534/3502 3712/3535/3515 3793/3535/3515
f 3672/3536/3505 3675/3537/3516 3679/3538/3517
f 3702/3539/3518 3682/3540/3519 3701/3541/3520
f 3692/3542/3521 3681/3543/3522 3693/3544/3523
f 3703/3545/3524 3685/3546/3525 3702/3547/3518
f 3680/3548/3526 3684/3549/3527 3681/3550/3522
f 3705/3551/3511 3688/3552/3528 3703/3553/3524
f 3683/3554/3529 3687/3555/3512 3684/3556/3527
f 3705/3557/3511 3691/3558/3511 3677/3532/3511
f 3674/3559/3511 3690/3560/3511 3676/3561/3511
f 3673/3562/3530 3693/3563/3523 3675/3564/3516
f 3701/3565/3520 3694/3566/3502 3704/3567/3503
f 3681/3568/3522 3700/3569/3531 3693/3570/3523
f 3676/3571/3511 3699/3572/3511 3695/3573/3511
f 3676/3574/3511 3698/3575/3532 3687/3576/3512
f 3687/3577/3512 3697/3578/3533 3684/3579/3527
f 3684/3580/3527 3696/3581/3534 3681/3582/3522
f 3693/3583/3523 3700/3584/3531 3675/3585/3516
f 3751/3586/3501 3719/3587/3535 3800/3587/3536
f 3675/3588/3516 3700/3589/3531 3679/3590/3517
f 3793/3591/3515 3718/3592/3537 3799/3592/3537
f 3696/3593/3534 3704/3594/3503 3700/3595/3531
f 3695/3596/3511 3706/3597/3511 3705/3598/3511
f 3695/3599/3511 3703/3600/3524 3698/3601/3532
f 3698/3602/3532 3702/3603/3518 3697/3604/3533
f 3697/3605/3533 3701/3606/3520 3696/3607/3534
f 3688/3608/3528 3709/3609/3538 3685/3610/3525
f 3677/3611/3511 3710/3612/3539 3688/3613/3528
f 3691/3614/3511 3707/3615/3511 3677/3616/3511
f 3682/3617/3519 3712/3618/3515 3694/3619/3502
f 3785/3620/3503 3700/3621/3531 3704/3620/3503
f 3685/3622/3525 3708/3623/3540 3682/3624/3519
f 3711/3625/3511 3713/3626/3511 3707/3627/3511
f 3709/3628/3538 3714/3629/3541 3708/3630/3540
f 3732/3631/3542 3739/3632/3543 3733/3633/3507
f 3710/3634/3539 3715/3635/3544 3709/3636/3538
f 3708/3637/3540 3718/3638/3537 3712/3639/3515
f 3707/3640/3511 3716/3641/3545 3710/3642/3539
f 3781/3643/3531 3679/3644/3517 3700/3643/3531
f 3716/3645/3545 3723/3646/3546 3715/3647/3544
f 3714/3570/3541 3726/3648/3547 3718/3649/3537
f 3713/3650/3511 3724/3651/3548 3716/3652/3545
f 3717/3653/3511 3721/3654/3511 3713/3640/3511
f 3715/3655/3544 3722/3656/3549 3714/3657/3541
f 3720/3658/3550 3732/3524/3542 3812/3524/3542
f 3724/3659/3548 3729/3660/3551 3723/3661/3546
f 3722/3662/3549 3732/3663/3542 3726/3664/3547
f 3725/3665/3511 3727/3666/3511 3721/3667/3511
f 3723/3668/3546 3728/3669/3552 3722/3670/3549
f 3721/3671/3511 3730/3672/3553 3724/3673/3548
f 3800/3674/3536 3671/3675/3554 3752/3675/3513
f 3730/3676/3553 3736/3677/3555 3729/3678/3551
f 3728/3679/3552 3739/3680/3543 3732/3681/3542
f 3731/3682/3511 3734/3683/3511 3727/3684/3511
f 3729/3685/3551 3735/3686/3556 3728/3687/3552
f 3727/3688/3511 3737/3689/3557 3730/3690/3553
f 3718/3691/3537 3726/3692/3547 3720/3625/3550
f 3737/3693/3557 3743/3694/3558 3736/3695/3555
f 3735/3696/3556 3746/3697/3559 3739/3698/3543
f 3738/3518/3511 3741/3699/3511 3734/3700/3511
f 3736/3701/3555 3742/3702/3560 3735/3703/3556
f 3734/3704/3511 3744/3705/3561 3737/3706/3557
f 3733/3707/3507 3747/3708/3562 3748/3709/3563
f 3739/3710/3543 3747/3711/3562 3733/3520/3507
f 3767/3527/3564 3757/3528/3565 3755/3712/3565
f 3753/3536/3506 3756/3537/3566 3754/3713/3567
f 3783/3539/3568 3763/3540/3569 3766/3714/3570
f 3773/3542/3521 3762/3543/3571 3761/3715/3572
f 3784/3545/3573 3766/3546/3570 3769/3716/3574
f 3761/3548/3572 3765/3549/3575 3764/3717/3576
f 3786/3551/3565 3769/3552/3574 3758/3718/3565
f 3764/3554/3576 3768/3555/3577 3767/3719/3564
f 3786/3557/3565 3772/3558/3565 3787/3720/3565
f 3755/3559/3565 3771/3560/3565 3770/3721/3565
f 3754/3562/3567 3774/3563/3523 3773/3722/3521
f 3782/3565/3578 3775/3566/3502 3763/3589/3569
f 3762/3568/3571 3781/3569/3531 3777/3723/3579
f 3757/3571/3565 3780/3572/3565 3771/3724/3565
f 3757/3574/3565 3779/3575/3580 3776/3546/3565
f 3768/3577/3577 3778/3578/3581 3779/3581/3580
f 3765/3580/3575 3777/3581/3579 3778/3725/3581
f 3774/3583/3523 3756/3585/3566 3781/3584/3531
f 3756/3588/3566 3760/3590/3582 3781/3589/3531
f 3777/3593/3579 3785/3594/3503 3782/3726/3578
f 3776/3596/3565 3787/3597/3565 3780/3604/3565
f 3776/3599/3565 3784/3600/3573 3786/3727/3565
f 3779/3602/3580 3783/3603/3568 3784/3600/3573
f 3778/3605/3581 3782/3606/3578 3783/3728/3568
f 3769/3608/3574 3790/3609/3583 3791/3729/3584
f 3758/3611/3565 3791/3612/3584 3788/3730/3565
f 3772/3614/3565 3788/3615/3565 3792/3731/3565
f 3763/3617/3569 3793/3618/3515 3789/3732/3585
f 3766/3622/3570 3789/3623/3585 3790/3733/3583
f 3792/3625/3565 3794/3626/3565 3798/3734/3565
f 3790/3628/3583 3795/3629/3586 3796/3735/3587
f 3791/3634/3584 3796/3635/3587 3797/3736/3588
f 3789/3637/3585 3799/3638/3537 3795/3737/3586
f 3788/3640/3565 3797/3641/3588 3794/3683/3565
f 3797/3645/3588 3803/3646/3589 3804/3617/3590
f 3795/3570/3586 3806/3648/3547 3802/3738/3591
f 3794/3650/3565 3804/3651/3590 3801/3739/3565
f 3798/3653/3565 3801/3654/3565 3805/3740/3565
f 3796/3655/3587 3802/3656/3591 3803/3741/3589
f 3804/3659/3590 3809/3660/3592 3810/3742/3593
f 3802/3662/3591 3812/3663/3542 3808/3743/3594
f 3805/3665/3565 3807/3666/3565 3811/3744/3565
f 3803/3668/3589 3808/3669/3594 3809/3745/3592
f 3801/3671/3565 3810/3672/3593 3807/3746/3565
f 3810/3676/3593 3815/3677/3595 3816/3747/3596
f 3808/3679/3594 3818/3680/3543 3814/3748/3597
f 3811/3682/3565 3813/3683/3565 3817/3749/3565
f 3809/3685/3592 3814/3686/3597 3815/3750/3595
f 3807/3688/3565 3816/3689/3596 3813/3751/3565
f 3816/3693/3596 3821/3694/3598 3822/3752/3599
f 3814/3696/3597 3824/3697/3559 3820/3753/3600
f 3817/3518/3565 3819/3699/3565 3823/3754/3565
f 3815/3701/3595 3820/3702/3600 3821/3755/3598
f 3813/3704/3565 3822/3705/3599 3819/3756/3565
f 3733/3707/3507 3826/3709/3509 3825/3708/3601
f 3818/3710/3543 3825/3711/3601 3824/3757/3559
f 3672/3758/3505 3760/3586/3582 3753/3758/3506
f 3909/3518/3602 3829/3519/3603 3828/3518/3602
f 3934/3520/3604 3863/3521/3605 3944/3521/3606
f 3918/3522/3607 3831/3523/3608 3837/3522/3607
f 3892/3524/3609 3899/3525/3610 3907/3526/3611
f 3845/3527/3612 3835/3528/3613 3833/3712/3614
f 3911/3530/3615 3837/3531/3607 3830/3530/3615
f 3908/3532/3616 3828/3533/3602 3827/3532/3616
f 3934/3534/3604 3871/3535/3617 3853/3534/3618
f 3831/3536/3608 3834/3537/3619 3832/3713/3620
f 3861/3539/3621 3841/3540/3622 3844/3714/3623
f 3851/3542/3624 3840/3543/3625 3839/3715/3626
f 3862/3545/3627 3844/3546/3623 3847/3716/3628
f 3839/3548/3626 3843/3549/3629 3842/3717/3630
f 3864/3551/3631 3847/3552/3628 3836/3718/3632
f 3842/3554/3630 3846/3555/3633 3845/3719/3612
f 3864/3557/3631 3850/3558/3565 3865/3720/3565
f 3833/3559/3614 3849/3560/3565 3848/3721/3565
f 3832/3562/3620 3852/3563/3634 3851/3722/3624
f 3860/3565/3635 3853/3566/3618 3841/3589/3622
f 3840/3568/3625 3859/3569/3636 3855/3723/3637
f 3835/3571/3613 3858/3572/3565 3849/3724/3565
f 3835/3574/3613 3857/3575/3638 3854/3546/3639
f 3846/3577/3633 3856/3578/3640 3857/3581/3638
f 3843/3580/3629 3855/3581/3637 3856/3725/3640
f 3852/3583/3634 3834/3585/3619 3859/3584/3636
f 3910/3586/3603 3878/3587/3641 3829/3586/3603
f 3834/3588/3619 3838/3590/3642 3859/3589/3636
f 3952/3591/3643 3877/3592/3644 3871/3591/3617
f 3855/3593/3637 3863/3594/3605 3860/3726/3635
f 3854/3596/3639 3865/3597/3565 3858/3604/3565
f 3854/3599/3639 3862/3600/3627 3864/3727/3631
f 3857/3602/3638 3861/3603/3621 3862/3600/3627
f 3856/3605/3640 3860/3606/3635 3861/3728/3621
f 3847/3608/3628 3868/3609/3645 3869/3729/3646
f 3836/3611/3632 3869/3612/3646 3866/3730/3647
f 3850/3614/3565 3866/3615/3647 3870/3731/3565
f 3841/3617/3622 3871/3618/3617 3867/3732/3648
f 3944/3620/3606 3859/3621/3636 3940/3621/3649
f 3844/3622/3623 3867/3623/3648 3868/3733/3645
f 3870/3625/3565 3872/3626/3650 3876/3734/3565
f 3868/3628/3645 3873/3629/3651 3874/3735/3652
f 3892/3633/3609 3898/3632/3653 3891/3631/3654
f 3869/3634/3646 3874/3635/3652 3875/3736/3655
f 3867/3637/3648 3877/3638/3644 3873/3737/3651
f 3866/3640/3647 3875/3641/3655 3872/3683/3650
f 3940/3643/3649 3838/3644/3642 3919/3644/3656
f 3875/3645/3655 3882/3646/3657 3883/3617/3658
f 3873/3570/3651 3885/3648/3659 3881/3738/3660
f 3872/3650/3650 3883/3651/3658 3880/3739/3661
f 3876/3653/3565 3880/3654/3661 3884/3740/3565
f 3874/3655/3652 3881/3656/3660 3882/3741/3657
f 3891/3524/3654 3885/3759/3659 3879/3658/3662
f 3883/3659/3658 3888/3660/3663 3889/3742/3664
f 3881/3662/3660 3891/3663/3654 3887/3743/3665
f 3884/3665/3565 3886/3666/3666 3890/3744/3565
f 3882/3668/3657 3887/3669/3665 3888/3745/3663
f 3880/3671/3661 3889/3672/3664 3886/3746/3666
f 3959/3674/3641 3830/3675/3615 3878/3674/3641
f 3889/3676/3664 3895/3677/3667 3896/3747/3668
f 3887/3679/3665 3898/3680/3653 3894/3748/3669
f 3890/3682/3565 3893/3683/3670 3897/3749/3565
f 3888/3685/3663 3894/3686/3669 3895/3750/3667
f 3886/3688/3666 3896/3689/3668 3893/3751/3670
f 3879/3625/3662 3885/3692/3659 3877/3691/3644
f 3896/3693/3668 3902/3694/3671 3903/3752/3672
f 3894/3696/3669 3905/3697/3673 3901/3753/3674
f 3897/3518/3565 3900/3699/3675 3904/3754/3565
f 3895/3701/3667 3901/3702/3674 3902/3755/3671
f 3893/3704/3670 3903/3705/3672 3900/3756/3675
f 3892/3707/3609 3907/3709/3611 3906/3708/3676
f 3898/3710/3653 3906/3711/3676 3905/3757/3673
f 3926/3527/3677 3916/3528/3678 3927/3529/3679
f 3912/3536/3680 3915/3537/3681 3919/3538/3656
f 3942/3539/3682 3922/3540/3683 3941/3541/3684
f 3932/3542/3685 3921/3543/3686 3933/3544/3687
f 3943/3545/3688 3925/3546/3689 3942/3547/3682
f 3920/3548/3690 3924/3549/3691 3921/3550/3686
f 3945/3551/3692 3928/3552/3693 3943/3553/3688
f 3923/3554/3694 3927/3555/3679 3924/3556/3691
f 3945/3557/3692 3931/3558/3511 3917/3532/3695
f 3914/3559/3696 3930/3560/3511 3916/3561/3678
f 3913/3562/3697 3933/3563/3687 3915/3564/3681
f 3941/3565/3684 3934/3566/3604 3944/3567/3606
f 3921/3568/3686 3940/3569/3649 3933/3570/3687
f 3916/3571/3678 3939/3572/3511 3935/3573/3698
f 3916/3574/3678 3938/3575/3699 3927/3576/3679
f 3927/3577/3679 3937/3578/3700 3924/3579/3691
f 3924/3580/3691 3936/3581/3701 3921/3582/3686
f 3933/3583/3687 3940/3584/3649 3915/3585/3681
f 3915/3588/3681 3940/3589/3649 3919/3590/3656
f 3936/3593/3701 3944/3594/3606 3940/3595/3649
f 3935/3596/3698 3946/3597/3511 3945/3598/3692
f 3935/3599/3698 3943/3600/3688 3938/3601/3699
f 3938/3602/3699 3942/3603/3682 3937/3604/3700
f 3937/3605/3700 3941/3606/3684 3936/3607/3701
f 3928/3608/3693 3949/3609/3702 3925/3610/3689
f 3917/3611/3695 3950/3612/3703 3928/3613/3693
f 3931/3614/3511 3947/3615/3704 3917/3616/3695
f 3922/3617/3683 3952/3618/3643 3934/3619/3604
f 3925/3622/3689 3948/3623/3705 3922/3624/3683
f 3951/3625/3511 3953/3626/3706 3947/3627/3704
f 3949/3628/3702 3954/3629/3707 3948/3630/3705
f 3950/3634/3703 3955/3635/3708 3949/3636/3702
f 3948/3637/3705 3958/3638/3709 3952/3639/3643
f 3947/3640/3704 3956/3641/3710 3950/3642/3703
f 3956/3645/3710 3962/3646/3711 3955/3647/3708
f 3954/3570/3707 3965/3648/3712 3958/3649/3709
f 3953/3650/3706 3963/3651/3713 3956/3652/3710
f 3957/3653/3511 3960/3654/3714 3953/3640/3706
f 3955/3655/3708 3961/3656/3715 3954/3657/3707
f 3963/3659/3713 3968/3660/3716 3962/3661/3711
f 3961/3662/3715 3971/3663/3717 3965/3664/3712
f 3964/3665/3511 3966/3666/3718 3960/3667/3714
f 3962/3668/3711 3967/3669/3719 3961/3670/3715
f 3960/3671/3714 3969/3672/3720 3963/3673/3713
f 3969/3676/3720 3974/3677/3721 3968/3678/3716
f 3967/3679/3719 3977/3680/3722 3971/3681/3717
f 3970/3682/3511 3972/3683/3723 3966/3684/3718
f 3968/3685/3716 3973/3686/3724 3967/3687/3719
f 3966/3688/3718 3975/3689/3725 3969/3690/3720
f 3975/3693/3725 3980/3694/3726 3974/3695/3721
f 3973/3696/3724 3983/3697/3727 3977/3698/3722
f 3976/3518/3511 3978/3699/3728 3972/3700/3723
f 3974/3701/3721 3979/3702/3729 3973/3703/3724
f 3972/3704/3723 3981/3705/3730 3975/3706/3725
f 3892/3707/3609 3984/3708/3731 3985/3709/3732
f 3977/3710/3722 3984/3711/3731 3892/3520/3609
f 3831/3758/3608 3919/3586/3656 3838/3586/3642
f 3668/3532/3511 3828/3533/3733 3669/3533/3734
f 3669/3518/3734 3829/3519/3735 3670/3519/3736
f 3670/3586/3736 3878/3587/3737 3719/3587/3738
f 3671/3530/3739 3837/3531/3740 3678/3531/3741
f 3672/3536/3742 3832/3713/3743 3673/3713/3744
f 3686/3527/3745 3833/3712/3746 3674/3712/3747
f 3678/3522/3741 3831/3523/3748 3672/3523/3742
f 3692/3542/3749 3839/3715/3750 3680/3715/3751
f 3680/3548/3751 3842/3717/3752 3683/3717/3753
f 3683/3554/3753 3845/3719/3754 3686/3719/3745
f 3689/3721/3755 3849/3560/3756 3690/3560/3756
f 3690/3724/3756 3858/3572/3757 3699/3572/3757
f 3674/3559/3747 3848/3721/3755 3689/3721/3755
f 3673/3562/3744 3851/3722/3758 3692/3722/3749
f 3699/3604/3757 3865/3597/3759 3706/3597/3759
f 3706/3720/3759 3850/3558/3760 3691/3558/3761
f 3691/3614/3761 3870/3731/3762 3711/3731/3762
f 3711/3625/3762 3876/3734/3763 3717/3734/3763
f 3719/3674/3738 3830/3675/3764 3671/3675/3739
f 3717/3653/3763 3884/3740/3765 3725/3740/3766
f 3725/3665/3766 3890/3744/3767 3731/3744/3768
f 3731/3682/3768 3897/3749/3769 3738/3749/3769
f 3741/3756/3770 3903/3705/3771 3744/3705/3772
f 3742/3753/3773 3905/3697/3774 3746/3697/3774
f 3743/3755/3775 3901/3702/3776 3742/3702/3773
f 3744/3752/3772 3902/3694/3777 3743/3694/3775
f 3745/3754/3778 3900/3699/3779 3741/3699/3770
f 3746/3757/3774 3906/3711/3780 3747/3711/3781
f 3738/3518/3769 3904/3754/3778 3745/3754/3778
f 3747/3708/3781 3907/3709/3782 3748/3709/3783
f 3748/3526/3783 3899/3525/3784 3740/3525/3785
f 3749/3532/3786 3827/3532/3786 3668/3532/3786
f 3750/3533/3787 3908/3532/3565 3749/3532/3565
f 3751/3519/3788 3909/3518/3789 3750/3518/3787
f 3800/3587/3790 3910/3586/3791 3751/3586/3788
f 3759/3531/3792 3911/3530/3793 3752/3530/3794
f 3754/3713/3795 3912/3536/3796 3753/3536/3797
f 3755/3712/3798 3926/3527/3799 3767/3527/3800
f 3753/3523/3797 3918/3522/3801 3759/3522/3792
f 3761/3715/3802 3932/3542/3803 3773/3542/3804
f 3764/3717/3805 3920/3548/3806 3761/3548/3802
f 3767/3719/3800 3923/3554/3807 3764/3554/3805
f 3771/3560/3756 3929/3721/3755 3770/3721/3755
f 3780/3572/3757 3930/3724/3756 3771/3724/3756
f 3770/3721/3755 3914/3559/3808 3755/3559/3798
f 3773/3722/3804 3913/3562/3809 3754/3562/3795
f 3787/3597/3759 3939/3604/3757 3780/3604/3757
f 3772/3558/3760 3946/3720/3759 3787/3720/3759
f 3792/3731/3810 3931/3614/3761 3772/3614/3760
f 3798/3734/3763 3951/3625/3762 3792/3625/3810
f 3752/3675/3794 3959/3674/3811 3800/3674/3790
f 3805/3740/3765 3957/3653/3763 3798/3653/3763
f 3811/3744/3767 3964/3665/3766 3805/3665/3765
f 3817/3749/3769 3970/3682/3767 3811/3682/3767
f 3822/3705/3812 3978/3756/3813 3819/3756/3814
f 3824/3697/3815 3979/3753/3816 3820/3753/3817
f 3820/3702/3817 3980/3755/3818 3821/3755/3819
f 3821/3694/3819 3981/3752/3820 3822/3752/3812
f 3819/3699/3814 3982/3754/3778 3823/3754/3778
f 3825/3711/3821 3983/3757/3822 3824/3757/3815
f 3823/3754/3778 3976/3518/3769 3817/3518/3769
f 3826/3709/3823 3984/3708/3824 3825/3708/3821
f 3740/3525/3785 3985/3526/3825 3826/3526/3823
f 4005/3760/3826 3992/3761/3827 3993/3760/3826
f 3998/3762/3828 3997/3763/3829 3986/3762/3828
f 4004/3761/3827 3991/3764/3830 3992/3761/3827
f 4002/3765/3831 3989/3766/3832 3990/3765/3831
f 4007/3767/3833 3994/3768/3834 3995/3767/3833
f 4003/3764/3830 3990/3765/3831 3991/3764/3830
f 4006/3768/3834 3993/3760/3826 3994/3768/3834
f 4000/3769/3835 3987/3770/3836 3988/3769/3835
f 4009/3763/3829 3996/3771/3837 3997/3763/3829
f 3999/3770/3836 3986/3762/3828 3987/3770/3836
f 3990/3772/3511 3988/3773/3511 3996/3774/3511
f 4001/3766/3832 3988/3769/3835 3989/3766/3832
f 4006/3775/3565 4008/3774/3565 3998/3776/3565
f 4007/3767/3833 3996/3771/3837 4008/3771/3837
f 4028/3777/3827 4015/3778/3830 4016/3777/3827
f 4025/3779/3832 4012/3780/3835 4013/3779/3832
f 4031/3781/3833 4018/3782/3834 4019/3781/3833
f 4027/3778/3830 4014/3783/3831 4015/3778/3830
f 4033/3784/3829 4020/3785/3837 4021/3784/3829
f 4030/3782/3834 4017/3786/3826 4018/3782/3834
f 4032/3785/3837 4019/3781/3833 4020/3785/3837
f 4024/3780/3835 4011/3787/3836 4012/3780/3835
f 4026/3783/3831 4013/3779/3832 4014/3783/3831
f 4023/3787/3836 4010/3788/3828 4011/3787/3836
f 4022/3788/3828 4021/3784/3829 4010/3788/3828
f 4016/3789/3511 4014/3790/3511 4012/3791/3511
f 4030/3792/3565 4032/3793/3565 4022/3794/3565
f 4029/3786/3826 4016/3777/3827 4017/3786/3826
f 4139/3795/3833 4063/3796/3838 4067/3795/3833
f 4034/3797/3833 4113/3798/3833 4106/3797/3833
f 4049/3799/3839 4039/3800/3511 4050/3801/3840
f 4159/3802/3841 4093/3803/3842 4165/3803/3842
f 4135/3804/3838 4042/3805/3838 4063/3804/3838
f 4035/3806/3833 4038/3807/3838 4042/3808/3838
f 4065/3809/3843 4045/3810/3844 4064/3811/3845
f 4055/3812/3833 4044/3813/3846 4056/3812/3838
f 4066/3814/3847 4048/3815/3848 4065/3816/3843
f 4043/3817/3849 4047/3818/3850 4044/3819/3846
f 4068/3820/3851 4051/3821/3852 4066/3822/3847
f 4046/3823/3853 4050/3824/3840 4047/3825/3850
f 4068/3826/3851 4054/3827/3511 4040/3828/3511
f 4037/3829/3511 4053/3830/3511 4039/3831/3511
f 4036/3832/3833 4056/3833/3838 4038/3834/3838
f 4064/3835/3845 4057/3836/3854 4067/3837/3833
f 4044/3838/3846 4063/3839/3838 4056/3840/3838
f 4039/3841/3511 4062/3842/3851 4058/3843/3851
f 4039/3844/3511 4061/3845/3855 4050/3846/3840
f 4050/3847/3840 4060/3848/3856 4047/3849/3850
f 4047/3850/3850 4059/3851/3857 4044/3852/3846
f 4056/3853/3838 4063/3854/3838 4038/3855/3838
f 4129/3856/3854 4067/3857/3833 4057/3856/3854
f 4038/3858/3838 4063/3859/3838 4042/3860/3838
f 4035/3861/3833 4114/3862/3838 4107/3861/3833
f 4059/3863/3857 4067/3864/3833 4063/3865/3838
f 4058/3866/3851 4069/3867/3851 4068/3867/3851
f 4058/3868/3851 4066/3869/3847 4061/3870/3855
f 4061/3871/3855 4065/3872/3843 4060/3873/3856
f 4060/3874/3856 4064/3875/3845 4059/3874/3857
f 4051/3876/3852 4072/3877/3858 4048/3878/3848
f 4040/3879/3511 4073/3880/3859 4051/3881/3852
f 4054/3882/3511 4070/3883/3511 4040/3884/3511
f 4045/3885/3844 4075/3886/3860 4057/3886/3854
f 4048/3887/3848 4071/3888/3861 4045/3888/3844
f 4074/3889/3511 4076/3890/3511 4070/3891/3511
f 4072/3892/3858 4077/3893/3862 4071/3894/3861
f 4113/3895/3833 4035/3896/3833 4107/3896/3833
f 4073/3897/3859 4078/3898/3863 4072/3899/3858
f 4071/3900/3861 4081/3901/3864 4075/3902/3860
f 4070/3903/3511 4079/3904/3865 4073/3905/3859
f 4079/3906/3865 4084/3907/3866 4078/3908/3863
f 4077/3909/3862 4087/3910/3841 4081/3911/3864
f 4076/3912/3511 4085/3913/3867 4079/3914/3865
f 4080/3915/3511 4082/3916/3511 4076/3917/3511
f 4078/3918/3863 4083/3919/3868 4077/3920/3862
f 4147/3921/3860 4081/3922/3864 4153/3922/3864
f 4082/3923/3511 4091/3924/3869 4085/3925/3867
f 4085/3926/3867 4090/3927/3870 4084/3928/3866
f 4083/3929/3868 4093/3930/3842 4087/3931/3841
f 4129/3932/3854 4075/3933/3860 4147/3933/3860
f 4086/3934/3511 4088/3935/3871 4082/3936/3511
f 4084/3937/3866 4089/3938/3872 4083/3939/3868
f 4090/3940/3870 4095/3941/3873 4089/3942/3872
f 4088/3943/3871 4097/3944/3874 4091/3945/3869
f 4153/3946/3864 4087/3947/3841 4159/3947/3841
f 4091/3948/3869 4096/3949/3875 4090/3950/3870
f 4089/3951/3872 4099/3952/3876 4093/3953/3842
f 4092/3954/3877 4094/3955/3878 4088/3955/3871
f 4095/3956/3873 4105/3957/3879 4099/3958/3876
f 4098/3959/3880 4100/3960/3881 4094/3961/3878
f 4096/3962/3875 4101/3963/3882 4095/3964/3873
f 4094/3965/3878 4103/3966/3883 4097/3967/3874
f 4165/3968/3842 4099/3969/3876 4171/3969/3876
f 4097/3970/3874 4102/3971/3884 4096/3972/3875
f 4121/3799/3885 4111/3800/3565 4109/3973/3565
f 4107/3806/3833 4110/3807/3838 4108/3974/3833
f 4137/3809/3886 4117/3810/3887 4120/3975/3888
f 4127/3812/3833 4116/3813/3889 4115/3813/3890
f 4138/3814/3891 4120/3815/3888 4123/3976/3892
f 4115/3817/3890 4119/3818/3893 4118/3977/3894
f 4140/3820/3895 4123/3821/3892 4112/3978/3565
f 4118/3823/3894 4122/3824/3896 4121/3979/3885
f 4140/3826/3895 4126/3827/3565 4141/3980/3895
f 4109/3829/3565 4125/3830/3565 4124/3981/3897
f 4108/3832/3833 4128/3833/3838 4127/3982/3833
f 4136/3835/3898 4129/3836/3854 4117/3983/3887
f 4116/3838/3889 4135/3839/3838 4131/3984/3899
f 4111/3841/3565 4134/3842/3895 4125/3985/3565
f 4111/3844/3565 4133/3845/3900 4130/3986/3895
f 4122/3847/3896 4132/3848/3901 4133/3987/3900
f 4119/3850/3893 4131/3851/3899 4132/3988/3901
f 4128/3853/3838 4110/3855/3838 4135/3854/3838
f 4110/3858/3838 4114/3860/3838 4135/3859/3838
f 4131/3863/3899 4139/3864/3833 4136/3989/3898
f 4130/3866/3895 4141/3867/3895 4134/3866/3895
f 4130/3868/3895 4138/3869/3891 4140/3990/3895
f 4133/3871/3900 4137/3872/3886 4138/3991/3891
f 4132/3874/3901 4136/3875/3898 4137/3875/3886
f 4123/3876/3892 4144/3877/3902 4145/3876/3903
f 4112/3879/3565 4145/3880/3903 4142/3992/3565
f 4126/3882/3565 4142/3883/3565 4146/3993/3565
f 4117/3885/3887 4147/3886/3860 4143/3885/3904
f 4120/3887/3888 4143/3888/3904 4144/3994/3902
f 4146/3889/3565 4148/3890/3565 4152/3995/3565
f 4144/3892/3902 4149/3893/3905 4150/3996/3906
f 4145/3897/3903 4150/3898/3906 4151/3997/3907
f 4143/3900/3904 4153/3901/3864 4149/3998/3905
f 4142/3903/3565 4151/3904/3907 4148/3999/3565
f 4151/3906/3907 4156/3907/3908 4157/4000/3909
f 4149/3909/3905 4159/3910/3841 4155/4001/3910
f 4148/3912/3565 4157/3913/3909 4154/4002/3565
f 4152/3915/3565 4154/3916/3565 4158/4003/3565
f 4150/3918/3906 4155/3919/3910 4156/4004/3908
f 4154/3923/3565 4163/3924/3911 4160/4005/3912
f 4157/3926/3909 4162/3927/3913 4163/4006/3911
f 4155/3929/3910 4165/3930/3842 4161/4007/3914
f 4158/3934/3565 4160/3935/3912 4164/3934/3915
f 4156/3937/3908 4161/3938/3914 4162/4008/3913
f 4162/3940/3913 4167/3941/3916 4168/4009/3917
f 4160/3943/3912 4169/3944/3918 4166/4010/3919
f 4163/3948/3911 4168/3949/3917 4169/4011/3918
f 4161/3951/3914 4171/3952/3876 4167/4012/3916
f 4164/3954/3915 4166/3955/3919 4170/3954/3920
f 4167/3956/3916 4177/3957/3879 4173/4013/3921
f 4170/3959/3920 4172/3960/3922 4176/4014/3923
f 4168/3962/3917 4173/3963/3921 4174/4015/3924
f 4166/3965/3919 4175/3966/3925 4172/4016/3922
f 4169/3970/3918 4174/3971/3924 4175/4017/3925
f 4171/4018/3876 4105/4019/3879 4177/4019/3879
f 4283/3795/3926 4207/3796/3927 4279/3796/3927
f 4178/3797/3832 4257/3798/3832 4185/3798/3832
f 4193/3799/3928 4183/3800/3661 4181/3973/3929
f 4303/3802/3930 4237/3803/3931 4231/3802/3932
f 4279/3804/3927 4186/3805/3927 4258/3805/3927
f 4179/3806/3832 4182/3807/3927 4180/3974/3832
f 4209/3809/3933 4189/3810/3934 4192/3975/3935
f 4199/3812/3832 4188/3813/3936 4187/3813/3937
f 4210/3814/3938 4192/3815/3935 4195/3976/3939
f 4187/3817/3937 4191/3818/3940 4190/3977/3941
f 4212/3820/3942 4195/3821/3939 4184/3978/3943
f 4190/3823/3941 4194/3824/3944 4193/3979/3928
f 4212/3826/3942 4198/3827/3565 4213/3980/3945
f 4181/3829/3929 4197/3830/3565 4196/3981/3565
f 4180/3832/3832 4200/3833/3946 4199/3982/3832
f 4208/3835/3947 4201/3836/3948 4189/3983/3934
f 4188/3838/3936 4207/3839/3927 4203/3984/3949
f 4183/3841/3661 4206/3842/3945 4197/3985/3565
f 4183/3844/3661 4205/3845/3950 4202/3986/3945
f 4194/3847/3944 4204/3848/3951 4205/3987/3950
f 4191/3850/3940 4203/3851/3949 4204/3988/3951
f 4200/3853/3946 4182/3855/3927 4207/3854/3927
f 4273/3856/3952 4211/3857/3953 4283/3857/3926
f 4182/3858/3927 4186/3860/3927 4207/3859/3927
f 4179/3861/3832 4258/3862/3927 4186/3862/3927
f 4203/3863/3949 4211/3864/3953 4208/3989/3947
f 4202/3866/3945 4213/3867/3945 4206/3866/3945
f 4202/3868/3945 4210/3869/3938 4212/3990/3942
f 4205/3871/3950 4209/3872/3933 4210/3991/3938
f 4204/3874/3951 4208/3875/3947 4209/3875/3933
f 4195/3876/3939 4216/3877/3954 4217/3876/3955
f 4184/3879/3943 4217/3880/3955 4214/3992/3956
f 4198/3882/3565 4214/3883/3956 4218/3993/3565
f 4189/3885/3934 4219/3886/3957 4215/3885/3958
f 4192/3887/3935 4215/3888/3958 4216/3994/3954
f 4218/3889/3565 4220/3890/3959 4224/3995/3565
f 4216/3892/3954 4221/3893/3960 4222/3996/3961
f 4257/3895/3832 4179/3896/3832 4185/3895/3832
f 4217/3897/3955 4222/3898/3961 4223/3997/3962
f 4215/3900/3958 4225/3901/3963 4221/3998/3960
f 4214/3903/3956 4223/3904/3962 4220/3999/3959
f 4223/3906/3962 4228/3907/3964 4229/4000/3965
f 4221/3909/3960 4231/3910/3932 4227/4001/3966
f 4220/3912/3959 4229/3913/3965 4226/4002/3967
f 4224/3915/3565 4226/3916/3967 4230/4003/3565
f 4222/3918/3961 4227/3919/3966 4228/4004/3964
f 4291/3921/3968 4225/3922/3963 4219/3921/3957
f 4226/3923/3967 4235/3924/3969 4232/4005/3970
f 4229/3926/3965 4234/3927/3971 4235/4006/3969
f 4227/3929/3966 4237/3930/3931 4233/4007/3972
f 4273/3932/3952 4219/3933/3957 4201/3932/3948
f 4230/3934/3565 4232/3935/3970 4236/3934/3973
f 4228/3937/3964 4233/3938/3972 4234/4008/3971
f 4234/3940/3971 4239/3941/3974 4240/4009/3975
f 4232/3943/3970 4241/3944/3976 4238/4010/3977
f 4297/3946/3978 4231/3947/3932 4225/3946/3963
f 4235/3948/3969 4240/3949/3975 4241/4011/3976
f 4233/3951/3972 4243/3952/3979 4239/4012/3974
f 4236/3954/3973 4238/3955/3977 4242/3954/3980
f 4239/3956/3974 4249/3957/3981 4245/4013/3982
f 4242/3959/3980 4244/3960/3983 4248/4014/3984
f 4240/3962/3975 4245/3963/3982 4246/4015/3985
f 4238/3965/3977 4247/3966/3986 4244/4016/3983
f 4309/3968/3987 4243/3969/3979 4237/3968/3931
f 4241/3970/3976 4246/3971/3985 4247/4017/3986
f 4265/3799/3988 4255/3800/3989 4266/3801/3990
f 4251/3806/3832 4254/3807/3927 4258/3808/3927
f 4281/3809/3991 4261/3810/3992 4280/3811/3993
f 4271/3812/3832 4260/3813/3994 4272/3812/3995
f 4282/3814/3996 4264/3815/3997 4281/3816/3991
f 4259/3817/3998 4263/3818/3999 4260/3819/3994
f 4284/3820/4000 4267/3821/4001 4282/3822/3996
f 4262/3823/4002 4266/3824/3990 4263/3825/3999
f 4284/3826/4000 4270/3827/3511 4256/3828/4003
f 4253/3829/4004 4269/3830/3511 4255/3831/3989
f 4252/3832/3832 4272/3833/3995 4254/3834/3927
f 4280/3835/3993 4273/3836/3952 4283/3837/3926
f 4260/3838/3994 4279/3839/3927 4272/3840/3995
f 4255/3841/3989 4278/3842/4005 4274/3843/3511
f 4255/3844/3989 4277/3845/4006 4266/3846/3990
f 4266/3847/3990 4276/3848/4007 4263/3849/3999
f 4263/3850/3999 4275/3851/4008 4260/3852/3994
f 4272/3853/3995 4279/3854/3927 4254/3855/3927
f 4254/3858/3927 4279/3859/3927 4258/3860/3927
f 4275/3863/4008 4283/3864/3926 4279/3865/3927
f 4274/3866/3511 4285/3867/4005 4284/3867/4000
f 4274/3868/3511 4282/3869/3996 4277/3870/4006
f 4277/3871/4006 4281/3872/3991 4276/3873/4007
f 4276/3874/4007 4280/3875/3993 4275/3874/4008
f 4267/3876/4001 4288/3877/4009 4264/3878/3997
f 4256/3879/4003 4289/3880/4010 4267/3881/4001
f 4270/3882/3511 4286/3883/4011 4256/3884/4003
f 4261/3885/3992 4291/3886/3968 4273/3886/3952
f 4264/3887/3997 4287/3888/4012 4261/3888/3992
f 4290/3889/3511 4292/3890/4013 4286/3891/4011
f 4288/3892/4009 4293/3893/4014 4287/3894/4012
f 4289/3897/4010 4294/3898/4015 4288/3899/4009
f 4287/3900/4012 4297/3901/3978 4291/3902/3968
f 4286/3903/4011 4295/3904/4016 4289/3905/4010
f 4295/3906/4016 4300/3907/4017 4294/3908/4015
f 4293/3909/4014 4303/3910/3930 4297/3911/3978
f 4292/3912/4013 4301/3913/4018 4295/3914/4016
f 4296/3915/3511 4298/3916/4019 4292/3917/4013
f 4294/3918/4015 4299/3919/4020 4293/3920/4014
f 4298/3923/4019 4307/3924/4021 4301/3925/4018
f 4301/3926/4018 4306/3927/4022 4300/3928/4017
f 4299/3929/4020 4309/3930/3987 4303/3931/3930
f 4302/3934/3511 4304/3935/4023 4298/3936/4019
f 4300/3937/4017 4305/3938/4024 4299/3939/4020
f 4306/3940/4022 4311/3941/4025 4305/3942/4024
f 4304/3943/4023 4313/3944/4026 4307/3945/4021
f 4307/3948/4021 4312/3949/4027 4306/3950/4022
f 4305/3951/4024 4315/3952/3979 4309/3953/3987
f 4308/3954/4028 4310/3955/4029 4304/3955/4023
f 4311/3956/4025 4321/3957/4030 4315/3958/3979
f 4314/3959/4031 4316/3960/4032 4310/3961/4029
f 4312/3962/4027 4317/3963/4033 4311/3964/4025
f 4310/3965/4029 4319/3966/4034 4313/3967/4026
f 4313/3970/4026 4318/3971/4035 4312/3972/4027
f 4315/4018/3979 4249/4019/3981 4243/4018/3979
f 4035/3806/4036 4180/3974/4037 4036/3974/4037
f 4049/3799/4038 4181/3973/4039 4037/3973/4040
f 4041/3895/4041 4179/3896/4042 4035/3896/4036
f 4055/3812/4043 4187/3813/4044 4043/3813/4045
f 4043/3817/4045 4190/3977/4046 4046/3977/4047
f 4046/3823/4047 4193/3979/4048 4049/3979/4038
f 4052/3981/4049 4197/3830/4050 4053/3830/4050
f 4053/3985/4050 4206/3842/4051 4062/3842/4051
f 4037/3829/4040 4196/3981/4052 4052/3981/4049
f 4036/3832/4037 4199/3982/4053 4055/3982/4043
f 4062/3866/4051 4213/3867/3832 4069/3867/3832
f 4069/3980/3832 4198/3827/4054 4054/3827/4054
f 4054/3882/4054 4218/3993/4055 4074/3993/4055
f 4074/3889/4055 4224/3995/4056 4080/3995/4056
f 4034/3797/3511 4185/3798/4041 4041/3798/4041
f 4080/3915/4056 4230/4003/4057 4086/4003/4058
f 4086/3934/4058 4236/3934/4059 4092/3934/4060
f 4092/3954/4060 4242/3954/4061 4098/3954/4062
f 4100/4016/4063 4247/3966/4064 4103/3966/4065
f 4101/4013/4066 4249/3957/4067 4105/3957/4068
f 4102/4015/4069 4245/3963/4070 4101/3963/4066
f 4103/4017/4065 4246/3971/4071 4102/3971/4069
f 4104/4014/4072 4244/3960/4073 4100/3960/4063
f 4098/3959/4062 4248/4014/4074 4104/4014/4072
f 4106/3797/3827 4178/3797/3827 4034/3797/3827
f 4108/3974/4075 4251/3806/4076 4107/3806/4077
f 4109/3973/4078 4265/3799/4079 4121/3799/4080
f 4107/3896/4077 4257/3895/4081 4113/3895/4081
f 4115/3813/4082 4271/3812/4083 4127/3812/4083
f 4118/3977/4084 4259/3817/4085 4115/3817/4082
f 4121/3979/4080 4262/3823/4086 4118/3823/4084
f 4125/3830/4050 4268/3981/3831 4124/3981/3831
f 4134/3842/4051 4269/3985/4050 4125/3985/4050
f 4124/3981/3831 4253/3829/4087 4109/3829/4078
f 4127/3982/4083 4252/3832/4075 4108/3832/4075
f 4141/3867/3832 4278/3866/4051 4134/3866/4051
f 4126/3827/4054 4285/3980/3832 4141/3980/3832
f 4146/3993/4055 4270/3882/4054 4126/3882/4054
f 4152/3995/4056 4290/3889/4055 4146/3889/4055
f 4113/3798/4081 4250/3797/3565 4106/3797/3565
f 4158/4003/4057 4296/3915/4056 4152/3915/4056
f 4164/3934/4088 4302/3934/4057 4158/3934/4057
f 4170/3954/4089 4308/3954/4088 4164/3954/4088
f 4175/3966/4090 4316/4016/4091 4172/4016/4092
f 4177/3957/4093 4317/4013/4094 4173/4013/4095
f 4173/3963/4095 4318/4015/4096 4174/4015/4097
f 4174/3971/4097 4319/4017/4098 4175/4017/4090
f 4172/3960/4092 4320/4014/4099 4176/4014/4100
f 4105/4019/4068 4321/4019/4101 4177/4019/4093
f 4176/4014/4100 4314/3959/4102 4170/3959/4089
f 3750/3518/3500 3669/3518/3500 3670/3519/3501
f 3775/3520/3502 3785/3521/3503 3704/3521/3503
f 3759/3522/3504 3678/3522/3504 3672/3523/3505
f 3733/3524/3507 3748/3526/3563 3740/3525/3508
f 3686/3527/3510 3674/3712/3511 3676/3528/3511
f 3752/3530/3513 3671/3530/3554 3678/3531/3504
f 3749/3532/3514 3668/3532/3514 3669/3533/3500
f 3775/3534/3502 3694/3534/3502 3712/3535/3515
f 3672/3536/3505 3673/3713/3530 3675/3537/3516
f 3702/3539/3518 3685/3714/3525 3682/3540/3519
f 3692/3542/3521 3680/3715/3526 3681/3543/3522
f 3703/3545/3524 3688/3716/3528 3685/3546/3525
f 3680/3548/3526 3683/3717/3529 3684/3549/3527
f 3705/3551/3511 3677/3718/3511 3688/3552/3528
f 3683/3554/3529 3686/3719/3510 3687/3555/3512
f 3705/3557/3511 3706/3720/3511 3691/3558/3511
f 3674/3559/3511 3689/3721/3511 3690/3560/3511
f 3673/3562/3530 3692/3722/3521 3693/3563/3523
f 3701/3565/3520 3682/3589/3519 3694/3566/3502
f 3681/3568/3522 3696/3723/3534 3700/3569/3531
f 3676/3571/3511 3690/3724/3511 3699/3572/3511
f 3676/3574/3511 3695/3546/3511 3698/3575/3532
f 3687/3577/3512 3698/3581/3532 3697/3578/3533
f 3684/3580/3527 3697/3725/3533 3696/3581/3534
f 3751/3586/3501 3670/3586/3501 3719/3587/3535
f 3793/3591/3515 3712/3591/3515 3718/3592/3537
f 3696/3593/3534 3701/3726/3520 3704/3594/3503
f 3695/3596/3511 3699/3604/3511 3706/3597/3511
f 3695/3599/3511 3705/3727/3511 3703/3600/3524
f 3698/3602/3532 3703/3600/3524 3702/3603/3518
f 3697/3605/3533 3702/3728/3518 3701/3606/3520
f 3688/3608/3528 3710/3729/3539 3709/3609/3538
f 3677/3611/3511 3707/3730/3511 3710/3612/3539
f 3691/3614/3511 3711/3731/3511 3707/3615/3511
f 3682/3617/3519 3708/3732/3540 3712/3618/3515
f 3785/3620/3503 3781/3621/3531 3700/3621/3531
f 3685/3622/3525 3709/3733/3538 3708/3623/3540
f 3711/3625/3511 3717/3734/3511 3713/3626/3511
f 3709/3628/3538 3715/3735/3544 3714/3629/3541
f 3818/3632/3543 3812/3631/3542 3733/3633/3507
f 3812/3631/3542 3732/3631/3542 3733/3633/3507
f 3710/3634/3539 3716/3736/3545 3715/3635/3544
f 3708/3637/3540 3714/3737/3541 3718/3638/3537
f 3707/3640/3511 3713/3683/3511 3716/3641/3545
f 3781/3643/3531 3760/3644/3582 3679/3644/3517
f 3716/3645/3545 3724/3617/3548 3723/3646/3546
f 3714/3570/3541 3722/3738/3549 3726/3648/3547
f 3713/3650/3511 3721/3739/3511 3724/3651/3548
f 3717/3653/3511 3725/3740/3511 3721/3654/3511
f 3715/3655/3544 3723/3741/3546 3722/3656/3549
f 3812/3524/3542 3806/3759/3547 3720/3658/3550
f 3720/3658/3550 3726/3759/3547 3732/3524/3542
f 3724/3659/3548 3730/3742/3553 3729/3660/3551
f 3722/3662/3549 3728/3743/3552 3732/3663/3542
f 3725/3665/3511 3731/3744/3511 3727/3666/3511
f 3723/3668/3546 3729/3745/3551 3728/3669/3552
f 3721/3671/3511 3727/3746/3511 3730/3672/3553
f 3800/3674/3536 3719/3674/3535 3671/3675/3554
f 3730/3676/3553 3737/3747/3557 3736/3677/3555
f 3728/3679/3552 3735/3748/3556 3739/3680/3543
f 3731/3682/3511 3738/3749/3511 3734/3683/3511
f 3729/3685/3551 3736/3750/3555 3735/3686/3556
f 3727/3688/3511 3734/3751/3511 3737/3689/3557
f 3806/3692/3547 3799/3691/3537 3720/3625/3550
f 3799/3691/3537 3718/3691/3537 3720/3625/3550
f 3737/3693/3557 3744/3752/3561 3743/3694/3558
f 3735/3696/3556 3742/3753/3560 3746/3697/3559
f 3738/3518/3511 3745/3754/3511 3741/3699/3511
f 3736/3701/3555 3743/3755/3558 3742/3702/3560
f 3734/3704/3511 3741/3756/3511 3744/3705/3561
f 3739/3710/3543 3746/3757/3559 3747/3711/3562
f 3767/3527/3564 3768/3529/3577 3757/3528/3565
f 3753/3536/3506 3760/3538/3582 3756/3537/3566
f 3783/3539/3568 3782/3541/3578 3763/3540/3569
f 3773/3542/3521 3774/3544/3523 3762/3543/3571
f 3784/3545/3573 3783/3547/3568 3766/3546/3570
f 3761/3548/3572 3762/3550/3571 3765/3549/3575
f 3786/3551/3565 3784/3553/3573 3769/3552/3574
f 3764/3554/3576 3765/3556/3575 3768/3555/3577
f 3786/3557/3565 3758/3532/3565 3772/3558/3565
f 3755/3559/3565 3757/3561/3565 3771/3560/3565
f 3754/3562/3567 3756/3564/3566 3774/3563/3523
f 3782/3565/3578 3785/3567/3503 3775/3566/3502
f 3762/3568/3571 3774/3570/3523 3781/3569/3531
f 3757/3571/3565 3776/3573/3565 3780/3572/3565
f 3757/3574/3565 3768/3576/3577 3779/3575/3580
f 3768/3577/3577 3765/3579/3575 3778/3578/3581
f 3765/3580/3575 3762/3582/3571 3777/3581/3579
f 3777/3593/3579 3781/3595/3531 3785/3594/3503
f 3776/3596/3565 3786/3598/3565 3787/3597/3565
f 3776/3599/3565 3779/3601/3580 3784/3600/3573
f 3779/3602/3580 3778/3604/3581 3783/3603/3568
f 3778/3605/3581 3777/3607/3579 3782/3606/3578
f 3769/3608/3574 3766/3610/3570 3790/3609/3583
f 3758/3611/3565 3769/3613/3574 3791/3612/3584
f 3772/3614/3565 3758/3616/3565 3788/3615/3565
f 3763/3617/3569 3775/3619/3502 3793/3618/3515
f 3766/3622/3570 3763/3624/3569 3789/3623/3585
f 3792/3625/3565 3788/3627/3565 3794/3626/3565
f 3790/3628/3583 3789/3630/3585 3795/3629/3586
f 3791/3634/3584 3790/3636/3583 3796/3635/3587
f 3789/3637/3585 3793/3639/3515 3799/3638/3537
f 3788/3640/3565 3791/3642/3584 3797/3641/3588
f 3797/3645/3588 3796/3647/3587 3803/3646/3589
f 3795/3570/3586 3799/3649/3537 3806/3648/3547
f 3794/3650/3565 3797/3652/3588 3804/3651/3590
f 3798/3653/3565 3794/3640/3565 3801/3654/3565
f 3796/3655/3587 3795/3657/3586 3802/3656/3591
f 3804/3659/3590 3803/3661/3589 3809/3660/3592
f 3802/3662/3591 3806/3664/3547 3812/3663/3542
f 3805/3665/3565 3801/3667/3565 3807/3666/3565
f 3803/3668/3589 3802/3670/3591 3808/3669/3594
f 3801/3671/3565 3804/3673/3590 3810/3672/3593
f 3810/3676/3593 3809/3678/3592 3815/3677/3595
f 3808/3679/3594 3812/3681/3542 3818/3680/3543
f 3811/3682/3565 3807/3684/3565 3813/3683/3565
f 3809/3685/3592 3808/3687/3594 3814/3686/3597
f 3807/3688/3565 3810/3690/3593 3816/3689/3596
f 3816/3693/3596 3815/3695/3595 3821/3694/3598
f 3814/3696/3597 3818/3698/3543 3824/3697/3559
f 3817/3518/3565 3813/3700/3565 3819/3699/3565
f 3815/3701/3595 3814/3703/3597 3820/3702/3600
f 3813/3704/3565 3816/3706/3596 3822/3705/3599
f 3818/3710/3543 3733/3520/3507 3825/3711/3601
f 3672/3758/3505 3679/3586/3517 3760/3586/3582
f 3909/3518/3602 3910/3519/3603 3829/3519/3603
f 3934/3520/3604 3853/3520/3618 3863/3521/3605
f 3918/3522/3607 3912/3523/3680 3831/3523/3608
f 3892/3524/3609 3985/3526/3732 3899/3525/3610
f 3845/3527/3612 3846/3529/3633 3835/3528/3613
f 3911/3530/3615 3918/3531/3607 3837/3531/3607
f 3908/3532/3616 3909/3533/3602 3828/3533/3602
f 3934/3534/3604 3952/3535/3643 3871/3535/3617
f 3831/3536/3608 3838/3538/3642 3834/3537/3619
f 3861/3539/3621 3860/3541/3635 3841/3540/3622
f 3851/3542/3624 3852/3544/3634 3840/3543/3625
f 3862/3545/3627 3861/3547/3621 3844/3546/3623
f 3839/3548/3626 3840/3550/3625 3843/3549/3629
f 3864/3551/3631 3862/3553/3627 3847/3552/3628
f 3842/3554/3630 3843/3556/3629 3846/3555/3633
f 3864/3557/3631 3836/3532/3632 3850/3558/3565
f 3833/3559/3614 3835/3561/3613 3849/3560/3565
f 3832/3562/3620 3834/3564/3619 3852/3563/3634
f 3860/3565/3635 3863/3567/3605 3853/3566/3618
f 3840/3568/3625 3852/3570/3634 3859/3569/3636
f 3835/3571/3613 3854/3573/3639 3858/3572/3565
f 3835/3574/3613 3846/3576/3633 3857/3575/3638
f 3846/3577/3633 3843/3579/3629 3856/3578/3640
f 3843/3580/3629 3840/3582/3625 3855/3581/3637
f 3910/3586/3603 3959/3587/3641 3878/3587/3641
f 3952/3591/3643 3958/3592/3709 3877/3592/3644
f 3855/3593/3637 3859/3595/3636 3863/3594/3605
f 3854/3596/3639 3864/3598/3631 3865/3597/3565
f 3854/3599/3639 3857/3601/3638 3862/3600/3627
f 3857/3602/3638 3856/3604/3640 3861/3603/3621
f 3856/3605/3640 3855/3607/3637 3860/3606/3635
f 3847/3608/3628 3844/3610/3623 3868/3609/3645
f 3836/3611/3632 3847/3613/3628 3869/3612/3646
f 3850/3614/3565 3836/3616/3632 3866/3615/3647
f 3841/3617/3622 3853/3619/3618 3871/3618/3617
f 3944/3620/3606 3863/3620/3605 3859/3621/3636
f 3844/3622/3623 3841/3624/3622 3867/3623/3648
f 3870/3625/3565 3866/3627/3647 3872/3626/3650
f 3868/3628/3645 3867/3630/3648 3873/3629/3651
f 3891/3631/3654 3971/3631/3717 3892/3633/3609
f 3971/3631/3717 3977/3632/3722 3892/3633/3609
f 3869/3634/3646 3868/3636/3645 3874/3635/3652
f 3867/3637/3648 3871/3639/3617 3877/3638/3644
f 3866/3640/3647 3869/3642/3646 3875/3641/3655
f 3940/3643/3649 3859/3643/3636 3838/3644/3642
f 3875/3645/3655 3874/3647/3652 3882/3646/3657
f 3873/3570/3651 3877/3649/3644 3885/3648/3659
f 3872/3650/3650 3875/3652/3655 3883/3651/3658
f 3876/3653/3565 3872/3640/3650 3880/3654/3661
f 3874/3655/3652 3873/3657/3651 3881/3656/3660
f 3879/3658/3662 3965/3759/3712 3971/3524/3717
f 3971/3524/3717 3891/3524/3654 3879/3658/3662
f 3883/3659/3658 3882/3661/3657 3888/3660/3663
f 3881/3662/3660 3885/3664/3659 3891/3663/3654
f 3884/3665/3565 3880/3667/3661 3886/3666/3666
f 3882/3668/3657 3881/3670/3660 3887/3669/3665
f 3880/3671/3661 3883/3673/3658 3889/3672/3664
f 3959/3674/3641 3911/3675/3615 3830/3675/3615
f 3889/3676/3664 3888/3678/3663 3895/3677/3667
f 3887/3679/3665 3891/3681/3654 3898/3680/3653
f 3890/3682/3565 3886/3684/3666 3893/3683/3670
f 3888/3685/3663 3887/3687/3665 3894/3686/3669
f 3886/3688/3666 3889/3690/3664 3896/3689/3668
f 3877/3691/3644 3958/3691/3709 3879/3625/3662
f 3958/3691/3709 3965/3692/3712 3879/3625/3662
f 3896/3693/3668 3895/3695/3667 3902/3694/3671
f 3894/3696/3669 3898/3698/3653 3905/3697/3673
f 3897/3518/3565 3893/3700/3670 3900/3699/3675
f 3895/3701/3667 3894/3703/3669 3901/3702/3674
f 3893/3704/3670 3896/3706/3668 3903/3705/3672
f 3898/3710/3653 3892/3520/3609 3906/3711/3676
f 3926/3527/3677 3914/3712/3696 3916/3528/3678
f 3912/3536/3680 3913/3713/3697 3915/3537/3681
f 3942/3539/3682 3925/3714/3689 3922/3540/3683
f 3932/3542/3685 3920/3715/3690 3921/3543/3686
f 3943/3545/3688 3928/3716/3693 3925/3546/3689
f 3920/3548/3690 3923/3717/3694 3924/3549/3691
f 3945/3551/3692 3917/3718/3695 3928/3552/3693
f 3923/3554/3694 3926/3719/3677 3927/3555/3679
f 3945/3557/3692 3946/3720/3511 3931/3558/3511
f 3914/3559/3696 3929/3721/3511 3930/3560/3511
f 3913/3562/3697 3932/3722/3685 3933/3563/3687
f 3941/3565/3684 3922/3589/3683 3934/3566/3604
f 3921/3568/3686 3936/3723/3701 3940/3569/3649
f 3916/3571/3678 3930/3724/3511 3939/3572/3511
f 3916/3574/3678 3935/3546/3698 3938/3575/3699
f 3927/3577/3679 3938/3581/3699 3937/3578/3700
f 3924/3580/3691 3937/3725/3700 3936/3581/3701
f 3936/3593/3701 3941/3726/3684 3944/3594/3606
f 3935/3596/3698 3939/3604/3511 3946/3597/3511
f 3935/3599/3698 3945/3727/3692 3943/3600/3688
f 3938/3602/3699 3943/3600/3688 3942/3603/3682
f 3937/3605/3700 3942/3728/3682 3941/3606/3684
f 3928/3608/3693 3950/3729/3703 3949/3609/3702
f 3917/3611/3695 3947/3730/3704 3950/3612/3703
f 3931/3614/3511 3951/3731/3511 3947/3615/3704
f 3922/3617/3683 3948/3732/3705 3952/3618/3643
f 3925/3622/3689 3949/3733/3702 3948/3623/3705
f 3951/3625/3511 3957/3734/3511 3953/3626/3706
f 3949/3628/3702 3955/3735/3708 3954/3629/3707
f 3950/3634/3703 3956/3736/3710 3955/3635/3708
f 3948/3637/3705 3954/3737/3707 3958/3638/3709
f 3947/3640/3704 3953/3683/3706 3956/3641/3710
f 3956/3645/3710 3963/3617/3713 3962/3646/3711
f 3954/3570/3707 3961/3738/3715 3965/3648/3712
f 3953/3650/3706 3960/3739/3714 3963/3651/3713
f 3957/3653/3511 3964/3740/3511 3960/3654/3714
f 3955/3655/3708 3962/3741/3711 3961/3656/3715
f 3963/3659/3713 3969/3742/3720 3968/3660/3716
f 3961/3662/3715 3967/3743/3719 3971/3663/3717
f 3964/3665/3511 3970/3744/3511 3966/3666/3718
f 3962/3668/3711 3968/3745/3716 3967/3669/3719
f 3960/3671/3714 3966/3746/3718 3969/3672/3720
f 3969/3676/3720 3975/3747/3725 3974/3677/3721
f 3967/3679/3719 3973/3748/3724 3977/3680/3722
f 3970/3682/3511 3976/3749/3511 3972/3683/3723
f 3968/3685/3716 3974/3750/3721 3973/3686/3724
f 3966/3688/3718 3972/3751/3723 3975/3689/3725
f 3975/3693/3725 3981/3752/3730 3980/3694/3726
f 3973/3696/3724 3979/3753/3729 3983/3697/3727
f 3976/3518/3511 3982/3754/3511 3978/3699/3728
f 3974/3701/3721 3980/3755/3726 3979/3702/3729
f 3972/3704/3723 3978/3756/3728 3981/3705/3730
f 3977/3710/3722 3983/3757/3727 3984/3711/3731
f 3831/3758/3608 3912/3758/3680 3919/3586/3656
f 3668/3532/3511 3827/3532/3511 3828/3533/3733
f 3669/3518/3734 3828/3518/3733 3829/3519/3735
f 3670/3586/3736 3829/3586/3735 3878/3587/3737
f 3671/3530/3739 3830/3530/3764 3837/3531/3740
f 3672/3536/3742 3831/3536/3748 3832/3713/3743
f 3686/3527/3745 3845/3527/3754 3833/3712/3746
f 3678/3522/3741 3837/3522/3740 3831/3523/3748
f 3692/3542/3749 3851/3542/3758 3839/3715/3750
f 3680/3548/3751 3839/3548/3750 3842/3717/3752
f 3683/3554/3753 3842/3554/3752 3845/3719/3754
f 3689/3721/3755 3848/3721/3755 3849/3560/3756
f 3690/3724/3756 3849/3724/3756 3858/3572/3757
f 3674/3559/3747 3833/3559/3746 3848/3721/3755
f 3673/3562/3744 3832/3562/3743 3851/3722/3758
f 3699/3604/3757 3858/3604/3757 3865/3597/3759
f 3706/3720/3759 3865/3720/3759 3850/3558/3760
f 3691/3614/3761 3850/3614/3760 3870/3731/3762
f 3711/3625/3762 3870/3625/3762 3876/3734/3763
f 3719/3674/3738 3878/3674/3737 3830/3675/3764
f 3717/3653/3763 3876/3653/3763 3884/3740/3765
f 3725/3665/3766 3884/3665/3765 3890/3744/3767
f 3731/3682/3768 3890/3682/3767 3897/3749/3769
f 3741/3756/3770 3900/3756/3779 3903/3705/3771
f 3742/3753/3773 3901/3753/3776 3905/3697/3774
f 3743/3755/3775 3902/3755/3777 3901/3702/3776
f 3744/3752/3772 3903/3752/3771 3902/3694/3777
f 3745/3754/3778 3904/3754/3778 3900/3699/3779
f 3746/3757/3774 3905/3757/3774 3906/3711/3780
f 3738/3518/3769 3897/3518/3769 3904/3754/3778
f 3747/3708/3781 3906/3708/3780 3907/3709/3782
f 3748/3526/3783 3907/3526/3782 3899/3525/3784
f 3749/3532/3786 3908/3532/3786 3827/3532/3786
f 3750/3533/3787 3909/3533/3789 3908/3532/3565
f 3751/3519/3788 3910/3519/3791 3909/3518/3789
f 3800/3587/3790 3959/3587/3811 3910/3586/3791
f 3759/3531/3792 3918/3531/3801 3911/3530/3793
f 3754/3713/3795 3913/3713/3809 3912/3536/3796
f 3755/3712/3798 3914/3712/3808 3926/3527/3799
f 3753/3523/3797 3912/3523/3796 3918/3522/3801
f 3761/3715/3802 3920/3715/3806 3932/3542/3803
f 3764/3717/3805 3923/3717/3807 3920/3548/3806
f 3767/3719/3800 3926/3719/3799 3923/3554/3807
f 3771/3560/3756 3930/3560/3756 3929/3721/3755
f 3780/3572/3757 3939/3572/3757 3930/3724/3756
f 3770/3721/3755 3929/3721/3755 3914/3559/3808
f 3773/3722/3804 3932/3722/3803 3913/3562/3809
f 3787/3597/3759 3946/3597/3759 3939/3604/3757
f 3772/3558/3760 3931/3558/3761 3946/3720/3759
f 3792/3731/3810 3951/3731/3762 3931/3614/3761
f 3798/3734/3763 3957/3734/3763 3951/3625/3762
f 3752/3675/3794 3911/3675/3793 3959/3674/3811
f 3805/3740/3765 3964/3740/3766 3957/3653/3763
f 3811/3744/3767 3970/3744/3767 3964/3665/3766
f 3817/3749/3769 3976/3749/3769 3970/3682/3767
f 3822/3705/3812 3981/3705/3820 3978/3756/3813
f 3824/3697/3815 3983/3697/3822 3979/3753/3816
f 3820/3702/3817 3979/3702/3816 3980/3755/3818
f 3821/3694/3819 3980/3694/3818 3981/3752/3820
f 3819/3699/3814 3978/3699/3813 3982/3754/3778
f 3825/3711/3821 3984/3711/3824 3983/3757/3822
f 3823/3754/3778 3982/3754/3778 3976/3518/3769
f 3826/3709/3823 3985/3709/3825 3984/3708/3824
f 3740/3525/3785 3899/3525/3784 3985/3526/3825
f 4005/3760/3826 4004/3761/3827 3992/3761/3827
f 3998/3762/3828 4009/3763/3829 3997/3763/3829
f 4004/3761/3827 4003/3764/3830 3991/3764/3830
f 4002/3765/3831 4001/3766/3832 3989/3766/3832
f 4007/3767/3833 4006/3768/3834 3994/3768/3834
f 4003/3764/3830 4002/3765/3831 3990/3765/3831
f 4006/3768/3834 4005/3760/3826 3993/3760/3826
f 4000/3769/3835 3999/3770/3836 3987/3770/3836
f 4009/3763/3829 4008/3771/3837 3996/3771/3837
f 3999/3770/3836 3998/3762/3828 3986/3762/3828
f 3988/3773/3511 3987/4020/3511 3986/3776/3511
f 3986/3776/3511 3997/4021/3511 3996/3774/3511
f 3996/3774/3511 3995/4022/3511 3994/3775/3511
f 3994/3775/3511 3993/4023/3511 3992/4024/3511
f 3992/4024/3511 3991/4025/3511 3990/3772/3511
f 3990/3772/3511 3989/4026/3511 3988/3773/3511
f 3988/3773/3511 3986/3776/3511 3996/3774/3511
f 3996/3774/3511 3994/3775/3511 3992/4024/3511
f 3992/4024/3511 3990/3772/3511 3996/3774/3511
f 4001/3766/3832 4000/3769/3835 3988/3769/3835
f 3998/3776/3565 3999/4020/3565 4000/3773/3565
f 4000/3773/3565 4001/4026/3565 4002/3772/3565
f 4002/3772/3565 4003/4025/3565 4004/4024/3565
f 4004/4024/3565 4005/4023/3565 4006/3775/3565
f 4006/3775/3565 4007/4022/3565 4008/3774/3565
f 4008/3774/3565 4009/4021/3565 3998/3776/3565
f 3998/3776/3565 4000/3773/3565 4006/3775/3565
f 4000/3773/3565 4002/3772/3565 4006/3775/3565
f 4002/3772/3565 4004/4024/3565 4006/3775/3565
f 4007/3767/3833 3995/3767/3833 3996/3771/3837
f 4028/3777/3827 4027/3778/3830 4015/3778/3830
f 4025/3779/3832 4024/3780/3835 4012/3780/3835
f 4031/3781/3833 4030/3782/3834 4018/3782/3834
f 4027/3778/3830 4026/3783/3831 4014/3783/3831
f 4033/3784/3829 4032/3785/3837 4020/3785/3837
f 4030/3782/3834 4029/3786/3826 4017/3786/3826
f 4032/3785/3837 4031/3781/3833 4019/3781/3833
f 4024/3780/3835 4023/3787/3836 4011/3787/3836
f 4026/3783/3831 4025/3779/3832 4013/3779/3832
f 4023/3787/3836 4022/3788/3828 4010/3788/3828
f 4022/3788/3828 4033/3784/3829 4021/3784/3829
f 4012/3791/3511 4011/4027/3511 4010/3794/3511
f 4010/3794/3511 4021/4028/4103 4020/3793/3511
f 4020/3793/3511 4019/4029/4103 4018/3792/3511
f 4018/3792/3511 4017/4030/3511 4016/3789/3511
f 4016/3789/3511 4015/4031/3511 4014/3790/3511
f 4014/3790/3511 4013/4032/4104 4012/3791/3511
f 4012/3791/3511 4010/3794/3511 4016/3789/3511
f 4010/3794/3511 4020/3793/3511 4016/3789/3511
f 4020/3793/3511 4018/3792/3511 4016/3789/3511
f 4022/3794/3565 4023/4027/3565 4024/3791/3565
f 4024/3791/3565 4025/4032/3897 4026/3790/3565
f 4026/3790/3565 4027/4031/3565 4028/3789/3565
f 4028/3789/3565 4029/4030/3565 4030/3792/3565
f 4030/3792/3565 4031/4029/4105 4032/3793/3565
f 4032/3793/3565 4033/4028/3565 4022/3794/3565
f 4022/3794/3565 4024/3791/3565 4026/3790/3565
f 4026/3790/3565 4028/3789/3565 4022/3794/3565
f 4028/3789/3565 4030/3792/3565 4022/3794/3565
f 4029/3786/3826 4028/3777/3827 4016/3777/3827
f 4139/3795/3833 4135/3796/3838 4063/3796/3838
f 4034/3797/3833 4041/3798/3833 4113/3798/3833
f 4049/3799/3839 4037/3973/3511 4039/3800/3511
f 4159/3802/3841 4087/3802/3841 4093/3803/3842
f 4135/3804/3838 4114/3805/3838 4042/3805/3838
f 4035/3806/3833 4036/3974/3833 4038/3807/3838
f 4065/3809/3843 4048/3975/3848 4045/3810/3844
f 4055/3812/3833 4043/3813/3849 4044/3813/3846
f 4066/3814/3847 4051/3976/3852 4048/3815/3848
f 4043/3817/3849 4046/3977/3853 4047/3818/3850
f 4068/3820/3851 4040/3978/3511 4051/3821/3852
f 4046/3823/3853 4049/3979/3839 4050/3824/3840
f 4068/3826/3851 4069/3980/3851 4054/3827/3511
f 4037/3829/3511 4052/3981/4106 4053/3830/3511
f 4036/3832/3833 4055/3982/3833 4056/3833/3838
f 4064/3835/3845 4045/3983/3844 4057/3836/3854
f 4044/3838/3846 4059/3984/3857 4063/3839/3838
f 4039/3841/3511 4053/3985/3511 4062/3842/3851
f 4039/3844/3511 4058/3986/3851 4061/3845/3855
f 4050/3847/3840 4061/3987/3855 4060/3848/3856
f 4047/3850/3850 4060/3988/3856 4059/3851/3857
f 4129/3856/3854 4139/3857/3833 4067/3857/3833
f 4035/3861/3833 4042/3862/3838 4114/3862/3838
f 4059/3863/3857 4064/3989/3845 4067/3864/3833
f 4058/3866/3851 4062/3866/3851 4069/3867/3851
f 4058/3868/3851 4068/3990/3851 4066/3869/3847
f 4061/3871/3855 4066/3991/3847 4065/3872/3843
f 4060/3874/3856 4065/3875/3843 4064/3875/3845
f 4051/3876/3852 4073/3876/3859 4072/3877/3858
f 4040/3879/3511 4070/3992/3511 4073/3880/3859
f 4054/3882/3511 4074/3993/3511 4070/3883/3511
f 4045/3885/3844 4071/3885/3861 4075/3886/3860
f 4048/3887/3848 4072/3994/3858 4071/3888/3861
f 4074/3889/3511 4080/3995/3511 4076/3890/3511
f 4072/3892/3858 4078/3996/3863 4077/3893/3862
f 4113/3895/3833 4041/3895/3833 4035/3896/3833
f 4073/3897/3859 4079/3997/3865 4078/3898/3863
f 4071/3900/3861 4077/3998/3862 4081/3901/3864
f 4070/3903/3511 4076/3999/3511 4079/3904/3865
f 4079/3906/3865 4085/4000/3867 4084/3907/3866
f 4077/3909/3862 4083/4001/3868 4087/3910/3841
f 4076/3912/3511 4082/4002/3511 4085/3913/3867
f 4080/3915/3511 4086/4003/3511 4082/3916/3511
f 4078/3918/3863 4084/4004/3866 4083/3919/3868
f 4147/3921/3860 4075/3921/3860 4081/3922/3864
f 4082/3923/3511 4088/4005/3871 4091/3924/3869
f 4085/3926/3867 4091/4006/3869 4090/3927/3870
f 4083/3929/3868 4089/4007/3872 4093/3930/3842
f 4129/3932/3854 4057/3932/3854 4075/3933/3860
f 4086/3934/3511 4092/3934/3877 4088/3935/3871
f 4084/3937/3866 4090/4008/3870 4089/3938/3872
f 4090/3940/3870 4096/4009/3875 4095/3941/3873
f 4088/3943/3871 4094/4010/3878 4097/3944/3874
f 4153/3946/3864 4081/3946/3864 4087/3947/3841
f 4091/3948/3869 4097/4011/3874 4096/3949/3875
f 4089/3951/3872 4095/4012/3873 4099/3952/3876
f 4092/3954/3877 4098/3954/3880 4094/3955/3878
f 4095/3956/3873 4101/4013/3882 4105/3957/3879
f 4098/3959/3880 4104/4014/4107 4100/3960/3881
f 4096/3962/3875 4102/4015/3884 4101/3963/3882
f 4094/3965/3878 4100/4016/3881 4103/3966/3883
f 4165/3968/3842 4093/3968/3842 4099/3969/3876
f 4097/3970/3874 4103/4017/3883 4102/3971/3884
f 4121/3799/3885 4122/3801/3896 4111/3800/3565
f 4107/3806/3833 4114/3808/3838 4110/3807/3838
f 4137/3809/3886 4136/3811/3898 4117/3810/3887
f 4127/3812/3833 4128/3812/3838 4116/3813/3889
f 4138/3814/3891 4137/3816/3886 4120/3815/3888
f 4115/3817/3890 4116/3819/3889 4119/3818/3893
f 4140/3820/3895 4138/3822/3891 4123/3821/3892
f 4118/3823/3894 4119/3825/3893 4122/3824/3896
f 4140/3826/3895 4112/3828/3565 4126/3827/3565
f 4109/3829/3565 4111/3831/3565 4125/3830/3565
f 4108/3832/3833 4110/3834/3838 4128/3833/3838
f 4136/3835/3898 4139/3837/3833 4129/3836/3854
f 4116/3838/3889 4128/3840/3838 4135/3839/3838
f 4111/3841/3565 4130/3843/3895 4134/3842/3895
f 4111/3844/3565 4122/3846/3896 4133/3845/3900
f 4122/3847/3896 4119/3849/3893 4132/3848/3901
f 4119/3850/3893 4116/3852/3889 4131/3851/3899
f 4131/3863/3899 4135/3865/3838 4139/3864/3833
f 4130/3866/3895 4140/3867/3895 4141/3867/3895
f 4130/3868/3895 4133/3870/3900 4138/3869/3891
f 4133/3871/3900 4132/3873/3901 4137/3872/3886
f 4132/3874/3901 4131/3874/3899 4136/3875/3898
f 4123/3876/3892 4120/3878/3888 4144/3877/3902
f 4112/3879/3565 4123/3881/3892 4145/3880/3903
f 4126/3882/3565 4112/3884/3565 4142/3883/3565
f 4117/3885/3887 4129/3886/3854 4147/3886/3860
f 4120/3887/3888 4117/3888/3887 4143/3888/3904
f 4146/3889/3565 4142/3891/3565 4148/3890/3565
f 4144/3892/3902 4143/3894/3904 4149/3893/3905
f 4145/3897/3903 4144/3899/3902 4150/3898/3906
f 4143/3900/3904 4147/3902/3860 4153/3901/3864
f 4142/3903/3565 4145/3905/3903 4151/3904/3907
f 4151/3906/3907 4150/3908/3906 4156/3907/3908
f 4149/3909/3905 4153/3911/3864 4159/3910/3841
f 4148/3912/3565 4151/3914/3907 4157/3913/3909
f 4152/3915/3565 4148/3917/3565 4154/3916/3565
f 4150/3918/3906 4149/3920/3905 4155/3919/3910
f 4154/3923/3565 4157/3925/3909 4163/3924/3911
f 4157/3926/3909 4156/3928/3908 4162/3927/3913
f 4155/3929/3910 4159/3931/3841 4165/3930/3842
f 4158/3934/3565 4154/3936/3565 4160/3935/3912
f 4156/3937/3908 4155/3939/3910 4161/3938/3914
f 4162/3940/3913 4161/3942/3914 4167/3941/3916
f 4160/3943/3912 4163/3945/3911 4169/3944/3918
f 4163/3948/3911 4162/3950/3913 4168/3949/3917
f 4161/3951/3914 4165/3953/3842 4171/3952/3876
f 4164/3954/3915 4160/3955/3912 4166/3955/3919
f 4167/3956/3916 4171/3958/3876 4177/3957/3879
f 4170/3959/3920 4166/3961/3919 4172/3960/3922
f 4168/3962/3917 4167/3964/3916 4173/3963/3921
f 4166/3965/3919 4169/3967/3918 4175/3966/3925
f 4169/3970/3918 4168/3972/3917 4174/3971/3924
f 4171/4018/3876 4099/4018/3876 4105/4019/3879
f 4283/3795/3926 4211/3795/3953 4207/3796/3927
f 4178/3797/3832 4250/3797/3832 4257/3798/3832
f 4193/3799/3928 4194/3801/3944 4183/3800/3661
f 4303/3802/3930 4309/3803/3987 4237/3803/3931
f 4279/3804/3927 4207/3804/3927 4186/3805/3927
f 4179/3806/3832 4186/3808/3927 4182/3807/3927
f 4209/3809/3933 4208/3811/3947 4189/3810/3934
f 4199/3812/3832 4200/3812/3946 4188/3813/3936
f 4210/3814/3938 4209/3816/3933 4192/3815/3935
f 4187/3817/3937 4188/3819/3936 4191/3818/3940
f 4212/3820/3942 4210/3822/3938 4195/3821/3939
f 4190/3823/3941 4191/3825/3940 4194/3824/3944
f 4212/3826/3942 4184/3828/3943 4198/3827/3565
f 4181/3829/3929 4183/3831/3661 4197/3830/3565
f 4180/3832/3832 4182/3834/3927 4200/3833/3946
f 4208/3835/3947 4211/3837/3953 4201/3836/3948
f 4188/3838/3936 4200/3840/3946 4207/3839/3927
f 4183/3841/3661 4202/3843/3945 4206/3842/3945
f 4183/3844/3661 4194/3846/3944 4205/3845/3950
f 4194/3847/3944 4191/3849/3940 4204/3848/3951
f 4191/3850/3940 4188/3852/3936 4203/3851/3949
f 4273/3856/3952 4201/3856/3948 4211/3857/3953
f 4179/3861/3832 4251/3861/3832 4258/3862/3927
f 4203/3863/3949 4207/3865/3927 4211/3864/3953
f 4202/3866/3945 4212/3867/3942 4213/3867/3945
f 4202/3868/3945 4205/3870/3950 4210/3869/3938
f 4205/3871/3950 4204/3873/3951 4209/3872/3933
f 4204/3874/3951 4203/3874/3949 4208/3875/3947
f 4195/3876/3939 4192/3878/3935 4216/3877/3954
f 4184/3879/3943 4195/3881/3939 4217/3880/3955
f 4198/3882/3565 4184/3884/3943 4214/3883/3956
f 4189/3885/3934 4201/3886/3948 4219/3886/3957
f 4192/3887/3935 4189/3888/3934 4215/3888/3958
f 4218/3889/3565 4214/3891/3956 4220/3890/3959
f 4216/3892/3954 4215/3894/3958 4221/3893/3960
f 4257/3895/3832 4251/3896/3832 4179/3896/3832
f 4217/3897/3955 4216/3899/3954 4222/3898/3961
f 4215/3900/3958 4219/3902/3957 4225/3901/3963
f 4214/3903/3956 4217/3905/3955 4223/3904/3962
f 4223/3906/3962 4222/3908/3961 4228/3907/3964
f 4221/3909/3960 4225/3911/3963 4231/3910/3932
f 4220/3912/3959 4223/3914/3962 4229/3913/3965
f 4224/3915/3565 4220/3917/3959 4226/3916/3967
f 4222/3918/3961 4221/3920/3960 4227/3919/3966
f 4291/3921/3968 4297/3922/3978 4225/3922/3963
f 4226/3923/3967 4229/3925/3965 4235/3924/3969
f 4229/3926/3965 4228/3928/3964 4234/3927/3971
f 4227/3929/3966 4231/3931/3932 4237/3930/3931
f 4273/3932/3952 4291/3933/3968 4219/3933/3957
f 4230/3934/3565 4226/3936/3967 4232/3935/3970
f 4228/3937/3964 4227/3939/3966 4233/3938/3972
f 4234/3940/3971 4233/3942/3972 4239/3941/3974
f 4232/3943/3970 4235/3945/3969 4241/3944/3976
f 4297/3946/3978 4303/3947/3930 4231/3947/3932
f 4235/3948/3969 4234/3950/3971 4240/3949/3975
f 4233/3951/3972 4237/3953/3931 4243/3952/3979
f 4236/3954/3973 4232/3955/3970 4238/3955/3977
f 4239/3956/3974 4243/3958/3979 4249/3957/3981
f 4242/3959/3980 4238/3961/3977 4244/3960/3983
f 4240/3962/3975 4239/3964/3974 4245/3963/3982
f 4238/3965/3977 4241/3967/3976 4247/3966/3986
f 4309/3968/3987 4315/3969/3979 4243/3969/3979
f 4241/3970/3976 4240/3972/3975 4246/3971/3985
f 4265/3799/3988 4253/3973/4004 4255/3800/3989
f 4251/3806/3832 4252/3974/3832 4254/3807/3927
f 4281/3809/3991 4264/3975/3997 4261/3810/3992
f 4271/3812/3832 4259/3813/3998 4260/3813/3994
f 4282/3814/3996 4267/3976/4001 4264/3815/3997
f 4259/3817/3998 4262/3977/4002 4263/3818/3999
f 4284/3820/4000 4256/3978/4003 4267/3821/4001
f 4262/3823/4002 4265/3979/3988 4266/3824/3990
f 4284/3826/4000 4285/3980/4005 4270/3827/3511
f 4253/3829/4004 4268/3981/3511 4269/3830/3511
f 4252/3832/3832 4271/3982/3832 4272/3833/3995
f 4280/3835/3993 4261/3983/3992 4273/3836/3952
f 4260/3838/3994 4275/3984/4008 4279/3839/3927
f 4255/3841/3989 4269/3985/3511 4278/3842/4005
f 4255/3844/3989 4274/3986/3511 4277/3845/4006
f 4266/3847/3990 4277/3987/4006 4276/3848/4007
f 4263/3850/3999 4276/3988/4007 4275/3851/4008
f 4275/3863/4008 4280/3989/3993 4283/3864/3926
f 4274/3866/3511 4278/3866/4005 4285/3867/4005
f 4274/3868/3511 4284/3990/4000 4282/3869/3996
f 4277/3871/4006 4282/3991/3996 4281/3872/3991
f 4276/3874/4007 4281/3875/3991 4280/3875/3993
f 4267/3876/4001 4289/3876/4010 4288/3877/4009
f 4256/3879/4003 4286/3992/4011 4289/3880/4010
f 4270/3882/3511 4290/3993/3511 4286/3883/4011
f 4261/3885/3992 4287/3885/4012 4291/3886/3968
f 4264/3887/3997 4288/3994/4009 4287/3888/4012
f 4290/3889/3511 4296/3995/3511 4292/3890/4013
f 4288/3892/4009 4294/3996/4015 4293/3893/4014
f 4289/3897/4010 4295/3997/4016 4294/3898/4015
f 4287/3900/4012 4293/3998/4014 4297/3901/3978
f 4286/3903/4011 4292/3999/4013 4295/3904/4016
f 4295/3906/4016 4301/4000/4018 4300/3907/4017
f 4293/3909/4014 4299/4001/4020 4303/3910/3930
f 4292/3912/4013 4298/4002/4019 4301/3913/4018
f 4296/3915/3511 4302/4003/3511 4298/3916/4019
f 4294/3918/4015 4300/4004/4017 4299/3919/4020
f 4298/3923/4019 4304/4005/4023 4307/3924/4021
f 4301/3926/4018 4307/4006/4021 4306/3927/4022
f 4299/3929/4020 4305/4007/4024 4309/3930/3987
f 4302/3934/3511 4308/3934/4028 4304/3935/4023
f 4300/3937/4017 4306/4008/4022 4305/3938/4024
f 4306/3940/4022 4312/4009/4027 4311/3941/4025
f 4304/3943/4023 4310/4010/4029 4313/3944/4026
f 4307/3948/4021 4313/4011/4026 4312/3949/4027
f 4305/3951/4024 4311/4012/4025 4315/3952/3979
f 4308/3954/4028 4314/3954/4031 4310/3955/4029
f 4311/3956/4025 4317/4013/4033 4321/3957/4030
f 4314/3959/4031 4320/4014/4108 4316/3960/4032
f 4312/3962/4027 4318/4015/4035 4317/3963/4033
f 4310/3965/4029 4316/4016/4032 4319/3966/4034
f 4313/3970/4026 4319/4017/4034 4318/3971/4035
f 4315/4018/3979 4321/4019/4030 4249/4019/3981
f 4035/3806/4036 4179/3806/4042 4180/3974/4037
f 4049/3799/4038 4193/3799/4048 4181/3973/4039
f 4041/3895/4041 4185/3895/4041 4179/3896/4042
f 4055/3812/4043 4199/3812/4053 4187/3813/4044
f 4043/3817/4045 4187/3817/4044 4190/3977/4046
f 4046/3823/4047 4190/3823/4046 4193/3979/4048
f 4052/3981/4049 4196/3981/4052 4197/3830/4050
f 4053/3985/4050 4197/3985/4050 4206/3842/4051
f 4037/3829/4040 4181/3829/4039 4196/3981/4052
f 4036/3832/4037 4180/3832/4037 4199/3982/4053
f 4062/3866/4051 4206/3866/4051 4213/3867/3832
f 4069/3980/3832 4213/3980/3832 4198/3827/4054
f 4054/3882/4054 4198/3882/4054 4218/3993/4055
f 4074/3889/4055 4218/3889/4055 4224/3995/4056
f 4034/3797/3511 4178/3797/3511 4185/3798/4041
f 4080/3915/4056 4224/3915/4056 4230/4003/4057
f 4086/3934/4058 4230/3934/4057 4236/3934/4059
f 4092/3954/4060 4236/3954/4059 4242/3954/4061
f 4100/4016/4063 4244/4016/4073 4247/3966/4064
f 4101/4013/4066 4245/4013/4070 4249/3957/4067
f 4102/4015/4069 4246/4015/4071 4245/3963/4070
f 4103/4017/4065 4247/4017/4064 4246/3971/4071
f 4104/4014/4072 4248/4014/4074 4244/3960/4073
f 4098/3959/4062 4242/3959/4061 4248/4014/4074
f 4106/3797/3827 4250/3797/3827 4178/3797/3827
f 4108/3974/4075 4252/3974/4075 4251/3806/4076
f 4109/3973/4078 4253/3973/4087 4265/3799/4079
f 4107/3896/4077 4251/3896/4076 4257/3895/4081
f 4115/3813/4082 4259/3813/4085 4271/3812/4083
f 4118/3977/4084 4262/3977/4086 4259/3817/4085
f 4121/3979/4080 4265/3979/4079 4262/3823/4086
f 4125/3830/4050 4269/3830/4050 4268/3981/3831
f 4134/3842/4051 4278/3842/4051 4269/3985/4050
f 4124/3981/3831 4268/3981/3831 4253/3829/4087
f 4127/3982/4083 4271/3982/4083 4252/3832/4075
f 4141/3867/3832 4285/3867/3832 4278/3866/4051
f 4126/3827/4054 4270/3827/4054 4285/3980/3832
f 4146/3993/4055 4290/3993/4055 4270/3882/4054
f 4152/3995/4056 4296/3995/4056 4290/3889/4055
f 4113/3798/4081 4257/3798/4081 4250/3797/3565
f 4158/4003/4057 4302/4003/4057 4296/3915/4056
f 4164/3934/4088 4308/3934/4088 4302/3934/4057
f 4170/3954/4089 4314/3954/4102 4308/3954/4088
f 4175/3966/4090 4319/3966/4098 4316/4016/4091
f 4177/3957/4093 4321/3957/4101 4317/4013/4094
f 4173/3963/4095 4317/3963/4094 4318/4015/4096
f 4174/3971/4097 4318/3971/4096 4319/4017/4098
f 4172/3960/4092 4316/3960/4091 4320/4014/4099
f 4105/4019/4068 4249/4019/4067 4321/4019/4101
f 4176/4014/4100 4320/4014/4099 4314/3959/4102
