# Blender 5.1.2
# www.blender.org
o Exporting_sf.106
v -0.611849 1.814647 0.970811
v -0.612157 1.806848 0.949571
v -0.612082 1.806817 0.949500
v -0.638136 1.819493 0.972498
v -0.638213 1.819505 0.972498
v -0.634854 1.819319 0.973165
v -0.635032 1.818776 0.972011
v -0.634601 1.819220 0.973044
v -0.636273 1.810292 0.949255
v -0.639850 1.810668 0.948728
v -0.638853 1.809703 0.945657
v -0.636362 1.810030 0.948271
v -0.636371 1.809783 0.947352
v -0.632543 1.818511 0.972252
v -0.632161 1.818517 0.972384
v -0.631684 1.818427 0.972352
v -0.631103 1.818289 0.972251
v -0.633801 1.819348 0.973548
v -0.633585 1.818827 0.972569
v -0.614218 1.807142 0.949541
v -0.614289 1.807126 0.949446
v -0.630193 1.809638 0.950088
v -0.629760 1.809396 0.949461
v -0.629638 1.809150 0.948644
v -0.629901 1.808974 0.947857
v -0.630461 1.808905 0.947294
v -0.631171 1.808911 0.946923
v -0.631882 1.808958 0.946707
v -0.632336 1.809003 0.946625
v -0.632745 1.809062 0.946624
v -0.633094 1.809146 0.946750
v -0.633364 1.809264 0.947051
v -0.633658 1.809523 0.947859
v -0.633722 1.809768 0.948719
v -0.633641 1.809917 0.949292
v -0.633602 1.809991 0.949574
v -0.633345 1.810181 0.950363
v -0.634434 1.810079 0.949455
v -0.631855 1.809929 0.950250
v -0.631283 1.809794 0.950074
v -0.634274 1.810345 0.950460
v -0.633054 1.810260 0.950783
v -0.632673 1.810245 0.950920
v -0.632196 1.810162 0.950880
v -0.631613 1.810043 0.950766
v -0.630842 1.809860 0.950523
v -0.635811 1.818419 0.971024
v -0.635784 1.818301 0.970784
v -0.634623 1.818538 0.971651
v -0.635745 1.818529 0.971275
v -0.634878 1.816503 0.967155
v -0.635909 1.817485 0.968993
v -0.635897 1.817692 0.969448
v -0.635186 1.816480 0.966996
v -0.634007 1.817707 0.970102
v -0.632295 1.816639 0.968345
v -0.632641 1.816744 0.968460
v -0.633767 1.818545 0.971937
v -0.632648 1.817872 0.970893
v -0.632462 1.818091 0.971412
v -0.632271 1.818199 0.971697
v -0.632037 1.818221 0.971816
v -0.631738 1.818177 0.971822
v -0.631352 1.818091 0.971765
v -0.630784 1.817927 0.971606
v -0.630251 1.817700 0.971305
v -0.629870 1.817431 0.970863
v -0.629757 1.817140 0.970281
v -0.630988 1.816760 0.969053
v -0.631441 1.816774 0.968931
v -0.631850 1.816815 0.968885
v -0.632145 1.816872 0.968910
v -0.632359 1.816954 0.969019
v -0.632524 1.817074 0.969227
v -0.632715 1.817347 0.969753
v -0.632745 1.817618 0.970325
v -0.613983 1.814985 0.970836
v -0.613910 1.814943 0.970770
v -0.596131 1.809628 0.963957
v -0.596410 1.809586 0.963746
v -0.596599 1.809497 0.963447
v -0.596682 1.809372 0.963097
v -0.596642 1.809215 0.962707
v -0.596479 1.809060 0.962367
v -0.596204 1.808927 0.962129
v -0.595828 1.808839 0.962044
v -0.595444 1.808820 0.962147
v -0.594967 1.808980 0.962749
v -0.594905 1.809123 0.963143
v -0.594971 1.809270 0.963492
v -0.595148 1.809411 0.963782
v -0.595422 1.809530 0.963978
v -0.595776 1.809609 0.964043
v -0.590484 1.808870 0.964189
v -0.590504 1.808599 0.963496
v -0.589206 1.808417 0.963529
v -0.590517 1.808416 0.963020
v -0.590537 1.808140 0.962294
v -0.589133 1.807943 0.962330
v -0.591072 1.808009 0.961736
v -0.591475 1.808842 0.963741
v -0.591488 1.808379 0.962545
v -0.594566 1.809283 0.963681
v -0.592244 1.809059 0.963997
v -0.593868 1.809529 0.964562
v -0.590990 1.809125 0.964636
v -0.599132 1.809651 0.962866
v -0.598928 1.809622 0.962871
v -0.598218 1.809012 0.961556
v -0.597693 1.808939 0.961569
v -0.598155 1.809869 0.963797
v -0.599894 1.810113 0.963752
v -0.598239 1.810114 0.964378
v -0.599028 1.809898 0.963539
v -0.599723 1.810322 0.964340
v -0.599957 1.809256 0.961511
v -0.600472 1.809328 0.961498
v -0.597613 1.810026 0.964394
v -0.633798 1.818427 0.971684
v -0.633878 1.818317 0.971431
v -0.600391 1.810416 0.964323
v -0.629986 1.816911 0.969714
v -0.630450 1.816795 0.969309
v -0.632908 1.816912 0.968741
v -0.633190 1.817302 0.969499
v -0.633675 1.816564 0.967708
v -0.634102 1.816548 0.967526
v -0.633900 1.816110 0.966596
v -0.633945 1.818003 0.970750
v -0.633996 1.817896 0.970508
v -0.633943 1.818117 0.970992
v -0.633241 1.817686 0.970308
v -0.633152 1.817927 0.970848
v -0.633109 1.818046 0.971112
v -0.632841 1.818363 0.971855
v -0.630717 1.816533 0.968643
v -0.631431 1.816547 0.968433
v -0.631886 1.816579 0.968351
v -0.629433 1.816745 0.969537
v -0.630001 1.816586 0.969001
v -0.633968 1.817193 0.969004
v -0.634013 1.817306 0.969235
v -0.630336 1.818064 0.972032
v -0.629693 1.817771 0.971630
v -0.629269 1.817427 0.971047
v -0.634423 1.816858 0.968111
v -0.629159 1.817048 0.970281
v -0.633973 1.817088 0.968772
v -0.635895 1.817992 0.970093
v -0.635846 1.818095 0.970330
v -0.635887 1.817880 0.969858
v -0.634028 1.817503 0.969657
v -0.633993 1.817601 0.969880
v -0.635878 1.817293 0.968583
v -0.635926 1.817188 0.968335
v -0.635932 1.817592 0.969220
v -0.639326 1.818244 0.969507
v -0.637266 1.817948 0.969549
v -0.632988 1.809345 0.947562
v -0.633187 1.809526 0.948124
v -0.635915 1.817075 0.968087
v -0.634102 1.810517 0.951133
v -0.634333 1.810867 0.952183
v -0.635190 1.816823 0.967771
v -0.633226 1.809699 0.948732
v -0.639399 1.818286 0.969574
v -0.637192 1.817979 0.969639
v -0.635126 1.810823 0.951653
v -0.635540 1.810558 0.950554
v -0.631448 1.809067 0.947360
v -0.631900 1.809100 0.947236
v -0.634376 1.810598 0.951268
v -0.634558 1.810510 0.950881
v -0.630914 1.809060 0.947626
v -0.635381 1.810901 0.951785
v -0.633138 1.809855 0.949336
v -0.630746 1.809622 0.949747
v -0.630358 1.809430 0.949272
v -0.632819 1.809261 0.947340
v -0.632960 1.809986 0.949886
v -0.632308 1.809147 0.947191
v -0.632604 1.809198 0.947221
v -0.630456 1.809107 0.948051
v -0.630235 1.809239 0.948651
v -0.632242 1.810004 0.950315
v -0.632773 1.810046 0.950188
v -0.632541 1.810048 0.950313
v -0.634433 1.810006 0.949198
v -0.634480 1.809941 0.948940
v -0.634300 1.810271 0.950191
v -0.634376 1.810204 0.949922
v -0.612794 1.816212 0.973757
v -0.612717 1.816200 0.973756
v -0.636242 1.810436 0.949777
v -0.636305 1.810369 0.949511
v -0.634499 1.809694 0.948036
v -0.634467 1.809754 0.948273
v -0.634116 1.809092 0.945964
v -0.634540 1.809105 0.945776
v -0.634429 1.809497 0.947342
v -0.634478 1.809570 0.947588
v -0.634325 1.808827 0.944789
v -0.634485 1.809822 0.948510
v -0.634430 1.809432 0.947096
v -0.634871 1.809313 0.946399
v -0.611776 1.814678 0.970901
v -0.635617 1.809124 0.945226
v -0.634981 1.808978 0.945011
v -0.636378 1.809599 0.946654
v -0.636334 1.809662 0.946917
v -0.633858 1.818929 0.972692
v -0.636363 1.809529 0.946391
v -0.634045 1.818779 0.972328
v -0.638776 1.809691 0.945656
v -0.637643 1.810357 0.948773
v -0.635311 1.809120 0.945392
v -0.636366 1.809912 0.947835
v -0.635633 1.809334 0.946047
v -0.636397 1.809851 0.947593
v -0.637717 1.810388 0.948845
v -0.639778 1.810684 0.948823
v -0.636329 1.810164 0.948772
v -0.636374 1.810101 0.948521
v -0.595152 1.808873 0.962400
v -0.596803 1.808980 0.962031
v -0.597048 1.809205 0.962523
v -0.597112 1.809435 0.963091
v -0.589065 1.808855 0.964685
v -0.589079 1.808673 0.964225
v -0.589219 1.808234 0.963053
v -0.589147 1.807739 0.961785
v -0.593951 1.808413 0.961662
v -0.591399 1.808601 0.963155
v -0.591701 1.809036 0.964146
v -0.591702 1.808269 0.962173
v -0.592023 1.808224 0.961927
v -0.592328 1.808220 0.961796
v -0.592659 1.808240 0.961717
v -0.592950 1.808272 0.961688
v -0.594471 1.809065 0.963160
v -0.594568 1.808857 0.962586
v -0.594828 1.809495 0.964115
v -0.596992 1.809622 0.963614
v -0.594845 1.808705 0.962080
v -0.595278 1.808632 0.961715
v -0.595841 1.808661 0.961567
v -0.596394 1.808789 0.961688
v -0.593420 1.809295 0.964147
v -0.592924 1.809226 0.964159
v -0.596711 1.809757 0.964061
v -0.595236 1.809674 0.964408
v -0.595765 1.809793 0.964506
v -0.596294 1.809820 0.964376
v -0.592687 1.809360 0.964585
v -0.593040 1.809413 0.964583
v -0.592718 1.809191 0.964150
v -0.592480 1.809136 0.964101
v -0.592041 1.808956 0.963815
v -0.591918 1.808829 0.963540
v -0.591884 1.808664 0.963128
v -0.591930 1.808517 0.962731
v -0.592057 1.808444 0.962491
v -0.592295 1.808409 0.962307
v -0.592536 1.808404 0.962199
v -0.592776 1.808421 0.962150
v -0.592983 1.808447 0.962136
v -0.593477 1.808516 0.962123
v -0.592013 1.809182 0.964395
v -0.592371 1.809294 0.964538
v -0.613278 1.806174 0.946429
v -0.613203 1.806164 0.946430
v 0.029444 1.659532 0.881520
v 0.030382 1.659802 0.881989
v 0.032467 1.660451 0.883095
v 0.034881 1.663095 0.887372
v 0.034881 1.663898 0.888613
v 0.034881 1.659524 0.881524
v 0.034881 1.659797 0.881992
v 0.034881 1.660216 0.882703
v 0.034881 1.660450 0.883096
v 0.034881 1.662638 0.886656
v 0.031713 1.660219 0.882702
v 0.034881 1.664494 0.889517
v 0.039380 1.659802 0.881989
v 0.040318 1.659532 0.881520
v 0.038049 1.660219 0.882702
v 0.037295 1.660451 0.883095
v 0.087688 1.662704 0.885214
v 0.087715 1.661273 0.882869
v 0.088237 1.661190 0.882698
v 0.089301 1.661092 0.882467
v 0.089603 1.661341 0.882866
v 0.088732 1.661127 0.882561
v 0.089573 1.662123 0.884159
v 0.089543 1.662287 0.884428
v 0.089690 1.662443 0.884672
v 0.090049 1.661095 0.882425
v 0.089760 1.662004 0.883952
v 0.090049 1.662519 0.884773
v 0.090276 1.662010 0.883930
v 0.090810 1.661142 0.882455
v 0.090490 1.661368 0.882855
v 0.090501 1.662320 0.884422
v 0.090468 1.662153 0.884152
v 0.090367 1.662463 0.884663
v 0.092390 1.661453 0.882873
v 0.092355 1.662833 0.885134
v 0.091883 1.661332 0.882704
v 0.091792 1.662817 0.885144
v 0.091389 1.661225 0.882557
v 0.088516 1.663683 0.886718
v 0.088307 1.663745 0.886827
v 0.088754 1.663643 0.886641
v 0.088761 1.664126 0.887392
v 0.089116 1.663946 0.887092
v 0.089696 1.664207 0.887463
v 0.089499 1.664442 0.887837
v 0.090443 1.664343 0.887627
v 0.090449 1.664599 0.888020
v 0.091306 1.664267 0.887458
v 0.091538 1.664497 0.887799
v 0.091972 1.663968 0.886953
v 0.092722 1.663663 0.886428
v 0.092681 1.663188 0.885680
v 0.092125 1.663141 0.885641
v 0.092216 1.663558 0.886296
v 0.092376 1.664139 0.887194
v -0.046374 1.663128 0.883760
v -0.046374 1.664847 0.886496
v -0.046125 1.662885 0.883385
v -0.045775 1.663275 0.884053
v -0.046129 1.665129 0.886954
v -0.045775 1.664808 0.886488
v -0.045742 1.664888 0.886615
v -0.045630 1.662760 0.883225
v -0.045520 1.663078 0.883756
v -0.045756 1.663151 0.883853
v -0.045635 1.664907 0.886654
v -0.045607 1.665250 0.887187
v -0.044282 1.663787 0.885010
v -0.044323 1.663839 0.885089
v -0.044124 1.663591 0.884710
v -0.044052 1.663777 0.885014
v -0.043855 1.664248 0.885779
v -0.043750 1.664275 0.885831
v -0.043881 1.662041 0.882191
v -0.043776 1.662195 0.882458
v -0.043685 1.662352 0.882727
v -0.043713 1.662683 0.883272
v -0.043987 1.663017 0.883794
v -0.044104 1.663209 0.884097
v -0.044171 1.663404 0.884405
v -0.043277 1.663750 0.885039
v -0.043217 1.663832 0.885176
v -0.043329 1.662017 0.882201
v -0.043140 1.662508 0.883034
v -0.043663 1.662513 0.882996
v -0.043571 1.663581 0.884743
v -0.043491 1.663760 0.885036
v -0.042652 1.663152 0.884132
v -0.042831 1.663730 0.885046
v -0.042871 1.663782 0.885125
v -0.042324 1.662138 0.882493
v -0.043126 1.662354 0.882781
v -0.042535 1.662960 0.883829
v -0.042673 1.663534 0.884746
v -0.042601 1.663720 0.885050
v -0.042429 1.661984 0.882226
v -0.043205 1.662183 0.882489
v -0.043167 1.662662 0.883285
v -0.043356 1.662992 0.883809
v -0.043512 1.663194 0.884123
v -0.042719 1.663347 0.884440
v -0.043613 1.663399 0.884447
v -0.042404 1.664192 0.885815
v -0.043632 1.664238 0.885782
v -0.042181 1.664181 0.885818
v -0.041825 1.663694 0.885074
v -0.041765 1.663776 0.885211
v -0.042039 1.663703 0.885071
v -0.041877 1.661960 0.882235
v -0.042119 1.663524 0.884778
v -0.041357 1.663673 0.885081
v -0.041398 1.663725 0.885161
v -0.040956 1.661927 0.882260
v -0.041753 1.662126 0.882523
v -0.041688 1.662451 0.883068
v -0.041716 1.662605 0.883320
v -0.041062 1.662903 0.883864
v -0.041179 1.663095 0.884167
v -0.041200 1.663477 0.884781
v -0.041127 1.663664 0.885085
v -0.042233 1.662295 0.882761
v -0.041675 1.662298 0.882815
v -0.042212 1.662456 0.883030
v -0.042261 1.662626 0.883307
v -0.041904 1.662935 0.883844
v -0.042061 1.663137 0.884158
v -0.041246 1.663290 0.884475
v -0.042161 1.663343 0.884482
v -0.040930 1.664135 0.885850
v -0.040825 1.664163 0.885902
v -0.040352 1.663638 0.885109
v -0.040646 1.663468 0.884813
v -0.040566 1.663647 0.885106
v -0.040688 1.663286 0.884517
v -0.038932 1.662499 0.883384
v -0.038990 1.662825 0.883912
v -0.038852 1.662842 0.883952
v -0.038793 1.662902 0.884055
v -0.040280 1.662070 0.882557
v -0.040201 1.662241 0.882850
v -0.040215 1.662395 0.883102
v -0.040242 1.662549 0.883354
v -0.040292 1.663720 0.885246
v -0.040404 1.661904 0.882269
v -0.040851 1.662081 0.882527
v -0.040760 1.662238 0.882795
v -0.040738 1.662399 0.883065
v -0.040788 1.662569 0.883341
v -0.040431 1.662879 0.883879
v -0.040587 1.663081 0.884193
v -0.040707 1.664125 0.885853
v -0.042299 1.664219 0.885866
v -0.039085 1.664663 0.886827
v -0.038877 1.664626 0.886786
v -0.038956 1.664996 0.887352
v -0.038458 1.662599 0.883587
v -0.038467 1.664857 0.887176
v -0.038793 1.664510 0.886614
v -0.038231 1.662837 0.883994
v -0.038231 1.664591 0.886784
v -0.002587 1.662288 0.885318
v -0.002387 1.661753 0.884460
v -0.002469 1.662879 0.886266
v -0.001987 1.661372 0.883852
v -0.002025 1.662284 0.885335
v -0.002029 1.663329 0.886993
v -0.001873 1.661877 0.884683
v -0.001570 1.661583 0.884215
v -0.001596 1.663078 0.886617
v -0.001442 1.661071 0.883376
v -0.001933 1.662733 0.886057
v -0.001394 1.663665 0.887542
v -0.001011 1.660914 0.883132
v -0.000741 1.661192 0.883605
v -0.000656 1.663506 0.887324
v -0.000708 1.663872 0.887889
v -0.000268 1.661074 0.883429
v -0.000376 1.660761 0.882902
v -0.000031 1.663964 0.888055
v 0.000190 1.663658 0.887593
v 0.000227 1.661002 0.883328
v -0.000258 1.663605 0.887493
v -0.001158 1.661352 0.883852
v -0.001113 1.663334 0.887038
v 0.000766 1.660688 0.882826
v 0.001008 1.661095 0.883514
v 0.000410 1.661334 0.883886
v 0.001229 1.661509 0.884205
v 0.000576 1.661691 0.884479
v 0.000615 1.662700 0.886104
v 0.001301 1.662740 0.886193
v 0.000427 1.663221 0.886919
v 0.001096 1.663345 0.887138
v 0.001363 1.662219 0.885364
v 0.002042 1.662264 0.885462
v 0.002059 1.662439 0.885742
v 0.002110 1.661256 0.883822
v 0.002110 1.662121 0.885234
v 0.002110 1.662998 0.886632
v 0.002042 1.661396 0.884051
v 0.002059 1.661568 0.884333
v 0.002042 1.663144 0.886858
v 0.002059 1.663321 0.887136
v 0.000459 1.660622 0.882702
v 0.000677 1.662252 0.885391
v 0.000815 1.663940 0.888050
v 0.000643 1.664012 0.888155
v 0.003588 1.661227 0.883828
v 0.003505 1.661544 0.884347
v 0.003524 1.661679 0.884568
v 0.003651 1.661862 0.884870
v 0.003636 1.662633 0.886108
v 0.003541 1.662826 0.886410
v 0.003531 1.662970 0.886638
v 0.003584 1.663297 0.887152
v 0.003920 1.660800 0.883131
v 0.004004 1.663907 0.888112
v 0.004172 1.663923 0.888142
v 0.003941 1.660592 0.882784
v 0.003948 1.663692 0.887778
v 0.003799 1.661015 0.883484
v 0.004127 1.661534 0.884353
v 0.004210 1.661670 0.884578
v 0.003779 1.661975 0.885057
v 0.003907 1.662087 0.885244
v 0.003897 1.662409 0.885761
v 0.003756 1.662518 0.885929
v 0.004241 1.662749 0.886312
v 0.004177 1.662886 0.886528
v 0.004167 1.662960 0.886644
v 0.003793 1.663490 0.887460
v 0.004266 1.660577 0.882769
v 0.004630 1.663669 0.887766
v 0.005989 1.661349 0.884112
v 0.005989 1.662218 0.885524
v 0.005989 1.663098 0.886920
v 0.005978 1.663261 0.887175
v 0.005978 1.661507 0.884370
v 0.005962 1.662062 0.885271
v 0.005978 1.662378 0.885780
v 0.005962 1.662939 0.886669
v 0.005962 1.661196 0.883858
v 0.004592 1.660582 0.882790
v 0.004626 1.663756 0.887899
v 0.004600 1.663908 0.888132
v 0.004584 1.660815 0.883179
v 0.004501 1.661031 0.883536
v 0.004294 1.661216 0.883834
v 0.004316 1.661777 0.884755
v 0.004467 1.661947 0.885036
v 0.004531 1.662078 0.885250
v 0.004518 1.662400 0.885766
v 0.004465 1.662531 0.885973
v 0.004347 1.662642 0.886147
v 0.004397 1.663284 0.887160
v 0.004491 1.663410 0.887359
v 0.004585 1.663536 0.887559
v 0.004426 1.663921 0.888147
v 0.065353 1.660734 0.883038
v 0.065326 1.662168 0.885392
v 0.066370 1.660576 0.882736
v 0.065875 1.660645 0.882869
v 0.065842 1.662176 0.885387
v 0.067182 1.661729 0.884616
v 0.067399 1.661443 0.884140
v 0.067242 1.660781 0.883048
v 0.066940 1.660534 0.882645
v 0.067212 1.661565 0.884346
v 0.067329 1.661884 0.884862
v 0.068107 1.661584 0.884345
v 0.067688 1.660529 0.882608
v 0.067915 1.661443 0.884121
v 0.068006 1.661897 0.884858
v 0.068129 1.660798 0.883043
v 0.068449 1.660567 0.882644
v 0.069029 1.660644 0.882749
v 0.070030 1.660861 0.883074
v 0.069995 1.662245 0.885345
v 0.069523 1.660746 0.882901
v 0.069431 1.662235 0.885351
v 0.068140 1.661751 0.884616
v 0.067688 1.661956 0.884966
v 0.065423 1.662612 0.886099
v 0.065914 1.662529 0.885950
v 0.065818 1.663057 0.886789
v 0.066201 1.662887 0.886507
v 0.067623 1.663291 0.887093
v 0.066754 1.663168 0.886931
v 0.066550 1.663405 0.887309
v 0.068492 1.663193 0.886908
v 0.069044 1.662925 0.886465
v 0.068746 1.663440 0.887283
v 0.069866 1.662680 0.886046
v 0.069337 1.662576 0.885901
v 0.069466 1.663113 0.886745
v 0.067657 1.663558 0.887507
v 0.110326 1.662770 0.883690
v 0.110460 1.662523 0.883273
v 0.110711 1.662525 0.883254
v 0.111446 1.662887 0.883784
v 0.111456 1.663371 0.884568
v 0.111526 1.662930 0.883847
v 0.110971 1.662543 0.883261
v 0.111323 1.663555 0.884875
v 0.111396 1.663731 0.885151
v 0.111703 1.663275 0.884392
v 0.111705 1.662949 0.883864
v 0.111885 1.663499 0.884737
v 0.111881 1.663699 0.885058
v 0.111642 1.662699 0.883460
v 0.111979 1.662881 0.883728
v 0.111821 1.662946 0.883847
v 0.111896 1.663239 0.884317
v 0.111810 1.663582 0.884877
v 0.111632 1.663892 0.885387
v 0.111946 1.662614 0.883293
v 0.112069 1.663456 0.884653
v 0.112086 1.663757 0.885133
v 0.112008 1.664002 0.885528
v 0.112342 1.662840 0.883630
v 0.112253 1.662588 0.883224
v 0.112236 1.663205 0.884233
v 0.112351 1.663432 0.884589
v 0.112138 1.662850 0.883664
v 0.112336 1.663779 0.885147
v 0.112355 1.664036 0.885552
v 0.112667 1.662595 0.883199
v 0.112730 1.662846 0.883605
v 0.112517 1.662840 0.883614
v 0.112617 1.663181 0.884161
v 0.112714 1.663406 0.884516
v 0.112641 1.663781 0.885123
v 0.112730 1.664032 0.885514
v 0.113001 1.662634 0.883233
v 0.112926 1.662861 0.883612
v 0.108612 1.662448 0.883305
v 0.108874 1.662465 0.883312
v 0.109012 1.662721 0.883720
v 0.109169 1.662969 0.884112
v 0.109187 1.663934 0.885657
v 0.109536 1.663687 0.885236
v 0.110174 1.663969 0.885631
v 0.110182 1.663007 0.884089
v 0.109800 1.663697 0.885229
v 0.108355 1.662457 0.883342
v 0.112981 1.663157 0.884090
v 0.112883 1.663748 0.885049
v 0.113154 1.662948 0.883735
v 0.113185 1.663077 0.883941
v 0.113174 1.663351 0.884386
v 0.113195 1.663656 0.884875
v 0.113062 1.663673 0.884914
v 0.113058 1.663992 0.885423
v 0.113502 1.663245 0.884186
v 0.113478 1.663694 0.884911
v 0.113425 1.663850 0.885165
v 0.113572 1.662866 0.883563
v 0.114100 1.662635 0.883137
v 0.113629 1.663062 0.883879
v 0.114372 1.662638 0.883117
v 0.114100 1.664058 0.885437
v 0.113315 1.662705 0.883322
v 0.113265 1.663938 0.885319
v 0.114640 1.662657 0.883124
v 0.114640 1.663161 0.883949
v 0.114643 1.663456 0.884426
v 0.114643 1.663836 0.885035
v 0.116440 1.662730 0.883079
v 0.116194 1.662710 0.883068
v 0.116468 1.663140 0.883749
v 0.116464 1.662969 0.883470
v 0.116453 1.663204 0.883854
v 0.115584 1.663195 0.883919
v 0.115835 1.663163 0.883844
v 0.115661 1.663497 0.884401
v 0.115740 1.663880 0.885008
v 0.115911 1.663525 0.884423
v 0.115857 1.664128 0.885392
v 0.115927 1.663047 0.883646
v 0.116035 1.663585 0.884509
v 0.116078 1.663690 0.884673
v 0.116053 1.663798 0.884849
v 0.116408 1.663258 0.883946
v 0.116550 1.663595 0.884477
v 0.116573 1.663779 0.884771
v 0.116493 1.663460 0.884265
v 0.116492 1.663970 0.885083
v 0.116332 1.663335 0.884077
v 0.116232 1.664094 0.885303
v 0.115955 1.662710 0.883092
v 0.115941 1.663861 0.884959
v 0.036000 1.772129 1.068830
v 0.036000 1.773477 1.070099
v 0.036000 1.770997 1.067451
v 0.037121 1.772082 1.068738
v 0.038071 1.771038 1.067435
v 0.034879 1.772082 1.068738
v 0.033929 1.771038 1.067435
v 0.058690 1.761828 1.048613
v 0.060433 1.762385 1.048329
v 0.056947 1.761487 1.048787
v 0.058587 1.761319 1.047614
v 0.056952 1.760586 1.046921
v 0.058587 1.762337 1.049612
v 0.056952 1.762467 1.050611
v 0.036000 1.751527 1.028396
v 0.036000 1.751292 1.026559
v 0.036000 1.751977 1.030123
v 0.034879 1.751574 1.028488
v 0.033929 1.752015 1.030098
v 0.037121 1.751574 1.028488
v 0.038071 1.752015 1.030098
v 0.013310 1.761828 1.048613
v 0.011567 1.762385 1.048329
v 0.015053 1.761487 1.048787
v 0.013413 1.762337 1.049612
v 0.015048 1.762467 1.050611
v 0.013413 1.761319 1.047614
v 0.015048 1.760586 1.046921
v 0.036000 1.770338 1.061287
v 0.046747 1.768337 1.057358
v 0.044480 1.769179 1.059011
v 0.041860 1.769815 1.060259
v 0.039017 1.770206 1.061028
v 0.036000 1.779568 1.058068
v 0.047682 1.777390 1.053795
v 0.045215 1.778307 1.055593
v 0.042366 1.778998 1.056950
v 0.039275 1.779424 1.057786
v 0.047682 1.768761 1.058191
v 0.045215 1.769678 1.059990
v 0.042366 1.770369 1.061347
v 0.039275 1.770795 1.062183
v 0.036000 1.770938 1.062465
v 0.036000 1.778967 1.056890
v 0.046747 1.776966 1.052962
v 0.044480 1.777808 1.054614
v 0.041860 1.778444 1.055862
v 0.039017 1.778835 1.056631
v 0.025253 1.768337 1.057358
v 0.027520 1.769179 1.059011
v 0.030140 1.769815 1.060259
v 0.032983 1.770206 1.061028
v 0.024318 1.777390 1.053795
v 0.026785 1.778307 1.055593
v 0.029634 1.778998 1.056950
v 0.032725 1.779424 1.057786
v 0.024318 1.768761 1.058191
v 0.026785 1.769678 1.059990
v 0.029634 1.770369 1.061347
v 0.032725 1.770795 1.062183
v 0.025253 1.776966 1.052962
v 0.027520 1.777808 1.054614
v 0.030140 1.778444 1.055862
v 0.032983 1.778835 1.056631
v 0.051157 1.763458 1.047783
v 0.046747 1.758578 1.038207
v 0.048602 1.759608 1.040227
v 0.050003 1.760797 1.042561
v 0.050865 1.762088 1.045095
v 0.052478 1.772087 1.043386
v 0.047682 1.766783 1.032977
v 0.049701 1.767903 1.035175
v 0.051224 1.769196 1.037713
v 0.052161 1.770600 1.040468
v 0.047682 1.758154 1.037374
v 0.049701 1.759274 1.039572
v 0.051224 1.760567 1.042110
v 0.052161 1.761971 1.044864
v 0.052478 1.763458 1.047783
v 0.051157 1.772087 1.043386
v 0.046747 1.767208 1.033810
v 0.048602 1.768237 1.035830
v 0.050003 1.769426 1.038165
v 0.050865 1.770717 1.040698
v 0.048602 1.767308 1.055339
v 0.050003 1.766118 1.053004
v 0.050865 1.764827 1.050470
v 0.049701 1.776270 1.051597
v 0.051224 1.774977 1.049058
v 0.052161 1.773574 1.046304
v 0.049701 1.767641 1.055993
v 0.051224 1.766348 1.053455
v 0.052161 1.764944 1.050701
v 0.048602 1.775937 1.050942
v 0.050003 1.774747 1.048607
v 0.050865 1.773456 1.046074
v 0.036000 1.756577 1.034278
v 0.025253 1.758578 1.038207
v 0.027520 1.757736 1.036554
v 0.030140 1.757100 1.035306
v 0.032983 1.756709 1.034538
v 0.036000 1.764606 1.028704
v 0.024318 1.766783 1.032977
v 0.026785 1.765867 1.031178
v 0.029634 1.765175 1.029821
v 0.032725 1.764750 1.028986
v 0.024318 1.758154 1.037374
v 0.026785 1.757237 1.035575
v 0.029634 1.756546 1.034218
v 0.032725 1.756120 1.033383
v 0.036000 1.755977 1.033100
v 0.036000 1.765206 1.029881
v 0.025253 1.767208 1.033810
v 0.027520 1.766365 1.032157
v 0.030140 1.765730 1.030909
v 0.032983 1.765338 1.030141
v 0.044480 1.757736 1.036554
v 0.041860 1.757100 1.035306
v 0.039017 1.756709 1.034538
v 0.045215 1.765867 1.031178
v 0.042366 1.765175 1.029821
v 0.039275 1.764750 1.028986
v 0.045215 1.757237 1.035575
v 0.042366 1.756546 1.034218
v 0.039275 1.756120 1.033383
v 0.044480 1.766365 1.032157
v 0.041860 1.765730 1.030909
v 0.039017 1.765338 1.030141
v 0.020843 1.763458 1.047783
v 0.023398 1.767308 1.055339
v 0.021997 1.766118 1.053004
v 0.021135 1.764827 1.050470
v 0.019522 1.772087 1.043386
v 0.022299 1.776270 1.051597
v 0.020776 1.774977 1.049058
v 0.019839 1.773574 1.046304
v 0.022299 1.767641 1.055993
v 0.020776 1.766348 1.053455
v 0.019839 1.764944 1.050701
v 0.019522 1.763458 1.047783
v 0.020843 1.772087 1.043386
v 0.023398 1.775937 1.050942
v 0.021997 1.774747 1.048607
v 0.021135 1.773456 1.046074
v 0.023398 1.759608 1.040227
v 0.021997 1.760797 1.042561
v 0.021135 1.762088 1.045095
v 0.022299 1.767903 1.035175
v 0.020776 1.769196 1.037713
v 0.019839 1.770600 1.040468
v 0.022299 1.759274 1.039572
v 0.020776 1.760567 1.042110
v 0.019839 1.761971 1.044864
v 0.023398 1.768237 1.035830
v 0.021997 1.769426 1.038165
v 0.021135 1.770717 1.040698
v 0.105437 1.784148 1.080567
v 0.105446 1.783992 1.080307
v 0.105454 1.784306 1.080826
v 0.105487 1.783838 1.080050
v 0.105882 1.784300 1.080778
v 0.105498 1.784463 1.081082
v 0.105578 1.784618 1.081330
v 0.105708 1.784765 1.081562
v 0.105901 1.784894 1.081758
v 0.105966 1.784057 1.080370
v 0.106123 1.784405 1.080931
v 0.105910 1.784408 1.080955
v 0.105952 1.784515 1.081128
v 0.106102 1.784174 1.080551
v 0.106023 1.784619 1.081294
v 0.106131 1.784716 1.081444
v 0.106158 1.784990 1.081890
v 0.106483 1.784837 1.081613
v 0.106454 1.785039 1.081942
v 0.106412 1.784467 1.081009
v 0.106287 1.784793 1.081559
v 0.106578 1.784274 1.080674
v 0.106716 1.784482 1.081007
v 0.106691 1.784841 1.081602
v 0.106758 1.785047 1.081930
v 0.106324 1.784248 1.080654
v 0.106880 1.784803 1.081523
v 0.107053 1.785016 1.081855
v 0.107485 1.784639 1.081197
v 0.107431 1.784791 1.081454
v 0.107288 1.784924 1.081686
v 0.107064 1.784622 1.081207
v 0.107011 1.784454 1.080934
v 0.107004 1.784723 1.081379
v 0.105736 1.783564 1.079576
v 0.105575 1.783691 1.079799
v 0.105929 1.783925 1.080155
v 0.105974 1.783797 1.079939
v 0.105970 1.783472 1.079403
v 0.106251 1.783423 1.079297
v 0.106327 1.783630 1.079633
v 0.106582 1.783623 1.079599
v 0.106554 1.783419 1.079264
v 0.106825 1.783676 1.079664
v 0.106110 1.783690 1.079751
v 0.107008 1.783781 1.079821
v 0.107087 1.784041 1.080245
v 0.107127 1.783537 1.079408
v 0.107090 1.783909 1.080026
v 0.107001 1.784162 1.080452
v 0.107547 1.783957 1.080066
v 0.107483 1.783802 1.079814
v 0.107538 1.784114 1.080325
v 0.107340 1.783657 1.079588
v 0.107450 1.784261 1.080576
v 0.107267 1.784378 1.080786
v 0.106855 1.783456 1.079299
v 0.106826 1.784251 1.080615
v 0.105913 1.792332 1.093219
v 0.106247 1.792110 1.092863
v 0.107526 1.792158 1.092829
v 0.107526 1.792393 1.093177
v 0.105572 1.791103 1.091427
v 0.105644 1.790923 1.091154
v 0.105678 1.791394 1.091849
v 0.106020 1.791120 1.091416
v 0.106051 1.791396 1.091822
v 0.105819 1.790769 1.090912
v 0.106094 1.790990 1.091217
v 0.106266 1.790896 1.091064
v 0.106098 1.790675 1.090750
v 0.106231 1.791500 1.091961
v 0.106135 1.791699 1.092263
v 0.106461 1.791563 1.092035
v 0.106503 1.790860 1.090991
v 0.106426 1.790642 1.090674
v 0.106448 1.791779 1.092357
v 0.106763 1.790655 1.090667
v 0.106753 1.790872 1.090989
v 0.106711 1.791576 1.092035
v 0.106785 1.791801 1.092362
v 0.107090 1.790715 1.090728
v 0.106981 1.790937 1.091066
v 0.106947 1.791540 1.091961
v 0.107113 1.791768 1.092286
v 0.107224 1.791326 1.091622
v 0.107226 1.791186 1.091415
v 0.107693 1.791359 1.091633
v 0.107674 1.791171 1.091356
v 0.107567 1.790990 1.091096
v 0.107599 1.791536 1.091902
v 0.107369 1.790830 1.090876
v 0.107396 1.791678 1.092129
v 0.107143 1.791050 1.091220
v 0.107129 1.791451 1.091815
v 0.107409 1.800592 1.104261
v 0.107047 1.800579 1.104272
v 0.106969 1.800146 1.103731
v 0.105658 1.799101 1.102507
v 0.105658 1.799350 1.102821
v 0.106084 1.799351 1.102791
v 0.106969 1.799382 1.102766
v 0.106973 1.798697 1.101901
v 0.107409 1.798713 1.101889
v 0.106973 1.799148 1.102470
v 0.107409 1.799163 1.102457
v 0.107409 1.799398 1.102754
v 0.107849 1.799414 1.102741
v 0.107849 1.799179 1.102445
v 0.086707 1.770522 1.057437
v 0.086874 1.770314 1.057017
v 0.086943 1.770339 1.057061
v 0.083661 1.770492 1.057589
v 0.083535 1.770578 1.057766
v 0.084547 1.770771 1.058076
v 0.084575 1.770908 1.058341
v 0.084831 1.770989 1.058482
v 0.084643 1.771515 1.059522
v 0.084882 1.771443 1.059365
v 0.084699 1.771547 1.059581
v 0.084914 1.770889 1.058280
v 0.085275 1.770895 1.058266
v 0.085276 1.771000 1.058472
v 0.085321 1.770791 1.058060
v 0.085556 1.770871 1.058201
v 0.085308 1.771137 1.058738
v 0.085330 1.771452 1.059352
v 0.085425 1.771558 1.059552
v 0.085590 1.771224 1.058889
v 0.085574 1.771091 1.058629
v 0.086787 1.771466 1.059275
v 0.086815 1.771603 1.059542
v 0.086835 1.771859 1.060040
v 0.087113 1.772066 1.060425
v 0.087155 1.772050 1.060391
v 0.087923 1.771941 1.060121
v 0.088049 1.771847 1.059929
v 0.087096 1.771554 1.059425
v 0.087111 1.771694 1.059699
v 0.085594 1.771473 1.059374
v 0.085487 1.771569 1.059570
v 0.077532 1.764172 1.045405
v 0.078057 1.764179 1.045388
v 0.078061 1.764184 1.045399
v 0.078545 1.764794 1.046603
v 0.078392 1.764597 1.046215
v 0.078965 1.765325 1.047641
v 0.078718 1.765606 1.048219
v 0.079257 1.765619 1.048212
v 0.079531 1.764625 1.046201
v 0.079368 1.764814 1.046593
v 0.081401 1.765672 1.048181
v 0.081400 1.764805 1.046443
v 0.080885 1.765659 1.048188
v 0.080910 1.764691 1.046246
v 0.080884 1.764869 1.046605
v 0.082878 1.765711 1.048161
v 0.085359 1.765578 1.047722
v 0.084672 1.765559 1.047733
v 0.084161 1.765749 1.048147
v 0.083394 1.765725 1.048153
v 0.086068 1.765453 1.047421
v 0.085760 1.765559 1.047655
v 0.085955 1.765759 1.048041
v 0.087983 1.765859 1.048092
v 0.087467 1.765844 1.048100
v 0.086379 1.765640 1.047771
v 0.085447 1.765784 1.048127
v 0.079842 1.764229 1.045377
v 0.080400 1.764243 1.045370
v 0.081547 1.764286 1.045382
v 0.081626 1.764517 1.045844
v 0.081217 1.764378 1.045590
v 0.081000 1.764521 1.045895
v 0.081446 1.764648 1.046123
v 0.081938 1.764251 1.045284
v 0.081958 1.764456 1.045700
v 0.082646 1.764546 1.045835
v 0.082342 1.764261 1.045277
v 0.082324 1.764468 1.045698
v 0.083276 1.764582 1.045864
v 0.082837 1.764685 1.046104
v 0.082729 1.764317 1.045365
v 0.083059 1.764427 1.045565
v 0.082877 1.764844 1.046423
v 0.084667 1.764556 1.045716
v 0.084155 1.764344 1.045320
v 0.083368 1.764757 1.046213
v 0.083393 1.764935 1.046571
v 0.085383 1.764576 1.045704
v 0.085949 1.764434 1.045376
v 0.085779 1.764622 1.045768
v 0.085438 1.764379 1.045300
v 0.086226 1.765290 1.047083
v 0.086650 1.765451 1.047375
v 0.086079 1.764754 1.046015
v 0.086371 1.764573 1.045626
v 0.086640 1.764777 1.046021
v 0.086218 1.764926 1.046354
v 0.086760 1.765002 1.046466
v 0.086268 1.765109 1.046715
v 0.086779 1.765235 1.046931
v 0.087467 1.764439 1.045273
v 0.087983 1.764454 1.045265
v 0.088754 1.764772 1.045850
v 0.088582 1.765007 1.046340
v 0.089083 1.765218 1.046724
v 0.088564 1.765261 1.046850
v 0.088702 1.765511 1.047341
v 0.088743 1.765541 1.047398
v 0.089007 1.765732 1.047759
v 0.089110 1.765031 1.046347
v 0.089247 1.764859 1.045989
v 0.089151 1.765402 1.047088
v 0.089531 1.764736 1.045716
v 0.089606 1.764490 1.045213
v 0.089921 1.764687 1.045586
v 0.089665 1.765698 1.047642
v 0.089472 1.765888 1.048038
v 0.089104 1.764588 1.045450
v 0.089340 1.765574 1.047417
v 0.090023 1.765958 1.048134
v 0.090070 1.765751 1.047716
v 0.090964 1.764941 1.046019
v 0.090337 1.764702 1.045584
v 0.090169 1.764482 1.045153
v 0.090721 1.764553 1.045252
v 0.090715 1.764787 1.045727
v 0.090481 1.765736 1.047654
v 0.090587 1.765950 1.048073
v 0.091115 1.765311 1.046753
v 0.091037 1.765491 1.047118
v 0.091620 1.765182 1.046452
v 0.091616 1.765435 1.046961
v 0.091481 1.764932 1.045960
v 0.091450 1.765671 1.047446
v 0.091188 1.764710 1.045533
v 0.091090 1.765122 1.046376
v 0.091094 1.765856 1.047845
v 0.090826 1.765644 1.047441
v 0.075030 1.759210 1.035393
v 0.075518 1.758863 1.034641
v 0.075710 1.759226 1.035386
v 0.077575 1.758907 1.034609
v 0.077390 1.759265 1.035367
v 0.079346 1.759108 1.034916
v 0.081174 1.759155 1.034893
v 0.081174 1.759361 1.035321
v 0.078847 1.759301 1.035349
v 0.082406 1.759393 1.035305
v 0.081845 1.759378 1.035312
v 0.083882 1.759434 1.035285
v 0.078063 1.759282 1.035359
v 0.075030 1.757844 1.032546
v 0.076553 1.758170 1.033135
v 0.075522 1.757855 1.032541
v 0.076310 1.757874 1.032532
v 0.076789 1.757885 1.032527
v 0.077573 1.757904 1.032518
v 0.078847 1.757935 1.032503
v 0.078063 1.757916 1.032512
v 0.079346 1.758749 1.034167
v 0.079346 1.758554 1.033762
v 0.081205 1.758195 1.032890
v 0.081036 1.758598 1.033741
v 0.081036 1.758793 1.034147
v 0.079346 1.758147 1.032912
v 0.082335 1.758026 1.032460
v 0.081845 1.758012 1.032466
v 0.082335 1.759048 1.034590
v 0.083832 1.758067 1.032440
v 0.081205 1.757995 1.032474
v 0.084369 1.759447 1.035279
v 0.085156 1.759470 1.035268
v 0.085819 1.758138 1.032443
v 0.085897 1.758364 1.032908
v 0.085488 1.758226 1.032653
v 0.085272 1.758366 1.032960
v 0.085718 1.758492 1.033188
v 0.084369 1.758082 1.032433
v 0.085181 1.758532 1.033313
v 0.085672 1.758644 1.033510
v 0.085156 1.758705 1.033674
v 0.085672 1.759485 1.035261
v 0.086230 1.758306 1.032763
v 0.086210 1.758105 1.032345
v 0.086596 1.758318 1.032761
v 0.086614 1.758116 1.032338
v 0.086918 1.758396 1.032898
v 0.087001 1.758172 1.032426
v 0.087108 1.758532 1.033169
v 0.087664 1.758778 1.033638
v 0.087664 1.759543 1.035233
v 0.087639 1.758604 1.033278
v 0.087330 1.758281 1.032627
v 0.087547 1.758433 1.032928
v 0.087148 1.759528 1.035240
v 0.087148 1.758688 1.033490
v 0.083882 1.758410 1.033152
v -0.036088 1.784024 1.080127
v -0.036029 1.783814 1.079786
v -0.036012 1.784556 1.081013
v -0.035839 1.783620 1.079482
v -0.035971 1.784740 1.081320
v -0.035826 1.784904 1.081606
v -0.035605 1.783871 1.079918
v -0.035586 1.784539 1.081023
v -0.035641 1.784006 1.080138
v -0.035503 1.784741 1.081364
v -0.035556 1.785019 1.081816
v -0.035269 1.784404 1.080829
v -0.035271 1.783668 1.079612
v -0.035030 1.784389 1.080824
v -0.035006 1.784192 1.080502
v -0.035009 1.783641 1.079591
v -0.035096 1.783435 1.079243
v -0.035112 1.784850 1.081578
v -0.035500 1.783491 1.079299
v -0.035269 1.784200 1.080491
v -0.035338 1.784820 1.081509
v -0.035211 1.785063 1.081916
v -0.035492 1.783747 1.079723
v -0.034687 1.783443 1.079293
v -0.034750 1.783656 1.079638
v -0.034798 1.784396 1.080856
v -0.034749 1.784164 1.080478
v -0.034522 1.784091 1.080377
v -0.034502 1.784556 1.081148
v -0.034519 1.784678 1.081348
v -0.034532 1.783719 1.079762
v -0.034597 1.784449 1.080962
v -0.034660 1.784780 1.081504
v -0.034496 1.784988 1.081858
v -0.034229 1.784359 1.080845
v -0.034178 1.784219 1.080619
v -0.034371 1.784291 1.080721
v -0.033936 1.783858 1.080044
v -0.034047 1.783661 1.079708
v -0.033983 1.784070 1.080390
v -0.034064 1.784499 1.081092
v -0.034062 1.784688 1.081405
v -0.034315 1.783514 1.079442
v -0.034409 1.783832 1.079959
v -0.034406 1.783967 1.080182
v -0.034207 1.784864 1.081681
v -0.034849 1.785048 1.081923
v -0.034877 1.784837 1.081579
v -0.035791 1.792130 1.092767
v -0.035600 1.792268 1.092987
v -0.035006 1.792377 1.093197
v -0.035078 1.792143 1.092843
v -0.035324 1.792351 1.093131
v -0.034536 1.792080 1.092795
v -0.034798 1.792143 1.092867
v -0.034680 1.792362 1.093201
v -0.033935 1.792028 1.092767
v -0.034107 1.792186 1.092986
v -0.034367 1.792301 1.093136
v -0.035992 1.790709 1.090646
v -0.035942 1.790908 1.090944
v -0.035914 1.791784 1.092243
v -0.035831 1.791096 1.091232
v -0.035612 1.791250 1.091477
v -0.035883 1.791961 1.092509
v -0.035442 1.791938 1.092511
v -0.035193 1.791135 1.091341
v -0.035326 1.791077 1.091244
v -0.035509 1.790921 1.090999
v -0.035434 1.791005 1.091130
v -0.035323 1.791361 1.091666
v -0.035478 1.791767 1.092254
v -0.035316 1.792072 1.092719
v -0.034831 1.791501 1.091913
v -0.035048 1.791183 1.091424
v -0.034560 1.791321 1.091669
v -0.034646 1.791560 1.092015
v -0.034334 1.791795 1.092390
v -0.034368 1.791951 1.092617
v -0.034437 1.791656 1.092175
v -0.033860 1.791849 1.092508
v -0.033873 1.790629 1.090700
v -0.033873 1.790859 1.091040
v -0.033896 1.791672 1.092242
v -0.034285 1.791405 1.091816
v -0.034047 1.791518 1.092003
v -0.035625 1.800049 1.103560
v -0.035442 1.800267 1.103848
v -0.035625 1.800258 1.103824
v -0.035260 1.800281 1.103879
v -0.035082 1.800308 1.103927
v -0.034459 1.800571 1.104305
v -0.034808 1.800583 1.104294
v -0.034918 1.800024 1.103580
v -0.034945 1.800377 1.104024
v -0.034863 1.800477 1.104156
v -0.034918 1.798721 1.101935
v -0.034459 1.798704 1.101948
v -0.007054 1.771568 1.059989
v -0.006850 1.771430 1.059733
v -0.006662 1.771458 1.059798
v -0.006743 1.771618 1.060106
v -0.006461 1.771460 1.059815
v -0.006406 1.771621 1.060133
v -0.005966 1.771321 1.059573
v -0.006075 1.771396 1.059713
v -0.006260 1.771441 1.059790
v -0.006073 1.771584 1.060080
v -0.005545 1.771219 1.059397
v -0.005919 1.771227 1.059392
v -0.005599 1.771373 1.059695
v -0.005779 1.771504 1.059940
v -0.018265 1.770796 1.057708
v -0.017758 1.770781 1.057716
v -0.018265 1.772234 1.060518
v -0.016256 1.771369 1.058978
v -0.017758 1.771414 1.058955
v -0.017758 1.771624 1.059365
v -0.017758 1.772002 1.060104
v -0.015518 1.770713 1.057751
v -0.016051 1.771950 1.060131
v -0.015518 1.772151 1.060561
v -0.016051 1.772166 1.060553
v -0.014238 1.770675 1.057770
v -0.015026 1.770698 1.057758
v -0.015030 1.771759 1.059831
v -0.016256 1.771579 1.059389
v -0.014838 1.772131 1.060571
v -0.012976 1.770639 1.057788
v -0.013759 1.770662 1.057777
v -0.012973 1.771697 1.059855
v -0.013159 1.772082 1.060596
v -0.009554 1.770543 1.057830
v -0.009965 1.770558 1.057832
v -0.012486 1.770626 1.057795
v -0.012486 1.772064 1.060606
v -0.009171 1.771019 1.058784
v -0.009291 1.770867 1.058479
v -0.008842 1.771426 1.059601
v -0.009036 1.771660 1.060046
v -0.008614 1.771649 1.060052
v -0.008156 1.770512 1.057856
v -0.008400 1.770844 1.058491
v -0.008527 1.771002 1.058792
v -0.013995 1.770974 1.058371
v -0.007459 1.770880 1.058620
v -0.007320 1.771165 1.059186
v -0.007419 1.770742 1.058353
v -0.007052 1.770784 1.058458
v -0.007082 1.770871 1.058625
v -0.007082 1.771053 1.058981
v -0.006971 1.771361 1.059590
v -0.006975 1.770703 1.058304
v -0.006986 1.771271 1.059413
v -0.006749 1.770456 1.057834
v -0.006649 1.770611 1.058143
v -0.006744 1.770991 1.058881
v -0.007045 1.770511 1.057923
v -0.006828 1.770644 1.058198
v -0.006858 1.771199 1.059279
v -0.007283 1.770610 1.058103
v -0.007377 1.771318 1.059482
v -0.007283 1.771462 1.059768
v -0.006458 1.770598 1.058129
v -0.006436 1.770437 1.057816
v -0.006394 1.770946 1.058814
v -0.006418 1.771133 1.059177
v -0.006267 1.770599 1.058143
v -0.006122 1.770448 1.057857
v -0.006085 1.770619 1.058193
v -0.006049 1.771083 1.059102
v -0.005866 1.770747 1.058456
v -0.005902 1.770834 1.058623
v -0.005481 1.770710 1.058407
v -0.005495 1.770853 1.058685
v -0.005591 1.770578 1.058143
v -0.005647 1.770980 1.058925
v -0.005825 1.770491 1.057957
v -0.005932 1.770668 1.058298
v -0.006052 1.770890 1.058724
v -0.007719 1.770501 1.057862
v -0.014629 1.765650 1.047773
v -0.012270 1.765582 1.047807
v -0.013950 1.765630 1.047783
v -0.012085 1.765204 1.047062
v -0.011598 1.765564 1.047816
v -0.017954 1.764347 1.044895
v -0.017425 1.764331 1.044903
v -0.016941 1.764912 1.046121
v -0.017094 1.764725 1.045729
v -0.016768 1.765713 1.047741
v -0.015644 1.764277 1.044930
v -0.015955 1.764690 1.045746
v -0.016118 1.764888 1.046133
v -0.016518 1.765417 1.047166
v -0.016229 1.765697 1.047749
v -0.015087 1.764260 1.044938
v -0.014629 1.764247 1.044945
v -0.014142 1.765265 1.047039
v -0.014138 1.764232 1.044952
v -0.013350 1.764210 1.044963
v -0.011598 1.764161 1.044987
v -0.012087 1.764174 1.044981
v -0.012871 1.764196 1.044970
v -0.013107 1.764500 1.045569
v -0.004610 1.757960 1.032694
v -0.004052 1.757947 1.032700
v -0.018016 1.759695 1.035363
v -0.017337 1.759673 1.035373
v -0.014985 1.759602 1.035407
v -0.015657 1.759622 1.035398
v -0.014200 1.759579 1.035418
v -0.011873 1.759513 1.035450
v -0.011181 1.759493 1.035460
v -0.018016 1.758329 1.032517
v -0.017529 1.759321 1.034623
v -0.016737 1.758289 1.032536
v -0.017524 1.758314 1.032524
v -0.016258 1.758275 1.032543
v -0.016494 1.758572 1.033145
v -0.014985 1.758236 1.032561
v -0.015474 1.758251 1.032555
v -0.015472 1.759254 1.034645
v -0.014200 1.758213 1.032573
v -0.013702 1.758398 1.032995
v -0.013702 1.759000 1.034250
v -0.012011 1.758952 1.034273
v -0.011873 1.759308 1.035023
v -0.011843 1.758146 1.032605
v -0.012011 1.758758 1.033867
v -0.013702 1.759359 1.034998
v -0.011181 1.758128 1.032613
v -0.010669 1.758308 1.033026
v -0.010669 1.759283 1.035057
v -0.009953 1.758289 1.033035
v -0.009897 1.758093 1.032630
v -0.009982 1.759264 1.035066
v -0.009895 1.759459 1.035476
v -0.011843 1.758345 1.033020
v -0.013702 1.758806 1.033844
v -0.009581 1.759224 1.035009
v -0.009395 1.759403 1.035394
v -0.009272 1.759106 1.034783
v -0.009557 1.758312 1.033111
v -0.009387 1.758120 1.032721
v -0.009258 1.758426 1.033368
v -0.009071 1.758761 1.034078
v -0.008575 1.758632 1.033842
v -0.008566 1.758854 1.034305
v -0.009113 1.758939 1.034447
v -0.008964 1.758233 1.032985
v -0.008697 1.758418 1.033389
v -0.009120 1.758587 1.033712
v -0.008680 1.759076 1.034760
v -0.008962 1.759269 1.035144
v -0.007874 1.758040 1.032655
v -0.007358 1.758027 1.032662
v -0.007874 1.759406 1.035502
v -0.006920 1.758016 1.032667
v -0.006395 1.757998 1.032663
v -0.006391 1.758003 1.032673
v -0.007358 1.759393 1.035508
v -0.005907 1.758575 1.033895
v -0.006060 1.758390 1.033502
v -0.005487 1.759069 1.034951
v -0.005195 1.759340 1.035534
v -0.005734 1.759353 1.035527
v -0.004921 1.758363 1.033515
v -0.005084 1.758555 1.033905
v 0.032948 1.756254 1.050972
v 0.033028 1.756552 1.051584
v 0.033628 1.757086 1.052679
v 0.034123 1.757293 1.053104
v 0.038044 1.756465 1.051405
v 0.037766 1.756740 1.051970
v 0.033258 1.756834 1.052163
v 0.034234 1.756740 1.051970
v 0.033956 1.756465 1.051405
v 0.034762 1.756998 1.052498
v 0.034762 1.757424 1.053373
v 0.038742 1.756834 1.052163
v 0.038972 1.756552 1.051584
v 0.039052 1.756254 1.050972
v 0.037960 1.755924 1.050297
v 0.038099 1.756187 1.050836
v 0.033901 1.756187 1.050836
v 0.038372 1.757086 1.052679
v 0.034708 1.757449 1.053423
v 0.035320 1.754948 1.048295
v 0.037238 1.756998 1.052498
v 0.037238 1.757424 1.053373
v 0.035499 1.756431 1.051337
v 0.035499 1.757685 1.053907
v 0.037292 1.757449 1.053423
v 0.037877 1.757293 1.053104
v 0.035541 1.757705 1.053948
v 0.036000 1.754915 1.048227
v 0.034672 1.755044 1.048492
v 0.034091 1.755202 1.048816
v 0.038977 1.755954 1.050357
v 0.038390 1.755415 1.049253
v 0.037909 1.755202 1.048816
v 0.038751 1.755670 1.049775
v 0.036501 1.757685 1.053907
v 0.036459 1.757705 1.053948
v 0.036680 1.754948 1.048295
v 0.036646 1.755382 1.049185
v 0.036000 1.755337 1.049093
v 0.035354 1.755382 1.049185
v 0.034794 1.755506 1.049438
v 0.033249 1.755670 1.049775
v 0.033023 1.755954 1.050357
v 0.033610 1.755415 1.049253
v 0.034347 1.755692 1.049820
v 0.034040 1.755924 1.050297
v 0.037653 1.755692 1.049820
v 0.037328 1.755044 1.048492
v 0.036501 1.756431 1.051337
v 0.037206 1.755506 1.049438
v 0.036357 1.716052 0.939378
v 0.036367 1.716089 0.939472
v 0.094418 1.718952 0.942772
v 0.094799 1.719214 0.943386
v 0.094684 1.718881 0.942573
v 0.094212 1.719064 0.943070
v 0.094121 1.719226 0.943478
v 0.094185 1.719400 0.943902
v 0.094824 1.719325 0.943659
v 0.094374 1.719531 0.944210
v 0.095170 1.718841 0.942428
v 0.094953 1.718846 0.942462
v 0.095150 1.719702 0.944562
v 0.095549 1.718853 0.942423
v 0.095553 1.719100 0.943034
v 0.095342 1.719471 0.943972
v 0.095549 1.718708 0.942063
v 0.095207 1.719092 0.943047
v 0.095004 1.719423 0.943884
v 0.096851 1.718996 0.942654
v 0.096850 1.719031 0.942742
v 0.096600 1.719508 0.943946
v 0.096879 1.719015 0.942698
v 0.096600 1.719750 0.944543
v 0.095553 1.719237 0.943372
v 0.094928 1.719124 0.943152
v 0.094634 1.719623 0.944415
v 0.094911 1.719679 0.944528
v -0.024410 1.720266 0.945840
v -0.024116 1.717638 0.939362
v -0.023630 1.720231 0.945825
v -0.023332 1.718321 0.941128
v -0.023989 1.717709 0.939551
v -0.022461 1.720104 0.945622
v -0.022645 1.719147 0.943234
v -0.022257 1.719981 0.945334
v -0.022238 1.719804 0.944897
v -0.024262 1.717587 0.939224
v -0.025191 1.720282 0.945805
v -0.024832 1.717737 0.939540
v -0.025489 1.718392 0.941099
v -0.024558 1.717597 0.939220
v -0.024410 1.717572 0.939171
v -0.024705 1.717657 0.939354
v -0.025972 1.720277 0.945717
v -0.026176 1.719263 0.943187
v -0.026360 1.720233 0.945570
v -0.026564 1.720122 0.945276
v -0.026583 1.719947 0.944840
v -0.022849 1.720174 0.945759
v 0.036403 1.715999 0.939249
v 0.036657 1.715850 0.938879
v 0.036783 1.715699 0.938506
v 0.036804 1.715515 0.938049
v 0.036705 1.715359 0.937665
v 0.036529 1.715266 0.937434
v 0.036328 1.715193 0.937254
v 0.047950 1.715507 0.937919
v 0.047112 1.715502 0.937921
v 0.047005 1.715552 0.938046
v 0.047005 1.716156 0.939542
v 0.046910 1.716205 0.939664
v 0.045263 1.716196 0.939667
v 0.045155 1.716241 0.939782
v 0.045155 1.716525 0.940484
v 0.045263 1.716571 0.940598
v 0.046910 1.716581 0.940594
v 0.047005 1.716630 0.940716
v 0.047005 1.717235 0.942212
v 0.047112 1.717286 0.942336
v 0.047950 1.717291 0.942334
v 0.036207 1.717625 0.943272
v 0.036653 1.717598 0.943204
v 0.037055 1.717531 0.943040
v 0.037338 1.717449 0.942835
v 0.037512 1.717349 0.942586
v 0.037590 1.717229 0.942289
v 0.037548 1.717122 0.942026
v 0.037417 1.717018 0.941768
v 0.037228 1.716933 0.941560
v 0.036986 1.716889 0.941449
v 0.036711 1.716857 0.941372
v 0.036515 1.716819 0.941278
v 0.036390 1.716773 0.941165
v 0.036318 1.716728 0.941052
v 0.036300 1.716662 0.940890
v 0.036381 1.716626 0.940799
v 0.036482 1.716622 0.940790
v 0.036621 1.716640 0.940833
v 0.037020 1.716735 0.941068
v 0.037423 1.716782 0.941185
v 0.037916 1.716790 0.941204
v 0.038330 1.716754 0.941112
v 0.038579 1.716688 0.940949
v 0.038774 1.716613 0.940762
v 0.038944 1.716466 0.940398
v 0.039018 1.716322 0.940041
v 0.039035 1.716157 0.939632
v 0.038962 1.715990 0.939219
v 0.038784 1.715839 0.938847
v 0.038563 1.715733 0.938584
v 0.038295 1.715667 0.938423
v 0.037975 1.715638 0.938350
v 0.037691 1.715653 0.938389
v 0.037413 1.715702 0.938511
v 0.037188 1.715773 0.938686
v 0.037068 1.715863 0.938911
v 0.036985 1.715966 0.939166
v 0.036883 1.716039 0.939347
v 0.036761 1.716086 0.939463
v 0.036639 1.716113 0.939530
v 0.036465 1.716120 0.939547
v 0.048058 1.715558 0.938043
v 0.048058 1.716163 0.939539
v 0.048152 1.716212 0.939661
v 0.049800 1.716224 0.939656
v 0.049908 1.716271 0.939770
v 0.049908 1.716555 0.940472
v 0.049800 1.716600 0.940586
v 0.048152 1.716588 0.940591
v 0.048058 1.716637 0.940713
v 0.048058 1.717241 0.942209
v 0.091126 1.734964 0.982697
v 0.091353 1.734949 0.982641
v 0.091599 1.734975 0.982683
v 0.091772 1.735030 0.982805
v 0.091873 1.735110 0.982993
v 0.091904 1.735207 0.983232
v 0.091875 1.735319 0.983510
v 0.091788 1.735400 0.983719
v 0.091623 1.735447 0.983850
v 0.091362 1.735456 0.983893
v 0.091079 1.735420 0.983830
v 0.090932 1.735351 0.983673
v 0.090879 1.735264 0.983460
v 0.090880 1.735171 0.983230
v 0.090909 1.735089 0.983024
v 0.090985 1.735015 0.982836
v 0.095008 1.735420 0.983479
v 0.093693 1.735379 0.983496
v 0.093693 1.735519 0.983844
v 0.095159 1.735566 0.983825
v 0.095349 1.735609 0.983914
v 0.095349 1.735833 0.984469
v 0.093144 1.735770 0.984515
v 0.092900 1.735695 0.984352
v 0.092900 1.734739 0.981984
v 0.093693 1.734763 0.981974
v 0.093693 1.735127 0.982873
v 0.095034 1.735169 0.982855
v 0.095124 1.735206 0.982938
v 0.095124 1.735394 0.983402
v 0.092296 1.734862 0.982343
v 0.091889 1.734744 0.982087
v 0.091319 1.734688 0.981998
v 0.090756 1.734718 0.982121
v 0.090385 1.734827 0.982421
v 0.090181 1.734982 0.982822
v 0.090118 1.735151 0.983247
v 0.096309 1.734847 0.981940
v 0.095516 1.734822 0.981950
v 0.095516 1.735778 0.984318
v 0.096309 1.735463 0.983462
v 0.097624 1.735506 0.983445
v 0.097740 1.735480 0.983367
v 0.097740 1.735292 0.982903
v 0.097650 1.735255 0.982821
v 0.096309 1.735211 0.982839
v 0.090156 1.735317 0.983655
v 0.090324 1.735495 0.984080
v 0.090701 1.735644 0.984416
v 0.091368 1.735724 0.984557
v 0.091919 1.735708 0.984469
v 0.092304 1.735614 0.984204
v 0.092532 1.735451 0.983781
v 0.092613 1.735227 0.983218
v 0.092538 1.735028 0.982732
v 0.095760 1.735854 0.984482
v 0.097965 1.735920 0.984434
v 0.097965 1.735695 0.983880
v 0.097775 1.735652 0.983790
v 0.096309 1.735603 0.983810
v 0.083837 1.726086 0.961311
v 0.083724 1.726050 0.961232
v 0.083553 1.725269 0.959310
v 0.083694 1.725303 0.959385
v 0.083940 1.725602 0.960106
v 0.084012 1.725603 0.960105
v 0.084012 1.725307 0.959370
v 0.084106 1.725286 0.959312
v 0.084521 1.725297 0.959307
v 0.084637 1.725369 0.959478
v 0.084637 1.726078 0.961231
v 0.084500 1.726103 0.961304
v 0.084512 1.726895 0.963264
v 0.084429 1.726987 0.963497
v 0.084389 1.727093 0.963764
v 0.084403 1.727224 0.964087
v 0.084346 1.727245 0.964143
v 0.084323 1.727270 0.964206
v 0.084614 1.727544 0.964863
v 0.084731 1.727581 0.964945
v 0.084869 1.727553 0.964865
v 0.085169 1.727274 0.964151
v 0.085032 1.727215 0.964015
v 0.085025 1.727122 0.963787
v 0.085061 1.727040 0.963581
v 0.085136 1.726966 0.963391
v 0.085617 1.726997 0.963430
v 0.085577 1.727134 0.963773
v 0.085595 1.727241 0.964036
v 0.085522 1.727263 0.964096
v 0.085500 1.727288 0.964159
v 0.085780 1.727576 0.964850
v 0.085898 1.727613 0.964933
v 0.086036 1.727584 0.964852
v 0.086336 1.727305 0.964138
v 0.086198 1.727246 0.964002
v 0.086186 1.727160 0.963790
v 0.086213 1.727089 0.963612
v 0.086283 1.727021 0.963438
v 0.086798 1.727016 0.963386
v 0.086747 1.727085 0.963560
v 0.086733 1.727155 0.963734
v 0.086756 1.727267 0.964009
v 0.086699 1.727288 0.964065
v 0.086677 1.727312 0.964128
v 0.086961 1.727608 0.964837
v 0.087078 1.727645 0.964920
v 0.087216 1.727617 0.964839
v 0.087516 1.727338 0.964125
v 0.087367 1.727269 0.963964
v 0.087370 1.727165 0.963709
v 0.087431 1.727062 0.963449
v 0.087536 1.726976 0.963228
v 0.087672 1.726958 0.963172
v 0.088961 1.727714 0.964935
v 0.088149 1.727813 0.965248
v 0.087245 1.727880 0.965487
v 0.086099 1.727886 0.965593
v 0.084936 1.727828 0.965541
v 0.083996 1.727728 0.965365
v 0.084373 1.726871 0.963214
v 0.084912 1.725334 0.959370
v 0.084990 1.725304 0.959288
v 0.085403 1.725312 0.959277
v 0.085464 1.725333 0.959324
v 0.085561 1.725397 0.959475
v 0.085641 1.725415 0.959513
v 0.086818 1.725444 0.959493
v 0.086893 1.725429 0.959449
v 0.086967 1.725366 0.959288
v 0.087046 1.725346 0.959231
v 0.087449 1.725357 0.959227
v 0.087523 1.725388 0.959298
v 0.087533 1.725438 0.959419
v 0.086599 1.725690 0.960120
v 0.086529 1.725663 0.960057
v 0.085929 1.725643 0.960057
v 0.085871 1.725667 0.960119
v 0.086165 1.725905 0.960685
v 0.086323 1.725909 0.960683
v 0.086726 1.726127 0.961190
v 0.086656 1.726150 0.961253
v 0.085934 1.726131 0.961263
v 0.085796 1.726091 0.961176
v 0.084944 1.725409 0.959552
v 0.089705 1.727843 0.965194
v 0.088660 1.727996 0.965659
v 0.087511 1.728093 0.965994
v 0.086096 1.728105 0.966137
v 0.084680 1.728024 0.966046
v 0.083522 1.727879 0.965774
v 0.084063 1.726626 0.962632
v 0.084217 1.726603 0.962564
v 0.084699 1.726679 0.962714
v 0.084646 1.726544 0.962385
v 0.084478 1.726425 0.962102
v 0.084271 1.726319 0.961857
v 0.084272 1.726268 0.961730
v 0.084355 1.726246 0.961669
v 0.084857 1.726257 0.961657
v 0.085128 1.726404 0.962002
v 0.085272 1.726576 0.962415
v 0.085319 1.726738 0.962813
v 0.085714 1.726761 0.962839
v 0.085874 1.726769 0.962846
v 0.085873 1.726610 0.962454
v 0.085712 1.726472 0.962124
v 0.085469 1.726363 0.961874
v 0.085467 1.726301 0.961720
v 0.085595 1.726264 0.961618
v 0.086052 1.726284 0.961633
v 0.086316 1.726440 0.961998
v 0.086443 1.726611 0.962411
v 0.086477 1.726781 0.962829
v 0.087056 1.726758 0.962726
v 0.087010 1.726619 0.962386
v 0.086874 1.726493 0.962085
v 0.086659 1.726395 0.961860
v 0.086601 1.726334 0.961712
v 0.086678 1.726291 0.961599
v 0.087182 1.726303 0.961590
v 0.087427 1.726422 0.961865
v 0.087566 1.726556 0.962186
v 0.087662 1.726697 0.962525
v 0.087861 1.726676 0.962458
v 0.087942 1.726691 0.962489
v 0.089782 1.727771 0.965008
v 0.087831 1.725439 0.959400
v 0.087837 1.725393 0.959285
v 0.087924 1.725368 0.959215
v 0.088393 1.725380 0.959206
v 0.088453 1.725399 0.959248
v 0.088735 1.725567 0.959643
v 0.088804 1.725569 0.959642
v 0.089061 1.725412 0.959231
v 0.089117 1.725396 0.959186
v 0.089645 1.725409 0.959175
v 0.089721 1.725456 0.959283
v 0.089708 1.725518 0.959439
v 0.089243 1.725792 0.960156
v 0.089246 1.725829 0.960249
v 0.089699 1.726122 0.960933
v 0.089728 1.726195 0.961113
v 0.089652 1.726225 0.961194
v 0.089201 1.726215 0.961206
v 0.089094 1.726182 0.961132
v 0.088829 1.726035 0.960793
v 0.088761 1.726033 0.960793
v 0.088541 1.726177 0.961168
v 0.088431 1.726202 0.961239
v 0.088012 1.726184 0.961227
v 0.087896 1.726147 0.961146
v 0.087873 1.726100 0.961032
v 0.088352 1.725782 0.960205
v 0.088321 1.725746 0.960118
v 0.094977 1.719932 0.945147
v 0.097826 1.720421 0.946088
v 0.090603 1.718303 0.941505
v 0.090610 1.718263 0.941405
v 0.090858 1.718270 0.941402
v 0.091010 1.718256 0.941353
v 0.091070 1.718219 0.941258
v 0.091100 1.718173 0.941140
v 0.092032 1.718204 0.941135
v 0.092076 1.718134 0.940959
v 0.092216 1.718017 0.940657
v 0.092472 1.717892 0.940326
v 0.092861 1.717799 0.940059
v 0.093404 1.717775 0.939952
v 0.093895 1.717823 0.940026
v 0.094273 1.717913 0.940214
v 0.094546 1.718029 0.940476
v 0.094716 1.718155 0.940773
v 0.094106 1.718291 0.941167
v 0.094029 1.718213 0.940979
v 0.093905 1.718140 0.940809
v 0.093721 1.718084 0.940687
v 0.093467 1.718057 0.940644
v 0.093180 1.718063 0.940685
v 0.092981 1.718097 0.940788
v 0.092854 1.718153 0.940936
v 0.092783 1.718223 0.941116
v 0.092717 1.718364 0.941470
v 0.092636 1.718413 0.941601
v 0.092521 1.718449 0.941700
v 0.092384 1.718470 0.941764
v 0.092234 1.718475 0.941790
v 0.091538 1.718458 0.941808
v 0.091457 1.718484 0.941880
v 0.091461 1.718781 0.942613
v 0.092050 1.718973 0.943037
v 0.092525 1.719090 0.943286
v 0.093182 1.719188 0.943469
v 0.093377 1.719251 0.943607
v 0.095249 1.720004 0.945301
v 0.095602 1.720044 0.945367
v 0.097107 1.720110 0.945386
v 0.097107 1.718651 0.941775
v 0.094875 1.718564 0.941772
v 0.094563 1.718523 0.941697
v 0.094341 1.718472 0.941591
v 0.094203 1.718417 0.941468
v 0.094145 1.718364 0.941342
v 0.094790 1.718275 0.941063
v 0.095315 1.718321 0.941129
v 0.097826 1.718404 0.941095
v 0.095522 1.720325 0.946070
v 0.094884 1.720243 0.945926
v 0.094350 1.720078 0.945566
v 0.092844 1.719423 0.944082
v 0.092637 1.719411 0.944071
v 0.092193 1.719330 0.943908
v 0.091634 1.719188 0.943607
v 0.091110 1.719029 0.943259
v 0.090725 1.718876 0.942912
v 0.090732 1.718594 0.942214
v 0.090638 1.718573 0.942171
v 0.090597 1.718497 0.941985
v 0.090597 1.718375 0.941684
v 0.090660 1.718313 0.941525
v 0.082443 1.727693 0.965393
v 0.082348 1.727601 0.965171
v 0.083141 1.727592 0.965092
v 0.082724 1.725255 0.959338
v 0.082802 1.725296 0.959433
v 0.082816 1.725574 0.960122
v 0.082887 1.725576 0.960121
v 0.083132 1.725286 0.959384
v 0.083242 1.725261 0.959314
v 0.083434 1.725795 0.960623
v 0.083373 1.725795 0.960626
v 0.083170 1.726048 0.961267
v 0.083059 1.726072 0.961336
v 0.082294 1.726053 0.961344
v 0.082205 1.725983 0.961176
v 0.082183 1.725282 0.959444
v 0.082264 1.725243 0.959343
v 0.021163 1.716608 0.940583
v 0.021163 1.716232 0.939653
v 0.021055 1.716279 0.939767
v 0.021055 1.716563 0.940468
v 0.025700 1.716577 0.940595
v 0.025700 1.716201 0.939665
v 0.025808 1.716247 0.939780
v 0.025808 1.716530 0.940481
v 0.034935 1.716095 0.939485
v 0.034834 1.716099 0.939494
v 0.034695 1.716082 0.939451
v 0.034296 1.715987 0.939216
v 0.033893 1.715940 0.939099
v 0.033400 1.715933 0.939079
v 0.032986 1.715971 0.939171
v 0.032737 1.716037 0.939333
v 0.032542 1.716113 0.939520
v 0.032371 1.716260 0.939884
v 0.032298 1.716405 0.940241
v 0.032281 1.716570 0.940650
v 0.032354 1.716736 0.941063
v 0.032532 1.716887 0.941435
v 0.032753 1.716992 0.941698
v 0.033021 1.717057 0.941859
v 0.033341 1.717086 0.941933
v 0.033625 1.717070 0.941894
v 0.033903 1.717020 0.941772
v 0.034128 1.716949 0.941597
v 0.034248 1.716859 0.941373
v 0.034331 1.716756 0.941118
v 0.034433 1.716682 0.940936
v 0.034555 1.716635 0.940820
v 0.034677 1.716608 0.940753
v 0.034851 1.716601 0.940737
v 0.034949 1.716631 0.940812
v 0.034959 1.716669 0.940906
v 0.034913 1.716721 0.941035
v 0.034659 1.716871 0.941405
v 0.034533 1.717022 0.941778
v 0.034512 1.717206 0.942235
v 0.034611 1.717362 0.942619
v 0.034787 1.717455 0.942850
v 0.034988 1.717528 0.943030
v 0.035381 1.717591 0.943188
v 0.035766 1.717619 0.943257
v 0.035935 1.715129 0.937096
v 0.035550 1.715102 0.937027
v 0.035108 1.715096 0.937012
v 0.034663 1.715123 0.937079
v 0.034261 1.715190 0.937244
v 0.033978 1.715273 0.937449
v 0.033804 1.715374 0.937697
v 0.033726 1.715494 0.937994
v 0.033768 1.715600 0.938257
v 0.033899 1.715704 0.938515
v 0.034088 1.715788 0.938724
v 0.034330 1.715833 0.938835
v 0.034605 1.715864 0.938912
v 0.034801 1.715902 0.939006
v 0.034926 1.715947 0.939119
v 0.034998 1.715993 0.939232
v 0.035016 1.716058 0.939394
v -0.024403 1.733782 0.979293
v -0.021450 1.734069 0.980278
v -0.021468 1.733893 0.979841
v -0.021672 1.733782 0.979548
v -0.022060 1.733737 0.979401
v -0.022841 1.733731 0.979314
v -0.023622 1.733746 0.979279
v -0.025184 1.733839 0.979360
v -0.025572 1.733909 0.979496
v -0.025776 1.734033 0.979784
v -0.025794 1.734210 0.980221
v -0.025388 1.734867 0.981884
v -0.024700 1.735691 0.983990
v -0.024043 1.736303 0.985568
v -0.023917 1.736375 0.985757
v -0.023770 1.736425 0.985895
v -0.023622 1.736440 0.985947
v -0.023474 1.736415 0.985899
v -0.023327 1.736356 0.985764
v -0.023201 1.736276 0.985579
v -0.022544 1.735621 0.984019
v -0.021857 1.734752 0.981931
v -0.012173 1.726270 0.961742
v -0.014434 1.726073 0.961080
v -0.016222 1.725971 0.960682
v -0.016692 1.725991 0.960694
v -0.017006 1.726076 0.960880
v -0.017159 1.726226 0.961238
v -0.017241 1.726521 0.961961
v -0.017268 1.726815 0.962686
v -0.017241 1.727107 0.963410
v -0.017159 1.727397 0.964136
v -0.017006 1.727538 0.964498
v -0.016692 1.727605 0.964690
v -0.016222 1.727599 0.964713
v -0.014434 1.727397 0.964356
v -0.012173 1.727078 0.963743
v -0.010280 1.726736 0.963036
v -0.010482 1.726788 0.963151
v -0.010133 1.726566 0.962626
v -0.010079 1.726620 0.962764
v -0.010133 1.726677 0.962901
v -0.010280 1.726515 0.962489
v -0.010482 1.726472 0.962369
v 0.110850 1.727353 0.966476
v 0.111063 1.727335 0.966430
v 0.111142 1.727287 0.966310
v 0.111142 1.726933 0.965426
v 0.111455 1.726995 0.965581
v 0.111592 1.726985 0.965556
v 0.111732 1.726935 0.965430
v 0.111809 1.726856 0.965234
v 0.111754 1.726800 0.965092
v 0.111484 1.726746 0.964957
v 0.110873 1.726603 0.964600
v 0.110638 1.727335 0.966430
v 0.110558 1.727287 0.966310
v 0.110558 1.726933 0.965426
v 0.110246 1.726995 0.965581
v 0.110109 1.726985 0.965556
v 0.109969 1.726935 0.965430
v 0.109892 1.726856 0.965234
v 0.109947 1.726800 0.965092
v 0.110217 1.726746 0.964957
v 0.110806 1.726603 0.964600
v 0.107783 1.726695 0.964831
v 0.107931 1.726755 0.964980
v 0.108083 1.726756 0.964983
v 0.108908 1.726579 0.964541
v 0.108920 1.726711 0.964870
v 0.109011 1.726750 0.964968
v 0.109199 1.726770 0.965017
v 0.109420 1.726755 0.964981
v 0.109525 1.726709 0.964866
v 0.109516 1.726595 0.964581
v 0.109544 1.726327 0.963911
v 0.107719 1.726618 0.964638
v 0.107792 1.726568 0.964514
v 0.108616 1.726392 0.964072
v 0.108315 1.726322 0.963898
v 0.108269 1.726273 0.963775
v 0.108317 1.726203 0.963600
v 0.108461 1.726139 0.963440
v 0.108621 1.726128 0.963413
v 0.108882 1.726188 0.963563
v 0.109510 1.726306 0.963857
v 0.107783 1.725380 0.961542
v 0.107719 1.725458 0.961736
v 0.107792 1.725507 0.961860
v 0.108616 1.725684 0.962302
v 0.108315 1.725754 0.962476
v 0.108269 1.725802 0.962598
v 0.108317 1.725873 0.962774
v 0.108461 1.725937 0.962934
v 0.108621 1.725947 0.962961
v 0.108882 1.725888 0.962811
v 0.109521 1.725762 0.962498
v 0.107931 1.725321 0.961394
v 0.108083 1.725320 0.961391
v 0.108908 1.725496 0.961833
v 0.108920 1.725365 0.961504
v 0.109011 1.725325 0.961406
v 0.109199 1.725306 0.961356
v 0.109420 1.725320 0.961392
v 0.109525 1.725366 0.961508
v 0.109516 1.725480 0.961792
v 0.109555 1.725741 0.962445
v 0.110850 1.724723 0.959898
v 0.110638 1.724741 0.959943
v 0.110558 1.724789 0.960064
v 0.110558 1.725142 0.960948
v 0.110246 1.725080 0.960793
v 0.110109 1.725090 0.960817
v 0.109969 1.725141 0.960944
v 0.109892 1.725219 0.961139
v 0.109947 1.725276 0.961282
v 0.110217 1.725330 0.961417
v 0.110828 1.725473 0.961774
v 0.111063 1.724741 0.959943
v 0.111142 1.724789 0.960064
v 0.111142 1.725142 0.960948
v 0.111455 1.725080 0.960793
v 0.111592 1.725090 0.960817
v 0.111732 1.725141 0.960944
v 0.111809 1.725219 0.961139
v 0.111754 1.725276 0.961282
v 0.111484 1.725330 0.961417
v 0.110895 1.725473 0.961774
v 0.113918 1.725380 0.961542
v 0.113769 1.725321 0.961394
v 0.113617 1.725320 0.961391
v 0.112792 1.725496 0.961833
v 0.112781 1.725365 0.961504
v 0.112690 1.725325 0.961406
v 0.112502 1.725306 0.961356
v 0.112281 1.725320 0.961392
v 0.112176 1.725366 0.961508
v 0.112185 1.725480 0.961792
v 0.112157 1.725748 0.962462
v 0.113982 1.725458 0.961736
v 0.113909 1.725507 0.961860
v 0.113084 1.725684 0.962302
v 0.113386 1.725754 0.962476
v 0.113431 1.725802 0.962598
v 0.113383 1.725873 0.962774
v 0.113239 1.725937 0.962934
v 0.113079 1.725947 0.962961
v 0.112818 1.725888 0.962811
v 0.112190 1.725770 0.962516
v 0.113918 1.726695 0.964831
v 0.113982 1.726618 0.964638
v 0.113909 1.726568 0.964514
v 0.113084 1.726392 0.964072
v 0.113386 1.726322 0.963898
v 0.113431 1.726273 0.963775
v 0.113383 1.726203 0.963600
v 0.113239 1.726139 0.963440
v 0.113079 1.726128 0.963413
v 0.112818 1.726188 0.963563
v 0.112179 1.726313 0.963875
v 0.113769 1.726755 0.964980
v 0.113617 1.726756 0.964983
v 0.112792 1.726579 0.964541
v 0.112781 1.726711 0.964870
v 0.112690 1.726750 0.964968
v 0.112502 1.726770 0.965017
v 0.112281 1.726755 0.964981
v 0.112176 1.726709 0.964866
v 0.112185 1.726595 0.964581
v 0.112146 1.726335 0.963929
v -0.035256 1.720455 0.967632
v -0.035761 1.720399 0.967493
v -0.036117 1.720255 0.967136
v -0.036329 1.720067 0.966671
v -0.036404 1.719877 0.966202
v -0.036335 1.719698 0.965758
v -0.036113 1.719524 0.965326
v -0.035744 1.719392 0.964999
v -0.035231 1.719339 0.964870
v -0.034802 1.719387 0.964988
v -0.034434 1.719512 0.965297
v -0.034178 1.719688 0.965734
v -0.034082 1.719890 0.966232
v -0.034153 1.720086 0.966717
v -0.034368 1.720267 0.967167
v -0.034734 1.720402 0.967500
v -0.035252 1.720191 0.966977
v -0.035487 1.720161 0.966904
v -0.035640 1.720086 0.966717
v -0.035722 1.719987 0.966473
v -0.035744 1.719887 0.966227
v -0.035710 1.719792 0.965991
v -0.035613 1.719699 0.965759
v -0.035449 1.719627 0.965583
v -0.035214 1.719599 0.965513
v -0.034998 1.719625 0.965577
v -0.034846 1.719693 0.965746
v -0.034760 1.719789 0.965982
v -0.034745 1.719895 0.966247
v -0.034781 1.719998 0.966500
v -0.034864 1.720093 0.966735
v -0.035013 1.720163 0.966908
v -0.043739 1.719359 0.964919
v -0.043273 1.719359 0.964918
v -0.043212 1.719379 0.964967
v -0.043012 1.719545 0.965378
v -0.042929 1.719561 0.965418
v -0.042102 1.719558 0.965411
v -0.042026 1.719540 0.965366
v -0.041850 1.719377 0.964962
v -0.041768 1.719354 0.964906
v -0.041264 1.719354 0.964905
v -0.041188 1.719383 0.964979
v -0.041179 1.719433 0.965103
v -0.042190 1.720439 0.967592
v -0.042261 1.720465 0.967656
v -0.042641 1.720465 0.967657
v -0.042782 1.720429 0.967567
v -0.043786 1.719468 0.965187
v -0.043819 1.719392 0.965001
v -0.042817 1.719776 0.965950
v -0.042232 1.719779 0.965957
v -0.042160 1.719805 0.966023
v -0.042479 1.720098 0.966748
v -0.042537 1.720097 0.966745
v -0.042876 1.719802 0.966014
v -0.040510 1.720439 0.967592
v -0.040581 1.720475 0.967681
v -0.041061 1.720475 0.967682
v -0.041179 1.720424 0.967555
v -0.041179 1.719741 0.965864
v -0.041107 1.719603 0.965523
v -0.040900 1.719477 0.965210
v -0.040574 1.719385 0.964983
v -0.040142 1.719350 0.964898
v -0.039670 1.719385 0.964983
v -0.039311 1.719473 0.965201
v -0.039081 1.719599 0.965514
v -0.038997 1.719749 0.965883
v -0.038972 1.720439 0.967592
v -0.039042 1.720475 0.967681
v -0.039502 1.720475 0.967682
v -0.039619 1.720424 0.967555
v -0.039659 1.719780 0.965960
v -0.039681 1.719719 0.965810
v -0.039750 1.719667 0.965682
v -0.039886 1.719631 0.965592
v -0.040106 1.719617 0.965557
v -0.040317 1.719631 0.965592
v -0.040459 1.719669 0.965686
v -0.040538 1.719721 0.965814
v -0.040560 1.719777 0.965953
v -0.037272 1.719342 0.964876
v -0.037180 1.719377 0.964964
v -0.037180 1.720214 0.967036
v -0.036632 1.720214 0.967036
v -0.036449 1.720267 0.967166
v -0.036445 1.720423 0.967552
v -0.036551 1.720475 0.967681
v -0.038491 1.720475 0.967682
v -0.038608 1.720424 0.967555
v -0.038611 1.720258 0.967145
v -0.038498 1.720217 0.967041
v -0.037928 1.720217 0.967041
v -0.037928 1.719375 0.964959
v -0.037847 1.719341 0.964874
v -0.034623 1.809555 1.115010
v -0.034608 1.810176 1.115466
v -0.035856 1.812575 1.117156
v -0.034597 1.810638 1.115806
v -0.037230 1.809664 1.114946
v -0.037215 1.810285 1.115402
v -0.037204 1.810747 1.115741
vn -0.1405 -0.8925 0.4286
vn -0.1395 -0.8868 0.4407
vn -0.1398 -0.8924 0.4290
vn -0.1392 -0.9572 0.2540
vn -0.1389 -0.9572 0.2539
vn -0.1396 -0.9546 0.2632
vn -0.1396 -0.9550 0.2616
vn -0.1395 -0.9545 0.2635
vn -0.1396 -0.9551 0.2614
vn -0.1395 -0.9576 0.2519
vn -0.1395 -0.9579 0.2508
vn -0.1395 -0.9570 0.2543
vn -0.1396 -0.9529 0.2691
vn -0.1396 -0.9527 0.2698
vn -0.1394 -0.9531 0.2687
vn -0.1396 -0.9555 0.2597
vn -0.1396 -0.9555 0.2599
vn -0.1396 -0.9558 0.2588
vn -0.1395 -0.9510 0.2758
vn -0.1396 -0.9520 0.2726
vn -0.1395 -0.9515 0.2740
vn -0.1396 -0.9557 0.2593
vn -0.1396 -0.9562 0.2573
vn -0.1397 -0.9542 0.2647
vn -0.1397 -0.9537 0.2665
vn -0.1396 -0.9520 0.2723
vn -0.1396 -0.9525 0.2706
vn -0.1396 -0.9523 0.2714
vn -0.1369 -0.8939 0.4269
vn -0.1369 -0.8927 0.4293
vn -0.1370 -0.8934 0.4278
vn -0.1373 -0.8973 0.4196
vn -0.1374 -0.8977 0.4186
vn -0.1372 -0.8968 0.4207
vn -0.1371 -0.8943 0.4260
vn -0.1371 -0.8948 0.4249
vn -0.1371 -0.8945 0.4254
vn -0.1372 -0.8956 0.4231
vn -0.1372 -0.8963 0.4218
vn -0.1373 -0.8968 0.4206
vn -0.1375 -0.8993 0.4151
vn -0.1374 -0.8975 0.4191
vn -0.1372 -0.8959 0.4225
vn -0.1372 -0.8953 0.4238
vn -0.1372 -0.8950 0.4244
vn -0.1367 -0.8881 0.4389
vn -0.1368 -0.8889 0.4373
vn -0.1367 -0.8871 0.4410
vn -0.1370 -0.8922 0.4303
vn -0.1371 -0.8931 0.4284
vn -0.1369 -0.8923 0.4303
vn -0.1389 -0.9262 0.3506
vn -0.1389 -0.9261 0.3508
vn -0.1389 -0.9261 0.3507
vn -0.1389 -0.9263 0.3503
vn -0.1389 -0.9262 0.3505
vn -0.1389 -0.9262 0.3504
vn -0.1388 -0.9261 0.3509
vn -0.1390 -0.9261 0.3508
vn -0.1388 -0.9262 0.3506
vn -0.1388 -0.9262 0.3507
vn -0.1388 -0.9263 0.3503
vn -0.1388 -0.9261 0.3508
vn -0.1396 -0.9540 0.2653
vn -0.1397 -0.9536 0.2666
vn -0.1396 -0.9540 0.2655
vn -0.1370 -0.8930 0.4287
vn -0.1371 -0.8934 0.4279
vn -0.1371 -0.8926 0.4294
vn -0.1372 -0.8950 0.4245
vn -0.1373 -0.8955 0.4233
vn -0.1373 -0.8943 0.4260
vn -0.1369 -0.8915 0.4319
vn -0.1369 -0.8909 0.4332
vn -0.1369 -0.8909 0.4330
vn -0.1423 -0.9568 0.2536
vn -0.1424 -0.9568 0.2535
vn -0.1442 -0.9539 0.2631
vn -0.1391 -0.9262 0.3504
vn -0.1390 -0.9263 0.3504
vn -0.1375 -0.8985 0.4169
vn -0.1394 -0.8866 0.4410
vn -0.1401 -0.8927 0.4283
vn -0.1405 -0.8922 0.4293
vn -0.1397 -0.9555 0.2598
vn -0.1393 -0.9529 0.2693
vn -0.1395 -0.9536 0.2670
vn -0.1395 -0.9541 0.2648
vn -0.1396 -0.9552 0.2610
vn -0.1396 -0.9553 0.2605
vn -0.1396 -0.9564 0.2566
vn -0.1395 -0.9572 0.2535
vn -0.1396 -0.9567 0.2556
vn -0.1396 -0.9569 0.2547
vn -0.1396 -0.9525 0.2708
vn -0.1370 -0.9536 0.2681
vn -0.1393 -0.9536 0.2669
vn -0.1396 -0.9555 0.2600
vn -0.1396 -0.9560 0.2579
vn -0.1396 -0.9563 0.2568
vn -0.1394 -0.9518 0.2731
vn -0.1395 -0.9504 0.2779
vn -0.1395 -0.9510 0.2761
vn -0.1396 -0.9541 0.2648
vn -0.1397 -0.9550 0.2616
vn -0.1397 -0.9548 0.2625
vn -0.1395 -0.9559 0.2586
vn -0.1396 -0.9554 0.2603
vn -0.1395 -0.9562 0.2575
vn -0.1395 -0.9557 0.2592
vn -0.1396 -0.9562 0.2572
vn -0.1396 -0.9557 0.2592
vn -0.1397 -0.9562 0.2570
vn -0.1397 -0.9557 0.2593
vn -0.1396 -0.9560 0.2581
vn -0.1396 -0.9553 0.2606
vn -0.1395 -0.9551 0.2612
vn -0.1395 -0.9549 0.2620
vn -0.1396 -0.9545 0.2635
vn -0.1396 -0.9544 0.2639
vn -0.1397 -0.9535 0.2669
vn -0.1397 -0.9529 0.2692
vn -0.1397 -0.9537 0.2662
vn -0.1395 -0.9525 0.2706
vn -0.1395 -0.9534 0.2674
vn -0.1395 -0.9531 0.2687
vn -0.1395 -0.9538 0.2662
vn -0.1395 -0.9537 0.2666
vn -0.1394 -0.9528 0.2696
vn -0.1397 -0.9533 0.2680
vn -0.1394 -0.9524 0.2713
vn -0.1399 -0.9528 0.2696
vn -0.1397 -0.9531 0.2684
vn -0.1396 -0.9528 0.2695
vn -0.1396 -0.9535 0.2672
vn -0.1397 -0.9518 0.2731
vn -0.1396 -0.9520 0.2724
vn -0.1397 -0.9526 0.2704
vn -0.1361 -0.8889 0.4374
vn -0.1363 -0.8889 0.4374
vn -0.1370 -0.8940 0.4267
vn -0.1372 -0.8954 0.4237
vn -0.1371 -0.8938 0.4269
vn -0.1371 -0.8932 0.4283
vn -0.1372 -0.8957 0.4230
vn -0.1372 -0.8956 0.4232
vn -0.1367 -0.8901 0.4347
vn -0.1368 -0.8896 0.4358
vn -0.1369 -0.8891 0.4367
vn -0.1366 -0.8878 0.4395
vn -0.1371 -0.8931 0.4285
vn -0.1389 -0.9260 0.3509
vn -0.1389 -0.9262 0.3507
vn -0.1387 -0.9262 0.3505
vn -0.1388 -0.9261 0.3507
vn -0.1390 -0.9262 0.3504
vn -0.1389 -0.9263 0.3502
vn -0.1389 -0.9264 0.3501
vn -0.1388 -0.9261 0.3510
vn -0.1388 -0.9262 0.3505
vn -0.1390 -0.9261 0.3507
vn -0.1388 -0.9262 0.3504
vn -0.1388 -0.9260 0.3510
vn -0.1389 -0.9260 0.3510
vn -0.1388 -0.9263 0.3502
vn -0.1387 -0.9263 0.3503
vn -0.1387 -0.9262 0.3507
vn -0.1388 -0.9264 0.3502
vn -0.1387 -0.9261 0.3508
vn -0.1387 -0.9260 0.3510
vn -0.1388 -0.9263 0.3504
vn -0.1391 -0.9261 0.3507
vn -0.1390 -0.9263 0.3502
vn -0.1391 -0.9262 0.3505
vn -0.1389 -0.9263 0.3504
vn -0.1387 -0.9262 0.3506
vn -0.1397 -0.9533 0.2677
vn -0.1396 -0.9543 0.2641
vn -0.1391 -0.9548 0.2628
vn -0.1372 -0.8937 0.4271
vn -0.1370 -0.8925 0.4297
vn -0.1369 -0.8923 0.4301
vn -0.1370 -0.8911 0.4327
vn -0.1369 -0.8903 0.4343
vn -0.1370 -0.8916 0.4317
vn -0.1369 -0.8898 0.4352
vn -0.1369 -0.8910 0.4328
vn -0.1369 -0.8896 0.4357
vn -0.1366 -0.8909 0.4331
vn -0.1370 -0.8894 0.4360
vn -0.1372 -0.8906 0.4336
vn -0.1365 -0.8906 0.4338
vn -0.1370 -0.8896 0.4357
vn -0.1371 -0.8905 0.4339
vn -0.1371 -0.8908 0.4332
vn -0.1369 -0.8918 0.4312
vn -0.1370 -0.8914 0.4320
vn -0.1368 -0.8924 0.4301
vn -0.1369 -0.8921 0.4306
vn -0.1372 -0.8935 0.4276
vn -0.1371 -0.8922 0.4304
vn -0.1372 -0.8934 0.4278
vn -0.1371 -0.8924 0.4300
vn -0.1373 -0.8946 0.4252
vn -0.1374 -0.8964 0.4214
vn -0.1373 -0.8962 0.4219
vn -0.1373 -0.8954 0.4236
vn -0.1374 -0.8956 0.4232
vn -0.1374 -0.8963 0.4215
vn -0.1375 -0.8965 0.4212
vn -0.1373 -0.8956 0.4232
vn -0.1373 -0.8957 0.4229
vn -0.1372 -0.8960 0.4222
vn -0.1373 -0.8945 0.4255
vn -0.1373 -0.8941 0.4264
vn -0.1373 -0.8952 0.4241
vn -0.1370 -0.8931 0.4284
vn -0.1368 -0.8903 0.4343
vn -0.1369 -0.8915 0.4318
vn -0.1368 -0.8916 0.4316
vn -0.1369 -0.8921 0.4307
vn -0.1440 -0.9541 0.2625
vn -0.1430 -0.9523 0.2695
vn -0.1431 -0.9532 0.2664
vn -0.1376 -0.8990 0.4157
vn -0.0013 -0.8573 0.5148
vn -0.0000 -0.8582 0.5133
vn -0.0000 -0.8572 0.5149
vn -0.0007 -0.8549 0.5188
vn -0.0000 -0.8557 0.5174
vn -0.0000 -0.8550 0.5187
vn 0.0325 -0.8483 0.5285
vn 0.0319 -0.8493 0.5270
vn 0.0320 -0.8499 0.5259
vn 0.0317 -0.8540 0.5193
vn 0.0319 -0.8531 0.5209
vn 0.0316 -0.8532 0.5207
vn 0.0013 -0.8571 0.5152
vn -0.0000 -0.8583 0.5131
vn 0.0016 -0.8580 0.5137
vn -0.0000 -0.8433 0.5374
vn -0.0000 -0.8413 0.5405
vn -0.0015 -0.8572 0.5150
vn 0.0010 -0.8557 0.5174
vn -0.0000 -0.8461 0.5331
vn 0.0008 -0.8550 0.5187
vn -0.0452 -0.8404 0.5401
vn -0.0454 -0.8392 0.5420
vn -0.0452 -0.8408 0.5395
vn -0.0427 -0.8498 0.5254
vn -0.0422 -0.8497 0.5256
vn -0.0424 -0.8487 0.5272
vn -0.0203 -0.8494 0.5274
vn -0.0204 -0.8495 0.5273
vn -0.0203 -0.8508 0.5252
vn -0.0194 -0.8496 0.5271
vn -0.0195 -0.8496 0.5271
vn -0.0195 -0.8514 0.5241
vn -0.0183 -0.8551 0.5182
vn -0.0184 -0.8551 0.5182
vn -0.0183 -0.8543 0.5195
vn 0.0185 -0.8467 0.5318
vn 0.0183 -0.8481 0.5295
vn 0.0186 -0.8474 0.5307
vn 0.0191 -0.8450 0.5344
vn 0.0191 -0.8459 0.5330
vn 0.0193 -0.8463 0.5323
vn 0.0190 -0.8553 0.5179
vn 0.0193 -0.8551 0.5182
vn 0.0192 -0.8543 0.5195
vn 0.0197 -0.8497 0.5269
vn 0.0193 -0.8507 0.5252
vn 0.0194 -0.8513 0.5243
vn 0.0432 -0.8464 0.5308
vn 0.0432 -0.8461 0.5313
vn 0.0433 -0.8457 0.5318
vn 0.0425 -0.8490 0.5267
vn 0.0423 -0.8488 0.5270
vn 0.0421 -0.8498 0.5254
vn 0.0432 -0.8449 0.5332
vn 0.0428 -0.8449 0.5331
vn 0.0430 -0.8458 0.5318
vn 0.0424 -0.8483 0.5278
vn 0.0424 -0.8489 0.5268
vn 0.0425 -0.8480 0.5282
vn 0.0433 -0.8483 0.5277
vn 0.0431 -0.8488 0.5269
vn 0.0436 -0.8485 0.5274
vn 0.0437 -0.8456 0.5321
vn 0.0436 -0.8460 0.5314
vn 0.0440 -0.8450 0.5329
vn 0.0444 -0.8442 0.5342
vn 0.0446 -0.8450 0.5329
vn 0.0452 -0.8433 0.5356
vn 0.0439 -0.8502 0.5247
vn 0.0441 -0.8499 0.5250
vn 0.0438 -0.8477 0.5287
vn 0.0448 -0.8458 0.5315
vn 0.0443 -0.8464 0.5306
vn 0.0445 -0.8473 0.5293
vn -0.0016 -0.8583 0.5132
vn -0.0010 -0.8557 0.5175
vn 0.0315 -0.8533 0.5205
vn 0.0319 -0.8510 0.5242
vn 0.0317 -0.8506 0.5249
vn 0.0311 -0.8536 0.5200
vn 0.0316 -0.8501 0.5256
vn 0.0312 -0.8486 0.5281
vn 0.0312 -0.8539 0.5195
vn 0.0314 -0.8544 0.5186
vn 0.0309 -0.8533 0.5204
vn 0.0313 -0.8452 0.5336
vn 0.0314 -0.8451 0.5336
vn 0.0316 -0.8443 0.5349
vn 0.0315 -0.8437 0.5359
vn 0.0311 -0.8449 0.5340
vn 0.0321 -0.8422 0.5383
vn 0.0318 -0.8425 0.5377
vn 0.0321 -0.8430 0.5369
vn 0.0319 -0.8433 0.5364
vn 0.0328 -0.8436 0.5360
vn 0.0326 -0.8425 0.5378
vn 0.0327 -0.8442 0.5350
vn 0.0325 -0.8433 0.5365
vn 0.0328 -0.8471 0.5305
vn 0.0330 -0.8453 0.5332
vn 0.0328 -0.8458 0.5325
vn 0.0323 -0.8534 0.5203
vn 0.0325 -0.8530 0.5208
vn 0.0320 -0.8506 0.5249
vn 0.0326 -0.8483 0.5285
vn 0.0326 -0.8472 0.5303
vn 0.0318 -0.8543 0.5188
vn 0.0321 -0.8538 0.5196
vn 0.0318 -0.8533 0.5205
vn 0.0319 -0.8511 0.5240
vn 0.0319 -0.8499 0.5259
vn 0.0317 -0.8494 0.5267
vn 0.0314 -0.8540 0.5194
vn 0.0320 -0.8537 0.5198
vn -0.0000 -0.8574 0.5146
vn 0.0016 -0.8573 0.5149
vn 0.0019 -0.8582 0.5133
vn -0.0018 -0.8581 0.5134
vn -0.0009 -0.8558 0.5172
vn -0.0007 -0.8551 0.5185
vn -0.0000 -0.8476 0.5306
vn -0.0000 -0.8549 0.5187
vn -0.0000 -0.8557 0.5175
vn -0.0452 -0.8389 0.5425
vn -0.0442 -0.8439 0.5347
vn -0.0446 -0.8450 0.5329
vn -0.0443 -0.8438 0.5349
vn -0.0441 -0.8457 0.5318
vn -0.0441 -0.8454 0.5323
vn -0.0441 -0.8471 0.5296
vn -0.0442 -0.8461 0.5312
vn -0.0439 -0.8464 0.5308
vn -0.0441 -0.8468 0.5300
vn -0.0437 -0.8471 0.5296
vn -0.0438 -0.8455 0.5321
vn -0.0440 -0.8456 0.5319
vn -0.0436 -0.8465 0.5306
vn -0.0439 -0.8477 0.5286
vn -0.0436 -0.8486 0.5272
vn -0.0435 -0.8480 0.5282
vn -0.0432 -0.8487 0.5271
vn -0.0430 -0.8474 0.5291
vn -0.0427 -0.8481 0.5281
vn -0.0427 -0.8472 0.5296
vn -0.0426 -0.8479 0.5285
vn -0.0432 -0.8468 0.5301
vn -0.0438 -0.8457 0.5318
vn -0.0435 -0.8461 0.5312
vn -0.0428 -0.8467 0.5304
vn -0.0434 -0.8442 0.5343
vn -0.0430 -0.8443 0.5341
vn -0.0433 -0.8437 0.5351
vn -0.0431 -0.8464 0.5309
vn -0.0432 -0.8459 0.5316
vn -0.0432 -0.8461 0.5313
vn -0.0426 -0.8485 0.5274
vn -0.0430 -0.8473 0.5294
vn -0.0427 -0.8479 0.5284
vn -0.0426 -0.8473 0.5294
vn -0.0426 -0.8485 0.5275
vn -0.0425 -0.8480 0.5284
vn -0.0430 -0.8465 0.5306
vn -0.0430 -0.8454 0.5323
vn -0.0431 -0.8448 0.5333
vn -0.0430 -0.8459 0.5316
vn -0.0427 -0.8467 0.5303
vn -0.0432 -0.8448 0.5334
vn -0.0432 -0.8448 0.5333
vn -0.0433 -0.8458 0.5317
vn -0.0433 -0.8460 0.5315
vn -0.0432 -0.8459 0.5317
vn -0.0428 -0.8462 0.5311
vn -0.0426 -0.8486 0.5273
vn -0.0452 -0.8400 0.5407
vn -0.0453 -0.8396 0.5413
vn -0.0455 -0.8399 0.5408
vn -0.0456 -0.8389 0.5423
vn -0.0448 -0.8473 0.5292
vn -0.0446 -0.8471 0.5296
vn -0.0445 -0.8484 0.5275
vn -0.0445 -0.8477 0.5286
vn -0.0442 -0.8491 0.5263
vn -0.0444 -0.8479 0.5283
vn -0.0432 -0.8499 0.5252
vn -0.0429 -0.8504 0.5244
vn -0.0425 -0.8513 0.5230
vn -0.0426 -0.8517 0.5223
vn -0.0419 -0.8520 0.5218
vn -0.0420 -0.8516 0.5225
vn -0.0423 -0.8510 0.5234
vn -0.0427 -0.8509 0.5236
vn -0.0424 -0.8503 0.5246
vn -0.0451 -0.8391 0.5421
vn -0.0452 -0.8403 0.5403
vn -0.0428 -0.8424 0.5371
vn -0.0427 -0.8415 0.5385
vn -0.0428 -0.8412 0.5391
vn -0.0427 -0.8426 0.5369
vn -0.0421 -0.8489 0.5269
vn -0.0425 -0.8431 0.5360
vn -0.0420 -0.8499 0.5253
vn -0.0419 -0.8497 0.5257
vn -0.0422 -0.8487 0.5272
vn -0.0423 -0.8488 0.5271
vn -0.0422 -0.8509 0.5237
vn -0.0421 -0.8501 0.5250
vn -0.0424 -0.8502 0.5247
vn -0.0423 -0.8497 0.5255
vn -0.0419 -0.8515 0.5227
vn -0.0423 -0.8509 0.5236
vn -0.0422 -0.8520 0.5218
vn -0.0419 -0.8519 0.5220
vn -0.0422 -0.8513 0.5230
vn -0.0422 -0.8484 0.5276
vn -0.0425 -0.8497 0.5256
vn -0.0422 -0.8510 0.5235
vn -0.0423 -0.8506 0.5241
vn -0.0420 -0.8505 0.5243
vn -0.0420 -0.8514 0.5228
vn -0.0419 -0.8511 0.5233
vn -0.0415 -0.8520 0.5219
vn -0.0417 -0.8519 0.5220
vn -0.0417 -0.8515 0.5227
vn -0.0203 -0.8480 0.5296
vn -0.0206 -0.8476 0.5303
vn -0.0204 -0.8512 0.5245
vn -0.0192 -0.8436 0.5366
vn -0.0193 -0.8432 0.5372
vn -0.0197 -0.8446 0.5350
vn -0.0198 -0.8435 0.5367
vn -0.0199 -0.8440 0.5360
vn -0.0199 -0.8449 0.5346
vn -0.0201 -0.8447 0.5349
vn -0.0199 -0.8453 0.5340
vn -0.0202 -0.8459 0.5329
vn -0.0200 -0.8458 0.5331
vn -0.0205 -0.8475 0.5304
vn -0.0201 -0.8468 0.5315
vn -0.0204 -0.8480 0.5296
vn -0.0193 -0.8457 0.5333
vn -0.0193 -0.8479 0.5298
vn -0.0196 -0.8461 0.5327
vn -0.0194 -0.8534 0.5208
vn -0.0193 -0.8520 0.5232
vn -0.0196 -0.8527 0.5221
vn -0.0196 -0.8551 0.5181
vn -0.0196 -0.8548 0.5186
vn -0.0196 -0.8538 0.5202
vn -0.0200 -0.8542 0.5196
vn -0.0198 -0.8545 0.5190
vn -0.0197 -0.8535 0.5206
vn -0.0199 -0.8533 0.5211
vn -0.0202 -0.8526 0.5222
vn -0.0201 -0.8536 0.5205
vn -0.0200 -0.8526 0.5222
vn -0.0201 -0.8509 0.5249
vn -0.0203 -0.8513 0.5243
vn -0.0201 -0.8519 0.5234
vn -0.0196 -0.8481 0.5295
vn -0.0184 -0.8435 0.5369
vn -0.0182 -0.8433 0.5372
vn -0.0184 -0.8445 0.5352
vn -0.0182 -0.8441 0.5358
vn -0.0186 -0.8452 0.5342
vn -0.0183 -0.8455 0.5337
vn -0.0182 -0.8445 0.5352
vn -0.0183 -0.8452 0.5342
vn -0.0178 -0.8443 0.5356
vn -0.0185 -0.8435 0.5368
vn -0.0179 -0.8465 0.5321
vn -0.0179 -0.8457 0.5334
vn -0.0183 -0.8458 0.5332
vn -0.0179 -0.8471 0.5312
vn -0.0187 -0.8459 0.5331
vn -0.0191 -0.8456 0.5334
vn -0.0191 -0.8462 0.5325
vn -0.0185 -0.8468 0.5316
vn -0.0187 -0.8470 0.5313
vn -0.0191 -0.8466 0.5319
vn -0.0186 -0.8472 0.5309
vn -0.0185 -0.8472 0.5309
vn -0.0185 -0.8481 0.5295
vn -0.0185 -0.8478 0.5300
vn -0.0187 -0.8487 0.5285
vn -0.0186 -0.8489 0.5282
vn -0.0185 -0.8478 0.5299
vn -0.0192 -0.8486 0.5287
vn -0.0191 -0.8492 0.5277
vn -0.0191 -0.8499 0.5266
vn -0.0185 -0.8500 0.5265
vn -0.0184 -0.8505 0.5256
vn -0.0185 -0.8508 0.5251
vn -0.0184 -0.8513 0.5244
vn -0.0186 -0.8512 0.5244
vn -0.0184 -0.8515 0.5240
vn -0.0187 -0.8517 0.5237
vn -0.0191 -0.8521 0.5231
vn -0.0191 -0.8522 0.5228
vn -0.0184 -0.8519 0.5234
vn -0.0183 -0.8490 0.5281
vn -0.0183 -0.8485 0.5289
vn -0.0179 -0.8496 0.5272
vn -0.0179 -0.8489 0.5283
vn -0.0191 -0.8524 0.5225
vn -0.0183 -0.8499 0.5266
vn -0.0179 -0.8503 0.5260
vn -0.0186 -0.8529 0.5218
vn -0.0179 -0.8524 0.5227
vn -0.0179 -0.8519 0.5235
vn -0.0183 -0.8529 0.5218
vn -0.0179 -0.8530 0.5215
vn -0.0185 -0.8536 0.5206
vn -0.0184 -0.8544 0.5193
vn -0.0182 -0.8551 0.5182
vn -0.0183 -0.8535 0.5208
vn 0.0183 -0.8498 0.5268
vn 0.0185 -0.8499 0.5267
vn 0.0185 -0.8484 0.5290
vn 0.0188 -0.8461 0.5327
vn 0.0187 -0.8451 0.5343
vn 0.0195 -0.8471 0.5311
vn 0.0195 -0.8484 0.5290
vn 0.0197 -0.8481 0.5294
vn 0.0197 -0.8466 0.5319
vn 0.0194 -0.8456 0.5335
vn 0.0188 -0.8455 0.5336
vn 0.0189 -0.8464 0.5323
vn 0.0189 -0.8545 0.5191
vn 0.0187 -0.8554 0.5176
vn 0.0189 -0.8544 0.5193
vn 0.0190 -0.8522 0.5228
vn 0.0189 -0.8518 0.5236
vn 0.0184 -0.8549 0.5185
vn 0.0189 -0.8512 0.5245
vn 0.0185 -0.8497 0.5270
vn 0.0186 -0.8550 0.5184
vn 0.0189 -0.8551 0.5181
vn 0.0182 -0.8546 0.5190
vn 0.0183 -0.8497 0.5269
vn 0.0196 -0.8485 0.5289
vn 0.0199 -0.8496 0.5270
vn 0.0188 -0.8506 0.5255
vn 0.0191 -0.8505 0.5256
vn 0.0199 -0.8543 0.5194
vn 0.0196 -0.8547 0.5188
vn 0.0192 -0.8518 0.5235
vn 0.0191 -0.8552 0.5180
vn 0.0194 -0.8553 0.5177
vn 0.0191 -0.8544 0.5192
vn 0.0192 -0.8522 0.5229
vn 0.0430 -0.8471 0.5297
vn 0.0428 -0.8475 0.5291
vn 0.0432 -0.8467 0.5303
vn 0.0424 -0.8474 0.5292
vn 0.0428 -0.8469 0.5300
vn 0.0425 -0.8476 0.5290
vn 0.0430 -0.8478 0.5286
vn 0.0430 -0.8470 0.5298
vn 0.0432 -0.8480 0.5282
vn 0.0435 -0.8471 0.5296
vn 0.0430 -0.8465 0.5307
vn 0.0436 -0.8450 0.5330
vn 0.0434 -0.8453 0.5325
vn 0.0433 -0.8459 0.5316
vn 0.0437 -0.8448 0.5333
vn 0.0436 -0.8447 0.5334
vn 0.0433 -0.8458 0.5317
vn 0.0435 -0.8457 0.5319
vn 0.0430 -0.8459 0.5316
vn 0.0424 -0.8486 0.5273
vn 0.0430 -0.8466 0.5306
vn 0.0428 -0.8484 0.5275
vn 0.0423 -0.8496 0.5258
vn 0.0423 -0.8498 0.5254
vn 0.0424 -0.8488 0.5271
vn 0.0425 -0.8489 0.5269
vn 0.0423 -0.8500 0.5251
vn 0.0427 -0.8500 0.5250
vn 0.0427 -0.8492 0.5263
vn 0.0427 -0.8493 0.5261
vn 0.0422 -0.8486 0.5273
vn 0.0419 -0.8500 0.5252
vn 0.0419 -0.8500 0.5251
vn 0.0423 -0.8492 0.5264
vn 0.0421 -0.8500 0.5250
vn 0.0426 -0.8457 0.5319
vn 0.0427 -0.8482 0.5279
vn 0.0424 -0.8490 0.5268
vn 0.0425 -0.8500 0.5251
vn 0.0425 -0.8502 0.5248
vn 0.0424 -0.8499 0.5252
vn 0.0422 -0.8491 0.5265
vn 0.0437 -0.8474 0.5291
vn 0.0435 -0.8473 0.5293
vn 0.0436 -0.8481 0.5280
vn 0.0435 -0.8476 0.5288
vn 0.0428 -0.8496 0.5257
vn 0.0432 -0.8492 0.5263
vn 0.0429 -0.8491 0.5265
vn 0.0425 -0.8496 0.5257
vn 0.0436 -0.8462 0.5311
vn 0.0444 -0.8457 0.5319
vn 0.0442 -0.8453 0.5325
vn 0.0437 -0.8447 0.5334
vn 0.0435 -0.8444 0.5340
vn 0.0436 -0.8503 0.5245
vn 0.0445 -0.8447 0.5334
vn 0.0444 -0.8440 0.5346
vn 0.0445 -0.8492 0.5262
vn 0.0444 -0.8490 0.5266
vn 0.0449 -0.8481 0.5280
vn 0.0450 -0.8473 0.5293
vn 0.0447 -0.8480 0.5281
vn 0.0449 -0.8465 0.5305
vn 0.0449 -0.8464 0.5306
vn 0.0451 -0.8463 0.5308
vn 0.0447 -0.8475 0.5289
vn 0.0453 -0.8458 0.5315
vn 0.0451 -0.8453 0.5324
vn 0.0453 -0.8451 0.5328
vn 0.0455 -0.8444 0.5338
vn 0.0452 -0.8451 0.5327
vn 0.0454 -0.8434 0.5353
vn 0.0452 -0.8445 0.5336
vn 0.0453 -0.8429 0.5362
vn 0.0452 -0.8440 0.5344
vn 0.0453 -0.8431 0.5358
vn 0.0445 -0.8449 0.5331
vn 0.0452 -0.8442 0.5341
vn 0.0443 -0.8494 0.5259
vn 0.0441 -0.8478 0.5285
vn 0.0450 -0.8456 0.5319
vn -0.0000 -0.7286 0.6850
vn 0.0235 -0.7473 0.6641
vn -0.0000 -0.6856 0.7280
vn -0.0000 -0.7730 0.6344
vn -0.0235 -0.7473 0.6641
vn -0.0205 -0.7730 0.6341
vn 0.2800 -0.8553 0.4358
vn 0.2524 -0.8726 0.4181
vn 0.3374 -0.8387 0.4274
vn 0.2143 -0.8703 0.4435
vn 0.2525 -0.8512 0.4602
vn 0.2141 -0.8608 0.4617
vn -0.0000 -0.9825 0.1863
vn -0.0231 -0.9765 0.2144
vn -0.0000 -0.9919 0.1267
vn -0.0000 -0.9676 0.2524
vn 0.0235 -0.9765 0.2142
vn 0.0204 -0.9674 0.2525
vn -0.2800 -0.8553 0.4358
vn -0.2525 -0.8511 0.4602
vn -0.3374 -0.8387 0.4274
vn -0.2143 -0.8703 0.4435
vn -0.2524 -0.8726 0.4181
vn -0.2141 -0.8795 0.4251
vn 0.0205 -0.7730 0.6341
vn 0.2141 -0.8795 0.4251
vn -0.0199 -0.9675 0.2520
vn -0.2145 -0.8609 0.4613
vn 0.7071 0.3210 0.6300
vn 0.5550 0.3777 0.7412
vn 0.5551 0.3776 0.7412
vn 0.3827 0.4194 0.8232
vn 0.1942 0.4453 0.8740
vn -0.0000 0.4540 0.8910
vn -0.0000 -0.8910 0.4540
vn -0.0000 -0.8910 0.4541
vn -0.5550 -0.3777 -0.7412
vn -0.7071 -0.3210 -0.6300
vn -0.7071 -0.3210 -0.6301
vn -0.3827 -0.4194 -0.8232
vn -0.5550 -0.3776 -0.7412
vn -0.1941 -0.4454 -0.8741
vn -0.0000 -0.4540 -0.8910
vn -0.1942 -0.4454 -0.8740
vn -0.5550 0.3777 0.7412
vn -0.7071 0.3210 0.6300
vn -0.3827 0.4194 0.8232
vn -0.5550 0.3776 0.7412
vn -0.1942 0.4453 0.8740
vn -0.0000 -0.8910 0.4539
vn 0.5550 -0.3777 -0.7412
vn 0.7071 -0.3210 -0.6300
vn 0.5550 -0.3776 -0.7412
vn 0.3827 -0.4194 -0.8232
vn 0.1941 -0.4454 -0.8741
vn 0.1942 -0.4454 -0.8740
vn 0.8318 -0.2520 -0.4945
vn 0.9239 -0.1737 -0.3410
vn 0.9810 -0.0882 -0.1730
vn 1.0000 -0.0000 -0.0000
vn -0.8319 0.2520 0.4945
vn -0.9239 0.1737 0.3410
vn -0.8319 0.2519 0.4945
vn -0.9810 0.0881 0.1730
vn -1.0000 -0.0000 -0.0000
vn 0.8318 0.2520 0.4945
vn 0.9239 0.1737 0.3410
vn 0.9810 0.0882 0.1730
vn -0.0000 -0.8909 0.4541
vn -0.8318 -0.2520 -0.4945
vn -0.8319 -0.2520 -0.4945
vn -0.9239 -0.1737 -0.3410
vn -0.9810 -0.0881 -0.1730
vn -0.5551 -0.3776 -0.7412
vn -0.1942 -0.4453 -0.8741
vn -0.1942 -0.4453 -0.8740
vn 0.5549 0.3777 0.7412
vn 0.1941 0.4454 0.8741
vn 0.1942 0.4454 0.8740
vn 0.5551 -0.3776 -0.7412
vn 0.1942 -0.4453 -0.8741
vn 0.1942 -0.4453 -0.8740
vn -0.5549 0.3777 0.7412
vn -0.1941 0.4454 0.8741
vn -0.1942 0.4454 0.8740
vn -0.8318 0.2520 0.4945
vn -0.9810 0.0882 0.1730
vn 0.7071 -0.3210 -0.6301
vn 0.8319 -0.2520 -0.4945
vn 0.9810 -0.0881 -0.1730
vn -0.9810 -0.0882 -0.1730
vn 0.8319 0.2520 0.4945
vn 0.9810 0.0881 0.1730
vn -0.0344 -0.8905 0.4537
vn -0.0344 -0.8901 0.4545
vn -0.0345 -0.8900 0.4546
vn -0.0347 -0.8897 0.4552
vn -0.0343 -0.8903 0.4542
vn -0.0345 -0.8899 0.4549
vn -0.0343 -0.8900 0.4547
vn -0.0343 -0.8897 0.4552
vn -0.0344 -0.8898 0.4550
vn -0.0346 -0.8894 0.4559
vn -0.0346 -0.8895 0.4557
vn -0.0343 -0.8899 0.4549
vn -0.0344 -0.8897 0.4553
vn -0.0347 -0.8949 0.4449
vn -0.0347 -0.8952 0.4442
vn -0.0347 -0.8950 0.4447
vn -0.0356 -0.8952 0.4442
vn -0.0346 -0.8955 0.4438
vn -0.0347 -0.8955 0.4438
vn -0.0347 -0.8952 0.4443
vn -0.0348 -0.8945 0.4457
vn -0.0324 -0.8992 0.4363
vn -0.0323 -0.8992 0.4363
vn -0.0325 -0.8991 0.4366
vn -0.0327 -0.8992 0.4364
vn -0.0326 -0.8992 0.4364
vn -0.0317 -0.8991 0.4366
vn -0.0325 -0.8992 0.4364
vn -0.0326 -0.8991 0.4365
vn -0.0322 -0.8992 0.4364
vn -0.0322 -0.8991 0.4365
vn -0.0322 -0.8992 0.4363
vn -0.0314 -0.8990 0.4368
vn -0.0325 -0.8991 0.4365
vn -0.0314 -0.8990 0.4367
vn -0.0319 -0.8990 0.4368
vn -0.0317 -0.8990 0.4368
vn -0.0316 -0.8989 0.4370
vn -0.0318 -0.8992 0.4365
vn -0.0327 -0.8992 0.4363
vn 0.0324 -0.8992 0.4364
vn 0.0314 -0.8989 0.4369
vn 0.0311 -0.8990 0.4369
vn 0.0326 -0.8992 0.4363
vn 0.0320 -0.8991 0.4365
vn 0.0319 -0.8992 0.4364
vn 0.0318 -0.8992 0.4364
vn 0.0326 -0.8991 0.4366
vn 0.0321 -0.8992 0.4364
vn 0.0321 -0.8992 0.4363
vn 0.0322 -0.8993 0.4362
vn 0.0340 -0.8941 0.4467
vn 0.0340 -0.8941 0.4466
vn 0.0340 -0.8939 0.4469
vn 0.0351 -0.8951 0.4446
vn 0.0349 -0.8952 0.4444
vn 0.0350 -0.8947 0.4454
vn 0.0348 -0.8953 0.4442
vn 0.0349 -0.8941 0.4464
vn 0.0345 -0.8953 0.4440
vn 0.0291 -0.8951 0.4449
vn 0.0351 -0.8941 0.4465
vn 0.0322 -0.8953 0.4442
vn 0.0320 -0.8953 0.4443
vn 0.0321 -0.8952 0.4445
vn 0.0347 -0.8953 0.4441
vn 0.0345 -0.8950 0.4446
vn 0.0347 -0.8951 0.4445
vn 0.0277 -0.8958 0.4437
vn 0.0346 -0.8951 0.4446
vn 0.0346 -0.8949 0.4449
vn 0.0349 -0.8941 0.4465
vn 0.0278 -0.8947 0.4458
vn 0.0277 -0.8948 0.4457
vn 0.0346 -0.8884 0.4578
vn 0.0318 -0.8900 0.4549
vn 0.0348 -0.8886 0.4574
vn 0.0319 -0.8897 0.4554
vn 0.0341 -0.8874 0.4597
vn 0.0341 -0.8877 0.4591
vn 0.0315 -0.8898 0.4552
vn 0.0343 -0.8879 0.4588
vn 0.0311 -0.8897 0.4555
vn 0.0325 -0.8898 0.4551
vn 0.0322 -0.8897 0.4555
vn 0.0323 -0.8898 0.4552
vn 0.0319 -0.8898 0.4552
vn 0.0319 -0.8899 0.4551
vn 0.0318 -0.8901 0.4547
vn 0.0341 -0.8875 0.4596
vn 0.0342 -0.8873 0.4599
vn 0.0341 -0.8875 0.4595
vn 0.0326 -0.8899 0.4551
vn 0.0319 -0.8899 0.4550
vn 0.0343 -0.8883 0.4580
vn 0.0325 -0.8897 0.4553
vn 0.0325 -0.8898 0.4552
vn 0.0340 -0.8875 0.4596
vn 0.0448 -0.8515 0.5224
vn 0.0447 -0.8509 0.5234
vn 0.0447 -0.8513 0.5227
vn 0.0448 -0.8511 0.5230
vn 0.0451 -0.8512 0.5229
vn 0.0448 -0.8509 0.5235
vn 0.0447 -0.8502 0.5246
vn 0.0447 -0.8503 0.5244
vn 0.0446 -0.8502 0.5246
vn 0.0457 -0.8268 0.5606
vn 0.0457 -0.8267 0.5608
vn 0.0456 -0.8270 0.5604
vn 0.0456 -0.7835 0.6197
vn 0.0456 -0.7828 0.6206
vn 0.0457 -0.7830 0.6203
vn 0.0453 -0.7828 0.6206
vn 0.0455 -0.7834 0.6199
vn 0.0451 -0.7830 0.6204
vn -0.0448 -0.8512 0.5229
vn -0.0448 -0.8516 0.5224
vn -0.0448 -0.8515 0.5225
vn -0.0460 -0.8246 0.5638
vn -0.0459 -0.8247 0.5638
vn -0.0459 -0.8251 0.5631
vn -0.0458 -0.7806 0.6234
vn -0.0461 -0.7796 0.6246
vn -0.0458 -0.7800 0.6241
vn -0.0343 -0.8903 0.4540
vn -0.0343 -0.8904 0.4538
vn -0.0345 -0.8904 0.4538
vn -0.0345 -0.8897 0.4553
vn -0.0343 -0.8902 0.4543
vn -0.0341 -0.8906 0.4535
vn -0.0344 -0.8903 0.4540
vn -0.0347 -0.8896 0.4554
vn -0.0348 -0.8897 0.4552
vn -0.0343 -0.8905 0.4538
vn -0.0344 -0.8904 0.4538
vn -0.0343 -0.8896 0.4554
vn -0.0343 -0.8897 0.4553
vn -0.0343 -0.8903 0.4541
vn -0.0345 -0.8901 0.4545
vn -0.0343 -0.8898 0.4550
vn -0.0345 -0.8894 0.4557
vn -0.0344 -0.8893 0.4560
vn -0.0345 -0.8896 0.4554
vn -0.0347 -0.8898 0.4550
vn -0.0345 -0.8897 0.4552
vn -0.0346 -0.8897 0.4552
vn -0.0346 -0.8896 0.4554
vn -0.0344 -0.8897 0.4551
vn -0.0345 -0.8895 0.4557
vn -0.0348 -0.8899 0.4548
vn -0.0345 -0.8898 0.4550
vn -0.0346 -0.8898 0.4551
vn -0.0344 -0.8900 0.4547
vn -0.0346 -0.8900 0.4546
vn -0.0343 -0.8900 0.4546
vn -0.0344 -0.8899 0.4549
vn -0.0344 -0.8904 0.4539
vn -0.0342 -0.8902 0.4543
vn -0.0340 -0.8901 0.4545
vn -0.0344 -0.8902 0.4542
vn -0.0342 -0.8903 0.4541
vn -0.0345 -0.8902 0.4542
vn -0.0342 -0.8902 0.4544
vn -0.0342 -0.8903 0.4542
vn -0.0346 -0.8905 0.4537
vn -0.0344 -0.8900 0.4546
vn -0.0348 -0.8952 0.4443
vn -0.0347 -0.8942 0.4463
vn -0.0349 -0.8949 0.4449
vn -0.0352 -0.8942 0.4463
vn -0.0346 -0.8945 0.4458
vn -0.0347 -0.8953 0.4440
vn -0.0347 -0.8949 0.4450
vn -0.0346 -0.8953 0.4442
vn -0.0347 -0.8954 0.4439
vn -0.0346 -0.8955 0.4437
vn -0.0346 -0.8942 0.4464
vn -0.0348 -0.8941 0.4465
vn -0.0347 -0.8942 0.4464
vn -0.0347 -0.8946 0.4456
vn -0.0348 -0.8941 0.4464
vn -0.0345 -0.8955 0.4438
vn -0.0347 -0.8954 0.4438
vn -0.0319 -0.8993 0.4363
vn -0.0326 -0.8990 0.4366
vn -0.0326 -0.8990 0.4367
vn -0.0321 -0.8992 0.4363
vn -0.0321 -0.8993 0.4363
vn -0.0320 -0.8994 0.4360
vn -0.0318 -0.8992 0.4364
vn -0.0322 -0.8994 0.4360
vn -0.0320 -0.8992 0.4363
vn -0.0326 -0.8992 0.4363
vn -0.0323 -0.8993 0.4361
vn -0.0324 -0.8993 0.4361
vn -0.0319 -0.8991 0.4365
vn -0.0316 -0.8991 0.4366
vn -0.0318 -0.8991 0.4366
vn -0.0319 -0.8990 0.4367
vn -0.0319 -0.8991 0.4366
vn -0.0323 -0.8993 0.4362
vn -0.0325 -0.8993 0.4362
vn -0.0326 -0.8990 0.4368
vn -0.0326 -0.8991 0.4366
vn -0.0325 -0.8990 0.4367
vn -0.0320 -0.8991 0.4365
vn -0.0317 -0.8991 0.4365
vn 0.0185 -0.9867 0.1612
vn 0.0614 -0.9979 -0.0208
vn -0.0316 -0.8991 0.4365
vn -0.0312 -0.8989 0.4370
vn -0.0310 -0.8988 0.4372
vn -0.0318 -0.8991 0.4367
vn -0.0315 -0.8991 0.4366
vn -0.0311 -0.8988 0.4372
vn 0.0311 -0.8989 0.4371
vn 0.0325 -0.8991 0.4365
vn 0.0322 -0.8991 0.4366
vn 0.0325 -0.8991 0.4366
vn 0.0309 -0.8988 0.4374
vn 0.0309 -0.8988 0.4373
vn 0.0310 -0.8989 0.4371
vn 0.0325 -0.8992 0.4363
vn 0.0312 -0.8989 0.4370
vn 0.0314 -0.8990 0.4367
vn 0.0315 -0.8990 0.4368
vn 0.0316 -0.8991 0.4366
vn 0.0323 -0.8992 0.4364
vn 0.0324 -0.8992 0.4363
vn 0.0327 -0.8992 0.4364
vn 0.0325 -0.8992 0.4364
vn 0.0328 -0.8991 0.4364
vn 0.0317 -0.8990 0.4368
vn 0.0317 -0.8991 0.4367
vn 0.0317 -0.8991 0.4366
vn 0.0323 -0.8994 0.4359
vn 0.0322 -0.8993 0.4361
vn 0.0322 -0.8991 0.4365
vn 0.0321 -0.8991 0.4366
vn 0.0321 -0.8992 0.4365
vn 0.0318 -0.8992 0.4363
vn 0.0320 -0.8993 0.4362
vn 0.0319 -0.8991 0.4365
vn 0.0322 -0.8995 0.4358
vn 0.0321 -0.8993 0.4361
vn 0.0323 -0.8991 0.4366
vn 0.0327 -0.8991 0.4365
vn 0.0324 -0.8993 0.4362
vn 0.0323 -0.8991 0.4365
vn 0.0327 -0.8991 0.4366
vn 0.0341 -0.8942 0.4463
vn 0.0346 -0.8941 0.4465
vn 0.0349 -0.8950 0.4446
vn 0.0347 -0.8951 0.4446
vn 0.0349 -0.8951 0.4445
vn 0.0349 -0.8952 0.4443
vn 0.0348 -0.8950 0.4446
vn 0.0345 -0.8942 0.4463
vn 0.0352 -0.8942 0.4462
vn 0.0348 -0.8941 0.4466
vn 0.0351 -0.8943 0.4461
vn 0.0349 -0.8943 0.4462
vn 0.0349 -0.8951 0.4444
vn 0.0350 -0.8952 0.4443
vn 0.0349 -0.8945 0.4457
vn 0.0351 -0.8950 0.4447
vn 0.0348 -0.8952 0.4444
vn 0.0348 -0.8949 0.4449
vn 0.0350 -0.8953 0.4441
vn 0.0347 -0.8952 0.4443
vn 0.0348 -0.8952 0.4442
vn 0.0350 -0.8951 0.4445
vn 0.0350 -0.8952 0.4444
vn 0.0346 -0.8951 0.4445
vn 0.0346 -0.8952 0.4444
vn 0.0350 -0.8950 0.4446
vn 0.0350 -0.8950 0.4447
vn 0.0348 -0.8951 0.4445
vn 0.0350 -0.8952 0.4442
vn 0.0348 -0.8942 0.4464
vn 0.0287 -0.8952 0.4448
vn 0.0347 -0.8945 0.4457
vn 0.0348 -0.8942 0.4463
vn 0.0320 -0.8951 0.4447
vn 0.0320 -0.8952 0.4446
vn 0.0322 -0.8952 0.4444
vn 0.0322 -0.8951 0.4447
vn 0.0346 -0.8948 0.4450
vn 0.0319 -0.8952 0.4445
vn 0.0320 -0.8953 0.4444
vn 0.0347 -0.8952 0.4442
vn 0.0346 -0.8951 0.4444
vn 0.0321 -0.8952 0.4444
vn 0.0347 -0.8953 0.4442
vn 0.0321 -0.8951 0.4446
vn 0.0323 -0.8952 0.4446
vn 0.0347 -0.8950 0.4448
vn 0.0346 -0.8949 0.4450
vn 0.0350 -0.8941 0.4465
vn 0.0346 -0.8953 0.4442
vn 0.0347 -0.8950 0.4447
vn 0.0346 -0.8953 0.4441
vn 0.0347 -0.8949 0.4449
vn 0.0298 -0.8952 0.4447
vn 0.0348 -0.8952 0.4443
vn 0.0350 -0.8942 0.4464
vn 0.0349 -0.8948 0.4450
vn 0.0350 -0.8941 0.4464
vn 0.0349 -0.8949 0.4449
vn 0.0277 -0.8960 0.4432
vn 0.0277 -0.8947 0.4459
vn 0.0348 -0.8941 0.4464
vn 0.0350 -0.8948 0.4451
vn 0.0346 -0.8955 0.4436
vn 0.0346 -0.8957 0.4434
vn 0.0348 -0.8954 0.4439
vn -0.0131 -0.9825 0.1860
vn 0.0348 -0.8956 0.4434
vn -0.0547 -0.9981 0.0283
vn 0.0319 -0.8895 0.4558
vn 0.0341 -0.8880 0.4587
vn 0.0343 -0.8882 0.4581
vn 0.0313 -0.8899 0.4551
vn 0.0345 -0.8884 0.4578
vn 0.0344 -0.8879 0.4587
vn 0.0345 -0.8885 0.4575
vn 0.0310 -0.8898 0.4554
vn 0.0312 -0.8898 0.4554
vn 0.0320 -0.8897 0.4555
vn 0.0342 -0.8872 0.4601
vn 0.0326 -0.8895 0.4558
vn 0.0326 -0.8894 0.4560
vn 0.0347 -0.8882 0.4581
vn 0.0342 -0.8876 0.4593
vn 0.0328 -0.8898 0.4552
vn 0.0346 -0.8883 0.4580
vn 0.0324 -0.8899 0.4551
vn 0.0322 -0.8898 0.4553
vn 0.0341 -0.8878 0.4589
vn 0.0342 -0.8877 0.4592
vn 0.0322 -0.8900 0.4549
vn 0.0321 -0.8899 0.4551
vn 0.0328 -0.8896 0.4556
vn 0.0327 -0.8896 0.4555
vn 0.0339 -0.8879 0.4588
vn 0.0338 -0.8878 0.4590
vn 0.0446 -0.8517 0.5221
vn 0.0446 -0.8516 0.5222
vn 0.0446 -0.8513 0.5228
vn 0.0447 -0.8516 0.5223
vn 0.0447 -0.8517 0.5221
vn 0.0446 -0.8518 0.5219
vn 0.0444 -0.8518 0.5219
vn 0.0444 -0.8522 0.5213
vn 0.0446 -0.8519 0.5219
vn 0.0444 -0.8523 0.5211
vn 0.0447 -0.8521 0.5214
vn 0.0447 -0.8519 0.5218
vn 0.0450 -0.8519 0.5218
vn 0.0445 -0.8517 0.5221
vn 0.0448 -0.8520 0.5217
vn 0.0445 -0.8517 0.5222
vn 0.0448 -0.8518 0.5219
vn 0.0446 -0.8511 0.5231
vn 0.0447 -0.8510 0.5232
vn 0.0448 -0.8510 0.5232
vn 0.0446 -0.8504 0.5242
vn 0.0449 -0.8510 0.5233
vn 0.0449 -0.8506 0.5239
vn 0.0448 -0.8506 0.5240
vn 0.0450 -0.8509 0.5235
vn 0.0444 -0.8503 0.5244
vn 0.0447 -0.8508 0.5236
vn 0.0449 -0.8513 0.5228
vn 0.0449 -0.8518 0.5219
vn 0.0447 -0.8514 0.5227
vn 0.0447 -0.8513 0.5228
vn 0.0447 -0.8512 0.5230
vn 0.0442 -0.8513 0.5228
vn 0.0446 -0.8508 0.5237
vn 0.0447 -0.8501 0.5247
vn 0.0448 -0.8504 0.5242
vn 0.0444 -0.8511 0.5231
vn 0.0447 -0.8505 0.5240
vn 0.0446 -0.8502 0.5245
vn 0.0449 -0.8499 0.5250
vn 0.0450 -0.8500 0.5248
vn 0.0448 -0.8500 0.5248
vn 0.0445 -0.8499 0.5251
vn 0.0446 -0.8500 0.5249
vn 0.0449 -0.8502 0.5246
vn 0.0450 -0.8499 0.5251
vn 0.0452 -0.8497 0.5253
vn 0.0448 -0.8502 0.5246
vn 0.0448 -0.8503 0.5244
vn 0.0446 -0.8501 0.5247
vn 0.0447 -0.8511 0.5231
vn 0.0447 -0.8511 0.5232
vn 0.0456 -0.8280 0.5589
vn 0.0459 -0.8276 0.5594
vn 0.0454 -0.8278 0.5591
vn 0.0460 -0.8279 0.5590
vn 0.0458 -0.8277 0.5593
vn 0.0458 -0.8275 0.5596
vn 0.0457 -0.8275 0.5596
vn 0.0458 -0.8268 0.5607
vn 0.0453 -0.8265 0.5611
vn 0.0455 -0.8262 0.5616
vn 0.0458 -0.8265 0.5610
vn 0.0458 -0.8259 0.5620
vn 0.0459 -0.8264 0.5612
vn 0.0458 -0.8257 0.5622
vn 0.0455 -0.8263 0.5614
vn 0.0457 -0.8258 0.5622
vn 0.0455 -0.8264 0.5613
vn 0.0457 -0.8260 0.5619
vn 0.0451 -0.8279 0.5590
vn 0.0457 -0.8279 0.5590
vn 0.0456 -0.8277 0.5593
vn 0.0458 -0.8279 0.5591
vn 0.0457 -0.8276 0.5595
vn 0.0457 -0.8280 0.5589
vn 0.0455 -0.8274 0.5597
vn 0.0455 -0.8269 0.5604
vn 0.0453 -0.8272 0.5600
vn 0.0456 -0.8252 0.5630
vn 0.0458 -0.8246 0.5638
vn 0.0458 -0.8243 0.5643
vn 0.0456 -0.8247 0.5637
vn 0.0454 -0.8265 0.5611
vn 0.0459 -0.8266 0.5609
vn 0.0463 -0.8266 0.5609
vn 0.0455 -0.7837 0.6195
vn 0.0456 -0.7827 0.6207
vn 0.0459 -0.7789 0.6254
vn 0.0460 -0.7831 0.6202
vn 0.0461 -0.7852 0.6176
vn 0.0460 -0.7851 0.6177
vn 0.0457 -0.7835 0.6197
vn 0.0455 -0.7791 0.6252
vn 0.0457 -0.7833 0.6199
vn 0.0459 -0.7834 0.6199
vn 0.0458 -0.7829 0.6204
vn -0.0449 -0.8509 0.5235
vn -0.0451 -0.8510 0.5233
vn -0.0449 -0.8509 0.5234
vn -0.0448 -0.8510 0.5233
vn -0.0447 -0.8508 0.5235
vn -0.0448 -0.8504 0.5242
vn -0.0448 -0.8511 0.5230
vn -0.0448 -0.8513 0.5228
vn -0.0449 -0.8505 0.5241
vn -0.0447 -0.8512 0.5229
vn -0.0448 -0.8513 0.5227
vn -0.0448 -0.8504 0.5243
vn -0.0449 -0.8504 0.5241
vn -0.0449 -0.8507 0.5236
vn -0.0447 -0.8504 0.5243
vn -0.0447 -0.8503 0.5245
vn -0.0447 -0.8502 0.5245
vn -0.0447 -0.8501 0.5247
vn -0.0448 -0.8498 0.5253
vn -0.0448 -0.8497 0.5253
vn -0.0449 -0.8502 0.5246
vn -0.0447 -0.8500 0.5248
vn -0.0446 -0.8500 0.5249
vn -0.0448 -0.8503 0.5244
vn -0.0449 -0.8502 0.5245
vn -0.0448 -0.8501 0.5247
vn -0.0446 -0.8501 0.5247
vn -0.0447 -0.8508 0.5236
vn -0.0449 -0.8518 0.5219
vn -0.0448 -0.8517 0.5221
vn -0.0446 -0.8517 0.5220
vn -0.0448 -0.8521 0.5215
vn -0.0450 -0.8518 0.5219
vn -0.0447 -0.8518 0.5219
vn -0.0446 -0.8517 0.5221
vn -0.0448 -0.8522 0.5213
vn -0.0448 -0.8521 0.5214
vn -0.0447 -0.8516 0.5222
vn -0.0448 -0.8519 0.5217
vn -0.0447 -0.8513 0.5228
vn -0.0447 -0.8512 0.5230
vn -0.0451 -0.8513 0.5227
vn -0.0461 -0.8245 0.5640
vn -0.0461 -0.8247 0.5637
vn -0.0459 -0.8249 0.5634
vn -0.0460 -0.8251 0.5631
vn -0.0461 -0.8252 0.5630
vn -0.0456 -0.8259 0.5620
vn -0.0458 -0.8258 0.5621
vn -0.0459 -0.8244 0.5642
vn -0.0457 -0.8243 0.5643
vn -0.0457 -0.8244 0.5642
vn -0.0459 -0.8247 0.5637
vn -0.0458 -0.8248 0.5635
vn -0.0459 -0.8243 0.5642
vn -0.0433 -0.8298 0.5564
vn -0.0459 -0.8259 0.5620
vn -0.0459 -0.8255 0.5626
vn -0.0460 -0.8255 0.5626
vn -0.0457 -0.8262 0.5615
vn -0.0457 -0.8262 0.5616
vn -0.0458 -0.8257 0.5623
vn -0.0458 -0.8268 0.5606
vn -0.0457 -0.8266 0.5610
vn -0.0456 -0.8263 0.5614
vn -0.0458 -0.8259 0.5619
vn -0.0461 -0.8268 0.5606
vn -0.0458 -0.8265 0.5611
vn -0.0456 -0.8280 0.5588
vn -0.0457 -0.8276 0.5595
vn -0.0458 -0.8273 0.5599
vn -0.0458 -0.8273 0.5598
vn -0.0456 -0.8277 0.5593
vn -0.0459 -0.8266 0.5609
vn -0.0458 -0.8270 0.5604
vn -0.0458 -0.8271 0.5602
vn -0.0456 -0.7850 0.6178
vn -0.0458 -0.7789 0.6254
vn -0.0461 -0.7798 0.6243
vn -0.0460 -0.7784 0.6261
vn -0.0459 -0.7793 0.6250
vn -0.0451 -0.7795 0.6248
vn -0.0456 -0.7806 0.6234
vn -0.0455 -0.7801 0.6240
vn -0.0088 -0.9181 0.3962
vn 0.0088 -0.9192 0.3937
vn 0.0087 -0.9179 0.3968
vn 0.0249 -0.8817 0.4712
vn 0.0172 -0.8798 0.4751
vn -0.0000 -0.8988 0.4383
vn -0.0088 -0.9175 0.3977
vn -0.0166 -0.9162 0.4004
vn -0.0168 -0.9161 0.4005
vn -0.0248 -0.9142 0.4046
vn -0.0248 -0.9142 0.4044
vn -0.0373 -0.9088 0.4156
vn -0.0373 -0.9088 0.4155
vn -0.0439 -0.9017 0.4301
vn -0.0414 -0.9055 0.4224
vn -0.0440 -0.9017 0.4301
vn -0.0440 -0.8940 0.4458
vn -0.0449 -0.8979 0.4380
vn -0.0449 -0.8980 0.4378
vn -0.0373 -0.8870 0.4603
vn -0.0414 -0.8904 0.4533
vn -0.0414 -0.8903 0.4534
vn -0.0172 -0.8798 0.4751
vn -0.0249 -0.8816 0.4713
vn -0.0000 -0.8782 0.4784
vn -0.0087 -0.8786 0.4775
vn -0.0000 -0.8782 0.4783
vn 0.0087 -0.8786 0.4775
vn 0.0373 -0.8870 0.4603
vn 0.0249 -0.8816 0.4713
vn 0.0440 -0.8940 0.4458
vn 0.0414 -0.8904 0.4534
vn 0.0415 -0.8903 0.4535
vn 0.0440 -0.9017 0.4301
vn 0.0448 -0.8979 0.4380
vn 0.0449 -0.8980 0.4378
vn 0.0373 -0.9088 0.4155
vn 0.0415 -0.9055 0.4224
vn 0.0373 -0.9088 0.4156
vn 0.0166 -0.9162 0.4003
vn 0.0248 -0.9142 0.4046
vn 0.0168 -0.9161 0.4005
vn 0.0248 -0.9142 0.4045
vn -0.0000 -0.9273 0.3744
vn 0.0001 -0.9273 0.3744
vn -0.0000 -0.9272 0.3745
vn -0.0002 -0.9274 0.3741
vn -0.0002 -0.9270 0.3750
vn -0.0002 -0.9275 0.3738
vn -0.0002 -0.9276 0.3736
vn -0.0002 -0.9271 0.3749
vn -0.0003 -0.9269 0.3754
vn -0.0003 -0.9270 0.3751
vn -0.0001 -0.9279 0.3729
vn -0.0003 -0.9266 0.3760
vn -0.0002 -0.9272 0.3745
vn -0.0003 -0.9264 0.3766
vn -0.0002 -0.9272 0.3746
vn -0.0003 -0.9272 0.3746
vn 0.0013 -0.9273 0.3743
vn 0.0012 -0.9272 0.3746
vn 0.0012 -0.9271 0.3747
vn 0.0010 -0.9272 0.3746
vn 0.0005 -0.9272 0.3745
vn 0.0013 -0.9272 0.3746
vn 0.0003 -0.9271 0.3747
vn 0.0004 -0.9272 0.3746
vn 0.0001 -0.9272 0.3746
vn 0.0009 -0.9271 0.3748
vn 0.0008 -0.9272 0.3747
vn 0.0003 -0.9273 0.3742
vn 0.0003 -0.9272 0.3746
vn 0.0008 -0.9272 0.3746
vn 0.0002 -0.9272 0.3747
vn -0.0005 -0.9270 0.3749
vn -0.0002 -0.9273 0.3744
vn -0.0002 -0.9274 0.3742
vn -0.0002 -0.9276 0.3737
vn -0.0002 -0.9270 0.3751
vn -0.0002 -0.9267 0.3757
vn -0.0004 -0.9267 0.3759
vn -0.0002 -0.9275 0.3739
vn -0.0003 -0.9274 0.3740
vn -0.0015 -0.9273 0.3744
vn -0.0015 -0.9274 0.3741
vn -0.0016 -0.9273 0.3742
vn 0.0003 -0.9272 0.3747
vn -0.0007 -0.9272 0.3746
vn 0.0007 -0.9271 0.3747
vn -0.0004 -0.9273 0.3744
vn -0.0006 -0.9271 0.3748
vn -0.0006 -0.9273 0.3743
vn -0.0012 -0.9272 0.3747
vn -0.0007 -0.9270 0.3750
vn -0.0019 -0.9272 0.3747
vn -0.0012 -0.9271 0.3747
vn -0.0022 -0.9272 0.3746
vn 0.0349 -0.9263 0.3750
vn 0.0344 -0.9265 0.3747
vn 0.0343 -0.9266 0.3745
vn 0.0359 -0.9266 0.3744
vn 0.0357 -0.9266 0.3745
vn 0.0357 -0.9267 0.3740
vn 0.0337 -0.9266 0.3744
vn 0.0336 -0.9267 0.3744
vn 0.0336 -0.9268 0.3741
vn 0.0295 -0.9267 0.3746
vn 0.0294 -0.9268 0.3745
vn 0.0292 -0.9272 0.3735
vn 0.0293 -0.9270 0.3739
vn 0.0294 -0.9269 0.3741
vn 0.0302 -0.9267 0.3745
vn 0.0300 -0.9268 0.3744
vn 0.0297 -0.9268 0.3745
vn 0.0277 -0.9266 0.3750
vn 0.0278 -0.9268 0.3746
vn 0.0278 -0.9268 0.3745
vn 0.0293 -0.9265 0.3752
vn 0.0293 -0.9265 0.3751
vn 0.0292 -0.9266 0.3749
vn 0.0312 -0.9262 0.3757
vn 0.0312 -0.9256 0.3771
vn 0.0313 -0.9269 0.3741
vn 0.0330 -0.9266 0.3746
vn 0.0326 -0.9266 0.3746
vn 0.0331 -0.9266 0.3746
vn 0.0338 -0.9267 0.3744
vn 0.0338 -0.9267 0.3743
vn 0.0338 -0.9266 0.3746
vn 0.0320 -0.9266 0.3748
vn 0.0320 -0.9267 0.3744
vn 0.0321 -0.9265 0.3748
vn 0.0351 -0.9267 0.3741
vn 0.0351 -0.9266 0.3744
vn 0.0354 -0.9266 0.3744
vn -0.0355 -0.9266 0.3743
vn -0.0349 -0.9266 0.3744
vn -0.0350 -0.9267 0.3741
vn 0.0054 -0.9271 0.3747
vn 0.0050 -0.9273 0.3743
vn 0.0057 -0.9272 0.3746
vn 0.0069 -0.9272 0.3745
vn 0.0068 -0.9269 0.3752
vn 0.0077 -0.9271 0.3746
vn 0.0077 -0.9272 0.3746
vn 0.0082 -0.9271 0.3747
vn 0.0067 -0.9272 0.3745
vn 0.0069 -0.9274 0.3741
vn 0.0067 -0.9275 0.3739
vn 0.0068 -0.9275 0.3738
vn 0.0068 -0.9279 0.3727
vn 0.0068 -0.9271 0.3748
vn -0.0079 -0.9271 0.3747
vn -0.0083 -0.9271 0.3747
vn -0.0082 -0.9271 0.3747
vn -0.0357 -0.9266 0.3743
vn -0.0353 -0.9266 0.3744
vn -0.0355 -0.9267 0.3741
vn -0.0298 -0.9267 0.3745
vn -0.0298 -0.9268 0.3743
vn -0.0297 -0.9267 0.3746
vn 0.0292 -0.9270 0.3740
vn 0.0292 -0.9265 0.3752
vn 0.0290 -0.9267 0.3746
vn -0.0003 -0.9272 0.3745
vn 0.0002 -0.9272 0.3745
vn 0.0003 -0.9269 0.3754
vn 0.0004 -0.9273 0.3742
vn -0.0004 -0.9272 0.3745
vn -0.0012 -0.9266 0.3760
vn 0.0005 -0.9276 0.3736
vn 0.0002 -0.9273 0.3744
vn -0.0004 -0.9275 0.3739
vn 0.0003 -0.9271 0.3748
vn 0.0002 -0.9272 0.3746
vn -0.0001 -0.9272 0.3746
vn 0.0011 -0.9271 0.3748
vn 0.0012 -0.9273 0.3744
vn 0.0010 -0.9272 0.3745
vn 0.0010 -0.9273 0.3744
vn 0.0012 -0.9270 0.3750
vn 0.0012 -0.9285 0.3712
vn 0.0010 -0.9271 0.3747
vn 0.0012 -0.9271 0.3749
vn 0.0016 -0.9279 0.3727
vn 0.0012 -0.9272 0.3745
vn 0.0012 -0.9289 0.3704
vn 0.0005 -0.9272 0.3744
vn -0.0001 -0.9271 0.3747
vn -0.0009 -0.9271 0.3747
vn -0.0002 -0.9271 0.3747
vn -0.0007 -0.9271 0.3747
vn -0.0004 -0.9282 0.3721
vn -0.0004 -0.9272 0.3746
vn -0.0001 -0.9267 0.3758
vn -0.0000 -0.9271 0.3748
vn -0.0009 -0.9272 0.3746
vn -0.0003 -0.9272 0.3747
vn -0.0003 -0.9274 0.3742
vn -0.0014 -0.9272 0.3746
vn -0.0017 -0.9271 0.3748
vn -0.0015 -0.9272 0.3747
vn -0.0019 -0.9268 0.3756
vn -0.0016 -0.9273 0.3743
vn -0.0015 -0.9271 0.3747
vn -0.0013 -0.9277 0.3733
vn -0.0016 -0.9272 0.3745
vn -0.0015 -0.9273 0.3743
vn -0.0016 -0.9276 0.3735
vn -0.0016 -0.9271 0.3749
vn -0.0015 -0.9271 0.3749
vn -0.0016 -0.9267 0.3757
vn -0.0015 -0.9272 0.3745
vn -0.0008 -0.9272 0.3746
vn -0.0009 -0.9273 0.3743
vn -0.0006 -0.9273 0.3742
vn 0.0350 -0.9267 0.3743
vn 0.0348 -0.9266 0.3743
vn 0.0348 -0.9267 0.3743
vn 0.0348 -0.9265 0.3747
vn 0.0347 -0.9266 0.3745
vn 0.0345 -0.9268 0.3740
vn 0.0346 -0.9266 0.3744
vn 0.0348 -0.9266 0.3745
vn 0.0346 -0.9265 0.3746
vn 0.0345 -0.9266 0.3744
vn 0.0350 -0.9267 0.3742
vn 0.0346 -0.9265 0.3748
vn 0.0346 -0.9266 0.3743
vn 0.0349 -0.9267 0.3742
vn 0.0348 -0.9266 0.3744
vn 0.0352 -0.9267 0.3742
vn 0.0354 -0.9267 0.3741
vn 0.0351 -0.9261 0.3756
vn 0.0355 -0.9262 0.3753
vn 0.0353 -0.9262 0.3755
vn 0.0353 -0.9263 0.3752
vn 0.0352 -0.9266 0.3745
vn 0.0360 -0.9266 0.3744
vn 0.0358 -0.9267 0.3741
vn 0.0358 -0.9267 0.3742
vn 0.0335 -0.9267 0.3744
vn 0.0338 -0.9266 0.3745
vn 0.0341 -0.9265 0.3748
vn 0.0337 -0.9266 0.3745
vn 0.0336 -0.9267 0.3743
vn 0.0333 -0.9267 0.3743
vn 0.0336 -0.9266 0.3745
vn 0.0339 -0.9267 0.3744
vn 0.0341 -0.9266 0.3746
vn 0.0337 -0.9268 0.3741
vn 0.0334 -0.9266 0.3745
vn 0.0337 -0.9267 0.3742
vn 0.0338 -0.9265 0.3747
vn 0.0334 -0.9263 0.3752
vn 0.0339 -0.9264 0.3749
vn 0.0337 -0.9269 0.3738
vn 0.0338 -0.9264 0.3750
vn 0.0342 -0.9266 0.3745
vn 0.0336 -0.9267 0.3742
vn 0.0331 -0.9265 0.3747
vn 0.0337 -0.9265 0.3747
vn 0.0339 -0.9266 0.3746
vn 0.0341 -0.9266 0.3744
vn 0.0338 -0.9266 0.3744
vn 0.0339 -0.9267 0.3743
vn 0.0337 -0.9267 0.3744
vn 0.0338 -0.9265 0.3748
vn 0.0337 -0.9263 0.3752
vn 0.0337 -0.9268 0.3742
vn 0.0335 -0.9267 0.3743
vn 0.0339 -0.9265 0.3746
vn 0.0337 -0.9264 0.3750
vn 0.0354 -0.9268 0.3740
vn 0.0342 -0.9261 0.3758
vn 0.0341 -0.9263 0.3753
vn 0.0340 -0.9266 0.3744
vn 0.0339 -0.9266 0.3744
vn 0.0340 -0.9268 0.3741
vn 0.0342 -0.9266 0.3744
vn 0.0336 -0.9265 0.3748
vn 0.0343 -0.9264 0.3749
vn 0.0344 -0.9268 0.3740
vn 0.0338 -0.9268 0.3742
vn 0.0339 -0.9267 0.3742
vn 0.0346 -0.9267 0.3742
vn 0.0336 -0.9266 0.3746
vn 0.0297 -0.9262 0.3758
vn 0.0293 -0.9267 0.3746
vn 0.0296 -0.9266 0.3749
vn 0.0272 -0.9259 0.3767
vn 0.0296 -0.9268 0.3744
vn 0.0292 -0.9269 0.3741
vn 0.0295 -0.9268 0.3744
vn 0.0294 -0.9266 0.3748
vn 0.0294 -0.9266 0.3750
vn 0.0292 -0.9266 0.3750
vn 0.0279 -0.9256 0.3776
vn 0.0292 -0.9268 0.3744
vn 0.0301 -0.9267 0.3746
vn 0.0302 -0.9268 0.3743
vn 0.0293 -0.9269 0.3742
vn 0.0294 -0.9267 0.3745
vn 0.0291 -0.9265 0.3751
vn 0.0292 -0.9271 0.3737
vn 0.0294 -0.9273 0.3732
vn 0.0294 -0.9310 0.3639
vn 0.0295 -0.9294 0.3679
vn 0.0294 -0.9268 0.3744
vn 0.0296 -0.9268 0.3743
vn 0.0295 -0.9269 0.3742
vn 0.0292 -0.9269 0.3743
vn 0.0295 -0.9267 0.3745
vn 0.0295 -0.9269 0.3741
vn 0.0294 -0.9270 0.3738
vn 0.0295 -0.9268 0.3743
vn 0.0294 -0.9270 0.3739
vn 0.0296 -0.9267 0.3745
vn 0.0294 -0.9265 0.3752
vn 0.0296 -0.9267 0.3746
vn 0.0295 -0.9267 0.3748
vn 0.0295 -0.9267 0.3747
vn 0.0298 -0.9268 0.3744
vn 0.0298 -0.9269 0.3742
vn 0.0296 -0.9269 0.3742
vn 0.0288 -0.9266 0.3750
vn 0.0293 -0.9267 0.3747
vn 0.0294 -0.9269 0.3743
vn 0.0294 -0.9268 0.3743
vn 0.0296 -0.9264 0.3753
vn 0.0290 -0.9267 0.3747
vn 0.0292 -0.9267 0.3746
vn 0.0288 -0.9268 0.3745
vn 0.0281 -0.9267 0.3747
vn 0.0277 -0.9269 0.3743
vn 0.0281 -0.9269 0.3743
vn 0.0285 -0.9269 0.3742
vn 0.0280 -0.9268 0.3746
vn 0.0284 -0.9270 0.3739
vn 0.0283 -0.9266 0.3751
vn 0.0278 -0.9267 0.3749
vn 0.0279 -0.9264 0.3755
vn 0.0277 -0.9267 0.3748
vn 0.0274 -0.9267 0.3747
vn 0.0280 -0.9270 0.3741
vn 0.0279 -0.9268 0.3745
vn 0.0279 -0.9267 0.3748
vn 0.0278 -0.9271 0.3739
vn 0.0275 -0.9260 0.3766
vn 0.0280 -0.9268 0.3745
vn 0.0274 -0.9268 0.3745
vn 0.0278 -0.9261 0.3763
vn 0.0281 -0.9271 0.3736
vn 0.0277 -0.9270 0.3741
vn 0.0282 -0.9262 0.3760
vn 0.0279 -0.9265 0.3752
vn 0.0293 -0.9267 0.3748
vn 0.0294 -0.9270 0.3740
vn 0.0291 -0.9268 0.3744
vn 0.0294 -0.9249 0.3791
vn 0.0288 -0.9267 0.3747
vn 0.0287 -0.9265 0.3751
vn 0.0312 -0.9264 0.3752
vn 0.0304 -0.9272 0.3734
vn 0.0305 -0.9267 0.3745
vn 0.0309 -0.9259 0.3766
vn 0.0309 -0.9267 0.3744
vn 0.0306 -0.9271 0.3736
vn 0.0309 -0.9266 0.3749
vn 0.0309 -0.9259 0.3764
vn 0.0308 -0.9265 0.3750
vn 0.0307 -0.9268 0.3743
vn 0.0306 -0.9269 0.3740
vn 0.0310 -0.9266 0.3747
vn 0.0309 -0.9268 0.3742
vn 0.0307 -0.9270 0.3738
vn 0.0319 -0.9272 0.3732
vn 0.0309 -0.9271 0.3736
vn 0.0311 -0.9264 0.3752
vn 0.0310 -0.9269 0.3740
vn 0.0312 -0.9271 0.3734
vn 0.0308 -0.9266 0.3747
vn 0.0307 -0.9264 0.3753
vn 0.0313 -0.9268 0.3743
vn 0.0305 -0.9264 0.3754
vn 0.0313 -0.9272 0.3733
vn 0.0330 -0.9267 0.3745
vn 0.0329 -0.9267 0.3743
vn 0.0327 -0.9265 0.3749
vn 0.0325 -0.9266 0.3748
vn 0.0328 -0.9267 0.3742
vn 0.0325 -0.9266 0.3745
vn 0.0321 -0.9267 0.3744
vn 0.0323 -0.9267 0.3744
vn 0.0320 -0.9268 0.3743
vn 0.0321 -0.9267 0.3745
vn 0.0326 -0.9267 0.3745
vn 0.0320 -0.9269 0.3740
vn 0.0330 -0.9266 0.3745
vn 0.0327 -0.9267 0.3743
vn 0.0329 -0.9270 0.3737
vn 0.0326 -0.9270 0.3737
vn 0.0325 -0.9268 0.3742
vn 0.0328 -0.9267 0.3745
vn 0.0326 -0.9268 0.3741
vn 0.0326 -0.9268 0.3742
vn 0.0324 -0.9267 0.3745
vn 0.0322 -0.9266 0.3748
vn 0.0324 -0.9267 0.3744
vn 0.0321 -0.9268 0.3741
vn 0.0349 -0.9267 0.3743
vn 0.0346 -0.9267 0.3743
vn 0.0340 -0.9266 0.3745
vn 0.0345 -0.9265 0.3746
vn 0.0344 -0.9265 0.3746
vn 0.0344 -0.9265 0.3748
vn 0.0321 -0.9269 0.3740
vn 0.0355 -0.9268 0.3738
vn 0.0351 -0.9268 0.3739
vn 0.0355 -0.9266 0.3743
vn 0.0354 -0.9265 0.3747
vn 0.0354 -0.9266 0.3745
vn 0.0357 -0.9266 0.3744
vn 0.0356 -0.9268 0.3740
vn 0.0353 -0.9267 0.3742
vn -0.0352 -0.9266 0.3743
vn -0.0345 -0.9266 0.3745
vn -0.0354 -0.9267 0.3742
vn -0.0350 -0.9268 0.3740
vn -0.0350 -0.9267 0.3742
vn -0.0349 -0.9269 0.3737
vn -0.0349 -0.9265 0.3746
vn -0.0350 -0.9267 0.3743
vn -0.0350 -0.9263 0.3752
vn -0.0350 -0.9264 0.3749
vn -0.0349 -0.9261 0.3756
vn -0.0353 -0.9270 0.3735
vn -0.0350 -0.9265 0.3746
vn -0.0347 -0.9262 0.3754
vn -0.0351 -0.9266 0.3744
vn -0.0350 -0.9268 0.3739
vn 0.0060 -0.9272 0.3745
vn 0.0059 -0.9272 0.3746
vn 0.0057 -0.9271 0.3747
vn 0.0068 -0.9264 0.3766
vn 0.0068 -0.9269 0.3751
vn 0.0068 -0.9270 0.3749
vn 0.0077 -0.9272 0.3745
vn 0.0086 -0.9270 0.3750
vn 0.0082 -0.9272 0.3745
vn 0.0067 -0.9273 0.3743
vn 0.0069 -0.9269 0.3753
vn 0.0068 -0.9284 0.3716
vn 0.0067 -0.9276 0.3736
vn 0.0068 -0.9268 0.3755
vn 0.0068 -0.9271 0.3747
vn -0.0076 -0.9271 0.3748
vn -0.0074 -0.9272 0.3745
vn -0.0082 -0.9271 0.3746
vn -0.0077 -0.9272 0.3745
vn -0.0356 -0.9265 0.3745
vn -0.0353 -0.9267 0.3742
vn -0.0354 -0.9265 0.3745
vn -0.0354 -0.9264 0.3749
vn -0.0354 -0.9265 0.3746
vn -0.0354 -0.9264 0.3748
vn -0.0354 -0.9266 0.3743
vn -0.0361 -0.9276 0.3718
vn -0.0354 -0.9263 0.3750
vn -0.0356 -0.9256 0.3767
vn -0.0355 -0.9270 0.3735
vn -0.0357 -0.9265 0.3746
vn -0.0355 -0.9265 0.3745
vn -0.0353 -0.9268 0.3739
vn -0.0356 -0.9272 0.3730
vn -0.0357 -0.9263 0.3750
vn -0.0296 -0.9268 0.3744
vn -0.0296 -0.9267 0.3746
vn -0.0296 -0.9268 0.3745
vn -0.0296 -0.9267 0.3747
vn -0.0296 -0.9269 0.3742
vn -0.0294 -0.9267 0.3745
vn -0.0294 -0.9267 0.3746
vn -0.0297 -0.9269 0.3741
vn -0.0287 -0.9271 0.3738
vn -0.0301 -0.9272 0.3735
vn -0.0301 -0.9269 0.3740
vn -0.0300 -0.9265 0.3750
vn -0.0295 -0.9267 0.3747
vn -0.0297 -0.9268 0.3745
vn -0.0294 -0.9269 0.3741
vn 0.0291 -0.9267 0.3747
vn 0.0297 -0.9269 0.3740
vn 0.0290 -0.9268 0.3744
vn 0.0286 -0.9270 0.3739
vn 0.0300 -0.9289 0.3690
vn 0.0293 -0.9269 0.3741
vn 0.0291 -0.9269 0.3743
vn 0.0290 -0.9266 0.3748
vn 0.0290 -0.9269 0.3742
vn 0.0289 -0.9268 0.3745
vn 0.0293 -0.9260 0.3764
vn 0.0292 -0.9268 0.3743
vn 0.0292 -0.9268 0.3745
vn 0.0289 -0.9267 0.3746
vn 0.0293 -0.9268 0.3744
vn 0.0290 -0.9269 0.3741
vn 0.0290 -0.9268 0.3743
vn 0.0281 -0.9274 0.3731
vn 0.0292 -0.9270 0.3739
vn 0.0294 -0.9269 0.3742
vn 0.0289 -0.9270 0.3740
vn 0.0289 -0.9269 0.3742
vn 0.0291 -0.9269 0.3741
vn 0.0289 -0.9269 0.3741
vn 0.0286 -0.9270 0.3740
vn 0.0314 -0.9272 0.3733
vn 0.0289 -0.9267 0.3748
vn 0.0286 -0.9265 0.3751
vn 0.0290 -0.9267 0.3748
vn -0.0001 -0.9285 0.3714
vn -0.0000 -0.9285 0.3713
vn -0.0000 -0.9285 0.3714
vn -0.0001 -0.9285 0.3713
vn -0.0000 -0.9286 0.3710
vn 0.0001 -0.9285 0.3713
vn 0.0001 -0.9286 0.3711
vn -0.0000 -0.9285 0.3712
vn -0.0000 -0.9286 0.3711
vn -0.0000 -0.9287 0.3709
vn -0.0000 -0.9287 0.3708
vn -0.0000 -0.9284 0.3715
vn -0.0000 -0.9286 0.3712
vn -0.0001 -0.9285 0.3712
vn 0.0001 -0.9284 0.3716
vn 0.0001 -0.9284 0.3715
vn 0.0001 -0.9286 0.3712
vn 0.0002 -0.9285 0.3714
vn -0.0000 -0.9284 0.3716
vn -0.0001 -0.9284 0.3716
vn 0.0002 -0.9286 0.3712
vn 0.0001 -0.9286 0.3710
vn -0.0002 -0.9283 0.3718
vn -0.0000 -0.9284 0.3717
vn -0.0001 -0.9286 0.3711
vn -0.0001 -0.9284 0.3715
vn -0.0004 -0.9285 0.3712
vn 0.0001 -0.9285 0.3714
vn -0.0001 -0.9286 0.3710
vn -0.0002 -0.9285 0.3713
vn 0.0002 -0.9271 0.3747
vn -0.0000 -0.9271 0.3749
vn -0.0000 -0.9271 0.3747
vn -0.0446 -0.5907 0.8057
vn 0.0001 -0.9285 0.3712
vn -0.0001 -0.9286 0.3712
vn 0.0004 -0.9285 0.3714
vn -0.0002 -0.9284 0.3717
vn -0.0000 -0.9272 0.3746
vn -0.0001 -0.9272 0.3747
vn -0.0001 -0.9272 0.3745
vn 0.0002 -0.9271 0.3748
vn -0.0000 -0.9270 0.3751
vn -0.0003 -0.9273 0.3744
vn -0.0001 -0.9273 0.3744
vn -0.0000 -0.9272 0.3747
vn 0.0001 -0.9271 0.3747
vn 0.0001 -0.9271 0.3748
vn 0.0001 -0.9270 0.3751
vn -0.0000 -0.9272 0.3744
vn -0.0000 -0.9273 0.3743
vn -0.0001 -0.9271 0.3748
vn -0.0003 -0.9272 0.3744
vn -0.0446 -0.5908 0.8056
vt 0.371498 0.886424
vt 0.365043 0.877940
vt -1.283814 0.832712
vt -1.283796 0.832631
vt -1.283700 0.832632
vt -1.284087 0.832401
vt -1.284196 0.832329
vt -1.284091 0.832312
vt -1.284476 0.832604
vt -1.284394 0.832389
vt -1.284446 0.832712
vt 0.364731 0.885854
vt -1.276609 0.832312
vt -1.276569 0.832510
vt -1.276680 0.832442
vt -1.277824 0.832661
vt -1.277727 0.832312
vt -1.277680 0.832321
vt -1.276394 0.832562
vt -1.276606 0.832583
vt -1.277776 0.832313
vt -1.277870 0.832658
vt -1.277915 0.832646
vt -1.282392 0.832321
vt -1.282291 0.832400
vt -1.282401 0.832409
vt 0.379704 0.882407
vt -1.280490 0.832684
vt -1.280547 0.832642
vt -1.280516 0.832581
vt -1.280806 0.832540
vt -1.280810 0.832591
vt -1.280888 0.832626
vt -1.279415 0.832470
vt -1.279344 0.832407
vt -1.279341 0.832487
vt -1.279150 0.832732
vt -1.279151 0.832653
vt -1.279083 0.832645
vt -1.282090 0.832819
vt -1.282036 0.832901
vt -1.282170 0.832894
vt 0.372495 0.878139
vt -1.276496 0.832380
vt -1.283931 0.832319
vt -1.283974 0.832405
vt -1.283779 0.832368
vt -1.283868 0.832438
vt -1.283720 0.832415
vt -1.283826 0.832467
vt -1.283694 0.832477
vt -1.283802 0.832505
vt -1.283690 0.832550
vt -1.283793 0.832558
vt -1.283732 0.832758
vt -1.283786 0.832882
vt -1.283853 0.832808
vt -1.283874 0.832986
vt -1.283920 0.832892
vt -1.284013 0.833045
vt -1.284026 0.832938
vt -1.284167 0.833034
vt -1.284294 0.832963
vt -1.284144 0.832924
vt -1.284248 0.832338
vt -1.284299 0.832456
vt -1.284198 0.832421
vt -1.284353 0.832493
vt -1.284389 0.832849
vt -1.284240 0.832859
vt -1.284373 0.832536
vt -1.284369 0.832590
vt -1.284352 0.832661
vt -1.284310 0.832764
vt -1.284490 0.832516
vt -1.284469 0.832445
vt -1.282287 0.832312
vt -1.280739 0.832400
vt -1.280773 0.832340
vt -1.280685 0.832319
vt -1.280586 0.832312
vt -1.280612 0.832385
vt -1.280495 0.832364
vt -1.280552 0.832410
vt -1.280438 0.832441
vt -1.280518 0.832470
vt -1.280421 0.832524
vt -1.280524 0.832527
vt -1.280436 0.832610
vt -1.280571 0.832733
vt -1.280604 0.832671
vt -1.280680 0.832385
vt -1.280846 0.832388
vt -1.280788 0.832430
vt -1.280909 0.832543
vt -1.280894 0.832460
vt -1.280814 0.832488
vt -1.280835 0.832694
vt -1.280782 0.832647
vt -1.280668 0.832751
vt -1.280759 0.832737
vt -1.280731 0.832673
vt -1.280670 0.832682
vt -1.279420 0.832337
vt -1.279412 0.832527
vt -1.279337 0.832521
vt -1.279326 0.832559
vt -1.279400 0.832578
vt -1.279325 0.832685
vt -1.279372 0.832635
vt -1.279305 0.832597
vt -1.279272 0.832629
vt -1.279253 0.832721
vt -1.279223 0.832649
vt -1.278984 0.832680
vt -1.279045 0.832716
vt -1.279043 0.832623
vt -1.278926 0.832576
vt -1.278945 0.832626
vt -1.279014 0.832584
vt -1.278915 0.832475
vt -1.278916 0.832522
vt -1.278993 0.832505
vt -1.278998 0.832544
vt -1.278993 0.832471
vt -1.278997 0.832391
vt -1.278923 0.832312
vt -1.282546 0.832924
vt -1.282625 0.832806
vt -1.282487 0.832832
vt -1.282665 0.832669
vt -1.282543 0.832735
vt -1.282684 0.832564
vt -1.282573 0.832633
vt -1.282690 0.832480
vt -1.282572 0.832511
vt -1.282583 0.832566
vt -1.282664 0.832413
vt -1.282588 0.832365
vt -1.282547 0.832491
vt -1.282443 0.832325
vt -1.282502 0.832436
vt -1.282281 0.833024
vt -1.282431 0.833000
vt -1.282280 0.832911
vt -1.282351 0.832868
vt -1.282140 0.832990
vt -1.281927 0.832662
vt -1.281968 0.832783
vt -1.282043 0.832731
vt -1.282019 0.832654
vt -1.281909 0.832512
vt -1.281911 0.832584
vt -1.282024 0.832531
vt -1.282027 0.832577
vt -1.281983 0.832396
vt -1.281930 0.832449
vt -1.282040 0.832489
vt -1.282129 0.832332
vt -1.282180 0.832413
vt -1.282077 0.832455
vt -1.276464 0.832330
vt 0.000523 0.548965
vt 0.000536 0.548962
vt 1.060555 0.887105
vt 1.061244 0.886981
vt 1.060657 0.888253
vt 1.060458 0.886004
vt 1.059855 0.887105
vt 1.059179 0.886121
vt 1.073402 0.871815
vt 1.073288 0.871127
vt 1.074547 0.871729
vt 1.072301 0.871898
vt 1.073392 0.872514
vt 1.072403 0.873177
vt 1.058346 0.858746
vt 1.057653 0.858858
vt 1.058262 0.857592
vt 1.058426 0.859851
vt 1.059047 0.858757
vt 1.059709 0.859752
vt 1.045223 0.874075
vt 1.045341 0.874774
vt 1.044059 0.874168
vt 1.046338 0.873987
vt 1.045230 0.873367
vt 1.046232 0.872691
vt 1.061736 0.885897
vt 1.072213 0.870619
vt 1.057140 0.859940
vt 1.046437 0.875284
vt -1.029910 0.722069
vt 1.019941 0.929619
vt 1.020286 0.928365
vt 1.020289 0.928690
vt 1.022992 0.927465
vt 1.023535 0.928973
vt 1.022834 0.927893
vt 1.026340 0.928067
vt 1.025832 0.927866
vt 1.026408 0.927859
vt 1.026526 0.927444
vt 1.026787 0.927424
vt 1.028156 0.927867
vt 1.027887 0.927832
vt 1.027920 0.927720
vt 1.021306 0.899308
vt 1.020681 0.898985
vt 1.021433 0.899031
vt 1.021675 0.898444
vt 1.022055 0.898465
vt 1.023354 0.898976
vt 1.023542 0.898535
vt 1.023971 0.900126
vt 1.018065 0.883983
vt 1.018241 0.883534
vt 1.018727 0.885111
vt 1.019942 0.884519
vt 1.019916 0.884854
vt 1.019561 0.885706
vt 1.021696 0.883735
vt 1.021924 0.885616
vt 1.021578 0.885873
vt 1.023061 0.884696
vt 1.023407 0.884825
vt 1.023067 0.884966
vt 1.024317 0.884056
vt 1.023716 0.886068
vt 1.023976 0.884004
vt 1.025688 0.885109
vt 1.025099 0.884725
vt 1.025834 0.884848
vt 1.025088 0.886227
vt 1.025160 0.885026
vt 1.025312 0.885832
vt 1.025439 0.869753
vt 1.026245 0.870708
vt 1.026159 0.871167
vt 1.024550 0.869334
vt 1.024391 0.870540
vt 1.024358 0.870213
vt 1.021085 0.871828
vt 1.020944 0.869683
vt 1.021382 0.871257
vt 1.019269 0.871868
vt 1.019320 0.871478
vt 1.019552 0.871598
vt 1.018233 0.914696
vt 1.018577 0.914957
vt 1.018251 0.915072
vt 1.020142 0.914882
vt 1.020106 0.914587
vt 1.020477 0.914625
vt 1.017784 0.913941
vt 1.017599 0.916024
vt 1.017433 0.913976
vt 1.015298 0.914195
vt 1.015778 0.915872
vt 1.015487 0.916161
vt 1.017095 0.915203
vt 1.016750 0.915328
vt 1.016765 0.915070
vt 1.014416 0.914292
vt 1.014373 0.914647
vt 1.014186 0.914520
vt 1.012425 0.915264
vt 1.011810 0.915031
vt 1.012503 0.914994
vt 1.012102 0.916462
vt 1.011925 0.915296
vt 1.012230 0.916027
vt 1.023499 0.945238
vt 1.023772 0.945088
vt 1.024008 0.945249
vt 1.023819 0.944293
vt 1.023475 0.944135
vt 1.023941 0.944148
vt 1.023831 0.944941
vt 1.023995 0.945053
vt 1.022504 0.944254
vt 1.023347 0.944611
vt 1.023350 0.944807
vt 1.023526 0.944738
vt 1.022305 0.944138
vt 1.021674 0.943700
vt 1.022313 0.943933
vt 1.022539 0.945667
vt 1.023347 0.945125
vt 1.022539 0.943689
vt 1.022487 0.944068
vt 1.015732 0.786536
vt 1.015422 0.786679
vt 1.015418 0.786509
vt 1.014707 0.786817
vt 1.014747 0.786924
vt 1.014603 0.787116
vt 1.014517 0.787730
vt 1.014718 0.787520
vt 1.014795 0.787635
vt 1.015903 0.827125
vt 1.015608 0.827343
vt 1.015618 0.827171
vt 1.015059 0.857604
vt 1.015053 0.857341
vt 1.015357 0.857336
vt 1.015968 0.857337
vt 1.015345 0.856475
vt 1.016265 0.857325
vt 1.014560 0.800641
vt 1.014557 0.800453
vt 1.014894 0.800520
vt 1.016224 0.815281
vt 1.015929 0.815128
vt 1.015994 0.814861
vt 1.015246 0.842019
vt 1.015360 0.841702
vt 1.015478 0.841754
vt 1.021474 0.929250
vt 1.021481 0.929576
vt 1.020296 0.929277
vt 1.019923 0.927350
vt 1.020286 0.927370
vt 1.021319 0.928363
vt 1.021324 0.928680
vt 1.021841 0.929566
vt 1.021805 0.927426
vt 1.022160 0.929003
vt 1.022142 0.927439
vt 1.022666 0.927455
vt 1.022297 0.929551
vt 1.023858 0.929502
vt 1.023415 0.929517
vt 1.023509 0.927479
vt 1.023831 0.927488
vt 1.025931 0.928081
vt 1.026347 0.928943
vt 1.026093 0.928953
vt 1.026189 0.928652
vt 1.025398 0.927538
vt 1.025673 0.927541
vt 1.027214 0.927791
vt 1.027205 0.927906
vt 1.026982 0.927923
vt 1.026992 0.927736
vt 1.027063 0.927562
vt 1.027271 0.927688
vt 1.027193 0.927426
vt 1.027361 0.927349
vt 1.027362 0.927635
vt 1.027438 0.927550
vt 1.027547 0.927315
vt 1.027741 0.927322
vt 1.027668 0.927523
vt 1.027553 0.927527
vt 1.027929 0.927374
vt 1.027783 0.927547
vt 1.028083 0.927496
vt 1.027880 0.927613
vt 1.028156 0.927673
vt 1.028075 0.928041
vt 1.027841 0.928184
vt 1.027796 0.927870
vt 1.027613 0.928241
vt 1.027634 0.928005
vt 1.027425 0.928423
vt 1.027420 0.928062
vt 1.027914 0.928517
vt 1.027936 0.928386
vt 1.028148 0.928590
vt 1.028169 0.928373
vt 1.028042 0.928767
vt 1.027851 0.928618
vt 1.027870 0.928868
vt 1.027663 0.928919
vt 1.027742 0.928681
vt 1.027462 0.928912
vt 1.027620 0.928709
vt 1.027273 0.928844
vt 1.027385 0.928672
vt 1.027133 0.928700
vt 1.027077 0.928502
vt 1.027319 0.928575
vt 1.027102 0.928301
vt 1.027338 0.928456
vt 1.027232 0.928149
vt 1.027500 0.928712
vt 1.020770 0.899275
vt 1.021157 0.900481
vt 1.020796 0.900459
vt 1.020990 0.900044
vt 1.020141 0.898329
vt 1.020506 0.898367
vt 1.024063 0.898555
vt 1.024394 0.898563
vt 1.024266 0.900714
vt 1.023810 0.900670
vt 1.022696 0.900587
vt 1.022600 0.900029
vt 1.022242 0.900554
vt 1.022365 0.898480
vt 1.022696 0.898497
vt 1.023221 0.898522
vt 1.018779 0.883551
vt 1.019114 0.883563
vt 1.019033 0.885667
vt 1.018577 0.885634
vt 1.017461 0.885663
vt 1.017335 0.885104
vt 1.016988 0.885683
vt 1.017024 0.883510
vt 1.017366 0.883516
vt 1.017912 0.883524
vt 1.019654 0.883589
vt 1.021249 0.883721
vt 1.020682 0.884384
vt 1.021229 0.884043
vt 1.021139 0.885516
vt 1.021111 0.885831
vt 1.019896 0.885415
vt 1.021117 0.884667
vt 1.021093 0.884964
vt 1.022026 0.884075
vt 1.022604 0.883816
vt 1.022946 0.883936
vt 1.022786 0.884234
vt 1.023214 0.884168
vt 1.023363 0.884483
vt 1.022860 0.884410
vt 1.023372 0.885164
vt 1.023256 0.885485
vt 1.023003 0.885228
vt 1.023032 0.885745
vt 1.022863 0.885458
vt 1.022723 0.885899
vt 1.022624 0.885589
vt 1.022389 0.885931
vt 1.022369 0.885573
vt 1.022523 0.884119
vt 1.024054 0.886108
vt 1.024987 0.884179
vt 1.024985 0.884168
vt 1.024604 0.884100
vt 1.026473 0.884353
vt 1.025439 0.886280
vt 1.026115 0.884300
vt 1.025655 0.871247
vt 1.025337 0.871296
vt 1.025053 0.869268
vt 1.025482 0.869207
vt 1.026525 0.869054
vt 1.026730 0.869552
vt 1.026947 0.868977
vt 1.027289 0.870981
vt 1.026973 0.871034
vt 1.026467 0.871119
vt 1.023075 0.869796
vt 1.023046 0.869488
vt 1.024279 0.869673
vt 1.024826 0.871375
vt 1.023283 0.871585
vt 1.023743 0.870802
vt 1.023245 0.871275
vt 1.023244 0.870598
vt 1.023215 0.870312
vt 1.022235 0.869569
vt 1.022337 0.870093
vt 1.022605 0.869533
vt 1.022856 0.871651
vt 1.022524 0.871699
vt 1.021460 0.871799
vt 1.021273 0.869653
vt 1.020499 0.871178
vt 1.020443 0.871444
vt 1.020157 0.871274
vt 1.020291 0.871681
vt 1.019978 0.871490
vt 1.020065 0.871848
vt 1.019809 0.871925
vt 1.019740 0.871516
vt 1.019539 0.871929
vt 1.019031 0.871725
vt 1.018862 0.871516
vt 1.018778 0.871275
vt 1.019241 0.871303
vt 1.018743 0.871024
vt 1.019062 0.871110
vt 1.018703 0.869828
vt 1.019065 0.869837
vt 1.020503 0.870907
vt 1.020168 0.871037
vt 1.020066 0.869757
vt 1.020415 0.869728
vt 1.018568 0.914684
vt 1.018623 0.915721
vt 1.018406 0.915468
vt 1.018815 0.915447
vt 1.018375 0.915429
vt 1.018640 0.915222
vt 1.018970 0.915909
vt 1.019098 0.915564
vt 1.019735 0.915918
vt 1.019347 0.915962
vt 1.019362 0.915522
vt 1.020397 0.915422
vt 1.020116 0.915745
vt 1.019934 0.915421
vt 1.019640 0.915553
vt 1.020502 0.915031
vt 1.020111 0.915169
vt 1.020021 0.913948
vt 1.020309 0.914243
vt 1.019840 0.914383
vt 1.019235 0.913738
vt 1.019638 0.913771
vt 1.019381 0.914072
vt 1.019687 0.914179
vt 1.018557 0.914014
vt 1.018877 0.913812
vt 1.018887 0.914211
vt 1.019143 0.914174
vt 1.018326 0.914324
vt 1.018664 0.914410
vt 1.017950 0.916002
vt 1.015644 0.914441
vt 1.017031 0.915525
vt 1.016868 0.915819
vt 1.016654 0.915571
vt 1.016601 0.916027
vt 1.016448 0.915735
vt 1.016276 0.916104
vt 1.016202 0.915760
vt 1.016945 0.914560
vt 1.017053 0.914870
vt 1.016706 0.914820
vt 1.016444 0.914138
vt 1.016741 0.914296
vt 1.016358 0.914447
vt 1.016461 0.914594
vt 1.016107 0.914110
vt 1.016093 0.914394
vt 1.014868 0.914841
vt 1.014906 0.915083
vt 1.014584 0.915006
vt 1.014996 0.916194
vt 1.014667 0.916221
vt 1.014436 0.914832
vt 1.014788 0.914612
vt 1.014631 0.914418
vt 1.013923 0.914271
vt 1.014176 0.914249
vt 1.013931 0.914647
vt 1.013497 0.914520
vt 1.013691 0.914358
vt 1.013778 0.914684
vt 1.013340 0.914991
vt 1.013378 0.914743
vt 1.013662 0.914887
vt 1.013431 0.916324
vt 1.013346 0.915240
vt 1.013753 0.916293
vt 1.013655 0.915110
vt 1.012445 0.916415
vt 1.012980 0.914410
vt 1.012640 0.914434
vt 1.011217 0.914523
vt 1.011598 0.914542
vt 1.011594 0.914532
vt 1.023535 0.945087
vt 1.023975 0.944190
vt 1.023525 0.944280
vt 1.024669 0.945504
vt 1.024580 0.945634
vt 1.023540 0.944934
vt 1.021771 0.943556
vt 1.022371 0.945949
vt 1.022420 0.945984
vt 1.023438 0.944120
vt 1.022848 0.944183
vt 1.022357 0.943364
vt 1.022327 0.943387
vt 1.014609 0.786448
vt 1.014588 0.786621
vt 1.014281 0.786556
vt 1.014321 0.786352
vt 1.014422 0.786159
vt 1.014578 0.786006
vt 1.014694 0.786292
vt 1.014773 0.785910
vt 1.014842 0.786190
vt 1.014990 0.785876
vt 1.015213 0.785906
vt 1.015020 0.786157
vt 1.015412 0.785999
vt 1.015192 0.786226
vt 1.015571 0.786146
vt 1.015255 0.786328
vt 1.015679 0.786331
vt 1.015729 0.786748
vt 1.015669 0.786951
vt 1.015543 0.787118
vt 1.015363 0.786848
vt 1.015370 0.787231
vt 1.015232 0.786963
vt 1.015172 0.787290
vt 1.014969 0.787294
vt 1.015099 0.786964
vt 1.014772 0.787235
vt 1.014899 0.787019
vt 1.014272 0.786759
vt 1.014313 0.787165
vt 1.014286 0.786962
vt 1.014422 0.787556
vt 1.014357 0.787366
vt 1.014664 0.787392
vt 1.014628 0.787256
vt 1.014830 0.787980
vt 1.014654 0.787882
vt 1.014902 0.787723
vt 1.015219 0.788009
vt 1.015024 0.788012
vt 1.015171 0.787755
vt 1.015034 0.787763
vt 1.015568 0.787823
vt 1.015412 0.787956
vt 1.015294 0.787695
vt 1.015693 0.787450
vt 1.015658 0.787647
vt 1.015411 0.787450
vt 1.015374 0.787584
vt 1.015200 0.826596
vt 1.015430 0.826635
vt 1.015199 0.826875
vt 1.015640 0.826745
vt 1.015370 0.826944
vt 1.015806 0.826913
vt 1.015459 0.827057
vt 1.015921 0.827356
vt 1.015857 0.827581
vt 1.015715 0.827767
vt 1.015529 0.827499
vt 1.015520 0.827894
vt 1.015381 0.827605
vt 1.015304 0.827959
vt 1.015220 0.827627
vt 1.015071 0.827966
vt 1.015077 0.827696
vt 1.014853 0.827899
vt 1.014769 0.826665
vt 1.014982 0.826610
vt 1.014903 0.826933
vt 1.015058 0.826923
vt 1.014446 0.826992
vt 1.014574 0.826791
vt 1.014757 0.827047
vt 1.014692 0.827214
vt 1.014402 0.827222
vt 1.014961 0.828384
vt 1.015811 0.828340
vt 1.015826 0.828619
vt 1.014755 0.828681
vt 1.014505 0.827570
vt 1.014757 0.827534
vt 1.014898 0.827640
vt 1.014755 0.857610
vt 1.014747 0.857351
vt 1.015025 0.855983
vt 1.015373 0.858091
vt 1.015077 0.858112
vt 1.015358 0.857599
vt 1.015286 0.855981
vt 1.016256 0.857598
vt 1.014160 0.801187
vt 1.014016 0.801180
vt 1.014094 0.801084
vt 1.014144 0.800929
vt 1.014305 0.801201
vt 1.014324 0.800895
vt 1.014441 0.801278
vt 1.014591 0.801080
vt 1.014481 0.800805
vt 1.014506 0.801422
vt 1.014689 0.801176
vt 1.014857 0.800801
vt 1.014723 0.800992
vt 1.014494 0.801579
vt 1.014801 0.801618
vt 1.013529 0.801375
vt 1.013644 0.801515
vt 1.013510 0.801621
vt 1.013836 0.801603
vt 1.013614 0.801819
vt 1.014039 0.802037
vt 1.013806 0.801974
vt 1.013948 0.801717
vt 1.014506 0.801976
vt 1.014275 0.802026
vt 1.014257 0.801764
vt 1.014100 0.801767
vt 1.014702 0.801833
vt 1.014401 0.801702
vt 1.014803 0.801370
vt 1.014623 0.800019
vt 1.014815 0.800237
vt 1.014468 0.800290
vt 1.014069 0.799874
vt 1.014358 0.799904
vt 1.014141 0.800157
vt 1.014310 0.800190
vt 1.013564 0.800119
vt 1.013788 0.799946
vt 1.013818 0.800287
vt 1.013963 0.800187
vt 1.013616 0.800492
vt 1.013449 0.800384
vt 1.013754 0.800438
vt 1.013707 0.800594
vt 1.015115 0.815285
vt 1.014968 0.815097
vt 1.015423 0.814966
vt 1.014894 0.814871
vt 1.015225 0.814872
vt 1.014864 0.814623
vt 1.015208 0.814646
vt 1.015327 0.815397
vt 1.015797 0.815456
vt 1.015558 0.815445
vt 1.015729 0.815162
vt 1.015528 0.815095
vt 1.016028 0.815408
vt 1.016360 0.815088
vt 1.016407 0.814588
vt 1.016426 0.814833
vt 1.016049 0.814740
vt 1.016366 0.815073
vt 1.016092 0.814253
vt 1.016274 0.814394
vt 1.015990 0.814552
vt 1.015551 0.813988
vt 1.015888 0.814148
vt 1.015698 0.814355
vt 1.015836 0.814435
vt 1.015438 0.813955
vt 1.015366 0.814163
vt 1.016548 0.813356
vt 1.016451 0.813573
vt 1.015667 0.813702
vt 1.015066 0.813508
vt 1.015004 0.813278
vt 1.015195 0.813990
vt 1.015102 0.813757
vt 1.015541 0.813734
vt 1.015341 0.813914
vt 1.015271 0.843408
vt 1.014960 0.843429
vt 1.014917 0.841388
vt 1.015163 0.841387
vt 1.015201 0.841512
vt 1.015314 0.841633
vt 1.015730 0.841796
vt 1.015721 0.842026
vt 1.015603 0.841778
vt 1.123619 0.878014
vt 1.123085 0.877857
vt 1.123092 0.877826
vt 1.122336 0.875036
vt 1.122229 0.874414
vt 1.122663 0.874850
vt 1.122736 0.876264
vt 1.123434 0.876260
vt 1.123649 0.877990
vt 1.124064 0.877650
vt 1.124031 0.877620
vt 1.124390 0.877415
vt 1.123975 0.877039
vt 1.124261 0.876654
vt 1.124665 0.877108
vt 1.124977 0.876340
vt 1.124864 0.876743
vt 1.124401 0.876256
vt 1.124923 0.875506
vt 1.124997 0.875921
vt 1.124408 0.875866
vt 1.124513 0.874779
vt 1.124758 0.875119
vt 1.124089 0.875194
vt 1.124297 0.875506
vt 1.123832 0.874308
vt 1.124201 0.874502
vt 1.123800 0.874953
vt 1.123014 0.874185
vt 1.123429 0.874201
vt 1.123052 0.874766
vt 1.123447 0.874803
vt 1.122607 0.874257
vt 1.121632 0.874957
vt 1.121897 0.874650
vt 1.122084 0.875301
vt 1.121338 0.875695
vt 1.121444 0.875310
vt 1.121921 0.875620
vt 1.121402 0.876481
vt 1.121324 0.876093
vt 1.121919 0.876327
vt 1.121862 0.875970
vt 1.121811 0.877155
vt 1.121566 0.876840
vt 1.122110 0.876662
vt 1.122491 0.877530
vt 1.122179 0.877312
vt 1.122522 0.877497
vt 1.122449 0.876939
vt 1.046386 0.788672
vt 1.046499 0.788804
vt 1.046497 0.789152
vt 1.046240 0.788613
vt 1.045737 0.788523
vt 1.046202 0.788574
vt 1.045752 0.788480
vt 1.046176 0.788481
vt 1.046180 0.788535
vt 1.045749 0.788448
vt 1.045719 0.788422
vt 1.046301 0.788646
vt 1.045654 0.788648
vt 1.045778 0.787967
vt 1.046435 0.787815
vt 1.046569 0.787712
vt 1.046907 0.787728
vt 1.046374 0.787961
vt 1.046277 0.788464
vt 1.046335 0.788000
vt 1.046234 0.788448
vt 1.046241 0.788026
vt 1.046296 0.788021
vt 1.046202 0.788450
vt 1.046408 0.787900
vt 1.046400 0.788546
vt 1.045564 0.787774
vt 1.045448 0.787639
vt 1.045447 0.787281
vt 1.045712 0.787833
vt 1.046223 0.787924
vt 1.045751 0.787873
vt 1.046207 0.787968
vt 1.045774 0.787911
vt 1.046210 0.788000
vt 1.045651 0.787800
vt 1.046310 0.787798
vt 1.045528 0.788634
vt 1.045394 0.788748
vt 1.045047 0.788744
vt 1.045586 0.788487
vt 1.045677 0.787985
vt 1.045625 0.788449
vt 1.045720 0.788000
vt 1.045664 0.788427
vt 1.045753 0.787998
vt 1.045554 0.788550
vt 1.045550 0.787902
vt 1.084005 0.790531
vt 1.084022 0.790645
vt 1.083740 0.790585
vt 1.085083 0.789513
vt 1.085286 0.791588
vt 1.084981 0.791324
vt 1.083407 0.789378
vt 1.083293 0.789399
vt 1.083369 0.789082
vt 1.077362 0.803361
vt 1.077489 0.803678
vt 1.077092 0.803388
vt 1.077610 0.803956
vt 1.077443 0.804180
vt 1.078104 0.806514
vt 1.077979 0.806254
vt 1.078413 0.806147
vt 1.076195 0.803637
vt 1.076432 0.803858
vt 1.075909 0.804179
vt 1.077226 0.805616
vt 1.077271 0.805559
vt 1.077541 0.805553
vt 1.078905 0.803286
vt 1.078931 0.803265
vt 1.079144 0.803401
vt 1.083459 0.819281
vt 1.083477 0.819148
vt 1.083793 0.819158
vt 1.084280 0.819022
vt 1.084259 0.819358
vt 1.083903 0.819715
vt 1.083037 0.819020
vt 1.083019 0.819119
vt 1.082676 0.819104
vt 1.084984 0.819728
vt 1.085104 0.818611
vt 1.085375 0.819039
vt 1.008757 0.818310
vt 1.006973 0.818378
vt 1.007818 0.816904
vt 1.049064 0.788428
vt 1.049165 0.788209
vt 1.049205 0.788214
vt 1.049963 0.788037
vt 1.049629 0.788040
vt 1.049635 0.787576
vt 1.050526 0.788378
vt 1.050017 0.788412
vt 1.050522 0.788039
vt 1.049992 0.788451
vt 1.049646 0.788479
vt 1.050066 0.788937
vt 1.050028 0.788975
vt 1.049786 0.788876
vt 1.041268 0.788372
vt 1.041245 0.788343
vt 1.041259 0.788244
vt 1.007305 0.791030
vt 1.008864 0.791002
vt 1.008102 0.792287
vt 1.014081 0.803525
vt 1.014147 0.805036
vt 1.012892 0.804337
vt 1.077021 0.805427
vt 1.077021 0.805537
vt 1.076736 0.805561
vt 1.046003 0.789291
vt 1.045882 0.789268
vt 1.045751 0.789191
vt 1.045706 0.789125
vt 1.045602 0.788923
vt 1.045646 0.789063
vt 1.045608 0.788776
vt 1.046407 0.789223
vt 1.046458 0.788725
vt 1.046551 0.788867
vt 1.046559 0.788966
vt 1.046531 0.789032
vt 1.046281 0.789276
vt 1.046140 0.789298
vt 1.047036 0.788198
vt 1.047012 0.788321
vt 1.046934 0.788451
vt 1.046870 0.788496
vt 1.046672 0.788598
vt 1.046809 0.788555
vt 1.046526 0.788593
vt 1.046973 0.787813
vt 1.046492 0.787746
vt 1.046632 0.787665
vt 1.046727 0.787661
vt 1.046790 0.787691
vt 1.047023 0.787933
vt 1.047043 0.788066
vt 1.045955 0.787139
vt 1.046077 0.787164
vt 1.046199 0.787229
vt 1.046263 0.787298
vt 1.046317 0.787520
vt 1.046309 0.787383
vt 1.046364 0.787671
vt 1.045541 0.787210
vt 1.045490 0.787720
vt 1.045394 0.787575
vt 1.045385 0.787473
vt 1.045414 0.787406
vt 1.045671 0.787154
vt 1.045815 0.787133
vt 1.044904 0.788255
vt 1.044927 0.788130
vt 1.045003 0.788001
vt 1.045069 0.787955
vt 1.045272 0.787850
vt 1.045131 0.787896
vt 1.045421 0.787856
vt 1.044978 0.788659
vt 1.045474 0.788708
vt 1.045330 0.788801
vt 1.045228 0.788808
vt 1.045161 0.788777
vt 1.044923 0.788535
vt 1.044900 0.788398
vt 1.084231 0.790760
vt 1.084752 0.790796
vt 1.084557 0.790963
vt 1.084183 0.791012
vt 1.084089 0.791006
vt 1.083977 0.790968
vt 1.084099 0.790734
vt 1.083866 0.790889
vt 1.083780 0.790765
vt 1.083763 0.790408
vt 1.083837 0.790275
vt 1.084049 0.790430
vt 1.083939 0.790185
vt 1.084045 0.790133
vt 1.084158 0.790382
vt 1.084132 0.790115
vt 1.084286 0.790114
vt 1.084289 0.789938
vt 1.084744 0.790209
vt 1.084773 0.790216
vt 1.084764 0.790250
vt 1.084298 0.790515
vt 1.084293 0.790374
vt 1.084825 0.789808
vt 1.083995 0.789831
vt 1.084412 0.791655
vt 1.083364 0.790608
vt 1.083445 0.790662
vt 1.083249 0.790881
vt 1.084147 0.791273
vt 1.083916 0.791478
vt 1.083094 0.790544
vt 1.083166 0.790883
vt 1.082894 0.790444
vt 1.082979 0.790826
vt 1.082998 0.789880
vt 1.082937 0.789894
vt 1.082839 0.789612
vt 1.082657 0.789911
vt 1.083096 0.789804
vt 1.083052 0.789849
vt 1.083142 0.789592
vt 1.083125 0.789746
vt 1.083167 0.789512
vt 1.082904 0.789402
vt 1.083214 0.789447
vt 1.083000 0.789254
vt 1.082853 0.789536
vt 1.084424 0.791347
vt 1.084149 0.791615
vt 1.084268 0.791329
vt 1.082739 0.790705
vt 1.082514 0.790561
vt 1.082344 0.790413
vt 1.082643 0.790268
vt 1.082341 0.790107
vt 1.082303 0.790085
vt 1.082298 0.790005
vt 1.082264 0.789880
vt 1.082626 0.789945
vt 1.082286 0.789813
vt 1.082365 0.789742
vt 1.082266 0.789790
vt 1.082297 0.789782
vt 1.082429 0.789719
vt 1.082453 0.789677
vt 1.082463 0.789629
vt 1.083153 0.789133
vt 1.083565 0.789108
vt 1.083509 0.789392
vt 1.083717 0.789185
vt 1.083828 0.789292
vt 1.083583 0.789441
vt 1.083904 0.789415
vt 1.083636 0.789511
vt 1.083937 0.789531
vt 1.083671 0.789593
vt 1.084152 0.789556
vt 1.083868 0.789807
vt 1.083777 0.789766
vt 1.083718 0.789716
vt 1.083692 0.789663
vt 1.078059 0.803332
vt 1.078178 0.803279
vt 1.078228 0.803370
vt 1.078216 0.803314
vt 1.077856 0.804203
vt 1.077802 0.803701
vt 1.077827 0.804231
vt 1.077678 0.803957
vt 1.077499 0.804219
vt 1.077949 0.803410
vt 1.078016 0.803336
vt 1.077917 0.803422
vt 1.077773 0.803671
vt 1.077397 0.803381
vt 1.077515 0.803650
vt 1.077299 0.803265
vt 1.077323 0.803288
vt 1.077114 0.803264
vt 1.077080 0.803302
vt 1.078183 0.805190
vt 1.077348 0.804986
vt 1.077418 0.804993
vt 1.076613 0.804840
vt 1.076740 0.805136
vt 1.076162 0.806005
vt 1.075855 0.806132
vt 1.075817 0.806027
vt 1.076815 0.806484
vt 1.076317 0.806328
vt 1.076529 0.806144
vt 1.077443 0.806566
vt 1.076935 0.806251
vt 1.077452 0.806299
vt 1.079176 0.806110
vt 1.078655 0.806359
vt 1.078788 0.805987
vt 1.078319 0.804951
vt 1.079215 0.806008
vt 1.078208 0.804892
vt 1.078308 0.804916
vt 1.078149 0.804551
vt 1.078201 0.804729
vt 1.077933 0.804805
vt 1.077875 0.804450
vt 1.078041 0.804396
vt 1.077796 0.804551
vt 1.077881 0.804658
vt 1.077813 0.804448
vt 1.077941 0.804969
vt 1.077639 0.804591
vt 1.077681 0.804799
vt 1.077427 0.804808
vt 1.077685 0.805001
vt 1.077361 0.804447
vt 1.077532 0.804384
vt 1.077364 0.804652
vt 1.077266 0.804515
vt 1.077299 0.804441
vt 1.076686 0.803632
vt 1.076682 0.803298
vt 1.076958 0.803350
vt 1.076722 0.803270
vt 1.076906 0.803269
vt 1.076933 0.804187
vt 1.076878 0.804216
vt 1.076592 0.804092
vt 1.076581 0.804040
vt 1.076459 0.803856
vt 1.076481 0.803272
vt 1.076544 0.803307
vt 1.076300 0.803312
vt 1.076657 0.803632
vt 1.076222 0.803636
vt 1.076281 0.804172
vt 1.076231 0.804170
vt 1.076344 0.803278
vt 1.076114 0.803302
vt 1.076108 0.803353
vt 1.075904 0.803249
vt 1.075857 0.803299
vt 1.075963 0.804257
vt 1.077267 0.805431
vt 1.077538 0.805451
vt 1.077599 0.805620
vt 1.077477 0.805916
vt 1.077237 0.805587
vt 1.077391 0.805941
vt 1.077380 0.805877
vt 1.078480 0.804264
vt 1.078454 0.804198
vt 1.078483 0.804159
vt 1.078673 0.804310
vt 1.078580 0.803763
vt 1.078822 0.804086
vt 1.078727 0.804276
vt 1.079040 0.804298
vt 1.078986 0.804260
vt 1.079257 0.804115
vt 1.078856 0.804084
vt 1.078566 0.803723
vt 1.078354 0.803358
vt 1.078759 0.803486
vt 1.078355 0.803303
vt 1.078392 0.803270
vt 1.079044 0.803793
vt 1.079041 0.803745
vt 1.079176 0.804245
vt 1.079234 0.804246
vt 1.078603 0.803266
vt 1.078631 0.803287
vt 1.078790 0.803486
vt 1.079185 0.803346
vt 1.079175 0.803281
vt 1.083747 0.819428
vt 1.083638 0.819627
vt 1.083416 0.819380
vt 1.083340 0.819439
vt 1.083461 0.819746
vt 1.083212 0.819777
vt 1.082912 0.819694
vt 1.083095 0.819416
vt 1.082747 0.819519
vt 1.083031 0.819336
vt 1.082682 0.819305
vt 1.083013 0.819230
vt 1.083672 0.818738
vt 1.083762 0.818920
vt 1.083429 0.818941
vt 1.083468 0.819032
vt 1.083238 0.818549
vt 1.083494 0.818603
vt 1.083236 0.818853
vt 1.083354 0.818878
vt 1.082822 0.818711
vt 1.083006 0.818579
vt 1.083143 0.818870
vt 1.082718 0.818898
vt 1.083220 0.819454
vt 1.084857 0.819272
vt 1.084799 0.819258
vt 1.084896 0.819045
vt 1.084861 0.818998
vt 1.084251 0.819505
vt 1.084852 0.819499
vt 1.084903 0.819808
vt 1.084930 0.819552
vt 1.084004 0.819796
vt 1.083951 0.818572
vt 1.084299 0.818592
vt 1.083076 0.818932
vt 1.085945 0.819101
vt 1.085966 0.819151
vt 1.085818 0.819318
vt 1.085867 0.819336
vt 1.085349 0.819348
vt 1.085345 0.819473
vt 1.085796 0.819509
vt 1.085625 0.819633
vt 1.085821 0.819626
vt 1.085106 0.819814
vt 1.085428 0.818642
vt 1.008933 0.817402
vt 1.008206 0.816906
vt 1.008456 0.819458
vt 1.007430 0.816925
vt 1.006749 0.817502
vt 1.008169 0.820319
vt 1.007354 0.819500
vt 1.008112 0.820426
vt 1.007726 0.820350
vt 1.008036 0.820505
vt 1.007797 0.820450
vt 1.007957 0.820526
vt 1.007904 0.820487
vt 1.006760 0.817246
vt 1.007067 0.817065
vt 1.006886 0.817092
vt 1.008586 0.816934
vt 1.008785 0.817039
vt 1.008815 0.817169
vt 1.049606 0.788079
vt 1.049614 0.788439
vt 1.049089 0.788474
vt 1.049667 0.787535
vt 1.049920 0.787536
vt 1.049951 0.787575
vt 1.049995 0.788077
vt 1.050547 0.788069
vt 1.050533 0.788169
vt 1.049780 0.788920
vt 1.041270 0.788023
vt 1.042714 0.788005
vt 1.042735 0.788037
vt 1.042721 0.788132
vt 1.042708 0.788345
vt 1.007134 0.791822
vt 1.007755 0.792275
vt 1.007584 0.790033
vt 1.008446 0.792272
vt 1.009059 0.791788
vt 1.007845 0.789280
vt 1.008541 0.790006
vt 1.007898 0.789189
vt 1.008219 0.789263
vt 1.007961 0.789120
vt 1.008090 0.789114
vt 1.008024 0.789094
vt 1.008158 0.789177
vt 1.009041 0.792016
vt 1.008771 0.792160
vt 1.008927 0.792142
vt 1.007407 0.792239
vt 1.007235 0.792170
vt 1.007143 0.792031
vt 1.013305 0.803379
vt 1.012888 0.803999
vt 1.015061 0.803785
vt 1.012919 0.804672
vt 1.013390 0.805249
vt 1.015782 0.804033
vt 1.015099 0.804694
vt 1.015868 0.804083
vt 1.015798 0.804387
vt 1.015932 0.804142
vt 1.015939 0.804267
vt 1.015958 0.804203
vt 1.015879 0.804331
vt 1.013187 0.805252
vt 1.012971 0.805007
vt 1.013047 0.805172
vt 1.012910 0.803660
vt 1.012969 0.803489
vt 1.013103 0.803395
vt 1.078063 0.805550
vt 1.078131 0.805625
vt 1.077745 0.805623
vt 1.078006 0.805928
vt 1.077922 0.805886
vt 1.077933 0.805945
vt 1.077757 0.805593
vt 1.077783 0.805566
vt 1.077779 0.805435
vt 1.077787 0.805352
vt 1.078062 0.805429
vt 1.077813 0.805271
vt 1.078086 0.805311
vt 1.078129 0.805214
vt 1.077111 0.804551
vt 1.077159 0.804769
vt 1.076880 0.804742
vt 1.077172 0.804963
vt 1.076896 0.804900
vt 1.077292 0.805268
vt 1.077586 0.805285
vt 1.077001 0.804369
vt 1.076810 0.804607
vt 1.076761 0.804416
vt 1.076801 0.804421
vt 1.076734 0.804474
vt 1.077553 0.805368
vt 1.076684 0.804813
vt 1.077078 0.805239
vt 1.076801 0.805162
vt 1.076737 0.805404
vt 1.076759 0.805275
vt 1.077041 0.805328
vt 1.076698 0.805618
vt 1.076710 0.805588
vt 1.076850 0.805867
vt 1.076948 0.805906
vt 1.077082 0.805605
vt 1.076863 0.805931
vt 0.000000 0.000000
vt 0.873684 0.000000
vt 0.884211 0.000000
vt 0.978947 0.000000
vt 0.431579 0.000000
vt 0.442105 0.000000
vt 0.452632 0.000000
vt 0.378947 0.000000
vt 0.526316 0.000000
vt 0.578947 0.000000
vt 0.684211 0.000000
vt 0.800000 0.000000
vt 0.810526 0.000000
vt 0.063158 0.000000
vt 0.242105 0.000000
vt 0.052632 0.000000
vt 0.315789 0.000000
vt 0.305263 0.000000
vt 0.136842 0.000000
vt 0.166667 0.000000
vt 0.333333 0.000000
vt 0.666667 0.000000
vt 0.833333 0.000000
vt 0.894737 0.000000
vt 0.926316 0.000000
vt 0.905263 0.000000
vt 0.915789 0.000000
vt 0.936842 0.000000
vt 0.947368 0.000000
vt 0.957895 0.000000
vt 0.968421 0.000000
vt 0.989474 0.000000
vt 1.000000 0.000000
vt 0.863158 0.000000
vt 0.536842 0.000000
vt 0.389474 0.000000
vt 0.547368 0.000000
vt 0.400000 0.000000
vt 0.410526 0.000000
vt 0.421053 0.000000
vt 0.494737 0.000000
vt 0.568421 0.000000
vt 0.557895 0.000000
vt 0.463158 0.000000
vt 0.484211 0.000000
vt 0.473684 0.000000
vt 0.505263 0.000000
vt 0.515789 0.000000
vt 0.336842 0.000000
vt 0.368421 0.000000
vt 0.347368 0.000000
vt 0.357895 0.000000
vt 0.852632 0.000000
vt 0.589474 0.000000
vt 0.621053 0.000000
vt 0.600000 0.000000
vt 0.610526 0.000000
vt 0.631579 0.000000
vt 0.642105 0.000000
vt 0.842105 0.000000
vt 0.652632 0.000000
vt 0.831579 0.000000
vt 0.663158 0.000000
vt 0.821053 0.000000
vt 0.673684 0.000000
vt 0.694737 0.000000
vt 0.705263 0.000000
vt 0.789474 0.000000
vt 0.778947 0.000000
vt 0.715789 0.000000
vt 0.726316 0.000000
vt 0.768421 0.000000
vt 0.736842 0.000000
vt 0.747368 0.000000
vt 0.757895 0.000000
vt 0.252632 0.000000
vt 0.073684 0.000000
vt 0.084211 0.000000
vt 0.094737 0.000000
vt 0.105263 0.000000
vt 0.263158 0.000000
vt 0.115789 0.000000
vt 0.273684 0.000000
vt 0.126316 0.000000
vt 0.284211 0.000000
vt 0.294737 0.000000
vt 0.147368 0.000000
vt 0.157895 0.000000
vt 0.326316 0.000000
vt 0.168421 0.000000
vt 0.010526 0.000000
vt 0.021053 0.000000
vt 0.178947 0.000000
vt 0.031579 0.000000
vt 0.189474 0.000000
vt 0.200000 0.000000
vt 0.042105 0.000000
vt 0.221053 0.000000
vt 0.210526 0.000000
vt 0.231579 0.000000
s 1
f 206/1/1 193/1/2 77/1/3
f 11/2/4 214/2/5 215/2/6
f 196/2/7 197/2/8 217/2/9
f 208/2/10 202/2/11 199/2/12
f 191/2/13 190/2/14 194/2/15
f 204/2/16 200/2/17 210/2/18
f 168/2/19 173/2/20 172/2/21
f 170/3/16 171/4/22 28/5/23
f 165/6/24 35/7/25 34/8/24
f 44/9/26 37/10/27 45/11/28
f 157/12/29 158/12/30 167/12/31
f 164/13/32 127/14/33 146/15/34
f 53/12/35 156/12/36 152/12/37
f 148/16/38 155/17/39 161/18/40
f 128/19/41 126/20/42 127/14/33
f 154/21/43 141/22/44 142/23/45
f 8/12/46 211/12/47 18/12/48
f 133/24/49 76/25/50 59/26/51
f 114/27/52 108/27/53 111/27/54
f 244/28/55 224/29/56 87/30/57
f 93/31/58 92/32/58 251/33/58
f 255/34/56 248/35/57 249/36/59
f 233/37/60 260/38/60 261/39/52
f 98/27/61 231/27/62 99/27/63
f 189/2/64 188/2/65 222/2/66
f 150/12/67 149/12/68 130/12/69
f 123/40/70 140/41/71 122/42/72
f 120/12/73 119/12/74 49/12/75
f 270/43/76 271/43/77 3/43/78
f 95/27/79 94/27/57 106/27/80
f 51/44/81 128/19/41 127/14/33
f 193/1/2 192/1/82 77/1/3
f 77/1/3 78/1/83 1/1/84
f 1/1/84 206/1/1 77/1/3
f 215/2/6 220/2/85 221/2/86
f 221/2/86 10/2/87 215/2/6
f 10/2/87 11/2/4 215/2/6
f 197/2/8 203/2/88 217/2/9
f 217/2/9 219/2/89 196/2/7
f 219/2/89 13/2/90 196/2/7
f 199/2/12 205/2/91 216/2/92
f 205/2/91 218/2/93 216/2/92
f 216/2/92 207/2/92 208/2/10
f 202/2/11 198/2/94 199/2/12
f 216/2/92 208/2/10 199/2/12
f 190/2/14 41/2/95 194/2/15
f 194/2/15 195/2/96 9/2/97
f 9/2/97 191/2/13 194/2/15
f 200/2/17 201/2/98 210/2/18
f 210/2/18 209/2/99 204/2/16
f 209/2/99 212/2/100 204/2/16
f 162/2/101 163/2/102 172/2/21
f 163/2/102 175/2/103 168/2/19
f 168/2/19 169/2/28 173/2/20
f 163/2/102 168/2/19 172/2/21
f 34/8/104 33/45/105 160/46/106
f 33/45/105 32/47/107 159/48/108
f 160/46/106 33/45/105 159/48/108
f 32/47/107 31/49/109 179/50/110
f 31/49/109 30/51/111 182/52/112
f 179/50/110 31/49/109 182/52/112
f 30/51/111 29/53/113 182/52/112
f 29/53/113 28/5/23 181/54/114
f 182/52/112 29/53/113 181/54/114
f 28/5/23 27/55/115 170/3/16
f 27/55/115 26/56/112 174/57/116
f 26/56/112 25/58/117 183/59/118
f 25/58/117 24/60/119 184/61/120
f 183/59/118 25/58/117 184/61/120
f 24/60/119 23/62/121 184/61/120
f 23/62/121 22/63/122 178/64/123
f 37/10/124 36/65/125 180/66/126
f 36/65/125 35/7/127 176/67/128
f 180/66/126 36/65/125 176/67/128
f 180/66/126 186/68/129 37/10/124
f 23/62/121 178/64/123 184/61/120
f 22/63/122 46/69/95 177/70/130
f 178/64/123 22/63/122 177/70/130
f 27/55/115 174/57/116 170/3/16
f 174/57/116 26/56/112 183/59/118
f 165/6/88 34/8/104 160/46/106
f 37/10/124 186/68/129 187/71/131
f 179/50/110 159/48/108 32/47/107
f 46/69/95 37/10/124 187/71/131
f 46/69/95 187/71/131 185/72/132
f 46/69/95 185/72/132 39/73/133
f 46/69/95 39/73/133 40/74/134
f 171/4/22 181/54/114 28/5/23
f 46/69/95 40/74/134 177/70/130
f 165/6/24 176/67/135 35/7/25
f 44/9/26 43/75/136 37/10/27
f 43/75/136 42/76/137 37/10/27
f 37/10/27 46/69/138 45/11/28
f 167/12/31 4/12/139 5/12/140
f 5/12/140 166/12/141 167/12/31
f 166/12/141 157/12/29 167/12/31
f 164/13/32 51/44/81 127/14/33
f 156/12/36 52/12/142 152/12/37
f 152/12/37 153/12/143 53/12/35
f 153/12/143 55/12/144 53/12/35
f 148/16/38 154/21/145 155/17/39
f 154/21/43 148/16/146 141/22/44
f 8/12/46 7/12/147 213/12/148
f 211/12/47 19/12/149 18/12/48
f 8/12/46 213/12/148 211/12/47
f 18/12/48 6/12/150 8/12/46
f 133/24/49 132/77/151 76/25/50
f 118/27/53 113/27/152 111/27/54
f 113/27/152 114/27/52 111/27/54
f 114/27/52 115/27/153 112/27/60
f 115/27/153 121/27/60 112/27/60
f 121/27/60 117/27/57 112/27/60
f 117/27/57 116/27/57 112/27/60
f 112/27/60 107/27/61 114/27/52
f 107/27/61 108/27/53 114/27/52
f 111/27/54 109/27/56 110/27/56
f 111/27/54 110/27/56 118/27/53
f 81/78/61 243/79/154 227/80/155
f 227/80/155 226/81/56 83/82/152
f 226/81/56 225/83/156 84/84/53
f 225/83/156 247/85/157 85/86/158
f 247/85/157 246/87/159 86/88/160
f 85/86/158 247/85/157 86/88/160
f 246/87/159 245/89/161 86/88/160
f 245/89/161 244/28/55 87/30/57
f 244/28/55 241/90/162 224/29/56
f 241/90/162 88/91/163 224/29/56
f 226/81/56 84/84/53 83/82/152
f 84/84/53 225/83/156 85/86/158
f 82/92/164 81/78/61 227/80/155
f 83/82/152 82/92/164 227/80/155
f 245/89/161 87/30/57 86/88/160
f 250/93/160 243/79/165 80/94/58
f 243/79/165 81/78/166 80/94/58
f 252/95/53 253/96/160 93/31/58
f 253/96/160 250/93/160 79/97/167
f 79/97/167 250/93/160 80/94/58
f 242/98/160 251/33/58 92/32/58
f 251/33/58 252/95/53 93/31/58
f 242/98/160 92/32/58 91/99/62
f 240/100/162 103/101/56 90/102/160
f 103/101/56 242/98/160 91/99/62
f 88/91/57 241/90/57 240/100/162
f 89/103/154 88/91/57 240/100/162
f 103/101/56 91/99/62 90/102/160
f 253/96/160 79/97/167 93/31/58
f 90/102/160 89/103/154 240/100/162
f 255/34/56 105/104/168 248/35/57
f 255/34/58 249/36/56 254/105/169
f 249/36/56 256/106/162 254/105/169
f 256/106/162 257/107/63 269/108/160
f 254/105/169 256/106/162 269/108/160
f 234/109/56 268/110/52 104/111/170
f 268/110/52 269/108/160 257/107/63
f 234/109/56 104/111/170 258/112/171
f 233/37/60 101/113/160 259/114/62
f 101/113/160 234/109/56 258/112/171
f 235/115/60 102/116/56 262/117/52
f 102/116/56 233/37/60 261/39/52
f 237/118/172 236/119/55 263/120/173
f 236/119/55 235/115/60 262/117/52
f 239/121/167 238/122/160 265/123/62
f 238/122/160 237/118/172 264/124/174
f 239/121/167 265/123/62 266/125/175
f 248/35/176 105/104/176 267/126/60
f 105/104/176 232/127/60 267/126/60
f 232/127/60 239/121/167 267/126/60
f 267/126/60 239/121/167 266/125/175
f 236/119/55 262/117/52 263/120/173
f 102/116/56 261/39/52 262/117/52
f 101/113/160 258/112/171 259/114/62
f 257/107/63 104/111/170 268/110/52
f 265/123/62 238/122/160 264/124/174
f 233/37/60 259/114/62 260/38/60
f 263/120/173 264/124/174 237/118/172
f 98/27/61 100/27/169 231/27/62
f 188/2/65 38/2/177 222/2/66
f 222/2/66 223/2/178 189/2/64
f 223/2/178 12/2/179 189/2/64
f 151/12/180 130/12/69 149/12/68
f 130/12/69 129/12/181 150/12/67
f 129/12/181 131/12/182 150/12/67
f 144/128/183 143/129/184 66/130/185
f 143/129/184 17/131/186 65/132/187
f 17/131/186 16/133/188 64/134/189
f 16/133/188 15/135/190 62/136/191
f 64/134/189 16/133/188 63/137/192
f 15/135/190 14/138/193 62/136/191
f 14/138/193 135/139/194 61/140/195
f 135/139/194 134/141/196 60/142/197
f 134/141/196 133/24/198 59/26/199
f 60/142/197 134/141/196 59/26/199
f 60/142/197 61/140/195 135/139/194
f 14/138/193 61/140/195 62/136/191
f 143/129/184 65/132/187 66/130/185
f 147/143/200 145/144/201 68/145/202
f 145/144/201 144/128/183 67/146/203
f 140/41/71 139/147/204 122/42/72
f 139/147/204 147/143/200 68/145/202
f 122/42/72 139/147/204 68/145/202
f 137/148/205 136/149/206 69/150/207
f 136/149/206 140/41/71 123/40/70
f 137/148/205 69/150/207 70/151/208
f 56/152/209 138/153/210 72/154/211
f 138/153/210 137/148/205 71/155/212
f 124/156/212 57/157/213 73/158/71
f 57/157/213 56/152/209 72/154/211
f 73/158/71 57/157/213 72/154/211
f 132/77/144 125/159/214 75/160/215
f 125/159/214 124/156/212 74/161/216
f 75/160/215 76/25/217 132/77/144
f 74/161/216 75/160/215 125/159/214
f 74/161/216 124/156/212 73/158/71
f 138/153/210 71/155/212 72/154/211
f 71/155/212 137/148/205 70/151/208
f 62/136/191 63/137/192 16/133/188
f 17/131/186 64/134/189 65/132/187
f 69/150/207 136/149/206 123/40/70
f 144/128/183 66/130/185 67/146/203
f 145/144/201 67/146/203 68/145/202
f 119/12/74 58/12/218 49/12/75
f 49/12/75 50/12/219 47/12/220
f 47/12/220 48/12/221 49/12/75
f 48/12/221 120/12/73 49/12/75
f 3/43/78 2/43/222 20/43/223
f 20/43/223 21/43/224 3/43/78
f 21/43/224 270/43/76 3/43/78
f 230/27/163 96/27/63 97/27/56
f 96/27/63 95/27/79 97/27/56
f 94/27/57 229/27/175 228/27/55
f 94/27/57 228/27/55 106/27/80
f 98/27/161 97/27/56 100/27/52
f 97/27/56 95/27/79 106/27/80
f 100/27/52 97/27/56 106/27/80
f 51/44/81 54/162/225 128/19/41
f 273/163/226 277/163/227 278/163/228
f 274/163/229 279/163/230 280/163/231
f 309/164/232 299/164/233 305/164/234
f 297/164/235 302/164/236 292/164/237
f 284/163/238 277/163/239 285/163/240
f 276/163/241 283/163/242 273/163/243
f 286/163/244 275/163/245 287/163/246
f 338/164/247 332/164/248 334/164/249
f 370/164/250 396/164/251 365/164/252
f 437/164/253 433/164/254 439/164/255
f 466/164/256 477/164/257 461/164/258
f 504/163/259 515/163/260 518/163/261
f 557/164/262 555/164/263 558/164/264
f 568/164/265 559/164/266 562/164/267
f 543/164/268 547/164/269 546/164/270
f 552/164/271 545/164/272 553/164/273
f 586/164/274 581/164/275 577/164/276
f 601/164/277 592/164/278 593/164/279
f 614/164/280 612/164/281 616/164/282
f 611/164/283 569/164/284 615/164/285
f 621/164/286 620/164/287 631/164/288
f 619/164/289 624/164/290 635/164/291
f 633/164/292 639/164/293 650/164/294
f 632/164/295 636/164/296 637/164/297
f 647/164/298 638/164/299 645/164/300
f 273/163/226 272/163/301 277/163/227
f 274/163/229 282/163/302 279/163/230
f 292/164/303 298/164/304 294/164/305
f 292/164/303 294/164/305 290/164/306
f 294/164/305 295/164/307 288/164/308
f 292/164/303 290/164/306 293/164/309
f 293/164/309 291/164/310 292/164/303
f 289/164/311 290/164/306 294/164/305
f 289/164/311 294/164/305 288/164/308
f 311/164/312 313/164/313 315/164/314
f 314/164/315 312/164/316 311/164/312
f 319/164/317 317/164/318 318/164/319
f 317/164/318 314/164/315 316/164/320
f 327/164/321 321/164/322 322/164/323
f 321/164/322 319/164/317 320/164/324
f 324/164/325 323/164/326 326/164/327
f 323/164/326 327/164/321 322/164/323
f 326/164/327 323/164/326 322/164/323
f 308/164/328 306/164/329 304/164/330
f 306/164/329 307/164/331 309/164/232
f 307/164/331 324/164/325 325/164/332
f 325/164/332 324/164/325 326/164/327
f 317/164/318 316/164/320 318/164/319
f 314/164/315 311/164/312 315/164/314
f 316/164/320 314/164/315 315/164/314
f 306/164/329 309/164/232 304/164/330
f 301/164/333 310/164/334 302/164/335
f 310/164/334 308/164/328 302/164/335
f 302/164/335 308/164/328 304/164/330
f 300/164/336 302/164/335 304/164/330
f 319/164/317 318/164/319 320/164/324
f 303/164/337 304/164/330 309/164/232
f 321/164/322 320/164/324 322/164/323
f 305/164/234 303/164/337 309/164/232
f 288/164/308 295/164/307 296/164/338
f 288/164/308 296/164/338 299/164/233
f 309/164/232 288/164/308 299/164/233
f 307/164/331 325/164/332 309/164/232
f 292/164/237 291/164/339 297/164/235
f 297/164/235 301/164/340 302/164/236
f 284/163/238 278/163/341 277/163/239
f 276/163/241 284/163/342 283/163/242
f 284/163/342 285/163/343 283/163/242
f 283/163/242 272/163/344 273/163/243
f 275/163/245 282/163/345 274/163/346
f 275/163/245 274/163/346 281/163/347
f 280/163/348 279/163/349 287/163/246
f 279/163/349 286/163/244 287/163/246
f 275/163/245 281/163/347 287/163/246
f 338/164/247 339/164/350 332/164/248
f 376/164/351 345/164/352 344/164/353
f 344/164/353 341/164/354 343/164/355
f 341/164/354 340/164/356 343/164/355
f 343/164/355 342/164/357 358/164/358
f 342/164/357 352/164/359 374/164/360
f 354/164/361 376/164/351 359/164/362
f 376/164/351 344/164/353 359/164/362
f 359/164/362 353/164/363 354/164/361
f 344/164/353 343/164/355 359/164/362
f 342/164/357 374/164/360 358/164/358
f 352/164/359 351/164/364 374/164/360
f 351/164/364 350/164/365 372/164/366
f 374/164/360 351/164/364 372/164/366
f 358/164/358 359/164/362 343/164/355
f 371/164/367 372/164/366 350/164/365
f 373/164/368 360/164/369 400/164/370
f 360/164/369 365/164/252 398/164/371
f 400/164/370 360/164/369 398/164/371
f 366/164/372 373/164/368 400/164/370
f 362/164/354 361/164/373 367/164/374
f 367/164/374 366/164/372 382/164/375
f 375/164/376 362/164/354 367/164/374
f 377/164/377 424/164/378 375/164/376
f 378/164/379 379/164/380 380/164/381
f 379/164/380 377/164/377 380/164/381
f 377/164/377 375/164/376 380/164/381
f 375/164/376 367/164/374 380/164/381
f 366/164/372 400/164/370 382/164/375
f 382/164/375 380/164/381 367/164/374
f 397/164/382 398/164/371 365/164/252
f 399/164/383 390/164/384 406/164/385
f 390/164/384 389/164/386 422/164/387
f 406/164/385 390/164/384 422/164/387
f 391/164/388 399/164/383 406/164/385
f 384/164/389 383/164/390 392/164/391
f 392/164/391 391/164/388 404/164/392
f 401/164/393 384/164/389 392/164/391
f 423/164/394 402/164/395 401/164/393
f 403/164/396 415/164/397 405/164/398
f 415/164/397 423/164/394 405/164/398
f 423/164/394 401/164/393 405/164/398
f 401/164/393 392/164/391 405/164/398
f 391/164/388 406/164/385 404/164/392
f 404/164/392 405/164/398 392/164/391
f 421/164/399 422/164/387 389/164/386
f 333/164/400 334/164/401 329/164/402
f 334/164/401 332/164/403 329/164/402
f 329/164/402 328/164/404 331/164/405
f 333/164/400 329/164/402 331/164/405
f 328/164/404 330/164/406 337/164/407
f 330/164/406 335/164/408 336/164/409
f 330/164/406 336/164/409 337/164/407
f 335/164/408 349/164/410 350/164/365
f 336/164/409 335/164/408 350/164/365
f 337/164/407 331/164/405 328/164/404
f 371/164/367 350/164/365 349/164/410
f 365/164/252 371/164/367 370/164/250
f 371/164/367 349/164/410 370/164/250
f 349/164/410 357/164/411 370/164/250
f 347/164/412 346/164/413 355/164/414
f 355/164/414 369/164/415 347/164/412
f 369/164/415 364/164/416 348/164/417
f 364/164/416 356/164/418 357/164/411
f 356/164/418 370/164/250 357/164/411
f 369/164/415 348/164/417 347/164/412
f 339/164/419 338/164/420 425/164/421
f 429/164/422 427/164/423 426/164/424
f 427/164/423 339/164/419 425/164/421
f 431/164/425 432/164/424 430/164/426
f 432/164/424 429/164/422 426/164/424
f 430/164/426 432/164/424 426/164/424
f 407/164/427 428/164/428 409/164/429
f 428/164/428 431/164/425 409/164/429
f 407/164/427 409/164/429 408/164/430
f 412/164/431 413/164/432 419/164/433
f 413/164/432 414/164/434 419/164/433
f 414/164/434 407/164/427 408/164/430
f 427/164/423 425/164/421 426/164/424
f 411/164/435 412/164/431 418/164/436
f 418/164/436 412/164/431 419/164/433
f 385/164/437 416/164/438 417/164/439
f 416/164/438 411/164/435 417/164/439
f 417/164/439 411/164/435 418/164/436
f 430/164/426 410/164/440 431/164/425
f 420/164/441 419/164/433 414/164/434
f 431/164/425 410/164/440 409/164/429
f 420/164/441 414/164/434 421/164/399
f 394/164/442 387/164/443 395/164/444
f 387/164/443 388/164/434 395/164/444
f 388/164/434 420/164/441 389/164/386
f 414/164/434 408/164/430 421/164/399
f 386/164/445 394/164/442 393/164/446
f 393/164/446 394/164/442 395/164/444
f 368/164/447 381/164/448 363/164/449
f 381/164/448 386/164/445 363/164/449
f 420/164/441 421/164/399 389/164/386
f 363/164/449 386/164/445 393/164/446
f 388/164/434 389/164/386 397/164/382
f 396/164/251 395/164/444 388/164/434
f 388/164/434 397/164/382 396/164/251
f 397/164/382 365/164/252 396/164/251
f 357/164/411 348/164/417 364/164/416
f 437/164/253 443/164/450 433/164/254
f 443/164/450 435/164/451 433/164/254
f 433/164/254 434/164/452 439/164/255
f 478/164/453 479/164/454 452/164/455
f 479/164/454 451/164/456 452/164/455
f 451/164/456 448/164/457 454/164/458
f 448/164/457 444/164/459 447/164/460
f 444/164/459 438/164/461 456/164/462
f 438/164/461 435/164/463 441/164/464
f 456/164/462 438/164/461 441/164/464
f 435/164/463 443/164/465 441/164/464
f 448/164/457 447/164/460 454/164/458
f 465/164/466 478/164/453 452/164/455
f 466/164/256 463/164/467 477/164/257
f 463/164/467 465/164/466 464/164/468
f 458/164/469 460/164/470 459/164/471
f 460/164/470 466/164/256 461/164/258
f 459/164/471 460/164/470 461/164/258
f 476/164/472 457/164/473 453/164/474
f 457/164/473 458/164/469 453/164/474
f 445/164/475 450/164/476 449/164/477
f 450/164/476 476/164/472 453/164/474
f 445/164/475 449/164/477 446/164/478
f 436/164/479 442/164/480 455/164/481
f 442/164/480 445/164/475 446/164/478
f 439/164/482 434/164/483 440/164/484
f 434/164/483 436/164/479 440/164/484
f 442/164/480 446/164/478 455/164/481
f 463/164/467 464/164/468 462/164/485
f 444/164/459 456/164/462 447/164/460
f 455/164/481 440/164/484 436/164/479
f 451/164/456 454/164/458 452/164/455
f 449/164/477 450/164/476 453/164/474
f 465/164/466 452/164/455 464/164/468
f 459/164/471 453/164/474 458/164/469
f 463/164/467 462/164/485 477/164/257
f 490/163/486 489/163/487 492/163/488
f 490/163/486 492/163/488 516/163/489
f 492/163/488 503/163/490 528/163/491
f 505/163/492 492/163/488 529/163/493
f 517/163/494 530/163/495 516/163/489
f 530/163/495 490/163/486 516/163/489
f 505/163/492 516/163/489 492/163/488
f 528/163/491 529/163/493 492/163/488
f 508/163/496 509/163/497 527/163/498
f 527/163/498 528/163/491 503/163/490
f 513/163/499 508/163/496 527/163/498
f 487/163/500 475/163/501 474/163/502
f 527/163/498 503/163/490 487/163/500
f 502/163/503 513/163/499 527/163/498
f 502/163/503 527/163/498 487/163/500
f 487/163/500 474/163/502 486/163/504
f 474/163/502 471/163/505 486/163/504
f 486/163/504 485/163/506 501/163/507
f 485/163/506 484/163/508 500/163/509
f 501/163/507 502/163/503 486/163/504
f 502/163/503 487/163/500 486/163/504
f 500/163/509 501/163/507 485/163/506
f 484/163/508 499/163/510 500/163/509
f 499/163/510 498/163/511 526/163/512
f 500/163/509 499/163/510 526/163/512
f 498/163/511 468/163/513 467/163/514
f 467/163/514 470/163/515 498/163/511
f 470/163/515 497/163/516 498/163/511
f 496/163/517 483/163/518 521/163/519
f 483/163/518 482/163/520 495/163/521
f 497/163/516 496/163/517 522/163/517
f 483/163/518 495/163/521 521/163/519
f 481/163/522 473/163/523 472/163/524
f 482/163/520 481/163/522 494/163/525
f 495/163/521 482/163/520 494/163/525
f 524/163/526 525/163/527 498/163/511
f 525/163/527 526/163/512 498/163/511
f 498/163/511 497/163/516 524/163/526
f 507/163/528 512/163/529 524/163/526
f 481/163/522 472/163/524 469/163/530
f 524/163/526 497/163/516 523/163/531
f 523/163/531 497/163/516 522/163/517
f 511/163/532 507/163/528 523/163/531
f 507/163/528 524/163/526 523/163/531
f 521/163/519 522/163/517 496/163/517
f 481/163/522 469/163/530 480/163/533
f 506/163/534 510/163/535 520/163/536
f 510/163/535 494/163/525 520/163/536
f 514/163/537 506/163/534 520/163/536
f 481/163/522 480/163/533 494/163/525
f 480/163/533 493/163/538 520/163/536
f 488/163/539 491/163/540 504/163/259
f 480/163/533 520/163/536 494/163/525
f 493/163/538 488/163/539 519/163/541
f 520/163/536 493/163/538 519/163/541
f 518/163/261 519/163/541 488/163/539
f 488/163/539 504/163/259 518/163/261
f 532/164/542 535/164/543 556/164/544
f 558/164/264 560/164/545 557/164/262
f 560/164/545 561/164/546 557/164/262
f 532/164/542 556/164/544 555/164/263
f 556/164/544 558/164/264 555/164/263
f 563/164/547 566/164/548 565/164/549
f 565/164/549 567/164/550 563/164/547
f 567/164/550 564/164/551 562/164/267
f 564/164/551 568/164/265 562/164/267
f 568/164/265 561/164/552 559/164/266
f 561/164/552 560/164/553 559/164/266
f 562/164/267 563/164/547 567/164/550
f 546/164/270 538/164/554 543/164/268
f 538/164/554 539/164/555 543/164/268
f 538/164/556 537/164/557 540/164/558
f 538/164/556 540/164/558 534/164/559
f 540/164/558 536/164/560 535/164/561
f 538/164/556 534/164/559 533/164/562
f 533/164/562 539/164/563 538/164/556
f 531/164/564 534/164/559 540/164/558
f 531/164/564 540/164/558 535/164/561
f 535/164/561 532/164/565 531/164/564
f 565/164/549 566/164/566 550/164/567
f 566/164/566 552/164/271 550/164/567
f 535/164/561 536/164/560 541/164/568
f 535/164/561 541/164/568 554/164/569
f 549/164/570 550/164/567 552/164/271
f 552/164/271 535/164/561 554/164/569
f 552/164/271 554/164/569 545/164/272
f 551/164/571 549/164/570 542/164/572
f 549/164/570 552/164/271 542/164/572
f 547/164/573 548/164/574 546/164/575
f 548/164/574 551/164/571 546/164/575
f 546/164/575 551/164/571 542/164/572
f 544/164/576 546/164/575 542/164/572
f 542/164/572 552/164/271 553/164/273
f 573/164/577 578/164/578 580/164/579
f 578/164/578 585/164/580 589/164/581
f 585/164/580 594/164/582 589/164/581
f 594/164/582 602/164/583 595/164/584
f 602/164/583 618/164/585 603/164/586
f 602/164/583 603/164/586 595/164/584
f 578/164/578 589/164/581 580/164/579
f 594/164/582 595/164/584 589/164/581
f 577/164/276 576/164/587 586/164/274
f 576/164/587 573/164/577 586/164/274
f 591/164/588 587/164/589 590/164/590
f 587/164/589 577/164/276 581/164/275
f 590/164/590 587/164/589 581/164/275
f 605/164/591 598/164/592 604/164/593
f 598/164/592 591/164/588 597/164/594
f 604/164/593 619/164/595 605/164/591
f 597/164/594 604/164/593 598/164/592
f 597/164/594 591/164/588 590/164/590
f 573/164/577 580/164/579 586/164/274
f 579/164/596 574/164/597 572/164/598
f 572/164/598 582/164/599 579/164/596
f 582/164/599 588/164/600 583/164/601
f 588/164/600 593/164/279 596/164/602
f 593/164/279 599/164/603 601/164/277
f 596/164/602 593/164/279 592/164/278
f 599/164/603 606/164/604 600/164/605
f 606/164/604 607/164/606 600/164/605
f 582/164/599 583/164/601 584/164/607
f 583/164/601 588/164/600 596/164/602
f 584/164/607 579/164/596 582/164/599
f 599/164/603 600/164/605 601/164/277
f 612/164/281 617/164/608 611/164/283
f 617/164/608 608/164/609 610/164/610
f 608/164/609 609/164/611 610/164/610
f 610/164/610 611/164/283 617/164/608
f 611/164/283 613/164/612 612/164/281
f 616/164/282 615/164/613 614/164/280
f 615/164/613 569/164/614 575/164/615
f 614/164/280 615/164/613 575/164/615
f 571/164/616 575/164/615 569/164/614
f 569/164/614 570/164/617 571/164/616
f 612/164/281 613/164/612 616/164/282
f 611/164/283 610/164/618 569/164/284
f 622/164/619 603/164/620 618/164/621
f 622/164/619 618/164/621 621/164/286
f 631/164/288 626/164/622 621/164/286
f 626/164/622 622/164/619 621/164/286
f 634/164/623 629/164/624 620/164/287
f 629/164/624 631/164/288 620/164/287
f 607/164/625 606/164/626 634/164/623
f 620/164/287 607/164/625 634/164/623
f 623/164/627 627/164/628 628/164/629
f 628/164/629 635/164/291 624/164/290
f 635/164/291 625/164/630 619/164/289
f 628/164/629 624/164/290 623/164/627
f 625/164/630 605/164/631 619/164/289
f 637/164/297 638/164/299 630/164/632
f 638/164/299 639/164/633 633/164/634
f 633/164/634 630/164/632 638/164/299
f 630/164/632 632/164/295 637/164/297
f 641/164/635 640/164/636 643/164/637
f 643/164/637 642/164/638 651/164/639
f 642/164/638 644/164/640 651/164/639
f 644/164/640 655/164/641 651/164/639
f 655/164/641 660/164/642 646/164/643
f 651/164/639 655/164/641 646/164/643
f 660/164/642 658/164/644 652/164/645
f 658/164/644 656/164/646 652/164/645
f 656/164/646 657/164/647 653/164/648
f 657/164/647 659/164/649 654/164/650
f 659/164/649 661/164/651 663/164/652
f 661/164/651 650/164/653 663/164/652
f 659/164/649 663/164/652 654/164/650
f 650/164/653 639/164/654 648/164/655
f 650/164/653 648/164/655 663/164/652
f 657/164/647 654/164/650 653/164/648
f 641/164/635 643/164/637 651/164/639
f 651/164/639 662/164/656 641/164/635
f 656/164/646 653/164/648 652/164/645
f 638/164/299 637/164/657 645/164/300
f 645/164/300 646/164/643 647/164/298
f 646/164/643 660/164/642 649/164/658
f 647/164/298 646/164/643 649/164/658
f 660/164/642 652/164/645 649/164/658
f 664/165/659 667/166/660 665/167/661
f 666/168/662 667/166/660 664/165/659
f 664/165/659 665/167/661 669/169/663
f 666/168/662 669/169/663 670/170/664
f 671/171/665 674/172/666 672/173/667
f 673/174/668 674/172/666 671/171/665
f 671/171/665 672/173/667 676/175/669
f 673/174/668 676/175/669 677/176/670
f 678/177/671 681/178/672 679/179/673
f 680/180/674 681/178/672 678/177/671
f 678/177/671 679/179/673 683/181/675
f 680/180/674 683/181/675 684/182/676
f 685/183/677 688/184/678 686/185/679
f 687/186/680 688/184/678 685/183/677
f 685/183/677 686/185/679 690/187/681
f 687/186/680 690/187/681 691/188/682
f 666/168/662 668/189/683 667/166/660
f 666/168/662 664/165/659 669/169/663
f 673/174/668 675/190/684 674/172/666
f 673/174/668 671/171/665 676/175/669
f 680/180/674 682/191/685 681/178/672
f 680/180/674 678/177/671 683/181/675
f 687/186/680 689/192/686 688/184/678
f 687/186/680 685/183/677 690/187/681
f 698/193/687 703/193/688 702/193/687
f 699/193/689 704/193/690 703/193/688
f 700/193/690 705/193/691 704/193/690
f 701/193/691 706/193/692 705/193/691
f 693/193/693 703/193/693 694/193/693
f 694/193/693 704/193/693 695/193/693
f 695/193/693 705/193/693 696/193/694
f 696/193/694 706/193/694 692/193/694
f 694/193/695 708/193/696 693/193/697
f 695/193/698 709/193/699 694/193/695
f 696/193/700 710/193/698 695/193/698
f 692/193/701 711/193/702 696/193/700
f 721/193/703 716/193/704 720/193/704
f 722/193/705 717/193/706 721/193/703
f 723/193/707 718/193/705 722/193/705
f 706/193/692 719/193/707 723/193/707
f 712/193/693 721/193/693 720/193/693
f 713/193/693 722/193/708 721/193/693
f 714/193/693 723/193/693 722/193/708
f 715/193/693 706/193/694 723/193/693
f 713/193/709 724/193/710 725/193/711
f 714/193/712 725/193/711 726/193/712
f 715/193/713 726/193/712 727/193/714
f 692/193/701 727/193/714 707/193/701
f 734/193/710 739/193/715 738/193/710
f 735/193/715 740/193/716 739/193/715
f 736/193/716 741/193/717 740/193/716
f 737/193/717 742/193/718 741/193/717
f 729/193/693 739/193/693 730/193/693
f 730/193/693 740/193/693 731/193/693
f 731/193/693 741/193/693 732/193/693
f 732/193/693 742/193/693 728/193/693
f 730/193/719 744/193/704 729/193/704
f 731/193/720 745/193/721 730/193/719
f 732/193/722 746/193/720 731/193/720
f 728/193/723 747/193/722 732/193/722
f 754/193/724 698/193/687 702/193/687
f 755/193/725 751/193/724 754/193/724
f 756/193/726 752/193/725 755/193/725
f 742/193/718 753/193/726 756/193/726
f 693/193/693 754/193/694 702/193/693
f 748/193/727 755/193/693 754/193/694
f 749/193/693 756/193/693 755/193/693
f 750/193/693 742/193/693 756/193/693
f 748/193/728 708/193/696 757/193/729
f 749/193/730 757/193/729 758/193/730
f 750/193/731 758/193/730 759/193/731
f 728/193/723 759/193/731 743/193/723
f 766/193/696 771/193/695 770/193/696
f 767/193/732 772/193/698 771/193/695
f 768/193/698 773/193/733 772/193/698
f 769/193/734 774/193/701 773/193/733
f 761/193/693 771/193/708 762/193/708
f 762/193/708 772/193/694 763/193/694
f 763/193/694 773/193/693 764/193/708
f 764/193/708 774/193/694 760/193/694
f 762/193/735 776/193/687 761/193/687
f 763/193/690 777/193/688 762/193/735
f 764/193/736 778/193/690 763/193/690
f 760/193/692 779/193/737 764/193/736
f 786/193/711 734/193/710 738/193/710
f 787/193/712 783/193/738 786/193/711
f 788/193/739 784/193/712 787/193/712
f 774/193/701 785/193/740 788/193/739
f 729/193/693 786/193/708 738/193/693
f 780/193/708 787/193/694 786/193/708
f 781/193/694 788/193/693 787/193/694
f 782/193/708 774/193/694 788/193/693
f 780/193/741 744/193/704 789/193/703
f 781/193/705 789/193/703 790/193/705
f 782/193/742 790/193/705 791/193/743
f 760/193/692 791/193/743 775/193/692
f 716/193/704 800/193/744 720/193/704
f 797/193/744 801/193/720 800/193/744
f 798/193/720 802/193/745 801/193/720
f 799/193/745 803/193/723 802/193/745
f 712/193/693 800/193/693 793/193/694
f 793/193/694 801/193/693 794/193/693
f 794/193/693 802/193/693 795/193/693
f 795/193/693 803/193/693 792/193/693
f 793/193/715 724/193/710 712/193/746
f 794/193/716 805/193/747 793/193/715
f 795/193/748 806/193/716 794/193/716
f 792/193/718 807/193/748 795/193/748
f 814/193/728 766/193/696 770/193/696
f 815/193/730 811/193/728 814/193/728
f 816/193/749 812/193/730 815/193/730
f 803/193/723 813/193/749 816/193/749
f 761/193/693 814/193/693 770/193/693
f 808/193/693 815/193/693 814/193/693
f 809/193/693 816/193/693 815/193/693
f 810/193/693 803/193/693 816/193/693
f 808/193/750 776/193/687 817/193/750
f 809/193/725 817/193/750 818/193/725
f 810/193/751 818/193/725 819/193/751
f 792/193/718 819/193/751 804/193/718
f 698/193/687 699/193/689 703/193/688
f 699/193/689 700/193/690 704/193/690
f 700/193/690 701/193/691 705/193/691
f 701/193/691 697/193/692 706/193/692
f 693/193/693 702/193/693 703/193/693
f 694/193/693 703/193/693 704/193/693
f 695/193/693 704/193/693 705/193/693
f 696/193/694 705/193/693 706/193/694
f 694/193/695 709/193/699 708/193/696
f 695/193/698 710/193/698 709/193/699
f 696/193/700 711/193/702 710/193/698
f 692/193/701 707/193/701 711/193/702
f 721/193/703 717/193/706 716/193/704
f 722/193/705 718/193/705 717/193/706
f 723/193/707 719/193/707 718/193/705
f 706/193/692 697/193/692 719/193/707
f 712/193/693 713/193/693 721/193/693
f 713/193/693 714/193/693 722/193/708
f 714/193/693 715/193/693 723/193/693
f 715/193/693 692/193/694 706/193/694
f 713/193/709 712/193/746 724/193/710
f 714/193/712 713/193/709 725/193/711
f 715/193/713 714/193/712 726/193/712
f 692/193/701 715/193/713 727/193/714
f 734/193/710 735/193/715 739/193/715
f 735/193/715 736/193/716 740/193/716
f 736/193/716 737/193/717 741/193/717
f 737/193/717 733/193/718 742/193/718
f 729/193/693 738/193/693 739/193/693
f 730/193/693 739/193/693 740/193/693
f 731/193/693 740/193/693 741/193/693
f 732/193/693 741/193/693 742/193/693
f 730/193/719 745/193/721 744/193/704
f 731/193/720 746/193/720 745/193/721
f 732/193/722 747/193/722 746/193/720
f 728/193/723 743/193/723 747/193/722
f 754/193/724 751/193/724 698/193/687
f 755/193/725 752/193/725 751/193/724
f 756/193/726 753/193/726 752/193/725
f 742/193/718 733/193/718 753/193/726
f 693/193/693 748/193/727 754/193/694
f 748/193/727 749/193/693 755/193/693
f 749/193/693 750/193/693 756/193/693
f 750/193/693 728/193/693 742/193/693
f 748/193/728 693/193/697 708/193/696
f 749/193/730 748/193/728 757/193/729
f 750/193/731 749/193/730 758/193/730
f 728/193/723 750/193/731 759/193/731
f 766/193/696 767/193/732 771/193/695
f 767/193/732 768/193/698 772/193/698
f 768/193/698 769/193/734 773/193/733
f 769/193/734 765/193/701 774/193/701
f 761/193/693 770/193/693 771/193/708
f 762/193/708 771/193/708 772/193/694
f 763/193/694 772/193/694 773/193/693
f 764/193/708 773/193/693 774/193/694
f 762/193/735 777/193/688 776/193/687
f 763/193/690 778/193/690 777/193/688
f 764/193/736 779/193/737 778/193/690
f 760/193/692 775/193/692 779/193/737
f 786/193/711 783/193/738 734/193/710
f 787/193/712 784/193/712 783/193/738
f 788/193/739 785/193/740 784/193/712
f 774/193/701 765/193/701 785/193/740
f 729/193/693 780/193/708 786/193/708
f 780/193/708 781/193/694 787/193/694
f 781/193/694 782/193/708 788/193/693
f 782/193/708 760/193/694 774/193/694
f 780/193/741 729/193/704 744/193/704
f 781/193/705 780/193/741 789/193/703
f 782/193/742 781/193/705 790/193/705
f 760/193/692 782/193/742 791/193/743
f 716/193/704 797/193/744 800/193/744
f 797/193/744 798/193/720 801/193/720
f 798/193/720 799/193/745 802/193/745
f 799/193/745 796/193/723 803/193/723
f 712/193/693 720/193/693 800/193/693
f 793/193/694 800/193/693 801/193/693
f 794/193/693 801/193/693 802/193/693
f 795/193/693 802/193/693 803/193/693
f 793/193/715 805/193/747 724/193/710
f 794/193/716 806/193/716 805/193/747
f 795/193/748 807/193/748 806/193/716
f 792/193/718 804/193/718 807/193/748
f 814/193/728 811/193/728 766/193/696
f 815/193/730 812/193/730 811/193/728
f 816/193/749 813/193/749 812/193/730
f 803/193/723 796/193/723 813/193/749
f 761/193/693 808/193/693 814/193/693
f 808/193/693 809/193/693 815/193/693
f 809/193/693 810/193/693 816/193/693
f 810/193/693 792/193/693 803/193/693
f 808/193/750 761/193/687 776/193/687
f 809/193/725 808/193/750 817/193/750
f 810/193/751 809/193/725 818/193/725
f 792/193/718 810/193/751 819/193/751
f 1233/194/752 1235/195/753 1236/196/754
f 1248/197/755 1249/198/756 1263/199/757
f 1262/200/758 1256/201/759 1261/202/758
f 1261/202/760 1260/203/761 1299/204/762
f 1293/205/757 1291/206/763 1290/207/764
f 1312/208/765 1308/209/766 1311/210/767
f 1311/210/768 1310/211/769 1315/212/770
f 1323/213/771 1322/214/769 1303/215/772
f 1338/216/773 1337/217/774 1341/218/775
f 1358/219/774 1344/220/776 1330/221/777
f 1350/222/778 1352/223/779 1332/224/780
f 1371/225/781 1366/226/782 1365/227/783
f 1375/228/784 1376/229/785 1374/230/786
f 1387/231/787 1382/232/788 1386/233/789
f 1385/234/780 1381/235/790 1383/236/791
f 1063/237/792 1074/238/793 1077/239/794
f 1068/240/795 1082/241/796 1081/242/797
f 1099/243/798 1092/244/799 1118/245/800
f 1109/246/801 1108/247/802 1106/248/800
f 1025/249/803 1026/250/804 1027/251/805
f 1050/252/806 1057/253/807 1052/254/808
f 1023/255/809 985/256/810 1022/257/809
f 1006/258/811 978/259/812 979/260/813
f 1021/261/814 1013/262/815 1020/263/816
f 1002/264/817 997/265/818 999/266/819
f 970/267/820 965/268/821 969/269/822
f 967/270/823 964/271/824 966/272/825
f 943/273/826 940/274/827 934/275/828
f 938/276/829 947/277/830 939/278/831
f 936/279/832 935/280/833 940/274/834
f 950/281/835 948/282/836 949/283/837
f 945/284/838 949/283/839 948/282/840
f 957/285/841 956/286/842 958/287/843
f 929/288/844 944/289/845 943/273/846
f 952/290/847 951/291/848 958/287/849
f 870/292/850 866/293/851 868/294/852
f 829/295/853 833/296/854 824/297/855
f 827/298/856 834/299/857 835/300/858
f 908/301/859 905/302/860 906/303/861
f 925/304/862 926/305/863 921/306/864
f 920/307/865 917/308/866 919/309/867
f 1163/310/868 1162/311/869 1156/312/870
f 1176/313/871 1172/314/872 1197/315/873
f 1212/316/874 1209/317/875 1208/318/876
f 1239/319/877 1241/320/878 1237/321/879
f 1241/320/878 1233/194/752 1237/321/879
f 1233/194/752 1231/322/880 1235/195/753
f 1231/322/880 1232/323/764 1235/195/753
f 1235/195/753 1234/324/753 1236/196/754
f 1234/324/753 1245/325/881 1236/196/754
f 1236/196/754 1237/321/879 1233/194/752
f 1240/326/882 1238/327/764 1244/328/883
f 1238/327/764 1243/329/884 1244/328/883
f 1244/328/883 1242/330/885 1263/199/757
f 1242/330/885 1248/197/755 1263/199/757
f 1263/199/757 1246/331/882 1244/328/883
f 1246/331/882 1240/326/882 1244/328/883
f 1254/332/886 1250/333/887 1249/198/756
f 1250/333/887 1263/199/757 1249/198/756
f 1247/334/888 1253/335/888 1249/198/756
f 1253/335/888 1254/332/886 1249/198/756
f 1262/200/758 1255/336/889 1256/201/759
f 1259/337/883 1258/338/890 1257/339/891
f 1258/338/890 1252/340/892 1257/339/891
f 1252/340/892 1251/341/763 1257/339/891
f 1257/339/891 1262/200/754 1259/337/883
f 1262/200/754 1261/202/760 1299/204/762
f 1259/337/883 1262/200/754 1299/204/762
f 1267/342/893 1268/343/894 1264/344/895
f 1264/344/895 1266/345/755 1267/342/893
f 1266/345/755 1279/346/896 1271/347/897
f 1267/342/893 1266/345/755 1271/347/897
f 1279/346/896 1276/348/898 1271/347/897
f 1276/348/898 1273/349/885 1277/350/898
f 1277/350/898 1273/349/885 1274/351/898
f 1273/349/885 1283/352/899 1274/351/898
f 1283/352/899 1287/353/900 1286/354/899
f 1282/355/901 1283/352/899 1286/354/899
f 1287/353/900 1296/356/757 1288/357/902
f 1296/356/757 1294/358/759 1297/359/903
f 1294/358/759 1292/360/904 1290/207/764
f 1292/360/904 1293/205/757 1290/207/764
f 1294/358/759 1290/207/764 1297/359/903
f 1293/205/757 1295/361/905 1291/206/763
f 1295/361/905 1289/362/891 1298/363/906
f 1295/361/905 1298/363/906 1291/206/763
f 1289/362/891 1285/364/905 1284/365/757
f 1298/363/906 1289/362/891 1284/365/757
f 1296/356/757 1297/359/903 1288/357/902
f 1283/352/899 1282/355/901 1274/351/898
f 1285/364/905 1278/366/907 1275/367/908
f 1277/350/898 1271/347/897 1276/348/898
f 1223/368/909 1228/369/890 1229/370/910
f 1228/369/890 1227/371/911 1229/370/910
f 1229/370/910 1230/372/912 1223/368/909
f 1223/368/909 1230/372/912 1224/373/913
f 1230/372/912 1226/374/914 1224/373/913
f 1226/374/914 1222/375/881 1225/376/915
f 1224/373/913 1226/374/914 1225/376/915
f 1222/375/881 1220/377/916 1221/378/881
f 1220/377/916 1217/379/917 1218/380/753
f 1217/379/917 1281/381/914 1218/380/753
f 1281/381/914 1280/382/881 1270/383/757
f 1218/380/753 1281/381/914 1270/383/757
f 1280/382/881 1265/384/918 1272/385/907
f 1265/384/918 1269/386/757 1278/366/907
f 1269/386/757 1275/367/908 1278/366/907
f 1275/367/908 1284/365/757 1285/364/905
f 1265/384/918 1278/366/907 1272/385/907
f 1220/377/916 1218/380/753 1219/387/911
f 1221/378/881 1225/376/915 1222/375/881
f 1219/387/911 1221/378/881 1220/377/916
f 1272/385/907 1270/383/757 1280/382/881
f 1288/357/902 1286/354/899 1287/353/900
f 1312/208/765 1307/388/919 1308/209/766
f 1315/212/770 1314/389/920 1312/208/921
f 1314/389/920 1309/390/922 1313/391/923
f 1309/390/922 1305/392/924 1307/388/925
f 1305/392/924 1306/393/926 1308/209/927
f 1307/388/925 1305/392/924 1308/209/927
f 1313/391/923 1312/208/921 1314/389/920
f 1312/208/921 1311/210/768 1315/212/770
f 1309/390/922 1307/388/925 1313/391/923
f 1321/394/928 1320/395/928 1303/215/772
f 1320/395/928 1304/396/929 1303/215/772
f 1304/396/929 1301/397/930 1303/215/772
f 1301/397/930 1323/213/771 1303/215/772
f 1323/213/771 1302/398/931 1317/399/932
f 1302/398/931 1300/400/933 1317/399/932
f 1300/400/933 1316/401/934 1317/399/932
f 1316/401/934 1318/402/770 1317/399/932
f 1317/399/932 1319/403/935 1323/213/771
f 1319/403/935 1322/214/769 1323/213/771
f 1341/218/775 1340/404/936 1339/405/936
f 1328/406/775 1329/407/937 1341/218/775
f 1329/407/937 1338/216/773 1341/218/775
f 1338/216/773 1327/408/938 1334/409/785
f 1327/408/938 1326/410/938 1334/409/785
f 1326/410/938 1333/411/939 1334/409/785
f 1333/411/939 1336/412/940 1334/409/785
f 1334/409/785 1335/413/773 1338/216/773
f 1335/413/773 1337/217/774 1338/216/773
f 1341/218/775 1339/405/936 1328/406/775
f 1342/414/941 1347/415/942 1343/416/943
f 1347/415/942 1357/417/944 1343/416/943
f 1346/418/777 1331/419/945 1349/420/773
f 1331/419/945 1330/221/777 1349/420/773
f 1330/221/777 1342/414/941 1358/219/774
f 1342/414/941 1343/416/943 1358/219/774
f 1358/219/774 1348/421/946 1345/422/947
f 1344/220/776 1349/420/773 1330/221/777
f 1358/219/774 1345/422/947 1344/220/776
f 1350/222/778 1351/423/948 1352/223/779
f 1354/424/949 1363/425/778 1362/426/950
f 1363/425/778 1369/427/788 1362/426/950
f 1369/427/788 1370/428/951 1364/429/952
f 1370/428/951 1366/226/782 1371/225/781
f 1364/429/952 1370/428/951 1371/225/781
f 1366/226/782 1367/430/953 1365/227/783
f 1367/430/953 1372/431/954 1368/432/774
f 1365/227/783 1367/430/953 1368/432/774
f 1372/431/954 1373/433/785 1361/434/785
f 1373/433/785 1360/435/955 1359/436/775
f 1360/435/955 1356/437/956 1359/436/775
f 1356/437/956 1332/224/955 1352/223/957
f 1359/436/775 1356/437/956 1355/438/785
f 1352/223/957 1355/438/785 1356/437/956
f 1373/433/785 1359/436/775 1361/434/785
f 1350/222/950 1354/424/949 1351/423/958
f 1353/439/959 1351/423/958 1354/424/949
f 1362/426/950 1353/439/959 1354/424/949
f 1364/429/952 1362/426/950 1369/427/788
f 1372/431/954 1361/434/785 1368/432/774
f 1375/228/784 1380/440/785 1376/229/785
f 1387/231/787 1381/235/952 1382/232/788
f 1379/441/960 1378/442/961 1382/232/962
f 1379/441/960 1382/232/962 1377/443/963
f 1382/232/962 1381/235/790 1377/443/963
f 1385/234/780 1377/443/963 1381/235/790
f 1325/444/964 1384/445/780 1387/231/965
f 1384/445/780 1385/234/780 1383/236/791
f 1386/233/966 1324/446/967 1325/444/964
f 1383/236/791 1387/231/965 1384/445/780
f 1387/231/965 1386/233/966 1325/444/964
f 1063/237/792 1078/447/968 1080/448/968
f 1072/449/969 1064/450/969 1063/237/792
f 1064/450/969 1074/238/793 1063/237/792
f 1074/238/793 1062/451/799 1061/452/970
f 1062/451/799 1060/453/971 1061/452/970
f 1060/453/971 1073/454/972 1061/452/970
f 1073/454/972 1075/455/973 1061/452/970
f 1061/452/970 1076/456/974 1074/238/793
f 1076/456/974 1077/239/794 1074/238/793
f 1063/237/792 1080/448/968 1072/449/969
f 1066/457/975 1067/458/795 1065/459/795
f 1067/458/795 1068/240/795 1065/459/795
f 1079/460/976 1091/461/977 1086/462/978
f 1091/461/977 1083/463/979 1086/462/978
f 1084/464/980 1085/465/981 1082/241/796
f 1085/465/981 1081/242/797 1082/241/796
f 1081/242/797 1065/459/795 1068/240/795
f 1068/240/795 1079/460/976 1082/241/796
f 1079/460/976 1086/462/978 1082/241/796
f 1118/245/800 1069/466/982 1089/467/983
f 1069/466/982 1070/468/984 1089/467/983
f 1070/468/984 1088/469/985 1089/467/983
f 1088/469/985 1087/470/986 1089/467/983
f 1089/467/983 1090/471/987 1118/245/800
f 1090/471/987 1099/243/798 1118/245/800
f 1092/244/799 1071/472/799 1118/245/800
f 1100/473/988 1097/474/989 1098/475/990
f 1097/474/989 1096/476/991 1095/477/992
f 1098/475/990 1097/474/989 1095/477/992
f 1096/476/991 1094/478/798 1095/477/992
f 1094/478/798 1105/479/993 1104/480/994
f 1105/479/993 1107/481/995 1104/480/994
f 1107/481/995 1109/246/801 1106/248/800
f 1104/480/994 1107/481/995 1106/248/800
f 1109/246/801 1114/482/996 1108/247/802
f 1114/482/996 1115/483/997 1108/247/802
f 1115/483/997 1113/484/800 1110/485/801
f 1113/484/800 1111/486/998 1117/487/800
f 1110/485/801 1113/484/800 1117/487/800
f 1111/486/998 1112/488/982 1116/489/999
f 1111/486/998 1116/489/999 1117/487/800
f 1108/247/802 1115/483/997 1110/485/801
f 1094/478/798 1104/480/994 1095/477/992
f 1102/490/1000 1100/473/988 1101/491/1001
f 1101/491/1001 1100/473/988 1098/475/990
f 1103/492/1002 1093/493/1002 1102/490/1000
f 1101/491/1001 1103/492/1002 1102/490/1000
f 1025/249/803 1031/494/1003 1026/250/804
f 1030/495/810 1029/496/1004 1040/497/1005
f 1029/496/1004 1028/498/1006 1033/499/1007
f 1040/497/1005 1029/496/1004 1033/499/1007
f 1028/498/1006 1027/251/1008 1033/499/1007
f 1027/251/1008 1026/250/1009 1033/499/1007
f 1038/500/1010 1030/495/810 1037/501/1007
f 1037/501/1007 1030/495/810 1040/497/1005
f 1049/502/1011 1041/503/1012 1042/504/1005
f 1041/503/1012 1038/500/1010 1037/501/1007
f 1055/505/1013 1058/506/1014 1059/507/1015
f 1058/506/1014 1049/502/1011 1048/508/1016
f 1059/507/1015 1058/506/1014 1048/508/1016
f 1052/254/808 1053/509/1017 1050/252/806
f 1053/509/1017 1055/505/1013 1051/510/1018
f 1056/511/1019 1054/512/1020 1043/513/1021
f 1054/512/1020 1052/254/808 1057/253/807
f 1043/513/1021 1054/512/1020 1057/253/807
f 1045/514/1022 1046/515/1023 1044/516/1024
f 1046/515/1023 1056/511/1019 1047/517/1025
f 1039/518/1026 1035/519/1027 1034/520/1028
f 1035/519/1027 1045/514/1022 1036/521/1029
f 1034/520/1028 1035/519/1027 1036/521/1029
f 1025/249/1030 1024/522/807 1031/494/1016
f 1024/522/807 1039/518/1026 1032/523/1031
f 1032/523/1031 1031/494/1016 1024/522/807
f 1034/520/1028 1032/523/1031 1039/518/1026
f 1046/515/1023 1047/517/1025 1044/516/1024
f 1047/517/1025 1056/511/1019 1043/513/1021
f 1053/509/1017 1051/510/1018 1050/252/806
f 1041/503/1012 1037/501/1007 1042/504/1005
f 1044/516/1024 1036/521/1029 1045/514/1022
f 1049/502/1011 1042/504/1005 1048/508/1016
f 1055/505/1013 1059/507/1015 1051/510/1018
f 1023/255/809 984/524/1032 985/256/810
f 1006/258/811 1005/525/1033 978/259/812
f 1021/261/814 1014/526/1034 1013/262/815
f 1014/526/1034 986/527/1035 981/528/1036
f 986/527/1035 983/529/1032 982/530/1037
f 983/529/1032 987/531/823 982/530/1037
f 987/531/823 979/260/810 978/259/1038
f 987/531/823 978/259/1038 977/532/1039
f 1014/526/1034 981/528/1036 1013/262/815
f 981/528/1036 986/527/1035 982/530/1037
f 1017/533/1040 1019/534/1041 1018/535/1042
f 1019/534/1041 1021/261/814 1020/263/816
f 1018/535/1042 1019/534/1041 1020/263/816
f 1010/536/1043 1016/537/1044 1011/538/1038
f 1016/537/1044 1017/533/1040 1015/539/1045
f 1006/258/817 1012/540/1046 1005/525/1047
f 1012/540/1046 1010/536/1043 1011/538/1038
f 1009/541/1048 1005/525/1047 1012/540/1046
f 1011/538/1038 1009/541/1048 1012/540/1046
f 1016/537/1044 1015/539/1045 1011/538/1038
f 1015/539/1045 1017/533/1040 1018/535/1042
f 987/531/823 977/532/1039 982/530/1037
f 1007/542/1049 1008/543/1050 1004/544/822
f 1008/543/1050 980/545/1051 976/546/1051
f 1004/544/822 1008/543/1050 976/546/1051
f 1004/544/822 1001/547/1049 1007/542/1049
f 1000/548/1005 1007/542/1049 1001/547/1049
f 1002/264/817 1003/549/809 997/265/818
f 1003/549/809 1000/548/1005 1001/547/1049
f 995/550/1052 998/551/817 996/552/1026
f 998/551/817 1002/264/817 999/266/819
f 996/552/1026 998/551/817 999/266/819
f 992/553/1053 990/554/1054 991/555/1027
f 990/554/1054 995/550/1052 996/552/1026
f 991/555/1027 990/554/1054 996/552/1026
f 974/556/1055 993/557/1056 994/558/1057
f 993/557/1056 992/553/1053 991/555/1027
f 994/558/1057 993/557/1056 991/555/1027
f 973/559/1058 975/560/1059 971/561/1060
f 975/560/1059 974/556/1055 972/562/1061
f 972/562/1061 971/561/1060 975/560/1059
f 994/558/1057 972/562/1061 974/556/1055
f 1003/549/809 1001/547/1049 997/265/818
f 970/267/820 964/271/1062 965/268/821
f 966/272/825 970/267/1063 968/563/1064
f 970/267/1063 969/269/1065 989/564/1066
f 968/563/1064 970/267/1063 989/564/1066
f 969/269/1065 988/565/1067 989/564/1066
f 968/563/1064 967/270/823 966/272/825
f 967/270/823 961/566/1068 964/271/824
f 961/566/1068 963/567/1069 965/268/1070
f 964/271/824 961/566/1068 965/268/1070
f 963/567/1069 962/568/1071 965/268/1070
f 943/273/826 941/569/1072 940/274/827
f 939/278/831 937/570/1073 938/276/829
f 937/570/1073 935/280/1074 936/279/837
f 938/276/829 937/570/1073 936/279/837
f 938/276/829 946/571/1075 947/277/830
f 935/280/833 933/572/1076 934/275/1077
f 933/572/1076 932/573/1078 934/275/1077
f 934/275/1077 940/274/834 935/280/833
f 940/274/834 942/574/1079 936/279/832
f 942/574/1079 945/284/1080 936/279/832
f 950/281/835 951/291/835 948/282/836
f 945/284/838 942/574/1081 949/283/839
f 955/575/1082 958/287/843 956/286/842
f 958/287/843 951/291/1083 957/285/841
f 951/291/1083 950/281/1084 957/285/841
f 931/576/1085 957/285/1086 929/288/844
f 957/285/1086 950/281/1087 929/288/844
f 943/273/846 930/577/1088 929/288/844
f 930/577/1088 931/576/1085 929/288/844
f 942/574/1089 941/569/1090 944/289/845
f 941/569/1090 943/273/846 944/289/845
f 944/289/845 949/283/835 942/574/1089
f 960/578/1091 947/277/1092 959/579/1093
f 947/277/1092 946/571/1094 959/579/1093
f 946/571/1094 945/284/1095 948/282/1096
f 946/571/1094 948/282/1096 959/579/1093
f 953/580/1097 960/578/1091 952/290/847
f 952/290/847 960/578/1091 959/579/1093
f 958/287/849 954/581/1098 952/290/847
f 954/581/1098 953/580/1097 952/290/847
f 857/582/1099 856/583/1100 823/584/1101
f 823/584/1101 855/585/1102 857/582/1099
f 855/585/1102 854/586/1103 857/582/1099
f 854/586/1103 858/587/1104 864/588/1105
f 858/587/1104 859/589/1106 860/590/1107
f 859/589/1106 862/591/1108 860/590/1107
f 862/591/1108 876/592/1109 861/593/1110
f 876/592/1109 867/594/1111 863/595/1112
f 867/594/1111 873/596/1113 865/597/1114
f 863/595/1112 867/594/1111 865/597/1114
f 873/596/1113 871/598/1115 865/597/1114
f 871/598/1115 870/292/850 868/294/852
f 870/292/850 872/599/1101 866/293/851
f 872/599/1101 874/600/1116 866/293/851
f 874/600/1116 875/601/1117 869/602/1118
f 875/601/1117 852/603/1119 877/604/1120
f 852/603/1119 842/605/1121 877/604/1120
f 842/605/1121 839/606/1122 841/607/1123
f 839/606/1122 830/608/1124 845/609/1125
f 839/606/1122 845/609/1125 841/607/1123
f 875/601/1117 877/604/1120 869/602/1118
f 842/605/1121 841/607/1123 877/604/1120
f 871/598/1115 868/294/852 865/597/1114
f 862/591/1108 861/593/1110 860/590/1107
f 861/593/1110 876/592/1109 863/595/1112
f 858/587/1104 860/590/1107 864/588/1105
f 864/588/1105 857/582/1099 854/586/1103
f 874/600/1116 869/602/1118 866/293/851
f 821/610/1126 823/584/1127 856/583/1128
f 821/610/1126 856/583/1128 829/295/853
f 822/611/1129 820/612/1130 824/297/855
f 820/612/1130 821/610/1126 829/295/853
f 824/297/855 820/612/1130 829/295/853
f 845/609/1131 830/608/1132 833/296/854
f 830/608/1132 824/297/855 833/296/854
f 826/613/1133 825/614/1132 832/615/1134
f 825/614/1132 822/611/1135 831/616/1136
f 832/615/1134 825/614/1132 831/616/1136
f 822/611/1135 824/297/1137 831/616/1136
f 827/298/856 826/613/1133 834/299/857
f 836/617/1138 828/618/856 840/619/1139
f 828/618/856 827/298/856 835/300/858
f 840/619/1139 828/618/856 835/300/858
f 844/620/1140 838/621/1141 843/622/1142
f 838/621/1141 836/617/1138 837/623/1143
f 850/624/1144 847/625/1145 846/626/1146
f 847/625/1145 844/620/1140 843/622/1142
f 846/626/1146 847/625/1145 843/622/1142
f 848/627/1147 849/628/1148 851/629/1149
f 849/628/1148 850/624/1144 853/630/1150
f 853/630/1150 851/629/1149 849/628/1148
f 846/626/1146 853/630/1150 850/624/1144
f 838/621/1141 837/623/1143 843/622/1142
f 837/623/1143 836/617/1138 840/619/1139
f 826/613/1133 832/615/1134 834/299/857
f 897/631/1151 901/632/1152 898/633/1153
f 901/632/1152 911/634/1154 902/635/1155
f 911/634/1154 909/636/1156 913/637/1157
f 909/636/1156 908/301/859 906/303/861
f 913/637/1157 909/636/1156 906/303/861
f 908/301/859 907/638/1158 905/302/860
f 907/638/1158 910/639/1159 905/302/860
f 910/639/1159 912/640/1160 914/641/1161
f 912/640/1160 904/642/1162 903/643/1163
f 914/641/1161 912/640/1160 903/643/1163
f 904/642/1162 900/644/1164 899/645/1165
f 900/644/1164 896/646/1166 899/645/1165
f 899/645/1165 896/646/1166 893/647/1167
f 896/646/1166 892/648/1168 893/647/1167
f 905/302/860 910/639/1159 914/641/1161
f 901/632/1152 902/635/1155 898/633/1153
f 902/635/1155 911/634/1154 913/637/1157
f 890/649/1169 895/650/1170 889/651/1171
f 895/650/1170 897/631/1151 894/652/1172
f 889/651/1171 895/650/1170 894/652/1172
f 883/653/1173 887/654/1174 888/655/1175
f 887/654/1174 890/649/1169 889/651/1171
f 885/656/1176 882/657/1177 883/653/1173
f 888/655/1175 885/656/1176 883/653/1173
f 887/654/1174 889/651/1171 888/655/1175
f 879/658/1178 880/659/1179 881/660/1180
f 878/661/1181 884/662/1182 892/648/1168
f 884/662/1182 886/663/1183 892/648/1168
f 879/658/1178 881/660/1180 878/661/1181
f 892/648/1168 879/658/1178 878/661/1181
f 892/648/1168 886/663/1183 891/664/1184
f 892/648/1168 891/664/1184 893/647/1167
f 898/633/1153 894/652/1172 897/631/1151
f 904/642/1162 899/645/1165 903/643/1163
f 925/304/862 928/665/1185 926/305/863
f 928/665/1185 927/666/1186 926/305/863
f 926/305/863 915/667/1187 917/308/1188
f 922/668/1189 923/669/1190 924/670/1191
f 923/669/1190 925/304/862 924/670/1191
f 917/308/1188 921/306/864 926/305/863
f 921/306/864 924/670/1191 925/304/862
f 917/308/866 915/667/1192 916/671/1192
f 916/671/1192 919/309/867 917/308/866
f 919/309/867 918/672/1193 920/307/865
f 918/672/1193 924/670/1194 920/307/865
f 924/670/1194 921/306/1195 920/307/865
f 1132/673/1196 1130/674/1197 1138/675/1198
f 1132/673/1196 1138/675/1198 1133/676/1199
f 1144/677/1200 1132/673/1196 1133/676/1199
f 1144/677/1200 1133/676/1199 1145/678/868
f 1150/679/1201 1144/677/1200 1155/680/1202
f 1144/677/1200 1145/678/868 1155/680/1202
f 1145/678/868 1146/681/1203 1155/680/1202
f 1147/682/1204 1150/679/1201 1153/683/1198
f 1150/679/1201 1155/680/1202 1153/683/1198
f 1146/681/1203 1163/310/868 1158/684/1205
f 1155/680/1202 1146/681/1203 1154/685/1206
f 1148/686/1207 1147/682/1204 1160/687/1208
f 1121/688/1209 1126/689/1210 1123/690/1211
f 1126/689/1210 1128/691/1212 1123/690/1211
f 1124/692/1213 1123/690/1211 1128/691/1212
f 1140/693/1214 1129/694/1215 1139/695/1216
f 1129/694/1215 1124/692/1213 1139/695/1216
f 1152/696/1217 1165/697/1218 1166/698/1219
f 1165/697/1218 1140/693/1214 1136/699/1220
f 1166/698/1219 1165/697/1218 1136/699/1220
f 1160/687/1208 1164/700/1221 1148/686/1207
f 1164/700/1221 1152/696/1217 1151/701/1222
f 1153/683/1198 1159/702/1223 1147/682/1204
f 1159/702/1223 1160/687/1208 1147/682/1204
f 1158/684/1205 1154/685/1206 1146/681/1203
f 1164/700/1221 1151/701/1222 1148/686/1207
f 1139/695/1216 1124/692/1213 1128/691/1212
f 1156/312/870 1158/684/1205 1163/310/868
f 1161/703/1224 1157/704/1225 1149/705/1226
f 1157/704/1225 1156/312/870 1162/311/869
f 1149/705/1226 1157/704/1225 1162/311/869
f 1135/706/1227 1142/707/1228 1134/708/1229
f 1142/707/1228 1161/703/1224 1143/709/1230
f 1122/710/1231 1137/711/1232 1141/712/1233
f 1137/711/1232 1135/706/1227 1131/713/1234
f 1141/712/1233 1137/711/1232 1131/713/1234
f 1119/714/1235 1120/715/1230 1125/716/1236
f 1120/715/1230 1122/710/1231 1141/712/1233
f 1125/716/1236 1127/717/1237 1119/714/1235
f 1141/712/1233 1125/716/1236 1120/715/1230
f 1142/707/1228 1143/709/1230 1134/708/1229
f 1143/709/1230 1161/703/1224 1149/705/1226
f 1140/693/1214 1139/695/1216 1136/699/1220
f 1134/708/1229 1131/713/1234 1135/706/1227
f 1152/696/1217 1166/698/1219 1151/701/1222
f 1168/718/1238 1167/719/1239 1191/720/1240
f 1167/719/1239 1183/721/1241 1184/722/1242
f 1183/721/1241 1180/723/1243 1190/724/1244
f 1183/721/1241 1190/724/1244 1184/722/1242
f 1171/725/1245 1168/718/1238 1191/720/1240
f 1167/719/1239 1184/722/1242 1191/720/1240
f 1174/726/1246 1169/727/1247 1173/728/1248
f 1169/727/1247 1171/725/1245 1170/729/1249
f 1173/728/1248 1169/727/1247 1170/729/1249
f 1176/313/871 1177/730/1250 1172/314/872
f 1177/730/1250 1174/726/1246 1172/314/872
f 1172/314/872 1174/726/1246 1173/728/1248
f 1175/731/1251 1176/313/871 1197/315/873
f 1202/732/1252 1199/733/1253 1196/734/1254
f 1199/733/1253 1175/735/1251 1197/315/873
f 1203/736/1255 1204/737/1256 1198/738/1257
f 1204/737/1256 1202/732/1252 1198/738/1257
f 1193/739/1258 1194/740/1259 1192/741/1260
f 1194/740/1259 1203/736/1255 1195/742/1261
f 1194/740/1259 1195/742/1261 1192/741/1260
f 1195/742/1261 1203/736/1255 1198/738/1257
f 1199/733/1253 1197/315/873 1196/734/1254
f 1185/743/1262 1193/739/1258 1189/744/1263
f 1171/725/1245 1191/720/1240 1170/729/1249
f 1200/745/1264 1201/746/1265 1187/747/1266
f 1179/748/1267 1178/749/1268 1187/747/1266
f 1178/749/1268 1200/745/1264 1187/747/1266
f 1182/750/1269 1181/751/1270 1188/752/1271
f 1181/751/1270 1179/748/1267 1187/747/1266
f 1182/750/1269 1188/752/1271 1186/753/1271
f 1192/741/1260 1189/744/1263 1193/739/1258
f 1189/744/1263 1182/750/1269 1185/743/1262
f 1187/747/1266 1188/752/1271 1181/751/1270
f 1185/743/1262 1182/750/1269 1186/753/1271
f 1196/734/1254 1198/738/1257 1202/732/1252
f 1212/316/874 1215/754/1272 1216/755/1272
f 1216/755/1272 1210/756/1273 1212/316/874
f 1210/756/1273 1211/757/1274 1214/758/1275
f 1210/756/1273 1214/758/1275 1213/759/1276
f 1212/316/874 1210/756/1273 1213/759/1276
f 1207/760/1277 1205/761/1278 1206/762/1279
f 1205/761/1278 1212/316/874 1208/318/876
f 1206/762/1279 1205/761/1278 1208/318/876
f 1212/316/874 1213/759/1276 1209/317/875
f 1423/763/1280 1414/764/1281 1411/765/1282
f 1428/766/1283 1416/767/1284 1427/768/1284
f 1411/765/1282 1410/769/1285 1436/770/1285
f 1436/770/1285 1422/771/1286 1411/765/1282
f 1422/771/1286 1423/763/1280 1411/765/1282
f 1412/772/1287 1409/773/1288 1413/774/1289
f 1409/773/1288 1408/775/1290 1413/774/1289
f 1408/775/1290 1393/776/1291 1405/777/1292
f 1405/777/1292 1413/774/1289 1408/775/1290
f 1400/778/1293 1399/779/1294 1392/780/1295
f 1399/779/1294 1405/777/1292 1393/776/1291
f 1392/780/1295 1399/779/1294 1393/776/1291
f 1418/781/1296 1401/782/1297 1403/783/1298
f 1401/782/1297 1400/778/1293 1392/780/1295
f 1419/784/1299 1421/785/1300 1434/786/1299
f 1421/785/1300 1418/781/1296 1402/787/1301
f 1435/788/1302 1420/789/1303 1437/790/1303
f 1420/789/1303 1419/784/1299 1434/786/1299
f 1415/791/1304 1424/792/1305 1426/793/1306
f 1424/792/1305 1435/788/1302 1425/794/1302
f 1416/767/1284 1407/795/1307 1427/768/1284
f 1407/795/1307 1415/791/1304 1426/793/1306
f 1427/768/1284 1407/795/1307 1426/793/1306
f 1431/796/1308 1417/797/1309 1432/798/1308
f 1417/797/1309 1416/767/1284 1428/766/1283
f 1432/798/1308 1417/797/1309 1428/766/1283
f 1430/799/1310 1429/800/1311 1433/801/1312
f 1429/800/1311 1431/796/1308 1432/798/1308
f 1433/801/1312 1429/800/1311 1432/798/1308
f 1389/802/1313 1388/803/1314 1396/804/1313
f 1388/803/1314 1430/799/1310 1404/805/1315
f 1396/804/1313 1388/803/1314 1404/805/1315
f 1390/806/1316 1394/807/1317 1395/808/1318
f 1394/807/1317 1389/802/1313 1396/804/1313
f 1395/808/1318 1394/807/1317 1396/804/1313
f 1406/809/1319 1391/810/1320 1398/811/1321
f 1391/810/1320 1390/806/1316 1397/812/1322
f 1397/812/1322 1398/811/1321 1391/810/1320
f 1395/808/1318 1397/812/1322 1390/806/1316
f 1424/792/1305 1425/794/1302 1426/793/1306
f 1420/789/1303 1434/786/1299 1437/790/1303
f 1421/785/1300 1402/787/1301 1434/786/1299
f 1401/782/1297 1392/780/1295 1403/783/1298
f 1418/781/1296 1403/783/1298 1402/787/1301
f 1404/805/1315 1430/799/1310 1433/801/1312
f 1435/788/1302 1437/790/1303 1425/794/1302
f 1518/813/1323 1516/814/1324 1512/815/1325
f 1520/816/1326 1893/817/1327 1521/818/1328
f 1892/819/1329 1523/820/1329 1522/821/1329
f 1893/817/1330 1522/821/1331 1521/818/1332
f 1523/820/1333 1891/822/1333 1890/823/1333
f 1519/824/1334 1894/825/1335 1520/816/1336
f 1918/826/1337 1523/820/1337 1890/823/1338
f 1544/827/1339 1542/828/1340 1538/829/1341
f 1546/830/1342 1526/831/1343 1547/832/1344
f 1525/833/1345 1549/834/1346 1548/835/1347
f 1526/831/1348 1548/835/1349 1547/832/1346
f 1549/834/1350 1524/836/1350 1523/820/1350
f 1545/837/1351 1527/838/1352 1546/830/1353
f 1913/839/1354 1911/840/1330 1907/841/1338
f 1915/842/1355 1488/843/1356 1916/844/1335
f 1438/845/1357 1918/826/1335 1917/846/1337
f 1488/843/1358 1917/846/1359 1916/844/1359
f 1918/826/1360 1439/847/1360 1549/834/1360
f 1914/848/1361 1489/849/1362 1915/842/1328
f 1885/850/1363 1883/851/1364 1879/852/1365
f 1887/853/1366 1867/854/1367 1888/855/1368
f 1866/856/1369 1890/823/1370 1889/857/1370
f 1867/854/1371 1889/857/1372 1888/855/1372
f 1890/823/1373 1865/858/1373 1918/826/1373
f 1886/859/1374 1868/860/1375 1887/853/1376
f 1441/861/1377 1446/862/1378 1444/863/1379
f 1825/864/1380 1776/865/1381 1816/866/1382
f 1797/867/1383 1798/868/1384 1788/869/1385
f 1685/870/1386 1697/871/1387 1704/872/1387
f 1698/873/1388 1703/874/1389 1704/872/1390
f 1707/875/1391 1676/876/1392 1675/877/1393
f 1845/878/1394 1850/879/1395 1854/880/1396
f 1650/881/1397 1648/882/1398 1655/883/1399
f 1754/884/1400 1755/885/1401 1758/886/1402
f 1566/887/1403 1565/888/1404 1613/889/1405
f 1586/890/1406 1577/891/1407 1583/892/1408
f 1574/893/1409 1573/894/1410 1596/895/1411
f 1599/896/1412 1598/897/1413 1605/898/1414
f 1940/899/1415 1930/900/1416 1925/901/1417
f 1502/902/1418 1501/903/1419 1500/904/1420
f 1551/905/1421 1498/906/1421 1497/907/1422
f 1556/908/1423 1557/909/1424 1553/910/1425
f 1557/909/1426 1558/911/1427 1505/912/1428
f 1559/913/1429 1508/914/1430 1506/915/1431
f 1857/916/1432 1860/917/1433 1859/918/1434
f 1483/919/1435 1472/920/1436 1466/921/1437
f 1942/922/1438 1954/923/1439 1948/924/1440
f 1643/925/1441 1642/926/1442 1635/927/1443
f 1901/928/1337 1900/929/1444 1519/824/1445
f 1900/929/1444 1899/930/1446 1898/931/1447
f 1896/932/1448 1898/931/1447 1897/933/1449
f 1900/929/1444 1898/931/1447 1896/932/1448
f 1896/932/1448 1895/934/1335 1519/824/1445
f 1519/824/1445 1518/813/1323 1511/935/1325
f 1519/824/1445 1900/929/1444 1896/932/1448
f 1518/813/1323 1517/936/1450 1516/814/1324
f 1516/814/1324 1515/937/1451 1512/815/1325
f 1515/937/1451 1514/938/1452 1513/939/1453
f 1512/815/1325 1515/937/1451 1513/939/1453
f 1512/815/1325 1511/935/1325 1518/813/1323
f 1511/935/1325 1510/940/1454 1519/824/1445
f 1510/940/1454 1509/941/1454 1519/824/1445
f 1509/941/1454 1901/928/1337 1519/824/1445
f 1520/816/1326 1894/825/1327 1893/817/1327
f 1892/819/1329 1891/822/1329 1523/820/1329
f 1893/817/1330 1892/819/1330 1522/821/1331
f 1519/824/1334 1895/934/1335 1894/825/1335
f 1918/826/1337 1549/834/1455 1523/820/1337
f 1534/942/1456 1533/943/1457 1545/837/1457
f 1533/943/1457 1532/944/1458 1531/945/1459
f 1529/946/1460 1531/945/1459 1530/947/1461
f 1533/943/1457 1531/945/1459 1529/946/1460
f 1529/946/1460 1528/948/1462 1545/837/1457
f 1545/837/1457 1544/827/1339 1537/949/1463
f 1545/837/1457 1533/943/1457 1529/946/1460
f 1544/827/1339 1543/950/1464 1542/828/1340
f 1542/828/1340 1541/951/1465 1538/829/1341
f 1541/951/1465 1540/952/1466 1539/953/1456
f 1538/829/1341 1541/951/1465 1539/953/1456
f 1538/829/1341 1537/949/1463 1544/827/1339
f 1537/949/1463 1536/954/1339 1545/837/1457
f 1536/954/1339 1535/955/1340 1545/837/1457
f 1535/955/1340 1534/942/1456 1545/837/1457
f 1546/830/1342 1527/838/1467 1526/831/1343
f 1525/833/1345 1524/836/1468 1549/834/1346
f 1526/831/1348 1525/833/1453 1548/835/1349
f 1545/837/1351 1528/948/1352 1527/838/1352
f 1903/956/1469 1902/957/1470 1914/848/1471
f 1902/957/1470 1494/958/1472 1493/959/1367
f 1491/960/1468 1493/959/1367 1492/961/1331
f 1902/957/1470 1493/959/1367 1491/960/1468
f 1491/960/1468 1490/962/1335 1914/848/1471
f 1914/848/1471 1913/839/1354 1906/963/1473
f 1914/848/1471 1902/957/1470 1491/960/1468
f 1913/839/1354 1912/964/1474 1911/840/1330
f 1911/840/1330 1910/965/1370 1907/841/1338
f 1910/965/1370 1909/966/1475 1908/967/1476
f 1907/841/1338 1910/965/1370 1908/967/1476
f 1907/841/1338 1906/963/1473 1913/839/1354
f 1906/963/1473 1905/968/1477 1914/848/1471
f 1905/968/1477 1904/969/1473 1914/848/1471
f 1904/969/1473 1903/956/1469 1914/848/1471
f 1915/842/1355 1489/849/1356 1488/843/1356
f 1438/845/1357 1439/847/1329 1918/826/1335
f 1488/843/1358 1438/845/1327 1917/846/1359
f 1914/848/1361 1490/962/1478 1489/849/1362
f 1875/970/1479 1874/971/1480 1886/859/1481
f 1874/971/1480 1873/972/1482 1872/973/1483
f 1870/974/1484 1872/973/1483 1871/975/1485
f 1874/971/1480 1872/973/1483 1870/974/1484
f 1870/974/1484 1869/976/1486 1886/859/1481
f 1886/859/1481 1885/850/1363 1878/977/1487
f 1886/859/1481 1874/971/1480 1870/974/1484
f 1885/850/1363 1884/978/1488 1883/851/1364
f 1883/851/1364 1882/979/1489 1879/852/1365
f 1882/979/1489 1881/980/1490 1880/981/1491
f 1879/852/1365 1882/979/1489 1880/981/1491
f 1879/852/1365 1878/977/1487 1885/850/1363
f 1878/977/1487 1877/982/1364 1886/859/1481
f 1877/982/1364 1876/983/1492 1886/859/1481
f 1876/983/1492 1875/970/1479 1886/859/1481
f 1887/853/1366 1868/860/1493 1867/854/1367
f 1866/856/1369 1865/858/1494 1890/823/1370
f 1867/854/1371 1866/856/1495 1889/857/1372
f 1886/859/1374 1869/976/1375 1868/860/1375
f 1453/984/1496 1459/985/1497 1461/986/1498
f 1461/986/1498 1450/987/1499 1453/984/1496
f 1450/987/1499 1465/988/1500 1453/984/1496
f 1465/988/1500 1464/989/1501 1456/990/1502
f 1464/989/1501 1447/991/1503 1456/990/1502
f 1447/991/1503 1445/992/1504 1446/862/1378
f 1445/992/1504 1444/863/1379 1446/862/1378
f 1444/863/1379 1443/993/1505 1441/861/1377
f 1443/993/1505 1440/994/1506 1463/995/1507
f 1441/861/1377 1443/993/1505 1463/995/1507
f 1440/994/1506 1442/996/1508 1463/995/1507
f 1442/996/1508 1449/997/1509 1455/998/1510
f 1449/997/1509 1448/999/1510 1455/998/1510
f 1448/999/1510 1451/1000/1511 1455/998/1510
f 1451/1000/1511 1454/1001/1512 1457/1002/1513
f 1457/1002/1513 1460/1003/1514 1458/1004/1515
f 1458/1004/1515 1462/1005/1516 1452/1006/1517
f 1458/1004/1515 1452/1006/1517 1451/1000/1511
f 1452/1006/1517 1455/998/1510 1451/1000/1511
f 1451/1000/1511 1457/1002/1513 1458/1004/1515
f 1442/996/1508 1455/998/1510 1463/995/1507
f 1456/990/1502 1453/984/1496 1465/988/1500
f 1446/862/1378 1456/990/1502 1447/991/1503
f 1817/1007/1518 1818/1008/1519 1825/864/1380
f 1776/865/1381 1826/1009/1520 1816/866/1382
f 1816/866/1382 1817/1007/1518 1825/864/1380
f 1812/1010/1521 1813/1011/1522 1829/1012/1523
f 1813/1011/1522 1775/1013/1522 1828/1014/1524
f 1829/1012/1523 1813/1011/1522 1828/1014/1524
f 1811/1015/1525 1812/1010/1521 1830/1016/1526
f 1810/1017/1527 1811/1015/1525 1831/1018/1528
f 1812/1010/1521 1829/1012/1523 1830/1016/1526
f 1805/1019/1529 1806/1020/1530 1783/1021/1531
f 1806/1020/1530 1807/1022/1532 1783/1021/1531
f 1803/1023/1533 1804/1024/1534 1783/1021/1531
f 1804/1024/1534 1805/1019/1529 1783/1021/1531
f 1801/1025/1535 1802/1026/1536 1783/1021/1531
f 1802/1026/1536 1803/1023/1533 1783/1021/1531
f 1800/1027/1537 1801/1025/1535 1785/1028/1525
f 1799/1029/1538 1800/1027/1537 1786/1030/1539
f 1801/1025/1535 1783/1021/1531 1784/1031/1540
f 1815/1032/1524 1816/866/1541 1826/1009/1542
f 1826/1009/1542 1827/1033/1543 1814/1034/1544
f 1827/1033/1543 1828/1014/1524 1775/1013/1522
f 1830/1016/1526 1831/1018/1528 1811/1015/1525
f 1827/1033/1543 1775/1013/1522 1814/1034/1544
f 1814/1034/1544 1815/1032/1524 1826/1009/1542
f 1831/1018/1528 1832/1035/1522 1810/1017/1527
f 1832/1035/1522 1833/1036/1544 1810/1017/1527
f 1833/1036/1544 1834/1037/1545 1809/1038/1546
f 1834/1037/1545 1835/1039/1547 1809/1038/1546
f 1835/1039/1547 1836/1040/1548 1837/1041/1547
f 1837/1041/1547 1838/1042/1549 1808/1043/1550
f 1838/1042/1549 1839/1044/1551 1779/1045/1552
f 1839/1044/1551 1777/1046/1553 1778/1047/1554
f 1839/1044/1551 1778/1047/1554 1779/1045/1552
f 1835/1039/1547 1837/1041/1547 1808/1043/1550
f 1838/1042/1549 1779/1045/1552 1808/1043/1550
f 1809/1038/1546 1810/1017/1527 1833/1036/1544
f 1779/1045/1552 1780/1048/1555 1808/1043/1550
f 1808/1043/1550 1809/1038/1546 1835/1039/1547
f 1807/1022/1532 1808/1043/1550 1780/1048/1555
f 1780/1048/1555 1781/1049/1556 1807/1022/1532
f 1781/1049/1556 1782/1050/1385 1783/1021/1531
f 1784/1031/1540 1785/1028/1525 1801/1025/1535
f 1785/1028/1525 1786/1030/1539 1800/1027/1537
f 1786/1030/1539 1787/1051/1557 1799/1029/1538
f 1787/1051/1557 1788/869/1385 1798/868/1384
f 1788/869/1385 1789/1052/1558 1797/867/1383
f 1797/867/1383 1789/1052/1558 1796/1053/1523
f 1789/1052/1558 1790/1054/1530 1796/1053/1523
f 1790/1054/1530 1791/1055/1559 1795/1056/1560
f 1796/1053/1523 1790/1054/1530 1795/1056/1560
f 1791/1055/1559 1792/1057/1561 1794/1058/1528
f 1792/1057/1561 1823/1059/1533 1793/1060/1562
f 1791/1055/1559 1794/1058/1528 1795/1056/1560
f 1824/1061/1525 1825/864/1563 1818/1008/1564
f 1823/1059/1533 1824/1061/1525 1818/1008/1564
f 1818/1008/1564 1819/1062/1565 1823/1059/1533
f 1819/1062/1565 1820/1063/1566 1823/1059/1533
f 1820/1063/1566 1821/1064/1527 1823/1059/1533
f 1821/1064/1527 1822/1065/1501 1823/1059/1533
f 1822/1065/1501 1793/1060/1562 1823/1059/1533
f 1781/1049/1556 1783/1021/1531 1807/1022/1532
f 1793/1060/1562 1794/1058/1528 1792/1057/1561
f 1798/868/1384 1799/1029/1538 1787/1051/1557
f 1690/1066/1567 1691/1067/1568 1693/1068/1569
f 1691/1067/1568 1692/1069/1570 1693/1068/1569
f 1693/1068/1569 1700/1070/1441 1694/1071/1571
f 1700/1070/1441 1701/1072/1572 1699/1073/1573
f 1701/1072/1572 1702/1074/1574 1699/1073/1573
f 1702/1074/1574 1703/874/1575 1699/1073/1573
f 1693/1068/1569 1694/1071/1571 1688/1075/1576
f 1690/1066/1567 1693/1068/1569 1688/1075/1576
f 1688/1075/1576 1689/1076/1577 1690/1066/1567
f 1700/1070/1441 1699/1073/1573 1694/1071/1571
f 1687/1077/1578 1688/1075/1576 1694/1071/1571
f 1687/1077/1578 1694/1071/1571 1695/1078/1579
f 1686/1079/1580 1687/1077/1578 1696/1080/1581
f 1687/1077/1578 1695/1078/1579 1696/1080/1581
f 1683/1081/1582 1684/1082/1583 1704/872/1387
f 1684/1082/1583 1685/870/1386 1704/872/1387
f 1685/870/1386 1686/1079/1580 1697/871/1387
f 1686/1079/1580 1696/1080/1581 1697/871/1387
f 1697/871/1387 1698/873/1568 1704/872/1387
f 1682/1083/1568 1683/1081/1582 1704/872/1387
f 1704/872/1387 1681/1084/1584 1682/1083/1568
f 1698/873/1388 1699/1073/1585 1703/874/1389
f 1673/1085/1393 1723/1086/1586 1724/1087/1587
f 1711/1088/1573 1680/1089/1588 1842/1090/1573
f 1840/1091/1589 1841/1092/1590 1842/1090/1573
f 1841/1092/1590 1711/1088/1573 1842/1090/1573
f 1709/1093/1591 1710/1094/1592 1679/1095/1592
f 1710/1094/1592 1840/1091/1589 1842/1090/1573
f 1679/1095/1592 1710/1094/1592 1842/1090/1573
f 1707/875/1391 1708/1096/1588 1676/876/1392
f 1708/1096/1588 1709/1093/1591 1678/1097/1593
f 1676/876/1392 1708/1096/1588 1677/1098/1588
f 1705/1099/1594 1706/1100/1571 1674/1101/1595
f 1706/1100/1571 1707/875/1391 1675/877/1393
f 1745/1102/1386 1746/1103/1596 1674/1101/1595
f 1746/1103/1596 1705/1099/1594 1674/1101/1595
f 1743/1104/1597 1744/1105/1598 1745/1102/1386
f 1741/1106/1599 1742/1107/1600 1735/1108/1601
f 1742/1107/1600 1743/1104/1597 1735/1108/1601
f 1739/1109/1602 1740/1110/1599 1737/1111/1603
f 1740/1110/1599 1741/1106/1599 1736/1112/1604
f 1737/1111/1603 1738/1113/1605 1739/1109/1602
f 1736/1112/1604 1737/1111/1603 1740/1110/1599
f 1743/1104/1597 1745/1102/1386 1673/1085/1393
f 1673/1085/1393 1745/1102/1386 1674/1101/1595
f 1706/1100/1571 1675/877/1393 1674/1101/1595
f 1741/1106/1599 1735/1108/1601 1736/1112/1604
f 1735/1108/1601 1743/1104/1597 1734/1114/1386
f 1709/1093/1591 1679/1095/1592 1678/1097/1593
f 1731/1115/1606 1732/1116/1607 1725/1117/1608
f 1732/1116/1607 1733/1118/1609 1725/1117/1608
f 1729/1119/1610 1730/1120/1606 1726/1121/1611
f 1730/1120/1606 1731/1115/1606 1726/1121/1611
f 1727/1122/1612 1728/1123/1613 1729/1119/1610
f 1726/1121/1611 1727/1122/1612 1729/1119/1610
f 1726/1121/1611 1731/1115/1606 1725/1117/1608
f 1724/1087/1587 1725/1117/1608 1733/1118/1609
f 1673/1085/1393 1724/1087/1587 1733/1118/1609
f 1673/1085/1393 1733/1118/1609 1734/1114/1386
f 1673/1085/1393 1734/1114/1386 1743/1104/1597
f 1678/1097/1593 1677/1098/1588 1708/1096/1588
f 1625/1124/1614 1626/1125/1615 1629/1126/1616
f 1626/1125/1615 1627/1127/1617 1629/1126/1616
f 1627/1127/1617 1628/1128/1618 1629/1126/1616
f 1629/1126/1616 1630/1129/1619 1625/1124/1614
f 1630/1129/1619 1631/1130/1620 1625/1124/1614
f 1631/1130/1620 1620/1131/1621 1621/1132/1622
f 1631/1130/1620 1621/1132/1622 1625/1124/1614
f 1621/1132/1622 1849/1133/1623 1625/1124/1614
f 1622/1134/1624 1623/1135/1625 1847/1136/1626
f 1623/1135/1625 1624/1137/1627 1846/1138/1628
f 1847/1136/1626 1623/1135/1625 1846/1138/1628
f 1624/1137/1627 1625/1124/1614 1849/1133/1623
f 1850/879/1395 1851/1139/1629 1852/1140/1630
f 1624/1137/1627 1849/1133/1623 1846/1138/1628
f 1849/1133/1623 1850/879/1395 1846/1138/1628
f 1848/1141/1631 1622/1134/1624 1847/1136/1626
f 1843/1142/1632 1844/1143/1633 1856/1144/1634
f 1844/1143/1633 1845/878/1394 1855/1145/1635
f 1856/1144/1634 1844/1143/1633 1855/1145/1635
f 1845/878/1394 1846/1138/1628 1850/879/1395
f 1850/879/1395 1852/1140/1630 1854/880/1396
f 1852/1140/1630 1853/1146/1396 1854/880/1396
f 1854/880/1396 1855/1145/1635 1845/878/1394
f 1648/882/1398 1647/1147/1606 1656/1148/1636
f 1655/883/1399 1654/1149/1637 1650/881/1397
f 1654/1149/1637 1653/1150/1638 1650/881/1397
f 1648/882/1398 1656/1148/1636 1655/883/1399
f 1650/881/1397 1649/1151/1639 1648/882/1398
f 1652/1152/1640 1651/1153/1641 1653/1150/1638
f 1651/1153/1641 1650/881/1397 1653/1150/1638
f 1770/1154/1642 1771/1155/1643 1772/1156/1644
f 1770/1154/1642 1772/1156/1644 1769/1157/1645
f 1772/1156/1644 1773/1158/1646 1767/1159/1647
f 1768/1160/1648 1769/1157/1645 1772/1156/1644
f 1767/1159/1647 1768/1160/1648 1772/1156/1644
f 1764/1161/1649 1765/1162/1650 1761/1163/1651
f 1765/1162/1650 1766/1164/1652 1761/1163/1651
f 1766/1164/1652 1767/1159/1647 1773/1158/1646
f 1774/1165/1653 1747/1166/1654 1752/1167/1655
f 1747/1166/1654 1748/1168/1656 1749/1169/1657
f 1766/1164/1652 1773/1158/1646 1760/1170/1658
f 1773/1158/1646 1774/1165/1653 1752/1167/1655
f 1760/1170/1658 1773/1158/1646 1759/1171/1658
f 1763/1172/1659 1764/1161/1649 1761/1163/1651
f 1761/1163/1651 1762/1173/1660 1763/1172/1659
f 1760/1170/1658 1761/1163/1651 1766/1164/1652
f 1747/1166/1654 1749/1169/1657 1750/1174/1661
f 1752/1167/1655 1747/1166/1654 1751/1175/1662
f 1750/1174/1661 1751/1175/1662 1747/1166/1654
f 1759/1171/1658 1773/1158/1646 1753/1176/1663
f 1773/1158/1646 1752/1167/1655 1753/1176/1663
f 1757/1177/1664 1758/886/1402 1756/1178/1665
f 1758/886/1402 1759/1171/1658 1753/1176/1663
f 1756/1178/1665 1758/886/1402 1755/885/1401
f 1753/1176/1663 1754/884/1400 1758/886/1402
f 1613/889/1405 1612/1179/1666 1566/887/1403
f 1612/1179/1666 1611/1180/1667 1567/1181/1668
f 1567/1181/1668 1611/1180/1667 1568/1182/1669
f 1611/1180/1667 1610/1183/1670 1568/1182/1669
f 1610/1183/1670 1609/1184/1671 1568/1182/1669
f 1609/1184/1671 1608/1185/1672 1570/1186/1673
f 1608/1185/1672 1607/1187/1674 1570/1186/1673
f 1570/1186/1673 1607/1187/1674 1571/1188/1672
f 1607/1187/1674 1606/1189/1675 1571/1188/1672
f 1606/1189/1675 1596/895/1675 1572/1190/1676
f 1571/1188/1672 1606/1189/1675 1572/1190/1676
f 1596/895/1675 1573/894/1677 1572/1190/1676
f 1590/1191/1678 1614/1192/1679 1563/1193/1680
f 1614/1192/1679 1613/889/1405 1564/1194/1681
f 1563/1193/1680 1614/1192/1679 1564/1194/1681
f 1592/1195/1682 1591/1196/1683 1561/1197/1684
f 1591/1196/1683 1590/1191/1678 1562/1198/1685
f 1561/1197/1684 1591/1196/1683 1562/1198/1685
f 1594/1199/1686 1593/1200/1687 1560/1201/1688
f 1593/1200/1687 1592/1195/1682 1560/1201/1688
f 1560/1201/1688 1592/1195/1682 1561/1197/1684
f 1560/1201/1688 1595/1202/1689 1594/1199/1686
f 1609/1184/1671 1570/1186/1673 1569/1203/1676
f 1609/1184/1671 1569/1203/1676 1568/1182/1669
f 1562/1198/1685 1590/1191/1678 1563/1193/1680
f 1612/1179/1666 1567/1181/1668 1566/887/1403
f 1565/888/1404 1564/1194/1681 1613/889/1405
f 1589/1204/1690 1576/1205/1510 1588/1206/1691
f 1576/1205/1510 1577/891/1407 1586/890/1406
f 1588/1206/1691 1576/1205/1510 1587/1207/1692
f 1578/1208/1692 1579/1209/1693 1581/1210/1694
f 1579/1209/1693 1580/1211/1695 1581/1210/1694
f 1587/1207/1692 1576/1205/1510 1586/890/1406
f 1578/1208/1692 1581/1210/1694 1582/1212/1524
f 1577/891/1407 1578/1208/1692 1583/892/1408
f 1578/1208/1692 1582/1212/1524 1583/892/1408
f 1583/892/1408 1584/1213/1524 1586/890/1406
f 1584/1213/1524 1585/1214/1524 1586/890/1406
f 1596/895/1411 1595/1202/1411 1574/893/1409
f 1595/1202/1411 1560/1201/1696 1575/1215/1672
f 1595/1202/1411 1575/1215/1672 1574/893/1409
f 1604/1216/1697 1603/1217/1698 1601/1218/1699
f 1603/1217/1698 1602/1219/1700 1601/1218/1699
f 1601/1218/1699 1600/1220/1701 1605/898/1414
f 1604/1216/1697 1601/1218/1699 1605/898/1414
f 1619/1221/1414 1618/1222/1699 1616/1223/1702
f 1618/1222/1699 1617/1224/1703 1616/1223/1702
f 1619/1221/1414 1616/1223/1702 1615/1225/1704
f 1605/898/1414 1600/1220/1701 1599/896/1412
f 1600/1220/1701 1619/1221/1414 1599/896/1412
f 1598/897/1413 1597/1226/1699 1605/898/1414
f 1615/1225/1704 1599/896/1412 1619/1221/1414
f 1920/1227/1705 1940/899/1415 1924/1228/1706
f 1940/899/1415 1939/1229/1417 1930/900/1416
f 1919/1230/1416 1930/900/1416 1929/1231/1707
f 1939/1229/1417 1938/1232/1708 1931/1233/1709
f 1938/1232/1708 1937/1234/1710 1932/1235/1711
f 1931/1233/1709 1938/1232/1708 1932/1235/1711
f 1937/1234/1710 1936/1236/1712 1933/1237/1713
f 1936/1236/1712 1935/1238/1714 1934/1239/1715
f 1933/1237/1713 1936/1236/1712 1934/1239/1715
f 1933/1237/1713 1932/1235/1711 1937/1234/1710
f 1931/1233/1709 1930/900/1416 1939/1229/1417
f 1929/1231/1707 1928/1240/1716 1926/1241/1717
f 1928/1240/1716 1927/1242/1718 1926/1241/1717
f 1926/1241/1717 1919/1230/1416 1929/1231/1707
f 1919/1230/1416 1925/901/1417 1930/900/1416
f 1925/901/1417 1924/1228/1706 1940/899/1415
f 1924/1228/1706 1923/1243/1705 1920/1227/1705
f 1923/1243/1705 1922/1244/1719 1921/1245/1720
f 1920/1227/1705 1923/1243/1705 1921/1245/1720
f 1500/904/1420 1499/1246/1721 1504/1247/1722
f 1504/1247/1722 1503/1248/1723 1500/904/1420
f 1503/1248/1723 1502/902/1418 1500/904/1420
f 1497/907/1422 1496/1249/1724 1495/1250/1725
f 1495/1250/1725 1550/1251/1726 1497/907/1422
f 1550/1251/1726 1551/905/1421 1497/907/1422
f 1557/909/1424 1552/1252/1727 1553/910/1425
f 1553/910/1425 1554/1253/1728 1555/1254/1729
f 1555/1254/1729 1556/908/1423 1553/910/1425
f 1505/912/1428 1504/1247/1730 1557/909/1426
f 1504/1247/1730 1499/1246/1431 1557/909/1426
f 1499/1246/1431 1498/906/1731 1551/905/1732
f 1551/905/1732 1552/1252/1733 1499/1246/1431
f 1552/1252/1733 1557/909/1426 1499/1246/1431
f 1508/914/1430 1507/1255/1734 1506/915/1431
f 1506/915/1431 1505/912/1431 1558/911/1735
f 1558/911/1735 1559/913/1429 1506/915/1431
f 1859/918/1434 1858/1256/1736 1857/916/1432
f 1858/1256/1736 1862/1257/1737 1857/916/1432
f 1862/1257/1737 1863/1258/1738 1864/1259/1433
f 1864/1259/1433 1861/1260/1739 1862/1257/1737
f 1861/1260/1739 1857/916/1432 1862/1257/1737
f 1486/1261/1740 1483/919/1435 1476/1262/1741
f 1483/919/1435 1478/1263/1742 1472/920/1436
f 1468/1264/1415 1472/920/1436 1474/1265/1436
f 1478/1263/1742 1477/1266/1743 1469/1267/1744
f 1477/1266/1743 1481/1268/1745 1470/1269/1746
f 1469/1267/1744 1477/1266/1743 1470/1269/1746
f 1481/1268/1745 1479/1270/1747 1475/1271/1748
f 1479/1270/1747 1480/1272/1749 1475/1271/1748
f 1475/1271/1748 1467/1273/1750 1481/1268/1745
f 1467/1273/1750 1470/1269/1746 1481/1268/1745
f 1469/1267/1744 1472/920/1436 1478/1263/1742
f 1474/1265/1436 1473/1274/1751 1487/1275/1740
f 1473/1274/1751 1471/1276/1752 1487/1275/1740
f 1487/1275/1740 1468/1264/1415 1474/1265/1436
f 1468/1264/1415 1466/921/1437 1472/920/1436
f 1466/921/1437 1476/1262/1741 1483/919/1435
f 1476/1262/1741 1482/1277/1753 1486/1261/1740
f 1482/1277/1753 1484/1278/1754 1485/1279/1755
f 1486/1261/1740 1482/1277/1753 1485/1279/1755
f 1943/1280/1756 1942/922/1438 1947/1281/1757
f 1942/922/1438 1941/1282/1758 1954/923/1439
f 1949/1283/1759 1954/923/1439 1953/1284/1760
f 1941/1282/1758 1962/1285/1761 1955/1286/1758
f 1962/1285/1761 1961/1287/1762 1957/1288/1763
f 1955/1286/1758 1962/1285/1761 1957/1288/1763
f 1961/1287/1762 1958/1289/1764 1960/1290/1439
f 1958/1289/1764 1959/1291/1765 1960/1290/1439
f 1960/1290/1439 1956/1292/1766 1961/1287/1762
f 1956/1292/1766 1957/1288/1763 1961/1287/1762
f 1955/1286/1758 1954/923/1439 1941/1282/1758
f 1953/1284/1760 1952/1293/1760 1950/1294/1440
f 1952/1293/1760 1951/1295/1767 1950/1294/1440
f 1950/1294/1440 1949/1283/1759 1953/1284/1760
f 1949/1283/1759 1948/924/1440 1954/923/1439
f 1948/924/1440 1947/1281/1757 1942/922/1438
f 1947/1281/1757 1946/1296/1768 1943/1280/1756
f 1946/1296/1768 1945/1297/1769 1944/1298/1770
f 1943/1280/1756 1946/1296/1768 1944/1298/1770
f 1669/1299/1399 1668/1300/1771 1664/1301/1772
f 1668/1300/1771 1667/1302/1773 1665/1303/1773
f 1667/1302/1773 1666/1304/1774 1665/1303/1773
f 1665/1303/1773 1664/1301/1772 1668/1300/1771
f 1664/1301/1772 1663/1305/1775 1662/1306/1776
f 1662/1306/1776 1661/1307/1610 1669/1299/1399
f 1661/1307/1610 1660/1308/1777 1670/1309/1778
f 1664/1301/1772 1662/1306/1776 1669/1299/1399
f 1670/1309/1778 1669/1299/1399 1661/1307/1610
f 1660/1308/1777 1659/1310/1779 1670/1309/1778
f 1671/1311/1388 1670/1309/1778 1659/1310/1779
f 1723/1086/1780 1673/1085/1781 1672/1312/1442
f 1723/1086/1780 1672/1312/1442 1659/1310/1779
f 1672/1312/1442 1671/1311/1388 1659/1310/1779
f 1720/1313/1782 1721/1314/1783 1714/1315/1608
f 1721/1314/1783 1722/1316/1784 1713/1317/1773
f 1714/1315/1608 1721/1314/1783 1713/1317/1773
f 1722/1316/1784 1723/1086/1780 1646/1318/1783
f 1723/1086/1780 1659/1310/1779 1658/1319/1785
f 1719/1320/1786 1720/1313/1782 1715/1321/1787
f 1717/1322/1788 1718/1323/1789 1716/1324/1581
f 1718/1323/1789 1719/1320/1786 1715/1321/1787
f 1715/1321/1787 1716/1324/1581 1718/1323/1789
f 1714/1315/1608 1715/1321/1787 1720/1313/1782
f 1723/1086/1780 1658/1319/1785 1646/1318/1783
f 1657/1325/1790 1656/1148/1594 1647/1147/1786
f 1658/1319/1785 1657/1325/1790 1646/1318/1783
f 1711/1088/1791 1712/1326/1792 1680/1089/1595
f 1712/1326/1792 1713/1317/1773 1680/1089/1595
f 1657/1325/1790 1647/1147/1786 1646/1318/1783
f 1713/1317/1773 1722/1316/1784 1645/1327/1441
f 1632/1328/1588 1713/1317/1773 1645/1327/1441
f 1632/1328/1588 1680/1089/1595 1713/1317/1773
f 1634/1329/1793 1633/1330/1794 1643/925/1441
f 1633/1330/1794 1632/1328/1588 1644/1331/1795
f 1637/1332/1591 1636/1333/1796 1635/927/1443
f 1635/927/1443 1634/1329/1793 1643/925/1441
f 1633/1330/1794 1644/1331/1795 1643/925/1441
f 1722/1316/1784 1646/1318/1783 1645/1327/1441
f 1645/1327/1441 1644/1331/1795 1632/1328/1588
f 1638/1334/1797 1637/1332/1591 1640/1335/1612
f 1637/1332/1591 1635/927/1443 1641/1336/1798
f 1640/1335/1612 1637/1332/1591 1641/1336/1798
f 1640/1335/1612 1639/1337/1799 1638/1334/1797
f 1642/926/1442 1641/1336/1798 1635/927/1443
f 2024/1338/1800 2036/1338/1801 2025/1338/1802
f 1965/1338/1803 1963/1338/1804 1975/1338/1805
f 1972/1338/1806 1966/1338/1801 1973/1338/1801
f 2066/1338/1807 2078/1338/1807 2067/1338/1808
f 2032/1338/1809 2031/1338/1809 2030/1338/1810
f 1982/1338/1802 1983/1338/1802 1976/1338/1801
f 2028/1338/1811 2026/1338/1802 2038/1338/1802
f 2021/1338/1812 2022/1338/1807 2023/1338/1813
f 1993/1338/1801 1987/1338/1803 1994/1338/1808
f 2063/1338/1803 2064/1338/1800 2065/1338/1800
f 2053/1338/1814 2052/1338/1815 2051/1338/1811
f 2003/1338/1802 2004/1338/1813 1997/1338/1801
f 2084/1338/1801 2085/1338/1801 2086/1338/1800
f 1979/1338/1816 1980/1338/1801 1981/1338/1807
f 2014/1338/1813 2008/1338/1801 2015/1338/1801
f 1969/1338/1817 1968/1338/1816 1967/1338/1816
f 2042/1338/1818 2043/1338/1802 2044/1338/1802
f 2024/1338/1800 2025/1338/1802 2018/1338/1807
f 1986/1338/1819 1984/1338/1806 1996/1338/1820
f 1973/1338/1801 2087/1338/1801 1972/1338/1806
f 2035/1338/1821 2029/1338/1801 2036/1338/1801
f 2000/1338/1822 2001/1338/1823 2002/1338/1805
f 2007/1338/1802 2005/1338/1816 2017/1338/1805
f 2045/1338/1802 2046/1338/1824 2039/1338/1801
f 2049/1338/1801 2047/1338/1825 2059/1338/1826
f 1982/1338/1802 1994/1338/1808 1983/1338/1802
f 2056/1338/1805 2050/1338/1812 2057/1338/1801
f 2011/1338/1816 2010/1338/1820 2009/1338/1827
f 2003/1338/1802 2015/1338/1801 2004/1338/1813
f 2066/1338/1807 2067/1338/1808 2060/1338/1801
f 2070/1338/1801 2068/1338/1807 2080/1338/1827
f 2045/1338/1802 2057/1338/1801 2046/1338/1824
f 2077/1338/1828 2071/1338/1813 2078/1338/1807
f 1990/1338/1818 1989/1338/1801 1988/1338/1801
f 2087/1338/1801 2088/1338/1827 2081/1338/1802
f 2074/1338/1805 2073/1338/1803 2072/1338/1829
s 0
f 2172/1339/1455 2173/1340/1455 2182/1341/1455
f 2130/1342/1455 2131/1343/1455 2132/1344/1455
f 2125/1345/1830 2139/1346/1830 2144/1347/1830
f 2154/1348/1468 2165/1349/1468 2166/1350/1468
f 2095/1351/1831 2112/1352/1831 2094/1353/1831
f 2119/1354/1832 2118/1355/1832 2102/1356/1832
f 2185/1357/1833 2190/1358/1833 2189/1357/1833
f 2187/1359/1833 2191/1360/1833 2188/1360/1833
s 1
f 2024/1338/1800 2035/1338/1821 2036/1338/1801
f 1975/1338/1805 1976/1338/1801 1966/1338/1801
f 1976/1338/1801 1983/1338/1802 1966/1338/1801
f 1983/1338/1802 1973/1338/1801 1966/1338/1801
f 1966/1338/1801 1965/1338/1803 1975/1338/1805
f 1965/1338/1803 1964/1338/1802 1963/1338/1804
f 1975/1338/1805 1963/1338/1804 1974/1338/1802
f 2066/1338/1807 2077/1338/1828 2078/1338/1807
f 2029/1338/1801 2035/1338/1821 2030/1338/1810
f 2035/1338/1821 2034/1338/1809 2032/1338/1809
f 2030/1338/1810 2035/1338/1821 2032/1338/1809
f 2034/1338/1809 2033/1338/1808 2032/1338/1809
f 2038/1338/1802 2039/1338/1801 2029/1338/1801
f 2039/1338/1801 2046/1338/1824 2029/1338/1801
f 2046/1338/1824 2036/1338/1801 2029/1338/1801
f 2029/1338/1801 2028/1338/1811 2038/1338/1802
f 2028/1338/1811 2027/1338/1802 2026/1338/1802
f 2038/1338/1802 2026/1338/1802 2037/1338/1802
f 2023/1338/1813 2024/1338/1800 2021/1338/1812
f 2024/1338/1800 2018/1338/1807 2019/1338/1818
f 2021/1338/1812 2024/1338/1800 2019/1338/1818
f 2019/1338/1818 2020/1338/1812 2021/1338/1812
f 2065/1338/1800 2066/1338/1807 2063/1338/1803
f 2066/1338/1807 2060/1338/1801 2061/1338/1802
f 2063/1338/1803 2066/1338/1807 2061/1338/1802
f 2061/1338/1802 2062/1338/1813 2063/1338/1803
f 2050/1338/1812 2056/1338/1805 2051/1338/1811
f 2056/1338/1805 2055/1338/1818 2053/1338/1814
f 2051/1338/1811 2056/1338/1805 2053/1338/1814
f 2055/1338/1818 2054/1338/1814 2053/1338/1814
f 2086/1338/1800 2087/1338/1801 2084/1338/1801
f 2087/1338/1801 2081/1338/1802 2082/1338/1808
f 2084/1338/1801 2087/1338/1801 2082/1338/1808
f 2082/1338/1808 2083/1338/1801 2084/1338/1801
f 1981/1338/1807 1982/1338/1802 1979/1338/1816
f 1982/1338/1802 1976/1338/1801 1977/1338/1827
f 1979/1338/1816 1982/1338/1802 1977/1338/1827
f 1977/1338/1827 1978/1338/1834 1979/1338/1816
f 1966/1338/1801 1972/1338/1806 1967/1338/1816
f 1972/1338/1806 1971/1338/1808 1969/1338/1817
f 1967/1338/1816 1972/1338/1806 1969/1338/1817
f 1971/1338/1808 1970/1338/1835 1969/1338/1817
f 2044/1338/1802 2045/1338/1802 2042/1338/1818
f 2045/1338/1802 2039/1338/1801 2040/1338/1836
f 2042/1338/1818 2045/1338/1802 2040/1338/1836
f 2040/1338/1836 2041/1338/1834 2042/1338/1818
f 1996/1338/1820 1997/1338/1801 1987/1338/1803
f 1997/1338/1801 2004/1338/1813 1987/1338/1803
f 2004/1338/1813 1994/1338/1808 1987/1338/1803
f 1987/1338/1803 1986/1338/1819 1996/1338/1820
f 1986/1338/1819 1985/1338/1812 1984/1338/1806
f 1996/1338/1820 1984/1338/1806 1995/1338/1808
f 1973/1338/1801 2088/1338/1827 2087/1338/1801
f 2002/1338/1805 2003/1338/1802 2000/1338/1822
f 2003/1338/1802 1997/1338/1801 1998/1338/1837
f 2000/1338/1822 2003/1338/1802 1998/1338/1837
f 1998/1338/1837 1999/1338/1827 2000/1338/1822
f 2017/1338/1805 2018/1338/1807 2008/1338/1801
f 2018/1338/1807 2025/1338/1802 2008/1338/1801
f 2025/1338/1802 2015/1338/1801 2008/1338/1801
f 2008/1338/1801 2007/1338/1802 2017/1338/1805
f 2007/1338/1802 2006/1338/1805 2005/1338/1816
f 2017/1338/1805 2005/1338/1816 2016/1338/1805
f 2059/1338/1826 2060/1338/1801 2050/1338/1812
f 2060/1338/1801 2067/1338/1808 2050/1338/1812
f 2067/1338/1808 2057/1338/1801 2050/1338/1812
f 2050/1338/1812 2049/1338/1801 2059/1338/1826
f 2049/1338/1801 2048/1338/1808 2047/1338/1825
f 2059/1338/1826 2047/1338/1825 2058/1338/1835
f 1982/1338/1802 1993/1338/1801 1994/1338/1808
f 2008/1338/1801 2014/1338/1813 2009/1338/1827
f 2014/1338/1813 2013/1338/1816 2011/1338/1816
f 2009/1338/1827 2014/1338/1813 2011/1338/1816
f 2013/1338/1816 2012/1338/1805 2011/1338/1816
f 2003/1338/1802 2014/1338/1813 2015/1338/1801
f 2080/1338/1827 2081/1338/1802 2071/1338/1813
f 2081/1338/1802 2088/1338/1827 2071/1338/1813
f 2088/1338/1827 2078/1338/1807 2071/1338/1813
f 2071/1338/1813 2070/1338/1801 2080/1338/1827
f 2070/1338/1801 2069/1338/1801 2068/1338/1807
f 2080/1338/1827 2068/1338/1807 2079/1338/1801
f 2045/1338/1802 2056/1338/1805 2057/1338/1801
f 1987/1338/1803 1993/1338/1801 1988/1338/1801
f 1993/1338/1801 1992/1338/1801 1990/1338/1818
f 1988/1338/1801 1993/1338/1801 1990/1338/1818
f 1992/1338/1801 1991/1338/1801 1990/1338/1818
f 2071/1338/1813 2077/1338/1828 2072/1338/1829
f 2077/1338/1828 2076/1338/1813 2074/1338/1805
f 2072/1338/1829 2077/1338/1828 2074/1338/1805
f 2076/1338/1813 2075/1338/1823 2074/1338/1805
s 0
f 2173/1340/1475 2174/1361/1475 2177/1362/1475
f 2174/1361/1838 2175/1363/1838 2176/1364/1838
f 2177/1362/1455 2174/1361/1455 2176/1364/1455
f 2177/1362/1838 2178/1365/1838 2173/1340/1838
f 2178/1365/1454 2179/1366/1454 2182/1341/1454
f 2173/1340/1838 2178/1365/1838 2182/1341/1838
f 2179/1366/1455 2180/1367/1455 2181/1368/1455
f 2182/1341/1455 2183/1369/1455 2172/1339/1455
f 2183/1369/1455 2184/1370/1455 2171/1371/1455
f 2179/1366/1455 2181/1368/1455 2182/1341/1455
f 2171/1371/1455 2172/1339/1455 2183/1369/1455
f 2140/1372/1839 2139/1346/1839 2125/1345/1839
f 2140/1372/1840 2125/1345/1840 2126/1373/1840
f 2141/1374/1838 2140/1372/1838 2126/1373/1838
f 2127/1375/1838 2128/1376/1838 2132/1344/1838
f 2128/1376/1839 2129/1377/1839 2132/1344/1839
f 2141/1374/1841 2126/1373/1841 2127/1375/1841
f 2136/1378/1838 2143/1379/1838 2142/1380/1838
f 2141/1374/1842 2127/1375/1842 2132/1344/1842
f 2132/1344/1839 2129/1377/1839 2130/1342/1839
f 2136/1378/1843 2142/1380/1843 2133/1381/1843
f 2142/1380/1832 2141/1374/1832 2133/1381/1832
f 2136/1378/1455 2133/1381/1455 2135/1382/1455
f 2134/1383/1468 2135/1382/1468 2133/1381/1468
f 2132/1344/1844 2133/1381/1844 2141/1374/1844
f 2144/1347/1845 2143/1379/1845 2136/1378/1845
f 2136/1378/1475 2137/1384/1475 2144/1347/1475
f 2137/1384/1846 2138/1385/1846 2121/1386/1846
f 2144/1347/1847 2137/1384/1847 2124/1387/1847
f 2121/1386/1838 2122/1388/1838 2137/1384/1838
f 2122/1388/1847 2123/1389/1847 2137/1384/1847
f 2123/1389/1831 2124/1387/1831 2137/1384/1831
f 2124/1387/1847 2125/1345/1847 2144/1347/1847
f 2170/1390/1839 2145/1391/1839 2148/1392/1839
f 2145/1391/1838 2146/1393/1838 2147/1394/1838
f 2148/1392/1844 2145/1391/1844 2147/1394/1844
f 2148/1392/1325 2149/1395/1325 2170/1390/1325
f 2149/1395/1845 2150/1396/1845 2169/1397/1845
f 2170/1390/1838 2149/1395/1838 2169/1397/1838
f 2150/1396/1838 2151/1398/1838 2168/1399/1838
f 2151/1398/1325 2152/1400/1325 2167/1401/1325
f 2168/1399/1454 2151/1398/1454 2167/1401/1454
f 2152/1400/1841 2153/1402/1841 2167/1401/1841
f 2153/1402/1838 2154/1348/1838 2166/1350/1838
f 2167/1401/1337 2153/1402/1337 2166/1350/1337
f 2154/1348/1455 2155/1403/1455 2165/1349/1455
f 2155/1403/1468 2156/1404/1468 2164/1405/1468
f 2164/1405/1338 2156/1404/1338 2163/1406/1338
f 2156/1404/1845 2157/1407/1845 2163/1406/1845
f 2157/1407/1455 2158/1408/1455 2162/1409/1455
f 2158/1408/1325 2159/1410/1325 2160/1411/1325
f 2160/1411/1838 2161/1412/1838 2158/1408/1838
f 2161/1412/1468 2162/1409/1468 2158/1408/1468
f 2157/1407/1844 2162/1409/1844 2163/1406/1844
f 2168/1399/1838 2169/1397/1838 2150/1396/1838
f 2155/1403/1455 2164/1405/1455 2165/1349/1455
f 2095/1351/1848 2113/1413/1848 2112/1352/1848
f 2096/1414/1323 2097/1415/1323 2113/1413/1323
f 2097/1415/1849 2098/1416/1849 2113/1413/1849
f 2098/1416/1475 2099/1417/1475 2114/1418/1475
f 2099/1417/1347 2100/1419/1347 2115/1420/1347
f 2100/1419/1838 2101/1421/1838 2116/1422/1838
f 2101/1421/1325 2102/1356/1325 2118/1355/1325
f 2116/1422/1838 2101/1421/1838 2117/1423/1838
f 2102/1356/1850 2103/1424/1850 2119/1354/1850
f 2103/1424/1325 2104/1425/1325 2120/1426/1325
f 2104/1425/1475 2089/1338/1475 2105/1427/1475
f 2089/1338/1455 2090/1428/1455 2105/1427/1455
f 2090/1428/1838 2091/1429/1838 2106/1430/1838
f 2091/1429/1845 2092/1431/1845 2107/1432/1845
f 2107/1432/1851 2092/1431/1851 2108/1433/1851
f 2092/1431/1845 2093/1434/1845 2108/1433/1845
f 2093/1434/1838 2094/1353/1838 2110/1435/1838
f 2108/1433/1838 2093/1434/1838 2109/1436/1838
f 2094/1353/1475 2112/1352/1475 2111/1437/1475
f 2094/1353/1832 2111/1437/1832 2110/1435/1832
f 2103/1424/1838 2120/1426/1838 2119/1354/1838
f 2099/1417/1839 2115/1420/1839 2114/1418/1839
f 2115/1420/1847 2100/1419/1847 2116/1422/1847
f 2095/1351/1832 2096/1414/1832 2113/1413/1832
f 2110/1435/1832 2109/1436/1832 2093/1434/1832
f 2114/1418/1838 2113/1413/1838 2098/1416/1838
f 2091/1429/1475 2107/1432/1475 2106/1430/1475
f 2117/1423/1852 2101/1421/1852 2118/1355/1852
f 2090/1428/1838 2106/1430/1838 2105/1427/1838
f 2104/1425/1845 2105/1427/1845 2120/1426/1845
f 2185/1357/1853 2186/1358/1853 2190/1358/1853
