# Blender 5.1.2
# www.blender.org
o 0004_14_SeatHandle
v -163.662750 -77.118683 35.586143
v -164.716537 -74.552071 35.399834
v -163.709610 -77.162712 35.569386
v -163.667953 -77.252922 35.570724
v -163.981094 -76.378853 35.564053
v -165.492340 -72.051483 34.962051
v -165.764679 -72.091583 34.842979
v -165.772690 -72.054634 34.832691
v -165.231873 -72.996254 35.179123
v -163.664093 -77.110931 35.907520
v -164.723862 -74.516708 35.724510
v -163.705994 -77.151787 35.938869
v -163.663788 -77.243225 35.940239
v -163.981491 -76.361603 35.879421
v -165.518784 -71.966644 35.271004
v -165.802795 -71.939987 35.368042
v -165.811646 -71.898605 35.356392
v -165.244995 -72.944115 35.490356
v -163.457840 -77.011971 36.133377
v -164.512039 -74.412590 35.950371
v -163.465271 -77.036514 36.194630
v -163.423004 -77.128059 36.196003
v -163.776108 -76.262421 36.097919
v -165.315186 -71.859512 35.495541
v -165.449844 -71.757286 35.745098
v -165.458771 -71.715515 35.733330
v -165.040741 -72.841873 35.708488
v -163.164810 -76.879761 36.131409
v -164.205170 -74.300697 35.945107
v -163.128433 -76.884415 36.186844
v -163.086655 -76.974884 36.188190
v -163.485291 -76.139404 36.091545
v -165.000824 -71.792824 35.504135
v -164.912582 -71.650505 35.753277
v -164.920776 -71.612617 35.742699
v -164.738754 -72.749420 35.705742
v -162.956665 -76.791756 35.902767
v -163.982986 -74.246582 35.711800
v -162.892807 -76.784592 35.920071
v -162.851761 -76.873444 35.921379
v -163.279358 -76.064613 35.864040
v -164.759842 -71.805656 35.291752
v -164.505722 -71.682198 35.387783
v -164.512802 -71.650177 35.379009
v -164.515930 -72.720909 35.483727
v -162.955338 -76.799507 35.581390
v -163.975662 -74.281944 35.387119
v -162.896408 -76.795517 35.550587
v -162.855927 -76.883148 35.551865
v -163.278976 -76.081863 35.548672
v -164.733398 -71.890495 34.982803
v -164.467606 -71.833801 34.862724
v -164.473831 -71.806206 34.855309
v -164.502792 -72.773048 35.172497
v -163.161591 -76.898468 35.355534
v -164.187485 -74.386070 35.161259
v -163.137146 -76.910797 35.294827
v -163.096710 -76.998314 35.296104
v -163.484344 -76.181046 35.330177
v -164.936981 -71.997635 34.758266
v -164.820557 -72.016502 34.485664
v -164.826706 -71.989288 34.478371
v -164.707047 -72.875290 34.954365
v -163.454620 -77.030678 35.357502
v -164.494370 -74.497963 35.166527
v -163.473969 -77.062889 35.302612
v -163.433060 -77.151482 35.303913
v -163.775177 -76.304062 35.336548
v -165.251358 -72.064316 34.749668
v -165.357819 -72.123283 34.477489
v -165.364716 -72.092194 34.469002
v -165.009048 -72.967743 34.957108
v -163.117798 -78.264763 35.586143
v -161.792206 -80.702118 35.399834
v -163.181519 -78.273308 35.569386
v -163.225204 -78.184059 35.570724
v -162.744904 -78.978653 35.564053
v -160.342361 -82.882202 34.962051
v -160.545364 -83.068130 34.842979
v -160.521759 -83.097664 34.832691
v -160.910736 -82.083847 35.179123
v -163.112625 -78.270691 35.907520
v -161.769394 -80.730125 35.724510
v -163.170761 -78.277405 35.938869
v -163.215042 -78.186951 35.940239
v -162.731766 -78.989838 35.879421
v -160.293243 -82.956261 35.271004
v -160.451843 -83.193382 35.368042
v -160.425323 -83.226372 35.356392
v -160.878586 -82.126945 35.490356
v -162.905685 -78.173180 36.133377
v -161.554932 -80.631554 35.950371
v -162.929413 -78.163445 36.194630
v -162.973740 -78.072891 36.196003
v -162.525208 -78.893143 36.097919
v -160.081635 -82.865974 35.495541
v -160.087341 -83.034943 35.745098
v -160.060593 -83.068230 35.733330
v -160.670364 -82.033051 35.708488
v -162.618195 -78.029350 36.131409
v -161.274460 -80.464157 35.945107
v -162.598831 -77.998192 36.186844
v -162.642639 -77.908684 36.188190
v -162.246231 -78.745216 36.091545
v -159.831497 -82.664238 35.504135
v -159.665405 -82.685623 35.753277
v -159.641190 -82.715889 35.742699
v -160.408035 -81.857170 35.705742
v -162.418549 -77.923454 35.902767
v -161.092255 -80.325989 35.711800
v -162.372681 -77.878433 35.920071
v -162.415695 -77.790527 35.921379
v -162.058243 -78.632713 35.864040
v -159.689331 -82.469215 35.291752
v -159.433182 -82.350044 35.387783
v -159.412811 -82.375748 35.379009
v -160.245270 -81.702339 35.483727
v -162.423721 -77.917526 35.581390
v -161.115051 -80.297989 35.387119
v -162.383438 -77.874336 35.550587
v -162.425842 -77.787636 35.551865
v -162.071365 -78.621521 35.548672
v -159.738449 -82.395157 34.982803
v -159.526703 -82.224792 34.862724
v -159.509232 -82.247047 34.855309
v -160.277435 -81.659241 35.172497
v -162.630661 -78.015038 35.355534
v -161.329514 -80.396553 35.161259
v -162.624786 -77.988297 35.294827
v -162.667160 -77.901695 35.296104
v -162.277924 -78.718216 35.330177
v -159.950058 -82.485451 34.758266
v -159.891190 -82.383224 34.485664
v -159.873978 -82.405182 34.478371
v -160.485657 -81.753136 34.954365
v -162.918167 -78.158867 35.357502
v -161.610001 -80.563957 35.166527
v -162.955368 -78.153557 35.302612
v -162.998260 -78.065903 35.303913
v -162.556915 -78.866142 35.336548
v -160.200195 -82.687187 34.749668
v -160.313141 -82.732552 34.477489
v -160.293381 -82.757523 34.469002
v -160.747986 -81.929016 34.957108
v -150.341583 -100.648880 35.586143
v -151.766113 -98.267982 35.399834
v -150.381348 -100.699402 35.569386
v -150.326706 -100.782402 35.570724
v -150.766632 -99.964760 35.564053
v -152.905914 -95.910942 34.962051
v -153.169250 -95.991188 34.842979
v -153.182678 -95.955841 34.832691
v -152.507553 -96.806343 35.179123
v -150.344055 -100.641418 35.907520
v -151.778610 -98.234108 35.724510
v -150.379410 -100.688057 35.938869
v -150.324036 -100.772186 35.940239
v -150.769577 -99.947762 35.879421
v -152.944717 -95.830994 35.271004
v -153.229538 -95.846962 35.368042
v -153.244446 -95.807365 35.356392
v -152.528320 -96.756744 35.490356
v -150.154861 -100.512817 36.133377
v -151.584686 -98.099579 35.950371
v -150.158539 -100.538193 36.194630
v -150.103119 -100.622421 36.196003
v -150.581284 -99.819077 36.097919
v -152.759354 -95.694710 35.495541
v -152.907761 -95.613701 35.745098
v -152.922806 -95.573730 35.733330
v -152.341583 -96.625198 35.708488
v -149.884811 -100.338417 36.131409
v -151.297913 -97.943207 35.945107
v -149.848129 -100.337593 36.186844
v -149.793350 -100.420830 36.188190
v -150.312042 -99.654091 36.091545
v -152.458450 -95.581924 35.504135
v -152.392395 -95.428040 35.753277
v -152.406143 -95.391792 35.742699
v -152.056732 -96.488770 35.705742
v -149.692108 -100.220375 35.902767
v -151.086288 -97.856583 35.711800
v -149.630020 -100.203773 35.920071
v -149.576202 -100.285515 35.921379
v -150.119568 -99.549446 35.864040
v -152.218231 -95.558701 35.291752
v -151.985352 -95.398743 35.387783
v -151.997131 -95.368134 35.379009
v -151.840637 -96.427376 35.483727
v -149.689621 -100.227837 35.581390
v -151.073776 -97.890457 35.387119
v -149.631958 -100.215111 35.550587
v -149.578873 -100.295731 35.551865
v -150.116608 -99.566437 35.548672
v -152.179443 -95.638641 34.982803
v -151.925064 -95.542969 34.862724
v -151.935349 -95.516609 34.855309
v -151.819885 -96.476974 35.172497
v -149.878830 -100.356438 35.355534
v -151.267700 -98.024986 35.161259
v -149.852814 -100.364975 35.294827
v -149.799805 -100.445496 35.296104
v -150.304916 -99.695122 35.330177
v -152.364792 -95.774925 34.758266
v -152.246841 -95.776237 34.485664
v -152.256989 -95.750244 34.478371
v -152.006622 -96.608513 34.954365
v -150.148880 -100.530838 35.357502
v -151.554474 -98.181366 35.166527
v -150.163223 -100.565575 35.302612
v -150.109558 -100.647079 35.303913
v -150.574158 -99.860115 35.336548
v -152.665710 -95.887718 34.749668
v -152.762207 -95.961891 34.477489
v -152.773651 -95.932182 34.469002
v -152.291473 -96.744942 34.957108
v -149.631897 -101.700943 35.586143
v -147.957855 -103.913521 35.399834
v -149.693634 -101.718887 35.569386
v -149.750137 -101.637146 35.570724
v -149.156784 -102.351288 35.564053
v -146.199295 -105.853180 34.962051
v -146.372330 -106.067284 34.842979
v -146.344574 -106.092972 34.832691
v -146.880310 -105.148453 35.179123
v -149.625916 -101.706032 35.907520
v -147.931137 -103.937813 35.724510
v -149.682388 -101.721336 35.938869
v -149.739670 -101.638496 35.940239
v -149.142120 -102.360390 35.879421
v -146.139694 -105.919090 35.271004
v -146.261185 -106.177200 35.368042
v -146.230057 -106.205864 35.356392
v -146.842102 -105.186272 35.490356
v -149.435806 -101.578766 36.133377
v -147.733765 -103.808380 35.950371
v -149.460724 -101.572685 36.194630
v -149.518051 -101.489746 36.196003
v -148.952286 -102.233994 36.097919
v -145.943909 -105.798279 35.495541
v -145.924377 -105.966209 35.745098
v -145.892944 -105.995132 35.733330
v -146.650192 -105.062393 35.708488
v -149.172958 -101.393700 36.131409
v -147.481354 -103.601051 35.945107
v -149.158463 -101.360001 36.186844
v -149.215118 -101.278030 36.188190
v -148.698456 -102.046143 36.091545
v -145.726624 -105.561508 35.504135
v -145.559204 -105.557907 35.753277
v -145.530746 -105.584229 35.742699
v -146.417007 -104.849380 35.705742
v -148.991333 -101.259232 35.902767
v -147.321777 -103.437271 35.711800
v -148.952682 -101.207886 35.920071
v -149.008316 -101.127365 35.921379
v -148.529343 -101.906868 35.864040
v -145.615128 -105.347481 35.291752
v -145.379593 -105.191467 35.387783
v -145.355621 -105.213844 35.379009
v -146.279144 -104.672020 35.483727
v -148.997330 -101.254143 35.581390
v -147.348511 -103.412979 35.387119
v -148.963928 -101.205429 35.550587
v -149.018799 -101.126022 35.551865
v -148.543991 -101.897766 35.548672
v -145.674728 -105.281570 34.982803
v -145.490738 -105.081543 34.862724
v -145.470139 -105.100952 34.855309
v -146.317352 -104.634201 35.172497
v -149.187424 -101.381409 35.355534
v -147.545883 -103.542412 35.161259
v -149.185608 -101.354088 35.294827
v -149.240402 -101.274773 35.296104
v -148.733841 -102.024162 35.330177
v -145.870514 -105.402390 34.758266
v -145.827545 -105.292534 34.485664
v -145.807251 -105.311676 34.478371
v -146.509262 -104.758072 34.954365
v -149.450272 -101.566483 35.357502
v -147.798279 -103.749741 35.166527
v -149.487854 -101.566765 35.302612
v -149.543335 -101.486488 35.303913
v -148.987656 -102.212013 35.336548
v -146.087799 -105.639153 34.749668
v -146.192703 -105.700844 34.477489
v -146.169449 -105.722588 34.469002
v -146.742447 -104.971085 34.957108
v -133.662369 -121.930954 35.586143
v -135.425827 -119.788956 35.399834
v -133.694168 -121.986839 35.569386
v -133.627777 -122.060768 35.570724
v -134.184631 -121.317825 35.564053
v -136.904190 -117.628113 34.962051
v -137.152618 -117.746704 34.842979
v -137.171158 -117.713753 34.832691
v -136.376831 -118.454140 35.179123
v -133.665939 -121.923943 35.907520
v -135.443237 -119.757324 35.724510
v -133.693939 -121.975334 35.938869
v -133.626648 -122.050270 35.940239
v -134.190079 -121.301453 35.879421
v -136.954468 -117.554840 35.271004
v -137.233719 -117.613075 35.368042
v -137.254379 -117.576141 35.356392
v -136.404739 -118.408188 35.490356
v -133.498016 -121.768585 36.133377
v -135.271530 -119.595390 35.950371
v -133.497879 -121.794228 36.194630
v -133.430511 -121.869255 36.196003
v -134.023071 -121.146149 36.097919
v -136.791489 -117.392448 35.495541
v -136.950302 -117.334457 35.745098
v -136.971146 -117.297180 35.733330
v -136.239700 -118.250282 35.708488
v -133.256973 -121.555885 36.131409
v -135.011261 -119.398026 35.945107
v -133.220825 -121.549606 36.186844
v -133.154251 -121.623749 36.188190
v -133.781418 -120.942871 36.091545
v -136.510742 -117.236076 35.504135
v -136.468369 -117.074066 35.753277
v -136.487366 -117.040276 35.742699
v -135.978363 -118.072929 35.705742
v -133.084015 -121.410446 35.902767
v -134.814911 -119.280830 35.711800
v -133.025085 -121.384773 35.920071
v -132.959686 -121.457581 35.921379
v -133.606689 -120.810715 35.864040
v -136.276688 -117.177307 35.291752
v -136.070236 -116.984436 35.387783
v -136.086441 -116.955917 35.379009
v -135.773849 -117.980011 35.483727
v -133.080444 -121.417458 35.581390
v -134.797485 -119.312469 35.387119
v -133.025314 -121.396278 35.550587
v -132.960815 -121.468079 35.551865
v -133.601227 -120.827080 35.548672
v -136.226410 -117.250580 34.982803
v -135.989136 -117.118065 34.862724
v -136.003220 -117.093529 34.855309
v -135.745926 -118.025963 35.172497
v -133.248367 -121.572815 35.355534
v -134.969208 -119.474396 35.161259
v -133.221375 -121.577385 35.294827
v -133.156952 -121.649101 35.296104
v -133.768250 -120.982391 35.330177
v -136.389374 -117.412971 34.758266
v -136.272552 -117.396683 34.485664
v -136.286453 -117.372498 34.478371
v -135.910980 -118.183861 34.954365
v -133.489410 -121.785515 35.357502
v -135.229477 -119.671761 35.166527
v -133.498428 -121.822006 35.302612
v -133.433212 -121.894600 35.303913
v -134.009903 -121.185661 35.336548
v -136.670120 -117.569344 34.749668
v -136.754486 -117.657074 34.477489
v -136.770233 -117.629395 34.469002
v -136.172302 -118.361221 34.957108
v -132.803818 -122.865509 35.586143
v -130.818726 -124.803879 35.399834
v -132.862198 -122.892448 35.569386
v -132.930237 -122.820038 35.570724
v -132.237076 -123.437775 35.564053
v -128.790726 -126.459793 34.962051
v -128.929916 -126.697289 34.842979
v -128.898651 -126.718559 34.832691
v -129.569168 -125.864426 35.179123
v -132.797134 -122.869644 35.907520
v -130.788681 -124.823914 35.724510
v -132.850708 -122.893196 35.938869
v -132.919693 -122.819817 35.940239
v -132.221237 -123.444588 35.879421
v -128.721970 -126.516083 35.271004
v -128.803619 -126.789413 35.368042
v -128.768570 -126.813126 35.356392
v -129.525742 -125.896133 35.490356
v -132.628128 -122.715469 36.133377
v -130.612793 -124.666519 35.950371
v -132.653671 -122.713165 36.194630
v -132.722717 -122.639694 36.196003
v -132.052353 -123.291313 36.097919
v -128.546371 -126.367439 35.495541
v -128.502029 -126.530586 35.745098
v -128.466644 -126.554504 35.733330
v -129.354446 -125.745033 35.708488
v -132.395798 -122.493294 36.131409
v -130.394119 -124.423882 35.945107
v -132.386475 -122.457809 36.186844
v -132.454727 -122.385201 36.188190
v -131.829361 -123.067734 36.091545
v -128.366806 -126.100929 35.504135
v -128.201797 -126.072418 35.753277
v -128.169724 -126.094208 35.742699
v -129.155609 -125.499657 35.705742
v -132.236237 -122.333260 35.902767
v -130.260727 -124.238152 35.711800
v -132.205673 -122.276726 35.920071
v -132.272690 -122.205399 35.921379
v -131.682892 -122.904816 35.864040
v -128.288437 -125.872681 35.291752
v -128.078796 -125.683304 35.387783
v -128.051758 -125.701859 35.379009
v -129.045715 -125.303726 35.483727
v -132.242920 -122.329117 35.581390
v -130.290771 -124.218117 35.387119
v -132.217163 -122.275978 35.550587
v -132.283249 -122.205627 35.551865
v -131.698730 -122.897995 35.548672
v -128.357193 -125.816383 34.982803
v -128.205078 -125.591171 34.862724
v -128.181824 -125.607292 34.855309
v -129.089142 -125.272018 35.172497
v -132.411926 -122.483292 35.355534
v -130.466660 -124.375519 35.161259
v -132.414200 -122.456009 35.294827
v -132.480209 -122.385742 35.296104
v -131.867615 -123.051270 35.330177
v -128.532791 -125.965034 34.758266
v -128.506683 -125.850006 34.485664
v -128.483749 -125.865906 34.478371
v -129.260437 -125.423111 34.954365
v -132.644272 -122.705475 35.357502
v -130.685333 -124.618149 35.166527
v -132.681381 -122.711365 35.302612
v -132.748199 -122.640244 35.303913
v -132.090607 -123.274857 35.336548
v -128.712372 -126.231537 34.749668
v -128.806915 -126.308174 34.477489
v -128.780670 -126.326210 34.469002
v -129.459274 -125.668495 34.957108
v -113.997658 -140.489578 35.586143
v -116.060646 -138.634323 35.399834
v -114.020760 -140.549576 35.569386
v -113.944092 -140.612793 35.570724
v -114.605461 -139.961136 35.564053
v -117.844543 -136.717941 34.962051
v -118.072517 -136.872223 34.842979
v -118.095772 -136.842407 34.832691
v -117.199966 -137.456146 35.179123
v -114.002228 -140.483185 35.907520
v -116.082588 -138.605637 35.724510
v -114.022255 -140.538162 35.938869
v -113.944550 -140.602234 35.940239
v -114.613297 -139.945755 35.879421
v -117.905174 -136.652969 35.271004
v -118.172638 -136.752182 35.368042
v -118.198563 -136.718735 35.356392
v -117.234421 -137.414871 35.490356
v -113.859329 -140.304535 36.133377
v -115.936920 -138.419922 35.950371
v -113.855370 -140.329865 36.194630
v -113.777580 -140.394012 36.196003
v -114.471291 -139.767288 36.097919
v -117.768227 -136.468109 35.495541
v -117.933907 -136.434433 35.745098
v -117.960068 -136.400681 35.733330
v -117.094749 -137.234131 35.708488
v -113.652679 -140.058289 36.131409
v -115.708977 -138.185974 35.945107
v -113.617882 -140.046692 36.186844
v -113.540993 -140.110077 36.188190
v -114.262634 -139.530273 36.091545
v -117.513924 -136.271637 35.504135
v -117.496162 -136.105133 35.753277
v -117.519981 -136.074539 35.742699
v -116.862770 -137.019806 35.705742
v -113.503326 -139.888687 35.902767
v -115.532280 -138.040817 35.711800
v -113.448891 -139.854523 35.920071
v -113.373375 -139.916763 35.921379
v -114.109550 -139.373550 35.864040
v -117.291229 -136.178650 35.291752
v -117.115837 -135.957153 35.387783
v -117.136108 -135.931381 35.379009
v -116.674377 -136.897446 35.483727
v -113.498764 -139.895081 35.581390
v -115.510338 -138.069504 35.387119
v -113.447403 -139.865936 35.550587
v -113.372917 -139.927322 35.551865
v -114.101715 -139.388916 35.548672
v -117.230598 -136.243607 34.982803
v -117.015717 -136.077209 34.862724
v -117.033310 -136.055054 34.855309
v -116.639923 -136.938721 35.172497
v -113.641655 -140.073746 35.355534
v -115.656006 -138.255219 35.161259
v -113.614281 -140.074234 35.294827
v -113.539886 -140.135544 35.296104
v -114.243721 -139.567383 35.330177
v -117.367546 -136.428467 34.758266
v -117.254456 -136.394958 34.485664
v -117.271805 -136.373108 34.478371
v -116.779594 -137.119461 34.954365
v -113.848305 -140.319992 35.357502
v -115.883949 -138.489166 35.166527
v -113.851776 -140.357407 35.302612
v -113.776474 -140.419479 35.303913
v -114.452385 -139.804398 35.336548
v -117.621849 -136.624939 34.749668
v -117.692192 -136.724258 34.477489
v -117.711891 -136.699249 34.469002
v -117.011574 -137.333786 34.957108
v -113.009415 -141.285736 35.586143
v -110.757599 -142.906616 35.399834
v -113.063126 -141.321091 35.569386
v -113.141197 -141.259628 35.570724
v -112.363716 -141.767151 35.564053
v -108.505463 -144.241791 34.962051
v -108.607704 -144.497375 34.842979
v -108.573616 -144.513748 34.832691
v -109.363945 -143.769089 35.179123
v -113.002190 -141.288834 35.907520
v -110.724907 -142.921951 35.724510
v -113.051659 -141.320114 35.938869
v -113.130798 -141.257828 35.940239
v -112.347031 -141.771530 35.879421
v -108.429085 -144.287216 35.271004
v -108.469093 -144.569656 35.368042
v -108.430901 -144.587875 35.356392
v -109.316277 -143.793976 35.490356
v -112.858047 -141.111191 36.133377
v -110.574448 -142.740097 35.950371
v -112.883644 -141.112717 36.194630
v -112.962875 -141.050369 36.196003
v -112.202873 -141.594803 36.097919
v -108.277603 -144.114059 35.495541
v -108.209442 -144.268768 35.745098
v -108.170883 -144.287155 35.733330
v -109.169411 -143.619034 35.708488
v -112.661415 -140.856873 36.131409
v -110.394371 -142.467590 35.945107
v -112.657494 -140.820404 36.186844
v -112.735802 -140.758774 36.188190
v -112.015694 -141.340485 36.091545
v -108.139755 -143.823761 35.504135
v -107.980843 -143.770981 35.753277
v -107.945885 -143.787735 35.742699
v -109.009369 -143.346756 35.705742
v -112.527496 -140.674850 35.902767
v -110.290154 -142.264053 35.711800
v -112.505699 -140.614395 35.920071
v -112.582588 -140.553848 35.921379
v -111.895142 -141.157547 35.864040
v -108.096291 -143.586380 35.291752
v -107.917206 -143.367874 35.387783
v -107.887703 -143.382187 35.379009
v -108.929901 -143.136642 35.483727
v -112.534721 -140.671753 35.581390
v -110.322845 -142.248718 35.387119
v -112.517166 -140.615356 35.550587
v -112.592995 -140.555649 35.551865
v -111.911827 -141.153168 35.548672
v -108.172668 -143.540970 34.982803
v -108.055817 -143.295593 34.862724
v -108.030418 -143.308075 34.855309
v -108.977570 -143.111755 35.172497
v -112.678864 -140.849396 35.355534
v -110.473305 -142.430573 35.161259
v -112.685181 -140.822754 35.294827
v -112.760918 -140.763107 35.296104
v -112.055977 -141.329895 35.330177
v -108.324150 -143.714111 34.758266
v -108.315468 -143.596481 34.485664
v -108.290428 -143.608795 34.478371
v -109.124435 -143.286697 34.954365
v -112.875496 -141.103714 35.357502
v -110.653389 -142.703079 35.166527
v -112.911324 -141.115067 35.302612
v -112.987991 -141.054703 35.303913
v -112.243156 -141.584229 35.336548
v -108.461998 -144.004410 34.749668
v -108.544067 -144.094284 34.477489
v -108.515434 -144.108200 34.469002
v -109.284477 -143.558975 34.957108
v -91.786690 -155.910217 35.586143
v -94.103142 -154.383133 35.399834
v -91.800598 -155.972992 35.569386
v -91.715363 -156.024063 35.570724
v -92.466469 -155.478256 35.564053
v -96.152725 -152.754013 34.962051
v -96.355156 -152.940552 34.842979
v -96.382591 -152.914536 34.832691
v -95.405327 -153.387909 35.179123
v -91.792160 -155.904572 35.907520
v -94.129112 -154.358032 35.724510
v -91.803772 -155.961929 35.938869
v -91.717392 -156.013702 35.940239
v -92.476501 -155.464218 35.879421
v -96.222359 -152.698807 35.271004
v -96.472054 -152.836761 35.368042
v -96.502670 -152.807571 35.356392
v -95.445549 -153.352234 35.490356
v -91.677490 -155.706619 36.133377
v -94.012749 -154.152695 35.950371
v -91.669800 -155.731079 36.194630
v -91.583321 -155.782913 36.196003
v -92.362679 -155.266586 36.097919
v -96.114487 -152.495605 35.495541
v -96.283340 -152.487000 35.745098
v -96.314240 -152.457520 35.733330
v -95.334373 -153.152695 35.708488
v -91.509842 -155.432327 36.131409
v -93.822212 -153.887375 35.945107
v -91.477158 -155.415665 36.186844
v -91.391685 -155.466888 36.188190
v -92.191673 -155.001114 36.091545
v -95.892303 -152.263428 35.504135
v -95.899567 -152.096130 35.753277
v -95.927673 -152.069427 35.742699
v -95.136925 -152.906189 35.705742
v -91.387436 -155.242355 35.902767
v -93.669128 -153.717514 35.711800
v -91.338699 -155.200470 35.920071
v -91.254745 -155.250763 35.921379
v -92.063660 -154.823318 35.864040
v -95.685959 -152.138290 35.291752
v -95.545540 -151.893127 35.387783
v -95.569420 -151.870651 35.379009
v -94.968872 -152.757126 35.483727
v -91.381966 -155.248016 35.581390
v -93.643158 -153.742615 35.387119
v -91.335526 -155.211517 35.550587
v -91.252724 -155.261124 35.551865
v -92.053627 -154.837357 35.548672
v -95.616325 -152.193481 34.982803
v -95.428642 -151.996918 34.862724
v -95.449341 -151.977631 34.855309
v -94.928650 -152.792801 35.172497
v -91.496643 -155.445969 35.355534
v -93.759521 -153.947968 35.161259
v -91.469498 -155.442368 35.294827
v -91.386795 -155.491913 35.296104
v -92.167450 -155.034988 35.330177
v -95.724190 -152.396698 34.758266
v -95.617355 -152.346695 34.485664
v -95.637772 -152.327682 34.478371
v -95.039825 -152.992340 34.954365
v -91.664284 -155.720261 35.357502
v -93.950050 -154.213272 35.166527
v -91.662140 -155.757782 35.302612
v -91.578430 -155.807938 35.303913
v -92.338455 -155.300461 35.336548
v -95.946373 -152.628876 34.749668
v -96.001129 -152.737564 34.477489
v -96.024338 -152.715759 34.469002
v -95.237274 -153.238831 34.957108
v -90.690834 -156.550201 35.586143
v -88.222603 -157.817383 35.399834
v -90.738670 -156.593155 35.569386
v -90.825035 -156.544022 35.570724
v -89.980598 -156.930008 35.564053
v -85.796623 -158.802002 34.962051
v -85.859627 -159.069962 34.842979
v -85.823486 -159.081070 34.832691
v -86.715965 -158.462524 35.179123
v -90.683228 -156.552185 35.907520
v -88.187981 -157.827667 35.724510
v -90.727478 -156.590485 35.938869
v -90.815018 -156.540695 35.940239
v -89.963440 -156.931854 35.879421
v -85.714333 -158.835526 35.271004
v -85.711800 -159.120773 35.368042
v -85.671318 -159.133102 35.356392
v -86.665123 -158.480011 35.490356
v -90.567162 -156.355042 36.133377
v -88.066307 -157.625427 35.950371
v -90.592247 -156.360367 36.194630
v -90.679886 -156.310516 36.196003
v -89.847237 -156.735611 36.097919
v -85.590347 -158.641724 35.495541
v -85.499886 -158.784561 35.745098
v -85.459023 -158.796982 35.733330
v -86.545967 -158.285141 35.708488
v -90.410637 -156.074265 36.131409
v -87.928856 -157.329117 35.945107
v -90.412193 -156.037613 36.186844
v -90.498810 -155.988342 36.188190
v -89.700050 -156.456223 36.091545
v -85.497299 -158.334137 35.504135
v -85.348030 -158.258255 35.753277
v -85.310966 -158.269608 35.742699
v -86.428291 -157.992050 35.705742
v -90.305336 -155.874313 35.902767
v -87.856133 -157.112320 35.711800
v -90.292793 -155.811279 35.920071
v -90.377853 -155.762878 35.921379
v -89.608101 -156.257370 35.864040
v -85.489700 -158.092926 35.291752
v -85.345184 -157.850159 35.387783
v -85.313873 -157.859924 35.379009
v -86.381027 -157.772446 35.483727
v -90.312943 -155.872330 35.581390
v -87.890755 -157.102020 35.387119
v -90.303986 -155.813950 35.550587
v -90.387871 -155.766205 35.551865
v -89.625259 -156.255524 35.548672
v -85.571991 -158.059387 34.982803
v -85.493011 -157.799347 34.862724
v -85.466042 -157.807892 34.855309
v -86.431870 -157.754944 35.172497
v -90.429001 -156.069458 35.355534
v -88.012428 -157.304276 35.161259
v -90.439217 -156.044052 35.294827
v -90.523003 -155.996368 35.296104
v -89.741463 -156.451782 35.330177
v -85.695976 -158.253189 34.758266
v -85.704926 -158.135574 34.485664
v -85.678329 -158.144012 34.478371
v -86.551025 -157.949814 34.954365
v -90.585533 -156.350250 35.357502
v -88.149879 -157.600586 35.166527
v -90.619270 -156.366821 35.302612
v -90.704079 -156.318558 35.303913
v -89.888649 -156.731155 35.336548
v -85.789017 -158.560791 34.749668
v -85.856781 -158.661880 34.477489
v -85.826393 -158.671387 34.469002
v -86.668701 -158.242905 34.957108
v -67.525528 -167.848404 35.586143
v -70.043694 -166.683609 35.399834
v -67.529922 -167.912537 35.569386
v -67.438026 -167.950348 35.570724
v -68.262085 -167.522568 35.564053
v -72.313179 -165.378143 34.962051
v -72.485550 -165.592773 34.842979
v -72.516556 -165.571121 34.832691
v -71.479660 -165.893570 35.179123
v -67.531776 -167.843628 35.907520
v -70.073112 -166.662659 35.724510
v -67.534706 -167.902084 35.938869
v -67.441574 -167.940399 35.940239
v -68.274101 -167.510193 35.879421
v -72.390266 -165.333923 35.271004
v -72.616608 -165.507568 35.368042
v -72.651237 -165.483246 35.356392
v -71.524750 -165.864273 35.490356
v -67.447884 -167.630798 36.133377
v -69.988655 -166.442261 35.950371
v -67.436638 -167.653839 36.194630
v -67.343391 -167.692215 36.196003
v -68.191002 -167.297806 36.097919
v -72.313889 -165.116913 35.495541
v -72.482132 -165.133575 35.745098
v -72.517082 -165.109024 35.733330
v -71.444550 -165.650406 35.708488
v -67.322990 -167.334579 36.131409
v -69.839790 -166.151520 35.945107
v -67.293152 -167.313248 36.186844
v -67.201004 -167.351166 36.188190
v -68.061470 -167.009811 36.091545
v -72.128784 -164.854218 35.504135
v -72.160896 -164.689865 35.753277
v -72.192673 -164.667664 35.742699
v -71.286049 -165.377228 35.705742
v -67.230263 -167.128494 35.902767
v -69.713722 -165.960739 35.711800
v -67.188316 -167.079803 35.920071
v -67.097809 -167.117035 35.921379
v -67.961388 -166.814926 35.864040
v -71.943398 -164.699722 35.291752
v -71.841080 -164.436386 35.387783
v -71.868050 -164.417725 35.379009
v -71.142090 -165.204773 35.483727
v -67.224014 -167.133270 35.581390
v -69.684303 -165.981689 35.387119
v -67.183525 -167.090271 35.550587
v -67.094261 -167.126984 35.551865
v -67.949371 -166.827301 35.548672
v -71.866310 -164.743927 34.982803
v -71.710022 -164.521591 34.862724
v -71.733368 -164.505600 34.855309
v -71.097000 -165.234070 35.172497
v -67.307907 -167.346100 35.355534
v -69.768761 -166.202087 35.161259
v -67.281601 -167.338516 35.294827
v -67.192436 -167.375168 35.296104
v -68.032471 -167.039703 35.330177
v -71.942688 -164.960938 34.758266
v -71.844498 -164.895584 34.485664
v -71.867523 -164.879822 34.478371
v -71.177193 -165.447937 34.954365
v -67.432793 -167.642319 35.357502
v -69.917625 -166.492828 35.166527
v -67.425079 -167.679108 35.302612
v -67.334831 -167.716217 35.303913
v -68.162003 -167.327682 35.336548
v -72.127792 -165.223633 34.749668
v -72.165733 -165.339279 34.477489
v -72.191933 -165.321182 34.469002
v -71.335701 -165.721115 34.957108
v -66.346527 -168.317917 35.586143
v -63.717003 -169.203094 35.399834
v -66.387428 -168.367523 35.569386
v -66.480148 -168.331802 35.570724
v -65.587616 -168.587631 35.564053
v -61.171379 -169.815155 34.962051
v -61.193745 -170.089523 34.842979
v -61.156349 -170.095123 34.832691
v -62.131046 -169.616486 35.179123
v -66.338707 -168.318756 35.907520
v -63.681240 -169.208099 35.724510
v -66.376755 -168.363205 35.938869
v -66.470741 -168.327026 35.940239
v -65.570381 -168.586899 35.879421
v -61.085007 -169.836044 35.271004
v -61.039989 -170.117737 35.368042
v -60.998123 -170.123886 35.356392
v -62.078167 -169.626205 35.490356
v -66.253319 -168.106506 36.133377
v -63.591064 -168.989990 35.950371
v -66.277328 -168.115509 36.194630
v -66.371422 -168.079285 36.196003
v -65.484718 -168.375519 36.097919
v -60.991295 -169.625931 35.495541
v -60.880554 -169.753693 35.745098
v -60.838295 -169.759888 35.733330
v -61.989380 -169.415756 35.708488
v -66.140388 -167.805527 36.131409
v -63.499306 -168.676498 35.945107
v -66.147392 -167.769531 36.186844
v -66.240379 -167.733704 36.188190
v -65.380814 -168.077332 36.091545
v -60.945129 -169.307907 35.504135
v -60.808830 -169.210632 35.753277
v -60.770489 -169.216339 35.742699
v -61.916698 -169.108398 35.705742
v -66.066063 -167.592117 35.902767
v -63.459709 -168.451279 35.711800
v -66.063057 -167.527924 35.920071
v -66.154381 -167.492737 35.921379
v -65.319527 -167.867004 35.864040
v -60.973560 -169.068253 35.291752
v -60.866833 -168.806671 35.387783
v -60.834419 -168.811661 35.379009
v -61.902695 -168.884201 35.483727
v -66.073883 -167.591293 35.581390
v -63.495472 -168.446274 35.387119
v -66.073723 -167.532227 35.550587
v -66.163788 -167.497528 35.551865
v -65.336761 -167.867737 35.548672
v -61.059929 -169.047363 34.982803
v -61.020588 -168.778458 34.862724
v -60.992641 -168.782898 34.855309
v -61.955578 -168.874466 35.172497
v -66.159264 -167.803528 35.355534
v -63.585648 -168.664398 35.161259
v -66.173149 -167.779922 35.294827
v -66.263107 -167.745255 35.296104
v -65.422424 -168.079102 35.330177
v -61.153645 -169.257477 34.758266
v -61.180023 -169.142517 34.485664
v -61.152470 -169.146896 34.478371
v -62.044361 -169.084930 34.954365
v -66.272202 -168.104507 35.357502
v -63.677406 -168.977875 35.166527
v -66.303093 -168.125916 35.302612
v -66.394150 -168.090836 35.303913
v -65.526329 -168.377289 35.336548
v -61.199810 -169.575500 34.749668
v -61.251747 -169.685577 34.477489
v -61.220280 -169.690445 34.469002
v -62.117043 -169.392273 34.957108
v -41.756145 -176.037521 35.586143
v -44.419785 -175.261032 35.399834
v -41.750931 -176.101593 35.569386
v -41.654430 -176.125290 35.570724
v -42.533039 -175.825104 35.564053
v -46.858486 -174.308365 34.962051
v -46.996944 -174.546295 34.842979
v -47.030830 -174.529510 34.832691
v -45.957455 -174.693817 35.179123
v -41.763035 -176.033737 35.907520
v -44.451996 -175.244705 35.724510
v -41.757221 -176.091965 35.938869
v -41.659420 -176.115982 35.940239
v -42.546764 -175.814651 35.879421
v -46.941296 -174.276154 35.271004
v -47.139236 -174.481567 35.368042
v -47.177105 -174.462692 35.356392
v -46.006405 -174.671585 35.490356
v -41.711800 -175.810776 36.133377
v -44.401325 -175.014175 35.950371
v -41.697243 -175.831879 36.194630
v -41.599323 -175.855927 36.196003
v -42.496250 -175.592239 36.097919
v -46.898113 -174.050171 35.495541
v -47.062000 -174.091721 35.745098
v -47.100216 -174.072647 35.733330
v -45.958977 -174.448135 35.708488
v -41.632450 -175.499252 36.131409
v -44.297455 -174.704498 35.945107
v -41.606125 -175.473709 36.186844
v -41.509350 -175.497467 36.188190
v -42.411087 -175.288162 36.091545
v -46.754234 -173.762817 35.504135
v -46.810478 -173.605103 35.753277
v -46.845207 -173.587875 35.742699
v -45.842957 -174.154388 35.705742
v -41.571468 -175.281647 35.902767
v -44.201233 -174.497055 35.711800
v -41.537247 -175.227249 35.920071
v -41.442200 -175.250580 35.921379
v -42.341160 -175.080551 35.864040
v -46.593937 -173.582428 35.291752
v -46.532013 -173.306778 35.387783
v -46.561459 -173.292343 35.379009
v -45.726307 -173.962418 35.483727
v -41.564579 -175.285446 35.581390
v -44.169018 -174.513382 35.387119
v -41.530952 -175.236893 35.550587
v -41.437210 -175.259888 35.551865
v -42.327435 -175.091003 35.548672
v -46.511124 -173.614639 34.982803
v -46.389721 -173.371490 34.862724
v -46.415184 -173.359161 34.855309
v -45.677357 -173.984650 35.172497
v -41.615814 -175.508392 35.355534
v -44.219688 -174.743912 35.161259
v -41.590935 -175.496964 35.294827
v -41.497303 -175.519928 35.296104
v -42.377949 -175.313400 35.330177
v -46.554310 -173.840622 34.758266
v -46.466957 -173.761353 34.485664
v -46.492069 -173.749207 34.478371
v -45.724785 -174.208099 34.954365
v -41.695164 -175.819916 35.357502
v -44.323559 -175.053589 35.166527
v -41.682049 -175.855148 35.302612
v -41.587280 -175.878403 35.303913
v -42.463112 -175.617477 35.336548
v -46.698189 -174.127975 34.749668
v -46.718475 -174.247971 34.477489
v -46.747078 -174.233978 34.469002
v -45.840805 -174.501846 34.957108
v -40.520336 -176.326080 35.586143
v -37.788258 -176.809479 35.399834
v -40.553387 -176.381226 35.569386
v -40.650398 -176.359726 35.570724
v -39.729706 -176.479675 35.564053
v -35.179848 -177.035324 34.962051
v -35.161072 -177.309952 34.842979
v -35.123257 -177.309921 34.832691
v -36.158401 -176.981888 35.179123
v -40.512482 -176.325745 35.907520
v -37.752148 -176.809113 35.724510
v -40.543480 -176.375381 35.938869
v -40.641808 -176.353592 35.940239
v -39.712772 -176.476379 35.879421
v -35.091328 -177.043106 35.271004
v -35.004829 -177.314941 35.368042
v -34.962517 -177.314789 35.356392
v -36.104668 -176.983627 35.490356
v -40.459679 -176.103149 36.133377
v -37.695488 -176.579987 35.950371
v -40.482079 -176.115631 36.194630
v -40.580521 -176.093826 36.196003
v -39.659569 -176.254608 36.097919
v -35.029972 -176.821365 35.495541
v -34.901428 -176.931198 35.745098
v -34.858723 -176.931030 35.733330
v -36.048237 -176.762283 35.708488
v -40.392864 -175.788696 36.131409
v -37.651474 -176.256317 35.945107
v -40.405155 -175.754135 36.186844
v -40.502445 -175.732574 36.188190
v -39.601265 -175.944260 36.091545
v -35.031723 -176.500015 35.504135
v -34.911442 -176.383514 35.753277
v -34.872677 -176.383453 35.742699
v -36.022175 -176.447540 35.705742
v -40.351177 -175.566589 35.902767
v -37.645885 -176.027725 35.711800
v -40.357769 -175.502655 35.920071
v -40.453316 -175.481476 35.921379
v -39.572014 -175.727142 35.864040
v -35.095551 -176.267288 35.291752
v -35.028999 -175.992706 35.387783
v -34.996204 -175.992813 35.379009
v -36.041740 -176.223740 35.483727
v -40.359032 -175.566940 35.581390
v -37.681995 -176.028091 35.387119
v -40.367676 -175.508514 35.550587
v -40.461910 -175.487610 35.551865
v -39.588947 -175.730438 35.548672
v -35.184067 -176.259506 34.982803
v -35.185242 -175.987732 34.862724
v -35.156948 -175.987946 34.855309
v -36.095482 -176.222015 35.172497
v -40.411831 -175.789520 35.355534
v -37.738655 -176.257217 35.161259
v -40.429077 -175.768265 35.294827
v -40.523193 -175.747391 35.296104
v -39.642147 -175.952209 35.330177
v -35.245422 -176.481232 34.758266
v -35.288643 -176.371475 34.485664
v -35.260742 -176.371704 34.478371
v -36.151909 -176.443344 34.954365
v -40.478645 -176.103973 35.357502
v -37.782669 -176.580887 35.166527
v -40.506001 -176.129745 35.302612
v -40.601269 -176.108627 35.303913
v -39.700455 -176.262558 35.336548
v -35.243675 -176.802582 34.749668
v -35.278629 -176.919159 34.477489
v -35.246788 -176.919281 34.469002
v -36.177971 -176.758102 34.957108
v -15.054089 -180.294647 35.586143
v -17.803705 -179.923798 35.399834
v -15.039383 -180.357239 35.569386
v -14.940430 -180.366272 35.570724
v -15.853964 -180.200378 35.564053
v -20.357151 -179.345230 34.962051
v -20.458603 -179.601135 34.842979
v -20.494612 -179.589600 34.832691
v -19.408737 -179.592102 35.179123
v -15.061467 -180.291931 35.907520
v -17.837990 -179.912460 35.724510
v -15.047041 -180.348648 35.938869
v -14.946751 -180.357819 35.940239
v -15.869093 -180.192093 35.879421
v -20.443840 -179.325714 35.271004
v -20.608952 -179.558350 35.368042
v -20.649212 -179.545319 35.356392
v -19.460455 -179.577393 35.490356
v -15.044032 -180.063828 36.133377
v -17.822243 -179.676956 35.950371
v -15.026492 -180.082535 36.194630
v -14.926085 -180.091721 36.196003
v -15.852289 -179.964645 36.097919
v -20.434816 -179.095825 35.495541
v -20.590681 -179.161331 35.745098
v -20.631313 -179.148178 35.733330
v -19.446857 -179.349396 35.708488
v -15.011997 -179.743958 36.131409
v -17.765688 -179.355255 35.945107
v -14.989773 -179.714783 36.186844
v -14.890537 -179.723846 36.188190
v -15.813396 -179.651276 36.091545
v -20.335367 -178.790237 35.504135
v -20.414492 -178.642654 35.753277
v -20.451401 -178.630814 35.742699
v -19.375912 -179.041626 35.705742
v -14.984127 -179.519699 35.902767
v -17.701452 -179.135788 35.711800
v -14.958394 -179.460815 35.920071
v -14.860932 -179.469696 35.921379
v -15.775195 -179.435547 35.864040
v -20.203749 -178.587967 35.291752
v -20.183596 -178.306168 35.387783
v -20.214865 -178.296280 35.379009
v -19.289175 -178.834412 35.483727
v -14.976748 -179.522415 35.581390
v -17.667166 -179.147141 35.387119
v -14.950735 -179.469391 35.550587
v -14.854612 -179.478165 35.551865
v -15.760066 -179.443832 35.548672
v -20.117060 -178.607483 34.982803
v -20.033247 -178.348969 34.862724
v -20.060265 -178.340561 34.855309
v -19.237457 -178.849106 35.172497
v -14.994184 -179.750519 35.355534
v -17.682915 -179.382629 35.161259
v -14.971284 -179.735504 35.294827
v -14.875278 -179.744263 35.296104
v -15.776870 -179.671280 35.330177
v -20.126081 -178.837372 34.758266
v -20.051517 -178.745972 34.485664
v -20.078163 -178.737701 34.478371
v -19.251055 -179.077118 34.954365
v -15.026218 -180.070389 35.357502
v -17.739470 -179.704346 35.166527
v -15.008003 -180.103271 35.302612
v -14.910825 -180.112137 35.303913
v -15.815763 -179.984665 35.336548
v -20.225531 -179.142960 34.749668
v -20.227707 -179.264648 34.477489
v -20.258076 -179.255066 34.469002
v -19.322001 -179.384872 34.957108
v -13.789077 -180.395813 35.586143
v -11.015469 -180.466629 35.399834
v -13.813541 -180.455261 35.569386
v -13.912674 -180.448456 35.570724
v -12.984386 -180.429855 35.564053
v -8.402529 -180.301208 34.962051
v -8.343032 -180.569977 34.842979
v -8.305647 -180.564301 34.832691
v -9.378120 -180.394211 35.179123
v -13.781360 -180.394302 35.907520
v -10.979815 -180.460876 35.724510
v -13.804615 -180.447998 35.938869
v -13.905089 -180.441116 35.940239
v -12.968132 -180.424072 35.879421
v -8.313839 -180.295715 35.271004
v -8.187793 -180.551620 35.368042
v -8.145974 -180.545166 35.356392
v -9.324724 -180.387924 35.490356
v -13.762323 -180.166321 36.133377
v -10.957937 -180.225876 35.950371
v -13.782613 -180.182007 36.194630
v -13.883204 -180.175110 36.196003
v -12.948576 -180.196854 36.097919
v -8.286214 -180.067307 35.495541
v -8.142740 -180.156754 35.745098
v -8.100533 -180.150223 35.733330
v -9.301913 -180.160645 35.708488
v -13.743119 -179.845428 36.131409
v -10.962650 -179.899261 35.945107
v -13.760423 -179.813080 36.186844
v -13.859838 -179.806274 36.188190
v -12.937176 -179.881271 36.091545
v -8.335836 -179.749802 35.504135
v -8.234264 -179.616669 35.753277
v -8.195942 -179.610840 35.742699
v -9.323049 -179.845520 35.705742
v -13.734997 -179.619583 35.902767
v -10.991194 -179.672394 35.711800
v -13.751043 -179.557358 35.920071
v -13.848680 -179.550644 35.921379
v -12.940607 -179.662216 35.864040
v -8.433638 -179.529190 35.291752
v -8.408751 -179.247757 35.387783
v -8.376309 -179.242966 35.379009
v -9.375751 -179.627151 35.483727
v -13.742714 -179.621094 35.581390
v -11.026846 -179.678131 35.387119
v -13.759970 -179.564621 35.550587
v -13.856264 -179.557999 35.551865
v -12.956862 -179.667999 35.548672
v -8.522328 -179.534683 34.982803
v -8.563992 -179.266113 34.862724
v -8.535981 -179.262115 34.855309
v -9.429148 -179.633438 35.172497
v -13.761749 -179.849075 35.355534
v -11.048723 -179.913147 35.161259
v -13.781972 -179.830612 35.294827
v -13.878149 -179.824005 35.296104
v -12.976418 -179.895233 35.330177
v -8.549953 -179.763077 34.758266
v -8.609044 -179.660995 34.485664
v -8.581423 -179.657059 34.478371
v -9.451959 -179.860718 34.954365
v -13.780953 -180.169968 35.357502
v -11.044010 -180.239746 35.166527
v -13.804162 -180.199539 35.302612
v -13.901515 -180.192841 35.303913
v -12.987818 -180.210800 35.336548
v -8.500329 -180.080582 34.749668
v -8.517520 -180.201065 34.477489
v -8.486014 -180.196442 34.469002
v -9.430822 -180.175842 34.957108
v 11.984231 -180.524689 35.586143
v 9.210053 -180.567780 35.399834
v 12.008101 -180.584381 35.569386
v 12.107296 -180.578583 35.570724
v 11.179240 -180.550690 35.564053
v 6.598898 -180.376221 34.962051
v 6.536717 -180.644394 34.842979
v 6.499391 -180.638336 34.832691
v 7.573511 -180.478989 35.179123
v 11.976530 -180.523102 35.907520
v 9.174459 -180.561661 35.724510
v 11.999248 -180.577042 35.938869
v 12.099785 -180.571152 35.940239
v 11.163044 -180.544754 35.879421
v 6.510268 -180.369843 35.271004
v 6.381669 -180.624481 35.368042
v 6.339918 -180.617599 35.356392
v 7.520180 -180.472153 35.490356
v 11.959775 -180.294952 36.133377
v 9.154934 -180.326447 35.950371
v 11.979906 -180.310837 36.194630
v 12.080562 -180.304947 36.196003
v 11.145763 -180.317337 36.097919
v 6.484929 -180.141174 35.495541
v 6.340567 -180.229172 35.745098
v 6.298429 -180.222229 35.733330
v 7.499643 -180.244659 35.708488
v 11.943781 -179.973877 36.131409
v 9.162913 -179.999908 35.945107
v 11.961407 -179.941711 36.186844
v 12.060886 -179.935883 36.188190
v 11.137519 -180.001663 36.091545
v 6.537724 -179.824188 35.504135
v 6.437489 -179.690048 35.753277
v 6.399226 -179.683823 35.742699
v 7.523931 -179.929764 35.705742
v 11.937917 -179.747971 35.902767
v 9.193724 -179.773331 35.711800
v 11.954586 -179.685898 35.920071
v 12.052284 -179.680176 35.921379
v 11.143142 -179.782654 35.864040
v 6.637728 -179.604553 35.291752
v 6.615658 -179.322891 35.387783
v 6.583264 -179.317780 35.379009
v 7.578815 -179.711929 35.483727
v 11.945618 -179.749557 35.581390
v 9.229317 -179.779434 35.387119
v 11.963439 -179.693253 35.550587
v 12.059794 -179.687592 35.551865
v 11.159338 -179.788605 35.548672
v 6.726358 -179.610931 34.982803
v 6.770705 -179.342804 34.862724
v 6.742737 -179.338516 34.855309
v 7.632145 -179.718765 35.172497
v 11.962374 -179.977707 35.355534
v 9.248842 -180.014648 35.161259
v 11.982780 -179.959457 35.294827
v 12.079018 -179.953812 35.296104
v 11.176619 -180.016006 35.330177
v 6.751697 -179.839600 34.758266
v 6.811807 -179.738113 34.485664
v 6.784226 -179.733902 34.478371
v 7.652681 -179.946259 34.954365
v 11.978367 -180.298782 35.357502
v 9.240863 -180.341187 35.166527
v 12.001279 -180.328583 35.302612
v 12.098694 -180.322861 35.303913
v 11.184863 -180.331680 35.336548
v 6.698901 -180.156586 34.749668
v 6.714886 -180.277237 34.477489
v 6.683429 -180.272293 34.469002
v 7.628395 -180.261139 34.957108
v 13.250192 -180.436188 35.586143
v 16.003380 -180.092865 35.399834
v 13.234860 -180.498627 35.569386
v 13.135822 -180.506683 35.570724
v 14.050970 -180.349930 35.564053
v 18.562485 -179.539856 34.962051
v 18.661373 -179.796768 34.842979
v 18.697495 -179.785583 34.832691
v 17.611649 -179.777222 35.179123
v 13.257597 -180.433548 35.907520
v 16.037777 -180.081863 35.724510
v 13.242604 -180.490112 35.938869
v 13.142227 -180.498276 35.940239
v 14.066181 -180.341797 35.879421
v 18.649364 -179.521210 35.271004
v 18.812141 -179.755478 35.368042
v 18.852530 -179.742859 35.356392
v 17.663509 -179.763046 35.490356
v 13.242444 -180.205276 36.133377
v 16.024385 -179.846222 35.950371
v 13.224718 -180.223801 36.194630
v 13.124223 -180.231979 36.196003
v 14.051653 -180.114182 36.097919
v 18.642639 -179.291245 35.495541
v 18.797840 -179.358307 35.745098
v 18.838604 -179.345551 35.733330
v 17.652195 -179.534912 35.708488
v 13.213610 -179.885101 36.131409
v 15.971049 -179.523956 35.945107
v 13.191679 -179.855698 36.186844
v 13.092358 -179.863785 36.188190
v 14.015895 -179.800446 36.091545
v 18.546253 -178.984680 35.504135
v 18.626850 -178.837891 35.753277
v 18.663872 -178.826416 35.742699
v 17.584332 -179.226456 35.705742
v 13.187984 -179.660583 35.902767
v 15.909012 -179.303864 35.711800
v 13.162841 -179.601440 35.920071
v 13.065295 -179.609360 35.921379
v 13.979855 -179.584351 35.864040
v 18.416662 -178.781097 35.291752
v 18.399330 -178.499115 35.387783
v 18.430695 -178.489532 35.379009
v 17.499672 -179.018372 35.483727
v 13.180578 -179.663223 35.581390
v 15.874615 -179.314865 35.387119
v 13.155097 -179.609940 35.550587
v 13.058890 -179.617752 35.551865
v 13.964643 -179.592484 35.548672
v 18.329782 -178.799744 34.982803
v 18.248558 -178.540405 34.862724
v 18.275661 -178.532272 34.855309
v 17.447809 -179.032562 35.172497
v 13.195731 -179.891495 35.355534
v 15.888006 -179.550507 35.161259
v 13.172983 -179.876251 35.294827
v 13.076895 -179.884048 35.296104
v 13.979172 -179.820084 35.330177
v 18.336506 -179.029709 34.758266
v 18.262859 -178.937576 34.485664
v 18.289585 -178.929565 34.478371
v 17.459126 -179.260696 34.954365
v 13.224566 -180.211670 35.357502
v 15.941343 -179.872772 35.166527
v 13.206022 -180.244354 35.302612
v 13.108761 -180.252258 35.303913
v 14.014929 -180.133835 35.336548
v 18.432896 -179.336273 34.749668
v 18.433853 -179.457977 34.477489
v 18.464317 -179.448715 34.469002
v 17.526989 -179.569153 34.957108
v 38.754868 -176.722519 35.586143
v 36.018089 -177.178574 35.399834
v 38.787365 -176.777985 35.569386
v 38.884586 -176.757462 35.570724
v 37.962738 -176.868195 35.564053
v 33.407551 -177.378311 34.962051
v 33.386028 -177.652740 34.842979
v 33.348217 -177.652328 34.832691
v 34.386593 -177.334671 35.179123
v 38.747013 -176.722092 35.907520
v 35.981983 -177.177841 35.724510
v 38.777515 -176.772049 35.938869
v 38.876053 -176.751251 35.940239
v 37.945839 -176.864731 35.879421
v 33.318958 -177.385208 35.271004
v 33.229744 -177.656174 35.368042
v 33.187435 -177.655594 35.356392
v 34.332840 -177.335861 35.490356
v 38.696442 -176.498993 36.133377
v 35.927620 -176.948151 35.950371
v 38.718716 -176.511688 36.194630
v 38.817371 -176.490875 36.196003
v 37.894859 -176.642441 36.097919
v 33.259823 -177.162872 35.495541
v 33.130188 -177.271408 35.745098
v 33.087482 -177.270813 35.733330
v 34.278629 -177.113983 35.708488
v 38.632778 -176.183884 36.131409
v 35.886845 -176.624069 35.945107
v 38.645412 -176.149445 36.186844
v 38.742912 -176.128860 36.188190
v 37.839661 -176.331528 36.091545
v 33.264786 -176.841553 35.504135
v 33.145676 -176.723846 35.753277
v 33.106915 -176.723404 35.742699
v 34.255714 -176.798981 35.705742
v 38.593311 -175.961380 35.902767
v 35.883541 -176.395432 35.711800
v 38.600540 -175.897522 35.920071
v 38.696297 -175.877289 35.921379
v 37.812580 -176.114120 35.864040
v 33.330940 -176.609467 35.291752
v 33.267139 -176.334244 35.387783
v 33.234344 -176.334015 35.379009
v 34.277519 -176.575394 35.483727
v 38.601162 -175.961792 35.581390
v 35.919647 -176.396164 35.387119
v 38.610394 -175.903458 35.550587
v 38.704830 -175.883514 35.551865
v 37.829479 -176.117584 35.548672
v 33.419533 -176.602570 34.982803
v 33.423424 -176.330826 34.862724
v 33.395126 -176.330765 34.855309
v 34.331272 -176.574203 35.172497
v 38.651733 -176.184906 35.355534
v 35.974010 -176.625839 35.161259
v 38.669189 -176.163818 35.294827
v 38.763512 -176.143875 35.296104
v 37.880463 -176.339890 35.330177
v 33.478664 -176.824905 34.758266
v 33.522980 -176.715591 34.485664
v 33.495079 -176.715546 34.478371
v 34.385483 -176.796097 34.954365
v 38.715401 -176.500015 35.357502
v 36.014786 -176.949921 35.166527
v 38.742496 -176.526062 35.302612
v 38.837971 -176.505890 35.303913
v 37.935658 -176.650803 35.336548
v 33.473701 -177.146225 34.749668
v 33.507488 -177.263153 34.477489
v 33.475647 -177.262955 34.469002
v 34.408398 -177.111084 34.957108
v 39.993500 -176.446335 35.586143
v 42.664768 -175.696518 35.399834
v 39.987644 -176.510361 35.569386
v 39.890911 -176.533081 35.570724
v 40.772476 -176.241699 35.564053
v 45.112877 -174.768295 34.962051
v 45.248947 -175.007599 34.842979
v 45.283001 -174.991150 34.832691
v 44.208038 -175.144714 35.179123
v 40.000427 -176.442612 35.907520
v 42.697144 -175.680511 35.724510
v 39.994034 -176.500793 35.938869
v 39.895992 -176.523819 35.940239
v 40.786308 -176.231384 35.879421
v 45.196007 -174.736908 35.271004
v 45.391884 -174.944305 35.368042
v 45.429939 -174.925797 35.356392
v 44.257206 -175.122971 35.490356
v 39.951424 -176.219162 36.133377
v 42.648781 -175.449493 35.950371
v 39.936657 -176.240112 36.194630
v 39.838501 -176.263184 36.196003
v 40.738018 -176.008484 36.097919
v 45.155087 -174.510513 35.495541
v 45.318550 -174.553696 35.745098
v 45.356956 -174.535004 35.733330
v 44.212017 -174.899063 35.708488
v 39.875195 -175.906860 36.131409
v 42.548016 -175.138794 35.945107
v 39.849125 -175.881058 36.186844
v 39.752117 -175.903839 36.188190
v 40.655903 -175.703568 36.091545
v 45.014088 -174.221741 35.504135
v 45.071907 -174.064575 35.753277
v 45.106808 -174.047699 35.742699
v 44.098942 -174.604172 35.705742
v 39.816391 -175.688660 35.902767
v 42.453869 -174.930405 35.711800
v 39.782715 -175.633911 35.920071
v 39.687439 -175.656281 35.921379
v 40.588058 -175.495255 35.864040
v 44.855602 -174.039734 35.291752
v 44.796440 -173.763489 35.387783
v 44.826027 -173.749344 35.379009
v 43.984215 -174.411041 35.483727
v 39.809464 -175.692383 35.581390
v 42.421497 -174.946396 35.387119
v 39.776325 -175.643494 35.550587
v 39.682358 -175.665543 35.551865
v 40.574226 -175.505569 35.548672
v 44.772472 -174.071136 34.982803
v 44.653503 -173.826782 34.862724
v 44.679092 -173.814697 34.855309
v 43.935047 -174.432785 35.172497
v 39.858467 -175.915833 35.355534
v 42.469856 -175.177414 35.161259
v 39.833702 -175.904160 35.294827
v 39.739845 -175.926178 35.296104
v 40.622517 -175.728470 35.330177
v 44.813393 -174.297531 34.758266
v 44.726837 -174.217392 34.485664
v 44.752075 -174.205490 34.478371
v 43.980236 -174.656693 34.954365
v 39.934696 -176.228134 35.357502
v 42.570625 -175.488129 35.166527
v 39.921230 -176.263229 35.302612
v 39.826233 -176.285522 35.303913
v 40.704632 -176.033386 35.336548
v 44.954395 -174.586304 34.749668
v 44.973480 -174.706497 34.477489
v 45.002220 -174.692795 34.469002
v 44.093311 -174.951584 34.957108
v 64.659866 -168.973053 35.586143
v 62.021622 -169.831879 35.399834
v 64.700272 -169.023056 35.569386
v 64.793343 -168.988281 35.570724
v 63.898296 -169.235168 35.564053
v 59.470001 -170.418457 34.962051
v 59.489624 -170.693039 34.842979
v 59.452171 -170.698257 34.832691
v 60.431606 -170.229401 35.179123
v 64.652039 -168.973801 35.907520
v 61.985809 -169.836548 35.724510
v 64.689644 -169.018646 35.938869
v 64.783981 -168.983398 35.940239
v 63.881069 -169.234253 35.879421
v 59.383427 -170.438477 35.271004
v 59.335594 -170.719711 35.368042
v 59.293671 -170.725449 35.356392
v 60.378635 -170.238586 35.490356
v 64.568779 -168.760727 36.133377
v 61.897823 -169.617523 35.950371
v 64.592697 -168.769974 36.194630
v 64.687149 -168.734680 36.196003
v 63.797527 -169.022034 36.097919
v 59.291817 -170.227448 35.495541
v 59.179806 -170.354080 35.745098
v 59.137489 -170.359863 35.733330
v 60.291958 -170.027252 35.708488
v 64.458862 -168.458633 36.131409
v 61.809200 -169.303146 35.945107
v 64.466225 -168.422699 36.186844
v 64.559570 -168.387817 36.188190
v 63.696609 -168.722824 36.091545
v 59.248837 -169.908966 35.504135
v 59.113518 -169.810333 35.753277
v 59.075119 -169.815659 35.742699
v 60.222355 -169.719193 35.705742
v 64.386673 -168.244492 35.902767
v 61.771862 -169.077545 35.711800
v 64.384308 -168.180267 35.920071
v 64.475983 -168.145996 35.921379
v 63.637428 -168.511887 35.864040
v 59.279663 -169.669617 35.291752
v 59.175560 -169.406982 35.387783
v 59.143097 -169.411636 35.379009
v 60.210594 -169.494858 35.483727
v 64.394501 -168.243729 35.581390
v 61.807671 -169.072891 35.387119
v 64.394936 -168.184677 35.550587
v 64.485344 -168.150864 35.551865
v 63.654659 -168.512787 35.548672
v 59.366238 -169.649597 34.982803
v 59.329586 -169.380310 34.862724
v 59.301598 -169.384460 34.855309
v 60.263569 -169.485657 35.172497
v 64.477760 -168.456818 35.355534
v 61.895660 -169.291901 35.161259
v 64.491882 -168.433350 35.294827
v 64.582176 -168.399597 35.296104
v 63.738201 -168.725006 35.330177
v 59.457848 -169.860626 34.758266
v 59.485374 -169.745941 34.485664
v 59.457779 -169.750046 34.478371
v 60.350243 -169.696991 34.954365
v 64.587677 -168.758911 35.357502
v 61.984280 -169.606293 35.166527
v 64.618355 -168.780624 35.302612
v 64.709755 -168.746460 35.303913
v 63.839119 -169.024231 35.336548
v 59.500828 -170.179108 34.749668
v 59.551662 -170.289688 34.477489
v 59.520149 -170.294235 34.469002
v 60.419849 -170.005051 34.957108
v 65.843506 -168.515350 35.586143
v 68.373192 -167.375793 35.399834
v 65.847252 -168.579529 35.569386
v 65.754990 -168.616425 35.570724
v 66.583282 -168.196899 35.564053
v 70.655624 -166.093094 34.962051
v 70.825836 -166.309433 34.842979
v 70.857063 -166.288101 34.832691
v 69.816986 -166.600159 35.179123
v 65.849800 -168.510651 35.907520
v 68.402817 -167.355148 35.724510
v 65.852142 -168.569122 35.938869
v 65.758636 -168.606506 35.940239
v 66.595421 -168.184647 35.879421
v 70.733147 -166.049667 35.271004
v 70.957741 -166.225540 35.368042
v 70.992615 -166.201584 35.356392
v 69.862366 -166.571320 35.490356
v 65.768044 -168.296982 36.133377
v 68.320572 -167.133911 35.950371
v 65.756561 -168.319916 36.194630
v 65.662941 -168.357346 36.196003
v 66.514450 -167.971436 36.097919
v 70.658943 -165.831894 35.495541
v 70.827011 -165.850220 35.745098
v 70.862206 -165.826035 35.733330
v 69.784309 -166.356659 35.708488
v 65.646118 -167.999527 36.131409
v 68.174622 -166.841705 35.945107
v 65.616493 -167.977905 36.186844
v 65.523964 -168.014893 36.188190
v 66.387810 -167.682159 36.091545
v 70.476479 -165.567352 35.504135
v 70.510231 -165.403336 35.753277
v 70.542229 -165.381454 35.742699
v 69.628548 -166.081909 35.705742
v 65.555450 -167.792542 35.902767
v 68.050468 -166.649673 35.711800
v 65.513992 -167.743423 35.920071
v 65.423119 -167.779739 35.921379
v 66.289680 -167.486282 35.864040
v 70.292641 -165.411011 35.291752
v 70.192963 -165.146667 35.387783
v 70.220116 -165.128265 35.379009
v 69.486320 -165.908035 35.483727
v 65.549156 -167.797241 35.581390
v 68.020844 -166.670319 35.387119
v 65.509102 -167.753845 35.550587
v 65.419472 -167.789658 35.551865
v 66.277542 -167.498550 35.548672
v 70.215118 -165.454453 34.982803
v 70.061066 -165.230560 34.862724
v 70.084564 -165.214798 34.855309
v 69.440941 -165.936859 35.172497
v 65.630913 -168.010895 35.355534
v 68.103096 -166.891541 35.161259
v 65.604691 -168.003052 35.294827
v 65.515167 -168.038818 35.296104
v 66.358505 -167.711761 35.330177
v 70.289322 -165.672211 34.758266
v 70.191788 -165.605865 34.485664
v 70.214973 -165.590347 34.478371
v 69.518997 -166.151535 34.954365
v 65.752838 -168.308350 35.357502
v 68.249039 -167.183762 35.166527
v 65.744751 -168.345062 35.302612
v 65.654137 -168.381271 35.303913
v 66.485153 -168.001022 35.336548
v 70.471786 -165.936752 34.749668
v 70.508575 -166.052765 34.477489
v 70.534950 -166.034927 34.469002
v 69.674759 -166.426285 34.957108
v 89.120636 -157.449356 35.586143
v 86.639854 -158.691788 35.399834
v 89.168045 -157.492783 35.569386
v 89.254898 -157.444519 35.570724
v 88.406639 -157.822037 35.564053
v 84.204155 -159.652084 34.962051
v 84.264473 -159.920685 34.842979
v 84.228226 -159.931427 34.832691
v 85.126839 -159.321823 35.179123
v 89.113007 -157.451263 35.907520
v 86.605133 -158.701721 35.724510
v 89.156876 -157.490005 35.938869
v 89.244911 -157.441086 35.940239
v 88.389465 -157.823715 35.879421
v 84.121529 -159.684784 35.271004
v 84.116142 -159.970016 35.368042
v 84.075539 -159.981918 35.356392
v 85.075829 -159.338806 35.490356
v 88.998924 -157.252975 36.133377
v 86.485489 -158.498276 35.950371
v 89.023956 -157.258545 36.194630
v 89.112091 -157.209579 36.196003
v 88.275230 -157.626312 36.097919
v 83.999489 -159.489761 35.495541
v 83.907600 -159.631683 35.745098
v 83.866623 -159.643707 35.733330
v 84.958626 -159.142761 35.708488
v 88.845215 -156.970642 36.131409
v 86.351006 -158.200607 35.945107
v 88.847137 -156.934006 36.186844
v 88.934242 -156.885605 36.188190
v 88.130844 -157.345474 36.091545
v 83.909523 -159.181259 35.504135
v 83.761017 -159.103882 35.753277
v 83.723846 -159.114883 35.742699
v 84.843887 -158.848511 35.705742
v 88.741920 -156.769638 35.902767
v 86.280457 -157.983093 35.711800
v 88.730011 -156.706482 35.920071
v 88.815544 -156.658936 35.921379
v 88.040894 -157.145721 35.864040
v 83.904335 -158.939987 35.291752
v 83.762253 -158.695786 35.387783
v 83.730843 -158.705231 35.379009
v 84.798828 -158.628433 35.483727
v 88.749550 -156.767731 35.581390
v 86.315178 -157.973145 35.387119
v 88.741173 -156.709274 35.550587
v 88.825531 -156.662369 35.551865
v 88.058060 -157.144043 35.548672
v 83.986961 -158.907272 34.982803
v 83.910583 -158.646454 34.862724
v 83.883530 -158.654739 34.855309
v 84.849838 -158.611435 35.172497
v 88.863632 -156.966019 35.355534
v 86.434822 -158.176605 35.161259
v 88.874092 -156.940720 35.294827
v 88.958351 -156.893875 35.296104
v 88.172302 -157.341446 35.330177
v 84.109001 -159.102310 34.758266
v 84.119125 -158.984787 34.485664
v 84.092445 -158.992966 34.478371
v 84.967041 -158.807495 34.954365
v 89.017342 -157.248367 35.357502
v 86.569305 -158.474274 35.166527
v 89.050911 -157.265259 35.302612
v 89.136200 -157.217850 35.303913
v 88.316681 -157.622269 35.336548
v 84.198959 -159.410812 34.749668
v 84.265709 -159.512589 34.477489
v 84.235222 -159.521790 34.469002
v 85.081779 -159.101746 34.957108
v 90.222847 -156.820358 35.586143
v 92.554451 -155.316528 35.399834
v 90.236122 -156.883270 35.569386
v 90.150383 -156.933487 35.570724
v 90.906906 -156.395218 35.564053
v 94.620224 -153.707977 34.962051
v 94.820778 -153.896545 34.842979
v 94.848473 -153.870789 34.832691
v 93.866524 -154.334381 35.179123
v 90.228371 -156.814774 35.907520
v 92.580666 -155.291687 35.724510
v 90.239403 -156.872238 35.938869
v 90.152512 -156.923157 35.940239
v 90.917076 -156.381287 35.879421
v 94.690407 -153.653473 35.271004
v 94.938705 -153.793930 35.368042
v 94.969620 -153.765030 35.356392
v 93.907097 -154.299103 35.490356
v 90.115677 -156.615677 36.133377
v 92.466362 -155.085190 35.950371
v 90.107750 -156.640060 36.194630
v 90.020752 -156.691040 36.196003
v 90.805237 -156.182526 36.097919
v 94.584572 -153.449203 35.495541
v 94.753502 -153.442291 35.745098
v 94.784698 -153.413116 35.733330
v 93.797920 -154.098465 35.708488
v 89.950790 -156.339722 36.131409
v 92.278496 -154.817978 35.945107
v 89.918274 -156.322739 36.186844
v 89.832291 -156.373108 36.188190
v 90.636894 -155.915359 36.091545
v 94.364723 -153.214813 35.504135
v 94.373657 -153.047592 35.753277
v 94.402031 -153.021194 35.742699
v 93.602951 -153.849991 35.705742
v 89.830284 -156.148544 35.902767
v 92.127113 -154.646606 35.711800
v 89.781975 -156.106171 35.920071
v 89.697525 -156.155624 35.921379
v 90.510666 -155.736298 35.864040
v 94.159637 -153.087616 35.291752
v 94.021675 -152.841080 35.387783
v 94.045784 -152.818832 35.379009
v 93.436394 -153.699249 35.483727
v 89.824760 -156.154144 35.581390
v 92.100891 -154.671432 35.387119
v 89.778687 -156.117188 35.550587
v 89.695396 -156.165970 35.551865
v 90.500496 -155.750229 35.548672
v 94.089455 -153.142120 34.982803
v 93.903748 -152.943680 34.862724
v 93.924637 -152.924606 34.855309
v 93.395821 -153.734528 35.172497
v 89.937454 -156.353226 35.355534
v 92.215195 -154.877930 35.161259
v 89.910347 -156.349365 35.294827
v 89.827148 -156.398087 35.296104
v 90.612335 -155.948990 35.330177
v 94.195282 -153.346390 34.758266
v 94.088959 -153.295334 34.485664
v 94.109566 -153.276520 34.478371
v 93.504997 -153.935165 34.954365
v 90.102341 -156.629196 35.357502
v 92.403061 -155.145142 35.166527
v 90.099815 -156.666687 35.302612
v 90.015610 -156.716003 35.303913
v 90.780670 -156.216156 35.336548
v 94.415138 -153.580780 34.749668
v 94.468803 -153.690018 34.477489
v 94.492226 -153.668442 34.469002
v 93.699966 -154.183624 34.957108
v 111.590775 -142.408875 35.586143
v 109.322861 -144.007141 35.399834
v 111.644127 -142.444748 35.569386
v 111.722816 -142.384079 35.570724
v 110.940292 -142.883804 35.564053
v 107.057480 -145.319733 34.962051
v 107.157158 -145.576324 34.842979
v 107.122917 -145.592361 34.832691
v 107.920647 -144.855637 35.179123
v 111.583519 -142.411896 35.907520
v 109.290016 -144.022156 35.724510
v 111.632668 -142.443665 35.938869
v 111.712425 -142.382172 35.940239
v 110.923561 -142.888016 35.879421
v 106.980652 -145.364380 35.271004
v 107.017838 -145.647217 35.368042
v 106.979462 -145.665054 35.356392
v 107.872734 -144.880035 35.490356
v 111.441154 -142.232819 36.133377
v 109.141388 -143.838806 35.950371
v 111.466736 -142.234604 36.194630
v 111.546585 -142.173035 36.196003
v 110.781181 -142.709839 36.097919
v 106.830917 -145.189713 35.495541
v 106.761208 -145.343750 35.745098
v 106.722473 -145.361740 35.733330
v 107.727623 -144.703644 35.708488
v 111.247086 -141.976547 36.131409
v 108.964035 -143.564499 35.945107
v 111.243530 -141.940033 36.186844
v 111.322441 -141.879181 36.188190
v 110.596558 -142.453659 36.091545
v 106.695976 -144.898056 35.504135
v 106.537598 -144.843689 35.753277
v 106.502472 -144.860107 35.742699
v 107.570312 -144.429779 35.705742
v 111.114983 -141.793182 35.902767
v 108.861862 -143.359924 35.711800
v 111.093796 -141.732513 35.920071
v 111.171288 -141.672745 35.921379
v 110.477837 -142.269547 35.864040
v 106.654884 -144.660263 35.291752
v 106.477997 -144.439972 35.387783
v 106.448349 -144.453995 35.379009
v 107.492950 -144.218872 35.483727
v 111.122246 -141.790161 35.581390
v 108.894714 -143.344925 35.387119
v 111.105247 -141.733597 35.550587
v 111.181679 -141.674652 35.551865
v 110.494568 -142.265320 35.548672
v 106.731712 -144.615601 34.982803
v 106.617317 -144.369080 34.862724
v 106.591797 -144.381302 34.855309
v 107.540863 -144.194473 35.172497
v 111.264603 -141.969238 35.355534
v 109.043343 -143.528275 35.161259
v 111.271187 -141.942657 35.294827
v 111.347519 -141.883774 35.296104
v 110.636948 -142.443497 35.330177
v 106.881454 -144.790268 34.758266
v 106.873955 -144.672546 34.485664
v 106.848793 -144.684616 34.478371
v 107.685974 -144.370865 34.954365
v 111.458679 -142.225510 35.357502
v 109.220688 -143.802582 35.166527
v 111.494392 -142.237228 35.302612
v 111.571663 -142.177628 35.303913
v 110.821571 -142.699677 35.336548
v 107.016396 -145.081924 34.749668
v 107.097565 -145.172607 34.477489
v 107.068787 -145.186249 34.469002
v 107.843285 -144.644730 34.957108
v 112.586929 -141.622635 35.586143
v 114.668373 -139.788101 35.399834
v 112.609436 -141.682861 35.569386
v 112.532135 -141.745300 35.570724
v 113.199989 -141.100281 35.564053
v 116.471344 -137.889648 34.962051
v 116.697762 -138.046219 34.842979
v 116.721313 -138.016632 34.832691
v 115.819420 -138.621368 35.179123
v 112.591560 -141.616272 35.907520
v 114.690598 -139.759628 35.724510
v 112.611038 -141.671463 35.938869
v 112.532700 -141.734756 35.940239
v 113.207970 -141.084991 35.879421
v 116.532623 -137.825302 35.271004
v 116.799080 -137.927170 35.368042
v 116.825340 -137.893997 35.356392
v 115.854279 -138.580444 35.490356
v 112.450462 -141.436203 36.133377
v 114.546791 -139.572479 35.950371
v 112.446251 -141.461502 36.194630
v 112.367821 -141.524872 36.196003
v 113.067757 -140.905121 36.097919
v 116.397530 -137.639069 35.495541
v 116.563538 -137.607056 35.745098
v 116.590034 -137.573563 35.733330
v 115.716423 -138.398315 35.708488
v 112.246284 -141.187912 36.131409
v 114.321198 -139.336258 35.945107
v 112.211601 -141.175964 36.186844
v 112.134079 -141.238586 36.188190
v 112.861481 -140.666031 36.091545
v 116.145203 -137.440063 35.504135
v 116.129112 -137.273392 35.753277
v 116.153236 -137.243042 35.742699
v 115.486603 -138.181686 35.705742
v 112.098633 -141.016830 35.902767
v 114.145966 -139.189346 35.711800
v 112.044540 -140.982117 35.920071
v 111.968407 -141.043610 35.921379
v 112.709976 -140.507782 35.864040
v 115.923447 -137.344849 35.291752
v 115.750290 -137.121628 35.387783
v 115.770813 -137.096039 35.379009
v 115.299438 -138.057449 35.483727
v 112.094002 -141.023178 35.581390
v 114.123741 -139.217804 35.387119
v 112.042938 -140.993515 35.550587
v 111.967842 -141.054153 35.551865
v 112.701996 -140.523071 35.548672
v 115.862167 -137.409210 34.982803
v 115.648972 -137.240662 34.862724
v 115.666779 -137.218689 34.855309
v 115.264572 -138.098373 35.172497
v 112.235107 -141.203247 35.355534
v 114.267540 -139.404968 35.161259
v 112.207726 -141.203476 35.294827
v 112.132721 -141.264038 35.296104
v 112.842209 -140.702942 35.330177
v 115.997261 -137.595428 34.758266
v 115.884514 -137.560776 34.485664
v 115.902084 -137.539108 34.478371
v 115.402435 -138.280502 34.954365
v 112.439285 -141.451553 35.357502
v 114.493134 -139.641190 35.166527
v 112.442375 -141.489014 35.302612
v 112.366463 -141.550323 35.303913
v 113.048485 -140.942032 35.336548
v 116.249596 -137.794434 34.749668
v 116.318939 -137.894455 34.477489
v 116.338890 -137.869629 34.469002
v 115.632256 -138.497131 34.957108
v 131.568405 -124.187523 35.586143
v 129.564026 -126.105949 35.399834
v 131.626511 -124.215050 35.569386
v 131.695267 -124.143326 35.570724
v 130.995972 -124.754097 35.564053
v 127.519562 -127.741493 34.962051
v 127.656364 -127.980370 34.842979
v 127.624893 -128.001328 34.832691
v 128.303909 -127.153946 35.179123
v 131.561676 -124.191597 35.907520
v 129.533768 -126.125687 35.724510
v 131.615021 -124.215683 35.938869
v 131.684723 -124.142998 35.940239
v 130.980057 -124.760757 35.879421
v 127.450241 -127.797096 35.271004
v 127.529160 -128.071228 35.368042
v 127.493874 -128.094589 35.356392
v 128.260178 -127.185211 35.490356
v 131.394211 -124.035736 36.133377
v 129.359482 -125.966530 35.950371
v 131.419785 -124.033691 36.194630
v 131.489563 -123.960915 36.196003
v 130.812714 -124.605797 36.097919
v 127.276146 -127.646698 35.495541
v 127.230164 -127.809402 35.745098
v 127.194550 -127.832962 35.733330
v 128.090393 -127.032410 35.708488
v 131.164124 -123.811249 36.131409
v 129.143234 -125.721725 35.945107
v 131.155167 -123.775681 36.186844
v 131.224121 -123.703751 36.188190
v 130.591965 -124.379990 36.091545
v 127.099243 -127.378410 35.504135
v 126.934532 -127.348251 35.753277
v 126.902245 -127.369713 35.742699
v 127.894028 -126.785057 35.705742
v 131.006165 -123.649628 35.902767
v 129.011703 -125.534668 35.711800
v 130.976166 -123.592789 35.920071
v 131.043900 -123.522141 35.921379
v 130.447128 -124.215614 35.864040
v 127.023170 -127.149391 35.291752
v 126.815430 -126.957924 35.387783
v 126.788200 -126.976204 35.379009
v 127.786102 -126.588036 35.483727
v 131.012894 -123.645554 35.581390
v 129.041946 -125.514931 35.387119
v 130.987656 -123.592155 35.550587
v 131.054443 -123.522469 35.551865
v 130.463043 -124.208961 35.548672
v 127.092491 -127.093788 34.982803
v 126.942627 -126.867065 34.862724
v 126.919212 -126.882950 34.855309
v 127.829834 -126.556763 35.172497
v 131.180359 -123.801414 35.355534
v 129.216248 -125.674088 35.161259
v 131.182892 -123.774155 35.294827
v 131.249603 -123.704552 35.296104
v 130.630386 -124.363914 35.330177
v 127.266586 -127.244179 34.758266
v 127.241623 -127.128899 34.485664
v 127.218544 -127.144569 34.478371
v 127.999619 -126.709564 34.954365
v 131.410461 -124.025902 35.357502
v 129.432495 -125.918892 35.166527
v 131.447510 -124.032166 35.302612
v 131.515045 -123.961716 35.303913
v 130.851135 -124.589722 35.336548
v 127.443481 -127.512466 34.749668
v 127.537262 -127.590042 34.477489
v 127.510841 -127.607819 34.469002
v 128.195984 -126.956924 34.957108
v 132.436264 -123.261612 35.586143
v 134.221039 -121.137352 35.399834
v 132.467484 -123.317802 35.569386
v 132.400360 -123.391068 35.570724
v 132.964615 -122.653725 35.564053
v 135.720947 -118.991402 34.962051
v 135.968170 -119.112473 34.842979
v 135.987045 -119.079704 34.832691
v 135.185349 -119.812111 35.179123
v 132.439880 -123.254631 35.907520
v 134.238770 -121.105896 35.724510
v 132.467377 -123.306297 35.938869
v 132.399338 -123.380562 35.940239
v 132.970230 -122.637421 35.879421
v 135.771942 -118.918633 35.271004
v 136.050613 -118.979660 35.368042
v 136.071640 -118.942932 35.356392
v 135.213730 -119.766441 35.490356
v 132.273529 -123.097603 36.133377
v 134.068680 -120.942253 35.950371
v 132.273132 -123.123238 36.194630
v 132.205017 -123.197586 36.196003
v 132.804779 -122.480446 36.097919
v 135.610611 -118.754623 35.495541
v 135.769989 -118.698219 35.745098
v 135.791199 -118.661156 35.733330
v 135.050262 -119.606895 35.708488
v 132.034622 -122.882500 36.131409
v 133.810410 -120.742294 35.945107
v 131.998550 -122.875862 36.186844
v 131.931229 -122.949341 36.188190
v 132.565170 -122.274765 36.091545
v 135.331436 -118.595444 35.504135
v 135.290695 -118.433029 35.753277
v 135.310013 -118.399422 35.742699
v 134.790726 -119.426933 35.705742
v 131.863129 -122.735336 35.902767
v 133.615234 -120.623146 35.711800
v 131.804459 -122.709076 35.920071
v 131.738342 -122.781227 35.921379
v 132.391785 -122.140862 35.864040
v 135.097977 -118.534348 35.291752
v 134.893478 -118.339417 35.387783
v 134.909958 -118.311066 35.379009
v 134.587128 -119.331978 35.483727
v 131.859497 -122.742310 35.581390
v 133.597504 -120.654602 35.387119
v 131.804581 -122.720581 35.550587
v 131.739365 -122.791740 35.551865
v 132.386154 -122.157173 35.548672
v 135.046967 -118.607109 34.982803
v 134.811035 -118.472229 34.862724
v 134.825363 -118.447838 34.855309
v 134.558762 -119.377647 35.172497
v 132.025864 -122.899345 35.355534
v 133.767593 -120.818237 35.161259
v 131.998825 -122.903641 35.294827
v 131.933670 -122.974709 35.296104
v 132.551620 -122.314148 35.330177
v 135.208313 -118.771118 34.758266
v 135.091660 -118.753662 34.485664
v 135.105804 -118.729614 34.478371
v 134.722229 -119.537193 34.954365
v 132.264755 -123.114441 35.357502
v 134.025864 -121.018204 35.166527
v 132.273407 -123.151024 35.302612
v 132.207474 -123.222961 35.303913
v 132.791229 -122.519821 35.336548
v 135.487473 -118.930298 34.749668
v 135.570953 -119.018860 34.477489
v 135.586990 -118.991348 34.469002
v 134.981766 -119.717155 34.957108
v 148.607315 -103.192322 35.586143
v 146.911224 -105.388046 35.399834
v 148.668869 -103.210884 35.569386
v 148.726181 -103.129715 35.570724
v 148.125717 -103.837875 35.564053
v 145.133362 -107.310020 34.962051
v 145.304230 -107.525841 34.842979
v 145.276230 -107.551254 34.832691
v 145.821396 -106.612137 35.179123
v 148.601273 -103.197357 35.907520
v 146.884262 -105.412064 35.724510
v 148.657608 -103.213219 35.938869
v 148.715698 -103.130959 35.940239
v 148.110962 -103.846832 35.879421
v 145.073105 -107.375336 35.271004
v 145.192001 -107.634644 35.368042
v 145.160583 -107.662994 35.356392
v 145.782791 -106.649574 35.490356
v 148.412460 -103.068192 36.133377
v 146.688202 -105.280670 35.950371
v 148.437424 -103.062355 36.194630
v 148.495590 -102.979996 36.196003
v 147.922394 -103.718552 36.097919
v 144.878540 -107.252563 35.495541
v 144.857315 -107.420296 35.745098
v 144.825607 -107.448906 35.733330
v 145.592133 -106.523788 35.708488
v 148.151474 -102.880501 36.131409
v 146.437881 -105.070824 35.945107
v 148.137314 -102.846664 36.186844
v 148.194794 -102.765259 36.188190
v 147.670471 -103.528168 36.091545
v 144.663620 -107.013634 35.504135
v 144.496246 -107.008362 35.753277
v 144.467529 -107.034393 35.742699
v 145.361099 -106.308456 35.705742
v 147.971191 -102.744225 35.902767
v 146.279953 -104.905457 35.711800
v 147.933060 -102.692490 35.920071
v 147.989502 -102.612541 35.921379
v 147.502747 -103.387215 35.864040
v 144.554276 -106.798508 35.291752
v 144.320312 -106.640144 35.387783
v 144.296112 -106.662277 35.379009
v 145.225021 -106.129715 35.483727
v 147.977234 -102.739197 35.581390
v 146.306915 -104.881439 35.387119
v 147.944336 -102.690155 35.550587
v 147.999985 -102.611298 35.551865
v 147.517502 -103.378258 35.548672
v 144.614517 -106.733192 34.982803
v 144.432556 -106.531342 34.862724
v 144.411758 -106.550537 34.855309
v 145.263611 -106.092278 35.172497
v 148.166061 -102.868355 35.355534
v 146.502975 -105.012833 35.161259
v 148.164505 -102.841019 35.294827
v 148.220093 -102.762253 35.296104
v 147.706070 -103.506538 35.330177
v 144.809097 -106.855965 34.758266
v 144.767227 -106.745689 34.485664
v 144.746735 -106.764626 34.478371
v 145.454269 -106.218071 34.954365
v 148.427048 -103.056046 35.357502
v 146.753296 -105.222679 35.166527
v 148.464630 -103.056717 35.302612
v 148.520905 -102.976990 35.303913
v 147.957993 -103.696922 35.336548
v 145.024002 -107.094894 34.749668
v 145.128296 -107.157623 34.477489
v 145.104813 -107.179138 34.469002
v 145.685303 -106.433403 34.957108
v 149.327484 -102.147408 35.586143
v 150.775742 -99.780884 35.399834
v 149.366745 -102.198326 35.569386
v 149.311279 -102.280769 35.570724
v 149.759354 -101.467575 35.564053
v 151.939072 -97.435356 34.962051
v 152.201584 -97.518234 34.842979
v 152.215363 -97.483017 34.832691
v 151.531784 -98.326721 35.179123
v 149.330032 -102.139969 35.907520
v 150.788605 -99.747131 35.724510
v 149.364914 -102.186966 35.938869
v 149.308716 -102.270531 35.940239
v 149.762482 -101.450607 35.879421
v 151.978668 -97.355804 35.271004
v 152.263321 -97.374611 35.368042
v 152.278625 -97.335167 35.356392
v 151.553040 -98.277336 35.490356
v 149.142136 -102.009483 36.133377
v 150.596024 -99.610672 35.950371
v 149.145554 -102.034897 36.194630
v 149.089294 -102.118561 36.196003
v 149.575470 -101.320045 36.097919
v 151.794693 -97.217667 35.495541
v 151.943878 -97.138145 35.745098
v 151.959335 -97.098328 35.733330
v 151.367615 -98.143936 35.708488
v 148.873840 -101.832397 36.131409
v 150.310822 -99.451431 35.945107
v 148.837173 -101.831207 36.186844
v 148.781555 -101.913895 36.188190
v 149.307892 -101.152374 36.091545
v 151.494919 -97.101875 35.504135
v 151.430420 -96.947342 35.753277
v 151.444519 -96.911232 35.742699
v 151.084152 -98.004662 35.705742
v 148.682327 -101.712433 35.902767
v 150.100067 -99.362701 35.711800
v 148.620407 -101.695206 35.920071
v 148.565781 -101.776405 35.921379
v 149.116470 -101.045807 35.864040
v 151.254944 -97.076248 35.291752
v 151.023682 -96.913979 35.387783
v 151.035751 -96.883484 35.379009
v 150.868683 -97.941109 35.483727
v 148.679779 -101.719872 35.581390
v 150.087219 -99.396454 35.387119
v 148.622223 -101.706566 35.550587
v 148.568344 -101.786652 35.551865
v 149.113342 -101.062775 35.548672
v 151.215363 -97.155807 34.982803
v 150.961960 -97.057594 34.862724
v 150.972504 -97.031334 34.855309
v 150.847443 -97.990494 35.172497
v 148.867676 -101.850349 35.355534
v 150.279800 -99.532913 35.161259
v 148.841583 -101.858635 35.294827
v 148.787766 -101.938614 35.296104
v 149.300354 -101.193336 35.330177
v 151.399338 -97.293938 34.758266
v 151.281387 -97.294060 34.485664
v 151.291794 -97.268173 34.478371
v 151.032852 -98.123894 34.954365
v 149.135971 -102.027443 35.357502
v 150.565002 -99.692146 35.166527
v 149.149963 -102.062325 35.302612
v 149.095490 -102.143288 35.303913
v 149.567932 -101.361008 35.336548
v 151.699112 -97.409729 34.749668
v 151.794861 -97.484863 34.477489
v 151.806610 -97.455269 34.469002
v 151.316315 -98.263168 34.957108
v 162.326920 -79.892174 35.586143
v 160.977005 -82.316154 35.399834
v 162.390549 -79.901352 35.569386
v 162.435120 -79.812546 35.570724
v 161.946899 -80.602295 35.564053
v 159.505432 -84.481628 34.962051
v 159.706573 -84.669571 34.842979
v 159.682663 -84.698875 34.832691
v 160.081772 -83.688995 35.179123
v 162.321686 -79.898048 35.907520
v 160.953918 -82.343925 35.724510
v 162.379761 -79.905342 35.938869
v 162.424942 -79.815338 35.940239
v 161.933655 -80.613350 35.879421
v 159.455582 -84.555191 35.271004
v 159.611801 -84.793884 35.368042
v 159.584961 -84.826599 35.356392
v 160.049194 -83.731766 35.490356
v 162.115723 -79.798470 36.133377
v 160.740463 -82.243217 35.950371
v 162.139542 -79.788979 36.194630
v 162.184784 -79.698868 36.196003
v 161.728073 -80.514603 36.097919
v 159.244888 -84.462791 35.495541
v 159.248917 -84.631813 35.745098
v 159.221817 -84.664825 35.733330
v 159.841919 -83.635796 35.708488
v 161.829681 -79.651772 36.131409
v 160.461670 -82.073021 35.945107
v 161.810638 -79.620422 36.186844
v 161.855347 -79.531364 36.188190
v 161.450577 -80.363892 36.091545
v 158.996780 -84.258560 35.504135
v 158.830490 -84.278290 35.753277
v 158.805969 -84.308311 35.742699
v 159.581360 -83.457306 35.705742
v 161.631119 -79.543884 35.902767
v 160.280853 -81.933037 35.711800
v 161.585693 -79.498413 35.920071
v 161.629593 -79.410942 35.921379
v 161.263733 -80.249504 35.864040
v 158.856583 -84.062126 35.291752
v 158.601624 -83.940399 35.387783
v 158.580994 -83.965897 35.379009
v 159.420166 -83.300842 35.483727
v 161.636337 -79.538010 35.581390
v 160.303940 -81.905266 35.387119
v 161.596497 -79.494423 35.550587
v 161.639771 -79.408150 35.551865
v 161.276978 -80.238449 35.548672
v 158.906433 -83.988571 34.982803
v 158.696396 -83.816086 34.862724
v 158.678711 -83.838165 34.855309
v 159.452744 -83.258072 35.172497
v 161.842300 -79.637589 35.355534
v 160.517395 -82.005974 35.161259
v 161.836700 -79.610786 35.294827
v 161.879929 -79.524620 35.296104
v 161.482559 -80.337204 35.330177
v 159.117111 -84.080963 34.758266
v 159.059280 -83.978165 34.485664
v 159.041855 -83.999939 34.478371
v 159.660019 -83.354050 34.954365
v 162.128342 -79.784286 35.357502
v 160.796188 -82.176170 35.166527
v 162.165604 -79.779343 35.302612
v 162.209366 -79.692123 35.303913
v 161.760040 -80.487915 35.336548
v 159.365234 -84.285202 34.749668
v 159.477707 -84.331688 34.477489
v 159.457703 -84.356461 34.469002
v 159.920563 -83.532539 34.957108
v 162.883316 -78.751602 35.586143
v 163.962708 -76.195656 35.399834
v 162.929718 -78.796097 35.569386
v 162.887161 -78.885887 35.570724
v 163.209030 -78.014992 35.564053
v 164.763474 -73.702957 34.962051
v 165.035400 -73.745781 34.842979
v 165.043777 -73.708908 34.832691
v 164.493576 -74.645065 35.179123
v 162.884720 -78.743866 35.907520
v 163.970383 -76.160370 35.724510
v 162.926208 -78.785133 35.938869
v 162.883087 -78.876144 35.940239
v 163.209595 -77.997749 35.879421
v 164.790771 -73.618385 35.271004
v 165.075043 -73.594566 35.368042
v 165.084305 -73.553276 35.356392
v 164.507233 -74.593063 35.490356
v 162.679474 -78.642845 36.133377
v 163.759613 -76.054138 35.950371
v 162.686646 -78.667458 36.194630
v 162.643478 -78.758575 36.196003
v 163.005219 -77.896515 36.097919
v 164.588257 -73.509216 35.495541
v 164.723938 -73.408340 35.745098
v 164.733276 -73.366669 35.733330
v 164.304001 -74.488785 35.708488
v 162.387787 -78.507713 36.131409
v 163.453873 -75.939178 35.945107
v 162.351349 -78.512001 36.186844
v 162.308685 -78.602051 36.188190
v 162.715637 -77.770599 36.091545
v 164.274567 -73.439392 35.504135
v 164.187759 -73.296196 35.753277
v 164.196335 -73.258392 35.742699
v 164.002945 -74.393318 35.705742
v 162.180527 -78.417633 35.902767
v 163.232254 -75.882851 35.711800
v 162.116730 -78.409828 35.920071
v 162.074814 -78.498260 35.921379
v 162.510483 -77.693748 35.864040
v 164.033463 -73.449814 35.291752
v 163.780609 -73.323822 35.387783
v 163.787994 -73.291870 35.379009
v 163.780411 -74.362579 35.483727
v 162.179108 -78.425369 35.581390
v 163.224579 -75.918137 35.387119
v 162.120224 -78.420792 35.550587
v 162.078873 -78.508003 35.551865
v 162.509918 -77.710991 35.548672
v 164.006180 -73.534386 34.982803
v 163.740967 -73.475037 34.862724
v 163.747482 -73.447495 34.855309
v 163.766769 -74.414589 35.172497
v 162.384369 -78.526390 35.355534
v 163.435333 -76.024376 35.161259
v 162.359802 -78.538467 35.294827
v 162.318497 -78.625580 35.296104
v 162.714294 -77.812225 35.330177
v 164.208694 -73.643555 34.758266
v 164.092072 -73.661255 34.485664
v 164.098511 -73.634109 34.478371
v 163.969986 -74.518860 34.954365
v 162.676056 -78.661514 35.357502
v 163.741089 -76.139328 35.166527
v 162.695099 -78.693924 35.302612
v 162.653290 -78.782097 35.303913
v 163.003876 -77.938148 35.336548
v 164.522369 -73.713379 34.749668
v 164.628250 -73.773407 34.477489
v 164.635452 -73.742386 34.469002
v 164.271042 -74.614334 34.957108
v 172.420746 -54.807583 35.586143
v 171.447174 -57.405674 35.399834
v 172.485031 -54.807178 35.569386
v 172.515869 -54.712719 35.570724
v 172.150803 -55.566410 35.564053
v 170.314758 -59.766281 34.962051
v 170.541656 -59.922150 34.842979
v 170.522400 -59.954685 34.832691
v 170.766541 -58.896606 35.179123
v 172.416458 -54.814171 35.907520
v 171.428482 -57.436573 35.724510
v 172.474960 -54.812733 35.938869
v 172.506226 -54.716999 35.940239
v 172.139359 -55.579315 35.879421
v 170.276428 -59.846451 35.271004
v 170.466476 -60.059200 35.368042
v 170.444809 -60.095551 35.356392
v 170.740692 -58.943756 35.490356
v 172.197952 -54.746403 36.133377
v 171.202393 -57.368805 35.950371
v 172.220093 -54.733463 36.194630
v 172.251389 -54.637619 36.196003
v 171.921356 -55.512306 36.097919
v 170.054321 -59.786484 35.495541
v 170.083481 -59.953018 35.745098
v 170.061615 -59.989700 35.733330
v 170.521423 -58.879749 35.708488
v 171.893234 -54.643970 36.131409
v 170.901352 -57.242058 35.945107
v 171.869736 -54.615810 36.186844
v 171.900665 -54.521080 36.188190
v 171.624496 -55.404636 36.091545
v 169.778534 -59.621510 35.504135
v 169.617050 -59.665802 35.753277
v 169.597275 -59.699142 35.742699
v 170.237183 -58.742081 35.705742
v 171.680817 -54.566883 35.902767
v 170.701691 -57.130585 35.711800
v 171.629120 -54.528687 35.920071
v 171.659485 -54.435650 35.921379
v 171.422684 -55.319374 35.864040
v 169.610641 -59.448170 35.291752
v 169.340393 -59.365795 35.387783
v 169.323792 -59.394081 35.379009
v 170.054459 -58.611393 35.483727
v 171.685104 -54.560295 35.581390
v 170.720383 -57.099686 35.387119
v 171.639206 -54.523132 35.550587
v 171.669144 -54.431370 35.551865
v 171.434143 -55.306469 35.548672
v 169.648956 -59.368000 34.982803
v 169.415573 -59.228745 34.862724
v 169.401367 -59.253216 34.855309
v 170.080307 -58.564247 35.172497
v 171.903610 -54.628067 35.355534
v 170.946472 -57.167458 35.161259
v 171.894073 -54.602398 35.294827
v 171.923965 -54.510750 35.296104
v 171.652145 -55.373482 35.330177
v 169.871078 -59.427967 34.758266
v 169.798569 -59.334927 34.485664
v 169.784576 -59.359062 34.478371
v 170.299576 -58.628254 34.954365
v 172.208313 -54.730495 35.357502
v 171.247513 -57.294201 35.166527
v 172.244415 -54.720055 35.302612
v 172.274704 -54.627289 35.303913
v 171.948990 -55.481152 35.336548
v 170.146851 -59.592937 34.749668
v 170.264999 -59.622147 34.477489
v 170.248917 -59.649620 34.469002
v 170.583817 -58.765923 34.957108
v 172.800949 -53.596825 35.586143
v 173.487350 -50.908562 35.399834
v 172.853455 -53.633907 35.569386
v 172.824768 -53.729042 35.570724
v 173.013245 -52.819901 35.564053
v 173.907684 -48.324352 34.962051
v 174.182953 -48.326172 34.842979
v 174.185745 -48.288464 34.832691
v 173.781204 -49.296169 35.179123
v 172.801193 -53.588963 35.907520
v 173.489685 -50.872524 35.724510
v 172.848358 -53.623589 35.938869
v 172.819290 -53.720013 35.940239
v 173.011230 -52.802765 35.879421
v 173.922073 -48.236664 35.271004
v 174.199615 -48.170742 35.368042
v 174.202621 -48.128532 35.356392
v 173.786957 -49.242714 35.490356
v 172.583176 -53.519661 36.133377
v 173.265442 -50.798885 35.950371
v 172.593933 -53.542931 36.194630
v 172.564835 -53.639465 36.196003
v 172.794052 -52.733124 36.097919
v 173.705551 -48.158894 35.495541
v 173.824677 -48.038925 35.745098
v 173.827713 -47.996323 35.733330
v 173.570465 -49.169888 35.708488
v 172.274597 -53.429512 36.131409
v 172.945984 -50.730782 35.945107
v 172.239212 -53.439182 36.186844
v 172.210434 -53.534588 36.188190
v 172.488937 -52.651768 36.091545
v 173.384964 -48.136597 35.504135
v 173.277786 -48.007942 35.753277
v 173.280624 -47.969280 35.742699
v 173.258545 -49.120350 35.705742
v 172.056229 -53.371323 35.902767
v 172.718445 -50.708107 35.711800
v 171.991989 -53.373116 35.920071
v 171.963715 -53.466812 35.921379
v 172.274612 -52.606354 35.864040
v 173.148102 -48.182838 35.291752
v 172.879288 -48.095936 35.387783
v 172.881836 -48.063240 35.379009
v 173.033920 -49.123123 35.483727
v 172.055984 -53.379185 35.581390
v 172.716110 -50.744144 35.387119
v 171.997086 -53.383434 35.550587
v 171.969193 -53.475838 35.551865
v 172.276627 -52.623486 35.548672
v 173.133728 -48.270527 34.982803
v 172.862625 -48.251366 34.862724
v 172.864960 -48.223167 34.855309
v 173.028168 -49.176582 35.172497
v 172.274002 -53.448486 35.355534
v 172.940353 -50.817783 35.161259
v 172.251511 -53.464092 35.294827
v 172.223648 -53.556385 35.296104
v 172.493805 -52.693130 35.330177
v 173.350250 -48.348297 34.758266
v 173.237564 -48.383183 34.485664
v 173.239883 -48.355377 34.478371
v 173.244659 -49.249409 34.954365
v 172.582581 -53.538635 35.357502
v 173.259811 -50.885887 35.166527
v 172.606232 -53.567844 35.302612
v 172.578049 -53.661263 35.303913
v 172.798920 -52.774487 35.336548
v 173.670837 -48.370590 34.749668
v 173.784470 -48.414169 34.477489
v 173.786972 -48.382423 34.469002
v 173.556580 -49.298943 34.957108
v 178.663391 -28.498785 35.586143
v 178.087891 -31.212955 35.399834
v 178.726898 -28.488802 35.569386
v 178.743317 -28.390802 35.570724
v 178.509552 -29.289368 35.564053
v 177.319946 -33.715969 34.962051
v 177.567535 -33.836281 34.842979
v 177.553345 -33.871323 34.832691
v 177.637054 -32.788677 35.179123
v 178.660126 -28.505939 35.907520
v 178.074020 -31.246298 35.724510
v 178.717758 -28.495796 35.938869
v 178.734421 -28.396473 35.940239
v 178.500153 -29.303835 35.879421
v 177.293991 -33.800953 35.271004
v 177.513611 -33.983006 35.368042
v 177.497620 -34.022179 35.356392
v 177.618530 -32.839153 35.490356
v 178.433975 -28.471491 36.133377
v 177.840363 -31.212978 35.950371
v 178.453934 -28.455399 36.194630
v 178.470596 -28.355959 36.196003
v 178.274612 -29.270063 36.097919
v 177.065430 -33.774761 35.495541
v 177.119080 -33.935089 35.745098
v 177.102921 -33.974621 35.733330
v 177.392181 -32.808537 35.708488
v 178.117401 -28.415617 36.131409
v 177.523788 -31.132515 35.945107
v 178.089951 -28.391273 36.186844
v 178.106415 -28.292994 36.188190
v 177.965027 -29.207836 36.091545
v 176.768143 -33.652729 35.504135
v 176.615051 -33.720592 35.753277
v 176.600464 -33.756512 35.742699
v 177.090591 -32.714767 35.705742
v 177.895844 -28.371050 35.902767
v 177.309738 -31.052044 35.711800
v 177.839050 -28.340982 35.920071
v 177.855209 -28.244461 35.921379
v 177.752762 -29.153606 35.864040
v 176.576279 -33.506348 35.291752
v 176.296768 -33.465172 35.387783
v 176.284576 -33.495613 35.379009
v 176.890442 -32.612774 35.483727
v 177.899109 -28.363895 35.581390
v 177.323624 -31.018702 35.387119
v 177.848175 -28.333988 35.550587
v 177.864105 -28.238791 35.551865
v 177.762146 -29.139139 35.548672
v 176.602219 -33.421364 34.982803
v 176.350693 -33.318447 34.862724
v 176.340286 -33.344761 34.855309
v 176.908966 -32.562302 35.172497
v 178.125275 -28.398344 35.355534
v 177.557281 -31.052023 35.161259
v 178.112015 -28.374386 35.294827
v 178.127930 -28.279305 35.296104
v 177.987701 -29.172911 35.330177
v 176.830795 -33.447556 34.758266
v 176.745224 -33.366364 34.485664
v 176.734985 -33.392319 34.478371
v 177.135315 -32.592915 34.954365
v 178.441849 -28.454218 35.357502
v 177.873856 -31.132484 35.166527
v 178.475998 -28.438513 35.302612
v 178.492111 -28.342270 35.303913
v 178.297287 -29.235138 35.336548
v 177.128082 -33.569588 34.749668
v 177.249268 -33.580860 34.477489
v 177.237442 -33.610428 34.469002
v 177.436905 -32.686684 34.957108
v 178.858902 -27.244884 35.586143
v 179.136993 -24.484344 35.399834
v 178.916351 -27.273727 35.569386
v 178.902161 -27.372074 35.570724
v 178.953049 -26.444996 35.564053
v 179.167496 -21.866352 34.962051
v 179.439972 -21.827127 34.842979
v 179.437103 -21.789423 34.832691
v 179.187271 -22.846169 35.179123
v 178.857971 -27.237076 35.907520
v 179.133942 -24.448362 35.724510
v 178.909775 -27.264284 35.938869
v 178.895401 -27.363962 35.940239
v 178.948502 -26.428354 35.879421
v 179.168655 -21.777498 35.271004
v 179.433273 -21.670950 35.368042
v 179.429962 -21.628765 35.356392
v 179.184982 -22.792450 35.490356
v 178.632050 -27.201040 36.133377
v 178.901215 -24.408966 35.950371
v 178.646164 -27.222446 36.194630
v 178.631775 -27.322239 36.196003
v 178.723358 -26.391857 36.097919
v 178.942963 -21.732866 35.495541
v 179.042877 -21.596485 35.745098
v 179.039520 -21.553907 35.733330
v 178.960052 -22.752701 35.708488
v 178.313492 -27.157885 36.131409
v 178.575180 -24.389235 35.945107
v 178.279953 -27.172720 36.186844
v 178.265717 -27.271349 36.188190
v 178.409531 -26.356882 36.091545
v 178.622635 -21.758598 35.504135
v 178.497467 -21.647350 35.753277
v 178.494507 -21.608700 35.742699
v 178.644226 -22.750206 35.705742
v 178.088898 -27.132891 35.902767
v 178.346802 -24.400726 35.711800
v 178.025635 -27.144238 35.920071
v 178.011642 -27.241100 35.921379
v 178.190826 -26.343918 35.864040
v 178.395309 -21.839622 35.291752
v 178.116547 -21.793755 35.387783
v 178.114182 -21.761044 35.379009
v 178.422531 -22.786425 35.483727
v 178.089828 -27.140699 35.581390
v 178.349869 -24.436708 35.387119
v 178.032211 -27.153683 35.550587
v 178.018402 -27.249212 35.551865
v 178.195374 -26.360558 35.548672
v 178.394165 -21.928476 34.982803
v 178.123230 -21.949932 34.862724
v 178.121338 -21.921701 34.855309
v 178.424805 -22.840143 35.172497
v 178.315735 -27.176735 35.355534
v 178.582581 -24.476105 35.161259
v 178.295822 -27.195520 35.294827
v 178.282028 -27.290934 35.296104
v 178.420517 -26.397057 35.330177
v 178.619843 -21.973106 34.758266
v 178.513626 -22.024399 34.485664
v 178.511780 -21.996559 34.478371
v 178.649734 -22.879890 34.954365
v 178.634293 -27.219891 35.357502
v 178.908615 -24.495836 35.166527
v 178.662048 -27.245247 35.302612
v 178.648087 -27.341825 35.303913
v 178.734344 -26.432032 35.336548
v 178.940170 -21.947374 34.749668
v 179.059036 -21.973530 34.477489
v 179.056778 -21.941769 34.469002
v 178.965561 -22.882385 34.957108
v 180.915375 -1.553430 35.586143
v 180.750824 -4.323058 35.399834
v 180.976700 -1.534093 35.569386
v 180.978317 -1.434741 35.570724
v 180.881088 -2.358110 35.564053
v 180.364471 -6.912568 34.962051
v 180.627243 -6.994635 34.842979
v 180.618423 -7.031404 34.832691
v 180.539856 -5.948373 35.179123
v 180.913223 -1.560991 35.907520
v 180.742065 -4.358095 35.724510
v 180.968704 -1.542371 35.938869
v 180.970367 -1.441675 35.940239
v 180.873947 -2.373816 35.879421
v 180.351486 -7.000473 35.271004
v 180.595795 -7.147759 35.368042
v 180.585800 -7.188879 35.356392
v 180.529053 -6.001043 35.490356
v 180.684448 -1.560632 36.133377
v 180.506042 -4.359971 35.950371
v 180.701797 -1.541744 36.194630
v 180.703461 -1.440931 36.196003
v 180.645889 -2.374038 36.097919
v 180.121567 -7.008636 35.495541
v 180.198517 -7.159175 35.745098
v 180.188431 -7.200675 35.733330
v 180.300674 -6.004505 35.708488
v 180.363083 -1.552564 36.131409
v 180.181015 -4.327587 35.945107
v 180.332321 -1.532580 36.186844
v 180.333954 -1.432944 36.188190
v 180.330475 -2.358645 36.091545
v 179.809402 -6.932275 35.504135
v 179.668152 -7.022196 35.753277
v 179.659073 -7.059886 35.742699
v 179.988480 -5.956731 35.705742
v 180.137375 -1.541512 35.902767
v 179.957382 -4.279914 35.711800
v 180.076721 -1.520247 35.920071
v 180.078323 -1.422393 35.921379
v 180.112503 -2.336655 35.864040
v 179.597870 -6.816123 35.291752
v 179.315353 -6.817061 35.387783
v 179.307831 -6.848982 35.379009
v 179.775345 -5.885705 35.483727
v 180.139526 -1.533951 35.581390
v 179.966125 -4.244877 35.387119
v 180.084717 -1.511969 35.550587
v 180.086273 -1.415459 35.551865
v 180.119644 -2.320949 35.548672
v 179.610870 -6.728218 34.982803
v 179.346802 -6.663938 34.862724
v 179.340439 -6.691507 34.855309
v 179.786148 -5.833035 35.172497
v 180.368301 -1.534310 35.355534
v 180.202148 -4.243001 35.161259
v 180.351624 -1.512595 35.294827
v 180.353180 -1.416203 35.296104
v 180.347717 -2.320727 35.330177
v 179.840790 -6.720056 34.758266
v 179.744080 -6.652522 34.485664
v 179.737808 -6.679710 34.478371
v 180.014542 -5.829573 34.954365
v 180.689667 -1.542378 35.357502
v 180.527176 -4.275385 35.166527
v 180.721085 -1.521759 35.302612
v 180.722672 -1.424191 35.303913
v 180.663116 -2.336120 35.336548
v 180.152939 -6.796415 34.749668
v 180.274445 -6.789501 34.477489
v 180.267166 -6.820500 34.469002
v 180.326736 -5.877348 34.957108
v 180.921829 -0.284396 35.586143
v 180.785400 2.486761 35.399834
v 180.982941 -0.304355 35.569386
v 180.983566 -0.403718 35.570724
v 180.895706 0.520591 35.564053
v 180.425385 5.080061 34.962051
v 180.688980 5.159455 34.842979
v 180.680527 5.196312 34.832691
v 180.590958 4.114135 35.179123
v 180.919739 -0.276814 35.907520
v 180.777008 2.521885 35.724510
v 180.975037 -0.295996 35.938869
v 180.975662 -0.396703 35.940239
v 180.888733 0.536368 35.879421
v 180.413284 5.168094 35.271004
v 180.659073 5.312891 35.368042
v 180.649521 5.354111 35.356392
v 180.580704 4.166913 35.490356
v 180.690979 -0.274849 36.133377
v 180.541031 2.526159 35.950371
v 180.708130 -0.293911 36.194630
v 180.708771 -0.394736 36.196003
v 180.660675 0.538907 36.097919
v 180.183472 5.178592 35.495541
v 180.261948 5.328342 35.745098
v 180.252289 5.369942 35.733330
v 180.352356 4.172694 35.708488
v 180.369553 -0.279652 36.131409
v 180.215683 2.497077 35.945107
v 180.338593 -0.299321 36.186844
v 180.339218 -0.398969 36.188190
v 180.345139 0.526719 36.091545
v 179.870544 5.105406 35.504135
v 179.730209 5.196758 35.753277
v 179.721527 5.234537 35.742699
v 180.039703 4.128093 35.705742
v 180.143738 -0.288410 35.902767
v 179.991562 2.451679 35.711800
v 180.082870 -0.309058 35.920071
v 180.083481 -0.406923 35.921379
v 180.126953 0.506945 35.864040
v 179.657837 4.991409 35.291752
v 179.375351 4.995219 35.387783
v 179.368149 5.027213 35.379009
v 179.825867 4.059237 35.483727
v 180.145813 -0.295993 35.581390
v 179.999969 2.416555 35.387119
v 180.090775 -0.317417 35.550587
v 180.091370 -0.413938 35.551865
v 180.133926 0.491167 35.548672
v 179.669952 4.903376 34.982803
v 179.405243 4.841782 34.862724
v 179.399170 4.869415 34.855309
v 179.836121 4.006459 35.172497
v 180.374573 -0.297957 35.355534
v 180.235947 2.412282 35.161259
v 180.357681 -0.319502 35.294827
v 180.358261 -0.415905 35.296104
v 180.361984 0.488629 35.330177
v 179.899765 4.892879 34.758266
v 179.802383 4.826332 34.485664
v 179.796402 4.853582 34.478371
v 180.064468 4.000678 34.954365
v 180.696014 -0.293154 35.357502
v 180.561295 2.441362 35.166527
v 180.727219 -0.314091 35.302612
v 180.727829 -0.411671 35.303913
v 180.677521 0.500816 35.336548
v 180.212692 4.966065 34.749668
v 180.334122 4.957916 34.477489
v 180.327148 4.988988 34.469002
v 180.377136 4.045279 34.957108
v 179.126419 25.426617 35.586143
v 179.376465 22.663395 35.399834
v 179.184174 25.454874 35.569386
v 179.170975 25.553360 35.570724
v 179.212433 24.625813 35.564053
v 179.380371 20.045225 34.962051
v 179.652435 20.003235 34.842979
v 179.649185 19.965563 34.832691
v 179.410095 21.024790 35.179123
v 179.125412 25.418818 35.907520
v 179.373032 22.627445 35.724510
v 179.177505 25.445498 35.938869
v 179.164139 25.545317 35.940239
v 179.207718 24.609219 35.879421
v 179.380615 19.956366 35.271004
v 179.644150 19.847134 35.368042
v 179.640411 19.804985 35.356392
v 179.407257 20.971098 35.490356
v 178.899139 25.385078 36.133377
v 179.139938 22.590414 35.950371
v 178.913483 25.406340 36.194630
v 178.900101 25.506275 36.196003
v 178.982239 24.575008 36.097919
v 179.154480 19.914028 35.495541
v 179.253021 19.776638 35.745098
v 179.249222 19.734098 35.733330
v 179.181946 20.933638 35.708488
v 178.580170 25.345161 36.131409
v 178.813705 22.573996 35.945107
v 178.546768 25.360336 36.186844
v 178.533539 25.459105 36.188190
v 178.668060 24.543224 36.091545
v 178.834442 19.943014 35.504135
v 178.708145 19.833044 35.753277
v 178.704803 19.794424 35.742699
v 178.866104 20.934349 35.705742
v 178.355331 25.322451 35.902767
v 178.585464 22.587807 35.711800
v 178.292191 25.334438 35.920071
v 178.279175 25.431438 35.921379
v 178.449234 24.532482 35.864040
v 178.607956 20.026342 35.291752
v 178.328735 19.983309 35.387783
v 178.326050 19.950624 35.379009
v 178.644791 20.972820 35.483727
v 178.356339 25.330250 35.581390
v 178.588882 22.623755 35.387119
v 178.298859 25.343817 35.550587
v 178.286011 25.439480 35.551865
v 178.453964 24.549076 35.548672
v 178.607697 20.115202 34.982803
v 178.337006 20.139410 34.862724
v 178.334824 20.111200 34.855309
v 178.647614 21.026512 35.172497
v 178.582596 25.363989 35.355534
v 178.821991 22.660786 35.161259
v 178.562866 25.382975 35.294827
v 178.550049 25.478523 35.296104
v 178.679443 24.583284 35.330177
v 178.833832 20.157539 34.758266
v 178.728134 20.209906 34.485664
v 178.725998 20.182089 34.478371
v 178.872940 21.063972 34.954365
v 178.901581 25.403904 35.357502
v 179.148224 22.677204 35.166527
v 178.929581 25.428976 35.302612
v 178.916611 25.525694 35.303913
v 178.993622 24.615070 35.336548
v 179.153885 20.128555 34.749668
v 179.273010 20.153502 34.477489
v 179.270432 20.121763 34.469002
v 179.188766 21.063259 34.957108
v 178.943665 26.682438 35.586143
v 178.395767 29.402315 35.399834
v 179.007065 26.671810 35.569386
v 179.022491 26.573648 35.570724
v 178.797867 27.474543 35.564053
v 177.653290 31.912998 34.962051
v 177.902084 32.030788 34.842979
v 177.888245 32.065975 34.832691
v 177.960968 30.982536 35.179123
v 178.940475 26.689625 35.907520
v 178.382233 29.435795 35.724510
v 178.998001 26.678898 35.938869
v 179.013641 26.579411 35.940239
v 178.788620 27.489105 35.879421
v 177.628204 31.998245 35.271004
v 177.849655 32.178055 35.368042
v 177.834061 32.217388 35.356392
v 177.942947 31.033195 35.490356
v 178.713974 26.657475 36.133377
v 178.148254 29.404852 35.950371
v 178.733780 26.641182 36.194630
v 178.749435 26.541576 36.196003
v 178.562729 27.457626 36.097919
v 177.399384 31.974373 35.495541
v 177.454666 32.134148 35.745098
v 177.438904 32.173843 35.733330
v 177.716293 31.004881 35.708488
v 178.396851 26.604820 36.131409
v 177.830872 29.327608 35.945107
v 178.369171 26.580757 36.186844
v 178.384628 26.482315 36.188190
v 178.252533 27.398548 36.091545
v 177.100861 31.855370 35.504135
v 176.948471 31.924786 35.753277
v 176.934250 31.960850 35.742699
v 177.413773 30.914181 35.705742
v 178.174866 26.562506 35.902767
v 177.616028 29.249315 35.711800
v 178.117752 26.533018 35.920071
v 178.132935 26.436337 35.921379
v 178.039734 27.346476 35.864040
v 176.907516 31.710945 35.291752
v 176.627609 31.672611 35.387783
v 176.615723 31.703175 35.379009
v 177.212585 30.814224 35.483727
v 178.178055 26.555319 35.581390
v 177.629562 29.215836 35.387119
v 178.126816 26.525930 35.550587
v 178.141785 26.430576 35.551865
v 178.048981 27.331915 35.548672
v 176.932602 31.625698 34.982803
v 176.680038 31.525343 34.862724
v 176.669907 31.551762 34.855309
v 177.230606 30.763565 35.172497
v 178.404556 26.587469 35.355534
v 177.863556 29.246778 35.161259
v 178.391052 26.563646 35.294827
v 178.405991 26.468407 35.296104
v 178.274872 27.363392 35.330177
v 177.161423 31.649570 34.758266
v 177.075043 31.569252 34.485664
v 177.065063 31.595306 34.478371
v 177.457260 30.791880 34.954365
v 178.721680 26.640123 35.357502
v 178.180923 29.324022 35.166527
v 178.755661 26.624073 35.302612
v 178.770798 26.527670 35.303913
v 178.585068 27.422472 35.336548
v 177.459946 31.768574 34.749668
v 177.581238 31.778614 34.477489
v 177.569717 31.808300 34.469002
v 177.759781 30.882580 34.957108
v 173.336472 51.838737 35.586143
v 173.995544 49.143639 35.399834
v 173.389359 51.875286 35.569386
v 173.361633 51.970703 35.570724
v 173.540878 51.059696 35.564053
v 174.389603 46.555294 34.962051
v 174.664871 46.554317 34.842979
v 174.667282 46.516582 34.832691
v 174.272995 47.528347 35.179123
v 173.336639 51.830875 35.907520
v 173.997513 49.107582 35.724510
v 173.384171 51.865021 35.938869
v 173.356079 51.961731 35.940239
v 173.538681 51.042583 35.879421
v 174.403091 46.467464 35.271004
v 174.679962 46.398727 35.368042
v 174.682541 46.356491 35.356392
v 174.278198 47.474834 35.490356
v 173.117920 51.763790 36.133377
v 173.772522 49.036224 35.950371
v 173.128937 51.786949 36.194630
v 173.100800 51.883774 36.196003
v 173.320816 50.975151 36.097919
v 174.185791 46.391895 35.495541
v 174.303696 46.270725 35.745098
v 174.306290 46.228096 35.733330
v 174.060974 47.404209 35.708488
v 172.808456 51.676781 36.131409
v 173.452393 48.971371 35.945107
v 172.773178 51.686810 36.186844
v 172.745361 51.782501 36.188190
v 173.014893 50.896896 36.091545
v 173.864990 46.372860 35.504135
v 173.756516 46.245296 35.753277
v 173.758957 46.206608 35.742699
v 173.748581 47.357845 35.705742
v 172.589508 51.620815 35.902767
v 173.224625 48.951008 35.711800
v 172.525284 51.623257 35.920071
v 172.497971 51.717236 35.921379
v 172.800110 50.853664 35.864040
v 173.628616 46.421505 35.291752
v 173.358932 46.337337 35.387783
v 173.361145 46.304619 35.379009
v 173.523987 47.362900 35.483727
v 172.589340 51.628677 35.581390
v 173.222672 48.987068 35.387119
v 172.530487 51.633526 35.550587
v 172.503540 51.726208 35.551865
v 172.802307 50.870777 35.548672
v 173.615128 46.509335 34.982803
v 173.343857 46.492928 34.862724
v 173.345901 46.464710 34.855309
v 173.518784 47.416412 35.172497
v 172.808060 51.695759 35.355534
v 173.447647 49.058426 35.161259
v 172.785721 51.711594 35.294827
v 172.758804 51.804165 35.296104
v 173.020172 50.938210 35.330177
v 173.832428 46.584900 34.758266
v 173.720108 46.620930 34.485664
v 173.722137 46.593105 34.478371
v 173.736008 47.487038 34.954365
v 173.117523 51.782768 35.357502
v 173.767792 49.123280 35.166527
v 173.141479 51.811733 35.302612
v 173.114243 51.905437 35.303913
v 173.326096 51.016460 35.336548
v 174.153229 46.603935 34.749668
v 174.267303 46.646358 34.477489
v 174.269485 46.614590 34.469002
v 174.048416 47.533401 34.957108
v 172.968597 53.053295 35.586143
v 172.021469 55.661140 35.399834
v 173.032883 53.052238 35.569386
v 173.062759 52.957470 35.570724
v 172.706375 53.814827 35.564053
v 170.913086 58.033131 34.962051
v 171.141556 58.186684 34.842979
v 171.122620 58.219414 34.832691
v 171.356003 57.158913 35.179123
v 172.964371 53.059929 35.907520
v 172.003098 55.692230 35.724510
v 173.022858 53.057892 35.938869
v 173.053146 52.961849 35.940239
v 172.695053 53.827847 35.879421
v 170.875580 58.113686 35.271004
v 171.067764 58.324493 35.368042
v 171.046478 58.361061 35.356392
v 171.330643 57.206322 35.490356
v 172.745193 52.994381 36.133377
v 171.776321 55.626759 35.950371
v 172.767197 52.981220 36.194630
v 172.797531 52.885063 36.196003
v 172.476395 53.763054 36.097919
v 170.652878 58.055977 35.495541
v 170.683731 58.222206 35.745098
v 170.662231 58.259109 35.733330
v 171.110748 57.144547 35.708488
v 172.439453 52.895050 36.131409
v 171.474014 55.503082 35.945107
v 172.415665 52.867130 36.186844
v 172.445633 52.772091 36.188190
v 172.178452 53.658405 36.091545
v 170.375427 57.893814 35.504135
v 170.214386 57.939743 35.753277
v 170.194962 57.973286 35.742699
v 170.825119 57.009769 35.705742
v 172.226257 52.820126 35.902767
v 171.273224 55.393642 35.711800
v 172.174179 52.782455 35.920071
v 172.203598 52.689117 35.921379
v 171.975784 53.575199 35.864040
v 170.205765 57.722187 35.291752
v 169.934708 57.642567 35.387783
v 169.918396 57.671017 35.379009
v 170.641083 56.880947 35.483727
v 172.230484 52.813492 35.581390
v 171.291595 55.362553 35.387119
v 172.184204 52.776798 35.550587
v 172.213211 52.684738 35.551865
v 171.987106 53.562180 35.548672
v 170.243286 57.641632 34.982803
v 170.008499 57.504757 34.862724
v 169.994537 57.529369 34.855309
v 170.666443 56.833538 35.172497
v 172.449661 52.879040 35.355534
v 171.518372 55.428024 35.161259
v 172.439865 52.853474 35.294827
v 172.468826 52.761524 35.296104
v 172.205780 53.626972 35.330177
v 170.465988 57.699341 34.758266
v 170.392532 57.607044 34.485664
v 170.378784 57.631321 34.478371
v 170.886337 56.895317 34.954365
v 172.755386 52.978371 35.357502
v 171.820679 55.551704 35.166527
v 172.791397 52.967564 35.302612
v 172.820724 52.874493 35.303913
v 172.503708 53.731621 35.336548
v 170.743439 57.861504 34.749668
v 170.861877 57.889507 34.477489
v 170.846054 57.917145 34.469002
v 171.171967 57.030090 34.957108
v 163.674866 77.092964 35.586143
v 164.728241 74.526192 35.399834
v 163.721710 77.136993 35.569386
v 163.680069 77.227211 35.570724
v 163.993088 76.353088 35.564053
v 165.503647 72.025482 34.962051
v 165.775986 72.065544 34.842979
v 165.783997 72.028587 34.832691
v 165.243332 72.970291 35.179123
v 163.676193 77.085220 35.907520
v 164.735550 74.490829 35.724510
v 163.718109 77.126060 35.938869
v 163.675903 77.217506 35.940239
v 163.993469 76.335838 35.879421
v 165.530075 71.940643 35.271004
v 165.814087 71.913933 35.368042
v 165.822937 71.872559 35.356392
v 165.256454 72.918152 35.490356
v 163.469925 76.986282 36.133377
v 164.523712 74.386742 35.950371
v 163.477356 77.010826 36.194630
v 163.435120 77.102379 36.196003
v 163.788086 76.236694 36.097919
v 165.326462 71.833534 35.495541
v 165.461105 71.731293 35.745098
v 165.470032 71.689522 35.733330
v 165.052170 72.815941 35.708488
v 163.176880 76.854126 36.131409
v 164.216827 74.274895 35.945107
v 163.140488 76.858788 36.186844
v 163.098740 76.949265 36.188190
v 163.497238 76.113716 36.091545
v 165.012085 71.766899 35.504135
v 164.923828 71.624596 35.753277
v 164.932007 71.586700 35.742699
v 164.750168 72.723534 35.705742
v 162.968719 76.766151 35.902767
v 163.994644 74.220818 35.711800
v 162.904846 76.759003 35.920071
v 162.863831 76.847855 35.921379
v 163.291306 76.038956 35.864040
v 164.771103 71.779770 35.291752
v 164.516968 71.656357 35.387783
v 164.524033 71.624329 35.379009
v 164.527328 72.695061 35.483727
v 162.967377 76.773903 35.581390
v 163.987320 74.256187 35.387119
v 162.908463 76.769928 35.550587
v 162.867996 76.857559 35.551865
v 163.290909 76.056206 35.548672
v 164.744675 71.864609 34.982803
v 164.478867 71.807961 34.862724
v 164.485107 71.780357 34.855309
v 164.514206 72.747200 35.172497
v 163.173660 76.872833 35.355534
v 164.199158 74.360275 35.161259
v 163.149200 76.885162 35.294827
v 163.108795 76.972687 35.296104
v 163.496307 76.155357 35.330177
v 164.948288 71.971718 34.758266
v 164.831848 71.990608 34.485664
v 164.838013 71.963394 34.478371
v 164.718491 72.849411 34.954365
v 163.466705 77.004997 35.357502
v 164.506058 74.472115 35.166527
v 163.486069 77.037209 35.302612
v 163.445175 77.125801 35.303913
v 163.787155 76.278328 35.336548
v 165.262665 72.038353 34.749668
v 165.369141 72.097305 34.477489
v 165.376022 72.066216 34.469002
v 165.020493 72.941818 34.957108
v 163.130081 78.239136 35.586143
v 161.804871 80.676704 35.399834
v 163.193802 78.247665 35.569386
v 163.237473 78.158409 35.570724
v 162.757294 78.953079 35.564053
v 160.355362 82.857010 34.962051
v 160.558395 83.042900 34.842979
v 160.534790 83.072449 34.832691
v 160.923615 82.058571 35.179123
v 163.124908 78.245064 35.907520
v 161.782059 80.704704 35.724510
v 163.183044 78.251770 35.938869
v 163.227310 78.161308 35.940239
v 162.744171 78.964272 35.879421
v 160.306259 82.931076 35.271004
v 160.464890 83.168175 35.368042
v 160.438385 83.201164 35.356392
v 160.891479 82.101669 35.490356
v 162.917953 78.147583 36.133377
v 161.567596 80.606171 35.950371
v 162.941681 78.137848 36.194630
v 162.985992 78.047287 36.196003
v 162.537598 78.867615 36.097919
v 160.094650 82.840820 35.495541
v 160.100372 83.009796 35.745098
v 160.073624 83.043083 35.733330
v 160.683243 82.007805 35.708488
v 162.630432 78.003799 36.131409
v 161.287079 80.438812 35.945107
v 162.611069 77.972641 36.186844
v 162.654861 77.883133 36.188190
v 162.258575 78.719727 36.091545
v 159.844467 82.639122 35.504135
v 159.678391 82.660538 35.753277
v 159.654175 82.690811 35.742699
v 160.420883 81.831970 35.705742
v 162.430786 77.897934 35.902767
v 161.104858 80.300674 35.711800
v 162.384903 77.852921 35.920071
v 162.427902 77.765015 35.921379
v 162.070572 78.607246 35.864040
v 159.702286 82.444122 35.291752
v 159.446106 82.324997 35.387783
v 159.425735 82.350700 35.379009
v 160.258102 81.677155 35.483727
v 162.435944 77.892006 35.581390
v 161.127655 80.272675 35.387119
v 162.395660 77.848824 35.550587
v 162.438049 77.762115 35.551865
v 162.083710 78.596062 35.548672
v 159.751373 82.370064 34.982803
v 159.539612 82.199722 34.862724
v 159.522141 82.221985 34.855309
v 160.290237 81.634056 35.172497
v 162.642899 77.989487 35.355534
v 161.342133 80.371208 35.161259
v 162.637024 77.962746 35.294827
v 162.679382 77.876137 35.296104
v 162.290283 78.692719 35.330177
v 159.962997 82.460320 34.758266
v 159.904129 82.358109 34.485664
v 159.886917 82.380058 34.478371
v 160.498489 81.727921 34.954365
v 162.930420 78.133270 35.357502
v 161.622635 80.538559 35.166527
v 162.967636 78.127953 35.302612
v 163.010513 78.040291 35.303913
v 162.569290 78.840599 35.336548
v 160.213181 82.662018 34.749668
v 160.326126 82.707359 34.477489
v 160.306366 82.732330 34.469002
v 160.760834 81.903755 34.957108
v 150.357376 100.625290 35.586143
v 151.781525 98.244171 35.399834
v 150.397141 100.675804 35.569386
v 150.342529 100.758812 35.570724
v 150.782318 99.941101 35.564053
v 152.920959 95.886955 34.962051
v 153.184296 95.967155 34.842979
v 153.197723 95.931808 34.832691
v 152.522751 96.782410 35.179123
v 150.359848 100.617828 35.907520
v 151.794022 98.210297 35.724510
v 150.395203 100.664467 35.938869
v 150.339844 100.748596 35.940239
v 150.785263 99.924103 35.879421
v 152.959747 95.806999 35.271004
v 153.244568 95.822922 35.368042
v 153.259476 95.783325 35.356392
v 152.543488 96.732811 35.490356
v 150.170624 100.489258 36.133377
v 151.600067 98.075798 35.950371
v 150.174316 100.514633 36.194630
v 150.118896 100.598869 36.196003
v 150.596939 99.795456 36.097919
v 152.774368 95.670746 35.495541
v 152.922760 95.589706 35.745098
v 152.937790 95.549736 35.733330
v 152.356735 96.601303 35.708488
v 149.900543 100.314903 36.131409
v 151.313278 97.919464 35.945107
v 149.863876 100.314087 36.186844
v 149.809097 100.397331 36.188190
v 150.327667 99.630508 36.091545
v 152.473434 95.557999 35.504135
v 152.407364 95.404129 35.753277
v 152.421112 95.367882 35.742699
v 152.071869 96.464920 35.705742
v 149.707825 100.196892 35.902767
v 151.101639 97.832878 35.711800
v 149.645737 100.180298 35.920071
v 149.591934 100.262047 35.921379
v 150.135178 99.525894 35.864040
v 152.233231 95.534813 35.291752
v 152.000320 95.374901 35.387783
v 152.012085 95.344284 35.379009
v 151.855774 96.403549 35.483727
v 149.705353 100.204353 35.581390
v 151.089127 97.866760 35.387119
v 149.647675 100.191635 35.550587
v 149.594604 100.272263 35.551865
v 150.132233 99.542885 35.548672
v 152.194443 95.614769 34.982803
v 151.940063 95.519135 34.862724
v 151.950333 95.492767 34.855309
v 151.835022 96.453156 35.172497
v 149.894577 100.332916 35.355534
v 151.283081 98.001259 35.161259
v 149.868561 100.341469 35.294827
v 149.815552 100.421989 35.296104
v 150.320557 99.671539 35.330177
v 152.379822 95.751022 34.758266
v 152.261871 95.752350 34.485664
v 152.272018 95.726357 34.478371
v 152.021774 96.584663 34.954365
v 150.164658 100.507278 35.357502
v 151.569885 98.157585 35.166527
v 150.179001 100.542015 35.302612
v 150.125351 100.623528 35.303913
v 150.589828 99.836487 35.336548
v 152.680756 95.863770 34.749668
v 152.777252 95.937927 34.477489
v 152.788696 95.908211 34.469002
v 152.306641 96.721046 34.957108
v 149.647858 101.677467 35.586143
v 147.974167 103.890305 35.399834
v 149.709595 101.695404 35.569386
v 149.766083 101.613655 35.570724
v 149.172836 102.327881 35.564053
v 146.215897 105.830246 34.962051
v 146.388962 106.044319 34.842979
v 146.361221 106.070015 34.832691
v 146.896805 105.125404 35.179123
v 149.641861 101.682564 35.907520
v 147.947433 103.914604 35.724510
v 149.698349 101.697853 35.938869
v 149.755615 101.615005 35.940239
v 149.158188 102.336990 35.879421
v 146.156311 105.896164 35.271004
v 146.277832 106.154251 35.368042
v 146.246719 106.182922 35.356392
v 146.858597 105.163231 35.490356
v 149.451752 101.555321 36.133377
v 147.750046 103.785202 35.950371
v 149.476654 101.549232 36.194630
v 149.533981 101.466286 36.196003
v 148.968323 102.210625 36.097919
v 145.960510 105.775375 35.495541
v 145.940994 105.943314 35.745098
v 145.909576 105.972244 35.733330
v 146.666672 105.039383 35.708488
v 149.188858 101.370293 36.131409
v 147.497620 103.577911 35.945107
v 149.174362 101.336601 36.186844
v 149.231003 101.254616 36.188190
v 148.714462 102.022812 36.091545
v 145.743179 105.538643 35.504135
v 145.575775 105.535072 35.753277
v 145.547318 105.561394 35.742699
v 146.433456 104.826416 35.705742
v 149.007217 101.235855 35.902767
v 147.338013 103.414154 35.711800
v 148.968567 101.184509 35.920071
v 149.024185 101.103989 35.921379
v 148.545334 101.883568 35.864040
v 145.631653 105.324638 35.291752
v 145.396088 105.168655 35.387783
v 145.372116 105.191040 35.379009
v 146.295563 104.649071 35.483727
v 149.013214 101.230766 35.581390
v 147.364731 103.389862 35.387119
v 148.979797 101.182060 35.550587
v 149.034653 101.102638 35.551865
v 148.559982 101.874458 35.548672
v 145.691238 105.258713 34.982803
v 145.507217 105.058716 34.862724
v 145.486633 105.078125 34.855309
v 146.333771 104.611244 35.172497
v 149.203323 101.358002 35.355534
v 147.562119 103.519264 35.161259
v 149.201508 101.330681 35.294827
v 149.256287 101.251358 35.296104
v 148.749847 102.000824 35.330177
v 145.887039 105.379501 34.758266
v 145.844055 105.269653 34.485664
v 145.823761 105.288803 34.478371
v 146.525696 104.735092 34.954365
v 149.466217 101.543030 35.357502
v 147.814560 103.726555 35.166527
v 149.503799 101.543312 35.302612
v 149.559250 101.463028 35.303913
v 149.003693 102.188637 35.336548
v 146.104370 105.616234 34.749668
v 146.209290 105.677902 34.477489
v 146.186035 105.699654 34.469002
v 146.758911 104.948059 34.957108
v 133.681488 121.909996 35.586143
v 135.444611 119.767715 35.399834
v 133.713287 121.965874 35.569386
v 133.646912 122.039810 35.570724
v 134.203659 121.296776 35.564053
v 136.922638 117.606644 34.962051
v 137.171082 117.725197 34.842979
v 137.189621 117.692238 34.832691
v 136.395401 118.432755 35.179123
v 133.685059 121.902985 35.907520
v 135.462021 119.736084 35.724510
v 133.713058 121.954369 35.938869
v 133.645782 122.029312 35.940239
v 134.209106 121.280411 35.879421
v 136.972900 117.533363 35.271004
v 137.252167 117.591553 35.368042
v 137.272812 117.554619 35.356392
v 136.423309 118.386795 35.490356
v 133.517105 121.747650 36.133377
v 135.290283 119.574181 35.950371
v 133.516968 121.773293 36.194630
v 133.449615 121.848328 36.196003
v 134.042068 121.125130 36.097919
v 136.809906 117.371002 35.495541
v 136.968704 117.312981 35.745098
v 136.989532 117.275696 35.733330
v 136.258240 118.228920 35.708488
v 133.276031 121.534988 36.131409
v 135.029984 119.376854 35.945107
v 133.239883 121.528717 36.186844
v 133.173325 121.602867 36.188190
v 133.800385 120.921898 36.091545
v 136.529129 117.214668 35.504135
v 136.486725 117.052666 35.753277
v 136.505722 117.018867 35.742699
v 135.996887 118.051605 35.705742
v 133.103043 121.389572 35.902767
v 134.833603 119.259689 35.711800
v 133.044128 121.363914 35.920071
v 132.978745 121.436729 35.921379
v 133.625626 120.789757 35.864040
v 136.295059 117.155937 35.291752
v 136.088593 116.963097 35.387783
v 136.104782 116.934578 35.379009
v 135.792343 117.958717 35.483727
v 133.099487 121.396584 35.581390
v 134.816193 119.291328 35.387119
v 133.044357 121.375420 35.550587
v 132.979858 121.447227 35.551865
v 133.620178 120.806129 35.548672
v 136.244797 117.229218 34.982803
v 136.007492 117.096741 34.862724
v 136.021591 117.072205 34.855309
v 135.764435 118.004677 35.172497
v 133.267441 121.551918 35.355534
v 134.987930 119.453232 35.161259
v 133.240448 121.556496 35.294827
v 133.176025 121.628220 35.296104
v 133.787216 120.961411 35.330177
v 136.407791 117.391579 34.758266
v 136.290955 117.375313 34.485664
v 136.304871 117.351120 34.478371
v 135.929504 118.162552 34.954365
v 133.508514 121.764580 35.357502
v 135.248230 119.650558 35.166527
v 133.517517 121.801071 35.302612
v 133.452332 121.873672 35.303913
v 134.028900 121.164642 35.336548
v 136.688553 117.547913 34.749668
v 136.772934 117.635628 34.477489
v 136.788681 117.607948 34.469002
v 136.190857 118.339867 34.957108
v 132.823090 122.844681 35.586143
v 130.838303 124.783363 35.399834
v 132.881470 122.871613 35.569386
v 132.949509 122.799194 35.570724
v 132.256439 123.417038 35.564053
v 128.810562 126.439590 34.962051
v 128.949783 126.677071 34.842979
v 128.918518 126.698341 34.832691
v 129.588898 125.844109 35.179123
v 132.816406 122.848824 35.907520
v 130.808258 124.803406 35.724510
v 132.869980 122.872360 35.938869
v 132.938950 122.798973 35.940239
v 132.240585 123.423859 35.879421
v 128.741806 126.495895 35.271004
v 128.823502 126.769218 35.368042
v 128.788467 126.792931 35.356392
v 129.545486 125.875816 35.490356
v 132.647369 122.694672 36.133377
v 130.632355 124.646034 35.950371
v 132.672913 122.692360 36.194630
v 132.741959 122.618881 36.196003
v 132.071686 123.270607 36.097919
v 128.566193 126.347282 35.495541
v 128.521866 126.510437 35.745098
v 128.486496 126.534363 35.733330
v 129.374161 125.724754 35.708488
v 132.415009 122.472527 36.131409
v 130.413635 124.403435 35.945107
v 132.405685 122.437050 36.186844
v 132.473923 122.364426 36.188190
v 131.848663 123.047058 36.091545
v 128.386581 126.080803 35.504135
v 128.221558 126.052315 35.753277
v 128.189499 126.074104 35.742699
v 129.175293 125.479401 35.705742
v 132.255417 122.312523 35.902767
v 130.280212 124.217720 35.711800
v 132.224854 122.255989 35.920071
v 132.291855 122.184654 35.921379
v 131.702164 122.884163 35.864040
v 128.308182 125.852562 35.291752
v 128.098495 125.663216 35.387783
v 128.071457 125.681778 35.379009
v 129.065369 125.283485 35.483727
v 132.262100 122.308380 35.581390
v 130.310257 124.197685 35.387119
v 132.236328 122.255241 35.550587
v 132.302414 122.184883 35.551865
v 131.718002 122.877342 35.548672
v 128.376923 125.796257 34.982803
v 128.224777 125.571068 34.862724
v 128.201523 125.587189 34.855309
v 129.108780 125.251778 35.172497
v 132.431137 122.462532 35.355534
v 130.486160 124.355057 35.161259
v 132.433411 122.435242 35.294827
v 132.499405 122.364967 35.296104
v 131.886917 123.030586 35.330177
v 128.552551 125.944878 34.758266
v 128.526413 125.829849 34.485664
v 128.503494 125.845757 34.478371
v 129.280106 125.402840 34.954365
v 132.663513 122.684669 35.357502
v 130.704880 124.597656 35.166527
v 132.700638 122.690552 35.302612
v 132.767441 122.619423 35.303913
v 132.109940 123.254135 35.336548
v 128.732162 126.211357 34.749668
v 128.826721 126.287971 34.477489
v 128.800476 126.306015 34.469002
v 129.478989 125.648193 34.957108
v 114.019684 140.471695 35.586143
v 116.082382 138.616119 35.399834
v 114.042793 140.531693 35.569386
v 113.966141 140.594910 35.570724
v 114.627403 139.943161 35.564053
v 117.865974 136.699448 34.962051
v 118.093971 136.853699 34.842979
v 118.117218 136.823883 34.832691
v 117.221512 137.437759 35.179123
v 114.024246 140.465302 35.907520
v 116.104317 138.587433 35.724510
v 114.044281 140.520279 35.938869
v 113.966591 140.584366 35.940239
v 114.635231 139.927780 35.879421
v 117.926598 136.634476 35.271004
v 118.194077 136.733643 35.368042
v 118.220001 136.700195 35.356392
v 117.255959 137.396469 35.490356
v 113.881325 140.286667 36.133377
v 115.958618 138.401733 35.950371
v 113.877373 140.312012 36.194630
v 113.799591 140.376160 36.196003
v 114.493195 139.749344 36.097919
v 117.789619 136.449631 35.495541
v 117.955292 136.415939 35.745098
v 117.981453 136.382172 35.733330
v 117.116264 137.215759 35.708488
v 113.674637 140.040451 36.131409
v 115.730637 138.167816 35.945107
v 113.639832 140.028870 36.186844
v 113.562958 140.092270 36.188190
v 114.284500 139.512360 36.091545
v 117.535286 136.253204 35.504135
v 117.517502 136.086700 35.753277
v 117.541313 136.056107 35.742699
v 116.884247 137.001480 35.705742
v 113.525253 139.870880 35.902767
v 115.553917 138.022705 35.711800
v 113.470818 139.836731 35.920071
v 113.395309 139.898987 35.921379
v 114.131401 139.355652 35.864040
v 117.312576 136.160248 35.291752
v 117.137154 135.938797 35.387783
v 117.157417 135.913010 35.379009
v 116.695839 136.879150 35.483727
v 113.520691 139.877289 35.581390
v 115.531982 138.051392 35.387119
v 113.469330 139.848129 35.550587
v 113.394852 139.909531 35.551865
v 114.123566 139.371017 35.548672
v 117.251953 136.225220 34.982803
v 117.037048 136.058853 34.862724
v 117.054642 136.036697 34.855309
v 116.661392 136.920425 35.172497
v 113.663612 140.055908 35.355534
v 115.677681 138.237076 35.161259
v 113.636238 140.056412 35.294827
v 113.561852 140.117737 35.296104
v 114.265602 139.549469 35.330177
v 117.388931 136.410065 34.758266
v 117.275833 136.376556 34.485664
v 117.293190 136.354721 34.478371
v 116.801086 137.101135 34.954365
v 113.870300 140.302124 35.357502
v 115.905663 138.470993 35.166527
v 113.873779 140.339554 35.302612
v 113.798492 140.401627 35.303913
v 114.474297 139.786453 35.336548
v 117.643265 136.606491 34.749668
v 117.713623 136.705795 34.477489
v 117.733322 136.680786 34.469002
v 117.033104 137.315430 34.957108
v 113.031563 141.268021 35.586143
v 110.780006 142.889252 35.399834
v 113.085274 141.303345 35.569386
v 113.163345 141.241882 35.570724
v 112.385941 141.749527 35.564053
v 108.528076 144.224777 34.962051
v 108.630356 144.480347 34.842979
v 108.596275 144.496719 34.832691
v 109.386482 143.751938 35.179123
v 113.024338 141.271118 35.907520
v 110.747314 142.904587 35.724510
v 113.073807 141.302383 35.938869
v 113.152939 141.240082 35.940239
v 112.369255 141.753906 35.879421
v 108.451706 144.270203 35.271004
v 108.491760 144.552643 35.368042
v 108.453568 144.570862 35.356392
v 109.338821 143.776825 35.490356
v 112.880165 141.093491 36.133377
v 110.596825 142.722748 35.950371
v 112.905762 141.095016 36.194630
v 112.984985 141.032654 36.196003
v 112.225075 141.577194 36.097919
v 108.300194 144.097076 35.495541
v 108.232056 144.251801 35.745098
v 108.193504 144.270187 35.733330
v 109.191925 143.601913 35.708488
v 112.683502 140.839203 36.131409
v 110.416702 142.450272 35.945107
v 112.679573 140.802734 36.186844
v 112.757866 140.741089 36.188190
v 112.037857 141.322906 36.091545
v 108.162300 143.806793 35.504135
v 108.003380 143.754044 35.753277
v 107.968430 143.770813 35.742699
v 109.031837 143.329666 35.705742
v 112.549545 140.657196 35.902767
v 110.312454 142.246750 35.711800
v 112.527740 140.596741 35.920071
v 112.604622 140.536194 35.921379
v 111.917267 141.139999 35.864040
v 108.118797 143.569427 35.291752
v 107.939682 143.350952 35.387783
v 107.910179 143.365265 35.379009
v 108.952339 143.119553 35.483727
v 112.556770 140.654099 35.581390
v 110.345146 142.231415 35.387119
v 112.539207 140.597717 35.550587
v 112.615028 140.537979 35.551865
v 111.933952 141.135620 35.548672
v 108.195168 143.524002 34.982803
v 108.078278 143.278641 34.862724
v 108.052879 143.291122 34.855309
v 109.000000 143.094666 35.172497
v 112.700943 140.831711 35.355534
v 110.495636 142.413239 35.161259
v 112.707253 140.805069 35.294827
v 112.782982 140.745422 35.296104
v 112.078133 141.312332 35.330177
v 108.346680 143.697128 34.758266
v 108.337982 143.579498 34.485664
v 108.312943 143.591812 34.478371
v 109.146896 143.269577 34.954365
v 112.897614 141.086014 35.357502
v 110.675758 142.685730 35.166527
v 112.933441 141.097366 35.302612
v 113.010101 141.036987 35.303913
v 112.265358 141.566620 35.336548
v 108.484573 143.987396 34.749668
v 108.566658 144.077255 34.477489
v 108.538025 144.091187 34.469002
v 109.306984 143.541824 34.957108
v 91.811127 155.895844 35.586143
v 94.127335 154.368393 35.399834
v 91.825043 155.958603 35.569386
v 91.739815 156.009689 35.570724
v 92.490829 155.463760 35.564053
v 96.176659 152.738953 34.962051
v 96.379120 152.925461 34.842979
v 96.406555 152.899429 34.832691
v 95.429367 153.372971 35.179123
v 91.816589 155.890182 35.907520
v 94.153297 154.343292 35.724510
v 91.828209 155.947540 35.938869
v 91.741837 155.999329 35.940239
v 92.500862 155.449738 35.879421
v 96.246284 152.683731 35.271004
v 96.496002 152.821655 35.368042
v 96.526619 152.792450 35.356392
v 95.469582 153.337280 35.490356
v 91.701889 155.692261 36.133377
v 94.036903 154.137955 35.950371
v 91.694206 155.716721 36.194630
v 91.607727 155.768570 36.196003
v 92.387009 155.252106 36.097919
v 96.138390 152.480545 35.495541
v 96.307236 152.471909 35.745098
v 96.338127 152.442429 35.733330
v 95.358368 153.137756 35.708488
v 91.534203 155.417984 36.131409
v 93.846329 153.872681 35.945107
v 91.501518 155.401337 36.186844
v 91.416046 155.452576 36.188190
v 92.215965 154.986679 36.091545
v 95.916168 152.248398 35.504135
v 95.923401 152.081100 35.753277
v 95.951508 152.054398 35.742699
v 95.160889 152.891281 35.705742
v 91.411766 155.228043 35.902767
v 93.693214 153.702835 35.711800
v 91.363022 155.186157 35.920071
v 91.279076 155.236465 35.921379
v 92.087921 154.808899 35.864040
v 95.709801 152.123291 35.291752
v 95.569344 151.878159 35.387783
v 95.593224 151.855682 35.379009
v 94.992805 152.742249 35.483727
v 91.406296 155.233688 35.581390
v 93.667244 153.727936 35.387119
v 91.359848 155.197220 35.550587
v 91.277054 155.246826 35.551865
v 92.077888 154.822937 35.548672
v 95.640175 152.178497 34.982803
v 95.452461 151.981964 34.862724
v 95.473160 151.962677 34.855309
v 94.952591 152.777924 35.172497
v 91.521004 155.431625 35.355534
v 93.783646 153.933273 35.161259
v 91.493858 155.428040 35.294827
v 91.411163 155.477600 35.296104
v 92.191742 155.020554 35.330177
v 95.748077 152.381699 34.758266
v 95.641235 152.331711 34.485664
v 95.661644 152.312698 34.478371
v 95.063805 152.977448 34.954365
v 91.688690 155.705902 35.357502
v 93.974220 154.198547 35.166527
v 91.686546 155.743423 35.302612
v 91.602844 155.793579 35.303913
v 92.362793 155.285995 35.336548
v 95.970291 152.613831 34.749668
v 96.025063 152.722519 34.477489
v 96.048271 152.700714 34.469002
v 95.261284 153.223923 34.957108
v 90.715363 156.535995 35.586143
v 88.247330 157.803558 35.399834
v 90.763206 156.578934 35.569386
v 90.849571 156.529785 35.570724
v 90.005188 156.915909 35.564053
v 85.821510 158.788559 34.962051
v 85.884560 159.056519 34.842979
v 85.848412 159.067627 34.832691
v 86.740791 158.448929 35.179123
v 90.707756 156.537979 35.907520
v 88.212715 157.813858 35.724510
v 90.752014 156.576263 35.938869
v 90.839546 156.526459 35.940239
v 89.988037 156.917755 35.879421
v 85.739220 158.822098 35.271004
v 85.736732 159.107346 35.368042
v 85.696251 159.119675 35.356392
v 86.689957 158.466431 35.490356
v 90.591667 156.340866 36.133377
v 88.091011 157.611633 35.950371
v 90.616753 156.346176 36.194630
v 90.704384 156.296310 36.196003
v 89.871803 156.721527 36.097919
v 85.615204 158.628311 35.495541
v 85.524765 158.771164 35.745098
v 85.483910 158.783600 35.733330
v 86.570770 158.271591 35.708488
v 90.435097 156.060104 36.131409
v 87.953506 157.315338 35.945107
v 90.436646 156.023453 36.186844
v 90.523254 155.974167 36.188190
v 89.724571 156.442169 36.091545
v 85.522110 158.320740 35.504135
v 85.372826 158.244873 35.753277
v 85.335770 158.256256 35.742699
v 86.453049 157.978516 35.705742
v 90.329758 155.860168 35.902767
v 87.880753 157.098557 35.711800
v 90.317207 155.797134 35.920071
v 90.402260 155.748718 35.921379
v 89.632591 156.243332 35.864040
v 85.514473 158.079529 35.291752
v 85.369919 157.836792 35.387783
v 85.338608 157.846558 35.379009
v 86.405754 157.758911 35.483727
v 90.337372 155.858170 35.581390
v 87.915367 157.088257 35.387119
v 90.328400 155.799805 35.550587
v 90.412277 155.752045 35.551865
v 89.649742 156.241486 35.548672
v 85.596764 158.045990 34.982803
v 85.517738 157.785965 34.862724
v 85.490768 157.794510 34.855309
v 86.456589 157.741394 35.172497
v 90.453461 156.055298 35.355534
v 88.037079 157.290482 35.161259
v 90.463669 156.029892 35.294827
v 90.547447 155.982193 35.296104
v 89.765976 156.437714 35.330177
v 85.720772 158.239761 34.758266
v 85.729706 158.122147 34.485664
v 85.703110 158.130600 34.478371
v 86.575775 157.936249 34.954365
v 90.610031 156.336060 35.357502
v 88.174576 157.586777 35.166527
v 90.643776 156.352615 35.302612
v 90.728577 156.304352 35.303913
v 89.913208 156.717072 35.336548
v 85.813866 158.547348 34.749668
v 85.881645 158.648438 34.477489
v 85.851257 158.657944 34.469002
v 86.693497 158.229324 34.957108
v 67.551903 167.837799 35.586143
v 70.069885 166.672592 35.399834
v 67.556313 167.901932 35.569386
v 67.464424 167.939758 35.570724
v 68.288414 167.511841 35.564053
v 72.339172 165.366776 34.962051
v 72.511574 165.581375 34.842979
v 72.542580 165.559738 34.832691
v 71.505730 165.882339 35.179123
v 67.558151 167.833023 35.907520
v 70.099304 166.651657 35.724510
v 67.561096 167.891464 35.938869
v 67.467972 167.929810 35.940239
v 68.300423 167.499466 35.879421
v 72.416252 165.322556 35.271004
v 72.642624 165.496155 35.368042
v 72.677246 165.471832 35.356392
v 71.550812 165.853043 35.490356
v 67.474228 167.620209 36.133377
v 70.014809 166.431274 35.950371
v 67.462982 167.643250 36.194630
v 67.369751 167.681625 36.196003
v 68.217293 167.287079 36.097919
v 72.339836 165.105560 35.495541
v 72.508087 165.122177 35.745098
v 72.543030 165.097626 35.733330
v 71.470581 165.639175 35.708488
v 67.349289 167.324005 36.131409
v 69.865906 166.140549 35.945107
v 67.319450 167.302673 36.186844
v 67.227303 167.340607 36.188190
v 68.087723 166.999115 36.091545
v 72.154694 164.842880 35.504135
v 72.186783 164.678528 35.753277
v 72.218552 164.656326 35.742699
v 71.312035 165.366028 35.705742
v 67.256531 167.117935 35.902767
v 69.739807 165.949783 35.711800
v 67.214577 167.069260 35.920071
v 67.124069 167.106491 35.921379
v 67.987602 166.804245 35.864040
v 71.969276 164.688416 35.291752
v 71.866920 164.425095 35.387783
v 71.893883 164.406433 35.379009
v 71.168053 165.193604 35.483727
v 67.250282 167.122711 35.581390
v 69.710388 165.970734 35.387119
v 67.209785 167.079712 35.550587
v 67.120522 167.116440 35.551865
v 67.975594 166.816635 35.548672
v 71.892204 164.732635 34.982803
v 71.735878 164.510315 34.862724
v 71.759216 164.494324 34.855309
v 71.122971 165.222900 35.172497
v 67.334206 167.335526 35.355534
v 69.794884 166.191116 35.161259
v 67.307899 167.327942 35.294827
v 67.218742 167.364609 35.296104
v 68.058723 167.029007 35.330177
v 71.968613 164.949631 34.758266
v 71.870415 164.884293 34.485664
v 71.893433 164.868530 34.478371
v 71.203201 165.436752 34.954365
v 67.459145 167.631729 35.357502
v 69.943794 166.481842 35.166527
v 67.451431 167.668518 35.302612
v 67.361191 167.705643 35.303913
v 68.188293 167.316971 35.336548
v 72.153755 165.212311 34.749668
v 72.191719 165.327942 34.477489
v 72.217911 165.309830 34.469002
v 71.361740 165.709900 34.957108
v 66.372978 168.307495 35.586143
v 63.743595 169.193085 35.399834
v 66.413887 168.357086 35.569386
v 66.506607 168.321365 35.570724
v 65.614113 168.577332 35.564053
v 61.198067 169.805542 34.962051
v 61.220474 170.079910 34.842979
v 61.183083 170.085510 34.832691
v 62.157703 169.606720 35.179123
v 66.365158 168.308334 35.907520
v 63.707832 169.198105 35.724510
v 66.403214 168.352783 35.938869
v 66.497192 168.316574 35.940239
v 65.596878 168.576599 35.879421
v 61.111702 169.826447 35.271004
v 61.066727 170.108154 35.368042
v 61.024864 170.114304 35.356392
v 62.104824 169.616455 35.490356
v 66.279739 168.096100 36.133377
v 63.617626 168.979996 35.950371
v 66.303749 168.105103 36.194630
v 66.397842 168.068848 36.196003
v 65.511185 168.365234 36.097919
v 61.017952 169.616348 35.495541
v 60.907234 169.744125 35.745098
v 60.864979 169.750320 35.733330
v 62.016006 169.406006 35.708488
v 66.166763 167.795135 36.131409
v 63.525818 168.666519 35.945107
v 66.173759 167.759140 36.186844
v 66.266747 167.723297 36.188190
v 65.407234 168.067062 36.091545
v 60.971741 169.298325 35.504135
v 60.835423 169.201065 35.753277
v 60.797081 169.206787 35.742699
v 61.943275 169.098679 35.705742
v 66.092407 167.581741 35.902767
v 63.486183 168.441315 35.711800
v 66.089386 167.517548 35.920071
v 66.180702 167.482346 35.921379
v 65.345909 167.856735 35.864040
v 61.000130 169.058685 35.291752
v 60.893364 168.797104 35.387783
v 60.860950 168.802094 35.379009
v 61.929237 168.874466 35.483727
v 66.100220 167.580902 35.581390
v 63.521946 168.436295 35.387119
v 66.100052 167.521851 35.550587
v 66.190117 167.487122 35.551865
v 65.363152 167.857468 35.548672
v 61.086498 169.037781 34.982803
v 61.047112 168.768875 34.862724
v 61.019169 168.773315 34.855309
v 61.982117 168.864731 35.172497
v 66.185638 167.793137 35.355534
v 63.612156 168.654404 35.161259
v 66.199524 167.769531 35.294827
v 66.289467 167.734848 35.296104
v 65.448845 168.068817 35.330177
v 61.180244 169.247879 34.758266
v 61.206608 169.132904 34.485664
v 61.179054 169.137283 34.478371
v 62.070934 169.075180 34.954365
v 66.298622 168.094101 35.357502
v 63.703964 168.967880 35.166527
v 66.329514 168.115494 35.302612
v 66.420563 168.080399 35.303913
v 65.552795 168.367004 35.336548
v 61.226460 169.565887 34.749668
v 61.278416 169.675949 34.477489
v 61.246948 169.680817 34.469002
v 62.143665 169.382523 34.957108
v 41.783752 176.030960 35.586143
v 44.447269 175.254044 35.399834
v 41.778549 176.095047 35.569386
v 41.682053 176.118744 35.570724
v 42.560612 175.818420 35.564053
v 46.885822 174.301010 34.962051
v 47.024315 174.538910 34.842979
v 47.058201 174.522125 34.832691
v 45.984852 174.686600 35.179123
v 41.790642 176.027176 35.907520
v 44.479477 175.237717 35.724510
v 41.784840 176.085403 35.938869
v 41.687038 176.109436 35.940239
v 42.574337 175.807968 35.879421
v 46.968628 174.268768 35.271004
v 47.166599 174.474167 35.368042
v 47.204464 174.455276 35.356392
v 46.033798 174.664352 35.490356
v 41.739372 175.804230 36.133377
v 44.428772 175.007202 35.950371
v 41.724819 175.825333 36.194630
v 41.626904 175.849396 36.196003
v 42.523788 175.585571 36.097919
v 46.925407 174.042816 35.495541
v 47.089302 174.084320 35.745098
v 47.127518 174.065247 35.733330
v 45.986336 174.440918 35.708488
v 41.659973 175.492722 36.131409
v 44.324856 174.697540 35.945107
v 41.633644 175.467178 36.186844
v 41.536873 175.490952 36.188190
v 42.438576 175.281509 36.091545
v 46.781483 173.755478 35.504135
v 46.837704 173.597748 35.753277
v 46.872433 173.580521 35.742699
v 45.870270 174.147202 35.705742
v 41.598957 175.275131 35.902767
v 44.228600 174.490112 35.711800
v 41.564728 175.220734 35.920071
v 41.469685 175.244064 35.921379
v 42.368618 175.073898 35.864040
v 46.621159 173.575104 35.291752
v 46.559189 173.299469 35.387783
v 46.588634 173.285019 35.379009
v 45.753590 173.955231 35.483727
v 41.592068 175.278915 35.581390
v 44.196388 174.506439 35.387119
v 41.558437 175.230362 35.550587
v 41.464695 175.253372 35.551865
v 42.354897 175.084351 35.548672
v 46.538353 173.607346 34.982803
v 46.416908 173.364212 34.862724
v 46.442371 173.351868 34.855309
v 45.704643 173.977478 35.172497
v 41.643337 175.501862 35.355534
v 44.247093 174.736954 35.161259
v 41.618458 175.490433 35.294827
v 41.524830 175.513412 35.296104
v 42.405445 175.306747 35.330177
v 46.581573 173.833313 34.758266
v 46.494205 173.754059 34.485664
v 46.519318 173.741898 34.478371
v 45.752106 174.200912 34.954365
v 41.722736 175.813370 35.357502
v 44.351013 175.046631 35.166527
v 41.709629 175.848602 35.302612
v 41.614861 175.871872 35.303913
v 42.490654 175.610809 35.336548
v 46.725498 174.120636 34.749668
v 46.745804 174.240631 34.477489
v 46.774403 174.226639 34.469002
v 45.868172 174.494644 34.957108
v 40.547989 176.319717 35.586143
v 37.815987 176.803543 35.399834
v 40.581051 176.374863 35.569386
v 40.678059 176.353348 35.570724
v 39.757385 176.473434 35.564053
v 35.207611 177.029800 34.962051
v 35.188881 177.304428 34.842979
v 35.151066 177.304398 34.832691
v 36.186161 176.976212 35.179123
v 40.540134 176.319382 35.907520
v 37.779877 176.803177 35.724510
v 40.571140 176.369003 35.938869
v 40.669464 176.347214 35.940239
v 39.740448 176.470154 35.879421
v 35.119095 177.037582 35.271004
v 35.032639 177.309448 35.368042
v 34.990326 177.309296 35.356392
v 36.132423 176.977951 35.490356
v 40.487297 176.096786 36.133377
v 37.723183 176.574066 35.950371
v 40.509701 176.109268 36.194630
v 40.608139 176.087448 36.196003
v 39.687214 176.248383 36.097919
v 35.057701 176.815872 35.495541
v 34.929180 176.925705 35.745098
v 34.886471 176.925552 35.733330
v 36.075958 176.756622 35.708488
v 40.420437 175.782349 36.131409
v 37.679115 176.250412 35.945107
v 40.432720 175.747787 36.186844
v 40.530006 175.726212 36.188190
v 39.628860 175.938034 36.091545
v 35.059402 176.494507 35.504135
v 34.939106 176.378021 35.753277
v 34.900337 176.377975 35.742699
v 36.049847 176.441879 35.705742
v 40.378712 175.560257 35.902767
v 37.673492 176.021805 35.711800
v 40.385292 175.496323 35.920071
v 40.480835 175.475128 35.921379
v 39.599571 175.720917 35.864040
v 35.123196 176.261765 35.291752
v 35.056602 175.987213 35.387783
v 35.023808 175.987320 35.379009
v 36.069382 176.218079 35.483727
v 40.386566 175.560593 35.581390
v 37.709602 176.022171 35.387119
v 40.395203 175.502167 35.550587
v 40.489433 175.481262 35.551865
v 39.616508 175.724213 35.548672
v 35.211712 176.253967 34.982803
v 35.212845 175.982208 34.862724
v 35.184547 175.982422 34.855309
v 36.123119 176.216339 35.172497
v 40.439400 175.783173 35.355534
v 37.766296 176.251297 35.161259
v 40.456642 175.761917 35.294827
v 40.550758 175.741028 35.296104
v 39.669743 175.945984 35.330177
v 35.273102 176.475693 34.758266
v 35.316303 176.365936 34.485664
v 35.288403 176.366165 34.478371
v 36.179581 176.437668 34.954365
v 40.506264 176.097626 35.357502
v 37.810364 176.574951 35.166527
v 40.533623 176.123383 35.302612
v 40.628891 176.102249 35.303913
v 39.728096 176.256317 35.336548
v 35.271404 176.797043 34.749668
v 35.306377 176.913620 34.477489
v 35.274532 176.913742 34.469002
v 36.205692 176.752411 34.957108
v 15.082407 180.292313 35.586143
v 17.831966 179.921021 35.399834
v 15.067711 180.354889 35.569386
v 14.968760 180.363953 35.570724
v 15.882268 180.197922 35.564053
v 20.385321 179.342056 34.962051
v 20.486813 179.597946 34.842979
v 20.522820 179.586395 34.832691
v 19.436945 179.589066 35.179123
v 15.089786 180.289581 35.907520
v 17.866249 179.909683 35.724510
v 15.075368 180.346298 35.938869
v 14.975079 180.355499 35.940239
v 15.897396 180.189621 35.879421
v 20.472006 179.322525 35.271004
v 20.637156 179.555130 35.368042
v 20.677414 179.542099 35.356392
v 19.488661 179.574356 35.490356
v 15.072314 180.061493 36.133377
v 17.850466 179.674179 35.950371
v 15.054777 180.080200 36.194630
v 14.954370 180.089386 36.196003
v 15.880556 179.962173 36.097919
v 20.462948 179.092636 35.495541
v 20.618822 179.158112 35.745098
v 20.659452 179.144958 35.733330
v 19.475029 179.346359 35.708488
v 15.040229 179.741623 36.131409
v 17.793858 179.352478 35.945107
v 15.018001 179.712448 36.186844
v 14.918766 179.721527 36.188190
v 15.841613 179.648819 36.091545
v 20.363451 178.787064 35.504135
v 20.442553 178.639481 35.753277
v 20.479458 178.627609 35.742699
v 19.404034 179.038605 35.705742
v 15.012323 179.517365 35.902767
v 17.729589 179.133026 35.711800
v 14.986582 179.458481 35.920071
v 14.889121 179.467392 35.921379
v 15.803379 179.433090 35.864040
v 20.231800 178.584808 35.291752
v 20.211603 178.303024 35.387783
v 20.242870 178.293121 35.379009
v 19.317266 178.831390 35.483727
v 15.004946 179.520081 35.581390
v 17.695305 179.144379 35.387119
v 14.978924 179.467072 35.550587
v 14.882802 179.475845 35.551865
v 15.788251 179.441391 35.548672
v 20.145113 178.604355 34.982803
v 20.061260 178.345840 34.862724
v 20.088276 178.337433 34.855309
v 19.265551 178.846100 35.172497
v 15.022416 179.748184 35.355534
v 17.711090 179.379883 35.161259
v 14.999515 179.733185 35.294827
v 14.903510 179.741943 35.296104
v 15.805091 179.668823 35.330177
v 20.154173 178.834229 34.758266
v 20.079594 178.742844 34.485664
v 20.106237 178.734573 34.478371
v 19.279182 179.074112 34.954365
v 15.054502 180.068054 35.357502
v 17.767696 179.701569 35.166527
v 15.036291 180.100937 35.302612
v 14.939115 180.109818 35.303913
v 15.844034 179.982193 35.336548
v 20.253670 179.139801 34.749668
v 20.255863 179.261490 34.477489
v 20.286232 179.251907 34.469002
v 19.350178 179.381866 34.957108
v 13.817410 180.393661 35.586143
v 11.043814 180.464920 35.399834
v 13.841886 180.453110 35.569386
v 13.941016 180.446304 35.570724
v 13.012726 180.427841 35.564053
v 8.430847 180.299911 34.962051
v 8.371393 180.568695 34.842979
v 8.334007 180.563019 34.832691
v 9.406454 180.392761 35.179123
v 13.809693 180.392151 35.907520
v 11.008160 180.459183 35.724510
v 13.832958 180.445847 35.938869
v 13.933431 180.438950 35.940239
v 12.996469 180.422058 35.879421
v 8.342156 180.294418 35.271004
v 8.216150 180.550354 35.368042
v 8.174332 180.543900 35.356392
v 9.353056 180.386475 35.490356
v 13.790622 180.164185 36.133377
v 10.986244 180.224167 35.950371
v 13.810914 180.179855 36.194630
v 13.911505 180.172958 36.196003
v 12.976879 180.194839 36.097919
v 8.314495 180.066025 35.495541
v 8.171036 180.155487 35.745098
v 8.128828 180.148972 35.733330
v 9.330211 180.159210 35.708488
v 13.771367 179.843292 36.131409
v 10.990908 179.897568 35.945107
v 13.788666 179.810944 36.186844
v 13.888081 179.804108 36.188190
v 12.965429 179.879272 36.091545
v 8.364069 179.748520 35.504135
v 8.262474 179.615402 35.753277
v 8.224152 179.609573 35.742699
v 9.351296 179.844086 35.705742
v 13.763208 179.617447 35.902767
v 11.019414 179.670685 35.711800
v 13.779246 179.555222 35.920071
v 13.876882 179.548492 35.921379
v 12.968826 179.660202 35.864040
v 8.461836 179.527878 35.291752
v 8.436905 179.246460 35.387783
v 8.404461 179.241669 35.379009
v 9.403964 179.625702 35.483727
v 13.770926 179.618958 35.581390
v 11.055067 179.676422 35.387119
v 13.788174 179.562485 35.550587
v 13.884467 179.555847 35.551865
v 12.985083 179.665985 35.548672
v 8.550528 179.533356 34.982803
v 8.592148 179.264801 34.862724
v 8.564137 179.260803 34.855309
v 9.457361 179.631989 35.172497
v 13.789997 179.846939 35.355534
v 11.076982 179.911438 35.161259
v 13.810217 179.828476 35.294827
v 13.906394 179.821838 35.296104
v 13.004673 179.893219 35.330177
v 8.578186 179.761749 34.758266
v 8.637262 179.659668 34.485664
v 8.609640 179.655731 34.478371
v 9.480207 179.859253 34.954365
v 13.809253 180.167831 35.357502
v 11.072320 180.238037 35.166527
v 13.832466 180.197388 35.302612
v 13.929817 180.190689 35.303913
v 13.016123 180.208786 35.336548
v 8.528614 180.079269 34.749668
v 8.545824 180.199753 34.477489
v 8.514318 180.195129 34.469002
v 9.459122 180.174377 34.957108
v -11.955921 180.526581 35.586143
v -9.181736 180.569229 35.399834
v -11.979780 180.586288 35.569386
v -12.078977 180.580490 35.570724
v -11.150926 180.552460 35.564053
v -6.570611 180.377274 34.962051
v -6.508388 180.645416 34.842979
v -6.471062 180.639374 34.832691
v -7.545208 180.480179 35.179123
v -11.948219 180.524994 35.907520
v -9.146144 180.563126 35.724510
v -11.970928 180.578934 35.938869
v -12.071468 180.573074 35.940239
v -11.134731 180.546509 35.879421
v -6.481981 180.370865 35.271004
v -6.353343 180.625488 35.368042
v -6.311593 180.618607 35.356392
v -7.491878 180.473343 35.490356
v -11.931500 180.296844 36.133377
v -9.126655 180.327896 35.950371
v -11.951630 180.312729 36.194630
v -12.052286 180.306854 36.196003
v -11.117485 180.319092 36.097919
v -6.456678 180.142212 35.495541
v -6.312303 180.230179 35.745098
v -6.270166 180.223221 35.733330
v -7.471377 180.245850 35.708488
v -11.915557 179.975769 36.131409
v -9.134685 180.001358 35.945107
v -11.933188 179.943604 36.186844
v -12.032668 179.937790 36.188190
v -11.109291 180.003418 36.091545
v -6.509524 179.825226 35.504135
v -6.409308 179.691055 35.753277
v -6.371047 179.684830 35.742699
v -7.495713 179.930954 35.705742
v -11.909729 179.749863 35.902767
v -9.165530 179.774780 35.711800
v -11.926407 179.687790 35.920071
v -12.024107 179.682068 35.921379
v -11.114948 179.784409 35.864040
v -6.609561 179.605606 35.291752
v -6.587535 179.323944 35.387783
v -6.555143 179.318817 35.379009
v -7.550632 179.713135 35.483727
v -11.917430 179.751450 35.581390
v -9.201123 179.780884 35.387119
v -11.935259 179.695145 35.550587
v -12.031616 179.689499 35.551865
v -11.131143 179.790359 35.548672
v -6.698191 179.612000 34.982803
v -6.742580 179.343872 34.862724
v -6.714612 179.339584 34.855309
v -7.603961 179.719971 35.172497
v -11.934149 179.979599 35.355534
v -9.220612 180.016113 35.161259
v -11.954558 179.961349 35.294827
v -12.050797 179.955704 35.296104
v -11.148389 180.017776 35.330177
v -6.723494 179.840668 34.758266
v -6.783620 179.739182 34.485664
v -6.756040 179.734970 34.478371
v -7.624462 179.947464 34.954365
v -11.950092 180.300674 35.357502
v -9.212582 180.342651 35.166527
v -11.973000 180.330475 35.302612
v -12.070415 180.324768 35.303913
v -11.156583 180.333450 35.336548
v -6.670649 180.157654 34.749668
v -6.686614 180.278305 34.477489
v -6.655158 180.273361 34.469002
v -7.600125 180.262360 34.957108
v -13.221895 180.438278 35.586143
v -15.975137 180.095383 35.399834
v -13.206554 180.500717 35.569386
v -13.107514 180.508743 35.570724
v -14.022687 180.352142 35.564053
v -18.534328 179.542786 34.962051
v -18.633175 179.799698 34.842979
v -18.669300 179.788528 34.832691
v -17.583456 179.779999 35.179123
v -13.229301 180.435638 35.907520
v -16.009537 180.084381 35.724510
v -13.214300 180.492203 35.938869
v -13.113921 180.500351 35.940239
v -14.037899 180.344009 35.879421
v -18.621212 179.524139 35.271004
v -18.783951 179.758438 35.368042
v -18.824343 179.745819 35.356392
v -17.635321 179.765823 35.490356
v -13.214184 180.207367 36.133377
v -15.996181 179.848740 35.950371
v -13.196455 180.225891 36.194630
v -13.095959 180.234055 36.196003
v -14.023407 180.116409 36.097919
v -18.614525 179.294174 35.495541
v -18.769714 179.361267 35.745098
v -18.810478 179.348511 35.733330
v -17.624039 179.537689 35.708488
v -13.185400 179.887192 36.131409
v -15.942896 179.526474 35.945107
v -13.163474 179.857788 36.186844
v -13.064151 179.865845 36.188190
v -13.987698 179.802658 36.091545
v -18.518185 178.987595 35.504135
v -18.598804 178.840836 35.753277
v -18.635830 178.829346 35.742699
v -17.556225 179.229233 35.705742
v -13.159809 179.662659 35.902767
v -15.880894 179.306381 35.711800
v -13.134676 179.603516 35.920071
v -13.037128 179.611420 35.921379
v -13.951692 179.586548 35.864040
v -18.388626 178.783997 35.291752
v -18.371338 178.502014 35.387783
v -18.402706 178.492432 35.379009
v -17.471598 179.021133 35.483727
v -13.152403 179.665298 35.581390
v -15.846495 179.317368 35.387119
v -13.126930 179.612015 35.550587
v -13.030723 179.619812 35.551865
v -13.936479 179.594681 35.548672
v -18.301743 178.802643 34.982803
v -18.220562 178.543274 34.862724
v -18.247663 178.535141 34.855309
v -17.419733 179.035309 35.172497
v -13.167521 179.893570 35.355534
v -15.859850 179.553009 35.161259
v -13.144775 179.878326 35.294827
v -13.048685 179.886108 35.296104
v -13.950972 179.822296 35.330177
v -18.308432 179.032608 34.758266
v -18.234798 178.940445 34.485664
v -18.261528 178.932449 34.478371
v -17.431013 179.263443 34.954365
v -13.196304 180.213745 35.357502
v -15.913136 179.875275 35.166527
v -13.177756 180.246445 35.302612
v -13.080493 180.254318 35.303913
v -13.986680 180.136047 35.336548
v -18.404770 179.339188 34.749668
v -18.405708 179.460876 34.477489
v -18.436176 179.451614 34.469002
v -17.498829 179.571899 34.957108
v -38.727104 176.728607 35.586143
v -35.990257 177.184235 35.399834
v -38.759598 176.784088 35.569386
v -38.856823 176.763580 35.570724
v -37.934956 176.874161 35.564053
v -33.379684 177.383560 34.962051
v -33.358124 177.657990 34.842979
v -33.320312 177.657578 34.832691
v -34.358734 177.340073 35.179123
v -38.719254 176.728180 35.907520
v -35.954155 177.183487 35.724510
v -38.749748 176.778137 35.938869
v -38.848289 176.757355 35.940239
v -37.918056 176.870697 35.879421
v -33.291092 177.390442 35.271004
v -33.201839 177.661392 35.368042
v -33.159527 177.660797 35.356392
v -34.304985 177.341263 35.490356
v -38.668716 176.505066 36.133377
v -35.899826 176.953796 35.950371
v -38.690990 176.517776 36.194630
v -38.789646 176.496964 36.196003
v -37.867111 176.648392 36.097919
v -33.231995 177.168106 35.495541
v -33.102341 177.276611 35.745098
v -33.059639 177.276001 35.733330
v -34.250809 177.119370 35.708488
v -38.605103 176.189957 36.131409
v -35.859100 176.629715 35.945107
v -38.617741 176.155518 36.186844
v -38.715244 176.134949 36.188190
v -37.811962 176.337463 36.091545
v -33.237007 176.846771 35.504135
v -33.117916 176.729050 35.753277
v -33.079155 176.728592 35.742699
v -34.227943 176.804367 35.705742
v -38.565670 175.967438 35.902767
v -35.855835 176.401062 35.711800
v -38.572914 175.903580 35.920071
v -38.668671 175.883362 35.921379
v -37.784916 176.120056 35.864040
v -33.303196 176.614700 35.291752
v -33.239441 176.339478 35.387783
v -33.206646 176.339233 35.379009
v -34.249783 176.580780 35.483727
v -38.573521 175.967865 35.581390
v -35.891941 176.401810 35.387119
v -38.582760 175.909531 35.550587
v -38.677200 175.889587 35.551865
v -37.801815 176.123520 35.548672
v -33.391788 176.607819 34.982803
v -33.395725 176.336075 34.862724
v -33.367428 176.336014 34.855309
v -34.303535 176.579590 35.172497
v -38.624058 176.190979 35.355534
v -35.946266 176.631485 35.161259
v -38.641518 176.169891 35.294827
v -38.735844 176.149979 35.296104
v -37.852760 176.345840 35.330177
v -33.450890 176.830170 34.758266
v -33.495220 176.720856 34.485664
v -33.467319 176.720795 34.478371
v -34.357712 176.801498 34.954365
v -38.687675 176.506088 35.357502
v -35.986992 176.955582 35.166527
v -38.714767 176.532135 35.302612
v -38.810246 176.511993 35.303913
v -37.907909 176.656754 35.336548
v -33.445877 177.151489 34.749668
v -33.479645 177.268417 34.477489
v -33.447803 177.268204 34.469002
v -34.380577 177.116501 34.957108
v -39.965782 176.452621 35.586143
v -42.637173 175.703217 35.399834
v -39.959915 176.516632 35.569386
v -39.863182 176.539352 35.570724
v -40.744793 176.248093 35.564053
v -45.085426 174.775391 34.962051
v -45.221458 175.014709 34.842979
v -45.255516 174.998276 34.832691
v -44.180527 175.151672 35.179123
v -39.972710 176.448898 35.907520
v -42.669548 175.687225 35.724510
v -39.966309 176.507065 35.938869
v -39.868263 176.530090 35.940239
v -40.758625 176.237793 35.879421
v -45.168560 174.744003 35.271004
v -45.364403 174.951431 35.368042
v -45.402458 174.932938 35.356392
v -44.229698 175.129929 35.490356
v -39.923744 176.225433 36.133377
v -42.621223 175.456192 35.950371
v -39.908974 176.246399 36.194630
v -39.810814 176.269440 36.196003
v -40.710373 176.014877 36.097919
v -45.127674 174.517609 35.495541
v -45.291130 174.560806 35.745098
v -45.329540 174.542130 35.733330
v -44.184544 174.906006 35.708488
v -39.847565 175.913116 36.131409
v -42.520504 175.145477 35.945107
v -39.821499 175.887314 36.186844
v -39.724487 175.910080 36.188190
v -40.628304 175.709961 36.091545
v -44.986721 174.228806 35.504135
v -45.044567 174.071655 35.753277
v -45.079468 174.054794 35.742699
v -44.071514 174.611099 35.705742
v -39.788795 175.694916 35.902767
v -42.426392 174.937073 35.711800
v -39.755127 175.640167 35.920071
v -39.659847 175.662521 35.921379
v -40.560490 175.501633 35.864040
v -44.828266 174.046783 35.291752
v -44.769142 173.770523 35.387783
v -44.798737 173.756393 35.379009
v -43.956821 174.417938 35.483727
v -39.781864 175.698624 35.581390
v -42.394016 174.953064 35.387119
v -39.748737 175.649734 35.550587
v -39.654762 175.671783 35.551865
v -40.546661 175.511948 35.548672
v -44.745129 174.078171 34.982803
v -44.626202 173.833801 34.862724
v -44.651787 173.821716 34.855309
v -43.907646 174.439682 35.172497
v -39.830833 175.922089 35.355534
v -42.442341 175.184097 35.161259
v -39.806072 175.910416 35.294827
v -39.712212 175.932419 35.296104
v -40.594913 175.734848 35.330177
v -44.786018 174.304565 34.758266
v -44.699471 174.224426 34.485664
v -44.724709 174.212524 34.478371
v -43.952801 174.663589 34.954365
v -39.907013 176.234406 35.357502
v -42.543060 175.494812 35.166527
v -39.893543 176.269501 35.302612
v -39.798542 176.291779 35.303913
v -40.676983 176.039780 35.336548
v -44.926971 174.593369 34.749668
v -44.946037 174.713562 34.477489
v -44.974781 174.699860 34.469002
v -44.065830 174.958511 34.957108
v -64.633339 168.983215 35.586143
v -61.994961 169.841629 35.399834
v -64.673737 169.033218 35.569386
v -64.766815 168.998459 35.570724
v -63.871727 169.245193 35.564053
v -59.443249 170.427795 34.962051
v -59.462826 170.702377 34.842979
v -59.425377 170.707596 34.832691
v -60.404884 170.238892 35.179123
v -64.625511 168.983963 35.907520
v -61.959148 169.846283 35.724510
v -64.663109 169.028809 35.938869
v -64.757454 168.993576 35.940239
v -63.854500 169.244293 35.879421
v -59.356670 170.447800 35.271004
v -59.308792 170.729034 35.368042
v -59.266869 170.734756 35.356392
v -60.351910 170.248077 35.490356
v -64.542290 168.770874 36.133377
v -61.871193 169.627243 35.950371
v -64.566200 168.780106 36.194630
v -64.660660 168.744843 36.196003
v -63.770992 169.032059 36.097919
v -59.265095 170.236755 35.495541
v -59.153061 170.363373 35.745098
v -59.110748 170.369141 35.733330
v -60.265266 170.036728 35.708488
v -64.432419 168.468750 36.131409
v -61.782623 169.312851 35.945107
v -64.439789 168.432816 36.186844
v -64.533134 168.397949 36.188190
v -63.670120 168.732834 36.091545
v -59.222164 169.918274 35.504135
v -59.086861 169.819611 35.753277
v -59.048462 169.824936 35.742699
v -60.195709 169.728653 35.705742
v -64.360268 168.254593 35.902767
v -61.745316 169.087250 35.711800
v -64.357910 168.190369 35.920071
v -64.449585 168.156113 35.921379
v -63.610977 168.521881 35.864040
v -59.253029 169.678925 35.291752
v -59.148964 169.416275 35.387783
v -59.116501 169.420929 35.379009
v -60.183987 169.504318 35.483727
v -64.368088 168.253845 35.581390
v -61.781128 169.082596 35.387119
v -64.368530 168.194794 35.550587
v -64.458946 168.160995 35.551865
v -63.628204 168.522781 35.548672
v -59.339607 169.658920 34.982803
v -59.302998 169.389618 34.862724
v -59.275009 169.393768 34.855309
v -60.236961 169.495132 35.172497
v -64.451317 168.466949 35.355534
v -61.869083 169.301620 35.161259
v -64.465439 168.443481 35.294827
v -64.555740 168.409729 35.296104
v -63.711712 168.735016 35.330177
v -59.431183 169.869965 34.758266
v -59.458725 169.755280 34.485664
v -59.431129 169.759384 34.478371
v -60.323605 169.706467 34.954365
v -64.561188 168.769058 35.357502
v -61.957653 169.616028 35.166527
v -64.591858 168.790771 35.302612
v -64.683266 168.756622 35.303913
v -63.812584 169.034256 35.336548
v -59.474113 170.188446 34.749668
v -59.524929 170.299042 34.477489
v -59.493416 170.303589 34.469002
v -60.393158 170.014542 34.957108
v -65.817047 168.525696 35.586143
v -68.346916 167.386536 35.399834
v -65.820793 168.589874 35.569386
v -65.728516 168.626740 35.570724
v -66.556877 168.207367 35.564053
v -70.629547 166.104187 34.962051
v -70.799728 166.320557 34.842979
v -70.830956 166.299240 34.832691
v -69.790833 166.611130 35.179123
v -65.823349 168.520981 35.907520
v -68.376549 167.365891 35.724510
v -65.825684 168.579468 35.938869
v -65.732162 168.616837 35.940239
v -66.569016 168.195099 35.879421
v -70.707077 166.060776 35.271004
v -70.931648 166.236694 35.368042
v -70.966522 166.212723 35.356392
v -69.836220 166.582291 35.490356
v -65.741623 168.307312 36.133377
v -68.294334 167.144653 35.950371
v -65.730141 168.330246 36.194630
v -65.636513 168.367661 36.196003
v -66.488083 167.981873 36.097919
v -70.632912 165.842987 35.495541
v -70.800980 165.861343 35.745098
v -70.836174 165.837158 35.733330
v -69.758194 166.367615 35.708488
v -65.619743 168.009842 36.131409
v -68.148430 166.852402 35.945107
v -65.590126 167.988205 36.186844
v -65.497589 168.025177 36.188190
v -66.361488 167.692596 36.091545
v -70.450485 165.578430 35.504135
v -70.484268 165.414413 35.753277
v -70.516266 165.392532 35.742699
v -69.602478 166.092850 35.705742
v -65.529114 167.802826 35.902767
v -68.024307 166.660355 35.711800
v -65.487663 167.753708 35.920071
v -65.396782 167.790024 35.921379
v -66.263382 167.496704 35.864040
v -70.266670 165.422058 35.291752
v -70.167038 165.157684 35.387783
v -70.194191 165.139297 35.379009
v -69.460274 165.918945 35.483727
v -65.522812 167.807541 35.581390
v -67.994675 166.681000 35.387119
v -65.482765 167.764130 35.550587
v -65.393127 167.799927 35.551865
v -66.251244 167.508957 35.548672
v -70.189148 165.465469 34.982803
v -70.035126 165.241562 34.862724
v -70.058624 165.225800 34.855309
v -69.414894 165.947769 35.172497
v -65.604538 168.021210 35.355534
v -68.076897 166.902237 35.161259
v -65.578316 168.013351 35.294827
v -65.488785 168.049103 35.296104
v -66.332176 167.722183 35.330177
v -70.263313 165.683258 34.758266
v -70.165794 165.616898 34.485664
v -70.188972 165.601379 34.478371
v -69.492912 166.162445 34.954365
v -65.726418 168.318680 35.357502
v -68.222794 167.194489 35.166527
v -65.718323 168.355392 35.302612
v -65.627708 168.391586 35.303913
v -66.458778 168.011475 35.336548
v -70.445740 165.947815 34.749668
v -70.482506 166.063828 34.477489
v -70.508888 166.046005 34.469002
v -69.648636 166.437225 34.957108
v -89.095932 157.463364 35.586143
v -86.614952 158.705399 35.399834
v -89.143333 157.506790 35.569386
v -89.230194 157.458542 35.570724
v -88.381874 157.835922 35.564053
v -84.179100 159.665314 34.962051
v -84.239380 159.933914 34.842979
v -84.203125 159.944656 34.832691
v -85.101845 159.335190 35.179123
v -89.088303 157.465271 35.907520
v -86.580238 158.715332 35.724510
v -89.132164 157.504013 35.938869
v -89.220207 157.455109 35.940239
v -88.364708 157.837601 35.879421
v -84.096474 159.698013 35.271004
v -84.091042 159.983231 35.368042
v -84.050438 159.995132 35.356392
v -85.050827 159.352173 35.490356
v -88.974251 157.266953 36.133377
v -86.460625 158.511856 35.950371
v -88.999283 157.272537 36.194630
v -89.087425 157.223572 36.196003
v -88.250496 157.640182 36.097919
v -83.974464 159.502960 35.495541
v -83.882553 159.644867 35.745098
v -83.841576 159.656876 35.733330
v -84.933655 159.156097 35.708488
v -88.820587 156.984589 36.131409
v -86.326187 158.214172 35.945107
v -88.822517 156.947968 36.186844
v -88.909630 156.899567 36.188190
v -88.106155 157.359329 36.091545
v -83.884552 159.194443 35.504135
v -83.736053 159.117050 35.753277
v -83.698875 159.128036 35.742699
v -84.818962 158.861832 35.705742
v -88.717323 156.783585 35.902767
v -86.255669 157.996643 35.711800
v -88.705421 156.720428 35.920071
v -88.790962 156.672882 35.921379
v -88.016235 157.159546 35.864040
v -83.879395 158.953156 35.291752
v -83.737350 158.708954 35.387783
v -83.705948 158.718384 35.379009
v -84.773933 158.641754 35.483727
v -88.724953 156.781677 35.581390
v -86.290390 157.986710 35.387119
v -88.716583 156.723206 35.550587
v -88.800949 156.676315 35.551865
v -88.033409 157.157883 35.548672
v -83.962029 158.920471 34.982803
v -83.885689 158.659637 34.862724
v -83.858635 158.667908 34.855309
v -84.824951 158.624771 35.172497
v -88.839005 156.979980 35.355534
v -86.410004 158.190186 35.161259
v -88.849472 156.954681 35.294827
v -88.933731 156.907852 35.296104
v -88.147614 157.355286 35.330177
v -84.084038 159.115524 34.758266
v -84.094177 158.998001 34.485664
v -84.067505 159.006165 34.478371
v -84.942123 158.820847 34.954365
v -88.992668 157.262344 35.357502
v -86.544441 158.487869 35.166527
v -89.026237 157.279251 35.302612
v -89.111534 157.231857 35.303913
v -88.291954 157.636154 35.336548
v -84.173950 159.424042 34.749668
v -84.240685 159.525818 34.477489
v -84.210197 159.535019 34.469002
v -85.056816 159.115112 34.957108
v -90.198242 156.834534 35.586143
v -92.530075 155.331055 35.399834
v -90.211502 156.897446 35.569386
v -90.125755 156.947647 35.570724
v -90.882362 156.409500 35.564053
v -94.596100 153.722839 34.962051
v -94.796631 153.911438 34.842979
v -94.824333 153.885696 34.832691
v -93.842308 154.349121 35.179123
v -90.203766 156.828949 35.907520
v -92.556305 155.306229 35.724510
v -90.214790 156.886414 35.938869
v -90.127884 156.937317 35.940239
v -90.892540 156.395569 35.879421
v -94.666298 153.668350 35.271004
v -94.914574 153.808838 35.368042
v -94.945496 153.779953 35.356392
v -93.882889 154.313843 35.490356
v -90.091110 156.629837 36.133377
v -92.442032 155.099716 35.950371
v -90.083168 156.654221 36.194630
v -89.996170 156.705170 36.196003
v -90.780731 156.196793 36.097919
v -94.560501 153.464066 35.495541
v -94.729424 153.457169 35.745098
v -94.760628 153.428009 35.733330
v -93.773743 154.113190 35.708488
v -89.926262 156.353851 36.131409
v -92.254204 154.832474 35.945107
v -89.893745 156.336868 36.186844
v -89.807755 156.387222 36.188190
v -90.612434 155.929596 36.091545
v -94.340683 153.229645 35.504135
v -94.349640 153.062424 35.753277
v -94.378021 153.036011 35.742699
v -93.578812 153.864700 35.705742
v -89.805786 156.162659 35.902767
v -92.102844 154.661072 35.711800
v -89.757477 156.120270 35.920071
v -89.673019 156.169708 35.921379
v -90.486237 155.750519 35.864040
v -94.135620 153.102402 35.291752
v -93.997696 152.855835 35.387783
v -94.021805 152.833618 35.379009
v -93.412277 153.713928 35.483727
v -89.800262 156.168259 35.581390
v -92.076622 154.685898 35.387119
v -89.754196 156.131302 35.550587
v -89.670891 156.180054 35.551865
v -90.476059 155.764450 35.548672
v -94.065430 153.156891 34.982803
v -93.879753 152.958435 34.862724
v -93.900650 152.939362 34.855309
v -93.371704 153.749191 35.172497
v -89.912918 156.367355 35.355534
v -92.190895 154.892426 35.161259
v -89.885811 156.363495 35.294827
v -89.802612 156.412186 35.296104
v -90.587868 155.963226 35.330177
v -94.171227 153.361191 34.758266
v -94.064903 153.310104 34.485664
v -94.085510 153.291306 34.478371
v -93.480843 153.949844 34.954365
v -90.077766 156.643341 35.357502
v -92.378723 155.159653 35.166527
v -90.075233 156.680847 35.302612
v -89.991020 156.730148 35.303913
v -90.756165 156.230423 35.336548
v -94.391037 153.595612 34.749668
v -94.444687 153.704849 34.477489
v -94.468117 153.683289 34.469002
v -93.675774 154.198349 34.957108
v -111.568390 142.426407 35.586143
v -109.300224 144.024323 35.399834
v -111.621735 142.462296 35.569386
v -111.700432 142.401627 35.570724
v -110.917831 142.901230 35.564053
v -107.034637 145.336548 34.962051
v -107.134277 145.593170 34.842979
v -107.100029 145.609192 34.832691
v -107.897873 144.872589 35.179123
v -111.561127 142.429428 35.907520
v -109.267372 144.039322 35.724510
v -111.610275 142.461197 35.938869
v -111.690048 142.399719 35.940239
v -110.901100 142.905441 35.879421
v -106.957802 145.381180 35.271004
v -106.994942 145.664032 35.368042
v -106.956566 145.681854 35.356392
v -107.849960 144.896988 35.490356
v -111.418793 142.250336 36.133377
v -109.118774 143.855942 35.950371
v -111.444374 142.252121 36.194630
v -111.524239 142.190567 36.196003
v -110.758751 142.727249 36.097919
v -106.808090 145.206497 35.495541
v -106.738358 145.360519 35.745098
v -106.699615 145.378510 35.733330
v -107.704872 144.720566 35.708488
v -111.224762 141.994019 36.131409
v -108.941467 143.581619 35.945107
v -111.221214 141.957520 36.186844
v -111.300140 141.896683 36.188190
v -110.574165 142.471039 36.091545
v -106.673195 144.914825 35.504135
v -106.514824 144.860428 35.753277
v -106.479698 144.876831 35.742699
v -107.547607 144.446686 35.705742
v -111.092697 141.810638 35.902767
v -108.839325 143.377029 35.711800
v -111.071510 141.749969 35.920071
v -111.149017 141.690216 35.921379
v -110.455467 142.286896 35.864040
v -106.632141 144.677017 35.291752
v -106.455292 144.456696 35.387783
v -106.425636 144.470718 35.379009
v -107.470284 144.235764 35.483727
v -111.099953 141.807617 35.581390
v -108.872177 143.362030 35.387119
v -111.082970 141.751053 35.550587
v -111.159401 141.692108 35.551865
v -110.472198 142.282684 35.548672
v -106.708977 144.632370 34.982803
v -106.594620 144.385834 34.862724
v -106.569099 144.398041 34.855309
v -107.518196 144.211365 35.172497
v -111.242287 141.986725 35.355534
v -109.020775 143.545410 35.161259
v -111.248871 141.960144 35.294827
v -111.325211 141.901276 35.296104
v -110.614548 142.460876 35.330177
v -106.858688 144.807053 34.758266
v -106.851212 144.689346 34.485664
v -106.826050 144.701401 34.478371
v -107.663277 144.387787 34.954365
v -111.436317 142.243027 35.357502
v -109.198082 143.819733 35.166527
v -111.472031 142.254745 35.302612
v -111.549309 142.195160 35.303913
v -110.799141 142.717087 35.336548
v -106.993584 145.098740 34.749668
v -107.074738 145.189438 34.477489
v -107.045959 145.203064 34.469002
v -107.820549 144.661682 34.957108
v -112.564667 141.640320 35.586143
v -114.646393 139.806107 35.399834
v -112.587158 141.700546 35.569386
v -112.509850 141.762985 35.570724
v -113.177803 141.118073 35.564053
v -116.449669 137.907944 34.962051
v -116.676064 138.064545 34.842979
v -116.699615 138.034973 34.832691
v -115.797623 138.639572 35.179123
v -112.569298 141.633972 35.907520
v -114.668625 139.777649 35.724510
v -112.588768 141.689163 35.938869
v -112.510422 141.752441 35.940239
v -113.185791 141.102783 35.879421
v -116.510956 137.843613 35.271004
v -116.777397 137.945526 35.368042
v -116.803665 137.912354 35.356392
v -115.832497 138.598648 35.490356
v -112.428223 141.453873 36.133377
v -114.524849 139.590469 35.950371
v -112.424011 141.479172 36.194630
v -112.345573 141.542526 36.196003
v -113.045609 140.922882 36.097919
v -116.375893 137.657364 35.495541
v -116.541901 137.625366 35.745098
v -116.568405 137.591873 35.733330
v -115.694664 138.416504 35.708488
v -112.224083 141.205536 36.131409
v -114.299294 139.354218 35.945107
v -112.189407 141.193588 36.186844
v -112.111877 141.256195 36.188190
v -112.839371 140.683762 36.091545
v -116.123596 137.458313 35.504135
v -116.107529 137.291641 35.753277
v -116.131660 137.261292 35.742699
v -115.464874 138.199829 35.705742
v -112.076462 141.034439 35.902767
v -114.124084 139.207275 35.711800
v -112.022377 140.999725 35.920071
v -111.946236 141.061203 35.921379
v -112.687889 140.525482 35.864040
v -115.901855 137.363068 35.291752
v -115.728729 137.139816 35.387783
v -115.749260 137.114243 35.379009
v -115.277733 138.075562 35.483727
v -112.071831 141.040787 35.581390
v -114.101852 139.235733 35.387119
v -112.020775 141.011108 35.550587
v -111.945663 141.071747 35.551865
v -112.679901 140.540771 35.548672
v -115.840569 137.427414 34.982803
v -115.627396 137.258835 34.862724
v -115.645210 137.236862 34.855309
v -115.242867 138.116486 35.172497
v -112.212906 141.220886 35.355534
v -114.245628 139.422928 35.161259
v -112.185524 141.221100 35.294827
v -112.110512 141.281662 35.296104
v -112.820084 140.720673 35.330177
v -115.975632 137.613647 34.758266
v -115.862885 137.578995 34.485664
v -115.880463 137.557327 34.478371
v -115.380692 138.298630 34.954365
v -112.417046 141.469223 35.357502
v -114.471184 139.659180 35.166527
v -112.420135 141.506683 35.302612
v -112.344208 141.567978 35.303913
v -113.026329 140.959793 35.336548
v -116.227928 137.812698 34.749668
v -116.297256 137.912720 34.477489
v -116.317215 137.887909 34.469002
v -115.610481 138.515305 34.957108
v -131.548920 124.208176 35.586143
v -129.544235 126.126289 35.399834
v -131.607010 124.235710 35.569386
v -131.675797 124.164001 35.570724
v -130.976395 124.774658 35.564053
v -127.499512 127.761513 34.962051
v -127.636284 128.000412 34.842979
v -127.604805 128.021362 34.832691
v -128.283966 127.174088 35.179123
v -131.542191 124.212250 35.907520
v -129.513977 126.146019 35.724510
v -131.595520 124.236343 35.938869
v -131.665237 124.163666 35.940239
v -130.960480 124.781311 35.879421
v -127.430191 127.817101 35.271004
v -127.509064 128.091248 35.368042
v -127.473770 128.114594 35.356392
v -128.240219 127.205345 35.490356
v -131.374756 124.056366 36.133377
v -129.339706 125.986839 35.950371
v -131.400314 124.054321 36.194630
v -131.470108 123.981552 36.196003
v -130.793152 124.626328 36.097919
v -127.256111 127.666679 35.495541
v -127.210114 127.829369 35.745098
v -127.174484 127.852928 35.733330
v -128.070465 127.052521 35.708488
v -131.144684 123.831841 36.131409
v -129.123505 125.741997 35.945107
v -131.135742 123.796265 36.186844
v -131.204712 123.724350 36.188190
v -130.572449 124.400490 36.091545
v -127.079254 127.398361 35.504135
v -126.914543 127.368179 35.753277
v -126.882256 127.389633 35.742699
v -127.874130 126.805130 35.705742
v -130.986771 123.670189 35.902767
v -128.992004 125.554916 35.711800
v -130.956772 123.613350 35.920071
v -131.024506 123.542709 35.921379
v -130.427628 124.236092 35.864040
v -127.003220 127.169327 35.291752
v -126.795502 126.977829 35.387783
v -126.768272 126.996109 35.379009
v -127.766235 126.608093 35.483727
v -130.993484 123.666122 35.581390
v -129.022263 125.535187 35.387119
v -130.968262 123.612717 35.550587
v -131.035065 123.543045 35.551865
v -130.443542 124.229439 35.548672
v -127.072540 127.113739 34.982803
v -126.922722 126.886993 34.862724
v -126.899300 126.902870 34.855309
v -127.809975 126.576828 35.172497
v -131.160919 123.822006 35.355534
v -129.196533 125.694366 35.161259
v -131.163467 123.794746 35.294827
v -131.230194 123.725151 35.296104
v -130.610870 124.384422 35.330177
v -127.246620 127.264160 34.758266
v -127.221672 127.148872 34.485664
v -127.198593 127.164543 34.478371
v -127.979736 126.729660 34.954365
v -131.390991 124.046532 35.357502
v -129.412735 125.939209 35.166527
v -131.428055 124.052795 35.302612
v -131.495590 123.982361 35.303913
v -130.831573 124.610260 35.336548
v -127.423477 127.532471 34.749668
v -127.517242 127.610062 34.477489
v -127.490814 127.627831 34.469002
v -128.176071 126.977051 34.957108
v -132.416916 123.282394 35.586143
v -134.202026 121.158417 35.399834
v -132.448135 123.338600 35.569386
v -132.380997 123.411850 35.570724
v -132.945374 122.674599 35.564053
v -135.702271 119.012703 34.962051
v -135.949478 119.133812 34.842979
v -135.968353 119.101051 34.832691
v -135.166550 119.833328 35.179123
v -132.420547 123.275421 35.907520
v -134.219772 121.126968 35.724510
v -132.448013 123.327095 35.938869
v -132.379974 123.401344 35.940239
v -132.950989 122.658287 35.879421
v -135.753281 118.939941 35.271004
v -136.031937 119.001015 35.368042
v -136.052963 118.964294 35.356392
v -135.194931 119.787666 35.490356
v -132.254211 123.118370 36.133377
v -134.049713 120.963303 35.950371
v -132.253815 123.144005 36.194630
v -132.185684 123.218338 36.196003
v -132.785553 122.501289 36.097919
v -135.591965 118.775909 35.495541
v -135.751358 118.719536 35.745098
v -135.772583 118.682472 35.733330
v -135.031494 119.628098 35.708488
v -132.015335 122.903229 36.131409
v -133.791458 120.763298 35.945107
v -131.979263 122.896584 36.186844
v -131.911942 122.970047 36.188190
v -132.545990 122.295578 36.091545
v -135.312836 118.616692 35.504135
v -135.272110 118.454262 35.753277
v -135.291443 118.420662 35.742699
v -134.771973 119.448097 35.705742
v -131.843872 122.756035 35.902767
v -133.596298 120.644119 35.711800
v -131.785202 122.729767 35.920071
v -131.719070 122.801910 35.921379
v -132.372604 122.161644 35.864040
v -135.079376 118.555550 35.291752
v -134.874908 118.360588 35.387783
v -134.891388 118.332245 35.379009
v -134.568405 119.353104 35.483727
v -131.840240 122.763008 35.581390
v -133.578568 120.675575 35.387119
v -131.785324 122.741272 35.550587
v -131.720093 122.812416 35.551865
v -132.366989 122.177956 35.548672
v -135.028351 118.628311 34.982803
v -134.792435 118.493393 34.862724
v -134.806778 118.469002 34.855309
v -134.540024 119.398766 35.172497
v -132.006577 122.920067 35.355534
v -133.748627 120.839233 35.161259
v -131.979523 122.924362 35.294827
v -131.914383 122.995422 35.296104
v -132.532425 122.334953 35.330177
v -135.189667 118.792343 34.758266
v -135.073013 118.774872 34.485664
v -135.087173 118.750824 34.478371
v -134.703461 119.558342 34.954365
v -132.245438 123.135201 35.357502
v -134.006882 121.039238 35.166527
v -132.254074 123.171783 35.302612
v -132.188141 123.243713 35.303913
v -132.771988 122.540672 35.336548
v -135.468811 118.951561 34.749668
v -135.552277 119.040146 34.477489
v -135.568314 119.012634 34.469002
v -134.962982 119.738342 34.957108
v -148.591095 103.215660 35.586143
v -146.894653 105.411118 35.399834
v -148.652634 103.234230 35.569386
v -148.709961 103.153069 35.570724
v -148.109375 103.861145 35.564053
v -145.116486 107.332817 34.962051
v -145.287323 107.548660 34.842979
v -145.259323 107.574074 34.832691
v -145.804626 106.635040 35.179123
v -148.585052 103.220695 35.907520
v -146.867691 105.435135 35.724510
v -148.641373 103.236572 35.938869
v -148.699478 103.154312 35.940239
v -148.094635 103.870094 35.879421
v -145.056213 107.398117 35.271004
v -145.175064 107.657448 35.368042
v -145.143646 107.685791 35.356392
v -145.766022 106.672470 35.490356
v -148.396240 103.091499 36.133377
v -146.671646 105.303711 35.950371
v -148.421219 103.085670 36.194630
v -148.479385 103.003319 36.196003
v -147.906082 103.741783 36.097919
v -144.861664 107.275322 35.495541
v -144.840424 107.443047 35.745098
v -144.808716 107.471649 35.733330
v -145.575394 106.546654 35.708488
v -148.135284 102.903770 36.131409
v -146.421356 105.093826 35.945107
v -148.121140 102.869926 36.186844
v -148.178619 102.788536 36.188190
v -147.654190 103.551361 36.091545
v -144.646790 107.036354 35.504135
v -144.479431 107.031052 35.753277
v -144.450699 107.057083 35.742699
v -145.344376 106.331284 35.705742
v -147.955032 102.767464 35.902767
v -146.263443 104.928429 35.711800
v -147.916916 102.715729 35.920071
v -147.973358 102.635780 35.921379
v -147.486496 103.410378 35.864040
v -144.537476 106.821213 35.291752
v -144.303543 106.662811 35.387783
v -144.279343 106.684937 35.379009
v -145.208328 106.152527 35.483727
v -147.961090 102.762436 35.581390
v -146.290421 104.904419 35.387119
v -147.928177 102.713394 35.550587
v -147.983856 102.634537 35.551865
v -147.501236 103.401421 35.548672
v -144.597733 106.755905 34.982803
v -144.415802 106.554024 34.862724
v -144.395004 106.573219 34.855309
v -145.246918 106.115097 35.172497
v -148.149887 102.891624 35.355534
v -146.486465 105.035843 35.161259
v -148.148331 102.864288 35.294827
v -148.203934 102.785538 35.296104
v -147.689789 103.529739 35.330177
v -144.792282 106.878708 34.758266
v -144.750443 106.768425 34.485664
v -144.729950 106.787361 34.478371
v -145.437561 106.240913 34.954365
v -148.410843 103.079361 35.357502
v -146.736755 105.245728 35.166527
v -148.448425 103.080032 35.302612
v -148.504700 103.000320 35.303913
v -147.941681 103.720161 35.336548
v -145.007156 107.117668 34.749668
v -145.111435 107.180420 34.477489
v -145.087967 107.201927 34.469002
v -145.668564 106.456284 34.957108
v -149.311417 102.170860 35.586143
v -150.760056 99.804558 35.399834
v -149.350662 102.221786 35.569386
v -149.295197 102.304222 35.570724
v -149.743393 101.491089 35.564053
v -151.923752 97.459221 34.962051
v -152.186249 97.542137 34.842979
v -152.200043 97.506927 34.832691
v -151.516312 98.350525 35.179123
v -149.313980 102.163422 35.907520
v -150.772903 99.770813 35.724510
v -149.348846 102.210419 35.938869
v -149.292633 102.293983 35.940239
v -149.746521 101.474129 35.879421
v -151.963348 97.379669 35.271004
v -152.248001 97.398529 35.368042
v -152.263321 97.359085 35.356392
v -151.537582 98.301140 35.490356
v -149.126083 102.032913 36.133377
v -150.580353 99.634323 35.950371
v -149.129517 102.058319 36.194630
v -149.073227 102.141983 36.196003
v -149.559540 101.343536 36.097919
v -151.779404 97.241508 35.495541
v -151.928604 97.162010 35.745098
v -151.944061 97.122192 35.733330
v -151.352188 98.167709 35.708488
v -148.857819 101.855774 36.131409
v -150.295181 99.475037 35.945107
v -148.821167 101.854584 36.186844
v -148.765533 101.937256 36.188190
v -149.291977 101.175819 36.091545
v -151.479645 97.125671 35.504135
v -151.415161 96.971123 35.753277
v -151.429276 96.935020 35.742699
v -151.068741 98.028397 35.705742
v -148.666321 101.735779 35.902767
v -150.084442 99.386276 35.711800
v -148.604416 101.718552 35.920071
v -148.549774 101.799744 35.921379
v -149.100586 101.069229 35.864040
v -151.239685 97.100006 35.291752
v -151.008438 96.937698 35.387783
v -151.020523 96.907204 35.379009
v -150.853287 97.964798 35.483727
v -148.663773 101.743217 35.581390
v -150.071594 99.420021 35.387119
v -148.606232 101.729912 35.550587
v -148.552338 101.809982 35.551865
v -149.097458 101.086197 35.548672
v -151.200073 97.179550 34.982803
v -150.946686 97.081299 34.862724
v -150.957230 97.055046 34.855309
v -150.832031 98.014191 35.172497
v -148.851669 101.873734 35.355534
v -150.264145 99.556511 35.161259
v -148.825562 101.882011 35.294827
v -148.771729 101.961983 35.296104
v -149.284439 101.216782 35.330177
v -151.384033 97.317711 34.758266
v -151.266083 97.317825 34.485664
v -151.276489 97.291939 34.478371
v -151.017426 98.147621 34.954365
v -149.119919 102.050865 35.357502
v -150.549316 99.715797 35.166527
v -149.133911 102.085754 35.302612
v -149.079437 102.166702 35.303913
v -149.551987 101.384499 35.336548
v -151.683792 97.433556 34.749668
v -151.779526 97.508705 34.477489
v -151.791275 97.479111 34.469002
v -151.300858 98.286934 34.957108
v -162.314362 79.917648 35.586143
v -160.964081 82.341415 35.399834
v -162.377991 79.926834 35.569386
v -162.422577 79.838036 35.570724
v -161.934235 80.627708 35.564053
v -159.492157 84.506653 34.962051
v -159.693268 84.694633 34.842979
v -159.669357 84.723930 34.832691
v -160.068634 83.714119 35.179123
v -162.309143 79.923523 35.907520
v -160.940994 82.369179 35.724510
v -162.367203 79.930824 35.938869
v -162.412399 79.840828 35.940239
v -161.920990 80.638763 35.879421
v -159.442307 84.580208 35.271004
v -159.598480 84.818932 35.368042
v -159.571640 84.851646 35.356392
v -160.036041 83.756882 35.490356
v -162.103195 79.823914 36.133377
v -160.727539 82.268440 35.950371
v -162.127014 79.814423 36.194630
v -162.172272 79.724319 36.196003
v -161.715424 80.539978 36.097919
v -159.231628 84.487778 35.495541
v -159.235611 84.656799 35.745098
v -159.208527 84.689812 35.733330
v -159.828781 83.660881 35.708488
v -161.817169 79.677170 36.131409
v -160.448776 82.098198 35.945107
v -161.798141 79.645813 36.186844
v -161.842850 79.556763 36.188190
v -161.437958 80.389221 36.091545
v -158.983536 84.283508 35.504135
v -158.817245 84.303207 35.753277
v -158.792725 84.333229 35.742699
v -159.568253 83.482346 35.705742
v -161.618622 79.569252 35.902767
v -160.267990 81.958183 35.711800
v -161.573212 79.523773 35.920071
v -161.617111 79.436302 35.921379
v -161.251129 80.274811 35.864040
v -158.843369 84.087059 35.291752
v -158.588440 83.965286 35.387783
v -158.567810 83.990776 35.379009
v -159.407074 83.325859 35.483727
v -161.623856 79.563377 35.581390
v -160.291077 81.930420 35.387119
v -161.584000 79.519783 35.550587
v -161.627304 79.433510 35.551865
v -161.264374 80.263756 35.548672
v -158.893234 84.013504 34.982803
v -158.683243 83.840988 34.862724
v -158.665543 83.863068 34.855309
v -159.439667 83.283096 35.172497
v -161.829788 79.662987 35.355534
v -160.504517 82.031158 35.161259
v -161.824188 79.636185 35.294827
v -161.867432 79.550018 35.296104
v -161.469940 80.362541 35.330177
v -159.103912 84.105934 34.758266
v -159.046097 84.003120 34.485664
v -159.028656 84.024895 34.478371
v -159.646927 83.379097 34.954365
v -162.115814 79.809731 35.357502
v -160.783295 82.201401 35.166527
v -162.153076 79.804794 35.302612
v -162.196854 79.717583 35.303913
v -161.747406 80.513298 35.336548
v -159.351990 84.310204 34.749668
v -159.464462 84.356712 34.477489
v -159.444458 84.381477 34.469002
v -159.907455 83.557632 34.957108
v -162.870941 78.777161 35.586143
v -163.950729 76.221390 35.399834
v -162.917343 78.821663 35.569386
v -162.874771 78.911446 35.570724
v -163.196777 78.040604 35.564053
v -164.751892 73.728806 34.962051
v -165.023819 73.771675 34.842979
v -165.032211 73.734802 34.832691
v -164.481842 74.670883 35.179123
v -162.872360 78.769424 35.907520
v -163.958420 76.186104 35.724510
v -162.913834 78.810699 35.938869
v -162.870712 78.901703 35.940239
v -163.197342 78.023361 35.879421
v -164.779205 73.644249 35.271004
v -165.063477 73.620468 35.368042
v -165.072754 73.579185 35.356392
v -164.495514 74.618881 35.490356
v -162.667114 78.668373 36.133377
v -163.747665 76.079834 35.950371
v -162.674286 78.692986 36.194630
v -162.631104 78.784096 36.196003
v -162.992981 77.922096 36.097919
v -164.576706 73.535042 35.495541
v -164.712402 73.434189 35.745098
v -164.721756 73.392517 35.733330
v -164.292297 74.514572 35.708488
v -162.375443 78.533195 36.131409
v -163.441940 75.964828 35.945107
v -162.339020 78.537476 36.186844
v -162.296326 78.627518 36.188190
v -162.703430 77.796127 36.091545
v -164.263031 73.465172 35.504135
v -164.176254 73.321960 35.753277
v -164.184814 73.284157 35.742699
v -163.991257 74.419052 35.705742
v -162.168213 78.443077 35.902767
v -163.220337 75.908463 35.711800
v -162.104416 78.435265 35.920071
v -162.062485 78.523697 35.921379
v -162.498276 77.719254 35.864040
v -164.021927 73.475555 35.291752
v -163.769089 73.349518 35.387783
v -163.776489 73.317574 35.379009
v -163.768738 74.388283 35.483727
v -162.166794 78.450813 35.581390
v -163.212646 75.943748 35.387119
v -162.107910 78.446228 35.550587
v -162.066544 78.533440 35.551865
v -162.497711 77.736496 35.548672
v -163.994629 73.560120 34.982803
v -163.729431 73.500725 34.862724
v -163.735931 73.473190 34.855309
v -163.755081 74.440285 35.172497
v -162.372040 78.551865 35.355534
v -163.423401 76.050018 35.161259
v -162.347458 78.563942 35.294827
v -162.306152 78.651047 35.296104
v -162.702072 77.837753 35.330177
v -164.197128 73.669319 34.758266
v -164.080505 73.687004 34.485664
v -164.086945 73.659859 34.478371
v -163.958282 74.544594 34.954365
v -162.663696 78.687042 35.357502
v -163.729126 76.165024 35.166527
v -162.682739 78.719452 35.302612
v -162.640930 78.807625 35.303913
v -162.991638 77.963722 35.336548
v -164.510788 73.739197 34.749668
v -164.616653 73.799240 34.477489
v -164.623871 73.768219 34.469002
v -164.259323 74.640114 34.957108
v -172.412155 54.834675 35.586143
v -171.438171 57.432613 35.399834
v -172.476440 54.834278 35.569386
v -172.507294 54.739826 35.570724
v -172.142090 55.593460 35.564053
v -170.305389 59.793041 34.962051
v -170.532257 59.948944 34.842979
v -170.512985 59.981476 34.832691
v -170.757294 58.923439 35.179123
v -172.407852 54.841263 35.907520
v -171.419479 57.463509 35.724510
v -172.466354 54.839832 35.938869
v -172.497635 54.744102 35.940239
v -172.130646 55.606361 35.879421
v -170.267044 59.873203 35.271004
v -170.457047 60.085983 35.368042
v -170.435379 60.122330 35.356392
v -170.731445 58.970585 35.490356
v -172.189362 54.773457 36.133377
v -171.193390 57.395702 35.950371
v -172.211502 54.760525 36.194630
v -172.242828 54.664684 36.196003
v -171.912643 55.539318 36.097919
v -170.044937 59.813202 35.495541
v -170.074081 59.979740 35.745098
v -170.052200 60.016422 35.733330
v -170.512192 58.906540 35.708488
v -171.884674 54.670979 36.131409
v -170.892365 57.268913 35.945107
v -171.861176 54.642815 36.186844
v -171.892120 54.548092 36.188190
v -171.615814 55.431602 36.091545
v -169.769180 59.648186 35.504135
v -169.607681 59.692451 35.753277
v -169.587906 59.725792 35.742699
v -170.227966 58.768829 35.705742
v -171.672256 54.593857 35.902767
v -170.692734 57.157406 35.711800
v -171.620575 54.555656 35.920071
v -171.650955 54.462624 35.921379
v -171.414017 55.346310 35.864040
v -169.601303 59.474819 35.291752
v -169.331085 59.392403 35.387783
v -169.314468 59.420685 35.379009
v -170.045273 58.638115 35.483727
v -171.676544 54.587273 35.581390
v -170.711426 57.126511 35.387119
v -171.630646 54.550102 35.550587
v -171.660599 54.458344 35.551865
v -171.425461 55.333408 35.548672
v -169.639648 59.394657 34.982803
v -169.406281 59.255363 34.862724
v -169.392075 59.279831 34.855309
v -170.071121 58.590969 35.172497
v -171.895035 54.655075 35.355534
v -170.937500 57.194317 35.161259
v -171.885498 54.629410 35.294827
v -171.915421 54.537766 35.296104
v -171.643448 55.400452 35.330177
v -169.861755 59.454659 34.758266
v -169.789261 59.361607 34.485664
v -169.775253 59.385742 34.478371
v -170.290375 58.655010 34.954365
v -172.199738 54.757553 35.357502
v -171.238525 57.321110 35.166527
v -172.235840 54.747120 35.302612
v -172.266129 54.654358 35.303913
v -171.940292 55.508167 35.336548
v -170.137512 59.619675 34.749668
v -170.255646 59.648899 34.477489
v -170.239548 59.676373 34.469002
v -170.574600 58.792725 34.957108
v -172.792542 53.623974 35.586143
v -173.479370 50.935822 35.399834
v -172.845047 53.661068 35.569386
v -172.816330 53.756195 35.570724
v -173.004959 52.847084 35.564053
v -173.900101 48.351677 34.962051
v -174.175385 48.353539 34.842979
v -174.178177 48.315830 34.832691
v -173.773468 49.323475 35.179123
v -172.792786 53.616116 35.907520
v -173.481705 50.899784 35.724510
v -172.839951 53.650749 35.938869
v -172.810867 53.747166 35.940239
v -173.002945 52.829948 35.879421
v -173.914505 48.263988 35.271004
v -174.192062 48.198112 35.368042
v -174.195084 48.155907 35.356392
v -173.779236 49.270020 35.490356
v -172.574768 53.546780 36.133377
v -173.257477 50.826111 35.950371
v -172.585541 53.570049 36.194630
v -172.556412 53.666580 36.196003
v -172.785782 52.760273 36.097919
v -173.697998 48.186184 35.495541
v -173.817139 48.066238 35.745098
v -173.820175 48.023636 35.733330
v -173.562744 49.197159 35.708488
v -172.266220 53.456581 36.131409
v -172.938019 50.757957 35.945107
v -172.230835 53.466244 36.186844
v -172.202042 53.561646 36.188190
v -172.480682 52.678871 36.091545
v -173.377411 48.163841 35.504135
v -173.270248 48.035164 35.753277
v -173.273102 47.996506 35.742699
v -173.250839 49.147572 35.705742
v -172.047867 53.398357 35.902767
v -172.710495 50.735245 35.711800
v -171.983612 53.400139 35.920071
v -171.955338 53.493832 35.921379
v -172.266357 52.633423 35.864040
v -173.140549 48.210045 35.291752
v -172.871750 48.123100 35.387783
v -172.874298 48.090405 35.379009
v -173.026215 49.150311 35.483727
v -172.047623 53.406219 35.581390
v -172.708145 50.771282 35.387119
v -171.988708 53.410461 35.550587
v -171.960800 53.502861 35.551865
v -172.268372 52.650555 35.548672
v -173.126160 48.297729 34.982803
v -172.855057 48.278526 34.862724
v -172.857391 48.250328 34.855309
v -173.020447 49.203766 35.172497
v -172.265625 53.475555 35.355534
v -172.932388 50.844955 35.161259
v -172.243118 53.491158 35.294827
v -172.215256 53.583447 35.296104
v -172.485550 52.720234 35.330177
v -173.342667 48.375534 34.758266
v -173.229980 48.410404 34.485664
v -173.232300 48.382599 34.478371
v -173.236938 49.276627 34.954365
v -172.574173 53.565754 35.357502
v -173.251831 50.913109 35.166527
v -172.597824 53.594963 35.302612
v -172.569626 53.688381 35.303913
v -172.790649 52.801636 35.336548
v -173.663239 48.397881 34.749668
v -173.776871 48.441475 34.477489
v -173.779388 48.409729 34.469002
v -173.548843 49.326214 34.957108
v -178.658920 28.526760 35.586143
v -178.082993 31.240841 35.399834
v -178.722427 28.516787 35.569386
v -178.738861 28.418791 35.570724
v -178.504959 29.317318 35.564053
v -177.314651 33.743732 34.962051
v -177.562225 33.864082 34.842979
v -177.548019 33.899124 34.832691
v -177.631912 32.816494 35.179123
v -178.655655 28.533915 35.907520
v -178.069122 31.274179 35.724510
v -178.713287 28.523781 35.938869
v -178.729950 28.424459 35.940239
v -178.495560 29.331785 35.879421
v -177.288681 33.828716 35.271004
v -177.508286 34.010803 35.368042
v -177.492279 34.049973 35.356392
v -177.613388 32.866962 35.490356
v -178.429504 28.499430 36.133377
v -177.835464 31.240824 35.950371
v -178.449463 28.483341 36.194630
v -178.466156 28.383904 36.196003
v -178.270004 29.297977 36.097919
v -177.060120 33.802486 35.495541
v -177.113754 33.962822 35.745098
v -177.097595 34.002350 35.733330
v -177.387024 32.836311 35.708488
v -178.112930 28.443506 36.131409
v -177.518906 31.160311 35.945107
v -178.085495 28.419159 36.186844
v -178.101974 28.320881 36.188190
v -177.960434 29.235703 36.091545
v -176.762863 33.680408 35.504135
v -176.609756 33.748249 35.753277
v -176.595169 33.784164 35.742699
v -177.085464 32.742496 35.705742
v -177.891388 28.398905 35.902767
v -177.304871 31.079807 35.711800
v -177.834595 28.368830 35.920071
v -177.850769 28.272308 35.921379
v -177.748184 29.181438 35.864040
v -176.571014 33.533997 35.291752
v -176.291519 33.492779 35.387783
v -176.279312 33.523216 35.379009
v -176.885315 32.640472 35.483727
v -177.894653 28.391750 35.581390
v -177.318756 31.046467 35.387119
v -177.843735 28.361835 35.550587
v -177.859680 28.266640 35.551865
v -177.757584 29.166973 35.548672
v -176.596985 33.449017 34.982803
v -176.345459 33.346058 34.862724
v -176.335052 33.372372 34.855309
v -176.903854 32.590000 35.172497
v -178.120804 28.426235 35.355534
v -177.552414 31.079824 35.161259
v -178.107559 28.402275 35.294827
v -178.123489 28.307196 35.296104
v -177.983124 29.200781 35.330177
v -176.825546 33.475246 34.758266
v -176.739990 33.394039 34.485664
v -176.729752 33.419991 34.478371
v -177.130203 32.620651 34.954365
v -178.437378 28.482159 35.357502
v -177.868973 31.160336 35.166527
v -178.471527 28.466457 35.302612
v -178.487656 28.370218 35.303913
v -178.292709 29.263056 35.336548
v -177.122818 33.597321 34.749668
v -177.243988 33.608612 34.477489
v -177.232178 33.638180 34.469002
v -177.431778 32.714466 34.957108
v -178.854614 27.272890 35.586143
v -179.133148 24.512394 35.399834
v -178.912064 27.301743 35.569386
v -178.897858 27.400087 35.570724
v -178.948898 26.473015 35.564053
v -179.164062 21.894405 34.962051
v -179.436539 21.855225 34.842979
v -179.433685 21.817520 34.832691
v -179.183670 22.874226 35.179123
v -178.853683 27.265081 35.907520
v -179.130096 24.476412 35.724510
v -178.905502 27.292297 35.938869
v -178.891098 27.391973 35.940239
v -178.944351 26.456375 35.879421
v -179.165222 21.805553 35.271004
v -179.429871 21.699047 35.368042
v -179.426559 21.656860 35.356392
v -179.181396 22.820507 35.490356
v -178.627777 27.229010 36.133377
v -178.897385 24.436979 35.950371
v -178.641891 27.250418 36.194630
v -178.627487 27.350210 36.196003
v -178.719223 26.419842 36.097919
v -178.939545 21.760885 35.495541
v -179.039490 21.624519 35.745098
v -179.036133 21.581944 35.733330
v -178.956482 22.780724 35.708488
v -178.309235 27.185806 36.131409
v -178.571350 24.417196 35.945107
v -178.275681 27.200636 36.186844
v -178.261429 27.299261 36.188190
v -178.405396 26.384817 36.091545
v -178.619217 21.786568 35.504135
v -178.494064 21.675301 35.753277
v -178.491119 21.636650 35.742699
v -178.640656 22.778179 35.705742
v -178.084641 27.160776 35.902767
v -178.342972 24.428652 35.711800
v -178.021378 27.172113 35.920071
v -178.007370 27.268972 35.921379
v -178.186691 26.371819 35.864040
v -178.391876 21.867558 35.291752
v -178.113113 21.821646 35.387783
v -178.110764 21.788933 35.379009
v -178.418945 22.814363 35.483727
v -178.085571 27.168585 35.581390
v -178.346024 24.464634 35.387119
v -178.027954 27.181559 35.550587
v -178.014130 27.277086 35.551865
v -178.191238 26.388460 35.548672
v -178.390717 21.956409 34.982803
v -178.119781 21.977825 34.862724
v -178.117889 21.949593 34.855309
v -178.421219 22.868080 35.172497
v -178.311478 27.204657 35.355534
v -178.578735 24.504066 35.161259
v -178.291550 27.223438 35.294827
v -178.277740 27.318850 35.296104
v -178.416367 26.424994 35.330177
v -178.616394 22.001076 34.758266
v -178.510162 22.052349 34.485664
v -178.508316 22.024511 34.478371
v -178.646149 22.907864 34.954365
v -178.630020 27.247862 35.357502
v -178.904770 24.523849 35.166527
v -178.657761 27.273220 35.302612
v -178.643799 27.369799 35.303913
v -178.730194 26.460018 35.336548
v -178.936737 21.975393 34.749668
v -179.055588 22.001568 34.477489
v -179.053329 21.969805 34.469002
v -178.961960 22.910410 34.957108
v -173.328354 -51.865948 35.586143
v -173.987854 -49.170952 35.399834
v -173.381241 -51.902504 35.569386
v -173.353500 -51.997917 35.570724
v -173.532883 -51.086937 35.564053
v -174.382309 -46.582668 34.962051
v -174.657593 -46.581738 34.842979
v -174.660004 -46.543999 34.832691
v -174.265564 -47.555702 35.179123
v -173.328522 -51.858086 35.907520
v -173.989822 -49.134895 35.724510
v -173.376053 -51.892239 35.938869
v -173.347931 -51.988945 35.940239
v -173.530701 -51.069824 35.879421
v -174.395813 -46.494839 35.271004
v -174.672699 -46.426147 35.368042
v -174.675278 -46.383911 35.356392
v -174.270782 -47.502190 35.490356
v -173.109818 -51.790966 36.133377
v -173.764847 -49.063503 35.950371
v -173.120819 -51.814129 36.194630
v -173.092682 -51.910950 36.196003
v -173.312836 -51.002357 36.097919
v -174.178528 -46.419239 35.495541
v -174.296463 -46.298088 35.745098
v -174.299057 -46.255459 35.733330
v -174.053558 -47.431534 35.708488
v -172.800369 -51.703907 36.131409
v -173.444733 -48.998596 35.945107
v -172.765076 -51.713932 36.186844
v -172.737259 -51.809620 36.188190
v -173.006912 -50.924057 36.091545
v -173.857742 -46.400154 35.504135
v -173.749268 -46.272572 35.753277
v -173.751724 -46.233887 35.742699
v -173.741165 -47.385120 35.705742
v -172.581436 -51.647907 35.902767
v -173.216965 -48.978199 35.711800
v -172.517212 -51.650341 35.920071
v -172.489868 -51.744312 35.921379
v -172.792145 -50.880791 35.864040
v -173.621353 -46.448761 35.291752
v -173.351685 -46.364552 35.387783
v -173.353897 -46.331829 35.379009
v -173.516571 -47.390141 35.483727
v -172.581268 -51.655769 35.581390
v -173.214996 -49.014259 35.387119
v -172.522400 -51.660610 35.550587
v -172.495438 -51.753288 35.551865
v -172.794342 -50.897903 35.548672
v -173.607849 -46.536587 34.982803
v -173.336578 -46.520138 34.862724
v -173.338623 -46.491920 34.855309
v -173.511353 -47.443653 35.172497
v -172.799973 -51.722885 35.355534
v -173.439972 -49.085651 35.161259
v -172.777618 -51.738716 35.294827
v -172.750687 -51.831284 35.296104
v -173.012207 -50.965370 35.330177
v -173.825134 -46.612186 34.758266
v -173.712814 -46.648197 34.485664
v -173.714859 -46.620373 34.478371
v -173.728577 -47.514309 34.954365
v -173.109421 -51.809944 35.357502
v -173.760101 -49.150555 35.166527
v -173.133362 -51.838913 35.302612
v -173.106110 -51.932613 35.303913
v -173.318115 -51.043671 35.336548
v -174.145935 -46.631275 34.749668
v -174.259995 -46.673714 34.477489
v -174.262192 -46.641945 34.469002
v -174.040970 -47.560722 34.957108
v -172.960297 -53.080448 35.586143
v -172.012756 -55.688145 35.399834
v -173.024567 -53.079399 35.569386
v -173.054459 -52.984638 35.570724
v -172.697952 -53.841938 35.564053
v -170.904007 -58.059959 34.962051
v -171.132446 -58.213554 34.842979
v -171.113510 -58.246277 34.832691
v -171.347061 -57.185814 35.179123
v -172.956070 -53.087082 35.907520
v -171.994370 -55.719234 35.724510
v -173.014557 -53.085056 35.938869
v -173.044861 -52.989014 35.940239
v -172.686630 -53.854958 35.879421
v -170.866486 -58.140511 35.271004
v -171.058640 -58.351349 35.368042
v -171.037338 -58.387913 35.356392
v -171.321686 -57.233219 35.490356
v -172.736893 -53.021500 36.133377
v -171.767624 -55.653725 35.950371
v -172.758911 -53.008339 36.194630
v -172.789246 -52.912186 36.196003
v -172.467972 -53.790131 36.097919
v -170.643784 -58.082767 35.495541
v -170.674606 -58.249001 35.745098
v -170.653107 -58.285904 35.733330
v -171.101791 -57.171406 35.708488
v -172.431168 -52.922119 36.131409
v -171.465317 -55.529999 35.945107
v -172.407394 -52.894196 36.186844
v -172.437378 -52.799164 36.188190
v -172.170059 -53.685432 36.091545
v -170.366364 -57.920563 35.504135
v -170.205322 -57.966465 35.753277
v -170.185883 -58.000004 35.742699
v -170.816193 -57.036587 35.705742
v -172.217987 -52.847160 35.902767
v -171.264557 -55.420528 35.711800
v -172.165924 -52.809483 35.920071
v -172.195358 -52.716148 35.921379
v -171.967407 -53.602196 35.864040
v -170.196732 -57.748909 35.291752
v -169.925674 -57.669243 35.387783
v -169.909363 -57.697693 35.379009
v -170.632172 -56.907738 35.483727
v -172.222214 -52.840530 35.581390
v -171.282928 -55.389442 35.387119
v -172.175934 -52.803829 35.550587
v -172.204956 -52.711773 35.551865
v -171.978714 -53.589180 35.548672
v -170.234253 -57.668358 34.982803
v -169.999481 -57.531445 34.862724
v -169.985535 -57.556057 34.855309
v -170.657532 -56.860332 35.172497
v -172.441376 -52.906113 35.355534
v -171.509689 -55.454948 35.161259
v -172.431580 -52.880543 35.294827
v -172.460571 -52.788597 35.296104
v -172.197388 -53.654003 35.330177
v -170.456955 -57.726101 34.758266
v -170.383514 -57.633793 34.485664
v -170.369766 -57.658066 34.478371
v -170.877426 -56.922142 34.954365
v -172.747101 -53.005489 35.357502
v -171.811981 -55.578678 35.166527
v -172.783096 -52.994686 35.302612
v -172.812439 -52.901623 35.303913
v -172.495300 -53.758701 35.336548
v -170.734375 -57.888306 34.749668
v -170.852814 -57.916328 34.477489
v -170.836990 -57.943970 34.469002
v -171.163040 -57.056961 34.957108
vn -0.8553 -0.3288 0.4004
vn -0.8626 -0.3577 -0.3577
vn -0.8534 -0.3768 -0.3602
vn -0.3826 -0.0323 0.9234
vn -0.3622 -0.0900 0.9277
vn 0.3317 0.2291 0.9151
vn 0.3412 0.2019 0.9181
vn 0.8557 0.3586 0.3732
vn 0.8478 0.3775 0.3723
vn 0.8772 0.2775 -0.3918
vn 0.8567 0.3318 -0.3949
vn 0.3771 0.0316 -0.9256
vn 0.3577 0.0900 -0.9295
vn -0.3527 -0.2042 -0.9132
vn -0.3459 -0.2321 -0.9091
vn -0.6561 0.7486 0.0954
vn -0.6557 0.7443 -0.1264
vn -0.6502 0.7516 0.1111
vn -0.5056 0.8208 0.2659
vn -0.4907 0.8277 0.2722
vn -0.2893 0.9196 0.2657
vn -0.2746 0.9262 0.2584
vn -0.1377 0.9856 0.0983
vn -0.1319 0.9879 0.0819
vn -0.1365 0.9815 -0.1344
vn -0.1427 0.9783 -0.1500
vn -0.2830 0.9112 -0.2993
vn -0.2969 0.9048 -0.3054
vn -0.4942 0.8147 -0.3035
vn -0.5079 0.8085 -0.2973
vn -0.6498 0.7468 -0.1416
vn -0.8339 -0.3789 0.4014
vn -0.8447 -0.3957 -0.3603
vn -0.8434 -0.3947 -0.3646
vn -0.3344 -0.1404 0.9319
vn -0.8331 -0.3784 0.4034
vn 0.3577 0.1789 0.9166
vn 0.3613 0.1805 0.9148
vn 0.8429 0.3948 0.3656
vn 0.8444 0.3954 0.3613
vn 0.8339 0.3793 -0.4010
vn 0.8331 0.3789 -0.4030
vn 0.3338 0.1407 -0.9321
vn 0.3352 0.1414 -0.9315
vn -0.3586 -0.1790 -0.9162
vn -0.3623 -0.1807 -0.9144
vn 0.6188 -0.7288 -0.2931
vn 0.6188 -0.7288 -0.2930
vn -0.8514 -0.3458 0.3944
vn -0.8500 -0.3767 -0.3682
vn -0.3600 -0.1090 0.9266
vn 0.3391 0.1963 0.9201
vn 0.8395 0.3925 0.3756
vn 0.8455 0.3634 -0.3913
vn 0.3503 0.1248 -0.9283
vn -0.3533 -0.1823 -0.9176
vn -0.8751 -0.2742 0.3988
vn -0.8714 -0.3317 -0.3615
vn -0.8996 -0.2030 0.3867
vn 0.3142 0.2639 0.9119
vn 0.8617 0.3340 0.3820
vn 0.9024 0.2078 -0.3775
vn 0.4042 -0.0426 -0.9137
vn -0.3341 -0.2668 -0.9040
vn 0.0296 -0.9417 0.3353
vn 0.0470 -0.9738 0.2227
vn 0.0484 -0.9742 0.2205
vn 0.1078 -0.8998 0.4227
vn 0.0302 -0.9408 0.3377
vn 0.2281 -0.8787 0.4193
vn 0.1099 -0.8992 0.4236
vn 0.3066 -0.8903 0.3367
vn 0.2299 -0.8787 0.4184
vn 0.3067 -0.9221 0.2358
vn 0.3072 -0.8907 0.3350
vn 0.2417 -0.9561 0.1658
vn 0.3061 -0.9228 0.2341
vn 0.1402 -0.9779 0.1554
vn 0.2400 -0.9566 0.1650
vn 0.1379 -0.9781 0.1560
vn -0.9287 -0.0986 0.3574
vn -0.8820 -0.2929 -0.3692
vn -0.8746 -0.2956 -0.3844
vn -0.4329 0.1570 0.8877
vn -0.9265 -0.0964 0.3638
vn 0.3047 0.3173 0.8980
vn 0.3194 0.3189 0.8923
vn 0.8721 0.2999 0.3867
vn 0.8806 0.2971 0.3691
vn 0.9269 0.1117 -0.3582
vn 0.9236 0.1084 -0.3678
vn 0.4281 -0.1441 -0.8922
vn 0.4348 -0.1417 -0.8893
vn -0.3065 -0.3122 -0.8992
vn -0.3242 -0.3144 -0.8922
vn 0.4147 -0.9097 0.0192
vn -0.8755 -0.3238 -0.3586
vn -0.4303 0.0747 0.8996
vn -0.4115 0.0421 0.9104
vn 0.2954 0.2741 0.9152
vn 0.8608 0.3138 0.4008
vn 0.9193 0.1632 -0.3582
vn 0.4215 -0.0913 -0.9022
vn -0.3289 -0.2942 -0.8973
vn -0.7949 -0.4559 0.4004
vn -0.8219 -0.4431 -0.3581
vn -0.7650 -0.5056 0.3988
vn -0.2984 -0.2241 0.9277
vn -0.2665 -0.2764 0.9234
vn 0.3871 0.1126 0.9151
vn 0.3720 0.1372 0.9180
vn 0.8182 0.4373 0.3732
vn 0.8279 0.4193 0.3724
vn 0.7689 0.5052 -0.3917
vn 0.7981 0.4551 -0.3949
vn 0.2626 0.2725 -0.9256
vn 0.2956 0.2206 -0.9295
vn -0.3810 -0.1448 -0.9132
vn -0.3986 -0.1220 -0.9090
vn -0.8309 -0.4241 -0.3602
vn 0.1634 -0.9784 -0.1264
vn 0.1666 -0.9814 0.0955
vn 0.1726 -0.9787 0.1112
vn 0.3176 -0.9102 0.2659
vn 0.3323 -0.9030 0.2723
vn 0.5306 -0.8049 0.2657
vn 0.5451 -0.7976 0.2584
vn 0.6775 -0.7289 0.0983
vn 0.6829 -0.7259 0.0819
vn 0.6751 -0.7254 -0.1344
vn 0.6688 -0.7282 -0.1499
vn 0.5281 -0.7947 -0.2992
vn 0.5144 -0.8014 -0.3053
vn 0.3200 -0.8975 -0.3035
vn 0.3065 -0.9042 -0.2973
vn 0.1691 -0.9754 -0.1416
vn -0.8202 -0.4075 0.4014
vn -0.8399 -0.4058 -0.3603
vn -0.8195 -0.4072 0.4034
vn -0.3200 -0.1707 0.9319
vn -0.3213 -0.1713 0.9314
vn 0.3645 0.1646 0.9165
vn 0.3680 0.1664 0.9148
vn 0.8381 0.4049 0.3655
vn 0.8396 0.4057 0.3612
vn 0.8206 0.4073 -0.4010
vn 0.8198 0.4069 -0.4030
vn 0.3198 0.1703 -0.9321
vn 0.3213 0.1706 -0.9315
vn -0.3653 -0.1650 -0.9162
vn -0.3688 -0.1668 -0.9144
vn -0.8386 -0.4047 -0.3646
vn -0.1747 0.9400 -0.2930
vn -0.8056 -0.4421 0.3944
vn -0.3118 -0.2104 0.9266
vn 0.3662 0.1391 0.9201
vn 0.8344 0.4034 0.3756
vn 0.8155 0.4264 -0.3912
vn 0.3179 0.1930 -0.9283
vn -0.3644 -0.1589 -0.9176
vn -0.8287 -0.4215 -0.3682
vn -0.8072 -0.4665 -0.3616
vn -0.7253 -0.5696 0.3867
vn -0.2272 -0.3458 0.9104
vn 0.4030 0.0772 0.9119
vn 0.8030 0.4575 0.3820
vn 0.7307 0.5688 -0.3775
vn 0.2221 0.3404 -0.9136
vn -0.4178 -0.0908 -0.9040
vn -0.7117 0.6173 0.3353
vn -0.7256 0.6510 0.2227
vn -0.7106 0.6172 0.3377
vn -0.6298 0.6516 0.4228
vn -0.6280 0.6528 0.4236
vn -0.5376 0.7316 0.4193
vn -0.5364 0.7330 0.4183
vn -0.4970 0.7998 0.3367
vn -0.4970 0.8005 0.3350
vn -0.5216 0.8200 0.2357
vn -0.5225 0.8198 0.2342
vn -0.5890 0.7909 0.1658
vn -0.5905 0.7900 0.1650
vn -0.6700 0.7259 0.1554
vn -0.6716 0.7243 0.1559
vn -0.7251 0.6524 0.2205
vn -0.6628 -0.6580 0.3573
vn -0.7839 -0.4993 -0.3691
vn -0.6595 -0.6578 0.3637
vn -0.1515 -0.4348 0.8877
vn -0.1556 -0.4373 0.8858
vn 0.4384 0.0362 0.8981
vn 0.4488 0.0466 0.8924
vn 0.7831 0.4870 0.3867
vn 0.7864 0.4953 0.3691
vn 0.6718 0.6483 -0.3582
vn 0.6672 0.6478 -0.3677
vn 0.1584 0.4230 -0.8922
vn 0.1646 0.4269 -0.8892
vn -0.4357 -0.0407 -0.8992
vn -0.4485 -0.0531 -0.8922
vn -0.7813 -0.4918 -0.3843
vn -0.4438 0.8959 0.0192
vn -0.4439 0.8959 0.0192
vn -0.8038 -0.4747 -0.3586
vn -0.7056 -0.5982 0.3799
vn -0.2137 -0.3808 0.8996
vn 0.3991 0.0562 0.9152
vn 0.7867 0.4696 0.4008
vn 0.7068 0.6100 -0.3582
vn 0.1953 0.3846 -0.9022
vn -0.4358 -0.0694 -0.8973
vn -0.7968 -0.4526 0.4004
vn -0.7997 -0.4823 -0.3577
vn -0.7877 -0.4997 -0.3602
vn -0.3448 -0.1430 0.9277
vn -0.8244 -0.4016 0.3988
vn 0.2938 0.2760 0.9151
vn 0.3073 0.2505 0.9180
vn 0.7927 0.4821 0.3732
vn 0.7821 0.4997 0.3724
vn 0.8260 0.4050 -0.3921
vn 0.7977 0.4558 -0.3949
vn 0.3682 0.0875 -0.9256
vn 0.3403 0.1423 -0.9295
vn -0.3183 -0.2544 -0.9132
vn -0.3078 -0.2812 -0.9090
vn -0.7602 0.6426 0.0954
vn -0.7594 0.6382 -0.1265
vn -0.7548 0.6464 0.1112
vn -0.6221 0.7364 0.2659
vn -0.6085 0.7454 0.2723
vn -0.4231 0.8662 0.2658
vn -0.4095 0.8750 0.2584
vn -0.2830 0.9541 0.0983
vn -0.2777 0.9572 0.0819
vn -0.2813 0.9502 -0.1344
vn -0.2869 0.9462 -0.1499
vn -0.4157 0.8589 -0.2992
vn -0.4284 0.8505 -0.3053
vn -0.6101 0.7319 -0.3035
vn -0.6227 0.7237 -0.2974
vn -0.7539 0.6415 -0.1417
vn -0.7681 -0.4989 0.4014
vn -0.7765 -0.5169 -0.3603
vn -0.7751 -0.5160 -0.3646
vn -0.3098 -0.1887 0.9319
vn -0.7674 -0.4984 0.4034
vn 0.3271 0.2301 0.9165
vn 0.3304 0.2322 0.9148
vn 0.7747 0.5159 0.3656
vn 0.7762 0.5167 0.3613
vn 0.7681 0.4992 -0.4010
vn 0.7674 0.4988 -0.4030
vn 0.3092 0.1889 -0.9320
vn 0.3104 0.1897 -0.9315
vn -0.3280 -0.2305 -0.9161
vn -0.3313 -0.2327 -0.9144
vn 0.7205 -0.6284 -0.2931
vn 0.7205 -0.6285 -0.2930
vn 0.7205 -0.6285 -0.2931
vn -0.7903 -0.4688 0.3944
vn -0.7844 -0.4992 -0.3682
vn -0.3398 -0.1615 0.9265
vn 0.3060 0.2446 0.9201
vn 0.7717 0.5133 0.3756
vn 0.7819 0.4854 -0.3912
vn 0.3278 0.1756 -0.9283
vn -0.3222 -0.2329 -0.9176
vn -0.8122 -0.4578 -0.3616
vn -0.3735 -0.0889 0.9234
vn -0.8593 -0.3348 0.3867
vn 0.2714 0.3078 0.9119
vn 0.8023 0.4587 0.3820
vn 0.8614 0.3400 -0.3775
vn 0.4060 0.0181 -0.9137
vn -0.2907 -0.3136 -0.9040
vn 0.1696 -0.9267 0.3354
vn 0.1915 -0.9559 0.2227
vn 0.1930 -0.9561 0.2205
vn 0.2407 -0.8737 0.4227
vn 0.1701 -0.9258 0.3377
vn 0.3565 -0.8349 0.4193
vn 0.2427 -0.8727 0.4236
vn 0.4359 -0.8347 0.3367
vn 0.3583 -0.8346 0.4183
vn 0.4407 -0.8661 0.2357
vn 0.4365 -0.8350 0.3350
vn 0.3815 -0.9094 0.1658
vn 0.4402 -0.8668 0.2342
vn 0.2843 -0.9460 0.1554
vn 0.3799 -0.9102 0.1649
vn 0.2821 -0.9466 0.1559
vn -0.9037 -0.2356 0.3574
vn -0.8285 -0.4212 -0.3691
vn -0.8208 -0.4226 -0.3843
vn -0.4514 0.0907 0.8877
vn -0.9019 -0.2330 0.3637
vn 0.2541 0.3591 0.8980
vn 0.2684 0.3628 0.8924
vn 0.8175 0.4267 0.3867
vn 0.8264 0.4253 0.3691
vn 0.8997 0.2491 -0.3584
vn 0.8969 0.2453 -0.3679
vn 0.4446 -0.0787 -0.8923
vn 0.4510 -0.0753 -0.8893
vn -0.2566 -0.3546 -0.8991
vn -0.2737 -0.3593 -0.8922
vn 0.5457 -0.8378 0.0192
vn 0.5456 -0.8378 0.0192
vn -0.8175 -0.4506 -0.3586
vn -0.4366 0.0097 0.8996
vn -0.4132 -0.0198 0.9104
vn 0.2513 0.3150 0.9152
vn 0.8044 0.4386 0.4007
vn 0.8847 0.2984 -0.3582
vn 0.4305 -0.0274 -0.9022
vn -0.2814 -0.3400 -0.8973
vn -0.7181 -0.5692 0.4004
vn -0.7466 -0.5606 -0.3581
vn -0.6811 -0.6140 0.3988
vn -0.2223 -0.3130 0.9234
vn -0.2617 -0.2661 0.9277
vn 0.3662 0.1693 0.9150
vn 0.3474 0.1911 0.9180
vn 0.7439 0.5544 0.3732
vn 0.7562 0.5380 0.3724
vn 0.6850 0.6142 -0.3918
vn 0.7214 0.5689 -0.3948
vn 0.2190 0.3086 -0.9256
vn 0.2594 0.2622 -0.9295
vn -0.3552 -0.1999 -0.9132
vn -0.3760 -0.1801 -0.9090
vn -0.7584 -0.5432 -0.3602
vn 0.3074 -0.9431 -0.1265
vn 0.3110 -0.9456 0.0955
vn 0.3166 -0.9420 0.1111
vn 0.4496 -0.8527 0.2658
vn 0.4631 -0.8435 0.2722
vn 0.6446 -0.7168 0.2657
vn 0.6579 -0.7074 0.2584
vn 0.7787 -0.6197 0.0982
vn 0.7836 -0.6159 0.0819
vn 0.7757 -0.6165 -0.1345
vn 0.7699 -0.6202 -0.1501
vn 0.6407 -0.7070 -0.2993
vn 0.6281 -0.7157 -0.3055
vn 0.4501 -0.8398 -0.3035
vn 0.4379 -0.8484 -0.2974
vn 0.3125 -0.9393 -0.1417
vn -0.7502 -0.5253 0.4015
vn -0.7701 -0.5264 -0.3603
vn -0.7495 -0.5248 0.4034
vn -0.2910 -0.2165 0.9319
vn -0.2922 -0.2173 0.9313
vn 0.3359 0.2170 0.9166
vn 0.3391 0.2193 0.9148
vn 0.7686 0.5250 0.3656
vn 0.7699 0.5261 0.3613
vn 0.7506 0.5252 -0.4009
vn 0.7498 0.5248 -0.4029
vn 0.2909 0.2160 -0.9321
vn 0.2921 0.2169 -0.9315
vn -0.3365 -0.2177 -0.9162
vn -0.3398 -0.2200 -0.9144
vn -0.7688 -0.5255 -0.3645
vn -0.3128 0.9035 -0.2930
vn -0.3128 0.9035 -0.2931
vn -0.7307 -0.5572 0.3944
vn -0.2770 -0.2545 0.9266
vn 0.3414 0.1921 0.9201
vn 0.7649 0.5233 0.3756
vn 0.7429 0.5432 -0.3912
vn 0.2856 0.2382 -0.9283
vn -0.3366 -0.2115 -0.9176
vn -0.7566 -0.5403 -0.3682
vn -0.7287 -0.5816 -0.3616
vn -0.6323 -0.6713 0.3868
vn -0.1731 -0.3757 0.9104
vn 0.3870 0.1364 0.9119
vn 0.7258 0.5720 0.3820
vn 0.6378 0.6713 -0.3775
vn 0.1689 0.3697 -0.9137
vn -0.3996 -0.1521 -0.9040
vn -0.7958 0.5043 0.3353
vn -0.8146 0.5356 0.2226
vn -0.7947 0.5044 0.3377
vn -0.7199 0.5504 0.4227
vn -0.7183 0.5519 0.4236
vn -0.6406 0.6433 0.4193
vn -0.6397 0.6448 0.4185
vn -0.6106 0.7168 0.3367
vn -0.6107 0.7175 0.3350
vn -0.6380 0.7330 0.2358
vn -0.6389 0.7328 0.2342
vn -0.7003 0.6943 0.1658
vn -0.7017 0.6931 0.1650
vn -0.7707 0.6180 0.1554
vn -0.7721 0.6161 0.1559
vn -0.8142 0.5371 0.2205
vn -0.5569 -0.7498 0.3572
vn -0.7009 -0.6103 -0.3692
vn -0.5542 -0.7487 0.3637
vn -0.0851 -0.4525 0.8877
vn -0.0886 -0.4555 0.8858
vn 0.4282 0.1011 0.8980
vn 0.4370 0.1129 0.8923
vn 0.7017 0.5984 0.3867
vn 0.7036 0.6072 0.3692
vn 0.5677 0.7413 -0.3582
vn 0.5631 0.7401 -0.3677
vn 0.0937 0.4419 -0.8922
vn 0.0992 0.4465 -0.8892
vn -0.4248 -0.1050 -0.8992
vn -0.4356 -0.1192 -0.8922
vn -0.6996 -0.6024 -0.3843
vn -0.5724 0.8197 0.0192
vn -0.7240 -0.5892 -0.3585
vn -0.6085 -0.6967 0.3799
vn -0.1545 -0.4084 0.8996
vn 0.3862 0.1150 0.9152
vn 0.7079 0.5816 0.4008
vn 0.6080 0.7085 -0.3582
vn 0.1358 0.4094 -0.9022
vn -0.4206 -0.1336 -0.8973
vn -0.7204 -0.5663 0.4004
vn -0.7189 -0.5961 -0.3577
vn -0.7045 -0.6116 -0.3602
vn -0.3196 -0.1928 0.9277
vn -0.7554 -0.5200 0.3988
vn 0.2494 0.3167 0.9151
vn 0.2665 0.2935 0.9180
vn 0.7123 0.5949 0.3726
vn 0.6989 0.6106 0.3724
vn 0.7565 0.5237 -0.3917
vn 0.7209 0.5696 -0.3948
vn 0.3153 0.1914 -0.9295
vn -0.2769 -0.2991 -0.9132
vn 0.3510 0.1414 -0.9256
vn -0.2624 -0.3239 -0.9090
vn -0.8475 0.5221 0.0955
vn -0.8459 0.5181 -0.1264
vn -0.8427 0.5267 0.1112
vn -0.7250 0.6354 0.2659
vn -0.7128 0.6464 0.2722
vn -0.5475 0.7935 0.2657
vn -0.5352 0.8042 0.2584
vn -0.4220 0.9013 0.0982
vn -0.4172 0.9051 0.0818
vn -0.4198 0.8976 -0.1345
vn -0.4247 0.8928 -0.1500
vn -0.5391 0.7873 -0.2992
vn -0.5504 0.7771 -0.3053
vn -0.7123 0.6330 -0.3033
vn -0.7236 0.6230 -0.2972
vn -0.8410 0.5221 -0.1416
vn -0.6851 -0.6079 0.4015
vn -0.6909 -0.6268 -0.3604
vn -0.6896 -0.6257 -0.3646
vn -0.2782 -0.2328 0.9319
vn -0.6844 -0.6073 0.4034
vn 0.2891 0.2764 0.9165
vn 0.2921 0.2789 0.9148
vn 0.6890 0.6257 0.3656
vn 0.6904 0.6268 0.3613
vn 0.6851 0.6082 -0.4010
vn 0.6845 0.6075 -0.4030
vn 0.2776 0.2328 -0.9321
vn 0.2787 0.2338 -0.9315
vn -0.2898 -0.2769 -0.9161
vn -0.2929 -0.2796 -0.9144
vn 0.8062 -0.5140 -0.2931
vn 0.8061 -0.5140 -0.2931
vn 0.8062 -0.5140 -0.2930
vn -0.7117 -0.5814 0.3944
vn -0.7012 -0.6105 -0.3682
vn -0.3119 -0.2103 0.9266
vn 0.2662 0.2875 0.9201
vn 0.6866 0.6225 0.3756
vn 0.7008 0.5965 -0.3912
vn 0.2980 0.2225 -0.9283
vn -0.2838 -0.2783 -0.9176
vn -0.7349 -0.5738 -0.3616
vn -0.3561 -0.1436 0.9234
vn -0.7998 -0.4591 0.3867
vn 0.2226 0.3448 0.9119
vn 0.7249 0.5732 0.3820
vn 0.8011 0.4645 -0.3775
vn 0.3988 0.0784 -0.9137
vn -0.2407 -0.3534 -0.9040
vn 0.3058 -0.8911 0.3353
vn 0.3318 -0.9167 0.2227
vn 0.3333 -0.9167 0.2205
vn 0.3683 -0.8280 0.4228
vn 0.3062 -0.8901 0.3377
vn 0.4770 -0.7725 0.4193
vn 0.3701 -0.8268 0.4237
vn 0.5554 -0.7604 0.3367
vn 0.4787 -0.7719 0.4184
vn 0.5648 -0.7908 0.2359
vn 0.5561 -0.7606 0.3350
vn 0.5128 -0.8424 0.1658
vn 0.5645 -0.7915 0.2341
vn 0.4222 -0.8931 0.1554
vn 0.5113 -0.8434 0.1649
vn 0.4200 -0.8940 0.1559
vn -0.8583 -0.3680 0.3576
vn -0.7565 -0.5398 -0.3692
vn -0.7486 -0.5403 -0.3843
vn -0.4597 0.0223 0.8878
vn -0.8572 -0.3648 0.3636
vn 0.1977 0.3930 0.8981
vn 0.2113 0.3987 0.8924
vn 0.7450 0.5435 0.3868
vn 0.7541 0.5431 0.3693
vn 0.8528 0.3800 -0.3582
vn 0.8506 0.3758 -0.3677
vn 0.4515 -0.0113 -0.8922
vn 0.4573 -0.0071 -0.8893
vn -0.2009 -0.3888 -0.8992
vn -0.2171 -0.3959 -0.8922
vn 0.6645 -0.7471 0.0192
vn 0.6644 -0.7471 0.0192
vn -0.7412 -0.5674 -0.3586
vn -0.4332 -0.0555 0.8996
vn -0.4057 -0.0811 0.9104
vn 0.2015 0.3490 0.9152
vn 0.7301 0.5536 0.4007
vn 0.8303 0.4269 -0.3582
vn 0.4298 0.0370 -0.9022
vn -0.2276 -0.3781 -0.8973
vn -0.6253 -0.6699 0.4004
vn -0.6548 -0.6658 -0.3577
vn -0.5820 -0.7086 0.3988
vn -0.2191 -0.3022 0.9277
vn -0.1732 -0.3426 0.9234
vn 0.3367 0.2217 0.9151
vn 0.3150 0.2407 0.9180
vn 0.6530 0.6591 0.3732
vn 0.6676 0.6447 0.3724
vn 0.5857 0.7094 -0.3921
vn 0.6285 0.6701 -0.3949
vn 0.1706 0.3378 -0.9256
vn 0.2174 0.2979 -0.9295
vn -0.3214 -0.2506 -0.9132
vn -0.3450 -0.2341 -0.9090
vn -0.6690 -0.6502 -0.3602
vn 0.4446 -0.8868 -0.1264
vn 0.4484 -0.8887 0.0955
vn 0.4534 -0.8843 0.1112
vn 0.5717 -0.7762 0.2659
vn 0.5836 -0.7650 0.2722
vn 0.7444 -0.6126 0.2656
vn 0.7560 -0.6014 0.2583
vn 0.8624 -0.4967 0.0982
vn 0.8666 -0.4922 0.0818
vn 0.8589 -0.4941 -0.1345
vn 0.8537 -0.4986 -0.1500
vn 0.7389 -0.6037 -0.2992
vn 0.7277 -0.6141 -0.3054
vn 0.5703 -0.7633 -0.3035
vn 0.5594 -0.7737 -0.2973
vn 0.4490 -0.8822 -0.1416
vn -0.6636 -0.6313 0.4015
vn -0.6832 -0.6352 -0.3603
vn -0.6629 -0.6307 0.4034
vn -0.2555 -0.2574 0.9319
vn -0.2565 -0.2584 0.9313
vn 0.2998 0.2647 0.9166
vn 0.3026 0.2674 0.9148
vn 0.6816 0.6338 0.3656
vn 0.6828 0.6350 0.3613
vn 0.6641 0.6310 -0.4009
vn 0.6635 0.6304 -0.4029
vn 0.2554 0.2569 -0.9321
vn 0.2565 0.2579 -0.9315
vn -0.3004 -0.2654 -0.9162
vn -0.3033 -0.2681 -0.9144
vn -0.6820 -0.6340 -0.3646
vn -0.4440 0.8468 -0.2931
vn -0.4440 0.8468 -0.2930
vn -0.6395 -0.6599 0.3944
vn -0.2359 -0.2930 0.9266
vn 0.3089 0.2409 0.9201
vn 0.6784 0.6314 0.3756
vn 0.6536 0.6479 -0.3912
vn 0.2469 0.2781 -0.9283
vn -0.3014 -0.2593 -0.9176
vn -0.6677 -0.6470 -0.3682
vn -0.6339 -0.6837 -0.3616
vn -0.5252 -0.7581 0.3867
vn -0.1152 -0.3973 0.9104
vn 0.3623 0.1925 0.9119
vn 0.6325 0.6738 0.3820
vn 0.5306 0.7589 -0.3776
vn 0.1119 0.3907 -0.9137
vn -0.3725 -0.2098 -0.9040
vn -0.8621 0.3800 0.3353
vn -0.8853 0.4082 0.2227
vn -0.8610 0.3803 0.3377
vn -0.7939 0.4370 0.4227
vn -0.7926 0.4387 0.4235
vn -0.7293 0.5406 0.4193
vn -0.7286 0.5423 0.4184
vn -0.7106 0.6178 0.3367
vn -0.7108 0.6185 0.3350
vn -0.7401 0.6298 0.2357
vn -0.7410 0.6294 0.2342
vn -0.7960 0.5822 0.1658
vn -0.7971 0.5808 0.1649
vn -0.8542 0.4962 0.1554
vn -0.8553 0.4941 0.1560
vn -0.8852 0.4097 0.2205
vn -0.4393 -0.8242 0.3574
vn -0.6023 -0.7078 -0.3691
vn -0.4366 -0.8228 0.3638
vn -0.0165 -0.4601 0.8877
vn -0.0198 -0.4636 0.8858
vn 0.4084 0.1636 0.8980
vn 0.4154 0.1766 0.8923
vn 0.6049 0.6961 0.3867
vn 0.6055 0.7050 0.3692
vn 0.4510 0.8174 -0.3584
vn 0.4467 0.8155 -0.3679
vn 0.0269 0.4508 -0.8922
vn 0.0315 0.4561 -0.8893
vn -0.4044 -0.1671 -0.8992
vn -0.4129 -0.1828 -0.8922
vn -0.6018 -0.7001 -0.3844
vn -0.6882 0.7253 0.0192
vn -0.6281 -0.6905 -0.3586
vn -0.4979 -0.7796 0.3798
vn -0.0919 -0.4269 0.8996
vn 0.3648 0.1713 0.9152
vn 0.6133 0.6806 0.4007
vn 0.4956 0.7912 -0.3582
vn 0.0733 0.4251 -0.9022
vn -0.3960 -0.1947 -0.8974
vn -0.6280 -0.6674 0.4004
vn -0.6220 -0.6966 -0.3577
vn -0.6055 -0.7097 -0.3602
vn -0.2873 -0.2382 0.9277
vn -0.6694 -0.6267 0.3988
vn 0.1994 0.3503 0.9151
vn 0.2198 0.3300 0.9180
vn 0.6154 0.6943 0.3732
vn 0.6001 0.7080 0.3724
vn 0.6700 0.6306 -0.3917
vn 0.6279 0.6707 -0.3949
vn 0.3260 0.1921 -0.9256
vn 0.2832 0.2363 -0.9295
vn -0.2293 -0.3370 -0.9132
vn -0.2112 -0.3594 -0.9090
vn -0.9159 0.3899 0.0954
vn -0.9137 0.3861 -0.1265
vn -0.9119 0.3951 0.1111
vn -0.8116 0.5202 0.2658
vn -0.8013 0.5329 0.2721
vn -0.6597 0.7030 0.2657
vn -0.6492 0.7154 0.2583
vn -0.5516 0.8283 0.0983
vn -0.5474 0.8329 0.0819
vn -0.5488 0.8251 -0.1345
vn -0.5529 0.8196 -0.1500
vn -0.6504 0.6982 -0.2992
vn -0.6600 0.6864 -0.3054
vn -0.7987 0.5196 -0.3035
vn -0.8084 0.5081 -0.2973
vn -0.9095 0.3909 -0.1416
vn -0.5869 -0.7032 0.4014
vn -0.5897 -0.7228 -0.3603
vn -0.5887 -0.7215 -0.3645
vn -0.2404 -0.2716 0.9319
vn -0.5863 -0.7025 0.4033
vn 0.2447 0.3163 0.9166
vn 0.2472 0.3194 0.9148
vn 0.5882 0.7214 0.3656
vn 0.5893 0.7226 0.3613
vn 0.5867 0.7036 -0.4009
vn 0.5862 0.7029 -0.4029
vn 0.2398 0.2715 -0.9321
vn 0.2407 0.2727 -0.9315
vn -0.2454 -0.3169 -0.9162
vn -0.2480 -0.3200 -0.9144
vn 0.8738 -0.3882 -0.2930
vn 0.8738 -0.3882 -0.2931
vn -0.6171 -0.6810 0.3944
vn -0.6024 -0.7082 -0.3682
vn -0.2771 -0.2544 0.9266
vn 0.2203 0.3239 0.9201
vn 0.5861 0.7179 0.3756
vn 0.6041 0.6942 -0.3912
vn 0.2615 0.2644 -0.9283
vn -0.2392 -0.3175 -0.9176
vn -0.6411 -0.6769 -0.3616
vn -0.3307 -0.1951 0.9234
vn -0.7224 -0.5732 0.3867
vn 0.1686 0.3741 0.9119
vn 0.6314 0.6748 0.3820
vn 0.7229 0.5787 -0.3775
vn 0.3827 0.1370 -0.9137
vn -0.1853 -0.3853 -0.9040
vn 0.4352 -0.8356 0.3353
vn 0.4647 -0.8570 0.2226
vn 0.4663 -0.8567 0.2205
vn 0.4876 -0.7639 0.4228
vn 0.4354 -0.8345 0.3377
vn 0.5867 -0.6928 0.4193
vn 0.4892 -0.7624 0.4236
vn 0.6626 -0.6691 0.3367
vn 0.5884 -0.6920 0.4184
vn 0.6764 -0.6978 0.2358
vn 0.6632 -0.6693 0.3350
vn 0.6326 -0.7565 0.1658
vn 0.6761 -0.6986 0.2342
vn 0.5506 -0.8202 0.1554
vn 0.6313 -0.7578 0.1649
vn 0.5486 -0.8214 0.1558
vn -0.7939 -0.4919 0.3574
vn -0.6674 -0.6468 -0.3691
vn -0.6596 -0.6459 -0.3843
vn -0.4579 -0.0465 0.8878
vn -0.7929 -0.4888 0.3638
vn 0.1369 0.4182 0.8980
vn 0.1495 0.4259 0.8923
vn 0.6556 0.6487 0.3866
vn 0.6645 0.6498 0.3691
vn 0.7865 0.5030 -0.3584
vn 0.7849 0.4986 -0.3679
vn 0.4481 0.0559 -0.8922
vn 0.4531 0.0610 -0.8894
vn -0.1406 -0.4144 -0.8992
vn -0.1556 -0.4241 -0.8921
vn 0.7684 -0.6397 0.0192
vn -0.6484 -0.6716 -0.3585
vn -0.4201 -0.1194 0.8996
vn -0.3890 -0.1407 0.9104
vn 0.1473 0.3751 0.9152
vn 0.6394 0.6562 0.4007
vn 0.7574 0.5459 -0.3582
vn 0.4194 0.1007 -0.9022
vn -0.1687 -0.4078 -0.8973
vn -0.5184 -0.7556 0.4003
vn -0.5482 -0.7560 -0.3577
vn -0.4699 -0.7875 0.3988
vn -0.1716 -0.3314 0.9277
vn -0.1202 -0.3646 0.9234
vn 0.3000 0.2698 0.9150
vn 0.2756 0.2850 0.9181
vn 0.5474 0.7490 0.3732
vn 0.5640 0.7370 0.3724
vn 0.4734 0.7888 -0.3921
vn 0.5217 0.7563 -0.3949
vn 0.1183 0.3594 -0.9256
vn 0.1706 0.3270 -0.9295
vn -0.2805 -0.2957 -0.9132
vn -0.3061 -0.2826 -0.9091
vn -0.5646 -0.7426 -0.3602
vn 0.5717 -0.8106 -0.1265
vn 0.5759 -0.8119 0.0955
vn 0.5802 -0.8069 0.1112
vn 0.6810 -0.6823 0.2659
vn 0.6912 -0.6694 0.2723
vn 0.8273 -0.4949 0.2658
vn 0.8372 -0.4820 0.2584
vn 0.9267 -0.3627 0.0982
vn 0.9303 -0.3577 0.0818
vn 0.9229 -0.3607 -0.1345
vn 0.9185 -0.3659 -0.1500
vn 0.8206 -0.4868 -0.2993
vn 0.8111 -0.4988 -0.3055
vn 0.6776 -0.6698 -0.3036
vn 0.6684 -0.6817 -0.2974
vn 0.5755 -0.8054 -0.1417
vn -0.5621 -0.7231 0.4014
vn -0.5808 -0.7299 -0.3603
vn -0.5616 -0.7224 0.4033
vn -0.2142 -0.2927 0.9319
vn -0.2151 -0.2938 0.9314
vn 0.2570 0.3064 0.9165
vn 0.2594 0.3095 0.9148
vn 0.5796 0.7282 0.3657
vn 0.5806 0.7296 0.3613
vn 0.5626 0.7230 -0.4010
vn 0.5620 0.7223 -0.4030
vn 0.2143 0.2921 -0.9321
vn 0.2152 0.2933 -0.9315
vn -0.2574 -0.3072 -0.9162
vn -0.2599 -0.3104 -0.9144
vn -0.5798 -0.7286 -0.3646
vn -0.5652 0.7711 -0.2931
vn -0.5652 0.7711 -0.2930
vn -0.5340 -0.7478 0.3944
vn -0.1897 -0.3249 0.9266
vn 0.2696 0.2842 0.9201
vn 0.5767 0.7255 0.3756
vn 0.5498 0.7380 -0.3912
vn 0.2027 0.3118 -0.9283
vn -0.2594 -0.3013 -0.9176
vn -0.5638 -0.7393 -0.3682
vn -0.5249 -0.7706 -0.3615
vn -0.4063 -0.8279 0.3867
vn -0.0547 -0.4101 0.9104
vn 0.3296 0.2444 0.9119
vn 0.5250 0.7606 0.3820
vn 0.4116 0.8295 -0.3775
vn 0.0524 0.4031 -0.9137
vn -0.3371 -0.2631 -0.9040
vn -0.9091 0.2474 0.3352
vn -0.9363 0.2717 0.2226
vn -0.9081 0.2478 0.3377
vn -0.8502 0.3138 0.4228
vn -0.8491 0.3157 0.4236
vn -0.8018 0.4259 0.4193
vn -0.8013 0.4276 0.4184
vn -0.7948 0.5050 0.3367
vn -0.7951 0.5056 0.3350
vn -0.8257 0.5124 0.2357
vn -0.8265 0.5119 0.2342
vn -0.8739 0.4571 0.1657
vn -0.8748 0.4555 0.1648
vn -0.9186 0.3634 0.1554
vn -0.9194 0.3612 0.1559
vn -0.9363 0.2733 0.2205
vn -0.3116 -0.8804 0.3574
vn -0.4898 -0.7899 -0.3691
vn -0.3088 -0.8788 0.3638
vn 0.0522 -0.4574 0.8877
vn 0.0496 -0.4614 0.8858
vn 0.3793 0.2230 0.8980
vn 0.3841 0.2368 0.8924
vn 0.4941 0.7787 0.3866
vn 0.4933 0.7876 0.3691
vn 0.3242 0.8754 -0.3585
vn 0.3203 0.8729 -0.3680
vn -0.0406 0.4496 -0.8923
vn -0.0367 0.4557 -0.8894
vn -0.3749 -0.2258 -0.8992
vn -0.3810 -0.2424 -0.8922
vn -0.4906 -0.7821 -0.3843
vn -0.7886 0.6146 0.0192
vn -0.5182 -0.7765 -0.3586
vn -0.3762 -0.8451 0.3799
vn -0.0273 -0.4359 0.8996
vn 0.3352 0.2237 0.9152
vn 0.5051 0.7644 0.4008
vn 0.3722 0.8562 -0.3582
vn 0.0091 0.4312 -0.9022
vn -0.3626 -0.2516 -0.8973
vn -0.5215 -0.7535 0.4004
vn -0.5110 -0.7814 -0.3581
vn -0.4929 -0.7920 -0.3602
vn -0.2979 -0.2422 0.9234
vn -0.2486 -0.2784 0.9277
vn 0.1450 0.3762 0.9151
vn 0.1682 0.3590 0.9180
vn 0.5050 0.7783 0.3732
vn 0.4879 0.7895 0.3724
vn 0.5685 0.7234 -0.3918
vn 0.5210 0.7567 -0.3949
vn 0.2937 0.2385 -0.9256
vn 0.2448 0.2758 -0.9295
vn -0.1764 -0.3674 -0.9132
vn -0.1551 -0.3867 -0.9091
vn -0.9638 0.2491 0.0954
vn -0.9611 0.2457 -0.1264
vn -0.9606 0.2548 0.1111
vn -0.8801 0.3934 0.2657
vn -0.8717 0.4075 0.2721
vn -0.7571 0.5969 0.2657
vn -0.7485 0.6107 0.2584
vn -0.6689 0.7368 0.0983
vn -0.6654 0.7419 0.0819
vn -0.6657 0.7340 -0.1345
vn -0.6690 0.7279 -0.1500
vn -0.7472 0.5934 -0.2992
vn -0.7550 0.5803 -0.3053
vn -0.8672 0.3948 -0.3034
vn -0.8751 0.3820 -0.2972
vn -0.9576 0.2510 -0.1416
vn -0.4755 -0.7827 0.4015
vn -0.4753 -0.8027 -0.3603
vn -0.4744 -0.8013 -0.3646
vn -0.1972 -0.3044 0.9319
vn -0.4751 -0.7820 0.4034
vn 0.1949 0.3493 0.9165
vn 0.1969 0.3526 0.9148
vn 0.4741 0.8010 0.3656
vn 0.4750 0.8024 0.3613
vn 0.4754 0.7831 -0.4010
vn 0.4750 0.7823 -0.4030
vn 0.1967 0.3042 -0.9321
vn 0.1974 0.3055 -0.9315
vn -0.1955 -0.3500 -0.9161
vn -0.1976 -0.3534 -0.9144
vn 0.9218 -0.2536 -0.2930
vn 0.9219 -0.2536 -0.2931
vn -0.5087 -0.7653 0.3944
vn -0.4901 -0.7901 -0.3682
vn -0.2360 -0.2929 0.9265
vn 0.1696 0.3532 0.9201
vn 0.4726 0.7972 0.3756
vn 0.4939 0.7765 -0.3912
vn 0.2192 0.3004 -0.9283
vn -0.1892 -0.3496 -0.9176
vn -0.5685 -0.7195 0.3988
vn -0.5331 -0.7649 -0.3616
vn -0.6289 -0.6745 0.3868
vn 0.1111 0.3951 0.9119
vn 0.5238 0.7614 0.3820
vn 0.6286 0.6800 -0.3775
vn 0.3580 0.1925 -0.9137
vn -0.1258 -0.4086 -0.9040
vn 0.5548 -0.7614 0.3353
vn 0.5873 -0.7781 0.2226
vn 0.5888 -0.7777 0.2205
vn 0.5960 -0.6827 0.4228
vn 0.5549 -0.7603 0.3377
vn 0.6834 -0.5976 0.4193
vn 0.5973 -0.6810 0.4236
vn 0.7548 -0.5629 0.3367
vn 0.6849 -0.5965 0.4184
vn 0.7729 -0.5891 0.2357
vn 0.7556 -0.5629 0.3350
vn 0.7383 -0.6538 0.1658
vn 0.7726 -0.5901 0.2342
vn 0.6666 -0.7290 0.1553
vn 0.7372 -0.6553 0.1649
vn 0.6649 -0.7305 0.1559
vn -0.7118 -0.6047 0.3574
vn -0.5635 -0.7391 -0.3690
vn -0.5561 -0.7369 -0.3843
vn -0.4462 -0.1140 0.8877
vn -0.7112 -0.6015 0.3638
vn 0.0732 0.4339 0.8980
vn 0.0843 0.4433 0.8924
vn 0.5517 0.7390 0.3867
vn 0.5603 0.7415 0.3692
vn 0.7027 0.6147 -0.3583
vn 0.7018 0.6101 -0.3678
vn 0.4347 0.1221 -0.8923
vn 0.4390 0.1279 -0.8893
vn -0.0773 -0.4308 -0.8991
vn -0.0908 -0.4425 -0.8921
vn 0.8551 -0.5181 0.0193
vn 0.8551 -0.5181 0.0192
vn -0.5411 -0.7607 -0.3586
vn -0.3976 -0.1807 0.8996
vn -0.3637 -0.1971 0.9104
vn 0.0897 0.3929 0.9152
vn 0.5345 0.7441 0.4008
vn 0.6676 0.6527 -0.3583
vn 0.3997 0.1620 -0.9022
vn -0.1060 -0.4284 -0.8974
vn -0.4000 -0.8244 0.4004
vn -0.4294 -0.8293 -0.3577
vn -0.3473 -0.8487 0.3988
vn -0.1203 -0.3533 0.9277
vn -0.0645 -0.3785 0.9234
vn 0.2565 0.3114 0.9150
vn 0.2300 0.3229 0.9181
vn 0.4297 0.8222 0.3732
vn 0.4479 0.8129 0.3724
vn 0.3507 0.8506 -0.3917
vn 0.4031 0.8256 -0.3949
vn 0.1199 0.3488 -0.9295
vn 0.0634 0.3731 -0.9256
vn -0.2333 -0.3342 -0.9132
vn -0.2606 -0.3254 -0.9090
vn -0.4476 -0.8185 -0.3602
vn 0.6862 -0.7163 -0.1264
vn 0.6905 -0.7170 0.0955
vn 0.6940 -0.7114 0.1112
vn 0.7751 -0.5732 0.2658
vn 0.7832 -0.5590 0.2722
vn 0.8919 -0.3660 0.2657
vn 0.8997 -0.3519 0.2584
vn 0.9704 -0.2206 0.0983
vn 0.9732 -0.2151 0.0819
vn 0.9664 -0.2192 -0.1344
vn 0.9628 -0.2250 -0.1499
vn 0.8840 -0.3591 -0.2992
vn 0.8764 -0.3724 -0.3053
vn 0.7700 -0.5613 -0.3035
vn 0.7627 -0.5744 -0.2973
vn 0.6891 -0.7106 -0.1416
vn -0.4481 -0.7988 0.4015
vn -0.4655 -0.8084 -0.3603
vn -0.4476 -0.7981 0.4034
vn -0.1682 -0.3213 0.9319
vn -0.1689 -0.3226 0.9314
vn 0.2085 0.3413 0.9165
vn 0.2104 0.3447 0.9148
vn 0.4645 0.8066 0.3656
vn 0.4653 0.8081 0.3613
vn 0.4485 0.7988 -0.4009
vn 0.4481 0.7981 -0.4029
vn 0.1684 0.3208 -0.9321
vn 0.1691 0.3221 -0.9315
vn -0.2088 -0.3422 -0.9161
vn -0.2107 -0.3457 -0.9144
vn -0.4647 -0.8069 -0.3646
vn -0.6738 0.6783 -0.2931
vn -0.6738 0.6783 -0.2930
vn -0.4166 -0.8191 0.3944
vn -0.1391 -0.3495 0.9266
vn 0.2242 0.3212 0.9201
vn 0.4622 0.8033 0.3756
vn 0.4336 0.8117 -0.3912
vn 0.1540 0.3385 -0.9283
vn -0.2116 -0.3366 -0.9176
vn -0.4473 -0.8151 -0.3682
vn -0.4042 -0.8402 -0.3616
vn -0.2784 -0.8791 0.3868
vn 0.0071 -0.4136 0.9104
vn 0.2895 0.2908 0.9119
vn 0.4058 0.8303 0.3820
vn 0.2834 0.8816 -0.3775
vn -0.0082 0.4064 -0.9137
vn -0.2941 -0.3103 -0.9040
vn -0.9358 0.1091 0.3353
vn -0.9663 0.1291 0.2226
vn -0.9348 0.1097 0.3377
vn -0.8874 0.1836 0.4228
vn -0.8866 0.1856 0.4236
vn -0.8563 0.3016 0.4193
vn -0.8561 0.3034 0.4184
vn -0.8612 0.3808 0.3367
vn -0.8615 0.3815 0.3350
vn -0.8929 0.3836 0.2358
vn -0.8936 0.3830 0.2342
vn -0.9322 0.3217 0.1658
vn -0.9330 0.3200 0.1648
vn -0.9625 0.2224 0.1554
vn -0.9629 0.2201 0.1559
vn -0.9666 0.1306 0.2205
vn -0.1765 -0.9172 0.3573
vn -0.3665 -0.8540 -0.3692
vn -0.1746 -0.9149 0.3639
vn 0.1198 -0.4446 0.8877
vn 0.1179 -0.4489 0.8858
vn 0.3419 0.2769 0.8980
vn 0.3446 0.2913 0.8924
vn 0.3726 0.8436 0.3867
vn 0.3706 0.8523 0.3692
vn 0.1900 0.9141 -0.3583
vn 0.1864 0.9110 -0.3678
vn -0.1073 0.4386 -0.8922
vn -0.1043 0.4452 -0.8893
vn -0.3371 -0.2790 -0.8992
vn -0.3408 -0.2965 -0.8922
vn -0.3686 -0.8464 -0.3843
vn -0.8714 0.4902 0.0192
vn -0.8713 0.4903 0.0192
vn -0.3967 -0.8450 -0.3586
vn -0.2460 -0.8917 0.3799
vn 0.0380 -0.4350 0.8996
vn 0.2981 0.2712 0.9152
vn 0.3855 0.8311 0.4008
vn 0.2404 0.9021 -0.3583
vn -0.0553 0.4278 -0.9022
vn -0.3210 -0.3029 -0.8973
vn -0.4034 -0.8228 0.4004
vn -0.3891 -0.8489 -0.3577
vn -0.3694 -0.8566 -0.3602
vn -0.2043 -0.3123 0.9277
vn -0.4550 -0.7962 0.3988
vn 0.0875 0.3938 0.9150
vn 0.1128 0.3801 0.9180
vn 0.3836 0.8449 0.3728
vn 0.3648 0.8534 0.3724
vn 0.4543 0.8001 -0.3917
vn 0.4023 0.8259 -0.3949
vn 0.2549 0.2797 -0.9256
vn 0.2010 0.3092 -0.9295
vn -0.1198 -0.3896 -0.9132
vn -0.0959 -0.4057 -0.9090
vn -0.9901 0.1027 0.0954
vn -0.9869 0.0998 -0.1264
vn -0.9878 0.1089 0.1112
vn -0.9289 0.2579 0.2658
vn -0.9227 0.2730 0.2722
vn -0.8376 0.4774 0.2657
vn -0.8312 0.4922 0.2584
vn -0.7712 0.6289 0.0983
vn -0.7686 0.6345 0.0819
vn -0.7676 0.6267 -0.1345
vn -0.7699 0.6202 -0.1500
vn -0.8272 0.4756 -0.2993
vn -0.8329 0.4614 -0.3054
vn -0.9163 0.2611 -0.3035
vn -0.9222 0.2473 -0.2973
vn -0.9843 0.1056 -0.1416
vn -0.3535 -0.8449 0.4015
vn -0.3504 -0.8645 -0.3603
vn -0.3498 -0.8630 -0.3645
vn -0.1497 -0.3304 0.9319
vn -0.3532 -0.8441 0.4034
vn 0.1406 0.3744 0.9165
vn 0.1421 0.3780 0.9148
vn 0.3496 0.8626 0.3657
vn 0.3503 0.8641 0.3614
vn 0.3534 0.8452 -0.4010
vn 0.3531 0.8444 -0.4030
vn 0.1491 0.3302 -0.9321
vn 0.1497 0.3316 -0.9315
vn -0.1411 -0.3752 -0.9162
vn -0.1427 -0.3789 -0.9144
vn 0.9494 -0.1134 -0.2930
vn 0.9493 -0.1134 -0.2931
vn -0.3889 -0.8326 0.3944
vn -0.3669 -0.8543 -0.3683
vn -0.1897 -0.3248 0.9266
vn 0.1151 0.3745 0.9201
vn 0.3485 0.8588 0.3756
vn 0.3726 0.8415 -0.3913
vn 0.1719 0.3297 -0.9283
vn -0.1350 -0.3739 -0.9176
vn -0.4132 -0.8358 -0.3615
vn -0.2585 -0.2839 0.9234
vn -0.5214 -0.7606 0.3868
vn 0.0509 0.4072 0.9119
vn 0.4045 0.8309 0.3820
vn 0.5202 0.7661 -0.3775
vn 0.3253 0.2437 -0.9137
vn -0.0635 -0.4228 -0.9040
vn 0.6621 -0.6702 0.3353
vn 0.6967 -0.6819 0.2227
vn 0.6981 -0.6812 0.2205
vn 0.6911 -0.5863 0.4227
vn 0.6620 -0.6691 0.3377
vn 0.7649 -0.4890 0.4193
vn 0.6922 -0.5844 0.4236
vn 0.8303 -0.4441 0.3367
vn 0.7661 -0.4878 0.4184
vn 0.8520 -0.4674 0.2358
vn 0.8310 -0.4440 0.3350
vn 0.8275 -0.5365 0.1658
vn 0.8520 -0.4683 0.2342
vn 0.7678 -0.6215 0.1554
vn 0.8266 -0.5381 0.1649
vn 0.7663 -0.6232 0.1559
vn -0.6140 -0.7038 0.3573
vn -0.4472 -0.8147 -0.3691
vn -0.4402 -0.8115 -0.3843
vn -0.4241 -0.1794 0.8877
vn -0.6139 -0.7006 0.3638
vn 0.0079 0.4396 0.8981
vn 0.0173 0.4510 0.8923
vn 0.4353 0.8130 0.3867
vn 0.4435 0.8167 0.3692
vn 0.6034 0.7125 -0.3583
vn 0.6030 0.7079 -0.3678
vn 0.4116 0.1857 -0.8923
vn 0.4150 0.1920 -0.8893
vn -0.0123 -0.4374 -0.8992
vn -0.0240 -0.4510 -0.8922
vn 0.9228 -0.3848 0.0192
vn 0.9228 -0.3848 0.0191
vn -0.4217 -0.8329 -0.3585
vn -0.3662 -0.2379 0.8996
vn -0.3303 -0.2491 0.9104
vn 0.0302 0.4018 0.9152
vn 0.4176 0.8155 0.4007
vn 0.5629 0.7449 -0.3582
vn 0.3711 0.2198 -0.9022
vn -0.0410 -0.4394 -0.8973
vn -0.2727 -0.8748 0.4004
vn -0.3010 -0.8840 -0.3577
vn -0.2169 -0.8910 0.3988
vn -0.0663 -0.3673 0.9278
vn -0.0074 -0.3839 0.9233
vn 0.2072 0.3462 0.9150
vn 0.1794 0.3535 0.9181
vn 0.3024 0.8771 0.3732
vn 0.3218 0.8705 0.3723
vn 0.2200 0.8934 -0.3918
vn 0.2756 0.8765 -0.3948
vn 0.0071 0.3787 -0.9255
vn 0.0666 0.3627 -0.9295
vn -0.1809 -0.3652 -0.9132
vn -0.2092 -0.3606 -0.9090
vn -0.3206 -0.8761 -0.3601
vn 0.7853 -0.6061 -0.1264
vn 0.7896 -0.6061 0.0955
vn 0.7922 -0.6001 0.1112
vn 0.8519 -0.4512 0.2659
vn 0.8578 -0.4360 0.2722
vn 0.9364 -0.2291 0.2657
vn 0.9421 -0.2139 0.2584
vn 0.9924 -0.0735 0.0983
vn 0.9943 -0.0676 0.0819
vn 0.9882 -0.0727 -0.1345
vn 0.9855 -0.0790 -0.1500
vn 0.9276 -0.2234 -0.2993
vn 0.9221 -0.2375 -0.3054
vn 0.8450 -0.4403 -0.3035
vn 0.8397 -0.4544 -0.2973
vn 0.7874 -0.6000 -0.1416
vn -0.3239 -0.8567 0.4014
vn -0.3399 -0.8687 -0.3604
vn -0.3236 -0.8559 0.4034
vn -0.1184 -0.3428 0.9319
vn -0.1189 -0.3441 0.9314
vn 0.1553 0.3685 0.9166
vn 0.1567 0.3723 0.9148
vn 0.3392 0.8668 0.3656
vn 0.3398 0.8684 0.3613
vn 0.3244 0.8568 -0.4009
vn 0.3241 0.8559 -0.4029
vn 0.1187 0.3423 -0.9321
vn 0.1192 0.3437 -0.9315
vn -0.1554 -0.3695 -0.9161
vn -0.1568 -0.3732 -0.9144
vn -0.3393 -0.8671 -0.3646
vn -0.7674 0.5703 -0.2931
vn -0.2899 -0.8720 0.3944
vn -0.0855 -0.3663 0.9266
vn 0.1739 0.3511 0.9201
vn 0.3373 0.8632 0.3756
vn 0.3078 0.8673 -0.3912
vn 0.1018 0.3577 -0.9283
vn -0.1590 -0.3644 -0.9176
vn -0.3208 -0.8726 -0.3682
vn -0.2745 -0.8910 -0.3616
vn -0.1443 -0.9108 0.3867
vn 0.0686 -0.4080 0.9104
vn 0.2429 0.3307 0.9119
vn 0.2775 0.8815 0.3821
vn 0.1488 0.9140 -0.3775
vn -0.0687 0.4006 -0.9137
vn -0.2446 -0.3507 -0.9040
vn -0.9416 -0.0316 0.3352
vn -0.9748 -0.0163 0.2227
vn -0.9408 -0.0308 0.3377
vn -0.9049 0.0493 0.4228
vn -0.9044 0.0514 0.4237
vn -0.8917 0.1706 0.4193
vn -0.8918 0.1725 0.4184
vn -0.9083 0.2483 0.3367
vn -0.9087 0.2489 0.3350
vn -0.9401 0.2463 0.2357
vn -0.9407 0.2456 0.2342
vn -0.9697 0.1792 0.1658
vn -0.9702 0.1775 0.1649
vn -0.9849 0.0765 0.1554
vn -0.9850 0.0742 0.1559
vn -0.9753 -0.0149 0.2205
vn -0.0383 -0.9332 0.3574
vn -0.2352 -0.8991 -0.3692
vn -0.0359 -0.9308 0.3637
vn 0.1847 -0.4217 0.8877
vn 0.1835 -0.4263 0.8858
vn 0.2967 0.3248 0.8980
vn 0.2974 0.3394 0.8924
vn 0.2429 0.8897 0.3867
vn 0.2394 0.8980 0.3691
vn 0.0518 0.9321 -0.3584
vn 0.0486 0.9286 -0.3679
vn -0.1713 0.4177 -0.8923
vn -0.1693 0.4246 -0.8894
vn -0.2918 -0.3261 -0.8992
vn -0.2928 -0.3440 -0.8922
vn -0.2384 -0.8919 -0.3843
vn -0.9347 0.3549 0.0192
vn -0.2663 -0.8947 -0.3586
vn -0.1104 -0.9184 0.3799
vn 0.1024 -0.4245 0.8996
vn 0.2543 0.3126 0.9152
vn 0.2573 0.8793 0.4008
vn 0.1033 0.9279 -0.3583
vn -0.1184 0.4147 -0.9022
vn -0.2723 -0.3473 -0.8973
vn -0.2762 -0.8737 0.4004
vn -0.2582 -0.8974 -0.3577
vn -0.2376 -0.9021 -0.3602
vn -0.1555 -0.3393 0.9277
vn -0.3312 -0.8551 0.3988
vn 0.0276 0.4022 0.9152
vn 0.0549 0.3926 0.9181
vn 0.2533 0.8926 0.3728
vn 0.2335 0.8982 0.3724
vn 0.3300 0.8588 -0.3918
vn 0.2748 0.8767 -0.3949
vn 0.2104 0.3145 -0.9256
vn 0.1527 0.3358 -0.9295
vn -0.0603 -0.4030 -0.9132
vn -0.0342 -0.4152 -0.9091
vn -0.9944 -0.0461 0.0955
vn -0.9908 -0.0486 -0.1265
vn -0.9930 -0.0397 0.1112
vn -0.9569 0.1166 0.2659
vn -0.9531 0.1324 0.2722
vn -0.8993 0.3472 0.2657
vn -0.8953 0.3629 0.2584
vn -0.8563 0.5070 0.0983
vn -0.8546 0.5129 0.0818
vn -0.8524 0.5052 -0.1345
vn -0.8538 0.4985 -0.1500
vn -0.8889 0.3469 -0.2992
vn -0.8924 0.3321 -0.3054
vn -0.9450 0.1216 -0.3035
vn -0.9488 0.1071 -0.2973
vn -0.9890 -0.0424 -0.1416
vn -0.2237 -0.8881 0.4015
vn -0.2177 -0.9070 -0.3603
vn -0.2173 -0.9055 -0.3646
vn -0.0988 -0.3490 0.9319
vn -0.2236 -0.8873 0.4034
vn 0.0833 0.3911 0.9166
vn 0.0842 0.3949 0.9148
vn 0.2171 0.9051 0.3656
vn 0.2176 0.9067 0.3613
vn 0.2234 0.8885 -0.4009
vn 0.2232 0.8876 -0.4029
vn 0.0982 0.3487 -0.9321
vn 0.0986 0.3502 -0.9315
vn -0.0837 -0.3921 -0.9161
vn -0.0846 -0.3959 -0.9144
vn 0.9556 0.0294 -0.2930
vn -0.2605 -0.8813 0.3944
vn -0.2355 -0.8994 -0.3682
vn -0.1392 -0.3495 0.9265
vn 0.0580 0.3874 0.9201
vn 0.2166 0.9011 0.3756
vn 0.2431 0.8876 -0.3913
vn 0.1209 0.3517 -0.9283
vn -0.0778 -0.3899 -0.9176
vn -0.2840 -0.8880 -0.3616
vn -0.2133 -0.3192 0.9234
vn -0.4022 -0.8299 0.3867
vn -0.0103 0.4102 0.9119
vn 0.2761 0.8820 0.3820
vn 0.4002 0.8351 -0.3775
vn 0.2853 0.2895 -0.9137
vn 0.0002 -0.4276 -0.9040
vn 0.7546 -0.5641 0.3352
vn 0.7906 -0.5705 0.2226
vn 0.7918 -0.5696 0.2205
vn 0.7707 -0.4767 0.4227
vn 0.7543 -0.5630 0.3377
vn 0.8292 -0.3696 0.4193
vn 0.7715 -0.4747 0.4235
vn 0.8872 -0.3154 0.3367
vn 0.8303 -0.3682 0.4183
vn 0.9122 -0.3352 0.2358
vn 0.8879 -0.3152 0.3350
vn 0.8982 -0.4072 0.1657
vn 0.9123 -0.3361 0.2342
vn 0.8519 -0.5001 0.1554
vn 0.8976 -0.4088 0.1650
vn 0.8506 -0.5021 0.1560
vn -0.5021 -0.7875 0.3573
vn -0.3208 -0.8722 -0.3691
vn -0.3141 -0.8682 -0.3842
vn -0.3924 -0.2407 0.8877
vn -0.5024 -0.7844 0.3637
vn -0.0579 0.4361 0.8980
vn -0.0500 0.4485 0.8924
vn 0.3093 0.8688 0.3867
vn 0.3168 0.8737 0.3692
vn 0.4903 0.7945 -0.3582
vn 0.4909 0.7898 -0.3677
vn 0.3793 0.2449 -0.8923
vn 0.3818 0.2517 -0.8893
vn 0.0529 -0.4344 -0.8992
vn 0.0434 -0.4495 -0.8922
vn 0.9698 -0.2430 0.0192
vn -0.2928 -0.8864 -0.3586
vn -0.3266 -0.2898 0.8996
vn -0.2895 -0.2956 0.9104
vn -0.0300 0.4019 0.9152
vn 0.2914 0.8686 0.4007
vn 0.4456 0.8204 -0.3582
vn 0.3342 0.2727 -0.9022
vn 0.0249 -0.4406 -0.8973
vn -0.1392 -0.9057 0.4004
vn -0.1659 -0.9190 -0.3577
vn -0.0817 -0.9134 0.3988
vn -0.0108 -0.3731 0.9277
vn 0.0499 -0.3807 0.9234
vn 0.1533 0.3732 0.9150
vn 0.1247 0.3764 0.9180
vn 0.1682 0.9126 0.3728
vn 0.1884 0.9088 0.3724
vn 0.0844 0.9162 -0.3918
vn 0.1419 0.9077 -0.3948
vn -0.0493 0.3752 -0.9256
vn 0.0118 0.3686 -0.9295
vn -0.1244 -0.3881 -0.9132
vn -0.1532 -0.3873 -0.9091
vn -0.1865 -0.9140 -0.3602
vn 0.8669 -0.4822 -0.1264
vn 0.8712 -0.4816 0.0954
vn 0.8728 -0.4752 0.1112
vn 0.9096 -0.3192 0.2658
vn 0.9132 -0.3033 0.2722
vn 0.9601 -0.0869 0.2657
vn 0.9634 -0.0711 0.2584
vn 0.9923 0.0753 0.0983
vn 0.9933 0.0814 0.0819
vn 0.9880 0.0755 -0.1344
vn 0.9863 0.0689 -0.1500
vn 0.9506 -0.0826 -0.2992
vn 0.9472 -0.0975 -0.3054
vn 0.9012 -0.3094 -0.3034
vn 0.8981 -0.3242 -0.2973
vn 0.8680 -0.4760 -0.1416
vn -0.1928 -0.8954 0.4015
vn -0.2066 -0.9097 -0.3603
vn -0.1926 -0.8946 0.4033
vn -0.0660 -0.3567 0.9319
vn -0.0663 -0.3581 0.9313
vn 0.0986 0.3876 0.9166
vn 0.0994 0.3914 0.9148
vn 0.2062 0.9077 0.3656
vn 0.2065 0.9093 0.3613
vn 0.1932 0.8955 -0.4009
vn 0.1930 0.8947 -0.4029
vn 0.0663 0.3562 -0.9321
vn 0.0667 0.3576 -0.9315
vn -0.0986 -0.3885 -0.9162
vn -0.0995 -0.3924 -0.9144
vn -0.2063 -0.9081 -0.3645
vn -0.8438 0.4495 -0.2930
vn -0.8438 0.4496 -0.2930
vn -0.1567 -0.9055 0.3944
vn -0.0299 -0.3750 0.9266
vn 0.1196 0.3730 0.9201
vn 0.2049 0.9039 0.3756
vn 0.1751 0.9035 -0.3912
vn 0.0474 0.3689 -0.9283
vn -0.1030 -0.3839 -0.9176
vn -0.1872 -0.9107 -0.3683
vn -0.1386 -0.9220 -0.3615
vn -0.0069 -0.9222 0.3867
vn 0.1287 -0.3932 0.9104
vn 0.1910 0.3631 0.9120
vn 0.1430 0.9130 0.3820
vn 0.0109 0.9259 -0.3775
vn -0.1276 0.3859 -0.9137
vn -0.1896 -0.3833 -0.9040
vn -0.9264 -0.1715 0.3353
vn -0.9614 -0.1614 0.2227
vn -0.9256 -0.1707 0.3377
vn -0.9021 -0.0861 0.4228
vn -0.9019 -0.0840 0.4237
vn -0.9071 0.0359 0.4193
vn -0.9075 0.0376 0.4185
vn -0.9352 0.1101 0.3367
vn -0.9357 0.1106 0.3350
vn -0.9663 0.1034 0.2358
vn -0.9668 0.1027 0.2342
vn -0.9856 0.0327 0.1658
vn -0.9858 0.0309 0.1649
vn -0.9853 -0.0711 0.1554
vn -0.9850 -0.0735 0.1559
vn -0.9622 -0.1601 0.2205
vn 0.1011 -0.9285 0.3574
vn -0.0987 -0.9241 -0.3691
vn 0.1029 -0.9258 0.3637
vn 0.2454 -0.3895 0.8877
vn 0.2448 -0.3942 0.8858
vn 0.2450 0.3654 0.8980
vn 0.2436 0.3800 0.8923
vn 0.1076 0.9159 0.3867
vn 0.1028 0.9237 0.3691
vn -0.0879 0.9295 -0.3583
vn -0.0904 0.9255 -0.3679
vn -0.2317 0.3875 -0.8923
vn -0.2309 0.3947 -0.8893
vn -0.2398 -0.3659 -0.8992
vn -0.2381 -0.3837 -0.8922
vn -0.1029 -0.9174 -0.3844
vn -0.9772 0.2116 0.0192
vn -0.1300 -0.9244 -0.3586
vn 0.0277 -0.9246 0.3799
vn 0.1645 -0.4045 0.8996
vn 0.2049 0.3470 0.9152
vn 0.1234 0.9078 0.4008
vn -0.0361 0.9329 -0.3582
vn -0.1789 0.3925 -0.9022
vn -0.2175 -0.3840 -0.8974
vn -0.1429 -0.9051 0.4004
vn -0.1216 -0.9259 -0.3577
vn -0.1005 -0.9275 -0.3602
vn -0.1032 -0.3587 0.9277
vn -0.2001 -0.8949 0.3988
vn -0.0326 0.4018 0.9151
vn -0.0043 0.3965 0.9180
vn 0.1173 0.9203 0.3732
vn 0.0970 0.9230 0.3724
vn 0.1983 0.8984 -0.3917
vn 0.1410 0.9079 -0.3948
vn 0.1612 0.3424 -0.9256
vn 0.1009 0.3547 -0.9295
vn 0.0004 -0.4076 -0.9132
vn 0.0279 -0.4160 -0.9089
vn -0.9764 -0.1938 0.0955
vn -0.9725 -0.1956 -0.1264
vn -0.9760 -0.1872 0.1111
vn -0.9636 -0.0273 0.2658
vn -0.9622 -0.0110 0.2722
vn -0.9410 0.2094 0.2657
vn -0.9394 0.2254 0.2584
vn -0.9223 0.3737 0.0983
vn -0.9214 0.3798 0.0819
vn -0.9182 0.3726 -0.1345
vn -0.9186 0.3657 -0.1499
vn -0.9307 0.2105 -0.2992
vn -0.9320 0.1953 -0.3054
vn -0.9526 -0.0205 -0.3035
vn -0.9541 -0.0355 -0.2973
vn -0.9717 -0.1893 -0.1416
vn -0.0888 -0.9116 0.4015
vn -0.0800 -0.9294 -0.3603
vn -0.0798 -0.9277 -0.3646
vn -0.0457 -0.3598 0.9319
vn -0.0888 -0.9107 0.4034
vn 0.0240 0.3992 0.9165
vn 0.0244 0.4031 0.9148
vn 0.0796 0.9273 0.3656
vn 0.0798 0.9290 0.3613
vn 0.0886 0.9118 -0.4009
vn 0.0885 0.9109 -0.4030
vn 0.0452 0.3595 -0.9320
vn 0.0453 0.3610 -0.9315
vn -0.0243 -0.4001 -0.9161
vn -0.0246 -0.4041 -0.9144
vn 0.9406 0.1715 -0.2930
vn 0.9406 0.1715 -0.2931
vn -0.1263 -0.9102 0.3944
vn -0.0988 -0.9245 -0.3682
vn -0.0856 -0.3663 0.9265
vn -0.0004 0.3918 0.9201
vn 0.0799 0.9233 0.3756
vn 0.1081 0.9139 -0.3912
vn 0.0671 0.3658 -0.9283
vn -0.0188 -0.3971 -0.9176
vn -0.1485 -0.9204 -0.3616
vn -0.1634 -0.3474 0.9234
vn -0.2740 -0.8805 0.3867
vn -0.0713 0.4041 0.9119
vn 0.1416 0.9132 0.3820
vn 0.2713 0.8854 -0.3775
vn 0.2390 0.3287 -0.9137
vn 0.0639 -0.4228 -0.9040
vn 0.8303 -0.4453 0.3353
vn 0.8668 -0.4463 0.2227
vn 0.8679 -0.4452 0.2205
vn 0.8332 -0.3565 0.4227
vn 0.8298 -0.4443 0.3377
vn 0.8750 -0.2419 0.4193
vn 0.8336 -0.3544 0.4236
vn 0.9243 -0.1796 0.3367
vn 0.8759 -0.2403 0.4184
vn 0.9519 -0.1955 0.2358
vn 0.9250 -0.1794 0.3350
vn 0.9488 -0.2688 0.1658
vn 0.9522 -0.1964 0.2342
vn 0.9169 -0.3676 0.1554
vn 0.9485 -0.2706 0.1649
vn 0.9160 -0.3697 0.1559
vn -0.3790 -0.8536 0.3574
vn -0.1872 -0.9103 -0.3691
vn -0.1813 -0.9053 -0.3843
vn -0.3522 -0.2964 0.8877
vn -0.3799 -0.8505 0.3638
vn -0.1224 0.4226 0.8980
vn -0.1160 0.4360 0.8924
vn 0.1763 0.9052 0.3867
vn 0.1831 0.9111 0.3692
vn 0.3666 0.8586 -0.3583
vn 0.3678 0.8541 -0.3678
vn 0.3386 0.2986 -0.8923
vn 0.3401 0.3057 -0.8893
vn 0.1171 -0.4217 -0.8992
vn 0.1101 -0.4380 -0.8922
vn 0.9952 -0.0958 0.0192
vn -0.1574 -0.9201 -0.3586
vn -0.2798 -0.3353 0.8996
vn -0.2422 -0.3354 0.9104
vn -0.0896 0.3929 0.9152
vn 0.1587 0.9024 0.4007
vn 0.3183 0.8777 -0.3583
vn 0.2899 0.3195 -0.9022
vn 0.0903 -0.4320 -0.8973
vn -0.0027 -0.9164 0.4003
vn -0.0271 -0.9335 -0.3577
vn 0.0553 -0.9154 0.3988
vn 0.0449 -0.3705 0.9277
vn 0.1061 -0.3690 0.9234
vn 0.0960 0.3915 0.9151
vn 0.0672 0.3907 0.9181
vn 0.0304 0.9273 0.3732
vn 0.0509 0.9267 0.3724
vn -0.0530 0.9185 -0.3918
vn 0.0050 0.9187 -0.3949
vn -0.1047 0.3636 -0.9256
vn -0.0432 0.3662 -0.9295
vn -0.0652 -0.4023 -0.9132
vn -0.0937 -0.4062 -0.9090
vn -0.0482 -0.9316 -0.3602
vn 0.9290 -0.3477 -0.1264
vn 0.9332 -0.3465 0.0955
vn 0.9339 -0.3399 0.1112
vn 0.9470 -0.1801 0.2658
vn 0.9482 -0.1639 0.2722
vn 0.9624 0.0571 0.2657
vn 0.9633 0.0733 0.2584
vn 0.9700 0.2224 0.0982
vn 0.9701 0.2285 0.0819
vn 0.9658 0.2219 -0.1345
vn 0.9650 0.2151 -0.1500
vn 0.9523 0.0599 -0.2992
vn 0.9512 0.0448 -0.3054
vn 0.9372 -0.1717 -0.3035
vn 0.9363 -0.1867 -0.2973
vn 0.9292 -0.3413 -0.1416
vn -0.0571 -0.9141 0.4015
vn -0.0687 -0.9303 -0.3603
vn -0.0570 -0.9132 0.4034
vn -0.0121 -0.3625 0.9319
vn -0.0122 -0.3639 0.9313
vn 0.0397 0.3980 0.9165
vn 0.0399 0.4019 0.9148
vn 0.0687 0.9282 0.3656
vn 0.0688 0.9299 0.3613
vn 0.0576 0.9143 -0.4009
vn 0.0575 0.9134 -0.4029
vn 0.0125 0.3621 -0.9320
vn 0.0126 0.3636 -0.9315
vn -0.0396 -0.3989 -0.9162
vn -0.0399 -0.4029 -0.9144
vn -0.0687 -0.9286 -0.3646
vn -0.9014 0.3188 -0.2931
vn -0.9014 0.3188 -0.2930
vn -0.0200 -0.9187 0.3944
vn 0.0263 -0.3752 0.9266
vn 0.0627 0.3867 0.9201
vn 0.0679 0.9243 0.3756
vn 0.0385 0.9195 -0.3912
vn -0.0082 0.3718 -0.9283
vn -0.0446 -0.3951 -0.9176
vn -0.0494 -0.9284 -0.3682
vn 0.0003 -0.9323 -0.3616
vn 0.1306 -0.9129 0.3867
vn 0.1858 -0.3696 0.9104
vn 0.1347 0.3876 0.9119
vn 0.0053 0.9241 0.3820
vn -0.1271 0.9173 -0.3775
vn -0.1837 0.3625 -0.9137
vn -0.1303 -0.4072 -0.9040
vn -0.8904 -0.3077 0.3353
vn -0.9267 -0.3029 0.2227
vn -0.8899 -0.3067 0.3377
vn -0.8792 -0.2196 0.4228
vn -0.8794 -0.2174 0.4236
vn -0.9024 -0.0998 0.4193
vn -0.9029 -0.0981 0.4184
vn -0.9411 -0.0305 0.3367
vn -0.9417 -0.0301 0.3350
vn -0.9709 -0.0417 0.2357
vn -0.9713 -0.0426 0.2342
vn -0.9795 -0.1146 0.1658
vn -0.9794 -0.1164 0.1650
vn -0.9637 -0.2172 0.1554
vn -0.9631 -0.2194 0.1559
vn -0.9276 -0.3017 0.2205
vn 0.2386 -0.9030 0.3574
vn 0.0402 -0.9285 -0.3691
vn 0.2397 -0.9001 0.3638
vn 0.3008 -0.3486 0.8877
vn 0.3008 -0.3533 0.8858
vn 0.1881 0.3977 0.8980
vn 0.1841 0.4121 0.8924
vn -0.0301 0.9218 0.3866
vn -0.0359 0.9287 0.3691
vn -0.2254 0.9060 -0.3584
vn -0.2272 0.9017 -0.3679
vn -0.2869 0.3487 -0.8922
vn -0.2872 0.3559 -0.8893
vn -0.1826 -0.3976 -0.8992
vn -0.1782 -0.4149 -0.8922
vn 0.0351 -0.9225 -0.3843
vn -0.9978 0.0636 0.0192
vn 0.0092 -0.9335 -0.3586
vn 0.1652 -0.9102 0.3799
vn 0.2230 -0.3755 0.8996
vn 0.1509 0.3737 0.9152
vn -0.0133 0.9161 0.4008
vn -0.1748 0.9171 -0.3582
vn -0.2354 0.3614 -0.9022
vn -0.1578 -0.4121 -0.8974
vn -0.0065 -0.9163 0.4004
vn 0.0178 -0.9337 -0.3577
vn 0.0389 -0.9321 -0.3602
vn -0.0486 -0.3701 0.9277
vn -0.0645 -0.9148 0.3988
vn -0.0921 0.3925 0.9151
vn -0.0633 0.3913 0.9181
vn -0.0211 0.9275 0.3732
vn -0.0416 0.9271 0.3724
vn 0.0623 0.9178 -0.3920
vn 0.0042 0.9188 -0.3948
vn 0.1083 0.3626 -0.9256
vn 0.0469 0.3658 -0.9295
vn 0.0611 -0.4030 -0.9132
vn 0.0896 -0.4071 -0.9090
vn -0.9366 -0.3371 0.0954
vn -0.9325 -0.3384 -0.1265
vn -0.9372 -0.3305 0.1111
vn -0.9488 -0.1706 0.2658
vn -0.9498 -0.1543 0.2722
vn -0.9617 0.0667 0.2657
vn -0.9625 0.0829 0.2584
vn -0.9677 0.2320 0.0983
vn -0.9678 0.2382 0.0819
vn -0.9635 0.2316 -0.1345
vn -0.9628 0.2247 -0.1500
vn -0.9517 0.0695 -0.2992
vn -0.9507 0.0543 -0.3054
vn -0.9389 -0.1623 -0.3035
vn -0.9382 -0.1773 -0.2973
vn -0.9326 -0.3320 -0.1416
vn 0.0481 -0.9146 0.4014
vn 0.0593 -0.9310 -0.3603
vn 0.0593 -0.9293 -0.3645
vn 0.0085 -0.3626 0.9319
vn 0.0480 -0.9138 0.4033
vn -0.0357 0.3983 0.9166
vn -0.0359 0.4023 0.9148
vn -0.0593 0.9289 0.3656
vn -0.0594 0.9306 0.3613
vn -0.0484 0.9148 -0.4009
vn -0.0483 0.9139 -0.4029
vn -0.0089 0.3622 -0.9321
vn -0.0090 0.3636 -0.9315
vn 0.0357 -0.3992 -0.9162
vn 0.0359 -0.4033 -0.9144
vn 0.9045 0.3097 -0.2931
vn 0.9045 0.3097 -0.2930
vn 0.0108 -0.9189 0.3944
vn 0.0401 -0.9288 -0.3683
vn -0.0300 -0.3750 0.9266
vn -0.0588 0.3873 0.9201
vn -0.0586 0.9249 0.3756
vn -0.0293 0.9199 -0.3912
vn 0.0119 0.3717 -0.9283
vn 0.0406 -0.3955 -0.9176
vn -0.0097 -0.9323 -0.3616
vn -0.1097 -0.3679 0.9234
vn -0.1397 -0.9115 0.3867
vn -0.1308 0.3889 0.9119
vn 0.0039 0.9242 0.3820
vn 0.1363 0.9159 -0.3775
vn 0.1873 0.3607 -0.9137
vn 0.1262 -0.4085 -0.9040
vn 0.8873 -0.3166 0.3353
vn 0.9236 -0.3121 0.2226
vn 0.9245 -0.3109 0.2205
vn 0.8770 -0.2284 0.4228
vn 0.8868 -0.3157 0.3377
vn 0.9013 -0.1088 0.4193
vn 0.8772 -0.2262 0.4236
vn 0.9408 -0.0399 0.3367
vn 0.9019 -0.1071 0.4184
vn 0.9705 -0.0514 0.2357
vn 0.9414 -0.0395 0.3350
vn 0.9783 -0.1244 0.1658
vn 0.9708 -0.0523 0.2342
vn 0.9615 -0.2268 0.1554
vn 0.9782 -0.1262 0.1649
vn 0.9608 -0.2291 0.1559
vn -0.2476 -0.9006 0.3574
vn -0.0496 -0.9280 -0.3692
vn -0.0446 -0.9221 -0.3843
vn -0.3043 -0.3455 0.8877
vn -0.2489 -0.8976 0.3637
vn -0.1840 0.3997 0.8980
vn -0.1800 0.4138 0.8924
vn 0.0394 0.9214 0.3867
vn 0.0452 0.9283 0.3692
vn 0.2346 0.9037 -0.3582
vn 0.2364 0.8993 -0.3678
vn 0.2904 0.3458 -0.8922
vn 0.2907 0.3530 -0.8893
vn 0.1785 -0.3995 -0.8992
vn 0.1741 -0.4167 -0.8922
vn 0.9984 0.0536 0.0192
vn -0.0185 -0.9333 -0.3586
vn -0.2267 -0.3732 0.8996
vn -0.1895 -0.3677 0.9104
vn -0.1471 0.3752 0.9152
vn 0.0224 0.9159 0.4008
vn 0.1840 0.9153 -0.3583
vn 0.2390 0.3591 -0.9022
vn 0.1537 -0.4137 -0.8974
vn 0.1339 -0.9065 0.4004
vn 0.1122 -0.9270 -0.3580
vn 0.1911 -0.8969 0.3988
vn 0.0996 -0.3597 0.9277
vn 0.1599 -0.3491 0.9234
vn 0.0366 0.4015 0.9151
vn 0.0082 0.3964 0.9180
vn -0.1081 0.9214 0.3732
vn -0.0878 0.9239 0.3724
vn -0.1893 0.9004 -0.3918
vn -0.1320 0.9092 -0.3948
vn -0.1577 0.3440 -0.9256
vn -0.0973 0.3557 -0.9295
vn -0.0045 -0.4075 -0.9132
vn -0.0321 -0.4156 -0.9090
vn 0.0912 -0.9284 -0.3602
vn 0.9705 -0.2054 -0.1264
vn 0.9744 -0.2035 0.0955
vn 0.9741 -0.1969 0.1111
vn 0.9633 -0.0370 0.2658
vn 0.9620 -0.0207 0.2722
vn 0.9431 0.1999 0.2657
vn 0.9416 0.2160 0.2584
vn 0.9260 0.3644 0.0982
vn 0.9252 0.3705 0.0818
vn 0.9219 0.3633 -0.1345
vn 0.9222 0.3565 -0.1500
vn 0.9327 0.2012 -0.2992
vn 0.9339 0.1861 -0.3054
vn 0.9524 -0.0301 -0.3035
vn 0.9537 -0.0450 -0.2973
vn 0.9697 -0.1990 -0.1416
vn 0.0797 -0.9124 0.4015
vn 0.0708 -0.9302 -0.3603
vn 0.0797 -0.9116 0.4034
vn 0.0420 -0.3602 0.9319
vn 0.0421 -0.3617 0.9314
vn -0.0201 0.3995 0.9165
vn -0.0204 0.4033 0.9148
vn -0.0705 0.9281 0.3656
vn -0.0706 0.9298 0.3613
vn -0.0795 0.9127 -0.4009
vn -0.0794 0.9118 -0.4030
vn -0.0416 0.3599 -0.9321
vn -0.0417 0.3614 -0.9315
vn 0.0203 -0.4003 -0.9161
vn 0.0207 -0.4043 -0.9144
vn 0.0706 -0.9285 -0.3645
vn -0.9388 0.1809 -0.2930
vn 0.1171 -0.9114 0.3944
vn 0.0819 -0.3672 0.9265
vn 0.0043 0.3918 0.9201
vn -0.0707 0.9241 0.3756
vn -0.0989 0.9150 -0.3912
vn -0.0635 0.3664 -0.9283
vn 0.0148 -0.3973 -0.9176
vn 0.0896 -0.9254 -0.3682
vn 0.1393 -0.9219 -0.3616
vn 0.2652 -0.8832 0.3868
vn 0.2388 -0.3378 0.9104
vn 0.0754 0.4033 0.9119
vn -0.1325 0.9146 0.3820
vn -0.2625 0.8880 -0.3776
vn -0.2357 0.3311 -0.9137
vn -0.0682 -0.4221 -0.9040
vn -0.8347 -0.4369 0.3353
vn -0.8712 -0.4376 0.2227
vn -0.8342 -0.4360 0.3377
vn -0.8367 -0.3482 0.4227
vn -0.8372 -0.3461 0.4235
vn -0.8774 -0.2331 0.4193
vn -0.8783 -0.2315 0.4183
vn -0.9261 -0.1704 0.3367
vn -0.9267 -0.1701 0.3350
vn -0.9538 -0.1860 0.2358
vn -0.9541 -0.1868 0.2342
vn -0.9515 -0.2593 0.1658
vn -0.9511 -0.2611 0.1649
vn -0.9206 -0.3584 0.1554
vn -0.9196 -0.3605 0.1559
vn -0.8723 -0.4365 0.2205
vn 0.3703 -0.8574 0.3574
vn 0.1781 -0.9121 -0.3692
vn 0.3713 -0.8543 0.3638
vn 0.3494 -0.2999 0.8877
vn 0.3503 -0.3045 0.8858
vn 0.1265 0.4212 0.8981
vn 0.1203 0.4347 0.8925
vn -0.1675 0.9068 0.3868
vn -0.1741 0.9129 0.3693
vn -0.3581 0.8622 -0.3582
vn -0.3593 0.8577 -0.3678
vn -0.3356 0.3021 -0.8922
vn -0.3370 0.3091 -0.8893
vn -0.1214 -0.4203 -0.8992
vn -0.1144 -0.4368 -0.8922
vn 0.1722 -0.9070 -0.3844
vn -0.9961 -0.0858 0.0192
vn 0.1482 -0.9217 -0.3586
vn 0.2990 -0.8754 0.3798
vn 0.2764 -0.3381 0.8996
vn 0.0935 0.3920 0.9152
vn -0.1497 0.9039 0.4007
vn -0.3095 0.8808 -0.3583
vn -0.2866 0.3223 -0.9022
vn -0.0946 -0.4311 -0.8973
vn 0.1302 -0.9071 0.4004
vn 0.1567 -0.9206 -0.3577
vn 0.1773 -0.9159 -0.3602
vn 0.0071 -0.3731 0.9277
vn 0.0726 -0.9141 0.3989
vn -0.1495 0.3747 0.9150
vn -0.1209 0.3776 0.9180
vn -0.1591 0.9140 0.3732
vn -0.1793 0.9106 0.3724
vn -0.0753 0.9170 -0.3918
vn -0.1328 0.9091 -0.3949
vn 0.0531 0.3747 -0.9256
vn -0.0081 0.3688 -0.9295
vn 0.1205 -0.3894 -0.9132
vn 0.1493 -0.3892 -0.9090
vn -0.8759 -0.4729 0.0954
vn -0.8716 -0.4736 -0.1265
vn -0.8775 -0.4665 0.1111
vn -0.9128 -0.3102 0.2658
vn -0.9162 -0.2942 0.2722
vn -0.9610 -0.0773 0.2657
vn -0.9641 -0.0614 0.2584
vn -0.9915 0.0852 0.0982
vn -0.9925 0.0913 0.0819
vn -0.9872 0.0854 -0.1345
vn -0.9856 0.0787 -0.1500
vn -0.9514 -0.0731 -0.2992
vn -0.9482 -0.0880 -0.3054
vn -0.9042 -0.3004 -0.3035
vn -0.9013 -0.3151 -0.2973
vn -0.8727 -0.4673 -0.1416
vn 0.1838 -0.8973 0.4014
vn 0.1974 -0.9117 -0.3603
vn 0.1972 -0.9101 -0.3646
vn 0.0624 -0.3573 0.9319
vn 0.1836 -0.8965 0.4033
vn -0.0947 0.3885 0.9166
vn -0.0955 0.3924 0.9148
vn -0.1972 0.9096 0.3656
vn -0.1975 0.9113 0.3613
vn -0.1841 0.8974 -0.4009
vn -0.1839 0.8966 -0.4030
vn -0.0628 0.3568 -0.9321
vn -0.0631 0.3583 -0.9315
vn 0.0948 -0.3895 -0.9161
vn 0.0956 -0.3934 -0.9144
vn 0.8483 0.4411 -0.2930
vn 0.1476 -0.9070 0.3944
vn 0.1781 -0.9125 -0.3682
vn 0.0262 -0.3752 0.9266
vn -0.1159 0.3743 0.9200
vn -0.1958 0.9059 0.3756
vn -0.1661 0.9052 -0.3912
vn -0.0437 0.3693 -0.9283
vn 0.0991 -0.3850 -0.9176
vn 0.1294 -0.9233 -0.3615
vn -0.0537 -0.3801 0.9234
vn -0.0023 -0.9222 0.3867
vn -0.1873 0.3651 0.9119
vn -0.1339 0.9144 0.3820
vn -0.0017 0.9260 -0.3775
vn 0.1315 0.3846 -0.9137
vn 0.1857 -0.3851 -0.9040
vn 0.9246 -0.1808 0.3352
vn 0.9598 -0.1710 0.2227
vn 0.9605 -0.1697 0.2205
vn 0.9012 -0.0951 0.4228
vn 0.9239 -0.1799 0.3377
vn 0.9075 0.0268 0.4193
vn 0.9011 -0.0930 0.4236
vn 0.9362 0.1008 0.3367
vn 0.9078 0.0285 0.4185
vn 0.9673 0.0938 0.2358
vn 0.9367 0.1013 0.3350
vn 0.9859 0.0228 0.1658
vn 0.9677 0.0930 0.2342
vn 0.9845 -0.0810 0.1554
vn 0.9861 0.0210 0.1649
vn 0.9843 -0.0833 0.1559
vn -0.1106 -0.9274 0.3574
vn 0.0894 -0.9251 -0.3691
vn 0.0936 -0.9185 -0.3843
vn -0.2495 -0.3871 0.8877
vn -0.1122 -0.9247 0.3638
vn -0.2412 0.3678 0.8981
vn -0.2394 0.3825 0.8924
vn -0.0984 0.9170 0.3866
vn -0.0937 0.9247 0.3691
vn 0.0972 0.9285 -0.3584
vn 0.0996 0.9245 -0.3679
vn 0.2356 0.3851 -0.8923
vn 0.2348 0.3924 -0.8893
vn 0.2362 -0.3683 -0.8992
vn 0.2344 -0.3861 -0.8922
vn 0.9792 0.2018 0.0192
vn 0.1208 -0.9257 -0.3586
vn -0.1686 -0.4028 0.8996
vn -0.1326 -0.3919 0.9104
vn -0.2014 0.3491 0.9152
vn -0.1143 0.9090 0.4007
vn 0.0455 0.9325 -0.3583
vn 0.1828 0.3907 -0.9022
vn 0.2137 -0.3862 -0.8974
vn 0.2675 -0.8764 0.4004
vn 0.2492 -0.9000 -0.3577
vn 0.3226 -0.8584 0.3989
vn 0.1521 -0.3408 0.9277
vn 0.2101 -0.3213 0.9234
vn -0.0236 0.4024 0.9151
vn -0.0510 0.3932 0.9180
vn -0.2442 0.8950 0.3732
vn -0.2245 0.9005 0.3723
vn -0.3214 0.8621 -0.3917
vn -0.2660 0.8794 -0.3949
vn -0.2072 0.3166 -0.9256
vn -0.1493 0.3372 -0.9295
vn 0.0563 -0.4037 -0.9132
vn 0.0302 -0.4158 -0.9090
vn 0.2285 -0.9044 -0.3602
vn 0.9903 -0.0584 -0.1264
vn 0.9939 -0.0560 0.0955
vn 0.9926 -0.0495 0.1111
vn 0.9581 0.1070 0.2658
vn 0.9544 0.1230 0.2722
vn 0.9028 0.3383 0.2657
vn 0.8989 0.3540 0.2583
vn 0.8614 0.4984 0.0983
vn 0.8597 0.5043 0.0818
vn 0.8575 0.4967 -0.1345
vn 0.8588 0.4899 -0.1500
vn 0.8923 0.3380 -0.2992
vn 0.8957 0.3232 -0.3054
vn 0.9462 0.1122 -0.3035
vn 0.9498 0.0976 -0.2973
vn 0.9885 -0.0523 -0.1416
vn 0.2147 -0.8903 0.4015
vn 0.2086 -0.9092 -0.3603
vn 0.2146 -0.8895 0.4034
vn 0.0953 -0.3500 0.9319
vn 0.0956 -0.3513 0.9314
vn -0.0793 0.3919 0.9166
vn -0.0802 0.3958 0.9148
vn -0.2080 0.9072 0.3656
vn -0.2084 0.9089 0.3613
vn -0.2144 0.8907 -0.4009
vn -0.2143 0.8898 -0.4029
vn -0.0947 0.3497 -0.9321
vn -0.0951 0.3511 -0.9315
vn 0.0797 -0.3928 -0.9162
vn 0.0806 -0.3967 -0.9144
vn 0.2081 -0.9076 -0.3645
vn -0.9553 0.0389 -0.2930
vn 0.2517 -0.8838 0.3944
vn 0.1357 -0.3508 0.9266
vn -0.0541 0.3880 0.9201
vn -0.2076 0.9032 0.3756
vn -0.2342 0.8900 -0.3912
vn -0.1174 0.3529 -0.9283
vn 0.0738 -0.3906 -0.9176
vn 0.2265 -0.9017 -0.3682
vn 0.2751 -0.8908 -0.3616
vn 0.3939 -0.8339 0.3867
vn 0.2865 -0.2984 0.9104
vn 0.0145 0.4101 0.9119
vn -0.2673 0.8847 0.3820
vn -0.3919 0.8390 -0.3775
vn -0.2824 0.2923 -0.9137
vn -0.0045 -0.4275 -0.9040
vn -0.7602 -0.5565 0.3353
vn -0.7962 -0.5625 0.2227
vn -0.7599 -0.5554 0.3377
vn -0.7755 -0.4690 0.4228
vn -0.7762 -0.4670 0.4236
vn -0.8329 -0.3613 0.4193
vn -0.8339 -0.3598 0.4184
vn -0.8903 -0.3065 0.3367
vn -0.8910 -0.3063 0.3350
vn -0.9155 -0.3260 0.2357
vn -0.9156 -0.3269 0.2342
vn -0.9022 -0.3982 0.1658
vn -0.9016 -0.3999 0.1649
vn -0.8568 -0.4916 0.1554
vn -0.8556 -0.4936 0.1559
vn -0.7975 -0.5616 0.2205
vn 0.4944 -0.7925 0.3572
vn 0.3123 -0.8753 -0.3692
vn 0.4948 -0.7892 0.3636
vn 0.3902 -0.2445 0.8877
vn 0.3917 -0.2489 0.8858
vn 0.0619 0.4354 0.8981
vn 0.0544 0.4479 0.8924
vn -0.3007 0.8718 0.3867
vn -0.3081 0.8768 0.3692
vn -0.4825 0.7993 -0.3582
vn -0.4830 0.7946 -0.3678
vn -0.3769 0.2487 -0.8922
vn -0.3793 0.2555 -0.8893
vn -0.0573 -0.4338 -0.8992
vn -0.0481 -0.4491 -0.8922
vn 0.3055 -0.8712 -0.3843
vn -0.9722 -0.2333 0.0192
vn 0.2839 -0.8893 -0.3586
vn 0.4262 -0.8210 0.3799
vn 0.3237 -0.2931 0.8996
vn 0.0341 0.4015 0.9152
vn -0.2827 0.8715 0.4008
vn -0.4373 0.8249 -0.3582
vn -0.3315 0.2760 -0.9022
vn -0.0293 -0.4403 -0.8973
vn 0.2639 -0.8775 0.4004
vn 0.2922 -0.8870 -0.3577
vn 0.3119 -0.8792 -0.3602
vn 0.0626 -0.3679 0.9277
vn 0.2080 -0.8931 0.3988
vn -0.2037 0.3479 0.9152
vn -0.1758 0.3553 0.9181
vn -0.2935 0.8802 0.3729
vn -0.3130 0.8737 0.3723
vn -0.2111 0.8955 -0.3917
vn -0.2668 0.8791 -0.3949
vn -0.0033 0.3784 -0.9256
vn -0.0630 0.3634 -0.9295
vn 0.1772 -0.3670 -0.9132
vn 0.2056 -0.3627 -0.9090
vn -0.7956 -0.5982 0.0955
vn -0.7913 -0.5982 -0.1265
vn -0.7982 -0.5921 0.1111
vn -0.8564 -0.4427 0.2658
vn -0.8621 -0.4274 0.2722
vn -0.9387 -0.2197 0.2657
vn -0.9442 -0.2045 0.2584
vn -0.9931 -0.0636 0.0982
vn -0.9950 -0.0577 0.0819
vn -0.9889 -0.0628 -0.1345
vn -0.9863 -0.0691 -0.1500
vn -0.9298 -0.2141 -0.2993
vn -0.9244 -0.2283 -0.3054
vn -0.8493 -0.4319 -0.3035
vn -0.8442 -0.4460 -0.2974
vn -0.7933 -0.5922 -0.1416
vn 0.3155 -0.8598 0.4015
vn 0.3310 -0.8721 -0.3603
vn 0.3305 -0.8706 -0.3645
vn 0.1150 -0.3440 0.9319
vn 0.3151 -0.8591 0.4034
vn -0.1515 0.3701 0.9165
vn -0.1529 0.3738 0.9148
vn -0.3305 0.8701 0.3656
vn -0.3310 0.8717 0.3613
vn -0.3159 0.8600 -0.4009
vn -0.3155 0.8591 -0.4029
vn -0.1152 0.3435 -0.9321
vn -0.1157 0.3448 -0.9315
vn 0.1517 -0.3710 -0.9162
vn 0.1531 -0.3748 -0.9144
vn 0.7731 0.5626 -0.2930
vn 0.7731 0.5626 -0.2931
vn 0.2812 -0.8749 0.3944
vn 0.3121 -0.8758 -0.3682
vn 0.0818 -0.3672 0.9266
vn -0.1704 0.3528 0.9201
vn -0.3286 0.8666 0.3756
vn -0.2991 0.8703 -0.3912
vn -0.0982 0.3587 -0.9283
vn 0.1554 -0.3659 -0.9176
vn 0.2656 -0.8937 -0.3616
vn 0.0036 -0.3839 0.9234
vn 0.1351 -0.9122 0.3867
vn -0.2396 0.3331 0.9119
vn -0.2686 0.8842 0.3820
vn -0.1397 0.9154 -0.3774
vn 0.0727 0.3999 -0.9137
vn 0.2411 -0.3531 -0.9040
vn 0.9412 -0.0410 0.3353
vn 0.9745 -0.0260 0.2227
vn 0.9751 -0.0246 0.2205
vn 0.9053 0.0402 0.4228
vn 0.9404 -0.0403 0.3377
vn 0.8933 0.1617 0.4193
vn 0.9049 0.0424 0.4236
vn 0.9107 0.2392 0.3367
vn 0.8934 0.1635 0.4184
vn 0.9425 0.2368 0.2358
vn 0.9112 0.2398 0.3350
vn 0.9715 0.1695 0.1658
vn 0.9431 0.2361 0.2342
vn 0.9856 0.0666 0.1554
vn 0.9719 0.1677 0.1649
vn 0.9857 0.0643 0.1559
vn 0.0288 -0.9335 0.3575
vn 0.2262 -0.9014 -0.3692
vn 0.2294 -0.8942 -0.3843
vn -0.1886 -0.4197 0.8878
vn 0.0269 -0.9311 0.3639
vn -0.2935 0.3277 0.8980
vn -0.2939 0.3424 0.8924
vn -0.2338 0.8921 0.3867
vn -0.2302 0.9004 0.3693
vn -0.0422 0.9327 -0.3583
vn -0.0391 0.9291 -0.3678
vn 0.1756 0.4160 -0.8923
vn 0.1738 0.4229 -0.8893
vn 0.2885 -0.3290 -0.8992
vn 0.2892 -0.3468 -0.8922
vn 0.9382 0.3455 0.0192
vn 0.2574 -0.8973 -0.3586
vn -0.1066 -0.4235 0.8996
vn -0.0727 -0.4073 0.9104
vn -0.2512 0.3151 0.9152
vn -0.2485 0.8818 0.4008
vn -0.0940 0.9289 -0.3582
vn 0.1226 0.4136 -0.9022
vn 0.2688 -0.3500 -0.8974
vn 0.3951 -0.8268 0.4004
vn 0.3805 -0.8528 -0.3577
vn 0.4470 -0.8007 0.3988
vn 0.2012 -0.3143 0.9277
vn 0.2556 -0.2864 0.9234
vn -0.0836 0.3947 0.9150
vn -0.1090 0.3812 0.9181
vn -0.3749 0.8486 0.3732
vn -0.3562 0.8570 0.3724
vn -0.4463 0.8044 -0.3921
vn -0.3941 0.8299 -0.3949
vn -0.2521 0.2822 -0.9256
vn -0.1979 0.3113 -0.9295
vn 0.1158 -0.3907 -0.9132
vn 0.0919 -0.4066 -0.9090
vn 0.3608 -0.8603 -0.3602
vn 0.9879 0.0898 -0.1265
vn 0.9911 0.0927 0.0955
vn 0.9889 0.0989 0.1112
vn 0.9314 0.2486 0.2659
vn 0.9254 0.2638 0.2723
vn 0.8423 0.4690 0.2657
vn 0.8361 0.4839 0.2584
vn 0.7775 0.6211 0.0982
vn 0.7749 0.6267 0.0818
vn 0.7739 0.6189 -0.1345
vn 0.7762 0.6124 -0.1500
vn 0.8320 0.4672 -0.2992
vn 0.8376 0.4530 -0.3054
vn 0.9189 0.2520 -0.3035
vn 0.9246 0.2380 -0.2974
vn 0.9853 0.0956 -0.1417
vn 0.3451 -0.8484 0.4015
vn 0.3418 -0.8679 -0.3603
vn 0.3448 -0.8476 0.4034
vn 0.1463 -0.3319 0.9319
vn 0.1469 -0.3332 0.9313
vn -0.1368 0.3758 0.9166
vn -0.1383 0.3794 0.9148
vn -0.3408 0.8661 0.3656
vn -0.3415 0.8677 0.3613
vn -0.3448 0.8487 -0.4010
vn -0.3445 0.8479 -0.4030
vn -0.1458 0.3317 -0.9320
vn -0.1463 0.3331 -0.9315
vn 0.1373 -0.3766 -0.9161
vn 0.1388 -0.3803 -0.9144
vn 0.3412 -0.8664 -0.3645
vn -0.9504 -0.1039 -0.2931
vn 0.3806 -0.8364 0.3944
vn 0.1865 -0.3267 0.9266
vn -0.1113 0.3756 0.9201
vn -0.3399 0.8622 0.3756
vn -0.3642 0.8451 -0.3913
vn -0.1686 0.3314 -0.9283
vn 0.1312 -0.3753 -0.9176
vn 0.3583 -0.8579 -0.3682
vn 0.4048 -0.8399 -0.3616
vn 0.5137 -0.7658 0.3867
vn 0.3278 -0.2524 0.9104
vn -0.0469 0.4077 0.9119
vn -0.3962 0.8349 0.3820
vn -0.5125 0.7712 -0.3775
vn -0.3228 0.2469 -0.9137
vn 0.0592 -0.4234 -0.9040
vn -0.6688 -0.6636 0.3353
vn -0.7035 -0.6749 0.2226
vn -0.6686 -0.6625 0.3377
vn -0.6969 -0.5793 0.4228
vn -0.6979 -0.5775 0.4236
vn -0.7697 -0.4814 0.4193
vn -0.7709 -0.4801 0.4185
vn -0.8347 -0.4358 0.3367
vn -0.8354 -0.4357 0.3350
vn -0.8567 -0.4588 0.2358
vn -0.8566 -0.4598 0.2342
vn -0.8328 -0.5282 0.1658
vn -0.8320 -0.5297 0.1650
vn -0.7740 -0.6138 0.1554
vn -0.7725 -0.6156 0.1559
vn -0.7049 -0.6742 0.2205
vn 0.6067 -0.7100 0.3574
vn 0.4390 -0.8192 -0.3691
vn 0.6066 -0.7069 0.3637
vn 0.4221 -0.1836 0.8878
vn 0.4243 -0.1879 0.8858
vn -0.0034 0.4399 0.8981
vn -0.0130 0.4511 0.8924
vn -0.4271 0.8174 0.3866
vn -0.4354 0.8211 0.3691
vn -0.5962 0.7185 -0.3583
vn -0.5961 0.7137 -0.3678
vn -0.4098 0.1895 -0.8923
vn -0.4132 0.1961 -0.8893
vn 0.0080 -0.4375 -0.8992
vn 0.0193 -0.4513 -0.8922
vn 0.4319 -0.8159 -0.3843
vn -0.9266 -0.3756 0.0192
vn 0.4133 -0.8370 -0.3585
vn 0.5438 -0.7483 0.3799
vn 0.3638 -0.2416 0.8996
vn -0.0262 0.4022 0.9152
vn -0.4094 0.8196 0.4008
vn -0.5554 0.7505 -0.3583
vn -0.3689 0.2235 -0.9022
vn 0.0366 -0.4398 -0.8974
vn 0.3917 -0.8284 0.4004
vn 0.4211 -0.8335 -0.3576
vn 0.4394 -0.8229 -0.3602
vn 0.1168 -0.3545 0.9277
vn 0.3388 -0.8521 0.3988
vn -0.2533 0.3136 0.9152
vn -0.2268 0.3252 0.9180
vn -0.4215 0.8265 0.3732
vn -0.4397 0.8173 0.3724
vn -0.3422 0.8541 -0.3918
vn -0.3948 0.8296 -0.3949
vn -0.0597 0.3737 -0.9256
vn -0.1164 0.3499 -0.9295
vn 0.2299 -0.3365 -0.9132
vn 0.2574 -0.3280 -0.9090
vn -0.6976 -0.7101 0.0955
vn -0.6933 -0.7095 -0.1265
vn -0.7010 -0.7044 0.1112
vn -0.7808 -0.5654 0.2659
vn -0.7888 -0.5511 0.2723
vn -0.8955 -0.3571 0.2657
vn -0.9032 -0.3428 0.2584
vn -0.9726 -0.2108 0.0982
vn -0.9753 -0.2053 0.0818
vn -0.9685 -0.2095 -0.1345
vn -0.9650 -0.2153 -0.1499
vn -0.8876 -0.3503 -0.2992
vn -0.8801 -0.3636 -0.3054
vn -0.7755 -0.5536 -0.3035
vn -0.7683 -0.5668 -0.2973
vn -0.6961 -0.7038 -0.1417
vn 0.4401 -0.8032 0.4015
vn 0.4574 -0.8130 -0.3603
vn 0.4566 -0.8115 -0.3646
vn 0.1650 -0.3230 0.9319
vn 0.4396 -0.8025 0.4034
vn -0.2050 0.3434 0.9165
vn -0.2069 0.3468 0.9148
vn -0.4565 0.8111 0.3656
vn -0.4573 0.8126 0.3613
vn -0.4405 0.8032 -0.4009
vn -0.4401 0.8025 -0.4029
vn -0.1651 0.3225 -0.9321
vn -0.1658 0.3238 -0.9315
vn 0.2053 -0.3443 -0.9162
vn 0.2072 -0.3478 -0.9144
vn 0.6806 0.6715 -0.2930
vn 0.6806 0.6715 -0.2931
vn 0.4084 -0.8232 0.3944
vn 0.4391 -0.8195 -0.3682
vn 0.1356 -0.3509 0.9266
vn -0.2210 0.3235 0.9201
vn -0.4541 0.8079 0.3756
vn -0.4255 0.8160 -0.3913
vn -0.1506 0.3400 -0.9283
vn 0.2082 -0.3387 -0.9176
vn 0.3958 -0.8442 -0.3616
vn 0.0607 -0.3791 0.9234
vn 0.2696 -0.8819 0.3867
vn -0.2866 0.2937 0.9119
vn -0.3974 0.8343 0.3821
vn -0.2746 0.8844 -0.3775
vn 0.0123 0.4063 -0.9137
vn 0.2910 -0.3133 -0.9040
vn 0.9368 0.0997 0.3353
vn 0.9676 0.1195 0.2226
vn 0.9679 0.1210 0.2205
vn 0.8892 0.1747 0.4227
vn 0.9359 0.1003 0.3377
vn 0.8593 0.2931 0.4193
vn 0.8884 0.1767 0.4236
vn 0.8649 0.3722 0.3367
vn 0.8591 0.2948 0.4184
vn 0.8967 0.3747 0.2358
vn 0.8653 0.3729 0.3350
vn 0.9354 0.3124 0.1658
vn 0.8973 0.3741 0.2342
vn 0.9647 0.2128 0.1554
vn 0.9361 0.3107 0.1649
vn 0.9651 0.2105 0.1559
vn 0.1674 -0.9188 0.3574
vn 0.3580 -0.8576 -0.3692
vn 0.3600 -0.8501 -0.3843
vn -0.1242 -0.4433 0.8877
vn 0.1651 -0.9167 0.3638
vn -0.3391 0.2803 0.8980
vn -0.3414 0.2950 0.8924
vn -0.3643 0.8473 0.3865
vn -0.3620 0.8560 0.3690
vn -0.1809 0.9159 -0.3584
vn -0.1774 0.9128 -0.3679
vn 0.1115 0.4375 -0.8923
vn 0.1087 0.4442 -0.8893
vn 0.3342 -0.2823 -0.8992
vn 0.3376 -0.2999 -0.8922
vn 0.8762 0.4815 0.0192
vn 0.8763 0.4814 0.0192
vn 0.3882 -0.8490 -0.3585
vn -0.0423 -0.4347 0.8996
vn -0.0112 -0.4136 0.9104
vn -0.2954 0.2742 0.9152
vn -0.3772 0.8349 0.4008
vn -0.2314 0.9045 -0.3582
vn 0.0596 0.4272 -0.9022
vn 0.3180 -0.3060 -0.8974
vn 0.5139 -0.7587 0.4004
vn 0.5034 -0.7866 -0.3576
vn 0.5613 -0.7251 0.3989
vn 0.2458 -0.2809 0.9277
vn 0.2955 -0.2451 0.9234
vn -0.1412 0.3776 0.9151
vn -0.1646 0.3607 0.9180
vn -0.4972 0.7833 0.3732
vn -0.4800 0.7943 0.3724
vn -0.5612 0.7289 -0.3920
vn -0.5134 0.7619 -0.3949
vn -0.2914 0.2415 -0.9256
vn -0.2421 0.2783 -0.9295
vn 0.1728 -0.3691 -0.9132
vn 0.1514 -0.3884 -0.9090
vn 0.4850 -0.7969 -0.3602
vn 0.9635 0.2360 -0.1264
vn 0.9662 0.2394 0.0955
vn 0.9631 0.2452 0.1111
vn 0.8840 0.3847 0.2658
vn 0.8757 0.3988 0.2722
vn 0.7630 0.5892 0.2657
vn 0.7547 0.6031 0.2583
vn 0.6763 0.7301 0.0982
vn 0.6729 0.7352 0.0818
vn 0.6730 0.7273 -0.1345
vn 0.6762 0.7213 -0.1500
vn 0.7531 0.5860 -0.2992
vn 0.7607 0.5728 -0.3054
vn 0.8711 0.3861 -0.3035
vn 0.8788 0.3732 -0.2973
vn 0.9600 0.2413 -0.1417
vn 0.4678 -0.7874 0.4014
vn 0.4673 -0.8074 -0.3603
vn 0.4674 -0.7867 0.4034
vn 0.1942 -0.3063 0.9319
vn 0.1949 -0.3075 0.9314
vn -0.1913 0.3512 0.9165
vn -0.1934 0.3546 0.9148
vn -0.4661 0.8057 0.3656
vn -0.4670 0.8071 0.3614
vn -0.4676 0.7878 -0.4009
vn -0.4671 0.7870 -0.4029
vn -0.1937 0.3062 -0.9320
vn -0.1944 0.3075 -0.9315
vn 0.1920 -0.3520 -0.9161
vn 0.1940 -0.3554 -0.9144
vn 0.4664 -0.8060 -0.3646
vn -0.9243 -0.2444 -0.2930
vn 0.5010 -0.7704 0.3944
vn 0.2331 -0.2952 0.9266
vn -0.1661 0.3549 0.9201
vn -0.4646 0.8019 0.3756
vn -0.4861 0.7814 -0.3913
vn -0.2162 0.3026 -0.9283
vn 0.1857 -0.3515 -0.9176
vn 0.4822 -0.7949 -0.3682
vn 0.5255 -0.7702 -0.3616
vn 0.6221 -0.6807 0.3867
vn 0.3617 -0.2007 0.9104
vn -0.1071 0.3961 0.9119
vn -0.5161 0.7666 0.3821
vn -0.6217 0.6862 -0.3775
vn -0.3560 0.1961 -0.9137
vn 0.1217 -0.4099 -0.9040
vn -0.5624 -0.7558 0.3353
vn -0.5951 -0.7722 0.2227
vn -0.5625 -0.7547 0.3377
vn -0.6028 -0.6767 0.4228
vn -0.6041 -0.6750 0.4236
vn -0.6894 -0.5907 0.4193
vn -0.6909 -0.5897 0.4184
vn -0.7604 -0.5553 0.3367
vn -0.7612 -0.5553 0.3350
vn -0.7788 -0.5814 0.2356
vn -0.7785 -0.5823 0.2342
vn -0.7448 -0.6464 0.1657
vn -0.7437 -0.6479 0.1649
vn -0.6739 -0.7223 0.1554
vn -0.6721 -0.7238 0.1559
vn -0.5965 -0.7717 0.2205
vn 0.7062 -0.6114 0.3572
vn 0.5564 -0.7445 -0.3691
vn 0.7052 -0.6086 0.3637
vn 0.4450 -0.1186 0.8876
vn 0.4479 -0.1224 0.8857
vn -0.0689 0.4343 0.8981
vn -0.0801 0.4440 0.8925
vn -0.5441 0.7446 0.3867
vn -0.5527 0.7471 0.3692
vn -0.6965 0.6216 -0.3584
vn -0.6957 0.6170 -0.3679
vn -0.4334 0.1264 -0.8923
vn -0.4377 0.1322 -0.8894
vn 0.0732 -0.4316 -0.8991
vn 0.0865 -0.4434 -0.8921
vn 0.5488 -0.7425 -0.3842
vn -0.8603 -0.5095 0.0192
vn 0.5335 -0.7661 -0.3585
vn 0.6492 -0.6589 0.3799
vn 0.3958 -0.1847 0.8996
vn -0.0858 0.3937 0.9152
vn -0.5270 0.7495 0.4008
vn -0.6610 0.6593 -0.3583
vn -0.3981 0.1660 -0.9022
vn 0.1017 -0.4294 -0.8974
vn 0.5108 -0.7607 0.4004
vn 0.5406 -0.7614 -0.3577
vn 0.5571 -0.7482 -0.3602
vn 0.1166 -0.3658 0.9234
vn 0.1683 -0.3331 0.9277
vn -0.2974 0.2729 0.9149
vn -0.2728 0.2878 0.9180
vn -0.5399 0.7545 0.3732
vn -0.5567 0.7426 0.3723
vn -0.4657 0.7935 -0.3918
vn -0.5141 0.7615 -0.3948
vn -0.1673 0.3287 -0.9295
vn 0.2775 -0.2985 -0.9132
vn -0.1147 0.3606 -0.9256
vn 0.3033 -0.2856 -0.9091
vn -0.5840 -0.8061 0.0955
vn -0.5798 -0.8049 -0.1265
vn -0.5882 -0.8010 0.1112
vn -0.6878 -0.6754 0.2659
vn -0.6978 -0.6625 0.2723
vn -0.8322 -0.4866 0.2657
vn -0.8419 -0.4737 0.2584
vn -0.9303 -0.3534 0.0982
vn -0.9338 -0.3483 0.0818
vn -0.9265 -0.3515 -0.1344
vn -0.9221 -0.3567 -0.1499
vn -0.8254 -0.4787 -0.2992
vn -0.8160 -0.4907 -0.3054
vn -0.6843 -0.6630 -0.3036
vn -0.6753 -0.6750 -0.2974
vn -0.5835 -0.7997 -0.1417
vn 0.5549 -0.7286 0.4015
vn 0.5734 -0.7358 -0.3603
vn 0.5725 -0.7344 -0.3645
vn 0.2113 -0.2948 0.9319
vn 0.5543 -0.7280 0.4034
vn -0.2539 0.3089 0.9166
vn -0.2563 0.3121 0.9148
vn -0.5723 0.7341 0.3656
vn -0.5733 0.7354 0.3613
vn -0.5552 0.7287 -0.4010
vn -0.5547 0.7280 -0.4030
vn -0.2114 0.2942 -0.9321
vn -0.2123 0.2954 -0.9315
vn 0.2543 -0.3098 -0.9162
vn 0.2568 -0.3130 -0.9144
vn 0.5729 0.7654 -0.2931
vn 0.5265 -0.7531 0.3944
vn 0.5563 -0.7449 -0.3682
vn 0.1864 -0.3267 0.9266
vn -0.2668 0.2869 0.9201
vn -0.5694 0.7312 0.3756
vn -0.5424 0.7435 -0.3912
vn -0.1996 0.3138 -0.9283
vn 0.2563 -0.3039 -0.9176
vn 0.4620 -0.7921 0.3988
vn 0.5172 -0.7758 -0.3615
vn 0.3980 -0.8319 0.3867
vn -0.3272 0.2477 0.9119
vn -0.5173 0.7658 0.3820
vn -0.4033 0.8336 -0.3775
vn -0.0484 0.4036 -0.9137
vn 0.3344 -0.2664 -0.9040
vn 0.9115 0.2383 0.3353
vn 0.9389 0.2624 0.2227
vn 0.9390 0.2639 0.2205
vn 0.8533 0.3053 0.4228
vn 0.9105 0.2387 0.3377
vn 0.8060 0.4178 0.4193
vn 0.8522 0.3072 0.4236
vn 0.7998 0.4970 0.3367
vn 0.8055 0.4196 0.4184
vn 0.8308 0.5041 0.2358
vn 0.8001 0.4976 0.3350
vn 0.8784 0.4483 0.1658
vn 0.8316 0.5036 0.2342
vn 0.9222 0.3542 0.1554
vn 0.8793 0.4467 0.1649
vn 0.9229 0.3520 0.1560
vn 0.3029 -0.8834 0.3575
vn 0.4821 -0.7946 -0.3691
vn 0.4830 -0.7868 -0.3843
vn -0.0567 -0.4568 0.8878
vn 0.3001 -0.8818 0.3639
vn -0.3767 0.2269 0.8981
vn -0.3820 0.2405 0.8923
vn -0.4864 0.7835 0.3867
vn -0.4856 0.7924 0.3691
vn -0.3154 0.8787 -0.3582
vn -0.3115 0.8762 -0.3677
vn 0.0451 0.4493 -0.8922
vn 0.0412 0.4556 -0.8893
vn 0.3727 -0.2293 -0.8992
vn 0.3787 -0.2461 -0.8922
vn 0.7947 0.6067 0.0192
vn 0.5104 -0.7816 -0.3586
vn 0.0229 -0.4361 0.8996
vn 0.0506 -0.4106 0.9104
vn -0.3329 0.2271 0.9152
vn -0.4974 0.7694 0.4008
vn -0.3636 0.8599 -0.3583
vn -0.0048 0.4313 -0.9022
vn 0.3600 -0.2553 -0.8973
vn 0.6213 -0.6736 0.4004
vn 0.6150 -0.7028 -0.3576
vn 0.6631 -0.6334 0.3989
vn 0.3287 -0.1984 0.9234
vn 0.2849 -0.2411 0.9277
vn -0.1959 0.3523 0.9151
vn -0.2165 0.3321 0.9180
vn -0.6084 0.7004 0.3732
vn -0.5930 0.7139 0.3724
vn -0.6636 0.6373 -0.3917
vn -0.6212 0.6769 -0.3949
vn -0.3241 0.1954 -0.9256
vn -0.2809 0.2391 -0.9295
vn 0.2258 -0.3393 -0.9132
vn 0.2073 -0.3613 -0.9091
vn 0.5983 -0.7157 -0.3602
vn 0.9176 0.3769 -0.1265
vn 0.9198 0.3806 0.0954
vn 0.9158 0.3859 0.1112
vn 0.8168 0.5120 0.2658
vn 0.8066 0.5248 0.2721
vn 0.6666 0.6965 0.2656
vn 0.6563 0.7089 0.2582
vn 0.5599 0.8227 0.0982
vn 0.5558 0.8273 0.0818
vn 0.5571 0.8195 -0.1345
vn 0.5612 0.8140 -0.1500
vn 0.6573 0.6916 -0.2994
vn 0.6668 0.6797 -0.3055
vn 0.8038 0.5116 -0.3036
vn 0.8133 0.5000 -0.2975
vn 0.9133 0.3818 -0.1417
vn 0.5798 -0.7089 0.4015
vn 0.5824 -0.7287 -0.3603
vn 0.5793 -0.7083 0.4034
vn 0.2377 -0.2740 0.9319
vn 0.2386 -0.2751 0.9314
vn -0.2416 0.3187 0.9166
vn -0.2441 0.3218 0.9148
vn -0.5810 0.7271 0.3656
vn -0.5821 0.7284 0.3613
vn -0.5796 0.7095 -0.4009
vn -0.5790 0.7088 -0.4029
vn -0.2371 0.2740 -0.9321
vn -0.2380 0.2751 -0.9315
vn 0.2423 -0.3194 -0.9161
vn 0.2448 -0.3225 -0.9144
vn 0.5813 -0.7275 -0.3645
vn -0.8776 -0.3794 -0.2931
vn -0.8776 -0.3795 -0.2930
vn -0.8776 -0.3794 -0.2930
vn 0.6102 -0.6871 0.3944
vn 0.2745 -0.2572 0.9266
vn -0.2171 0.3261 0.9201
vn -0.5789 0.7237 0.3756
vn -0.5971 0.7003 -0.3912
vn -0.2589 0.2670 -0.9283
vn 0.2360 -0.3199 -0.9176
vn 0.5953 -0.7142 -0.3682
vn 0.6344 -0.6833 -0.3616
vn 0.7166 -0.5804 0.3867
vn 0.3876 -0.1446 0.9104
vn -0.1649 0.3757 0.9119
vn -0.6246 0.6811 0.3821
vn -0.7171 0.5859 -0.3775
vn -0.3813 0.1408 -0.9137
vn 0.1814 -0.3872 -0.9040
vn -0.4435 -0.8312 0.3353
vn -0.4733 -0.8523 0.2227
vn -0.4437 -0.8301 0.3377
vn -0.4952 -0.7590 0.4228
vn -0.4968 -0.7575 0.4236
vn -0.5936 -0.6869 0.4193
vn -0.5952 -0.6860 0.4184
vn -0.6692 -0.6625 0.3367
vn -0.6699 -0.6626 0.3350
vn -0.6834 -0.6909 0.2357
vn -0.6831 -0.6918 0.2341
vn -0.6401 -0.7502 0.1658
vn -0.6388 -0.7515 0.1648
vn -0.5587 -0.8146 0.1554
vn -0.5568 -0.8159 0.1559
vn -0.4748 -0.8520 0.2205
vn 0.7890 -0.4997 0.3575
vn 0.6609 -0.6535 -0.3690
vn 0.7880 -0.4966 0.3638
vn 0.4575 -0.0509 0.8877
vn 0.4608 -0.0543 0.8858
vn -0.1329 0.4193 0.8981
vn -0.1452 0.4273 0.8924
vn -0.6491 0.6551 0.3867
vn -0.6581 0.6562 0.3692
vn -0.7815 0.5108 -0.3583
vn -0.7799 0.5064 -0.3678
vn -0.4476 0.0603 -0.8922
vn -0.4526 0.0655 -0.8893
vn 0.1365 -0.4159 -0.8991
vn 0.1515 -0.4256 -0.8922
vn 0.6532 -0.6525 -0.3842
vn -0.7747 -0.6320 0.0192
vn 0.6416 -0.6780 -0.3586
vn 0.7402 -0.5548 0.3799
vn 0.4188 -0.1236 0.8996
vn -0.1435 0.3765 0.9152
vn -0.6328 0.6625 0.4008
vn -0.7519 0.5534 -0.3582
vn -0.4184 0.1049 -0.9022
vn 0.1646 -0.4095 -0.8973
vn 0.6185 -0.6761 0.4004
vn 0.6481 -0.6724 -0.3577
vn 0.6624 -0.6568 -0.3602
vn 0.1698 -0.3444 0.9234
vn 0.2161 -0.3043 0.9277
vn -0.3347 0.2254 0.9150
vn -0.3126 0.2439 0.9180
vn -0.6463 0.6656 0.3732
vn -0.6611 0.6514 0.3724
vn -0.5787 0.7153 -0.3917
vn -0.6218 0.6763 -0.3949
vn -0.1672 0.3395 -0.9256
vn -0.2144 0.3001 -0.9295
vn 0.3189 -0.2538 -0.9132
vn 0.3426 -0.2375 -0.9090
vn -0.4573 -0.8842 0.0955
vn -0.4534 -0.8823 -0.1264
vn -0.4622 -0.8798 0.1112
vn -0.5794 -0.7704 0.2659
vn -0.5912 -0.7591 0.2723
vn -0.7504 -0.6052 0.2657
vn -0.7619 -0.5939 0.2584
vn -0.8673 -0.4881 0.0982
vn -0.8715 -0.4836 0.0818
vn -0.8638 -0.4856 -0.1345
vn -0.8586 -0.4902 -0.1500
vn -0.7449 -0.5964 -0.2992
vn -0.7338 -0.6069 -0.3053
vn -0.5779 -0.7576 -0.3034
vn -0.5672 -0.7681 -0.2973
vn -0.4578 -0.8777 -0.1416
vn 0.6572 -0.6378 0.4015
vn 0.6767 -0.6421 -0.3604
vn 0.6755 -0.6409 -0.3646
vn 0.2528 -0.2601 0.9319
vn 0.6566 -0.6373 0.4034
vn -0.2971 0.2676 0.9166
vn -0.3000 0.2704 0.9148
vn -0.6752 0.6406 0.3656
vn -0.6764 0.6418 0.3613
vn -0.6578 0.6377 -0.4009
vn -0.6569 0.6373 -0.4030
vn -0.2528 0.2595 -0.9321
vn -0.2539 0.2605 -0.9315
vn 0.2976 -0.2686 -0.9161
vn 0.3005 -0.2713 -0.9144
vn 0.4524 0.8423 -0.2930
vn 0.6329 -0.6662 0.3944
vn 0.6612 -0.6537 -0.3682
vn 0.2330 -0.2953 0.9266
vn -0.3066 0.2440 0.9201
vn -0.6720 0.6382 0.3756
vn -0.6471 0.6544 -0.3912
vn -0.2441 0.2805 -0.9283
vn 0.2988 -0.2623 -0.9176
vn 0.5749 -0.7144 0.3988
vn 0.6270 -0.6900 -0.3616
vn 0.5176 -0.7633 0.3867
vn -0.3604 0.1961 0.9119
vn -0.6257 0.6801 0.3820
vn -0.5230 0.7642 -0.3775
vn -0.1080 0.3918 -0.9137
vn 0.3704 -0.2136 -0.9040
vn 0.8658 0.3714 0.3354
vn 0.8893 0.3993 0.2227
vn 0.8892 0.4008 0.2205
vn 0.7983 0.4290 0.4228
vn 0.8647 0.3717 0.3377
vn 0.7347 0.5333 0.4193
vn 0.7969 0.4307 0.4236
vn 0.7168 0.6106 0.3367
vn 0.7340 0.5349 0.4185
vn 0.7464 0.6224 0.2357
vn 0.7170 0.6113 0.3350
vn 0.8018 0.5742 0.1658
vn 0.7472 0.6220 0.2341
vn 0.8591 0.4877 0.1554
vn 0.8029 0.5728 0.1650
vn 0.8602 0.4856 0.1559
vn 0.4312 -0.8284 0.3575
vn 0.5951 -0.7138 -0.3691
vn 0.5948 -0.7060 -0.3843
vn 0.0121 -0.4601 0.8878
vn 0.4283 -0.8271 0.3638
vn -0.4067 0.1678 0.8980
vn -0.4135 0.1809 0.8924
vn -0.5978 0.7023 0.3867
vn -0.5982 0.7113 0.3692
vn -0.4428 0.8219 -0.3583
vn -0.4384 0.8201 -0.3678
vn -0.0223 0.4511 -0.8922
vn -0.0269 0.4566 -0.8893
vn 0.4027 -0.1712 -0.8992
vn 0.4111 -0.1870 -0.8922
vn 0.6954 0.7183 0.0192
vn 0.6954 0.7184 0.0192
vn 0.6212 -0.6968 -0.3585
vn 0.0876 -0.4278 0.8996
vn 0.1112 -0.3985 0.9104
vn -0.3630 0.1749 0.9152
vn -0.6065 0.6867 0.4008
vn -0.4877 0.7961 -0.3583
vn -0.0690 0.4258 -0.9022
vn 0.3940 -0.1987 -0.8974
vn 0.7147 -0.5735 0.4004
vn 0.7127 -0.6032 -0.3580
vn 0.7501 -0.5275 0.3988
vn 0.3177 -0.1959 0.9277
vn 0.3546 -0.1472 0.9234
vn -0.2462 0.3192 0.9151
vn -0.2636 0.2962 0.9180
vn -0.7060 0.6019 0.3732
vn -0.6928 0.6176 0.3724
vn -0.7512 0.5313 -0.3918
vn -0.7151 0.5768 -0.3949
vn -0.3133 0.1946 -0.9295
vn -0.3496 0.1449 -0.9256
vn 0.2739 -0.3018 -0.9132
vn 0.2592 -0.3265 -0.9090
vn 0.6983 -0.6186 -0.3602
vn 0.8511 0.5096 -0.1264
vn 0.8527 0.5136 0.0955
vn 0.8480 0.5182 0.1112
vn 0.7313 0.6281 0.2658
vn 0.7193 0.6392 0.2722
vn 0.5554 0.7880 0.2657
vn 0.5433 0.7988 0.2584
vn 0.4310 0.8970 0.0982
vn 0.4262 0.9009 0.0818
vn 0.4287 0.8934 -0.1344
vn 0.4336 0.8886 -0.1499
vn 0.5470 0.7819 -0.2991
vn 0.5582 0.7716 -0.3052
vn 0.7186 0.6257 -0.3034
vn 0.7298 0.6157 -0.2972
vn 0.8462 0.5137 -0.1416
vn 0.6790 -0.6147 0.4015
vn 0.6845 -0.6338 -0.3603
vn 0.6784 -0.6141 0.4034
vn 0.2759 -0.2355 0.9319
vn 0.2769 -0.2365 0.9313
vn -0.2863 0.2792 0.9166
vn -0.2892 0.2818 0.9148
vn -0.6828 0.6325 0.3656
vn -0.6841 0.6336 0.3613
vn -0.6790 0.6150 -0.4009
vn -0.6784 0.6144 -0.4029
vn -0.2752 0.2355 -0.9321
vn -0.2763 0.2366 -0.9315
vn 0.2871 -0.2797 -0.9162
vn 0.2901 -0.2824 -0.9144
vn 0.6832 -0.6327 -0.3645
vn -0.8113 -0.5059 -0.2931
vn -0.8113 -0.5060 -0.2931
vn -0.8113 -0.5060 -0.2930
vn 0.7058 -0.5885 0.3944
vn 0.3098 -0.2134 0.9266
vn -0.2633 0.2901 0.9201
vn -0.6803 0.6294 0.3756
vn -0.6948 0.6034 -0.3912
vn -0.2958 0.2255 -0.9283
vn 0.2810 -0.2812 -0.9176
vn 0.6951 -0.6175 -0.3682
vn 0.7291 -0.5811 -0.3616
vn 0.7951 -0.4671 0.3868
vn 0.4049 -0.0852 0.9104
vn -0.2191 0.3470 0.9119
vn -0.7192 0.5804 0.3820
vn -0.7964 0.4725 -0.3775
vn -0.3980 0.0824 -0.9137
vn 0.2371 -0.3558 -0.9040
vn -0.3147 -0.8880 0.3353
vn -0.3410 -0.9133 0.2227
vn -0.3150 -0.8870 0.3377
vn -0.3765 -0.8243 0.4228
vn -0.3783 -0.8231 0.4236
vn -0.4847 -0.7677 0.4193
vn -0.4863 -0.7671 0.4184
vn -0.5630 -0.7548 0.3367
vn -0.5637 -0.7550 0.3350
vn -0.5728 -0.7851 0.2357
vn -0.5723 -0.7859 0.2342
vn -0.5212 -0.8372 0.1657
vn -0.5197 -0.8383 0.1649
vn -0.4311 -0.8888 0.1554
vn -0.4290 -0.8898 0.1559
vn -0.3425 -0.9133 0.2205
vn 0.8548 -0.3763 0.3575
vn 0.7509 -0.5477 -0.3691
vn 0.8533 -0.3735 0.3638
vn 0.4599 0.0178 0.8878
vn 0.4637 0.0149 0.8859
vn -0.1940 0.3947 0.8981
vn -0.2072 0.4008 0.8924
vn -0.7396 0.5508 0.3868
vn -0.7486 0.5507 0.3693
vn -0.8490 0.3883 -0.3583
vn -0.8468 0.3842 -0.3678
vn -0.4516 -0.0071 -0.8922
vn -0.4573 -0.0028 -0.8893
vn 0.1968 -0.3908 -0.8992
vn 0.2132 -0.3982 -0.8922
vn 0.7432 -0.5476 -0.3844
vn -0.6719 -0.7404 0.0192
vn 0.7355 -0.5748 -0.3585
vn 0.8146 -0.4383 0.3799
vn 0.4326 -0.0598 0.8996
vn -0.1981 0.3510 0.9152
vn -0.7245 0.5608 0.4007
vn -0.8260 0.4352 -0.3583
vn -0.4294 0.0413 -0.9022
vn 0.2238 -0.3804 -0.8973
vn 0.7124 -0.5764 0.4004
vn 0.7410 -0.5683 -0.3577
vn 0.7529 -0.5508 -0.3602
vn 0.2590 -0.2687 0.9277
vn 0.6750 -0.6208 0.3988
vn -0.3643 0.1727 0.9151
vn -0.3454 0.1946 0.9181
vn -0.7383 0.5618 0.3732
vn -0.7508 0.5456 0.3724
vn -0.6789 0.6210 -0.3917
vn -0.7157 0.5761 -0.3949
vn -0.2159 0.3108 -0.9256
vn -0.2567 0.2648 -0.9295
vn 0.3532 -0.2035 -0.9132
vn 0.3742 -0.1838 -0.9090
vn -0.3204 -0.9425 0.0955
vn -0.3169 -0.9400 -0.1264
vn -0.3259 -0.9388 0.1112
vn -0.4581 -0.8482 0.2658
vn -0.4715 -0.8388 0.2722
vn -0.6518 -0.7103 0.2657
vn -0.6649 -0.7008 0.2584
vn -0.7848 -0.6119 0.0983
vn -0.7897 -0.6080 0.0819
vn -0.7818 -0.6088 -0.1344
vn -0.7760 -0.6126 -0.1500
vn -0.6477 -0.7007 -0.2992
vn -0.6352 -0.7094 -0.3054
vn -0.4586 -0.8353 -0.3034
vn -0.4463 -0.8440 -0.2973
vn -0.3219 -0.9361 -0.1416
vn 0.7450 -0.5328 0.4014
vn 0.7648 -0.5341 -0.3603
vn 0.7635 -0.5331 -0.3646
vn 0.2888 -0.2194 0.9319
vn 0.7443 -0.5323 0.4033
vn -0.3337 0.2205 0.9165
vn -0.3369 0.2228 0.9148
vn -0.7632 0.5328 0.3656
vn -0.7645 0.5338 0.3613
vn -0.7453 0.5328 -0.4009
vn -0.7446 0.5323 -0.4029
vn -0.2887 0.2189 -0.9321
vn -0.2899 0.2197 -0.9315
vn 0.3343 -0.2211 -0.9162
vn 0.3376 -0.2234 -0.9144
vn 0.3219 0.9003 -0.2930
vn 0.7251 -0.5645 0.3944
vn 0.7512 -0.5478 -0.3683
vn 0.2744 -0.2573 0.9266
vn -0.3395 0.1955 0.9201
vn -0.7597 0.5309 0.3756
vn -0.7374 0.5506 -0.3912
vn -0.2832 0.2411 -0.9283
vn 0.3345 -0.2148 -0.9176
vn 0.7229 -0.5888 -0.3616
vn 0.2192 -0.3152 0.9234
vn 0.6255 -0.6776 0.3867
vn -0.3856 0.1402 0.9119
vn -0.7201 0.5793 0.3820
vn -0.6311 0.6777 -0.3774
vn -0.1652 0.3714 -0.9137
vn 0.3981 -0.1560 -0.9040
vn 0.8008 0.4963 0.3353
vn 0.8199 0.5274 0.2226
vn 0.8195 0.5289 0.2205
vn 0.7254 0.5432 0.4228
vn 0.7997 0.4965 0.3377
vn 0.6470 0.6368 0.4193
vn 0.7238 0.5447 0.4236
vn 0.6178 0.7106 0.3367
vn 0.6461 0.6384 0.4183
vn 0.6453 0.7266 0.2357
vn 0.6179 0.7113 0.3350
vn 0.7072 0.6873 0.1657
vn 0.6462 0.7264 0.2342
vn 0.7768 0.6102 0.1554
vn 0.7086 0.6861 0.1649
vn 0.7782 0.6084 0.1559
vn 0.5499 -0.7549 0.3575
vn 0.6948 -0.6172 -0.3692
vn 0.6933 -0.6096 -0.3844
vn 0.0807 -0.4531 0.8878
vn 0.5468 -0.7541 0.3639
vn -0.4270 0.1056 0.8981
vn -0.4358 0.1174 0.8924
vn -0.6958 0.6053 0.3867
vn -0.6975 0.6142 0.3692
vn -0.5604 0.7467 -0.3582
vn -0.5560 0.7453 -0.3679
vn -0.0894 0.4427 -0.8922
vn -0.0947 0.4474 -0.8893
vn 0.4237 -0.1092 -0.8992
vn 0.4343 -0.1236 -0.8922
vn 0.5806 0.8140 0.0192
vn 0.7181 -0.5965 -0.3585
vn 0.1504 -0.4100 0.8996
vn 0.1693 -0.3775 0.9104
vn -0.3851 0.1189 0.9152
vn -0.7021 0.5886 0.4007
vn -0.6009 0.7146 -0.3583
vn -0.1317 0.4107 -0.9022
vn 0.4192 -0.1378 -0.8974
vn 0.7922 -0.4606 0.4004
vn 0.7948 -0.4903 -0.3577
vn 0.8204 -0.4098 0.3988
vn 0.3726 -0.0927 0.9234
vn 0.3433 -0.1464 0.9277
vn -0.2910 0.2789 0.9151
vn -0.3048 0.2536 0.9180
vn -0.7878 0.4900 0.3732
vn -0.7771 0.5075 0.3723
vn -0.8220 0.4134 -0.3918
vn -0.7931 0.4637 -0.3949
vn -0.3388 0.1457 -0.9295
vn -0.3673 0.0912 -0.9256
vn 0.3158 -0.2576 -0.9132
vn 0.3046 -0.2842 -0.9091
vn 0.7827 -0.5076 -0.3602
vn 0.7657 0.6307 -0.1264
vn 0.7668 0.6347 0.0955
vn 0.7615 0.6386 0.1112
vn 0.6296 0.7300 0.2659
vn 0.6161 0.7392 0.2723
vn 0.4318 0.8620 0.2657
vn 0.4182 0.8708 0.2584
vn 0.2925 0.9512 0.0983
vn 0.2872 0.9544 0.0819
vn 0.2908 0.9473 -0.1344
vn 0.2963 0.9433 -0.1499
vn 0.4242 0.8547 -0.2992
vn 0.4368 0.8461 -0.3054
vn 0.6173 0.7258 -0.3035
vn 0.6299 0.7175 -0.2973
vn 0.7602 0.6340 -0.1416
vn 0.7630 -0.5066 0.4015
vn 0.7712 -0.5248 -0.3603
vn 0.7624 -0.5061 0.4034
vn 0.3079 -0.1916 0.9319
vn 0.3091 -0.1924 0.9314
vn -0.3248 0.2333 0.9166
vn -0.3281 0.2355 0.9148
vn -0.7695 0.5236 0.3656
vn -0.7709 0.5245 0.3613
vn -0.7631 0.5069 -0.4010
vn -0.7624 0.5063 -0.4030
vn -0.3073 0.1919 -0.9321
vn -0.3086 0.1927 -0.9315
vn 0.3256 -0.2338 -0.9161
vn 0.3290 -0.2361 -0.9144
vn 0.7698 -0.5240 -0.3646
vn -0.7268 -0.6212 -0.2931
vn -0.7268 -0.6212 -0.2930
vn 0.7856 -0.4767 0.3944
vn 0.3381 -0.1649 0.9266
vn -0.3036 0.2477 0.9201
vn -0.7665 0.5209 0.3756
vn -0.7770 0.4931 -0.3912
vn -0.3261 0.1789 -0.9283
vn 0.3198 -0.2362 -0.9176
vn 0.7793 -0.5070 -0.3682
vn 0.8076 -0.4659 -0.3615
vn 0.8559 -0.3434 0.3867
vn 0.4130 -0.0239 0.9104
vn -0.2684 0.3105 0.9119
vn -0.7976 0.4667 0.3820
vn -0.8579 0.3485 -0.3775
vn -0.4059 0.0222 -0.9137
vn 0.2875 -0.3165 -0.9040
vn -0.1788 -0.9250 0.3354
vn -0.2011 -0.9539 0.2226
vn -0.1793 -0.9240 0.3377
vn -0.2495 -0.8712 0.4228
vn -0.2514 -0.8703 0.4236
vn -0.3648 -0.8313 0.4193
vn -0.3666 -0.8310 0.4184
vn -0.4442 -0.8302 0.3367
vn -0.4449 -0.8306 0.3350
vn -0.4494 -0.8617 0.2358
vn -0.4489 -0.8624 0.2341
vn -0.3906 -0.9055 0.1658
vn -0.3890 -0.9064 0.1650
vn -0.2938 -0.9432 0.1554
vn -0.2916 -0.9438 0.1559
vn -0.2026 -0.9541 0.2205
vn 0.9013 -0.2447 0.3574
vn 0.8243 -0.4293 -0.3692
vn 0.8995 -0.2421 0.3637
vn 0.4522 0.0862 0.8877
vn 0.4565 0.0840 0.8857
vn -0.2505 0.3617 0.8980
vn -0.2646 0.3655 0.8924
vn -0.8135 0.4344 0.3867
vn -0.8224 0.4328 0.3692
vn -0.8975 0.2572 -0.3583
vn -0.8946 0.2535 -0.3679
vn -0.4454 -0.0743 -0.8923
vn -0.4518 -0.0708 -0.8893
vn 0.2530 -0.3570 -0.8992
vn 0.2703 -0.3618 -0.8922
vn 0.8165 -0.4308 -0.3843
vn -0.5540 -0.8323 0.0192
vn 0.8130 -0.4588 -0.3586
vn 0.8708 -0.3120 0.3799
vn 0.4367 0.0053 0.8996
vn -0.2481 0.3175 0.9152
vn -0.7999 0.4466 0.4008
vn -0.8816 0.3072 -0.3583
vn -0.4307 -0.0231 -0.9022
vn 0.2780 -0.3428 -0.8973
vn 0.7903 -0.4638 0.4004
vn 0.8175 -0.4515 -0.3577
vn 0.8266 -0.4324 -0.3602
vn 0.2962 -0.2271 0.9277
vn 0.7600 -0.5132 0.3988
vn -0.3859 0.1165 0.9151
vn -0.3706 0.1409 0.9180
vn -0.8138 0.4455 0.3732
vn -0.8237 0.4276 0.3724
vn -0.7638 0.5129 -0.3917
vn -0.7935 0.4630 -0.3949
vn -0.2598 0.2751 -0.9256
vn -0.2934 0.2236 -0.9295
vn 0.3795 -0.1486 -0.9132
vn 0.3974 -0.1260 -0.9090
vn -0.1764 -0.9797 0.0955
vn -0.1732 -0.9767 -0.1264
vn -0.1824 -0.9769 0.1111
vn -0.3266 -0.9070 0.2658
vn -0.3413 -0.8997 0.2722
vn -0.5387 -0.7995 0.2657
vn -0.5531 -0.7921 0.2584
vn -0.6848 -0.7220 0.0982
vn -0.6902 -0.7190 0.0819
vn -0.6822 -0.7187 -0.1345
vn -0.6760 -0.7215 -0.1500
vn -0.5360 -0.7894 -0.2992
vn -0.5224 -0.7961 -0.3054
vn -0.3289 -0.8943 -0.3035
vn -0.3156 -0.9011 -0.2973
vn -0.1788 -0.9736 -0.1416
vn 0.8160 -0.4158 0.4015
vn 0.8359 -0.4140 -0.3603
vn 0.8345 -0.4132 -0.3646
vn 0.3182 -0.1741 0.9319
vn 0.8153 -0.4155 0.4034
vn -0.3628 0.1682 0.9165
vn -0.3663 0.1700 0.9148
vn -0.8341 0.4131 0.3656
vn -0.8356 0.4138 0.3613
vn -0.8165 0.4154 -0.4010
vn -0.8157 0.4151 -0.4029
vn -0.3181 0.1735 -0.9321
vn -0.3194 0.1741 -0.9315
vn 0.3636 -0.1688 -0.9162
vn 0.3672 -0.1706 -0.9144
vn 0.1841 0.9382 -0.2930
vn 0.8011 -0.4501 0.3944
vn 0.8244 -0.4297 -0.3683
vn 0.3097 -0.2135 0.9266
vn -0.3649 0.1428 0.9201
vn -0.8303 0.4117 0.3756
vn -0.8112 0.4345 -0.3912
vn -0.3160 0.1961 -0.9283
vn 0.3628 -0.1626 -0.9176
vn 0.8025 -0.4745 -0.3616
vn 0.2637 -0.2790 0.9234
vn 0.7195 -0.5768 0.3868
vn -0.4022 0.0812 0.9120
vn -0.7984 0.4655 0.3820
vn -0.7250 0.5761 -0.3775
vn -0.2187 0.3426 -0.9137
vn 0.4169 -0.0949 -0.9040
vn 0.7178 0.6101 0.3353
vn 0.7321 0.6438 0.2227
vn 0.7315 0.6452 0.2205
vn 0.6363 0.6453 0.4227
vn 0.7168 0.6101 0.3377
vn 0.5449 0.7261 0.4193
vn 0.6345 0.6465 0.4236
vn 0.5050 0.7947 0.3367
vn 0.5437 0.7275 0.4184
vn 0.5298 0.8147 0.2357
vn 0.5050 0.7955 0.3350
vn 0.5969 0.7850 0.1658
vn 0.5307 0.8146 0.2341
vn 0.6772 0.7192 0.1554
vn 0.5984 0.7840 0.1649
vn 0.6788 0.7176 0.1559
vn 0.6562 -0.6646 0.3574
vn 0.7789 -0.5069 -0.3692
vn 0.7765 -0.4993 -0.3843
vn 0.1472 -0.4362 0.8877
vn 0.6528 -0.6645 0.3637
vn -0.4381 0.0406 0.8980
vn -0.4483 0.0512 0.8924
vn -0.7782 0.4949 0.3866
vn -0.7812 0.5034 0.3691
vn -0.6653 0.6549 -0.3584
vn -0.6607 0.6543 -0.3679
vn -0.1543 0.4242 -0.8923
vn -0.1604 0.4282 -0.8893
vn 0.4353 -0.0449 -0.8992
vn 0.4480 -0.0575 -0.8922
vn 0.4528 0.8914 0.0192
vn 0.7990 -0.4828 -0.3586
vn 0.2098 -0.3830 0.8996
vn 0.2237 -0.3480 0.9104
vn -0.3985 0.0601 0.9152
vn -0.7820 0.4774 0.4008
vn -0.7007 0.6170 -0.3582
vn -0.1914 0.3865 -0.9022
vn 0.4351 -0.0737 -0.8974
vn 0.8520 -0.3373 0.4004
vn 0.8590 -0.3663 -0.3577
vn 0.8723 -0.2830 0.3988
vn 0.3613 -0.0936 0.9277
vn 0.3822 -0.0361 0.9234
vn -0.3300 0.2325 0.9149
vn -0.3392 0.2053 0.9180
vn -0.8522 0.3670 0.3728
vn -0.8440 0.3860 0.3724
vn -0.8743 0.2861 -0.3921
vn -0.8534 0.3404 -0.3949
vn -0.3768 0.0354 -0.9256
vn -0.3567 0.0936 -0.9295
vn 0.3507 -0.2077 -0.9132
vn 0.3436 -0.2356 -0.9091
vn 0.8496 -0.3853 -0.3602
vn 0.6631 0.7378 -0.1264
vn 0.6635 0.7421 0.0955
vn 0.6576 0.7451 0.1112
vn 0.5137 0.8157 0.2659
vn 0.4990 0.8227 0.2723
vn 0.2985 0.9167 0.2657
vn 0.2838 0.9234 0.2584
vn 0.1475 0.9842 0.0982
vn 0.1418 0.9865 0.0818
vn 0.1464 0.9800 -0.1345
vn 0.1525 0.9769 -0.1500
vn 0.2922 0.9083 -0.2993
vn 0.3059 0.9018 -0.3054
vn 0.5023 0.8097 -0.3035
vn 0.5159 0.8034 -0.2974
vn 0.6573 0.7402 -0.1416
vn 0.8301 -0.3871 0.4015
vn 0.8409 -0.4039 -0.3603
vn 0.8292 -0.3870 0.4033
vn 0.3330 -0.1437 0.9319
vn 0.3343 -0.1442 0.9314
vn -0.3559 0.1823 0.9165
vn -0.3595 0.1840 0.9148
vn -0.8390 0.4030 0.3656
vn -0.8405 0.4037 0.3613
vn -0.8300 0.3877 -0.4010
vn -0.8292 0.3873 -0.4030
vn -0.3325 0.1439 -0.9321
vn -0.3338 0.1446 -0.9315
vn 0.3567 -0.1827 -0.9162
vn 0.3604 -0.1844 -0.9144
vn 0.8394 -0.4032 -0.3646
vn -0.6261 -0.7226 -0.2930
vn -0.6261 -0.7226 -0.2931
vn 0.8479 -0.3543 0.3944
vn 0.3589 -0.1126 0.9265
vn -0.3371 0.1997 0.9201
vn -0.8356 0.4009 0.3756
vn -0.8418 0.3719 -0.3912
vn -0.3490 0.1283 -0.9283
vn 0.3514 -0.1858 -0.9176
vn 0.8462 -0.3852 -0.3682
vn 0.8680 -0.3404 -0.3616
vn 0.8975 -0.2120 0.3868
vn 0.4119 0.0379 0.9104
vn -0.3116 0.2670 0.9119
vn -0.8583 0.3427 0.3820
vn -0.9003 0.2168 -0.3775
vn -0.4046 -0.0385 -0.9137
vn 0.3314 -0.2701 -0.9040
vn -0.0390 -0.9413 0.3353
vn -0.0567 -0.9732 0.2227
vn -0.0396 -0.9404 0.3377
vn -0.1168 -0.8987 0.4228
vn -0.1189 -0.8980 0.4236
vn -0.2369 -0.8764 0.4193
vn -0.2387 -0.8764 0.4184
vn -0.3155 -0.8872 0.3367
vn -0.3161 -0.8876 0.3350
vn -0.3160 -0.9190 0.2357
vn -0.3153 -0.9197 0.2341
vn -0.2512 -0.9536 0.1658
vn -0.2494 -0.9543 0.1648
vn -0.1500 -0.9764 0.1554
vn -0.1476 -0.9767 0.1559
vn -0.0581 -0.9736 0.2205
vn 0.9277 -0.1078 0.3573
vn 0.8790 -0.3019 -0.3692
vn 0.9255 -0.1057 0.3637
vn 0.4344 0.1525 0.8877
vn 0.4389 0.1510 0.8858
vn -0.3016 0.3201 0.8981
vn -0.3163 0.3218 0.8924
vn -0.8691 0.3084 0.3868
vn -0.8776 0.3056 0.3693
vn -0.9257 0.1214 -0.3583
vn -0.9224 0.1181 -0.3678
vn -0.4294 -0.1395 -0.8923
vn -0.4363 -0.1369 -0.8893
vn 0.3034 -0.3154 -0.8992
vn 0.3211 -0.3177 -0.8922
vn 0.8715 -0.3045 -0.3843
vn -0.4238 -0.9056 0.0192
vn -0.4238 -0.9055 0.0192
vn 0.8723 -0.3325 -0.3586
vn 0.9076 -0.1788 0.3799
vn 0.4310 0.0704 0.8996
vn -0.2927 0.2770 0.9152
vn -0.8576 0.3224 0.4007
vn -0.9176 0.1724 -0.3583
vn -0.4225 -0.0871 -0.9022
vn 0.3260 -0.2975 -0.8973
vn 0.8506 -0.3408 0.4004
vn 0.8756 -0.3246 -0.3577
vn 0.8818 -0.3044 -0.3602
vn 0.3267 -0.1804 0.9277
vn 0.8279 -0.3943 0.3988
vn -0.3992 0.0579 0.9150
vn -0.3874 0.0841 0.9180
vn -0.8711 0.3192 0.3732
vn -0.8782 0.3001 0.3724
vn -0.8317 0.3934 -0.3918
vn -0.8537 0.3396 -0.3949
vn -0.2979 0.2333 -0.9256
vn -0.3234 0.1773 -0.9295
vn 0.3975 -0.0903 -0.9132
vn 0.4117 -0.0654 -0.9090
vn -0.0285 -0.9950 0.0955
vn -0.0257 -0.9916 -0.1264
vn -0.0348 -0.9932 0.1112
vn -0.1878 -0.9455 0.2658
vn -0.2033 -0.9405 0.2722
vn -0.4136 -0.8709 0.2656
vn -0.4289 -0.8656 0.2584
vn -0.5696 -0.8161 0.0983
vn -0.5753 -0.8138 0.0818
vn -0.5675 -0.8123 -0.1345
vn -0.5609 -0.8142 -0.1500
vn -0.4124 -0.8605 -0.2993
vn -0.3979 -0.8651 -0.3054
vn -0.1920 -0.9333 -0.3035
vn -0.1777 -0.9381 -0.2973
vn -0.0317 -0.9894 -0.1416
vn 0.8689 -0.2896 0.4015
vn 0.8883 -0.2848 -0.3603
vn 0.8867 -0.2843 -0.3646
vn 0.3406 -0.1245 0.9319
vn 0.8681 -0.2894 0.4034
vn -0.3838 0.1123 0.9165
vn -0.3876 0.1136 0.9148
vn -0.8863 0.2844 0.3656
vn -0.8879 0.2849 0.3613
vn -0.8693 0.2891 -0.4009
vn -0.8685 0.2888 -0.4029
vn -0.3404 0.1241 -0.9321
vn -0.3419 0.1245 -0.9315
vn 0.3847 -0.1128 -0.9161
vn 0.3884 -0.1140 -0.9144
vn 0.0422 0.9552 -0.2931
vn 0.0422 0.9552 -0.2930
vn 0.8593 -0.3257 0.3944
vn 0.8793 -0.3021 -0.3683
vn 0.3381 -0.1650 0.9266
vn -0.3821 0.0868 0.9200
vn -0.8824 0.2834 0.3756
vn -0.8669 0.3088 -0.3912
vn -0.3417 0.1468 -0.9283
vn 0.3830 -0.1067 -0.9176
vn 0.8643 -0.3497 -0.3616
vn 0.3024 -0.2366 0.9234
vn 0.7975 -0.4631 0.3867
vn -0.4099 0.0204 0.9119
vn -0.8588 0.3413 0.3820
vn -0.8028 0.4616 -0.3775
vn -0.2673 0.3062 -0.9137
vn 0.4264 -0.0317 -0.9040
vn 0.6189 0.7103 0.3352
vn 0.6280 0.7457 0.2227
vn 0.6272 0.7470 0.2205
vn 0.5331 0.7329 0.4228
vn 0.6178 0.7101 0.3377
vn 0.4306 0.7992 0.4193
vn 0.5311 0.7338 0.4236
vn 0.3809 0.8611 0.3367
vn 0.4292 0.8004 0.4184
vn 0.4025 0.8845 0.2358
vn 0.3807 0.8618 0.3350
vn 0.4733 0.8652 0.1658
vn 0.4034 0.8846 0.2342
vn 0.5625 0.8121 0.1554
vn 0.4750 0.8644 0.1648
vn 0.5643 0.8107 0.1559
vn 0.7478 -0.5596 0.3573
vn 0.8459 -0.3850 -0.3691
vn 0.8423 -0.3780 -0.3843
vn 0.2105 -0.4094 0.8877
vn 0.7447 -0.5596 0.3638
vn -0.4393 -0.0251 0.8980
vn -0.4509 -0.0161 0.8924
vn -0.8432 0.3735 0.3866
vn -0.8474 0.3816 0.3692
vn -0.7555 0.5484 -0.3583
vn -0.7509 0.5485 -0.3679
vn -0.2158 0.3965 -0.8923
vn -0.2224 0.3995 -0.8893
vn 0.4371 0.0206 -0.8992
vn 0.4516 0.0100 -0.8922
vn 0.3149 0.9489 0.0192
vn 0.8620 -0.3583 -0.3585
vn 0.2646 -0.3474 0.8996
vn 0.2730 -0.3108 0.9104
vn -0.4030 0.0001 0.9152
vn -0.8444 0.3555 0.4008
vn -0.7848 0.5057 -0.3582
vn -0.2469 0.3537 -0.9022
vn 0.4412 -0.0081 -0.8974
vn 0.8927 -0.2066 0.4004
vn 0.9038 -0.2343 -0.3580
vn 0.9047 -0.1498 0.3988
vn 0.3712 -0.0387 0.9277
vn 0.3833 0.0213 0.9234
vn -0.3608 0.1808 0.9150
vn -0.3660 0.1525 0.9180
vn -0.8972 0.2360 0.3732
vn -0.8921 0.2559 0.3723
vn -0.9072 0.1526 -0.3921
vn -0.8946 0.2094 -0.3948
vn -0.3783 -0.0211 -0.9255
vn -0.3668 0.0393 -0.9295
vn 0.3777 -0.1531 -0.9132
vn 0.3752 -0.1817 -0.9090
vn 0.8975 -0.2543 -0.3602
vn 0.5459 0.8283 -0.1265
vn 0.5456 0.8326 0.0955
vn 0.5393 0.8348 0.1112
vn 0.3864 0.8832 0.2658
vn 0.3708 0.8879 0.2722
vn 0.1585 0.9509 0.2657
vn 0.1430 0.9554 0.2584
vn -0.0009 0.9952 0.0982
vn -0.0068 0.9966 0.0819
vn -0.0013 0.9909 -0.1344
vn 0.0052 0.9887 -0.1500
vn 0.1535 0.9418 -0.2992
vn 0.1681 0.9373 -0.3054
vn 0.3760 0.8755 -0.3035
vn 0.3905 0.8713 -0.2974
vn 0.5397 0.8299 -0.1416
vn 0.8784 -0.2592 0.4015
vn 0.8917 -0.2739 -0.3603
vn 0.8776 -0.2590 0.4034
vn 0.3507 -0.0925 0.9319
vn 0.3521 -0.0929 0.9314
vn -0.3789 0.1277 0.9166
vn -0.3829 0.1283 0.9148
vn -0.8897 0.2735 0.3656
vn -0.8913 0.2739 0.3613
vn -0.8785 0.2596 -0.4009
vn -0.8777 0.2594 -0.4029
vn -0.3502 0.0928 -0.9321
vn -0.3516 0.0933 -0.9315
vn 0.3801 -0.1273 -0.9161
vn 0.3839 -0.1285 -0.9144
vn 0.8901 -0.2735 -0.3645
vn -0.5114 -0.8078 -0.2930
vn -0.5114 -0.8078 -0.2931
vn 0.8912 -0.2240 0.3944
vn 0.3717 -0.0579 0.9266
vn -0.3631 0.1472 0.9201
vn -0.8860 0.2719 0.3756
vn -0.8879 0.2422 -0.3912
vn -0.3643 0.0748 -0.9283
vn 0.3752 -0.1314 -0.9176
vn 0.8941 -0.2548 -0.3682
vn 0.9090 -0.2072 -0.3616
vn 0.9191 -0.0759 0.3867
vn 0.4017 0.0989 0.9104
vn -0.3479 0.2176 0.9119
vn -0.8998 0.2109 0.3820
vn -0.9225 0.0802 -0.3775
vn -0.3944 -0.0984 -0.9137
vn 0.3680 -0.2177 -0.9040
vn 0.1018 -0.9366 0.3354
vn 0.0890 -0.9708 0.2227
vn 0.1010 -0.9358 0.3377
vn 0.0184 -0.9061 0.4228
vn 0.0162 -0.9057 0.4236
vn -0.1036 -0.9019 0.4193
vn -0.1054 -0.9021 0.4185
vn -0.1798 -0.9243 0.3367
vn -0.1803 -0.9248 0.3350
vn -0.1754 -0.9558 0.2358
vn -0.1747 -0.9564 0.2342
vn -0.1063 -0.9804 0.1658
vn -0.1046 -0.9807 0.1650
vn -0.0028 -0.9879 0.1554
vn -0.0004 -0.9878 0.1559
vn 0.0876 -0.9714 0.2205
vn 0.9334 0.0315 0.3574
vn 0.9142 -0.1674 -0.3692
vn 0.9309 0.0335 0.3638
vn 0.4067 0.2156 0.8877
vn 0.4115 0.2148 0.8857
vn -0.3459 0.2719 0.8980
vn -0.3606 0.2713 0.8924
vn -0.9053 0.1755 0.3867
vn -0.9134 0.1715 0.3692
vn -0.9334 -0.0182 -0.3583
vn -0.9296 -0.0208 -0.3679
vn -0.4037 -0.2020 -0.8923
vn -0.4109 -0.2005 -0.8894
vn 0.3470 -0.2666 -0.8992
vn 0.3648 -0.2662 -0.8922
vn 0.9072 -0.1711 -0.3843
vn -0.2841 -0.9586 0.0192
vn 0.9121 -0.1988 -0.3586
vn 0.9241 -0.0415 0.3798
vn 0.4157 0.1338 0.8996
vn -0.3307 0.2303 0.9152
vn -0.8961 0.1910 0.4008
vn -0.9330 0.0337 -0.3583
vn -0.4048 -0.1491 -0.9022
vn 0.3667 -0.2456 -0.8973
vn 0.8919 -0.2102 0.4003
vn 0.9142 -0.1905 -0.3577
vn 0.9173 -0.1696 -0.3602
vn 0.3500 -0.1297 0.9277
vn 0.8775 -0.2665 0.3988
vn -0.4031 -0.0025 0.9152
vn -0.3957 0.0254 0.9180
vn -0.9090 0.1859 0.3732
vn -0.9132 0.1658 0.3723
vn -0.8811 0.2650 -0.3918
vn -0.8947 0.2086 -0.3949
vn -0.3294 0.1863 -0.9256
vn -0.3462 0.1272 -0.9295
vn 0.4064 -0.0301 -0.9132
vn 0.4169 -0.0033 -0.9090
vn 0.1202 -0.9881 0.0955
vn 0.1224 -0.9844 -0.1264
vn 0.1137 -0.9873 0.1112
vn -0.0448 -0.9630 0.2659
vn -0.0609 -0.9603 0.2722
vn -0.2791 -0.9228 0.2657
vn -0.2951 -0.9199 0.2584
vn -0.4416 -0.8918 0.0982
vn -0.4476 -0.8905 0.0819
vn -0.4401 -0.8878 -0.1344
vn -0.4334 -0.8887 -0.1499
vn -0.2795 -0.9123 -0.2992
vn -0.2645 -0.9148 -0.3054
vn -0.0508 -0.9515 -0.3035
vn -0.0360 -0.9541 -0.2973
vn 0.1161 -0.9831 -0.1416
vn 0.9023 -0.1570 0.4015
vn 0.9208 -0.1493 -0.3603
vn 0.9192 -0.1489 -0.3646
vn 0.3554 -0.0724 0.9319
vn 0.9015 -0.1566 0.4034
vn -0.3963 0.0537 0.9165
vn -0.4002 0.0544 0.9148
vn -0.9188 0.1485 0.3657
vn -0.9205 0.1489 0.3613
vn -0.9027 0.1563 -0.4009
vn -0.9018 0.1562 -0.4029
vn -0.3551 0.0719 -0.9321
vn -0.3565 0.0721 -0.9315
vn 0.3972 -0.0541 -0.9161
vn 0.4011 -0.0547 -0.9144
vn -0.1006 0.9508 -0.2931
vn -0.1006 0.9508 -0.2930
vn 0.8982 -0.1940 0.3944
vn 0.9145 -0.1677 -0.3682
vn 0.3589 -0.1128 0.9265
vn -0.3907 0.0289 0.9201
vn -0.9148 0.1487 0.3756
vn -0.9033 0.1762 -0.3912
vn -0.3597 0.0943 -0.9283
vn 0.3946 -0.0484 -0.9176
vn 0.9068 -0.2169 -0.3616
vn 0.3343 -0.1889 0.9234
vn 0.8576 -0.3391 0.3867
vn -0.4083 -0.0409 0.9119
vn -0.9001 0.2095 0.3820
vn -0.8626 0.3368 -0.3775
vn -0.3100 0.2629 -0.9137
vn 0.4263 0.0322 -0.9040
vn 0.5062 0.7946 0.3352
vn 0.5099 0.8309 0.2227
vn 0.5089 0.8321 0.2205
vn 0.4179 0.8042 0.4227
vn 0.5051 0.7943 0.3377
vn 0.3067 0.8545 0.4193
vn 0.4158 0.8048 0.4236
vn 0.2483 0.9083 0.3367
vn 0.3052 0.8554 0.4185
vn 0.2661 0.9347 0.2357
vn 0.2480 0.9090 0.3350
vn 0.3390 0.9261 0.1658
vn 0.2670 0.9348 0.2342
vn 0.4351 0.8869 0.1554
vn 0.3407 0.9256 0.1650
vn 0.4372 0.8858 0.1559
vn 0.8229 -0.4417 0.3575
vn 0.8939 -0.2547 -0.3688
vn 0.8892 -0.2485 -0.3842
vn 0.2691 -0.3736 0.8877
vn 0.8197 -0.4424 0.3638
vn -0.4306 -0.0905 0.8980
vn -0.4435 -0.0836 0.8924
vn -0.8896 0.2431 0.3867
vn -0.8951 0.2502 0.3692
vn -0.8289 0.4297 -0.3582
vn -0.8244 0.4302 -0.3678
vn -0.2724 0.3602 -0.8922
vn -0.2795 0.3621 -0.8892
vn 0.4292 0.0852 -0.8992
vn 0.4450 0.0770 -0.8922
vn 0.1699 0.9853 0.0192
vn 0.9058 -0.2258 -0.3585
vn 0.3134 -0.3041 0.8996
vn 0.3163 -0.2666 0.9104
vn -0.3985 -0.0599 0.9152
vn -0.8879 0.2257 0.4007
vn -0.8514 0.3831 -0.3582
vn -0.2969 0.3129 -0.9022
vn 0.4375 0.0577 -0.8973
vn 0.9136 -0.0712 0.4004
vn 0.9288 -0.0969 -0.3577
vn 0.9169 -0.0133 0.3988
vn 0.3728 0.0171 0.9277
vn 0.3759 0.0782 0.9234
vn -0.3832 0.1250 0.9151
vn -0.3846 0.0962 0.9180
vn -0.9225 0.0996 0.3729
vn -0.9203 0.1201 0.3723
vn -0.9199 0.0158 -0.3918
vn -0.9158 0.0737 -0.3949
vn -0.3705 -0.0772 -0.9256
vn -0.3685 -0.0157 -0.9295
vn 0.3963 -0.0951 -0.9132
vn 0.3977 -0.1239 -0.9091
vn 0.9254 -0.1177 -0.3602
vn 0.4163 0.9004 -0.1264
vn 0.4154 0.9046 0.0955
vn 0.4088 0.9058 0.1112
vn 0.2504 0.9309 0.2659
vn 0.2343 0.9333 0.2722
vn 0.0150 0.9639 0.2657
vn -0.0010 0.9660 0.2584
vn -0.1492 0.9839 0.0982
vn -0.1553 0.9845 0.0818
vn -0.1490 0.9796 -0.1345
vn -0.1423 0.9784 -0.1500
vn 0.0114 0.9541 -0.2992
vn 0.0265 0.9519 -0.3054
vn 0.2413 0.9218 -0.3035
vn 0.2563 0.9198 -0.2973
vn 0.4099 0.9011 -0.1416
vn 0.9073 -0.1252 0.4014
vn 0.9226 -0.1377 -0.3603
vn 0.9065 -0.1249 0.4034
vn 0.3606 -0.0392 0.9319
vn 0.3620 -0.0394 0.9314
vn -0.3938 0.0694 0.9166
vn -0.3978 0.0699 0.9148
vn -0.9205 0.1379 0.3656
vn -0.9222 0.1382 0.3613
vn -0.9074 0.1260 -0.4009
vn -0.9065 0.1259 -0.4029
vn -0.3601 0.0396 -0.9321
vn -0.3616 0.0398 -0.9315
vn 0.3948 -0.0694 -0.9162
vn 0.3988 -0.0700 -0.9144
vn 0.9210 -0.1377 -0.3646
vn -0.3853 -0.8750 -0.2931
vn -0.3853 -0.8750 -0.2930
vn 0.9146 -0.0887 0.3944
vn 0.3761 -0.0019 0.9266
vn -0.3810 0.0914 0.9201
vn -0.9166 0.1368 0.3756
vn -0.9140 0.1072 -0.3912
vn -0.3714 0.0197 -0.9283
vn 0.3906 -0.0740 -0.9176
vn 0.9221 -0.1187 -0.3683
vn 0.9298 -0.0694 -0.3616
vn 0.9201 0.0620 0.3868
vn 0.3825 0.1577 0.9104
vn -0.3765 0.1633 0.9119
vn -0.9211 0.0745 0.3820
vn -0.9242 -0.0582 -0.3775
vn -0.3753 -0.1561 -0.9137
vn 0.3963 -0.1604 -0.9040
vn 0.2402 -0.9110 0.3353
vn 0.2327 -0.9467 0.2227
vn 0.2393 -0.9103 0.3377
vn 0.1532 -0.8932 0.4228
vn 0.1511 -0.8932 0.4236
vn 0.0320 -0.9073 0.4193
vn 0.0302 -0.9078 0.4184
vn -0.0400 -0.9408 0.3367
vn -0.0405 -0.9413 0.3350
vn -0.0310 -0.9713 0.2358
vn -0.0302 -0.9717 0.2342
vn 0.0410 -0.9853 0.1658
vn 0.0428 -0.9854 0.1649
vn 0.1445 -0.9772 0.1554
vn 0.1468 -0.9768 0.1559
vn 0.2314 -0.9475 0.2205
vn 0.9183 0.1704 0.3573
vn 0.9289 -0.0294 -0.3692
vn 0.9155 0.1720 0.3637
vn 0.3701 0.2737 0.8877
vn 0.3748 0.2735 0.8858
vn -0.3826 0.2169 0.8981
vn -0.3970 0.2142 0.8925
vn -0.9214 0.0387 0.3867
vn -0.9287 0.0337 0.3693
vn -0.9203 -0.1566 -0.3584
vn -0.9162 -0.1588 -0.3679
vn -0.3691 -0.2597 -0.8924
vn -0.3765 -0.2594 -0.8894
vn 0.3828 -0.2120 -0.8992
vn 0.4004 -0.2089 -0.8922
vn 0.9226 -0.0340 -0.3844
vn -0.1381 -0.9902 0.0192
vn 0.9315 -0.0606 -0.3586
vn 0.9200 0.0967 0.3799
vn 0.3911 0.1942 0.8996
vn -0.3614 0.1784 0.9152
vn -0.9145 0.0553 0.4008
vn -0.9276 -0.1057 -0.3582
vn -0.3781 -0.2077 -0.9022
vn 0.3992 -0.1882 -0.8973
vn 0.9133 -0.0750 0.4004
vn 0.9324 -0.0521 -0.3577
vn 0.9324 -0.0310 -0.3602
vn 0.3654 -0.0761 0.9277
vn 0.9074 -0.1327 0.3988
vn -0.3983 -0.0625 0.9151
vn -0.3950 -0.0338 0.9180
vn -0.9265 0.0483 0.3732
vn -0.9277 0.0279 0.3724
vn -0.9107 0.1307 -0.3917
vn -0.9158 0.0729 -0.3949
vn -0.3535 0.1352 -0.9256
vn -0.3613 0.0741 -0.9295
vn 0.4064 0.0308 -0.9132
vn 0.4124 0.0590 -0.9091
vn 0.2661 -0.9592 0.0955
vn 0.2677 -0.9552 -0.1265
vn 0.2595 -0.9593 0.1111
vn 0.0992 -0.9589 0.2658
vn 0.0829 -0.9587 0.2722
vn -0.1385 -0.9541 0.2657
vn -0.1547 -0.9536 0.2584
vn -0.3038 -0.9477 0.0982
vn -0.3099 -0.9472 0.0819
vn -0.3029 -0.9435 -0.1345
vn -0.2961 -0.9433 -0.1500
vn -0.1405 -0.9438 -0.2992
vn -0.1253 -0.9440 -0.3054
vn 0.0916 -0.9484 -0.3035
vn 0.1067 -0.9488 -0.2973
vn 0.2613 -0.9548 -0.1417
vn 0.9156 -0.0206 0.4015
vn 0.9328 -0.0102 -0.3603
vn 0.9311 -0.0101 -0.3646
vn 0.3622 -0.0187 0.9319
vn 0.9148 -0.0206 0.4034
vn -0.3999 -0.0059 0.9165
vn -0.4038 -0.0058 0.9148
vn -0.9307 0.0105 0.3656
vn -0.9324 0.0105 0.3613
vn -0.9159 0.0201 -0.4009
vn -0.9150 0.0201 -0.4029
vn -0.3618 0.0182 -0.9321
vn -0.3633 0.0182 -0.9315
vn 0.4008 0.0057 -0.9162
vn 0.4048 0.0056 -0.9144
vn -0.2412 0.9252 -0.2930
vn 0.9171 -0.0580 0.3944
vn 0.9293 -0.0295 -0.3682
vn 0.3717 -0.0580 0.9266
vn -0.3907 -0.0297 0.9201
vn -0.9267 0.0107 0.3756
vn -0.9194 0.0396 -0.3913
vn -0.3698 0.0397 -0.9283
vn 0.3974 0.0109 -0.9176
vn 0.9290 -0.0794 -0.3616
vn 0.3587 -0.1370 0.9234
vn 0.8985 -0.2075 0.3867
vn -0.3976 -0.1013 0.9119
vn -0.9213 0.0730 0.3820
vn -0.9032 0.2045 -0.3775
vn -0.3457 0.2138 -0.9137
vn 0.4168 0.0953 -0.9040
vn 0.3820 0.8612 0.3353
vn 0.3803 0.8976 0.2226
vn 0.3792 0.8987 0.2205
vn 0.2934 0.8574 0.4228
vn 0.3811 0.8607 0.3377
vn 0.1759 0.8906 0.4193
vn 0.2912 0.8577 0.4237
vn 0.1102 0.9351 0.3367
vn 0.1743 0.8914 0.4184
vn 0.1239 0.9639 0.2357
vn 0.1098 0.9358 0.3350
vn 0.1972 0.9662 0.1658
vn 0.1247 0.9642 0.2342
vn 0.2981 0.9418 0.1554
vn 0.1990 0.9660 0.1649
vn 0.3003 0.9410 0.1559
vn 0.8795 -0.3143 0.3574
vn 0.9218 -0.1187 -0.3692
vn 0.9162 -0.1132 -0.3843
vn 0.3218 -0.3292 0.8877
vn 0.8764 -0.3155 0.3638
vn -0.4123 -0.1535 0.8980
vn -0.4261 -0.1487 0.8924
vn -0.9158 0.1085 0.3867
vn -0.9222 0.1148 0.3692
vn -0.8835 0.3017 -0.3583
vn -0.8791 0.3033 -0.3678
vn -0.3232 0.3155 -0.8922
vn -0.3302 0.3163 -0.8893
vn 0.4117 0.1484 -0.8992
vn 0.4286 0.1427 -0.8922
vn 0.0212 0.9996 0.0192
vn 0.9293 -0.0883 -0.3585
vn 0.3552 -0.2540 0.8996
vn 0.3525 -0.2165 0.9104
vn -0.3851 -0.1187 0.9152
vn -0.9117 0.0909 0.4008
vn -0.8990 0.2519 -0.3583
vn -0.3402 0.2652 -0.9022
vn 0.4240 0.1223 -0.8974
vn 0.9140 0.0657 0.4004
vn 0.9329 0.0426 -0.3577
vn 0.9087 0.1235 0.3988
vn 0.3661 0.0724 0.9277
vn 0.3600 0.1333 0.9234
vn -0.3976 0.0665 0.9151
vn -0.3947 0.0378 0.9180
vn -0.9271 -0.0390 0.3728
vn -0.9279 -0.0184 0.3723
vn -0.9120 -0.1215 -0.3918
vn -0.9165 -0.0636 -0.3949
vn -0.3548 -0.1316 -0.9256
vn -0.3621 -0.0705 -0.9295
vn 0.4060 -0.0350 -0.9132
vn 0.4121 -0.0631 -0.9090
vn 0.9326 0.0215 -0.3602
vn 0.2774 0.9524 -0.1265
vn 0.2758 0.9565 0.0955
vn 0.2693 0.9566 0.1111
vn 0.1089 0.9578 0.2658
vn 0.0926 0.9578 0.2722
vn -0.1288 0.9554 0.2657
vn -0.1450 0.9551 0.2584
vn -0.2942 0.9507 0.0982
vn -0.3003 0.9503 0.0819
vn -0.2934 0.9465 -0.1345
vn -0.2865 0.9463 -0.1500
vn -0.1309 0.9452 -0.2992
vn -0.1157 0.9452 -0.3054
vn 0.1013 0.9474 -0.3035
vn 0.1163 0.9477 -0.2973
vn 0.2711 0.9521 -0.1416
vn 0.9158 0.0115 0.4015
vn 0.9328 0.0010 -0.3603
vn 0.9150 0.0115 0.4033
vn 0.3624 0.0150 0.9319
vn 0.3638 0.0149 0.9314
vn -0.3998 0.0100 0.9165
vn -0.4037 0.0099 0.9148
vn -0.9308 -0.0008 0.3656
vn -0.9324 -0.0009 0.3613
vn -0.9160 -0.0110 -0.4009
vn -0.9152 -0.0111 -0.4030
vn -0.3620 -0.0146 -0.9321
vn -0.3635 -0.0146 -0.9315
vn 0.4007 -0.0097 -0.9161
vn 0.4047 -0.0096 -0.9144
vn 0.9312 0.0012 -0.3646
vn -0.2506 -0.9227 -0.2930
vn 0.9176 0.0486 0.3944
vn 0.3722 0.0542 0.9266
vn -0.3903 0.0336 0.9201
vn -0.9268 -0.0013 0.3756
vn -0.9198 -0.0302 -0.3912
vn -0.3701 -0.0359 -0.9283
vn 0.3973 -0.0150 -0.9176
vn 0.9295 0.0201 -0.3682
vn 0.9297 0.0699 -0.3616
vn 0.9006 0.1984 0.3867
vn 0.3547 0.2129 0.9104
vn -0.3966 0.1053 0.9119
vn -0.9220 -0.0637 0.3820
vn -0.9052 -0.1953 -0.3775
vn -0.3478 -0.2103 -0.9137
vn 0.4158 -0.0996 -0.9040
vn 0.3733 -0.8650 0.3352
vn 0.3712 -0.9015 0.2227
vn 0.3723 -0.8645 0.3377
vn 0.2846 -0.8604 0.4228
vn 0.2825 -0.8607 0.4235
vn 0.1668 -0.8924 0.4193
vn 0.1652 -0.8932 0.4183
vn 0.1006 -0.9362 0.3366
vn 0.1003 -0.9369 0.3350
vn 0.1141 -0.9651 0.2357
vn 0.1149 -0.9654 0.2341
vn 0.1874 -0.9682 0.1658
vn 0.1891 -0.9680 0.1650
vn 0.2885 -0.9448 0.1554
vn 0.2907 -0.9440 0.1559
vn 0.3701 -0.9025 0.2205
vn 0.8827 0.3050 0.3575
vn 0.9229 0.1094 -0.3692
vn 0.8797 0.3062 0.3638
vn 0.3251 0.3259 0.8877
vn 0.3299 0.3263 0.8858
vn -0.4107 0.1577 0.8980
vn -0.4246 0.1527 0.8924
vn -0.9169 -0.0988 0.3867
vn -0.9234 -0.1049 0.3691
vn -0.8867 -0.2920 -0.3583
vn -0.8823 -0.2937 -0.3678
vn -0.3263 -0.3121 -0.8923
vn -0.3335 -0.3130 -0.8893
vn 0.4102 -0.1524 -0.8992
vn 0.4270 -0.1468 -0.8922
vn 0.9173 0.1038 -0.3843
vn 0.0110 -0.9998 0.0192
vn 0.9302 0.0789 -0.3585
vn 0.8953 0.2327 0.3799
vn 0.3578 0.2504 0.8996
vn -0.3839 0.1226 0.9152
vn -0.9125 -0.0816 0.4008
vn -0.9015 -0.2428 -0.3583
vn -0.3429 -0.2617 -0.9022
vn 0.4228 -0.1266 -0.8973
vn 0.9143 0.0620 0.4004
vn 0.9297 0.0874 -0.3577
vn 0.9266 0.1083 -0.3602
vn 0.3727 -0.0208 0.9277
vn 0.9170 0.0040 0.3988
vn -0.3848 -0.1211 0.9150
vn -0.3856 -0.0923 0.9180
vn -0.9233 -0.0903 0.3732
vn -0.9215 -0.1107 0.3723
vn -0.9201 -0.0065 -0.3917
vn -0.9165 -0.0644 -0.3949
vn -0.3697 0.0810 -0.9256
vn -0.3683 0.0195 -0.9295
vn 0.3972 0.0911 -0.9132
vn 0.3993 0.1197 -0.9090
vn 0.4060 -0.9089 0.0954
vn 0.4071 -0.9046 -0.1264
vn 0.3995 -0.9100 0.1111
vn 0.2409 -0.9334 0.2658
vn 0.2248 -0.9356 0.2722
vn 0.0052 -0.9640 0.2657
vn -0.0108 -0.9660 0.2584
vn -0.1592 -0.9824 0.0982
vn -0.1653 -0.9828 0.0818
vn -0.1590 -0.9781 -0.1345
vn -0.1522 -0.9769 -0.1500
vn 0.0017 -0.9542 -0.2992
vn 0.0168 -0.9521 -0.3054
vn 0.2320 -0.9242 -0.3035
vn 0.2469 -0.9223 -0.2973
vn 0.4007 -0.9052 -0.1416
vn 0.9085 0.1162 0.4014
vn 0.9239 0.1287 -0.3603
vn 0.9223 0.1286 -0.3646
vn 0.3609 0.0355 0.9319
vn 0.9077 0.1160 0.4034
vn -0.3946 -0.0653 0.9165
vn -0.3985 -0.0658 0.9148
vn -0.9218 -0.1287 0.3656
vn -0.9236 -0.1284 0.3613
vn -0.9087 -0.1166 -0.4009
vn -0.9078 -0.1165 -0.4029
vn -0.3605 -0.0360 -0.9321
vn -0.3620 -0.0362 -0.9315
vn 0.3955 0.0654 -0.9161
vn 0.3994 0.0659 -0.9144
vn -0.3764 0.8789 -0.2930
vn -0.3764 0.8789 -0.2931
vn 0.9155 0.0794 0.3944
vn 0.9233 0.1093 -0.3682
vn 0.3762 -0.0020 0.9266
vn -0.3819 -0.0876 0.9201
vn -0.9180 -0.1275 0.3756
vn -0.9151 -0.0979 -0.3912
vn -0.3716 -0.0159 -0.9283
vn 0.3913 0.0700 -0.9176
vn 0.9304 0.0600 -0.3616
vn 0.3751 -0.0820 0.9234
vn 0.9195 -0.0713 0.3867
vn -0.3781 -0.1595 0.9119
vn -0.9219 -0.0651 0.3820
vn -0.9236 0.0676 -0.3775
vn -0.3737 0.1599 -0.9137
vn 0.3979 0.1564 -0.9040
vn 0.2494 0.9085 0.3353
vn 0.2423 0.9443 0.2227
vn 0.2410 0.9451 0.2205
vn 0.1623 0.8916 0.4228
vn 0.2486 0.9078 0.3377
vn 0.0412 0.9069 0.4193
vn 0.1601 0.8916 0.4236
vn -0.0305 0.9411 0.3367
vn 0.0395 0.9074 0.4184
vn -0.0212 0.9716 0.2357
vn -0.0309 0.9417 0.3350
vn 0.0510 0.9848 0.1657
vn -0.0203 0.9720 0.2342
vn 0.1544 0.9757 0.1554
vn 0.0528 0.9849 0.1650
vn 0.1567 0.9753 0.1559
vn 0.9166 -0.1793 0.3574
vn 0.9292 0.0204 -0.3691
vn 0.9229 0.0248 -0.3843
vn 0.3674 -0.2774 0.8877
vn 0.9138 -0.1808 0.3638
vn -0.3848 -0.2130 0.8981
vn -0.3993 -0.2106 0.8923
vn -0.9217 -0.0298 0.3867
vn -0.9290 -0.0245 0.3692
vn -0.9187 0.1661 -0.3583
vn -0.9145 0.1682 -0.3679
vn -0.3665 0.2638 -0.8922
vn -0.3738 0.2635 -0.8893
vn 0.3850 0.2081 -0.8992
vn 0.4025 0.2048 -0.8922
vn -0.1280 0.9916 0.0192
vn 0.9321 0.0512 -0.3585
vn 0.3891 -0.1982 0.8996
vn 0.3809 -0.1615 0.9104
vn -0.3631 -0.1747 0.9152
vn -0.9150 -0.0460 0.4008
vn -0.9265 0.1151 -0.3582
vn -0.3759 0.2115 -0.9022
vn 0.4011 0.1841 -0.8973
vn 0.8940 0.2012 0.4004
vn 0.9161 0.1812 -0.3577
vn 0.8801 0.2575 0.3988
vn 0.3512 0.1262 0.9277
vn 0.3362 0.1855 0.9234
vn -0.4031 0.0065 0.9151
vn -0.3959 -0.0214 0.9180
vn -0.9108 -0.1766 0.3732
vn -0.9148 -0.1565 0.3724
vn -0.8835 -0.2561 -0.3922
vn -0.8968 -0.1995 -0.3949
vn -0.3312 -0.1830 -0.9256
vn -0.3475 -0.1237 -0.9295
vn 0.4068 0.0260 -0.9132
vn 0.4169 -0.0010 -0.9090
vn 0.9190 0.1603 -0.3602
vn 0.1324 0.9831 -0.1265
vn 0.1302 0.9869 0.0955
vn 0.1236 0.9861 0.1112
vn -0.0351 0.9634 0.2658
vn -0.0512 0.9609 0.2722
vn -0.2698 0.9255 0.2657
vn -0.2857 0.9228 0.2584
vn -0.4326 0.8962 0.0983
vn -0.4386 0.8950 0.0819
vn -0.4311 0.8922 -0.1344
vn -0.4243 0.8930 -0.1500
vn -0.2703 0.9151 -0.2992
vn -0.2552 0.9174 -0.3053
vn -0.0411 0.9520 -0.3035
vn -0.0263 0.9544 -0.2973
vn 0.1261 0.9819 -0.1417
vn 0.9040 0.1473 0.4015
vn 0.9222 0.1401 -0.3603
vn 0.9031 0.1475 0.4034
vn 0.3561 0.0689 0.9319
vn 0.3575 0.0691 0.9313
vn -0.3968 -0.0496 0.9166
vn -0.4007 -0.0503 0.9148
vn -0.9202 -0.1397 0.3656
vn -0.9219 -0.1400 0.3613
vn -0.9042 -0.1474 -0.4009
vn -0.9033 -0.1473 -0.4030
vn -0.3558 -0.0684 -0.9321
vn -0.3573 -0.0686 -0.9315
vn 0.3977 0.0501 -0.9161
vn 0.4016 0.0507 -0.9144
vn 0.9207 0.1393 -0.3646
vn -0.1103 -0.9497 -0.2930
vn 0.9001 0.1849 0.3944
vn 0.3600 0.1091 0.9266
vn -0.3909 -0.0249 0.9201
vn -0.9162 -0.1394 0.3756
vn -0.9050 -0.1670 -0.3912
vn -0.3607 -0.0906 -0.9283
vn 0.3951 0.0444 -0.9176
vn 0.9161 0.1584 -0.3682
vn 0.9089 0.2077 -0.3616
vn 0.8610 0.3304 0.3867
vn 0.3190 0.2634 0.9104
vn -0.4079 0.0451 0.9119
vn -0.9022 -0.2003 0.3820
vn -0.8660 -0.3280 -0.3775
vn -0.3126 -0.2598 -0.9137
vn 0.4260 -0.0365 -0.9040
vn 0.4981 -0.7997 0.3353
vn 0.5014 -0.8361 0.2227
vn 0.4970 -0.7993 0.3377
vn 0.4097 -0.8083 0.4228
vn 0.4076 -0.8090 0.4236
vn 0.2979 -0.8576 0.4193
vn 0.2964 -0.8585 0.4184
vn 0.2391 -0.9108 0.3367
vn 0.2388 -0.9114 0.3350
vn 0.2567 -0.9373 0.2358
vn 0.2576 -0.9375 0.2342
vn 0.3296 -0.9295 0.1658
vn 0.3314 -0.9290 0.1649
vn 0.4261 -0.8912 0.1554
vn 0.4281 -0.8902 0.1559
vn 0.5004 -0.8373 0.2205
vn 0.8273 0.4334 0.3574
vn 0.8963 0.2459 -0.3691
vn 0.8241 0.4341 0.3638
vn 0.2730 0.3707 0.8877
vn 0.2775 0.3718 0.8858
vn -0.4296 0.0947 0.8980
vn -0.4426 0.0879 0.8924
vn -0.8920 -0.2342 0.3867
vn -0.8975 -0.2413 0.3692
vn -0.8333 -0.4210 -0.3583
vn -0.8288 -0.4214 -0.3680
vn -0.2762 -0.3571 -0.8923
vn -0.2832 -0.3590 -0.8893
vn 0.4283 -0.0893 -0.8992
vn 0.4441 -0.0812 -0.8923
vn 0.8916 0.2395 -0.3843
vn 0.1599 -0.9869 0.0192
vn 0.9080 0.2166 -0.3586
vn 0.8506 0.3636 0.3799
vn 0.3165 0.3009 0.8996
vn -0.3979 0.0640 0.9152
vn -0.8902 -0.2167 0.4007
vn -0.8553 -0.3744 -0.3582
vn -0.3000 -0.3099 -0.9022
vn 0.4369 -0.0622 -0.8973
vn 0.8948 0.1975 0.4004
vn 0.9061 0.2251 -0.3581
vn 0.9001 0.2452 -0.3602
vn 0.3716 0.0349 0.9277
vn 0.9062 0.1406 0.3988
vn -0.3621 -0.1771 0.9151
vn -0.3675 -0.1488 0.9181
vn -0.8996 -0.2269 0.3732
vn -0.8947 -0.2468 0.3724
vn -0.9087 -0.1434 -0.3921
vn -0.8967 -0.2003 -0.3948
vn -0.3776 0.0250 -0.9256
vn -0.3671 -0.0356 -0.9295
vn 0.3793 0.1492 -0.9132
vn 0.3770 0.1779 -0.9090
vn 0.5369 -0.8382 0.0955
vn 0.5373 -0.8339 -0.1264
vn 0.5307 -0.8403 0.1112
vn 0.3774 -0.8871 0.2658
vn 0.3617 -0.8917 0.2722
vn 0.1488 -0.9525 0.2656
vn 0.1333 -0.9568 0.2584
vn -0.0110 -0.9951 0.0982
vn -0.0169 -0.9965 0.0819
vn -0.0114 -0.9908 -0.1345
vn -0.0049 -0.9887 -0.1500
vn 0.1439 -0.9433 -0.2993
vn 0.1585 -0.9389 -0.3054
vn 0.3671 -0.8793 -0.3035
vn 0.3816 -0.8752 -0.2974
vn 0.5311 -0.8354 -0.1416
vn 0.8810 0.2505 0.4014
vn 0.8944 0.2649 -0.3603
vn 0.8928 0.2645 -0.3646
vn 0.3516 0.0889 0.9319
vn 0.8803 0.2498 0.4034
vn -0.3803 -0.1235 0.9166
vn -0.3842 -0.1246 0.9148
vn -0.8924 -0.2646 0.3656
vn -0.8940 -0.2649 0.3613
vn -0.8811 -0.2507 -0.4009
vn -0.8803 -0.2504 -0.4029
vn -0.3512 -0.0892 -0.9321
vn -0.3525 -0.0899 -0.9315
vn 0.3814 0.1234 -0.9162
vn 0.3852 0.1245 -0.9144
vn -0.5032 0.8130 -0.2930
vn -0.5032 0.8130 -0.2931
vn 0.8934 0.2149 0.3944
vn 0.8967 0.2457 -0.3682
vn 0.3722 0.0541 0.9266
vn -0.3646 -0.1435 0.9201
vn -0.8887 -0.2629 0.3756
vn -0.8902 -0.2332 -0.3913
vn -0.3650 -0.0711 -0.9283
vn 0.3765 0.1276 -0.9176
vn 0.9111 0.1979 -0.3616
vn 0.3831 -0.0252 0.9234
vn 0.9198 0.0665 0.3868
vn -0.3501 -0.2140 0.9119
vn -0.9019 -0.2018 0.3820
vn -0.9233 -0.0708 -0.3775
vn -0.3933 0.1024 -0.9137
vn 0.3702 0.2140 -0.9040
vn 0.1113 0.9355 0.3353
vn 0.0989 0.9699 0.2226
vn 0.0975 0.9705 0.2205
vn 0.0276 0.9058 0.4227
vn 0.1105 0.9348 0.3377
vn -0.0944 0.9029 0.4193
vn 0.0255 0.9055 0.4236
vn -0.1704 0.9261 0.3367
vn -0.0962 0.9032 0.4183
vn -0.1657 0.9576 0.2358
vn -0.1709 0.9266 0.3350
vn -0.0964 0.9814 0.1658
vn -0.1650 0.9581 0.2341
vn 0.0073 0.9878 0.1554
vn -0.0945 0.9818 0.1649
vn 0.0096 0.9877 0.1559
vn 0.9331 -0.0412 0.3573
vn 0.9158 0.1580 -0.3691
vn 0.9089 0.1616 -0.3844
vn 0.4046 -0.2197 0.8877
vn 0.9305 -0.0431 0.3637
vn -0.3488 -0.2680 0.8981
vn -0.3634 -0.2675 0.8924
vn -0.9071 -0.1661 0.3867
vn -0.9151 -0.1621 0.3692
vn -0.9332 0.0278 -0.3583
vn -0.9294 0.0305 -0.3678
vn -0.4017 0.2061 -0.8923
vn -0.4088 0.2049 -0.8893
vn 0.3497 0.2630 -0.8992
vn 0.3676 0.2624 -0.8922
vn -0.2744 0.9614 0.0192
vn 0.9141 0.1895 -0.3586
vn 0.4143 -0.1380 0.8996
vn 0.4007 -0.1030 0.9104
vn -0.3330 -0.2269 0.9152
vn -0.8979 -0.1819 0.4008
vn -0.9333 -0.0242 -0.3582
vn -0.4032 0.1531 -0.9022
vn 0.3691 0.2419 -0.8974
vn 0.8540 0.3322 0.4004
vn 0.8788 0.3155 -0.3580
vn 0.8319 0.3858 0.3988
vn 0.3285 0.1771 0.9277
vn 0.3047 0.2335 0.9234
vn -0.3998 -0.0538 0.9150
vn -0.3883 -0.0802 0.9180
vn -0.8743 -0.3104 0.3732
vn -0.8812 -0.2911 0.3724
vn -0.8355 -0.3849 -0.3922
vn -0.8571 -0.3309 -0.3949
vn -0.3003 -0.2303 -0.9256
vn -0.3252 -0.1740 -0.9295
vn 0.3983 0.0863 -0.9132
vn 0.4124 0.0612 -0.9090
vn 0.8849 0.2954 -0.3602
vn -0.0157 0.9919 -0.1264
vn -0.0183 0.9953 0.0955
vn -0.0247 0.9935 0.1112
vn -0.1782 0.9474 0.2658
vn -0.1938 0.9425 0.2722
vn -0.4047 0.8750 0.2657
vn -0.4201 0.8699 0.2584
vn -0.5614 0.8217 0.0983
vn -0.5671 0.8195 0.0819
vn -0.5593 0.8180 -0.1345
vn -0.5527 0.8198 -0.1500
vn -0.4036 0.8646 -0.2992
vn -0.3891 0.8691 -0.3054
vn -0.1825 0.9352 -0.3035
vn -0.1682 0.9398 -0.2973
vn -0.0217 0.9897 -0.1416
vn 0.8718 0.2807 0.4015
vn 0.8911 0.2759 -0.3603
vn 0.8710 0.2804 0.4034
vn 0.3419 0.1212 0.9319
vn 0.3432 0.1216 0.9314
vn -0.3850 -0.1084 0.9165
vn -0.3887 -0.1096 0.9148
vn -0.8892 -0.2751 0.3656
vn -0.8908 -0.2757 0.3613
vn -0.8722 -0.2802 -0.4010
vn -0.8712 -0.2804 -0.4029
vn -0.3416 -0.1206 -0.9321
vn -0.3431 -0.1211 -0.9315
vn 0.3858 0.1087 -0.9162
vn 0.3896 0.1099 -0.9144
vn 0.8895 0.2754 -0.3646
vn 0.0325 -0.9555 -0.2930
vn 0.0325 -0.9555 -0.2931
vn 0.8625 0.3170 0.3944
vn 0.3397 0.1615 0.9266
vn -0.3829 -0.0829 0.9201
vn -0.8852 -0.2744 0.3756
vn -0.8700 -0.3000 -0.3912
vn -0.3432 -0.1434 -0.9283
vn 0.3840 0.1028 -0.9176
vn 0.8823 0.2932 -0.3682
vn 0.8678 0.3408 -0.3616
vn 0.8021 0.4550 0.3868
vn 0.2762 0.3080 0.9104
vn -0.4100 -0.0162 0.9119
vn -0.8622 -0.3326 0.3820
vn -0.8074 -0.4534 -0.3775
vn -0.2704 -0.3035 -0.9137
vn 0.4267 0.0274 -0.9040
vn 0.6117 -0.7166 0.3352
vn 0.6204 -0.7520 0.2227
vn 0.6106 -0.7164 0.3377
vn 0.5256 -0.7383 0.4227
vn 0.5236 -0.7392 0.4236
vn 0.4224 -0.8036 0.4193
vn 0.4211 -0.8048 0.4184
vn 0.3721 -0.8650 0.3367
vn 0.3720 -0.8657 0.3350
vn 0.3935 -0.8885 0.2358
vn 0.3943 -0.8886 0.2341
vn 0.4644 -0.8700 0.1658
vn 0.4661 -0.8692 0.1649
vn 0.5542 -0.8178 0.1554
vn 0.5561 -0.8164 0.1559
vn 0.6196 -0.7533 0.2205
vn 0.7533 0.5520 0.3574
vn 0.8497 0.3766 -0.3691
vn 0.7501 0.5523 0.3637
vn 0.2147 0.4072 0.8877
vn 0.2190 0.4091 0.8858
vn -0.4389 0.0295 0.8981
vn -0.4509 0.0210 0.8923
vn -0.8470 -0.3649 0.3867
vn -0.8514 -0.3725 0.3691
vn -0.7610 -0.5409 -0.3582
vn -0.7563 -0.5411 -0.3677
vn -0.2197 -0.3947 -0.8922
vn -0.2263 -0.3976 -0.8892
vn 0.4369 -0.0249 -0.8992
vn 0.4514 -0.0146 -0.8922
vn 0.8460 0.3696 -0.3843
vn 0.3052 -0.9521 0.0192
vn 0.8656 0.3495 -0.3586
vn 0.7869 0.4863 0.3799
vn 0.2681 0.3447 0.8996
vn -0.4029 0.0040 0.9152
vn -0.8479 -0.3469 0.4008
vn -0.7899 -0.4977 -0.3583
vn -0.2505 -0.3512 -0.9022
vn 0.4413 0.0036 -0.8974
vn 0.8554 0.3287 0.4004
vn 0.8627 0.3576 -0.3577
vn 0.8535 0.3766 -0.3602
vn 0.3622 0.0899 0.9277
vn 0.8751 0.2741 0.3988
vn -0.3317 -0.2291 0.9151
vn -0.3412 -0.2019 0.9180
vn -0.8557 -0.3584 0.3732
vn -0.8479 -0.3774 0.3724
vn -0.8773 -0.2774 -0.3918
vn -0.8568 -0.3317 -0.3948
vn -0.3577 -0.0899 -0.9295
vn 0.3528 0.2041 -0.9132
vn -0.3771 -0.0316 -0.9256
vn 0.3459 0.2321 -0.9091
vn 0.6559 -0.7488 0.0954
vn 0.6557 -0.7444 -0.1264
vn 0.6500 -0.7518 0.1111
vn 0.5054 -0.8210 0.2658
vn 0.4905 -0.8278 0.2722
vn 0.2891 -0.9196 0.2658
vn 0.2743 -0.9262 0.2585
vn 0.1374 -0.9856 0.0983
vn 0.1317 -0.9879 0.0820
vn 0.1363 -0.9815 -0.1345
vn 0.1425 -0.9784 -0.1500
vn 0.2829 -0.9113 -0.2992
vn 0.2967 -0.9048 -0.3054
vn 0.4941 -0.8147 -0.3034
vn 0.5078 -0.8086 -0.2973
vn 0.6497 -0.7468 -0.1416
vn 0.8339 0.3788 0.4014
vn 0.8449 0.3954 -0.3604
vn 0.8434 0.3947 -0.3646
vn 0.3344 0.1404 0.9319
vn 0.8331 0.3784 0.4033
vn -0.3578 -0.1787 0.9165
vn -0.3614 -0.1804 0.9148
vn -0.8430 -0.3945 0.3656
vn -0.8446 -0.3952 0.3613
vn -0.8339 -0.3792 -0.4009
vn -0.8331 -0.3789 -0.4029
vn -0.3340 -0.1406 -0.9320
vn -0.3353 -0.1413 -0.9315
vn 0.3587 0.1790 -0.9161
vn 0.3623 0.1807 -0.9144
vn -0.6187 0.7289 -0.2931
vn -0.6187 0.7289 -0.2930
vn 0.8514 0.3457 0.3944
vn 0.8501 0.3766 -0.3682
vn 0.3600 0.1090 0.9266
vn -0.3391 -0.1962 0.9201
vn -0.8396 -0.3924 0.3756
vn -0.8456 -0.3633 -0.3913
vn -0.3503 -0.1247 -0.9283
vn 0.3533 0.1823 -0.9176
vn 0.8714 0.3315 -0.3616
vn 0.3826 0.0322 0.9234
vn 0.8996 0.2029 0.3867
vn -0.3143 -0.2638 0.9119
vn -0.8617 -0.3339 0.3820
vn -0.9024 -0.2076 -0.3775
vn -0.4042 0.0427 -0.9137
vn 0.3342 0.2667 -0.9040
vn -0.0294 0.9417 0.3353
vn -0.0468 0.9738 0.2227
vn -0.0483 0.9742 0.2205
vn -0.1077 0.8998 0.4227
vn -0.0301 0.9408 0.3377
vn -0.2279 0.8788 0.4193
vn -0.1098 0.8992 0.4235
vn -0.3065 0.8904 0.3367
vn -0.2298 0.8788 0.4183
vn -0.3066 0.9222 0.2357
vn -0.3071 0.8908 0.3350
vn -0.2415 0.9561 0.1658
vn -0.3059 0.9228 0.2341
vn -0.1400 0.9779 0.1554
vn -0.2398 0.9567 0.1650
vn -0.1377 0.9781 0.1559
vn 0.9288 0.0979 0.3574
vn 0.8821 0.2928 -0.3691
vn 0.8746 0.2955 -0.3843
vn 0.4327 -0.1573 0.8877
vn 0.9265 0.0959 0.3638
vn -0.3049 -0.3170 0.8981
vn -0.3195 -0.3187 0.8924
vn -0.8722 -0.2997 0.3866
vn -0.8807 -0.2967 0.3691
vn -0.9268 -0.1118 -0.3584
vn -0.9235 -0.1085 -0.3679
vn -0.4278 0.1440 -0.8923
vn -0.4348 0.1415 -0.8894
vn 0.3066 0.3124 -0.8991
vn 0.3243 0.3143 -0.8922
vn -0.4146 0.9098 0.0192
vn -0.4146 0.9098 0.0193
vn 0.8756 0.3236 -0.3585
vn 0.4302 -0.0747 0.8996
vn 0.4115 -0.0421 0.9104
vn -0.2955 -0.2740 0.9152
vn -0.8608 -0.3137 0.4008
vn -0.9193 -0.1631 -0.3583
vn -0.4216 0.0913 -0.9022
vn 0.3289 0.2942 -0.8974
vn 0.7950 0.4557 0.4004
vn 0.8220 0.4432 -0.3577
vn 0.7651 0.5055 0.3988
vn 0.2985 0.2241 0.9277
vn 0.2666 0.2763 0.9234
vn -0.3871 -0.1126 0.9151
vn -0.3720 -0.1371 0.9180
vn -0.8183 -0.4372 0.3732
vn -0.8280 -0.4192 0.3724
vn -0.7690 -0.5051 -0.3917
vn -0.7982 -0.4549 -0.3949
vn -0.2626 -0.2725 -0.9256
vn -0.2956 -0.2206 -0.9295
vn 0.3810 0.1447 -0.9132
vn 0.3984 0.1217 -0.9091
vn 0.8310 0.4240 -0.3602
vn -0.1633 0.9784 -0.1265
vn -0.1665 0.9814 0.0955
vn -0.1725 0.9787 0.1111
vn -0.3174 0.9103 0.2658
vn -0.3321 0.9031 0.2722
vn -0.5306 0.8049 0.2656
vn -0.5450 0.7976 0.2583
vn -0.6775 0.7289 0.0982
vn -0.6829 0.7259 0.0818
vn -0.6750 0.7254 -0.1345
vn -0.6687 0.7282 -0.1500
vn -0.5280 0.7948 -0.2992
vn -0.5143 0.8014 -0.3054
vn -0.3199 0.8975 -0.3035
vn -0.3064 0.9043 -0.2973
vn -0.1689 0.9754 -0.1417
vn 0.8202 0.4075 0.4015
vn 0.8401 0.4056 -0.3603
vn 0.8195 0.4072 0.4034
vn 0.3200 0.1707 0.9319
vn 0.3213 0.1713 0.9313
vn -0.3645 -0.1645 0.9166
vn -0.3680 -0.1663 0.9148
vn -0.8383 -0.4045 0.3656
vn -0.8397 -0.4053 0.3613
vn -0.8206 -0.4071 -0.4010
vn -0.8198 -0.4068 -0.4030
vn -0.3198 -0.1702 -0.9321
vn -0.3212 -0.1708 -0.9315
vn 0.3653 0.1650 -0.9162
vn 0.3689 0.1668 -0.9144
vn 0.8386 0.4048 -0.3646
vn 0.1745 -0.9400 -0.2930
vn 0.1746 -0.9400 -0.2931
vn 0.1745 -0.9400 -0.2931
vn 0.8057 0.4419 0.3944
vn 0.3118 0.2103 0.9266
vn -0.3663 -0.1391 0.9201
vn -0.8344 -0.4033 0.3756
vn -0.8156 -0.4263 -0.3912
vn -0.3179 -0.1929 -0.9283
vn 0.3644 0.1589 -0.9176
vn 0.8288 0.4214 -0.3682
vn 0.8073 0.4664 -0.3616
vn 0.7254 0.5695 0.3867
vn 0.2272 0.3457 0.9104
vn -0.4030 -0.0771 0.9119
vn -0.8030 -0.4574 0.3820
vn -0.7308 -0.5687 -0.3775
vn -0.2221 -0.3404 -0.9137
vn 0.4178 0.0907 -0.9040
vn 0.7116 -0.6174 0.3353
vn 0.7255 -0.6512 0.2227
vn 0.7105 -0.6173 0.3377
vn 0.6297 -0.6517 0.4228
vn 0.6280 -0.6529 0.4236
vn 0.5374 -0.7317 0.4193
vn 0.5363 -0.7330 0.4184
vn 0.4968 -0.7999 0.3367
vn 0.4968 -0.8006 0.3350
vn 0.5215 -0.8200 0.2357
vn 0.5224 -0.8199 0.2342
vn 0.5889 -0.7910 0.1658
vn 0.5904 -0.7901 0.1650
vn 0.6699 -0.7260 0.1554
vn 0.6715 -0.7244 0.1559
vn 0.7250 -0.6526 0.2205
vn 0.6629 0.6578 0.3575
vn 0.7841 0.4990 -0.3691
vn 0.6597 0.6576 0.3638
vn 0.1516 0.4346 0.8878
vn 0.1556 0.4373 0.8858
vn -0.4382 -0.0366 0.8981
vn -0.4489 -0.0466 0.8924
vn -0.7831 -0.4871 0.3866
vn -0.7863 -0.4955 0.3691
vn -0.6720 -0.6481 -0.3584
vn -0.6673 -0.6475 -0.3680
vn -0.1586 -0.4227 -0.8923
vn -0.1647 -0.4265 -0.8894
vn 0.4357 0.0407 -0.8992
vn 0.4485 0.0529 -0.8922
vn 0.7814 0.4916 -0.3843
vn 0.4437 -0.8960 0.0192
vn 0.8038 0.4746 -0.3586
vn 0.7057 0.5981 0.3799
vn 0.2137 0.3808 0.8996
vn -0.3991 -0.0561 0.9152
vn -0.7868 -0.4694 0.4008
vn -0.7069 -0.6099 -0.3582
vn -0.1954 -0.3846 -0.9022
vn 0.4358 0.0693 -0.8973
vn 0.7968 0.4525 0.4003
vn 0.7995 0.4822 -0.3581
vn 0.7878 0.4996 -0.3602
vn 0.3735 0.0889 0.9234
vn 0.3448 0.1429 0.9277
vn -0.2939 -0.2760 0.9151
vn -0.3073 -0.2505 0.9180
vn -0.7929 -0.4819 0.3729
vn -0.7822 -0.4995 0.3724
vn -0.8261 -0.4050 -0.3918
vn -0.7978 -0.4557 -0.3948
vn -0.3682 -0.0874 -0.9256
vn -0.3403 -0.1422 -0.9295
vn 0.3184 0.2544 -0.9132
vn 0.3078 0.2811 -0.9090
vn 0.7601 -0.6427 0.0955
vn 0.7593 -0.6384 -0.1265
vn 0.7547 -0.6465 0.1112
vn 0.6221 -0.7365 0.2658
vn 0.6084 -0.7455 0.2722
vn 0.4230 -0.8663 0.2656
vn 0.4094 -0.8750 0.2583
vn 0.2828 -0.9541 0.0983
vn 0.2775 -0.9572 0.0819
vn 0.2811 -0.9502 -0.1345
vn 0.2867 -0.9462 -0.1500
vn 0.4155 -0.8589 -0.2993
vn 0.4282 -0.8505 -0.3055
vn 0.6100 -0.7320 -0.3036
vn 0.6226 -0.7238 -0.2975
vn 0.7538 -0.6417 -0.1417
vn 0.7681 0.4989 0.4015
vn 0.7766 0.5168 -0.3603
vn 0.7752 0.5160 -0.3645
vn 0.3098 0.1886 0.9319
vn 0.7674 0.4984 0.4034
vn -0.3271 -0.2301 0.9166
vn -0.3304 -0.2323 0.9148
vn -0.7748 -0.5157 0.3656
vn -0.7763 -0.5166 0.3613
vn -0.7681 -0.4993 -0.4009
vn -0.7673 -0.4988 -0.4030
vn -0.3092 -0.1888 -0.9321
vn -0.3105 -0.1896 -0.9315
vn 0.3280 0.2305 -0.9161
vn 0.3313 0.2327 -0.9144
vn -0.7204 0.6286 -0.2930
vn -0.7204 0.6286 -0.2931
vn 0.7904 0.4687 0.3944
vn 0.7844 0.4991 -0.3682
vn 0.3398 0.1614 0.9266
vn -0.3061 -0.2446 0.9201
vn -0.7718 -0.5131 0.3756
vn -0.7820 -0.4852 -0.3913
vn -0.3278 -0.1755 -0.9283
vn 0.3222 0.2329 -0.9176
vn 0.8245 0.4015 0.3988
vn 0.8123 0.4577 -0.3616
vn 0.8593 0.3347 0.3867
vn -0.2715 -0.3077 0.9119
vn -0.8023 -0.4586 0.3820
vn -0.8614 -0.3398 -0.3775
vn -0.4061 -0.0181 -0.9137
vn 0.2906 0.3136 -0.9040
vn -0.1694 0.9268 0.3353
vn -0.1914 0.9559 0.2227
vn -0.1929 0.9561 0.2205
vn -0.2406 0.8737 0.4227
vn -0.1699 0.9258 0.3377
vn -0.3564 0.8350 0.4193
vn -0.2426 0.8728 0.4236
vn -0.4357 0.8347 0.3367
vn -0.3581 0.8347 0.4184
vn -0.4405 0.8662 0.2358
vn -0.4364 0.8350 0.3350
vn -0.3814 0.9094 0.1658
vn -0.4401 0.8669 0.2341
vn -0.2842 0.9461 0.1554
vn -0.3797 0.9103 0.1649
vn -0.2820 0.9467 0.1559
vn 0.9036 0.2361 0.3574
vn 0.8284 0.4213 -0.3690
vn 0.8207 0.4228 -0.3842
vn 0.4514 -0.0907 0.8877
vn 0.9018 0.2333 0.3637
vn -0.2543 -0.3586 0.8982
vn -0.2685 -0.3628 0.8924
vn -0.8177 -0.4265 0.3867
vn -0.8266 -0.4249 0.3692
vn -0.8999 -0.2487 -0.3583
vn -0.8970 -0.2450 -0.3679
vn -0.4446 0.0786 -0.8923
vn -0.4511 0.0753 -0.8893
vn 0.2567 0.3544 -0.8991
vn 0.2739 0.3592 -0.8922
vn -0.5455 0.8379 0.0192
vn 0.8176 0.4505 -0.3585
vn 0.4366 -0.0098 0.8996
vn 0.4132 0.0197 0.9104
vn -0.2513 -0.3150 0.9152
vn -0.8045 -0.4384 0.4008
vn -0.8847 -0.2982 -0.3583
vn -0.4305 0.0275 -0.9022
vn 0.2815 0.3399 -0.8973
vn 0.7182 0.5691 0.4004
vn 0.7468 0.5607 -0.3577
vn 0.6812 0.6139 0.3988
vn 0.2617 0.2661 0.9277
vn 0.2224 0.3130 0.9234
vn -0.3660 -0.1690 0.9151
vn -0.3474 -0.1910 0.9180
vn -0.7440 -0.5543 0.3732
vn -0.7563 -0.5379 0.3723
vn -0.6851 -0.6141 -0.3918
vn -0.7215 -0.5688 -0.3948
vn -0.2191 -0.3086 -0.9256
vn -0.2594 -0.2622 -0.9295
vn 0.3552 0.1998 -0.9132
vn 0.3760 0.1800 -0.9090
vn 0.7585 0.5431 -0.3602
vn -0.3073 0.9432 -0.1265
vn -0.3109 0.9456 0.0955
vn -0.3165 0.9421 0.1112
vn -0.4496 0.8528 0.2659
vn -0.4630 0.8435 0.2723
vn -0.6446 0.7168 0.2657
vn -0.6578 0.7075 0.2584
vn -0.7786 0.6198 0.0982
vn -0.7834 0.6161 0.0819
vn -0.7755 0.6169 -0.1344
vn -0.7697 0.6205 -0.1499
vn -0.6405 0.7073 -0.2992
vn -0.6279 0.7158 -0.3054
vn -0.4500 0.8399 -0.3035
vn -0.4377 0.8485 -0.2973
vn -0.3124 0.9393 -0.1416
vn 0.7503 0.5253 0.4014
vn 0.7702 0.5263 -0.3603
vn 0.7496 0.5248 0.4034
vn 0.2910 0.2165 0.9319
vn 0.2921 0.2173 0.9314
vn -0.3359 -0.2170 0.9166
vn -0.3392 -0.2193 0.9148
vn -0.7687 -0.5249 0.3656
vn -0.7700 -0.5259 0.3613
vn -0.7507 -0.5250 -0.4010
vn -0.7500 -0.5246 -0.4030
vn -0.2909 -0.2160 -0.9320
vn -0.2922 -0.2169 -0.9314
vn 0.3366 0.2175 -0.9162
vn 0.3399 0.2198 -0.9144
vn 0.7689 0.5253 -0.3645
vn 0.3127 -0.9035 -0.2930
vn 0.3127 -0.9035 -0.2931
vn 0.7308 0.5571 0.3944
vn 0.2770 0.2545 0.9266
vn -0.3415 -0.1921 0.9201
vn -0.7650 -0.5232 0.3756
vn -0.7430 -0.5431 -0.3913
vn -0.2856 -0.2382 -0.9283
vn 0.3367 0.2114 -0.9176
vn 0.7567 0.5402 -0.3682
vn 0.7288 0.5815 -0.3616
vn 0.6324 0.6712 0.3867
vn 0.1731 0.3757 0.9104
vn -0.3870 -0.1363 0.9119
vn -0.7259 -0.5719 0.3820
vn -0.6379 -0.6712 -0.3775
vn -0.1690 -0.3697 -0.9137
vn 0.3997 0.1520 -0.9040
vn 0.7957 -0.5045 0.3352
vn 0.8145 -0.5358 0.2227
vn 0.7946 -0.5045 0.3377
vn 0.7199 -0.5505 0.4227
vn 0.7182 -0.5520 0.4236
vn 0.6405 -0.6433 0.4193
vn 0.6396 -0.6449 0.4184
vn 0.6105 -0.7168 0.3367
vn 0.6106 -0.7176 0.3350
vn 0.6379 -0.7331 0.2358
vn 0.6388 -0.7329 0.2342
vn 0.7002 -0.6944 0.1658
vn 0.7016 -0.6932 0.1649
vn 0.7706 -0.6181 0.1554
vn 0.7720 -0.6162 0.1560
vn 0.8141 -0.5372 0.2205
vn 0.5575 0.7492 0.3576
vn 0.7010 0.6103 -0.3690
vn 0.5540 0.7488 0.3639
vn 0.0850 0.4524 0.8878
vn 0.0886 0.4554 0.8858
vn -0.4281 -0.1011 0.8981
vn -0.4369 -0.1128 0.8924
vn -0.7018 -0.5982 0.3867
vn -0.7038 -0.6069 0.3692
vn -0.5681 -0.7408 -0.3584
vn -0.5634 -0.7397 -0.3679
vn -0.0938 -0.4416 -0.8923
vn -0.0994 -0.4463 -0.8894
vn 0.4248 0.1051 -0.8992
vn 0.4356 0.1193 -0.8922
vn 0.6993 0.6028 -0.3843
vn 0.5723 -0.8198 0.0192
vn 0.7241 0.5891 -0.3585
vn 0.6086 0.6966 0.3799
vn 0.1546 0.4084 0.8996
vn -0.3862 -0.1149 0.9152
vn -0.7080 -0.5815 0.4008
vn -0.6081 -0.7084 -0.3582
vn -0.1359 -0.4094 -0.9022
vn 0.4207 0.1335 -0.8973
vn 0.7205 0.5662 0.4004
vn 0.7190 0.5960 -0.3577
vn 0.7046 0.6114 -0.3602
vn 0.3196 0.1927 0.9277
vn 0.7554 0.5199 0.3988
vn -0.2494 -0.3167 0.9151
vn -0.2666 -0.2935 0.9181
vn -0.7121 -0.5947 0.3732
vn -0.6990 -0.6105 0.3723
vn -0.7565 -0.5236 -0.3918
vn -0.7209 -0.5695 -0.3949
vn -0.3510 -0.1413 -0.9256
vn -0.3152 -0.1914 -0.9295
vn 0.2770 0.2990 -0.9132
vn 0.2625 0.3239 -0.9090
vn 0.8475 -0.5221 0.0955
vn 0.8459 -0.5181 -0.1264
vn 0.8427 -0.5267 0.1112
vn 0.7249 -0.6355 0.2658
vn 0.7127 -0.6465 0.2722
vn 0.5473 -0.7936 0.2657
vn 0.5352 -0.8043 0.2584
vn 0.4218 -0.9013 0.0983
vn 0.4170 -0.9052 0.0819
vn 0.4196 -0.8977 -0.1344
vn 0.4245 -0.8929 -0.1499
vn 0.5389 -0.7874 -0.2993
vn 0.5502 -0.7772 -0.3055
vn 0.7122 -0.6329 -0.3036
vn 0.7235 -0.6230 -0.2975
vn 0.8410 -0.5221 -0.1416
vn 0.6852 0.6077 0.4015
vn 0.6909 0.6268 -0.3603
vn 0.6896 0.6257 -0.3645
vn 0.2782 0.2328 0.9319
vn 0.6846 0.6071 0.4034
vn -0.2892 -0.2762 0.9166
vn -0.2921 -0.2788 0.9148
vn -0.6892 -0.6255 0.3656
vn -0.6905 -0.6266 0.3613
vn -0.6851 -0.6081 -0.4009
vn -0.6845 -0.6075 -0.4029
vn -0.2776 -0.2327 -0.9321
vn -0.2788 -0.2337 -0.9315
vn 0.2900 0.2767 -0.9161
vn 0.2930 0.2794 -0.9144
vn -0.8061 0.5142 -0.2930
vn -0.8061 0.5142 -0.2931
vn 0.7117 0.5813 0.3944
vn 0.7013 0.6104 -0.3682
vn 0.3119 0.2103 0.9266
vn -0.2662 -0.2875 0.9201
vn -0.6867 -0.6224 0.3756
vn -0.7009 -0.5963 -0.3912
vn -0.2980 -0.2224 -0.9283
vn 0.2839 0.2783 -0.9176
vn 0.7350 0.5736 -0.3616
vn 0.3561 0.1435 0.9234
vn 0.7998 0.4590 0.3867
vn -0.2226 -0.3447 0.9119
vn -0.7250 -0.5731 0.3821
vn -0.8011 -0.4644 -0.3775
vn -0.3988 -0.0784 -0.9137
vn 0.2407 0.3534 -0.9040
vn -0.3056 0.8912 0.3353
vn -0.3317 0.9167 0.2227
vn -0.3332 0.9167 0.2205
vn -0.3681 0.8281 0.4227
vn -0.3060 0.8901 0.3377
vn -0.4768 0.7726 0.4193
vn -0.3699 0.8269 0.4236
vn -0.5553 0.7605 0.3367
vn -0.4785 0.7720 0.4185
vn -0.5648 0.7908 0.2357
vn -0.5560 0.7607 0.3350
vn -0.5126 0.8425 0.1658
vn -0.5643 0.7916 0.2342
vn -0.4220 0.8932 0.1554
vn -0.5111 0.8436 0.1649
vn -0.4199 0.8941 0.1559
vn 0.8584 0.3679 0.3574
vn 0.7565 0.5399 -0.3692
vn 0.7487 0.5401 -0.3843
vn 0.4599 -0.0225 0.8877
vn 0.8570 0.3650 0.3638
vn -0.1980 -0.3926 0.8981
vn -0.2113 -0.3988 0.8924
vn -0.7450 -0.5436 0.3867
vn -0.7540 -0.5433 0.3693
vn -0.8527 -0.3802 -0.3583
vn -0.8504 -0.3761 -0.3678
vn -0.4513 0.0114 -0.8923
vn -0.4572 0.0071 -0.8893
vn 0.2010 0.3886 -0.8992
vn 0.2172 0.3960 -0.8922
vn -0.6643 0.7472 0.0192
vn -0.6644 0.7471 0.0196
vn 0.7413 0.5673 -0.3586
vn 0.4331 0.0554 0.8996
vn 0.4056 0.0810 0.9104
vn -0.2016 -0.3489 0.9152
vn -0.7301 -0.5535 0.4008
vn -0.8304 -0.4268 -0.3583
vn -0.4297 -0.0370 -0.9022
vn 0.2277 0.3781 -0.8973
vn 0.6253 0.6698 0.4004
vn 0.6549 0.6657 -0.3577
vn 0.5821 0.7085 0.3988
vn 0.1733 0.3426 0.9234
vn 0.2192 0.3021 0.9277
vn -0.3367 -0.2216 0.9151
vn -0.3151 -0.2407 0.9180
vn -0.6531 -0.6590 0.3732
vn -0.6677 -0.6446 0.3724
vn -0.5860 -0.7094 -0.3917
vn -0.6286 -0.6700 -0.3949
vn -0.1706 -0.3378 -0.9256
vn -0.2174 -0.2979 -0.9295
vn 0.3215 0.2506 -0.9132
vn 0.3448 0.2337 -0.9091
vn 0.6691 0.6501 -0.3602
vn -0.4443 0.8869 -0.1265
vn -0.4482 0.8888 0.0954
vn -0.4532 0.8845 0.1111
vn -0.5716 0.7763 0.2658
vn -0.5835 0.7652 0.2721
vn -0.7443 0.6127 0.2657
vn -0.7559 0.6015 0.2584
vn -0.8623 0.4967 0.0982
vn -0.8666 0.4923 0.0818
vn -0.8589 0.4942 -0.1344
vn -0.8537 0.4987 -0.1499
vn -0.7388 0.6038 -0.2992
vn -0.7277 0.6142 -0.3054
vn -0.5702 0.7634 -0.3036
vn -0.5593 0.7737 -0.2975
vn -0.4488 0.8823 -0.1417
vn 0.6637 0.6312 0.4015
vn 0.6832 0.6352 -0.3603
vn 0.6630 0.6306 0.4034
vn 0.2555 0.2574 0.9319
vn 0.2565 0.2583 0.9314
vn -0.2998 -0.2648 0.9165
vn -0.3026 -0.2675 0.9148
vn -0.6818 -0.6336 0.3657
vn -0.6830 -0.6347 0.3614
vn -0.6641 -0.6310 -0.4009
vn -0.6635 -0.6304 -0.4030
vn -0.2555 -0.2568 -0.9321
vn -0.2566 -0.2578 -0.9315
vn 0.3004 0.2654 -0.9162
vn 0.3033 0.2682 -0.9144
vn 0.6820 0.6340 -0.3645
vn 0.4439 -0.8468 -0.2931
vn 0.4438 -0.8468 -0.2930
vn 0.6396 0.6598 0.3944
vn 0.2360 0.2929 0.9266
vn -0.3090 -0.2408 0.9201
vn -0.6785 -0.6313 0.3756
vn -0.6537 -0.6477 -0.3912
vn -0.2469 -0.2781 -0.9283
vn 0.3014 0.2592 -0.9176
vn 0.6678 0.6469 -0.3683
vn 0.6340 0.6836 -0.3616
vn 0.5253 0.7580 0.3867
vn 0.1152 0.3973 0.9104
vn -0.3624 -0.1925 0.9119
vn -0.6326 -0.6737 0.3820
vn -0.5307 -0.7588 -0.3775
vn -0.1119 -0.3907 -0.9137
vn 0.3725 0.2098 -0.9040
vn 0.8620 -0.3802 0.3353
vn 0.8852 -0.4084 0.2227
vn 0.8609 -0.3805 0.3377
vn 0.7938 -0.4371 0.4228
vn 0.7925 -0.4388 0.4236
vn 0.7293 -0.5407 0.4193
vn 0.7285 -0.5424 0.4184
vn 0.7106 -0.6179 0.3367
vn 0.7107 -0.6186 0.3350
vn 0.7400 -0.6299 0.2357
vn 0.7409 -0.6295 0.2342
vn 0.7959 -0.5823 0.1658
vn 0.7971 -0.5809 0.1649
vn 0.8541 -0.4963 0.1554
vn 0.8552 -0.4943 0.1559
vn 0.8851 -0.4099 0.2205
vn 0.4391 0.8243 0.3573
vn 0.6019 0.7080 -0.3693
vn 0.4365 0.8229 0.3638
vn 0.0167 0.4600 0.8878
vn 0.0197 0.4638 0.8857
vn -0.4083 -0.1637 0.8980
vn -0.4153 -0.1766 0.8924
vn -0.6049 -0.6961 0.3867
vn -0.6054 -0.7051 0.3692
vn -0.4512 -0.8173 -0.3584
vn -0.4468 -0.8155 -0.3680
vn -0.0268 -0.4507 -0.8923
vn -0.0317 -0.4561 -0.8894
vn 0.4043 0.1671 -0.8992
vn 0.4127 0.1828 -0.8923
vn 0.6016 0.7002 -0.3844
vn 0.6881 -0.7254 0.0192
vn 0.6282 0.6905 -0.3586
vn 0.4980 0.7795 0.3798
vn 0.0920 0.4269 0.8996
vn -0.3648 -0.1712 0.9152
vn -0.6135 -0.6805 0.4008
vn -0.4958 -0.7911 -0.3583
vn -0.0733 -0.4250 -0.9022
vn 0.3961 0.1947 -0.8973
vn 0.6281 0.6673 0.4004
vn 0.6221 0.6965 -0.3577
vn 0.6056 0.7096 -0.3602
vn 0.2874 0.2382 0.9277
vn 0.6695 0.6266 0.3988
vn -0.1995 -0.3503 0.9151
vn -0.2199 -0.3299 0.9180
vn -0.6155 -0.6942 0.3732
vn -0.6002 -0.7079 0.3724
vn -0.6701 -0.6305 -0.3917
vn -0.6280 -0.6706 -0.3949
vn -0.3261 -0.1921 -0.9256
vn -0.2832 -0.2362 -0.9295
vn 0.2293 0.3370 -0.9132
vn 0.2109 0.3591 -0.9091
vn 0.9159 -0.3900 0.0954
vn 0.9137 -0.3863 -0.1264
vn 0.9118 -0.3952 0.1111
vn 0.8115 -0.5203 0.2658
vn 0.8012 -0.5330 0.2722
vn 0.6595 -0.7031 0.2658
vn 0.6491 -0.7155 0.2585
vn 0.5515 -0.8284 0.0983
vn 0.5474 -0.8329 0.0819
vn 0.5488 -0.8251 -0.1344
vn 0.5529 -0.8196 -0.1499
vn 0.6503 -0.6983 -0.2991
vn 0.6599 -0.6865 -0.3053
vn 0.7986 -0.5197 -0.3034
vn 0.8083 -0.5082 -0.2973
vn 0.9094 -0.3910 -0.1416
vn 0.5870 0.7030 0.4015
vn 0.5898 0.7227 -0.3603
vn 0.5887 0.7215 -0.3646
vn 0.2404 0.2716 0.9319
vn 0.5865 0.7024 0.4034
vn -0.2447 -0.3163 0.9166
vn -0.2473 -0.3193 0.9148
vn -0.5883 -0.7213 0.3656
vn -0.5894 -0.7225 0.3613
vn -0.5869 -0.7034 -0.4009
vn -0.5864 -0.7027 -0.4029
vn -0.2398 -0.2715 -0.9321
vn -0.2408 -0.2727 -0.9315
vn 0.2455 0.3169 -0.9161
vn 0.2481 0.3200 -0.9144
vn -0.8737 0.3883 -0.2930
vn -0.8737 0.3883 -0.2931
vn 0.6171 0.6809 0.3944
vn 0.6025 0.7081 -0.3682
vn 0.2771 0.2544 0.9266
vn -0.2204 -0.3239 0.9201
vn -0.5862 -0.7178 0.3756
vn -0.6042 -0.6942 -0.3912
vn -0.2616 -0.2644 -0.9283
vn 0.2392 0.3175 -0.9176
vn 0.6413 0.6768 -0.3615
vn 0.3307 0.1950 0.9234
vn 0.7225 0.5731 0.3867
vn -0.1687 -0.3741 0.9119
vn -0.6315 -0.6747 0.3821
vn -0.7230 -0.5786 -0.3774
vn -0.3827 -0.1369 -0.9137
vn 0.1853 0.3853 -0.9040
vn -0.4351 0.8356 0.3353
vn -0.4647 0.8570 0.2227
vn -0.4661 0.8568 0.2205
vn -0.4875 0.7640 0.4227
vn -0.4353 0.8346 0.3377
vn -0.5867 0.6929 0.4193
vn -0.4891 0.7625 0.4235
vn -0.6624 0.6692 0.3366
vn -0.5883 0.6921 0.4182
vn -0.6762 0.6979 0.2358
vn -0.6631 0.6693 0.3350
vn -0.6325 0.7566 0.1658
vn -0.6760 0.6987 0.2341
vn -0.5504 0.8203 0.1554
vn -0.6312 0.7579 0.1650
vn -0.5485 0.8215 0.1559
vn 0.7941 0.4916 0.3574
vn 0.6675 0.6467 -0.3691
vn 0.6598 0.6458 -0.3843
vn 0.4579 0.0463 0.8878
vn 0.7929 0.4887 0.3639
vn -0.1372 -0.4179 0.8981
vn -0.1495 -0.4257 0.8924
vn -0.6556 -0.6485 0.3868
vn -0.6645 -0.6497 0.3693
vn -0.7863 -0.5032 -0.3585
vn -0.7848 -0.4987 -0.3679
vn -0.4478 -0.0560 -0.8924
vn -0.4532 -0.0610 -0.8893
vn 0.1405 0.4145 -0.8991
vn 0.1557 0.4242 -0.8921
vn -0.7683 0.6398 0.0192
vn 0.6485 0.6715 -0.3585
vn 0.4201 0.1194 0.8996
vn 0.3891 0.1406 0.9104
vn -0.1473 -0.3751 0.9152
vn -0.6395 -0.6561 0.4008
vn -0.7575 -0.5458 -0.3582
vn -0.4194 -0.1006 -0.9022
vn 0.1688 0.4078 -0.8973
vn 0.5185 0.7555 0.4004
vn 0.5484 0.7557 -0.3580
vn 0.4700 0.7874 0.3988
vn 0.1717 0.3314 0.9277
vn 0.1203 0.3646 0.9234
vn -0.2999 -0.2693 0.9152
vn -0.2757 -0.2849 0.9180
vn -0.5476 -0.7489 0.3732
vn -0.5642 -0.7369 0.3724
vn -0.4737 -0.7888 -0.3917
vn -0.5218 -0.7562 -0.3949
vn -0.1184 -0.3594 -0.9256
vn -0.1706 -0.3270 -0.9295
vn 0.2805 0.2957 -0.9132
vn 0.3062 0.2828 -0.9090
vn 0.5647 0.7425 -0.3602
vn -0.5716 0.8107 -0.1265
vn -0.5758 0.8120 0.0955
vn -0.5801 0.8070 0.1112
vn -0.6810 0.6824 0.2658
vn -0.6911 0.6696 0.2721
vn -0.8273 0.4950 0.2656
vn -0.8371 0.4822 0.2583
vn -0.9267 0.3627 0.0983
vn -0.9303 0.3577 0.0819
vn -0.9229 0.3608 -0.1345
vn -0.9184 0.3660 -0.1500
vn -0.8205 0.4870 -0.2992
vn -0.8111 0.4989 -0.3054
vn -0.6776 0.6699 -0.3035
vn -0.6684 0.6818 -0.2974
vn -0.5754 0.8055 -0.1417
vn 0.5622 0.7230 0.4014
vn 0.5808 0.7300 -0.3603
vn 0.5617 0.7224 0.4034
vn 0.2142 0.2927 0.9319
vn 0.2151 0.2938 0.9314
vn -0.2570 -0.3064 0.9165
vn -0.2594 -0.3095 0.9148
vn -0.5798 -0.7282 0.3656
vn -0.5808 -0.7295 0.3613
vn -0.5628 -0.7229 -0.4009
vn -0.5622 -0.7222 -0.4029
vn -0.2143 -0.2921 -0.9321
vn -0.2152 -0.2932 -0.9315
vn 0.2575 0.3072 -0.9161
vn 0.2600 0.3104 -0.9144
vn 0.5799 0.7286 -0.3645
vn 0.5651 -0.7712 -0.2931
vn 0.5341 0.7477 0.3944
vn 0.1897 0.3248 0.9266
vn -0.2696 -0.2842 0.9201
vn -0.5769 -0.7254 0.3756
vn -0.5499 -0.7379 -0.3912
vn -0.2028 -0.3118 -0.9283
vn 0.2594 0.3013 -0.9176
vn 0.5639 0.7392 -0.3683
vn 0.5250 0.7704 -0.3616
vn 0.4064 0.8278 0.3867
vn 0.0547 0.4101 0.9104
vn -0.3296 -0.2443 0.9119
vn -0.5251 -0.7605 0.3820
vn -0.4118 -0.8294 -0.3775
vn -0.0525 -0.4031 -0.9137
vn 0.3371 0.2630 -0.9040
vn 0.9090 -0.2475 0.3353
vn 0.9362 -0.2719 0.2227
vn 0.9080 -0.2480 0.3377
vn 0.8501 -0.3140 0.4228
vn 0.8490 -0.3158 0.4236
vn 0.8017 -0.4260 0.4193
vn 0.8012 -0.4277 0.4184
vn 0.7947 -0.5051 0.3367
vn 0.7950 -0.5058 0.3350
vn 0.8257 -0.5125 0.2358
vn 0.8264 -0.5121 0.2341
vn 0.8738 -0.4572 0.1658
vn 0.8748 -0.4557 0.1649
vn 0.9185 -0.3635 0.1554
vn 0.9193 -0.3613 0.1559
vn 0.9363 -0.2734 0.2205
vn 0.3115 0.8805 0.3573
vn 0.4898 0.7898 -0.3692
vn 0.3088 0.8788 0.3637
vn -0.0520 0.4574 0.8877
vn -0.0496 0.4615 0.8858
vn -0.3794 -0.2227 0.8980
vn -0.3843 -0.2366 0.8924
vn -0.4943 -0.7786 0.3867
vn -0.4935 -0.7875 0.3692
vn -0.3242 -0.8755 -0.3582
vn -0.3202 -0.8731 -0.3677
vn 0.0405 -0.4498 -0.8922
vn 0.0366 -0.4559 -0.8893
vn 0.3750 0.2256 -0.8992
vn 0.3810 0.2424 -0.8922
vn 0.4906 0.7820 -0.3843
vn 0.7885 -0.6147 0.0192
vn 0.5183 0.7764 -0.3586
vn 0.3763 0.8451 0.3799
vn 0.0273 0.4359 0.8996
vn -0.3352 -0.2237 0.9152
vn -0.5052 -0.7643 0.4008
vn -0.3723 -0.8562 -0.3583
vn -0.0092 -0.4312 -0.9022
vn 0.3626 0.2515 -0.8974
vn 0.5216 0.7534 0.4004
vn 0.5114 0.7814 -0.3577
vn 0.4930 0.7919 -0.3602
vn 0.2487 0.2784 0.9277
vn 0.5687 0.7194 0.3988
vn -0.1450 -0.3761 0.9152
vn -0.1682 -0.3590 0.9181
vn -0.5053 -0.7782 0.3729
vn -0.4880 -0.7894 0.3724
vn -0.5686 -0.7233 -0.3918
vn -0.5211 -0.7567 -0.3949
vn -0.2938 -0.2385 -0.9256
vn -0.2449 -0.2758 -0.9295
vn 0.1765 0.3673 -0.9132
vn 0.1554 0.3868 -0.9090
vn 0.9637 -0.2493 0.0954
vn 0.9610 -0.2459 -0.1264
vn 0.9605 -0.2550 0.1111
vn 0.8800 -0.3936 0.2658
vn 0.8716 -0.4076 0.2722
vn 0.7569 -0.5970 0.2657
vn 0.7484 -0.6108 0.2584
vn 0.6687 -0.7370 0.0982
vn 0.6653 -0.7421 0.0819
vn 0.6655 -0.7342 -0.1345
vn 0.6688 -0.7282 -0.1500
vn 0.7470 -0.5936 -0.2992
vn 0.7548 -0.5806 -0.3053
vn 0.8672 -0.3949 -0.3035
vn 0.8750 -0.3821 -0.2973
vn 0.9575 -0.2512 -0.1416
vn 0.4756 0.7827 0.4014
vn 0.4754 0.8026 -0.3603
vn 0.4745 0.8012 -0.3646
vn 0.1973 0.3044 0.9319
vn 0.4752 0.7820 0.4033
vn -0.1949 -0.3492 0.9166
vn -0.1969 -0.3526 0.9148
vn -0.4742 -0.8009 0.3656
vn -0.4751 -0.8023 0.3613
vn -0.4754 -0.7831 -0.4010
vn -0.4750 -0.7823 -0.4029
vn -0.1967 -0.3042 -0.9321
vn -0.1975 -0.3055 -0.9315
vn 0.1955 0.3499 -0.9162
vn 0.1976 0.3534 -0.9144
vn -0.9218 0.2537 -0.2931
vn -0.9218 0.2538 -0.2930
vn -0.9218 0.2538 -0.2931
vn 0.5088 0.7652 0.3944
vn 0.4902 0.7900 -0.3682
vn 0.2361 0.2929 0.9265
vn -0.1697 -0.3532 0.9201
vn -0.4727 -0.7972 0.3756
vn -0.4940 -0.7765 -0.3912
vn -0.2193 -0.3004 -0.9283
vn 0.1893 0.3496 -0.9176
vn 0.5333 0.7648 -0.3616
vn 0.2980 0.2421 0.9234
vn 0.6290 0.6744 0.3867
vn -0.1111 -0.3950 0.9119
vn -0.5239 -0.7613 0.3820
vn -0.6287 -0.6799 -0.3774
vn -0.3580 -0.1925 -0.9137
vn 0.1259 0.4086 -0.9040
vn -0.5547 0.7615 0.3353
vn -0.5872 0.7782 0.2227
vn -0.5886 0.7778 0.2205
vn -0.5959 0.6828 0.4227
vn -0.5548 0.7604 0.3377
vn -0.6833 0.5977 0.4193
vn -0.5972 0.6811 0.4236
vn -0.7548 0.5630 0.3367
vn -0.6848 0.5966 0.4183
vn -0.7728 0.5893 0.2357
vn -0.7555 0.5630 0.3350
vn -0.7382 0.6539 0.1658
vn -0.7726 0.5902 0.2342
vn -0.6665 0.7291 0.1554
vn -0.7370 0.6554 0.1648
vn -0.6648 0.7306 0.1559
vn 0.7119 0.6045 0.3574
vn 0.5639 0.7388 -0.3691
vn 0.5562 0.7369 -0.3842
vn 0.4461 0.1139 0.8877
vn 0.7113 0.6014 0.3638
vn -0.0732 -0.4340 0.8980
vn -0.0844 -0.4435 0.8923
vn -0.5517 -0.7390 0.3866
vn -0.5604 -0.7415 0.3691
vn -0.7029 -0.6145 -0.3583
vn -0.7020 -0.6099 -0.3678
vn -0.4348 -0.1220 -0.8922
vn -0.4391 -0.1279 -0.8893
vn 0.0773 0.4308 -0.8991
vn 0.0909 0.4425 -0.8921
vn -0.8550 0.5182 0.0192
vn 0.5412 0.7606 -0.3585
vn 0.3976 0.1806 0.8996
vn 0.3638 0.1970 0.9104
vn -0.0898 -0.3929 0.9152
vn -0.5346 -0.7441 0.4008
vn -0.6677 -0.6526 -0.3583
vn -0.3998 -0.1620 -0.9022
vn 0.1061 0.4284 -0.8974
vn 0.4002 0.8244 0.4004
vn 0.4296 0.8292 -0.3577
vn 0.3474 0.8487 0.3988
vn 0.1204 0.3533 0.9277
vn 0.0646 0.3784 0.9234
vn -0.2564 -0.3111 0.9151
vn -0.2301 -0.3229 0.9180
vn -0.4298 -0.8222 0.3732
vn -0.4480 -0.8128 0.3724
vn -0.3509 -0.8505 -0.3918
vn -0.4032 -0.8255 -0.3949
vn -0.0635 -0.3730 -0.9256
vn -0.1200 -0.3488 -0.9295
vn 0.2333 0.3342 -0.9132
vn 0.2607 0.3253 -0.9090
vn 0.4477 0.8184 -0.3602
vn -0.6860 0.7165 -0.1265
vn -0.6903 0.7172 0.0955
vn -0.6937 0.7116 0.1112
vn -0.7750 0.5733 0.2659
vn -0.7831 0.5591 0.2722
vn -0.8918 0.3662 0.2657
vn -0.8996 0.3521 0.2584
vn -0.9704 0.2207 0.0983
vn -0.9731 0.2152 0.0819
vn -0.9664 0.2193 -0.1344
vn -0.9627 0.2252 -0.1499
vn -0.8840 0.3593 -0.2992
vn -0.8763 0.3725 -0.3053
vn -0.7698 0.5614 -0.3035
vn -0.7625 0.5746 -0.2974
vn -0.6889 0.7108 -0.1417
vn 0.4482 0.7987 0.4015
vn 0.4656 0.8084 -0.3601
vn 0.4478 0.7980 0.4034
vn 0.1683 0.3213 0.9319
vn 0.1690 0.3225 0.9314
vn -0.2085 -0.3413 0.9165
vn -0.2104 -0.3447 0.9148
vn -0.4647 -0.8065 0.3656
vn -0.4655 -0.8079 0.3613
vn -0.4486 -0.7987 -0.4010
vn -0.4482 -0.7980 -0.4030
vn -0.1684 -0.3208 -0.9321
vn -0.1692 -0.3221 -0.9315
vn 0.2088 0.3423 -0.9161
vn 0.2107 0.3457 -0.9144
vn 0.4648 0.8068 -0.3646
vn 0.6737 -0.6784 -0.2930
vn 0.6737 -0.6784 -0.2931
vn 0.4167 0.8190 0.3944
vn 0.1392 0.3495 0.9266
vn -0.2243 -0.3212 0.9201
vn -0.4623 -0.8033 0.3756
vn -0.4338 -0.8117 -0.3912
vn -0.1540 -0.3385 -0.9283
vn 0.2116 0.3365 -0.9176
vn 0.4474 0.8150 -0.3683
vn 0.4043 0.8401 -0.3616
vn 0.2785 0.8791 0.3867
vn -0.0070 0.4136 0.9104
vn -0.2896 -0.2908 0.9119
vn -0.4059 -0.8302 0.3820
vn -0.2835 -0.8815 -0.3775
vn 0.0082 -0.4064 -0.9137
vn 0.2942 0.3103 -0.9040
vn 0.9358 -0.1093 0.3353
vn 0.9663 -0.1293 0.2227
vn 0.9348 -0.1098 0.3377
vn 0.8874 -0.1838 0.4228
vn 0.8866 -0.1858 0.4236
vn 0.8562 -0.3017 0.4193
vn 0.8560 -0.3035 0.4184
vn 0.8611 -0.3810 0.3367
vn 0.8615 -0.3816 0.3350
vn 0.8928 -0.3838 0.2357
vn 0.8935 -0.3832 0.2341
vn 0.9322 -0.3219 0.1658
vn 0.9329 -0.3202 0.1649
vn 0.9625 -0.2226 0.1554
vn 0.9629 -0.2203 0.1559
vn 0.9666 -0.1308 0.2205
vn 0.1771 0.9170 0.3574
vn 0.3667 0.8540 -0.3692
vn 0.1743 0.9150 0.3637
vn -0.1198 0.4446 0.8877
vn -0.1178 0.4489 0.8858
vn -0.3422 -0.2767 0.8980
vn -0.3445 -0.2914 0.8924
vn -0.3728 -0.8435 0.3867
vn -0.3705 -0.8523 0.3692
vn -0.1899 -0.9141 -0.3583
vn -0.1864 -0.9110 -0.3678
vn 0.1071 -0.4386 -0.8923
vn 0.1042 -0.4453 -0.8893
vn 0.3371 0.2789 -0.8992
vn 0.3407 0.2964 -0.8922
vn 0.3686 0.8464 -0.3843
vn 0.8713 -0.4903 0.0192
vn 0.8713 -0.4904 0.0192
vn 0.3968 0.8450 -0.3585
vn 0.2462 0.8917 0.3798
vn -0.0379 0.4351 0.8996
vn -0.2981 -0.2711 0.9152
vn -0.3856 -0.8311 0.4008
vn -0.2406 -0.9021 -0.3583
vn 0.0552 -0.4278 -0.9022
vn 0.3211 0.3028 -0.8974
vn 0.4035 0.8227 0.4004
vn 0.3890 0.8488 -0.3580
vn 0.3695 0.8566 -0.3602
vn 0.2044 0.3123 0.9277
vn 0.4551 0.7962 0.3988
vn -0.0873 -0.3936 0.9151
vn -0.1128 -0.3801 0.9180
vn -0.3835 -0.8448 0.3732
vn -0.3649 -0.8533 0.3724
vn -0.4545 -0.8000 -0.3918
vn -0.4025 -0.8259 -0.3949
vn -0.2550 -0.2796 -0.9256
vn -0.2010 -0.3092 -0.9295
vn 0.1198 0.3895 -0.9132
vn 0.0960 0.4057 -0.9090
vn 0.9901 -0.1028 0.0955
vn 0.9869 -0.0999 -0.1264
vn 0.9878 -0.1090 0.1112
vn 0.9289 -0.2580 0.2658
vn 0.9227 -0.2732 0.2722
vn 0.8375 -0.4776 0.2657
vn 0.8311 -0.4924 0.2584
vn 0.7711 -0.6290 0.0983
vn 0.7685 -0.6346 0.0819
vn 0.7675 -0.6268 -0.1345
vn 0.7699 -0.6203 -0.1499
vn 0.8272 -0.4756 -0.2992
vn 0.8329 -0.4615 -0.3054
vn 0.9163 -0.2613 -0.3035
vn 0.9222 -0.2474 -0.2973
vn 0.9843 -0.1057 -0.1416
vn 0.3538 0.8448 0.4015
vn 0.3506 0.8644 -0.3603
vn 0.3499 0.8629 -0.3645
vn 0.1497 0.3303 0.9319
vn 0.3535 0.8440 0.4034
vn -0.1407 -0.3744 0.9165
vn -0.1422 -0.3780 0.9148
vn -0.3496 -0.8626 0.3656
vn -0.3503 -0.8641 0.3613
vn -0.3535 -0.8452 -0.4009
vn -0.3532 -0.8443 -0.4029
vn -0.1492 -0.3302 -0.9321
vn -0.1497 -0.3316 -0.9315
vn 0.1411 0.3752 -0.9161
vn 0.1427 0.3789 -0.9144
vn -0.9493 0.1135 -0.2931
vn -0.9493 0.1135 -0.2930
vn 0.3891 0.8325 0.3944
vn 0.3670 0.8542 -0.3683
vn 0.1898 0.3247 0.9266
vn -0.1151 -0.3745 0.9201
vn -0.3486 -0.8587 0.3756
vn -0.3728 -0.8414 -0.3912
vn -0.1720 -0.3297 -0.9283
vn 0.1350 0.3739 -0.9176
vn 0.4133 0.8357 -0.3616
vn 0.2585 0.2838 0.9234
vn 0.5215 0.7606 0.3868
vn -0.0510 -0.4072 0.9119
vn -0.4046 -0.8309 0.3820
vn -0.5203 -0.7660 -0.3775
vn -0.3253 -0.2436 -0.9137
vn 0.0636 0.4228 -0.9040
vn -0.6620 0.6703 0.3353
vn -0.6966 0.6820 0.2226
vn -0.6979 0.6814 0.2205
vn -0.6910 0.5864 0.4227
vn -0.6619 0.6692 0.3377
vn -0.7648 0.4892 0.4193
vn -0.6921 0.5845 0.4236
vn -0.8303 0.4442 0.3367
vn -0.7661 0.4879 0.4184
vn -0.8520 0.4675 0.2357
vn -0.8310 0.4441 0.3350
vn -0.8274 0.5366 0.1658
vn -0.8519 0.4684 0.2341
vn -0.7678 0.6216 0.1553
vn -0.8265 0.5382 0.1649
vn -0.7662 0.6234 0.1559
vn 0.6139 0.7038 0.3574
vn 0.4475 0.8146 -0.3691
vn 0.4402 0.8115 -0.3843
vn 0.4241 0.1792 0.8877
vn 0.6138 0.7006 0.3638
vn -0.0077 -0.4398 0.8981
vn -0.0174 -0.4509 0.8924
vn -0.4352 -0.8130 0.3868
vn -0.4435 -0.8167 0.3692
vn -0.6034 -0.7125 -0.3582
vn -0.6032 -0.7078 -0.3677
vn -0.4118 -0.1856 -0.8922
vn -0.4151 -0.1919 -0.8893
vn 0.0124 0.4375 -0.8992
vn 0.0239 0.4510 -0.8922
vn -0.9227 0.3850 0.0192
vn 0.4218 0.8328 -0.3586
vn 0.3663 0.2379 0.8996
vn 0.3303 0.2490 0.9104
vn -0.0302 -0.4018 0.9152
vn -0.4177 -0.8154 0.4008
vn -0.5630 -0.7448 -0.3583
vn -0.3712 -0.2197 -0.9022
vn 0.0411 0.4394 -0.8974
vn 0.2728 0.8748 0.4004
vn 0.3012 0.8839 -0.3577
vn 0.2171 0.8910 0.3988
vn 0.0664 0.3673 0.9277
vn 0.0075 0.3838 0.9234
vn -0.2072 -0.3458 0.9152
vn -0.1794 -0.3535 0.9180
vn -0.3025 -0.8771 0.3732
vn -0.3219 -0.8705 0.3724
vn -0.2202 -0.8933 -0.3918
vn -0.2757 -0.8764 -0.3948
vn -0.0072 -0.3784 -0.9256
vn -0.0667 -0.3628 -0.9295
vn 0.1809 0.3652 -0.9132
vn 0.2093 0.3606 -0.9090
vn 0.3208 0.8760 -0.3602
vn -0.7851 0.6063 -0.1265
vn -0.7895 0.6063 0.0954
vn -0.7921 0.6002 0.1112
vn -0.8518 0.4514 0.2658
vn -0.8577 0.4362 0.2722
vn -0.9364 0.2292 0.2657
vn -0.9420 0.2141 0.2584
vn -0.9924 0.0736 0.0983
vn -0.9943 0.0677 0.0819
vn -0.9882 0.0728 -0.1344
vn -0.9855 0.0791 -0.1499
vn -0.9276 0.2236 -0.2992
vn -0.9221 0.2378 -0.3054
vn -0.8449 0.4405 -0.3035
vn -0.8396 0.4545 -0.2974
vn -0.7872 0.6002 -0.1416
vn 0.3242 0.8566 0.4015
vn 0.3399 0.8687 -0.3603
vn 0.3239 0.8558 0.4034
vn 0.1185 0.3427 0.9319
vn 0.1190 0.3441 0.9314
vn -0.1553 -0.3685 0.9165
vn -0.1567 -0.3722 0.9148
vn -0.3394 -0.8667 0.3656
vn -0.3399 -0.8683 0.3613
vn -0.3246 -0.8567 -0.4009
vn -0.3243 -0.8559 -0.4029
vn -0.1187 -0.3423 -0.9321
vn -0.1193 -0.3436 -0.9315
vn 0.1555 0.3694 -0.9162
vn 0.1569 0.3732 -0.9144
vn 0.3394 0.8671 -0.3645
vn 0.7673 -0.5704 -0.2931
vn 0.7673 -0.5704 -0.2930
vn 0.2900 0.8720 0.3944
vn 0.0855 0.3663 0.9266
vn -0.1739 -0.3510 0.9201
vn -0.3374 -0.8632 0.3756
vn -0.3080 -0.8672 -0.3912
vn -0.1019 -0.3577 -0.9283
vn 0.1591 0.3643 -0.9176
vn 0.3210 0.8726 -0.3683
vn 0.2746 0.8910 -0.3616
vn 0.1444 0.9108 0.3867
vn -0.0686 0.4080 0.9104
vn -0.2430 -0.3306 0.9119
vn -0.2776 -0.8815 0.3820
vn -0.1490 -0.9140 -0.3775
vn 0.0686 -0.4006 -0.9137
vn 0.2446 0.3507 -0.9040
vn 0.9416 0.0314 0.3353
vn 0.9748 0.0162 0.2226
vn 0.9408 0.0307 0.3377
vn 0.9049 -0.0494 0.4228
vn 0.9044 -0.0515 0.4236
vn 0.8916 -0.1708 0.4193
vn 0.8917 -0.1726 0.4183
vn 0.9083 -0.2484 0.3367
vn 0.9087 -0.2489 0.3350
vn 0.9401 -0.2465 0.2357
vn 0.9406 -0.2458 0.2341
vn 0.9697 -0.1794 0.1658
vn 0.9702 -0.1776 0.1649
vn 0.9849 -0.0767 0.1554
vn 0.9850 -0.0743 0.1559
vn 0.9753 0.0147 0.2205
vn 0.0383 0.9332 0.3574
vn 0.2352 0.8991 -0.3692
vn 0.0360 0.9308 0.3638
vn -0.1848 0.4218 0.8876
vn -0.1835 0.4263 0.8858
vn -0.2969 -0.3247 0.8980
vn -0.2974 -0.3394 0.8924
vn -0.2430 -0.8897 0.3866
vn -0.2395 -0.8980 0.3691
vn -0.0517 -0.9321 -0.3584
vn -0.0488 -0.9286 -0.3679
vn 0.1713 -0.4179 -0.8922
vn 0.1695 -0.4247 -0.8893
vn 0.2918 0.3261 -0.8992
vn 0.2927 0.3439 -0.8922
vn 0.2385 0.8919 -0.3843
vn 0.9347 -0.3550 0.0192
vn 0.2665 0.8947 -0.3585
vn 0.1105 0.9184 0.3799
vn -0.1023 0.4245 0.8996
vn -0.2544 -0.3125 0.9152
vn -0.2575 -0.8793 0.4007
vn -0.1034 -0.9279 -0.3582
vn 0.1183 -0.4148 -0.9022
vn 0.2723 0.3473 -0.8973
vn 0.2764 0.8737 0.4004
vn 0.2583 0.8974 -0.3577
vn 0.2377 0.9021 -0.3602
vn 0.1556 0.3392 0.9277
vn 0.3314 0.8551 0.3988
vn -0.0277 -0.4021 0.9152
vn -0.0549 -0.3927 0.9180
vn -0.2535 -0.8926 0.3729
vn -0.2337 -0.8982 0.3724
vn -0.3302 -0.8588 -0.3917
vn -0.2749 -0.8767 -0.3948
vn -0.2104 -0.3145 -0.9256
vn -0.1527 -0.3357 -0.9295
vn 0.0604 0.4031 -0.9131
vn 0.0345 0.4155 -0.9090
vn 0.9944 0.0459 0.0955
vn 0.9908 0.0484 -0.1264
vn 0.9930 0.0395 0.1111
vn 0.9569 -0.1167 0.2658
vn 0.9531 -0.1326 0.2722
vn 0.8993 -0.3474 0.2657
vn 0.8952 -0.3631 0.2583
vn 0.8563 -0.5071 0.0983
vn 0.8545 -0.5129 0.0819
vn 0.8524 -0.5053 -0.1345
vn 0.8538 -0.4986 -0.1499
vn 0.8889 -0.3470 -0.2992
vn 0.8924 -0.3322 -0.3054
vn 0.9450 -0.1218 -0.3035
vn 0.9487 -0.1072 -0.2973
vn 0.9890 0.0423 -0.1416
vn 0.2238 0.8881 0.4014
vn 0.2178 0.9071 -0.3603
vn 0.2173 0.9055 -0.3645
vn 0.0988 0.3490 0.9319
vn 0.2237 0.8873 0.4034
vn -0.0833 -0.3911 0.9166
vn -0.0843 -0.3949 0.9148
vn -0.2171 -0.9051 0.3656
vn -0.2176 -0.9067 0.3613
vn -0.2235 -0.8884 -0.4009
vn -0.2234 -0.8876 -0.4029
vn -0.0983 -0.3487 -0.9321
vn -0.0987 -0.3502 -0.9315
vn 0.0837 0.3920 -0.9161
vn 0.0847 0.3959 -0.9144
vn -0.9556 -0.0292 -0.2931
vn -0.9557 -0.0292 -0.2931
vn -0.9557 -0.0292 -0.2930
vn 0.2606 0.8812 0.3944
vn 0.2356 0.8994 -0.3682
vn 0.1393 0.3494 0.9266
vn -0.0580 -0.3875 0.9201
vn -0.2168 -0.9011 0.3756
vn -0.2432 -0.8876 -0.3912
vn -0.1210 -0.3517 -0.9283
vn 0.0778 0.3899 -0.9176
vn 0.2841 0.8880 -0.3616
vn 0.2134 0.3192 0.9234
vn 0.4023 0.8298 0.3868
vn 0.0102 -0.4102 0.9119
vn -0.2762 -0.8819 0.3821
vn -0.4004 -0.8350 -0.3775
vn -0.2854 -0.2894 -0.9137
vn -0.0002 0.4276 -0.9040
vn -0.7545 0.5642 0.3353
vn -0.7904 0.5706 0.2226
vn -0.7917 0.5697 0.2205
vn -0.7706 0.4768 0.4228
vn -0.7543 0.5631 0.3377
vn -0.8291 0.3698 0.4193
vn -0.7715 0.4748 0.4235
vn -0.8872 0.3155 0.3366
vn -0.8303 0.3683 0.4183
vn -0.9122 0.3353 0.2357
vn -0.8879 0.3153 0.3350
vn -0.8981 0.4073 0.1658
vn -0.9122 0.3362 0.2341
vn -0.8518 0.5002 0.1554
vn -0.8975 0.4090 0.1649
vn -0.8505 0.5022 0.1560
vn 0.5021 0.7875 0.3574
vn 0.3209 0.8723 -0.3690
vn 0.3143 0.8681 -0.3842
vn 0.3930 0.2403 0.8876
vn 0.5025 0.7843 0.3638
vn 0.0580 -0.4361 0.8980
vn 0.0500 -0.4486 0.8924
vn -0.3095 -0.8687 0.3867
vn -0.3171 -0.8736 0.3692
vn -0.4906 -0.7943 -0.3583
vn -0.4912 -0.7896 -0.3679
vn -0.3794 -0.2447 -0.8923
vn -0.3818 -0.2514 -0.8894
vn -0.0530 0.4344 -0.8991
vn -0.0434 0.4496 -0.8922
vn -0.9698 0.2432 0.0192
vn -0.9698 0.2432 0.0193
vn 0.2930 0.8864 -0.3585
vn 0.3267 0.2898 0.8996
vn 0.2895 0.2955 0.9104
vn 0.0300 -0.4019 0.9152
vn -0.2915 -0.8686 0.4008
vn -0.4457 -0.8204 -0.3582
vn -0.3343 -0.2726 -0.9022
vn -0.0249 0.4406 -0.8973
vn 0.1394 0.9057 0.4004
vn 0.1661 0.9190 -0.3576
vn 0.0819 0.9135 0.3986
vn 0.0109 0.3730 0.9278
vn -0.0498 0.3807 0.9234
vn -0.1534 -0.3728 0.9152
vn -0.1247 -0.3763 0.9181
vn -0.1683 -0.9125 0.3729
vn -0.1886 -0.9087 0.3724
vn -0.0844 -0.9160 -0.3922
vn -0.1420 -0.9077 -0.3949
vn 0.0493 -0.3752 -0.9256
vn -0.0119 -0.3686 -0.9295
vn 0.1245 0.3881 -0.9132
vn 0.1533 0.3874 -0.9091
vn 0.1866 0.9140 -0.3602
vn -0.8668 0.4824 -0.1264
vn -0.8711 0.4818 0.0955
vn -0.8727 0.4754 0.1112
vn -0.9096 0.3194 0.2659
vn -0.9131 0.3034 0.2722
vn -0.9601 0.0871 0.2657
vn -0.9634 0.0713 0.2583
vn -0.9923 -0.0751 0.0982
vn -0.9933 -0.0812 0.0819
vn -0.9881 -0.0753 -0.1345
vn -0.9863 -0.0687 -0.1499
vn -0.9506 0.0828 -0.2992
vn -0.9472 0.0976 -0.3054
vn -0.9011 0.3096 -0.3035
vn -0.8980 0.3243 -0.2973
vn -0.8679 0.4761 -0.1416
vn 0.1928 0.8953 0.4015
vn 0.2067 0.9097 -0.3603
vn 0.1926 0.8945 0.4034
vn 0.0660 0.3566 0.9319
vn 0.0664 0.3580 0.9314
vn -0.0986 -0.3876 0.9165
vn -0.0995 -0.3914 0.9148
vn -0.2064 -0.9076 0.3656
vn -0.2067 -0.9093 0.3613
vn -0.1932 -0.8955 -0.4009
vn -0.1930 -0.8946 -0.4030
vn -0.0664 -0.3562 -0.9321
vn -0.0667 -0.3576 -0.9315
vn 0.0986 0.3885 -0.9162
vn 0.0995 0.3924 -0.9144
vn 0.2064 0.9080 -0.3646
vn 0.8437 -0.4497 -0.2931
vn 0.8438 -0.4497 -0.2930
vn 0.1568 0.9055 0.3944
vn 0.0300 0.3749 0.9266
vn -0.1197 -0.3731 0.9201
vn -0.2050 -0.9038 0.3757
vn -0.1753 -0.9034 -0.3912
vn -0.0474 -0.3689 -0.9283
vn 0.1030 0.3839 -0.9176
vn 0.1873 0.9107 -0.3682
vn 0.1388 0.9220 -0.3616
vn 0.0071 0.9222 0.3867
vn -0.1286 0.3932 0.9104
vn -0.1910 -0.3632 0.9119
vn -0.1431 -0.9130 0.3820
vn -0.0111 -0.9259 -0.3775
vn 0.1276 -0.3859 -0.9137
vn 0.1896 0.3832 -0.9040
vn 0.9264 0.1714 0.3353
vn 0.9615 0.1613 0.2227
vn 0.9257 0.1706 0.3377
vn 0.9022 0.0860 0.4227
vn 0.9019 0.0838 0.4237
vn 0.9071 -0.0359 0.4193
vn 0.9075 -0.0378 0.4183
vn 0.9351 -0.1103 0.3367
vn 0.9357 -0.1107 0.3350
vn 0.9663 -0.1036 0.2358
vn 0.9667 -0.1028 0.2342
vn 0.9856 -0.0328 0.1658
vn 0.9858 -0.0310 0.1649
vn 0.9853 0.0710 0.1554
vn 0.9851 0.0733 0.1559
vn 0.9622 0.1599 0.2205
vn -0.1012 0.9285 0.3574
vn 0.0987 0.9241 -0.3692
vn -0.1029 0.9258 0.3637
vn -0.2454 0.3895 0.8877
vn -0.2450 0.3943 0.8857
vn -0.2453 -0.3652 0.8980
vn -0.2435 -0.3800 0.8924
vn -0.1076 -0.9159 0.3868
vn -0.1029 -0.9236 0.3692
vn 0.0878 -0.9295 -0.3582
vn 0.0904 -0.9255 -0.3678
vn 0.2317 -0.3876 -0.8922
vn 0.2308 -0.3947 -0.8894
vn 0.2398 0.3659 -0.8992
vn 0.2381 0.3837 -0.8922
vn 0.1028 0.9174 -0.3844
vn 0.9771 -0.2118 0.0192
vn 0.1301 0.9244 -0.3585
vn -0.0276 0.9246 0.3799
vn -0.1645 0.4045 0.8996
vn -0.2049 -0.3470 0.9152
vn -0.1235 -0.9078 0.4007
vn 0.0360 -0.9329 -0.3583
vn 0.1788 -0.3925 -0.9022
vn 0.2176 0.3839 -0.8974
vn 0.1431 0.9051 0.4004
vn 0.1217 0.9259 -0.3577
vn 0.1006 0.9274 -0.3602
vn 0.1033 0.3587 0.9277
vn 0.2002 0.8949 0.3988
vn 0.0325 -0.4018 0.9151
vn 0.0042 -0.3964 0.9181
vn -0.1175 -0.9203 0.3732
vn -0.0972 -0.9230 0.3723
vn -0.1985 -0.8984 -0.3917
vn -0.1412 -0.9078 -0.3948
vn -0.1612 -0.3424 -0.9256
vn -0.1010 -0.3547 -0.9295
vn -0.0004 0.4075 -0.9132
vn -0.0278 0.4159 -0.9090
vn 0.9764 0.1936 0.0955
vn 0.9725 0.1955 -0.1264
vn 0.9760 0.1870 0.1112
vn 0.9636 0.0272 0.2659
vn 0.9622 0.0109 0.2722
vn 0.9410 -0.2095 0.2657
vn 0.9393 -0.2256 0.2584
vn 0.9223 -0.3739 0.0982
vn 0.9214 -0.3799 0.0819
vn 0.9182 -0.3727 -0.1345
vn 0.9185 -0.3658 -0.1500
vn 0.9306 -0.2107 -0.2992
vn 0.9319 -0.1955 -0.3054
vn 0.9526 0.0204 -0.3035
vn 0.9541 0.0354 -0.2973
vn 0.9717 0.1892 -0.1416
vn 0.0891 0.9115 0.4014
vn 0.0803 0.9294 -0.3603
vn 0.0800 0.9277 -0.3646
vn 0.0457 0.3598 0.9319
vn 0.0890 0.9107 0.4034
vn -0.0241 -0.3992 0.9165
vn -0.0245 -0.4031 0.9148
vn -0.0799 -0.9273 0.3656
vn -0.0801 -0.9290 0.3613
vn -0.0886 -0.9118 -0.4009
vn -0.0885 -0.9109 -0.4029
vn -0.0452 -0.3594 -0.9321
vn -0.0453 -0.3610 -0.9315
vn 0.0244 0.4001 -0.9162
vn 0.0247 0.4041 -0.9144
vn -0.9406 -0.1713 -0.2930
vn -0.9406 -0.1713 -0.2931
vn 0.1264 0.9102 0.3944
vn 0.0989 0.9245 -0.3682
vn 0.0857 0.3663 0.9265
vn 0.0004 -0.3918 0.9201
vn -0.0800 -0.9233 0.3756
vn -0.1082 -0.9139 -0.3912
vn -0.0672 -0.3658 -0.9283
vn 0.0188 0.3971 -0.9176
vn 0.1486 0.9204 -0.3616
vn 0.1634 0.3474 0.9234
vn 0.2742 0.8805 0.3867
vn 0.0713 -0.4041 0.9119
vn -0.1417 -0.9132 0.3820
vn -0.2714 -0.8853 -0.3775
vn -0.2391 -0.3287 -0.9137
vn -0.0639 0.4228 -0.9040
vn -0.8302 0.4454 0.3353
vn -0.8667 0.4464 0.2227
vn -0.8678 0.4454 0.2205
vn -0.8331 0.3567 0.4227
vn -0.8298 0.4444 0.3377
vn -0.8750 0.2420 0.4193
vn -0.8336 0.3546 0.4236
vn -0.9243 0.1798 0.3367
vn -0.8759 0.2404 0.4183
vn -0.9519 0.1956 0.2358
vn -0.9250 0.1795 0.3350
vn -0.9488 0.2689 0.1658
vn -0.9521 0.1965 0.2342
vn -0.9169 0.3677 0.1554
vn -0.9484 0.2707 0.1649
vn -0.9159 0.3698 0.1559
vn 0.3790 0.8536 0.3574
vn 0.1875 0.9103 -0.3691
vn 0.1815 0.9052 -0.3843
vn 0.3523 0.2963 0.8878
vn 0.3799 0.8505 0.3638
vn 0.1222 -0.4226 0.8980
vn 0.1163 -0.4359 0.8924
vn -0.1767 -0.9051 0.3868
vn -0.1834 -0.9110 0.3693
vn -0.3669 -0.8585 -0.3582
vn -0.3679 -0.8540 -0.3678
vn -0.3388 -0.2985 -0.8923
vn -0.3401 -0.3057 -0.8893
vn -0.1170 0.4217 -0.8992
vn -0.1100 0.4381 -0.8922
vn -0.9952 0.0959 0.0192
vn 0.1576 0.9201 -0.3585
vn 0.2799 0.3353 0.8996
vn 0.2423 0.3354 0.9104
vn 0.0895 -0.3929 0.9152
vn -0.1588 -0.9023 0.4008
vn -0.3185 -0.8776 -0.3583
vn -0.2899 -0.3194 -0.9022
vn -0.0903 0.4320 -0.8974
vn 0.0028 0.9163 0.4004
vn 0.0273 0.9334 -0.3577
vn -0.0552 0.9154 0.3988
vn -0.0448 0.3705 0.9278
vn -0.1060 0.3690 0.9234
vn -0.0961 -0.3915 0.9151
vn -0.0673 -0.3907 0.9180
vn -0.0306 -0.9273 0.3732
vn -0.0510 -0.9267 0.3724
vn 0.0529 -0.9185 -0.3918
vn -0.0052 -0.9187 -0.3949
vn 0.1047 -0.3637 -0.9256
vn 0.0432 -0.3663 -0.9295
vn 0.0652 0.4023 -0.9132
vn 0.0937 0.4062 -0.9090
vn 0.0483 0.9316 -0.3602
vn -0.9290 0.3479 -0.1264
vn -0.9331 0.3466 0.0955
vn -0.9338 0.3401 0.1112
vn -0.9470 0.1803 0.2659
vn -0.9482 0.1639 0.2722
vn -0.9624 -0.0570 0.2657
vn -0.9633 -0.0731 0.2584
vn -0.9700 -0.2222 0.0982
vn -0.9701 -0.2284 0.0819
vn -0.9658 -0.2218 -0.1345
vn -0.9650 -0.2150 -0.1500
vn -0.9523 -0.0598 -0.2992
vn -0.9512 -0.0446 -0.3054
vn -0.9372 0.1718 -0.3035
vn -0.9363 0.1869 -0.2973
vn -0.9292 0.3415 -0.1416
vn 0.0573 0.9141 0.4015
vn 0.0687 0.9303 -0.3603
vn 0.0572 0.9132 0.4034
vn 0.0121 0.3625 0.9319
vn 0.0122 0.3639 0.9314
vn -0.0398 -0.3979 0.9166
vn -0.0400 -0.4019 0.9148
vn -0.0689 -0.9282 0.3656
vn -0.0690 -0.9299 0.3613
vn -0.0577 -0.9143 -0.4010
vn -0.0576 -0.9134 -0.4030
vn -0.0126 -0.3621 -0.9321
vn -0.0127 -0.3636 -0.9315
vn 0.0397 0.3989 -0.9161
vn 0.0399 0.4029 -0.9144
vn 0.0687 0.9286 -0.3645
vn 0.9013 -0.3189 -0.2931
vn 0.0201 0.9187 0.3944
vn -0.0262 0.3752 0.9266
vn -0.0627 -0.3867 0.9201
vn -0.0680 -0.9243 0.3756
vn -0.0387 -0.9195 -0.3913
vn 0.0081 -0.3718 -0.9283
vn 0.0446 0.3950 -0.9176
vn 0.0495 0.9284 -0.3683
vn -0.0002 0.9324 -0.3616
vn -0.1305 0.9129 0.3868
vn -0.1858 0.3696 0.9104
vn -0.1347 -0.3876 0.9119
vn -0.0055 -0.9241 0.3820
vn 0.1270 -0.9173 -0.3775
vn 0.1837 -0.3626 -0.9137
vn 0.1304 0.4072 -0.9040
vn 0.8905 0.3075 0.3353
vn 0.9267 0.3027 0.2226
vn 0.8899 0.3066 0.3377
vn 0.8793 0.2195 0.4228
vn 0.8794 0.2173 0.4236
vn 0.9024 0.0996 0.4193
vn 0.9030 0.0979 0.4183
vn 0.9411 0.0303 0.3367
vn 0.9417 0.0300 0.3350
vn 0.9709 0.0416 0.2358
vn 0.9713 0.0424 0.2342
vn 0.9795 0.1144 0.1658
vn 0.9794 0.1163 0.1649
vn 0.9637 0.2170 0.1554
vn 0.9631 0.2193 0.1559
vn 0.9276 0.3015 0.2205
vn -0.2386 0.9030 0.3574
vn -0.0402 0.9285 -0.3691
vn -0.2403 0.9000 0.3637
vn -0.3005 0.3486 0.8878
vn -0.3008 0.3534 0.8858
vn -0.1881 -0.3977 0.8980
vn -0.1838 -0.4120 0.8924
vn 0.0302 -0.9217 0.3867
vn 0.0359 -0.9287 0.3692
vn 0.2254 -0.9060 -0.3583
vn 0.2272 -0.9017 -0.3678
vn 0.2870 -0.3488 -0.8922
vn 0.2872 -0.3559 -0.8893
vn 0.1827 0.3977 -0.8992
vn 0.1783 0.4150 -0.8922
vn -0.0352 0.9226 -0.3842
vn 0.9978 -0.0638 0.0192
vn -0.0091 0.9335 -0.3585
vn -0.1651 0.9102 0.3799
vn -0.2229 0.3755 0.8996
vn -0.1510 -0.3736 0.9152
vn 0.0131 -0.9161 0.4007
vn 0.1747 -0.9171 -0.3583
vn 0.2353 -0.3615 -0.9022
vn 0.1579 0.4121 -0.8973
vn 0.0066 0.9163 0.4004
vn -0.0176 0.9337 -0.3577
vn -0.0387 0.9321 -0.3602
vn 0.0487 0.3701 0.9277
vn 0.0646 0.9147 0.3988
vn 0.0921 -0.3925 0.9151
vn 0.0632 -0.3914 0.9180
vn 0.0209 -0.9277 0.3729
vn 0.0414 -0.9272 0.3724
vn -0.0625 -0.9178 -0.3921
vn -0.0043 -0.9187 -0.3949
vn -0.1084 -0.3626 -0.9256
vn -0.0470 -0.3658 -0.9295
vn -0.0611 0.4029 -0.9132
vn -0.0895 0.4071 -0.9090
vn 0.9367 0.3369 0.0955
vn 0.9325 0.3382 -0.1264
vn 0.9373 0.3304 0.1111
vn 0.9488 0.1705 0.2658
vn 0.9498 0.1542 0.2722
vn 0.9617 -0.0669 0.2657
vn 0.9625 -0.0830 0.2584
vn 0.9677 -0.2322 0.0983
vn 0.9677 -0.2383 0.0818
vn 0.9635 -0.2317 -0.1345
vn 0.9628 -0.2249 -0.1499
vn 0.9516 -0.0697 -0.2992
vn 0.9507 -0.0544 -0.3054
vn 0.9389 0.1621 -0.3035
vn 0.9382 0.1771 -0.2973
vn 0.9326 0.3318 -0.1416
vn -0.0478 0.9146 0.4015
vn -0.0593 0.9309 -0.3603
vn -0.0593 0.9293 -0.3646
vn -0.0084 0.3626 0.9319
vn -0.0477 0.9138 0.4034
vn 0.0357 -0.3983 0.9166
vn 0.0359 -0.4023 0.9148
vn 0.0593 -0.9289 0.3656
vn 0.0594 -0.9306 0.3613
vn 0.0483 -0.9148 -0.4009
vn 0.0482 -0.9140 -0.4029
vn 0.0089 -0.3622 -0.9321
vn 0.0090 -0.3637 -0.9315
vn -0.0356 0.3993 -0.9161
vn -0.0358 0.4033 -0.9144
vn -0.9046 -0.3096 -0.2931
vn -0.0107 0.9189 0.3944
vn -0.0399 0.9289 -0.3682
vn 0.0301 0.3750 0.9265
vn 0.0587 -0.3873 0.9201
vn 0.0585 -0.9249 0.3756
vn 0.0292 -0.9198 -0.3913
vn -0.0119 -0.3717 -0.9283
vn -0.0406 0.3954 -0.9176
vn 0.0098 0.9323 -0.3616
vn 0.1098 0.3679 0.9234
vn 0.1399 0.9115 0.3867
vn 0.1307 -0.3890 0.9119
vn -0.0040 -0.9242 0.3820
vn -0.1365 -0.9159 -0.3775
vn -0.1874 -0.3607 -0.9137
vn -0.1262 0.4085 -0.9040
vn -0.8873 0.3167 0.3353
vn -0.9235 0.3122 0.2227
vn -0.9245 0.3111 0.2205
vn -0.8770 0.2285 0.4228
vn -0.8867 0.3158 0.3377
vn -0.9013 0.1089 0.4193
vn -0.8771 0.2264 0.4236
vn -0.9408 0.0400 0.3367
vn -0.9019 0.1072 0.4184
vn -0.9704 0.0516 0.2357
vn -0.9414 0.0396 0.3350
vn -0.9783 0.1245 0.1658
vn -0.9708 0.0524 0.2341
vn -0.9614 0.2270 0.1554
vn -0.9782 0.1264 0.1649
vn -0.9608 0.2292 0.1560
vn 0.2475 0.9005 0.3575
vn 0.0495 0.9281 -0.3690
vn 0.0445 0.9222 -0.3843
vn 0.3043 0.3455 0.8877
vn 0.2489 0.8976 0.3639
vn 0.1838 -0.3997 0.8980
vn 0.1797 -0.4139 0.8924
vn -0.0397 -0.9213 0.3867
vn -0.0456 -0.9282 0.3693
vn -0.2347 -0.9037 -0.3582
vn -0.2367 -0.8993 -0.3677
vn -0.2904 -0.3457 -0.8923
vn -0.2907 -0.3530 -0.8893
vn -0.1787 0.3995 -0.8992
vn -0.1741 0.4168 -0.8922
vn -0.9984 -0.0535 0.0192
vn 0.0187 0.9333 -0.3585
vn 0.2268 0.3732 0.8996
vn 0.1896 0.3677 0.9104
vn 0.1471 -0.3752 0.9152
vn -0.0226 -0.9159 0.4007
vn -0.1841 -0.9153 -0.3583
vn -0.2391 -0.3590 -0.9022
vn -0.1537 0.4137 -0.8974
vn -0.1337 0.9066 0.4003
vn -0.1121 0.9271 -0.3577
vn -0.1910 0.8969 0.3988
vn -0.0995 0.3597 0.9277
vn -0.1598 0.3491 0.9234
vn -0.0367 -0.4015 0.9151
vn -0.0083 -0.3964 0.9180
vn 0.1080 -0.9215 0.3732
vn 0.0876 -0.9239 0.3723
vn 0.1893 -0.9002 -0.3921
vn 0.1318 -0.9092 -0.3949
vn 0.1577 -0.3440 -0.9256
vn 0.0973 -0.3558 -0.9295
vn 0.0046 0.4076 -0.9132
vn 0.0323 0.4153 -0.9091
vn -0.0911 0.9284 -0.3602
vn -0.9705 0.2055 -0.1264
vn -0.9744 0.2036 0.0955
vn -0.9741 0.1970 0.1111
vn -0.9633 0.0371 0.2658
vn -0.9620 0.0209 0.2722
vn -0.9431 -0.1998 0.2657
vn -0.9416 -0.2159 0.2584
vn -0.9261 -0.3643 0.0983
vn -0.9253 -0.3704 0.0819
vn -0.9220 -0.3632 -0.1345
vn -0.9222 -0.3563 -0.1500
vn -0.9328 -0.2011 -0.2992
vn -0.9339 -0.1858 -0.3054
vn -0.9524 0.0302 -0.3034
vn -0.9537 0.0452 -0.2973
vn -0.9697 0.1992 -0.1416
vn -0.0795 0.9124 0.4015
vn -0.0705 0.9302 -0.3603
vn -0.0795 0.9116 0.4034
vn -0.0420 0.3603 0.9319
vn -0.0421 0.3617 0.9313
vn 0.0199 -0.3994 0.9165
vn 0.0203 -0.4034 0.9148
vn 0.0703 -0.9281 0.3656
vn 0.0705 -0.9298 0.3613
vn 0.0793 -0.9127 -0.4009
vn 0.0793 -0.9118 -0.4029
vn 0.0416 -0.3599 -0.9320
vn 0.0417 -0.3614 -0.9315
vn -0.0202 0.4003 -0.9162
vn -0.0205 0.4043 -0.9144
vn -0.0703 0.9285 -0.3646
vn 0.9388 -0.1810 -0.2930
vn 0.9388 -0.1810 -0.2931
vn -0.1170 0.9115 0.3944
vn -0.0819 0.3671 0.9266
vn -0.0044 -0.3918 0.9201
vn 0.0705 -0.9241 0.3756
vn 0.0988 -0.9150 -0.3913
vn 0.0634 -0.3665 -0.9283
vn -0.0147 0.3973 -0.9176
vn -0.0894 0.9254 -0.3682
vn -0.1391 0.9219 -0.3616
vn -0.2651 0.8833 0.3868
vn -0.2388 0.3378 0.9104
vn -0.0755 -0.4033 0.9119
vn 0.1323 -0.9146 0.3821
vn 0.2623 -0.8881 -0.3775
vn 0.2357 -0.3312 -0.9137
vn 0.0682 0.4221 -0.9040
vn 0.8347 0.4368 0.3353
vn 0.8712 0.4375 0.2226
vn 0.8343 0.4358 0.3377
vn 0.8367 0.3480 0.4228
vn 0.8372 0.3459 0.4235
vn 0.8774 0.2330 0.4193
vn 0.8783 0.2314 0.4184
vn 0.9261 0.1702 0.3367
vn 0.9268 0.1699 0.3350
vn 0.9539 0.1858 0.2357
vn 0.9541 0.1867 0.2341
vn 0.9515 0.2591 0.1657
vn 0.9512 0.2609 0.1649
vn 0.9206 0.3582 0.1554
vn 0.9197 0.3604 0.1559
vn 0.8723 0.4364 0.2205
vn -0.3704 0.8574 0.3574
vn -0.1780 0.9122 -0.3690
vn -0.3713 0.8543 0.3638
vn -0.3492 0.3000 0.8877
vn -0.3502 0.3045 0.8858
vn -0.1263 -0.4214 0.8981
vn -0.1205 -0.4348 0.8925
vn 0.1674 -0.9069 0.3866
vn 0.1741 -0.9129 0.3691
vn 0.3579 -0.8623 -0.3583
vn 0.3591 -0.8577 -0.3679
vn 0.3357 -0.3020 -0.8922
vn 0.3370 -0.3092 -0.8893
vn 0.1215 0.4204 -0.8991
vn 0.1145 0.4369 -0.8922
vn -0.1720 0.9071 -0.3842
vn 0.9961 0.0856 0.0192
vn -0.1481 0.9217 -0.3586
vn -0.2989 0.8754 0.3799
vn -0.2764 0.3381 0.8996
vn -0.0936 -0.3920 0.9152
vn 0.1495 -0.9039 0.4008
vn 0.3094 -0.8809 -0.3583
vn 0.2866 -0.3224 -0.9022
vn 0.0947 0.4310 -0.8974
vn -0.1300 0.9070 0.4004
vn -0.1566 0.9206 -0.3577
vn -0.1772 0.9159 -0.3602
vn -0.0071 0.3732 0.9277
vn -0.0724 0.9141 0.3989
vn 0.1495 -0.3744 0.9151
vn 0.1208 -0.3776 0.9181
vn 0.1590 -0.9140 0.3732
vn 0.1792 -0.9106 0.3724
vn 0.0751 -0.9170 -0.3918
vn 0.1327 -0.9091 -0.3949
vn -0.0531 -0.3747 -0.9256
vn 0.0081 -0.3687 -0.9295
vn -0.1205 0.3893 -0.9132
vn -0.1492 0.3892 -0.9090
vn 0.8760 0.4728 0.0955
vn 0.8717 0.4734 -0.1265
vn 0.8776 0.4663 0.1112
vn 0.9128 0.3100 0.2658
vn 0.9162 0.2940 0.2722
vn 0.9610 0.0772 0.2657
vn 0.9641 0.0613 0.2584
vn 0.9915 -0.0854 0.0983
vn 0.9924 -0.0915 0.0818
vn 0.9872 -0.0855 -0.1345
vn 0.9855 -0.0788 -0.1500
vn 0.9514 0.0730 -0.2992
vn 0.9482 0.0879 -0.3054
vn 0.9043 0.3003 -0.3035
vn 0.9013 0.3150 -0.2973
vn 0.8728 0.4672 -0.1416
vn -0.1836 0.8973 0.4015
vn -0.1973 0.9117 -0.3603
vn -0.1970 0.9101 -0.3646
vn -0.0624 0.3573 0.9319
vn -0.1834 0.8965 0.4034
vn 0.0947 -0.3886 0.9165
vn 0.0954 -0.3924 0.9148
vn 0.1971 -0.9097 0.3656
vn 0.1974 -0.9113 0.3613
vn 0.1841 -0.8974 -0.4009
vn 0.1839 -0.8966 -0.4029
vn 0.0627 -0.3568 -0.9321
vn 0.0630 -0.3582 -0.9315
vn -0.0946 0.3895 -0.9161
vn -0.0954 0.3934 -0.9144
vn -0.8483 -0.4409 -0.2930
vn -0.8483 -0.4410 -0.2930
vn -0.8483 -0.4409 -0.2931
vn -0.1475 0.9070 0.3945
vn -0.1779 0.9125 -0.3682
vn -0.0261 0.3752 0.9266
vn 0.1158 -0.3743 0.9201
vn 0.1957 -0.9059 0.3756
vn 0.1659 -0.9052 -0.3913
vn 0.0436 -0.3693 -0.9283
vn -0.0990 0.3850 -0.9176
vn -0.1293 0.9233 -0.3616
vn 0.0538 0.3801 0.9234
vn 0.0024 0.9222 0.3867
vn 0.1872 -0.3651 0.9119
vn 0.1337 -0.9144 0.3820
vn 0.0015 -0.9260 -0.3775
vn -0.1316 -0.3846 -0.9137
vn -0.1857 0.3851 -0.9040
vn -0.9246 0.1809 0.3352
vn -0.9598 0.1712 0.2226
vn -0.9605 0.1698 0.2205
vn -0.9012 0.0953 0.4228
vn -0.9239 0.1801 0.3377
vn -0.9075 -0.0266 0.4193
vn -0.9011 0.0931 0.4236
vn -0.9362 -0.1006 0.3367
vn -0.9078 -0.0284 0.4184
vn -0.9673 -0.0936 0.2358
vn -0.9368 -0.1011 0.3350
vn -0.9859 -0.0227 0.1658
vn -0.9678 -0.0928 0.2342
vn -0.9845 0.0811 0.1554
vn -0.9861 -0.0208 0.1649
vn -0.9842 0.0835 0.1559
vn 0.1109 0.9274 0.3573
vn -0.0893 0.9251 -0.3691
vn -0.0935 0.9185 -0.3843
vn 0.2494 0.3870 0.8877
vn 0.1125 0.9247 0.3637
vn 0.2415 -0.3678 0.8980
vn 0.2392 -0.3824 0.8925
vn 0.0981 -0.9170 0.3867
vn 0.0934 -0.9247 0.3692
vn -0.0973 -0.9285 -0.3584
vn -0.0998 -0.9245 -0.3679
vn -0.2357 -0.3852 -0.8922
vn -0.2349 -0.3923 -0.8893
vn -0.2362 0.3685 -0.8991
vn -0.2344 0.3861 -0.8922
vn -0.9793 -0.2017 0.0192
vn -0.1206 0.9257 -0.3585
vn 0.1686 0.4029 0.8996
vn 0.1327 0.3919 0.9104
vn 0.2014 -0.3491 0.9152
vn 0.1142 -0.9090 0.4007
vn -0.0456 -0.9325 -0.3582
vn -0.1829 -0.3906 -0.9022
vn -0.2136 0.3862 -0.8974
vn -0.2673 0.8765 0.4004
vn -0.2491 0.9000 -0.3577
vn -0.3225 0.8585 0.3988
vn -0.1520 0.3408 0.9277
vn -0.2101 0.3214 0.9234
vn 0.0236 -0.4024 0.9151
vn 0.0509 -0.3932 0.9180
vn 0.2441 -0.8951 0.3732
vn 0.2244 -0.9006 0.3724
vn 0.3213 -0.8622 -0.3918
vn 0.2659 -0.8794 -0.3948
vn 0.2072 -0.3167 -0.9256
vn 0.1492 -0.3373 -0.9295
vn -0.0562 0.4037 -0.9132
vn -0.0300 0.4155 -0.9091
vn -0.2284 0.9045 -0.3602
vn -0.9902 0.0586 -0.1265
vn -0.9938 0.0562 0.0955
vn -0.9926 0.0497 0.1112
vn -0.9581 -0.1068 0.2659
vn -0.9544 -0.1228 0.2722
vn -0.9028 -0.3381 0.2657
vn -0.8989 -0.3538 0.2584
vn -0.8614 -0.4983 0.0982
vn -0.8597 -0.5042 0.0818
vn -0.8575 -0.4965 -0.1344
vn -0.8588 -0.4898 -0.1499
vn -0.8924 -0.3378 -0.2992
vn -0.8958 -0.3229 -0.3054
vn -0.9462 -0.1120 -0.3035
vn -0.9498 -0.0974 -0.2973
vn -0.9885 0.0525 -0.1416
vn -0.2147 0.8903 0.4015
vn -0.2086 0.9092 -0.3604
vn -0.2145 0.8895 0.4034
vn -0.0952 0.3500 0.9319
vn -0.0955 0.3515 0.9313
vn 0.0792 -0.3920 0.9166
vn 0.0802 -0.3958 0.9148
vn 0.2078 -0.9073 0.3656
vn 0.2083 -0.9089 0.3613
vn 0.2144 -0.8907 -0.4009
vn 0.2142 -0.8898 -0.4030
vn 0.0947 -0.3497 -0.9321
vn 0.0950 -0.3512 -0.9315
vn -0.0796 0.3928 -0.9162
vn -0.0806 0.3968 -0.9144
vn -0.2081 0.9076 -0.3646
vn 0.9553 -0.0391 -0.2931
vn 0.9553 -0.0391 -0.2930
vn -0.2515 0.8838 0.3944
vn -0.1357 0.3508 0.9266
vn 0.0540 -0.3880 0.9201
vn 0.2074 -0.9033 0.3756
vn 0.2340 -0.8900 -0.3912
vn 0.1173 -0.3529 -0.9283
vn -0.0738 0.3906 -0.9176
vn -0.2263 0.9017 -0.3683
vn -0.2750 0.8909 -0.3616
vn -0.3937 0.8339 0.3868
vn -0.2865 0.2984 0.9104
vn -0.0145 -0.4101 0.9119
vn 0.2671 -0.8847 0.3820
vn 0.3917 -0.8391 -0.3775
vn 0.2824 -0.2923 -0.9137
vn 0.0046 0.4275 -0.9040
vn 0.7603 0.5564 0.3352
vn 0.7963 0.5624 0.2227
vn 0.7600 0.5553 0.3377
vn 0.7755 0.4689 0.4228
vn 0.7763 0.4668 0.4236
vn 0.8329 0.3612 0.4193
vn 0.8340 0.3597 0.4184
vn 0.8904 0.3064 0.3367
vn 0.8911 0.3062 0.3350
vn 0.9155 0.3259 0.2357
vn 0.9156 0.3268 0.2342
vn 0.9023 0.3981 0.1658
vn 0.9017 0.3998 0.1649
vn 0.8569 0.4914 0.1554
vn 0.8557 0.4934 0.1559
vn 0.7975 0.5615 0.2205
vn -0.4939 0.7927 0.3574
vn -0.3119 0.8754 -0.3692
vn -0.4945 0.7894 0.3637
vn -0.3901 0.2445 0.8877
vn -0.3916 0.2490 0.8858
vn -0.0625 -0.4355 0.8980
vn -0.0548 -0.4481 0.8923
vn 0.3003 -0.8720 0.3867
vn 0.3079 -0.8769 0.3691
vn 0.4823 -0.7994 -0.3583
vn 0.4830 -0.7946 -0.3679
vn 0.3769 -0.2487 -0.8922
vn 0.3792 -0.2555 -0.8893
vn 0.0574 0.4337 -0.8992
vn 0.0482 0.4490 -0.8922
vn -0.3051 0.8713 -0.3843
vn 0.9723 0.2331 0.0192
vn -0.2838 0.8893 -0.3586
vn -0.4260 0.8211 0.3799
vn -0.3237 0.2931 0.8996
vn -0.0341 -0.4015 0.9152
vn 0.2826 -0.8715 0.4007
vn 0.4372 -0.8249 -0.3583
vn 0.3314 -0.2760 -0.9022
vn 0.0294 0.4403 -0.8974
vn -0.2638 0.8776 0.4004
vn -0.2921 0.8868 -0.3580
vn -0.3117 0.8793 -0.3602
vn -0.0626 0.3679 0.9277
vn -0.2079 0.8931 0.3988
vn 0.2036 -0.3479 0.9151
vn 0.1758 -0.3554 0.9180
vn 0.2934 -0.8803 0.3728
vn 0.3129 -0.8737 0.3725
vn 0.2110 -0.8956 -0.3918
vn 0.2667 -0.8792 -0.3949
vn 0.0033 -0.3784 -0.9256
vn 0.0629 -0.3634 -0.9295
vn -0.1771 0.3671 -0.9132
vn -0.2056 0.3627 -0.9090
vn 0.7957 0.5981 0.0955
vn 0.7913 0.5982 -0.1265
vn 0.7982 0.5920 0.1112
vn 0.8564 0.4426 0.2659
vn 0.8622 0.4272 0.2723
vn 0.9387 0.2195 0.2657
vn 0.9442 0.2043 0.2584
vn 0.9931 0.0633 0.0983
vn 0.9950 0.0575 0.0818
vn 0.9889 0.0625 -0.1345
vn 0.9299 0.2139 -0.2993
vn 0.9245 0.2281 -0.3054
vn 0.8494 0.4318 -0.3035
vn 0.8443 0.4458 -0.2974
vn 0.7933 0.5921 -0.1417
vn -0.3153 0.8599 0.4014
vn -0.3309 0.8722 -0.3603
vn -0.3304 0.8706 -0.3645
vn -0.1149 0.3440 0.9319
vn -0.3150 0.8591 0.4033
vn 0.1515 -0.3702 0.9165
vn 0.1528 -0.3739 0.9148
vn 0.3304 -0.8702 0.3656
vn 0.3309 -0.8718 0.3613
vn 0.3158 -0.8599 -0.4010
vn 0.3154 -0.8591 -0.4030
vn 0.1152 -0.3435 -0.9321
vn 0.1157 -0.3449 -0.9315
vn -0.1516 0.3710 -0.9162
vn -0.1530 0.3747 -0.9144
vn -0.7731 -0.5625 -0.2930
vn -0.7731 -0.5625 -0.2931
vn -0.2810 0.8749 0.3944
vn -0.3119 0.8758 -0.3683
vn -0.0817 0.3672 0.9266
vn 0.1703 -0.3528 0.9201
vn 0.3285 -0.8666 0.3757
vn 0.2990 -0.8704 -0.3912
vn 0.0982 -0.3587 -0.9283
vn -0.1553 0.3660 -0.9176
vn -0.2654 0.8938 -0.3616
vn -0.0035 0.3839 0.9234
vn -0.1350 0.9123 0.3867
vn 0.2396 -0.3332 0.9119
vn 0.2685 -0.8843 0.3820
vn 0.1395 -0.9154 -0.3775
vn -0.0728 -0.3999 -0.9137
vn -0.2410 0.3532 -0.9040
vn -0.9412 0.0411 0.3352
vn -0.9745 0.0261 0.2227
vn -0.9751 0.0248 0.2205
vn -0.9054 -0.0401 0.4227
vn -0.9404 0.0404 0.3377
vn -0.8934 -0.1616 0.4193
vn -0.9049 -0.0422 0.4236
vn -0.9108 -0.2390 0.3367
vn -0.8934 -0.1633 0.4185
vn -0.9425 -0.2367 0.2358
vn -0.9112 -0.2396 0.3350
vn -0.9715 -0.1694 0.1658
vn -0.9431 -0.2360 0.2341
vn -0.9856 -0.0665 0.1554
vn -0.9720 -0.1676 0.1649
vn -0.9857 -0.0642 0.1559
vn -0.0285 0.9335 0.3574
vn -0.2261 0.9015 -0.3691
vn -0.2293 0.8943 -0.3843
vn 0.1891 0.4199 0.8877
vn -0.0268 0.9311 0.3638
vn 0.2936 -0.3277 0.8980
vn 0.2939 -0.3425 0.8924
vn 0.2338 -0.8921 0.3867
vn 0.2302 -0.9004 0.3692
vn 0.0421 -0.9327 -0.3583
vn 0.0392 -0.9291 -0.3678
vn -0.1756 -0.4160 -0.8923
vn -0.1738 -0.4230 -0.8893
vn -0.2884 0.3290 -0.8992
vn -0.2892 0.3469 -0.8922
vn -0.9383 -0.3454 0.0192
vn -0.2572 0.8974 -0.3585
vn 0.1067 0.4235 0.8996
vn 0.0728 0.4073 0.9104
vn 0.2511 -0.3152 0.9152
vn 0.2484 -0.8819 0.4008
vn 0.0939 -0.9289 -0.3582
vn -0.1226 -0.4136 -0.9022
vn -0.2688 0.3500 -0.8974
vn -0.3950 0.8268 0.4004
vn -0.3804 0.8529 -0.3577
vn -0.4468 0.8008 0.3988
vn -0.2012 0.3144 0.9277
vn -0.2556 0.2865 0.9234
vn 0.0833 -0.3944 0.9151
vn 0.1089 -0.3812 0.9181
vn 0.3750 -0.8488 0.3728
vn 0.3561 -0.8571 0.3723
vn 0.4462 -0.8046 -0.3918
vn 0.3940 -0.8300 -0.3948
vn 0.1979 -0.3113 -0.9295
vn 0.2521 -0.2823 -0.9256
vn -0.1157 0.3908 -0.9132
vn -0.0918 0.4066 -0.9090
vn -0.3607 0.8604 -0.3602
vn -0.9879 -0.0898 -0.1264
vn -0.9911 -0.0926 0.0955
vn -0.9889 -0.0988 0.1112
vn -0.9315 -0.2484 0.2658
vn -0.9254 -0.2636 0.2722
vn -0.8424 -0.4689 0.2657
vn -0.8362 -0.4838 0.2584
vn -0.7776 -0.6211 0.0982
vn -0.7750 -0.6266 0.0818
vn -0.7740 -0.6188 -0.1345
vn -0.7763 -0.6123 -0.1500
vn -0.8321 -0.4671 -0.2992
vn -0.8376 -0.4529 -0.3054
vn -0.9190 -0.2519 -0.3034
vn -0.9246 -0.2380 -0.2973
vn -0.9853 -0.0956 -0.1416
vn -0.3449 0.8484 0.4015
vn -0.3415 0.8681 -0.3603
vn -0.3446 0.8477 0.4034
vn -0.1463 0.3319 0.9319
vn -0.1468 0.3332 0.9314
vn 0.1368 -0.3758 0.9166
vn 0.1383 -0.3794 0.9148
vn 0.3408 -0.8661 0.3656
vn 0.3415 -0.8677 0.3613
vn 0.3447 -0.8488 -0.4010
vn 0.3444 -0.8479 -0.4030
vn 0.1458 -0.3317 -0.9321
vn 0.1463 -0.3331 -0.9315
vn -0.1373 0.3766 -0.9161
vn -0.1388 0.3803 -0.9144
vn -0.3409 0.8665 -0.3646
vn 0.9505 0.1037 -0.2931
vn 0.9504 0.1038 -0.2931
vn 0.9505 0.1037 -0.2930
vn -0.3805 0.8365 0.3944
vn -0.1864 0.3267 0.9266
vn 0.1113 -0.3757 0.9201
vn 0.3397 -0.8623 0.3756
vn 0.3641 -0.8452 -0.3913
vn 0.1686 -0.3315 -0.9283
vn -0.1312 0.3753 -0.9176
vn -0.3582 0.8580 -0.3682
vn -0.4047 0.8399 -0.3615
vn -0.5136 0.7659 0.3868
vn -0.3278 0.2524 0.9104
vn 0.0468 -0.4077 0.9119
vn 0.3960 -0.8350 0.3820
vn 0.5124 -0.7713 -0.3775
vn 0.3228 -0.2470 -0.9137
vn -0.0592 0.4234 -0.9040
vn 0.6689 0.6635 0.3352
vn 0.7036 0.6748 0.2227
vn 0.6688 0.6623 0.3377
vn 0.6970 0.5792 0.4228
vn 0.6981 0.5773 0.4236
vn 0.7698 0.4812 0.4193
vn 0.7711 0.4800 0.4184
vn 0.8348 0.4356 0.3367
vn 0.8355 0.4356 0.3350
vn 0.8568 0.4587 0.2357
vn 0.8567 0.4596 0.2342
vn 0.8329 0.5280 0.1658
vn 0.8320 0.5296 0.1650
vn 0.7741 0.6137 0.1553
vn 0.7726 0.6154 0.1559
vn 0.7049 0.6741 0.2205
vn -0.6066 0.7102 0.3574
vn -0.4388 0.8193 -0.3691
vn -0.6065 0.7070 0.3638
vn -0.4222 0.1836 0.8877
vn -0.4244 0.1878 0.8858
vn 0.0032 -0.4400 0.8980
vn 0.0129 -0.4511 0.8924
vn 0.4272 -0.8173 0.3866
vn 0.4354 -0.8211 0.3691
vn 0.5963 -0.7183 -0.3583
vn 0.5961 -0.7136 -0.3679
vn 0.4098 -0.1896 -0.8923
vn 0.4132 -0.1960 -0.8893
vn -0.0076 0.4376 -0.8991
vn -0.0192 0.4513 -0.8921
vn -0.4318 0.8160 -0.3844
vn 0.9266 0.3754 0.0192
vn 0.9267 0.3754 0.0192
vn -0.4132 0.8371 -0.3586
vn -0.5436 0.7484 0.3799
vn -0.3637 0.2416 0.8996
vn 0.0261 -0.4021 0.9152
vn 0.4093 -0.8197 0.4007
vn 0.5553 -0.7505 -0.3583
vn 0.3689 -0.2235 -0.9022
vn -0.0365 0.4398 -0.8974
vn -0.3916 0.8284 0.4004
vn -0.4210 0.8336 -0.3577
vn -0.4393 0.8230 -0.3602
vn -0.1167 0.3545 0.9277
vn -0.3387 0.8522 0.3988
vn 0.2532 -0.3137 0.9152
vn 0.2268 -0.3252 0.9180
vn 0.4213 -0.8266 0.3732
vn 0.4396 -0.8174 0.3724
vn 0.3421 -0.8541 -0.3918
vn 0.3947 -0.8296 -0.3949
vn 0.0596 -0.3737 -0.9256
vn 0.1164 -0.3500 -0.9295
vn -0.2299 0.3365 -0.9132
vn -0.2572 0.3275 -0.9092
vn 0.6977 0.7100 0.0955
vn 0.6934 0.7094 -0.1265
vn 0.7011 0.7043 0.1112
vn 0.7809 0.5652 0.2658
vn 0.7889 0.5510 0.2722
vn 0.8955 0.3570 0.2657
vn 0.9032 0.3427 0.2584
vn 0.9726 0.2106 0.0983
vn 0.9753 0.2051 0.0819
vn 0.9686 0.2093 -0.1345
vn 0.9650 0.2152 -0.1500
vn 0.8876 0.3502 -0.2992
vn 0.8802 0.3634 -0.3053
vn 0.7756 0.5535 -0.3035
vn 0.7684 0.5667 -0.2973
vn 0.6962 0.7037 -0.1417
vn -0.4399 0.8033 0.4015
vn -0.4572 0.8131 -0.3603
vn -0.4564 0.8117 -0.3645
vn -0.1649 0.3231 0.9319
vn -0.4395 0.8026 0.4034
vn 0.2050 -0.3434 0.9165
vn 0.2069 -0.3469 0.9148
vn 0.4565 -0.8112 0.3656
vn 0.4572 -0.8127 0.3613
vn 0.4404 -0.8033 -0.4010
vn 0.4399 -0.8025 -0.4030
vn 0.1651 -0.3225 -0.9321
vn 0.1658 -0.3238 -0.9315
vn -0.2053 0.3443 -0.9161
vn -0.2072 0.3478 -0.9144
vn -0.6807 -0.6714 -0.2930
vn -0.6807 -0.6714 -0.2931
vn -0.4083 0.8232 0.3944
vn -0.4390 0.8196 -0.3682
vn -0.1356 0.3509 0.9266
vn 0.2209 -0.3235 0.9201
vn 0.4540 -0.8080 0.3756
vn 0.4254 -0.8161 -0.3913
vn 0.1505 -0.3401 -0.9283
vn -0.2081 0.3387 -0.9176
vn -0.3956 0.8442 -0.3615
vn -0.0607 0.3791 0.9234
vn -0.2695 0.8819 0.3867
vn 0.2865 -0.2937 0.9119
vn 0.3973 -0.8344 0.3821
vn 0.2744 -0.8844 -0.3775
vn -0.0124 -0.4063 -0.9137
vn -0.2909 0.3134 -0.9040
vn -0.9368 -0.0996 0.3353
vn -0.9676 -0.1193 0.2227
vn -0.9679 -0.1208 0.2205
vn -0.8893 -0.1746 0.4228
vn -0.9359 -0.1002 0.3377
vn -0.8593 -0.2929 0.4193
vn -0.8885 -0.1766 0.4236
vn -0.8650 -0.3721 0.3367
vn -0.8591 -0.2947 0.4184
vn -0.8967 -0.3746 0.2357
vn -0.8654 -0.3727 0.3350
vn -0.9354 -0.3123 0.1658
vn -0.8974 -0.3740 0.2341
vn -0.9647 -0.2126 0.1554
vn -0.9361 -0.3106 0.1650
vn -0.9651 -0.2103 0.1559
vn -0.1674 0.9189 0.3573
vn -0.3580 0.8577 -0.3691
vn -0.3599 0.8501 -0.3843
vn 0.1243 0.4434 0.8877
vn -0.1651 0.9168 0.3637
vn 0.3391 -0.2804 0.8980
vn 0.3415 -0.2949 0.8924
vn 0.3640 -0.8474 0.3866
vn 0.3618 -0.8561 0.3692
vn 0.1805 -0.9160 -0.3583
vn 0.1769 -0.9129 -0.3678
vn -0.1116 -0.4376 -0.8922
vn -0.1088 -0.4442 -0.8893
vn -0.3343 0.2823 -0.8992
vn -0.3377 0.3000 -0.8922
vn -0.8763 -0.4813 0.0192
vn -0.8763 -0.4814 0.0192
vn -0.3881 0.8490 -0.3586
vn 0.0424 0.4346 0.8996
vn 0.0113 0.4136 0.9104
vn 0.2953 -0.2742 0.9152
vn 0.3770 -0.8350 0.4008
vn 0.2312 -0.9045 -0.3583
vn -0.0596 -0.4272 -0.9022
vn -0.3179 0.3061 -0.8973
vn -0.5138 0.7587 0.4004
vn -0.5033 0.7866 -0.3577
vn -0.5612 0.7253 0.3988
vn -0.2955 0.2452 0.9234
vn -0.2458 0.2809 0.9277
vn 0.1411 -0.3776 0.9151
vn 0.1645 -0.3607 0.9181
vn 0.4971 -0.7834 0.3732
vn 0.4798 -0.7944 0.3724
vn 0.5611 -0.7292 -0.3917
vn 0.5133 -0.7620 -0.3949
vn 0.2913 -0.2415 -0.9256
vn 0.2420 -0.2783 -0.9295
vn -0.1727 0.3692 -0.9132
vn -0.1514 0.3884 -0.9090
vn -0.4849 0.7970 -0.3602
vn -0.9635 -0.2359 -0.1266
vn -0.9663 -0.2392 0.0956
vn -0.9631 -0.2450 0.1113
vn -0.8840 -0.3845 0.2659
vn -0.8758 -0.3986 0.2723
vn -0.7631 -0.5892 0.2657
vn -0.7547 -0.6030 0.2584
vn -0.6763 -0.7300 0.0983
vn -0.6729 -0.7351 0.0819
vn -0.6731 -0.7272 -0.1345
vn -0.6763 -0.7212 -0.1499
vn -0.7531 -0.5859 -0.2993
vn -0.7608 -0.5727 -0.3055
vn -0.8711 -0.3860 -0.3036
vn -0.8788 -0.3730 -0.2975
vn -0.9601 -0.2412 -0.1417
vn -0.4675 0.7876 0.4014
vn -0.4671 0.8075 -0.3603
vn -0.4671 0.7868 0.4034
vn -0.1941 0.3064 0.9319
vn -0.1948 0.3076 0.9313
vn 0.1913 -0.3512 0.9166
vn 0.1933 -0.3546 0.9148
vn 0.4660 -0.8057 0.3656
vn 0.4669 -0.8072 0.3613
vn 0.4673 -0.7880 -0.4009
vn 0.4669 -0.7872 -0.4029
vn 0.1936 -0.3063 -0.9321
vn 0.1943 -0.3076 -0.9315
vn -0.1919 0.3519 -0.9162
vn -0.1939 0.3554 -0.9144
vn -0.4662 0.8061 -0.3646
vn 0.9244 0.2442 -0.2930
vn 0.9244 0.2442 -0.2931
vn -0.5009 0.7704 0.3944
vn -0.2330 0.2953 0.9266
vn 0.1660 -0.3549 0.9201
vn 0.4645 -0.8020 0.3756
vn 0.4860 -0.7815 -0.3912
vn 0.2161 -0.3027 -0.9283
vn -0.1856 0.3516 -0.9176
vn -0.4821 0.7950 -0.3682
vn -0.5253 0.7703 -0.3616
vn -0.6220 0.6808 0.3867
vn -0.3617 0.2008 0.9104
vn 0.1070 -0.3961 0.9119
vn 0.5160 -0.7667 0.3820
vn 0.6216 -0.6863 -0.3775
vn 0.3560 -0.1961 -0.9137
vn -0.1217 0.4099 -0.9040
vn 0.5625 0.7557 0.3353
vn 0.5952 0.7721 0.2227
vn 0.5626 0.7546 0.3377
vn 0.6029 0.6766 0.4227
vn 0.6042 0.6749 0.4236
vn 0.6895 0.5906 0.4193
vn 0.6909 0.5895 0.4184
vn 0.7606 0.5552 0.3366
vn 0.7612 0.5552 0.3350
vn 0.7788 0.5813 0.2358
vn 0.7786 0.5822 0.2342
vn 0.7449 0.6463 0.1658
vn 0.7438 0.6477 0.1650
vn 0.6740 0.7222 0.1554
vn 0.6723 0.7237 0.1559
vn 0.5966 0.7716 0.2205
vn -0.7055 0.6119 0.3575
vn -0.5560 0.7447 -0.3691
vn -0.7054 0.6085 0.3636
vn -0.4447 0.1187 0.8878
vn -0.4476 0.1226 0.8858
vn 0.0686 -0.4347 0.8979
vn 0.0798 -0.4442 0.8924
vn 0.5439 -0.7448 0.3866
vn 0.5525 -0.7473 0.3690
vn 0.6964 -0.6217 -0.3585
vn 0.6955 -0.6172 -0.3680
vn 0.4334 -0.1264 -0.8923
vn 0.4377 -0.1323 -0.8893
vn -0.0729 0.4314 -0.8992
vn -0.0864 0.4433 -0.8922
vn -0.5486 0.7425 -0.3844
vn 0.8603 0.5094 0.0192
vn 0.8604 0.5093 0.0192
vn -0.5333 0.7662 -0.3586
vn -0.6491 0.6590 0.3799
vn -0.3957 0.1847 0.8996
vn 0.0858 -0.3938 0.9152
vn 0.5269 -0.7495 0.4008
vn 0.6609 -0.6594 -0.3582
vn 0.3981 -0.1661 -0.9022
vn -0.1017 0.4294 -0.8974
vn -0.5107 0.7608 0.4004
vn -0.5405 0.7615 -0.3577
vn -0.5570 0.7483 -0.3602
vn -0.1165 0.3658 0.9234
vn -0.1683 0.3332 0.9277
vn 0.2971 -0.2724 0.9151
vn 0.2727 -0.2878 0.9181
vn 0.5398 -0.7545 0.3732
vn 0.5565 -0.7427 0.3724
vn 0.4655 -0.7936 -0.3918
vn 0.5139 -0.7615 -0.3949
vn 0.1673 -0.3287 -0.9295
vn -0.2775 0.2985 -0.9132
vn 0.1147 -0.3606 -0.9256
vn -0.3033 0.2860 -0.9090
vn 0.5840 0.8061 0.0955
vn 0.5799 0.8048 -0.1264
vn 0.5882 0.8010 0.1112
vn 0.6879 0.6754 0.2658
vn 0.6979 0.6625 0.2722
vn 0.8323 0.4865 0.2656
vn 0.8420 0.4736 0.2583
vn 0.9303 0.3534 0.0982
vn 0.9338 0.3483 0.0818
vn 0.9265 0.3513 -0.1345
vn 0.9221 0.3566 -0.1500
vn 0.8255 0.4785 -0.2992
vn 0.8162 0.4905 -0.3053
vn 0.6845 0.6629 -0.3034
vn 0.6754 0.6749 -0.2972
vn 0.5836 0.7996 -0.1416
vn -0.5547 0.7288 0.4015
vn -0.5734 0.7358 -0.3603
vn -0.5724 0.7345 -0.3645
vn -0.2112 0.2948 0.9319
vn -0.5542 0.7281 0.4034
vn 0.2539 -0.3090 0.9165
vn 0.2563 -0.3122 0.9148
vn 0.5721 -0.7342 0.3656
vn 0.5731 -0.7355 0.3613
vn 0.5553 -0.7286 -0.4009
vn 0.5548 -0.7280 -0.4029
vn 0.2113 -0.2943 -0.9320
vn 0.2122 -0.2955 -0.9315
vn -0.2543 0.3099 -0.9161
vn -0.2567 0.3131 -0.9144
vn -0.5730 -0.7654 -0.2931
vn -0.5730 -0.7653 -0.2931
vn -0.5264 0.7532 0.3944
vn -0.5562 0.7450 -0.3682
vn -0.1863 0.3268 0.9265
vn 0.2667 -0.2870 0.9201
vn 0.5693 -0.7313 0.3756
vn 0.5422 -0.7436 -0.3912
vn 0.1995 -0.3139 -0.9283
vn -0.2563 0.3039 -0.9176
vn -0.4619 0.7922 0.3988
vn -0.5170 0.7759 -0.3615
vn -0.3979 0.8319 0.3867
vn 0.3271 -0.2478 0.9119
vn 0.5172 -0.7659 0.3820
vn 0.4031 -0.8337 -0.3775
vn 0.0483 -0.4035 -0.9137
vn -0.3344 0.2665 -0.9040
vn -0.9115 -0.2381 0.3353
vn -0.9390 -0.2622 0.2227
vn -0.9391 -0.2637 0.2205
vn -0.8533 -0.3052 0.4227
vn -0.9105 -0.2385 0.3377
vn -0.8061 -0.4177 0.4193
vn -0.8522 -0.3071 0.4236
vn -0.7999 -0.4969 0.3367
vn -0.8056 -0.4194 0.4184
vn -0.8309 -0.5040 0.2357
vn -0.8001 -0.4975 0.3350
vn -0.8785 -0.4482 0.1658
vn -0.8317 -0.5035 0.2342
vn -0.9222 -0.3540 0.1554
vn -0.8794 -0.4466 0.1649
vn -0.9230 -0.3518 0.1559
vn -0.3026 0.8836 0.3574
vn -0.4817 0.7948 -0.3692
vn -0.4827 0.7869 -0.3844
vn 0.0573 0.4569 0.8877
vn -0.2999 0.8819 0.3638
vn 0.3771 -0.2267 0.8980
vn 0.3818 -0.2406 0.8924
vn 0.4862 -0.7836 0.3867
vn 0.4854 -0.7925 0.3691
vn 0.3151 -0.8789 -0.3582
vn 0.3111 -0.8763 -0.3678
vn -0.0452 -0.4493 -0.8922
vn -0.0415 -0.4555 -0.8893
vn -0.3726 0.2294 -0.8992
vn -0.3785 0.2461 -0.8923
vn -0.7948 -0.6066 0.0192
vn -0.5103 0.7817 -0.3585
vn -0.0228 0.4361 0.8996
vn -0.0505 0.4106 0.9104
vn 0.3329 -0.2271 0.9152
vn 0.4973 -0.7695 0.4008
vn 0.3635 -0.8600 -0.3582
vn 0.0047 -0.4313 -0.9022
vn -0.3600 0.2553 -0.8973
vn -0.6212 0.6737 0.4004
vn -0.6149 0.7028 -0.3577
vn -0.6630 0.6335 0.3988
vn -0.2849 0.2411 0.9277
vn -0.3287 0.1984 0.9234
vn 0.1958 -0.3524 0.9151
vn 0.2164 -0.3322 0.9181
vn 0.6083 -0.7005 0.3732
vn 0.5929 -0.7140 0.3724
vn 0.6635 -0.6374 -0.3918
vn 0.6211 -0.6770 -0.3949
vn 0.3240 -0.1954 -0.9256
vn 0.2807 -0.2391 -0.9295
vn -0.2258 0.3393 -0.9132
vn -0.2073 0.3614 -0.9091
vn -0.5982 0.7158 -0.3602
vn -0.9176 -0.3768 -0.1264
vn -0.9198 -0.3805 0.0955
vn -0.9159 -0.3858 0.1112
vn -0.8168 -0.5120 0.2658
vn -0.8066 -0.5247 0.2722
vn -0.6668 -0.6963 0.2656
vn -0.6565 -0.7088 0.2583
vn -0.5600 -0.8226 0.0983
vn -0.5559 -0.8272 0.0819
vn -0.5573 -0.8194 -0.1345
vn -0.5614 -0.8139 -0.1500
vn -0.6575 -0.6915 -0.2993
vn -0.6669 -0.6796 -0.3054
vn -0.8040 -0.5115 -0.3034
vn -0.8135 -0.4999 -0.2972
vn -0.9134 -0.3816 -0.1416
vn -0.5797 0.7091 0.4015
vn -0.5823 0.7287 -0.3604
vn -0.5792 0.7084 0.4034
vn -0.2376 0.2740 0.9319
vn -0.2385 0.2751 0.9313
vn 0.2415 -0.3188 0.9166
vn 0.2440 -0.3218 0.9148
vn 0.5809 -0.7273 0.3655
vn 0.5820 -0.7286 0.3612
vn 0.5796 -0.7095 -0.4009
vn 0.5791 -0.7088 -0.4029
vn 0.2371 -0.2740 -0.9320
vn 0.2380 -0.2751 -0.9315
vn -0.2422 0.3194 -0.9161
vn -0.2447 0.3225 -0.9144
vn -0.5812 0.7275 -0.3646
vn 0.8777 0.3793 -0.2930
vn 0.8776 0.3793 -0.2931
vn -0.6101 0.6872 0.3944
vn -0.2745 0.2572 0.9266
vn 0.2171 -0.3262 0.9200
vn 0.5788 -0.7238 0.3756
vn 0.5970 -0.7004 -0.3912
vn 0.2588 -0.2671 -0.9283
vn -0.2360 0.3200 -0.9176
vn -0.5952 0.7143 -0.3682
vn -0.6343 0.6834 -0.3616
vn -0.7166 0.5805 0.3867
vn -0.3876 0.1446 0.9104
vn 0.1648 -0.3758 0.9119
vn 0.6245 -0.6812 0.3820
vn 0.7170 -0.5860 -0.3775
vn 0.3813 -0.1409 -0.9137
vn -0.1813 0.3872 -0.9040
vn 0.4436 0.8311 0.3353
vn 0.4734 0.8522 0.2227
vn 0.4439 0.8300 0.3377
vn 0.4953 0.7589 0.4227
vn 0.4969 0.7574 0.4236
vn 0.5938 0.6868 0.4193
vn 0.5954 0.6859 0.4184
vn 0.6693 0.6623 0.3366
vn 0.6700 0.6624 0.3350
vn 0.6835 0.6909 0.2358
vn 0.6832 0.6917 0.2342
vn 0.6402 0.7501 0.1658
vn 0.6389 0.7514 0.1648
vn 0.5588 0.8146 0.1554
vn 0.5569 0.8158 0.1559
vn 0.4749 0.8520 0.2205
vn -0.7889 0.4999 0.3574
vn -0.6609 0.6534 -0.3691
vn -0.7879 0.4969 0.3638
vn -0.4575 0.0512 0.8878
vn -0.4608 0.0545 0.8858
vn 0.1327 -0.4196 0.8980
vn 0.1453 -0.4273 0.8924
vn 0.6489 -0.6553 0.3866
vn 0.6578 -0.6565 0.3691
vn 0.7813 -0.5110 -0.3583
vn 0.7798 -0.5066 -0.3678
vn 0.4475 -0.0604 -0.8922
vn 0.4526 -0.0655 -0.8893
vn -0.1364 0.4159 -0.8991
vn -0.1514 0.4257 -0.8921
vn -0.6531 0.6525 -0.3843
vn 0.7748 0.6319 0.0192
vn -0.6415 0.6781 -0.3586
vn -0.7401 0.5549 0.3799
vn -0.4188 0.1237 0.8996
vn 0.1435 -0.3766 0.9152
vn 0.6327 -0.6626 0.4008
vn 0.7518 -0.5535 -0.3583
vn 0.4184 -0.1049 -0.9022
vn -0.1646 0.4095 -0.8973
vn -0.6184 0.6762 0.4004
vn -0.6480 0.6723 -0.3580
vn -0.6623 0.6569 -0.3602
vn -0.2160 0.3044 0.9277
vn -0.5748 0.7145 0.3988
vn 0.3344 -0.2251 0.9151
vn 0.3126 -0.2439 0.9180
vn 0.6462 -0.6657 0.3732
vn 0.6610 -0.6515 0.3724
vn 0.5786 -0.7154 -0.3918
vn 0.6217 -0.6764 -0.3949
vn 0.1671 -0.3395 -0.9256
vn 0.2144 -0.3002 -0.9295
vn -0.3188 0.2538 -0.9132
vn -0.3426 0.2376 -0.9090
vn 0.4575 0.8841 0.0955
vn 0.4536 0.8822 -0.1264
vn 0.4624 0.8797 0.1111
vn 0.5796 0.7704 0.2658
vn 0.5914 0.7590 0.2722
vn 0.7505 0.6051 0.2657
vn 0.7620 0.5938 0.2584
vn 0.8673 0.4879 0.0983
vn 0.8715 0.4834 0.0819
vn 0.8639 0.4855 -0.1345
vn 0.8587 0.4900 -0.1499
vn 0.7449 0.5963 -0.2992
vn 0.7338 0.6068 -0.3054
vn 0.5780 0.7575 -0.3035
vn 0.5672 0.7680 -0.2973
vn 0.4580 0.8776 -0.1416
vn -0.6571 0.6381 0.4014
vn -0.6765 0.6422 -0.3603
vn -0.6754 0.6410 -0.3646
vn -0.2528 0.2599 0.9319
vn -0.6565 0.6375 0.4034
vn 0.2971 -0.2675 0.9166
vn 0.2999 -0.2706 0.9148
vn 0.6753 -0.6405 0.3657
vn 0.6765 -0.6417 0.3614
vn 0.6575 -0.6380 -0.4009
vn 0.6568 -0.6374 -0.4029
vn 0.2528 -0.2595 -0.9321
vn 0.2539 -0.2605 -0.9315
vn -0.2976 0.2684 -0.9162
vn -0.3005 0.2712 -0.9144
vn -0.4526 -0.8422 -0.2931
vn -0.4526 -0.8422 -0.2930
vn -0.6328 0.6664 0.3944
vn -0.6611 0.6538 -0.3682
vn -0.2329 0.2953 0.9266
vn 0.3065 -0.2440 0.9201
vn 0.6719 -0.6383 0.3756
vn 0.6470 -0.6545 -0.3912
vn 0.2441 -0.2806 -0.9283
vn -0.2987 0.2623 -0.9176
vn -0.6269 0.6901 -0.3616
vn -0.1697 0.3444 0.9234
vn -0.5174 0.7634 0.3867
vn 0.3604 -0.1962 0.9119
vn 0.6256 -0.6802 0.3820
vn 0.5229 -0.7642 -0.3775
vn 0.1079 -0.3919 -0.9137
vn -0.3704 0.2137 -0.9040
vn -0.8659 -0.3713 0.3352
vn -0.8894 -0.3992 0.2227
vn -0.8893 -0.4007 0.2205
vn -0.7983 -0.4289 0.4228
vn -0.8648 -0.3716 0.3377
vn -0.7348 -0.5332 0.4193
vn -0.7970 -0.4306 0.4235
vn -0.7169 -0.6105 0.3367
vn -0.7341 -0.5348 0.4185
vn -0.7465 -0.6222 0.2358
vn -0.7171 -0.6112 0.3350
vn -0.8018 -0.5741 0.1658
vn -0.7473 -0.6218 0.2342
vn -0.8592 -0.4876 0.1554
vn -0.8030 -0.5727 0.1649
vn -0.8602 -0.4855 0.1559
vn -0.4309 0.8286 0.3574
vn -0.5948 0.7141 -0.3691
vn -0.5945 0.7063 -0.3843
vn -0.0119 0.4603 0.8877
vn -0.4280 0.8274 0.3638
vn 0.4067 -0.1680 0.8980
vn 0.4134 -0.1810 0.8924
vn 0.5975 -0.7025 0.3867
vn 0.5979 -0.7115 0.3692
vn 0.4425 -0.8221 -0.3583
vn 0.4382 -0.8201 -0.3679
vn 0.0222 -0.4509 -0.8923
vn 0.0269 -0.4565 -0.8893
vn -0.4027 0.1714 -0.8992
vn -0.4111 0.1871 -0.8922
vn -0.6955 -0.7183 0.0192
vn -0.6955 -0.7182 0.0192
vn -0.6211 0.6969 -0.3586
vn -0.0876 0.4278 0.8996
vn -0.1111 0.3985 0.9104
vn 0.3630 -0.1750 0.9152
vn 0.6064 -0.6868 0.4008
vn 0.4876 -0.7962 -0.3582
vn 0.0690 -0.4258 -0.9022
vn -0.3940 0.1988 -0.8973
vn -0.7146 0.5736 0.4004
vn -0.7125 0.6034 -0.3581
vn -0.7500 0.5276 0.3988
vn -0.3176 0.1960 0.9277
vn -0.3546 0.1472 0.9234
vn 0.2462 -0.3192 0.9151
vn 0.2635 -0.2962 0.9181
vn 0.7059 -0.6021 0.3732
vn 0.6927 -0.6177 0.3723
vn 0.7511 -0.5314 -0.3918
vn 0.7150 -0.5769 -0.3949
vn 0.3496 -0.1449 -0.9256
vn 0.3133 -0.1946 -0.9295
vn -0.2739 0.3019 -0.9132
vn -0.2591 0.3266 -0.9090
vn -0.6982 0.6187 -0.3602
vn -0.8512 -0.5094 -0.1264
vn -0.8528 -0.5134 0.0955
vn -0.8481 -0.5180 0.1112
vn -0.7314 -0.6280 0.2658
vn -0.7194 -0.6391 0.2722
vn -0.5555 -0.7879 0.2656
vn -0.5435 -0.7987 0.2583
vn -0.4311 -0.8969 0.0982
vn -0.4264 -0.9008 0.0818
vn -0.4288 -0.8933 -0.1345
vn -0.4337 -0.8885 -0.1500
vn -0.5470 -0.7818 -0.2993
vn -0.5582 -0.7715 -0.3054
vn -0.7187 -0.6256 -0.3035
vn -0.7299 -0.6155 -0.2973
vn -0.8463 -0.5135 -0.1416
vn -0.6789 0.6147 0.4015
vn -0.6844 0.6339 -0.3603
vn -0.6783 0.6142 0.4034
vn -0.2758 0.2356 0.9319
vn -0.2769 0.2366 0.9313
vn 0.2863 -0.2792 0.9166
vn 0.2892 -0.2818 0.9148
vn 0.6828 -0.6326 0.3656
vn 0.6840 -0.6337 0.3613
vn 0.6788 -0.6151 -0.4010
vn 0.6782 -0.6145 -0.4030
vn 0.2753 -0.2356 -0.9320
vn 0.2764 -0.2366 -0.9315
vn -0.2871 0.2797 -0.9161
vn -0.2901 0.2824 -0.9144
vn -0.6831 0.6328 -0.3645
vn 0.8113 0.5058 -0.2930
vn 0.8113 0.5059 -0.2930
vn -0.7057 0.5886 0.3944
vn -0.3097 0.2135 0.9266
vn 0.2632 -0.2902 0.9201
vn 0.6802 -0.6295 0.3756
vn 0.6947 -0.6036 -0.3913
vn 0.2957 -0.2255 -0.9283
vn -0.2810 0.2812 -0.9176
vn -0.6950 0.6176 -0.3683
vn -0.7290 0.5812 -0.3616
vn -0.7951 0.4672 0.3867
vn -0.4048 0.0852 0.9104
vn 0.2190 -0.3470 0.9119
vn 0.7191 -0.5805 0.3820
vn 0.7963 -0.4726 -0.3775
vn 0.3980 -0.0825 -0.9137
vn -0.2370 0.3558 -0.9040
vn 0.3148 0.8880 0.3353
vn 0.3411 0.9133 0.2227
vn 0.3152 0.8869 0.3377
vn 0.3767 0.8243 0.4227
vn 0.3784 0.8230 0.4236
vn 0.4848 0.7676 0.4193
vn 0.4865 0.7670 0.4183
vn 0.5631 0.7547 0.3367
vn 0.5638 0.7549 0.3350
vn 0.5729 0.7850 0.2357
vn 0.5725 0.7858 0.2342
vn 0.5213 0.8371 0.1658
vn 0.5199 0.8382 0.1650
vn 0.4312 0.8888 0.1554
vn 0.4291 0.8897 0.1559
vn 0.3427 0.9132 0.2205
vn -0.8546 0.3767 0.3574
vn -0.7510 0.5475 -0.3691
vn -0.8531 0.3739 0.3638
vn -0.4601 -0.0179 0.8877
vn -0.4639 -0.0148 0.8858
vn 0.1938 -0.3949 0.8981
vn 0.2073 -0.4006 0.8925
vn 0.7393 -0.5512 0.3867
vn 0.7483 -0.5511 0.3693
vn 0.8487 -0.3890 -0.3583
vn 0.8464 -0.3850 -0.3680
vn 0.4514 0.0068 -0.8923
vn 0.4572 0.0024 -0.8893
vn -0.1969 0.3909 -0.8992
vn -0.2132 0.3983 -0.8922
vn -0.7431 0.5478 -0.3843
vn 0.6720 0.7403 0.0192
vn -0.7354 0.5749 -0.3585
vn -0.8145 0.4384 0.3799
vn -0.4326 0.0599 0.8996
vn 0.1980 -0.3510 0.9152
vn 0.7244 -0.5609 0.4008
vn 0.8259 -0.4353 -0.3583
vn 0.4293 -0.0414 -0.9022
vn -0.2237 0.3804 -0.8973
vn -0.7123 0.5765 0.4004
vn -0.7410 0.5684 -0.3577
vn -0.7528 0.5509 -0.3602
vn -0.2590 0.2688 0.9277
vn -0.6749 0.6209 0.3988
vn 0.3642 -0.1727 0.9152
vn 0.3454 -0.1946 0.9180
vn 0.7382 -0.5619 0.3732
vn 0.7507 -0.5457 0.3724
vn 0.6788 -0.6211 -0.3918
vn 0.7156 -0.5762 -0.3949
vn 0.2159 -0.3108 -0.9256
vn 0.2567 -0.2648 -0.9295
vn -0.3531 0.2035 -0.9132
vn -0.3741 0.1839 -0.9090
vn 0.3206 0.9424 0.0954
vn 0.3170 0.9400 -0.1264
vn 0.3262 0.9387 0.1112
vn 0.4583 0.8481 0.2659
vn 0.4717 0.8387 0.2722
vn 0.6520 0.7101 0.2657
vn 0.6651 0.7006 0.2585
vn 0.7849 0.6117 0.0982
vn 0.7897 0.6079 0.0819
vn 0.7818 0.6088 -0.1344
vn 0.7761 0.6126 -0.1499
vn 0.6478 0.7006 -0.2991
vn 0.6354 0.7093 -0.3053
vn 0.4587 0.8352 -0.3034
vn 0.4465 0.8440 -0.2972
vn 0.3221 0.9361 -0.1416
vn -0.7449 0.5329 0.4015
vn -0.7647 0.5341 -0.3604
vn -0.7634 0.5331 -0.3646
vn -0.2887 0.2195 0.9319
vn -0.7442 0.5324 0.4034
vn 0.3337 -0.2204 0.9166
vn 0.3369 -0.2227 0.9148
vn 0.7632 -0.5329 0.3656
vn 0.7645 -0.5339 0.3613
vn 0.7453 -0.5327 -0.4009
vn 0.7446 -0.5322 -0.4029
vn 0.2887 -0.2190 -0.9320
vn 0.2899 -0.2198 -0.9315
vn -0.3343 0.2211 -0.9162
vn -0.3376 0.2235 -0.9144
vn -0.3220 -0.9002 -0.2930
vn -0.7250 0.5646 0.3944
vn -0.7511 0.5480 -0.3683
vn -0.2744 0.2573 0.9266
vn 0.3394 -0.1956 0.9201
vn 0.7596 -0.5310 0.3756
vn 0.7373 -0.5507 -0.3913
vn 0.2832 -0.2411 -0.9283
vn -0.3345 0.2149 -0.9176
vn -0.7228 0.5890 -0.3616
vn -0.2192 0.3152 0.9234
vn -0.6254 0.6777 0.3868
vn 0.3856 -0.1404 0.9119
vn 0.7200 -0.5794 0.3820
vn 0.6309 -0.6778 -0.3775
vn 0.1651 -0.3714 -0.9137
vn -0.3980 0.1560 -0.9040
vn -0.8008 -0.4962 0.3353
vn -0.8200 -0.5273 0.2227
vn -0.8196 -0.5288 0.2205
vn -0.7255 -0.5431 0.4227
vn -0.7998 -0.4963 0.3377
vn -0.6471 -0.6367 0.4193
vn -0.7239 -0.5446 0.4236
vn -0.6179 -0.7105 0.3367
vn -0.6462 -0.6383 0.4184
vn -0.6455 -0.7265 0.2358
vn -0.6179 -0.7113 0.3350
vn -0.7073 -0.6872 0.1658
vn -0.6463 -0.7263 0.2342
vn -0.7769 -0.6101 0.1554
vn -0.7087 -0.6860 0.1649
vn -0.7783 -0.6082 0.1558
vn -0.5495 0.7552 0.3574
vn -0.6946 0.6175 -0.3691
vn -0.6931 0.6098 -0.3844
vn -0.0803 0.4534 0.8877
vn -0.5463 0.7545 0.3637
vn 0.4271 -0.1054 0.8980
vn 0.4356 -0.1174 0.8924
vn 0.6956 -0.6055 0.3868
vn 0.6974 -0.6143 0.3693
vn 0.5601 -0.7470 -0.3582
vn 0.5555 -0.7458 -0.3678
vn 0.0891 -0.4428 -0.8922
vn 0.0946 -0.4475 -0.8893
vn -0.4237 0.1092 -0.8992
vn -0.4345 0.1236 -0.8922
vn -0.5807 -0.8139 0.0192
vn -0.7180 0.5966 -0.3586
vn -0.1504 0.4100 0.8996
vn -0.1693 0.3775 0.9104
vn 0.3850 -0.1190 0.9152
vn 0.7020 -0.5887 0.4008
vn 0.6008 -0.7146 -0.3582
vn 0.1316 -0.4108 -0.9022
vn -0.4192 0.1378 -0.8974
vn -0.7921 0.4607 0.4004
vn -0.7947 0.4904 -0.3577
vn -0.8203 0.4099 0.3988
vn -0.3433 0.1465 0.9277
vn -0.3726 0.0927 0.9234
vn 0.2910 -0.2790 0.9151
vn 0.3047 -0.2536 0.9180
vn 0.7877 -0.4901 0.3732
vn 0.7770 -0.5076 0.3724
vn 0.8219 -0.4135 -0.3917
vn 0.7930 -0.4639 -0.3948
vn 0.3673 -0.0912 -0.9256
vn 0.3388 -0.1457 -0.9295
vn -0.3157 0.2577 -0.9132
vn -0.3049 0.2843 -0.9090
vn -0.7826 0.5077 -0.3602
vn -0.7658 -0.6305 -0.1264
vn -0.7667 -0.6348 0.0954
vn -0.7614 -0.6387 0.1111
vn -0.6296 -0.7300 0.2658
vn -0.6161 -0.7392 0.2721
vn -0.4319 -0.8619 0.2657
vn -0.4184 -0.8707 0.2584
vn -0.2926 -0.9512 0.0982
vn -0.2873 -0.9543 0.0819
vn -0.2909 -0.9473 -0.1345
vn -0.2964 -0.9432 -0.1500
vn -0.4244 -0.8546 -0.2993
vn -0.4370 -0.8460 -0.3055
vn -0.6175 -0.7256 -0.3035
vn -0.6300 -0.7174 -0.2974
vn -0.7604 -0.6339 -0.1416
vn -0.7629 0.5067 0.4014
vn -0.7713 0.5248 -0.3601
vn -0.7623 0.5062 0.4034
vn -0.3078 0.1918 0.9319
vn -0.3090 0.1926 0.9314
vn 0.3247 -0.2335 0.9165
vn 0.3280 -0.2357 0.9148
vn 0.7694 -0.5238 0.3656
vn 0.7709 -0.5246 0.3613
vn 0.7630 -0.5071 -0.4009
vn 0.7623 -0.5065 -0.4029
vn 0.3073 -0.1919 -0.9321
vn 0.3085 -0.1927 -0.9315
vn -0.3257 0.2338 -0.9161
vn -0.3290 0.2360 -0.9144
vn -0.7698 0.5238 -0.3647
vn 0.7269 0.6211 -0.2931
vn 0.7269 0.6210 -0.2931
vn -0.7855 0.4768 0.3944
vn -0.3381 0.1649 0.9266
vn 0.3035 -0.2477 0.9201
vn 0.7664 -0.5211 0.3756
vn 0.7769 -0.4933 -0.3913
vn 0.3261 -0.1789 -0.9283
vn -0.3198 0.2362 -0.9176
vn -0.7792 0.5071 -0.3682
vn -0.8075 0.4661 -0.3616
vn -0.8558 0.3435 0.3868
vn -0.4130 0.0240 0.9104
vn 0.2683 -0.3105 0.9119
vn 0.7976 -0.4669 0.3820
vn 0.8579 -0.3487 -0.3775
vn 0.4058 -0.0222 -0.9137
vn -0.2874 0.3165 -0.9040
vn 0.1790 0.9250 0.3353
vn 0.2013 0.9539 0.2227
vn 0.1795 0.9240 0.3377
vn 0.2496 0.8712 0.4227
vn 0.2516 0.8702 0.4235
vn 0.3650 0.8313 0.4193
vn 0.3667 0.8309 0.4184
vn 0.4443 0.8302 0.3367
vn 0.4450 0.8305 0.3350
vn 0.4495 0.8616 0.2358
vn 0.4490 0.8623 0.2341
vn 0.3907 0.9055 0.1658
vn 0.3891 0.9063 0.1649
vn 0.2940 0.9431 0.1554
vn 0.2917 0.9437 0.1560
vn 0.2027 0.9541 0.2205
vn -0.9012 0.2452 0.3574
vn -0.8241 0.4298 -0.3691
vn -0.8993 0.2428 0.3638
vn -0.4523 -0.0860 0.8877
vn -0.4565 -0.0837 0.8858
vn 0.2506 -0.3615 0.8981
vn 0.2646 -0.3657 0.8923
vn 0.8132 -0.4350 0.3866
vn 0.8221 -0.4334 0.3691
vn 0.8971 -0.2582 -0.3585
vn 0.8943 -0.2545 -0.3680
vn 0.4454 0.0742 -0.8922
vn 0.4518 0.0708 -0.8893
vn -0.2529 0.3572 -0.8991
vn -0.2700 0.3621 -0.8922
vn -0.8163 0.4312 -0.3843
vn 0.5542 0.8322 0.0192
vn -0.8129 0.4589 -0.3586
vn -0.8708 0.3122 0.3798
vn -0.4367 -0.0053 0.8996
vn 0.2481 -0.3176 0.9152
vn 0.7999 -0.4467 0.4008
vn 0.8816 -0.3074 -0.3582
vn 0.4307 0.0231 -0.9022
vn -0.2779 0.3428 -0.8974
vn -0.7902 0.4639 0.4004
vn -0.8173 0.4515 -0.3580
vn -0.8265 0.4325 -0.3602
vn -0.2961 0.2272 0.9277
vn -0.7599 0.5134 0.3988
vn 0.3859 -0.1165 0.9151
vn 0.3706 -0.1410 0.9180
vn 0.8138 -0.4458 0.3728
vn 0.8236 -0.4277 0.3724
vn 0.7638 -0.5130 -0.3917
vn 0.7935 -0.4632 -0.3948
vn 0.2598 -0.2752 -0.9256
vn 0.2933 -0.2236 -0.9295
vn -0.3795 0.1486 -0.9132
vn -0.3971 0.1258 -0.9091
vn 0.1766 0.9796 0.0956
vn 0.1734 0.9767 -0.1264
vn 0.1826 0.9769 0.1112
vn 0.3268 0.9069 0.2659
vn 0.3414 0.8996 0.2723
vn 0.5388 0.7994 0.2657
vn 0.5531 0.7920 0.2584
vn 0.6849 0.7220 0.0983
vn 0.6902 0.7189 0.0819
vn 0.6823 0.7186 -0.1344
vn 0.6761 0.7214 -0.1499
vn 0.5361 0.7893 -0.2992
vn 0.5225 0.7961 -0.3054
vn 0.3290 0.8942 -0.3035
vn 0.3157 0.9011 -0.2973
vn 0.1789 0.9736 -0.1416
vn -0.8160 0.4160 0.4015
vn -0.8358 0.4142 -0.3603
vn -0.8344 0.4134 -0.3646
vn -0.3182 0.1741 0.9319
vn -0.8152 0.4157 0.4034
vn 0.3628 -0.1684 0.9165
vn 0.3663 -0.1701 0.9148
vn 0.8341 -0.4131 0.3656
vn 0.8356 -0.4139 0.3613
vn 0.8164 -0.4156 -0.4010
vn 0.8156 -0.4153 -0.4030
vn 0.3181 -0.1736 -0.9321
vn 0.3194 -0.1742 -0.9315
vn -0.3636 0.1689 -0.9161
vn -0.3671 0.1707 -0.9144
vn -0.1842 -0.9382 -0.2930
vn -0.1842 -0.9382 -0.2931
vn -0.8011 0.4502 0.3944
vn -0.8244 0.4299 -0.3683
vn -0.3097 0.2136 0.9266
vn 0.3648 -0.1428 0.9201
vn 0.8302 -0.4119 0.3756
vn 0.8112 -0.4347 -0.3913
vn 0.3159 -0.1962 -0.9283
vn -0.3628 0.1626 -0.9176
vn -0.8025 0.4747 -0.3616
vn -0.2637 0.2791 0.9234
vn -0.7194 0.5769 0.3867
vn 0.4022 -0.0813 0.9119
vn 0.7983 -0.4656 0.3820
vn 0.7249 -0.5762 -0.3775
vn 0.2186 -0.3426 -0.9137
vn -0.4169 0.0950 -0.9040
vn -0.7179 -0.6100 0.3353
vn -0.7322 -0.6437 0.2227
vn -0.7316 -0.6451 0.2205
vn -0.6364 -0.6452 0.4227
vn -0.7168 -0.6100 0.3377
vn -0.5450 -0.7261 0.4193
vn -0.6346 -0.6464 0.4236
vn -0.5051 -0.7947 0.3367
vn -0.5439 -0.7274 0.4184
vn -0.5299 -0.8146 0.2357
vn -0.5051 -0.7954 0.3350
vn -0.5970 -0.7849 0.1658
vn -0.5308 -0.8145 0.2341
vn -0.6773 -0.7191 0.1554
vn -0.5986 -0.7839 0.1649
vn -0.6790 -0.7174 0.1560
vn -0.6558 0.6650 0.3573
vn -0.7789 0.5070 -0.3692
vn -0.7764 0.4995 -0.3843
vn -0.1470 0.4363 0.8877
vn -0.6526 0.6647 0.3636
vn 0.4381 -0.0407 0.8980
vn 0.4484 -0.0512 0.8924
vn 0.7781 -0.4950 0.3866
vn 0.7812 -0.5035 0.3691
vn 0.6653 -0.6549 -0.3584
vn 0.6606 -0.6544 -0.3679
vn 0.1542 -0.4243 -0.8923
vn 0.1603 -0.4282 -0.8894
vn -0.4352 0.0449 -0.8992
vn -0.4480 0.0575 -0.8922
vn -0.4529 -0.8913 0.0192
vn -0.7989 0.4829 -0.3586
vn -0.2098 0.3830 0.8996
vn -0.2236 0.3480 0.9104
vn 0.3984 -0.0602 0.9152
vn 0.7819 -0.4775 0.4008
vn 0.7006 -0.6171 -0.3583
vn 0.1914 -0.3866 -0.9022
vn -0.4351 0.0738 -0.8973
vn -0.8519 0.3375 0.4004
vn -0.8589 0.3665 -0.3577
vn -0.8722 0.2831 0.3988
vn -0.3613 0.0937 0.9277
vn -0.3822 0.0362 0.9234
vn 0.3297 -0.2325 0.9150
vn 0.3391 -0.2054 0.9180
vn 0.8522 -0.3672 0.3728
vn 0.8440 -0.3861 0.3723
vn 0.8744 -0.2864 -0.3917
vn 0.8533 -0.3405 -0.3948
vn 0.3567 -0.0936 -0.9295
vn 0.3768 -0.0355 -0.9256
vn -0.3507 0.2077 -0.9132
vn -0.3439 0.2357 -0.9090
vn -0.8495 0.3854 -0.3602
vn -0.6632 -0.7377 -0.1264
vn -0.6636 -0.7420 0.0954
vn -0.6577 -0.7450 0.1112
vn -0.5139 -0.8157 0.2658
vn -0.4991 -0.8227 0.2722
vn -0.2986 -0.9167 0.2657
vn -0.2839 -0.9234 0.2584
vn -0.1476 -0.9842 0.0982
vn -0.1419 -0.9865 0.0819
vn -0.1465 -0.9800 -0.1344
vn -0.1526 -0.9768 -0.1500
vn -0.2923 -0.9083 -0.2992
vn -0.3060 -0.9017 -0.3054
vn -0.5024 -0.8097 -0.3034
vn -0.5160 -0.8033 -0.2972
vn -0.6573 -0.7402 -0.1416
vn -0.8300 0.3871 0.4015
vn -0.8407 0.4043 -0.3602
vn -0.8293 0.3867 0.4034
vn -0.3330 0.1438 0.9319
vn -0.3343 0.1445 0.9313
vn 0.3559 -0.1823 0.9166
vn 0.3595 -0.1840 0.9148
vn 0.8389 -0.4032 0.3656
vn 0.8404 -0.4039 0.3613
vn 0.8299 -0.3879 -0.4009
vn 0.8291 -0.3875 -0.4029
vn 0.3325 -0.1441 -0.9320
vn 0.3338 -0.1447 -0.9315
vn -0.3568 0.1826 -0.9162
vn -0.3604 0.1844 -0.9144
vn -0.8393 0.4033 -0.3645
vn 0.6262 0.7225 -0.2930
vn -0.8478 0.3544 0.3944
vn -0.3589 0.1127 0.9266
vn 0.3370 -0.1997 0.9201
vn 0.8355 -0.4010 0.3756
vn 0.8418 -0.3720 -0.3913
vn 0.3490 -0.1283 -0.9283
vn -0.3514 0.1859 -0.9176
vn -0.8461 0.3853 -0.3683
vn -0.8679 0.3405 -0.3616
vn -0.8975 0.2121 0.3867
vn -0.4119 -0.0379 0.9104
vn 0.3116 -0.2670 0.9119
vn 0.8582 -0.3428 0.3820
vn 0.9003 -0.2169 -0.3775
vn 0.4046 0.0385 -0.9137
vn -0.3314 0.2702 -0.9040
vn 0.0391 0.9413 0.3353
vn 0.0568 0.9732 0.2227
vn 0.0397 0.9404 0.3377
vn 0.1170 0.8987 0.4227
vn 0.1190 0.8980 0.4236
vn 0.2370 0.8764 0.4193
vn 0.2388 0.8763 0.4185
vn 0.3157 0.8871 0.3367
vn 0.3163 0.8876 0.3350
vn 0.3161 0.9190 0.2357
vn 0.3154 0.9196 0.2341
vn 0.2514 0.9536 0.1658
vn 0.2498 0.9541 0.1650
vn 0.1501 0.9764 0.1554
vn 0.1478 0.9767 0.1559
vn 0.0583 0.9736 0.2205
vn -0.9276 0.1086 0.3575
vn -0.8788 0.3025 -0.3691
vn -0.9254 0.1061 0.3638
vn -0.4344 -0.1526 0.8877
vn -0.4389 -0.1509 0.8858
vn 0.3017 -0.3202 0.8980
vn 0.3162 -0.3219 0.8924
vn 0.8690 -0.3087 0.3868
vn 0.8775 -0.3060 0.3692
vn 0.9258 -0.1211 -0.3581
vn 0.9224 -0.1179 -0.3678
vn 0.4295 0.1398 -0.8922
vn 0.4363 0.1374 -0.8892
vn -0.3033 0.3154 -0.8992
vn -0.3210 0.3177 -0.8922
vn -0.8714 0.3050 -0.3843
vn 0.4239 0.9055 0.0192
vn -0.8722 0.3326 -0.3586
vn -0.9076 0.1789 0.3798
vn -0.4310 -0.0703 0.8996
vn 0.2926 -0.2771 0.9152
vn 0.8575 -0.3225 0.4008
vn 0.9175 -0.1726 -0.3582
vn 0.4225 0.0870 -0.9022
vn -0.3259 0.2976 -0.8973
vn -0.8505 0.3410 0.4004
vn -0.8755 0.3245 -0.3581
vn -0.8818 0.3045 -0.3602
vn -0.3267 0.1805 0.9277
vn -0.8279 0.3944 0.3988
vn 0.3993 -0.0580 0.9150
vn 0.3874 -0.0842 0.9181
vn 0.8711 -0.3194 0.3732
vn 0.8782 -0.3002 0.3724
vn 0.8317 -0.3935 -0.3918
vn 0.8536 -0.3397 -0.3949
vn 0.2979 -0.2334 -0.9256
vn 0.3234 -0.1774 -0.9295
vn -0.3974 0.0904 -0.9132
vn -0.4117 0.0654 -0.9090
vn 0.0286 0.9950 0.0955
vn 0.0259 0.9916 -0.1264
vn 0.0349 0.9932 0.1111
vn 0.1880 0.9455 0.2658
vn 0.2035 0.9405 0.2722
vn 0.4137 0.8708 0.2657
vn 0.4290 0.8656 0.2583
vn 0.5697 0.8160 0.0982
vn 0.5754 0.8138 0.0818
vn 0.5676 0.8123 -0.1344
vn 0.5610 0.8141 -0.1499
vn 0.4125 0.8604 -0.2992
vn 0.3980 0.8651 -0.3053
vn 0.1921 0.9333 -0.3034
vn 0.1779 0.9381 -0.2973
vn 0.0319 0.9894 -0.1416
vn -0.8689 0.2897 0.4015
vn -0.8882 0.2850 -0.3603
vn -0.8867 0.2845 -0.3646
vn -0.3406 0.1246 0.9319
vn -0.8681 0.2894 0.4034
vn 0.3838 -0.1123 0.9165
vn 0.3875 -0.1136 0.9148
vn 0.8863 -0.2844 0.3656
vn 0.8878 -0.2849 0.3613
vn 0.8693 -0.2891 -0.4010
vn 0.8684 -0.2889 -0.4030
vn 0.3404 -0.1242 -0.9321
vn 0.3418 -0.1244 -0.9315
vn -0.3846 0.1128 -0.9162
vn -0.3884 0.1140 -0.9144
vn -0.0424 -0.9552 -0.2930
vn -0.0423 -0.9552 -0.2930
vn -0.8592 0.3258 0.3944
vn -0.8792 0.3022 -0.3682
vn -0.3380 0.1650 0.9266
vn 0.3820 -0.0869 0.9201
vn 0.8823 -0.2835 0.3756
vn 0.8669 -0.3089 -0.3912
vn 0.3416 -0.1469 -0.9283
vn -0.3830 0.1067 -0.9176
vn -0.8642 0.3498 -0.3616
vn -0.3023 0.2366 0.9234
vn -0.7974 0.4633 0.3867
vn 0.4098 -0.0205 0.9119
vn 0.8588 -0.3414 0.3820
vn 0.8027 -0.4617 -0.3775
vn 0.2673 -0.3062 -0.9137
vn -0.4264 0.0318 -0.9040
vn -0.6190 -0.7102 0.3353
vn -0.6281 -0.7456 0.2227
vn -0.6273 -0.7469 0.2205
vn -0.5332 -0.7328 0.4227
vn -0.6179 -0.7101 0.3377
vn -0.4307 -0.7992 0.4193
vn -0.5312 -0.7338 0.4236
vn -0.3810 -0.8611 0.3367
vn -0.4294 -0.8003 0.4185
vn -0.4026 -0.8845 0.2358
vn -0.3809 -0.8618 0.3350
vn -0.4734 -0.8651 0.1658
vn -0.4035 -0.8845 0.2341
vn -0.5626 -0.8120 0.1554
vn -0.4750 -0.8644 0.1649
vn -0.5644 -0.8106 0.1559
vn -0.7477 0.5596 0.3574
vn -0.8456 0.3855 -0.3692
vn -0.8420 0.3786 -0.3844
vn -0.2105 0.4094 0.8877
vn -0.7444 0.5600 0.3637
vn 0.4393 0.0252 0.8980
vn 0.4510 0.0163 0.8924
vn 0.8432 -0.3736 0.3867
vn 0.8475 -0.3814 0.3692
vn 0.7554 -0.5487 -0.3582
vn 0.7508 -0.5488 -0.3677
vn 0.2158 -0.3967 -0.8922
vn 0.2222 -0.3998 -0.8893
vn -0.4370 -0.0202 -0.8992
vn -0.4515 -0.0097 -0.8922
vn -0.3150 -0.9489 0.0192
vn -0.8620 0.3585 -0.3585
vn -0.2645 0.3475 0.8996
vn -0.2730 0.3108 0.9104
vn 0.4030 -0.0002 0.9152
vn 0.8443 -0.3557 0.4008
vn 0.7847 -0.5058 -0.3583
vn 0.2468 -0.3537 -0.9022
vn -0.4413 0.0082 -0.8973
vn -0.8927 0.2068 0.4004
vn -0.9040 0.2344 -0.3577
vn -0.9047 0.1500 0.3988
vn -0.3712 0.0388 0.9277
vn -0.3833 -0.0212 0.9234
vn 0.3603 -0.1808 0.9151
vn 0.3660 -0.1526 0.9180
vn 0.8972 -0.2362 0.3732
vn 0.8921 -0.2560 0.3723
vn 0.9073 -0.1529 -0.3917
vn 0.8945 -0.2095 -0.3948
vn 0.3778 0.0211 -0.9256
vn 0.3667 -0.0394 -0.9295
vn -0.3777 0.1532 -0.9132
vn -0.3752 0.1818 -0.9090
vn -0.8975 0.2545 -0.3602
vn -0.5460 -0.8282 -0.1264
vn -0.5457 -0.8325 0.0955
vn -0.5394 -0.8347 0.1112
vn -0.3866 -0.8831 0.2658
vn -0.3709 -0.8879 0.2722
vn -0.1587 -0.9509 0.2657
vn -0.1431 -0.9554 0.2583
vn 0.0007 -0.9952 0.0982
vn 0.0067 -0.9966 0.0818
vn 0.0012 -0.9909 -0.1345
vn -0.0053 -0.9887 -0.1499
vn -0.1537 -0.9417 -0.2992
vn -0.1682 -0.9372 -0.3054
vn -0.3761 -0.8755 -0.3035
vn -0.3906 -0.8712 -0.2973
vn -0.5398 -0.8298 -0.1416
vn -0.8784 0.2593 0.4014
vn -0.8916 0.2743 -0.3603
vn -0.8776 0.2590 0.4034
vn -0.3507 0.0925 0.9319
vn -0.3521 0.0929 0.9314
vn 0.3791 -0.1272 0.9166
vn 0.3829 -0.1283 0.9148
vn 0.8896 -0.2738 0.3656
vn 0.8913 -0.2739 0.3614
vn 0.8785 -0.2598 -0.4009
vn 0.8777 -0.2595 -0.4029
vn 0.3502 -0.0928 -0.9321
vn 0.3516 -0.0932 -0.9315
vn -0.3801 0.1274 -0.9161
vn -0.3839 0.1286 -0.9144
vn -0.8900 0.2739 -0.3646
vn 0.5115 0.8078 -0.2930
vn 0.5115 0.8077 -0.2930
vn -0.8912 0.2241 0.3944
vn -0.3717 0.0579 0.9266
vn 0.3631 -0.1472 0.9201
vn 0.8860 -0.2720 0.3756
vn 0.8878 -0.2424 -0.3913
vn 0.3643 -0.0749 -0.9283
vn -0.3752 0.1315 -0.9176
vn -0.8941 0.2549 -0.3682
vn -0.9090 0.2073 -0.3615
vn -0.9191 0.0760 0.3867
vn -0.4017 -0.0988 0.9104
vn 0.3479 -0.2176 0.9119
vn 0.8997 -0.2111 0.3820
vn 0.9225 -0.0803 -0.3775
vn 0.3944 0.0984 -0.9137
vn -0.3679 0.2178 -0.9040
vn -0.1016 0.9366 0.3353
vn -0.0889 0.9708 0.2227
vn -0.1008 0.9359 0.3377
vn -0.0183 0.9061 0.4227
vn -0.0161 0.9057 0.4235
vn 0.1037 0.9019 0.4193
vn 0.1055 0.9021 0.4184
vn 0.1799 0.9243 0.3367
vn 0.1804 0.9248 0.3350
vn 0.1755 0.9558 0.2358
vn 0.1749 0.9563 0.2342
vn 0.1065 0.9804 0.1658
vn 0.1047 0.9807 0.1649
vn 0.0029 0.9879 0.1554
vn 0.0006 0.9878 0.1560
vn -0.0875 0.9715 0.2205
vn -0.9334 -0.0311 0.3574
vn -0.9141 0.1681 -0.3691
vn -0.9309 -0.0332 0.3638
vn -0.4068 -0.2158 0.8877
vn -0.4115 -0.2145 0.8858
vn 0.3460 -0.2714 0.8981
vn 0.3607 -0.2713 0.8923
vn 0.9053 -0.1758 0.3867
vn 0.9133 -0.1717 0.3692
vn 0.9335 0.0179 -0.3582
vn 0.9297 0.0207 -0.3678
vn 0.4038 0.2019 -0.8923
vn 0.4109 0.2005 -0.8893
vn -0.3469 0.2668 -0.8992
vn -0.3649 0.2664 -0.8921
vn -0.9071 0.1716 -0.3842
vn 0.2843 0.9586 0.0192
vn -0.9121 0.1989 -0.3586
vn -0.9241 0.0416 0.3799
vn -0.4157 -0.1337 0.8996
vn 0.3307 -0.2303 0.9152
vn 0.8960 -0.1911 0.4008
vn 0.9330 -0.0339 -0.3583
vn 0.4048 0.1490 -0.9022
vn -0.3666 0.2457 -0.8973
vn -0.8919 0.2104 0.4004
vn -0.9142 0.1906 -0.3577
vn -0.9173 0.1697 -0.3602
vn -0.3499 0.1298 0.9277
vn -0.8774 0.2666 0.3988
vn 0.4031 0.0024 0.9151
vn 0.3957 -0.0255 0.9180
vn 0.9089 -0.1860 0.3732
vn 0.9131 -0.1660 0.3724
vn 0.8810 -0.2651 -0.3918
vn 0.8947 -0.2087 -0.3948
vn 0.3462 -0.1272 -0.9295
vn -0.4064 0.0301 -0.9132
vn 0.3293 -0.1864 -0.9256
vn -0.4165 0.0031 -0.9091
vn -0.1200 0.9882 0.0955
vn -0.1222 0.9844 -0.1265
vn -0.1135 0.9873 0.1111
vn 0.0449 0.9630 0.2658
vn 0.0611 0.9603 0.2722
vn 0.2793 0.9227 0.2657
vn 0.2952 0.9198 0.2584
vn 0.4418 0.8917 0.0982
vn 0.4478 0.8904 0.0818
vn 0.4404 0.8877 -0.1345
vn 0.4336 0.8886 -0.1500
vn 0.2797 0.9122 -0.2992
vn 0.2647 0.9147 -0.3054
vn 0.0509 0.9515 -0.3035
vn 0.0361 0.9541 -0.2974
vn -0.1160 0.9831 -0.1416
vn -0.9024 0.1569 0.4014
vn -0.9208 0.1493 -0.3603
vn -0.9192 0.1490 -0.3646
vn -0.3554 0.0725 0.9319
vn -0.9015 0.1568 0.4034
vn 0.3963 -0.0539 0.9165
vn 0.4002 -0.0546 0.9148
vn 0.9188 -0.1487 0.3656
vn 0.9204 -0.1495 0.3613
vn 0.9026 -0.1564 -0.4009
vn 0.9018 -0.1562 -0.4030
vn 0.3551 -0.0720 -0.9321
vn 0.3565 -0.0722 -0.9315
vn -0.3972 0.0542 -0.9161
vn -0.4011 0.0549 -0.9144
vn 0.1005 -0.9508 -0.2931
vn 0.1005 -0.9508 -0.2930
vn -0.8982 0.1941 0.3944
vn -0.9145 0.1678 -0.3682
vn -0.3588 0.1128 0.9266
vn 0.3907 -0.0290 0.9201
vn 0.9148 -0.1489 0.3756
vn 0.9032 -0.1763 -0.3913
vn 0.3597 -0.0943 -0.9283
vn -0.3946 0.0485 -0.9176
vn -0.9067 0.2171 -0.3616
vn -0.3342 0.1889 0.9234
vn -0.8575 0.3393 0.3868
vn 0.4083 0.0409 0.9119
vn 0.9001 -0.2097 0.3820
vn 0.8626 -0.3369 -0.3775
vn 0.3099 -0.2630 -0.9137
vn -0.4264 -0.0321 -0.9040
vn -0.5063 -0.7945 0.3353
vn -0.5100 -0.8309 0.2227
vn -0.5090 -0.8320 0.2205
vn -0.4180 -0.8041 0.4228
vn -0.5052 -0.7942 0.3377
vn -0.3068 -0.8544 0.4193
vn -0.4159 -0.8047 0.4236
vn -0.2484 -0.9083 0.3367
vn -0.3053 -0.8554 0.4184
vn -0.2663 -0.9346 0.2357
vn -0.2481 -0.9089 0.3350
vn -0.3391 -0.9260 0.1658
vn -0.2672 -0.9348 0.2341
vn -0.4353 -0.8868 0.1554
vn -0.3409 -0.9255 0.1650
vn -0.4373 -0.8857 0.1559
vn -0.8227 0.4421 0.3574
vn -0.8938 0.2548 -0.3691
vn -0.8891 0.2485 -0.3843
vn -0.2690 0.3737 0.8877
vn -0.8196 0.4427 0.3637
vn 0.4306 0.0903 0.8980
vn 0.4435 0.0834 0.8924
vn 0.8895 -0.2436 0.3867
vn 0.8949 -0.2507 0.3692
vn 0.8288 -0.4300 -0.3582
vn 0.8241 -0.4308 -0.3677
vn 0.2723 -0.3604 -0.8922
vn 0.2794 -0.3622 -0.8892
vn -0.4292 -0.0854 -0.8992
vn -0.4451 -0.0771 -0.8921
vn -0.1701 -0.9852 0.0192
vn -0.9057 0.2260 -0.3585
vn -0.3133 0.3041 0.8996
vn -0.3163 0.2667 0.9104
vn 0.3985 0.0599 0.9152
vn 0.8879 -0.2259 0.4008
vn 0.8514 -0.3832 -0.3583
vn 0.2968 -0.3130 -0.9022
vn -0.4376 -0.0577 -0.8973
vn -0.9136 0.0714 0.4004
vn -0.9286 0.0972 -0.3582
vn -0.9169 0.0135 0.3988
vn -0.3729 -0.0170 0.9277
vn -0.3759 -0.0781 0.9234
vn 0.3832 -0.1251 0.9151
vn 0.3846 -0.0963 0.9181
vn 0.9225 -0.0997 0.3729
vn 0.9203 -0.1202 0.3724
vn 0.9199 -0.0160 -0.3917
vn 0.9158 -0.0738 -0.3948
vn 0.3708 0.0772 -0.9255
vn 0.3685 0.0157 -0.9295
vn -0.3964 0.0951 -0.9132
vn -0.3981 0.1238 -0.9090
vn -0.9254 0.1179 -0.3602
vn -0.4164 -0.9004 -0.1264
vn -0.4154 -0.9046 0.0955
vn -0.4089 -0.9058 0.1111
vn -0.2506 -0.9309 0.2658
vn -0.2344 -0.9333 0.2722
vn -0.0152 -0.9639 0.2657
vn 0.0009 -0.9660 0.2584
vn 0.1490 -0.9839 0.0982
vn 0.1551 -0.9845 0.0819
vn 0.1488 -0.9797 -0.1345
vn 0.1421 -0.9784 -0.1499
vn -0.0116 -0.9541 -0.2992
vn -0.0267 -0.9519 -0.3054
vn -0.2415 -0.9217 -0.3034
vn -0.2564 -0.9197 -0.2973
vn -0.4100 -0.9010 -0.1416
vn -0.9072 0.1255 0.4014
vn -0.9225 0.1382 -0.3603
vn -0.9064 0.1254 0.4033
vn -0.3606 0.0392 0.9319
vn -0.3620 0.0394 0.9314
vn 0.3939 -0.0694 0.9165
vn 0.3978 -0.0700 0.9148
vn 0.9204 -0.1383 0.3656
vn 0.9222 -0.1381 0.3613
vn 0.9074 -0.1262 -0.4009
vn 0.9066 -0.1256 -0.4029
vn 0.3601 -0.0396 -0.9321
vn 0.3616 -0.0398 -0.9315
vn -0.3948 0.0693 -0.9161
vn -0.3987 0.0699 -0.9144
vn -0.9209 0.1380 -0.3645
vn 0.3854 0.8750 -0.2931
vn 0.3854 0.8750 -0.2930
vn -0.9146 0.0888 0.3944
vn -0.3762 0.0019 0.9266
vn 0.3809 -0.0915 0.9201
vn 0.9166 -0.1369 0.3756
vn 0.9140 -0.1073 -0.3913
vn 0.3714 -0.0197 -0.9283
vn -0.3906 0.0741 -0.9176
vn -0.9221 0.1188 -0.3682
vn -0.9298 0.0695 -0.3615
vn -0.9201 -0.0618 0.3867
vn -0.3825 -0.1576 0.9104
vn 0.3764 -0.1633 0.9119
vn 0.9211 -0.0746 0.3820
vn 0.9242 0.0580 -0.3775
vn 0.3753 0.1560 -0.9137
vn -0.3963 0.1605 -0.9040
vn -0.2401 0.9110 0.3353
vn -0.2326 0.9467 0.2227
vn -0.2392 0.9104 0.3377
vn -0.1531 0.8932 0.4227
vn -0.1509 0.8932 0.4237
vn -0.0318 0.9073 0.4193
vn -0.0301 0.9078 0.4183
vn 0.0401 0.9408 0.3367
vn 0.0406 0.9413 0.3350
vn 0.0312 0.9713 0.2358
vn 0.0304 0.9717 0.2342
vn -0.0408 0.9853 0.1658
vn -0.0427 0.9854 0.1649
vn -0.1443 0.9773 0.1554
vn -0.1466 0.9768 0.1559
vn -0.2313 0.9476 0.2205
vn -0.9183 -0.1700 0.3574
vn -0.9289 0.0295 -0.3692
vn -0.9155 -0.1716 0.3638
vn -0.3702 -0.2737 0.8877
vn -0.3748 -0.2736 0.8858
vn 0.3826 -0.2166 0.8982
vn 0.3971 -0.2143 0.8924
vn 0.9214 -0.0384 0.3867
vn 0.9288 -0.0332 0.3692
vn 0.9203 0.1570 -0.3583
vn 0.9162 0.1592 -0.3678
vn 0.3692 0.2598 -0.8923
vn 0.3765 0.2595 -0.8893
vn -0.3828 0.2120 -0.8992
vn -0.4003 0.2089 -0.8922
vn -0.9226 0.0343 -0.3843
vn 0.1382 0.9902 0.0192
vn -0.9315 0.0608 -0.3586
vn -0.9200 -0.0965 0.3799
vn -0.3911 -0.1942 0.8996
vn 0.3613 -0.1785 0.9152
vn 0.9145 -0.0555 0.4008
vn 0.9276 0.1055 -0.3583
vn 0.3781 0.2076 -0.9022
vn -0.3991 0.1883 -0.8974
vn -0.8948 -0.1977 0.4004
vn -0.9063 -0.2252 -0.3577
vn -0.9000 -0.2454 -0.3602
vn -0.3716 -0.0350 0.9277
vn -0.9062 -0.1408 0.3988
vn 0.3621 0.1772 0.9152
vn 0.3675 0.1488 0.9180
vn 0.8995 0.2271 0.3732
vn 0.8946 0.2469 0.3724
vn 0.9088 0.1437 -0.3918
vn 0.8966 0.2004 -0.3949
vn 0.3776 -0.0249 -0.9256
vn 0.3671 0.0357 -0.9295
vn -0.3793 -0.1493 -0.9132
vn -0.3770 -0.1780 -0.9090
vn -0.5371 0.8381 0.0955
vn -0.5374 0.8338 -0.1265
vn -0.5309 0.8401 0.1112
vn -0.3776 0.8870 0.2659
vn -0.3619 0.8916 0.2723
vn -0.1490 0.9525 0.2657
vn -0.1334 0.9568 0.2584
vn 0.0108 0.9951 0.0982
vn 0.0168 0.9965 0.0819
vn 0.0113 0.9909 -0.1345
vn 0.0048 0.9887 -0.1500
vn -0.1441 0.9432 -0.2993
vn -0.1587 0.9389 -0.3054
vn -0.3672 0.8792 -0.3035
vn -0.3817 0.8751 -0.2974
vn -0.5312 0.8353 -0.1417
vn -0.8810 -0.2503 0.4014
vn -0.8944 -0.2650 -0.3604
vn -0.8928 -0.2647 -0.3646
vn -0.3516 -0.0890 0.9319
vn -0.8803 -0.2499 0.4033
vn 0.3804 0.1236 0.9165
vn 0.3842 0.1246 0.9148
vn 0.8924 0.2646 0.3656
vn 0.8940 0.2650 0.3613
vn 0.8811 0.2509 -0.4009
vn 0.8802 0.2507 -0.4029
vn 0.3511 0.0893 -0.9321
vn 0.3526 0.0897 -0.9315
vn -0.3813 -0.1237 -0.9161
vn -0.3852 -0.1243 -0.9144
vn 0.5033 -0.8129 -0.2930
vn 0.5033 -0.8129 -0.2931
vn -0.8934 -0.2151 0.3944
vn -0.8966 -0.2459 -0.3682
vn -0.3722 -0.0542 0.9266
vn 0.3645 0.1435 0.9201
vn 0.8887 0.2630 0.3756
vn 0.8902 0.2333 -0.3913
vn 0.3650 0.0712 -0.9283
vn -0.3765 -0.1276 -0.9176
vn -0.9111 -0.1981 -0.3616
vn -0.3831 0.0251 0.9234
vn -0.9198 -0.0667 0.3867
vn 0.3501 0.2141 0.9119
vn 0.9018 0.2019 0.3820
vn 0.9233 0.0710 -0.3775
vn 0.3933 -0.1024 -0.9137
vn -0.3702 -0.2140 -0.9040
vn -0.1111 -0.9355 0.3353
vn -0.0987 -0.9699 0.2227
vn -0.0973 -0.9705 0.2205
vn -0.0274 -0.9058 0.4228
vn -0.1103 -0.9348 0.3377
vn 0.0945 -0.9029 0.4193
vn -0.0253 -0.9055 0.4236
vn 0.1705 -0.9260 0.3367
vn 0.0963 -0.9031 0.4185
vn 0.1659 -0.9576 0.2357
vn 0.1711 -0.9265 0.3350
vn 0.0965 -0.9814 0.1658
vn 0.1651 -0.9581 0.2342
vn -0.0071 -0.9878 0.1554
vn 0.0947 -0.9818 0.1649
vn -0.0094 -0.9877 0.1559
vn -0.9331 0.0410 0.3574
vn -0.9158 -0.1582 -0.3691
vn -0.9089 -0.1619 -0.3843
vn -0.4046 0.2197 0.8877
vn -0.9305 0.0430 0.3638
vn 0.3487 0.2679 0.8981
vn 0.3634 0.2675 0.8924
vn 0.9071 0.1662 0.3867
vn 0.9151 0.1620 0.3693
vn 0.9332 -0.0275 -0.3583
vn 0.9294 -0.0303 -0.3678
vn 0.4017 -0.2059 -0.8923
vn 0.4089 -0.2046 -0.8893
vn -0.3496 -0.2631 -0.8992
vn -0.3676 -0.2626 -0.8921
vn 0.2745 -0.9614 0.0192
vn -0.9140 -0.1897 -0.3586
vn -0.4143 0.1380 0.8996
vn -0.4007 0.1029 0.9104
vn 0.3330 0.2269 0.9152
vn 0.8979 0.1820 0.4008
vn 0.9333 0.0244 -0.3583
vn 0.4033 -0.1531 -0.9022
vn -0.3691 -0.2419 -0.8974
vn -0.8540 -0.3323 0.4004
vn -0.8788 -0.3158 -0.3577
vn -0.8319 -0.3859 0.3988
vn -0.3047 -0.2336 0.9234
vn -0.3285 -0.1772 0.9277
vn 0.3995 0.0537 0.9151
vn 0.3883 0.0802 0.9180
vn 0.8744 0.3107 0.3728
vn 0.8812 0.2913 0.3724
vn 0.8356 0.3850 -0.3917
vn 0.8570 0.3310 -0.3949
vn 0.3002 0.2303 -0.9256
vn 0.3251 0.1741 -0.9295
vn -0.3983 -0.0864 -0.9132
vn -0.4124 -0.0612 -0.9090
vn -0.8848 -0.2955 -0.3602
vn 0.0158 -0.9918 -0.1264
vn 0.0185 -0.9953 0.0955
vn 0.0248 -0.9935 0.1112
vn 0.1783 -0.9474 0.2658
vn 0.1939 -0.9425 0.2722
vn 0.4048 -0.8750 0.2657
vn 0.4201 -0.8699 0.2584
vn 0.5614 -0.8217 0.0982
vn 0.5671 -0.8195 0.0819
vn 0.5595 -0.8179 -0.1345
vn 0.5529 -0.8197 -0.1500
vn 0.4038 -0.8645 -0.2993
vn 0.3892 -0.8690 -0.3054
vn 0.1826 -0.9352 -0.3035
vn 0.1683 -0.9398 -0.2973
vn 0.0218 -0.9897 -0.1416
vn -0.8718 -0.2807 0.4015
vn -0.8911 -0.2759 -0.3604
vn -0.8710 -0.2805 0.4034
vn -0.3418 -0.1211 0.9319
vn -0.3432 -0.1216 0.9313
vn 0.3849 0.1086 0.9165
vn 0.3887 0.1098 0.9148
vn 0.8891 0.2755 0.3656
vn 0.8907 0.2758 0.3613
vn 0.8721 0.2806 -0.4010
vn 0.8712 0.2804 -0.4030
vn 0.3416 0.1206 -0.9321
vn 0.3430 0.1211 -0.9315
vn -0.3858 -0.1089 -0.9161
vn -0.3896 -0.1101 -0.9144
vn -0.8895 -0.2753 -0.3646
vn -0.0326 0.9555 -0.2930
vn -0.0327 0.9555 -0.2931
vn -0.8625 -0.3171 0.3944
vn -0.3397 -0.1616 0.9266
vn 0.3829 0.0830 0.9200
vn 0.8852 0.2746 0.3756
vn 0.8700 0.3001 -0.3912
vn 0.3432 0.1435 -0.9283
vn -0.3840 -0.1028 -0.9176
vn -0.8823 -0.2933 -0.3682
vn -0.8678 -0.3410 -0.3616
vn -0.8021 -0.4551 0.3867
vn -0.2762 -0.3081 0.9104
vn 0.4100 0.0163 0.9119
vn 0.8622 0.3327 0.3820
vn 0.8074 0.4535 -0.3775
vn 0.2704 0.3035 -0.9137
vn -0.4266 -0.0274 -0.9040
vn -0.6118 0.7165 0.3352
vn -0.6205 0.7519 0.2226
vn -0.6107 0.7163 0.3377
vn -0.5257 0.7382 0.4228
vn -0.5237 0.7391 0.4236
vn -0.4226 0.8035 0.4193
vn -0.4212 0.8047 0.4185
vn -0.3723 0.8649 0.3367
vn -0.3721 0.8656 0.3350
vn -0.3936 0.8885 0.2357
vn -0.3945 0.8886 0.2342
vn -0.4646 0.8699 0.1658
vn -0.4662 0.8692 0.1649
vn -0.5543 0.8177 0.1554
vn -0.5562 0.8163 0.1558
vn -0.6197 0.7532 0.2205
vn -0.7531 -0.5524 0.3573
vn -0.8496 -0.3767 -0.3692
vn -0.7499 -0.5526 0.3637
vn -0.2146 -0.4074 0.8877
vn -0.2190 -0.4092 0.8858
vn 0.4390 -0.0295 0.8980
vn 0.4508 -0.0208 0.8924
vn 0.8470 0.3649 0.3866
vn 0.8513 0.3729 0.3691
vn 0.7610 0.5407 -0.3585
vn 0.7564 0.5409 -0.3679
vn 0.2197 0.3943 -0.8923
vn 0.2264 0.3972 -0.8894
vn -0.4369 0.0248 -0.8991
vn -0.4514 0.0144 -0.8922
vn -0.8458 -0.3699 -0.3843
vn -0.3054 0.9520 0.0192
vn -0.8656 -0.3497 -0.3585
vn -0.7868 -0.4864 0.3799
vn -0.2680 -0.3447 0.8996
vn 0.4030 -0.0039 0.9152
vn 0.8479 0.3471 0.4008
vn 0.7898 0.4978 -0.3582
vn 0.2504 0.3512 -0.9022
vn -0.4413 -0.0037 -0.8973
vn -0.3357 -0.1410 0.9313
vn 0.6189 -0.7288 -0.2930
vn -0.4373 0.1553 0.8858
vn 0.4148 -0.9097 0.0192
vn -0.9093 -0.1697 0.3799
vn -0.1747 0.9400 -0.2931
vn -0.4438 0.8959 0.0191
vn -0.3110 -0.1894 0.9314
vn -0.4556 0.0886 0.8858
vn -0.8739 -0.3033 0.3799
vn -0.5724 0.8197 0.0193
vn -0.5725 0.8197 0.0192
vn -0.5724 0.8198 0.0192
vn -0.2792 -0.2338 0.9313
vn 0.8061 -0.5141 -0.2931
vn 0.8061 -0.5141 -0.2930
vn -0.4636 0.0195 0.8858
vn 0.6645 -0.7470 0.0192
vn 0.6644 -0.7471 0.0191
vn -0.8189 -0.4302 0.3799
vn -0.6880 0.7255 0.0193
vn -0.6882 0.7252 0.0192
vn -0.2413 -0.2727 0.9313
vn 0.8738 -0.3881 -0.2931
vn 0.8738 -0.3881 -0.2930
vn -0.4615 -0.0497 0.8857
vn 0.7684 -0.6397 0.0193
vn 0.7683 -0.6398 0.0192
vn -0.7457 -0.5474 0.3799
vn -0.7885 0.6147 0.0192
vn -0.1979 -0.3056 0.9314
vn 0.9219 -0.2534 -0.2930
vn 0.9219 -0.2536 -0.2930
vn 0.9218 -0.2536 -0.2931
vn -0.4489 -0.1179 0.8858
vn 0.8552 -0.5180 0.0193
vn -0.6558 -0.6524 0.3798
vn -0.6738 0.6782 -0.2932
vn -0.6739 0.6783 -0.2931
vn -0.8714 0.4902 0.0193
vn -0.8714 0.4902 0.0191
vn -0.1502 -0.3317 0.9314
vn -0.4263 -0.1835 0.8858
vn 0.9228 -0.3849 0.0192
vn -0.5512 -0.7429 0.3799
vn -0.9347 0.3549 0.0193
vn -0.9347 0.3550 0.0193
vn -0.0991 -0.3504 0.9313
vn 0.9556 0.0294 -0.2931
vn 0.9557 0.0294 -0.2930
vn -0.3942 -0.2450 0.8858
vn -0.4343 -0.8167 0.3799
vn -0.8438 0.4496 -0.2931
vn -0.8438 0.4495 -0.2931
vn -0.0458 -0.3612 0.9313
vn -0.3533 -0.3010 0.8858
vn 0.9952 -0.0957 0.0192
vn -0.3078 -0.8724 0.3798
vn 0.0086 -0.3640 0.9313
vn -0.3045 -0.3503 0.8858
vn -0.1743 -0.9084 0.3799
vn 0.0627 -0.3586 0.9314
vn 0.8483 0.4410 -0.2931
vn 0.8483 0.4411 -0.2931
vn -0.2488 -0.3918 0.8858
vn 0.9792 0.2019 0.0192
vn -0.0370 -0.9243 0.3799
vn -0.9553 0.0389 -0.2931
vn 0.1155 -0.3454 0.9313
vn 0.7730 0.5626 -0.2930
vn -0.1876 -0.4244 0.8858
vn 0.1012 -0.9195 0.3799
vn -0.9504 -0.1039 -0.2930
vn -0.9266 -0.3755 0.0192
vn -0.9266 -0.3756 0.0193
vn 0.1657 -0.3243 0.9313
vn 0.6806 0.6714 -0.2931
vn -0.1223 -0.4477 0.8858
vn 0.8763 0.4815 0.0192
vn 0.2371 -0.8941 0.3799
vn -0.8603 -0.5094 0.0192
vn 0.2122 -0.2960 0.9313
vn 0.5729 0.7654 -0.2930
vn 0.5730 0.7654 -0.2931
vn -0.0541 -0.4608 0.8859
vn 0.7947 0.6067 0.0193
vn 0.3677 -0.8488 0.3799
vn -0.7747 -0.6320 0.0196
vn -0.7747 -0.6320 0.0193
vn -0.7747 -0.6320 0.0191
vn 0.2539 -0.2611 0.9313
vn 0.4524 0.8423 -0.2931
vn 0.0151 -0.4638 0.8858
vn 0.6954 0.7183 0.0191
vn 0.6953 0.7185 0.0192
vn 0.6954 0.7184 0.0193
vn 0.4901 -0.7845 0.3799
vn -0.8113 -0.5059 -0.2930
vn -0.8112 -0.5059 -0.2931
vn -0.8112 -0.5060 -0.2931
vn -0.6718 -0.7404 0.0192
vn 0.2899 -0.2202 0.9314
vn 0.3219 0.9003 -0.2931
vn 0.3218 0.9003 -0.2931
vn 0.0841 -0.4563 0.8858
vn 0.5807 0.8139 0.0192
vn 0.5806 0.8140 0.0193
vn 0.6015 -0.7027 0.3799
vn -0.7269 -0.6211 -0.2931
vn -0.7267 -0.6213 -0.2930
vn -0.5541 -0.8323 0.0192
vn -0.5541 -0.8322 0.0192
vn 0.3195 -0.1747 0.9313
vn 0.1841 0.9382 -0.2931
vn 0.1510 -0.4388 0.8858
vn 0.4528 0.8914 0.0190
vn 0.4527 0.8914 0.0193
vn 0.6995 -0.6053 0.3799
vn -0.6260 -0.7226 -0.2930
vn 0.3420 -0.1249 0.9314
vn 0.2149 -0.4114 0.8858
vn 0.3150 0.9489 0.0192
vn 0.3148 0.9489 0.0192
vn 0.3148 0.9490 0.0192
vn 0.7819 -0.4942 0.3799
vn -0.5114 -0.8079 -0.2930
vn 0.3568 -0.0726 0.9313
vn 0.2738 -0.3747 0.8858
vn 0.1700 0.9853 0.0192
vn 0.8469 -0.3722 0.3798
vn 0.3636 -0.0187 0.9314
vn -0.2412 0.9252 -0.2931
vn 0.3265 -0.3299 0.8857
vn 0.8929 -0.2418 0.3799
vn -0.2506 -0.9227 -0.2931
vn 0.3624 0.0357 0.9314
vn 0.3720 -0.2774 0.8858
vn 0.9189 -0.1060 0.3799
vn -0.1103 -0.9497 -0.2931
vn 0.1599 -0.9869 0.0193
vn 0.3530 0.0893 0.9313
vn 0.4092 -0.2190 0.8858
vn -0.2743 0.9614 0.0192
vn 0.9245 0.0321 0.3799
vn 0.3357 0.1410 0.9314
vn 0.4372 -0.1556 0.8858
vn -0.4146 0.9098 0.0191
vn 0.9094 0.1695 0.3799
vn 0.1746 -0.9400 -0.2930
vn 0.4437 -0.8960 0.0193
vn 0.4437 -0.8959 0.0192
vn 0.3110 0.1894 0.9313
vn 0.4556 -0.0887 0.8858
vn -0.5455 0.8379 0.0193
vn -0.5456 0.8378 0.0192
vn 0.8740 0.3032 0.3799
vn 0.3126 -0.9035 -0.2931
vn 0.5724 -0.8198 0.0192
vn 0.2793 0.2338 0.9313
vn -0.8061 0.5141 -0.2931
vn 0.4637 -0.0199 0.8858
vn 0.8190 0.4300 0.3799
vn 0.4439 -0.8468 -0.2930
vn 0.6881 -0.7254 0.0191
vn 0.6881 -0.7254 0.0193
vn 0.2414 0.2728 0.9313
vn 0.4614 0.0496 0.8858
vn -0.7682 0.6399 0.0191
vn -0.7682 0.6399 0.0192
vn -0.7683 0.6397 0.0192
vn -0.7683 0.6399 0.0192
vn 0.7458 0.5473 0.3799
vn 0.5651 -0.7712 -0.2930
vn 0.7884 -0.6148 0.0193
vn 0.1980 0.3056 0.9313
vn -0.9218 0.2537 -0.2930
vn 0.4489 0.1179 0.8858
vn -0.8550 0.5182 0.0191
vn -0.8551 0.5182 0.0192
vn 0.6559 0.6523 0.3799
vn 0.6738 -0.6784 -0.2930
vn 0.8713 -0.4904 0.0191
vn 0.1503 0.3317 0.9313
vn -0.9493 0.1136 -0.2931
vn -0.9493 0.1136 -0.2930
vn 0.4263 0.1834 0.8858
vn -0.9227 0.3850 0.0191
vn -0.9228 0.3849 0.0192
vn 0.5513 0.7428 0.3799
vn 0.7674 -0.5704 -0.2930
vn 0.9346 -0.3551 0.0192
vn 0.0992 0.3503 0.9314
vn 0.3941 0.2450 0.8858
vn 0.4345 0.8167 0.3799
vn 0.9771 -0.2118 0.0193
vn 0.0458 0.3613 0.9313
vn 0.3533 0.3010 0.8858
vn 0.3079 0.8723 0.3799
vn 0.9013 -0.3189 -0.2930
vn 0.9014 -0.3189 -0.2930
vn -0.0085 0.3640 0.9314
vn -0.9046 -0.3096 -0.2930
vn 0.3044 0.3502 0.8858
vn 0.1745 0.9084 0.3799
vn -0.0627 0.3587 0.9313
vn -0.8484 -0.4409 -0.2930
vn -0.8483 -0.4410 -0.2931
vn 0.2489 0.3917 0.8858
vn -0.9793 -0.2016 0.0192
vn 0.0371 0.9243 0.3799
vn 0.9722 0.2332 0.0192
vn -0.1154 0.3453 0.9314
vn -0.7732 -0.5625 -0.2930
vn 0.1878 0.4244 0.8858
vn -0.9383 -0.3453 0.0192
vn -0.9383 -0.3454 0.0191
vn -0.1010 0.9195 0.3799
vn 0.9266 0.3755 0.0192
vn 0.9267 0.3754 0.0193
vn -0.1656 0.3244 0.9313
vn 0.1224 0.4477 0.8858
vn -0.2369 0.8942 0.3798
vn 0.8604 0.5093 0.0193
vn -0.2121 0.2960 0.9313
vn 0.0543 0.4609 0.8858
vn -0.7948 -0.6066 0.0193
vn -0.7948 -0.6066 0.0191
vn -0.3675 0.8489 0.3799
vn 0.8777 0.3793 -0.2931
vn 0.8777 0.3792 -0.2930
vn 0.7748 0.6319 0.0191
vn 0.7749 0.6318 0.0192
vn -0.2539 0.2609 0.9314
vn -0.0149 0.4639 0.8858
vn -0.6956 -0.7182 0.0192
vn -0.6955 -0.7183 0.0193
vn -0.4900 0.7846 0.3799
vn 0.8113 0.5058 -0.2931
vn 0.8114 0.5058 -0.2930
vn 0.6720 0.7403 0.0193
vn -0.2899 0.2204 0.9313
vn -0.3220 -0.9002 -0.2931
vn -0.3220 -0.9003 -0.2930
vn -0.0839 0.4565 0.8857
vn -0.5807 -0.8139 0.0191
vn -0.5807 -0.8139 0.0193
vn -0.6014 0.7028 0.3799
vn 0.7269 0.6211 -0.2930
vn 0.5541 0.8322 0.0193
vn 0.5542 0.8322 0.0191
vn -0.3195 0.1748 0.9313
vn -0.1512 0.4389 0.8857
vn -0.4530 -0.8913 0.0191
vn -0.4529 -0.8913 0.0193
vn -0.4529 -0.8914 0.0193
vn -0.6994 0.6054 0.3799
vn 0.6262 0.7225 -0.2931
vn 0.4238 0.9055 0.0192
vn 0.4240 0.9055 0.0192
vn -0.3420 0.1250 0.9314
vn -0.0424 -0.9552 -0.2931
vn -0.2147 0.4114 0.8858
vn -0.7819 0.4944 0.3799
vn 0.5115 0.8077 -0.2931
vn 0.5115 0.8078 -0.2931
vn 0.2842 0.9586 0.0192
vn 0.2843 0.9585 0.0192
vn -0.3568 0.0727 0.9314
vn 0.1004 -0.9508 -0.2930
vn -0.2736 0.3750 0.8857
vn -0.8468 0.3723 0.3799
vn -0.3530 -0.0893 0.9314
vn -0.4092 0.2189 0.8858
vn 0.2745 -0.9614 0.0193
vn -0.9245 -0.0322 0.3799
vn -0.0327 0.9555 -0.2930
vt 0.125000 -1.511446
vt 0.000000 0.455412
vt 0.000000 -1.511446
vt 0.250000 0.455412
vt 0.250000 -1.511446
vt 0.375000 0.455412
vt 0.375000 -1.511446
vt 0.500000 0.455412
vt 0.500000 -1.511446
vt 0.625000 0.455412
vt 0.625000 -1.511446
vt 0.750000 0.455412
vt 0.750000 -1.511446
vt 0.875000 -1.511446
vt 1.000000 -1.511446
vt 0.875000 0.455412
vt 0.125000 -2.312862
vt 0.000000 -2.333176
vt 0.125000 -2.333176
vt 0.250000 -2.312862
vt 0.250000 -2.333176
vt 0.375000 -2.312862
vt 0.375000 -2.333176
vt 0.500000 -2.312862
vt 0.500000 -2.333176
vt 0.625000 -2.312862
vt 0.625000 -2.333176
vt 0.750000 -2.312862
vt 0.750000 -2.333176
vt 0.875000 -2.312862
vt 0.875000 -2.333176
vt 1.000000 -2.312862
vt 1.000000 -2.333176
vt 0.125000 -2.431846
vt 0.000000 -2.431846
vt 0.250000 -2.431846
vt 0.375000 -2.431846
vt 0.500000 -2.431846
vt 0.625000 -2.431846
vt 0.750000 -2.431846
vt 0.875000 -2.431846
vt 1.000000 -2.431846
vt 0.625000 3.167503
vt 0.250000 3.167503
vt 1.000000 3.167503
vt 0.000000 -2.312862
vt 0.125000 0.455412
vt 0.000000 2.099399
vt 0.125000 2.099399
vt 0.375000 2.099399
vt 0.500000 2.099399
vt 0.625000 2.099399
vt 0.750000 2.099399
vt 1.000000 0.455412
vt 0.875000 2.099399
vt 0.125000 3.086512
vt 0.000000 3.130830
vt 0.000000 3.086512
vt 0.250000 3.086512
vt 0.125000 3.130830
vt 0.375000 3.086512
vt 0.250000 3.130830
vt 0.500000 3.086512
vt 0.375000 3.130830
vt 0.625000 3.086512
vt 0.500000 3.130830
vt 0.750000 3.086512
vt 0.625000 3.130830
vt 0.875000 3.086512
vt 0.750000 3.130830
vt 1.000000 3.086512
vt 0.875000 3.130830
vt 0.000000 3.167503
vt 0.125000 3.167503
vt 0.375000 3.167503
vt 0.500000 3.167503
vt 0.750000 3.167503
vt 1.000000 3.130830
vt 0.875000 3.167503
vt 0.250000 2.099399
vt 1.000000 2.099399
s 1
f 14/1/1 2/2/2 5/3/3
f 20/4/4 14/1/1 23/5/5
f 29/6/6 23/5/5 32/7/7
f 38/8/8 32/7/7 41/9/9
f 47/10/10 41/9/9 50/11/11
f 56/12/12 50/11/11 59/13/13
f 68/14/14 56/12/12 59/13/13
f 5/15/3 65/16/15 68/14/14
f 10/17/16 3/18/17 12/19/18
f 19/20/19 12/19/18 21/21/20
f 28/22/21 21/21/20 30/23/22
f 37/24/23 30/23/22 39/25/24
f 46/26/25 39/25/24 48/27/26
f 55/28/27 48/27/26 57/29/28
f 64/30/29 57/29/28 66/31/30
f 1/32/31 66/31/30 3/33/17
f 13/34/32 3/18/33 4/35/34
f 22/36/35 12/19/36 13/34/32
f 30/23/37 22/36/35 31/37/38
f 39/25/39 31/37/38 40/38/40
f 48/27/41 40/38/40 49/39/42
f 57/29/43 49/39/42 58/40/44
f 67/41/45 57/29/43 58/40/44
f 4/42/34 66/31/46 67/41/45
f 125/43/47 98/44/47 80/45/48
f 10/17/49 5/3/3 1/46/50
f 19/20/51 14/1/1 10/17/49
f 28/22/52 23/5/5 19/20/51
f 37/24/53 32/7/7 28/22/52
f 46/26/54 41/9/9 37/24/53
f 55/28/55 50/11/11 46/26/54
f 64/30/56 59/13/13 55/28/55
f 1/32/50 68/14/14 64/30/56
f 11/47/57 9/48/58 2/2/2
f 20/4/4 18/49/59 11/47/57
f 36/50/60 20/4/4 29/6/6
f 45/51/61 29/6/6 38/8/8
f 54/52/62 38/8/8 47/10/10
f 63/53/63 47/10/10 56/12/12
f 65/16/15 63/53/63 56/12/12
f 2/54/2 72/55/64 65/16/15
f 15/56/65 7/57/66 6/58/67
f 24/59/68 16/60/69 15/56/65
f 33/61/70 25/62/71 24/59/68
f 42/63/72 34/64/73 33/61/70
f 51/65/74 43/66/75 42/63/72
f 60/67/76 52/68/77 51/65/74
f 69/69/78 61/70/79 60/67/76
f 6/71/67 70/72/80 69/69/78
f 16/60/81 8/73/82 7/57/83
f 25/62/84 17/74/85 16/60/81
f 35/75/86 25/62/84 34/64/87
f 44/76/88 34/64/87 43/66/89
f 53/43/90 43/66/89 52/68/91
f 62/77/92 52/68/91 61/70/93
f 70/72/94 62/77/92 61/70/93
f 7/78/83 71/79/95 70/72/94
f 49/39/96 22/36/96 67/41/96
f 18/49/59 6/58/97 9/48/58
f 24/59/98 18/49/59 27/80/99
f 33/61/100 27/80/99 36/50/60
f 42/63/101 36/50/60 45/51/61
f 51/65/102 45/51/61 54/52/62
f 60/67/103 54/52/62 63/53/63
f 72/55/64 60/67/103 63/53/63
f 9/81/58 69/69/104 72/55/64
f 86/1/105 74/2/106 83/47/107
f 95/5/108 83/47/107 92/4/109
f 95/5/108 101/6/110 104/7/111
f 104/7/111 110/8/112 113/9/113
f 113/9/113 119/10/114 122/11/115
f 122/11/115 128/12/116 131/13/117
f 140/14/118 128/12/116 137/16/119
f 77/15/120 137/16/119 74/54/106
f 75/18/121 82/17/122 84/19/123
f 84/19/123 91/20/124 93/21/125
f 93/21/125 100/22/126 102/23/127
f 102/23/127 109/24/128 111/25/129
f 111/25/129 118/26/130 120/27/131
f 120/27/131 127/28/132 129/29/133
f 129/29/133 136/30/134 138/31/135
f 138/31/135 73/32/136 75/33/121
f 85/34/137 75/18/138 84/19/139
f 94/36/140 84/19/139 93/21/141
f 94/36/140 102/23/142 103/37/143
f 103/37/143 111/25/144 112/38/145
f 112/38/145 120/27/146 121/39/147
f 121/39/147 129/29/148 130/40/149
f 139/41/150 129/29/148 138/31/151
f 76/42/152 138/31/151 75/33/138
f 71/79/153 8/73/153 17/74/153
f 82/17/154 77/3/120 86/1/105
f 91/20/155 86/1/105 95/5/108
f 100/22/156 95/5/108 104/7/111
f 109/24/157 104/7/111 113/9/113
f 118/26/158 113/9/113 122/11/115
f 127/28/159 122/11/115 131/13/117
f 136/30/160 131/13/117 140/14/118
f 73/32/161 140/14/118 77/15/120
f 83/47/107 81/48/162 90/49/163
f 92/4/109 90/49/163 99/80/164
f 92/4/109 108/50/165 101/6/110
f 101/6/110 117/51/166 110/8/112
f 110/8/112 126/52/167 119/10/114
f 119/10/114 135/53/168 128/12/116
f 137/16/119 135/53/168 144/55/169
f 74/54/106 144/55/169 81/81/162
f 87/56/170 79/57/171 88/60/172
f 96/59/173 88/60/172 97/62/174
f 105/61/175 97/62/174 106/64/176
f 114/63/177 106/64/176 115/66/178
f 123/65/179 115/66/178 124/68/180
f 132/67/181 124/68/180 133/70/182
f 141/69/183 133/70/182 142/72/184
f 78/71/185 142/72/184 79/78/171
f 88/60/186 80/73/187 89/74/188
f 97/62/189 89/74/188 98/44/190
f 97/62/189 107/75/191 106/64/192
f 106/64/192 116/76/193 115/66/194
f 115/66/194 125/43/195 124/68/196
f 124/68/196 134/77/197 133/70/198
f 142/72/199 134/77/197 143/79/200
f 79/78/201 143/79/200 80/45/187
f 130/40/202 85/34/203 103/37/203
f 90/49/163 78/58/204 87/56/205
f 90/49/163 96/59/206 99/80/164
f 99/80/164 105/61/207 108/50/165
f 108/50/165 114/63/208 117/51/166
f 117/51/166 123/65/209 126/52/167
f 126/52/167 132/67/210 135/53/168
f 144/55/169 132/67/210 141/69/211
f 81/81/162 141/69/211 78/71/204
f 158/1/212 146/2/213 149/3/214
f 167/5/215 155/47/216 158/1/212
f 173/6/217 167/5/215 176/7/218
f 182/8/219 176/7/218 185/9/220
f 191/10/221 185/9/220 194/11/222
f 200/12/223 194/11/222 203/13/224
f 212/14/225 200/12/223 203/13/224
f 149/15/214 209/16/226 212/14/225
f 154/17/227 147/18/228 156/19/229
f 163/20/230 156/19/229 165/21/231
f 172/22/232 165/21/231 174/23/233
f 181/24/234 174/23/233 183/25/235
f 190/26/236 183/25/235 192/27/237
f 199/28/238 192/27/237 201/29/239
f 208/30/240 201/29/239 210/31/241
f 145/32/242 210/31/241 147/33/228
f 157/34/243 147/18/244 148/35/245
f 166/36/246 156/19/247 157/34/243
f 174/23/248 166/36/246 175/37/249
f 183/25/250 175/37/249 184/38/251
f 192/27/252 184/38/251 193/39/253
f 201/29/254 193/39/253 202/40/255
f 211/41/256 201/29/254 202/40/255
f 148/42/245 210/31/257 211/41/256
f 242/44/258 233/74/259 269/43/260
f 154/17/261 149/3/214 145/46/262
f 163/20/263 158/1/212 154/17/261
f 172/22/264 167/5/215 163/20/263
f 181/24/265 176/7/218 172/22/264
f 190/26/266 185/9/220 181/24/265
f 199/28/267 194/11/222 190/26/266
f 208/30/268 203/13/224 199/28/267
f 145/32/262 212/14/225 208/30/268
f 155/47/216 153/48/269 146/2/213
f 164/4/270 162/49/271 155/47/216
f 180/50/272 164/4/270 173/6/217
f 189/51/273 173/6/217 182/8/219
f 198/52/274 182/8/219 191/10/221
f 207/53/275 191/10/221 200/12/223
f 209/16/226 207/53/275 200/12/223
f 146/54/213 216/55/276 209/16/226
f 159/56/277 151/57/278 150/58/279
f 168/59/280 160/60/281 159/56/277
f 177/61/282 169/62/283 168/59/280
f 186/63/284 178/64/285 177/61/282
f 195/65/286 187/66/287 186/63/284
f 204/67/288 196/68/289 195/65/286
f 213/69/290 205/70/291 204/67/288
f 150/71/279 214/72/292 213/69/290
f 160/60/293 152/73/294 151/57/295
f 169/62/296 161/74/297 160/60/293
f 179/75/298 169/62/296 178/64/299
f 188/76/300 178/64/299 187/66/301
f 197/43/302 187/66/301 196/68/303
f 206/77/304 196/68/303 205/70/305
f 214/72/306 206/77/304 205/70/305
f 151/78/295 215/79/307 214/72/306
f 175/37/308 166/36/309 157/34/308
f 162/49/271 150/58/310 153/48/269
f 168/59/311 162/49/271 171/80/312
f 177/61/313 171/80/312 180/50/272
f 186/63/314 180/50/272 189/51/273
f 195/65/315 189/51/273 198/52/274
f 204/67/316 198/52/274 207/53/275
f 216/55/276 204/67/316 207/53/275
f 153/81/269 213/69/317 216/55/276
f 230/1/318 218/2/319 227/47/320
f 230/1/318 236/4/321 239/5/322
f 239/5/322 245/6/323 248/7/324
f 248/7/324 254/8/325 257/9/326
f 257/9/326 263/10/327 266/11/328
f 266/11/328 272/12/329 275/13/330
f 284/14/331 272/12/329 281/16/332
f 221/15/333 281/16/332 218/54/319
f 219/18/334 226/17/335 228/19/336
f 228/19/336 235/20/337 237/21/338
f 237/21/338 244/22/339 246/23/340
f 246/23/340 253/24/341 255/25/342
f 255/25/342 262/26/343 264/27/344
f 264/27/344 271/28/345 273/29/346
f 273/29/346 280/30/347 282/31/348
f 282/31/348 217/32/349 219/33/334
f 229/34/350 219/18/351 228/19/352
f 238/36/353 228/19/352 237/21/354
f 238/36/353 246/23/355 247/37/356
f 247/37/356 255/25/357 256/38/358
f 256/38/358 264/27/359 265/39/360
f 265/39/360 273/29/361 274/40/362
f 283/41/363 273/29/361 282/31/364
f 220/42/365 282/31/364 219/33/351
f 215/79/366 152/73/367 161/74/367
f 226/17/368 221/3/333 230/1/318
f 235/20/369 230/1/318 239/5/322
f 244/22/370 239/5/322 248/7/324
f 253/24/371 248/7/324 257/9/326
f 262/26/372 257/9/326 266/11/328
f 271/28/373 266/11/328 275/13/330
f 280/30/374 275/13/330 284/14/331
f 217/32/375 284/14/331 221/15/333
f 227/47/320 225/48/376 234/49/377
f 236/4/321 234/49/377 243/80/378
f 236/4/321 252/50/379 245/6/323
f 245/6/323 261/51/380 254/8/325
f 254/8/325 270/52/381 263/10/327
f 263/10/327 279/53/382 272/12/329
f 281/16/332 279/53/382 288/55/383
f 218/54/319 288/55/383 225/81/376
f 231/56/384 223/57/385 232/60/386
f 240/59/387 232/60/386 241/62/388
f 249/61/389 241/62/388 250/64/390
f 258/63/391 250/64/390 259/66/392
f 267/65/393 259/66/392 268/68/394
f 276/67/395 268/68/394 277/70/396
f 285/69/397 277/70/396 286/72/398
f 222/71/399 286/72/398 223/78/385
f 232/60/400 224/73/401 233/74/402
f 241/62/403 233/74/402 242/44/404
f 241/62/403 251/75/405 250/64/406
f 250/64/406 260/76/407 259/66/408
f 259/66/408 269/43/409 268/68/410
f 268/68/410 278/77/411 277/70/412
f 286/72/413 278/77/411 287/79/414
f 223/78/415 287/79/414 224/45/401
f 265/39/416 283/41/416 238/36/416
f 234/49/377 222/58/417 231/56/418
f 234/49/377 240/59/419 243/80/378
f 243/80/378 249/61/420 252/50/379
f 252/50/379 258/63/421 261/51/380
f 261/51/380 267/65/422 270/52/381
f 270/52/381 276/67/423 279/53/382
f 288/55/383 276/67/423 285/69/424
f 225/81/376 285/69/424 222/71/417
f 302/1/425 290/2/426 293/3/427
f 311/5/428 299/47/429 302/1/425
f 317/6/430 311/5/428 320/7/431
f 326/8/432 320/7/431 329/9/433
f 335/10/434 329/9/433 338/11/435
f 347/13/436 335/10/434 338/11/435
f 356/14/437 344/12/438 347/13/436
f 293/15/427 353/16/439 356/14/437
f 298/17/440 291/18/441 300/19/442
f 307/20/443 300/19/442 309/21/444
f 316/22/445 309/21/444 318/23/446
f 325/24/447 318/23/446 327/25/448
f 334/26/449 327/25/448 336/27/450
f 343/28/451 336/27/450 345/29/452
f 352/30/453 345/29/452 354/31/454
f 289/32/455 354/31/454 291/33/441
f 301/34/456 291/18/457 292/35/458
f 310/36/459 300/19/460 301/34/456
f 318/23/461 310/36/459 319/37/462
f 327/25/463 319/37/462 328/38/464
f 336/27/465 328/38/464 337/39/466
f 345/29/467 337/39/466 346/40/468
f 355/41/469 345/29/467 346/40/468
f 292/42/458 354/31/470 355/41/469
f 386/44/471 377/74/472 413/43/473
f 298/17/474 293/3/427 289/46/475
f 307/20/476 302/1/425 298/17/474
f 316/22/477 311/5/428 307/20/476
f 325/24/478 320/7/431 316/22/477
f 334/26/479 329/9/433 325/24/478
f 343/28/480 338/11/435 334/26/479
f 352/30/481 347/13/436 343/28/480
f 289/32/475 356/14/437 352/30/481
f 299/47/429 297/48/482 290/2/426
f 308/4/483 306/49/484 299/47/429
f 324/50/485 308/4/483 317/6/430
f 333/51/486 317/6/430 326/8/432
f 342/52/487 326/8/432 335/10/434
f 351/53/488 335/10/434 344/12/438
f 353/16/439 351/53/488 344/12/438
f 290/54/426 360/55/489 353/16/439
f 303/56/490 295/57/491 294/58/492
f 312/59/493 304/60/494 303/56/490
f 321/61/495 313/62/496 312/59/493
f 330/63/497 322/64/498 321/61/495
f 339/65/499 331/66/500 330/63/497
f 348/67/501 340/68/502 339/65/499
f 357/69/503 349/70/504 348/67/501
f 294/71/492 358/72/505 357/69/503
f 304/60/506 296/73/507 295/57/508
f 313/62/509 305/74/510 304/60/506
f 323/75/511 313/62/509 322/64/512
f 332/76/513 322/64/512 331/66/514
f 341/43/515 331/66/514 340/68/516
f 350/77/517 340/68/516 349/70/518
f 358/72/519 350/77/517 349/70/518
f 295/78/508 359/79/520 358/72/519
f 337/39/521 319/37/522 301/34/522
f 306/49/484 294/58/523 297/48/482
f 312/59/524 306/49/484 315/80/525
f 321/61/526 315/80/525 324/50/485
f 330/63/527 324/50/485 333/51/486
f 339/65/528 333/51/486 342/52/487
f 348/67/529 342/52/487 351/53/488
f 360/55/489 348/67/529 351/53/488
f 297/81/482 357/69/530 360/55/489
f 374/1/531 362/2/532 371/47/533
f 383/5/534 371/47/533 380/4/535
f 383/5/534 389/6/536 392/7/537
f 392/7/537 398/8/538 401/9/539
f 401/9/539 407/10/540 410/11/541
f 410/11/541 416/12/542 419/13/543
f 428/14/544 416/12/542 425/16/545
f 365/15/546 425/16/545 362/54/532
f 363/18/547 370/17/548 372/19/549
f 372/19/549 379/20/550 381/21/551
f 381/21/551 388/22/552 390/23/553
f 390/23/553 397/24/554 399/25/555
f 399/25/555 406/26/556 408/27/557
f 408/27/557 415/28/558 417/29/559
f 417/29/559 424/30/560 426/31/561
f 426/31/561 361/32/562 363/33/547
f 373/34/563 363/18/564 372/19/565
f 382/36/566 372/19/565 381/21/567
f 382/36/566 390/23/568 391/37/569
f 391/37/569 399/25/570 400/38/571
f 400/38/571 408/27/572 409/39/573
f 409/39/573 417/29/574 418/40/575
f 427/41/576 417/29/574 426/31/577
f 364/42/578 426/31/577 363/33/564
f 323/75/579 341/43/580 359/79/580
f 370/17/581 365/3/546 374/1/531
f 379/20/582 374/1/531 383/5/534
f 388/22/583 383/5/534 392/7/537
f 397/24/584 392/7/537 401/9/539
f 406/26/585 401/9/539 410/11/541
f 415/28/586 410/11/541 419/13/543
f 424/30/587 419/13/543 428/14/544
f 361/32/588 428/14/544 365/15/546
f 371/47/533 369/48/589 378/49/590
f 380/4/535 378/49/590 387/80/591
f 380/4/535 396/50/592 389/6/536
f 389/6/536 405/51/593 398/8/538
f 398/8/538 414/52/594 407/10/540
f 407/10/540 423/53/595 416/12/542
f 425/16/545 423/53/595 432/55/596
f 362/54/532 432/55/596 369/81/589
f 375/56/597 367/57/598 376/60/599
f 384/59/600 376/60/599 385/62/601
f 393/61/602 385/62/601 394/64/603
f 402/63/604 394/64/603 403/66/605
f 411/65/606 403/66/605 412/68/607
f 420/67/608 412/68/607 421/70/609
f 429/69/610 421/70/609 430/72/611
f 366/71/612 430/72/611 367/78/598
f 376/60/613 368/73/614 377/74/615
f 385/62/616 377/74/615 386/44/617
f 385/62/616 395/75/618 394/64/619
f 394/64/619 404/76/620 403/66/621
f 403/66/621 413/43/622 412/68/623
f 412/68/623 422/77/624 421/70/625
f 430/72/626 422/77/624 431/79/627
f 367/78/628 431/79/627 368/45/614
f 409/39/629 427/41/629 373/34/629
f 378/49/590 366/58/630 375/56/631
f 378/49/590 384/59/632 387/80/591
f 387/80/591 393/61/633 396/50/592
f 396/50/592 402/63/634 405/51/593
f 405/51/593 411/65/635 414/52/594
f 414/52/594 420/67/636 423/53/595
f 432/55/596 420/67/636 429/69/637
f 369/81/589 429/69/637 366/71/630
f 446/1/638 434/2/639 437/3/640
f 455/5/641 443/47/642 446/1/638
f 461/6/643 455/5/641 464/7/644
f 470/8/645 464/7/644 473/9/646
f 479/10/647 473/9/646 482/11/648
f 488/12/649 482/11/648 491/13/650
f 500/14/651 488/12/649 491/13/650
f 437/15/640 497/16/652 500/14/651
f 442/17/653 435/18/654 444/19/655
f 451/20/656 444/19/655 453/21/657
f 460/22/658 453/21/657 462/23/659
f 469/24/660 462/23/659 471/25/661
f 478/26/662 471/25/661 480/27/663
f 487/28/664 480/27/663 489/29/665
f 496/30/666 489/29/665 498/31/667
f 433/32/668 498/31/667 435/33/654
f 445/34/669 435/18/670 436/35/671
f 454/36/672 444/19/673 445/34/669
f 462/23/674 454/36/672 463/37/675
f 471/25/676 463/37/675 472/38/677
f 480/27/678 472/38/677 481/39/679
f 489/29/680 481/39/679 490/40/681
f 499/41/682 489/29/680 490/40/681
f 436/42/671 498/31/683 499/41/682
f 557/43/684 530/44/684 512/45/685
f 442/17/686 437/3/640 433/46/687
f 451/20/688 446/1/638 442/17/686
f 460/22/689 455/5/641 451/20/688
f 469/24/690 464/7/644 460/22/689
f 478/26/691 473/9/646 469/24/690
f 487/28/692 482/11/648 478/26/691
f 496/30/693 491/13/650 487/28/692
f 433/32/687 500/14/651 496/30/693
f 443/47/642 441/48/694 434/2/639
f 452/4/695 450/49/696 443/47/642
f 468/50/697 452/4/695 461/6/643
f 477/51/698 461/6/643 470/8/645
f 486/52/699 470/8/645 479/10/647
f 495/53/700 479/10/647 488/12/649
f 497/16/652 495/53/700 488/12/649
f 434/54/639 504/55/701 497/16/652
f 447/56/702 439/57/703 438/58/704
f 456/59/705 448/60/706 447/56/702
f 465/61/707 457/62/708 456/59/705
f 474/63/709 466/64/710 465/61/707
f 483/65/711 475/66/712 474/63/709
f 492/67/713 484/68/714 483/65/711
f 501/69/715 493/70/716 492/67/713
f 438/71/704 502/72/717 501/69/715
f 448/60/718 440/73/719 439/57/720
f 457/62/721 449/74/722 448/60/718
f 467/75/723 457/62/721 466/64/724
f 476/76/725 466/64/724 475/66/726
f 485/43/727 475/66/726 484/68/728
f 494/77/729 484/68/728 493/70/730
f 502/72/731 494/77/729 493/70/730
f 439/78/720 503/79/732 502/72/731
f 481/39/733 463/37/733 445/34/733
f 450/49/696 438/58/734 441/48/694
f 456/59/735 450/49/696 459/80/736
f 465/61/737 459/80/736 468/50/697
f 474/63/738 468/50/697 477/51/698
f 483/65/739 477/51/698 486/52/699
f 492/67/740 486/52/699 495/53/700
f 504/55/701 492/67/740 495/53/700
f 441/81/694 501/69/741 504/55/701
f 518/1/742 506/2/743 515/47/744
f 527/5/745 515/47/744 524/4/746
f 527/5/745 533/6/747 536/7/748
f 536/7/748 542/8/749 545/9/750
f 545/9/750 551/10/751 554/11/752
f 554/11/752 560/12/753 563/13/754
f 572/14/755 560/12/753 569/16/756
f 509/15/757 569/16/756 506/54/743
f 507/18/758 514/17/759 516/19/760
f 516/19/760 523/20/761 525/21/762
f 525/21/762 532/22/763 534/23/764
f 534/23/764 541/24/765 543/25/766
f 543/25/766 550/26/767 552/27/768
f 552/27/768 559/28/769 561/29/770
f 561/29/770 568/30/771 570/31/772
f 570/31/772 505/32/773 507/33/758
f 517/34/774 507/18/775 516/19/776
f 526/36/777 516/19/776 525/21/778
f 526/36/777 534/23/779 535/37/780
f 535/37/780 543/25/781 544/38/782
f 544/38/782 552/27/783 553/39/784
f 553/39/784 561/29/785 562/40/786
f 571/41/787 561/29/785 570/31/788
f 508/42/789 570/31/788 507/33/775
f 449/74/790 467/75/791 494/77/791
f 514/17/792 509/3/757 518/1/742
f 523/20/793 518/1/742 527/5/745
f 532/22/794 527/5/745 536/7/748
f 541/24/795 536/7/748 545/9/750
f 550/26/796 545/9/750 554/11/752
f 559/28/797 554/11/752 563/13/754
f 568/30/798 563/13/754 572/14/755
f 505/32/799 572/14/755 509/15/757
f 515/47/744 513/48/800 522/49/801
f 524/4/746 522/49/801 531/80/802
f 524/4/746 540/50/803 533/6/747
f 533/6/747 549/51/804 542/8/749
f 542/8/749 558/52/805 551/10/751
f 551/10/751 567/53/806 560/12/753
f 569/16/756 567/53/806 576/55/807
f 506/54/743 576/55/807 513/81/800
f 519/56/808 511/57/809 520/60/810
f 528/59/811 520/60/810 529/62/812
f 537/61/813 529/62/812 538/64/814
f 546/63/815 538/64/814 547/66/816
f 555/65/817 547/66/816 556/68/818
f 564/67/819 556/68/818 565/70/820
f 573/69/821 565/70/820 574/72/822
f 510/71/823 574/72/822 511/78/809
f 520/60/824 512/73/825 521/74/826
f 529/62/827 521/74/826 530/44/828
f 529/62/827 539/75/829 538/64/830
f 538/64/830 548/76/831 547/66/832
f 547/66/832 557/43/833 556/68/834
f 556/68/834 566/77/835 565/70/836
f 574/72/837 566/77/835 575/79/838
f 511/78/839 575/79/838 512/45/825
f 535/37/840 544/38/840 553/39/840
f 522/49/801 510/58/841 519/56/842
f 522/49/801 528/59/843 531/80/802
f 531/80/802 537/61/844 540/50/803
f 540/50/803 546/63/845 549/51/804
f 549/51/804 555/65/846 558/52/805
f 558/52/805 564/67/847 567/53/806
f 576/55/807 564/67/847 573/69/848
f 513/81/800 573/69/848 510/71/841
f 590/1/849 578/2/850 581/3/851
f 596/4/852 590/1/849 599/5/853
f 605/6/854 599/5/853 608/7/855
f 614/8/856 608/7/855 617/9/857
f 623/10/858 617/9/857 626/11/859
f 632/12/860 626/11/859 635/13/861
f 644/14/862 632/12/860 635/13/861
f 581/15/851 641/16/863 644/14/862
f 586/17/864 579/18/865 588/19/866
f 595/20/867 588/19/866 597/21/868
f 604/22/869 597/21/868 606/23/870
f 613/24/871 606/23/870 615/25/872
f 622/26/873 615/25/872 624/27/874
f 631/28/875 624/27/874 633/29/876
f 640/30/877 633/29/876 642/31/878
f 577/32/879 642/31/878 579/33/865
f 589/34/880 579/18/881 580/35/882
f 598/36/883 588/19/884 589/34/880
f 606/23/885 598/36/883 607/37/886
f 615/25/887 607/37/886 616/38/888
f 624/27/889 616/38/888 625/39/890
f 633/29/891 625/39/890 634/40/892
f 643/41/893 633/29/891 634/40/892
f 580/42/882 642/31/894 643/41/893
f 656/45/895 701/43/895 683/75/896
f 586/17/897 581/3/851 577/46/898
f 595/20/899 590/1/849 586/17/897
f 604/22/900 599/5/853 595/20/899
f 613/24/901 608/7/855 604/22/900
f 622/26/902 617/9/857 613/24/901
f 631/28/903 626/11/859 622/26/902
f 640/30/904 635/13/861 631/28/903
f 577/32/898 644/14/862 640/30/904
f 587/47/905 585/48/906 578/2/850
f 596/4/852 594/49/907 587/47/905
f 612/50/908 596/4/852 605/6/854
f 621/51/909 605/6/854 614/8/856
f 630/52/910 614/8/856 623/10/858
f 639/53/911 623/10/858 632/12/860
f 641/16/863 639/53/911 632/12/860
f 578/54/850 648/55/912 641/16/863
f 591/56/913 583/57/914 582/58/915
f 600/59/916 592/60/917 591/56/913
f 609/61/918 601/62/919 600/59/916
f 618/63/920 610/64/921 609/61/918
f 627/65/922 619/66/923 618/63/920
f 636/67/924 628/68/925 627/65/922
f 645/69/926 637/70/927 636/67/924
f 582/71/915 646/72/928 645/69/926
f 592/60/929 584/73/930 583/57/931
f 601/62/932 593/74/933 592/60/929
f 611/75/934 601/62/932 610/64/935
f 620/76/936 610/64/935 619/66/937
f 629/43/938 619/66/937 628/68/939
f 638/77/940 628/68/939 637/70/941
f 646/72/942 638/77/940 637/70/941
f 583/78/931 647/79/943 646/72/942
f 607/37/944 598/36/945 589/34/945
f 594/49/907 582/58/946 585/48/906
f 600/59/947 594/49/907 603/80/948
f 609/61/949 603/80/948 612/50/908
f 618/63/950 612/50/908 621/51/909
f 627/65/951 621/51/909 630/52/910
f 636/67/952 630/52/910 639/53/911
f 648/55/912 636/67/952 639/53/911
f 585/81/906 645/69/953 648/55/912
f 662/1/954 650/2/955 659/47/956
f 671/5/957 659/47/956 668/4/958
f 671/5/957 677/6/959 680/7/960
f 680/7/960 686/8/961 689/9/962
f 689/9/962 695/10/963 698/11/964
f 707/13/965 695/10/963 704/12/966
f 716/14/967 704/12/966 713/16/968
f 653/15/969 713/16/968 650/54/955
f 651/18/970 658/17/971 660/19/972
f 660/19/972 667/20/973 669/21/974
f 669/21/974 676/22/975 678/23/976
f 678/23/976 685/24/977 687/25/978
f 687/25/978 694/26/979 696/27/980
f 696/27/980 703/28/981 705/29/982
f 705/29/982 712/30/983 714/31/984
f 714/31/984 649/32/985 651/33/970
f 661/34/986 651/18/987 660/19/988
f 670/36/989 660/19/988 669/21/990
f 670/36/989 678/23/991 679/37/992
f 679/37/992 687/25/993 688/38/994
f 688/38/994 696/27/995 697/39/996
f 697/39/996 705/29/997 706/40/998
f 715/41/999 705/29/997 714/31/1000
f 652/42/1001 714/31/1000 651/33/987
f 602/44/1002 629/43/1003 647/79/1003
f 658/17/1004 653/3/969 662/1/954
f 667/20/1005 662/1/954 671/5/957
f 676/22/1006 671/5/957 680/7/960
f 685/24/1007 680/7/960 689/9/962
f 694/26/1008 689/9/962 698/11/964
f 703/28/1009 698/11/964 707/13/965
f 712/30/1010 707/13/965 716/14/967
f 649/32/1011 716/14/967 653/15/969
f 659/47/956 657/48/1012 666/49/1013
f 668/4/958 666/49/1013 675/80/1014
f 668/4/958 684/50/1015 677/6/959
f 677/6/959 693/51/1016 686/8/961
f 686/8/961 702/52/1017 695/10/963
f 695/10/963 711/53/1018 704/12/966
f 713/16/968 711/53/1018 720/55/1019
f 650/54/955 720/55/1019 657/81/1012
f 663/56/1020 655/57/1021 664/60/1022
f 672/59/1023 664/60/1022 673/62/1024
f 681/61/1025 673/62/1024 682/64/1026
f 690/63/1027 682/64/1026 691/66/1028
f 699/65/1029 691/66/1028 700/68/1030
f 708/67/1031 700/68/1030 709/70/1032
f 717/69/1033 709/70/1032 718/72/1034
f 654/71/1035 718/72/1034 655/78/1021
f 664/60/1036 656/73/1037 665/74/1038
f 673/62/1039 665/74/1038 674/44/1040
f 673/62/1039 683/75/1041 682/64/1042
f 682/64/1042 692/76/1043 691/66/1044
f 691/66/1044 701/43/1045 700/68/1046
f 700/68/1046 710/77/1047 709/70/1048
f 718/72/1049 710/77/1047 719/79/1050
f 655/78/1051 719/79/1050 656/45/1037
f 679/37/1052 688/38/1053 697/39/1052
f 666/49/1013 654/58/1054 663/56/1055
f 666/49/1013 672/59/1056 675/80/1014
f 675/80/1014 681/61/1057 684/50/1015
f 684/50/1015 690/63/1058 693/51/1016
f 693/51/1016 699/65/1059 702/52/1017
f 702/52/1017 708/67/1060 711/53/1018
f 720/55/1019 708/67/1060 717/69/1061
f 657/81/1012 717/69/1061 654/71/1054
f 734/1/1062 722/2/1063 725/3/1064
f 743/5/1065 731/47/1066 734/1/1062
f 749/6/1067 743/5/1065 752/7/1068
f 758/8/1069 752/7/1068 761/9/1070
f 767/10/1071 761/9/1070 770/11/1072
f 776/12/1073 770/11/1072 779/13/1074
f 788/14/1075 776/12/1073 779/13/1074
f 725/15/1064 785/16/1076 788/14/1075
f 730/17/1077 723/18/1078 732/19/1079
f 739/20/1080 732/19/1079 741/21/1081
f 748/22/1082 741/21/1081 750/23/1083
f 757/24/1084 750/23/1083 759/25/1085
f 766/26/1086 759/25/1085 768/27/1087
f 775/28/1088 768/27/1087 777/29/1089
f 784/30/1090 777/29/1089 786/31/1091
f 721/32/1092 786/31/1091 723/33/1078
f 733/34/1093 723/18/1094 724/35/1095
f 742/36/1096 732/19/1097 733/34/1093
f 750/23/1098 742/36/1096 751/37/1099
f 759/25/1100 751/37/1099 760/38/1101
f 768/27/1102 760/38/1101 769/39/1103
f 777/29/1104 769/39/1103 778/40/1105
f 787/41/1106 777/29/1104 778/40/1105
f 724/42/1095 786/31/1107 787/41/1106
f 818/44/1108 809/74/1109 845/43/1108
f 730/17/1110 725/3/1064 721/46/1111
f 739/20/1112 734/1/1062 730/17/1110
f 748/22/1113 743/5/1065 739/20/1112
f 757/24/1114 752/7/1068 748/22/1113
f 766/26/1115 761/9/1070 757/24/1114
f 775/28/1116 770/11/1072 766/26/1115
f 784/30/1117 779/13/1074 775/28/1116
f 721/32/1111 788/14/1075 784/30/1117
f 731/47/1066 729/48/1118 722/2/1063
f 740/4/1119 738/49/1120 731/47/1066
f 756/50/1121 740/4/1119 749/6/1067
f 765/51/1122 749/6/1067 758/8/1069
f 774/52/1123 758/8/1069 767/10/1071
f 783/53/1124 767/10/1071 776/12/1073
f 785/16/1076 783/53/1124 776/12/1073
f 722/54/1063 792/55/1125 785/16/1076
f 735/56/1126 727/57/1127 726/58/1128
f 744/59/1129 736/60/1130 735/56/1126
f 753/61/1131 745/62/1132 744/59/1129
f 762/63/1133 754/64/1134 753/61/1131
f 771/65/1135 763/66/1136 762/63/1133
f 780/67/1137 772/68/1138 771/65/1135
f 789/69/1139 781/70/1140 780/67/1137
f 726/71/1128 790/72/1141 789/69/1139
f 736/60/1142 728/73/1143 727/57/1144
f 745/62/1145 737/74/1146 736/60/1142
f 755/75/1147 745/62/1145 754/64/1148
f 764/76/1149 754/64/1148 763/66/1150
f 773/43/1151 763/66/1150 772/68/1152
f 782/77/1153 772/68/1152 781/70/1154
f 790/72/1155 782/77/1153 781/70/1154
f 727/78/1144 791/79/1156 790/72/1155
f 751/37/1157 742/36/1158 733/34/1157
f 738/49/1120 726/58/1159 729/48/1118
f 744/59/1160 738/49/1120 747/80/1161
f 753/61/1162 747/80/1161 756/50/1121
f 762/63/1163 756/50/1121 765/51/1122
f 771/65/1164 765/51/1122 774/52/1123
f 780/67/1165 774/52/1123 783/53/1124
f 792/55/1125 780/67/1165 783/53/1124
f 729/81/1118 789/69/1166 792/55/1125
f 806/1/1167 794/2/1168 803/47/1169
f 815/5/1170 803/47/1169 812/4/1171
f 815/5/1170 821/6/1172 824/7/1173
f 824/7/1173 830/8/1174 833/9/1175
f 833/9/1175 839/10/1176 842/11/1177
f 842/11/1177 848/12/1178 851/13/1179
f 860/14/1180 848/12/1178 857/16/1181
f 797/15/1182 857/16/1181 794/54/1168
f 795/18/1183 802/17/1184 804/19/1185
f 804/19/1185 811/20/1186 813/21/1187
f 813/21/1187 820/22/1188 822/23/1189
f 822/23/1189 829/24/1190 831/25/1191
f 831/25/1191 838/26/1192 840/27/1193
f 840/27/1193 847/28/1194 849/29/1195
f 849/29/1195 856/30/1196 858/31/1197
f 858/31/1197 793/32/1198 795/33/1183
f 805/34/1199 795/18/1200 804/19/1201
f 814/36/1202 804/19/1201 813/21/1203
f 814/36/1202 822/23/1204 823/37/1205
f 823/37/1205 831/25/1206 832/38/1207
f 832/38/1207 840/27/1208 841/39/1209
f 841/39/1209 849/29/1210 850/40/1211
f 859/41/1212 849/29/1210 858/31/1213
f 796/42/1214 858/31/1213 795/33/1200
f 737/74/1215 755/75/1215 773/43/1215
f 802/17/1216 797/3/1182 806/1/1167
f 811/20/1217 806/1/1167 815/5/1170
f 820/22/1218 815/5/1170 824/7/1173
f 829/24/1219 824/7/1173 833/9/1175
f 838/26/1220 833/9/1175 842/11/1177
f 847/28/1221 842/11/1177 851/13/1179
f 856/30/1222 851/13/1179 860/14/1180
f 793/32/1223 860/14/1180 797/15/1182
f 803/47/1169 801/48/1224 810/49/1225
f 812/4/1171 810/49/1225 819/80/1226
f 812/4/1171 828/50/1227 821/6/1172
f 821/6/1172 837/51/1228 830/8/1174
f 830/8/1174 846/52/1229 839/10/1176
f 839/10/1176 855/53/1230 848/12/1178
f 857/16/1181 855/53/1230 864/55/1231
f 794/54/1168 864/55/1231 801/81/1224
f 807/56/1232 799/57/1233 808/60/1234
f 816/59/1235 808/60/1234 817/62/1236
f 825/61/1237 817/62/1236 826/64/1238
f 834/63/1239 826/64/1238 835/66/1240
f 843/65/1241 835/66/1240 844/68/1242
f 852/67/1243 844/68/1242 853/70/1244
f 861/69/1245 853/70/1244 862/72/1246
f 798/71/1247 862/72/1246 799/78/1233
f 808/60/1248 800/73/1249 809/74/1250
f 817/62/1251 809/74/1250 818/44/1252
f 817/62/1251 827/75/1253 826/64/1254
f 826/64/1254 836/76/1255 835/66/1256
f 835/66/1256 845/43/1257 844/68/1258
f 844/68/1258 854/77/1259 853/70/1260
f 862/72/1261 854/77/1259 863/79/1262
f 799/78/1263 863/79/1262 800/45/1249
f 823/37/1264 832/38/1264 796/35/1264
f 810/49/1225 798/58/1265 807/56/1266
f 810/49/1225 816/59/1267 819/80/1226
f 819/80/1226 825/61/1268 828/50/1227
f 828/50/1227 834/63/1269 837/51/1228
f 837/51/1228 843/65/1270 846/52/1229
f 846/52/1229 852/67/1271 855/53/1230
f 864/55/1231 852/67/1271 861/69/1272
f 801/81/1224 861/69/1272 798/71/1265
f 878/1/1273 866/2/1274 869/3/1275
f 887/5/1276 875/47/1277 878/1/1273
f 893/6/1278 887/5/1276 896/7/1279
f 902/8/1280 896/7/1279 905/9/1281
f 911/10/1282 905/9/1281 914/11/1283
f 920/12/1284 914/11/1283 923/13/1285
f 932/14/1286 920/12/1284 923/13/1285
f 869/15/1275 929/16/1287 932/14/1286
f 874/17/1288 867/18/1289 876/19/1290
f 883/20/1291 876/19/1290 885/21/1292
f 892/22/1293 885/21/1292 894/23/1294
f 901/24/1295 894/23/1294 903/25/1296
f 910/26/1297 903/25/1296 912/27/1298
f 919/28/1299 912/27/1298 921/29/1300
f 928/30/1301 921/29/1300 930/31/1302
f 865/32/1303 930/31/1302 867/33/1289
f 877/34/1304 867/18/1305 868/35/1306
f 886/36/1307 876/19/1308 877/34/1304
f 894/23/1309 886/36/1307 895/37/1310
f 903/25/1311 895/37/1310 904/38/1312
f 912/27/1313 904/38/1312 913/39/1314
f 921/29/1315 913/39/1314 922/40/1316
f 931/41/1317 921/29/1315 922/40/1316
f 868/42/1306 930/31/1318 931/41/1317
f 953/74/1319 1007/79/1319 971/75/1319
f 874/17/1320 869/3/1275 865/46/1321
f 883/20/1322 878/1/1273 874/17/1320
f 892/22/1323 887/5/1276 883/20/1322
f 901/24/1324 896/7/1279 892/22/1323
f 910/26/1325 905/9/1281 901/24/1324
f 919/28/1326 914/11/1283 910/26/1325
f 928/30/1327 923/13/1285 919/28/1326
f 865/32/1321 932/14/1286 928/30/1327
f 875/47/1277 873/48/1328 866/2/1274
f 884/4/1329 882/49/1330 875/47/1277
f 900/50/1331 884/4/1329 893/6/1278
f 909/51/1332 893/6/1278 902/8/1280
f 918/52/1333 902/8/1280 911/10/1282
f 927/53/1334 911/10/1282 920/12/1284
f 929/16/1287 927/53/1334 920/12/1284
f 866/54/1274 936/55/1335 929/16/1287
f 879/56/1336 871/57/1337 870/58/1338
f 888/59/1339 880/60/1340 879/56/1336
f 897/61/1341 889/62/1342 888/59/1339
f 906/63/1343 898/64/1344 897/61/1341
f 915/65/1345 907/66/1346 906/63/1343
f 924/67/1347 916/68/1348 915/65/1345
f 933/69/1349 925/70/1350 924/67/1347
f 870/71/1338 934/72/1351 933/69/1349
f 880/60/1352 872/73/1353 871/57/1354
f 889/62/1355 881/74/1356 880/60/1352
f 899/75/1357 889/62/1355 898/64/1358
f 908/76/1359 898/64/1358 907/66/1360
f 917/43/1361 907/66/1360 916/68/1362
f 926/77/1363 916/68/1362 925/70/1364
f 934/72/1365 926/77/1363 925/70/1364
f 871/78/1354 935/79/1366 934/72/1365
f 877/34/1367 904/38/1367 886/36/1367
f 882/49/1330 870/58/1368 873/48/1328
f 888/59/1369 882/49/1330 891/80/1370
f 897/61/1371 891/80/1370 900/50/1331
f 906/63/1372 900/50/1331 909/51/1332
f 915/65/1373 909/51/1332 918/52/1333
f 924/67/1374 918/52/1333 927/53/1334
f 936/55/1335 924/67/1374 927/53/1334
f 873/81/1328 933/69/1375 936/55/1335
f 950/1/1376 938/2/1377 947/47/1378
f 959/5/1379 947/47/1378 956/4/1380
f 959/5/1379 965/6/1381 968/7/1382
f 968/7/1382 974/8/1383 977/9/1384
f 977/9/1384 983/10/1385 986/11/1386
f 986/11/1386 992/12/1387 995/13/1388
f 1004/14/1389 992/12/1387 1001/16/1390
f 941/15/1391 1001/16/1390 938/54/1377
f 939/18/1392 946/17/1393 948/19/1394
f 948/19/1394 955/20/1395 957/21/1396
f 957/21/1396 964/22/1397 966/23/1398
f 966/23/1398 973/24/1399 975/25/1400
f 975/25/1400 982/26/1401 984/27/1402
f 984/27/1402 991/28/1403 993/29/1404
f 993/29/1404 1000/30/1405 1002/31/1406
f 1002/31/1406 937/32/1407 939/33/1392
f 949/34/1408 939/18/1409 948/19/1410
f 958/36/1411 948/19/1410 957/21/1412
f 958/36/1411 966/23/1413 967/37/1414
f 967/37/1414 975/25/1415 976/38/1416
f 976/38/1416 984/27/1417 985/39/1418
f 985/39/1418 993/29/1419 994/40/1420
f 1003/41/1421 993/29/1419 1002/31/1422
f 940/42/1423 1002/31/1422 939/33/1409
f 935/79/1424 872/73/1425 908/76/1424
f 946/17/1426 941/3/1391 950/1/1376
f 955/20/1427 950/1/1376 959/5/1379
f 964/22/1428 959/5/1379 968/7/1382
f 973/24/1429 968/7/1382 977/9/1384
f 982/26/1430 977/9/1384 986/11/1386
f 991/28/1431 986/11/1386 995/13/1388
f 1000/30/1432 995/13/1388 1004/14/1389
f 937/32/1433 1004/14/1389 941/15/1391
f 947/47/1378 945/48/1434 954/49/1435
f 956/4/1380 954/49/1435 963/80/1436
f 956/4/1380 972/50/1437 965/6/1381
f 965/6/1381 981/51/1438 974/8/1383
f 974/8/1383 990/52/1439 983/10/1385
f 983/10/1385 999/53/1440 992/12/1387
f 1001/16/1390 999/53/1440 1008/55/1441
f 938/54/1377 1008/55/1441 945/81/1434
f 951/56/1442 943/57/1443 952/60/1444
f 960/59/1445 952/60/1444 961/62/1446
f 969/61/1447 961/62/1446 970/64/1448
f 978/63/1449 970/64/1448 979/66/1450
f 987/65/1451 979/66/1450 988/68/1452
f 996/67/1453 988/68/1452 997/70/1454
f 1005/69/1455 997/70/1454 1006/72/1456
f 942/71/1457 1006/72/1456 943/78/1443
f 952/60/1458 944/73/1459 953/74/1460
f 961/62/1461 953/74/1460 962/44/1462
f 961/62/1461 971/75/1463 970/64/1464
f 970/64/1464 980/76/1465 979/66/1466
f 979/66/1466 989/43/1467 988/68/1468
f 988/68/1468 998/77/1469 997/70/1470
f 1006/72/1471 998/77/1469 1007/79/1472
f 943/78/1473 1007/79/1472 944/45/1459
f 967/37/1474 976/38/1474 985/39/1474
f 954/49/1435 942/58/1475 951/56/1476
f 954/49/1435 960/59/1477 963/80/1436
f 963/80/1436 969/61/1478 972/50/1437
f 972/50/1437 978/63/1479 981/51/1438
f 981/51/1438 987/65/1480 990/52/1439
f 990/52/1439 996/67/1481 999/53/1440
f 1008/55/1441 996/67/1481 1005/69/1482
f 945/81/1434 1005/69/1482 942/71/1475
f 1022/1/1483 1010/2/1484 1013/3/1485
f 1031/5/1486 1019/47/1487 1022/1/1483
f 1037/6/1488 1031/5/1486 1040/7/1489
f 1046/8/1490 1040/7/1489 1049/9/1491
f 1055/10/1492 1049/9/1491 1058/11/1493
f 1064/12/1494 1058/11/1493 1067/13/1495
f 1076/14/1496 1064/12/1494 1067/13/1495
f 1013/15/1485 1073/16/1497 1076/14/1496
f 1018/17/1498 1011/18/1499 1020/19/1500
f 1027/20/1501 1020/19/1500 1029/21/1502
f 1036/22/1503 1029/21/1502 1038/23/1504
f 1045/24/1505 1038/23/1504 1047/25/1506
f 1054/26/1507 1047/25/1506 1056/27/1508
f 1063/28/1509 1056/27/1508 1065/29/1510
f 1072/30/1511 1065/29/1510 1074/31/1512
f 1009/32/1513 1074/31/1512 1011/33/1499
f 1021/34/1514 1011/18/1515 1012/35/1516
f 1030/36/1517 1020/19/1518 1021/34/1514
f 1038/23/1519 1030/36/1517 1039/37/1520
f 1047/25/1521 1039/37/1520 1048/38/1522
f 1056/27/1523 1048/38/1522 1057/39/1524
f 1065/29/1525 1057/39/1524 1066/40/1526
f 1075/41/1527 1065/29/1525 1066/40/1526
f 1012/42/1516 1074/31/1528 1075/41/1527
f 1133/43/1529 1115/75/1529 1097/74/1530
f 1018/17/1531 1013/3/1485 1009/46/1532
f 1027/20/1533 1022/1/1483 1018/17/1531
f 1036/22/1534 1031/5/1486 1027/20/1533
f 1045/24/1535 1040/7/1489 1036/22/1534
f 1054/26/1536 1049/9/1491 1045/24/1535
f 1063/28/1537 1058/11/1493 1054/26/1536
f 1072/30/1538 1067/13/1495 1063/28/1537
f 1009/32/1532 1076/14/1496 1072/30/1538
f 1019/47/1487 1017/48/1539 1010/2/1484
f 1028/4/1540 1026/49/1541 1019/47/1487
f 1044/50/1542 1028/4/1540 1037/6/1488
f 1053/51/1543 1037/6/1488 1046/8/1490
f 1062/52/1544 1046/8/1490 1055/10/1492
f 1071/53/1545 1055/10/1492 1064/12/1494
f 1073/16/1497 1071/53/1545 1064/12/1494
f 1010/54/1484 1080/55/1546 1073/16/1497
f 1023/56/1547 1015/57/1548 1014/58/1549
f 1032/59/1550 1024/60/1551 1023/56/1547
f 1041/61/1552 1033/62/1553 1032/59/1550
f 1050/63/1554 1042/64/1555 1041/61/1552
f 1059/65/1556 1051/66/1557 1050/63/1554
f 1068/67/1558 1060/68/1559 1059/65/1556
f 1077/69/1560 1069/70/1561 1068/67/1558
f 1014/71/1549 1078/72/1562 1077/69/1560
f 1024/60/1563 1016/73/1564 1015/57/1565
f 1033/62/1566 1025/74/1567 1024/60/1563
f 1043/75/1568 1033/62/1566 1042/64/1569
f 1052/76/1570 1042/64/1569 1051/66/1571
f 1061/43/1572 1051/66/1571 1060/68/1573
f 1070/77/1574 1060/68/1573 1069/70/1575
f 1078/72/1576 1070/77/1574 1069/70/1575
f 1015/78/1565 1079/79/1577 1078/72/1576
f 1075/41/1578 1057/39/1578 1039/37/1578
f 1026/49/1541 1014/58/1579 1017/48/1539
f 1032/59/1580 1026/49/1541 1035/80/1581
f 1041/61/1582 1035/80/1581 1044/50/1542
f 1050/63/1583 1044/50/1542 1053/51/1543
f 1059/65/1584 1053/51/1543 1062/52/1544
f 1068/67/1585 1062/52/1544 1071/53/1545
f 1080/55/1546 1068/67/1585 1071/53/1545
f 1017/81/1539 1077/69/1586 1080/55/1546
f 1094/1/1587 1082/2/1588 1091/47/1589
f 1103/5/1590 1091/47/1589 1100/4/1591
f 1103/5/1590 1109/6/1592 1112/7/1593
f 1112/7/1593 1118/8/1594 1121/9/1595
f 1121/9/1595 1127/10/1596 1130/11/1597
f 1130/11/1597 1136/12/1598 1139/13/1599
f 1148/14/1600 1136/12/1598 1145/16/1601
f 1085/15/1602 1145/16/1601 1082/54/1588
f 1083/18/1603 1090/17/1604 1092/19/1605
f 1092/19/1605 1099/20/1606 1101/21/1607
f 1101/21/1607 1108/22/1608 1110/23/1609
f 1110/23/1609 1117/24/1610 1119/25/1611
f 1119/25/1611 1126/26/1612 1128/27/1613
f 1128/27/1613 1135/28/1614 1137/29/1615
f 1137/29/1615 1144/30/1616 1146/31/1617
f 1146/31/1617 1081/32/1618 1083/33/1603
f 1093/34/1619 1083/18/1620 1092/19/1621
f 1102/36/1622 1092/19/1621 1101/21/1623
f 1102/36/1622 1110/23/1624 1111/37/1625
f 1111/37/1625 1119/25/1626 1120/38/1627
f 1120/38/1627 1128/27/1628 1129/39/1629
f 1129/39/1629 1137/29/1630 1138/40/1631
f 1147/41/1632 1137/29/1630 1146/31/1633
f 1084/42/1634 1146/31/1633 1083/33/1620
f 1016/73/1635 1025/74/1635 1061/43/1636
f 1090/17/1637 1085/3/1602 1094/1/1587
f 1099/20/1638 1094/1/1587 1103/5/1590
f 1108/22/1639 1103/5/1590 1112/7/1593
f 1117/24/1640 1112/7/1593 1121/9/1595
f 1126/26/1641 1121/9/1595 1130/11/1597
f 1135/28/1642 1130/11/1597 1139/13/1599
f 1144/30/1643 1139/13/1599 1148/14/1600
f 1081/32/1644 1148/14/1600 1085/15/1602
f 1091/47/1589 1089/48/1645 1098/49/1646
f 1100/4/1591 1098/49/1646 1107/80/1647
f 1100/4/1591 1116/50/1648 1109/6/1592
f 1109/6/1592 1125/51/1649 1118/8/1594
f 1118/8/1594 1134/52/1650 1127/10/1596
f 1127/10/1596 1143/53/1651 1136/12/1598
f 1145/16/1601 1143/53/1651 1152/55/1652
f 1082/54/1588 1152/55/1652 1089/81/1645
f 1095/56/1653 1087/57/1654 1096/60/1655
f 1104/59/1656 1096/60/1655 1105/62/1657
f 1113/61/1658 1105/62/1657 1114/64/1659
f 1122/63/1660 1114/64/1659 1123/66/1661
f 1131/65/1662 1123/66/1661 1132/68/1663
f 1140/67/1664 1132/68/1663 1141/70/1665
f 1149/69/1666 1141/70/1665 1150/72/1667
f 1086/71/1668 1150/72/1667 1087/78/1654
f 1096/60/1669 1088/73/1670 1097/74/1671
f 1105/62/1672 1097/74/1671 1106/44/1673
f 1105/62/1672 1115/75/1674 1114/64/1675
f 1114/64/1675 1124/76/1676 1123/66/1677
f 1123/66/1677 1133/43/1678 1132/68/1679
f 1132/68/1679 1142/77/1680 1141/70/1681
f 1150/72/1682 1142/77/1680 1151/79/1683
f 1087/78/1684 1151/79/1683 1088/45/1670
f 1111/37/1685 1120/38/1685 1129/39/1685
f 1098/49/1646 1086/58/1686 1095/56/1687
f 1098/49/1646 1104/59/1688 1107/80/1647
f 1107/80/1647 1113/61/1689 1116/50/1648
f 1116/50/1648 1122/63/1690 1125/51/1649
f 1125/51/1649 1131/65/1691 1134/52/1650
f 1134/52/1650 1140/67/1692 1143/53/1651
f 1152/55/1652 1140/67/1692 1149/69/1693
f 1089/81/1645 1149/69/1693 1086/71/1686
f 1166/1/1694 1154/2/1695 1157/3/1696
f 1175/5/1697 1163/47/1698 1166/1/1694
f 1181/6/1699 1175/5/1697 1184/7/1700
f 1190/8/1701 1184/7/1700 1193/9/1702
f 1199/10/1703 1193/9/1702 1202/11/1704
f 1208/12/1705 1202/11/1704 1211/13/1706
f 1220/14/1707 1208/12/1705 1211/13/1706
f 1157/15/1696 1217/16/1708 1220/14/1707
f 1162/17/1709 1155/18/1710 1164/19/1711
f 1171/20/1712 1164/19/1711 1173/21/1713
f 1180/22/1714 1173/21/1713 1182/23/1715
f 1189/24/1716 1182/23/1715 1191/25/1717
f 1198/26/1718 1191/25/1717 1200/27/1719
f 1207/28/1720 1200/27/1719 1209/29/1721
f 1216/30/1722 1209/29/1721 1218/31/1723
f 1153/32/1724 1218/31/1723 1155/33/1710
f 1165/34/1725 1155/18/1726 1156/35/1727
f 1174/36/1728 1164/19/1729 1165/34/1725
f 1182/23/1730 1174/36/1728 1183/37/1731
f 1191/25/1732 1183/37/1731 1192/38/1733
f 1200/27/1734 1192/38/1733 1201/39/1735
f 1209/29/1736 1201/39/1735 1210/40/1737
f 1219/41/1738 1209/29/1736 1210/40/1737
f 1156/42/1727 1218/31/1739 1219/41/1738
f 1277/43/1740 1250/44/1741 1232/45/1740
f 1162/17/1742 1157/3/1696 1153/46/1743
f 1171/20/1744 1166/1/1694 1162/17/1742
f 1180/22/1745 1175/5/1697 1171/20/1744
f 1189/24/1746 1184/7/1700 1180/22/1745
f 1198/26/1747 1193/9/1702 1189/24/1746
f 1207/28/1748 1202/11/1704 1198/26/1747
f 1216/30/1749 1211/13/1706 1207/28/1748
f 1153/32/1743 1220/14/1707 1216/30/1749
f 1163/47/1698 1161/48/1750 1154/2/1695
f 1172/4/1751 1170/49/1752 1163/47/1698
f 1188/50/1753 1172/4/1751 1181/6/1699
f 1197/51/1754 1181/6/1699 1190/8/1701
f 1206/52/1755 1190/8/1701 1199/10/1703
f 1215/53/1756 1199/10/1703 1208/12/1705
f 1217/16/1708 1215/53/1756 1208/12/1705
f 1154/54/1695 1224/55/1757 1217/16/1708
f 1167/56/1758 1159/57/1759 1158/58/1760
f 1176/59/1761 1168/60/1762 1167/56/1758
f 1185/61/1763 1177/62/1764 1176/59/1761
f 1194/63/1765 1186/64/1766 1185/61/1763
f 1203/65/1767 1195/66/1768 1194/63/1765
f 1212/67/1769 1204/68/1770 1203/65/1767
f 1221/69/1771 1213/70/1772 1212/67/1769
f 1158/71/1760 1222/72/1773 1221/69/1771
f 1168/60/1774 1160/73/1775 1159/57/1776
f 1177/62/1777 1169/74/1778 1168/60/1774
f 1187/75/1779 1177/62/1777 1186/64/1780
f 1196/76/1781 1186/64/1780 1195/66/1782
f 1205/43/1783 1195/66/1782 1204/68/1784
f 1214/77/1785 1204/68/1784 1213/70/1786
f 1222/72/1787 1214/77/1785 1213/70/1786
f 1159/78/1776 1223/79/1788 1222/72/1787
f 1165/34/1789 1192/38/1789 1174/36/1789
f 1170/49/1752 1158/58/1790 1161/48/1750
f 1176/59/1791 1170/49/1752 1179/80/1792
f 1185/61/1793 1179/80/1792 1188/50/1753
f 1194/63/1794 1188/50/1753 1197/51/1754
f 1203/65/1795 1197/51/1754 1206/52/1755
f 1212/67/1796 1206/52/1755 1215/53/1756
f 1224/55/1757 1212/67/1796 1215/53/1756
f 1161/81/1750 1221/69/1797 1224/55/1757
f 1238/1/1798 1226/2/1799 1235/47/1800
f 1247/5/1801 1235/47/1800 1244/4/1802
f 1247/5/1801 1253/6/1803 1256/7/1804
f 1256/7/1804 1262/8/1805 1265/9/1806
f 1265/9/1806 1271/10/1807 1274/11/1808
f 1274/11/1808 1280/12/1809 1283/13/1810
f 1292/14/1811 1280/12/1809 1289/16/1812
f 1229/15/1813 1289/16/1812 1226/54/1799
f 1227/18/1814 1234/17/1815 1236/19/1816
f 1236/19/1816 1243/20/1817 1245/21/1818
f 1245/21/1818 1252/22/1819 1254/23/1820
f 1254/23/1820 1261/24/1821 1263/25/1822
f 1263/25/1822 1270/26/1823 1272/27/1824
f 1272/27/1824 1279/28/1825 1281/29/1826
f 1281/29/1826 1288/30/1827 1290/31/1828
f 1290/31/1828 1225/32/1829 1227/33/1814
f 1237/34/1830 1227/18/1831 1236/19/1832
f 1246/36/1833 1236/19/1832 1245/21/1834
f 1246/36/1833 1254/23/1835 1255/37/1836
f 1255/37/1836 1263/25/1837 1264/38/1838
f 1264/38/1838 1272/27/1839 1273/39/1840
f 1273/39/1840 1281/29/1841 1282/40/1842
f 1291/41/1843 1281/29/1841 1290/31/1844
f 1228/42/1845 1290/31/1844 1227/33/1831
f 1214/77/1846 1160/73/1846 1187/75/1846
f 1234/17/1847 1229/3/1813 1238/1/1798
f 1243/20/1848 1238/1/1798 1247/5/1801
f 1252/22/1849 1247/5/1801 1256/7/1804
f 1261/24/1850 1256/7/1804 1265/9/1806
f 1270/26/1851 1265/9/1806 1274/11/1808
f 1279/28/1852 1274/11/1808 1283/13/1810
f 1288/30/1853 1283/13/1810 1292/14/1811
f 1225/32/1854 1292/14/1811 1229/15/1813
f 1235/47/1800 1233/48/1855 1242/49/1856
f 1244/4/1802 1242/49/1856 1251/80/1857
f 1244/4/1802 1260/50/1858 1253/6/1803
f 1253/6/1803 1269/51/1859 1262/8/1805
f 1262/8/1805 1278/52/1860 1271/10/1807
f 1271/10/1807 1287/53/1861 1280/12/1809
f 1289/16/1812 1287/53/1861 1296/55/1862
f 1226/54/1799 1296/55/1862 1233/81/1855
f 1239/56/1863 1231/57/1864 1240/60/1865
f 1248/59/1866 1240/60/1865 1249/62/1867
f 1257/61/1868 1249/62/1867 1258/64/1869
f 1266/63/1870 1258/64/1869 1267/66/1871
f 1275/65/1872 1267/66/1871 1276/68/1873
f 1284/67/1874 1276/68/1873 1285/70/1875
f 1293/69/1876 1285/70/1875 1294/72/1877
f 1230/71/1878 1294/72/1877 1231/78/1864
f 1240/60/1879 1232/73/1880 1241/74/1881
f 1249/62/1882 1241/74/1881 1250/44/1883
f 1249/62/1882 1259/75/1884 1258/64/1885
f 1258/64/1885 1268/76/1886 1267/66/1887
f 1267/66/1887 1277/43/1888 1276/68/1889
f 1276/68/1889 1286/77/1890 1285/70/1891
f 1294/72/1892 1286/77/1890 1295/79/1893
f 1231/78/1894 1295/79/1893 1232/45/1880
f 1273/39/1895 1291/41/1895 1237/34/1895
f 1242/49/1856 1230/58/1896 1239/56/1897
f 1242/49/1856 1248/59/1898 1251/80/1857
f 1251/80/1857 1257/61/1899 1260/50/1858
f 1260/50/1858 1266/63/1900 1269/51/1859
f 1269/51/1859 1275/65/1901 1278/52/1860
f 1278/52/1860 1284/67/1902 1287/53/1861
f 1296/55/1862 1284/67/1902 1293/69/1903
f 1233/81/1855 1293/69/1903 1230/71/1896
f 1310/1/1904 1298/2/1905 1301/3/1906
f 1319/5/1907 1307/47/1908 1310/1/1904
f 1325/6/1909 1319/5/1907 1328/7/1910
f 1334/8/1911 1328/7/1910 1337/9/1912
f 1343/10/1913 1337/9/1912 1346/11/1914
f 1352/12/1915 1346/11/1914 1355/13/1916
f 1364/14/1917 1352/12/1915 1355/13/1916
f 1301/15/1906 1361/16/1918 1364/14/1917
f 1306/17/1919 1299/18/1920 1308/19/1921
f 1315/20/1922 1308/19/1921 1317/21/1923
f 1324/22/1924 1317/21/1923 1326/23/1925
f 1333/24/1926 1326/23/1925 1335/25/1927
f 1342/26/1928 1335/25/1927 1344/27/1929
f 1351/28/1930 1344/27/1929 1353/29/1931
f 1360/30/1932 1353/29/1931 1362/31/1933
f 1297/32/1934 1362/31/1933 1299/33/1920
f 1309/34/1935 1299/18/1936 1300/35/1937
f 1318/36/1938 1308/19/1939 1309/34/1935
f 1326/23/1940 1318/36/1938 1327/37/1941
f 1335/25/1942 1327/37/1941 1336/38/1943
f 1344/27/1944 1336/38/1943 1345/39/1945
f 1353/29/1946 1345/39/1945 1354/40/1947
f 1363/41/1948 1353/29/1946 1354/40/1947
f 1300/42/1937 1362/31/1949 1363/41/1948
f 1403/75/1950 1394/44/1950 1376/45/1950
f 1306/17/1951 1301/3/1906 1297/46/1952
f 1315/20/1953 1310/1/1904 1306/17/1951
f 1324/22/1954 1319/5/1907 1315/20/1953
f 1333/24/1955 1328/7/1910 1324/22/1954
f 1342/26/1956 1337/9/1912 1333/24/1955
f 1351/28/1957 1346/11/1914 1342/26/1956
f 1360/30/1958 1355/13/1916 1351/28/1957
f 1297/32/1952 1364/14/1917 1360/30/1958
f 1307/47/1908 1305/48/1959 1298/2/1905
f 1316/4/1960 1314/49/1961 1307/47/1908
f 1332/50/1962 1316/4/1960 1325/6/1909
f 1341/51/1963 1325/6/1909 1334/8/1911
f 1350/52/1964 1334/8/1911 1343/10/1913
f 1359/53/1965 1343/10/1913 1352/12/1915
f 1361/16/1918 1359/53/1965 1352/12/1915
f 1298/54/1905 1368/55/1966 1361/16/1918
f 1311/56/1967 1303/57/1968 1302/58/1969
f 1320/59/1970 1312/60/1971 1311/56/1967
f 1329/61/1972 1321/62/1973 1320/59/1970
f 1338/63/1974 1330/64/1975 1329/61/1972
f 1347/65/1976 1339/66/1977 1338/63/1974
f 1356/67/1978 1348/68/1979 1347/65/1976
f 1365/69/1980 1357/70/1981 1356/67/1978
f 1302/71/1969 1366/72/1982 1365/69/1980
f 1312/60/1983 1304/73/1984 1303/57/1985
f 1321/62/1986 1313/74/1987 1312/60/1983
f 1331/75/1988 1321/62/1986 1330/64/1989
f 1340/76/1990 1330/64/1989 1339/66/1991
f 1349/43/1992 1339/66/1991 1348/68/1993
f 1358/77/1994 1348/68/1993 1357/70/1995
f 1366/72/1996 1358/77/1994 1357/70/1995
f 1303/78/1985 1367/79/1997 1366/72/1996
f 1345/39/1998 1318/36/1998 1300/42/1998
f 1314/49/1961 1302/58/1999 1305/48/1959
f 1320/59/2000 1314/49/1961 1323/80/2001
f 1329/61/2002 1323/80/2001 1332/50/1962
f 1338/63/2003 1332/50/1962 1341/51/1963
f 1347/65/2004 1341/51/1963 1350/52/1964
f 1356/67/2005 1350/52/1964 1359/53/1965
f 1368/55/1966 1356/67/2005 1359/53/1965
f 1305/81/1959 1365/69/2006 1368/55/1966
f 1382/1/2007 1370/2/2008 1379/47/2009
f 1391/5/2010 1379/47/2009 1388/4/2011
f 1391/5/2010 1397/6/2012 1400/7/2013
f 1400/7/2013 1406/8/2014 1409/9/2015
f 1409/9/2015 1415/10/2016 1418/11/2017
f 1418/11/2017 1424/12/2018 1427/13/2019
f 1436/14/2020 1424/12/2018 1433/16/2021
f 1373/15/2022 1433/16/2021 1370/54/2008
f 1371/18/2023 1378/17/2024 1380/19/2025
f 1380/19/2025 1387/20/2026 1389/21/2027
f 1389/21/2027 1396/22/2028 1398/23/2029
f 1398/23/2029 1405/24/2030 1407/25/2031
f 1407/25/2031 1414/26/2032 1416/27/2033
f 1416/27/2033 1423/28/2034 1425/29/2035
f 1425/29/2035 1432/30/2036 1434/31/2037
f 1434/31/2037 1369/32/2038 1371/33/2023
f 1381/34/2039 1371/18/2040 1380/19/2041
f 1390/36/2042 1380/19/2041 1389/21/2043
f 1390/36/2042 1398/23/2044 1399/37/2045
f 1399/37/2045 1407/25/2046 1408/38/2047
f 1408/38/2047 1416/27/2048 1417/39/2049
f 1417/39/2049 1425/29/2050 1426/40/2051
f 1435/41/2052 1425/29/2050 1434/31/2053
f 1372/42/2054 1434/31/2053 1371/33/2040
f 1349/43/2055 1304/73/2055 1331/75/2055
f 1378/17/2056 1373/3/2022 1382/1/2007
f 1387/20/2057 1382/1/2007 1391/5/2010
f 1396/22/2058 1391/5/2010 1400/7/2013
f 1405/24/2059 1400/7/2013 1409/9/2015
f 1414/26/2060 1409/9/2015 1418/11/2017
f 1423/28/2061 1418/11/2017 1427/13/2019
f 1432/30/2062 1427/13/2019 1436/14/2020
f 1369/32/2063 1436/14/2020 1373/15/2022
f 1379/47/2009 1377/48/2064 1386/49/2065
f 1388/4/2011 1386/49/2065 1395/80/2066
f 1388/4/2011 1404/50/2067 1397/6/2012
f 1397/6/2012 1413/51/2068 1406/8/2014
f 1406/8/2014 1422/52/2069 1415/10/2016
f 1415/10/2016 1431/53/2070 1424/12/2018
f 1433/16/2021 1431/53/2070 1440/55/2071
f 1370/54/2008 1440/55/2071 1377/81/2064
f 1383/56/2072 1375/57/2073 1384/60/2074
f 1392/59/2075 1384/60/2074 1393/62/2076
f 1401/61/2077 1393/62/2076 1402/64/2078
f 1410/63/2079 1402/64/2078 1411/66/2080
f 1419/65/2081 1411/66/2080 1420/68/2082
f 1428/67/2083 1420/68/2082 1429/70/2084
f 1437/69/2085 1429/70/2084 1438/72/2086
f 1374/71/2087 1438/72/2086 1375/78/2073
f 1384/60/2088 1376/73/2089 1385/74/2090
f 1393/62/2091 1385/74/2090 1394/44/2092
f 1393/62/2091 1403/75/2093 1402/64/2094
f 1402/64/2094 1412/76/2095 1411/66/2096
f 1411/66/2096 1421/43/2097 1420/68/2098
f 1420/68/2098 1430/77/2099 1429/70/2100
f 1438/72/2101 1430/77/2099 1439/79/2102
f 1375/78/2103 1439/79/2102 1376/45/2089
f 1381/34/2104 1399/37/2104 1417/39/2104
f 1386/49/2065 1374/58/2105 1383/56/2106
f 1386/49/2065 1392/59/2107 1395/80/2066
f 1395/80/2066 1401/61/2108 1404/50/2067
f 1404/50/2067 1410/63/2109 1413/51/2068
f 1413/51/2068 1419/65/2110 1422/52/2069
f 1422/52/2069 1428/67/2111 1431/53/2070
f 1440/55/2071 1428/67/2111 1437/69/2112
f 1377/81/2064 1437/69/2112 1374/71/2105
f 1454/1/2113 1442/2/2114 1445/3/2115
f 1463/5/2116 1451/47/2117 1454/1/2113
f 1469/6/2118 1463/5/2116 1472/7/2119
f 1478/8/2120 1472/7/2119 1481/9/2121
f 1487/10/2122 1481/9/2121 1490/11/2123
f 1496/12/2124 1490/11/2123 1499/13/2125
f 1508/14/2126 1496/12/2124 1499/13/2125
f 1445/15/2115 1505/16/2127 1508/14/2126
f 1450/17/2128 1443/18/2129 1452/19/2130
f 1459/20/2131 1452/19/2130 1461/21/2132
f 1468/22/2133 1461/21/2132 1470/23/2134
f 1477/24/2135 1470/23/2134 1479/25/2136
f 1486/26/2137 1479/25/2136 1488/27/2138
f 1495/28/2139 1488/27/2138 1497/29/2140
f 1504/30/2141 1497/29/2140 1506/31/2142
f 1441/32/2143 1506/31/2142 1443/33/2129
f 1453/34/2144 1443/18/2145 1444/35/2146
f 1462/36/2147 1452/19/2148 1453/34/2144
f 1470/23/2149 1462/36/2147 1471/37/2150
f 1479/25/2151 1471/37/2150 1480/38/2152
f 1488/27/2153 1480/38/2152 1489/39/2154
f 1497/29/2155 1489/39/2154 1498/40/2156
f 1507/41/2157 1497/29/2155 1498/40/2156
f 1444/42/2146 1506/31/2158 1507/41/2157
f 1547/75/2159 1538/44/2160 1529/74/2159
f 1450/17/2161 1445/3/2115 1441/46/2162
f 1459/20/2163 1454/1/2113 1450/17/2161
f 1468/22/2164 1463/5/2116 1459/20/2163
f 1477/24/2165 1472/7/2119 1468/22/2164
f 1486/26/2166 1481/9/2121 1477/24/2165
f 1495/28/2167 1490/11/2123 1486/26/2166
f 1504/30/2168 1499/13/2125 1495/28/2167
f 1441/32/2162 1508/14/2126 1504/30/2168
f 1451/47/2117 1449/48/2169 1442/2/2114
f 1460/4/2170 1458/49/2171 1451/47/2117
f 1476/50/2172 1460/4/2170 1469/6/2118
f 1485/51/2173 1469/6/2118 1478/8/2120
f 1494/52/2174 1478/8/2120 1487/10/2122
f 1503/53/2175 1487/10/2122 1496/12/2124
f 1505/16/2127 1503/53/2175 1496/12/2124
f 1442/54/2114 1512/55/2176 1505/16/2127
f 1455/56/2177 1447/57/2178 1446/58/2179
f 1464/59/2180 1456/60/2181 1455/56/2177
f 1473/61/2182 1465/62/2183 1464/59/2180
f 1482/63/2184 1474/64/2185 1473/61/2182
f 1491/65/2186 1483/66/2187 1482/63/2184
f 1500/67/2188 1492/68/2189 1491/65/2186
f 1509/69/2190 1501/70/2191 1500/67/2188
f 1446/71/2179 1510/72/2192 1509/69/2190
f 1456/60/2193 1448/73/2194 1447/57/2195
f 1465/62/2196 1457/74/2197 1456/60/2193
f 1475/75/2198 1465/62/2196 1474/64/2199
f 1484/76/2200 1474/64/2199 1483/66/2201
f 1493/43/2202 1483/66/2201 1492/68/2203
f 1502/77/2204 1492/68/2203 1501/70/2205
f 1510/72/2206 1502/77/2204 1501/70/2205
f 1447/78/2195 1511/79/2207 1510/72/2206
f 1471/37/2208 1462/36/2208 1453/34/2208
f 1458/49/2171 1446/58/2209 1449/48/2169
f 1464/59/2210 1458/49/2171 1467/80/2211
f 1473/61/2212 1467/80/2211 1476/50/2172
f 1482/63/2213 1476/50/2172 1485/51/2173
f 1491/65/2214 1485/51/2173 1494/52/2174
f 1500/67/2215 1494/52/2174 1503/53/2175
f 1512/55/2176 1500/67/2215 1503/53/2175
f 1449/81/2169 1509/69/2216 1512/55/2176
f 1526/1/2217 1514/2/2218 1523/47/2219
f 1535/5/2220 1523/47/2219 1532/4/2221
f 1535/5/2220 1541/6/2222 1544/7/2223
f 1544/7/2223 1550/8/2224 1553/9/2225
f 1553/9/2225 1559/10/2226 1562/11/2227
f 1562/11/2227 1568/12/2228 1571/13/2229
f 1580/14/2230 1568/12/2228 1577/16/2231
f 1517/15/2232 1577/16/2231 1514/54/2218
f 1515/18/2233 1522/17/2234 1524/19/2235
f 1524/19/2235 1531/20/2236 1533/21/2237
f 1533/21/2237 1540/22/2238 1542/23/2239
f 1542/23/2239 1549/24/2240 1551/25/2241
f 1551/25/2241 1558/26/2242 1560/27/2243
f 1560/27/2243 1567/28/2244 1569/29/2245
f 1569/29/2245 1576/30/2246 1578/31/2247
f 1578/31/2247 1513/32/2248 1515/33/2233
f 1525/34/2249 1515/18/2250 1524/19/2251
f 1534/36/2252 1524/19/2251 1533/21/2253
f 1534/36/2252 1542/23/2254 1543/37/2255
f 1543/37/2255 1551/25/2256 1552/38/2257
f 1552/38/2257 1560/27/2258 1561/39/2259
f 1561/39/2259 1569/29/2260 1570/40/2261
f 1579/41/2262 1569/29/2260 1578/31/2263
f 1516/42/2264 1578/31/2263 1515/33/2250
f 1502/77/2265 1511/79/2265 1448/73/2265
f 1522/17/2266 1517/3/2232 1526/1/2217
f 1531/20/2267 1526/1/2217 1535/5/2220
f 1540/22/2268 1535/5/2220 1544/7/2223
f 1549/24/2269 1544/7/2223 1553/9/2225
f 1558/26/2270 1553/9/2225 1562/11/2227
f 1567/28/2271 1562/11/2227 1571/13/2229
f 1576/30/2272 1571/13/2229 1580/14/2230
f 1513/32/2273 1580/14/2230 1517/15/2232
f 1523/47/2219 1521/48/2274 1530/49/2275
f 1532/4/2221 1530/49/2275 1539/80/2276
f 1532/4/2221 1548/50/2277 1541/6/2222
f 1541/6/2222 1557/51/2278 1550/8/2224
f 1550/8/2224 1566/52/2279 1559/10/2226
f 1559/10/2226 1575/53/2280 1568/12/2228
f 1577/16/2231 1575/53/2280 1584/55/2281
f 1514/54/2218 1584/55/2281 1521/81/2274
f 1527/56/2282 1519/57/2283 1528/60/2284
f 1536/59/2285 1528/60/2284 1537/62/2286
f 1545/61/2287 1537/62/2286 1546/64/2288
f 1554/63/2289 1546/64/2288 1555/66/2290
f 1563/65/2291 1555/66/2290 1564/68/2292
f 1572/67/2293 1564/68/2292 1573/70/2294
f 1581/69/2295 1573/70/2294 1582/72/2296
f 1518/71/2297 1582/72/2296 1519/78/2283
f 1528/60/2298 1520/73/2299 1529/74/2300
f 1537/62/2301 1529/74/2300 1538/44/2302
f 1537/62/2301 1547/75/2303 1546/64/2304
f 1546/64/2304 1556/76/2305 1555/66/2306
f 1555/66/2306 1565/43/2307 1564/68/2308
f 1564/68/2308 1574/77/2309 1573/70/2310
f 1582/72/2311 1574/77/2309 1583/79/2312
f 1519/78/2313 1583/79/2312 1520/45/2299
f 1525/34/2314 1543/37/2314 1561/39/2314
f 1530/49/2275 1518/58/2315 1527/56/2316
f 1530/49/2275 1536/59/2317 1539/80/2276
f 1539/80/2276 1545/61/2318 1548/50/2277
f 1548/50/2277 1554/63/2319 1557/51/2278
f 1557/51/2278 1563/65/2320 1566/52/2279
f 1566/52/2279 1572/67/2321 1575/53/2280
f 1584/55/2281 1572/67/2321 1581/69/2322
f 1521/81/2274 1581/69/2322 1518/71/2315
f 1598/1/2323 1586/2/2324 1589/3/2325
f 1607/5/2326 1595/47/2327 1598/1/2323
f 1613/6/2328 1607/5/2326 1616/7/2329
f 1622/8/2330 1616/7/2329 1625/9/2331
f 1631/10/2332 1625/9/2331 1634/11/2333
f 1640/12/2334 1634/11/2333 1643/13/2335
f 1652/14/2336 1640/12/2334 1643/13/2335
f 1589/15/2325 1649/16/2337 1652/14/2336
f 1594/17/2338 1587/18/2339 1596/19/2340
f 1603/20/2341 1596/19/2340 1605/21/2342
f 1612/22/2343 1605/21/2342 1614/23/2344
f 1621/24/2345 1614/23/2344 1623/25/2346
f 1630/26/2347 1623/25/2346 1632/27/2348
f 1639/28/2349 1632/27/2348 1641/29/2350
f 1648/30/2351 1641/29/2350 1650/31/2352
f 1585/32/2353 1650/31/2352 1587/33/2339
f 1597/34/2354 1587/18/2355 1588/35/2356
f 1606/36/2357 1596/19/2358 1597/34/2354
f 1614/23/2359 1606/36/2357 1615/37/2360
f 1623/25/2361 1615/37/2360 1624/38/2362
f 1632/27/2363 1624/38/2362 1633/39/2364
f 1641/29/2365 1633/39/2364 1642/40/2366
f 1651/41/2367 1641/29/2365 1642/40/2366
f 1588/42/2356 1650/31/2368 1651/41/2367
f 1709/43/2369 1691/75/2370 1673/74/2369
f 1594/17/2371 1589/3/2325 1585/46/2372
f 1603/20/2373 1598/1/2323 1594/17/2371
f 1612/22/2374 1607/5/2326 1603/20/2373
f 1621/24/2375 1616/7/2329 1612/22/2374
f 1630/26/2376 1625/9/2331 1621/24/2375
f 1639/28/2377 1634/11/2333 1630/26/2376
f 1648/30/2378 1643/13/2335 1639/28/2377
f 1585/32/2372 1652/14/2336 1648/30/2378
f 1595/47/2327 1593/48/2379 1586/2/2324
f 1604/4/2380 1602/49/2381 1595/47/2327
f 1620/50/2382 1604/4/2380 1613/6/2328
f 1629/51/2383 1613/6/2328 1622/8/2330
f 1638/52/2384 1622/8/2330 1631/10/2332
f 1647/53/2385 1631/10/2332 1640/12/2334
f 1649/16/2337 1647/53/2385 1640/12/2334
f 1586/54/2324 1656/55/2386 1649/16/2337
f 1599/56/2387 1591/57/2388 1590/58/2389
f 1608/59/2390 1600/60/2391 1599/56/2387
f 1617/61/2392 1609/62/2393 1608/59/2390
f 1626/63/2394 1618/64/2395 1617/61/2392
f 1635/65/2396 1627/66/2397 1626/63/2394
f 1644/67/2398 1636/68/2399 1635/65/2396
f 1653/69/2400 1645/70/2401 1644/67/2398
f 1590/71/2389 1654/72/2402 1653/69/2400
f 1600/60/2403 1592/73/2404 1591/57/2405
f 1609/62/2406 1601/74/2407 1600/60/2403
f 1619/75/2408 1609/62/2406 1618/64/2409
f 1628/76/2410 1618/64/2409 1627/66/2411
f 1637/43/2412 1627/66/2411 1636/68/2413
f 1646/77/2414 1636/68/2413 1645/70/2415
f 1654/72/2416 1646/77/2414 1645/70/2415
f 1591/78/2405 1655/79/2417 1654/72/2416
f 1615/37/2418 1606/36/2419 1597/34/2418
f 1602/49/2381 1590/58/2420 1593/48/2379
f 1608/59/2421 1602/49/2381 1611/80/2422
f 1617/61/2423 1611/80/2422 1620/50/2382
f 1626/63/2424 1620/50/2382 1629/51/2383
f 1635/65/2425 1629/51/2383 1638/52/2384
f 1644/67/2426 1638/52/2384 1647/53/2385
f 1656/55/2386 1644/67/2426 1647/53/2385
f 1593/81/2379 1653/69/2427 1656/55/2386
f 1670/1/2428 1658/2/2429 1667/47/2430
f 1679/5/2431 1667/47/2430 1676/4/2432
f 1679/5/2431 1685/6/2433 1688/7/2434
f 1688/7/2434 1694/8/2435 1697/9/2436
f 1697/9/2436 1703/10/2437 1706/11/2438
f 1706/11/2438 1712/12/2439 1715/13/2440
f 1724/14/2441 1712/12/2439 1721/16/2442
f 1661/15/2443 1721/16/2442 1658/54/2429
f 1659/18/2444 1666/17/2445 1668/19/2446
f 1668/19/2446 1675/20/2447 1677/21/2448
f 1677/21/2448 1684/22/2449 1686/23/2450
f 1686/23/2450 1693/24/2451 1695/25/2452
f 1695/25/2452 1702/26/2453 1704/27/2454
f 1704/27/2454 1711/28/2455 1713/29/2456
f 1713/29/2456 1720/30/2457 1722/31/2458
f 1722/31/2458 1657/32/2459 1659/33/2444
f 1669/34/2460 1659/18/2461 1668/19/2462
f 1678/36/2463 1668/19/2462 1677/21/2464
f 1678/36/2463 1686/23/2465 1687/37/2466
f 1687/37/2466 1695/25/2467 1696/38/2468
f 1696/38/2468 1704/27/2469 1705/39/2470
f 1705/39/2470 1713/29/2471 1714/40/2472
f 1723/41/2473 1713/29/2471 1722/31/2474
f 1660/42/2475 1722/31/2474 1659/33/2461
f 1601/74/2476 1619/75/2476 1637/43/2476
f 1666/17/2477 1661/3/2443 1670/1/2428
f 1675/20/2478 1670/1/2428 1679/5/2431
f 1684/22/2479 1679/5/2431 1688/7/2434
f 1693/24/2480 1688/7/2434 1697/9/2436
f 1702/26/2481 1697/9/2436 1706/11/2438
f 1711/28/2482 1706/11/2438 1715/13/2440
f 1720/30/2483 1715/13/2440 1724/14/2441
f 1657/32/2484 1724/14/2441 1661/15/2443
f 1667/47/2430 1665/48/2485 1674/49/2486
f 1676/4/2432 1674/49/2486 1683/80/2487
f 1676/4/2432 1692/50/2488 1685/6/2433
f 1685/6/2433 1701/51/2489 1694/8/2435
f 1694/8/2435 1710/52/2490 1703/10/2437
f 1703/10/2437 1719/53/2491 1712/12/2439
f 1721/16/2442 1719/53/2491 1728/55/2492
f 1658/54/2429 1728/55/2492 1665/81/2485
f 1671/56/2493 1663/57/2494 1672/60/2495
f 1680/59/2496 1672/60/2495 1681/62/2497
f 1689/61/2498 1681/62/2497 1690/64/2499
f 1698/63/2500 1690/64/2499 1699/66/2501
f 1707/65/2502 1699/66/2501 1708/68/2503
f 1716/67/2504 1708/68/2503 1717/70/2505
f 1725/69/2506 1717/70/2505 1726/72/2507
f 1662/71/2508 1726/72/2507 1663/78/2494
f 1672/60/2509 1664/73/2510 1673/74/2511
f 1681/62/2512 1673/74/2511 1682/44/2513
f 1681/62/2512 1691/75/2514 1690/64/2515
f 1690/64/2515 1700/76/2516 1699/66/2517
f 1699/66/2517 1709/43/2518 1708/68/2519
f 1708/68/2519 1718/77/2520 1717/70/2521
f 1726/72/2522 1718/77/2520 1727/79/2523
f 1663/78/2524 1727/79/2523 1664/45/2510
f 1678/36/2525 1696/38/2525 1660/35/2525
f 1674/49/2486 1662/58/2526 1671/56/2527
f 1674/49/2486 1680/59/2528 1683/80/2487
f 1683/80/2487 1689/61/2529 1692/50/2488
f 1692/50/2488 1698/63/2530 1701/51/2489
f 1701/51/2489 1707/65/2531 1710/52/2490
f 1710/52/2490 1716/67/2532 1719/53/2491
f 1728/55/2492 1716/67/2532 1725/69/2533
f 1665/81/2485 1725/69/2533 1662/71/2526
f 1742/1/2534 1730/2/2535 1733/3/2536
f 1748/4/2537 1742/1/2534 1751/5/2538
f 1757/6/2539 1751/5/2538 1760/7/2540
f 1766/8/2541 1760/7/2540 1769/9/2542
f 1775/10/2543 1769/9/2542 1778/11/2544
f 1787/13/2545 1775/10/2543 1778/11/2544
f 1796/14/2546 1784/12/2547 1787/13/2545
f 1733/15/2536 1793/16/2548 1796/14/2546
f 1738/17/2549 1731/18/2550 1740/19/2551
f 1747/20/2552 1740/19/2551 1749/21/2553
f 1756/22/2554 1749/21/2553 1758/23/2555
f 1765/24/2556 1758/23/2555 1767/25/2557
f 1774/26/2558 1767/25/2557 1776/27/2559
f 1783/28/2560 1776/27/2559 1785/29/2561
f 1792/30/2562 1785/29/2561 1794/31/2563
f 1729/32/2564 1794/31/2563 1731/33/2550
f 1741/34/2565 1731/18/2566 1732/35/2567
f 1750/36/2568 1740/19/2569 1741/34/2565
f 1758/23/2570 1750/36/2568 1759/37/2571
f 1767/25/2572 1759/37/2571 1768/38/2573
f 1776/27/2574 1768/38/2573 1777/39/2575
f 1785/29/2576 1777/39/2575 1786/40/2577
f 1795/41/2578 1785/29/2576 1786/40/2577
f 1732/42/2567 1794/31/2579 1795/41/2578
f 1853/43/2580 1826/44/2580 1871/79/2580
f 1738/17/2581 1733/3/2536 1729/46/2582
f 1747/20/2583 1742/1/2534 1738/17/2581
f 1756/22/2584 1751/5/2538 1747/20/2583
f 1765/24/2585 1760/7/2540 1756/22/2584
f 1774/26/2586 1769/9/2542 1765/24/2585
f 1783/28/2587 1778/11/2544 1774/26/2586
f 1792/30/2588 1787/13/2545 1783/28/2587
f 1729/32/2582 1796/14/2546 1792/30/2588
f 1739/47/2589 1737/48/2590 1730/2/2535
f 1748/4/2537 1746/49/2591 1739/47/2589
f 1764/50/2592 1748/4/2537 1757/6/2539
f 1773/51/2593 1757/6/2539 1766/8/2541
f 1782/52/2594 1766/8/2541 1775/10/2543
f 1791/53/2595 1775/10/2543 1784/12/2547
f 1793/16/2548 1791/53/2595 1784/12/2547
f 1730/54/2535 1800/55/2596 1793/16/2548
f 1743/56/2597 1735/57/2598 1734/58/2599
f 1752/59/2600 1744/60/2601 1743/56/2597
f 1761/61/2602 1753/62/2603 1752/59/2600
f 1770/63/2604 1762/64/2605 1761/61/2602
f 1779/65/2606 1771/66/2607 1770/63/2604
f 1788/67/2608 1780/68/2609 1779/65/2606
f 1797/69/2610 1789/70/2611 1788/67/2608
f 1734/71/2599 1798/72/2612 1797/69/2610
f 1744/60/2613 1736/73/2614 1735/57/2615
f 1753/62/2616 1745/74/2617 1744/60/2613
f 1763/75/2618 1753/62/2616 1762/64/2619
f 1772/76/2620 1762/64/2619 1771/66/2621
f 1781/43/2622 1771/66/2621 1780/68/2623
f 1790/77/2624 1780/68/2623 1789/70/2625
f 1798/72/2626 1790/77/2624 1789/70/2625
f 1735/78/2615 1799/79/2627 1798/72/2626
f 1741/34/2628 1795/41/2628 1777/39/2628
f 1746/49/2591 1734/58/2629 1737/48/2590
f 1752/59/2630 1746/49/2591 1755/80/2631
f 1761/61/2632 1755/80/2631 1764/50/2592
f 1770/63/2633 1764/50/2592 1773/51/2593
f 1779/65/2634 1773/51/2593 1782/52/2594
f 1788/67/2635 1782/52/2594 1791/53/2595
f 1800/55/2596 1788/67/2635 1791/53/2595
f 1737/81/2590 1797/69/2636 1800/55/2596
f 1814/1/2637 1802/2/2638 1811/47/2639
f 1814/1/2637 1820/4/2640 1823/5/2641
f 1823/5/2641 1829/6/2642 1832/7/2643
f 1832/7/2643 1838/8/2644 1841/9/2645
f 1841/9/2645 1847/10/2646 1850/11/2647
f 1850/11/2647 1856/12/2648 1859/13/2649
f 1868/14/2650 1856/12/2648 1865/16/2651
f 1805/15/2652 1865/16/2651 1802/54/2638
f 1803/18/2653 1810/17/2654 1812/19/2655
f 1812/19/2655 1819/20/2656 1821/21/2657
f 1821/21/2657 1828/22/2658 1830/23/2659
f 1830/23/2659 1837/24/2660 1839/25/2661
f 1839/25/2661 1846/26/2662 1848/27/2663
f 1848/27/2663 1855/28/2664 1857/29/2665
f 1857/29/2665 1864/30/2666 1866/31/2667
f 1866/31/2667 1801/32/2668 1803/33/2653
f 1813/34/2669 1803/18/2670 1812/19/2671
f 1822/36/2672 1812/19/2671 1821/21/2673
f 1822/36/2672 1830/23/2674 1831/37/2675
f 1831/37/2675 1839/25/2676 1840/38/2677
f 1840/38/2677 1848/27/2678 1849/39/2679
f 1849/39/2679 1857/29/2680 1858/40/2681
f 1867/41/2682 1857/29/2680 1866/31/2683
f 1804/42/2684 1866/31/2683 1803/33/2670
f 1799/79/2685 1736/73/2686 1745/74/2687
f 1810/17/2688 1805/3/2652 1814/1/2637
f 1819/20/2689 1814/1/2637 1823/5/2641
f 1828/22/2690 1823/5/2641 1832/7/2643
f 1837/24/2691 1832/7/2643 1841/9/2645
f 1846/26/2692 1841/9/2645 1850/11/2647
f 1855/28/2693 1850/11/2647 1859/13/2649
f 1864/30/2694 1859/13/2649 1868/14/2650
f 1801/32/2695 1868/14/2650 1805/15/2652
f 1811/47/2639 1809/48/2696 1818/49/2697
f 1820/4/2640 1818/49/2697 1827/80/2698
f 1820/4/2640 1836/50/2699 1829/6/2642
f 1829/6/2642 1845/51/2700 1838/8/2644
f 1838/8/2644 1854/52/2701 1847/10/2646
f 1847/10/2646 1863/53/2702 1856/12/2648
f 1865/16/2651 1863/53/2702 1872/55/2703
f 1802/54/2638 1872/55/2703 1809/81/2696
f 1815/56/2704 1807/57/2705 1816/60/2706
f 1824/59/2707 1816/60/2706 1825/62/2708
f 1833/61/2709 1825/62/2708 1834/64/2710
f 1842/63/2711 1834/64/2710 1843/66/2712
f 1851/65/2713 1843/66/2712 1852/68/2714
f 1860/67/2715 1852/68/2714 1861/70/2716
f 1869/69/2717 1861/70/2716 1870/72/2718
f 1806/71/2719 1870/72/2718 1807/78/2705
f 1816/60/2720 1808/73/2721 1817/74/2722
f 1825/62/2723 1817/74/2722 1826/44/2724
f 1825/62/2723 1835/75/2725 1834/64/2726
f 1834/64/2726 1844/76/2727 1843/66/2728
f 1843/66/2728 1853/43/2729 1852/68/2730
f 1852/68/2730 1862/77/2731 1861/70/2732
f 1870/72/2733 1862/77/2731 1871/79/2734
f 1807/78/2735 1871/79/2734 1808/45/2721
f 1840/38/2736 1849/39/2736 1813/34/2736
f 1818/49/2697 1806/58/2737 1815/56/2738
f 1818/49/2697 1824/59/2739 1827/80/2698
f 1827/80/2698 1833/61/2740 1836/50/2699
f 1836/50/2699 1842/63/2741 1845/51/2700
f 1845/51/2700 1851/65/2742 1854/52/2701
f 1854/52/2701 1860/67/2743 1863/53/2702
f 1872/55/2703 1860/67/2743 1869/69/2744
f 1809/81/2696 1869/69/2744 1806/71/2737
f 1886/1/2745 1874/2/2746 1877/3/2747
f 1892/4/2748 1886/1/2745 1895/5/2749
f 1901/6/2750 1895/5/2749 1904/7/2751
f 1910/8/2752 1904/7/2751 1913/9/2753
f 1919/10/2754 1913/9/2753 1922/11/2755
f 1928/12/2756 1922/11/2755 1931/13/2757
f 1940/14/2758 1928/12/2756 1931/13/2757
f 1877/15/2747 1937/16/2759 1940/14/2758
f 1882/17/2760 1875/18/2761 1884/19/2762
f 1891/20/2763 1884/19/2762 1893/21/2764
f 1900/22/2765 1893/21/2764 1902/23/2766
f 1909/24/2767 1902/23/2766 1911/25/2768
f 1918/26/2769 1911/25/2768 1920/27/2770
f 1927/28/2771 1920/27/2770 1929/29/2772
f 1936/30/2773 1929/29/2772 1938/31/2774
f 1873/32/2775 1938/31/2774 1875/33/2761
f 1885/34/2776 1875/18/2777 1876/35/2778
f 1894/36/2779 1884/19/2780 1885/34/2776
f 1902/23/2781 1894/36/2779 1903/37/2782
f 1911/25/2783 1903/37/2782 1912/38/2784
f 1920/27/2785 1912/38/2784 1921/39/2786
f 1929/29/2787 1921/39/2786 1930/40/2788
f 1939/41/2789 1929/29/2787 1930/40/2788
f 1876/42/2778 1938/31/2790 1939/41/2789
f 1979/75/2791 1970/44/2791 1952/45/2791
f 1882/17/2792 1877/3/2747 1873/46/2793
f 1891/20/2794 1886/1/2745 1882/17/2792
f 1900/22/2795 1895/5/2749 1891/20/2794
f 1909/24/2796 1904/7/2751 1900/22/2795
f 1918/26/2797 1913/9/2753 1909/24/2796
f 1927/28/2798 1922/11/2755 1918/26/2797
f 1936/30/2799 1931/13/2757 1927/28/2798
f 1873/32/2793 1940/14/2758 1936/30/2799
f 1883/47/2800 1881/48/2801 1874/2/2746
f 1892/4/2748 1890/49/2802 1883/47/2800
f 1908/50/2803 1892/4/2748 1901/6/2750
f 1917/51/2804 1901/6/2750 1910/8/2752
f 1926/52/2805 1910/8/2752 1919/10/2754
f 1935/53/2806 1919/10/2754 1928/12/2756
f 1937/16/2759 1935/53/2806 1928/12/2756
f 1874/54/2746 1944/55/2807 1937/16/2759
f 1887/56/2808 1879/57/2809 1878/58/2810
f 1896/59/2811 1888/60/2812 1887/56/2808
f 1905/61/2813 1897/62/2814 1896/59/2811
f 1914/63/2815 1906/64/2816 1905/61/2813
f 1923/65/2817 1915/66/2818 1914/63/2815
f 1932/67/2819 1924/68/2820 1923/65/2817
f 1941/69/2821 1933/70/2822 1932/67/2819
f 1878/71/2810 1942/72/2823 1941/69/2821
f 1888/60/2824 1880/73/2825 1879/57/2826
f 1897/62/2827 1889/74/2828 1888/60/2824
f 1907/75/2829 1897/62/2827 1906/64/2830
f 1916/76/2831 1906/64/2830 1915/66/2832
f 1925/43/2833 1915/66/2832 1924/68/2834
f 1934/77/2835 1924/68/2834 1933/70/2836
f 1942/72/2837 1934/77/2835 1933/70/2836
f 1879/78/2826 1943/79/2838 1942/72/2837
f 1885/34/2839 1939/41/2840 1912/38/2840
f 1890/49/2802 1878/58/2841 1881/48/2801
f 1896/59/2842 1890/49/2802 1899/80/2843
f 1905/61/2844 1899/80/2843 1908/50/2803
f 1914/63/2845 1908/50/2803 1917/51/2804
f 1923/65/2846 1917/51/2804 1926/52/2805
f 1932/67/2847 1926/52/2805 1935/53/2806
f 1944/55/2807 1932/67/2847 1935/53/2806
f 1881/81/2801 1941/69/2848 1944/55/2807
f 1958/1/2849 1946/2/2850 1955/47/2851
f 1967/5/2852 1955/47/2851 1964/4/2853
f 1967/5/2852 1973/6/2854 1976/7/2855
f 1976/7/2855 1982/8/2856 1985/9/2857
f 1985/9/2857 1991/10/2858 1994/11/2859
f 2003/13/2860 1991/10/2858 2000/12/2861
f 2012/14/2862 2000/12/2861 2009/16/2863
f 1949/15/2864 2009/16/2863 1946/54/2850
f 1947/18/2865 1954/17/2866 1956/19/2867
f 1956/19/2867 1963/20/2868 1965/21/2869
f 1965/21/2869 1972/22/2870 1974/23/2871
f 1974/23/2871 1981/24/2872 1983/25/2873
f 1983/25/2873 1990/26/2874 1992/27/2875
f 1992/27/2875 1999/28/2876 2001/29/2877
f 2001/29/2877 2008/30/2878 2010/31/2879
f 2010/31/2879 1945/32/2880 1947/33/2865
f 1957/34/2881 1947/18/2882 1956/19/2883
f 1966/36/2884 1956/19/2883 1965/21/2885
f 1966/36/2884 1974/23/2886 1975/37/2887
f 1975/37/2887 1983/25/2888 1984/38/2889
f 1984/38/2889 1992/27/2890 1993/39/2891
f 1993/39/2891 2001/29/2892 2002/40/2893
f 2011/41/2894 2001/29/2892 2010/31/2895
f 1948/42/2896 2010/31/2895 1947/33/2882
f 1925/43/2897 1943/79/2898 1889/74/2899
f 1954/17/2900 1949/3/2864 1958/1/2849
f 1963/20/2901 1958/1/2849 1967/5/2852
f 1972/22/2902 1967/5/2852 1976/7/2855
f 1981/24/2903 1976/7/2855 1985/9/2857
f 1990/26/2904 1985/9/2857 1994/11/2859
f 1999/28/2905 1994/11/2859 2003/13/2860
f 2008/30/2906 2003/13/2860 2012/14/2862
f 1945/32/2907 2012/14/2862 1949/15/2864
f 1955/47/2851 1953/48/2908 1962/49/2909
f 1964/4/2853 1962/49/2909 1971/80/2910
f 1964/4/2853 1980/50/2911 1973/6/2854
f 1973/6/2854 1989/51/2912 1982/8/2856
f 1982/8/2856 1998/52/2913 1991/10/2858
f 1991/10/2858 2007/53/2914 2000/12/2861
f 2009/16/2863 2007/53/2914 2016/55/2915
f 1946/54/2850 2016/55/2915 1953/81/2908
f 1959/56/2916 1951/57/2917 1960/60/2918
f 1968/59/2919 1960/60/2918 1969/62/2920
f 1977/61/2921 1969/62/2920 1978/64/2922
f 1986/63/2923 1978/64/2922 1987/66/2924
f 1995/65/2925 1987/66/2924 1996/68/2926
f 2004/67/2927 1996/68/2926 2005/70/2928
f 2013/69/2929 2005/70/2928 2014/72/2930
f 1950/71/2931 2014/72/2930 1951/78/2917
f 1960/60/2932 1952/73/2933 1961/74/2934
f 1969/62/2935 1961/74/2934 1970/44/2936
f 1969/62/2935 1979/75/2937 1978/64/2938
f 1978/64/2938 1988/76/2939 1987/66/2940
f 1987/66/2940 1997/43/2941 1996/68/2942
f 1996/68/2942 2006/77/2943 2005/70/2944
f 2014/72/2945 2006/77/2943 2015/79/2946
f 1951/78/2947 2015/79/2946 1952/45/2933
f 1957/34/2948 1975/37/2948 1993/39/2948
f 1962/49/2909 1950/58/2949 1959/56/2950
f 1962/49/2909 1968/59/2951 1971/80/2910
f 1971/80/2910 1977/61/2952 1980/50/2911
f 1980/50/2911 1986/63/2953 1989/51/2912
f 1989/51/2912 1995/65/2954 1998/52/2913
f 1998/52/2913 2004/67/2955 2007/53/2914
f 2016/55/2915 2004/67/2955 2013/69/2956
f 1953/81/2908 2013/69/2956 1950/71/2949
f 2030/1/2957 2018/2/2958 2021/3/2959
f 2039/5/2960 2027/47/2961 2030/1/2957
f 2045/6/2962 2039/5/2960 2048/7/2963
f 2054/8/2964 2048/7/2963 2057/9/2965
f 2063/10/2966 2057/9/2965 2066/11/2967
f 2072/12/2968 2066/11/2967 2075/13/2969
f 2084/14/2970 2072/12/2968 2075/13/2969
f 2021/15/2959 2081/16/2971 2084/14/2970
f 2026/17/2972 2019/18/2973 2028/19/2974
f 2035/20/2975 2028/19/2974 2037/21/2976
f 2044/22/2977 2037/21/2976 2046/23/2978
f 2053/24/2979 2046/23/2978 2055/25/2980
f 2062/26/2981 2055/25/2980 2064/27/2982
f 2071/28/2983 2064/27/2982 2073/29/2984
f 2080/30/2985 2073/29/2984 2082/31/2986
f 2017/32/2987 2082/31/2986 2019/33/2973
f 2029/34/2988 2019/18/2989 2020/35/2990
f 2038/36/2991 2028/19/2992 2029/34/2988
f 2046/23/2993 2038/36/2991 2047/37/2994
f 2055/25/2995 2047/37/2994 2056/38/2996
f 2064/27/2997 2056/38/2996 2065/39/2998
f 2073/29/2999 2065/39/2998 2074/40/3000
f 2083/41/3001 2073/29/2999 2074/40/3000
f 2020/42/2990 2082/31/3002 2083/41/3001
f 2141/43/3003 2123/75/3003 2105/74/3003
f 2026/17/3004 2021/3/2959 2017/46/3005
f 2035/20/3006 2030/1/2957 2026/17/3004
f 2044/22/3007 2039/5/2960 2035/20/3006
f 2053/24/3008 2048/7/2963 2044/22/3007
f 2062/26/3009 2057/9/2965 2053/24/3008
f 2071/28/3010 2066/11/2967 2062/26/3009
f 2080/30/3011 2075/13/2969 2071/28/3010
f 2017/32/3005 2084/14/2970 2080/30/3011
f 2027/47/2961 2025/48/3012 2018/2/2958
f 2036/4/3013 2034/49/3014 2027/47/2961
f 2052/50/3015 2036/4/3013 2045/6/2962
f 2061/51/3016 2045/6/2962 2054/8/2964
f 2070/52/3017 2054/8/2964 2063/10/2966
f 2079/53/3018 2063/10/2966 2072/12/2968
f 2081/16/2971 2079/53/3018 2072/12/2968
f 2018/54/2958 2088/55/3019 2081/16/2971
f 2031/56/3020 2023/57/3021 2022/58/3022
f 2040/59/3023 2032/60/3024 2031/56/3020
f 2049/61/3025 2041/62/3026 2040/59/3023
f 2058/63/3027 2050/64/3028 2049/61/3025
f 2067/65/3029 2059/66/3030 2058/63/3027
f 2076/67/3031 2068/68/3032 2067/65/3029
f 2085/69/3033 2077/70/3034 2076/67/3031
f 2022/71/3022 2086/72/3035 2085/69/3033
f 2032/60/3036 2024/73/3037 2023/57/3038
f 2041/62/3039 2033/74/3040 2032/60/3036
f 2051/75/3041 2041/62/3039 2050/64/3042
f 2060/76/3043 2050/64/3042 2059/66/3044
f 2069/43/3045 2059/66/3044 2068/68/3046
f 2078/77/3047 2068/68/3046 2077/70/3048
f 2086/72/3049 2078/77/3047 2077/70/3048
f 2023/78/3038 2087/79/3050 2086/72/3049
f 2065/39/3051 2047/37/3051 2029/34/3051
f 2034/49/3014 2022/58/3052 2025/48/3012
f 2040/59/3053 2034/49/3014 2043/80/3054
f 2049/61/3055 2043/80/3054 2052/50/3015
f 2058/63/3056 2052/50/3015 2061/51/3016
f 2067/65/3057 2061/51/3016 2070/52/3017
f 2076/67/3058 2070/52/3017 2079/53/3018
f 2088/55/3019 2076/67/3058 2079/53/3018
f 2025/81/3012 2085/69/3059 2088/55/3019
f 2102/1/3060 2090/2/3061 2099/47/3062
f 2102/1/3060 2108/4/3063 2111/5/3064
f 2111/5/3064 2117/6/3065 2120/7/3066
f 2120/7/3066 2126/8/3067 2129/9/3068
f 2129/9/3068 2135/10/3069 2138/11/3070
f 2147/13/3071 2135/10/3069 2144/12/3072
f 2156/14/3073 2144/12/3072 2153/16/3074
f 2093/15/3075 2153/16/3074 2090/54/3061
f 2091/18/3076 2098/17/3077 2100/19/3078
f 2100/19/3078 2107/20/3079 2109/21/3080
f 2109/21/3080 2116/22/3081 2118/23/3082
f 2118/23/3082 2125/24/3083 2127/25/3084
f 2127/25/3084 2134/26/3085 2136/27/3086
f 2136/27/3086 2143/28/3087 2145/29/3088
f 2145/29/3088 2152/30/3089 2154/31/3090
f 2154/31/3090 2089/32/3091 2091/33/3076
f 2101/34/3092 2091/18/3093 2100/19/3094
f 2110/36/3095 2100/19/3094 2109/21/3096
f 2110/36/3095 2118/23/3097 2119/37/3098
f 2119/37/3098 2127/25/3099 2128/38/3100
f 2128/38/3100 2136/27/3101 2137/39/3102
f 2137/39/3102 2145/29/3103 2146/40/3104
f 2155/41/3105 2145/29/3103 2154/31/3106
f 2092/42/3107 2154/31/3106 2091/33/3093
f 2033/74/3108 2051/75/3108 2078/77/3109
f 2098/17/3110 2093/3/3075 2102/1/3060
f 2107/20/3111 2102/1/3060 2111/5/3064
f 2116/22/3112 2111/5/3064 2120/7/3066
f 2125/24/3113 2120/7/3066 2129/9/3068
f 2134/26/3114 2129/9/3068 2138/11/3070
f 2143/28/3115 2138/11/3070 2147/13/3071
f 2152/30/3116 2147/13/3071 2156/14/3073
f 2089/32/3117 2156/14/3073 2093/15/3075
f 2099/47/3062 2097/48/3118 2106/49/3119
f 2108/4/3063 2106/49/3119 2115/80/3120
f 2108/4/3063 2124/50/3121 2117/6/3065
f 2117/6/3065 2133/51/3122 2126/8/3067
f 2126/8/3067 2142/52/3123 2135/10/3069
f 2135/10/3069 2151/53/3124 2144/12/3072
f 2153/16/3074 2151/53/3124 2160/55/3125
f 2090/54/3061 2160/55/3125 2097/81/3118
f 2103/56/3126 2095/57/3127 2104/60/3128
f 2112/59/3129 2104/60/3128 2113/62/3130
f 2121/61/3131 2113/62/3130 2122/64/3132
f 2130/63/3133 2122/64/3132 2131/66/3134
f 2139/65/3135 2131/66/3134 2140/68/3136
f 2148/67/3137 2140/68/3136 2149/70/3138
f 2157/69/3139 2149/70/3138 2158/72/3140
f 2094/71/3141 2158/72/3140 2095/78/3127
f 2104/60/3142 2096/73/3143 2105/74/3144
f 2113/62/3145 2105/74/3144 2114/44/3146
f 2113/62/3145 2123/75/3147 2122/64/3148
f 2122/64/3148 2132/76/3149 2131/66/3150
f 2131/66/3150 2141/43/3151 2140/68/3152
f 2140/68/3152 2150/77/3153 2149/70/3154
f 2158/72/3155 2150/77/3153 2159/79/3156
f 2095/78/3157 2159/79/3156 2096/45/3143
f 2155/41/3158 2101/34/3158 2119/37/3158
f 2106/49/3119 2094/58/3159 2103/56/3160
f 2106/49/3119 2112/59/3161 2115/80/3120
f 2115/80/3120 2121/61/3162 2124/50/3121
f 2124/50/3121 2130/63/3163 2133/51/3122
f 2133/51/3122 2139/65/3164 2142/52/3123
f 2142/52/3123 2148/67/3165 2151/53/3124
f 2160/55/3125 2148/67/3165 2157/69/3166
f 2097/81/3118 2157/69/3166 2094/71/3159
f 2174/1/3167 2162/2/3168 2165/3/3169
f 2183/5/3170 2171/47/3171 2174/1/3167
f 2189/6/3172 2183/5/3170 2192/7/3173
f 2198/8/3174 2192/7/3173 2201/9/3175
f 2207/10/3176 2201/9/3175 2210/11/3177
f 2216/12/3178 2210/11/3177 2219/13/3179
f 2228/14/3180 2216/12/3178 2219/13/3179
f 2165/15/3169 2225/16/3181 2228/14/3180
f 2170/17/3182 2163/18/3183 2172/19/3184
f 2179/20/3185 2172/19/3184 2181/21/3186
f 2188/22/3187 2181/21/3186 2190/23/3188
f 2197/24/3189 2190/23/3188 2199/25/3190
f 2206/26/3191 2199/25/3190 2208/27/3192
f 2215/28/3193 2208/27/3192 2217/29/3194
f 2224/30/3195 2217/29/3194 2226/31/3196
f 2161/32/3197 2226/31/3196 2163/33/3183
f 2173/34/3198 2163/18/3199 2164/35/3200
f 2182/36/3201 2172/19/3202 2173/34/3198
f 2190/23/3203 2182/36/3201 2191/37/3204
f 2199/25/3205 2191/37/3204 2200/38/3206
f 2208/27/3207 2200/38/3206 2209/39/3208
f 2217/29/3209 2209/39/3208 2218/40/3210
f 2227/41/3211 2217/29/3209 2218/40/3210
f 2164/42/3200 2226/31/3212 2227/41/3211
f 2285/43/3213 2267/75/3213 2249/74/3213
f 2170/17/3214 2165/3/3169 2161/46/3215
f 2179/20/3216 2174/1/3167 2170/17/3214
f 2188/22/3217 2183/5/3170 2179/20/3216
f 2197/24/3218 2192/7/3173 2188/22/3217
f 2206/26/3219 2201/9/3175 2197/24/3218
f 2215/28/3220 2210/11/3177 2206/26/3219
f 2224/30/3221 2219/13/3179 2215/28/3220
f 2161/32/3215 2228/14/3180 2224/30/3221
f 2171/47/3171 2169/48/3222 2162/2/3168
f 2180/4/3223 2178/49/3224 2171/47/3171
f 2196/50/3225 2180/4/3223 2189/6/3172
f 2205/51/3226 2189/6/3172 2198/8/3174
f 2214/52/3227 2198/8/3174 2207/10/3176
f 2223/53/3228 2207/10/3176 2216/12/3178
f 2225/16/3181 2223/53/3228 2216/12/3178
f 2162/54/3168 2232/55/3229 2225/16/3181
f 2175/56/3230 2167/57/3231 2166/58/3232
f 2184/59/3233 2176/60/3234 2175/56/3230
f 2193/61/3235 2185/62/3236 2184/59/3233
f 2202/63/3237 2194/64/3238 2193/61/3235
f 2211/65/3239 2203/66/3240 2202/63/3237
f 2220/67/3241 2212/68/3242 2211/65/3239
f 2229/69/3243 2221/70/3244 2220/67/3241
f 2166/71/3232 2230/72/3245 2229/69/3243
f 2176/60/3246 2168/73/3247 2167/57/3248
f 2185/62/3249 2177/74/3250 2176/60/3246
f 2195/75/3251 2185/62/3249 2194/64/3252
f 2204/76/3253 2194/64/3252 2203/66/3254
f 2213/43/3255 2203/66/3254 2212/68/3256
f 2222/77/3257 2212/68/3256 2221/70/3258
f 2230/72/3259 2222/77/3257 2221/70/3258
f 2167/78/3248 2231/79/3260 2230/72/3259
f 2173/34/3261 2227/41/3261 2209/39/3261
f 2178/49/3224 2166/58/3262 2169/48/3222
f 2184/59/3263 2178/49/3224 2187/80/3264
f 2193/61/3265 2187/80/3264 2196/50/3225
f 2202/63/3266 2196/50/3225 2205/51/3226
f 2211/65/3267 2205/51/3226 2214/52/3227
f 2220/67/3268 2214/52/3227 2223/53/3228
f 2232/55/3229 2220/67/3268 2223/53/3228
f 2169/81/3222 2229/69/3269 2232/55/3229
f 2246/1/3270 2234/2/3271 2243/47/3272
f 2255/5/3273 2243/47/3272 2252/4/3274
f 2255/5/3273 2261/6/3275 2264/7/3276
f 2264/7/3276 2270/8/3277 2273/9/3278
f 2273/9/3278 2279/10/3279 2282/11/3280
f 2282/11/3280 2288/12/3281 2291/13/3282
f 2300/14/3283 2288/12/3281 2297/16/3284
f 2237/15/3285 2297/16/3284 2234/54/3271
f 2235/18/3286 2242/17/3287 2244/19/3288
f 2244/19/3288 2251/20/3289 2253/21/3290
f 2253/21/3290 2260/22/3291 2262/23/3292
f 2262/23/3292 2269/24/3293 2271/25/3294
f 2271/25/3294 2278/26/3295 2280/27/3296
f 2280/27/3296 2287/28/3297 2289/29/3298
f 2289/29/3298 2296/30/3299 2298/31/3300
f 2298/31/3300 2233/32/3301 2235/33/3286
f 2245/34/3302 2235/18/3303 2244/19/3304
f 2254/36/3305 2244/19/3304 2253/21/3306
f 2254/36/3305 2262/23/3307 2263/37/3308
f 2263/37/3308 2271/25/3309 2272/38/3310
f 2272/38/3310 2280/27/3311 2281/39/3312
f 2281/39/3312 2289/29/3313 2290/40/3314
f 2299/41/3315 2289/29/3313 2298/31/3316
f 2236/42/3317 2298/31/3316 2235/33/3303
f 2186/44/3318 2213/43/3319 2231/79/3319
f 2242/17/3320 2237/3/3285 2246/1/3270
f 2251/20/3321 2246/1/3270 2255/5/3273
f 2260/22/3322 2255/5/3273 2264/7/3276
f 2269/24/3323 2264/7/3276 2273/9/3278
f 2278/26/3324 2273/9/3278 2282/11/3280
f 2287/28/3325 2282/11/3280 2291/13/3282
f 2296/30/3326 2291/13/3282 2300/14/3283
f 2233/32/3327 2300/14/3283 2237/15/3285
f 2243/47/3272 2241/48/3328 2250/49/3329
f 2252/4/3274 2250/49/3329 2259/80/3330
f 2252/4/3274 2268/50/3331 2261/6/3275
f 2261/6/3275 2277/51/3332 2270/8/3277
f 2270/8/3277 2286/52/3333 2279/10/3279
f 2279/10/3279 2295/53/3334 2288/12/3281
f 2297/16/3284 2295/53/3334 2304/55/3335
f 2234/54/3271 2304/55/3335 2241/81/3328
f 2247/56/3336 2239/57/3337 2248/60/3338
f 2256/59/3339 2248/60/3338 2257/62/3340
f 2265/61/3341 2257/62/3340 2266/64/3342
f 2274/63/3343 2266/64/3342 2275/66/3344
f 2283/65/3345 2275/66/3344 2284/68/3346
f 2292/67/3347 2284/68/3346 2293/70/3348
f 2301/69/3349 2293/70/3348 2302/72/3350
f 2238/71/3351 2302/72/3350 2239/78/3337
f 2248/60/3352 2240/73/3353 2249/74/3354
f 2257/62/3355 2249/74/3354 2258/44/3356
f 2257/62/3355 2267/75/3357 2266/64/3358
f 2266/64/3358 2276/76/3359 2275/66/3360
f 2275/66/3360 2285/43/3361 2284/68/3362
f 2284/68/3362 2294/77/3363 2293/70/3364
f 2302/72/3365 2294/77/3363 2303/79/3366
f 2239/78/3367 2303/79/3366 2240/45/3353
f 2272/38/3368 2281/39/3369 2245/34/3368
f 2250/49/3329 2238/58/3370 2247/56/3371
f 2250/49/3329 2256/59/3372 2259/80/3330
f 2259/80/3330 2265/61/3373 2268/50/3331
f 2268/50/3331 2274/63/3374 2277/51/3332
f 2277/51/3332 2283/65/3375 2286/52/3333
f 2286/52/3333 2292/67/3376 2295/53/3334
f 2304/55/3335 2292/67/3376 2301/69/3377
f 2241/81/3328 2301/69/3377 2238/71/3370
f 2318/1/3378 2306/2/3379 2309/3/3380
f 2327/5/3381 2315/47/3382 2318/1/3378
f 2333/6/3383 2327/5/3381 2336/7/3384
f 2342/8/3385 2336/7/3384 2345/9/3386
f 2351/10/3387 2345/9/3386 2354/11/3388
f 2360/12/3389 2354/11/3388 2363/13/3390
f 2372/14/3391 2360/12/3389 2363/13/3390
f 2309/15/3380 2369/16/3392 2372/14/3391
f 2314/17/3393 2307/18/3394 2316/19/3395
f 2323/20/3396 2316/19/3395 2325/21/3397
f 2332/22/3398 2325/21/3397 2334/23/3399
f 2341/24/3400 2334/23/3399 2343/25/3401
f 2350/26/3402 2343/25/3401 2352/27/3403
f 2359/28/3404 2352/27/3403 2361/29/3405
f 2368/30/3406 2361/29/3405 2370/31/3407
f 2305/32/3408 2370/31/3407 2307/33/3394
f 2317/34/3409 2307/18/3410 2308/35/3411
f 2326/36/3412 2316/19/3413 2317/34/3409
f 2334/23/3414 2326/36/3412 2335/37/3415
f 2343/25/3416 2335/37/3415 2344/38/3417
f 2352/27/3418 2344/38/3417 2353/39/3419
f 2361/29/3420 2353/39/3419 2362/40/3421
f 2371/41/3422 2361/29/3420 2362/40/3421
f 2308/42/3411 2370/31/3423 2371/41/3422
f 2411/75/3424 2402/44/3425 2393/74/3425
f 2314/17/3426 2309/3/3380 2305/46/3427
f 2323/20/3428 2318/1/3378 2314/17/3426
f 2332/22/3429 2327/5/3381 2323/20/3428
f 2341/24/3430 2336/7/3384 2332/22/3429
f 2350/26/3431 2345/9/3386 2341/24/3430
f 2359/28/3432 2354/11/3388 2350/26/3431
f 2368/30/3433 2363/13/3390 2359/28/3432
f 2305/32/3427 2372/14/3391 2368/30/3433
f 2315/47/3382 2313/48/3434 2306/2/3379
f 2324/4/3435 2322/49/3436 2315/47/3382
f 2340/50/3437 2324/4/3435 2333/6/3383
f 2349/51/3438 2333/6/3383 2342/8/3385
f 2358/52/3439 2342/8/3385 2351/10/3387
f 2367/53/3440 2351/10/3387 2360/12/3389
f 2369/16/3392 2367/53/3440 2360/12/3389
f 2306/54/3379 2376/55/3441 2369/16/3392
f 2319/56/3442 2311/57/3443 2310/58/3444
f 2328/59/3445 2320/60/3446 2319/56/3442
f 2337/61/3447 2329/62/3448 2328/59/3445
f 2346/63/3449 2338/64/3450 2337/61/3447
f 2355/65/3451 2347/66/3452 2346/63/3449
f 2364/67/3453 2356/68/3454 2355/65/3451
f 2373/69/3455 2365/70/3456 2364/67/3453
f 2310/71/3444 2374/72/3457 2373/69/3455
f 2320/60/3458 2312/73/3459 2311/57/3460
f 2329/62/3461 2321/74/3462 2320/60/3458
f 2339/75/3463 2329/62/3461 2338/64/3464
f 2348/76/3465 2338/64/3464 2347/66/3466
f 2357/43/3467 2347/66/3466 2356/68/3468
f 2366/77/3469 2356/68/3468 2365/70/3470
f 2374/72/3471 2366/77/3469 2365/70/3470
f 2311/78/3460 2375/79/3472 2374/72/3471
f 2308/42/3473 2353/39/3473 2335/37/3473
f 2322/49/3436 2310/58/3474 2313/48/3434
f 2328/59/3475 2322/49/3436 2331/80/3476
f 2337/61/3477 2331/80/3476 2340/50/3437
f 2346/63/3478 2340/50/3437 2349/51/3438
f 2355/65/3479 2349/51/3438 2358/52/3439
f 2364/67/3480 2358/52/3439 2367/53/3440
f 2376/55/3441 2364/67/3480 2367/53/3440
f 2313/81/3434 2373/69/3481 2376/55/3441
f 2390/1/3482 2378/2/3483 2387/47/3484
f 2399/5/3485 2387/47/3484 2396/4/3486
f 2399/5/3485 2405/6/3487 2408/7/3488
f 2408/7/3488 2414/8/3489 2417/9/3490
f 2417/9/3490 2423/10/3491 2426/11/3492
f 2426/11/3492 2432/12/3493 2435/13/3494
f 2444/14/3495 2432/12/3493 2441/16/3496
f 2381/15/3497 2441/16/3496 2378/54/3483
f 2379/18/3498 2386/17/3499 2388/19/3500
f 2388/19/3500 2395/20/3501 2397/21/3502
f 2397/21/3502 2404/22/3503 2406/23/3504
f 2406/23/3504 2413/24/3505 2415/25/3506
f 2415/25/3506 2422/26/3507 2424/27/3508
f 2424/27/3508 2431/28/3509 2433/29/3510
f 2433/29/3510 2440/30/3511 2442/31/3512
f 2442/31/3512 2377/32/3513 2379/33/3498
f 2389/34/3514 2379/18/3515 2388/19/3516
f 2398/36/3517 2388/19/3516 2397/21/3518
f 2398/36/3517 2406/23/3519 2407/37/3520
f 2407/37/3520 2415/25/3521 2416/38/3522
f 2416/38/3522 2424/27/3523 2425/39/3524
f 2425/39/3524 2433/29/3525 2434/40/3526
f 2443/41/3527 2433/29/3525 2442/31/3528
f 2380/42/3529 2442/31/3528 2379/33/3515
f 2375/79/3530 2312/73/3531 2321/74/3530
f 2386/17/3532 2381/3/3497 2390/1/3482
f 2395/20/3533 2390/1/3482 2399/5/3485
f 2404/22/3534 2399/5/3485 2408/7/3488
f 2413/24/3535 2408/7/3488 2417/9/3490
f 2422/26/3536 2417/9/3490 2426/11/3492
f 2431/28/3537 2426/11/3492 2435/13/3494
f 2440/30/3538 2435/13/3494 2444/14/3495
f 2377/32/3539 2444/14/3495 2381/15/3497
f 2387/47/3484 2385/48/3540 2394/49/3541
f 2396/4/3486 2394/49/3541 2403/80/3542
f 2396/4/3486 2412/50/3543 2405/6/3487
f 2405/6/3487 2421/51/3544 2414/8/3489
f 2414/8/3489 2430/52/3545 2423/10/3491
f 2423/10/3491 2439/53/3546 2432/12/3493
f 2441/16/3496 2439/53/3546 2448/55/3547
f 2378/54/3483 2448/55/3547 2385/81/3540
f 2391/56/3548 2383/57/3549 2392/60/3550
f 2400/59/3551 2392/60/3550 2401/62/3552
f 2409/61/3553 2401/62/3552 2410/64/3554
f 2418/63/3555 2410/64/3554 2419/66/3556
f 2427/65/3557 2419/66/3556 2428/68/3558
f 2436/67/3559 2428/68/3558 2437/70/3560
f 2445/69/3561 2437/70/3560 2446/72/3562
f 2382/71/3563 2446/72/3562 2383/78/3549
f 2392/60/3564 2384/73/3565 2393/74/3566
f 2401/62/3567 2393/74/3566 2402/44/3568
f 2401/62/3567 2411/75/3569 2410/64/3570
f 2410/64/3570 2420/76/3571 2419/66/3572
f 2419/66/3572 2429/43/3573 2428/68/3574
f 2428/68/3574 2438/77/3575 2437/70/3576
f 2446/72/3577 2438/77/3575 2447/79/3578
f 2383/78/3579 2447/79/3578 2384/45/3565
f 2416/38/3580 2425/39/3580 2389/34/3580
f 2394/49/3541 2382/58/3581 2391/56/3582
f 2394/49/3541 2400/59/3583 2403/80/3542
f 2403/80/3542 2409/61/3584 2412/50/3543
f 2412/50/3543 2418/63/3585 2421/51/3544
f 2421/51/3544 2427/65/3586 2430/52/3545
f 2430/52/3545 2436/67/3587 2439/53/3546
f 2448/55/3547 2436/67/3587 2445/69/3588
f 2385/81/3540 2445/69/3588 2382/71/3581
f 2462/1/3589 2450/2/3590 2453/3/3591
f 2471/5/3592 2459/47/3593 2462/1/3589
f 2477/6/3594 2471/5/3592 2480/7/3595
f 2486/8/3596 2480/7/3595 2489/9/3597
f 2495/10/3598 2489/9/3597 2498/11/3599
f 2504/12/3600 2498/11/3599 2507/13/3601
f 2516/14/3602 2504/12/3600 2507/13/3601
f 2453/15/3591 2513/16/3603 2516/14/3602
f 2458/17/3604 2451/18/3605 2460/19/3606
f 2467/20/3607 2460/19/3606 2469/21/3608
f 2476/22/3609 2469/21/3608 2478/23/3610
f 2485/24/3611 2478/23/3610 2487/25/3612
f 2494/26/3613 2487/25/3612 2496/27/3614
f 2503/28/3615 2496/27/3614 2505/29/3616
f 2512/30/3617 2505/29/3616 2514/31/3618
f 2449/32/3619 2514/31/3618 2451/33/3605
f 2461/34/3620 2451/18/3621 2452/35/3622
f 2470/36/3623 2460/19/3624 2461/34/3620
f 2478/23/3625 2470/36/3623 2479/37/3626
f 2487/25/3627 2479/37/3626 2488/38/3628
f 2496/27/3629 2488/38/3628 2497/39/3630
f 2505/29/3631 2497/39/3630 2506/40/3632
f 2515/41/3633 2505/29/3631 2506/40/3632
f 2452/42/3622 2514/31/3634 2515/41/3633
f 2528/45/3635 2573/43/3636 2555/75/3636
f 2458/17/3637 2453/3/3591 2449/46/3638
f 2467/20/3639 2462/1/3589 2458/17/3637
f 2476/22/3640 2471/5/3592 2467/20/3639
f 2485/24/3641 2480/7/3595 2476/22/3640
f 2494/26/3642 2489/9/3597 2485/24/3641
f 2503/28/3643 2498/11/3599 2494/26/3642
f 2512/30/3644 2507/13/3601 2503/28/3643
f 2449/32/3638 2516/14/3602 2512/30/3644
f 2459/47/3593 2457/48/3645 2450/2/3590
f 2468/4/3646 2466/49/3647 2459/47/3593
f 2484/50/3648 2468/4/3646 2477/6/3594
f 2493/51/3649 2477/6/3594 2486/8/3596
f 2502/52/3650 2486/8/3596 2495/10/3598
f 2511/53/3651 2495/10/3598 2504/12/3600
f 2513/16/3603 2511/53/3651 2504/12/3600
f 2450/54/3590 2520/55/3652 2513/16/3603
f 2463/56/3653 2455/57/3654 2454/58/3655
f 2472/59/3656 2464/60/3657 2463/56/3653
f 2481/61/3658 2473/62/3659 2472/59/3656
f 2490/63/3660 2482/64/3661 2481/61/3658
f 2499/65/3662 2491/66/3663 2490/63/3660
f 2508/67/3664 2500/68/3665 2499/65/3662
f 2517/69/3666 2509/70/3667 2508/67/3664
f 2454/71/3655 2518/72/3668 2517/69/3666
f 2464/60/3669 2456/73/3670 2455/57/3671
f 2473/62/3672 2465/74/3673 2464/60/3669
f 2483/75/3674 2473/62/3672 2482/64/3675
f 2492/76/3676 2482/64/3675 2491/66/3677
f 2501/43/3678 2491/66/3677 2500/68/3679
f 2510/77/3680 2500/68/3679 2509/70/3681
f 2518/72/3682 2510/77/3680 2509/70/3681
f 2455/78/3671 2519/79/3683 2518/72/3682
f 2452/42/3684 2497/39/3684 2479/37/3684
f 2466/49/3647 2454/58/3685 2457/48/3645
f 2472/59/3686 2466/49/3647 2475/80/3687
f 2481/61/3688 2475/80/3687 2484/50/3648
f 2490/63/3689 2484/50/3648 2493/51/3649
f 2499/65/3690 2493/51/3649 2502/52/3650
f 2508/67/3691 2502/52/3650 2511/53/3651
f 2520/55/3652 2508/67/3691 2511/53/3651
f 2457/81/3645 2517/69/3692 2520/55/3652
f 2534/1/3693 2522/2/3694 2531/47/3695
f 2543/5/3696 2531/47/3695 2540/4/3697
f 2543/5/3696 2549/6/3698 2552/7/3699
f 2552/7/3699 2558/8/3700 2561/9/3701
f 2561/9/3701 2567/10/3702 2570/11/3703
f 2570/11/3703 2576/12/3704 2579/13/3705
f 2588/14/3706 2576/12/3704 2585/16/3707
f 2525/15/3708 2585/16/3707 2522/54/3694
f 2523/18/3709 2530/17/3710 2532/19/3711
f 2532/19/3711 2539/20/3712 2541/21/3713
f 2541/21/3713 2548/22/3714 2550/23/3715
f 2550/23/3715 2557/24/3716 2559/25/3717
f 2559/25/3717 2566/26/3718 2568/27/3719
f 2568/27/3719 2575/28/3720 2577/29/3721
f 2577/29/3721 2584/30/3722 2586/31/3723
f 2586/31/3723 2521/32/3724 2523/33/3709
f 2533/34/3725 2523/18/3726 2532/19/3727
f 2542/36/3728 2532/19/3727 2541/21/3729
f 2542/36/3728 2550/23/3730 2551/37/3731
f 2551/37/3731 2559/25/3732 2560/38/3733
f 2560/38/3733 2568/27/3734 2569/39/3735
f 2569/39/3735 2577/29/3736 2578/40/3737
f 2587/41/3738 2577/29/3736 2586/31/3739
f 2524/42/3740 2586/31/3739 2523/33/3726
f 2483/75/3741 2501/43/3741 2519/79/3742
f 2530/17/3743 2525/3/3708 2534/1/3693
f 2539/20/3744 2534/1/3693 2543/5/3696
f 2548/22/3745 2543/5/3696 2552/7/3699
f 2557/24/3746 2552/7/3699 2561/9/3701
f 2566/26/3747 2561/9/3701 2570/11/3703
f 2575/28/3748 2570/11/3703 2579/13/3705
f 2584/30/3749 2579/13/3705 2588/14/3706
f 2521/32/3750 2588/14/3706 2525/15/3708
f 2531/47/3695 2529/48/3751 2538/49/3752
f 2540/4/3697 2538/49/3752 2547/80/3753
f 2540/4/3697 2556/50/3754 2549/6/3698
f 2549/6/3698 2565/51/3755 2558/8/3700
f 2558/8/3700 2574/52/3756 2567/10/3702
f 2567/10/3702 2583/53/3757 2576/12/3704
f 2585/16/3707 2583/53/3757 2592/55/3758
f 2522/54/3694 2592/55/3758 2529/81/3751
f 2535/56/3759 2527/57/3760 2536/60/3761
f 2544/59/3762 2536/60/3761 2545/62/3763
f 2553/61/3764 2545/62/3763 2554/64/3765
f 2562/63/3766 2554/64/3765 2563/66/3767
f 2571/65/3768 2563/66/3767 2572/68/3769
f 2580/67/3770 2572/68/3769 2581/70/3771
f 2589/69/3772 2581/70/3771 2590/72/3773
f 2526/71/3774 2590/72/3773 2527/78/3760
f 2536/60/3775 2528/73/3776 2537/74/3777
f 2545/62/3778 2537/74/3777 2546/44/3779
f 2545/62/3778 2555/75/3780 2554/64/3781
f 2554/64/3781 2564/76/3782 2563/66/3783
f 2563/66/3783 2573/43/3784 2572/68/3785
f 2572/68/3785 2582/77/3786 2581/70/3787
f 2590/72/3788 2582/77/3786 2591/79/3789
f 2527/78/3790 2591/79/3789 2528/45/3776
f 2569/39/3791 2587/41/3791 2542/36/3791
f 2538/49/3752 2526/58/3792 2535/56/3793
f 2538/49/3752 2544/59/3794 2547/80/3753
f 2547/80/3753 2553/61/3795 2556/50/3754
f 2556/50/3754 2562/63/3796 2565/51/3755
f 2565/51/3755 2571/65/3797 2574/52/3756
f 2574/52/3756 2580/67/3798 2583/53/3757
f 2592/55/3758 2580/67/3798 2589/69/3799
f 2529/81/3751 2589/69/3799 2526/71/3792
f 2606/1/3800 2594/2/3801 2597/3/3802
f 2615/5/3803 2603/47/3804 2606/1/3800
f 2621/6/3805 2615/5/3803 2624/7/3806
f 2630/8/3807 2624/7/3806 2633/9/3808
f 2639/10/3809 2633/9/3808 2642/11/3810
f 2648/12/3811 2642/11/3810 2651/13/3812
f 2660/14/3813 2648/12/3811 2651/13/3812
f 2597/15/3802 2657/16/3814 2660/14/3813
f 2602/17/3815 2595/18/3816 2604/19/3817
f 2611/20/3818 2604/19/3817 2613/21/3819
f 2620/22/3820 2613/21/3819 2622/23/3821
f 2629/24/3822 2622/23/3821 2631/25/3823
f 2638/26/3824 2631/25/3823 2640/27/3825
f 2647/28/3826 2640/27/3825 2649/29/3827
f 2656/30/3828 2649/29/3827 2658/31/3829
f 2593/32/3830 2658/31/3829 2595/33/3816
f 2605/34/3831 2595/18/3832 2596/35/3833
f 2614/36/3834 2604/19/3835 2605/34/3831
f 2622/23/3836 2614/36/3834 2623/37/3837
f 2631/25/3838 2623/37/3837 2632/38/3839
f 2640/27/3840 2632/38/3839 2641/39/3841
f 2649/29/3842 2641/39/3841 2650/40/3843
f 2659/41/3844 2649/29/3842 2650/40/3843
f 2596/42/3833 2658/31/3845 2659/41/3844
f 2699/75/3846 2690/44/3846 2681/74/3846
f 2602/17/3847 2597/3/3802 2593/46/3848
f 2611/20/3849 2606/1/3800 2602/17/3847
f 2620/22/3850 2615/5/3803 2611/20/3849
f 2629/24/3851 2624/7/3806 2620/22/3850
f 2638/26/3852 2633/9/3808 2629/24/3851
f 2647/28/3853 2642/11/3810 2638/26/3852
f 2656/30/3854 2651/13/3812 2647/28/3853
f 2593/32/3848 2660/14/3813 2656/30/3854
f 2603/47/3804 2601/48/3855 2594/2/3801
f 2612/4/3856 2610/49/3857 2603/47/3804
f 2628/50/3858 2612/4/3856 2621/6/3805
f 2637/51/3859 2621/6/3805 2630/8/3807
f 2646/52/3860 2630/8/3807 2639/10/3809
f 2655/53/3861 2639/10/3809 2648/12/3811
f 2657/16/3814 2655/53/3861 2648/12/3811
f 2594/54/3801 2664/55/3862 2657/16/3814
f 2607/56/3863 2599/57/3864 2598/58/3865
f 2616/59/3866 2608/60/3867 2607/56/3863
f 2625/61/3868 2617/62/3869 2616/59/3866
f 2634/63/3870 2626/64/3871 2625/61/3868
f 2643/65/3872 2635/66/3873 2634/63/3870
f 2652/67/3874 2644/68/3875 2643/65/3872
f 2661/69/3876 2653/70/3877 2652/67/3874
f 2598/71/3865 2662/72/3878 2661/69/3876
f 2608/60/3879 2600/73/3880 2599/57/3881
f 2617/62/3882 2609/74/3883 2608/60/3879
f 2627/75/3884 2617/62/3882 2626/64/3885
f 2636/76/3886 2626/64/3885 2635/66/3887
f 2645/43/3888 2635/66/3887 2644/68/3889
f 2654/77/3890 2644/68/3889 2653/70/3891
f 2662/72/3892 2654/77/3890 2653/70/3891
f 2599/78/3881 2663/79/3893 2662/72/3892
f 2632/38/3894 2614/36/3894 2596/42/3894
f 2610/49/3857 2598/58/3895 2601/48/3855
f 2616/59/3896 2610/49/3857 2619/80/3897
f 2625/61/3898 2619/80/3897 2628/50/3858
f 2634/63/3899 2628/50/3858 2637/51/3859
f 2643/65/3900 2637/51/3859 2646/52/3860
f 2652/67/3901 2646/52/3860 2655/53/3861
f 2664/55/3862 2652/67/3901 2655/53/3861
f 2601/81/3855 2661/69/3902 2664/55/3862
f 2678/1/3903 2666/2/3904 2675/47/3905
f 2687/5/3906 2675/47/3905 2684/4/3907
f 2687/5/3906 2693/6/3908 2696/7/3909
f 2696/7/3909 2702/8/3910 2705/9/3911
f 2705/9/3911 2711/10/3912 2714/11/3913
f 2714/11/3913 2720/12/3914 2723/13/3915
f 2732/14/3916 2720/12/3914 2729/16/3917
f 2669/15/3918 2729/16/3917 2666/54/3904
f 2667/18/3919 2674/17/3920 2676/19/3921
f 2676/19/3921 2683/20/3922 2685/21/3923
f 2685/21/3923 2692/22/3924 2694/23/3925
f 2694/23/3925 2701/24/3926 2703/25/3927
f 2703/25/3927 2710/26/3928 2712/27/3929
f 2712/27/3929 2719/28/3930 2721/29/3931
f 2721/29/3931 2728/30/3932 2730/31/3933
f 2730/31/3933 2665/32/3934 2667/33/3919
f 2677/34/3935 2667/18/3936 2676/19/3937
f 2686/36/3938 2676/19/3937 2685/21/3939
f 2686/36/3938 2694/23/3940 2695/37/3941
f 2695/37/3941 2703/25/3942 2704/38/3943
f 2704/38/3943 2712/27/3944 2713/39/3945
f 2713/39/3945 2721/29/3946 2722/40/3947
f 2731/41/3948 2721/29/3946 2730/31/3949
f 2668/42/3950 2730/31/3949 2667/33/3936
f 2618/44/3951 2645/43/3951 2663/79/3951
f 2674/17/3952 2669/3/3918 2678/1/3903
f 2683/20/3953 2678/1/3903 2687/5/3906
f 2692/22/3954 2687/5/3906 2696/7/3909
f 2701/24/3955 2696/7/3909 2705/9/3911
f 2710/26/3956 2705/9/3911 2714/11/3913
f 2719/28/3957 2714/11/3913 2723/13/3915
f 2728/30/3958 2723/13/3915 2732/14/3916
f 2665/32/3959 2732/14/3916 2669/15/3918
f 2675/47/3905 2673/48/3960 2682/49/3961
f 2684/4/3907 2682/49/3961 2691/80/3962
f 2684/4/3907 2700/50/3963 2693/6/3908
f 2693/6/3908 2709/51/3964 2702/8/3910
f 2702/8/3910 2718/52/3965 2711/10/3912
f 2711/10/3912 2727/53/3966 2720/12/3914
f 2729/16/3917 2727/53/3966 2736/55/3967
f 2666/54/3904 2736/55/3967 2673/81/3960
f 2679/56/3968 2671/57/3969 2680/60/3970
f 2688/59/3971 2680/60/3970 2689/62/3972
f 2697/61/3973 2689/62/3972 2698/64/3974
f 2706/63/3975 2698/64/3974 2707/66/3976
f 2715/65/3977 2707/66/3976 2716/68/3978
f 2724/67/3979 2716/68/3978 2725/70/3980
f 2733/69/3981 2725/70/3980 2734/72/3982
f 2670/71/3983 2734/72/3982 2671/78/3969
f 2680/60/3984 2672/73/3985 2681/74/3986
f 2689/62/3987 2681/74/3986 2690/44/3988
f 2689/62/3987 2699/75/3989 2698/64/3990
f 2698/64/3990 2708/76/3991 2707/66/3992
f 2707/66/3992 2717/43/3993 2716/68/3994
f 2716/68/3994 2726/77/3995 2725/70/3996
f 2734/72/3997 2726/77/3995 2735/79/3998
f 2671/78/3999 2735/79/3998 2672/45/3985
f 2704/38/4000 2713/39/4000 2677/34/4000
f 2682/49/3961 2670/58/4001 2679/56/4002
f 2682/49/3961 2688/59/4003 2691/80/3962
f 2691/80/3962 2697/61/4004 2700/50/3963
f 2700/50/3963 2706/63/4005 2709/51/3964
f 2709/51/3964 2715/65/4006 2718/52/3965
f 2718/52/3965 2724/67/4007 2727/53/3966
f 2736/55/3967 2724/67/4007 2733/69/4008
f 2673/81/3960 2733/69/4008 2670/71/4001
f 2750/1/4009 2738/2/4010 2741/3/4011
f 2759/5/4012 2747/47/4013 2750/1/4009
f 2765/6/4014 2759/5/4012 2768/7/4015
f 2774/8/4016 2768/7/4015 2777/9/4017
f 2783/10/4018 2777/9/4017 2786/11/4019
f 2792/12/4020 2786/11/4019 2795/13/4021
f 2804/14/4022 2792/12/4020 2795/13/4021
f 2741/15/4011 2801/16/4023 2804/14/4022
f 2746/17/4024 2739/18/4025 2748/19/4026
f 2755/20/4027 2748/19/4026 2757/21/4028
f 2764/22/4029 2757/21/4028 2766/23/4030
f 2773/24/4031 2766/23/4030 2775/25/4032
f 2782/26/4033 2775/25/4032 2784/27/4034
f 2791/28/4035 2784/27/4034 2793/29/4036
f 2800/30/4037 2793/29/4036 2802/31/4038
f 2737/32/4039 2802/31/4038 2739/33/4025
f 2749/34/4040 2739/18/4041 2740/35/4042
f 2758/36/4043 2748/19/4044 2749/34/4040
f 2766/23/4045 2758/36/4043 2767/37/4046
f 2775/25/4047 2767/37/4046 2776/38/4048
f 2784/27/4049 2776/38/4048 2785/39/4050
f 2793/29/4051 2785/39/4050 2794/40/4052
f 2803/41/4053 2793/29/4051 2794/40/4052
f 2740/42/4042 2802/31/4054 2803/41/4053
f 2861/43/4055 2834/44/4056 2816/45/4056
f 2746/17/4057 2741/3/4011 2737/46/4058
f 2755/20/4059 2750/1/4009 2746/17/4057
f 2764/22/4060 2759/5/4012 2755/20/4059
f 2773/24/4061 2768/7/4015 2764/22/4060
f 2782/26/4062 2777/9/4017 2773/24/4061
f 2791/28/4063 2786/11/4019 2782/26/4062
f 2800/30/4064 2795/13/4021 2791/28/4063
f 2737/32/4058 2804/14/4022 2800/30/4064
f 2747/47/4013 2745/48/4065 2738/2/4010
f 2756/4/4066 2754/49/4067 2747/47/4013
f 2772/50/4068 2756/4/4066 2765/6/4014
f 2781/51/4069 2765/6/4014 2774/8/4016
f 2790/52/4070 2774/8/4016 2783/10/4018
f 2799/53/4071 2783/10/4018 2792/12/4020
f 2801/16/4023 2799/53/4071 2792/12/4020
f 2738/54/4010 2808/55/4072 2801/16/4023
f 2751/56/4073 2743/57/4074 2742/58/4075
f 2760/59/4076 2752/60/4077 2751/56/4073
f 2769/61/4078 2761/62/4079 2760/59/4076
f 2778/63/4080 2770/64/4081 2769/61/4078
f 2787/65/4082 2779/66/4083 2778/63/4080
f 2796/67/4084 2788/68/4085 2787/65/4082
f 2805/69/4086 2797/70/4087 2796/67/4084
f 2742/71/4075 2806/72/4088 2805/69/4086
f 2752/60/4089 2744/73/4090 2743/57/4091
f 2761/62/4092 2753/74/4093 2752/60/4089
f 2771/75/4094 2761/62/4092 2770/64/4095
f 2780/76/4096 2770/64/4095 2779/66/4097
f 2789/43/4098 2779/66/4097 2788/68/4099
f 2798/77/4100 2788/68/4099 2797/70/4101
f 2806/72/4102 2798/77/4100 2797/70/4101
f 2743/78/4091 2807/79/4103 2806/72/4102
f 2767/37/4104 2758/36/4104 2749/34/4104
f 2754/49/4067 2742/58/4105 2745/48/4065
f 2760/59/4106 2754/49/4067 2763/80/4107
f 2769/61/4108 2763/80/4107 2772/50/4068
f 2778/63/4109 2772/50/4068 2781/51/4069
f 2787/65/4110 2781/51/4069 2790/52/4070
f 2796/67/4111 2790/52/4070 2799/53/4071
f 2808/55/4072 2796/67/4111 2799/53/4071
f 2745/81/4065 2805/69/4112 2808/55/4072
f 2822/1/4113 2810/2/4114 2819/47/4115
f 2831/5/4116 2819/47/4115 2828/4/4117
f 2831/5/4116 2837/6/4118 2840/7/4119
f 2840/7/4119 2846/8/4120 2849/9/4121
f 2849/9/4121 2855/10/4122 2858/11/4123
f 2858/11/4123 2864/12/4124 2867/13/4125
f 2876/14/4126 2864/12/4124 2873/16/4127
f 2813/15/4128 2873/16/4127 2810/54/4114
f 2811/18/4129 2818/17/4130 2820/19/4131
f 2820/19/4131 2827/20/4132 2829/21/4133
f 2829/21/4133 2836/22/4134 2838/23/4135
f 2838/23/4135 2845/24/4136 2847/25/4137
f 2847/25/4137 2854/26/4138 2856/27/4139
f 2856/27/4139 2863/28/4140 2865/29/4141
f 2865/29/4141 2872/30/4142 2874/31/4143
f 2874/31/4143 2809/32/4144 2811/33/4129
f 2821/34/4145 2811/18/4146 2820/19/4147
f 2830/36/4148 2820/19/4147 2829/21/4149
f 2830/36/4148 2838/23/4150 2839/37/4151
f 2839/37/4151 2847/25/4152 2848/38/4153
f 2848/38/4153 2856/27/4154 2857/39/4155
f 2857/39/4155 2865/29/4156 2866/40/4157
f 2875/41/4158 2865/29/4156 2874/31/4159
f 2812/42/4160 2874/31/4159 2811/33/4146
f 2807/79/4161 2744/73/4161 2753/74/4161
f 2818/17/4162 2813/3/4128 2822/1/4113
f 2827/20/4163 2822/1/4113 2831/5/4116
f 2836/22/4164 2831/5/4116 2840/7/4119
f 2845/24/4165 2840/7/4119 2849/9/4121
f 2854/26/4166 2849/9/4121 2858/11/4123
f 2863/28/4167 2858/11/4123 2867/13/4125
f 2872/30/4168 2867/13/4125 2876/14/4126
f 2809/32/4169 2876/14/4126 2813/15/4128
f 2819/47/4115 2817/48/4170 2826/49/4171
f 2828/4/4117 2826/49/4171 2835/80/4172
f 2828/4/4117 2844/50/4173 2837/6/4118
f 2837/6/4118 2853/51/4174 2846/8/4120
f 2846/8/4120 2862/52/4175 2855/10/4122
f 2855/10/4122 2871/53/4176 2864/12/4124
f 2873/16/4127 2871/53/4176 2880/55/4177
f 2810/54/4114 2880/55/4177 2817/81/4170
f 2823/56/4178 2815/57/4179 2824/60/4180
f 2832/59/4181 2824/60/4180 2833/62/4182
f 2841/61/4183 2833/62/4182 2842/64/4184
f 2850/63/4185 2842/64/4184 2851/66/4186
f 2859/65/4187 2851/66/4186 2860/68/4188
f 2868/67/4189 2860/68/4188 2869/70/4190
f 2877/69/4191 2869/70/4190 2878/72/4192
f 2814/71/4193 2878/72/4192 2815/78/4179
f 2824/60/4194 2816/73/4195 2825/74/4196
f 2833/62/4197 2825/74/4196 2834/44/4198
f 2833/62/4197 2843/75/4199 2842/64/4200
f 2842/64/4200 2852/76/4201 2851/66/4202
f 2851/66/4202 2861/43/4203 2860/68/4204
f 2860/68/4204 2870/77/4205 2869/70/4206
f 2878/72/4207 2870/77/4205 2879/79/4208
f 2815/78/4209 2879/79/4208 2816/45/4195
f 2848/38/4210 2857/39/4210 2821/34/4210
f 2826/49/4171 2814/58/4211 2823/56/4212
f 2826/49/4171 2832/59/4213 2835/80/4172
f 2835/80/4172 2841/61/4214 2844/50/4173
f 2844/50/4173 2850/63/4215 2853/51/4174
f 2853/51/4174 2859/65/4216 2862/52/4175
f 2862/52/4175 2868/67/4217 2871/53/4176
f 2880/55/4177 2868/67/4217 2877/69/4218
f 2817/81/4170 2877/69/4218 2814/71/4211
f 2894/1/4219 2882/2/4220 2885/3/4221
f 2903/5/4222 2891/47/4223 2894/1/4219
f 2909/6/4224 2903/5/4222 2912/7/4225
f 2918/8/4226 2912/7/4225 2921/9/4227
f 2927/10/4228 2921/9/4227 2930/11/4229
f 2936/12/4230 2930/11/4229 2939/13/4231
f 2948/14/4232 2936/12/4230 2939/13/4231
f 2885/15/4221 2945/16/4233 2948/14/4232
f 2890/17/4234 2883/18/4235 2892/19/4236
f 2899/20/4237 2892/19/4236 2901/21/4238
f 2908/22/4239 2901/21/4238 2910/23/4240
f 2917/24/4241 2910/23/4240 2919/25/4242
f 2926/26/4243 2919/25/4242 2928/27/4244
f 2935/28/4245 2928/27/4244 2937/29/4246
f 2944/30/4247 2937/29/4246 2946/31/4248
f 2881/32/4249 2946/31/4248 2883/33/4235
f 2893/34/4250 2883/18/4251 2884/35/4252
f 2902/36/4253 2892/19/4254 2893/34/4250
f 2910/23/4255 2902/36/4253 2911/37/4256
f 2919/25/4257 2911/37/4256 2920/38/4258
f 2928/27/4259 2920/38/4258 2929/39/4260
f 2937/29/4261 2929/39/4260 2938/40/4262
f 2947/41/4263 2937/29/4261 2938/40/4262
f 2884/42/4252 2946/31/4264 2947/41/4263
f 2969/74/4265 3023/79/4265 2996/76/4266
f 2890/17/4267 2885/3/4221 2881/46/4268
f 2899/20/4269 2894/1/4219 2890/17/4267
f 2908/22/4270 2903/5/4222 2899/20/4269
f 2917/24/4271 2912/7/4225 2908/22/4270
f 2926/26/4272 2921/9/4227 2917/24/4271
f 2935/28/4273 2930/11/4229 2926/26/4272
f 2944/30/4274 2939/13/4231 2935/28/4273
f 2881/32/4268 2948/14/4232 2944/30/4274
f 2891/47/4223 2889/48/4275 2882/2/4220
f 2900/4/4276 2898/49/4277 2891/47/4223
f 2916/50/4278 2900/4/4276 2909/6/4224
f 2925/51/4279 2909/6/4224 2918/8/4226
f 2934/52/4280 2918/8/4226 2927/10/4228
f 2943/53/4281 2927/10/4228 2936/12/4230
f 2945/16/4233 2943/53/4281 2936/12/4230
f 2882/54/4220 2952/55/4282 2945/16/4233
f 2895/56/4283 2887/57/4284 2886/58/4285
f 2904/59/4286 2896/60/4287 2895/56/4283
f 2913/61/4288 2905/62/4289 2904/59/4286
f 2922/63/4290 2914/64/4291 2913/61/4288
f 2931/65/4292 2923/66/4293 2922/63/4290
f 2940/67/4294 2932/68/4295 2931/65/4292
f 2949/69/4296 2941/70/4297 2940/67/4294
f 2886/71/4285 2950/72/4298 2949/69/4296
f 2896/60/4299 2888/73/4300 2887/57/4301
f 2905/62/4302 2897/74/4303 2896/60/4299
f 2915/75/4304 2905/62/4302 2914/64/4305
f 2924/76/4306 2914/64/4305 2923/66/4307
f 2933/43/4308 2923/66/4307 2932/68/4309
f 2942/77/4310 2932/68/4309 2941/70/4311
f 2950/72/4312 2942/77/4310 2941/70/4311
f 2887/78/4301 2951/79/4313 2950/72/4312
f 2929/39/4314 2902/36/4314 2947/41/4314
f 2898/49/4277 2886/58/4315 2889/48/4275
f 2904/59/4316 2898/49/4277 2907/80/4317
f 2913/61/4318 2907/80/4317 2916/50/4278
f 2922/63/4319 2916/50/4278 2925/51/4279
f 2931/65/4320 2925/51/4279 2934/52/4280
f 2940/67/4321 2934/52/4280 2943/53/4281
f 2952/55/4282 2940/67/4321 2943/53/4281
f 2889/81/4275 2949/69/4322 2952/55/4282
f 2966/1/4323 2954/2/4324 2963/47/4325
f 2975/5/4326 2963/47/4325 2972/4/4327
f 2975/5/4326 2981/6/4328 2984/7/4329
f 2984/7/4329 2990/8/4330 2993/9/4331
f 2993/9/4331 2999/10/4332 3002/11/4333
f 3002/11/4333 3008/12/4334 3011/13/4335
f 3020/14/4336 3008/12/4334 3017/16/4337
f 2957/15/4338 3017/16/4337 2954/54/4324
f 2955/18/4339 2962/17/4340 2964/19/4341
f 2964/19/4341 2971/20/4342 2973/21/4343
f 2973/21/4343 2980/22/4344 2982/23/4345
f 2982/23/4345 2989/24/4346 2991/25/4347
f 2991/25/4347 2998/26/4348 3000/27/4349
f 3000/27/4349 3007/28/4350 3009/29/4351
f 3009/29/4351 3016/30/4352 3018/31/4353
f 3018/31/4353 2953/32/4354 2955/33/4339
f 2965/34/4355 2955/18/4356 2964/19/4357
f 2974/36/4358 2964/19/4357 2973/21/4359
f 2974/36/4358 2982/23/4360 2983/37/4361
f 2983/37/4361 2991/25/4362 2992/38/4363
f 2992/38/4363 3000/27/4364 3001/39/4365
f 3001/39/4365 3009/29/4366 3010/40/4367
f 3019/41/4368 3009/29/4366 3018/31/4369
f 2956/42/4370 3018/31/4369 2955/33/4356
f 2933/43/4371 2888/73/4372 2915/75/4371
f 2962/17/4373 2957/3/4338 2966/1/4323
f 2971/20/4374 2966/1/4323 2975/5/4326
f 2980/22/4375 2975/5/4326 2984/7/4329
f 2989/24/4376 2984/7/4329 2993/9/4331
f 2998/26/4377 2993/9/4331 3002/11/4333
f 3007/28/4378 3002/11/4333 3011/13/4335
f 3016/30/4379 3011/13/4335 3020/14/4336
f 2953/32/4380 3020/14/4336 2957/15/4338
f 2963/47/4325 2961/48/4381 2970/49/4382
f 2972/4/4327 2970/49/4382 2979/80/4383
f 2972/4/4327 2988/50/4384 2981/6/4328
f 2981/6/4328 2997/51/4385 2990/8/4330
f 2990/8/4330 3006/52/4386 2999/10/4332
f 2999/10/4332 3015/53/4387 3008/12/4334
f 3017/16/4337 3015/53/4387 3024/55/4388
f 2954/54/4324 3024/55/4388 2961/81/4381
f 2967/56/4389 2959/57/4390 2968/60/4391
f 2976/59/4392 2968/60/4391 2977/62/4393
f 2985/61/4394 2977/62/4393 2986/64/4395
f 2994/63/4396 2986/64/4395 2995/66/4397
f 3003/65/4398 2995/66/4397 3004/68/4399
f 3012/67/4400 3004/68/4399 3013/70/4401
f 3021/69/4402 3013/70/4401 3022/72/4403
f 2958/71/4404 3022/72/4403 2959/78/4390
f 2968/60/4405 2960/73/4406 2969/74/4407
f 2977/62/4408 2969/74/4407 2978/44/4409
f 2977/62/4408 2987/75/4410 2986/64/4411
f 2986/64/4411 2996/76/4412 2995/66/4413
f 2995/66/4413 3005/43/4414 3004/68/4415
f 3004/68/4415 3014/77/4416 3013/70/4417
f 3022/72/4418 3014/77/4416 3023/79/4419
f 2959/78/4420 3023/79/4419 2960/45/4406
f 2992/38/4421 3001/39/4421 2965/34/4421
f 2970/49/4382 2958/58/4422 2967/56/4423
f 2970/49/4382 2976/59/4424 2979/80/4383
f 2979/80/4383 2985/61/4425 2988/50/4384
f 2988/50/4384 2994/63/4426 2997/51/4385
f 2997/51/4385 3003/65/4427 3006/52/4386
f 3006/52/4386 3012/67/4428 3015/53/4387
f 3024/55/4388 3012/67/4428 3021/69/4429
f 2961/81/4381 3021/69/4429 2958/71/4422
f 3038/1/4430 3026/2/4431 3029/3/4432
f 3047/5/4433 3035/47/4434 3038/1/4430
f 3053/6/4435 3047/5/4433 3056/7/4436
f 3062/8/4437 3056/7/4436 3065/9/4438
f 3071/10/4439 3065/9/4438 3074/11/4440
f 3083/13/4441 3071/10/4439 3074/11/4440
f 3092/14/4442 3080/12/4443 3083/13/4441
f 3029/15/4432 3089/16/4444 3092/14/4442
f 3034/17/4445 3027/18/4446 3036/19/4447
f 3043/20/4448 3036/19/4447 3045/21/4449
f 3052/22/4450 3045/21/4449 3054/23/4451
f 3061/24/4452 3054/23/4451 3063/25/4453
f 3070/26/4454 3063/25/4453 3072/27/4455
f 3079/28/4456 3072/27/4455 3081/29/4457
f 3088/30/4458 3081/29/4457 3090/31/4459
f 3025/32/4460 3090/31/4459 3027/33/4446
f 3037/34/4461 3027/18/4462 3028/35/4463
f 3046/36/4464 3036/19/4465 3037/34/4461
f 3054/23/4466 3046/36/4464 3055/37/4467
f 3063/25/4468 3055/37/4467 3064/38/4469
f 3072/27/4470 3064/38/4469 3073/39/4471
f 3081/29/4472 3073/39/4471 3082/40/4473
f 3091/41/4474 3081/29/4472 3082/40/4473
f 3028/42/4463 3090/31/4475 3091/41/4474
f 3113/74/4476 3167/79/4476 3149/43/4477
f 3034/17/4478 3029/3/4432 3025/46/4479
f 3043/20/4480 3038/1/4430 3034/17/4478
f 3052/22/4481 3047/5/4433 3043/20/4480
f 3061/24/4482 3056/7/4436 3052/22/4481
f 3070/26/4483 3065/9/4438 3061/24/4482
f 3079/28/4484 3074/11/4440 3070/26/4483
f 3088/30/4485 3083/13/4441 3079/28/4484
f 3025/32/4479 3092/14/4442 3088/30/4485
f 3035/47/4434 3033/48/4486 3026/2/4431
f 3044/4/4487 3042/49/4488 3035/47/4434
f 3060/50/4489 3044/4/4487 3053/6/4435
f 3069/51/4490 3053/6/4435 3062/8/4437
f 3078/52/4491 3062/8/4437 3071/10/4439
f 3087/53/4492 3071/10/4439 3080/12/4443
f 3089/16/4444 3087/53/4492 3080/12/4443
f 3026/54/4431 3096/55/4493 3089/16/4444
f 3039/56/4494 3031/57/4495 3030/58/4496
f 3048/59/4497 3040/60/4498 3039/56/4494
f 3057/61/4499 3049/62/4500 3048/59/4497
f 3066/63/4501 3058/64/4502 3057/61/4499
f 3075/65/4503 3067/66/4504 3066/63/4501
f 3084/67/4505 3076/68/4506 3075/65/4503
f 3093/69/4507 3085/70/4508 3084/67/4505
f 3030/71/4496 3094/72/4509 3093/69/4507
f 3040/60/4510 3032/73/4511 3031/57/4512
f 3049/62/4513 3041/74/4514 3040/60/4510
f 3059/75/4515 3049/62/4513 3058/64/4516
f 3068/76/4517 3058/64/4516 3067/66/4518
f 3077/43/4519 3067/66/4518 3076/68/4520
f 3086/77/4521 3076/68/4520 3085/70/4522
f 3094/72/4523 3086/77/4521 3085/70/4522
f 3031/78/4512 3095/79/4524 3094/72/4523
f 3055/37/4525 3046/36/4526 3037/34/4525
f 3042/49/4488 3030/58/4527 3033/48/4486
f 3048/59/4528 3042/49/4488 3051/80/4529
f 3057/61/4530 3051/80/4529 3060/50/4489
f 3066/63/4531 3060/50/4489 3069/51/4490
f 3075/65/4532 3069/51/4490 3078/52/4491
f 3084/67/4533 3078/52/4491 3087/53/4492
f 3096/55/4493 3084/67/4533 3087/53/4492
f 3033/81/4486 3093/69/4534 3096/55/4493
f 3110/1/4535 3098/2/4536 3107/47/4537
f 3119/5/4538 3107/47/4537 3116/4/4539
f 3119/5/4538 3125/6/4540 3128/7/4541
f 3128/7/4541 3134/8/4542 3137/9/4543
f 3137/9/4543 3143/10/4544 3146/11/4545
f 3146/11/4545 3152/12/4546 3155/13/4547
f 3164/14/4548 3152/12/4546 3161/16/4549
f 3101/15/4550 3161/16/4549 3098/54/4536
f 3099/18/4551 3106/17/4552 3108/19/4553
f 3108/19/4553 3115/20/4554 3117/21/4555
f 3117/21/4555 3124/22/4556 3126/23/4557
f 3126/23/4557 3133/24/4558 3135/25/4559
f 3135/25/4559 3142/26/4560 3144/27/4561
f 3144/27/4561 3151/28/4562 3153/29/4563
f 3153/29/4563 3160/30/4564 3162/31/4565
f 3162/31/4565 3097/32/4566 3099/33/4551
f 3109/34/4567 3099/18/4568 3108/19/4569
f 3118/36/4570 3108/19/4569 3117/21/4571
f 3118/36/4570 3126/23/4572 3127/37/4573
f 3127/37/4573 3135/25/4574 3136/38/4575
f 3136/38/4575 3144/27/4576 3145/39/4577
f 3145/39/4577 3153/29/4578 3154/40/4579
f 3163/41/4580 3153/29/4578 3162/31/4581
f 3100/42/4582 3162/31/4581 3099/33/4568
f 3095/79/4583 3032/73/4584 3041/74/4585
f 3106/17/4586 3101/3/4550 3110/1/4535
f 3115/20/4587 3110/1/4535 3119/5/4538
f 3124/22/4588 3119/5/4538 3128/7/4541
f 3133/24/4589 3128/7/4541 3137/9/4543
f 3142/26/4590 3137/9/4543 3146/11/4545
f 3151/28/4591 3146/11/4545 3155/13/4547
f 3160/30/4592 3155/13/4547 3164/14/4548
f 3097/32/4593 3164/14/4548 3101/15/4550
f 3107/47/4537 3105/48/4594 3114/49/4595
f 3116/4/4539 3114/49/4595 3123/80/4596
f 3116/4/4539 3132/50/4597 3125/6/4540
f 3125/6/4540 3141/51/4598 3134/8/4542
f 3134/8/4542 3150/52/4599 3143/10/4544
f 3143/10/4544 3159/53/4600 3152/12/4546
f 3161/16/4549 3159/53/4600 3168/55/4601
f 3098/54/4536 3168/55/4601 3105/81/4594
f 3111/56/4602 3103/57/4603 3112/60/4604
f 3120/59/4605 3112/60/4604 3121/62/4606
f 3129/61/4607 3121/62/4606 3130/64/4608
f 3138/63/4609 3130/64/4608 3139/66/4610
f 3147/65/4611 3139/66/4610 3148/68/4612
f 3156/67/4613 3148/68/4612 3157/70/4614
f 3165/69/4615 3157/70/4614 3166/72/4616
f 3102/71/4617 3166/72/4616 3103/78/4603
f 3112/60/4618 3104/73/4619 3113/74/4620
f 3121/62/4621 3113/74/4620 3122/44/4622
f 3121/62/4621 3131/75/4623 3130/64/4624
f 3130/64/4624 3140/76/4625 3139/66/4626
f 3139/66/4626 3149/43/4627 3148/68/4628
f 3148/68/4628 3158/77/4629 3157/70/4630
f 3166/72/4631 3158/77/4629 3167/79/4632
f 3103/78/4633 3167/79/4632 3104/45/4619
f 3145/39/4634 3118/36/4634 3136/38/4634
f 3114/49/4595 3102/58/4635 3111/56/4636
f 3114/49/4595 3120/59/4637 3123/80/4596
f 3123/80/4596 3129/61/4638 3132/50/4597
f 3132/50/4597 3138/63/4639 3141/51/4598
f 3141/51/4598 3147/65/4640 3150/52/4599
f 3150/52/4599 3156/67/4641 3159/53/4600
f 3168/55/4601 3156/67/4641 3165/69/4642
f 3105/81/4594 3165/69/4642 3102/71/4635
f 3182/1/4643 3170/2/4644 3173/3/4645
f 3188/4/4646 3182/1/4643 3191/5/4647
f 3197/6/4648 3191/5/4647 3200/7/4649
f 3206/8/4650 3200/7/4649 3209/9/4651
f 3215/10/4652 3209/9/4651 3218/11/4653
f 3224/12/4654 3218/11/4653 3227/13/4655
f 3236/14/4656 3224/12/4654 3227/13/4655
f 3173/15/4645 3233/16/4657 3236/14/4656
f 3178/17/4658 3171/18/4659 3180/19/4660
f 3187/20/4661 3180/19/4660 3189/21/4662
f 3196/22/4663 3189/21/4662 3198/23/4664
f 3205/24/4665 3198/23/4664 3207/25/4666
f 3214/26/4667 3207/25/4666 3216/27/4668
f 3223/28/4669 3216/27/4668 3225/29/4670
f 3232/30/4671 3225/29/4670 3234/31/4672
f 3169/32/4673 3234/31/4672 3171/33/4659
f 3181/34/4674 3171/18/4675 3172/35/4676
f 3190/36/4677 3180/19/4678 3181/34/4674
f 3198/23/4679 3190/36/4677 3199/37/4680
f 3207/25/4681 3199/37/4680 3208/38/4682
f 3216/27/4683 3208/38/4682 3217/39/4684
f 3225/29/4685 3217/39/4684 3226/40/4686
f 3235/41/4687 3225/29/4685 3226/40/4686
f 3172/42/4676 3234/31/4688 3235/41/4687
f 3248/45/4689 3293/43/4689 3275/75/4690
f 3178/17/4691 3173/3/4645 3169/46/4692
f 3187/20/4693 3182/1/4643 3178/17/4691
f 3196/22/4694 3191/5/4647 3187/20/4693
f 3205/24/4695 3200/7/4649 3196/22/4694
f 3214/26/4696 3209/9/4651 3205/24/4695
f 3223/28/4697 3218/11/4653 3214/26/4696
f 3232/30/4698 3227/13/4655 3223/28/4697
f 3169/32/4692 3236/14/4656 3232/30/4698
f 3179/47/4699 3177/48/4700 3170/2/4644
f 3188/4/4646 3186/49/4701 3179/47/4699
f 3204/50/4702 3188/4/4646 3197/6/4648
f 3213/51/4703 3197/6/4648 3206/8/4650
f 3222/52/4704 3206/8/4650 3215/10/4652
f 3231/53/4705 3215/10/4652 3224/12/4654
f 3233/16/4657 3231/53/4705 3224/12/4654
f 3170/54/4644 3240/55/4706 3233/16/4657
f 3183/56/4707 3175/57/4708 3174/58/4709
f 3192/59/4710 3184/60/4711 3183/56/4707
f 3201/61/4712 3193/62/4713 3192/59/4710
f 3210/63/4714 3202/64/4715 3201/61/4712
f 3219/65/4716 3211/66/4717 3210/63/4714
f 3228/67/4718 3220/68/4719 3219/65/4716
f 3237/69/4720 3229/70/4721 3228/67/4718
f 3174/71/4709 3238/72/4722 3237/69/4720
f 3184/60/4723 3176/73/4724 3175/57/4725
f 3193/62/4726 3185/74/4727 3184/60/4723
f 3203/75/4728 3193/62/4726 3202/64/4729
f 3212/76/4730 3202/64/4729 3211/66/4731
f 3221/43/4732 3211/66/4731 3220/68/4733
f 3230/77/4734 3220/68/4733 3229/70/4735
f 3238/72/4736 3230/77/4734 3229/70/4735
f 3175/78/4725 3239/79/4737 3238/72/4736
f 3235/41/4738 3217/39/4738 3199/37/4738
f 3186/49/4701 3174/58/4739 3177/48/4700
f 3192/59/4740 3186/49/4701 3195/80/4741
f 3201/61/4742 3195/80/4741 3204/50/4702
f 3210/63/4743 3204/50/4702 3213/51/4703
f 3219/65/4744 3213/51/4703 3222/52/4704
f 3228/67/4745 3222/52/4704 3231/53/4705
f 3240/55/4706 3228/67/4745 3231/53/4705
f 3177/81/4700 3237/69/4746 3240/55/4706
f 3254/1/4747 3242/2/4748 3251/47/4749
f 3263/5/4750 3251/47/4749 3260/4/4751
f 3263/5/4750 3269/6/4752 3272/7/4753
f 3272/7/4753 3278/8/4754 3281/9/4755
f 3281/9/4755 3287/10/4756 3290/11/4757
f 3290/11/4757 3296/12/4758 3299/13/4759
f 3308/14/4760 3296/12/4758 3305/16/4761
f 3245/15/4762 3305/16/4761 3242/54/4748
f 3243/18/4763 3250/17/4764 3252/19/4765
f 3252/19/4765 3259/20/4766 3261/21/4767
f 3261/21/4767 3268/22/4768 3270/23/4769
f 3270/23/4769 3277/24/4770 3279/25/4771
f 3279/25/4771 3286/26/4772 3288/27/4773
f 3288/27/4773 3295/28/4774 3297/29/4775
f 3297/29/4775 3304/30/4776 3306/31/4777
f 3306/31/4777 3241/32/4778 3243/33/4763
f 3253/34/4779 3243/18/4780 3252/19/4781
f 3262/36/4782 3252/19/4781 3261/21/4783
f 3262/36/4782 3270/23/4784 3271/37/4785
f 3271/37/4785 3279/25/4786 3280/38/4787
f 3280/38/4787 3288/27/4788 3289/39/4789
f 3289/39/4789 3297/29/4790 3298/40/4791
f 3307/41/4792 3297/29/4790 3306/31/4793
f 3244/42/4794 3306/31/4793 3243/33/4780
f 3185/74/4795 3203/75/4796 3230/77/4795
f 3250/17/4797 3245/3/4762 3254/1/4747
f 3259/20/4798 3254/1/4747 3263/5/4750
f 3268/22/4799 3263/5/4750 3272/7/4753
f 3277/24/4800 3272/7/4753 3281/9/4755
f 3286/26/4801 3281/9/4755 3290/11/4757
f 3295/28/4802 3290/11/4757 3299/13/4759
f 3304/30/4803 3299/13/4759 3308/14/4760
f 3241/32/4804 3308/14/4760 3245/15/4762
f 3251/47/4749 3249/48/4805 3258/49/4806
f 3260/4/4751 3258/49/4806 3267/80/4807
f 3260/4/4751 3276/50/4808 3269/6/4752
f 3269/6/4752 3285/51/4809 3278/8/4754
f 3278/8/4754 3294/52/4810 3287/10/4756
f 3287/10/4756 3303/53/4811 3296/12/4758
f 3305/16/4761 3303/53/4811 3312/55/4812
f 3242/54/4748 3312/55/4812 3249/81/4805
f 3255/56/4813 3247/57/4814 3256/60/4815
f 3264/59/4816 3256/60/4815 3265/62/4817
f 3273/61/4818 3265/62/4817 3274/64/4819
f 3282/63/4820 3274/64/4819 3283/66/4821
f 3291/65/4822 3283/66/4821 3292/68/4823
f 3300/67/4824 3292/68/4823 3301/70/4825
f 3309/69/4826 3301/70/4825 3310/72/4827
f 3246/71/4828 3310/72/4827 3247/78/4814
f 3256/60/4829 3248/73/4830 3257/74/4831
f 3265/62/4832 3257/74/4831 3266/44/4833
f 3265/62/4832 3275/75/4834 3274/64/4835
f 3274/64/4835 3284/76/4836 3283/66/4837
f 3283/66/4837 3293/43/4838 3292/68/4839
f 3292/68/4839 3302/77/4840 3301/70/4841
f 3310/72/4842 3302/77/4840 3311/79/4843
f 3247/78/4844 3311/79/4843 3248/45/4830
f 3298/40/4845 3253/34/4845 3271/37/4845
f 3258/49/4806 3246/58/4846 3255/56/4847
f 3258/49/4806 3264/59/4848 3267/80/4807
f 3267/80/4807 3273/61/4849 3276/50/4808
f 3276/50/4808 3282/63/4850 3285/51/4809
f 3285/51/4809 3291/65/4851 3294/52/4810
f 3294/52/4810 3300/67/4852 3303/53/4811
f 3312/55/4812 3300/67/4852 3309/69/4853
f 3249/81/4805 3309/69/4853 3246/71/4846
f 3326/1/4854 3314/2/4855 3317/3/4856
f 3335/5/4857 3323/47/4858 3326/1/4854
f 3341/6/4859 3335/5/4857 3344/7/4860
f 3350/8/4861 3344/7/4860 3353/9/4862
f 3359/10/4863 3353/9/4862 3362/11/4864
f 3368/12/4865 3362/11/4864 3371/13/4866
f 3380/14/4867 3368/12/4865 3371/13/4866
f 3317/15/4856 3377/16/4868 3380/14/4867
f 3322/17/4869 3315/18/4870 3324/19/4871
f 3331/20/4872 3324/19/4871 3333/21/4873
f 3340/22/4874 3333/21/4873 3342/23/4875
f 3349/24/4876 3342/23/4875 3351/25/4877
f 3358/26/4878 3351/25/4877 3360/27/4879
f 3367/28/4880 3360/27/4879 3369/29/4881
f 3376/30/4882 3369/29/4881 3378/31/4883
f 3313/32/4884 3378/31/4883 3315/33/4870
f 3325/34/4885 3315/18/4886 3316/35/4887
f 3334/36/4888 3324/19/4889 3325/34/4885
f 3342/23/4890 3334/36/4888 3343/37/4891
f 3351/25/4892 3343/37/4891 3352/38/4893
f 3360/27/4894 3352/38/4893 3361/39/4895
f 3369/29/4896 3361/39/4895 3370/40/4897
f 3379/41/4898 3369/29/4896 3370/40/4897
f 3316/42/4887 3378/31/4899 3379/41/4898
f 3392/45/4900 3428/76/4901 3410/44/4900
f 3322/17/4902 3317/3/4856 3313/46/4903
f 3331/20/4904 3326/1/4854 3322/17/4902
f 3340/22/4905 3335/5/4857 3331/20/4904
f 3349/24/4906 3344/7/4860 3340/22/4905
f 3358/26/4907 3353/9/4862 3349/24/4906
f 3367/28/4908 3362/11/4864 3358/26/4907
f 3376/30/4909 3371/13/4866 3367/28/4908
f 3313/32/4903 3380/14/4867 3376/30/4909
f 3323/47/4858 3321/48/4910 3314/2/4855
f 3332/4/4911 3330/49/4912 3323/47/4858
f 3348/50/4913 3332/4/4911 3341/6/4859
f 3357/51/4914 3341/6/4859 3350/8/4861
f 3366/52/4915 3350/8/4861 3359/10/4863
f 3375/53/4916 3359/10/4863 3368/12/4865
f 3377/16/4868 3375/53/4916 3368/12/4865
f 3314/54/4855 3384/55/4917 3377/16/4868
f 3327/56/4918 3319/57/4919 3318/58/4920
f 3336/59/4921 3328/60/4922 3327/56/4918
f 3345/61/4923 3337/62/4924 3336/59/4921
f 3354/63/4925 3346/64/4926 3345/61/4923
f 3363/65/4927 3355/66/4928 3354/63/4925
f 3372/67/4929 3364/68/4930 3363/65/4927
f 3381/69/4931 3373/70/4932 3372/67/4929
f 3318/71/4920 3382/72/4933 3381/69/4931
f 3328/60/4934 3320/73/4935 3319/57/4936
f 3337/62/4937 3329/74/4938 3328/60/4934
f 3347/75/4939 3337/62/4937 3346/64/4940
f 3356/76/4941 3346/64/4940 3355/66/4942
f 3365/43/4943 3355/66/4942 3364/68/4944
f 3374/77/4945 3364/68/4944 3373/70/4946
f 3382/72/4947 3374/77/4945 3373/70/4946
f 3319/78/4936 3383/79/4948 3382/72/4947
f 3343/37/4949 3334/36/4950 3325/34/4949
f 3330/49/4912 3318/58/4951 3321/48/4910
f 3336/59/4952 3330/49/4912 3339/80/4953
f 3345/61/4954 3339/80/4953 3348/50/4913
f 3354/63/4955 3348/50/4913 3357/51/4914
f 3363/65/4956 3357/51/4914 3366/52/4915
f 3372/67/4957 3366/52/4915 3375/53/4916
f 3384/55/4917 3372/67/4957 3375/53/4916
f 3321/81/4910 3381/69/4958 3384/55/4917
f 3398/1/4959 3386/2/4960 3395/47/4961
f 3398/1/4959 3404/4/4962 3407/5/4963
f 3407/5/4963 3413/6/4964 3416/7/4965
f 3416/7/4965 3422/8/4966 3425/9/4967
f 3425/9/4967 3431/10/4968 3434/11/4969
f 3434/11/4969 3440/12/4970 3443/13/4971
f 3452/14/4972 3440/12/4970 3449/16/4973
f 3389/15/4974 3449/16/4973 3386/54/4960
f 3387/18/4975 3394/17/4976 3396/19/4977
f 3396/19/4977 3403/20/4978 3405/21/4979
f 3405/21/4979 3412/22/4980 3414/23/4981
f 3414/23/4981 3421/24/4982 3423/25/4983
f 3423/25/4983 3430/26/4984 3432/27/4985
f 3432/27/4985 3439/28/4986 3441/29/4987
f 3441/29/4987 3448/30/4988 3450/31/4989
f 3450/31/4989 3385/32/4990 3387/33/4975
f 3397/34/4991 3387/18/4992 3396/19/4993
f 3406/36/4994 3396/19/4993 3405/21/4995
f 3406/36/4994 3414/23/4996 3415/37/4997
f 3415/37/4997 3423/25/4998 3424/38/4999
f 3424/38/4999 3432/27/5000 3433/39/5001
f 3433/39/5001 3441/29/5002 3442/40/5003
f 3451/41/5004 3441/29/5002 3450/31/5005
f 3388/42/5006 3450/31/5005 3387/33/4992
f 3383/79/5007 3320/73/5008 3329/74/5007
f 3394/17/5009 3389/3/4974 3398/1/4959
f 3403/20/5010 3398/1/4959 3407/5/4963
f 3412/22/5011 3407/5/4963 3416/7/4965
f 3421/24/5012 3416/7/4965 3425/9/4967
f 3430/26/5013 3425/9/4967 3434/11/4969
f 3439/28/5014 3434/11/4969 3443/13/4971
f 3448/30/5015 3443/13/4971 3452/14/4972
f 3385/32/5016 3452/14/4972 3389/15/4974
f 3395/47/4961 3393/48/5017 3402/49/5018
f 3404/4/4962 3402/49/5018 3411/80/5019
f 3404/4/4962 3420/50/5020 3413/6/4964
f 3413/6/4964 3429/51/5021 3422/8/4966
f 3422/8/4966 3438/52/5022 3431/10/4968
f 3431/10/4968 3447/53/5023 3440/12/4970
f 3449/16/4973 3447/53/5023 3456/55/5024
f 3386/54/4960 3456/55/5024 3393/81/5017
f 3399/56/5025 3391/57/5026 3400/60/5027
f 3408/59/5028 3400/60/5027 3409/62/5029
f 3417/61/5030 3409/62/5029 3418/64/5031
f 3426/63/5032 3418/64/5031 3427/66/5033
f 3435/65/5034 3427/66/5033 3436/68/5035
f 3444/67/5036 3436/68/5035 3445/70/5037
f 3453/69/5038 3445/70/5037 3454/72/5039
f 3390/71/5040 3454/72/5039 3391/78/5026
f 3400/60/5041 3392/73/5042 3401/74/5043
f 3409/62/5044 3401/74/5043 3410/44/5045
f 3409/62/5044 3419/75/5046 3418/64/5047
f 3418/64/5047 3428/76/5048 3427/66/5049
f 3427/66/5049 3437/43/5050 3436/68/5051
f 3436/68/5051 3446/77/5052 3445/70/5053
f 3454/72/5054 3446/77/5052 3455/79/5055
f 3391/78/5056 3455/79/5055 3392/45/5042
f 3424/38/5057 3433/39/5057 3397/34/5057
f 3402/49/5018 3390/58/5058 3399/56/5059
f 3402/49/5018 3408/59/5060 3411/80/5019
f 3411/80/5019 3417/61/5061 3420/50/5020
f 3420/50/5020 3426/63/5062 3429/51/5021
f 3429/51/5021 3435/65/5063 3438/52/5022
f 3438/52/5022 3444/67/5064 3447/53/5023
f 3456/55/5024 3444/67/5064 3453/69/5065
f 3393/81/5017 3453/69/5065 3390/71/5058
f 3470/1/5066 3458/2/5067 3461/3/5068
f 3479/5/5069 3467/47/5070 3470/1/5066
f 3485/6/5071 3479/5/5069 3488/7/5072
f 3494/8/5073 3488/7/5072 3497/9/5074
f 3503/10/5075 3497/9/5074 3506/11/5076
f 3512/12/5077 3506/11/5076 3515/13/5078
f 3524/14/5079 3512/12/5077 3515/13/5078
f 3461/15/5068 3521/16/5080 3524/14/5079
f 3466/17/5081 3459/18/5082 3468/19/5083
f 3475/20/5084 3468/19/5083 3477/21/5085
f 3484/22/5086 3477/21/5085 3486/23/5087
f 3493/24/5088 3486/23/5087 3495/25/5089
f 3502/26/5090 3495/25/5089 3504/27/5091
f 3511/28/5092 3504/27/5091 3513/29/5093
f 3520/30/5094 3513/29/5093 3522/31/5095
f 3457/32/5096 3522/31/5095 3459/33/5082
f 3469/34/5097 3459/18/5098 3460/35/5099
f 3478/36/5100 3468/19/5101 3469/34/5097
f 3486/23/5102 3478/36/5100 3487/37/5103
f 3495/25/5104 3487/37/5103 3496/38/5105
f 3504/27/5106 3496/38/5105 3505/39/5107
f 3513/29/5108 3505/39/5107 3514/40/5109
f 3523/41/5110 3513/29/5108 3514/40/5109
f 3460/42/5099 3522/31/5111 3523/41/5110
f 3581/43/5112 3563/75/5113 3545/74/5113
f 3466/17/5114 3461/3/5068 3457/46/5115
f 3475/20/5116 3470/1/5066 3466/17/5114
f 3484/22/5117 3479/5/5069 3475/20/5116
f 3493/24/5118 3488/7/5072 3484/22/5117
f 3502/26/5119 3497/9/5074 3493/24/5118
f 3511/28/5120 3506/11/5076 3502/26/5119
f 3520/30/5121 3515/13/5078 3511/28/5120
f 3457/32/5115 3524/14/5079 3520/30/5121
f 3467/47/5070 3465/48/5122 3458/2/5067
f 3476/4/5123 3474/49/5124 3467/47/5070
f 3492/50/5125 3476/4/5123 3485/6/5071
f 3501/51/5126 3485/6/5071 3494/8/5073
f 3510/52/5127 3494/8/5073 3503/10/5075
f 3519/53/5128 3503/10/5075 3512/12/5077
f 3521/16/5080 3519/53/5128 3512/12/5077
f 3458/54/5067 3528/55/5129 3521/16/5080
f 3471/56/5130 3463/57/5131 3462/58/5132
f 3480/59/5133 3472/60/5134 3471/56/5130
f 3489/61/5135 3481/62/5136 3480/59/5133
f 3498/63/5137 3490/64/5138 3489/61/5135
f 3507/65/5139 3499/66/5140 3498/63/5137
f 3516/67/5141 3508/68/5142 3507/65/5139
f 3525/69/5143 3517/70/5144 3516/67/5141
f 3462/71/5132 3526/72/5145 3525/69/5143
f 3472/60/5146 3464/73/5147 3463/57/5148
f 3481/62/5149 3473/74/5150 3472/60/5146
f 3491/75/5151 3481/62/5149 3490/64/5152
f 3500/76/5153 3490/64/5152 3499/66/5154
f 3509/43/5155 3499/66/5154 3508/68/5156
f 3518/77/5157 3508/68/5156 3517/70/5158
f 3526/72/5159 3518/77/5157 3517/70/5158
f 3463/78/5148 3527/79/5160 3526/72/5159
f 3487/37/5161 3478/36/5161 3469/34/5161
f 3474/49/5124 3462/58/5162 3465/48/5122
f 3480/59/5163 3474/49/5124 3483/80/5164
f 3489/61/5165 3483/80/5164 3492/50/5125
f 3498/63/5166 3492/50/5125 3501/51/5126
f 3507/65/5167 3501/51/5126 3510/52/5127
f 3516/67/5168 3510/52/5127 3519/53/5128
f 3528/55/5129 3516/67/5168 3519/53/5128
f 3465/81/5122 3525/69/5169 3528/55/5129
f 3542/1/5170 3530/2/5171 3539/47/5172
f 3551/5/5173 3539/47/5172 3548/4/5174
f 3551/5/5173 3557/6/5175 3560/7/5176
f 3560/7/5176 3566/8/5177 3569/9/5178
f 3569/9/5178 3575/10/5179 3578/11/5180
f 3578/11/5180 3584/12/5181 3587/13/5182
f 3596/14/5183 3584/12/5181 3593/16/5184
f 3533/15/5185 3593/16/5184 3530/54/5171
f 3531/18/5186 3538/17/5187 3540/19/5188
f 3540/19/5188 3547/20/5189 3549/21/5190
f 3549/21/5190 3556/22/5191 3558/23/5192
f 3558/23/5192 3565/24/5193 3567/25/5194
f 3567/25/5194 3574/26/5195 3576/27/5196
f 3576/27/5196 3583/28/5197 3585/29/5198
f 3585/29/5198 3592/30/5199 3594/31/5200
f 3594/31/5200 3529/32/5201 3531/33/5186
f 3541/34/5202 3531/18/5203 3540/19/5204
f 3550/36/5205 3540/19/5204 3549/21/5206
f 3550/36/5205 3558/23/5207 3559/37/5208
f 3559/37/5208 3567/25/5209 3568/38/5210
f 3568/38/5210 3576/27/5211 3577/39/5212
f 3577/39/5212 3585/29/5213 3586/40/5214
f 3595/41/5215 3585/29/5213 3594/31/5216
f 3532/42/5217 3594/31/5216 3531/33/5203
f 3527/79/5218 3464/73/5218 3473/74/5218
f 3538/17/5219 3533/3/5185 3542/1/5170
f 3547/20/5220 3542/1/5170 3551/5/5173
f 3556/22/5221 3551/5/5173 3560/7/5176
f 3565/24/5222 3560/7/5176 3569/9/5178
f 3574/26/5223 3569/9/5178 3578/11/5180
f 3583/28/5224 3578/11/5180 3587/13/5182
f 3592/30/5225 3587/13/5182 3596/14/5183
f 3529/32/5226 3596/14/5183 3533/15/5185
f 3539/47/5172 3537/48/5227 3546/49/5228
f 3548/4/5174 3546/49/5228 3555/80/5229
f 3548/4/5174 3564/50/5230 3557/6/5175
f 3557/6/5175 3573/51/5231 3566/8/5177
f 3566/8/5177 3582/52/5232 3575/10/5179
f 3575/10/5179 3591/53/5233 3584/12/5181
f 3593/16/5184 3591/53/5233 3600/55/5234
f 3530/54/5171 3600/55/5234 3537/81/5227
f 3543/56/5235 3535/57/5236 3544/60/5237
f 3552/59/5238 3544/60/5237 3553/62/5239
f 3561/61/5240 3553/62/5239 3562/64/5241
f 3570/63/5242 3562/64/5241 3571/66/5243
f 3579/65/5244 3571/66/5243 3580/68/5245
f 3588/67/5246 3580/68/5245 3589/70/5247
f 3597/69/5248 3589/70/5247 3598/72/5249
f 3534/71/5250 3598/72/5249 3535/78/5236
f 3544/60/5251 3536/73/5252 3545/74/5253
f 3553/62/5254 3545/74/5253 3554/44/5255
f 3553/62/5254 3563/75/5256 3562/64/5257
f 3562/64/5257 3572/76/5258 3571/66/5259
f 3571/66/5259 3581/43/5260 3580/68/5261
f 3580/68/5261 3590/77/5262 3589/70/5263
f 3598/72/5264 3590/77/5262 3599/79/5265
f 3535/78/5266 3599/79/5265 3536/45/5252
f 3595/41/5267 3541/34/5267 3559/37/5267
f 3546/49/5228 3534/58/5268 3543/56/5269
f 3546/49/5228 3552/59/5270 3555/80/5229
f 3555/80/5229 3561/61/5271 3564/50/5230
f 3564/50/5230 3570/63/5272 3573/51/5231
f 3573/51/5231 3579/65/5273 3582/52/5232
f 3582/52/5232 3588/67/5274 3591/53/5233
f 3600/55/5234 3588/67/5274 3597/69/5275
f 3537/81/5227 3597/69/5275 3534/71/5268
f 3614/1/5276 3602/2/5277 3605/3/5278
f 3623/5/5279 3611/47/5280 3614/1/5276
f 3629/6/5281 3623/5/5279 3632/7/5282
f 3638/8/5283 3632/7/5282 3641/9/5284
f 3647/10/5285 3641/9/5284 3650/11/5286
f 3656/12/5287 3650/11/5286 3659/13/5288
f 3668/14/5289 3656/12/5287 3659/13/5288
f 3605/15/5278 3665/16/5290 3668/14/5289
f 3610/17/5291 3603/18/5292 3612/19/5293
f 3619/20/5294 3612/19/5293 3621/21/5295
f 3628/22/5296 3621/21/5295 3630/23/5297
f 3637/24/5298 3630/23/5297 3639/25/5299
f 3646/26/5300 3639/25/5299 3648/27/5301
f 3655/28/5302 3648/27/5301 3657/29/5303
f 3664/30/5304 3657/29/5303 3666/31/5305
f 3601/32/5306 3666/31/5305 3603/33/5292
f 3613/34/5307 3603/18/5308 3604/35/5309
f 3622/36/5310 3612/19/5311 3613/34/5307
f 3630/23/5312 3622/36/5310 3631/37/5313
f 3639/25/5314 3631/37/5313 3640/38/5315
f 3648/27/5316 3640/38/5315 3649/39/5317
f 3657/29/5318 3649/39/5317 3658/40/5319
f 3667/41/5320 3657/29/5318 3658/40/5319
f 3604/42/5309 3666/31/5321 3667/41/5320
f 3680/45/5322 3725/43/5323 3707/75/5324
f 3610/17/5325 3605/3/5278 3601/46/5326
f 3619/20/5327 3614/1/5276 3610/17/5325
f 3628/22/5328 3623/5/5279 3619/20/5327
f 3637/24/5329 3632/7/5282 3628/22/5328
f 3646/26/5330 3641/9/5284 3637/24/5329
f 3655/28/5331 3650/11/5286 3646/26/5330
f 3664/30/5332 3659/13/5288 3655/28/5331
f 3601/32/5326 3668/14/5289 3664/30/5332
f 3611/47/5280 3609/48/5333 3602/2/5277
f 3620/4/5334 3618/49/5335 3611/47/5280
f 3636/50/5336 3620/4/5334 3629/6/5281
f 3645/51/5337 3629/6/5281 3638/8/5283
f 3654/52/5338 3638/8/5283 3647/10/5285
f 3663/53/5339 3647/10/5285 3656/12/5287
f 3665/16/5290 3663/53/5339 3656/12/5287
f 3602/54/5277 3672/55/5340 3665/16/5290
f 3615/56/5341 3607/57/5342 3606/58/5343
f 3624/59/5344 3616/60/5345 3615/56/5341
f 3633/61/5346 3625/62/5347 3624/59/5344
f 3642/63/5348 3634/64/5349 3633/61/5346
f 3651/65/5350 3643/66/5351 3642/63/5348
f 3660/67/5352 3652/68/5353 3651/65/5350
f 3669/69/5354 3661/70/5355 3660/67/5352
f 3606/71/5343 3670/72/5356 3669/69/5354
f 3616/60/5357 3608/73/5358 3607/57/5359
f 3625/62/5360 3617/74/5361 3616/60/5357
f 3635/75/5362 3625/62/5360 3634/64/5363
f 3644/76/5364 3634/64/5363 3643/66/5365
f 3653/43/5366 3643/66/5365 3652/68/5367
f 3662/77/5368 3652/68/5367 3661/70/5369
f 3670/72/5370 3662/77/5368 3661/70/5369
f 3607/78/5359 3671/79/5371 3670/72/5370
f 3649/39/5372 3631/37/5372 3613/34/5372
f 3618/49/5335 3606/58/5373 3609/48/5333
f 3624/59/5374 3618/49/5335 3627/80/5375
f 3633/61/5376 3627/80/5375 3636/50/5336
f 3642/63/5377 3636/50/5336 3645/51/5337
f 3651/65/5378 3645/51/5337 3654/52/5338
f 3660/67/5379 3654/52/5338 3663/53/5339
f 3672/55/5340 3660/67/5379 3663/53/5339
f 3609/81/5333 3669/69/5380 3672/55/5340
f 3686/1/5381 3674/2/5382 3683/47/5383
f 3695/5/5384 3683/47/5383 3692/4/5385
f 3695/5/5384 3701/6/5386 3704/7/5387
f 3704/7/5387 3710/8/5388 3713/9/5389
f 3713/9/5389 3719/10/5390 3722/11/5391
f 3722/11/5391 3728/12/5392 3731/13/5393
f 3740/14/5394 3728/12/5392 3737/16/5395
f 3677/15/5396 3737/16/5395 3674/54/5382
f 3675/18/5397 3682/17/5398 3684/19/5399
f 3684/19/5399 3691/20/5400 3693/21/5401
f 3693/21/5401 3700/22/5402 3702/23/5403
f 3702/23/5403 3709/24/5404 3711/25/5405
f 3711/25/5405 3718/26/5406 3720/27/5407
f 3720/27/5407 3727/28/5408 3729/29/5409
f 3729/29/5409 3736/30/5410 3738/31/5411
f 3738/31/5411 3673/32/5412 3675/33/5397
f 3685/34/5413 3675/18/5414 3684/19/5415
f 3694/36/5416 3684/19/5415 3693/21/5417
f 3694/36/5416 3702/23/5418 3703/37/5419
f 3703/37/5419 3711/25/5420 3712/38/5421
f 3712/38/5421 3720/27/5422 3721/39/5423
f 3721/39/5423 3729/29/5424 3730/40/5425
f 3739/41/5426 3729/29/5424 3738/31/5427
f 3676/42/5428 3738/31/5427 3675/33/5414
f 3626/44/5429 3653/43/5430 3671/79/5430
f 3682/17/5431 3677/3/5396 3686/1/5381
f 3691/20/5432 3686/1/5381 3695/5/5384
f 3700/22/5433 3695/5/5384 3704/7/5387
f 3709/24/5434 3704/7/5387 3713/9/5389
f 3718/26/5435 3713/9/5389 3722/11/5391
f 3727/28/5436 3722/11/5391 3731/13/5393
f 3736/30/5437 3731/13/5393 3740/14/5394
f 3673/32/5438 3740/14/5394 3677/15/5396
f 3683/47/5383 3681/48/5439 3690/49/5440
f 3692/4/5385 3690/49/5440 3699/80/5441
f 3692/4/5385 3708/50/5442 3701/6/5386
f 3701/6/5386 3717/51/5443 3710/8/5388
f 3710/8/5388 3726/52/5444 3719/10/5390
f 3719/10/5390 3735/53/5445 3728/12/5392
f 3737/16/5395 3735/53/5445 3744/55/5446
f 3674/54/5382 3744/55/5446 3681/81/5439
f 3687/56/5447 3679/57/5448 3688/60/5449
f 3696/59/5450 3688/60/5449 3697/62/5451
f 3705/61/5452 3697/62/5451 3706/64/5453
f 3714/63/5454 3706/64/5453 3715/66/5455
f 3723/65/5456 3715/66/5455 3724/68/5457
f 3732/67/5458 3724/68/5457 3733/70/5459
f 3741/69/5460 3733/70/5459 3742/72/5461
f 3678/71/5462 3742/72/5461 3679/78/5448
f 3688/60/5463 3680/73/5464 3689/74/5465
f 3697/62/5466 3689/74/5465 3698/44/5467
f 3697/62/5466 3707/75/5468 3706/64/5469
f 3706/64/5469 3716/76/5470 3715/66/5471
f 3715/66/5471 3725/43/5472 3724/68/5473
f 3724/68/5473 3734/77/5474 3733/70/5475
f 3742/72/5476 3734/77/5474 3743/79/5477
f 3679/78/5478 3743/79/5477 3680/45/5464
f 3712/38/5479 3721/39/5480 3685/34/5480
f 3690/49/5440 3678/58/5481 3687/56/5482
f 3690/49/5440 3696/59/5483 3699/80/5441
f 3699/80/5441 3705/61/5484 3708/50/5442
f 3708/50/5442 3714/63/5485 3717/51/5443
f 3717/51/5443 3723/65/5486 3726/52/5444
f 3726/52/5444 3732/67/5487 3735/53/5445
f 3744/55/5446 3732/67/5487 3741/69/5488
f 3681/81/5439 3741/69/5488 3678/71/5481
f 3758/1/5489 3746/2/5490 3749/3/5491
f 3767/5/5492 3755/47/5493 3758/1/5489
f 3773/6/5494 3767/5/5492 3776/7/5495
f 3782/8/5496 3776/7/5495 3785/9/5497
f 3791/10/5498 3785/9/5497 3794/11/5499
f 3800/12/5500 3794/11/5499 3803/13/5501
f 3812/14/5502 3800/12/5500 3803/13/5501
f 3749/15/5491 3809/16/5503 3812/14/5502
f 3754/17/5504 3747/18/5505 3756/19/5506
f 3763/20/5507 3756/19/5506 3765/21/5508
f 3772/22/5509 3765/21/5508 3774/23/5510
f 3781/24/5511 3774/23/5510 3783/25/5512
f 3790/26/5513 3783/25/5512 3792/27/5514
f 3799/28/5515 3792/27/5514 3801/29/5516
f 3808/30/5517 3801/29/5516 3810/31/5518
f 3745/32/5519 3810/31/5518 3747/33/5505
f 3757/34/5520 3747/18/5521 3748/35/5522
f 3766/36/5523 3756/19/5524 3757/34/5520
f 3774/23/5525 3766/36/5523 3775/37/5526
f 3783/25/5527 3775/37/5526 3784/38/5528
f 3792/27/5529 3784/38/5528 3793/39/5530
f 3801/29/5531 3793/39/5530 3802/40/5532
f 3811/41/5533 3801/29/5531 3802/40/5532
f 3748/42/5522 3810/31/5534 3811/41/5533
f 3833/74/5535 3887/79/5535 3869/43/5536
f 3754/17/5537 3749/3/5491 3745/46/5538
f 3763/20/5539 3758/1/5489 3754/17/5537
f 3772/22/5540 3767/5/5492 3763/20/5539
f 3781/24/5541 3776/7/5495 3772/22/5540
f 3790/26/5542 3785/9/5497 3781/24/5541
f 3799/28/5543 3794/11/5499 3790/26/5542
f 3808/30/5544 3803/13/5501 3799/28/5543
f 3745/32/5538 3812/14/5502 3808/30/5544
f 3755/47/5493 3753/48/5545 3746/2/5490
f 3764/4/5546 3762/49/5547 3755/47/5493
f 3780/50/5548 3764/4/5546 3773/6/5494
f 3789/51/5549 3773/6/5494 3782/8/5496
f 3798/52/5550 3782/8/5496 3791/10/5498
f 3807/53/5551 3791/10/5498 3800/12/5500
f 3809/16/5503 3807/53/5551 3800/12/5500
f 3746/54/5490 3816/55/5552 3809/16/5503
f 3759/56/5553 3751/57/5554 3750/58/5555
f 3768/59/5556 3760/60/5557 3759/56/5553
f 3777/61/5558 3769/62/5559 3768/59/5556
f 3786/63/5560 3778/64/5561 3777/61/5558
f 3795/65/5562 3787/66/5563 3786/63/5560
f 3804/67/5564 3796/68/5565 3795/65/5562
f 3813/69/5566 3805/70/5567 3804/67/5564
f 3750/71/5555 3814/72/5568 3813/69/5566
f 3760/60/5569 3752/73/5570 3751/57/5571
f 3769/62/5572 3761/74/5573 3760/60/5569
f 3779/75/5574 3769/62/5572 3778/64/5575
f 3788/76/5576 3778/64/5575 3787/66/5577
f 3797/43/5578 3787/66/5577 3796/68/5579
f 3806/77/5580 3796/68/5579 3805/70/5581
f 3814/72/5582 3806/77/5580 3805/70/5581
f 3751/78/5571 3815/79/5583 3814/72/5582
f 3757/34/5584 3811/41/5584 3793/39/5584
f 3762/49/5547 3750/58/5585 3753/48/5545
f 3768/59/5586 3762/49/5547 3771/80/5587
f 3777/61/5588 3771/80/5587 3780/50/5548
f 3786/63/5589 3780/50/5548 3789/51/5549
f 3795/65/5590 3789/51/5549 3798/52/5550
f 3804/67/5591 3798/52/5550 3807/53/5551
f 3816/55/5552 3804/67/5591 3807/53/5551
f 3753/81/5545 3813/69/5592 3816/55/5552
f 3830/1/5593 3818/2/5594 3827/47/5595
f 3839/5/5596 3827/47/5595 3836/4/5597
f 3839/5/5596 3845/6/5598 3848/7/5599
f 3848/7/5599 3854/8/5600 3857/9/5601
f 3857/9/5601 3863/10/5602 3866/11/5603
f 3866/11/5603 3872/12/5604 3875/13/5605
f 3884/14/5606 3872/12/5604 3881/16/5607
f 3821/15/5608 3881/16/5607 3818/54/5594
f 3819/18/5609 3826/17/5610 3828/19/5611
f 3828/19/5611 3835/20/5612 3837/21/5613
f 3837/21/5613 3844/22/5614 3846/23/5615
f 3846/23/5615 3853/24/5616 3855/25/5617
f 3855/25/5617 3862/26/5618 3864/27/5619
f 3864/27/5619 3871/28/5620 3873/29/5621
f 3873/29/5621 3880/30/5622 3882/31/5623
f 3882/31/5623 3817/32/5624 3819/33/5609
f 3829/34/5625 3819/18/5626 3828/19/5627
f 3838/36/5628 3828/19/5627 3837/21/5629
f 3838/36/5628 3846/23/5630 3847/37/5631
f 3847/37/5631 3855/25/5632 3856/38/5633
f 3856/38/5633 3864/27/5634 3865/39/5635
f 3865/39/5635 3873/29/5636 3874/40/5637
f 3883/41/5638 3873/29/5636 3882/31/5639
f 3820/42/5640 3882/31/5639 3819/33/5626
f 3797/43/5641 3815/79/5642 3761/74/5642
f 3826/17/5643 3821/3/5608 3830/1/5593
f 3835/20/5644 3830/1/5593 3839/5/5596
f 3844/22/5645 3839/5/5596 3848/7/5599
f 3853/24/5646 3848/7/5599 3857/9/5601
f 3862/26/5647 3857/9/5601 3866/11/5603
f 3871/28/5648 3866/11/5603 3875/13/5605
f 3880/30/5649 3875/13/5605 3884/14/5606
f 3817/32/5650 3884/14/5606 3821/15/5608
f 3827/47/5595 3825/48/5651 3834/49/5652
f 3836/4/5597 3834/49/5652 3843/80/5653
f 3836/4/5597 3852/50/5654 3845/6/5598
f 3845/6/5598 3861/51/5655 3854/8/5600
f 3854/8/5600 3870/52/5656 3863/10/5602
f 3863/10/5602 3879/53/5657 3872/12/5604
f 3881/16/5607 3879/53/5657 3888/55/5658
f 3818/54/5594 3888/55/5658 3825/81/5651
f 3831/56/5659 3823/57/5660 3832/60/5661
f 3840/59/5662 3832/60/5661 3841/62/5663
f 3849/61/5664 3841/62/5663 3850/64/5665
f 3858/63/5666 3850/64/5665 3859/66/5667
f 3867/65/5668 3859/66/5667 3868/68/5669
f 3876/67/5670 3868/68/5669 3877/70/5671
f 3885/69/5672 3877/70/5671 3886/72/5673
f 3822/71/5674 3886/72/5673 3823/78/5660
f 3832/60/5675 3824/73/5676 3833/74/5677
f 3841/62/5678 3833/74/5677 3842/44/5679
f 3841/62/5678 3851/75/5680 3850/64/5681
f 3850/64/5681 3860/76/5682 3859/66/5683
f 3859/66/5683 3869/43/5684 3868/68/5685
f 3868/68/5685 3878/77/5686 3877/70/5687
f 3886/72/5688 3878/77/5686 3887/79/5689
f 3823/78/5690 3887/79/5689 3824/45/5676
f 3856/38/5691 3865/39/5691 3829/34/5691
f 3834/49/5652 3822/58/5692 3831/56/5693
f 3834/49/5652 3840/59/5694 3843/80/5653
f 3843/80/5653 3849/61/5695 3852/50/5654
f 3852/50/5654 3858/63/5696 3861/51/5655
f 3861/51/5655 3867/65/5697 3870/52/5656
f 3870/52/5656 3876/67/5698 3879/53/5657
f 3888/55/5658 3876/67/5698 3885/69/5699
f 3825/81/5651 3885/69/5699 3822/71/5692
f 3902/1/5700 3890/2/5701 3893/3/5702
f 3911/5/5703 3899/47/5704 3902/1/5700
f 3917/6/5705 3911/5/5703 3920/7/5706
f 3926/8/5707 3920/7/5706 3929/9/5708
f 3935/10/5709 3929/9/5708 3938/11/5710
f 3944/12/5711 3938/11/5710 3947/13/5712
f 3956/14/5713 3944/12/5711 3947/13/5712
f 3893/15/5702 3953/16/5714 3956/14/5713
f 3898/17/5715 3891/18/5716 3900/19/5717
f 3907/20/5718 3900/19/5717 3909/21/5719
f 3916/22/5720 3909/21/5719 3918/23/5721
f 3925/24/5722 3918/23/5721 3927/25/5723
f 3934/26/5724 3927/25/5723 3936/27/5725
f 3943/28/5726 3936/27/5725 3945/29/5727
f 3952/30/5728 3945/29/5727 3954/31/5729
f 3889/32/5730 3954/31/5729 3891/33/5716
f 3901/34/5731 3891/18/5732 3892/35/5733
f 3910/36/5734 3900/19/5735 3901/34/5731
f 3918/23/5736 3910/36/5734 3919/37/5737
f 3927/25/5738 3919/37/5737 3928/38/5739
f 3936/27/5740 3928/38/5739 3937/39/5741
f 3945/29/5742 3937/39/5741 3946/40/5743
f 3955/41/5744 3945/29/5742 3946/40/5743
f 3892/42/5733 3954/31/5745 3955/41/5744
f 4004/76/5746 3986/44/5747 3968/45/5748
f 3898/17/5749 3893/3/5702 3889/46/5750
f 3907/20/5751 3902/1/5700 3898/17/5749
f 3916/22/5752 3911/5/5703 3907/20/5751
f 3925/24/5753 3920/7/5706 3916/22/5752
f 3934/26/5754 3929/9/5708 3925/24/5753
f 3943/28/5755 3938/11/5710 3934/26/5754
f 3952/30/5756 3947/13/5712 3943/28/5755
f 3889/32/5750 3956/14/5713 3952/30/5756
f 3899/47/5704 3897/48/5757 3890/2/5701
f 3908/4/5758 3906/49/5759 3899/47/5704
f 3924/50/5760 3908/4/5758 3917/6/5705
f 3933/51/5761 3917/6/5705 3926/8/5707
f 3942/52/5762 3926/8/5707 3935/10/5709
f 3951/53/5763 3935/10/5709 3944/12/5711
f 3953/16/5714 3951/53/5763 3944/12/5711
f 3890/54/5701 3960/55/5764 3953/16/5714
f 3903/56/5765 3895/57/5766 3894/58/5767
f 3912/59/5768 3904/60/5769 3903/56/5765
f 3921/61/5770 3913/62/5771 3912/59/5768
f 3930/63/5772 3922/64/5773 3921/61/5770
f 3939/65/5774 3931/66/5775 3930/63/5772
f 3948/67/5776 3940/68/5777 3939/65/5774
f 3957/69/5778 3949/70/5779 3948/67/5776
f 3894/71/5767 3958/72/5780 3957/69/5778
f 3904/60/5781 3896/73/5782 3895/57/5783
f 3913/62/5784 3905/74/5785 3904/60/5781
f 3923/75/5786 3913/62/5784 3922/64/5787
f 3932/76/5788 3922/64/5787 3931/66/5789
f 3941/43/5790 3931/66/5789 3940/68/5791
f 3950/77/5792 3940/68/5791 3949/70/5793
f 3958/72/5794 3950/77/5792 3949/70/5793
f 3895/78/5783 3959/79/5795 3958/72/5794
f 3919/37/5796 3910/36/5797 3901/34/5796
f 3906/49/5759 3894/58/5798 3897/48/5757
f 3912/59/5799 3906/49/5759 3915/80/5800
f 3921/61/5801 3915/80/5800 3924/50/5760
f 3930/63/5802 3924/50/5760 3933/51/5761
f 3939/65/5803 3933/51/5761 3942/52/5762
f 3948/67/5804 3942/52/5762 3951/53/5763
f 3960/55/5764 3948/67/5804 3951/53/5763
f 3897/81/5757 3957/69/5805 3960/55/5764
f 3974/1/5806 3962/2/5807 3971/47/5808
f 3983/5/5809 3971/47/5808 3980/4/5810
f 3983/5/5809 3989/6/5811 3992/7/5812
f 3992/7/5812 3998/8/5813 4001/9/5814
f 4001/9/5814 4007/10/5815 4010/11/5816
f 4010/11/5816 4016/12/5817 4019/13/5818
f 4028/14/5819 4016/12/5817 4025/16/5820
f 3965/15/5821 4025/16/5820 3962/54/5807
f 3963/18/5822 3970/17/5823 3972/19/5824
f 3972/19/5824 3979/20/5825 3981/21/5826
f 3981/21/5826 3988/22/5827 3990/23/5828
f 3990/23/5828 3997/24/5829 3999/25/5830
f 3999/25/5830 4006/26/5831 4008/27/5832
f 4008/27/5832 4015/28/5833 4017/29/5834
f 4017/29/5834 4024/30/5835 4026/31/5836
f 4026/31/5836 3961/32/5837 3963/33/5822
f 3973/34/5838 3963/18/5839 3972/19/5840
f 3982/36/5841 3972/19/5840 3981/21/5842
f 3982/36/5841 3990/23/5843 3991/37/5844
f 3991/37/5844 3999/25/5845 4000/38/5846
f 4000/38/5846 4008/27/5847 4009/39/5848
f 4009/39/5848 4017/29/5849 4018/40/5850
f 4027/41/5851 4017/29/5849 4026/31/5852
f 3964/42/5853 4026/31/5852 3963/33/5839
f 3905/74/5854 3923/75/5855 3941/43/5855
f 3970/17/5856 3965/3/5821 3974/1/5806
f 3979/20/5857 3974/1/5806 3983/5/5809
f 3988/22/5858 3983/5/5809 3992/7/5812
f 3997/24/5859 3992/7/5812 4001/9/5814
f 4006/26/5860 4001/9/5814 4010/11/5816
f 4015/28/5861 4010/11/5816 4019/13/5818
f 4024/30/5862 4019/13/5818 4028/14/5819
f 3961/32/5863 4028/14/5819 3965/15/5821
f 3971/47/5808 3969/48/5864 3978/49/5865
f 3980/4/5810 3978/49/5865 3987/80/5866
f 3980/4/5810 3996/50/5867 3989/6/5811
f 3989/6/5811 4005/51/5868 3998/8/5813
f 3998/8/5813 4014/52/5869 4007/10/5815
f 4007/10/5815 4023/53/5870 4016/12/5817
f 4025/16/5820 4023/53/5870 4032/55/5871
f 3962/54/5807 4032/55/5871 3969/81/5864
f 3975/56/5872 3967/57/5873 3976/60/5874
f 3984/59/5875 3976/60/5874 3985/62/5876
f 3993/61/5877 3985/62/5876 3994/64/5878
f 4002/63/5879 3994/64/5878 4003/66/5880
f 4011/65/5881 4003/66/5880 4012/68/5882
f 4020/67/5883 4012/68/5882 4021/70/5884
f 4029/69/5885 4021/70/5884 4030/72/5886
f 3966/71/5887 4030/72/5886 3967/78/5873
f 3976/60/5888 3968/73/5889 3977/74/5890
f 3985/62/5891 3977/74/5890 3986/44/5892
f 3985/62/5891 3995/75/5893 3994/64/5894
f 3994/64/5894 4004/76/5895 4003/66/5896
f 4003/66/5896 4013/43/5897 4012/68/5898
f 4012/68/5898 4022/77/5899 4021/70/5900
f 4030/72/5901 4022/77/5899 4031/79/5902
f 3967/78/5903 4031/79/5902 3968/45/5889
f 4000/38/5904 4009/39/5904 3973/34/5904
f 3978/49/5865 3966/58/5905 3975/56/5906
f 3978/49/5865 3984/59/5907 3987/80/5866
f 3987/80/5866 3993/61/5908 3996/50/5867
f 3996/50/5867 4002/63/5909 4005/51/5868
f 4005/51/5868 4011/65/5910 4014/52/5869
f 4014/52/5869 4020/67/5911 4023/53/5870
f 4032/55/5871 4020/67/5911 4029/69/5912
f 3969/81/5864 4029/69/5912 3966/71/5905
f 4046/1/5913 4034/2/5914 4037/3/5915
f 4055/5/5916 4043/47/5917 4046/1/5913
f 4061/6/5918 4055/5/5916 4064/7/5919
f 4070/8/5920 4064/7/5919 4073/9/5921
f 4079/10/5922 4073/9/5921 4082/11/5923
f 4088/12/5924 4082/11/5923 4091/13/5925
f 4100/14/5926 4088/12/5924 4091/13/5925
f 4037/15/5915 4097/16/5927 4100/14/5926
f 4042/17/5928 4035/18/5929 4044/19/5930
f 4051/20/5931 4044/19/5930 4053/21/5932
f 4060/22/5933 4053/21/5932 4062/23/5934
f 4069/24/5935 4062/23/5934 4071/25/5936
f 4078/26/5937 4071/25/5936 4080/27/5938
f 4087/28/5939 4080/27/5938 4089/29/5940
f 4096/30/5941 4089/29/5940 4098/31/5942
f 4033/32/5943 4098/31/5942 4035/33/5929
f 4045/34/5944 4035/18/5945 4036/35/5946
f 4054/36/5947 4044/19/5948 4045/34/5944
f 4062/23/5949 4054/36/5947 4063/37/5950
f 4071/25/5951 4063/37/5950 4072/38/5952
f 4080/27/5953 4072/38/5952 4081/39/5954
f 4089/29/5955 4081/39/5954 4090/40/5956
f 4099/41/5957 4089/29/5955 4090/40/5956
f 4036/42/5946 4098/31/5958 4099/41/5957
f 4157/43/5959 4139/75/5959 4121/74/5960
f 4042/17/5961 4037/3/5915 4033/46/5962
f 4051/20/5963 4046/1/5913 4042/17/5961
f 4060/22/5964 4055/5/5916 4051/20/5963
f 4069/24/5965 4064/7/5919 4060/22/5964
f 4078/26/5966 4073/9/5921 4069/24/5965
f 4087/28/5967 4082/11/5923 4078/26/5966
f 4096/30/5968 4091/13/5925 4087/28/5967
f 4033/32/5962 4100/14/5926 4096/30/5968
f 4043/47/5917 4041/48/5969 4034/2/5914
f 4052/4/5970 4050/49/5971 4043/47/5917
f 4068/50/5972 4052/4/5970 4061/6/5918
f 4077/51/5973 4061/6/5918 4070/8/5920
f 4086/52/5974 4070/8/5920 4079/10/5922
f 4095/53/5975 4079/10/5922 4088/12/5924
f 4097/16/5927 4095/53/5975 4088/12/5924
f 4034/54/5914 4104/55/5976 4097/16/5927
f 4047/56/5977 4039/57/5978 4038/58/5979
f 4056/59/5980 4048/60/5981 4047/56/5977
f 4065/61/5982 4057/62/5983 4056/59/5980
f 4074/63/5984 4066/64/5985 4065/61/5982
f 4083/65/5986 4075/66/5987 4074/63/5984
f 4092/67/5988 4084/68/5989 4083/65/5986
f 4101/69/5990 4093/70/5991 4092/67/5988
f 4038/71/5979 4102/72/5992 4101/69/5990
f 4048/60/5993 4040/73/5994 4039/57/5995
f 4057/62/5996 4049/74/5997 4048/60/5993
f 4067/75/5998 4057/62/5996 4066/64/5999
f 4076/76/6000 4066/64/5999 4075/66/6001
f 4085/43/6002 4075/66/6001 4084/68/6003
f 4094/77/6004 4084/68/6003 4093/70/6005
f 4102/72/6006 4094/77/6004 4093/70/6005
f 4039/78/5995 4103/79/6007 4102/72/6006
f 4081/39/6008 4054/36/6008 4036/42/6008
f 4050/49/5971 4038/58/6009 4041/48/5969
f 4056/59/6010 4050/49/5971 4059/80/6011
f 4065/61/6012 4059/80/6011 4068/50/5972
f 4074/63/6013 4068/50/5972 4077/51/5973
f 4083/65/6014 4077/51/5973 4086/52/5974
f 4092/67/6015 4086/52/5974 4095/53/5975
f 4104/55/5976 4092/67/6015 4095/53/5975
f 4041/81/5969 4101/69/6016 4104/55/5976
f 4118/1/6017 4106/2/6018 4115/47/6019
f 4127/5/6020 4115/47/6019 4124/4/6021
f 4127/5/6020 4133/6/6022 4136/7/6023
f 4136/7/6023 4142/8/6024 4145/9/6025
f 4145/9/6025 4151/10/6026 4154/11/6027
f 4154/11/6027 4160/12/6028 4163/13/6029
f 4172/14/6030 4160/12/6028 4169/16/6031
f 4109/15/6032 4169/16/6031 4106/54/6018
f 4107/18/6033 4114/17/6034 4116/19/6035
f 4116/19/6035 4123/20/6036 4125/21/6037
f 4125/21/6037 4132/22/6038 4134/23/6039
f 4134/23/6039 4141/24/6040 4143/25/6041
f 4143/25/6041 4150/26/6042 4152/27/6043
f 4152/27/6043 4159/28/6044 4161/29/6045
f 4161/29/6045 4168/30/6046 4170/31/6047
f 4170/31/6047 4105/32/6048 4107/33/6033
f 4117/34/6049 4107/18/6050 4116/19/6051
f 4126/36/6052 4116/19/6051 4125/21/6053
f 4126/36/6052 4134/23/6054 4135/37/6055
f 4135/37/6055 4143/25/6056 4144/38/6057
f 4144/38/6057 4152/27/6058 4153/39/6059
f 4153/39/6059 4161/29/6060 4162/40/6061
f 4171/41/6062 4161/29/6060 4170/31/6063
f 4108/42/6064 4170/31/6063 4107/33/6050
f 4067/75/6065 4085/43/6065 4103/79/6065
f 4114/17/6066 4109/3/6032 4118/1/6017
f 4123/20/6067 4118/1/6017 4127/5/6020
f 4132/22/6068 4127/5/6020 4136/7/6023
f 4141/24/6069 4136/7/6023 4145/9/6025
f 4150/26/6070 4145/9/6025 4154/11/6027
f 4159/28/6071 4154/11/6027 4163/13/6029
f 4168/30/6072 4163/13/6029 4172/14/6030
f 4105/32/6073 4172/14/6030 4109/15/6032
f 4115/47/6019 4113/48/6074 4122/49/6075
f 4124/4/6021 4122/49/6075 4131/80/6076
f 4124/4/6021 4140/50/6077 4133/6/6022
f 4133/6/6022 4149/51/6078 4142/8/6024
f 4142/8/6024 4158/52/6079 4151/10/6026
f 4151/10/6026 4167/53/6080 4160/12/6028
f 4169/16/6031 4167/53/6080 4176/55/6081
f 4106/54/6018 4176/55/6081 4113/81/6074
f 4119/56/6082 4111/57/6083 4120/60/6084
f 4128/59/6085 4120/60/6084 4129/62/6086
f 4137/61/6087 4129/62/6086 4138/64/6088
f 4146/63/6089 4138/64/6088 4147/66/6090
f 4155/65/6091 4147/66/6090 4156/68/6092
f 4164/67/6093 4156/68/6092 4165/70/6094
f 4173/69/6095 4165/70/6094 4174/72/6096
f 4110/71/6097 4174/72/6096 4111/78/6083
f 4120/60/6098 4112/73/6099 4121/74/6100
f 4129/62/6101 4121/74/6100 4130/44/6102
f 4129/62/6101 4139/75/6103 4138/64/6104
f 4138/64/6104 4148/76/6105 4147/66/6106
f 4147/66/6106 4157/43/6107 4156/68/6108
f 4156/68/6108 4166/77/6109 4165/70/6110
f 4174/72/6111 4166/77/6109 4175/79/6112
f 4111/78/6113 4175/79/6112 4112/45/6099
f 4117/34/6114 4135/37/6114 4153/39/6114
f 4122/49/6075 4110/58/6115 4119/56/6116
f 4122/49/6075 4128/59/6117 4131/80/6076
f 4131/80/6076 4137/61/6118 4140/50/6077
f 4140/50/6077 4146/63/6119 4149/51/6078
f 4149/51/6078 4155/65/6120 4158/52/6079
f 4158/52/6079 4164/67/6121 4167/53/6080
f 4176/55/6081 4164/67/6121 4173/69/6122
f 4113/81/6074 4173/69/6122 4110/71/6115
f 4190/1/6123 4178/2/6124 4181/3/6125
f 4199/5/6126 4187/47/6127 4190/1/6123
f 4205/6/6128 4199/5/6126 4208/7/6129
f 4214/8/6130 4208/7/6129 4217/9/6131
f 4223/10/6132 4217/9/6131 4226/11/6133
f 4232/12/6134 4226/11/6133 4235/13/6135
f 4244/14/6136 4232/12/6134 4235/13/6135
f 4181/15/6125 4241/16/6137 4244/14/6136
f 4186/17/6138 4179/18/6139 4188/19/6140
f 4195/20/6141 4188/19/6140 4197/21/6142
f 4204/22/6143 4197/21/6142 4206/23/6144
f 4213/24/6145 4206/23/6144 4215/25/6146
f 4222/26/6147 4215/25/6146 4224/27/6148
f 4231/28/6149 4224/27/6148 4233/29/6150
f 4240/30/6151 4233/29/6150 4242/31/6152
f 4177/32/6153 4242/31/6152 4179/33/6139
f 4189/34/6154 4179/18/6155 4180/35/6156
f 4198/36/6157 4188/19/6158 4189/34/6154
f 4206/23/6159 4198/36/6157 4207/37/6160
f 4215/25/6161 4207/37/6160 4216/38/6162
f 4224/27/6163 4216/38/6162 4225/39/6164
f 4233/29/6165 4225/39/6164 4234/40/6166
f 4243/41/6167 4233/29/6165 4234/40/6166
f 4180/42/6156 4242/31/6168 4243/41/6167
f 4274/44/6169 4265/74/6169 4319/79/6169
f 4186/17/6170 4181/3/6125 4177/46/6171
f 4195/20/6172 4190/1/6123 4186/17/6170
f 4204/22/6173 4199/5/6126 4195/20/6172
f 4213/24/6174 4208/7/6129 4204/22/6173
f 4222/26/6175 4217/9/6131 4213/24/6174
f 4231/28/6176 4226/11/6133 4222/26/6175
f 4240/30/6177 4235/13/6135 4231/28/6176
f 4177/32/6171 4244/14/6136 4240/30/6177
f 4187/47/6127 4185/48/6178 4178/2/6124
f 4196/4/6179 4194/49/6180 4187/47/6127
f 4212/50/6181 4196/4/6179 4205/6/6128
f 4221/51/6182 4205/6/6128 4214/8/6130
f 4230/52/6183 4214/8/6130 4223/10/6132
f 4239/53/6184 4223/10/6132 4232/12/6134
f 4241/16/6137 4239/53/6184 4232/12/6134
f 4178/54/6124 4248/55/6185 4241/16/6137
f 4191/56/6186 4183/57/6187 4182/58/6188
f 4200/59/6189 4192/60/6190 4191/56/6186
f 4209/61/6191 4201/62/6192 4200/59/6189
f 4218/63/6193 4210/64/6194 4209/61/6191
f 4227/65/6195 4219/66/6196 4218/63/6193
f 4236/67/6197 4228/68/6198 4227/65/6195
f 4245/69/6199 4237/70/6200 4236/67/6197
f 4182/71/6188 4246/72/6201 4245/69/6199
f 4192/60/6202 4184/73/6203 4183/57/6204
f 4201/62/6205 4193/74/6206 4192/60/6202
f 4211/75/6207 4201/62/6205 4210/64/6208
f 4220/76/6209 4210/64/6208 4219/66/6210
f 4229/43/6211 4219/66/6210 4228/68/6212
f 4238/77/6213 4228/68/6212 4237/70/6214
f 4246/72/6215 4238/77/6213 4237/70/6214
f 4183/78/6204 4247/79/6216 4246/72/6215
f 4243/41/6217 4225/39/6217 4207/37/6217
f 4194/49/6180 4182/58/6218 4185/48/6178
f 4200/59/6219 4194/49/6180 4203/80/6220
f 4209/61/6221 4203/80/6220 4212/50/6181
f 4218/63/6222 4212/50/6181 4221/51/6182
f 4227/65/6223 4221/51/6182 4230/52/6183
f 4236/67/6224 4230/52/6183 4239/53/6184
f 4248/55/6185 4236/67/6224 4239/53/6184
f 4185/81/6178 4245/69/6225 4248/55/6185
f 4262/1/6226 4250/2/6227 4259/47/6228
f 4271/5/6229 4259/47/6228 4268/4/6230
f 4271/5/6229 4277/6/6231 4280/7/6232
f 4280/7/6232 4286/8/6233 4289/9/6234
f 4289/9/6234 4295/10/6235 4298/11/6236
f 4298/11/6236 4304/12/6237 4307/13/6238
f 4316/14/6239 4304/12/6237 4313/16/6240
f 4253/15/6241 4313/16/6240 4250/54/6227
f 4251/18/6242 4258/17/6243 4260/19/6244
f 4260/19/6244 4267/20/6245 4269/21/6246
f 4269/21/6246 4276/22/6247 4278/23/6248
f 4278/23/6248 4285/24/6249 4287/25/6250
f 4287/25/6250 4294/26/6251 4296/27/6252
f 4296/27/6252 4303/28/6253 4305/29/6254
f 4305/29/6254 4312/30/6255 4314/31/6256
f 4314/31/6256 4249/32/6257 4251/33/6242
f 4261/34/6258 4251/18/6259 4260/19/6260
f 4270/36/6261 4260/19/6260 4269/21/6262
f 4270/36/6261 4278/23/6263 4279/37/6264
f 4279/37/6264 4287/25/6265 4288/38/6266
f 4288/38/6266 4296/27/6267 4297/39/6268
f 4297/39/6268 4305/29/6269 4306/40/6270
f 4315/41/6271 4305/29/6269 4314/31/6272
f 4252/42/6273 4314/31/6272 4251/33/6259
f 4229/43/6274 4184/73/6275 4202/44/6274
f 4258/17/6276 4253/3/6241 4262/1/6226
f 4267/20/6277 4262/1/6226 4271/5/6229
f 4276/22/6278 4271/5/6229 4280/7/6232
f 4285/24/6279 4280/7/6232 4289/9/6234
f 4294/26/6280 4289/9/6234 4298/11/6236
f 4303/28/6281 4298/11/6236 4307/13/6238
f 4312/30/6282 4307/13/6238 4316/14/6239
f 4249/32/6283 4316/14/6239 4253/15/6241
f 4259/47/6228 4257/48/6284 4266/49/6285
f 4268/4/6230 4266/49/6285 4275/80/6286
f 4268/4/6230 4284/50/6287 4277/6/6231
f 4277/6/6231 4293/51/6288 4286/8/6233
f 4286/8/6233 4302/52/6289 4295/10/6235
f 4295/10/6235 4311/53/6290 4304/12/6237
f 4313/16/6240 4311/53/6290 4320/55/6291
f 4250/54/6227 4320/55/6291 4257/81/6284
f 4263/56/6292 4255/57/6293 4264/60/6294
f 4272/59/6295 4264/60/6294 4273/62/6296
f 4281/61/6297 4273/62/6296 4282/64/6298
f 4290/63/6299 4282/64/6298 4291/66/6300
f 4299/65/6301 4291/66/6300 4300/68/6302
f 4308/67/6303 4300/68/6302 4309/70/6304
f 4317/69/6305 4309/70/6304 4318/72/6306
f 4254/71/6307 4318/72/6306 4255/78/6293
f 4264/60/6308 4256/73/6309 4265/74/6310
f 4273/62/6311 4265/74/6310 4274/44/6312
f 4273/62/6311 4283/75/6313 4282/64/6314
f 4282/64/6314 4292/76/6315 4291/66/6316
f 4291/66/6316 4301/43/6317 4300/68/6318
f 4300/68/6318 4310/77/6319 4309/70/6320
f 4318/72/6321 4310/77/6319 4319/79/6322
f 4255/78/6323 4319/79/6322 4256/45/6309
f 4288/38/6324 4297/39/6324 4261/34/6324
f 4266/49/6285 4254/58/6325 4263/56/6326
f 4266/49/6285 4272/59/6327 4275/80/6286
f 4275/80/6286 4281/61/6328 4284/50/6287
f 4284/50/6287 4290/63/6329 4293/51/6288
f 4293/51/6288 4299/65/6330 4302/52/6289
f 4302/52/6289 4308/67/6331 4311/53/6290
f 4320/55/6291 4308/67/6331 4317/69/6332
f 4257/81/6284 4317/69/6332 4254/71/6325
f 4334/1/6333 4322/2/6334 4325/3/6335
f 4343/5/6336 4331/47/6337 4334/1/6333
f 4349/6/6338 4343/5/6336 4352/7/6339
f 4358/8/6340 4352/7/6339 4361/9/6341
f 4367/10/6342 4361/9/6341 4370/11/6343
f 4376/12/6344 4370/11/6343 4379/13/6345
f 4388/14/6346 4376/12/6344 4379/13/6345
f 4325/15/6335 4385/16/6347 4388/14/6346
f 4330/17/6348 4323/18/6349 4332/19/6350
f 4339/20/6351 4332/19/6350 4341/21/6352
f 4348/22/6353 4341/21/6352 4350/23/6354
f 4357/24/6355 4350/23/6354 4359/25/6356
f 4366/26/6357 4359/25/6356 4368/27/6358
f 4375/28/6359 4368/27/6358 4377/29/6360
f 4384/30/6361 4377/29/6360 4386/31/6362
f 4321/32/6363 4386/31/6362 4323/33/6349
f 4333/34/6364 4323/18/6365 4324/35/6366
f 4342/36/6367 4332/19/6368 4333/34/6364
f 4350/23/6369 4342/36/6367 4351/37/6370
f 4359/25/6371 4351/37/6370 4360/38/6372
f 4368/27/6373 4360/38/6372 4369/39/6374
f 4377/29/6375 4369/39/6374 4378/40/6376
f 4387/41/6377 4377/29/6375 4378/40/6376
f 4324/42/6366 4386/31/6378 4387/41/6377
f 4409/74/6379 4463/79/6380 4436/76/6381
f 4330/17/6382 4325/3/6335 4321/46/6383
f 4339/20/6384 4334/1/6333 4330/17/6382
f 4348/22/6385 4343/5/6336 4339/20/6384
f 4357/24/6386 4352/7/6339 4348/22/6385
f 4366/26/6387 4361/9/6341 4357/24/6386
f 4375/28/6388 4370/11/6343 4366/26/6387
f 4384/30/6389 4379/13/6345 4375/28/6388
f 4321/32/6383 4388/14/6346 4384/30/6389
f 4331/47/6337 4329/48/6390 4322/2/6334
f 4340/4/6391 4338/49/6392 4331/47/6337
f 4356/50/6393 4340/4/6391 4349/6/6338
f 4365/51/6394 4349/6/6338 4358/8/6340
f 4374/52/6395 4358/8/6340 4367/10/6342
f 4383/53/6396 4367/10/6342 4376/12/6344
f 4385/16/6347 4383/53/6396 4376/12/6344
f 4322/54/6334 4392/55/6397 4385/16/6347
f 4335/56/6398 4327/57/6399 4326/58/6400
f 4344/59/6401 4336/60/6402 4335/56/6398
f 4353/61/6403 4345/62/6404 4344/59/6401
f 4362/63/6405 4354/64/6406 4353/61/6403
f 4371/65/6407 4363/66/6408 4362/63/6405
f 4380/67/6409 4372/68/6410 4371/65/6407
f 4389/69/6411 4381/70/6412 4380/67/6409
f 4326/71/6400 4390/72/6413 4389/69/6411
f 4336/60/6414 4328/73/6415 4327/57/6416
f 4345/62/6417 4337/74/6418 4336/60/6414
f 4355/75/6419 4345/62/6417 4354/64/6420
f 4364/76/6421 4354/64/6420 4363/66/6422
f 4373/43/6423 4363/66/6422 4372/68/6424
f 4382/77/6425 4372/68/6424 4381/70/6426
f 4390/72/6427 4382/77/6425 4381/70/6426
f 4327/78/6416 4391/79/6428 4390/72/6427
f 4369/39/6429 4342/36/6429 4324/42/6429
f 4338/49/6392 4326/58/6430 4329/48/6390
f 4344/59/6431 4338/49/6392 4347/80/6432
f 4353/61/6433 4347/80/6432 4356/50/6393
f 4362/63/6434 4356/50/6393 4365/51/6394
f 4371/65/6435 4365/51/6394 4374/52/6395
f 4380/67/6436 4374/52/6395 4383/53/6396
f 4392/55/6397 4380/67/6436 4383/53/6396
f 4329/81/6390 4389/69/6437 4392/55/6397
f 4406/1/6438 4394/2/6439 4403/47/6440
f 4415/5/6441 4403/47/6440 4412/4/6442
f 4415/5/6441 4421/6/6443 4424/7/6444
f 4424/7/6444 4430/8/6445 4433/9/6446
f 4433/9/6446 4439/10/6447 4442/11/6448
f 4442/11/6448 4448/12/6449 4451/13/6450
f 4460/14/6451 4448/12/6449 4457/16/6452
f 4397/15/6453 4457/16/6452 4394/54/6439
f 4395/18/6454 4402/17/6455 4404/19/6456
f 4404/19/6456 4411/20/6457 4413/21/6458
f 4413/21/6458 4420/22/6459 4422/23/6460
f 4422/23/6460 4429/24/6461 4431/25/6462
f 4431/25/6462 4438/26/6463 4440/27/6464
f 4440/27/6464 4447/28/6465 4449/29/6466
f 4449/29/6466 4456/30/6467 4458/31/6468
f 4458/31/6468 4393/32/6469 4395/33/6454
f 4405/34/6470 4395/18/6471 4404/19/6472
f 4414/36/6473 4404/19/6472 4413/21/6474
f 4414/36/6473 4422/23/6475 4423/37/6476
f 4423/37/6476 4431/25/6477 4432/38/6478
f 4432/38/6478 4440/27/6479 4441/39/6480
f 4441/39/6480 4449/29/6481 4450/40/6482
f 4459/41/6483 4449/29/6481 4458/31/6484
f 4396/42/6485 4458/31/6484 4395/33/6471
f 4391/79/6486 4328/73/6487 4337/74/6487
f 4402/17/6488 4397/3/6453 4406/1/6438
f 4411/20/6489 4406/1/6438 4415/5/6441
f 4420/22/6490 4415/5/6441 4424/7/6444
f 4429/24/6491 4424/7/6444 4433/9/6446
f 4438/26/6492 4433/9/6446 4442/11/6448
f 4447/28/6493 4442/11/6448 4451/13/6450
f 4456/30/6494 4451/13/6450 4460/14/6451
f 4393/32/6495 4460/14/6451 4397/15/6453
f 4403/47/6440 4401/48/6496 4410/49/6497
f 4412/4/6442 4410/49/6497 4419/80/6498
f 4412/4/6442 4428/50/6499 4421/6/6443
f 4421/6/6443 4437/51/6500 4430/8/6445
f 4430/8/6445 4446/52/6501 4439/10/6447
f 4439/10/6447 4455/53/6502 4448/12/6449
f 4457/16/6452 4455/53/6502 4464/55/6503
f 4394/54/6439 4464/55/6503 4401/81/6496
f 4407/56/6504 4399/57/6505 4408/60/6506
f 4416/59/6507 4408/60/6506 4417/62/6508
f 4425/61/6509 4417/62/6508 4426/64/6510
f 4434/63/6511 4426/64/6510 4435/66/6512
f 4443/65/6513 4435/66/6512 4444/68/6514
f 4452/67/6515 4444/68/6514 4453/70/6516
f 4461/69/6517 4453/70/6516 4462/72/6518
f 4398/71/6519 4462/72/6518 4399/78/6505
f 4408/60/6520 4400/73/6521 4409/74/6522
f 4417/62/6523 4409/74/6522 4418/44/6524
f 4417/62/6523 4427/75/6525 4426/64/6526
f 4426/64/6526 4436/76/6527 4435/66/6528
f 4435/66/6528 4445/43/6529 4444/68/6530
f 4444/68/6530 4454/77/6531 4453/70/6532
f 4462/72/6533 4454/77/6531 4463/79/6534
f 4399/78/6535 4463/79/6534 4400/45/6521
f 4423/37/6536 4432/38/6536 4441/39/6536
f 4410/49/6497 4398/58/6537 4407/56/6538
f 4410/49/6497 4416/59/6539 4419/80/6498
f 4419/80/6498 4425/61/6540 4428/50/6499
f 4428/50/6499 4434/63/6541 4437/51/6500
f 4437/51/6500 4443/65/6542 4446/52/6501
f 4446/52/6501 4452/67/6543 4455/53/6502
f 4464/55/6503 4452/67/6543 4461/69/6544
f 4401/81/6496 4461/69/6544 4398/71/6537
f 4478/1/6545 4466/2/6546 4469/3/6547
f 4487/5/6548 4475/47/6549 4478/1/6545
f 4493/6/6550 4487/5/6548 4496/7/6551
f 4502/8/6552 4496/7/6551 4505/9/6553
f 4511/10/6554 4505/9/6553 4514/11/6555
f 4520/12/6556 4514/11/6555 4523/13/6557
f 4532/14/6558 4520/12/6556 4523/13/6557
f 4469/15/6547 4529/16/6559 4532/14/6558
f 4474/17/6560 4467/18/6561 4476/19/6562
f 4483/20/6563 4476/19/6562 4485/21/6564
f 4492/22/6565 4485/21/6564 4494/23/6566
f 4501/24/6567 4494/23/6566 4503/25/6568
f 4510/26/6569 4503/25/6568 4512/27/1402
f 4519/28/6570 4512/27/1402 4521/29/6571
f 4528/30/6572 4521/29/6571 4530/31/6573
f 4465/32/6574 4530/31/6573 4467/33/6561
f 4477/34/6575 4467/18/6576 4468/35/6577
f 4486/36/6578 4476/19/6579 4477/34/6575
f 4494/23/6580 4486/36/6578 4495/37/6581
f 4503/25/6582 4495/37/6581 4504/38/6583
f 4512/27/6584 4504/38/6583 4513/39/6585
f 4521/29/6586 4513/39/6585 4522/40/6587
f 4531/41/6588 4521/29/6586 4522/40/6587
f 4468/42/6577 4530/31/6589 4531/41/6588
f 4553/74/6590 4607/79/6591 4580/76/6591
f 4474/17/6592 4469/3/6547 4465/46/6593
f 4483/20/6594 4478/1/6545 4474/17/6592
f 4492/22/6595 4487/5/6548 4483/20/6594
f 4501/24/6596 4496/7/6551 4492/22/6595
f 4510/26/6597 4505/9/6553 4501/24/6596
f 4519/28/6598 4514/11/6555 4510/26/6597
f 4528/30/6599 4523/13/6557 4519/28/6598
f 4465/32/6593 4532/14/6558 4528/30/6599
f 4475/47/6549 4473/48/6600 4466/2/6546
f 4484/4/6601 4482/49/6602 4475/47/6549
f 4500/50/6603 4484/4/6601 4493/6/6550
f 4509/51/6604 4493/6/6550 4502/8/6552
f 4518/52/6605 4502/8/6552 4511/10/6554
f 4527/53/6606 4511/10/6554 4520/12/6556
f 4529/16/6559 4527/53/6606 4520/12/6556
f 4466/54/6546 4536/55/6607 4529/16/6559
f 4479/56/6608 4471/57/6609 4470/58/6610
f 4488/59/6611 4480/60/6612 4479/56/6608
f 4497/61/6613 4489/62/6614 4488/59/6611
f 4506/63/6615 4498/64/6616 4497/61/6613
f 4515/65/6617 4507/66/6618 4506/63/6615
f 4524/67/6619 4516/68/6620 4515/65/6617
f 4533/69/6621 4525/70/6622 4524/67/6619
f 4470/71/6610 4534/72/6623 4533/69/6621
f 4480/60/6624 4472/73/6625 4471/57/6626
f 4489/62/6627 4481/74/6628 4480/60/6624
f 4499/75/6629 4489/62/6627 4498/64/6630
f 4508/76/6631 4498/64/6630 4507/66/6632
f 4517/43/6633 4507/66/6632 4516/68/6634
f 4526/77/6635 4516/68/6634 4525/70/6636
f 4534/72/6637 4526/77/6635 4525/70/6636
f 4471/78/6626 4535/79/6638 4534/72/6637
f 4531/41/6639 4513/39/6639 4495/37/6639
f 4482/49/6602 4470/58/6640 4473/48/6600
f 4488/59/6641 4482/49/6602 4491/80/6642
f 4497/61/6643 4491/80/6642 4500/50/6603
f 4506/63/6644 4500/50/6603 4509/51/6604
f 4515/65/6645 4509/51/6604 4518/52/6605
f 4524/67/6646 4518/52/6605 4527/53/6606
f 4536/55/6607 4524/67/6646 4527/53/6606
f 4473/81/6600 4533/69/6647 4536/55/6607
f 4550/1/6648 4538/2/6649 4547/47/6650
f 4559/5/6651 4547/47/6650 4556/4/6652
f 4559/5/6651 4565/6/6653 4568/7/6654
f 4568/7/6654 4574/8/6655 4577/9/6656
f 4577/9/6656 4583/10/6657 4586/11/6658
f 4595/13/6659 4583/10/6657 4592/12/6660
f 4604/14/6661 4592/12/6660 4601/16/6662
f 4541/15/6663 4601/16/6662 4538/54/6649
f 4539/18/6664 4546/17/6665 4548/19/6666
f 4548/19/6666 4555/20/6667 4557/21/6668
f 4557/21/6668 4564/22/6669 4566/23/6670
f 4566/23/6670 4573/24/6671 4575/25/6672
f 4575/25/6672 4582/26/6673 4584/27/6674
f 4584/27/6674 4591/28/6675 4593/29/6676
f 4593/29/6676 4600/30/6677 4602/31/6678
f 4602/31/6678 4537/32/6679 4539/33/6664
f 4549/34/6680 4539/18/6681 4548/19/6682
f 4558/36/6683 4548/19/6682 4557/21/6684
f 4558/36/6683 4566/23/6685 4567/37/6686
f 4567/37/6686 4575/25/6687 4576/38/6688
f 4576/38/6688 4584/27/6689 4585/39/6690
f 4585/39/6690 4593/29/6691 4594/40/6692
f 4603/41/6693 4593/29/6691 4602/31/6694
f 4540/42/6695 4602/31/6694 4539/33/6681
f 4535/79/6696 4472/73/6697 4481/74/6698
f 4546/17/6699 4541/3/6663 4550/1/6648
f 4555/20/6700 4550/1/6648 4559/5/6651
f 4564/22/6701 4559/5/6651 4568/7/6654
f 4573/24/6702 4568/7/6654 4577/9/6656
f 4582/26/6703 4577/9/6656 4586/11/6658
f 4591/28/6704 4586/11/6658 4595/13/6659
f 4600/30/6705 4595/13/6659 4604/14/6661
f 4537/32/6706 4604/14/6661 4541/15/6663
f 4547/47/6650 4545/48/6707 4554/49/6708
f 4556/4/6652 4554/49/6708 4563/80/6709
f 4556/4/6652 4572/50/6710 4565/6/6653
f 4565/6/6653 4581/51/6711 4574/8/6655
f 4574/8/6655 4590/52/6712 4583/10/6657
f 4583/10/6657 4599/53/6713 4592/12/6660
f 4601/16/6662 4599/53/6713 4608/55/6714
f 4538/54/6649 4608/55/6714 4545/81/6707
f 4551/56/6715 4543/57/6716 4552/60/6717
f 4560/59/6718 4552/60/6717 4561/62/6719
f 4569/61/6720 4561/62/6719 4570/64/6721
f 4578/63/6722 4570/64/6721 4579/66/6723
f 4587/65/6724 4579/66/6723 4588/68/6725
f 4596/67/6726 4588/68/6725 4597/70/6727
f 4605/69/6728 4597/70/6727 4606/72/6729
f 4542/71/6730 4606/72/6729 4543/78/6716
f 4552/60/6731 4544/73/6732 4553/74/6733
f 4561/62/6734 4553/74/6733 4562/44/6735
f 4561/62/6734 4571/75/6736 4570/64/6737
f 4570/64/6737 4580/76/6738 4579/66/6739
f 4579/66/6739 4589/43/6740 4588/68/6741
f 4588/68/6741 4598/77/6742 4597/70/6743
f 4606/72/6744 4598/77/6742 4607/79/6745
f 4543/78/6746 4607/79/6745 4544/45/6732
f 4549/34/6747 4576/38/6748 4594/40/6747
f 4554/49/6708 4542/58/6749 4551/56/6750
f 4554/49/6708 4560/59/6751 4563/80/6709
f 4563/80/6709 4569/61/6752 4572/50/6710
f 4572/50/6710 4578/63/6753 4581/51/6711
f 4581/51/6711 4587/65/6754 4590/52/6712
f 4590/52/6712 4596/67/6755 4599/53/6713
f 4608/55/6714 4596/67/6755 4605/69/6756
f 4545/81/6707 4605/69/6756 4542/71/6749
f 4622/1/6757 4610/2/6758 4613/3/6759
f 4631/5/6760 4619/47/6761 4622/1/6757
f 4637/6/6762 4631/5/6760 4640/7/6763
f 4646/8/6764 4640/7/6763 4649/9/6765
f 4655/10/6766 4649/9/6765 4658/11/6767
f 4664/12/6768 4658/11/6767 4667/13/6769
f 4676/14/6770 4664/12/6768 4667/13/6769
f 4613/15/6759 4673/16/6771 4676/14/6770
f 4618/17/6772 4611/18/6773 4620/19/6774
f 4627/20/6775 4620/19/6774 4629/21/6776
f 4636/22/6777 4629/21/6776 4638/23/6778
f 4645/24/6779 4638/23/6778 4647/25/6780
f 4654/26/6781 4647/25/6780 4656/27/6782
f 4663/28/6783 4656/27/6782 4665/29/6784
f 4672/30/6785 4665/29/6784 4674/31/6786
f 4609/32/6787 4674/31/6786 4611/33/6773
f 4621/34/6788 4611/18/6789 4612/35/6790
f 4630/36/6791 4620/19/6792 4621/34/6788
f 4638/23/6793 4630/36/6791 4639/37/6794
f 4647/25/6795 4639/37/6794 4648/38/6796
f 4656/27/6797 4648/38/6796 4657/39/6798
f 4665/29/6799 4657/39/6798 4666/40/6800
f 4675/41/6801 4665/29/6799 4666/40/6800
f 4612/42/6790 4674/31/6802 4675/41/6801
f 4697/74/6803 4751/79/6804 4733/43/6804
f 4618/17/6805 4613/3/6759 4609/46/6806
f 4627/20/6807 4622/1/6757 4618/17/6805
f 4636/22/6808 4631/5/6760 4627/20/6807
f 4645/24/6809 4640/7/6763 4636/22/6808
f 4654/26/6810 4649/9/6765 4645/24/6809
f 4663/28/6811 4658/11/6767 4654/26/6810
f 4672/30/6812 4667/13/6769 4663/28/6811
f 4609/32/6806 4676/14/6770 4672/30/6812
f 4619/47/6761 4617/48/6813 4610/2/6758
f 4628/4/6814 4626/49/6815 4619/47/6761
f 4644/50/6816 4628/4/6814 4637/6/6762
f 4653/51/6817 4637/6/6762 4646/8/6764
f 4662/52/6818 4646/8/6764 4655/10/6766
f 4671/53/6819 4655/10/6766 4664/12/6768
f 4673/16/6771 4671/53/6819 4664/12/6768
f 4610/54/6758 4680/55/6820 4673/16/6771
f 4623/56/6821 4615/57/6822 4614/58/6823
f 4632/59/6824 4624/60/6825 4623/56/6821
f 4641/61/6826 4633/62/6827 4632/59/6824
f 4650/63/6828 4642/64/6829 4641/61/6826
f 4659/65/6830 4651/66/6831 4650/63/6828
f 4668/67/6832 4660/68/6833 4659/65/6830
f 4677/69/6834 4669/70/6835 4668/67/6832
f 4614/71/6823 4678/72/6836 4677/69/6834
f 4624/60/6837 4616/73/6838 4615/57/6839
f 4633/62/6840 4625/74/6841 4624/60/6837
f 4643/75/6842 4633/62/6840 4642/64/6843
f 4652/76/6844 4642/64/6843 4651/66/6845
f 4661/43/6846 4651/66/6845 4660/68/6847
f 4670/77/6848 4660/68/6847 4669/70/6849
f 4678/72/6850 4670/77/6848 4669/70/6849
f 4615/78/6839 4679/79/6851 4678/72/6850
f 4639/37/6852 4630/36/6853 4621/34/6853
f 4626/49/6815 4614/58/6854 4617/48/6813
f 4632/59/6855 4626/49/6815 4635/80/6856
f 4641/61/6857 4635/80/6856 4644/50/6816
f 4650/63/6858 4644/50/6816 4653/51/6817
f 4659/65/6859 4653/51/6817 4662/52/6818
f 4668/67/6860 4662/52/6818 4671/53/6819
f 4680/55/6820 4668/67/6860 4671/53/6819
f 4617/81/6813 4677/69/6861 4680/55/6820
f 4694/1/6862 4682/2/6863 4691/47/6864
f 4694/1/6862 4700/4/6865 4703/5/6866
f 4703/5/6866 4709/6/6867 4712/7/6868
f 4712/7/6868 4718/8/6869 4721/9/6870
f 4721/9/6870 4727/10/6871 4730/11/6872
f 4730/11/6872 4736/12/6873 4739/13/6874
f 4748/14/6875 4736/12/6873 4745/16/6876
f 4685/15/6877 4745/16/6876 4682/54/6863
f 4683/18/6878 4690/17/6879 4692/19/6880
f 4692/19/6880 4699/20/6881 4701/21/6882
f 4701/21/6882 4708/22/6883 4710/23/6884
f 4710/23/6884 4717/24/6885 4719/25/6886
f 4719/25/6886 4726/26/6887 4728/27/6888
f 4728/27/6888 4735/28/6889 4737/29/6890
f 4737/29/6890 4744/30/6891 4746/31/6892
f 4746/31/6892 4681/32/6893 4683/33/6878
f 4693/34/6894 4683/18/6895 4692/19/6896
f 4702/36/6897 4692/19/6896 4701/21/6898
f 4702/36/6897 4710/23/6899 4711/37/6900
f 4711/37/6900 4719/25/6901 4720/38/6902
f 4720/38/6902 4728/27/6903 4729/39/6904
f 4729/39/6904 4737/29/6905 4738/40/6906
f 4747/41/6907 4737/29/6905 4746/31/6908
f 4684/42/6909 4746/31/6908 4683/33/6895
f 4616/73/6910 4625/74/6910 4661/43/6911
f 4690/17/6912 4685/3/6877 4694/1/6862
f 4699/20/6913 4694/1/6862 4703/5/6866
f 4708/22/6914 4703/5/6866 4712/7/6868
f 4717/24/6915 4712/7/6868 4721/9/6870
f 4726/26/6916 4721/9/6870 4730/11/6872
f 4735/28/6917 4730/11/6872 4739/13/6874
f 4744/30/6918 4739/13/6874 4748/14/6875
f 4681/32/6919 4748/14/6875 4685/15/6877
f 4691/47/6864 4689/48/6920 4698/49/6921
f 4700/4/6865 4698/49/6921 4707/80/6922
f 4700/4/6865 4716/50/6923 4709/6/6867
f 4709/6/6867 4725/51/6924 4718/8/6869
f 4718/8/6869 4734/52/6925 4727/10/6871
f 4727/10/6871 4743/53/6926 4736/12/6873
f 4745/16/6876 4743/53/6926 4752/55/6927
f 4682/54/6863 4752/55/6927 4689/81/6920
f 4695/56/6928 4687/57/6929 4696/60/6930
f 4704/59/6931 4696/60/6930 4705/62/6932
f 4713/61/6933 4705/62/6932 4714/64/6934
f 4722/63/6935 4714/64/6934 4723/66/6936
f 4731/65/6937 4723/66/6936 4732/68/6938
f 4740/67/6939 4732/68/6938 4741/70/6940
f 4749/69/6941 4741/70/6940 4750/72/6942
f 4686/71/6943 4750/72/6942 4687/78/6929
f 4696/60/6944 4688/73/6945 4697/74/6946
f 4705/62/6947 4697/74/6946 4706/44/6948
f 4705/62/6947 4715/75/6949 4714/64/6950
f 4714/64/6950 4724/76/6951 4723/66/6952
f 4723/66/6952 4733/43/6953 4732/68/6954
f 4732/68/6954 4742/77/6955 4741/70/6956
f 4750/72/6957 4742/77/6955 4751/79/6958
f 4687/78/6959 4751/79/6958 4688/45/6945
f 4711/37/6960 4720/38/6961 4729/39/6960
f 4698/49/6921 4686/58/6962 4695/56/6963
f 4698/49/6921 4704/59/6964 4707/80/6922
f 4707/80/6922 4713/61/6965 4716/50/6923
f 4716/50/6923 4722/63/6966 4725/51/6924
f 4725/51/6924 4731/65/6967 4734/52/6925
f 4734/52/6925 4740/67/6968 4743/53/6926
f 4752/55/6927 4740/67/6968 4749/69/6969
f 4689/81/6920 4749/69/6969 4686/71/6962
f 4766/1/6970 4754/2/6971 4757/3/6972
f 4772/4/6973 4766/1/6970 4775/5/6974
f 4781/6/6975 4775/5/6974 4784/7/6976
f 4790/8/6977 4784/7/6976 4793/9/6978
f 4799/10/6979 4793/9/6978 4802/11/6980
f 4811/13/6981 4799/10/6979 4802/11/6980
f 4820/14/6982 4808/12/6983 4811/13/6981
f 4757/15/6972 4817/16/6984 4820/14/6982
f 4762/17/6985 4755/18/6986 4764/19/6987
f 4771/20/6988 4764/19/6987 4773/21/6989
f 4780/22/6990 4773/21/6989 4782/23/6991
f 4789/24/6992 4782/23/6991 4791/25/6993
f 4798/26/6994 4791/25/6993 4800/27/6995
f 4807/28/6996 4800/27/6995 4809/29/6997
f 4816/30/6998 4809/29/6997 4818/31/6999
f 4753/32/7000 4818/31/6999 4755/33/6986
f 4765/34/7001 4755/18/7002 4756/35/7003
f 4774/36/7004 4764/19/7005 4765/34/7001
f 4782/23/7006 4774/36/7004 4783/37/7007
f 4791/25/7008 4783/37/7007 4792/38/7009
f 4800/27/7010 4792/38/7009 4801/39/7011
f 4809/29/7012 4801/39/7011 4810/40/7013
f 4819/41/7014 4809/29/7012 4810/40/7013
f 4756/42/7003 4818/31/7015 4819/41/7014
f 4877/43/7016 4850/44/7017 4895/79/7017
f 4762/17/7018 4757/3/6972 4753/46/7019
f 4771/20/7020 4766/1/6970 4762/17/7018
f 4780/22/7021 4775/5/6974 4771/20/7020
f 4789/24/7022 4784/7/6976 4780/22/7021
f 4798/26/7023 4793/9/6978 4789/24/7022
f 4807/28/7024 4802/11/6980 4798/26/7023
f 4816/30/7025 4811/13/6981 4807/28/7024
f 4753/32/7019 4820/14/6982 4816/30/7025
f 4763/47/7026 4761/48/7027 4754/2/6971
f 4772/4/6973 4770/49/7028 4763/47/7026
f 4788/50/7029 4772/4/6973 4781/6/6975
f 4797/51/7030 4781/6/6975 4790/8/6977
f 4806/52/7031 4790/8/6977 4799/10/6979
f 4815/53/7032 4799/10/6979 4808/12/6983
f 4817/16/6984 4815/53/7032 4808/12/6983
f 4754/54/6971 4824/55/7033 4817/16/6984
f 4767/56/7034 4759/57/7035 4758/58/7036
f 4776/59/7037 4768/60/7038 4767/56/7034
f 4785/61/7039 4777/62/7040 4776/59/7037
f 4794/63/7041 4786/64/7042 4785/61/7039
f 4803/65/7043 4795/66/7044 4794/63/7041
f 4812/67/7045 4804/68/7046 4803/65/7043
f 4821/69/7047 4813/70/7048 4812/67/7045
f 4758/71/7036 4822/72/7049 4821/69/7047
f 4768/60/7050 4760/73/7051 4759/57/7052
f 4777/62/7053 4769/74/7054 4768/60/7050
f 4787/75/7055 4777/62/7053 4786/64/7056
f 4796/76/7057 4786/64/7056 4795/66/7058
f 4805/43/7059 4795/66/7058 4804/68/7060
f 4814/77/7061 4804/68/7060 4813/70/7062
f 4822/72/7063 4814/77/7061 4813/70/7062
f 4759/78/7052 4823/79/7064 4822/72/7063
f 4765/34/7065 4792/38/7065 4774/36/7065
f 4770/49/7028 4758/58/7066 4761/48/7027
f 4776/59/7067 4770/49/7028 4779/80/7068
f 4785/61/7069 4779/80/7068 4788/50/7029
f 4794/63/7070 4788/50/7029 4797/51/7030
f 4803/65/7071 4797/51/7030 4806/52/7031
f 4812/67/7072 4806/52/7031 4815/53/7032
f 4824/55/7033 4812/67/7072 4815/53/7032
f 4761/81/7027 4821/69/7073 4824/55/7033
f 4838/1/7074 4826/2/7075 4835/47/7076
f 4847/5/7077 4835/47/7076 4844/4/7078
f 4847/5/7077 4853/6/7079 4856/7/7080
f 4856/7/7080 4862/8/7081 4865/9/7082
f 4865/9/7082 4871/10/7083 4874/11/7084
f 4874/11/7084 4880/12/7085 4883/13/7086
f 4892/14/7087 4880/12/7085 4889/16/7088
f 4829/15/7089 4889/16/7088 4826/54/7075
f 4827/18/7090 4834/17/7091 4836/19/7092
f 4836/19/7092 4843/20/7093 4845/21/7094
f 4845/21/7094 4852/22/7095 4854/23/7096
f 4854/23/7096 4861/24/7097 4863/25/7098
f 4863/25/7098 4870/26/7099 4872/27/7100
f 4872/27/7100 4879/28/7101 4881/29/7102
f 4881/29/7102 4888/30/7103 4890/31/7104
f 4890/31/7104 4825/32/7105 4827/33/7090
f 4837/34/7106 4827/18/7107 4836/19/7108
f 4846/36/7109 4836/19/7108 4845/21/7110
f 4846/36/7109 4854/23/7111 4855/37/7112
f 4855/37/7112 4863/25/7113 4864/38/7114
f 4864/38/7114 4872/27/7115 4873/39/7116
f 4873/39/7116 4881/29/7117 4882/40/7118
f 4891/41/7119 4881/29/7117 4890/31/7120
f 4828/42/7121 4890/31/7120 4827/33/7107
f 4823/79/7122 4760/73/7123 4769/74/7123
f 4834/17/7124 4829/3/7089 4838/1/7074
f 4843/20/7125 4838/1/7074 4847/5/7077
f 4852/22/7126 4847/5/7077 4856/7/7080
f 4861/24/7127 4856/7/7080 4865/9/7082
f 4870/26/7128 4865/9/7082 4874/11/7084
f 4879/28/7129 4874/11/7084 4883/13/7086
f 4888/30/7130 4883/13/7086 4892/14/7087
f 4825/32/7131 4892/14/7087 4829/15/7089
f 4835/47/7076 4833/48/7132 4842/49/7133
f 4844/4/7078 4842/49/7133 4851/80/7134
f 4844/4/7078 4860/50/7135 4853/6/7079
f 4853/6/7079 4869/51/7136 4862/8/7081
f 4862/8/7081 4878/52/7137 4871/10/7083
f 4871/10/7083 4887/53/7138 4880/12/7085
f 4889/16/7088 4887/53/7138 4896/55/7139
f 4826/54/7075 4896/55/7139 4833/81/7132
f 4839/56/7140 4831/57/7141 4840/60/7142
f 4848/59/7143 4840/60/7142 4849/62/7144
f 4857/61/7145 4849/62/7144 4858/64/7146
f 4866/63/7147 4858/64/7146 4867/66/7148
f 4875/65/7149 4867/66/7148 4876/68/7150
f 4884/67/7151 4876/68/7150 4885/70/7152
f 4893/69/7153 4885/70/7152 4894/72/7154
f 4830/71/7155 4894/72/7154 4831/78/7141
f 4840/60/7156 4832/73/7157 4841/74/7158
f 4849/62/7159 4841/74/7158 4850/44/7160
f 4849/62/7159 4859/75/7161 4858/64/7162
f 4858/64/7162 4868/76/7163 4867/66/7164
f 4867/66/7164 4877/43/7165 4876/68/7166
f 4876/68/7166 4886/77/7167 4885/70/7168
f 4894/72/7169 4886/77/7167 4895/79/7170
f 4831/78/7171 4895/79/7170 4832/45/7157
f 4855/37/7172 4864/38/7172 4828/35/7172
f 4842/49/7133 4830/58/7173 4839/56/7174
f 4842/49/7133 4848/59/7175 4851/80/7134
f 4851/80/7134 4857/61/7176 4860/50/7135
f 4860/50/7135 4866/63/7177 4869/51/7136
f 4869/51/7136 4875/65/7178 4878/52/7137
f 4878/52/7137 4884/67/7179 4887/53/7138
f 4896/55/7139 4884/67/7179 4893/69/7180
f 4833/81/7132 4893/69/7180 4830/71/7173
f 4910/1/7181 4898/2/7182 4901/3/7183
f 4919/5/7184 4907/47/7185 4910/1/7181
f 4925/6/7186 4919/5/7184 4928/7/7187
f 4934/8/7188 4928/7/7187 4937/9/7189
f 4943/10/7190 4937/9/7189 4946/11/7191
f 4952/12/7192 4946/11/7191 4955/13/7193
f 4964/14/7194 4952/12/7192 4955/13/7193
f 4901/15/7183 4961/16/7195 4964/14/7194
f 4906/17/7196 4899/18/7197 4908/19/7198
f 4915/20/7199 4908/19/7198 4917/21/7200
f 4924/22/7201 4917/21/7200 4926/23/7202
f 4933/24/7203 4926/23/7202 4935/25/7204
f 4942/26/7205 4935/25/7204 4944/27/7206
f 4951/28/7207 4944/27/7206 4953/29/7208
f 4960/30/7209 4953/29/7208 4962/31/7210
f 4897/32/7211 4962/31/7210 4899/33/7197
f 4909/34/7212 4899/18/7213 4900/35/7214
f 4918/36/7215 4908/19/7216 4909/34/7212
f 4926/23/7217 4918/36/7215 4927/37/7218
f 4935/25/7219 4927/37/7218 4936/38/7220
f 4944/27/7221 4936/38/7220 4945/39/7222
f 4953/29/7223 4945/39/7222 4954/40/7224
f 4963/41/7225 4953/29/7223 4954/40/7224
f 4900/42/7214 4962/31/7226 4963/41/7225
f 5003/75/7227 4994/44/7227 4985/74/7228
f 4906/17/7229 4901/3/7183 4897/46/7230
f 4915/20/7231 4910/1/7181 4906/17/7229
f 4924/22/7232 4919/5/7184 4915/20/7231
f 4933/24/7233 4928/7/7187 4924/22/7232
f 4942/26/7234 4937/9/7189 4933/24/7233
f 4951/28/7235 4946/11/7191 4942/26/7234
f 4960/30/7236 4955/13/7193 4951/28/7235
f 4897/32/7230 4964/14/7194 4960/30/7236
f 4907/47/7185 4905/48/7237 4898/2/7182
f 4916/4/7238 4914/49/7239 4907/47/7185
f 4932/50/7240 4916/4/7238 4925/6/7186
f 4941/51/7241 4925/6/7186 4934/8/7188
f 4950/52/7242 4934/8/7188 4943/10/7190
f 4959/53/7243 4943/10/7190 4952/12/7192
f 4961/16/7195 4959/53/7243 4952/12/7192
f 4898/54/7182 4968/55/7244 4961/16/7195
f 4911/56/7245 4903/57/7246 4902/58/7247
f 4920/59/7248 4912/60/7249 4911/56/7245
f 4929/61/7250 4921/62/7251 4920/59/7248
f 4938/63/7252 4930/64/7253 4929/61/7250
f 4947/65/7254 4939/66/7255 4938/63/7252
f 4956/67/7256 4948/68/7257 4947/65/7254
f 4965/69/7258 4957/70/7259 4956/67/7256
f 4902/71/7247 4966/72/7260 4965/69/7258
f 4912/60/7261 4904/73/7262 4903/57/7263
f 4921/62/7264 4913/74/7265 4912/60/7261
f 4931/75/7266 4921/62/7264 4930/64/7267
f 4940/76/7268 4930/64/7267 4939/66/7269
f 4949/43/7270 4939/66/7269 4948/68/7271
f 4958/77/7272 4948/68/7271 4957/70/7273
f 4966/72/7274 4958/77/7272 4957/70/7273
f 4903/78/7263 4967/79/7275 4966/72/7274
f 4918/36/7276 4909/34/7277 4945/39/7276
f 4914/49/7239 4902/58/7278 4905/48/7237
f 4920/59/7279 4914/49/7239 4923/80/7280
f 4929/61/7281 4923/80/7280 4932/50/7240
f 4938/63/7282 4932/50/7240 4941/51/7241
f 4947/65/7283 4941/51/7241 4950/52/7242
f 4956/67/7284 4950/52/7242 4959/53/7243
f 4968/55/7244 4956/67/7284 4959/53/7243
f 4905/81/7237 4965/69/7285 4968/55/7244
f 4982/1/7286 4970/2/7287 4979/47/7288
f 4991/5/7289 4979/47/7288 4988/4/7290
f 4991/5/7289 4997/6/7291 5000/7/7292
f 5000/7/7292 5006/8/7293 5009/9/7294
f 5009/9/7294 5015/10/7295 5018/11/7296
f 5018/11/7296 5024/12/7297 5027/13/7298
f 5036/14/7299 5024/12/7297 5033/16/7300
f 4973/15/7301 5033/16/7300 4970/54/7287
f 4971/18/7302 4978/17/7303 4980/19/7304
f 4980/19/7304 4987/20/7305 4989/21/7306
f 4989/21/7306 4996/22/7307 4998/23/7308
f 4998/23/7308 5005/24/7309 5007/25/7310
f 5007/25/7310 5014/26/7311 5016/27/7312
f 5016/27/7312 5023/28/7313 5025/29/7314
f 5025/29/7314 5032/30/7315 5034/31/7316
f 5034/31/7316 4969/32/7317 4971/33/7302
f 4981/34/7318 4971/18/7319 4980/19/7320
f 4990/36/7321 4980/19/7320 4989/21/7322
f 4990/36/7321 4998/23/7323 4999/37/7324
f 4999/37/7324 5007/25/7325 5008/38/7326
f 5008/38/7326 5016/27/7327 5017/39/7328
f 5017/39/7328 5025/29/7329 5026/40/7330
f 5035/41/7331 5025/29/7329 5034/31/7332
f 4972/42/7333 5034/31/7332 4971/33/7319
f 4967/79/7334 4904/73/7335 4913/74/7334
f 4978/17/7336 4973/3/7301 4982/1/7286
f 4987/20/7337 4982/1/7286 4991/5/7289
f 4996/22/7338 4991/5/7289 5000/7/7292
f 5005/24/7339 5000/7/7292 5009/9/7294
f 5014/26/7340 5009/9/7294 5018/11/7296
f 5023/28/7341 5018/11/7296 5027/13/7298
f 5032/30/7342 5027/13/7298 5036/14/7299
f 4969/32/7343 5036/14/7299 4973/15/7301
f 4979/47/7288 4977/48/7344 4986/49/7345
f 4988/4/7290 4986/49/7345 4995/80/7346
f 4988/4/7290 5004/50/7347 4997/6/7291
f 4997/6/7291 5013/51/7348 5006/8/7293
f 5006/8/7293 5022/52/7349 5015/10/7295
f 5015/10/7295 5031/53/7350 5024/12/7297
f 5033/16/7300 5031/53/7350 5040/55/7351
f 4970/54/7287 5040/55/7351 4977/81/7344
f 4983/56/7352 4975/57/7353 4984/60/7354
f 4992/59/7355 4984/60/7354 4993/62/7356
f 5001/61/7357 4993/62/7356 5002/64/7358
f 5010/63/7359 5002/64/7358 5011/66/7360
f 5019/65/7361 5011/66/7360 5020/68/7362
f 5028/67/7363 5020/68/7362 5029/70/7364
f 5037/69/7365 5029/70/7364 5038/72/7366
f 4974/71/7367 5038/72/7366 4975/78/7353
f 4984/60/7368 4976/73/7369 4985/74/7370
f 4993/62/7371 4985/74/7370 4994/44/7372
f 4993/62/7371 5003/75/7373 5002/64/7374
f 5002/64/7374 5012/76/7375 5011/66/7376
f 5011/66/7376 5021/43/7377 5020/68/7378
f 5020/68/7378 5030/77/7379 5029/70/7380
f 5038/72/7381 5030/77/7379 5039/79/7382
f 4975/78/7383 5039/79/7382 4976/45/7369
f 4981/34/7384 4999/37/7384 5017/39/7384
f 4986/49/7345 4974/58/7385 4983/56/7386
f 4986/49/7345 4992/59/7387 4995/80/7346
f 4995/80/7346 5001/61/7388 5004/50/7347
f 5004/50/7347 5010/63/7389 5013/51/7348
f 5013/51/7348 5019/65/7390 5022/52/7349
f 5022/52/7349 5028/67/7391 5031/53/7350
f 5040/55/7351 5028/67/7391 5037/69/7392
f 4977/81/7344 5037/69/7392 4974/71/7385
f 5054/1/7393 5042/2/7394 5045/3/7395
f 5063/5/7396 5051/47/7397 5054/1/7393
f 5069/6/7398 5063/5/7396 5072/7/7399
f 5078/8/7400 5072/7/7399 5081/9/7401
f 5087/10/7402 5081/9/7401 5090/11/7403
f 5096/12/7404 5090/11/7403 5099/13/7405
f 5108/14/7406 5096/12/7404 5099/13/7405
f 5045/15/7395 5105/16/7407 5108/14/7406
f 5050/17/7408 5043/18/7409 5052/19/7410
f 5059/20/7411 5052/19/7410 5061/21/7412
f 5068/22/7413 5061/21/7412 5070/23/7414
f 5077/24/7415 5070/23/7414 5079/25/7416
f 5086/26/7417 5079/25/7416 5088/27/7418
f 5095/28/7419 5088/27/7418 5097/29/7420
f 5104/30/7421 5097/29/7420 5106/31/7422
f 5041/32/7423 5106/31/7422 5043/33/7409
f 5053/34/7424 5043/18/7425 5044/35/7426
f 5062/36/7427 5052/19/7428 5053/34/7424
f 5070/23/7429 5062/36/7427 5071/37/7430
f 5079/25/7431 5071/37/7430 5080/38/7432
f 5088/27/7433 5080/38/7432 5089/39/7434
f 5097/29/7435 5089/39/7434 5098/40/7436
f 5107/41/7437 5097/29/7435 5098/40/7436
f 5044/42/7426 5106/31/7438 5107/41/7437
f 5165/43/7439 5138/44/7439 5183/79/7439
f 5050/17/7440 5045/3/7395 5041/46/7441
f 5059/20/7442 5054/1/7393 5050/17/7440
f 5068/22/7443 5063/5/7396 5059/20/7442
f 5077/24/7444 5072/7/7399 5068/22/7443
f 5086/26/7445 5081/9/7401 5077/24/7444
f 5095/28/7446 5090/11/7403 5086/26/7445
f 5104/30/7447 5099/13/7405 5095/28/7446
f 5041/32/7441 5108/14/7406 5104/30/7447
f 5051/47/7397 5049/48/7448 5042/2/7394
f 5060/4/7449 5058/49/7450 5051/47/7397
f 5076/50/7451 5060/4/7449 5069/6/7398
f 5085/51/7452 5069/6/7398 5078/8/7400
f 5094/52/7453 5078/8/7400 5087/10/7402
f 5103/53/7454 5087/10/7402 5096/12/7404
f 5105/16/7407 5103/53/7454 5096/12/7404
f 5042/54/7394 5112/55/7455 5105/16/7407
f 5055/56/7456 5047/57/7457 5046/58/7458
f 5064/59/7459 5056/60/7460 5055/56/7456
f 5073/61/7461 5065/62/7462 5064/59/7459
f 5082/63/7463 5074/64/7464 5073/61/7461
f 5091/65/7465 5083/66/7466 5082/63/7463
f 5100/67/7467 5092/68/7468 5091/65/7465
f 5109/69/7469 5101/70/7470 5100/67/7467
f 5046/71/7458 5110/72/7471 5109/69/7469
f 5056/60/7472 5048/73/7473 5047/57/7474
f 5065/62/7475 5057/74/7476 5056/60/7472
f 5075/75/7477 5065/62/7475 5074/64/7478
f 5084/76/7479 5074/64/7478 5083/66/7480
f 5093/43/7481 5083/66/7480 5092/68/7482
f 5102/77/7483 5092/68/7482 5101/70/7484
f 5110/72/7485 5102/77/7483 5101/70/7484
f 5047/78/7474 5111/79/7486 5110/72/7485
f 5089/39/7487 5071/37/7487 5053/34/7487
f 5058/49/7450 5046/58/7488 5049/48/7448
f 5064/59/7489 5058/49/7450 5067/80/7490
f 5073/61/7491 5067/80/7490 5076/50/7451
f 5082/63/7492 5076/50/7451 5085/51/7452
f 5091/65/7493 5085/51/7452 5094/52/7453
f 5100/67/7494 5094/52/7453 5103/53/7454
f 5112/55/7455 5100/67/7494 5103/53/7454
f 5049/81/7448 5109/69/7495 5112/55/7455
f 5126/1/7496 5114/2/7497 5123/47/7498
f 5135/5/7499 5123/47/7498 5132/4/7500
f 5135/5/7499 5141/6/7501 5144/7/7502
f 5144/7/7502 5150/8/7503 5153/9/7504
f 5153/9/7504 5159/10/7505 5162/11/7506
f 5162/11/7506 5168/12/7507 5171/13/7508
f 5180/14/7509 5168/12/7507 5177/16/7510
f 5117/15/7511 5177/16/7510 5114/54/7497
f 5115/18/7512 5122/17/7513 5124/19/7514
f 5124/19/7514 5131/20/7515 5133/21/7516
f 5133/21/7516 5140/22/7517 5142/23/7518
f 5142/23/7518 5149/24/7519 5151/25/7520
f 5151/25/7520 5158/26/7521 5160/27/7522
f 5160/27/7522 5167/28/7523 5169/29/7524
f 5169/29/7524 5176/30/7525 5178/31/7526
f 5178/31/7526 5113/32/7527 5115/33/7512
f 5125/34/7528 5115/18/7529 5124/19/7530
f 5134/36/7531 5124/19/7530 5133/21/7532
f 5134/36/7531 5142/23/7533 5143/37/7534
f 5143/37/7534 5151/25/7535 5152/38/7536
f 5152/38/7536 5160/27/7537 5161/39/7538
f 5161/39/7538 5169/29/7539 5170/40/7540
f 5179/41/7541 5169/29/7539 5178/31/7542
f 5116/42/7543 5178/31/7542 5115/33/7529
f 5111/79/7544 5048/73/7545 5057/74/7544
f 5122/17/7546 5117/3/7511 5126/1/7496
f 5131/20/7547 5126/1/7496 5135/5/7499
f 5140/22/7548 5135/5/7499 5144/7/7502
f 5149/24/7549 5144/7/7502 5153/9/7504
f 5158/26/7550 5153/9/7504 5162/11/7506
f 5167/28/7551 5162/11/7506 5171/13/7508
f 5176/30/7552 5171/13/7508 5180/14/7509
f 5113/32/7553 5180/14/7509 5117/15/7511
f 5123/47/7498 5121/48/7554 5130/49/7555
f 5132/4/7500 5130/49/7555 5139/80/7556
f 5132/4/7500 5148/50/7557 5141/6/7501
f 5141/6/7501 5157/51/7558 5150/8/7503
f 5150/8/7503 5166/52/7559 5159/10/7505
f 5159/10/7505 5175/53/7560 5168/12/7507
f 5177/16/7510 5175/53/7560 5184/55/7561
f 5114/54/7497 5184/55/7561 5121/81/7554
f 5127/56/7562 5119/57/7563 5128/60/7564
f 5136/59/7565 5128/60/7564 5137/62/7566
f 5145/61/7567 5137/62/7566 5146/64/7568
f 5154/63/7569 5146/64/7568 5155/66/7570
f 5163/65/7571 5155/66/7570 5164/68/7572
f 5172/67/7573 5164/68/7572 5173/70/7574
f 5181/69/7575 5173/70/7574 5182/72/7576
f 5118/71/7577 5182/72/7576 5119/78/7563
f 5128/60/7578 5120/73/7579 5129/74/7580
f 5137/62/7581 5129/74/7580 5138/44/7582
f 5137/62/7581 5147/75/7583 5146/64/7584
f 5146/64/7584 5156/76/7585 5155/66/7586
f 5155/66/7586 5165/43/7587 5164/68/7588
f 5164/68/7588 5174/77/7589 5173/70/7590
f 5182/72/7591 5174/77/7589 5183/79/7592
f 5119/78/7593 5183/79/7592 5120/45/7579
f 5152/38/7594 5161/39/7594 5125/34/7594
f 5130/49/7555 5118/58/7595 5127/56/7596
f 5130/49/7555 5136/59/7597 5139/80/7556
f 5139/80/7556 5145/61/7598 5148/50/7557
f 5148/50/7557 5154/63/7599 5157/51/7558
f 5157/51/7558 5163/65/7600 5166/52/7559
f 5166/52/7559 5172/67/7601 5175/53/7560
f 5184/55/7561 5172/67/7601 5181/69/7602
f 5121/81/7554 5181/69/7602 5118/71/7595
f 5198/1/7603 5186/2/7604 5189/3/7605
f 5207/5/7606 5195/47/7607 5198/1/7603
f 5213/6/7608 5207/5/7606 5216/7/7609
f 5222/8/7610 5216/7/7609 5225/9/7611
f 5231/10/7612 5225/9/7611 5234/11/7613
f 5240/12/7614 5234/11/7613 5243/13/7615
f 5252/14/7616 5240/12/7614 5243/13/7615
f 5189/15/7605 5249/16/7617 5252/14/7616
f 5194/17/7618 5187/18/7619 5196/19/7620
f 5203/20/7621 5196/19/7620 5205/21/7622
f 5212/22/7623 5205/21/7622 5214/23/7624
f 5221/24/7625 5214/23/7624 5223/25/7626
f 5230/26/7627 5223/25/7626 5232/27/7628
f 5239/28/7629 5232/27/7628 5241/29/7630
f 5248/30/7631 5241/29/7630 5250/31/7632
f 5185/32/7633 5250/31/7632 5187/33/7619
f 5197/34/7634 5187/18/7635 5188/35/7636
f 5206/36/7637 5196/19/7638 5197/34/7634
f 5214/23/7639 5206/36/7637 5215/37/7640
f 5223/25/7641 5215/37/7640 5224/38/7642
f 5232/27/7643 5224/38/7642 5233/39/7644
f 5241/29/7645 5233/39/7644 5242/40/7646
f 5251/41/7647 5241/29/7645 5242/40/7646
f 5188/42/7636 5250/31/7648 5251/41/7647
f 5291/75/7649 5282/44/7650 5273/74/7650
f 5194/17/7651 5189/3/7605 5185/46/7652
f 5203/20/7653 5198/1/7603 5194/17/7651
f 5212/22/7654 5207/5/7606 5203/20/7653
f 5221/24/7655 5216/7/7609 5212/22/7654
f 5230/26/7656 5225/9/7611 5221/24/7655
f 5239/28/7657 5234/11/7613 5230/26/7656
f 5248/30/7658 5243/13/7615 5239/28/7657
f 5185/32/7652 5252/14/7616 5248/30/7658
f 5195/47/7607 5193/48/7659 5186/2/7604
f 5204/4/7660 5202/49/7661 5195/47/7607
f 5220/50/7662 5204/4/7660 5213/6/7608
f 5229/51/7663 5213/6/7608 5222/8/7610
f 5238/52/7664 5222/8/7610 5231/10/7612
f 5247/53/7665 5231/10/7612 5240/12/7614
f 5249/16/7617 5247/53/7665 5240/12/7614
f 5186/54/7604 5256/55/7666 5249/16/7617
f 5199/56/7667 5191/57/7668 5190/58/7669
f 5208/59/7670 5200/60/7671 5199/56/7667
f 5217/61/7672 5209/62/7673 5208/59/7670
f 5226/63/7674 5218/64/7675 5217/61/7672
f 5235/65/7676 5227/66/7677 5226/63/7674
f 5244/67/7678 5236/68/7679 5235/65/7676
f 5253/69/7680 5245/70/7681 5244/67/7678
f 5190/71/7669 5254/72/7682 5253/69/7680
f 5200/60/7683 5192/73/7684 5191/57/7685
f 5209/62/7686 5201/74/7687 5200/60/7683
f 5219/75/7688 5209/62/7686 5218/64/7689
f 5228/76/7690 5218/64/7689 5227/66/7691
f 5237/43/7692 5227/66/7691 5236/68/7693
f 5246/77/7694 5236/68/7693 5245/70/7695
f 5254/72/7696 5246/77/7694 5245/70/7695
f 5191/78/7685 5255/79/7697 5254/72/7696
f 5233/39/7698 5215/37/7698 5197/34/7698
f 5202/49/7661 5190/58/7699 5193/48/7659
f 5208/59/7700 5202/49/7661 5211/80/7701
f 5217/61/7702 5211/80/7701 5220/50/7662
f 5226/63/7703 5220/50/7662 5229/51/7663
f 5235/65/7704 5229/51/7663 5238/52/7664
f 5244/67/7705 5238/52/7664 5247/53/7665
f 5256/55/7666 5244/67/7705 5247/53/7665
f 5193/81/7659 5253/69/7706 5256/55/7666
f 5270/1/7707 5258/2/7708 5267/47/7709
f 5279/5/7710 5267/47/7709 5276/4/7711
f 5279/5/7710 5285/6/7712 5288/7/7713
f 5288/7/7713 5294/8/7714 5297/9/7715
f 5297/9/7715 5303/10/7716 5306/11/7717
f 5315/13/7718 5303/10/7716 5312/12/7719
f 5324/14/7720 5312/12/7719 5321/16/7721
f 5261/15/7722 5321/16/7721 5258/54/7708
f 5259/18/7723 5266/17/7724 5268/19/7725
f 5268/19/7725 5275/20/7726 5277/21/7727
f 5277/21/7727 5284/22/7728 5286/23/7729
f 5286/23/7729 5293/24/7730 5295/25/7731
f 5295/25/7731 5302/26/7732 5304/27/7733
f 5304/27/7733 5311/28/7734 5313/29/7735
f 5313/29/7735 5320/30/7736 5322/31/7737
f 5322/31/7737 5257/32/7738 5259/33/7723
f 5269/34/7739 5259/18/7740 5268/19/7741
f 5278/36/7742 5268/19/7741 5277/21/7743
f 5278/36/7742 5286/23/7744 5287/37/7745
f 5287/37/7745 5295/25/7746 5296/38/7747
f 5296/38/7747 5304/27/7748 5305/39/7749
f 5305/39/7749 5313/29/7750 5314/40/7751
f 5323/41/7752 5313/29/7750 5322/31/7753
f 5260/42/7754 5322/31/7753 5259/33/7740
f 5237/43/7755 5192/73/7755 5219/75/7755
f 5266/17/7756 5261/3/7722 5270/1/7707
f 5275/20/7757 5270/1/7707 5279/5/7710
f 5284/22/7758 5279/5/7710 5288/7/7713
f 5293/24/7759 5288/7/7713 5297/9/7715
f 5302/26/7760 5297/9/7715 5306/11/7717
f 5311/28/7761 5306/11/7717 5315/13/7718
f 5320/30/7762 5315/13/7718 5324/14/7720
f 5257/32/7763 5324/14/7720 5261/15/7722
f 5267/47/7709 5265/48/7764 5274/49/7765
f 5276/4/7711 5274/49/7765 5283/80/7766
f 5276/4/7711 5292/50/7767 5285/6/7712
f 5285/6/7712 5301/51/7768 5294/8/7714
f 5294/8/7714 5310/52/7769 5303/10/7716
f 5303/10/7716 5319/53/7770 5312/12/7719
f 5321/16/7721 5319/53/7770 5328/55/7771
f 5258/54/7708 5328/55/7771 5265/81/7764
f 5271/56/7772 5263/57/7773 5272/60/7774
f 5280/59/7775 5272/60/7774 5281/62/7776
f 5289/61/7777 5281/62/7776 5290/64/7778
f 5298/63/7779 5290/64/7778 5299/66/7780
f 5307/65/7781 5299/66/7780 5308/68/7782
f 5316/67/7783 5308/68/7782 5317/70/7784
f 5325/69/7785 5317/70/7784 5326/72/7786
f 5262/71/7787 5326/72/7786 5263/78/7773
f 5272/60/7788 5264/73/7789 5273/74/7790
f 5281/62/7791 5273/74/7790 5282/44/7792
f 5281/62/7791 5291/75/7793 5290/64/7794
f 5290/64/7794 5300/76/7795 5299/66/7796
f 5299/66/7796 5309/43/7797 5308/68/7798
f 5308/68/7798 5318/77/7799 5317/70/7800
f 5326/72/7801 5318/77/7799 5327/79/7802
f 5263/78/7803 5327/79/7802 5264/45/7789
f 5278/36/7804 5296/38/7804 5314/40/7804
f 5274/49/7765 5262/58/7805 5271/56/7806
f 5274/49/7765 5280/59/7807 5283/80/7766
f 5283/80/7766 5289/61/7808 5292/50/7767
f 5292/50/7767 5298/63/7809 5301/51/7768
f 5301/51/7768 5307/65/7810 5310/52/7769
f 5310/52/7769 5316/67/7811 5319/53/7770
f 5328/55/7771 5316/67/7811 5325/69/7812
f 5265/81/7764 5325/69/7812 5262/71/7805
f 5342/1/7813 5330/2/7814 5333/3/7815
f 5351/5/7816 5339/47/7817 5342/1/7813
f 5357/6/7818 5351/5/7816 5360/7/7819
f 5366/8/7820 5360/7/7819 5369/9/7821
f 5375/10/7822 5369/9/7821 5378/11/7823
f 5384/12/7824 5378/11/7823 5387/13/7825
f 5396/14/7826 5384/12/7824 5387/13/7825
f 5333/15/7815 5393/16/7827 5396/14/7826
f 5338/17/7828 5331/18/7829 5340/19/7830
f 5347/20/7831 5340/19/7830 5349/21/7832
f 5356/22/7833 5349/21/7832 5358/23/7834
f 5365/24/7835 5358/23/7834 5367/25/7836
f 5374/26/7837 5367/25/7836 5376/27/7838
f 5383/28/7839 5376/27/7838 5385/29/7840
f 5392/30/7841 5385/29/7840 5394/31/7842
f 5329/32/7843 5394/31/7842 5331/33/7829
f 5341/34/7844 5331/18/7845 5332/35/7846
f 5350/36/7847 5340/19/7848 5341/34/7844
f 5358/23/7849 5350/36/7847 5359/37/7850
f 5367/25/7851 5359/37/7850 5368/38/7852
f 5376/27/7853 5368/38/7852 5377/39/7854
f 5385/29/7855 5377/39/7854 5386/40/7856
f 5395/41/7857 5385/29/7855 5386/40/7856
f 5332/42/7846 5394/31/7858 5395/41/7857
f 5435/75/7859 5426/44/7859 5408/45/7860
f 5338/17/7861 5333/3/7815 5329/46/7862
f 5347/20/7863 5342/1/7813 5338/17/7861
f 5356/22/7864 5351/5/7816 5347/20/7863
f 5365/24/7865 5360/7/7819 5356/22/7864
f 5374/26/7866 5369/9/7821 5365/24/7865
f 5383/28/7867 5378/11/7823 5374/26/7866
f 5392/30/7868 5387/13/7825 5383/28/7867
f 5329/32/7862 5396/14/7826 5392/30/7868
f 5339/47/7817 5337/48/7869 5330/2/7814
f 5348/4/7870 5346/49/7871 5339/47/7817
f 5364/50/7872 5348/4/7870 5357/6/7818
f 5373/51/7873 5357/6/7818 5366/8/7820
f 5382/52/7874 5366/8/7820 5375/10/7822
f 5391/53/7875 5375/10/7822 5384/12/7824
f 5393/16/7827 5391/53/7875 5384/12/7824
f 5330/54/7814 5400/55/7876 5393/16/7827
f 5343/56/7877 5335/57/7878 5334/58/7879
f 5352/59/7880 5344/60/7881 5343/56/7877
f 5361/61/7882 5353/62/7883 5352/59/7880
f 5370/63/7884 5362/64/7885 5361/61/7882
f 5379/65/7886 5371/66/7887 5370/63/7884
f 5388/67/7888 5380/68/7889 5379/65/7886
f 5397/69/7890 5389/70/7891 5388/67/7888
f 5334/71/7879 5398/72/7892 5397/69/7890
f 5344/60/7893 5336/73/7894 5335/57/7895
f 5353/62/7896 5345/74/7897 5344/60/7893
f 5363/75/7898 5353/62/7896 5362/64/7899
f 5372/76/7900 5362/64/7899 5371/66/7901
f 5381/43/7902 5371/66/7901 5380/68/7903
f 5390/77/7904 5380/68/7903 5389/70/7905
f 5398/72/7906 5390/77/7904 5389/70/7905
f 5335/78/7895 5399/79/7907 5398/72/7906
f 5341/34/7908 5395/41/7908 5368/38/7908
f 5346/49/7871 5334/58/7909 5337/48/7869
f 5352/59/7910 5346/49/7871 5355/80/7911
f 5361/61/7912 5355/80/7911 5364/50/7872
f 5370/63/7913 5364/50/7872 5373/51/7873
f 5379/65/7914 5373/51/7873 5382/52/7874
f 5388/67/7915 5382/52/7874 5391/53/7875
f 5400/55/7876 5388/67/7915 5391/53/7875
f 5337/81/7869 5397/69/7916 5400/55/7876
f 5414/1/7917 5402/2/7918 5411/47/7919
f 5423/5/7920 5411/47/7919 5420/4/7921
f 5423/5/7920 5429/6/7922 5432/7/7923
f 5432/7/7923 5438/8/7924 5441/9/7925
f 5441/9/7925 5447/10/7926 5450/11/7927
f 5450/11/7927 5456/12/7928 5459/13/7929
f 5468/14/7930 5456/12/7928 5465/16/7931
f 5405/15/7932 5465/16/7931 5402/54/7918
f 5403/18/7933 5410/17/7934 5412/19/7935
f 5412/19/7935 5419/20/7936 5421/21/7937
f 5421/21/7937 5428/22/7938 5430/23/7939
f 5430/23/7939 5437/24/7940 5439/25/7941
f 5439/25/7941 5446/26/7942 5448/27/7943
f 5448/27/7943 5455/28/7944 5457/29/7945
f 5457/29/7945 5464/30/7946 5466/31/7947
f 5466/31/7947 5401/32/7948 5403/33/7933
f 5413/34/7949 5403/18/7950 5412/19/7951
f 5422/36/7952 5412/19/7951 5421/21/7953
f 5422/36/7952 5430/23/7954 5431/37/7955
f 5431/37/7955 5439/25/7956 5440/38/7957
f 5440/38/7957 5448/27/7958 5449/39/7959
f 5449/39/7959 5457/29/7960 5458/40/7961
f 5467/41/7962 5457/29/7960 5466/31/7963
f 5404/42/7964 5466/31/7963 5403/33/7950
f 5354/44/7965 5381/43/7966 5399/79/7965
f 5410/17/7967 5405/3/7932 5414/1/7917
f 5419/20/7968 5414/1/7917 5423/5/7920
f 5428/22/7969 5423/5/7920 5432/7/7923
f 5437/24/7970 5432/7/7923 5441/9/7925
f 5446/26/7971 5441/9/7925 5450/11/7927
f 5455/28/7972 5450/11/7927 5459/13/7929
f 5464/30/7973 5459/13/7929 5468/14/7930
f 5401/32/7974 5468/14/7930 5405/15/7932
f 5411/47/7919 5409/48/7975 5418/49/7976
f 5420/4/7921 5418/49/7976 5427/80/7977
f 5420/4/7921 5436/50/7978 5429/6/7922
f 5429/6/7922 5445/51/7979 5438/8/7924
f 5438/8/7924 5454/52/7980 5447/10/7926
f 5447/10/7926 5463/53/7981 5456/12/7928
f 5465/16/7931 5463/53/7981 5472/55/7982
f 5402/54/7918 5472/55/7982 5409/81/7975
f 5415/56/7983 5407/57/7984 5416/60/7985
f 5424/59/7986 5416/60/7985 5425/62/7987
f 5433/61/7988 5425/62/7987 5434/64/7989
f 5442/63/7990 5434/64/7989 5443/66/7991
f 5451/65/7992 5443/66/7991 5452/68/7993
f 5460/67/7994 5452/68/7993 5461/70/7995
f 5469/69/7996 5461/70/7995 5470/72/7997
f 5406/71/7998 5470/72/7997 5407/78/7984
f 5416/60/7999 5408/73/8000 5417/74/8001
f 5425/62/8002 5417/74/8001 5426/44/8003
f 5425/62/8002 5435/75/8004 5434/64/8005
f 5434/64/8005 5444/76/8006 5443/66/8007
f 5443/66/8007 5453/43/8008 5452/68/8009
f 5452/68/8009 5462/77/8010 5461/70/8011
f 5470/72/8012 5462/77/8010 5471/79/8013
f 5407/78/8014 5471/79/8013 5408/45/8000
f 5440/38/8015 5404/35/8015 5422/36/8015
f 5418/49/7976 5406/58/8016 5415/56/8017
f 5418/49/7976 5424/59/8018 5427/80/7977
f 5427/80/7977 5433/61/8019 5436/50/7978
f 5436/50/7978 5442/63/8020 5445/51/7979
f 5445/51/7979 5451/65/8021 5454/52/7980
f 5454/52/7980 5460/67/8022 5463/53/7981
f 5472/55/7982 5460/67/8022 5469/69/8023
f 5409/81/7975 5469/69/8023 5406/71/8016
f 5486/1/8024 5474/2/8025 5477/3/8026
f 5495/5/8027 5483/47/8028 5486/1/8024
f 5501/6/8029 5495/5/8027 5504/7/8030
f 5510/8/8031 5504/7/8030 5513/9/8032
f 5519/10/8033 5513/9/8032 5522/11/8034
f 5531/13/8035 5519/10/8033 5522/11/8034
f 5540/14/8036 5528/12/8037 5531/13/8035
f 5477/15/8026 5537/16/8038 5540/14/8036
f 5482/17/8039 5475/18/8040 5484/19/8041
f 5491/20/8042 5484/19/8041 5493/21/8043
f 5500/22/8044 5493/21/8043 5502/23/8045
f 5509/24/8046 5502/23/8045 5511/25/8047
f 5518/26/8048 5511/25/8047 5520/27/8049
f 5527/28/8050 5520/27/8049 5529/29/8051
f 5536/30/8052 5529/29/8051 5538/31/8053
f 5473/32/8054 5538/31/8053 5475/33/8040
f 5485/34/8055 5475/18/8056 5476/35/8057
f 5494/36/8058 5484/19/8059 5485/34/8055
f 5502/23/8060 5494/36/8058 5503/37/8061
f 5511/25/8062 5503/37/8061 5512/38/8063
f 5520/27/8064 5512/38/8063 5521/39/8065
f 5529/29/8066 5521/39/8065 5530/40/8067
f 5539/41/8068 5529/29/8066 5530/40/8067
f 5476/42/8057 5538/31/8069 5539/41/8068
f 5615/79/8070 5597/43/8070 5579/75/8071
f 5482/17/8072 5477/3/8026 5473/46/8073
f 5491/20/8074 5486/1/8024 5482/17/8072
f 5500/22/8075 5495/5/8027 5491/20/8074
f 5509/24/8076 5504/7/8030 5500/22/8075
f 5518/26/8077 5513/9/8032 5509/24/8076
f 5527/28/8078 5522/11/8034 5518/26/8077
f 5536/30/8079 5531/13/8035 5527/28/8078
f 5473/32/8073 5540/14/8036 5536/30/8079
f 5483/47/8028 5481/48/8080 5474/2/8025
f 5492/4/8081 5490/49/8082 5483/47/8028
f 5508/50/8083 5492/4/8081 5501/6/8029
f 5517/51/8084 5501/6/8029 5510/8/8031
f 5526/52/8085 5510/8/8031 5519/10/8033
f 5535/53/8086 5519/10/8033 5528/12/8037
f 5537/16/8038 5535/53/8086 5528/12/8037
f 5474/54/8025 5544/55/8087 5537/16/8038
f 5487/56/8088 5479/57/8089 5478/58/8090
f 5496/59/8091 5488/60/8092 5487/56/8088
f 5505/61/8093 5497/62/8094 5496/59/8091
f 5514/63/8095 5506/64/8096 5505/61/8093
f 5523/65/8097 5515/66/8098 5514/63/8095
f 5532/67/8099 5524/68/8100 5523/65/8097
f 5541/69/8101 5533/70/8102 5532/67/8099
f 5478/71/8090 5542/72/8103 5541/69/8101
f 5488/60/8104 5480/73/8105 5479/57/8106
f 5497/62/8107 5489/74/8108 5488/60/8104
f 5507/75/8109 5497/62/8107 5506/64/8110
f 5516/76/8111 5506/64/8110 5515/66/8112
f 5525/43/8113 5515/66/8112 5524/68/8114
f 5534/77/8115 5524/68/8114 5533/70/8116
f 5542/72/8117 5534/77/8115 5533/70/8116
f 5479/78/8106 5543/79/8118 5542/72/8117
f 5503/37/8119 5494/36/8119 5485/34/8119
f 5490/49/8082 5478/58/8120 5481/48/8080
f 5496/59/8121 5490/49/8082 5499/80/8122
f 5505/61/8123 5499/80/8122 5508/50/8083
f 5514/63/8124 5508/50/8083 5517/51/8084
f 5523/65/8125 5517/51/8084 5526/52/8085
f 5532/67/8126 5526/52/8085 5535/53/8086
f 5544/55/8087 5532/67/8126 5535/53/8086
f 5481/81/8080 5541/69/8127 5544/55/8087
f 5558/1/8128 5546/2/8129 5555/47/8130
f 5567/5/8131 5555/47/8130 5564/4/8132
f 5567/5/8131 5573/6/8133 5576/7/8134
f 5576/7/8134 5582/8/8135 5585/9/8136
f 5585/9/8136 5591/10/8137 5594/11/8138
f 5594/11/8138 5600/12/8139 5603/13/8140
f 5612/14/8141 5600/12/8139 5609/16/8142
f 5549/15/8143 5609/16/8142 5546/54/8129
f 5547/18/8144 5554/17/8145 5556/19/8146
f 5556/19/8146 5563/20/8147 5565/21/8148
f 5565/21/8148 5572/22/8149 5574/23/8150
f 5574/23/8150 5581/24/8151 5583/25/8152
f 5583/25/8152 5590/26/8153 5592/27/8154
f 5592/27/8154 5599/28/8155 5601/29/8156
f 5601/29/8156 5608/30/8157 5610/31/8158
f 5610/31/8158 5545/32/8159 5547/33/8144
f 5557/34/8160 5547/18/8161 5556/19/8162
f 5566/36/8163 5556/19/8162 5565/21/8164
f 5566/36/8163 5574/23/8165 5575/37/8166
f 5575/37/8166 5583/25/8167 5584/38/8168
f 5584/38/8168 5592/27/8169 5593/39/8170
f 5593/39/8170 5601/29/8171 5602/40/8172
f 5611/41/8173 5601/29/8171 5610/31/8174
f 5548/42/8175 5610/31/8174 5547/33/8161
f 5489/74/8176 5507/75/8177 5534/77/8176
f 5554/17/8178 5549/3/8143 5558/1/8128
f 5563/20/8179 5558/1/8128 5567/5/8131
f 5572/22/8180 5567/5/8131 5576/7/8134
f 5581/24/8181 5576/7/8134 5585/9/8136
f 5590/26/8182 5585/9/8136 5594/11/8138
f 5599/28/8183 5594/11/8138 5603/13/8140
f 5608/30/8184 5603/13/8140 5612/14/8141
f 5545/32/8185 5612/14/8141 5549/15/8143
f 5555/47/8130 5553/48/8186 5562/49/8187
f 5564/4/8132 5562/49/8187 5571/80/8188
f 5564/4/8132 5580/50/8189 5573/6/8133
f 5573/6/8133 5589/51/8190 5582/8/8135
f 5582/8/8135 5598/52/8191 5591/10/8137
f 5591/10/8137 5607/53/8192 5600/12/8139
f 5609/16/8142 5607/53/8192 5616/55/8193
f 5546/54/8129 5616/55/8193 5553/81/8186
f 5559/56/8194 5551/57/8195 5560/60/8196
f 5568/59/8197 5560/60/8196 5569/62/8198
f 5577/61/8199 5569/62/8198 5578/64/8200
f 5586/63/8201 5578/64/8200 5587/66/8202
f 5595/65/8203 5587/66/8202 5596/68/8204
f 5604/67/8205 5596/68/8204 5605/70/8206
f 5613/69/8207 5605/70/8206 5614/72/8208
f 5550/71/8209 5614/72/8208 5551/78/8195
f 5560/60/8210 5552/73/8211 5561/74/8212
f 5569/62/8213 5561/74/8212 5570/44/8214
f 5569/62/8213 5579/75/8215 5578/64/8216
f 5578/64/8216 5588/76/8217 5587/66/8218
f 5587/66/8218 5597/43/8219 5596/68/8220
f 5596/68/8220 5606/77/8221 5605/70/8222
f 5614/72/8223 5606/77/8221 5615/79/8224
f 5551/78/8225 5615/79/8224 5552/45/8211
f 5584/38/8226 5593/39/8226 5557/34/8226
f 5562/49/8187 5550/58/8227 5559/56/8228
f 5562/49/8187 5568/59/8229 5571/80/8188
f 5571/80/8188 5577/61/8230 5580/50/8189
f 5580/50/8189 5586/63/8231 5589/51/8190
f 5589/51/8190 5595/65/8232 5598/52/8191
f 5598/52/8191 5604/67/8233 5607/53/8192
f 5616/55/8193 5604/67/8233 5613/69/8234
f 5553/81/8186 5613/69/8234 5550/71/8227
f 5630/1/8235 5618/2/8236 5621/3/8237
f 5639/5/8238 5627/47/8239 5630/1/8235
f 5645/6/8240 5639/5/8238 5648/7/8241
f 5654/8/8242 5648/7/8241 5657/9/8243
f 5663/10/8244 5657/9/8243 5666/11/8245
f 5672/12/8246 5666/11/8245 5675/13/8247
f 5684/14/8248 5672/12/8246 5675/13/8247
f 5621/15/8237 5681/16/8249 5684/14/8248
f 5626/17/8250 5619/18/8251 5628/19/8252
f 5635/20/8253 5628/19/8252 5637/21/8254
f 5644/22/8255 5637/21/8254 5646/23/8256
f 5653/24/8257 5646/23/8256 5655/25/8258
f 5662/26/8259 5655/25/8258 5664/27/8260
f 5671/28/8261 5664/27/8260 5673/29/8262
f 5680/30/8263 5673/29/8262 5682/31/8264
f 5617/32/8265 5682/31/8264 5619/33/8251
f 5629/34/8266 5619/18/8267 5620/35/8268
f 5638/36/8269 5628/19/8270 5629/34/8266
f 5646/23/8271 5638/36/8269 5647/37/8272
f 5655/25/8273 5647/37/8272 5656/38/8274
f 5664/27/8275 5656/38/8274 5665/39/8276
f 5673/29/8277 5665/39/8276 5674/40/8278
f 5683/41/8279 5673/29/8277 5674/40/8278
f 5620/42/8268 5682/31/8280 5683/41/8279
f 5696/45/8281 5741/43/8281 5723/75/8282
f 5626/17/8283 5621/3/8237 5617/46/8284
f 5635/20/8285 5630/1/8235 5626/17/8283
f 5644/22/8286 5639/5/8238 5635/20/8285
f 5653/24/8287 5648/7/8241 5644/22/8286
f 5662/26/8288 5657/9/8243 5653/24/8287
f 5671/28/8289 5666/11/8245 5662/26/8288
f 5680/30/8290 5675/13/8247 5671/28/8289
f 5617/32/8284 5684/14/8248 5680/30/8290
f 5627/47/8239 5625/48/8291 5618/2/8236
f 5636/4/8292 5634/49/8293 5627/47/8239
f 5652/50/8294 5636/4/8292 5645/6/8240
f 5661/51/8295 5645/6/8240 5654/8/8242
f 5670/52/8296 5654/8/8242 5663/10/8244
f 5679/53/8297 5663/10/8244 5672/12/8246
f 5681/16/8249 5679/53/8297 5672/12/8246
f 5618/54/8236 5688/55/8298 5681/16/8249
f 5631/56/8299 5623/57/8300 5622/58/8301
f 5640/59/8302 5632/60/8303 5631/56/8299
f 5649/61/8304 5641/62/8305 5640/59/8302
f 5658/63/8306 5650/64/8307 5649/61/8304
f 5667/65/8308 5659/66/8309 5658/63/8306
f 5676/67/8310 5668/68/8311 5667/65/8308
f 5685/69/8312 5677/70/8313 5676/67/8310
f 5622/71/8301 5686/72/8314 5685/69/8312
f 5632/60/8315 5624/73/8316 5623/57/8317
f 5641/62/8318 5633/74/8319 5632/60/8315
f 5651/75/8320 5641/62/8318 5650/64/8321
f 5660/76/8322 5650/64/8321 5659/66/8323
f 5669/43/8324 5659/66/8323 5668/68/8325
f 5678/77/8326 5668/68/8325 5677/70/8327
f 5686/72/8328 5678/77/8326 5677/70/8327
f 5623/78/8317 5687/79/8329 5686/72/8328
f 5665/39/8330 5647/37/8330 5629/34/8330
f 5634/49/8293 5622/58/8331 5625/48/8291
f 5640/59/8332 5634/49/8293 5643/80/8333
f 5649/61/8334 5643/80/8333 5652/50/8294
f 5658/63/8335 5652/50/8294 5661/51/8295
f 5667/65/8336 5661/51/8295 5670/52/8296
f 5676/67/8337 5670/52/8296 5679/53/8297
f 5688/55/8298 5676/67/8337 5679/53/8297
f 5625/81/8291 5685/69/8338 5688/55/8298
f 5702/1/8339 5690/2/8340 5699/47/8341
f 5702/1/8339 5708/4/8342 5711/5/8343
f 5711/5/8343 5717/6/8344 5720/7/8345
f 5720/7/8345 5726/8/8346 5729/9/8347
f 5729/9/8347 5735/10/8348 5738/11/8349
f 5738/11/8349 5744/12/8350 5747/13/8351
f 5756/14/8352 5744/12/8350 5753/16/8353
f 5693/15/8354 5753/16/8353 5690/54/8340
f 5691/18/8355 5698/17/8356 5700/19/8357
f 5700/19/8357 5707/20/8358 5709/21/8359
f 5709/21/8359 5716/22/8360 5718/23/8361
f 5718/23/8361 5725/24/8362 5727/25/8363
f 5727/25/8363 5734/26/8364 5736/27/8365
f 5736/27/8365 5743/28/8366 5745/29/8367
f 5745/29/8367 5752/30/8368 5754/31/8369
f 5754/31/8369 5689/32/8370 5691/33/8355
f 5701/34/8371 5691/18/8372 5700/19/8373
f 5710/36/8374 5700/19/8373 5709/21/8375
f 5710/36/8374 5718/23/8376 5719/37/8377
f 5719/37/8377 5727/25/8378 5728/38/8379
f 5728/38/8379 5736/27/8380 5737/39/8381
f 5737/39/8381 5745/29/8382 5746/40/8383
f 5755/41/8384 5745/29/8382 5754/31/8385
f 5692/42/8386 5754/31/8385 5691/33/8372
f 5687/79/8387 5624/73/8388 5633/74/8387
f 5698/17/8389 5693/3/8354 5702/1/8339
f 5707/20/8390 5702/1/8339 5711/5/8343
f 5716/22/8391 5711/5/8343 5720/7/8345
f 5725/24/8392 5720/7/8345 5729/9/8347
f 5734/26/8393 5729/9/8347 5738/11/8349
f 5743/28/8394 5738/11/8349 5747/13/8351
f 5752/30/8395 5747/13/8351 5756/14/8352
f 5689/32/8396 5756/14/8352 5693/15/8354
f 5699/47/8341 5697/48/8397 5706/49/8398
f 5708/4/8342 5706/49/8398 5715/80/8399
f 5708/4/8342 5724/50/8400 5717/6/8344
f 5717/6/8344 5733/51/8401 5726/8/8346
f 5726/8/8346 5742/52/8402 5735/10/8348
f 5735/10/8348 5751/53/8403 5744/12/8350
f 5753/16/8353 5751/53/8403 5760/55/8404
f 5690/54/8340 5760/55/8404 5697/81/8397
f 5703/56/8405 5695/57/8406 5704/60/8407
f 5712/59/8408 5704/60/8407 5713/62/8409
f 5721/61/8410 5713/62/8409 5722/64/8411
f 5730/63/8412 5722/64/8411 5731/66/8413
f 5739/65/8414 5731/66/8413 5740/68/8415
f 5748/67/8416 5740/68/8415 5749/70/8417
f 5757/69/8418 5749/70/8417 5758/72/8419
f 5694/71/8420 5758/72/8419 5695/78/8406
f 5704/60/8421 5696/73/8422 5705/74/8423
f 5713/62/8424 5705/74/8423 5714/44/8425
f 5713/62/8424 5723/75/8426 5722/64/8427
f 5722/64/8427 5732/76/8428 5731/66/8429
f 5731/66/8429 5741/43/8430 5740/68/8431
f 5740/68/8431 5750/77/8432 5749/70/8433
f 5758/72/8434 5750/77/8432 5759/79/8435
f 5695/78/8436 5759/79/8435 5696/45/8422
f 5719/37/8437 5728/38/8437 5737/39/8437
f 5706/49/8398 5694/58/8438 5703/56/8439
f 5706/49/8398 5712/59/8440 5715/80/8399
f 5715/80/8399 5721/61/8441 5724/50/8400
f 5724/50/8400 5730/63/8442 5733/51/8401
f 5733/51/8401 5739/65/8443 5742/52/8402
f 5742/52/8402 5748/67/8444 5751/53/8403
f 5760/55/8404 5748/67/8444 5757/69/8445
f 5697/81/8397 5757/69/8445 5694/71/8438
f 14/1/1 11/47/57 2/2/2
f 20/4/4 11/47/57 14/1/1
f 29/6/6 20/4/4 23/5/5
f 38/8/8 29/6/6 32/7/7
f 47/10/10 38/8/8 41/9/9
f 56/12/12 47/10/10 50/11/11
f 68/14/14 65/16/15 56/12/12
f 5/15/3 2/54/2 65/16/15
f 10/17/16 1/46/31 3/18/17
f 19/20/19 10/17/16 12/19/18
f 28/22/21 19/20/19 21/21/20
f 37/24/23 28/22/21 30/23/22
f 46/26/25 37/24/23 39/25/24
f 55/28/27 46/26/25 48/27/26
f 64/30/29 55/28/27 57/29/28
f 1/32/31 64/30/29 66/31/30
f 13/34/32 12/19/36 3/18/33
f 22/36/35 21/21/8446 12/19/36
f 30/23/37 21/21/8446 22/36/35
f 39/25/39 30/23/37 31/37/38
f 48/27/41 39/25/39 40/38/40
f 57/29/43 48/27/41 49/39/42
f 67/41/45 66/31/46 57/29/43
f 4/42/34 3/33/33 66/31/46
f 89/74/8447 80/45/48 98/44/47
f 80/45/48 143/79/8447 134/77/48
f 125/43/47 80/45/48 134/77/48
f 125/43/47 116/76/47 107/75/47
f 107/75/47 98/44/47 125/43/47
f 10/17/49 14/1/1 5/3/3
f 19/20/51 23/5/5 14/1/1
f 28/22/52 32/7/7 23/5/5
f 37/24/53 41/9/9 32/7/7
f 46/26/54 50/11/11 41/9/9
f 55/28/55 59/13/13 50/11/11
f 64/30/56 68/14/14 59/13/13
f 1/32/50 5/15/3 68/14/14
f 11/47/57 18/49/59 9/48/58
f 20/4/4 27/80/99 18/49/59
f 36/50/60 27/80/99 20/4/4
f 45/51/61 36/50/60 29/6/6
f 54/52/62 45/51/61 38/8/8
f 63/53/63 54/52/62 47/10/10
f 65/16/15 72/55/64 63/53/63
f 2/54/2 9/81/58 72/55/64
f 15/56/65 16/60/69 7/57/66
f 24/59/68 25/62/71 16/60/69
f 33/61/70 34/64/73 25/62/71
f 42/63/72 43/66/75 34/64/73
f 51/65/74 52/68/77 43/66/75
f 60/67/76 61/70/79 52/68/77
f 69/69/78 70/72/80 61/70/79
f 6/71/67 7/78/66 70/72/80
f 16/60/81 17/74/85 8/73/82
f 25/62/84 26/44/8448 17/74/85
f 35/75/86 26/44/8448 25/62/84
f 44/76/88 35/75/86 34/64/87
f 53/43/90 44/76/88 43/66/89
f 62/77/92 53/43/90 52/68/91
f 70/72/94 71/79/95 62/77/92
f 7/78/83 8/45/82 71/79/95
f 13/34/96 4/42/8449 67/41/96
f 67/41/96 58/40/96 49/39/96
f 49/39/96 40/38/8449 31/37/96
f 31/37/96 22/36/96 49/39/96
f 22/36/96 13/34/96 67/41/96
f 18/49/59 15/56/8450 6/58/97
f 24/59/98 15/56/8450 18/49/59
f 33/61/100 24/59/98 27/80/99
f 42/63/101 33/61/100 36/50/60
f 51/65/102 42/63/101 45/51/61
f 60/67/103 51/65/102 54/52/62
f 72/55/64 69/69/104 60/67/103
f 9/81/58 6/71/97 69/69/104
f 86/1/105 77/3/120 74/2/106
f 95/5/108 86/1/105 83/47/107
f 95/5/108 92/4/109 101/6/110
f 104/7/111 101/6/110 110/8/112
f 113/9/113 110/8/112 119/10/114
f 122/11/115 119/10/114 128/12/116
f 140/14/118 131/13/117 128/12/116
f 77/15/120 140/14/118 137/16/119
f 75/18/121 73/46/136 82/17/122
f 84/19/123 82/17/122 91/20/124
f 93/21/125 91/20/124 100/22/126
f 102/23/127 100/22/126 109/24/128
f 111/25/129 109/24/128 118/26/130
f 120/27/131 118/26/130 127/28/132
f 129/29/133 127/28/132 136/30/134
f 138/31/135 136/30/134 73/32/136
f 85/34/137 76/35/152 75/18/138
f 94/36/140 85/34/137 84/19/139
f 94/36/140 93/21/141 102/23/142
f 103/37/143 102/23/142 111/25/144
f 112/38/145 111/25/144 120/27/146
f 121/39/147 120/27/146 129/29/148
f 139/41/150 130/40/149 129/29/148
f 76/42/152 139/41/150 138/31/151
f 17/74/153 26/44/8451 44/76/8451
f 26/44/8451 35/75/8451 44/76/8451
f 44/76/8451 53/43/8451 71/79/153
f 17/74/153 44/76/8451 71/79/153
f 53/43/8451 62/77/153 71/79/153
f 82/17/154 73/46/161 77/3/120
f 91/20/155 82/17/154 86/1/105
f 100/22/156 91/20/155 95/5/108
f 109/24/157 100/22/156 104/7/111
f 118/26/158 109/24/157 113/9/113
f 127/28/159 118/26/158 122/11/115
f 136/30/160 127/28/159 131/13/117
f 73/32/161 136/30/160 140/14/118
f 83/47/107 74/2/106 81/48/162
f 92/4/109 83/47/107 90/49/163
f 92/4/109 99/80/164 108/50/165
f 101/6/110 108/50/165 117/51/166
f 110/8/112 117/51/166 126/52/167
f 119/10/114 126/52/167 135/53/168
f 137/16/119 128/12/116 135/53/168
f 74/54/106 137/16/119 144/55/169
f 87/56/170 78/58/185 79/57/171
f 96/59/173 87/56/170 88/60/172
f 105/61/175 96/59/173 97/62/174
f 114/63/177 105/61/175 106/64/176
f 123/65/179 114/63/177 115/66/178
f 132/67/181 123/65/179 124/68/180
f 141/69/183 132/67/181 133/70/182
f 78/71/185 141/69/183 142/72/184
f 88/60/186 79/57/201 80/73/187
f 97/62/189 88/60/186 89/74/188
f 97/62/189 98/44/190 107/75/191
f 106/64/192 107/75/191 116/76/193
f 115/66/194 116/76/193 125/43/195
f 124/68/196 125/43/195 134/77/197
f 142/72/199 133/70/198 134/77/197
f 79/78/201 142/72/199 143/79/200
f 121/39/202 130/40/202 103/37/203
f 130/40/202 139/41/203 85/34/203
f 139/41/203 76/35/203 85/34/203
f 85/34/203 94/36/8452 103/37/203
f 103/37/203 112/38/203 121/39/202
f 90/49/163 81/48/162 78/58/204
f 90/49/163 87/56/205 96/59/206
f 99/80/164 96/59/206 105/61/207
f 108/50/165 105/61/207 114/63/208
f 117/51/166 114/63/208 123/65/209
f 126/52/167 123/65/209 132/67/210
f 144/55/169 135/53/168 132/67/210
f 81/81/162 144/55/169 141/69/211
f 158/1/212 155/47/216 146/2/213
f 167/5/215 164/4/270 155/47/216
f 173/6/217 164/4/270 167/5/215
f 182/8/219 173/6/217 176/7/218
f 191/10/221 182/8/219 185/9/220
f 200/12/223 191/10/221 194/11/222
f 212/14/225 209/16/226 200/12/223
f 149/15/214 146/54/213 209/16/226
f 154/17/227 145/46/242 147/18/228
f 163/20/230 154/17/227 156/19/229
f 172/22/232 163/20/230 165/21/231
f 181/24/234 172/22/232 174/23/233
f 190/26/236 181/24/234 183/25/235
f 199/28/238 190/26/236 192/27/237
f 208/30/240 199/28/238 201/29/239
f 145/32/242 208/30/240 210/31/241
f 157/34/243 156/19/247 147/18/244
f 166/36/246 165/21/8453 156/19/247
f 174/23/248 165/21/8453 166/36/246
f 183/25/250 174/23/248 175/37/249
f 192/27/252 183/25/250 184/38/251
f 201/29/254 192/27/252 193/39/253
f 211/41/256 210/31/257 201/29/254
f 148/42/245 147/33/244 210/31/257
f 233/74/259 224/45/259 287/79/259
f 287/79/259 278/77/258 233/74/259
f 278/77/258 269/43/260 233/74/259
f 269/43/260 260/76/259 251/75/259
f 251/75/259 242/44/258 269/43/260
f 154/17/261 158/1/212 149/3/214
f 163/20/263 167/5/215 158/1/212
f 172/22/264 176/7/218 167/5/215
f 181/24/265 185/9/220 176/7/218
f 190/26/266 194/11/222 185/9/220
f 199/28/267 203/13/224 194/11/222
f 208/30/268 212/14/225 203/13/224
f 145/32/262 149/15/214 212/14/225
f 155/47/216 162/49/271 153/48/269
f 164/4/270 171/80/312 162/49/271
f 180/50/272 171/80/312 164/4/270
f 189/51/273 180/50/272 173/6/217
f 198/52/274 189/51/273 182/8/219
f 207/53/275 198/52/274 191/10/221
f 209/16/226 216/55/276 207/53/275
f 146/54/213 153/81/269 216/55/276
f 159/56/277 160/60/281 151/57/278
f 168/59/280 169/62/283 160/60/281
f 177/61/282 178/64/285 169/62/283
f 186/63/284 187/66/287 178/64/285
f 195/65/286 196/68/289 187/66/287
f 204/67/288 205/70/291 196/68/289
f 213/69/290 214/72/292 205/70/291
f 150/71/279 151/78/278 214/72/292
f 160/60/293 161/74/297 152/73/294
f 169/62/296 170/44/8454 161/74/297
f 179/75/298 170/44/8454 169/62/296
f 188/76/300 179/75/298 178/64/299
f 197/43/302 188/76/300 187/66/301
f 206/77/304 197/43/302 196/68/303
f 214/72/306 215/79/307 206/77/304
f 151/78/295 152/45/294 215/79/307
f 157/34/308 148/42/308 211/41/308
f 211/41/308 202/40/308 157/34/308
f 202/40/308 193/39/308 157/34/308
f 193/39/308 184/38/308 157/34/308
f 184/38/308 175/37/308 157/34/308
f 162/49/271 159/56/8455 150/58/310
f 168/59/311 159/56/8455 162/49/271
f 177/61/313 168/59/311 171/80/312
f 186/63/314 177/61/313 180/50/272
f 195/65/315 186/63/314 189/51/273
f 204/67/316 195/65/315 198/52/274
f 216/55/276 213/69/317 204/67/316
f 153/81/269 150/71/310 213/69/317
f 230/1/318 221/3/333 218/2/319
f 230/1/318 227/47/320 236/4/321
f 239/5/322 236/4/321 245/6/323
f 248/7/324 245/6/323 254/8/325
f 257/9/326 254/8/325 263/10/327
f 266/11/328 263/10/327 272/12/329
f 284/14/331 275/13/330 272/12/329
f 221/15/333 284/14/331 281/16/332
f 219/18/334 217/46/349 226/17/335
f 228/19/336 226/17/335 235/20/337
f 237/21/338 235/20/337 244/22/339
f 246/23/340 244/22/339 253/24/341
f 255/25/342 253/24/341 262/26/343
f 264/27/344 262/26/343 271/28/345
f 273/29/346 271/28/345 280/30/347
f 282/31/348 280/30/347 217/32/349
f 229/34/350 220/35/365 219/18/351
f 238/36/353 229/34/350 228/19/352
f 238/36/353 237/21/354 246/23/355
f 247/37/356 246/23/355 255/25/357
f 256/38/358 255/25/357 264/27/359
f 265/39/360 264/27/359 273/29/361
f 283/41/363 274/40/362 273/29/361
f 220/42/365 283/41/363 282/31/364
f 161/74/367 170/44/367 188/76/367
f 170/44/367 179/75/367 188/76/367
f 188/76/367 197/43/366 206/77/367
f 161/74/367 188/76/367 215/79/366
f 206/77/367 215/79/366 188/76/367
f 226/17/368 217/46/375 221/3/333
f 235/20/369 226/17/368 230/1/318
f 244/22/370 235/20/369 239/5/322
f 253/24/371 244/22/370 248/7/324
f 262/26/372 253/24/371 257/9/326
f 271/28/373 262/26/372 266/11/328
f 280/30/374 271/28/373 275/13/330
f 217/32/375 280/30/374 284/14/331
f 227/47/320 218/2/319 225/48/376
f 236/4/321 227/47/320 234/49/377
f 236/4/321 243/80/378 252/50/379
f 245/6/323 252/50/379 261/51/380
f 254/8/325 261/51/380 270/52/381
f 263/10/327 270/52/381 279/53/382
f 281/16/332 272/12/329 279/53/382
f 218/54/319 281/16/332 288/55/383
f 231/56/384 222/58/399 223/57/385
f 240/59/387 231/56/384 232/60/386
f 249/61/389 240/59/387 241/62/388
f 258/63/391 249/61/389 250/64/390
f 267/65/393 258/63/391 259/66/392
f 276/67/395 267/65/393 268/68/394
f 285/69/397 276/67/395 277/70/396
f 222/71/399 285/69/397 286/72/398
f 232/60/400 223/57/415 224/73/401
f 241/62/403 232/60/400 233/74/402
f 241/62/403 242/44/404 251/75/405
f 250/64/406 251/75/405 260/76/407
f 259/66/408 260/76/407 269/43/409
f 268/68/410 269/43/409 278/77/411
f 286/72/413 277/70/412 278/77/411
f 223/78/415 286/72/413 287/79/414
f 265/39/416 274/40/8456 283/41/416
f 283/41/416 220/35/8457 229/34/416
f 229/34/416 238/36/416 283/41/416
f 238/36/416 247/37/8458 265/39/416
f 247/37/8458 256/38/8457 265/39/416
f 234/49/377 225/48/376 222/58/417
f 234/49/377 231/56/418 240/59/419
f 243/80/378 240/59/419 249/61/420
f 252/50/379 249/61/420 258/63/421
f 261/51/380 258/63/421 267/65/422
f 270/52/381 267/65/422 276/67/423
f 288/55/383 279/53/382 276/67/423
f 225/81/376 288/55/383 285/69/424
f 302/1/425 299/47/429 290/2/426
f 311/5/428 308/4/483 299/47/429
f 317/6/430 308/4/483 311/5/428
f 326/8/432 317/6/430 320/7/431
f 335/10/434 326/8/432 329/9/433
f 347/13/436 344/12/438 335/10/434
f 356/14/437 353/16/439 344/12/438
f 293/15/427 290/54/426 353/16/439
f 298/17/440 289/46/455 291/18/441
f 307/20/443 298/17/440 300/19/442
f 316/22/445 307/20/443 309/21/444
f 325/24/447 316/22/445 318/23/446
f 334/26/449 325/24/447 327/25/448
f 343/28/451 334/26/449 336/27/450
f 352/30/453 343/28/451 345/29/452
f 289/32/455 352/30/453 354/31/454
f 301/34/456 300/19/460 291/18/457
f 310/36/459 309/21/8459 300/19/460
f 318/23/461 309/21/8459 310/36/459
f 327/25/463 318/23/461 319/37/462
f 336/27/465 327/25/463 328/38/464
f 345/29/467 336/27/465 337/39/466
f 355/41/469 354/31/470 345/29/467
f 292/42/458 291/33/457 354/31/470
f 377/74/472 368/45/8460 431/79/8460
f 431/79/8460 422/77/8461 377/74/472
f 422/77/8461 413/43/473 377/74/472
f 413/43/473 404/76/473 395/75/471
f 395/75/471 386/44/471 413/43/473
f 298/17/474 302/1/425 293/3/427
f 307/20/476 311/5/428 302/1/425
f 316/22/477 320/7/431 311/5/428
f 325/24/478 329/9/433 320/7/431
f 334/26/479 338/11/435 329/9/433
f 343/28/480 347/13/436 338/11/435
f 352/30/481 356/14/437 347/13/436
f 289/32/475 293/15/427 356/14/437
f 299/47/429 306/49/484 297/48/482
f 308/4/483 315/80/525 306/49/484
f 324/50/485 315/80/525 308/4/483
f 333/51/486 324/50/485 317/6/430
f 342/52/487 333/51/486 326/8/432
f 351/53/488 342/52/487 335/10/434
f 353/16/439 360/55/489 351/53/488
f 290/54/426 297/81/482 360/55/489
f 303/56/490 304/60/494 295/57/491
f 312/59/493 313/62/496 304/60/494
f 321/61/495 322/64/498 313/62/496
f 330/63/497 331/66/500 322/64/498
f 339/65/499 340/68/502 331/66/500
f 348/67/501 349/70/504 340/68/502
f 357/69/503 358/72/505 349/70/504
f 294/71/492 295/78/491 358/72/505
f 304/60/506 305/74/510 296/73/507
f 313/62/509 314/44/8462 305/74/510
f 323/75/511 314/44/8462 313/62/509
f 332/76/513 323/75/511 322/64/512
f 341/43/515 332/76/513 331/66/514
f 350/77/517 341/43/515 340/68/516
f 358/72/519 359/79/520 350/77/517
f 295/78/508 296/45/507 359/79/520
f 301/34/522 292/42/522 337/39/521
f 292/42/522 355/41/521 337/39/521
f 355/41/521 346/40/522 337/39/521
f 337/39/521 328/38/8463 319/37/522
f 319/37/522 310/36/8464 301/34/522
f 306/49/484 303/56/8465 294/58/523
f 312/59/524 303/56/8465 306/49/484
f 321/61/526 312/59/524 315/80/525
f 330/63/527 321/61/526 324/50/485
f 339/65/528 330/63/527 333/51/486
f 348/67/529 339/65/528 342/52/487
f 360/55/489 357/69/530 348/67/529
f 297/81/482 294/71/523 357/69/530
f 374/1/531 365/3/546 362/2/532
f 383/5/534 374/1/531 371/47/533
f 383/5/534 380/4/535 389/6/536
f 392/7/537 389/6/536 398/8/538
f 401/9/539 398/8/538 407/10/540
f 410/11/541 407/10/540 416/12/542
f 428/14/544 419/13/543 416/12/542
f 365/15/546 428/14/544 425/16/545
f 363/18/547 361/46/562 370/17/548
f 372/19/549 370/17/548 379/20/550
f 381/21/551 379/20/550 388/22/552
f 390/23/553 388/22/552 397/24/554
f 399/25/555 397/24/554 406/26/556
f 408/27/557 406/26/556 415/28/558
f 417/29/559 415/28/558 424/30/560
f 426/31/561 424/30/560 361/32/562
f 373/34/563 364/35/578 363/18/564
f 382/36/566 373/34/563 372/19/565
f 382/36/566 381/21/567 390/23/568
f 391/37/569 390/23/568 399/25/570
f 400/38/571 399/25/570 408/27/572
f 409/39/573 408/27/572 417/29/574
f 427/41/576 418/40/575 417/29/574
f 364/42/578 427/41/576 426/31/577
f 305/74/580 314/44/579 323/75/579
f 323/75/579 332/76/580 341/43/580
f 341/43/580 350/77/580 359/79/580
f 359/79/580 296/73/580 305/74/580
f 305/74/580 323/75/579 359/79/580
f 370/17/581 361/46/588 365/3/546
f 379/20/582 370/17/581 374/1/531
f 388/22/583 379/20/582 383/5/534
f 397/24/584 388/22/583 392/7/537
f 406/26/585 397/24/584 401/9/539
f 415/28/586 406/26/585 410/11/541
f 424/30/587 415/28/586 419/13/543
f 361/32/588 424/30/587 428/14/544
f 371/47/533 362/2/532 369/48/589
f 380/4/535 371/47/533 378/49/590
f 380/4/535 387/80/591 396/50/592
f 389/6/536 396/50/592 405/51/593
f 398/8/538 405/51/593 414/52/594
f 407/10/540 414/52/594 423/53/595
f 425/16/545 416/12/542 423/53/595
f 362/54/532 425/16/545 432/55/596
f 375/56/597 366/58/612 367/57/598
f 384/59/600 375/56/597 376/60/599
f 393/61/602 384/59/600 385/62/601
f 402/63/604 393/61/602 394/64/603
f 411/65/606 402/63/604 403/66/605
f 420/67/608 411/65/606 412/68/607
f 429/69/610 420/67/608 421/70/609
f 366/71/612 429/69/610 430/72/611
f 376/60/613 367/57/628 368/73/614
f 385/62/616 376/60/613 377/74/615
f 385/62/616 386/44/617 395/75/618
f 394/64/619 395/75/618 404/76/620
f 403/66/621 404/76/620 413/43/622
f 412/68/623 413/43/622 422/77/624
f 430/72/626 421/70/625 422/77/624
f 367/78/628 430/72/626 431/79/627
f 409/39/629 418/40/629 427/41/629
f 427/41/629 364/35/8466 373/34/629
f 373/34/629 382/36/629 409/39/629
f 382/36/629 391/37/629 409/39/629
f 391/37/629 400/38/8467 409/39/629
f 378/49/590 369/48/589 366/58/630
f 378/49/590 375/56/631 384/59/632
f 387/80/591 384/59/632 393/61/633
f 396/50/592 393/61/633 402/63/634
f 405/51/593 402/63/634 411/65/635
f 414/52/594 411/65/635 420/67/636
f 432/55/596 423/53/595 420/67/636
f 369/81/589 432/55/596 429/69/637
f 446/1/638 443/47/642 434/2/639
f 455/5/641 452/4/695 443/47/642
f 461/6/643 452/4/695 455/5/641
f 470/8/645 461/6/643 464/7/644
f 479/10/647 470/8/645 473/9/646
f 488/12/649 479/10/647 482/11/648
f 500/14/651 497/16/652 488/12/649
f 437/15/640 434/54/639 497/16/652
f 442/17/653 433/46/668 435/18/654
f 451/20/656 442/17/653 444/19/655
f 460/22/658 451/20/656 453/21/657
f 469/24/660 460/22/658 462/23/659
f 478/26/662 469/24/660 471/25/661
f 487/28/664 478/26/662 480/27/663
f 496/30/666 487/28/664 489/29/665
f 433/32/668 496/30/666 498/31/667
f 445/34/669 444/19/673 435/18/670
f 454/36/672 453/21/8468 444/19/673
f 462/23/674 453/21/8468 454/36/672
f 471/25/676 462/23/674 463/37/675
f 480/27/678 471/25/676 472/38/677
f 489/29/680 480/27/678 481/39/679
f 499/41/682 498/31/683 489/29/680
f 436/42/671 435/33/670 498/31/683
f 521/74/8469 512/45/685 530/44/684
f 512/45/685 575/79/685 557/43/684
f 575/79/685 566/77/684 557/43/684
f 557/43/684 548/76/684 539/75/8470
f 539/75/8470 530/44/684 557/43/684
f 442/17/686 446/1/638 437/3/640
f 451/20/688 455/5/641 446/1/638
f 460/22/689 464/7/644 455/5/641
f 469/24/690 473/9/646 464/7/644
f 478/26/691 482/11/648 473/9/646
f 487/28/692 491/13/650 482/11/648
f 496/30/693 500/14/651 491/13/650
f 433/32/687 437/15/640 500/14/651
f 443/47/642 450/49/696 441/48/694
f 452/4/695 459/80/736 450/49/696
f 468/50/697 459/80/736 452/4/695
f 477/51/698 468/50/697 461/6/643
f 486/52/699 477/51/698 470/8/645
f 495/53/700 486/52/699 479/10/647
f 497/16/652 504/55/701 495/53/700
f 434/54/639 441/81/694 504/55/701
f 447/56/702 448/60/706 439/57/703
f 456/59/705 457/62/708 448/60/706
f 465/61/707 466/64/710 457/62/708
f 474/63/709 475/66/712 466/64/710
f 483/65/711 484/68/714 475/66/712
f 492/67/713 493/70/716 484/68/714
f 501/69/715 502/72/717 493/70/716
f 438/71/704 439/78/703 502/72/717
f 448/60/718 449/74/722 440/73/719
f 457/62/721 458/44/8471 449/74/722
f 467/75/723 458/44/8471 457/62/721
f 476/76/725 467/75/723 466/64/724
f 485/43/727 476/76/725 475/66/726
f 494/77/729 485/43/727 484/68/728
f 502/72/731 503/79/732 494/77/729
f 439/78/720 440/45/719 503/79/732
f 445/34/733 436/42/733 481/39/733
f 436/42/733 499/41/8472 481/39/733
f 499/41/8472 490/40/733 481/39/733
f 481/39/733 472/38/733 463/37/733
f 463/37/733 454/36/8473 445/34/733
f 450/49/696 447/56/8474 438/58/734
f 456/59/735 447/56/8474 450/49/696
f 465/61/737 456/59/735 459/80/736
f 474/63/738 465/61/737 468/50/697
f 483/65/739 474/63/738 477/51/698
f 492/67/740 483/65/739 486/52/699
f 504/55/701 501/69/741 492/67/740
f 441/81/694 438/71/734 501/69/741
f 518/1/742 509/3/757 506/2/743
f 527/5/745 518/1/742 515/47/744
f 527/5/745 524/4/746 533/6/747
f 536/7/748 533/6/747 542/8/749
f 545/9/750 542/8/749 551/10/751
f 554/11/752 551/10/751 560/12/753
f 572/14/755 563/13/754 560/12/753
f 509/15/757 572/14/755 569/16/756
f 507/18/758 505/46/773 514/17/759
f 516/19/760 514/17/759 523/20/761
f 525/21/762 523/20/761 532/22/763
f 534/23/764 532/22/763 541/24/765
f 543/25/766 541/24/765 550/26/767
f 552/27/768 550/26/767 559/28/769
f 561/29/770 559/28/769 568/30/771
f 570/31/772 568/30/771 505/32/773
f 517/34/774 508/35/789 507/18/775
f 526/36/777 517/34/774 516/19/776
f 526/36/777 525/21/778 534/23/779
f 535/37/780 534/23/779 543/25/781
f 544/38/782 543/25/781 552/27/783
f 553/39/784 552/27/783 561/29/785
f 571/41/787 562/40/786 561/29/785
f 508/42/789 571/41/787 570/31/788
f 449/74/790 458/44/791 467/75/791
f 467/75/791 476/76/791 485/43/791
f 485/43/791 494/77/791 467/75/791
f 494/77/791 503/79/791 449/74/790
f 503/79/791 440/73/790 449/74/790
f 514/17/792 505/46/799 509/3/757
f 523/20/793 514/17/792 518/1/742
f 532/22/794 523/20/793 527/5/745
f 541/24/795 532/22/794 536/7/748
f 550/26/796 541/24/795 545/9/750
f 559/28/797 550/26/796 554/11/752
f 568/30/798 559/28/797 563/13/754
f 505/32/799 568/30/798 572/14/755
f 515/47/744 506/2/743 513/48/800
f 524/4/746 515/47/744 522/49/801
f 524/4/746 531/80/802 540/50/803
f 533/6/747 540/50/803 549/51/804
f 542/8/749 549/51/804 558/52/805
f 551/10/751 558/52/805 567/53/806
f 569/16/756 560/12/753 567/53/806
f 506/54/743 569/16/756 576/55/807
f 519/56/808 510/58/823 511/57/809
f 528/59/811 519/56/808 520/60/810
f 537/61/813 528/59/811 529/62/812
f 546/63/815 537/61/813 538/64/814
f 555/65/817 546/63/815 547/66/816
f 564/67/819 555/65/817 556/68/818
f 573/69/821 564/67/819 565/70/820
f 510/71/823 573/69/821 574/72/822
f 520/60/824 511/57/839 512/73/825
f 529/62/827 520/60/824 521/74/826
f 529/62/827 530/44/828 539/75/829
f 538/64/830 539/75/829 548/76/831
f 547/66/832 548/76/831 557/43/833
f 556/68/834 557/43/833 566/77/835
f 574/72/837 565/70/836 566/77/835
f 511/78/839 574/72/837 575/79/838
f 553/39/840 562/40/840 571/41/840
f 571/41/840 508/35/840 553/39/840
f 508/35/840 517/34/8475 526/36/840
f 553/39/840 508/35/840 535/37/840
f 526/36/840 535/37/840 508/35/840
f 522/49/801 513/48/800 510/58/841
f 522/49/801 519/56/842 528/59/843
f 531/80/802 528/59/843 537/61/844
f 540/50/803 537/61/844 546/63/845
f 549/51/804 546/63/845 555/65/846
f 558/52/805 555/65/846 564/67/847
f 576/55/807 567/53/806 564/67/847
f 513/81/800 576/55/807 573/69/848
f 590/1/849 587/47/905 578/2/850
f 596/4/852 587/47/905 590/1/849
f 605/6/854 596/4/852 599/5/853
f 614/8/856 605/6/854 608/7/855
f 623/10/858 614/8/856 617/9/857
f 632/12/860 623/10/858 626/11/859
f 644/14/862 641/16/863 632/12/860
f 581/15/851 578/54/850 641/16/863
f 586/17/864 577/46/879 579/18/865
f 595/20/867 586/17/864 588/19/866
f 604/22/869 595/20/867 597/21/868
f 613/24/871 604/22/869 606/23/870
f 622/26/873 613/24/871 615/25/872
f 631/28/875 622/26/873 624/27/874
f 640/30/877 631/28/875 633/29/876
f 577/32/879 640/30/877 642/31/878
f 589/34/880 588/19/884 579/18/881
f 598/36/883 597/21/8476 588/19/884
f 606/23/885 597/21/8476 598/36/883
f 615/25/887 606/23/885 607/37/886
f 624/27/889 615/25/887 616/38/888
f 633/29/891 624/27/889 625/39/890
f 643/41/893 642/31/894 633/29/891
f 580/42/882 579/33/881 642/31/894
f 665/74/8477 656/45/895 674/44/896
f 656/45/895 719/79/8478 710/77/8478
f 701/43/895 656/45/895 710/77/8478
f 701/43/895 692/76/8479 683/75/896
f 683/75/896 674/44/896 656/45/895
f 586/17/897 590/1/849 581/3/851
f 595/20/899 599/5/853 590/1/849
f 604/22/900 608/7/855 599/5/853
f 613/24/901 617/9/857 608/7/855
f 622/26/902 626/11/859 617/9/857
f 631/28/903 635/13/861 626/11/859
f 640/30/904 644/14/862 635/13/861
f 577/32/898 581/15/851 644/14/862
f 587/47/905 594/49/907 585/48/906
f 596/4/852 603/80/948 594/49/907
f 612/50/908 603/80/948 596/4/852
f 621/51/909 612/50/908 605/6/854
f 630/52/910 621/51/909 614/8/856
f 639/53/911 630/52/910 623/10/858
f 641/16/863 648/55/912 639/53/911
f 578/54/850 585/81/906 648/55/912
f 591/56/913 592/60/917 583/57/914
f 600/59/916 601/62/919 592/60/917
f 609/61/918 610/64/921 601/62/919
f 618/63/920 619/66/923 610/64/921
f 627/65/922 628/68/925 619/66/923
f 636/67/924 637/70/927 628/68/925
f 645/69/926 646/72/928 637/70/927
f 582/71/915 583/78/914 646/72/928
f 592/60/929 593/74/933 584/73/930
f 601/62/932 602/44/8480 593/74/933
f 611/75/934 602/44/8480 601/62/932
f 620/76/936 611/75/934 610/64/935
f 629/43/938 620/76/936 619/66/937
f 638/77/940 629/43/938 628/68/939
f 646/72/942 647/79/943 638/77/940
f 583/78/931 584/45/930 647/79/943
f 589/34/945 580/42/945 616/38/945
f 580/42/945 643/41/945 616/38/945
f 643/41/945 634/40/945 616/38/945
f 634/40/945 625/39/8481 616/38/945
f 616/38/945 607/37/944 589/34/945
f 594/49/907 591/56/8482 582/58/946
f 600/59/947 591/56/8482 594/49/907
f 609/61/949 600/59/947 603/80/948
f 618/63/950 609/61/949 612/50/908
f 627/65/951 618/63/950 621/51/909
f 636/67/952 627/65/951 630/52/910
f 648/55/912 645/69/953 636/67/952
f 585/81/906 582/71/946 645/69/953
f 662/1/954 653/3/969 650/2/955
f 671/5/957 662/1/954 659/47/956
f 671/5/957 668/4/958 677/6/959
f 680/7/960 677/6/959 686/8/961
f 689/9/962 686/8/961 695/10/963
f 707/13/965 698/11/964 695/10/963
f 716/14/967 707/13/965 704/12/966
f 653/15/969 716/14/967 713/16/968
f 651/18/970 649/46/985 658/17/971
f 660/19/972 658/17/971 667/20/973
f 669/21/974 667/20/973 676/22/975
f 678/23/976 676/22/975 685/24/977
f 687/25/978 685/24/977 694/26/979
f 696/27/980 694/26/979 703/28/981
f 705/29/982 703/28/981 712/30/983
f 714/31/984 712/30/983 649/32/985
f 661/34/986 652/35/1001 651/18/987
f 670/36/989 661/34/986 660/19/988
f 670/36/989 669/21/990 678/23/991
f 679/37/992 678/23/991 687/25/993
f 688/38/994 687/25/993 696/27/995
f 697/39/996 696/27/995 705/29/997
f 715/41/999 706/40/998 705/29/997
f 652/42/1001 715/41/999 714/31/1000
f 593/74/1003 602/44/1002 647/79/1003
f 602/44/1002 611/75/8483 620/76/1002
f 629/43/1003 602/44/1002 620/76/1002
f 629/43/1003 638/77/1002 647/79/1003
f 647/79/1003 584/73/8484 593/74/1003
f 658/17/1004 649/46/1011 653/3/969
f 667/20/1005 658/17/1004 662/1/954
f 676/22/1006 667/20/1005 671/5/957
f 685/24/1007 676/22/1006 680/7/960
f 694/26/1008 685/24/1007 689/9/962
f 703/28/1009 694/26/1008 698/11/964
f 712/30/1010 703/28/1009 707/13/965
f 649/32/1011 712/30/1010 716/14/967
f 659/47/956 650/2/955 657/48/1012
f 668/4/958 659/47/956 666/49/1013
f 668/4/958 675/80/1014 684/50/1015
f 677/6/959 684/50/1015 693/51/1016
f 686/8/961 693/51/1016 702/52/1017
f 695/10/963 702/52/1017 711/53/1018
f 713/16/968 704/12/966 711/53/1018
f 650/54/955 713/16/968 720/55/1019
f 663/56/1020 654/58/1035 655/57/1021
f 672/59/1023 663/56/1020 664/60/1022
f 681/61/1025 672/59/1023 673/62/1024
f 690/63/1027 681/61/1025 682/64/1026
f 699/65/1029 690/63/1027 691/66/1028
f 708/67/1031 699/65/1029 700/68/1030
f 717/69/1033 708/67/1031 709/70/1032
f 654/71/1035 717/69/1033 718/72/1034
f 664/60/1036 655/57/1051 656/73/1037
f 673/62/1039 664/60/1036 665/74/1038
f 673/62/1039 674/44/1040 683/75/1041
f 682/64/1042 683/75/1041 692/76/1043
f 691/66/1044 692/76/1043 701/43/1045
f 700/68/1046 701/43/1045 710/77/1047
f 718/72/1049 709/70/1048 710/77/1047
f 655/78/1051 718/72/1049 719/79/1050
f 697/39/1052 706/40/8485 715/41/1052
f 715/41/1052 652/35/1052 697/39/1052
f 652/35/1052 661/34/8486 670/36/1052
f 697/39/1052 652/35/1052 670/36/1052
f 670/36/1052 679/37/1052 697/39/1052
f 666/49/1013 657/48/1012 654/58/1054
f 666/49/1013 663/56/1055 672/59/1056
f 675/80/1014 672/59/1056 681/61/1057
f 684/50/1015 681/61/1057 690/63/1058
f 693/51/1016 690/63/1058 699/65/1059
f 702/52/1017 699/65/1059 708/67/1060
f 720/55/1019 711/53/1018 708/67/1060
f 657/81/1012 720/55/1019 717/69/1061
f 734/1/1062 731/47/1066 722/2/1063
f 743/5/1065 740/4/1119 731/47/1066
f 749/6/1067 740/4/1119 743/5/1065
f 758/8/1069 749/6/1067 752/7/1068
f 767/10/1071 758/8/1069 761/9/1070
f 776/12/1073 767/10/1071 770/11/1072
f 788/14/1075 785/16/1076 776/12/1073
f 725/15/1064 722/54/1063 785/16/1076
f 730/17/1077 721/46/1092 723/18/1078
f 739/20/1080 730/17/1077 732/19/1079
f 748/22/1082 739/20/1080 741/21/1081
f 757/24/1084 748/22/1082 750/23/1083
f 766/26/1086 757/24/1084 759/25/1085
f 775/28/1088 766/26/1086 768/27/1087
f 784/30/1090 775/28/1088 777/29/1089
f 721/32/1092 784/30/1090 786/31/1091
f 733/34/1093 732/19/1097 723/18/1094
f 742/36/1096 741/21/8487 732/19/1097
f 750/23/1098 741/21/8487 742/36/1096
f 759/25/1100 750/23/1098 751/37/1099
f 768/27/1102 759/25/1100 760/38/1101
f 777/29/1104 768/27/1102 769/39/1103
f 787/41/1106 786/31/1107 777/29/1104
f 724/42/1095 723/33/1094 786/31/1107
f 809/74/1109 800/45/1108 845/43/1108
f 800/45/1108 863/79/1108 845/43/1108
f 863/79/1108 854/77/1108 845/43/1108
f 845/43/1108 836/76/1109 827/75/1108
f 827/75/1108 818/44/1108 845/43/1108
f 730/17/1110 734/1/1062 725/3/1064
f 739/20/1112 743/5/1065 734/1/1062
f 748/22/1113 752/7/1068 743/5/1065
f 757/24/1114 761/9/1070 752/7/1068
f 766/26/1115 770/11/1072 761/9/1070
f 775/28/1116 779/13/1074 770/11/1072
f 784/30/1117 788/14/1075 779/13/1074
f 721/32/1111 725/15/1064 788/14/1075
f 731/47/1066 738/49/1120 729/48/1118
f 740/4/1119 747/80/1161 738/49/1120
f 756/50/1121 747/80/1161 740/4/1119
f 765/51/1122 756/50/1121 749/6/1067
f 774/52/1123 765/51/1122 758/8/1069
f 783/53/1124 774/52/1123 767/10/1071
f 785/16/1076 792/55/1125 783/53/1124
f 722/54/1063 729/81/1118 792/55/1125
f 735/56/1126 736/60/1130 727/57/1127
f 744/59/1129 745/62/1132 736/60/1130
f 753/61/1131 754/64/1134 745/62/1132
f 762/63/1133 763/66/1136 754/64/1134
f 771/65/1135 772/68/1138 763/66/1136
f 780/67/1137 781/70/1140 772/68/1138
f 789/69/1139 790/72/1141 781/70/1140
f 726/71/1128 727/78/1127 790/72/1141
f 736/60/1142 737/74/1146 728/73/1143
f 745/62/1145 746/44/8488 737/74/1146
f 755/75/1147 746/44/8488 745/62/1145
f 764/76/1149 755/75/1147 754/64/1148
f 773/43/1151 764/76/1149 763/66/1150
f 782/77/1153 773/43/1151 772/68/1152
f 790/72/1155 791/79/1156 782/77/1153
f 727/78/1144 728/45/1143 791/79/1156
f 733/34/1157 724/42/8489 787/41/8489
f 787/41/8489 778/40/1157 733/34/1157
f 778/40/1157 769/39/1157 733/34/1157
f 769/39/1157 760/38/1157 733/34/1157
f 760/38/1157 751/37/1157 733/34/1157
f 738/49/1120 735/56/8490 726/58/1159
f 744/59/1160 735/56/8490 738/49/1120
f 753/61/1162 744/59/1160 747/80/1161
f 762/63/1163 753/61/1162 756/50/1121
f 771/65/1164 762/63/1163 765/51/1122
f 780/67/1165 771/65/1164 774/52/1123
f 792/55/1125 789/69/1166 780/67/1165
f 729/81/1118 726/71/1159 789/69/1166
f 806/1/1167 797/3/1182 794/2/1168
f 815/5/1170 806/1/1167 803/47/1169
f 815/5/1170 812/4/1171 821/6/1172
f 824/7/1173 821/6/1172 830/8/1174
f 833/9/1175 830/8/1174 839/10/1176
f 842/11/1177 839/10/1176 848/12/1178
f 860/14/1180 851/13/1179 848/12/1178
f 797/15/1182 860/14/1180 857/16/1181
f 795/18/1183 793/46/1198 802/17/1184
f 804/19/1185 802/17/1184 811/20/1186
f 813/21/1187 811/20/1186 820/22/1188
f 822/23/1189 820/22/1188 829/24/1190
f 831/25/1191 829/24/1190 838/26/1192
f 840/27/1193 838/26/1192 847/28/1194
f 849/29/1195 847/28/1194 856/30/1196
f 858/31/1197 856/30/1196 793/32/1198
f 805/34/1199 796/35/1214 795/18/1200
f 814/36/1202 805/34/1199 804/19/1201
f 814/36/1202 813/21/1203 822/23/1204
f 823/37/1205 822/23/1204 831/25/1206
f 832/38/1207 831/25/1206 840/27/1208
f 841/39/1209 840/27/1208 849/29/1210
f 859/41/1212 850/40/1211 849/29/1210
f 796/42/1214 859/41/1212 858/31/1213
f 737/74/1215 746/44/1215 755/75/1215
f 755/75/1215 764/76/1215 773/43/1215
f 773/43/1215 782/77/1215 791/79/1215
f 791/79/1215 728/73/1215 773/43/1215
f 728/73/1215 737/74/1215 773/43/1215
f 802/17/1216 793/46/1223 797/3/1182
f 811/20/1217 802/17/1216 806/1/1167
f 820/22/1218 811/20/1217 815/5/1170
f 829/24/1219 820/22/1218 824/7/1173
f 838/26/1220 829/24/1219 833/9/1175
f 847/28/1221 838/26/1220 842/11/1177
f 856/30/1222 847/28/1221 851/13/1179
f 793/32/1223 856/30/1222 860/14/1180
f 803/47/1169 794/2/1168 801/48/1224
f 812/4/1171 803/47/1169 810/49/1225
f 812/4/1171 819/80/1226 828/50/1227
f 821/6/1172 828/50/1227 837/51/1228
f 830/8/1174 837/51/1228 846/52/1229
f 839/10/1176 846/52/1229 855/53/1230
f 857/16/1181 848/12/1178 855/53/1230
f 794/54/1168 857/16/1181 864/55/1231
f 807/56/1232 798/58/1247 799/57/1233
f 816/59/1235 807/56/1232 808/60/1234
f 825/61/1237 816/59/1235 817/62/1236
f 834/63/1239 825/61/1237 826/64/1238
f 843/65/1241 834/63/1239 835/66/1240
f 852/67/1243 843/65/1241 844/68/1242
f 861/69/1245 852/67/1243 853/70/1244
f 798/71/1247 861/69/1245 862/72/1246
f 808/60/1248 799/57/1263 800/73/1249
f 817/62/1251 808/60/1248 809/74/1250
f 817/62/1251 818/44/1252 827/75/1253
f 826/64/1254 827/75/1253 836/76/1255
f 835/66/1256 836/76/1255 845/43/1257
f 844/68/1258 845/43/1257 854/77/1259
f 862/72/1261 853/70/1260 854/77/1259
f 799/78/1263 862/72/1261 863/79/1262
f 841/39/1264 850/40/8491 796/35/1264
f 850/40/8491 859/41/1264 796/35/1264
f 796/35/1264 805/34/8492 814/36/1264
f 841/39/1264 796/35/1264 832/38/1264
f 814/36/1264 823/37/1264 796/35/1264
f 810/49/1225 801/48/1224 798/58/1265
f 810/49/1225 807/56/1266 816/59/1267
f 819/80/1226 816/59/1267 825/61/1268
f 828/50/1227 825/61/1268 834/63/1269
f 837/51/1228 834/63/1269 843/65/1270
f 846/52/1229 843/65/1270 852/67/1271
f 864/55/1231 855/53/1230 852/67/1271
f 801/81/1224 864/55/1231 861/69/1272
f 878/1/1273 875/47/1277 866/2/1274
f 887/5/1276 884/4/1329 875/47/1277
f 893/6/1278 884/4/1329 887/5/1276
f 902/8/1280 893/6/1278 896/7/1279
f 911/10/1282 902/8/1280 905/9/1281
f 920/12/1284 911/10/1282 914/11/1283
f 932/14/1286 929/16/1287 920/12/1284
f 869/15/1275 866/54/1274 929/16/1287
f 874/17/1288 865/46/1303 867/18/1289
f 883/20/1291 874/17/1288 876/19/1290
f 892/22/1293 883/20/1291 885/21/1292
f 901/24/1295 892/22/1293 894/23/1294
f 910/26/1297 901/24/1295 903/25/1296
f 919/28/1299 910/26/1297 912/27/1298
f 928/30/1301 919/28/1299 921/29/1300
f 865/32/1303 928/30/1301 930/31/1302
f 877/34/1304 876/19/1308 867/18/1305
f 886/36/1307 885/21/8493 876/19/1308
f 894/23/1309 885/21/8493 886/36/1307
f 903/25/1311 894/23/1309 895/37/1310
f 912/27/1313 903/25/1311 904/38/1312
f 921/29/1315 912/27/1313 913/39/1314
f 931/41/1317 930/31/1318 921/29/1315
f 868/42/1306 867/33/1305 930/31/1318
f 953/74/1319 944/45/8494 1007/79/1319
f 1007/79/1319 998/77/8494 980/76/1319
f 998/77/8494 989/43/8495 980/76/1319
f 980/76/1319 971/75/1319 1007/79/1319
f 971/75/1319 962/44/8495 953/74/1319
f 874/17/1320 878/1/1273 869/3/1275
f 883/20/1322 887/5/1276 878/1/1273
f 892/22/1323 896/7/1279 887/5/1276
f 901/24/1324 905/9/1281 896/7/1279
f 910/26/1325 914/11/1283 905/9/1281
f 919/28/1326 923/13/1285 914/11/1283
f 928/30/1327 932/14/1286 923/13/1285
f 865/32/1321 869/15/1275 932/14/1286
f 875/47/1277 882/49/1330 873/48/1328
f 884/4/1329 891/80/1370 882/49/1330
f 900/50/1331 891/80/1370 884/4/1329
f 909/51/1332 900/50/1331 893/6/1278
f 918/52/1333 909/51/1332 902/8/1280
f 927/53/1334 918/52/1333 911/10/1282
f 929/16/1287 936/55/1335 927/53/1334
f 866/54/1274 873/81/1328 936/55/1335
f 879/56/1336 880/60/1340 871/57/1337
f 888/59/1339 889/62/1342 880/60/1340
f 897/61/1341 898/64/1344 889/62/1342
f 906/63/1343 907/66/1346 898/64/1344
f 915/65/1345 916/68/1348 907/66/1346
f 924/67/1347 925/70/1350 916/68/1348
f 933/69/1349 934/72/1351 925/70/1350
f 870/71/1338 871/78/1337 934/72/1351
f 880/60/1352 881/74/1356 872/73/1353
f 889/62/1355 890/44/8496 881/74/1356
f 899/75/1357 890/44/8496 889/62/1355
f 908/76/1359 899/75/1357 898/64/1358
f 917/43/1361 908/76/1359 907/66/1360
f 926/77/1363 917/43/1361 916/68/1362
f 934/72/1365 935/79/1366 926/77/1363
f 871/78/1354 872/45/1353 935/79/1366
f 877/34/1367 868/42/1367 913/39/1367
f 868/42/1367 931/41/1367 913/39/1367
f 931/41/1367 922/40/1367 913/39/1367
f 913/39/1367 904/38/1367 877/34/1367
f 904/38/1367 895/37/1367 886/36/1367
f 882/49/1330 879/56/8497 870/58/1368
f 888/59/1369 879/56/8497 882/49/1330
f 897/61/1371 888/59/1369 891/80/1370
f 906/63/1372 897/61/1371 900/50/1331
f 915/65/1373 906/63/1372 909/51/1332
f 924/67/1374 915/65/1373 918/52/1333
f 936/55/1335 933/69/1375 924/67/1374
f 873/81/1328 870/71/1368 933/69/1375
f 950/1/1376 941/3/1391 938/2/1377
f 959/5/1379 950/1/1376 947/47/1378
f 959/5/1379 956/4/1380 965/6/1381
f 968/7/1382 965/6/1381 974/8/1383
f 977/9/1384 974/8/1383 983/10/1385
f 986/11/1386 983/10/1385 992/12/1387
f 1004/14/1389 995/13/1388 992/12/1387
f 941/15/1391 1004/14/1389 1001/16/1390
f 939/18/1392 937/46/1407 946/17/1393
f 948/19/1394 946/17/1393 955/20/1395
f 957/21/1396 955/20/1395 964/22/1397
f 966/23/1398 964/22/1397 973/24/1399
f 975/25/1400 973/24/1399 982/26/1401
f 984/27/1402 982/26/1401 991/28/1403
f 993/29/1404 991/28/1403 1000/30/1405
f 1002/31/1406 1000/30/1405 937/32/1407
f 949/34/1408 940/35/1423 939/18/1409
f 958/36/1411 949/34/1408 948/19/1410
f 958/36/1411 957/21/1412 966/23/1413
f 967/37/1414 966/23/1413 975/25/1415
f 976/38/1416 975/25/1415 984/27/1417
f 985/39/1418 984/27/1417 993/29/1419
f 1003/41/1421 994/40/1420 993/29/1419
f 940/42/1423 1003/41/1421 1002/31/1422
f 881/74/1424 890/44/8498 899/75/1424
f 899/75/1424 908/76/1424 881/74/1424
f 908/76/1424 917/43/8499 926/77/8499
f 881/74/1424 908/76/1424 872/73/1425
f 926/77/8499 935/79/1424 908/76/1424
f 946/17/1426 937/46/1433 941/3/1391
f 955/20/1427 946/17/1426 950/1/1376
f 964/22/1428 955/20/1427 959/5/1379
f 973/24/1429 964/22/1428 968/7/1382
f 982/26/1430 973/24/1429 977/9/1384
f 991/28/1431 982/26/1430 986/11/1386
f 1000/30/1432 991/28/1431 995/13/1388
f 937/32/1433 1000/30/1432 1004/14/1389
f 947/47/1378 938/2/1377 945/48/1434
f 956/4/1380 947/47/1378 954/49/1435
f 956/4/1380 963/80/1436 972/50/1437
f 965/6/1381 972/50/1437 981/51/1438
f 974/8/1383 981/51/1438 990/52/1439
f 983/10/1385 990/52/1439 999/53/1440
f 1001/16/1390 992/12/1387 999/53/1440
f 938/54/1377 1001/16/1390 1008/55/1441
f 951/56/1442 942/58/1457 943/57/1443
f 960/59/1445 951/56/1442 952/60/1444
f 969/61/1447 960/59/1445 961/62/1446
f 978/63/1449 969/61/1447 970/64/1448
f 987/65/1451 978/63/1449 979/66/1450
f 996/67/1453 987/65/1451 988/68/1452
f 1005/69/1455 996/67/1453 997/70/1454
f 942/71/1457 1005/69/1455 1006/72/1456
f 952/60/1458 943/57/1473 944/73/1459
f 961/62/1461 952/60/1458 953/74/1460
f 961/62/1461 962/44/1462 971/75/1463
f 970/64/1464 971/75/1463 980/76/1465
f 979/66/1466 980/76/1465 989/43/1467
f 988/68/1468 989/43/1467 998/77/1469
f 1006/72/1471 997/70/1470 998/77/1469
f 943/78/1473 1006/72/1471 1007/79/1472
f 985/39/1474 994/40/1474 940/35/1474
f 994/40/1474 1003/41/1474 940/35/1474
f 940/35/1474 949/34/1474 958/36/1474
f 985/39/1474 940/35/1474 967/37/1474
f 958/36/1474 967/37/1474 940/35/1474
f 954/49/1435 945/48/1434 942/58/1475
f 954/49/1435 951/56/1476 960/59/1477
f 963/80/1436 960/59/1477 969/61/1478
f 972/50/1437 969/61/1478 978/63/1479
f 981/51/1438 978/63/1479 987/65/1480
f 990/52/1439 987/65/1480 996/67/1481
f 1008/55/1441 999/53/1440 996/67/1481
f 945/81/1434 1008/55/1441 1005/69/1482
f 1022/1/1483 1019/47/1487 1010/2/1484
f 1031/5/1486 1028/4/1540 1019/47/1487
f 1037/6/1488 1028/4/1540 1031/5/1486
f 1046/8/1490 1037/6/1488 1040/7/1489
f 1055/10/1492 1046/8/1490 1049/9/1491
f 1064/12/1494 1055/10/1492 1058/11/1493
f 1076/14/1496 1073/16/1497 1064/12/1494
f 1013/15/1485 1010/54/1484 1073/16/1497
f 1018/17/1498 1009/46/1513 1011/18/1499
f 1027/20/1501 1018/17/1498 1020/19/1500
f 1036/22/1503 1027/20/1501 1029/21/1502
f 1045/24/1505 1036/22/1503 1038/23/1504
f 1054/26/1507 1045/24/1505 1047/25/1506
f 1063/28/1509 1054/26/1507 1056/27/1508
f 1072/30/1511 1063/28/1509 1065/29/1510
f 1009/32/1513 1072/30/1511 1074/31/1512
f 1021/34/1514 1020/19/1518 1011/18/1515
f 1030/36/1517 1029/21/8500 1020/19/1518
f 1038/23/1519 1029/21/8500 1030/36/1517
f 1047/25/1521 1038/23/1519 1039/37/1520
f 1056/27/1523 1047/25/1521 1048/38/1522
f 1065/29/1525 1056/27/1523 1057/39/1524
f 1075/41/1527 1074/31/1528 1065/29/1525
f 1012/42/1516 1011/33/1515 1074/31/1528
f 1097/74/1530 1088/45/1530 1151/79/1530
f 1151/79/1530 1142/77/1529 1097/74/1530
f 1142/77/1529 1133/43/1529 1097/74/1530
f 1133/43/1529 1124/76/1530 1115/75/1529
f 1115/75/1529 1106/44/1529 1097/74/1530
f 1018/17/1531 1022/1/1483 1013/3/1485
f 1027/20/1533 1031/5/1486 1022/1/1483
f 1036/22/1534 1040/7/1489 1031/5/1486
f 1045/24/1535 1049/9/1491 1040/7/1489
f 1054/26/1536 1058/11/1493 1049/9/1491
f 1063/28/1537 1067/13/1495 1058/11/1493
f 1072/30/1538 1076/14/1496 1067/13/1495
f 1009/32/1532 1013/15/1485 1076/14/1496
f 1019/47/1487 1026/49/1541 1017/48/1539
f 1028/4/1540 1035/80/1581 1026/49/1541
f 1044/50/1542 1035/80/1581 1028/4/1540
f 1053/51/1543 1044/50/1542 1037/6/1488
f 1062/52/1544 1053/51/1543 1046/8/1490
f 1071/53/1545 1062/52/1544 1055/10/1492
f 1073/16/1497 1080/55/1546 1071/53/1545
f 1010/54/1484 1017/81/1539 1080/55/1546
f 1023/56/1547 1024/60/1551 1015/57/1548
f 1032/59/1550 1033/62/1553 1024/60/1551
f 1041/61/1552 1042/64/1555 1033/62/1553
f 1050/63/1554 1051/66/1557 1042/64/1555
f 1059/65/1556 1060/68/1559 1051/66/1557
f 1068/67/1558 1069/70/1561 1060/68/1559
f 1077/69/1560 1078/72/1562 1069/70/1561
f 1014/71/1549 1015/78/1548 1078/72/1562
f 1024/60/1563 1025/74/1567 1016/73/1564
f 1033/62/1566 1034/44/8501 1025/74/1567
f 1043/75/1568 1034/44/8501 1033/62/1566
f 1052/76/1570 1043/75/1568 1042/64/1569
f 1061/43/1572 1052/76/1570 1051/66/1571
f 1070/77/1574 1061/43/1572 1060/68/1573
f 1078/72/1576 1079/79/1577 1070/77/1574
f 1015/78/1565 1016/45/1564 1079/79/1577
f 1021/34/1578 1012/42/1578 1075/41/1578
f 1075/41/1578 1066/40/1578 1057/39/1578
f 1057/39/1578 1048/38/8502 1039/37/1578
f 1039/37/1578 1030/36/1578 1021/34/1578
f 1021/34/1578 1075/41/1578 1039/37/1578
f 1026/49/1541 1023/56/8503 1014/58/1579
f 1032/59/1580 1023/56/8503 1026/49/1541
f 1041/61/1582 1032/59/1580 1035/80/1581
f 1050/63/1583 1041/61/1582 1044/50/1542
f 1059/65/1584 1050/63/1583 1053/51/1543
f 1068/67/1585 1059/65/1584 1062/52/1544
f 1080/55/1546 1077/69/1586 1068/67/1585
f 1017/81/1539 1014/71/1579 1077/69/1586
f 1094/1/1587 1085/3/1602 1082/2/1588
f 1103/5/1590 1094/1/1587 1091/47/1589
f 1103/5/1590 1100/4/1591 1109/6/1592
f 1112/7/1593 1109/6/1592 1118/8/1594
f 1121/9/1595 1118/8/1594 1127/10/1596
f 1130/11/1597 1127/10/1596 1136/12/1598
f 1148/14/1600 1139/13/1599 1136/12/1598
f 1085/15/1602 1148/14/1600 1145/16/1601
f 1083/18/1603 1081/46/1618 1090/17/1604
f 1092/19/1605 1090/17/1604 1099/20/1606
f 1101/21/1607 1099/20/1606 1108/22/1608
f 1110/23/1609 1108/22/1608 1117/24/1610
f 1119/25/1611 1117/24/1610 1126/26/1612
f 1128/27/1613 1126/26/1612 1135/28/1614
f 1137/29/1615 1135/28/1614 1144/30/1616
f 1146/31/1617 1144/30/1616 1081/32/1618
f 1093/34/1619 1084/35/1634 1083/18/1620
f 1102/36/1622 1093/34/1619 1092/19/1621
f 1102/36/1622 1101/21/1623 1110/23/1624
f 1111/37/1625 1110/23/1624 1119/25/1626
f 1120/38/1627 1119/25/1626 1128/27/1628
f 1129/39/1629 1128/27/1628 1137/29/1630
f 1147/41/1632 1138/40/1631 1137/29/1630
f 1084/42/1634 1147/41/1632 1146/31/1633
f 1025/74/1635 1034/44/1635 1043/75/1635
f 1043/75/1635 1052/76/1636 1025/74/1635
f 1052/76/1636 1061/43/1636 1025/74/1635
f 1061/43/1636 1070/77/1636 1079/79/1636
f 1079/79/1636 1016/73/1635 1061/43/1636
f 1090/17/1637 1081/46/1644 1085/3/1602
f 1099/20/1638 1090/17/1637 1094/1/1587
f 1108/22/1639 1099/20/1638 1103/5/1590
f 1117/24/1640 1108/22/1639 1112/7/1593
f 1126/26/1641 1117/24/1640 1121/9/1595
f 1135/28/1642 1126/26/1641 1130/11/1597
f 1144/30/1643 1135/28/1642 1139/13/1599
f 1081/32/1644 1144/30/1643 1148/14/1600
f 1091/47/1589 1082/2/1588 1089/48/1645
f 1100/4/1591 1091/47/1589 1098/49/1646
f 1100/4/1591 1107/80/1647 1116/50/1648
f 1109/6/1592 1116/50/1648 1125/51/1649
f 1118/8/1594 1125/51/1649 1134/52/1650
f 1127/10/1596 1134/52/1650 1143/53/1651
f 1145/16/1601 1136/12/1598 1143/53/1651
f 1082/54/1588 1145/16/1601 1152/55/1652
f 1095/56/1653 1086/58/1668 1087/57/1654
f 1104/59/1656 1095/56/1653 1096/60/1655
f 1113/61/1658 1104/59/1656 1105/62/1657
f 1122/63/1660 1113/61/1658 1114/64/1659
f 1131/65/1662 1122/63/1660 1123/66/1661
f 1140/67/1664 1131/65/1662 1132/68/1663
f 1149/69/1666 1140/67/1664 1141/70/1665
f 1086/71/1668 1149/69/1666 1150/72/1667
f 1096/60/1669 1087/57/1684 1088/73/1670
f 1105/62/1672 1096/60/1669 1097/74/1671
f 1105/62/1672 1106/44/1673 1115/75/1674
f 1114/64/1675 1115/75/1674 1124/76/1676
f 1123/66/1677 1124/76/1676 1133/43/1678
f 1132/68/1679 1133/43/1678 1142/77/1680
f 1150/72/1682 1141/70/1681 1142/77/1680
f 1087/78/1684 1150/72/1682 1151/79/1683
f 1129/39/1685 1138/40/1685 1084/35/1685
f 1138/40/1685 1147/41/1685 1084/35/1685
f 1084/35/1685 1093/34/1685 1102/36/1685
f 1129/39/1685 1084/35/1685 1111/37/1685
f 1102/36/1685 1111/37/1685 1084/35/1685
f 1098/49/1646 1089/48/1645 1086/58/1686
f 1098/49/1646 1095/56/1687 1104/59/1688
f 1107/80/1647 1104/59/1688 1113/61/1689
f 1116/50/1648 1113/61/1689 1122/63/1690
f 1125/51/1649 1122/63/1690 1131/65/1691
f 1134/52/1650 1131/65/1691 1140/67/1692
f 1152/55/1652 1143/53/1651 1140/67/1692
f 1089/81/1645 1152/55/1652 1149/69/1693
f 1166/1/1694 1163/47/1698 1154/2/1695
f 1175/5/1697 1172/4/1751 1163/47/1698
f 1181/6/1699 1172/4/1751 1175/5/1697
f 1190/8/1701 1181/6/1699 1184/7/1700
f 1199/10/1703 1190/8/1701 1193/9/1702
f 1208/12/1705 1199/10/1703 1202/11/1704
f 1220/14/1707 1217/16/1708 1208/12/1705
f 1157/15/1696 1154/54/1695 1217/16/1708
f 1162/17/1709 1153/46/1724 1155/18/1710
f 1171/20/1712 1162/17/1709 1164/19/1711
f 1180/22/1714 1171/20/1712 1173/21/1713
f 1189/24/1716 1180/22/1714 1182/23/1715
f 1198/26/1718 1189/24/1716 1191/25/1717
f 1207/28/1720 1198/26/1718 1200/27/1719
f 1216/30/1722 1207/28/1720 1209/29/1721
f 1153/32/1724 1216/30/1722 1218/31/1723
f 1165/34/1725 1164/19/1729 1155/18/1726
f 1174/36/1728 1173/21/8504 1164/19/1729
f 1182/23/1730 1173/21/8504 1174/36/1728
f 1191/25/1732 1182/23/1730 1183/37/1731
f 1200/27/1734 1191/25/1732 1192/38/1733
f 1209/29/1736 1200/27/1734 1201/39/1735
f 1219/41/1738 1218/31/1739 1209/29/1736
f 1156/42/1727 1155/33/1726 1218/31/1739
f 1241/74/1741 1232/45/1740 1250/44/1741
f 1232/45/1740 1295/79/1741 1277/43/1740
f 1295/79/1741 1286/77/1740 1277/43/1740
f 1277/43/1740 1268/76/1740 1259/75/1741
f 1259/75/1741 1250/44/1741 1277/43/1740
f 1162/17/1742 1166/1/1694 1157/3/1696
f 1171/20/1744 1175/5/1697 1166/1/1694
f 1180/22/1745 1184/7/1700 1175/5/1697
f 1189/24/1746 1193/9/1702 1184/7/1700
f 1198/26/1747 1202/11/1704 1193/9/1702
f 1207/28/1748 1211/13/1706 1202/11/1704
f 1216/30/1749 1220/14/1707 1211/13/1706
f 1153/32/1743 1157/15/1696 1220/14/1707
f 1163/47/1698 1170/49/1752 1161/48/1750
f 1172/4/1751 1179/80/1792 1170/49/1752
f 1188/50/1753 1179/80/1792 1172/4/1751
f 1197/51/1754 1188/50/1753 1181/6/1699
f 1206/52/1755 1197/51/1754 1190/8/1701
f 1215/53/1756 1206/52/1755 1199/10/1703
f 1217/16/1708 1224/55/1757 1215/53/1756
f 1154/54/1695 1161/81/1750 1224/55/1757
f 1167/56/1758 1168/60/1762 1159/57/1759
f 1176/59/1761 1177/62/1764 1168/60/1762
f 1185/61/1763 1186/64/1766 1177/62/1764
f 1194/63/1765 1195/66/1768 1186/64/1766
f 1203/65/1767 1204/68/1770 1195/66/1768
f 1212/67/1769 1213/70/1772 1204/68/1770
f 1221/69/1771 1222/72/1773 1213/70/1772
f 1158/71/1760 1159/78/1759 1222/72/1773
f 1168/60/1774 1169/74/1778 1160/73/1775
f 1177/62/1777 1178/44/8505 1169/74/1778
f 1187/75/1779 1178/44/8505 1177/62/1777
f 1196/76/1781 1187/75/1779 1186/64/1780
f 1205/43/1783 1196/76/1781 1195/66/1782
f 1214/77/1785 1205/43/1783 1204/68/1784
f 1222/72/1787 1223/79/1788 1214/77/1785
f 1159/78/1776 1160/45/1775 1223/79/1788
f 1165/34/1789 1156/42/1789 1210/40/1789
f 1156/42/1789 1219/41/1789 1210/40/1789
f 1210/40/1789 1201/39/1789 1192/38/1789
f 1165/34/1789 1210/40/1789 1192/38/1789
f 1192/38/1789 1183/37/1789 1174/36/1789
f 1170/49/1752 1167/56/8506 1158/58/1790
f 1176/59/1791 1167/56/8506 1170/49/1752
f 1185/61/1793 1176/59/1791 1179/80/1792
f 1194/63/1794 1185/61/1793 1188/50/1753
f 1203/65/1795 1194/63/1794 1197/51/1754
f 1212/67/1796 1203/65/1795 1206/52/1755
f 1224/55/1757 1221/69/1797 1212/67/1796
f 1161/81/1750 1158/71/1790 1221/69/1797
f 1238/1/1798 1229/3/1813 1226/2/1799
f 1247/5/1801 1238/1/1798 1235/47/1800
f 1247/5/1801 1244/4/1802 1253/6/1803
f 1256/7/1804 1253/6/1803 1262/8/1805
f 1265/9/1806 1262/8/1805 1271/10/1807
f 1274/11/1808 1271/10/1807 1280/12/1809
f 1292/14/1811 1283/13/1810 1280/12/1809
f 1229/15/1813 1292/14/1811 1289/16/1812
f 1227/18/1814 1225/46/1829 1234/17/1815
f 1236/19/1816 1234/17/1815 1243/20/1817
f 1245/21/1818 1243/20/1817 1252/22/1819
f 1254/23/1820 1252/22/1819 1261/24/1821
f 1263/25/1822 1261/24/1821 1270/26/1823
f 1272/27/1824 1270/26/1823 1279/28/1825
f 1281/29/1826 1279/28/1825 1288/30/1827
f 1290/31/1828 1288/30/1827 1225/32/1829
f 1237/34/1830 1228/35/1845 1227/18/1831
f 1246/36/1833 1237/34/1830 1236/19/1832
f 1246/36/1833 1245/21/1834 1254/23/1835
f 1255/37/1836 1254/23/1835 1263/25/1837
f 1264/38/1838 1263/25/1837 1272/27/1839
f 1273/39/1840 1272/27/1839 1281/29/1841
f 1291/41/1843 1282/40/1842 1281/29/1841
f 1228/42/1845 1291/41/1843 1290/31/1844
f 1169/74/1846 1178/44/1846 1187/75/1846
f 1187/75/1846 1196/76/1846 1214/77/1846
f 1196/76/1846 1205/43/1846 1214/77/1846
f 1214/77/1846 1223/79/1846 1160/73/1846
f 1187/75/1846 1160/73/1846 1169/74/1846
f 1234/17/1847 1225/46/1854 1229/3/1813
f 1243/20/1848 1234/17/1847 1238/1/1798
f 1252/22/1849 1243/20/1848 1247/5/1801
f 1261/24/1850 1252/22/1849 1256/7/1804
f 1270/26/1851 1261/24/1850 1265/9/1806
f 1279/28/1852 1270/26/1851 1274/11/1808
f 1288/30/1853 1279/28/1852 1283/13/1810
f 1225/32/1854 1288/30/1853 1292/14/1811
f 1235/47/1800 1226/2/1799 1233/48/1855
f 1244/4/1802 1235/47/1800 1242/49/1856
f 1244/4/1802 1251/80/1857 1260/50/1858
f 1253/6/1803 1260/50/1858 1269/51/1859
f 1262/8/1805 1269/51/1859 1278/52/1860
f 1271/10/1807 1278/52/1860 1287/53/1861
f 1289/16/1812 1280/12/1809 1287/53/1861
f 1226/54/1799 1289/16/1812 1296/55/1862
f 1239/56/1863 1230/58/1878 1231/57/1864
f 1248/59/1866 1239/56/1863 1240/60/1865
f 1257/61/1868 1248/59/1866 1249/62/1867
f 1266/63/1870 1257/61/1868 1258/64/1869
f 1275/65/1872 1266/63/1870 1267/66/1871
f 1284/67/1874 1275/65/1872 1276/68/1873
f 1293/69/1876 1284/67/1874 1285/70/1875
f 1230/71/1878 1293/69/1876 1294/72/1877
f 1240/60/1879 1231/57/1894 1232/73/1880
f 1249/62/1882 1240/60/1879 1241/74/1881
f 1249/62/1882 1250/44/1883 1259/75/1884
f 1258/64/1885 1259/75/1884 1268/76/1886
f 1267/66/1887 1268/76/1886 1277/43/1888
f 1276/68/1889 1277/43/1888 1286/77/1890
f 1294/72/1892 1285/70/1891 1286/77/1890
f 1231/78/1894 1294/72/1892 1295/79/1893
f 1273/39/1895 1282/40/1895 1291/41/1895
f 1291/41/1895 1228/35/1895 1237/34/1895
f 1237/34/1895 1246/36/1895 1273/39/1895
f 1246/36/1895 1255/37/1895 1264/38/1895
f 1273/39/1895 1246/36/1895 1264/38/1895
f 1242/49/1856 1233/48/1855 1230/58/1896
f 1242/49/1856 1239/56/1897 1248/59/1898
f 1251/80/1857 1248/59/1898 1257/61/1899
f 1260/50/1858 1257/61/1899 1266/63/1900
f 1269/51/1859 1266/63/1900 1275/65/1901
f 1278/52/1860 1275/65/1901 1284/67/1902
f 1296/55/1862 1287/53/1861 1284/67/1902
f 1233/81/1855 1296/55/1862 1293/69/1903
f 1310/1/1904 1307/47/1908 1298/2/1905
f 1319/5/1907 1316/4/1960 1307/47/1908
f 1325/6/1909 1316/4/1960 1319/5/1907
f 1334/8/1911 1325/6/1909 1328/7/1910
f 1343/10/1913 1334/8/1911 1337/9/1912
f 1352/12/1915 1343/10/1913 1346/11/1914
f 1364/14/1917 1361/16/1918 1352/12/1915
f 1301/15/1906 1298/54/1905 1361/16/1918
f 1306/17/1919 1297/46/1934 1299/18/1920
f 1315/20/1922 1306/17/1919 1308/19/1921
f 1324/22/1924 1315/20/1922 1317/21/1923
f 1333/24/1926 1324/22/1924 1326/23/1925
f 1342/26/1928 1333/24/1926 1335/25/1927
f 1351/28/1930 1342/26/1928 1344/27/1929
f 1360/30/1932 1351/28/1930 1353/29/1931
f 1297/32/1934 1360/30/1932 1362/31/1933
f 1309/34/1935 1308/19/1939 1299/18/1936
f 1318/36/1938 1317/21/8507 1308/19/1939
f 1326/23/1940 1317/21/8507 1318/36/1938
f 1335/25/1942 1326/23/1940 1327/37/1941
f 1344/27/1944 1335/25/1942 1336/38/1943
f 1353/29/1946 1344/27/1944 1345/39/1945
f 1363/41/1948 1362/31/1949 1353/29/1946
f 1300/42/1937 1299/33/1936 1362/31/1949
f 1385/74/1950 1376/45/1950 1394/44/1950
f 1376/45/1950 1439/79/8508 1430/77/8509
f 1412/76/8509 1430/77/8509 1421/43/8509
f 1376/45/1950 1430/77/8509 1412/76/8509
f 1412/76/8509 1403/75/1950 1376/45/1950
f 1306/17/1951 1310/1/1904 1301/3/1906
f 1315/20/1953 1319/5/1907 1310/1/1904
f 1324/22/1954 1328/7/1910 1319/5/1907
f 1333/24/1955 1337/9/1912 1328/7/1910
f 1342/26/1956 1346/11/1914 1337/9/1912
f 1351/28/1957 1355/13/1916 1346/11/1914
f 1360/30/1958 1364/14/1917 1355/13/1916
f 1297/32/1952 1301/15/1906 1364/14/1917
f 1307/47/1908 1314/49/1961 1305/48/1959
f 1316/4/1960 1323/80/2001 1314/49/1961
f 1332/50/1962 1323/80/2001 1316/4/1960
f 1341/51/1963 1332/50/1962 1325/6/1909
f 1350/52/1964 1341/51/1963 1334/8/1911
f 1359/53/1965 1350/52/1964 1343/10/1913
f 1361/16/1918 1368/55/1966 1359/53/1965
f 1298/54/1905 1305/81/1959 1368/55/1966
f 1311/56/1967 1312/60/1971 1303/57/1968
f 1320/59/1970 1321/62/1973 1312/60/1971
f 1329/61/1972 1330/64/1975 1321/62/1973
f 1338/63/1974 1339/66/1977 1330/64/1975
f 1347/65/1976 1348/68/1979 1339/66/1977
f 1356/67/1978 1357/70/1981 1348/68/1979
f 1365/69/1980 1366/72/1982 1357/70/1981
f 1302/71/1969 1303/78/1968 1366/72/1982
f 1312/60/1983 1313/74/1987 1304/73/1984
f 1321/62/1986 1322/44/8510 1313/74/1987
f 1331/75/1988 1322/44/8510 1321/62/1986
f 1340/76/1990 1331/75/1988 1330/64/1989
f 1349/43/1992 1340/76/1990 1339/66/1991
f 1358/77/1994 1349/43/1992 1348/68/1993
f 1366/72/1996 1367/79/1997 1358/77/1994
f 1303/78/1985 1304/45/1984 1367/79/1997
f 1309/34/1998 1300/42/1998 1318/36/1998
f 1300/42/1998 1363/41/1998 1345/39/1998
f 1363/41/1998 1354/40/8511 1345/39/1998
f 1345/39/1998 1336/38/1998 1318/36/1998
f 1336/38/1998 1327/37/1998 1318/36/1998
f 1314/49/1961 1311/56/8512 1302/58/1999
f 1320/59/2000 1311/56/8512 1314/49/1961
f 1329/61/2002 1320/59/2000 1323/80/2001
f 1338/63/2003 1329/61/2002 1332/50/1962
f 1347/65/2004 1338/63/2003 1341/51/1963
f 1356/67/2005 1347/65/2004 1350/52/1964
f 1368/55/1966 1365/69/2006 1356/67/2005
f 1305/81/1959 1302/71/1999 1365/69/2006
f 1382/1/2007 1373/3/2022 1370/2/2008
f 1391/5/2010 1382/1/2007 1379/47/2009
f 1391/5/2010 1388/4/2011 1397/6/2012
f 1400/7/2013 1397/6/2012 1406/8/2014
f 1409/9/2015 1406/8/2014 1415/10/2016
f 1418/11/2017 1415/10/2016 1424/12/2018
f 1436/14/2020 1427/13/2019 1424/12/2018
f 1373/15/2022 1436/14/2020 1433/16/2021
f 1371/18/2023 1369/46/2038 1378/17/2024
f 1380/19/2025 1378/17/2024 1387/20/2026
f 1389/21/2027 1387/20/2026 1396/22/2028
f 1398/23/2029 1396/22/2028 1405/24/2030
f 1407/25/2031 1405/24/2030 1414/26/2032
f 1416/27/2033 1414/26/2032 1423/28/2034
f 1425/29/2035 1423/28/2034 1432/30/2036
f 1434/31/2037 1432/30/2036 1369/32/2038
f 1381/34/2039 1372/35/2054 1371/18/2040
f 1390/36/2042 1381/34/2039 1380/19/2041
f 1390/36/2042 1389/21/2043 1398/23/2044
f 1399/37/2045 1398/23/2044 1407/25/2046
f 1408/38/2047 1407/25/2046 1416/27/2048
f 1417/39/2049 1416/27/2048 1425/29/2050
f 1435/41/2052 1426/40/2051 1425/29/2050
f 1372/42/2054 1435/41/2052 1434/31/2053
f 1313/74/2055 1322/44/2055 1331/75/2055
f 1331/75/2055 1340/76/2055 1349/43/2055
f 1349/43/2055 1358/77/2055 1367/79/8513
f 1367/79/8513 1304/73/2055 1349/43/2055
f 1304/73/2055 1313/74/2055 1331/75/2055
f 1378/17/2056 1369/46/2063 1373/3/2022
f 1387/20/2057 1378/17/2056 1382/1/2007
f 1396/22/2058 1387/20/2057 1391/5/2010
f 1405/24/2059 1396/22/2058 1400/7/2013
f 1414/26/2060 1405/24/2059 1409/9/2015
f 1423/28/2061 1414/26/2060 1418/11/2017
f 1432/30/2062 1423/28/2061 1427/13/2019
f 1369/32/2063 1432/30/2062 1436/14/2020
f 1379/47/2009 1370/2/2008 1377/48/2064
f 1388/4/2011 1379/47/2009 1386/49/2065
f 1388/4/2011 1395/80/2066 1404/50/2067
f 1397/6/2012 1404/50/2067 1413/51/2068
f 1406/8/2014 1413/51/2068 1422/52/2069
f 1415/10/2016 1422/52/2069 1431/53/2070
f 1433/16/2021 1424/12/2018 1431/53/2070
f 1370/54/2008 1433/16/2021 1440/55/2071
f 1383/56/2072 1374/58/2087 1375/57/2073
f 1392/59/2075 1383/56/2072 1384/60/2074
f 1401/61/2077 1392/59/2075 1393/62/2076
f 1410/63/2079 1401/61/2077 1402/64/2078
f 1419/65/2081 1410/63/2079 1411/66/2080
f 1428/67/2083 1419/65/2081 1420/68/2082
f 1437/69/2085 1428/67/2083 1429/70/2084
f 1374/71/2087 1437/69/2085 1438/72/2086
f 1384/60/2088 1375/57/2103 1376/73/2089
f 1393/62/2091 1384/60/2088 1385/74/2090
f 1393/62/2091 1394/44/2092 1403/75/2093
f 1402/64/2094 1403/75/2093 1412/76/2095
f 1411/66/2096 1412/76/2095 1421/43/2097
f 1420/68/2098 1421/43/2097 1430/77/2099
f 1438/72/2101 1429/70/2100 1430/77/2099
f 1375/78/2103 1438/72/2101 1439/79/2102
f 1417/39/2104 1426/40/2104 1435/41/2104
f 1435/41/2104 1372/35/2104 1381/34/2104
f 1381/34/2104 1390/36/2104 1399/37/2104
f 1399/37/2104 1408/38/2104 1417/39/2104
f 1417/39/2104 1435/41/2104 1381/34/2104
f 1386/49/2065 1377/48/2064 1374/58/2105
f 1386/49/2065 1383/56/2106 1392/59/2107
f 1395/80/2066 1392/59/2107 1401/61/2108
f 1404/50/2067 1401/61/2108 1410/63/2109
f 1413/51/2068 1410/63/2109 1419/65/2110
f 1422/52/2069 1419/65/2110 1428/67/2111
f 1440/55/2071 1431/53/2070 1428/67/2111
f 1377/81/2064 1440/55/2071 1437/69/2112
f 1454/1/2113 1451/47/2117 1442/2/2114
f 1463/5/2116 1460/4/2170 1451/47/2117
f 1469/6/2118 1460/4/2170 1463/5/2116
f 1478/8/2120 1469/6/2118 1472/7/2119
f 1487/10/2122 1478/8/2120 1481/9/2121
f 1496/12/2124 1487/10/2122 1490/11/2123
f 1508/14/2126 1505/16/2127 1496/12/2124
f 1445/15/2115 1442/54/2114 1505/16/2127
f 1450/17/2128 1441/46/2143 1443/18/2129
f 1459/20/2131 1450/17/2128 1452/19/2130
f 1468/22/2133 1459/20/2131 1461/21/2132
f 1477/24/2135 1468/22/2133 1470/23/2134
f 1486/26/2137 1477/24/2135 1479/25/2136
f 1495/28/2139 1486/26/2137 1488/27/2138
f 1504/30/2141 1495/28/2139 1497/29/2140
f 1441/32/2143 1504/30/2141 1506/31/2142
f 1453/34/2144 1452/19/2148 1443/18/2145
f 1462/36/2147 1461/21/8514 1452/19/2148
f 1470/23/2149 1461/21/8514 1462/36/2147
f 1479/25/2151 1470/23/2149 1471/37/2150
f 1488/27/2153 1479/25/2151 1480/38/2152
f 1497/29/2155 1488/27/2153 1489/39/2154
f 1507/41/2157 1506/31/2158 1497/29/2155
f 1444/42/2146 1443/33/2145 1506/31/2158
f 1529/74/2159 1520/45/8515 1583/79/2159
f 1583/79/2159 1574/77/2159 1529/74/2159
f 1574/77/2159 1565/43/2159 1547/75/2159
f 1529/74/2159 1574/77/2159 1547/75/2159
f 1565/43/2159 1556/76/2160 1547/75/2159
f 1450/17/2161 1454/1/2113 1445/3/2115
f 1459/20/2163 1463/5/2116 1454/1/2113
f 1468/22/2164 1472/7/2119 1463/5/2116
f 1477/24/2165 1481/9/2121 1472/7/2119
f 1486/26/2166 1490/11/2123 1481/9/2121
f 1495/28/2167 1499/13/2125 1490/11/2123
f 1504/30/2168 1508/14/2126 1499/13/2125
f 1441/32/2162 1445/15/2115 1508/14/2126
f 1451/47/2117 1458/49/2171 1449/48/2169
f 1460/4/2170 1467/80/2211 1458/49/2171
f 1476/50/2172 1467/80/2211 1460/4/2170
f 1485/51/2173 1476/50/2172 1469/6/2118
f 1494/52/2174 1485/51/2173 1478/8/2120
f 1503/53/2175 1494/52/2174 1487/10/2122
f 1505/16/2127 1512/55/2176 1503/53/2175
f 1442/54/2114 1449/81/2169 1512/55/2176
f 1455/56/2177 1456/60/2181 1447/57/2178
f 1464/59/2180 1465/62/2183 1456/60/2181
f 1473/61/2182 1474/64/2185 1465/62/2183
f 1482/63/2184 1483/66/2187 1474/64/2185
f 1491/65/2186 1492/68/2189 1483/66/2187
f 1500/67/2188 1501/70/2191 1492/68/2189
f 1509/69/2190 1510/72/2192 1501/70/2191
f 1446/71/2179 1447/78/2178 1510/72/2192
f 1456/60/2193 1457/74/2197 1448/73/2194
f 1465/62/2196 1466/44/8516 1457/74/2197
f 1475/75/2198 1466/44/8516 1465/62/2196
f 1484/76/2200 1475/75/2198 1474/64/2199
f 1493/43/2202 1484/76/2200 1483/66/2201
f 1502/77/2204 1493/43/2202 1492/68/2203
f 1510/72/2206 1511/79/2207 1502/77/2204
f 1447/78/2195 1448/45/2194 1511/79/2207
f 1453/34/2208 1444/42/2208 1498/40/2208
f 1444/42/2208 1507/41/2208 1498/40/2208
f 1498/40/2208 1489/39/2208 1480/38/2208
f 1453/34/2208 1498/40/2208 1471/37/2208
f 1480/38/2208 1471/37/2208 1498/40/2208
f 1458/49/2171 1455/56/8517 1446/58/2209
f 1464/59/2210 1455/56/8517 1458/49/2171
f 1473/61/2212 1464/59/2210 1467/80/2211
f 1482/63/2213 1473/61/2212 1476/50/2172
f 1491/65/2214 1482/63/2213 1485/51/2173
f 1500/67/2215 1491/65/2214 1494/52/2174
f 1512/55/2176 1509/69/2216 1500/67/2215
f 1449/81/2169 1446/71/2209 1509/69/2216
f 1526/1/2217 1517/3/2232 1514/2/2218
f 1535/5/2220 1526/1/2217 1523/47/2219
f 1535/5/2220 1532/4/2221 1541/6/2222
f 1544/7/2223 1541/6/2222 1550/8/2224
f 1553/9/2225 1550/8/2224 1559/10/2226
f 1562/11/2227 1559/10/2226 1568/12/2228
f 1580/14/2230 1571/13/2229 1568/12/2228
f 1517/15/2232 1580/14/2230 1577/16/2231
f 1515/18/2233 1513/46/2248 1522/17/2234
f 1524/19/2235 1522/17/2234 1531/20/2236
f 1533/21/2237 1531/20/2236 1540/22/2238
f 1542/23/2239 1540/22/2238 1549/24/2240
f 1551/25/2241 1549/24/2240 1558/26/2242
f 1560/27/2243 1558/26/2242 1567/28/2244
f 1569/29/2245 1567/28/2244 1576/30/2246
f 1578/31/2247 1576/30/2246 1513/32/2248
f 1525/34/2249 1516/35/2264 1515/18/2250
f 1534/36/2252 1525/34/2249 1524/19/2251
f 1534/36/2252 1533/21/2253 1542/23/2254
f 1543/37/2255 1542/23/2254 1551/25/2256
f 1552/38/2257 1551/25/2256 1560/27/2258
f 1561/39/2259 1560/27/2258 1569/29/2260
f 1579/41/2262 1570/40/2261 1569/29/2260
f 1516/42/2264 1579/41/2262 1578/31/2263
f 1457/74/2265 1466/44/2265 1448/73/2265
f 1466/44/2265 1475/75/8518 1448/73/2265
f 1475/75/8518 1484/76/8518 1448/73/2265
f 1484/76/8518 1493/43/2265 1502/77/2265
f 1448/73/2265 1484/76/8518 1502/77/2265
f 1522/17/2266 1513/46/2273 1517/3/2232
f 1531/20/2267 1522/17/2266 1526/1/2217
f 1540/22/2268 1531/20/2267 1535/5/2220
f 1549/24/2269 1540/22/2268 1544/7/2223
f 1558/26/2270 1549/24/2269 1553/9/2225
f 1567/28/2271 1558/26/2270 1562/11/2227
f 1576/30/2272 1567/28/2271 1571/13/2229
f 1513/32/2273 1576/30/2272 1580/14/2230
f 1523/47/2219 1514/2/2218 1521/48/2274
f 1532/4/2221 1523/47/2219 1530/49/2275
f 1532/4/2221 1539/80/2276 1548/50/2277
f 1541/6/2222 1548/50/2277 1557/51/2278
f 1550/8/2224 1557/51/2278 1566/52/2279
f 1559/10/2226 1566/52/2279 1575/53/2280
f 1577/16/2231 1568/12/2228 1575/53/2280
f 1514/54/2218 1577/16/2231 1584/55/2281
f 1527/56/2282 1518/58/2297 1519/57/2283
f 1536/59/2285 1527/56/2282 1528/60/2284
f 1545/61/2287 1536/59/2285 1537/62/2286
f 1554/63/2289 1545/61/2287 1546/64/2288
f 1563/65/2291 1554/63/2289 1555/66/2290
f 1572/67/2293 1563/65/2291 1564/68/2292
f 1581/69/2295 1572/67/2293 1573/70/2294
f 1518/71/2297 1581/69/2295 1582/72/2296
f 1528/60/2298 1519/57/2313 1520/73/2299
f 1537/62/2301 1528/60/2298 1529/74/2300
f 1537/62/2301 1538/44/2302 1547/75/2303
f 1546/64/2304 1547/75/2303 1556/76/2305
f 1555/66/2306 1556/76/2305 1565/43/2307
f 1564/68/2308 1565/43/2307 1574/77/2309
f 1582/72/2311 1573/70/2310 1574/77/2309
f 1519/78/2313 1582/72/2311 1583/79/2312
f 1561/39/2314 1570/40/2314 1525/34/2314
f 1570/40/2314 1579/41/2314 1525/34/2314
f 1579/41/2314 1516/35/8519 1525/34/2314
f 1525/34/2314 1534/36/2314 1543/37/2314
f 1543/37/2314 1552/38/8520 1561/39/2314
f 1530/49/2275 1521/48/2274 1518/58/2315
f 1530/49/2275 1527/56/2316 1536/59/2317
f 1539/80/2276 1536/59/2317 1545/61/2318
f 1548/50/2277 1545/61/2318 1554/63/2319
f 1557/51/2278 1554/63/2319 1563/65/2320
f 1566/52/2279 1563/65/2320 1572/67/2321
f 1584/55/2281 1575/53/2280 1572/67/2321
f 1521/81/2274 1584/55/2281 1581/69/2322
f 1598/1/2323 1595/47/2327 1586/2/2324
f 1607/5/2326 1604/4/2380 1595/47/2327
f 1613/6/2328 1604/4/2380 1607/5/2326
f 1622/8/2330 1613/6/2328 1616/7/2329
f 1631/10/2332 1622/8/2330 1625/9/2331
f 1640/12/2334 1631/10/2332 1634/11/2333
f 1652/14/2336 1649/16/2337 1640/12/2334
f 1589/15/2325 1586/54/2324 1649/16/2337
f 1594/17/2338 1585/46/2353 1587/18/2339
f 1603/20/2341 1594/17/2338 1596/19/2340
f 1612/22/2343 1603/20/2341 1605/21/2342
f 1621/24/2345 1612/22/2343 1614/23/2344
f 1630/26/2347 1621/24/2345 1623/25/2346
f 1639/28/2349 1630/26/2347 1632/27/2348
f 1648/30/2351 1639/28/2349 1641/29/2350
f 1585/32/2353 1648/30/2351 1650/31/2352
f 1597/34/2354 1596/19/2358 1587/18/2355
f 1606/36/2357 1605/21/8521 1596/19/2358
f 1614/23/2359 1605/21/8521 1606/36/2357
f 1623/25/2361 1614/23/2359 1615/37/2360
f 1632/27/2363 1623/25/2361 1624/38/2362
f 1641/29/2365 1632/27/2363 1633/39/2364
f 1651/41/2367 1650/31/2368 1641/29/2365
f 1588/42/2356 1587/33/2355 1650/31/2368
f 1673/74/2369 1664/45/2369 1709/43/2369
f 1664/45/2369 1727/79/2369 1709/43/2369
f 1727/79/2369 1718/77/2369 1709/43/2369
f 1709/43/2369 1700/76/8522 1691/75/2370
f 1691/75/2370 1682/44/2369 1673/74/2369
f 1594/17/2371 1598/1/2323 1589/3/2325
f 1603/20/2373 1607/5/2326 1598/1/2323
f 1612/22/2374 1616/7/2329 1607/5/2326
f 1621/24/2375 1625/9/2331 1616/7/2329
f 1630/26/2376 1634/11/2333 1625/9/2331
f 1639/28/2377 1643/13/2335 1634/11/2333
f 1648/30/2378 1652/14/2336 1643/13/2335
f 1585/32/2372 1589/15/2325 1652/14/2336
f 1595/47/2327 1602/49/2381 1593/48/2379
f 1604/4/2380 1611/80/2422 1602/49/2381
f 1620/50/2382 1611/80/2422 1604/4/2380
f 1629/51/2383 1620/50/2382 1613/6/2328
f 1638/52/2384 1629/51/2383 1622/8/2330
f 1647/53/2385 1638/52/2384 1631/10/2332
f 1649/16/2337 1656/55/2386 1647/53/2385
f 1586/54/2324 1593/81/2379 1656/55/2386
f 1599/56/2387 1600/60/2391 1591/57/2388
f 1608/59/2390 1609/62/2393 1600/60/2391
f 1617/61/2392 1618/64/2395 1609/62/2393
f 1626/63/2394 1627/66/2397 1618/64/2395
f 1635/65/2396 1636/68/2399 1627/66/2397
f 1644/67/2398 1645/70/2401 1636/68/2399
f 1653/69/2400 1654/72/2402 1645/70/2401
f 1590/71/2389 1591/78/2388 1654/72/2402
f 1600/60/2403 1601/74/2407 1592/73/2404
f 1609/62/2406 1610/44/8523 1601/74/2407
f 1619/75/2408 1610/44/8523 1609/62/2406
f 1628/76/2410 1619/75/2408 1618/64/2409
f 1637/43/2412 1628/76/2410 1627/66/2411
f 1646/77/2414 1637/43/2412 1636/68/2413
f 1654/72/2416 1655/79/2417 1646/77/2414
f 1591/78/2405 1592/45/2404 1655/79/2417
f 1597/34/2418 1588/42/2418 1651/41/2418
f 1651/41/2418 1642/40/2418 1597/34/2418
f 1642/40/2418 1633/39/2418 1597/34/2418
f 1633/39/2418 1624/38/8524 1597/34/2418
f 1624/38/8524 1615/37/2418 1597/34/2418
f 1602/49/2381 1599/56/8525 1590/58/2420
f 1608/59/2421 1599/56/8525 1602/49/2381
f 1617/61/2423 1608/59/2421 1611/80/2422
f 1626/63/2424 1617/61/2423 1620/50/2382
f 1635/65/2425 1626/63/2424 1629/51/2383
f 1644/67/2426 1635/65/2425 1638/52/2384
f 1656/55/2386 1653/69/2427 1644/67/2426
f 1593/81/2379 1590/71/2420 1653/69/2427
f 1670/1/2428 1661/3/2443 1658/2/2429
f 1679/5/2431 1670/1/2428 1667/47/2430
f 1679/5/2431 1676/4/2432 1685/6/2433
f 1688/7/2434 1685/6/2433 1694/8/2435
f 1697/9/2436 1694/8/2435 1703/10/2437
f 1706/11/2438 1703/10/2437 1712/12/2439
f 1724/14/2441 1715/13/2440 1712/12/2439
f 1661/15/2443 1724/14/2441 1721/16/2442
f 1659/18/2444 1657/46/2459 1666/17/2445
f 1668/19/2446 1666/17/2445 1675/20/2447
f 1677/21/2448 1675/20/2447 1684/22/2449
f 1686/23/2450 1684/22/2449 1693/24/2451
f 1695/25/2452 1693/24/2451 1702/26/2453
f 1704/27/2454 1702/26/2453 1711/28/2455
f 1713/29/2456 1711/28/2455 1720/30/2457
f 1722/31/2458 1720/30/2457 1657/32/2459
f 1669/34/2460 1660/35/2475 1659/18/2461
f 1678/36/2463 1669/34/2460 1668/19/2462
f 1678/36/2463 1677/21/2464 1686/23/2465
f 1687/37/2466 1686/23/2465 1695/25/2467
f 1696/38/2468 1695/25/2467 1704/27/2469
f 1705/39/2470 1704/27/2469 1713/29/2471
f 1723/41/2473 1714/40/2472 1713/29/2471
f 1660/42/2475 1723/41/2473 1722/31/2474
f 1601/74/2476 1610/44/2476 1619/75/2476
f 1619/75/2476 1628/76/2476 1637/43/2476
f 1637/43/2476 1646/77/2476 1601/74/2476
f 1646/77/2476 1655/79/2476 1601/74/2476
f 1655/79/2476 1592/73/2476 1601/74/2476
f 1666/17/2477 1657/46/2484 1661/3/2443
f 1675/20/2478 1666/17/2477 1670/1/2428
f 1684/22/2479 1675/20/2478 1679/5/2431
f 1693/24/2480 1684/22/2479 1688/7/2434
f 1702/26/2481 1693/24/2480 1697/9/2436
f 1711/28/2482 1702/26/2481 1706/11/2438
f 1720/30/2483 1711/28/2482 1715/13/2440
f 1657/32/2484 1720/30/2483 1724/14/2441
f 1667/47/2430 1658/2/2429 1665/48/2485
f 1676/4/2432 1667/47/2430 1674/49/2486
f 1676/4/2432 1683/80/2487 1692/50/2488
f 1685/6/2433 1692/50/2488 1701/51/2489
f 1694/8/2435 1701/51/2489 1710/52/2490
f 1703/10/2437 1710/52/2490 1719/53/2491
f 1721/16/2442 1712/12/2439 1719/53/2491
f 1658/54/2429 1721/16/2442 1728/55/2492
f 1671/56/2493 1662/58/2508 1663/57/2494
f 1680/59/2496 1671/56/2493 1672/60/2495
f 1689/61/2498 1680/59/2496 1681/62/2497
f 1698/63/2500 1689/61/2498 1690/64/2499
f 1707/65/2502 1698/63/2500 1699/66/2501
f 1716/67/2504 1707/65/2502 1708/68/2503
f 1725/69/2506 1716/67/2504 1717/70/2505
f 1662/71/2508 1725/69/2506 1726/72/2507
f 1672/60/2509 1663/57/2524 1664/73/2510
f 1681/62/2512 1672/60/2509 1673/74/2511
f 1681/62/2512 1682/44/2513 1691/75/2514
f 1690/64/2515 1691/75/2514 1700/76/2516
f 1699/66/2517 1700/76/2516 1709/43/2518
f 1708/68/2519 1709/43/2518 1718/77/2520
f 1726/72/2522 1717/70/2521 1718/77/2520
f 1663/78/2524 1726/72/2522 1727/79/2523
f 1705/39/2525 1714/40/2525 1660/35/2525
f 1714/40/2525 1723/41/8526 1660/35/2525
f 1660/35/2525 1669/34/2525 1678/36/2525
f 1705/39/2525 1660/35/2525 1696/38/2525
f 1678/36/2525 1687/37/2525 1696/38/2525
f 1674/49/2486 1665/48/2485 1662/58/2526
f 1674/49/2486 1671/56/2527 1680/59/2528
f 1683/80/2487 1680/59/2528 1689/61/2529
f 1692/50/2488 1689/61/2529 1698/63/2530
f 1701/51/2489 1698/63/2530 1707/65/2531
f 1710/52/2490 1707/65/2531 1716/67/2532
f 1728/55/2492 1719/53/2491 1716/67/2532
f 1665/81/2485 1728/55/2492 1725/69/2533
f 1742/1/2534 1739/47/2589 1730/2/2535
f 1748/4/2537 1739/47/2589 1742/1/2534
f 1757/6/2539 1748/4/2537 1751/5/2538
f 1766/8/2541 1757/6/2539 1760/7/2540
f 1775/10/2543 1766/8/2541 1769/9/2542
f 1787/13/2545 1784/12/2547 1775/10/2543
f 1796/14/2546 1793/16/2548 1784/12/2547
f 1733/15/2536 1730/54/2535 1793/16/2548
f 1738/17/2549 1729/46/2564 1731/18/2550
f 1747/20/2552 1738/17/2549 1740/19/2551
f 1756/22/2554 1747/20/2552 1749/21/2553
f 1765/24/2556 1756/22/2554 1758/23/2555
f 1774/26/2558 1765/24/2556 1767/25/2557
f 1783/28/2560 1774/26/2558 1776/27/2559
f 1792/30/2562 1783/28/2560 1785/29/2561
f 1729/32/2564 1792/30/2562 1794/31/2563
f 1741/34/2565 1740/19/2569 1731/18/2566
f 1750/36/2568 1749/21/8527 1740/19/2569
f 1758/23/2570 1749/21/8527 1750/36/2568
f 1767/25/2572 1758/23/2570 1759/37/2571
f 1776/27/2574 1767/25/2572 1768/38/2573
f 1785/29/2576 1776/27/2574 1777/39/2575
f 1795/41/2578 1794/31/2579 1785/29/2576
f 1732/42/2567 1731/33/2566 1794/31/2579
f 1817/74/2580 1808/45/2580 1871/79/2580
f 1871/79/2580 1862/77/8528 1853/43/2580
f 1853/43/2580 1844/76/8529 1835/75/2580
f 1835/75/2580 1826/44/2580 1853/43/2580
f 1826/44/2580 1817/74/2580 1871/79/2580
f 1738/17/2581 1742/1/2534 1733/3/2536
f 1747/20/2583 1751/5/2538 1742/1/2534
f 1756/22/2584 1760/7/2540 1751/5/2538
f 1765/24/2585 1769/9/2542 1760/7/2540
f 1774/26/2586 1778/11/2544 1769/9/2542
f 1783/28/2587 1787/13/2545 1778/11/2544
f 1792/30/2588 1796/14/2546 1787/13/2545
f 1729/32/2582 1733/15/2536 1796/14/2546
f 1739/47/2589 1746/49/2591 1737/48/2590
f 1748/4/2537 1755/80/2631 1746/49/2591
f 1764/50/2592 1755/80/2631 1748/4/2537
f 1773/51/2593 1764/50/2592 1757/6/2539
f 1782/52/2594 1773/51/2593 1766/8/2541
f 1791/53/2595 1782/52/2594 1775/10/2543
f 1793/16/2548 1800/55/2596 1791/53/2595
f 1730/54/2535 1737/81/2590 1800/55/2596
f 1743/56/2597 1744/60/2601 1735/57/2598
f 1752/59/2600 1753/62/2603 1744/60/2601
f 1761/61/2602 1762/64/2605 1753/62/2603
f 1770/63/2604 1771/66/2607 1762/64/2605
f 1779/65/2606 1780/68/2609 1771/66/2607
f 1788/67/2608 1789/70/2611 1780/68/2609
f 1797/69/2610 1798/72/2612 1789/70/2611
f 1734/71/2599 1735/78/2598 1798/72/2612
f 1744/60/2613 1745/74/2617 1736/73/2614
f 1753/62/2616 1754/44/8530 1745/74/2617
f 1763/75/2618 1754/44/8530 1753/62/2616
f 1772/76/2620 1763/75/2618 1762/64/2619
f 1781/43/2622 1772/76/2620 1771/66/2621
f 1790/77/2624 1781/43/2622 1780/68/2623
f 1798/72/2626 1799/79/2627 1790/77/2624
f 1735/78/2615 1736/45/2614 1799/79/2627
f 1741/34/2628 1732/42/2628 1795/41/2628
f 1795/41/2628 1786/40/8531 1777/39/2628
f 1777/39/2628 1768/38/8531 1759/37/2628
f 1759/37/2628 1750/36/2628 1777/39/2628
f 1750/36/2628 1741/34/2628 1777/39/2628
f 1746/49/2591 1743/56/8532 1734/58/2629
f 1752/59/2630 1743/56/8532 1746/49/2591
f 1761/61/2632 1752/59/2630 1755/80/2631
f 1770/63/2633 1761/61/2632 1764/50/2592
f 1779/65/2634 1770/63/2633 1773/51/2593
f 1788/67/2635 1779/65/2634 1782/52/2594
f 1800/55/2596 1797/69/2636 1788/67/2635
f 1737/81/2590 1734/71/2629 1797/69/2636
f 1814/1/2637 1805/3/2652 1802/2/2638
f 1814/1/2637 1811/47/2639 1820/4/2640
f 1823/5/2641 1820/4/2640 1829/6/2642
f 1832/7/2643 1829/6/2642 1838/8/2644
f 1841/9/2645 1838/8/2644 1847/10/2646
f 1850/11/2647 1847/10/2646 1856/12/2648
f 1868/14/2650 1859/13/2649 1856/12/2648
f 1805/15/2652 1868/14/2650 1865/16/2651
f 1803/18/2653 1801/46/2668 1810/17/2654
f 1812/19/2655 1810/17/2654 1819/20/2656
f 1821/21/2657 1819/20/2656 1828/22/2658
f 1830/23/2659 1828/22/2658 1837/24/2660
f 1839/25/2661 1837/24/2660 1846/26/2662
f 1848/27/2663 1846/26/2662 1855/28/2664
f 1857/29/2665 1855/28/2664 1864/30/2666
f 1866/31/2667 1864/30/2666 1801/32/2668
f 1813/34/2669 1804/35/2684 1803/18/2670
f 1822/36/2672 1813/34/2669 1812/19/2671
f 1822/36/2672 1821/21/2673 1830/23/2674
f 1831/37/2675 1830/23/2674 1839/25/2676
f 1840/38/2677 1839/25/2676 1848/27/2678
f 1849/39/2679 1848/27/2678 1857/29/2680
f 1867/41/2682 1858/40/2681 1857/29/2680
f 1804/42/2684 1867/41/2682 1866/31/2683
f 1745/74/2687 1754/44/2685 1763/75/2687
f 1763/75/2687 1772/76/2687 1745/74/2687
f 1772/76/2687 1781/43/2685 1790/77/2685
f 1745/74/2687 1772/76/2687 1799/79/2685
f 1790/77/2685 1799/79/2685 1772/76/2687
f 1810/17/2688 1801/46/2695 1805/3/2652
f 1819/20/2689 1810/17/2688 1814/1/2637
f 1828/22/2690 1819/20/2689 1823/5/2641
f 1837/24/2691 1828/22/2690 1832/7/2643
f 1846/26/2692 1837/24/2691 1841/9/2645
f 1855/28/2693 1846/26/2692 1850/11/2647
f 1864/30/2694 1855/28/2693 1859/13/2649
f 1801/32/2695 1864/30/2694 1868/14/2650
f 1811/47/2639 1802/2/2638 1809/48/2696
f 1820/4/2640 1811/47/2639 1818/49/2697
f 1820/4/2640 1827/80/2698 1836/50/2699
f 1829/6/2642 1836/50/2699 1845/51/2700
f 1838/8/2644 1845/51/2700 1854/52/2701
f 1847/10/2646 1854/52/2701 1863/53/2702
f 1865/16/2651 1856/12/2648 1863/53/2702
f 1802/54/2638 1865/16/2651 1872/55/2703
f 1815/56/2704 1806/58/2719 1807/57/2705
f 1824/59/2707 1815/56/2704 1816/60/2706
f 1833/61/2709 1824/59/2707 1825/62/2708
f 1842/63/2711 1833/61/2709 1834/64/2710
f 1851/65/2713 1842/63/2711 1843/66/2712
f 1860/67/2715 1851/65/2713 1852/68/2714
f 1869/69/2717 1860/67/2715 1861/70/2716
f 1806/71/2719 1869/69/2717 1870/72/2718
f 1816/60/2720 1807/57/2735 1808/73/2721
f 1825/62/2723 1816/60/2720 1817/74/2722
f 1825/62/2723 1826/44/2724 1835/75/2725
f 1834/64/2726 1835/75/2725 1844/76/2727
f 1843/66/2728 1844/76/2727 1853/43/2729
f 1852/68/2730 1853/43/2729 1862/77/2731
f 1870/72/2733 1861/70/2732 1862/77/2731
f 1807/78/2735 1870/72/2733 1871/79/2734
f 1849/39/2736 1858/40/8533 1867/41/8534
f 1867/41/8534 1804/35/2736 1849/39/2736
f 1804/35/2736 1813/34/2736 1849/39/2736
f 1813/34/2736 1822/36/8535 1831/37/8534
f 1831/37/8534 1840/38/2736 1813/34/2736
f 1818/49/2697 1809/48/2696 1806/58/2737
f 1818/49/2697 1815/56/2738 1824/59/2739
f 1827/80/2698 1824/59/2739 1833/61/2740
f 1836/50/2699 1833/61/2740 1842/63/2741
f 1845/51/2700 1842/63/2741 1851/65/2742
f 1854/52/2701 1851/65/2742 1860/67/2743
f 1872/55/2703 1863/53/2702 1860/67/2743
f 1809/81/2696 1872/55/2703 1869/69/2744
f 1886/1/2745 1883/47/2800 1874/2/2746
f 1892/4/2748 1883/47/2800 1886/1/2745
f 1901/6/2750 1892/4/2748 1895/5/2749
f 1910/8/2752 1901/6/2750 1904/7/2751
f 1919/10/2754 1910/8/2752 1913/9/2753
f 1928/12/2756 1919/10/2754 1922/11/2755
f 1940/14/2758 1937/16/2759 1928/12/2756
f 1877/15/2747 1874/54/2746 1937/16/2759
f 1882/17/2760 1873/46/2775 1875/18/2761
f 1891/20/2763 1882/17/2760 1884/19/2762
f 1900/22/2765 1891/20/2763 1893/21/2764
f 1909/24/2767 1900/22/2765 1902/23/2766
f 1918/26/2769 1909/24/2767 1911/25/2768
f 1927/28/2771 1918/26/2769 1920/27/2770
f 1936/30/2773 1927/28/2771 1929/29/2772
f 1873/32/2775 1936/30/2773 1938/31/2774
f 1885/34/2776 1884/19/2780 1875/18/2777
f 1894/36/2779 1893/21/8536 1884/19/2780
f 1902/23/2781 1893/21/8536 1894/36/2779
f 1911/25/2783 1902/23/2781 1903/37/2782
f 1920/27/2785 1911/25/2783 1912/38/2784
f 1929/29/2787 1920/27/2785 1921/39/2786
f 1939/41/2789 1938/31/2790 1929/29/2787
f 1876/42/2778 1875/33/2777 1938/31/2790
f 1961/74/8537 1952/45/2791 1970/44/2791
f 1952/45/2791 2015/79/2791 2006/77/2791
f 1988/76/2791 2006/77/2791 1997/43/8537
f 1952/45/2791 2006/77/2791 1988/76/2791
f 1988/76/2791 1979/75/2791 1952/45/2791
f 1882/17/2792 1886/1/2745 1877/3/2747
f 1891/20/2794 1895/5/2749 1886/1/2745
f 1900/22/2795 1904/7/2751 1895/5/2749
f 1909/24/2796 1913/9/2753 1904/7/2751
f 1918/26/2797 1922/11/2755 1913/9/2753
f 1927/28/2798 1931/13/2757 1922/11/2755
f 1936/30/2799 1940/14/2758 1931/13/2757
f 1873/32/2793 1877/15/2747 1940/14/2758
f 1883/47/2800 1890/49/2802 1881/48/2801
f 1892/4/2748 1899/80/2843 1890/49/2802
f 1908/50/2803 1899/80/2843 1892/4/2748
f 1917/51/2804 1908/50/2803 1901/6/2750
f 1926/52/2805 1917/51/2804 1910/8/2752
f 1935/53/2806 1926/52/2805 1919/10/2754
f 1937/16/2759 1944/55/2807 1935/53/2806
f 1874/54/2746 1881/81/2801 1944/55/2807
f 1887/56/2808 1888/60/2812 1879/57/2809
f 1896/59/2811 1897/62/2814 1888/60/2812
f 1905/61/2813 1906/64/2816 1897/62/2814
f 1914/63/2815 1915/66/2818 1906/64/2816
f 1923/65/2817 1924/68/2820 1915/66/2818
f 1932/67/2819 1933/70/2822 1924/68/2820
f 1941/69/2821 1942/72/2823 1933/70/2822
f 1878/71/2810 1879/78/2809 1942/72/2823
f 1888/60/2824 1889/74/2828 1880/73/2825
f 1897/62/2827 1898/44/8538 1889/74/2828
f 1907/75/2829 1898/44/8538 1897/62/2827
f 1916/76/2831 1907/75/2829 1906/64/2830
f 1925/43/2833 1916/76/2831 1915/66/2832
f 1934/77/2835 1925/43/2833 1924/68/2834
f 1942/72/2837 1943/79/2838 1934/77/2835
f 1879/78/2826 1880/45/2825 1943/79/2838
f 1885/34/2839 1876/42/8539 1939/41/2840
f 1939/41/2840 1930/40/2840 1912/38/2840
f 1930/40/2840 1921/39/8540 1912/38/2840
f 1912/38/2840 1903/37/2840 1894/36/8541
f 1885/34/2839 1912/38/2840 1894/36/8541
f 1890/49/2802 1887/56/8542 1878/58/2841
f 1896/59/2842 1887/56/8542 1890/49/2802
f 1905/61/2844 1896/59/2842 1899/80/2843
f 1914/63/2845 1905/61/2844 1908/50/2803
f 1923/65/2846 1914/63/2845 1917/51/2804
f 1932/67/2847 1923/65/2846 1926/52/2805
f 1944/55/2807 1941/69/2848 1932/67/2847
f 1881/81/2801 1878/71/2841 1941/69/2848
f 1958/1/2849 1949/3/2864 1946/2/2850
f 1967/5/2852 1958/1/2849 1955/47/2851
f 1967/5/2852 1964/4/2853 1973/6/2854
f 1976/7/2855 1973/6/2854 1982/8/2856
f 1985/9/2857 1982/8/2856 1991/10/2858
f 2003/13/2860 1994/11/2859 1991/10/2858
f 2012/14/2862 2003/13/2860 2000/12/2861
f 1949/15/2864 2012/14/2862 2009/16/2863
f 1947/18/2865 1945/46/2880 1954/17/2866
f 1956/19/2867 1954/17/2866 1963/20/2868
f 1965/21/2869 1963/20/2868 1972/22/2870
f 1974/23/2871 1972/22/2870 1981/24/2872
f 1983/25/2873 1981/24/2872 1990/26/2874
f 1992/27/2875 1990/26/2874 1999/28/2876
f 2001/29/2877 1999/28/2876 2008/30/2878
f 2010/31/2879 2008/30/2878 1945/32/2880
f 1957/34/2881 1948/35/2896 1947/18/2882
f 1966/36/2884 1957/34/2881 1956/19/2883
f 1966/36/2884 1965/21/2885 1974/23/2886
f 1975/37/2887 1974/23/2886 1983/25/2888
f 1984/38/2889 1983/25/2888 1992/27/2890
f 1993/39/2891 1992/27/2890 2001/29/2892
f 2011/41/2894 2002/40/2893 2001/29/2892
f 1948/42/2896 2011/41/2894 2010/31/2895
f 1889/74/2899 1898/44/2899 1925/43/2897
f 1898/44/2899 1907/75/2899 1925/43/2897
f 1907/75/2899 1916/76/8543 1925/43/2897
f 1925/43/2897 1934/77/8544 1943/79/2898
f 1943/79/2898 1880/73/8545 1889/74/2899
f 1954/17/2900 1945/46/2907 1949/3/2864
f 1963/20/2901 1954/17/2900 1958/1/2849
f 1972/22/2902 1963/20/2901 1967/5/2852
f 1981/24/2903 1972/22/2902 1976/7/2855
f 1990/26/2904 1981/24/2903 1985/9/2857
f 1999/28/2905 1990/26/2904 1994/11/2859
f 2008/30/2906 1999/28/2905 2003/13/2860
f 1945/32/2907 2008/30/2906 2012/14/2862
f 1955/47/2851 1946/2/2850 1953/48/2908
f 1964/4/2853 1955/47/2851 1962/49/2909
f 1964/4/2853 1971/80/2910 1980/50/2911
f 1973/6/2854 1980/50/2911 1989/51/2912
f 1982/8/2856 1989/51/2912 1998/52/2913
f 1991/10/2858 1998/52/2913 2007/53/2914
f 2009/16/2863 2000/12/2861 2007/53/2914
f 1946/54/2850 2009/16/2863 2016/55/2915
f 1959/56/2916 1950/58/2931 1951/57/2917
f 1968/59/2919 1959/56/2916 1960/60/2918
f 1977/61/2921 1968/59/2919 1969/62/2920
f 1986/63/2923 1977/61/2921 1978/64/2922
f 1995/65/2925 1986/63/2923 1987/66/2924
f 2004/67/2927 1995/65/2925 1996/68/2926
f 2013/69/2929 2004/67/2927 2005/70/2928
f 1950/71/2931 2013/69/2929 2014/72/2930
f 1960/60/2932 1951/57/2947 1952/73/2933
f 1969/62/2935 1960/60/2932 1961/74/2934
f 1969/62/2935 1970/44/2936 1979/75/2937
f 1978/64/2938 1979/75/2937 1988/76/2939
f 1987/66/2940 1988/76/2939 1997/43/2941
f 1996/68/2942 1997/43/2941 2006/77/2943
f 2014/72/2945 2005/70/2944 2006/77/2943
f 1951/78/2947 2014/72/2945 2015/79/2946
f 1993/39/2948 2002/40/2948 1957/34/2948
f 2002/40/2948 2011/41/2948 1957/34/2948
f 2011/41/2948 1948/35/2948 1957/34/2948
f 1957/34/2948 1966/36/8546 1975/37/2948
f 1975/37/2948 1984/38/2948 1993/39/2948
f 1962/49/2909 1953/48/2908 1950/58/2949
f 1962/49/2909 1959/56/2950 1968/59/2951
f 1971/80/2910 1968/59/2951 1977/61/2952
f 1980/50/2911 1977/61/2952 1986/63/2953
f 1989/51/2912 1986/63/2953 1995/65/2954
f 1998/52/2913 1995/65/2954 2004/67/2955
f 2016/55/2915 2007/53/2914 2004/67/2955
f 1953/81/2908 2016/55/2915 2013/69/2956
f 2030/1/2957 2027/47/2961 2018/2/2958
f 2039/5/2960 2036/4/3013 2027/47/2961
f 2045/6/2962 2036/4/3013 2039/5/2960
f 2054/8/2964 2045/6/2962 2048/7/2963
f 2063/10/2966 2054/8/2964 2057/9/2965
f 2072/12/2968 2063/10/2966 2066/11/2967
f 2084/14/2970 2081/16/2971 2072/12/2968
f 2021/15/2959 2018/54/2958 2081/16/2971
f 2026/17/2972 2017/46/2987 2019/18/2973
f 2035/20/2975 2026/17/2972 2028/19/2974
f 2044/22/2977 2035/20/2975 2037/21/2976
f 2053/24/2979 2044/22/2977 2046/23/2978
f 2062/26/2981 2053/24/2979 2055/25/2980
f 2071/28/2983 2062/26/2981 2064/27/2982
f 2080/30/2985 2071/28/2983 2073/29/2984
f 2017/32/2987 2080/30/2985 2082/31/2986
f 2029/34/2988 2028/19/2992 2019/18/2989
f 2038/36/2991 2037/21/8547 2028/19/2992
f 2046/23/2993 2037/21/8547 2038/36/2991
f 2055/25/2995 2046/23/2993 2047/37/2994
f 2064/27/2997 2055/25/2995 2056/38/2996
f 2073/29/2999 2064/27/2997 2065/39/2998
f 2083/41/3001 2082/31/3002 2073/29/2999
f 2020/42/2990 2019/33/2989 2082/31/3002
f 2105/74/3003 2096/45/3003 2141/43/3003
f 2096/45/3003 2159/79/8548 2141/43/3003
f 2159/79/8548 2150/77/3003 2141/43/3003
f 2141/43/3003 2132/76/8549 2123/75/3003
f 2123/75/3003 2114/44/3003 2105/74/3003
f 2026/17/3004 2030/1/2957 2021/3/2959
f 2035/20/3006 2039/5/2960 2030/1/2957
f 2044/22/3007 2048/7/2963 2039/5/2960
f 2053/24/3008 2057/9/2965 2048/7/2963
f 2062/26/3009 2066/11/2967 2057/9/2965
f 2071/28/3010 2075/13/2969 2066/11/2967
f 2080/30/3011 2084/14/2970 2075/13/2969
f 2017/32/3005 2021/15/2959 2084/14/2970
f 2027/47/2961 2034/49/3014 2025/48/3012
f 2036/4/3013 2043/80/3054 2034/49/3014
f 2052/50/3015 2043/80/3054 2036/4/3013
f 2061/51/3016 2052/50/3015 2045/6/2962
f 2070/52/3017 2061/51/3016 2054/8/2964
f 2079/53/3018 2070/52/3017 2063/10/2966
f 2081/16/2971 2088/55/3019 2079/53/3018
f 2018/54/2958 2025/81/3012 2088/55/3019
f 2031/56/3020 2032/60/3024 2023/57/3021
f 2040/59/3023 2041/62/3026 2032/60/3024
f 2049/61/3025 2050/64/3028 2041/62/3026
f 2058/63/3027 2059/66/3030 2050/64/3028
f 2067/65/3029 2068/68/3032 2059/66/3030
f 2076/67/3031 2077/70/3034 2068/68/3032
f 2085/69/3033 2086/72/3035 2077/70/3034
f 2022/71/3022 2023/78/3021 2086/72/3035
f 2032/60/3036 2033/74/3040 2024/73/3037
f 2041/62/3039 2042/44/8550 2033/74/3040
f 2051/75/3041 2042/44/8550 2041/62/3039
f 2060/76/3043 2051/75/3041 2050/64/3042
f 2069/43/3045 2060/76/3043 2059/66/3044
f 2078/77/3047 2069/43/3045 2068/68/3046
f 2086/72/3049 2087/79/3050 2078/77/3047
f 2023/78/3038 2024/45/3037 2087/79/3050
f 2029/34/3051 2020/42/3051 2065/39/3051
f 2020/42/3051 2083/41/3051 2065/39/3051
f 2083/41/3051 2074/40/3051 2065/39/3051
f 2065/39/3051 2056/38/8551 2047/37/3051
f 2047/37/3051 2038/36/8552 2029/34/3051
f 2034/49/3014 2031/56/8553 2022/58/3052
f 2040/59/3053 2031/56/8553 2034/49/3014
f 2049/61/3055 2040/59/3053 2043/80/3054
f 2058/63/3056 2049/61/3055 2052/50/3015
f 2067/65/3057 2058/63/3056 2061/51/3016
f 2076/67/3058 2067/65/3057 2070/52/3017
f 2088/55/3019 2085/69/3059 2076/67/3058
f 2025/81/3012 2022/71/3052 2085/69/3059
f 2102/1/3060 2093/3/3075 2090/2/3061
f 2102/1/3060 2099/47/3062 2108/4/3063
f 2111/5/3064 2108/4/3063 2117/6/3065
f 2120/7/3066 2117/6/3065 2126/8/3067
f 2129/9/3068 2126/8/3067 2135/10/3069
f 2147/13/3071 2138/11/3070 2135/10/3069
f 2156/14/3073 2147/13/3071 2144/12/3072
f 2093/15/3075 2156/14/3073 2153/16/3074
f 2091/18/3076 2089/46/3091 2098/17/3077
f 2100/19/3078 2098/17/3077 2107/20/3079
f 2109/21/3080 2107/20/3079 2116/22/3081
f 2118/23/3082 2116/22/3081 2125/24/3083
f 2127/25/3084 2125/24/3083 2134/26/3085
f 2136/27/3086 2134/26/3085 2143/28/3087
f 2145/29/3088 2143/28/3087 2152/30/3089
f 2154/31/3090 2152/30/3089 2089/32/3091
f 2101/34/3092 2092/35/3107 2091/18/3093
f 2110/36/3095 2101/34/3092 2100/19/3094
f 2110/36/3095 2109/21/3096 2118/23/3097
f 2119/37/3098 2118/23/3097 2127/25/3099
f 2128/38/3100 2127/25/3099 2136/27/3101
f 2137/39/3102 2136/27/3101 2145/29/3103
f 2155/41/3105 2146/40/3104 2145/29/3103
f 2092/42/3107 2155/41/3105 2154/31/3106
f 2033/74/3108 2042/44/3108 2051/75/3108
f 2051/75/3108 2060/76/8554 2069/43/3109
f 2069/43/3109 2078/77/3109 2051/75/3108
f 2078/77/3109 2087/79/3109 2033/74/3108
f 2087/79/3109 2024/73/8555 2033/74/3108
f 2098/17/3110 2089/46/3117 2093/3/3075
f 2107/20/3111 2098/17/3110 2102/1/3060
f 2116/22/3112 2107/20/3111 2111/5/3064
f 2125/24/3113 2116/22/3112 2120/7/3066
f 2134/26/3114 2125/24/3113 2129/9/3068
f 2143/28/3115 2134/26/3114 2138/11/3070
f 2152/30/3116 2143/28/3115 2147/13/3071
f 2089/32/3117 2152/30/3116 2156/14/3073
f 2099/47/3062 2090/2/3061 2097/48/3118
f 2108/4/3063 2099/47/3062 2106/49/3119
f 2108/4/3063 2115/80/3120 2124/50/3121
f 2117/6/3065 2124/50/3121 2133/51/3122
f 2126/8/3067 2133/51/3122 2142/52/3123
f 2135/10/3069 2142/52/3123 2151/53/3124
f 2153/16/3074 2144/12/3072 2151/53/3124
f 2090/54/3061 2153/16/3074 2160/55/3125
f 2103/56/3126 2094/58/3141 2095/57/3127
f 2112/59/3129 2103/56/3126 2104/60/3128
f 2121/61/3131 2112/59/3129 2113/62/3130
f 2130/63/3133 2121/61/3131 2122/64/3132
f 2139/65/3135 2130/63/3133 2131/66/3134
f 2148/67/3137 2139/65/3135 2140/68/3136
f 2157/69/3139 2148/67/3137 2149/70/3138
f 2094/71/3141 2157/69/3139 2158/72/3140
f 2104/60/3142 2095/57/3157 2096/73/3143
f 2113/62/3145 2104/60/3142 2105/74/3144
f 2113/62/3145 2114/44/3146 2123/75/3147
f 2122/64/3148 2123/75/3147 2132/76/3149
f 2131/66/3150 2132/76/3149 2141/43/3151
f 2140/68/3152 2141/43/3151 2150/77/3153
f 2158/72/3155 2149/70/3154 2150/77/3153
f 2095/78/3157 2158/72/3155 2159/79/3156
f 2137/39/3158 2146/40/8556 2155/41/3158
f 2155/41/3158 2092/35/8556 2101/34/3158
f 2101/34/3158 2110/36/3158 2119/37/3158
f 2119/37/3158 2128/38/8557 2137/39/3158
f 2137/39/3158 2155/41/3158 2119/37/3158
f 2106/49/3119 2097/48/3118 2094/58/3159
f 2106/49/3119 2103/56/3160 2112/59/3161
f 2115/80/3120 2112/59/3161 2121/61/3162
f 2124/50/3121 2121/61/3162 2130/63/3163
f 2133/51/3122 2130/63/3163 2139/65/3164
f 2142/52/3123 2139/65/3164 2148/67/3165
f 2160/55/3125 2151/53/3124 2148/67/3165
f 2097/81/3118 2160/55/3125 2157/69/3166
f 2174/1/3167 2171/47/3171 2162/2/3168
f 2183/5/3170 2180/4/3223 2171/47/3171
f 2189/6/3172 2180/4/3223 2183/5/3170
f 2198/8/3174 2189/6/3172 2192/7/3173
f 2207/10/3176 2198/8/3174 2201/9/3175
f 2216/12/3178 2207/10/3176 2210/11/3177
f 2228/14/3180 2225/16/3181 2216/12/3178
f 2165/15/3169 2162/54/3168 2225/16/3181
f 2170/17/3182 2161/46/3197 2163/18/3183
f 2179/20/3185 2170/17/3182 2172/19/3184
f 2188/22/3187 2179/20/3185 2181/21/3186
f 2197/24/3189 2188/22/3187 2190/23/3188
f 2206/26/3191 2197/24/3189 2199/25/3190
f 2215/28/3193 2206/26/3191 2208/27/3192
f 2224/30/3195 2215/28/3193 2217/29/3194
f 2161/32/3197 2224/30/3195 2226/31/3196
f 2173/34/3198 2172/19/3202 2163/18/3199
f 2182/36/3201 2181/21/8558 2172/19/3202
f 2190/23/3203 2181/21/8558 2182/36/3201
f 2199/25/3205 2190/23/3203 2191/37/3204
f 2208/27/3207 2199/25/3205 2200/38/3206
f 2217/29/3209 2208/27/3207 2209/39/3208
f 2227/41/3211 2226/31/3212 2217/29/3209
f 2164/42/3200 2163/33/3199 2226/31/3212
f 2249/74/3213 2240/45/8559 2285/43/3213
f 2240/45/8559 2303/79/8559 2285/43/3213
f 2303/79/8559 2294/77/8559 2285/43/3213
f 2285/43/3213 2276/76/3213 2267/75/3213
f 2267/75/3213 2258/44/8559 2249/74/3213
f 2170/17/3214 2174/1/3167 2165/3/3169
f 2179/20/3216 2183/5/3170 2174/1/3167
f 2188/22/3217 2192/7/3173 2183/5/3170
f 2197/24/3218 2201/9/3175 2192/7/3173
f 2206/26/3219 2210/11/3177 2201/9/3175
f 2215/28/3220 2219/13/3179 2210/11/3177
f 2224/30/3221 2228/14/3180 2219/13/3179
f 2161/32/3215 2165/15/3169 2228/14/3180
f 2171/47/3171 2178/49/3224 2169/48/3222
f 2180/4/3223 2187/80/3264 2178/49/3224
f 2196/50/3225 2187/80/3264 2180/4/3223
f 2205/51/3226 2196/50/3225 2189/6/3172
f 2214/52/3227 2205/51/3226 2198/8/3174
f 2223/53/3228 2214/52/3227 2207/10/3176
f 2225/16/3181 2232/55/3229 2223/53/3228
f 2162/54/3168 2169/81/3222 2232/55/3229
f 2175/56/3230 2176/60/3234 2167/57/3231
f 2184/59/3233 2185/62/3236 2176/60/3234
f 2193/61/3235 2194/64/3238 2185/62/3236
f 2202/63/3237 2203/66/3240 2194/64/3238
f 2211/65/3239 2212/68/3242 2203/66/3240
f 2220/67/3241 2221/70/3244 2212/68/3242
f 2229/69/3243 2230/72/3245 2221/70/3244
f 2166/71/3232 2167/78/3231 2230/72/3245
f 2176/60/3246 2177/74/3250 2168/73/3247
f 2185/62/3249 2186/44/8560 2177/74/3250
f 2195/75/3251 2186/44/8560 2185/62/3249
f 2204/76/3253 2195/75/3251 2194/64/3252
f 2213/43/3255 2204/76/3253 2203/66/3254
f 2222/77/3257 2213/43/3255 2212/68/3256
f 2230/72/3259 2231/79/3260 2222/77/3257
f 2167/78/3248 2168/45/3247 2231/79/3260
f 2173/34/3261 2164/42/3261 2227/41/3261
f 2227/41/3261 2218/40/8561 2209/39/3261
f 2209/39/3261 2200/38/3261 2173/34/3261
f 2200/38/3261 2191/37/8562 2182/36/3261
f 2173/34/3261 2200/38/3261 2182/36/3261
f 2178/49/3224 2175/56/8563 2166/58/3262
f 2184/59/3263 2175/56/8563 2178/49/3224
f 2193/61/3265 2184/59/3263 2187/80/3264
f 2202/63/3266 2193/61/3265 2196/50/3225
f 2211/65/3267 2202/63/3266 2205/51/3226
f 2220/67/3268 2211/65/3267 2214/52/3227
f 2232/55/3229 2229/69/3269 2220/67/3268
f 2169/81/3222 2166/71/3262 2229/69/3269
f 2246/1/3270 2237/3/3285 2234/2/3271
f 2255/5/3273 2246/1/3270 2243/47/3272
f 2255/5/3273 2252/4/3274 2261/6/3275
f 2264/7/3276 2261/6/3275 2270/8/3277
f 2273/9/3278 2270/8/3277 2279/10/3279
f 2282/11/3280 2279/10/3279 2288/12/3281
f 2300/14/3283 2291/13/3282 2288/12/3281
f 2237/15/3285 2300/14/3283 2297/16/3284
f 2235/18/3286 2233/46/3301 2242/17/3287
f 2244/19/3288 2242/17/3287 2251/20/3289
f 2253/21/3290 2251/20/3289 2260/22/3291
f 2262/23/3292 2260/22/3291 2269/24/3293
f 2271/25/3294 2269/24/3293 2278/26/3295
f 2280/27/3296 2278/26/3295 2287/28/3297
f 2289/29/3298 2287/28/3297 2296/30/3299
f 2298/31/3300 2296/30/3299 2233/32/3301
f 2245/34/3302 2236/35/3317 2235/18/3303
f 2254/36/3305 2245/34/3302 2244/19/3304
f 2254/36/3305 2253/21/3306 2262/23/3307
f 2263/37/3308 2262/23/3307 2271/25/3309
f 2272/38/3310 2271/25/3309 2280/27/3311
f 2281/39/3312 2280/27/3311 2289/29/3313
f 2299/41/3315 2290/40/3314 2289/29/3313
f 2236/42/3317 2299/41/3315 2298/31/3316
f 2177/74/3318 2186/44/3318 2231/79/3319
f 2186/44/3318 2195/75/3318 2213/43/3319
f 2195/75/3318 2204/76/8564 2213/43/3319
f 2213/43/3319 2222/77/3319 2231/79/3319
f 2231/79/3319 2168/73/3319 2177/74/3318
f 2242/17/3320 2233/46/3327 2237/3/3285
f 2251/20/3321 2242/17/3320 2246/1/3270
f 2260/22/3322 2251/20/3321 2255/5/3273
f 2269/24/3323 2260/22/3322 2264/7/3276
f 2278/26/3324 2269/24/3323 2273/9/3278
f 2287/28/3325 2278/26/3324 2282/11/3280
f 2296/30/3326 2287/28/3325 2291/13/3282
f 2233/32/3327 2296/30/3326 2300/14/3283
f 2243/47/3272 2234/2/3271 2241/48/3328
f 2252/4/3274 2243/47/3272 2250/49/3329
f 2252/4/3274 2259/80/3330 2268/50/3331
f 2261/6/3275 2268/50/3331 2277/51/3332
f 2270/8/3277 2277/51/3332 2286/52/3333
f 2279/10/3279 2286/52/3333 2295/53/3334
f 2297/16/3284 2288/12/3281 2295/53/3334
f 2234/54/3271 2297/16/3284 2304/55/3335
f 2247/56/3336 2238/58/3351 2239/57/3337
f 2256/59/3339 2247/56/3336 2248/60/3338
f 2265/61/3341 2256/59/3339 2257/62/3340
f 2274/63/3343 2265/61/3341 2266/64/3342
f 2283/65/3345 2274/63/3343 2275/66/3344
f 2292/67/3347 2283/65/3345 2284/68/3346
f 2301/69/3349 2292/67/3347 2293/70/3348
f 2238/71/3351 2301/69/3349 2302/72/3350
f 2248/60/3352 2239/57/3367 2240/73/3353
f 2257/62/3355 2248/60/3352 2249/74/3354
f 2257/62/3355 2258/44/3356 2267/75/3357
f 2266/64/3358 2267/75/3357 2276/76/3359
f 2275/66/3360 2276/76/3359 2285/43/3361
f 2284/68/3362 2285/43/3361 2294/77/3363
f 2302/72/3365 2293/70/3364 2294/77/3363
f 2239/78/3367 2302/72/3365 2303/79/3366
f 2281/39/3369 2290/40/3369 2245/34/3368
f 2290/40/3369 2299/41/3369 2245/34/3368
f 2299/41/3369 2236/35/3368 2245/34/3368
f 2245/34/3368 2254/36/3369 2263/37/3369
f 2263/37/3369 2272/38/3368 2245/34/3368
f 2250/49/3329 2241/48/3328 2238/58/3370
f 2250/49/3329 2247/56/3371 2256/59/3372
f 2259/80/3330 2256/59/3372 2265/61/3373
f 2268/50/3331 2265/61/3373 2274/63/3374
f 2277/51/3332 2274/63/3374 2283/65/3375
f 2286/52/3333 2283/65/3375 2292/67/3376
f 2304/55/3335 2295/53/3334 2292/67/3376
f 2241/81/3328 2304/55/3335 2301/69/3377
f 2318/1/3378 2315/47/3382 2306/2/3379
f 2327/5/3381 2324/4/3435 2315/47/3382
f 2333/6/3383 2324/4/3435 2327/5/3381
f 2342/8/3385 2333/6/3383 2336/7/3384
f 2351/10/3387 2342/8/3385 2345/9/3386
f 2360/12/3389 2351/10/3387 2354/11/3388
f 2372/14/3391 2369/16/3392 2360/12/3389
f 2309/15/3380 2306/54/3379 2369/16/3392
f 2314/17/3393 2305/46/3408 2307/18/3394
f 2323/20/3396 2314/17/3393 2316/19/3395
f 2332/22/3398 2323/20/3396 2325/21/3397
f 2341/24/3400 2332/22/3398 2334/23/3399
f 2350/26/3402 2341/24/3400 2343/25/3401
f 2359/28/3404 2350/26/3402 2352/27/3403
f 2368/30/3406 2359/28/3404 2361/29/3405
f 2305/32/3408 2368/30/3406 2370/31/3407
f 2317/34/3409 2316/19/3413 2307/18/3410
f 2326/36/3412 2325/21/8565 2316/19/3413
f 2334/23/3414 2325/21/8565 2326/36/3412
f 2343/25/3416 2334/23/3414 2335/37/3415
f 2352/27/3418 2343/25/3416 2344/38/3417
f 2361/29/3420 2352/27/3418 2353/39/3419
f 2371/41/3422 2370/31/3423 2361/29/3420
f 2308/42/3411 2307/33/3410 2370/31/3423
f 2393/74/3425 2384/45/3425 2429/43/3425
f 2384/45/3425 2447/79/3424 2429/43/3425
f 2447/79/3424 2438/77/3425 2429/43/3425
f 2429/43/3425 2420/76/3424 2393/74/3425
f 2420/76/3424 2411/75/3424 2393/74/3425
f 2314/17/3426 2318/1/3378 2309/3/3380
f 2323/20/3428 2327/5/3381 2318/1/3378
f 2332/22/3429 2336/7/3384 2327/5/3381
f 2341/24/3430 2345/9/3386 2336/7/3384
f 2350/26/3431 2354/11/3388 2345/9/3386
f 2359/28/3432 2363/13/3390 2354/11/3388
f 2368/30/3433 2372/14/3391 2363/13/3390
f 2305/32/3427 2309/15/3380 2372/14/3391
f 2315/47/3382 2322/49/3436 2313/48/3434
f 2324/4/3435 2331/80/3476 2322/49/3436
f 2340/50/3437 2331/80/3476 2324/4/3435
f 2349/51/3438 2340/50/3437 2333/6/3383
f 2358/52/3439 2349/51/3438 2342/8/3385
f 2367/53/3440 2358/52/3439 2351/10/3387
f 2369/16/3392 2376/55/3441 2367/53/3440
f 2306/54/3379 2313/81/3434 2376/55/3441
f 2319/56/3442 2320/60/3446 2311/57/3443
f 2328/59/3445 2329/62/3448 2320/60/3446
f 2337/61/3447 2338/64/3450 2329/62/3448
f 2346/63/3449 2347/66/3452 2338/64/3450
f 2355/65/3451 2356/68/3454 2347/66/3452
f 2364/67/3453 2365/70/3456 2356/68/3454
f 2373/69/3455 2374/72/3457 2365/70/3456
f 2310/71/3444 2311/78/3443 2374/72/3457
f 2320/60/3458 2321/74/3462 2312/73/3459
f 2329/62/3461 2330/44/8566 2321/74/3462
f 2339/75/3463 2330/44/8566 2329/62/3461
f 2348/76/3465 2339/75/3463 2338/64/3464
f 2357/43/3467 2348/76/3465 2347/66/3466
f 2366/77/3469 2357/43/3467 2356/68/3468
f 2374/72/3471 2375/79/3472 2366/77/3469
f 2311/78/3460 2312/45/3459 2375/79/3472
f 2317/34/8567 2308/42/3473 2326/36/3473
f 2308/42/3473 2371/41/8568 2362/40/3473
f 2353/39/3473 2308/42/3473 2362/40/3473
f 2353/39/3473 2344/38/8569 2335/37/3473
f 2335/37/3473 2326/36/3473 2308/42/3473
f 2322/49/3436 2319/56/8570 2310/58/3474
f 2328/59/3475 2319/56/8570 2322/49/3436
f 2337/61/3477 2328/59/3475 2331/80/3476
f 2346/63/3478 2337/61/3477 2340/50/3437
f 2355/65/3479 2346/63/3478 2349/51/3438
f 2364/67/3480 2355/65/3479 2358/52/3439
f 2376/55/3441 2373/69/3481 2364/67/3480
f 2313/81/3434 2310/71/3474 2373/69/3481
f 2390/1/3482 2381/3/3497 2378/2/3483
f 2399/5/3485 2390/1/3482 2387/47/3484
f 2399/5/3485 2396/4/3486 2405/6/3487
f 2408/7/3488 2405/6/3487 2414/8/3489
f 2417/9/3490 2414/8/3489 2423/10/3491
f 2426/11/3492 2423/10/3491 2432/12/3493
f 2444/14/3495 2435/13/3494 2432/12/3493
f 2381/15/3497 2444/14/3495 2441/16/3496
f 2379/18/3498 2377/46/3513 2386/17/3499
f 2388/19/3500 2386/17/3499 2395/20/3501
f 2397/21/3502 2395/20/3501 2404/22/3503
f 2406/23/3504 2404/22/3503 2413/24/3505
f 2415/25/3506 2413/24/3505 2422/26/3507
f 2424/27/3508 2422/26/3507 2431/28/3509
f 2433/29/3510 2431/28/3509 2440/30/3511
f 2442/31/3512 2440/30/3511 2377/32/3513
f 2389/34/3514 2380/35/3529 2379/18/3515
f 2398/36/3517 2389/34/3514 2388/19/3516
f 2398/36/3517 2397/21/3518 2406/23/3519
f 2407/37/3520 2406/23/3519 2415/25/3521
f 2416/38/3522 2415/25/3521 2424/27/3523
f 2425/39/3524 2424/27/3523 2433/29/3525
f 2443/41/3527 2434/40/3526 2433/29/3525
f 2380/42/3529 2443/41/3527 2442/31/3528
f 2321/74/3530 2330/44/3530 2339/75/3530
f 2339/75/3530 2348/76/3531 2321/74/3530
f 2348/76/3531 2357/43/8571 2366/77/3531
f 2321/74/3530 2348/76/3531 2366/77/3531
f 2366/77/3531 2375/79/3530 2321/74/3530
f 2386/17/3532 2377/46/3539 2381/3/3497
f 2395/20/3533 2386/17/3532 2390/1/3482
f 2404/22/3534 2395/20/3533 2399/5/3485
f 2413/24/3535 2404/22/3534 2408/7/3488
f 2422/26/3536 2413/24/3535 2417/9/3490
f 2431/28/3537 2422/26/3536 2426/11/3492
f 2440/30/3538 2431/28/3537 2435/13/3494
f 2377/32/3539 2440/30/3538 2444/14/3495
f 2387/47/3484 2378/2/3483 2385/48/3540
f 2396/4/3486 2387/47/3484 2394/49/3541
f 2396/4/3486 2403/80/3542 2412/50/3543
f 2405/6/3487 2412/50/3543 2421/51/3544
f 2414/8/3489 2421/51/3544 2430/52/3545
f 2423/10/3491 2430/52/3545 2439/53/3546
f 2441/16/3496 2432/12/3493 2439/53/3546
f 2378/54/3483 2441/16/3496 2448/55/3547
f 2391/56/3548 2382/58/3563 2383/57/3549
f 2400/59/3551 2391/56/3548 2392/60/3550
f 2409/61/3553 2400/59/3551 2401/62/3552
f 2418/63/3555 2409/61/3553 2410/64/3554
f 2427/65/3557 2418/63/3555 2419/66/3556
f 2436/67/3559 2427/65/3557 2428/68/3558
f 2445/69/3561 2436/67/3559 2437/70/3560
f 2382/71/3563 2445/69/3561 2446/72/3562
f 2392/60/3564 2383/57/3579 2384/73/3565
f 2401/62/3567 2392/60/3564 2393/74/3566
f 2401/62/3567 2402/44/3568 2411/75/3569
f 2410/64/3570 2411/75/3569 2420/76/3571
f 2419/66/3572 2420/76/3571 2429/43/3573
f 2428/68/3574 2429/43/3573 2438/77/3575
f 2446/72/3577 2437/70/3576 2438/77/3575
f 2383/78/3579 2446/72/3577 2447/79/3578
f 2425/39/3580 2434/40/3580 2389/34/3580
f 2434/40/3580 2443/41/3580 2389/34/3580
f 2443/41/3580 2380/35/3580 2389/34/3580
f 2389/34/3580 2398/36/3580 2407/37/3580
f 2407/37/3580 2416/38/3580 2389/34/3580
f 2394/49/3541 2385/48/3540 2382/58/3581
f 2394/49/3541 2391/56/3582 2400/59/3583
f 2403/80/3542 2400/59/3583 2409/61/3584
f 2412/50/3543 2409/61/3584 2418/63/3585
f 2421/51/3544 2418/63/3585 2427/65/3586
f 2430/52/3545 2427/65/3586 2436/67/3587
f 2448/55/3547 2439/53/3546 2436/67/3587
f 2385/81/3540 2448/55/3547 2445/69/3588
f 2462/1/3589 2459/47/3593 2450/2/3590
f 2471/5/3592 2468/4/3646 2459/47/3593
f 2477/6/3594 2468/4/3646 2471/5/3592
f 2486/8/3596 2477/6/3594 2480/7/3595
f 2495/10/3598 2486/8/3596 2489/9/3597
f 2504/12/3600 2495/10/3598 2498/11/3599
f 2516/14/3602 2513/16/3603 2504/12/3600
f 2453/15/3591 2450/54/3590 2513/16/3603
f 2458/17/3604 2449/46/3619 2451/18/3605
f 2467/20/3607 2458/17/3604 2460/19/3606
f 2476/22/3609 2467/20/3607 2469/21/3608
f 2485/24/3611 2476/22/3609 2478/23/3610
f 2494/26/3613 2485/24/3611 2487/25/3612
f 2503/28/3615 2494/26/3613 2496/27/3614
f 2512/30/3617 2503/28/3615 2505/29/3616
f 2449/32/3619 2512/30/3617 2514/31/3618
f 2461/34/3620 2460/19/3624 2451/18/3621
f 2470/36/3623 2469/21/8572 2460/19/3624
f 2478/23/3625 2469/21/8572 2470/36/3623
f 2487/25/3627 2478/23/3625 2479/37/3626
f 2496/27/3629 2487/25/3627 2488/38/3628
f 2505/29/3631 2496/27/3629 2497/39/3630
f 2515/41/3633 2514/31/3634 2505/29/3631
f 2452/42/3622 2451/33/3621 2514/31/3634
f 2537/74/3635 2528/45/3635 2546/44/3636
f 2528/45/3635 2591/79/3635 2582/77/3636
f 2573/43/3636 2528/45/3635 2582/77/3636
f 2573/43/3636 2564/76/3635 2555/75/3636
f 2555/75/3636 2546/44/3636 2528/45/3635
f 2458/17/3637 2462/1/3589 2453/3/3591
f 2467/20/3639 2471/5/3592 2462/1/3589
f 2476/22/3640 2480/7/3595 2471/5/3592
f 2485/24/3641 2489/9/3597 2480/7/3595
f 2494/26/3642 2498/11/3599 2489/9/3597
f 2503/28/3643 2507/13/3601 2498/11/3599
f 2512/30/3644 2516/14/3602 2507/13/3601
f 2449/32/3638 2453/15/3591 2516/14/3602
f 2459/47/3593 2466/49/3647 2457/48/3645
f 2468/4/3646 2475/80/3687 2466/49/3647
f 2484/50/3648 2475/80/3687 2468/4/3646
f 2493/51/3649 2484/50/3648 2477/6/3594
f 2502/52/3650 2493/51/3649 2486/8/3596
f 2511/53/3651 2502/52/3650 2495/10/3598
f 2513/16/3603 2520/55/3652 2511/53/3651
f 2450/54/3590 2457/81/3645 2520/55/3652
f 2463/56/3653 2464/60/3657 2455/57/3654
f 2472/59/3656 2473/62/3659 2464/60/3657
f 2481/61/3658 2482/64/3661 2473/62/3659
f 2490/63/3660 2491/66/3663 2482/64/3661
f 2499/65/3662 2500/68/3665 2491/66/3663
f 2508/67/3664 2509/70/3667 2500/68/3665
f 2517/69/3666 2518/72/3668 2509/70/3667
f 2454/71/3655 2455/78/3654 2518/72/3668
f 2464/60/3669 2465/74/3673 2456/73/3670
f 2473/62/3672 2474/44/8573 2465/74/3673
f 2483/75/3674 2474/44/8573 2473/62/3672
f 2492/76/3676 2483/75/3674 2482/64/3675
f 2501/43/3678 2492/76/3676 2491/66/3677
f 2510/77/3680 2501/43/3678 2500/68/3679
f 2518/72/3682 2519/79/3683 2510/77/3680
f 2455/78/3671 2456/45/3670 2519/79/3683
f 2461/34/8574 2452/42/3684 2470/36/3684
f 2452/42/3684 2515/41/8574 2506/40/3684
f 2497/39/3684 2452/42/3684 2506/40/3684
f 2497/39/3684 2488/38/3684 2479/37/3684
f 2479/37/3684 2470/36/3684 2452/42/3684
f 2466/49/3647 2463/56/8575 2454/58/3685
f 2472/59/3686 2463/56/8575 2466/49/3647
f 2481/61/3688 2472/59/3686 2475/80/3687
f 2490/63/3689 2481/61/3688 2484/50/3648
f 2499/65/3690 2490/63/3689 2493/51/3649
f 2508/67/3691 2499/65/3690 2502/52/3650
f 2520/55/3652 2517/69/3692 2508/67/3691
f 2457/81/3645 2454/71/3685 2517/69/3692
f 2534/1/3693 2525/3/3708 2522/2/3694
f 2543/5/3696 2534/1/3693 2531/47/3695
f 2543/5/3696 2540/4/3697 2549/6/3698
f 2552/7/3699 2549/6/3698 2558/8/3700
f 2561/9/3701 2558/8/3700 2567/10/3702
f 2570/11/3703 2567/10/3702 2576/12/3704
f 2588/14/3706 2579/13/3705 2576/12/3704
f 2525/15/3708 2588/14/3706 2585/16/3707
f 2523/18/3709 2521/46/3724 2530/17/3710
f 2532/19/3711 2530/17/3710 2539/20/3712
f 2541/21/3713 2539/20/3712 2548/22/3714
f 2550/23/3715 2548/22/3714 2557/24/3716
f 2559/25/3717 2557/24/3716 2566/26/3718
f 2568/27/3719 2566/26/3718 2575/28/3720
f 2577/29/3721 2575/28/3720 2584/30/3722
f 2586/31/3723 2584/30/3722 2521/32/3724
f 2533/34/3725 2524/35/3740 2523/18/3726
f 2542/36/3728 2533/34/3725 2532/19/3727
f 2542/36/3728 2541/21/3729 2550/23/3730
f 2551/37/3731 2550/23/3730 2559/25/3732
f 2560/38/3733 2559/25/3732 2568/27/3734
f 2569/39/3735 2568/27/3734 2577/29/3736
f 2587/41/3738 2578/40/3737 2577/29/3736
f 2524/42/3740 2587/41/3738 2586/31/3739
f 2465/74/3742 2474/44/3741 2483/75/3741
f 2483/75/3741 2492/76/3741 2501/43/3741
f 2501/43/3741 2510/77/3742 2519/79/3742
f 2519/79/3742 2456/73/3741 2465/74/3742
f 2465/74/3742 2483/75/3741 2519/79/3742
f 2530/17/3743 2521/46/3750 2525/3/3708
f 2539/20/3744 2530/17/3743 2534/1/3693
f 2548/22/3745 2539/20/3744 2543/5/3696
f 2557/24/3746 2548/22/3745 2552/7/3699
f 2566/26/3747 2557/24/3746 2561/9/3701
f 2575/28/3748 2566/26/3747 2570/11/3703
f 2584/30/3749 2575/28/3748 2579/13/3705
f 2521/32/3750 2584/30/3749 2588/14/3706
f 2531/47/3695 2522/2/3694 2529/48/3751
f 2540/4/3697 2531/47/3695 2538/49/3752
f 2540/4/3697 2547/80/3753 2556/50/3754
f 2549/6/3698 2556/50/3754 2565/51/3755
f 2558/8/3700 2565/51/3755 2574/52/3756
f 2567/10/3702 2574/52/3756 2583/53/3757
f 2585/16/3707 2576/12/3704 2583/53/3757
f 2522/54/3694 2585/16/3707 2592/55/3758
f 2535/56/3759 2526/58/3774 2527/57/3760
f 2544/59/3762 2535/56/3759 2536/60/3761
f 2553/61/3764 2544/59/3762 2545/62/3763
f 2562/63/3766 2553/61/3764 2554/64/3765
f 2571/65/3768 2562/63/3766 2563/66/3767
f 2580/67/3770 2571/65/3768 2572/68/3769
f 2589/69/3772 2580/67/3770 2581/70/3771
f 2526/71/3774 2589/69/3772 2590/72/3773
f 2536/60/3775 2527/57/3790 2528/73/3776
f 2545/62/3778 2536/60/3775 2537/74/3777
f 2545/62/3778 2546/44/3779 2555/75/3780
f 2554/64/3781 2555/75/3780 2564/76/3782
f 2563/66/3783 2564/76/3782 2573/43/3784
f 2572/68/3785 2573/43/3784 2582/77/3786
f 2590/72/3788 2581/70/3787 2582/77/3786
f 2527/78/3790 2590/72/3788 2591/79/3789
f 2569/39/3791 2578/40/3791 2587/41/3791
f 2587/41/3791 2524/35/3791 2533/34/3791
f 2533/34/3791 2542/36/3791 2587/41/3791
f 2542/36/3791 2551/37/3791 2569/39/3791
f 2551/37/3791 2560/38/3791 2569/39/3791
f 2538/49/3752 2529/48/3751 2526/58/3792
f 2538/49/3752 2535/56/3793 2544/59/3794
f 2547/80/3753 2544/59/3794 2553/61/3795
f 2556/50/3754 2553/61/3795 2562/63/3796
f 2565/51/3755 2562/63/3796 2571/65/3797
f 2574/52/3756 2571/65/3797 2580/67/3798
f 2592/55/3758 2583/53/3757 2580/67/3798
f 2529/81/3751 2592/55/3758 2589/69/3799
f 2606/1/3800 2603/47/3804 2594/2/3801
f 2615/5/3803 2612/4/3856 2603/47/3804
f 2621/6/3805 2612/4/3856 2615/5/3803
f 2630/8/3807 2621/6/3805 2624/7/3806
f 2639/10/3809 2630/8/3807 2633/9/3808
f 2648/12/3811 2639/10/3809 2642/11/3810
f 2660/14/3813 2657/16/3814 2648/12/3811
f 2597/15/3802 2594/54/3801 2657/16/3814
f 2602/17/3815 2593/46/3830 2595/18/3816
f 2611/20/3818 2602/17/3815 2604/19/3817
f 2620/22/3820 2611/20/3818 2613/21/3819
f 2629/24/3822 2620/22/3820 2622/23/3821
f 2638/26/3824 2629/24/3822 2631/25/3823
f 2647/28/3826 2638/26/3824 2640/27/3825
f 2656/30/3828 2647/28/3826 2649/29/3827
f 2593/32/3830 2656/30/3828 2658/31/3829
f 2605/34/3831 2604/19/3835 2595/18/3832
f 2614/36/3834 2613/21/8576 2604/19/3835
f 2622/23/3836 2613/21/8576 2614/36/3834
f 2631/25/3838 2622/23/3836 2623/37/3837
f 2640/27/3840 2631/25/3838 2632/38/3839
f 2649/29/3842 2640/27/3840 2641/39/3841
f 2659/41/3844 2658/31/3845 2649/29/3842
f 2596/42/3833 2595/33/3832 2658/31/3845
f 2681/74/3846 2672/45/3846 2717/43/8577
f 2672/45/3846 2735/79/3846 2717/43/8577
f 2735/79/3846 2726/77/8577 2717/43/8577
f 2717/43/8577 2708/76/3846 2681/74/3846
f 2708/76/3846 2699/75/3846 2681/74/3846
f 2602/17/3847 2606/1/3800 2597/3/3802
f 2611/20/3849 2615/5/3803 2606/1/3800
f 2620/22/3850 2624/7/3806 2615/5/3803
f 2629/24/3851 2633/9/3808 2624/7/3806
f 2638/26/3852 2642/11/3810 2633/9/3808
f 2647/28/3853 2651/13/3812 2642/11/3810
f 2656/30/3854 2660/14/3813 2651/13/3812
f 2593/32/3848 2597/15/3802 2660/14/3813
f 2603/47/3804 2610/49/3857 2601/48/3855
f 2612/4/3856 2619/80/3897 2610/49/3857
f 2628/50/3858 2619/80/3897 2612/4/3856
f 2637/51/3859 2628/50/3858 2621/6/3805
f 2646/52/3860 2637/51/3859 2630/8/3807
f 2655/53/3861 2646/52/3860 2639/10/3809
f 2657/16/3814 2664/55/3862 2655/53/3861
f 2594/54/3801 2601/81/3855 2664/55/3862
f 2607/56/3863 2608/60/3867 2599/57/3864
f 2616/59/3866 2617/62/3869 2608/60/3867
f 2625/61/3868 2626/64/3871 2617/62/3869
f 2634/63/3870 2635/66/3873 2626/64/3871
f 2643/65/3872 2644/68/3875 2635/66/3873
f 2652/67/3874 2653/70/3877 2644/68/3875
f 2661/69/3876 2662/72/3878 2653/70/3877
f 2598/71/3865 2599/78/3864 2662/72/3878
f 2608/60/3879 2609/74/3883 2600/73/3880
f 2617/62/3882 2618/44/8578 2609/74/3883
f 2627/75/3884 2618/44/8578 2617/62/3882
f 2636/76/3886 2627/75/3884 2626/64/3885
f 2645/43/3888 2636/76/3886 2635/66/3887
f 2654/77/3890 2645/43/3888 2644/68/3889
f 2662/72/3892 2663/79/3893 2654/77/3890
f 2599/78/3881 2600/45/3880 2663/79/3893
f 2605/34/3894 2596/42/3894 2614/36/3894
f 2596/42/3894 2659/41/3894 2632/38/3894
f 2659/41/3894 2650/40/3894 2632/38/3894
f 2650/40/3894 2641/39/3894 2632/38/3894
f 2632/38/3894 2623/37/3894 2614/36/3894
f 2610/49/3857 2607/56/8579 2598/58/3895
f 2616/59/3896 2607/56/8579 2610/49/3857
f 2625/61/3898 2616/59/3896 2619/80/3897
f 2634/63/3899 2625/61/3898 2628/50/3858
f 2643/65/3900 2634/63/3899 2637/51/3859
f 2652/67/3901 2643/65/3900 2646/52/3860
f 2664/55/3862 2661/69/3902 2652/67/3901
f 2601/81/3855 2598/71/3895 2661/69/3902
f 2678/1/3903 2669/3/3918 2666/2/3904
f 2687/5/3906 2678/1/3903 2675/47/3905
f 2687/5/3906 2684/4/3907 2693/6/3908
f 2696/7/3909 2693/6/3908 2702/8/3910
f 2705/9/3911 2702/8/3910 2711/10/3912
f 2714/11/3913 2711/10/3912 2720/12/3914
f 2732/14/3916 2723/13/3915 2720/12/3914
f 2669/15/3918 2732/14/3916 2729/16/3917
f 2667/18/3919 2665/46/3934 2674/17/3920
f 2676/19/3921 2674/17/3920 2683/20/3922
f 2685/21/3923 2683/20/3922 2692/22/3924
f 2694/23/3925 2692/22/3924 2701/24/3926
f 2703/25/3927 2701/24/3926 2710/26/3928
f 2712/27/3929 2710/26/3928 2719/28/3930
f 2721/29/3931 2719/28/3930 2728/30/3932
f 2730/31/3933 2728/30/3932 2665/32/3934
f 2677/34/3935 2668/35/3950 2667/18/3936
f 2686/36/3938 2677/34/3935 2676/19/3937
f 2686/36/3938 2685/21/3939 2694/23/3940
f 2695/37/3941 2694/23/3940 2703/25/3942
f 2704/38/3943 2703/25/3942 2712/27/3944
f 2713/39/3945 2712/27/3944 2721/29/3946
f 2731/41/3948 2722/40/3947 2721/29/3946
f 2668/42/3950 2731/41/3948 2730/31/3949
f 2609/74/3951 2618/44/3951 2663/79/3951
f 2618/44/3951 2627/75/8580 2645/43/3951
f 2627/75/8580 2636/76/3951 2645/43/3951
f 2645/43/3951 2654/77/3951 2663/79/3951
f 2663/79/3951 2600/73/8580 2609/74/3951
f 2674/17/3952 2665/46/3959 2669/3/3918
f 2683/20/3953 2674/17/3952 2678/1/3903
f 2692/22/3954 2683/20/3953 2687/5/3906
f 2701/24/3955 2692/22/3954 2696/7/3909
f 2710/26/3956 2701/24/3955 2705/9/3911
f 2719/28/3957 2710/26/3956 2714/11/3913
f 2728/30/3958 2719/28/3957 2723/13/3915
f 2665/32/3959 2728/30/3958 2732/14/3916
f 2675/47/3905 2666/2/3904 2673/48/3960
f 2684/4/3907 2675/47/3905 2682/49/3961
f 2684/4/3907 2691/80/3962 2700/50/3963
f 2693/6/3908 2700/50/3963 2709/51/3964
f 2702/8/3910 2709/51/3964 2718/52/3965
f 2711/10/3912 2718/52/3965 2727/53/3966
f 2729/16/3917 2720/12/3914 2727/53/3966
f 2666/54/3904 2729/16/3917 2736/55/3967
f 2679/56/3968 2670/58/3983 2671/57/3969
f 2688/59/3971 2679/56/3968 2680/60/3970
f 2697/61/3973 2688/59/3971 2689/62/3972
f 2706/63/3975 2697/61/3973 2698/64/3974
f 2715/65/3977 2706/63/3975 2707/66/3976
f 2724/67/3979 2715/65/3977 2716/68/3978
f 2733/69/3981 2724/67/3979 2725/70/3980
f 2670/71/3983 2733/69/3981 2734/72/3982
f 2680/60/3984 2671/57/3999 2672/73/3985
f 2689/62/3987 2680/60/3984 2681/74/3986
f 2689/62/3987 2690/44/3988 2699/75/3989
f 2698/64/3990 2699/75/3989 2708/76/3991
f 2707/66/3992 2708/76/3991 2717/43/3993
f 2716/68/3994 2717/43/3993 2726/77/3995
f 2734/72/3997 2725/70/3996 2726/77/3995
f 2671/78/3999 2734/72/3997 2735/79/3998
f 2713/39/4000 2722/40/4000 2677/34/4000
f 2722/40/4000 2731/41/4000 2677/34/4000
f 2731/41/4000 2668/35/4000 2677/34/4000
f 2677/34/4000 2686/36/4000 2695/37/4000
f 2695/37/4000 2704/38/4000 2677/34/4000
f 2682/49/3961 2673/48/3960 2670/58/4001
f 2682/49/3961 2679/56/4002 2688/59/4003
f 2691/80/3962 2688/59/4003 2697/61/4004
f 2700/50/3963 2697/61/4004 2706/63/4005
f 2709/51/3964 2706/63/4005 2715/65/4006
f 2718/52/3965 2715/65/4006 2724/67/4007
f 2736/55/3967 2727/53/3966 2724/67/4007
f 2673/81/3960 2736/55/3967 2733/69/4008
f 2750/1/4009 2747/47/4013 2738/2/4010
f 2759/5/4012 2756/4/4066 2747/47/4013
f 2765/6/4014 2756/4/4066 2759/5/4012
f 2774/8/4016 2765/6/4014 2768/7/4015
f 2783/10/4018 2774/8/4016 2777/9/4017
f 2792/12/4020 2783/10/4018 2786/11/4019
f 2804/14/4022 2801/16/4023 2792/12/4020
f 2741/15/4011 2738/54/4010 2801/16/4023
f 2746/17/4024 2737/46/4039 2739/18/4025
f 2755/20/4027 2746/17/4024 2748/19/4026
f 2764/22/4029 2755/20/4027 2757/21/4028
f 2773/24/4031 2764/22/4029 2766/23/4030
f 2782/26/4033 2773/24/4031 2775/25/4032
f 2791/28/4035 2782/26/4033 2784/27/4034
f 2800/30/4037 2791/28/4035 2793/29/4036
f 2737/32/4039 2800/30/4037 2802/31/4038
f 2749/34/4040 2748/19/4044 2739/18/4041
f 2758/36/4043 2757/21/8581 2748/19/4044
f 2766/23/4045 2757/21/8581 2758/36/4043
f 2775/25/4047 2766/23/4045 2767/37/4046
f 2784/27/4049 2775/25/4047 2776/38/4048
f 2793/29/4051 2784/27/4049 2785/39/4050
f 2803/41/4053 2802/31/4054 2793/29/4051
f 2740/42/4042 2739/33/4041 2802/31/4054
f 2825/74/4056 2816/45/4056 2834/44/4056
f 2816/45/4056 2879/79/4056 2861/43/4055
f 2879/79/4056 2870/77/4055 2861/43/4055
f 2861/43/4055 2852/76/4055 2834/44/4056
f 2852/76/4055 2843/75/4056 2834/44/4056
f 2746/17/4057 2750/1/4009 2741/3/4011
f 2755/20/4059 2759/5/4012 2750/1/4009
f 2764/22/4060 2768/7/4015 2759/5/4012
f 2773/24/4061 2777/9/4017 2768/7/4015
f 2782/26/4062 2786/11/4019 2777/9/4017
f 2791/28/4063 2795/13/4021 2786/11/4019
f 2800/30/4064 2804/14/4022 2795/13/4021
f 2737/32/4058 2741/15/4011 2804/14/4022
f 2747/47/4013 2754/49/4067 2745/48/4065
f 2756/4/4066 2763/80/4107 2754/49/4067
f 2772/50/4068 2763/80/4107 2756/4/4066
f 2781/51/4069 2772/50/4068 2765/6/4014
f 2790/52/4070 2781/51/4069 2774/8/4016
f 2799/53/4071 2790/52/4070 2783/10/4018
f 2801/16/4023 2808/55/4072 2799/53/4071
f 2738/54/4010 2745/81/4065 2808/55/4072
f 2751/56/4073 2752/60/4077 2743/57/4074
f 2760/59/4076 2761/62/4079 2752/60/4077
f 2769/61/4078 2770/64/4081 2761/62/4079
f 2778/63/4080 2779/66/4083 2770/64/4081
f 2787/65/4082 2788/68/4085 2779/66/4083
f 2796/67/4084 2797/70/4087 2788/68/4085
f 2805/69/4086 2806/72/4088 2797/70/4087
f 2742/71/4075 2743/78/4074 2806/72/4088
f 2752/60/4089 2753/74/4093 2744/73/4090
f 2761/62/4092 2762/44/8582 2753/74/4093
f 2771/75/4094 2762/44/8582 2761/62/4092
f 2780/76/4096 2771/75/4094 2770/64/4095
f 2789/43/4098 2780/76/4096 2779/66/4097
f 2798/77/4100 2789/43/4098 2788/68/4099
f 2806/72/4102 2807/79/4103 2798/77/4100
f 2743/78/4091 2744/45/4090 2807/79/4103
f 2749/34/4104 2740/42/4104 2803/41/4104
f 2803/41/4104 2794/40/4104 2749/34/4104
f 2794/40/4104 2785/39/4104 2776/38/4104
f 2749/34/4104 2794/40/4104 2776/38/4104
f 2776/38/4104 2767/37/4104 2749/34/4104
f 2754/49/4067 2751/56/8583 2742/58/4105
f 2760/59/4106 2751/56/8583 2754/49/4067
f 2769/61/4108 2760/59/4106 2763/80/4107
f 2778/63/4109 2769/61/4108 2772/50/4068
f 2787/65/4110 2778/63/4109 2781/51/4069
f 2796/67/4111 2787/65/4110 2790/52/4070
f 2808/55/4072 2805/69/4112 2796/67/4111
f 2745/81/4065 2742/71/4105 2805/69/4112
f 2822/1/4113 2813/3/4128 2810/2/4114
f 2831/5/4116 2822/1/4113 2819/47/4115
f 2831/5/4116 2828/4/4117 2837/6/4118
f 2840/7/4119 2837/6/4118 2846/8/4120
f 2849/9/4121 2846/8/4120 2855/10/4122
f 2858/11/4123 2855/10/4122 2864/12/4124
f 2876/14/4126 2867/13/4125 2864/12/4124
f 2813/15/4128 2876/14/4126 2873/16/4127
f 2811/18/4129 2809/46/4144 2818/17/4130
f 2820/19/4131 2818/17/4130 2827/20/4132
f 2829/21/4133 2827/20/4132 2836/22/4134
f 2838/23/4135 2836/22/4134 2845/24/4136
f 2847/25/4137 2845/24/4136 2854/26/4138
f 2856/27/4139 2854/26/4138 2863/28/4140
f 2865/29/4141 2863/28/4140 2872/30/4142
f 2874/31/4143 2872/30/4142 2809/32/4144
f 2821/34/4145 2812/35/4160 2811/18/4146
f 2830/36/4148 2821/34/4145 2820/19/4147
f 2830/36/4148 2829/21/4149 2838/23/4150
f 2839/37/4151 2838/23/4150 2847/25/4152
f 2848/38/4153 2847/25/4152 2856/27/4154
f 2857/39/4155 2856/27/4154 2865/29/4156
f 2875/41/4158 2866/40/4157 2865/29/4156
f 2812/42/4160 2875/41/4158 2874/31/4159
f 2753/74/4161 2762/44/4161 2780/76/8584
f 2762/44/4161 2771/75/8584 2780/76/8584
f 2780/76/8584 2789/43/4161 2798/77/4161
f 2753/74/4161 2780/76/8584 2807/79/4161
f 2798/77/4161 2807/79/4161 2780/76/8584
f 2818/17/4162 2809/46/4169 2813/3/4128
f 2827/20/4163 2818/17/4162 2822/1/4113
f 2836/22/4164 2827/20/4163 2831/5/4116
f 2845/24/4165 2836/22/4164 2840/7/4119
f 2854/26/4166 2845/24/4165 2849/9/4121
f 2863/28/4167 2854/26/4166 2858/11/4123
f 2872/30/4168 2863/28/4167 2867/13/4125
f 2809/32/4169 2872/30/4168 2876/14/4126
f 2819/47/4115 2810/2/4114 2817/48/4170
f 2828/4/4117 2819/47/4115 2826/49/4171
f 2828/4/4117 2835/80/4172 2844/50/4173
f 2837/6/4118 2844/50/4173 2853/51/4174
f 2846/8/4120 2853/51/4174 2862/52/4175
f 2855/10/4122 2862/52/4175 2871/53/4176
f 2873/16/4127 2864/12/4124 2871/53/4176
f 2810/54/4114 2873/16/4127 2880/55/4177
f 2823/56/4178 2814/58/4193 2815/57/4179
f 2832/59/4181 2823/56/4178 2824/60/4180
f 2841/61/4183 2832/59/4181 2833/62/4182
f 2850/63/4185 2841/61/4183 2842/64/4184
f 2859/65/4187 2850/63/4185 2851/66/4186
f 2868/67/4189 2859/65/4187 2860/68/4188
f 2877/69/4191 2868/67/4189 2869/70/4190
f 2814/71/4193 2877/69/4191 2878/72/4192
f 2824/60/4194 2815/57/4209 2816/73/4195
f 2833/62/4197 2824/60/4194 2825/74/4196
f 2833/62/4197 2834/44/4198 2843/75/4199
f 2842/64/4200 2843/75/4199 2852/76/4201
f 2851/66/4202 2852/76/4201 2861/43/4203
f 2860/68/4204 2861/43/4203 2870/77/4205
f 2878/72/4207 2869/70/4206 2870/77/4205
f 2815/78/4209 2878/72/4207 2879/79/4208
f 2857/39/4210 2866/40/4210 2875/41/4210
f 2875/41/4210 2812/35/4210 2857/39/4210
f 2812/35/4210 2821/34/4210 2857/39/4210
f 2821/34/4210 2830/36/4210 2848/38/4210
f 2830/36/4210 2839/37/8585 2848/38/4210
f 2826/49/4171 2817/48/4170 2814/58/4211
f 2826/49/4171 2823/56/4212 2832/59/4213
f 2835/80/4172 2832/59/4213 2841/61/4214
f 2844/50/4173 2841/61/4214 2850/63/4215
f 2853/51/4174 2850/63/4215 2859/65/4216
f 2862/52/4175 2859/65/4216 2868/67/4217
f 2880/55/4177 2871/53/4176 2868/67/4217
f 2817/81/4170 2880/55/4177 2877/69/4218
f 2894/1/4219 2891/47/4223 2882/2/4220
f 2903/5/4222 2900/4/4276 2891/47/4223
f 2909/6/4224 2900/4/4276 2903/5/4222
f 2918/8/4226 2909/6/4224 2912/7/4225
f 2927/10/4228 2918/8/4226 2921/9/4227
f 2936/12/4230 2927/10/4228 2930/11/4229
f 2948/14/4232 2945/16/4233 2936/12/4230
f 2885/15/4221 2882/54/4220 2945/16/4233
f 2890/17/4234 2881/46/4249 2883/18/4235
f 2899/20/4237 2890/17/4234 2892/19/4236
f 2908/22/4239 2899/20/4237 2901/21/4238
f 2917/24/4241 2908/22/4239 2910/23/4240
f 2926/26/4243 2917/24/4241 2919/25/4242
f 2935/28/4245 2926/26/4243 2928/27/4244
f 2944/30/4247 2935/28/4245 2937/29/4246
f 2881/32/4249 2944/30/4247 2946/31/4248
f 2893/34/4250 2892/19/4254 2883/18/4251
f 2902/36/4253 2901/21/8586 2892/19/4254
f 2910/23/4255 2901/21/8586 2902/36/4253
f 2919/25/4257 2910/23/4255 2911/37/4256
f 2928/27/4259 2919/25/4257 2920/38/4258
f 2937/29/4261 2928/27/4259 2929/39/4260
f 2947/41/4263 2946/31/4264 2937/29/4261
f 2884/42/4252 2883/33/4251 2946/31/4264
f 2969/74/4265 2960/45/4266 3023/79/4265
f 3023/79/4265 3014/77/4265 2996/76/4266
f 3014/77/4265 3005/43/4266 2996/76/4266
f 2996/76/4266 2987/75/4266 2969/74/4265
f 2987/75/4266 2978/44/4265 2969/74/4265
f 2890/17/4267 2894/1/4219 2885/3/4221
f 2899/20/4269 2903/5/4222 2894/1/4219
f 2908/22/4270 2912/7/4225 2903/5/4222
f 2917/24/4271 2921/9/4227 2912/7/4225
f 2926/26/4272 2930/11/4229 2921/9/4227
f 2935/28/4273 2939/13/4231 2930/11/4229
f 2944/30/4274 2948/14/4232 2939/13/4231
f 2881/32/4268 2885/15/4221 2948/14/4232
f 2891/47/4223 2898/49/4277 2889/48/4275
f 2900/4/4276 2907/80/4317 2898/49/4277
f 2916/50/4278 2907/80/4317 2900/4/4276
f 2925/51/4279 2916/50/4278 2909/6/4224
f 2934/52/4280 2925/51/4279 2918/8/4226
f 2943/53/4281 2934/52/4280 2927/10/4228
f 2945/16/4233 2952/55/4282 2943/53/4281
f 2882/54/4220 2889/81/4275 2952/55/4282
f 2895/56/4283 2896/60/4287 2887/57/4284
f 2904/59/4286 2905/62/4289 2896/60/4287
f 2913/61/4288 2914/64/4291 2905/62/4289
f 2922/63/4290 2923/66/4293 2914/64/4291
f 2931/65/4292 2932/68/4295 2923/66/4293
f 2940/67/4294 2941/70/4297 2932/68/4295
f 2949/69/4296 2950/72/4298 2941/70/4297
f 2886/71/4285 2887/78/4284 2950/72/4298
f 2896/60/4299 2897/74/4303 2888/73/4300
f 2905/62/4302 2906/44/8587 2897/74/4303
f 2915/75/4304 2906/44/8587 2905/62/4302
f 2924/76/4306 2915/75/4304 2914/64/4305
f 2933/43/4308 2924/76/4306 2923/66/4307
f 2942/77/4310 2933/43/4308 2932/68/4309
f 2950/72/4312 2951/79/4313 2942/77/4310
f 2887/78/4301 2888/45/4300 2951/79/4313
f 2893/34/4314 2884/42/8588 2902/36/4314
f 2884/42/8588 2947/41/4314 2902/36/4314
f 2947/41/4314 2938/40/8588 2929/39/4314
f 2929/39/4314 2920/38/4314 2902/36/4314
f 2920/38/4314 2911/37/4314 2902/36/4314
f 2898/49/4277 2895/56/8589 2886/58/4315
f 2904/59/4316 2895/56/8589 2898/49/4277
f 2913/61/4318 2904/59/4316 2907/80/4317
f 2922/63/4319 2913/61/4318 2916/50/4278
f 2931/65/4320 2922/63/4319 2925/51/4279
f 2940/67/4321 2931/65/4320 2934/52/4280
f 2952/55/4282 2949/69/4322 2940/67/4321
f 2889/81/4275 2886/71/4315 2949/69/4322
f 2966/1/4323 2957/3/4338 2954/2/4324
f 2975/5/4326 2966/1/4323 2963/47/4325
f 2975/5/4326 2972/4/4327 2981/6/4328
f 2984/7/4329 2981/6/4328 2990/8/4330
f 2993/9/4331 2990/8/4330 2999/10/4332
f 3002/11/4333 2999/10/4332 3008/12/4334
f 3020/14/4336 3011/13/4335 3008/12/4334
f 2957/15/4338 3020/14/4336 3017/16/4337
f 2955/18/4339 2953/46/4354 2962/17/4340
f 2964/19/4341 2962/17/4340 2971/20/4342
f 2973/21/4343 2971/20/4342 2980/22/4344
f 2982/23/4345 2980/22/4344 2989/24/4346
f 2991/25/4347 2989/24/4346 2998/26/4348
f 3000/27/4349 2998/26/4348 3007/28/4350
f 3009/29/4351 3007/28/4350 3016/30/4352
f 3018/31/4353 3016/30/4352 2953/32/4354
f 2965/34/4355 2956/35/4370 2955/18/4356
f 2974/36/4358 2965/34/4355 2964/19/4357
f 2974/36/4358 2973/21/4359 2982/23/4360
f 2983/37/4361 2982/23/4360 2991/25/4362
f 2992/38/4363 2991/25/4362 3000/27/4364
f 3001/39/4365 3000/27/4364 3009/29/4366
f 3019/41/4368 3010/40/4367 3009/29/4366
f 2956/42/4370 3019/41/4368 3018/31/4369
f 2897/74/4371 2906/44/4371 2888/73/4372
f 2906/44/4371 2915/75/4371 2888/73/4372
f 2915/75/4371 2924/76/4371 2933/43/4371
f 2933/43/4371 2942/77/4371 2951/79/4372
f 2951/79/4372 2888/73/4372 2933/43/4371
f 2962/17/4373 2953/46/4380 2957/3/4338
f 2971/20/4374 2962/17/4373 2966/1/4323
f 2980/22/4375 2971/20/4374 2975/5/4326
f 2989/24/4376 2980/22/4375 2984/7/4329
f 2998/26/4377 2989/24/4376 2993/9/4331
f 3007/28/4378 2998/26/4377 3002/11/4333
f 3016/30/4379 3007/28/4378 3011/13/4335
f 2953/32/4380 3016/30/4379 3020/14/4336
f 2963/47/4325 2954/2/4324 2961/48/4381
f 2972/4/4327 2963/47/4325 2970/49/4382
f 2972/4/4327 2979/80/4383 2988/50/4384
f 2981/6/4328 2988/50/4384 2997/51/4385
f 2990/8/4330 2997/51/4385 3006/52/4386
f 2999/10/4332 3006/52/4386 3015/53/4387
f 3017/16/4337 3008/12/4334 3015/53/4387
f 2954/54/4324 3017/16/4337 3024/55/4388
f 2967/56/4389 2958/58/4404 2959/57/4390
f 2976/59/4392 2967/56/4389 2968/60/4391
f 2985/61/4394 2976/59/4392 2977/62/4393
f 2994/63/4396 2985/61/4394 2986/64/4395
f 3003/65/4398 2994/63/4396 2995/66/4397
f 3012/67/4400 3003/65/4398 3004/68/4399
f 3021/69/4402 3012/67/4400 3013/70/4401
f 2958/71/4404 3021/69/4402 3022/72/4403
f 2968/60/4405 2959/57/4420 2960/73/4406
f 2977/62/4408 2968/60/4405 2969/74/4407
f 2977/62/4408 2978/44/4409 2987/75/4410
f 2986/64/4411 2987/75/4410 2996/76/4412
f 2995/66/4413 2996/76/4412 3005/43/4414
f 3004/68/4415 3005/43/4414 3014/77/4416
f 3022/72/4418 3013/70/4417 3014/77/4416
f 2959/78/4420 3022/72/4418 3023/79/4419
f 3001/39/4421 3010/40/4421 2965/34/4421
f 3010/40/4421 3019/41/4421 2965/34/4421
f 3019/41/4421 2956/35/4421 2965/34/4421
f 2965/34/4421 2974/36/4421 2983/37/4421
f 2983/37/4421 2992/38/4421 2965/34/4421
f 2970/49/4382 2961/48/4381 2958/58/4422
f 2970/49/4382 2967/56/4423 2976/59/4424
f 2979/80/4383 2976/59/4424 2985/61/4425
f 2988/50/4384 2985/61/4425 2994/63/4426
f 2997/51/4385 2994/63/4426 3003/65/4427
f 3006/52/4386 3003/65/4427 3012/67/4428
f 3024/55/4388 3015/53/4387 3012/67/4428
f 2961/81/4381 3024/55/4388 3021/69/4429
f 3038/1/4430 3035/47/4434 3026/2/4431
f 3047/5/4433 3044/4/4487 3035/47/4434
f 3053/6/4435 3044/4/4487 3047/5/4433
f 3062/8/4437 3053/6/4435 3056/7/4436
f 3071/10/4439 3062/8/4437 3065/9/4438
f 3083/13/4441 3080/12/4443 3071/10/4439
f 3092/14/4442 3089/16/4444 3080/12/4443
f 3029/15/4432 3026/54/4431 3089/16/4444
f 3034/17/4445 3025/46/4460 3027/18/4446
f 3043/20/4448 3034/17/4445 3036/19/4447
f 3052/22/4450 3043/20/4448 3045/21/4449
f 3061/24/4452 3052/22/4450 3054/23/4451
f 3070/26/4454 3061/24/4452 3063/25/4453
f 3079/28/4456 3070/26/4454 3072/27/4455
f 3088/30/4458 3079/28/4456 3081/29/4457
f 3025/32/4460 3088/30/4458 3090/31/4459
f 3037/34/4461 3036/19/4465 3027/18/4462
f 3046/36/4464 3045/21/8590 3036/19/4465
f 3054/23/4466 3045/21/8590 3046/36/4464
f 3063/25/4468 3054/23/4466 3055/37/4467
f 3072/27/4470 3063/25/4468 3064/38/4469
f 3081/29/4472 3072/27/4470 3073/39/4471
f 3091/41/4474 3090/31/4475 3081/29/4472
f 3028/42/4463 3027/33/4462 3090/31/4475
f 3113/74/4476 3104/45/4476 3167/79/4476
f 3167/79/4476 3158/77/4476 3149/43/4477
f 3149/43/4477 3140/76/4477 3131/75/4477
f 3131/75/4477 3122/44/4477 3149/43/4477
f 3122/44/4477 3113/74/4476 3149/43/4477
f 3034/17/4478 3038/1/4430 3029/3/4432
f 3043/20/4480 3047/5/4433 3038/1/4430
f 3052/22/4481 3056/7/4436 3047/5/4433
f 3061/24/4482 3065/9/4438 3056/7/4436
f 3070/26/4483 3074/11/4440 3065/9/4438
f 3079/28/4484 3083/13/4441 3074/11/4440
f 3088/30/4485 3092/14/4442 3083/13/4441
f 3025/32/4479 3029/15/4432 3092/14/4442
f 3035/47/4434 3042/49/4488 3033/48/4486
f 3044/4/4487 3051/80/4529 3042/49/4488
f 3060/50/4489 3051/80/4529 3044/4/4487
f 3069/51/4490 3060/50/4489 3053/6/4435
f 3078/52/4491 3069/51/4490 3062/8/4437
f 3087/53/4492 3078/52/4491 3071/10/4439
f 3089/16/4444 3096/55/4493 3087/53/4492
f 3026/54/4431 3033/81/4486 3096/55/4493
f 3039/56/4494 3040/60/4498 3031/57/4495
f 3048/59/4497 3049/62/4500 3040/60/4498
f 3057/61/4499 3058/64/4502 3049/62/4500
f 3066/63/4501 3067/66/4504 3058/64/4502
f 3075/65/4503 3076/68/4506 3067/66/4504
f 3084/67/4505 3085/70/4508 3076/68/4506
f 3093/69/4507 3094/72/4509 3085/70/4508
f 3030/71/4496 3031/78/4495 3094/72/4509
f 3040/60/4510 3041/74/4514 3032/73/4511
f 3049/62/4513 3050/44/8591 3041/74/4514
f 3059/75/4515 3050/44/8591 3049/62/4513
f 3068/76/4517 3059/75/4515 3058/64/4516
f 3077/43/4519 3068/76/4517 3067/66/4518
f 3086/77/4521 3077/43/4519 3076/68/4520
f 3094/72/4523 3095/79/4524 3086/77/4521
f 3031/78/4512 3032/45/4511 3095/79/4524
f 3037/34/4525 3028/42/4525 3073/39/4525
f 3028/42/4525 3091/41/4525 3082/40/8592
f 3073/39/4525 3028/42/4525 3082/40/8592
f 3073/39/4525 3064/38/4525 3037/34/4525
f 3064/38/4525 3055/37/4525 3037/34/4525
f 3042/49/4488 3039/56/8593 3030/58/4527
f 3048/59/4528 3039/56/8593 3042/49/4488
f 3057/61/4530 3048/59/4528 3051/80/4529
f 3066/63/4531 3057/61/4530 3060/50/4489
f 3075/65/4532 3066/63/4531 3069/51/4490
f 3084/67/4533 3075/65/4532 3078/52/4491
f 3096/55/4493 3093/69/4534 3084/67/4533
f 3033/81/4486 3030/71/4527 3093/69/4534
f 3110/1/4535 3101/3/4550 3098/2/4536
f 3119/5/4538 3110/1/4535 3107/47/4537
f 3119/5/4538 3116/4/4539 3125/6/4540
f 3128/7/4541 3125/6/4540 3134/8/4542
f 3137/9/4543 3134/8/4542 3143/10/4544
f 3146/11/4545 3143/10/4544 3152/12/4546
f 3164/14/4548 3155/13/4547 3152/12/4546
f 3101/15/4550 3164/14/4548 3161/16/4549
f 3099/18/4551 3097/46/4566 3106/17/4552
f 3108/19/4553 3106/17/4552 3115/20/4554
f 3117/21/4555 3115/20/4554 3124/22/4556
f 3126/23/4557 3124/22/4556 3133/24/4558
f 3135/25/4559 3133/24/4558 3142/26/4560
f 3144/27/4561 3142/26/4560 3151/28/4562
f 3153/29/4563 3151/28/4562 3160/30/4564
f 3162/31/4565 3160/30/4564 3097/32/4566
f 3109/34/4567 3100/35/4582 3099/18/4568
f 3118/36/4570 3109/34/4567 3108/19/4569
f 3118/36/4570 3117/21/4571 3126/23/4572
f 3127/37/4573 3126/23/4572 3135/25/4574
f 3136/38/4575 3135/25/4574 3144/27/4576
f 3145/39/4577 3144/27/4576 3153/29/4578
f 3163/41/4580 3154/40/4579 3153/29/4578
f 3100/42/4582 3163/41/4580 3162/31/4581
f 3041/74/4585 3050/44/4585 3077/43/4583
f 3050/44/4585 3059/75/4585 3077/43/4583
f 3059/75/4585 3068/76/4583 3077/43/4583
f 3077/43/4583 3086/77/8594 3041/74/4585
f 3086/77/8594 3095/79/4583 3041/74/4585
f 3106/17/4586 3097/46/4593 3101/3/4550
f 3115/20/4587 3106/17/4586 3110/1/4535
f 3124/22/4588 3115/20/4587 3119/5/4538
f 3133/24/4589 3124/22/4588 3128/7/4541
f 3142/26/4590 3133/24/4589 3137/9/4543
f 3151/28/4591 3142/26/4590 3146/11/4545
f 3160/30/4592 3151/28/4591 3155/13/4547
f 3097/32/4593 3160/30/4592 3164/14/4548
f 3107/47/4537 3098/2/4536 3105/48/4594
f 3116/4/4539 3107/47/4537 3114/49/4595
f 3116/4/4539 3123/80/4596 3132/50/4597
f 3125/6/4540 3132/50/4597 3141/51/4598
f 3134/8/4542 3141/51/4598 3150/52/4599
f 3143/10/4544 3150/52/4599 3159/53/4600
f 3161/16/4549 3152/12/4546 3159/53/4600
f 3098/54/4536 3161/16/4549 3168/55/4601
f 3111/56/4602 3102/58/4617 3103/57/4603
f 3120/59/4605 3111/56/4602 3112/60/4604
f 3129/61/4607 3120/59/4605 3121/62/4606
f 3138/63/4609 3129/61/4607 3130/64/4608
f 3147/65/4611 3138/63/4609 3139/66/4610
f 3156/67/4613 3147/65/4611 3148/68/4612
f 3165/69/4615 3156/67/4613 3157/70/4614
f 3102/71/4617 3165/69/4615 3166/72/4616
f 3112/60/4618 3103/57/4633 3104/73/4619
f 3121/62/4621 3112/60/4618 3113/74/4620
f 3121/62/4621 3122/44/4622 3131/75/4623
f 3130/64/4624 3131/75/4623 3140/76/4625
f 3139/66/4626 3140/76/4625 3149/43/4627
f 3148/68/4628 3149/43/4627 3158/77/4629
f 3166/72/4631 3157/70/4630 3158/77/4629
f 3103/78/4633 3166/72/4631 3167/79/4632
f 3145/39/4634 3154/40/8595 3100/35/4634
f 3154/40/8595 3163/41/8596 3100/35/4634
f 3100/35/4634 3109/34/4634 3145/39/4634
f 3109/34/4634 3118/36/4634 3145/39/4634
f 3118/36/4634 3127/37/4634 3136/38/4634
f 3114/49/4595 3105/48/4594 3102/58/4635
f 3114/49/4595 3111/56/4636 3120/59/4637
f 3123/80/4596 3120/59/4637 3129/61/4638
f 3132/50/4597 3129/61/4638 3138/63/4639
f 3141/51/4598 3138/63/4639 3147/65/4640
f 3150/52/4599 3147/65/4640 3156/67/4641
f 3168/55/4601 3159/53/4600 3156/67/4641
f 3105/81/4594 3168/55/4601 3165/69/4642
f 3182/1/4643 3179/47/4699 3170/2/4644
f 3188/4/4646 3179/47/4699 3182/1/4643
f 3197/6/4648 3188/4/4646 3191/5/4647
f 3206/8/4650 3197/6/4648 3200/7/4649
f 3215/10/4652 3206/8/4650 3209/9/4651
f 3224/12/4654 3215/10/4652 3218/11/4653
f 3236/14/4656 3233/16/4657 3224/12/4654
f 3173/15/4645 3170/54/4644 3233/16/4657
f 3178/17/4658 3169/46/4673 3171/18/4659
f 3187/20/4661 3178/17/4658 3180/19/4660
f 3196/22/4663 3187/20/4661 3189/21/4662
f 3205/24/4665 3196/22/4663 3198/23/4664
f 3214/26/4667 3205/24/4665 3207/25/4666
f 3223/28/4669 3214/26/4667 3216/27/4668
f 3232/30/4671 3223/28/4669 3225/29/4670
f 3169/32/4673 3232/30/4671 3234/31/4672
f 3181/34/4674 3180/19/4678 3171/18/4675
f 3190/36/4677 3189/21/8597 3180/19/4678
f 3198/23/4679 3189/21/8597 3190/36/4677
f 3207/25/4681 3198/23/4679 3199/37/4680
f 3216/27/4683 3207/25/4681 3208/38/4682
f 3225/29/4685 3216/27/4683 3217/39/4684
f 3235/41/4687 3234/31/4688 3225/29/4685
f 3172/42/4676 3171/33/4675 3234/31/4688
f 3257/74/4689 3248/45/4689 3266/44/4690
f 3248/45/4689 3311/79/4689 3293/43/4689
f 3311/79/4689 3302/77/4689 3293/43/4689
f 3293/43/4689 3284/76/4690 3275/75/4690
f 3275/75/4690 3266/44/4690 3248/45/4689
f 3178/17/4691 3182/1/4643 3173/3/4645
f 3187/20/4693 3191/5/4647 3182/1/4643
f 3196/22/4694 3200/7/4649 3191/5/4647
f 3205/24/4695 3209/9/4651 3200/7/4649
f 3214/26/4696 3218/11/4653 3209/9/4651
f 3223/28/4697 3227/13/4655 3218/11/4653
f 3232/30/4698 3236/14/4656 3227/13/4655
f 3169/32/4692 3173/15/4645 3236/14/4656
f 3179/47/4699 3186/49/4701 3177/48/4700
f 3188/4/4646 3195/80/4741 3186/49/4701
f 3204/50/4702 3195/80/4741 3188/4/4646
f 3213/51/4703 3204/50/4702 3197/6/4648
f 3222/52/4704 3213/51/4703 3206/8/4650
f 3231/53/4705 3222/52/4704 3215/10/4652
f 3233/16/4657 3240/55/4706 3231/53/4705
f 3170/54/4644 3177/81/4700 3240/55/4706
f 3183/56/4707 3184/60/4711 3175/57/4708
f 3192/59/4710 3193/62/4713 3184/60/4711
f 3201/61/4712 3202/64/4715 3193/62/4713
f 3210/63/4714 3211/66/4717 3202/64/4715
f 3219/65/4716 3220/68/4719 3211/66/4717
f 3228/67/4718 3229/70/4721 3220/68/4719
f 3237/69/4720 3238/72/4722 3229/70/4721
f 3174/71/4709 3175/78/4708 3238/72/4722
f 3184/60/4723 3185/74/4727 3176/73/4724
f 3193/62/4726 3194/44/8598 3185/74/4727
f 3203/75/4728 3194/44/8598 3193/62/4726
f 3212/76/4730 3203/75/4728 3202/64/4729
f 3221/43/4732 3212/76/4730 3211/66/4731
f 3230/77/4734 3221/43/4732 3220/68/4733
f 3238/72/4736 3239/79/4737 3230/77/4734
f 3175/78/4725 3176/45/4724 3239/79/4737
f 3181/34/4738 3172/42/4738 3235/41/4738
f 3235/41/4738 3226/40/8599 3217/39/4738
f 3217/39/4738 3208/38/8600 3199/37/4738
f 3199/37/4738 3190/36/4738 3181/34/4738
f 3181/34/4738 3235/41/4738 3199/37/4738
f 3186/49/4701 3183/56/8601 3174/58/4739
f 3192/59/4740 3183/56/8601 3186/49/4701
f 3201/61/4742 3192/59/4740 3195/80/4741
f 3210/63/4743 3201/61/4742 3204/50/4702
f 3219/65/4744 3210/63/4743 3213/51/4703
f 3228/67/4745 3219/65/4744 3222/52/4704
f 3240/55/4706 3237/69/4746 3228/67/4745
f 3177/81/4700 3174/71/4739 3237/69/4746
f 3254/1/4747 3245/3/4762 3242/2/4748
f 3263/5/4750 3254/1/4747 3251/47/4749
f 3263/5/4750 3260/4/4751 3269/6/4752
f 3272/7/4753 3269/6/4752 3278/8/4754
f 3281/9/4755 3278/8/4754 3287/10/4756
f 3290/11/4757 3287/10/4756 3296/12/4758
f 3308/14/4760 3299/13/4759 3296/12/4758
f 3245/15/4762 3308/14/4760 3305/16/4761
f 3243/18/4763 3241/46/4778 3250/17/4764
f 3252/19/4765 3250/17/4764 3259/20/4766
f 3261/21/4767 3259/20/4766 3268/22/4768
f 3270/23/4769 3268/22/4768 3277/24/4770
f 3279/25/4771 3277/24/4770 3286/26/4772
f 3288/27/4773 3286/26/4772 3295/28/4774
f 3297/29/4775 3295/28/4774 3304/30/4776
f 3306/31/4777 3304/30/4776 3241/32/4778
f 3253/34/4779 3244/35/4794 3243/18/4780
f 3262/36/4782 3253/34/4779 3252/19/4781
f 3262/36/4782 3261/21/4783 3270/23/4784
f 3271/37/4785 3270/23/4784 3279/25/4786
f 3280/38/4787 3279/25/4786 3288/27/4788
f 3289/39/4789 3288/27/4788 3297/29/4790
f 3307/41/4792 3298/40/4791 3297/29/4790
f 3244/42/4794 3307/41/4792 3306/31/4793
f 3185/74/4795 3194/44/4795 3203/75/4796
f 3203/75/4796 3212/76/4796 3230/77/4795
f 3212/76/4796 3221/43/4795 3230/77/4795
f 3230/77/4795 3239/79/4796 3185/74/4795
f 3239/79/4796 3176/73/8602 3185/74/4795
f 3250/17/4797 3241/46/4804 3245/3/4762
f 3259/20/4798 3250/17/4797 3254/1/4747
f 3268/22/4799 3259/20/4798 3263/5/4750
f 3277/24/4800 3268/22/4799 3272/7/4753
f 3286/26/4801 3277/24/4800 3281/9/4755
f 3295/28/4802 3286/26/4801 3290/11/4757
f 3304/30/4803 3295/28/4802 3299/13/4759
f 3241/32/4804 3304/30/4803 3308/14/4760
f 3251/47/4749 3242/2/4748 3249/48/4805
f 3260/4/4751 3251/47/4749 3258/49/4806
f 3260/4/4751 3267/80/4807 3276/50/4808
f 3269/6/4752 3276/50/4808 3285/51/4809
f 3278/8/4754 3285/51/4809 3294/52/4810
f 3287/10/4756 3294/52/4810 3303/53/4811
f 3305/16/4761 3296/12/4758 3303/53/4811
f 3242/54/4748 3305/16/4761 3312/55/4812
f 3255/56/4813 3246/58/4828 3247/57/4814
f 3264/59/4816 3255/56/4813 3256/60/4815
f 3273/61/4818 3264/59/4816 3265/62/4817
f 3282/63/4820 3273/61/4818 3274/64/4819
f 3291/65/4822 3282/63/4820 3283/66/4821
f 3300/67/4824 3291/65/4822 3292/68/4823
f 3309/69/4826 3300/67/4824 3301/70/4825
f 3246/71/4828 3309/69/4826 3310/72/4827
f 3256/60/4829 3247/57/4844 3248/73/4830
f 3265/62/4832 3256/60/4829 3257/74/4831
f 3265/62/4832 3266/44/4833 3275/75/4834
f 3274/64/4835 3275/75/4834 3284/76/4836
f 3283/66/4837 3284/76/4836 3293/43/4838
f 3292/68/4839 3293/43/4838 3302/77/4840
f 3310/72/4842 3301/70/4841 3302/77/4840
f 3247/78/4844 3310/72/4842 3311/79/4843
f 3289/39/4845 3298/40/4845 3280/38/4845
f 3298/40/4845 3307/41/4845 3253/34/4845
f 3307/41/4845 3244/35/8603 3253/34/4845
f 3253/34/4845 3262/36/4845 3271/37/4845
f 3271/37/4845 3280/38/4845 3298/40/4845
f 3258/49/4806 3249/48/4805 3246/58/4846
f 3258/49/4806 3255/56/4847 3264/59/4848
f 3267/80/4807 3264/59/4848 3273/61/4849
f 3276/50/4808 3273/61/4849 3282/63/4850
f 3285/51/4809 3282/63/4850 3291/65/4851
f 3294/52/4810 3291/65/4851 3300/67/4852
f 3312/55/4812 3303/53/4811 3300/67/4852
f 3249/81/4805 3312/55/4812 3309/69/4853
f 3326/1/4854 3323/47/4858 3314/2/4855
f 3335/5/4857 3332/4/4911 3323/47/4858
f 3341/6/4859 3332/4/4911 3335/5/4857
f 3350/8/4861 3341/6/4859 3344/7/4860
f 3359/10/4863 3350/8/4861 3353/9/4862
f 3368/12/4865 3359/10/4863 3362/11/4864
f 3380/14/4867 3377/16/4868 3368/12/4865
f 3317/15/4856 3314/54/4855 3377/16/4868
f 3322/17/4869 3313/46/4884 3315/18/4870
f 3331/20/4872 3322/17/4869 3324/19/4871
f 3340/22/4874 3331/20/4872 3333/21/4873
f 3349/24/4876 3340/22/4874 3342/23/4875
f 3358/26/4878 3349/24/4876 3351/25/4877
f 3367/28/4880 3358/26/4878 3360/27/4879
f 3376/30/4882 3367/28/4880 3369/29/4881
f 3313/32/4884 3376/30/4882 3378/31/4883
f 3325/34/4885 3324/19/4889 3315/18/4886
f 3334/36/4888 3333/21/8604 3324/19/4889
f 3342/23/4890 3333/21/8604 3334/36/4888
f 3351/25/4892 3342/23/4890 3343/37/4891
f 3360/27/4894 3351/25/4892 3352/38/4893
f 3369/29/4896 3360/27/4894 3361/39/4895
f 3379/41/4898 3378/31/4899 3369/29/4896
f 3316/42/4887 3315/33/4886 3378/31/4899
f 3401/74/8605 3392/45/4900 3410/44/4900
f 3392/45/4900 3455/79/4900 3437/43/4901
f 3455/79/4900 3446/77/4901 3437/43/4901
f 3437/43/4901 3428/76/4901 3392/45/4900
f 3428/76/4901 3419/75/4900 3410/44/4900
f 3322/17/4902 3326/1/4854 3317/3/4856
f 3331/20/4904 3335/5/4857 3326/1/4854
f 3340/22/4905 3344/7/4860 3335/5/4857
f 3349/24/4906 3353/9/4862 3344/7/4860
f 3358/26/4907 3362/11/4864 3353/9/4862
f 3367/28/4908 3371/13/4866 3362/11/4864
f 3376/30/4909 3380/14/4867 3371/13/4866
f 3313/32/4903 3317/15/4856 3380/14/4867
f 3323/47/4858 3330/49/4912 3321/48/4910
f 3332/4/4911 3339/80/4953 3330/49/4912
f 3348/50/4913 3339/80/4953 3332/4/4911
f 3357/51/4914 3348/50/4913 3341/6/4859
f 3366/52/4915 3357/51/4914 3350/8/4861
f 3375/53/4916 3366/52/4915 3359/10/4863
f 3377/16/4868 3384/55/4917 3375/53/4916
f 3314/54/4855 3321/81/4910 3384/55/4917
f 3327/56/4918 3328/60/4922 3319/57/4919
f 3336/59/4921 3337/62/4924 3328/60/4922
f 3345/61/4923 3346/64/4926 3337/62/4924
f 3354/63/4925 3355/66/4928 3346/64/4926
f 3363/65/4927 3364/68/4930 3355/66/4928
f 3372/67/4929 3373/70/4932 3364/68/4930
f 3381/69/4931 3382/72/4933 3373/70/4932
f 3318/71/4920 3319/78/4919 3382/72/4933
f 3328/60/4934 3329/74/4938 3320/73/4935
f 3337/62/4937 3338/44/8606 3329/74/4938
f 3347/75/4939 3338/44/8606 3337/62/4937
f 3356/76/4941 3347/75/4939 3346/64/4940
f 3365/43/4943 3356/76/4941 3355/66/4942
f 3374/77/4945 3365/43/4943 3364/68/4944
f 3382/72/4947 3383/79/4948 3374/77/4945
f 3319/78/4936 3320/45/4935 3383/79/4948
f 3325/34/4949 3316/42/4949 3379/41/4949
f 3379/41/4949 3370/40/4949 3325/34/4949
f 3370/40/4949 3361/39/4949 3352/38/4949
f 3325/34/4949 3370/40/4949 3343/37/4949
f 3352/38/4949 3343/37/4949 3370/40/4949
f 3330/49/4912 3327/56/8607 3318/58/4951
f 3336/59/4952 3327/56/8607 3330/49/4912
f 3345/61/4954 3336/59/4952 3339/80/4953
f 3354/63/4955 3345/61/4954 3348/50/4913
f 3363/65/4956 3354/63/4955 3357/51/4914
f 3372/67/4957 3363/65/4956 3366/52/4915
f 3384/55/4917 3381/69/4958 3372/67/4957
f 3321/81/4910 3318/71/4951 3381/69/4958
f 3398/1/4959 3389/3/4974 3386/2/4960
f 3398/1/4959 3395/47/4961 3404/4/4962
f 3407/5/4963 3404/4/4962 3413/6/4964
f 3416/7/4965 3413/6/4964 3422/8/4966
f 3425/9/4967 3422/8/4966 3431/10/4968
f 3434/11/4969 3431/10/4968 3440/12/4970
f 3452/14/4972 3443/13/4971 3440/12/4970
f 3389/15/4974 3452/14/4972 3449/16/4973
f 3387/18/4975 3385/46/4990 3394/17/4976
f 3396/19/4977 3394/17/4976 3403/20/4978
f 3405/21/4979 3403/20/4978 3412/22/4980
f 3414/23/4981 3412/22/4980 3421/24/4982
f 3423/25/4983 3421/24/4982 3430/26/4984
f 3432/27/4985 3430/26/4984 3439/28/4986
f 3441/29/4987 3439/28/4986 3448/30/4988
f 3450/31/4989 3448/30/4988 3385/32/4990
f 3397/34/4991 3388/35/5006 3387/18/4992
f 3406/36/4994 3397/34/4991 3396/19/4993
f 3406/36/4994 3405/21/4995 3414/23/4996
f 3415/37/4997 3414/23/4996 3423/25/4998
f 3424/38/4999 3423/25/4998 3432/27/5000
f 3433/39/5001 3432/27/5000 3441/29/5002
f 3451/41/5004 3442/40/5003 3441/29/5002
f 3388/42/5006 3451/41/5004 3450/31/5005
f 3329/74/5007 3338/44/8608 3347/75/5007
f 3347/75/5007 3356/76/5007 3329/74/5007
f 3356/76/5007 3365/43/8608 3329/74/5007
f 3365/43/8608 3374/77/8608 3329/74/5007
f 3374/77/8608 3383/79/5007 3329/74/5007
f 3394/17/5009 3385/46/5016 3389/3/4974
f 3403/20/5010 3394/17/5009 3398/1/4959
f 3412/22/5011 3403/20/5010 3407/5/4963
f 3421/24/5012 3412/22/5011 3416/7/4965
f 3430/26/5013 3421/24/5012 3425/9/4967
f 3439/28/5014 3430/26/5013 3434/11/4969
f 3448/30/5015 3439/28/5014 3443/13/4971
f 3385/32/5016 3448/30/5015 3452/14/4972
f 3395/47/4961 3386/2/4960 3393/48/5017
f 3404/4/4962 3395/47/4961 3402/49/5018
f 3404/4/4962 3411/80/5019 3420/50/5020
f 3413/6/4964 3420/50/5020 3429/51/5021
f 3422/8/4966 3429/51/5021 3438/52/5022
f 3431/10/4968 3438/52/5022 3447/53/5023
f 3449/16/4973 3440/12/4970 3447/53/5023
f 3386/54/4960 3449/16/4973 3456/55/5024
f 3399/56/5025 3390/58/5040 3391/57/5026
f 3408/59/5028 3399/56/5025 3400/60/5027
f 3417/61/5030 3408/59/5028 3409/62/5029
f 3426/63/5032 3417/61/5030 3418/64/5031
f 3435/65/5034 3426/63/5032 3427/66/5033
f 3444/67/5036 3435/65/5034 3436/68/5035
f 3453/69/5038 3444/67/5036 3445/70/5037
f 3390/71/5040 3453/69/5038 3454/72/5039
f 3400/60/5041 3391/57/5056 3392/73/5042
f 3409/62/5044 3400/60/5041 3401/74/5043
f 3409/62/5044 3410/44/5045 3419/75/5046
f 3418/64/5047 3419/75/5046 3428/76/5048
f 3427/66/5049 3428/76/5048 3437/43/5050
f 3436/68/5051 3437/43/5050 3446/77/5052
f 3454/72/5054 3445/70/5053 3446/77/5052
f 3391/78/5056 3454/72/5054 3455/79/5055
f 3433/39/5057 3442/40/5057 3388/35/5057
f 3442/40/5057 3451/41/8609 3388/35/5057
f 3388/35/5057 3397/34/5057 3433/39/5057
f 3397/34/5057 3406/36/8610 3415/37/5057
f 3415/37/5057 3424/38/5057 3397/34/5057
f 3402/49/5018 3393/48/5017 3390/58/5058
f 3402/49/5018 3399/56/5059 3408/59/5060
f 3411/80/5019 3408/59/5060 3417/61/5061
f 3420/50/5020 3417/61/5061 3426/63/5062
f 3429/51/5021 3426/63/5062 3435/65/5063
f 3438/52/5022 3435/65/5063 3444/67/5064
f 3456/55/5024 3447/53/5023 3444/67/5064
f 3393/81/5017 3456/55/5024 3453/69/5065
f 3470/1/5066 3467/47/5070 3458/2/5067
f 3479/5/5069 3476/4/5123 3467/47/5070
f 3485/6/5071 3476/4/5123 3479/5/5069
f 3494/8/5073 3485/6/5071 3488/7/5072
f 3503/10/5075 3494/8/5073 3497/9/5074
f 3512/12/5077 3503/10/5075 3506/11/5076
f 3524/14/5079 3521/16/5080 3512/12/5077
f 3461/15/5068 3458/54/5067 3521/16/5080
f 3466/17/5081 3457/46/5096 3459/18/5082
f 3475/20/5084 3466/17/5081 3468/19/5083
f 3484/22/5086 3475/20/5084 3477/21/5085
f 3493/24/5088 3484/22/5086 3486/23/5087
f 3502/26/5090 3493/24/5088 3495/25/5089
f 3511/28/5092 3502/26/5090 3504/27/5091
f 3520/30/5094 3511/28/5092 3513/29/5093
f 3457/32/5096 3520/30/5094 3522/31/5095
f 3469/34/5097 3468/19/5101 3459/18/5098
f 3478/36/5100 3477/21/8611 3468/19/5101
f 3486/23/5102 3477/21/8611 3478/36/5100
f 3495/25/5104 3486/23/5102 3487/37/5103
f 3504/27/5106 3495/25/5104 3496/38/5105
f 3513/29/5108 3504/27/5106 3505/39/5107
f 3523/41/5110 3522/31/5111 3513/29/5108
f 3460/42/5099 3459/33/5098 3522/31/5111
f 3545/74/5113 3536/45/5113 3599/79/5112
f 3599/79/5112 3590/77/5113 3581/43/5112
f 3581/43/5112 3572/76/5113 3563/75/5113
f 3563/75/5113 3554/44/5113 3545/74/5113
f 3545/74/5113 3599/79/5112 3581/43/5112
f 3466/17/5114 3470/1/5066 3461/3/5068
f 3475/20/5116 3479/5/5069 3470/1/5066
f 3484/22/5117 3488/7/5072 3479/5/5069
f 3493/24/5118 3497/9/5074 3488/7/5072
f 3502/26/5119 3506/11/5076 3497/9/5074
f 3511/28/5120 3515/13/5078 3506/11/5076
f 3520/30/5121 3524/14/5079 3515/13/5078
f 3457/32/5115 3461/15/5068 3524/14/5079
f 3467/47/5070 3474/49/5124 3465/48/5122
f 3476/4/5123 3483/80/5164 3474/49/5124
f 3492/50/5125 3483/80/5164 3476/4/5123
f 3501/51/5126 3492/50/5125 3485/6/5071
f 3510/52/5127 3501/51/5126 3494/8/5073
f 3519/53/5128 3510/52/5127 3503/10/5075
f 3521/16/5080 3528/55/5129 3519/53/5128
f 3458/54/5067 3465/81/5122 3528/55/5129
f 3471/56/5130 3472/60/5134 3463/57/5131
f 3480/59/5133 3481/62/5136 3472/60/5134
f 3489/61/5135 3490/64/5138 3481/62/5136
f 3498/63/5137 3499/66/5140 3490/64/5138
f 3507/65/5139 3508/68/5142 3499/66/5140
f 3516/67/5141 3517/70/5144 3508/68/5142
f 3525/69/5143 3526/72/5145 3517/70/5144
f 3462/71/5132 3463/78/5131 3526/72/5145
f 3472/60/5146 3473/74/5150 3464/73/5147
f 3481/62/5149 3482/44/8612 3473/74/5150
f 3491/75/5151 3482/44/8612 3481/62/5149
f 3500/76/5153 3491/75/5151 3490/64/5152
f 3509/43/5155 3500/76/5153 3499/66/5154
f 3518/77/5157 3509/43/5155 3508/68/5156
f 3526/72/5159 3527/79/5160 3518/77/5157
f 3463/78/5148 3464/45/5147 3527/79/5160
f 3469/34/5161 3460/42/8613 3523/41/8614
f 3523/41/8614 3514/40/5161 3469/34/5161
f 3514/40/5161 3505/39/8615 3496/38/8616
f 3469/34/5161 3514/40/5161 3487/37/5161
f 3496/38/8616 3487/37/5161 3514/40/5161
f 3474/49/5124 3471/56/8617 3462/58/5162
f 3480/59/5163 3471/56/8617 3474/49/5124
f 3489/61/5165 3480/59/5163 3483/80/5164
f 3498/63/5166 3489/61/5165 3492/50/5125
f 3507/65/5167 3498/63/5166 3501/51/5126
f 3516/67/5168 3507/65/5167 3510/52/5127
f 3528/55/5129 3525/69/5169 3516/67/5168
f 3465/81/5122 3462/71/5162 3525/69/5169
f 3542/1/5170 3533/3/5185 3530/2/5171
f 3551/5/5173 3542/1/5170 3539/47/5172
f 3551/5/5173 3548/4/5174 3557/6/5175
f 3560/7/5176 3557/6/5175 3566/8/5177
f 3569/9/5178 3566/8/5177 3575/10/5179
f 3578/11/5180 3575/10/5179 3584/12/5181
f 3596/14/5183 3587/13/5182 3584/12/5181
f 3533/15/5185 3596/14/5183 3593/16/5184
f 3531/18/5186 3529/46/5201 3538/17/5187
f 3540/19/5188 3538/17/5187 3547/20/5189
f 3549/21/5190 3547/20/5189 3556/22/5191
f 3558/23/5192 3556/22/5191 3565/24/5193
f 3567/25/5194 3565/24/5193 3574/26/5195
f 3576/27/5196 3574/26/5195 3583/28/5197
f 3585/29/5198 3583/28/5197 3592/30/5199
f 3594/31/5200 3592/30/5199 3529/32/5201
f 3541/34/5202 3532/35/5217 3531/18/5203
f 3550/36/5205 3541/34/5202 3540/19/5204
f 3550/36/5205 3549/21/5206 3558/23/5207
f 3559/37/5208 3558/23/5207 3567/25/5209
f 3568/38/5210 3567/25/5209 3576/27/5211
f 3577/39/5212 3576/27/5211 3585/29/5213
f 3595/41/5215 3586/40/5214 3585/29/5213
f 3532/42/5217 3595/41/5215 3594/31/5216
f 3473/74/5218 3482/44/8618 3527/79/5218
f 3482/44/8618 3491/75/8618 3500/76/5218
f 3509/43/5218 3482/44/8618 3500/76/5218
f 3509/43/5218 3518/77/8618 3482/44/8618
f 3518/77/8618 3527/79/5218 3482/44/8618
f 3538/17/5219 3529/46/5226 3533/3/5185
f 3547/20/5220 3538/17/5219 3542/1/5170
f 3556/22/5221 3547/20/5220 3551/5/5173
f 3565/24/5222 3556/22/5221 3560/7/5176
f 3574/26/5223 3565/24/5222 3569/9/5178
f 3583/28/5224 3574/26/5223 3578/11/5180
f 3592/30/5225 3583/28/5224 3587/13/5182
f 3529/32/5226 3592/30/5225 3596/14/5183
f 3539/47/5172 3530/2/5171 3537/48/5227
f 3548/4/5174 3539/47/5172 3546/49/5228
f 3548/4/5174 3555/80/5229 3564/50/5230
f 3557/6/5175 3564/50/5230 3573/51/5231
f 3566/8/5177 3573/51/5231 3582/52/5232
f 3575/10/5179 3582/52/5232 3591/53/5233
f 3593/16/5184 3584/12/5181 3591/53/5233
f 3530/54/5171 3593/16/5184 3600/55/5234
f 3543/56/5235 3534/58/5250 3535/57/5236
f 3552/59/5238 3543/56/5235 3544/60/5237
f 3561/61/5240 3552/59/5238 3553/62/5239
f 3570/63/5242 3561/61/5240 3562/64/5241
f 3579/65/5244 3570/63/5242 3571/66/5243
f 3588/67/5246 3579/65/5244 3580/68/5245
f 3597/69/5248 3588/67/5246 3589/70/5247
f 3534/71/5250 3597/69/5248 3598/72/5249
f 3544/60/5251 3535/57/5266 3536/73/5252
f 3553/62/5254 3544/60/5251 3545/74/5253
f 3553/62/5254 3554/44/5255 3563/75/5256
f 3562/64/5257 3563/75/5256 3572/76/5258
f 3571/66/5259 3572/76/5258 3581/43/5260
f 3580/68/5261 3581/43/5260 3590/77/5262
f 3598/72/5264 3589/70/5263 3590/77/5262
f 3535/78/5266 3598/72/5264 3599/79/5265
f 3577/39/5267 3586/40/5267 3559/37/5267
f 3586/40/5267 3595/41/5267 3559/37/5267
f 3595/41/5267 3532/35/5267 3541/34/5267
f 3541/34/5267 3550/36/5267 3559/37/5267
f 3559/37/5267 3568/38/8619 3577/39/5267
f 3546/49/5228 3537/48/5227 3534/58/5268
f 3546/49/5228 3543/56/5269 3552/59/5270
f 3555/80/5229 3552/59/5270 3561/61/5271
f 3564/50/5230 3561/61/5271 3570/63/5272
f 3573/51/5231 3570/63/5272 3579/65/5273
f 3582/52/5232 3579/65/5273 3588/67/5274
f 3600/55/5234 3591/53/5233 3588/67/5274
f 3537/81/5227 3600/55/5234 3597/69/5275
f 3614/1/5276 3611/47/5280 3602/2/5277
f 3623/5/5279 3620/4/5334 3611/47/5280
f 3629/6/5281 3620/4/5334 3623/5/5279
f 3638/8/5283 3629/6/5281 3632/7/5282
f 3647/10/5285 3638/8/5283 3641/9/5284
f 3656/12/5287 3647/10/5285 3650/11/5286
f 3668/14/5289 3665/16/5290 3656/12/5287
f 3605/15/5278 3602/54/5277 3665/16/5290
f 3610/17/5291 3601/46/5306 3603/18/5292
f 3619/20/5294 3610/17/5291 3612/19/5293
f 3628/22/5296 3619/20/5294 3621/21/5295
f 3637/24/5298 3628/22/5296 3630/23/5297
f 3646/26/5300 3637/24/5298 3639/25/5299
f 3655/28/5302 3646/26/5300 3648/27/5301
f 3664/30/5304 3655/28/5302 3657/29/5303
f 3601/32/5306 3664/30/5304 3666/31/5305
f 3613/34/5307 3612/19/5311 3603/18/5308
f 3622/36/5310 3621/21/8620 3612/19/5311
f 3630/23/5312 3621/21/8620 3622/36/5310
f 3639/25/5314 3630/23/5312 3631/37/5313
f 3648/27/5316 3639/25/5314 3640/38/5315
f 3657/29/5318 3648/27/5316 3649/39/5317
f 3667/41/5320 3666/31/5321 3657/29/5318
f 3604/42/5309 3603/33/5308 3666/31/5321
f 3689/74/5322 3680/45/5322 3698/44/5322
f 3680/45/5322 3743/79/5324 3734/77/8621
f 3725/43/5323 3680/45/5322 3734/77/8621
f 3725/43/5323 3716/76/5324 3707/75/5324
f 3707/75/5324 3698/44/5322 3680/45/5322
f 3610/17/5325 3614/1/5276 3605/3/5278
f 3619/20/5327 3623/5/5279 3614/1/5276
f 3628/22/5328 3632/7/5282 3623/5/5279
f 3637/24/5329 3641/9/5284 3632/7/5282
f 3646/26/5330 3650/11/5286 3641/9/5284
f 3655/28/5331 3659/13/5288 3650/11/5286
f 3664/30/5332 3668/14/5289 3659/13/5288
f 3601/32/5326 3605/15/5278 3668/14/5289
f 3611/47/5280 3618/49/5335 3609/48/5333
f 3620/4/5334 3627/80/5375 3618/49/5335
f 3636/50/5336 3627/80/5375 3620/4/5334
f 3645/51/5337 3636/50/5336 3629/6/5281
f 3654/52/5338 3645/51/5337 3638/8/5283
f 3663/53/5339 3654/52/5338 3647/10/5285
f 3665/16/5290 3672/55/5340 3663/53/5339
f 3602/54/5277 3609/81/5333 3672/55/5340
f 3615/56/5341 3616/60/5345 3607/57/5342
f 3624/59/5344 3625/62/5347 3616/60/5345
f 3633/61/5346 3634/64/5349 3625/62/5347
f 3642/63/5348 3643/66/5351 3634/64/5349
f 3651/65/5350 3652/68/5353 3643/66/5351
f 3660/67/5352 3661/70/5355 3652/68/5353
f 3669/69/5354 3670/72/5356 3661/70/5355
f 3606/71/5343 3607/78/5342 3670/72/5356
f 3616/60/5357 3617/74/5361 3608/73/5358
f 3625/62/5360 3626/44/8622 3617/74/5361
f 3635/75/5362 3626/44/8622 3625/62/5360
f 3644/76/5364 3635/75/5362 3634/64/5363
f 3653/43/5366 3644/76/5364 3643/66/5365
f 3662/77/5368 3653/43/5366 3652/68/5367
f 3670/72/5370 3671/79/5371 3662/77/5368
f 3607/78/5359 3608/45/5358 3671/79/5371
f 3613/34/5372 3604/42/5372 3649/39/5372
f 3604/42/5372 3667/41/8623 3658/40/5372
f 3649/39/5372 3604/42/5372 3658/40/5372
f 3649/39/5372 3640/38/5372 3631/37/5372
f 3631/37/5372 3622/36/8624 3613/34/5372
f 3618/49/5335 3615/56/8625 3606/58/5373
f 3624/59/5374 3615/56/8625 3618/49/5335
f 3633/61/5376 3624/59/5374 3627/80/5375
f 3642/63/5377 3633/61/5376 3636/50/5336
f 3651/65/5378 3642/63/5377 3645/51/5337
f 3660/67/5379 3651/65/5378 3654/52/5338
f 3672/55/5340 3669/69/5380 3660/67/5379
f 3609/81/5333 3606/71/5373 3669/69/5380
f 3686/1/5381 3677/3/5396 3674/2/5382
f 3695/5/5384 3686/1/5381 3683/47/5383
f 3695/5/5384 3692/4/5385 3701/6/5386
f 3704/7/5387 3701/6/5386 3710/8/5388
f 3713/9/5389 3710/8/5388 3719/10/5390
f 3722/11/5391 3719/10/5390 3728/12/5392
f 3740/14/5394 3731/13/5393 3728/12/5392
f 3677/15/5396 3740/14/5394 3737/16/5395
f 3675/18/5397 3673/46/5412 3682/17/5398
f 3684/19/5399 3682/17/5398 3691/20/5400
f 3693/21/5401 3691/20/5400 3700/22/5402
f 3702/23/5403 3700/22/5402 3709/24/5404
f 3711/25/5405 3709/24/5404 3718/26/5406
f 3720/27/5407 3718/26/5406 3727/28/5408
f 3729/29/5409 3727/28/5408 3736/30/5410
f 3738/31/5411 3736/30/5410 3673/32/5412
f 3685/34/5413 3676/35/5428 3675/18/5414
f 3694/36/5416 3685/34/5413 3684/19/5415
f 3694/36/5416 3693/21/5417 3702/23/5418
f 3703/37/5419 3702/23/5418 3711/25/5420
f 3712/38/5421 3711/25/5420 3720/27/5422
f 3721/39/5423 3720/27/5422 3729/29/5424
f 3739/41/5426 3730/40/5425 3729/29/5424
f 3676/42/5428 3739/41/5426 3738/31/5427
f 3617/74/5430 3626/44/5429 3671/79/5430
f 3626/44/5429 3635/75/8626 3644/76/5430
f 3653/43/5430 3626/44/5429 3644/76/5430
f 3653/43/5430 3662/77/5430 3671/79/5430
f 3671/79/5430 3608/73/5430 3617/74/5430
f 3682/17/5431 3673/46/5438 3677/3/5396
f 3691/20/5432 3682/17/5431 3686/1/5381
f 3700/22/5433 3691/20/5432 3695/5/5384
f 3709/24/5434 3700/22/5433 3704/7/5387
f 3718/26/5435 3709/24/5434 3713/9/5389
f 3727/28/5436 3718/26/5435 3722/11/5391
f 3736/30/5437 3727/28/5436 3731/13/5393
f 3673/32/5438 3736/30/5437 3740/14/5394
f 3683/47/5383 3674/2/5382 3681/48/5439
f 3692/4/5385 3683/47/5383 3690/49/5440
f 3692/4/5385 3699/80/5441 3708/50/5442
f 3701/6/5386 3708/50/5442 3717/51/5443
f 3710/8/5388 3717/51/5443 3726/52/5444
f 3719/10/5390 3726/52/5444 3735/53/5445
f 3737/16/5395 3728/12/5392 3735/53/5445
f 3674/54/5382 3737/16/5395 3744/55/5446
f 3687/56/5447 3678/58/5462 3679/57/5448
f 3696/59/5450 3687/56/5447 3688/60/5449
f 3705/61/5452 3696/59/5450 3697/62/5451
f 3714/63/5454 3705/61/5452 3706/64/5453
f 3723/65/5456 3714/63/5454 3715/66/5455
f 3732/67/5458 3723/65/5456 3724/68/5457
f 3741/69/5460 3732/67/5458 3733/70/5459
f 3678/71/5462 3741/69/5460 3742/72/5461
f 3688/60/5463 3679/57/5478 3680/73/5464
f 3697/62/5466 3688/60/5463 3689/74/5465
f 3697/62/5466 3698/44/5467 3707/75/5468
f 3706/64/5469 3707/75/5468 3716/76/5470
f 3715/66/5471 3716/76/5470 3725/43/5472
f 3724/68/5473 3725/43/5472 3734/77/5474
f 3742/72/5476 3733/70/5475 3734/77/5474
f 3679/78/5478 3742/72/5476 3743/79/5477
f 3721/39/5480 3730/40/5480 3676/35/5480
f 3730/40/5480 3739/41/8627 3676/35/5480
f 3676/35/5480 3685/34/5480 3721/39/5480
f 3685/34/5480 3694/36/5480 3703/37/5480
f 3703/37/5480 3712/38/5479 3685/34/5480
f 3690/49/5440 3681/48/5439 3678/58/5481
f 3690/49/5440 3687/56/5482 3696/59/5483
f 3699/80/5441 3696/59/5483 3705/61/5484
f 3708/50/5442 3705/61/5484 3714/63/5485
f 3717/51/5443 3714/63/5485 3723/65/5486
f 3726/52/5444 3723/65/5486 3732/67/5487
f 3744/55/5446 3735/53/5445 3732/67/5487
f 3681/81/5439 3744/55/5446 3741/69/5488
f 3758/1/5489 3755/47/5493 3746/2/5490
f 3767/5/5492 3764/4/5546 3755/47/5493
f 3773/6/5494 3764/4/5546 3767/5/5492
f 3782/8/5496 3773/6/5494 3776/7/5495
f 3791/10/5498 3782/8/5496 3785/9/5497
f 3800/12/5500 3791/10/5498 3794/11/5499
f 3812/14/5502 3809/16/5503 3800/12/5500
f 3749/15/5491 3746/54/5490 3809/16/5503
f 3754/17/5504 3745/46/5519 3747/18/5505
f 3763/20/5507 3754/17/5504 3756/19/5506
f 3772/22/5509 3763/20/5507 3765/21/5508
f 3781/24/5511 3772/22/5509 3774/23/5510
f 3790/26/5513 3781/24/5511 3783/25/5512
f 3799/28/5515 3790/26/5513 3792/27/5514
f 3808/30/5517 3799/28/5515 3801/29/5516
f 3745/32/5519 3808/30/5517 3810/31/5518
f 3757/34/5520 3756/19/5524 3747/18/5521
f 3766/36/5523 3765/21/8628 3756/19/5524
f 3774/23/5525 3765/21/8628 3766/36/5523
f 3783/25/5527 3774/23/5525 3775/37/5526
f 3792/27/5529 3783/25/5527 3784/38/5528
f 3801/29/5531 3792/27/5529 3793/39/5530
f 3811/41/5533 3810/31/5534 3801/29/5531
f 3748/42/5522 3747/33/5521 3810/31/5534
f 3833/74/5535 3824/45/8629 3887/79/5535
f 3887/79/5535 3878/77/5536 3869/43/5536
f 3869/43/5536 3860/76/5535 3833/74/5535
f 3860/76/5535 3851/75/5535 3833/74/5535
f 3851/75/5535 3842/44/8630 3833/74/5535
f 3754/17/5537 3758/1/5489 3749/3/5491
f 3763/20/5539 3767/5/5492 3758/1/5489
f 3772/22/5540 3776/7/5495 3767/5/5492
f 3781/24/5541 3785/9/5497 3776/7/5495
f 3790/26/5542 3794/11/5499 3785/9/5497
f 3799/28/5543 3803/13/5501 3794/11/5499
f 3808/30/5544 3812/14/5502 3803/13/5501
f 3745/32/5538 3749/15/5491 3812/14/5502
f 3755/47/5493 3762/49/5547 3753/48/5545
f 3764/4/5546 3771/80/5587 3762/49/5547
f 3780/50/5548 3771/80/5587 3764/4/5546
f 3789/51/5549 3780/50/5548 3773/6/5494
f 3798/52/5550 3789/51/5549 3782/8/5496
f 3807/53/5551 3798/52/5550 3791/10/5498
f 3809/16/5503 3816/55/5552 3807/53/5551
f 3746/54/5490 3753/81/5545 3816/55/5552
f 3759/56/5553 3760/60/5557 3751/57/5554
f 3768/59/5556 3769/62/5559 3760/60/5557
f 3777/61/5558 3778/64/5561 3769/62/5559
f 3786/63/5560 3787/66/5563 3778/64/5561
f 3795/65/5562 3796/68/5565 3787/66/5563
f 3804/67/5564 3805/70/5567 3796/68/5565
f 3813/69/5566 3814/72/5568 3805/70/5567
f 3750/71/5555 3751/78/5554 3814/72/5568
f 3760/60/5569 3761/74/5573 3752/73/5570
f 3769/62/5572 3770/44/8631 3761/74/5573
f 3779/75/5574 3770/44/8631 3769/62/5572
f 3788/76/5576 3779/75/5574 3778/64/5575
f 3797/43/5578 3788/76/5576 3787/66/5577
f 3806/77/5580 3797/43/5578 3796/68/5579
f 3814/72/5582 3815/79/5583 3806/77/5580
f 3751/78/5571 3752/45/5570 3815/79/5583
f 3757/34/5584 3748/42/5584 3811/41/5584
f 3811/41/5584 3802/40/8632 3793/39/5584
f 3793/39/5584 3784/38/8633 3775/37/5584
f 3775/37/5584 3766/36/5584 3793/39/5584
f 3766/36/5584 3757/34/5584 3793/39/5584
f 3762/49/5547 3759/56/8634 3750/58/5585
f 3768/59/5586 3759/56/8634 3762/49/5547
f 3777/61/5588 3768/59/5586 3771/80/5587
f 3786/63/5589 3777/61/5588 3780/50/5548
f 3795/65/5590 3786/63/5589 3789/51/5549
f 3804/67/5591 3795/65/5590 3798/52/5550
f 3816/55/5552 3813/69/5592 3804/67/5591
f 3753/81/5545 3750/71/5585 3813/69/5592
f 3830/1/5593 3821/3/5608 3818/2/5594
f 3839/5/5596 3830/1/5593 3827/47/5595
f 3839/5/5596 3836/4/5597 3845/6/5598
f 3848/7/5599 3845/6/5598 3854/8/5600
f 3857/9/5601 3854/8/5600 3863/10/5602
f 3866/11/5603 3863/10/5602 3872/12/5604
f 3884/14/5606 3875/13/5605 3872/12/5604
f 3821/15/5608 3884/14/5606 3881/16/5607
f 3819/18/5609 3817/46/5624 3826/17/5610
f 3828/19/5611 3826/17/5610 3835/20/5612
f 3837/21/5613 3835/20/5612 3844/22/5614
f 3846/23/5615 3844/22/5614 3853/24/5616
f 3855/25/5617 3853/24/5616 3862/26/5618
f 3864/27/5619 3862/26/5618 3871/28/5620
f 3873/29/5621 3871/28/5620 3880/30/5622
f 3882/31/5623 3880/30/5622 3817/32/5624
f 3829/34/5625 3820/35/5640 3819/18/5626
f 3838/36/5628 3829/34/5625 3828/19/5627
f 3838/36/5628 3837/21/5629 3846/23/5630
f 3847/37/5631 3846/23/5630 3855/25/5632
f 3856/38/5633 3855/25/5632 3864/27/5634
f 3865/39/5635 3864/27/5634 3873/29/5636
f 3883/41/5638 3874/40/5637 3873/29/5636
f 3820/42/5640 3883/41/5638 3882/31/5639
f 3761/74/5642 3770/44/5641 3797/43/5641
f 3770/44/5641 3779/75/5641 3797/43/5641
f 3779/75/5641 3788/76/5641 3797/43/5641
f 3797/43/5641 3806/77/5641 3815/79/5642
f 3815/79/5642 3752/73/8635 3761/74/5642
f 3826/17/5643 3817/46/5650 3821/3/5608
f 3835/20/5644 3826/17/5643 3830/1/5593
f 3844/22/5645 3835/20/5644 3839/5/5596
f 3853/24/5646 3844/22/5645 3848/7/5599
f 3862/26/5647 3853/24/5646 3857/9/5601
f 3871/28/5648 3862/26/5647 3866/11/5603
f 3880/30/5649 3871/28/5648 3875/13/5605
f 3817/32/5650 3880/30/5649 3884/14/5606
f 3827/47/5595 3818/2/5594 3825/48/5651
f 3836/4/5597 3827/47/5595 3834/49/5652
f 3836/4/5597 3843/80/5653 3852/50/5654
f 3845/6/5598 3852/50/5654 3861/51/5655
f 3854/8/5600 3861/51/5655 3870/52/5656
f 3863/10/5602 3870/52/5656 3879/53/5657
f 3881/16/5607 3872/12/5604 3879/53/5657
f 3818/54/5594 3881/16/5607 3888/55/5658
f 3831/56/5659 3822/58/5674 3823/57/5660
f 3840/59/5662 3831/56/5659 3832/60/5661
f 3849/61/5664 3840/59/5662 3841/62/5663
f 3858/63/5666 3849/61/5664 3850/64/5665
f 3867/65/5668 3858/63/5666 3859/66/5667
f 3876/67/5670 3867/65/5668 3868/68/5669
f 3885/69/5672 3876/67/5670 3877/70/5671
f 3822/71/5674 3885/69/5672 3886/72/5673
f 3832/60/5675 3823/57/5690 3824/73/5676
f 3841/62/5678 3832/60/5675 3833/74/5677
f 3841/62/5678 3842/44/5679 3851/75/5680
f 3850/64/5681 3851/75/5680 3860/76/5682
f 3859/66/5683 3860/76/5682 3869/43/5684
f 3868/68/5685 3869/43/5684 3878/77/5686
f 3886/72/5688 3877/70/5687 3878/77/5686
f 3823/78/5690 3886/72/5688 3887/79/5689
f 3865/39/5691 3874/40/5691 3829/34/5691
f 3874/40/5691 3883/41/8636 3829/34/5691
f 3883/41/8636 3820/35/5691 3829/34/5691
f 3829/34/5691 3838/36/5691 3847/37/5691
f 3847/37/5691 3856/38/5691 3829/34/5691
f 3834/49/5652 3825/48/5651 3822/58/5692
f 3834/49/5652 3831/56/5693 3840/59/5694
f 3843/80/5653 3840/59/5694 3849/61/5695
f 3852/50/5654 3849/61/5695 3858/63/5696
f 3861/51/5655 3858/63/5696 3867/65/5697
f 3870/52/5656 3867/65/5697 3876/67/5698
f 3888/55/5658 3879/53/5657 3876/67/5698
f 3825/81/5651 3888/55/5658 3885/69/5699
f 3902/1/5700 3899/47/5704 3890/2/5701
f 3911/5/5703 3908/4/5758 3899/47/5704
f 3917/6/5705 3908/4/5758 3911/5/5703
f 3926/8/5707 3917/6/5705 3920/7/5706
f 3935/10/5709 3926/8/5707 3929/9/5708
f 3944/12/5711 3935/10/5709 3938/11/5710
f 3956/14/5713 3953/16/5714 3944/12/5711
f 3893/15/5702 3890/54/5701 3953/16/5714
f 3898/17/5715 3889/46/5730 3891/18/5716
f 3907/20/5718 3898/17/5715 3900/19/5717
f 3916/22/5720 3907/20/5718 3909/21/5719
f 3925/24/5722 3916/22/5720 3918/23/5721
f 3934/26/5724 3925/24/5722 3927/25/5723
f 3943/28/5726 3934/26/5724 3936/27/5725
f 3952/30/5728 3943/28/5726 3945/29/5727
f 3889/32/5730 3952/30/5728 3954/31/5729
f 3901/34/5731 3900/19/5735 3891/18/5732
f 3910/36/5734 3909/21/8637 3900/19/5735
f 3918/23/5736 3909/21/8637 3910/36/5734
f 3927/25/5738 3918/23/5736 3919/37/5737
f 3936/27/5740 3927/25/5738 3928/38/5739
f 3945/29/5742 3936/27/5740 3937/39/5741
f 3955/41/5744 3954/31/5745 3945/29/5742
f 3892/42/5733 3891/33/5732 3954/31/5745
f 3977/74/5746 3968/45/5748 3986/44/5747
f 3968/45/5748 4031/79/5748 4022/77/5748
f 4004/76/5746 4022/77/5748 4013/43/5746
f 3968/45/5748 4022/77/5748 4004/76/5746
f 4004/76/5746 3995/75/5748 3986/44/5747
f 3898/17/5749 3902/1/5700 3893/3/5702
f 3907/20/5751 3911/5/5703 3902/1/5700
f 3916/22/5752 3920/7/5706 3911/5/5703
f 3925/24/5753 3929/9/5708 3920/7/5706
f 3934/26/5754 3938/11/5710 3929/9/5708
f 3943/28/5755 3947/13/5712 3938/11/5710
f 3952/30/5756 3956/14/5713 3947/13/5712
f 3889/32/5750 3893/15/5702 3956/14/5713
f 3899/47/5704 3906/49/5759 3897/48/5757
f 3908/4/5758 3915/80/5800 3906/49/5759
f 3924/50/5760 3915/80/5800 3908/4/5758
f 3933/51/5761 3924/50/5760 3917/6/5705
f 3942/52/5762 3933/51/5761 3926/8/5707
f 3951/53/5763 3942/52/5762 3935/10/5709
f 3953/16/5714 3960/55/5764 3951/53/5763
f 3890/54/5701 3897/81/5757 3960/55/5764
f 3903/56/5765 3904/60/5769 3895/57/5766
f 3912/59/5768 3913/62/5771 3904/60/5769
f 3921/61/5770 3922/64/5773 3913/62/5771
f 3930/63/5772 3931/66/5775 3922/64/5773
f 3939/65/5774 3940/68/5777 3931/66/5775
f 3948/67/5776 3949/70/5779 3940/68/5777
f 3957/69/5778 3958/72/5780 3949/70/5779
f 3894/71/5767 3895/78/5766 3958/72/5780
f 3904/60/5781 3905/74/5785 3896/73/5782
f 3913/62/5784 3914/44/8638 3905/74/5785
f 3923/75/5786 3914/44/8638 3913/62/5784
f 3932/76/5788 3923/75/5786 3922/64/5787
f 3941/43/5790 3932/76/5788 3931/66/5789
f 3950/77/5792 3941/43/5790 3940/68/5791
f 3958/72/5794 3959/79/5795 3950/77/5792
f 3895/78/5783 3896/45/5782 3959/79/5795
f 3901/34/5796 3892/42/5796 3946/40/5796
f 3892/42/5796 3955/41/5796 3946/40/5796
f 3946/40/5796 3937/39/5796 3928/38/5796
f 3901/34/5796 3946/40/5796 3928/38/5796
f 3928/38/5796 3919/37/5796 3901/34/5796
f 3906/49/5759 3903/56/8639 3894/58/5798
f 3912/59/5799 3903/56/8639 3906/49/5759
f 3921/61/5801 3912/59/5799 3915/80/5800
f 3930/63/5802 3921/61/5801 3924/50/5760
f 3939/65/5803 3930/63/5802 3933/51/5761
f 3948/67/5804 3939/65/5803 3942/52/5762
f 3960/55/5764 3957/69/5805 3948/67/5804
f 3897/81/5757 3894/71/5798 3957/69/5805
f 3974/1/5806 3965/3/5821 3962/2/5807
f 3983/5/5809 3974/1/5806 3971/47/5808
f 3983/5/5809 3980/4/5810 3989/6/5811
f 3992/7/5812 3989/6/5811 3998/8/5813
f 4001/9/5814 3998/8/5813 4007/10/5815
f 4010/11/5816 4007/10/5815 4016/12/5817
f 4028/14/5819 4019/13/5818 4016/12/5817
f 3965/15/5821 4028/14/5819 4025/16/5820
f 3963/18/5822 3961/46/5837 3970/17/5823
f 3972/19/5824 3970/17/5823 3979/20/5825
f 3981/21/5826 3979/20/5825 3988/22/5827
f 3990/23/5828 3988/22/5827 3997/24/5829
f 3999/25/5830 3997/24/5829 4006/26/5831
f 4008/27/5832 4006/26/5831 4015/28/5833
f 4017/29/5834 4015/28/5833 4024/30/5835
f 4026/31/5836 4024/30/5835 3961/32/5837
f 3973/34/5838 3964/35/5853 3963/18/5839
f 3982/36/5841 3973/34/5838 3972/19/5840
f 3982/36/5841 3981/21/5842 3990/23/5843
f 3991/37/5844 3990/23/5843 3999/25/5845
f 4000/38/5846 3999/25/5845 4008/27/5847
f 4009/39/5848 4008/27/5847 4017/29/5849
f 4027/41/5851 4018/40/5850 4017/29/5849
f 3964/42/5853 4027/41/5851 4026/31/5852
f 3905/74/5854 3914/44/5854 3923/75/5855
f 3923/75/5855 3932/76/5855 3941/43/5855
f 3941/43/5855 3950/77/5855 3905/74/5854
f 3950/77/5855 3959/79/5854 3905/74/5854
f 3959/79/5854 3896/73/5854 3905/74/5854
f 3970/17/5856 3961/46/5863 3965/3/5821
f 3979/20/5857 3970/17/5856 3974/1/5806
f 3988/22/5858 3979/20/5857 3983/5/5809
f 3997/24/5859 3988/22/5858 3992/7/5812
f 4006/26/5860 3997/24/5859 4001/9/5814
f 4015/28/5861 4006/26/5860 4010/11/5816
f 4024/30/5862 4015/28/5861 4019/13/5818
f 3961/32/5863 4024/30/5862 4028/14/5819
f 3971/47/5808 3962/2/5807 3969/48/5864
f 3980/4/5810 3971/47/5808 3978/49/5865
f 3980/4/5810 3987/80/5866 3996/50/5867
f 3989/6/5811 3996/50/5867 4005/51/5868
f 3998/8/5813 4005/51/5868 4014/52/5869
f 4007/10/5815 4014/52/5869 4023/53/5870
f 4025/16/5820 4016/12/5817 4023/53/5870
f 3962/54/5807 4025/16/5820 4032/55/5871
f 3975/56/5872 3966/58/5887 3967/57/5873
f 3984/59/5875 3975/56/5872 3976/60/5874
f 3993/61/5877 3984/59/5875 3985/62/5876
f 4002/63/5879 3993/61/5877 3994/64/5878
f 4011/65/5881 4002/63/5879 4003/66/5880
f 4020/67/5883 4011/65/5881 4012/68/5882
f 4029/69/5885 4020/67/5883 4021/70/5884
f 3966/71/5887 4029/69/5885 4030/72/5886
f 3976/60/5888 3967/57/5903 3968/73/5889
f 3985/62/5891 3976/60/5888 3977/74/5890
f 3985/62/5891 3986/44/5892 3995/75/5893
f 3994/64/5894 3995/75/5893 4004/76/5895
f 4003/66/5896 4004/76/5895 4013/43/5897
f 4012/68/5898 4013/43/5897 4022/77/5899
f 4030/72/5901 4021/70/5900 4022/77/5899
f 3967/78/5903 4030/72/5901 4031/79/5902
f 4009/39/5904 4018/40/5904 4027/41/8640
f 4027/41/8640 3964/35/5904 4009/39/5904
f 3964/35/5904 3973/34/5904 4009/39/5904
f 3973/34/5904 3982/36/5904 4000/38/5904
f 3982/36/5904 3991/37/5904 4000/38/5904
f 3978/49/5865 3969/48/5864 3966/58/5905
f 3978/49/5865 3975/56/5906 3984/59/5907
f 3987/80/5866 3984/59/5907 3993/61/5908
f 3996/50/5867 3993/61/5908 4002/63/5909
f 4005/51/5868 4002/63/5909 4011/65/5910
f 4014/52/5869 4011/65/5910 4020/67/5911
f 4032/55/5871 4023/53/5870 4020/67/5911
f 3969/81/5864 4032/55/5871 4029/69/5912
f 4046/1/5913 4043/47/5917 4034/2/5914
f 4055/5/5916 4052/4/5970 4043/47/5917
f 4061/6/5918 4052/4/5970 4055/5/5916
f 4070/8/5920 4061/6/5918 4064/7/5919
f 4079/10/5922 4070/8/5920 4073/9/5921
f 4088/12/5924 4079/10/5922 4082/11/5923
f 4100/14/5926 4097/16/5927 4088/12/5924
f 4037/15/5915 4034/54/5914 4097/16/5927
f 4042/17/5928 4033/46/5943 4035/18/5929
f 4051/20/5931 4042/17/5928 4044/19/5930
f 4060/22/5933 4051/20/5931 4053/21/5932
f 4069/24/5935 4060/22/5933 4062/23/5934
f 4078/26/5937 4069/24/5935 4071/25/5936
f 4087/28/5939 4078/26/5937 4080/27/5938
f 4096/30/5941 4087/28/5939 4089/29/5940
f 4033/32/5943 4096/30/5941 4098/31/5942
f 4045/34/5944 4044/19/5948 4035/18/5945
f 4054/36/5947 4053/21/8641 4044/19/5948
f 4062/23/5949 4053/21/8641 4054/36/5947
f 4071/25/5951 4062/23/5949 4063/37/5950
f 4080/27/5953 4071/25/5951 4072/38/5952
f 4089/29/5955 4080/27/5953 4081/39/5954
f 4099/41/5957 4098/31/5958 4089/29/5955
f 4036/42/5946 4035/33/5945 4098/31/5958
f 4121/74/5960 4112/45/5960 4157/43/5959
f 4112/45/5960 4175/79/5959 4157/43/5959
f 4175/79/5959 4166/77/5959 4157/43/5959
f 4157/43/5959 4148/76/5959 4139/75/5959
f 4139/75/5959 4130/44/5960 4121/74/5960
f 4042/17/5961 4046/1/5913 4037/3/5915
f 4051/20/5963 4055/5/5916 4046/1/5913
f 4060/22/5964 4064/7/5919 4055/5/5916
f 4069/24/5965 4073/9/5921 4064/7/5919
f 4078/26/5966 4082/11/5923 4073/9/5921
f 4087/28/5967 4091/13/5925 4082/11/5923
f 4096/30/5968 4100/14/5926 4091/13/5925
f 4033/32/5962 4037/15/5915 4100/14/5926
f 4043/47/5917 4050/49/5971 4041/48/5969
f 4052/4/5970 4059/80/6011 4050/49/5971
f 4068/50/5972 4059/80/6011 4052/4/5970
f 4077/51/5973 4068/50/5972 4061/6/5918
f 4086/52/5974 4077/51/5973 4070/8/5920
f 4095/53/5975 4086/52/5974 4079/10/5922
f 4097/16/5927 4104/55/5976 4095/53/5975
f 4034/54/5914 4041/81/5969 4104/55/5976
f 4047/56/5977 4048/60/5981 4039/57/5978
f 4056/59/5980 4057/62/5983 4048/60/5981
f 4065/61/5982 4066/64/5985 4057/62/5983
f 4074/63/5984 4075/66/5987 4066/64/5985
f 4083/65/5986 4084/68/5989 4075/66/5987
f 4092/67/5988 4093/70/5991 4084/68/5989
f 4101/69/5990 4102/72/5992 4093/70/5991
f 4038/71/5979 4039/78/5978 4102/72/5992
f 4048/60/5993 4049/74/5997 4040/73/5994
f 4057/62/5996 4058/44/8642 4049/74/5997
f 4067/75/5998 4058/44/8642 4057/62/5996
f 4076/76/6000 4067/75/5998 4066/64/5999
f 4085/43/6002 4076/76/6000 4075/66/6001
f 4094/77/6004 4085/43/6002 4084/68/6003
f 4102/72/6006 4103/79/6007 4094/77/6004
f 4039/78/5995 4040/45/5994 4103/79/6007
f 4045/34/6008 4036/42/6008 4054/36/6008
f 4036/42/6008 4099/41/6008 4081/39/6008
f 4099/41/6008 4090/40/6008 4081/39/6008
f 4081/39/6008 4072/38/6008 4063/37/6008
f 4063/37/6008 4054/36/6008 4081/39/6008
f 4050/49/5971 4047/56/8643 4038/58/6009
f 4056/59/6010 4047/56/8643 4050/49/5971
f 4065/61/6012 4056/59/6010 4059/80/6011
f 4074/63/6013 4065/61/6012 4068/50/5972
f 4083/65/6014 4074/63/6013 4077/51/5973
f 4092/67/6015 4083/65/6014 4086/52/5974
f 4104/55/5976 4101/69/6016 4092/67/6015
f 4041/81/5969 4038/71/6009 4101/69/6016
f 4118/1/6017 4109/3/6032 4106/2/6018
f 4127/5/6020 4118/1/6017 4115/47/6019
f 4127/5/6020 4124/4/6021 4133/6/6022
f 4136/7/6023 4133/6/6022 4142/8/6024
f 4145/9/6025 4142/8/6024 4151/10/6026
f 4154/11/6027 4151/10/6026 4160/12/6028
f 4172/14/6030 4163/13/6029 4160/12/6028
f 4109/15/6032 4172/14/6030 4169/16/6031
f 4107/18/6033 4105/46/6048 4114/17/6034
f 4116/19/6035 4114/17/6034 4123/20/6036
f 4125/21/6037 4123/20/6036 4132/22/6038
f 4134/23/6039 4132/22/6038 4141/24/6040
f 4143/25/6041 4141/24/6040 4150/26/6042
f 4152/27/6043 4150/26/6042 4159/28/6044
f 4161/29/6045 4159/28/6044 4168/30/6046
f 4170/31/6047 4168/30/6046 4105/32/6048
f 4117/34/6049 4108/35/6064 4107/18/6050
f 4126/36/6052 4117/34/6049 4116/19/6051
f 4126/36/6052 4125/21/6053 4134/23/6054
f 4135/37/6055 4134/23/6054 4143/25/6056
f 4144/38/6057 4143/25/6056 4152/27/6058
f 4153/39/6059 4152/27/6058 4161/29/6060
f 4171/41/6062 4162/40/6061 4161/29/6060
f 4108/42/6064 4171/41/6062 4170/31/6063
f 4049/74/8644 4058/44/8645 4067/75/6065
f 4067/75/6065 4076/76/6065 4085/43/6065
f 4085/43/6065 4094/77/6065 4103/79/6065
f 4103/79/6065 4040/73/8645 4049/74/8644
f 4049/74/8644 4067/75/6065 4103/79/6065
f 4114/17/6066 4105/46/6073 4109/3/6032
f 4123/20/6067 4114/17/6066 4118/1/6017
f 4132/22/6068 4123/20/6067 4127/5/6020
f 4141/24/6069 4132/22/6068 4136/7/6023
f 4150/26/6070 4141/24/6069 4145/9/6025
f 4159/28/6071 4150/26/6070 4154/11/6027
f 4168/30/6072 4159/28/6071 4163/13/6029
f 4105/32/6073 4168/30/6072 4172/14/6030
f 4115/47/6019 4106/2/6018 4113/48/6074
f 4124/4/6021 4115/47/6019 4122/49/6075
f 4124/4/6021 4131/80/6076 4140/50/6077
f 4133/6/6022 4140/50/6077 4149/51/6078
f 4142/8/6024 4149/51/6078 4158/52/6079
f 4151/10/6026 4158/52/6079 4167/53/6080
f 4169/16/6031 4160/12/6028 4167/53/6080
f 4106/54/6018 4169/16/6031 4176/55/6081
f 4119/56/6082 4110/58/6097 4111/57/6083
f 4128/59/6085 4119/56/6082 4120/60/6084
f 4137/61/6087 4128/59/6085 4129/62/6086
f 4146/63/6089 4137/61/6087 4138/64/6088
f 4155/65/6091 4146/63/6089 4147/66/6090
f 4164/67/6093 4155/65/6091 4156/68/6092
f 4173/69/6095 4164/67/6093 4165/70/6094
f 4110/71/6097 4173/69/6095 4174/72/6096
f 4120/60/6098 4111/57/6113 4112/73/6099
f 4129/62/6101 4120/60/6098 4121/74/6100
f 4129/62/6101 4130/44/6102 4139/75/6103
f 4138/64/6104 4139/75/6103 4148/76/6105
f 4147/66/6106 4148/76/6105 4157/43/6107
f 4156/68/6108 4157/43/6107 4166/77/6109
f 4174/72/6111 4165/70/6110 4166/77/6109
f 4111/78/6113 4174/72/6111 4175/79/6112
f 4153/39/6114 4162/40/6114 4171/41/6114
f 4171/41/6114 4108/35/6114 4117/34/6114
f 4117/34/6114 4126/36/6114 4135/37/6114
f 4135/37/6114 4144/38/6114 4153/39/6114
f 4153/39/6114 4171/41/6114 4117/34/6114
f 4122/49/6075 4113/48/6074 4110/58/6115
f 4122/49/6075 4119/56/6116 4128/59/6117
f 4131/80/6076 4128/59/6117 4137/61/6118
f 4140/50/6077 4137/61/6118 4146/63/6119
f 4149/51/6078 4146/63/6119 4155/65/6120
f 4158/52/6079 4155/65/6120 4164/67/6121
f 4176/55/6081 4167/53/6080 4164/67/6121
f 4113/81/6074 4176/55/6081 4173/69/6122
f 4190/1/6123 4187/47/6127 4178/2/6124
f 4199/5/6126 4196/4/6179 4187/47/6127
f 4205/6/6128 4196/4/6179 4199/5/6126
f 4214/8/6130 4205/6/6128 4208/7/6129
f 4223/10/6132 4214/8/6130 4217/9/6131
f 4232/12/6134 4223/10/6132 4226/11/6133
f 4244/14/6136 4241/16/6137 4232/12/6134
f 4181/15/6125 4178/54/6124 4241/16/6137
f 4186/17/6138 4177/46/6153 4179/18/6139
f 4195/20/6141 4186/17/6138 4188/19/6140
f 4204/22/6143 4195/20/6141 4197/21/6142
f 4213/24/6145 4204/22/6143 4206/23/6144
f 4222/26/6147 4213/24/6145 4215/25/6146
f 4231/28/6149 4222/26/6147 4224/27/6148
f 4240/30/6151 4231/28/6149 4233/29/6150
f 4177/32/6153 4240/30/6151 4242/31/6152
f 4189/34/6154 4188/19/6158 4179/18/6155
f 4198/36/6157 4197/21/8646 4188/19/6158
f 4206/23/6159 4197/21/8646 4198/36/6157
f 4215/25/6161 4206/23/6159 4207/37/6160
f 4224/27/6163 4215/25/6161 4216/38/6162
f 4233/29/6165 4224/27/6163 4225/39/6164
f 4243/41/6167 4242/31/6168 4233/29/6165
f 4180/42/6156 4179/33/6155 4242/31/6168
f 4265/74/6169 4256/45/6169 4319/79/6169
f 4319/79/6169 4310/77/6169 4292/76/8647
f 4310/77/6169 4301/43/8647 4292/76/8647
f 4292/76/8647 4283/75/8647 4319/79/6169
f 4283/75/8647 4274/44/6169 4319/79/6169
f 4186/17/6170 4190/1/6123 4181/3/6125
f 4195/20/6172 4199/5/6126 4190/1/6123
f 4204/22/6173 4208/7/6129 4199/5/6126
f 4213/24/6174 4217/9/6131 4208/7/6129
f 4222/26/6175 4226/11/6133 4217/9/6131
f 4231/28/6176 4235/13/6135 4226/11/6133
f 4240/30/6177 4244/14/6136 4235/13/6135
f 4177/32/6171 4181/15/6125 4244/14/6136
f 4187/47/6127 4194/49/6180 4185/48/6178
f 4196/4/6179 4203/80/6220 4194/49/6180
f 4212/50/6181 4203/80/6220 4196/4/6179
f 4221/51/6182 4212/50/6181 4205/6/6128
f 4230/52/6183 4221/51/6182 4214/8/6130
f 4239/53/6184 4230/52/6183 4223/10/6132
f 4241/16/6137 4248/55/6185 4239/53/6184
f 4178/54/6124 4185/81/6178 4248/55/6185
f 4191/56/6186 4192/60/6190 4183/57/6187
f 4200/59/6189 4201/62/6192 4192/60/6190
f 4209/61/6191 4210/64/6194 4201/62/6192
f 4218/63/6193 4219/66/6196 4210/64/6194
f 4227/65/6195 4228/68/6198 4219/66/6196
f 4236/67/6197 4237/70/6200 4228/68/6198
f 4245/69/6199 4246/72/6201 4237/70/6200
f 4182/71/6188 4183/78/6187 4246/72/6201
f 4192/60/6202 4193/74/6206 4184/73/6203
f 4201/62/6205 4202/44/8648 4193/74/6206
f 4211/75/6207 4202/44/8648 4201/62/6205
f 4220/76/6209 4211/75/6207 4210/64/6208
f 4229/43/6211 4220/76/6209 4219/66/6210
f 4238/77/6213 4229/43/6211 4228/68/6212
f 4246/72/6215 4247/79/6216 4238/77/6213
f 4183/78/6204 4184/45/6203 4247/79/6216
f 4189/34/6217 4180/42/6217 4243/41/6217
f 4243/41/6217 4234/40/6217 4225/39/6217
f 4225/39/6217 4216/38/6217 4207/37/6217
f 4207/37/6217 4198/36/6217 4189/34/6217
f 4189/34/6217 4243/41/6217 4207/37/6217
f 4194/49/6180 4191/56/8649 4182/58/6218
f 4200/59/6219 4191/56/8649 4194/49/6180
f 4209/61/6221 4200/59/6219 4203/80/6220
f 4218/63/6222 4209/61/6221 4212/50/6181
f 4227/65/6223 4218/63/6222 4221/51/6182
f 4236/67/6224 4227/65/6223 4230/52/6183
f 4248/55/6185 4245/69/6225 4236/67/6224
f 4185/81/6178 4182/71/6218 4245/69/6225
f 4262/1/6226 4253/3/6241 4250/2/6227
f 4271/5/6229 4262/1/6226 4259/47/6228
f 4271/5/6229 4268/4/6230 4277/6/6231
f 4280/7/6232 4277/6/6231 4286/8/6233
f 4289/9/6234 4286/8/6233 4295/10/6235
f 4298/11/6236 4295/10/6235 4304/12/6237
f 4316/14/6239 4307/13/6238 4304/12/6237
f 4253/15/6241 4316/14/6239 4313/16/6240
f 4251/18/6242 4249/46/6257 4258/17/6243
f 4260/19/6244 4258/17/6243 4267/20/6245
f 4269/21/6246 4267/20/6245 4276/22/6247
f 4278/23/6248 4276/22/6247 4285/24/6249
f 4287/25/6250 4285/24/6249 4294/26/6251
f 4296/27/6252 4294/26/6251 4303/28/6253
f 4305/29/6254 4303/28/6253 4312/30/6255
f 4314/31/6256 4312/30/6255 4249/32/6257
f 4261/34/6258 4252/35/6273 4251/18/6259
f 4270/36/6261 4261/34/6258 4260/19/6260
f 4270/36/6261 4269/21/6262 4278/23/6263
f 4279/37/6264 4278/23/6263 4287/25/6265
f 4288/38/6266 4287/25/6265 4296/27/6267
f 4297/39/6268 4296/27/6267 4305/29/6269
f 4315/41/6271 4306/40/6270 4305/29/6269
f 4252/42/6273 4315/41/6271 4314/31/6272
f 4193/74/6275 4202/44/6274 4184/73/6275
f 4202/44/6274 4211/75/6274 4229/43/6274
f 4211/75/6274 4220/76/6275 4229/43/6274
f 4229/43/6274 4238/77/6274 4247/79/6275
f 4247/79/6275 4184/73/6275 4229/43/6274
f 4258/17/6276 4249/46/6283 4253/3/6241
f 4267/20/6277 4258/17/6276 4262/1/6226
f 4276/22/6278 4267/20/6277 4271/5/6229
f 4285/24/6279 4276/22/6278 4280/7/6232
f 4294/26/6280 4285/24/6279 4289/9/6234
f 4303/28/6281 4294/26/6280 4298/11/6236
f 4312/30/6282 4303/28/6281 4307/13/6238
f 4249/32/6283 4312/30/6282 4316/14/6239
f 4259/47/6228 4250/2/6227 4257/48/6284
f 4268/4/6230 4259/47/6228 4266/49/6285
f 4268/4/6230 4275/80/6286 4284/50/6287
f 4277/6/6231 4284/50/6287 4293/51/6288
f 4286/8/6233 4293/51/6288 4302/52/6289
f 4295/10/6235 4302/52/6289 4311/53/6290
f 4313/16/6240 4304/12/6237 4311/53/6290
f 4250/54/6227 4313/16/6240 4320/55/6291
f 4263/56/6292 4254/58/6307 4255/57/6293
f 4272/59/6295 4263/56/6292 4264/60/6294
f 4281/61/6297 4272/59/6295 4273/62/6296
f 4290/63/6299 4281/61/6297 4282/64/6298
f 4299/65/6301 4290/63/6299 4291/66/6300
f 4308/67/6303 4299/65/6301 4300/68/6302
f 4317/69/6305 4308/67/6303 4309/70/6304
f 4254/71/6307 4317/69/6305 4318/72/6306
f 4264/60/6308 4255/57/6323 4256/73/6309
f 4273/62/6311 4264/60/6308 4265/74/6310
f 4273/62/6311 4274/44/6312 4283/75/6313
f 4282/64/6314 4283/75/6313 4292/76/6315
f 4291/66/6316 4292/76/6315 4301/43/6317
f 4300/68/6318 4301/43/6317 4310/77/6319
f 4318/72/6321 4309/70/6320 4310/77/6319
f 4255/78/6323 4318/72/6321 4319/79/6322
f 4297/39/6324 4306/40/6324 4252/35/6324
f 4306/40/6324 4315/41/6324 4252/35/6324
f 4252/35/6324 4261/34/6324 4297/39/6324
f 4261/34/6324 4270/36/6324 4288/38/6324
f 4270/36/6324 4279/37/6324 4288/38/6324
f 4266/49/6285 4257/48/6284 4254/58/6325
f 4266/49/6285 4263/56/6326 4272/59/6327
f 4275/80/6286 4272/59/6327 4281/61/6328
f 4284/50/6287 4281/61/6328 4290/63/6329
f 4293/51/6288 4290/63/6329 4299/65/6330
f 4302/52/6289 4299/65/6330 4308/67/6331
f 4320/55/6291 4311/53/6290 4308/67/6331
f 4257/81/6284 4320/55/6291 4317/69/6332
f 4334/1/6333 4331/47/6337 4322/2/6334
f 4343/5/6336 4340/4/6391 4331/47/6337
f 4349/6/6338 4340/4/6391 4343/5/6336
f 4358/8/6340 4349/6/6338 4352/7/6339
f 4367/10/6342 4358/8/6340 4361/9/6341
f 4376/12/6344 4367/10/6342 4370/11/6343
f 4388/14/6346 4385/16/6347 4376/12/6344
f 4325/15/6335 4322/54/6334 4385/16/6347
f 4330/17/6348 4321/46/6363 4323/18/6349
f 4339/20/6351 4330/17/6348 4332/19/6350
f 4348/22/6353 4339/20/6351 4341/21/6352
f 4357/24/6355 4348/22/6353 4350/23/6354
f 4366/26/6357 4357/24/6355 4359/25/6356
f 4375/28/6359 4366/26/6357 4368/27/6358
f 4384/30/6361 4375/28/6359 4377/29/6360
f 4321/32/6363 4384/30/6361 4386/31/6362
f 4333/34/6364 4332/19/6368 4323/18/6365
f 4342/36/6367 4341/21/8650 4332/19/6368
f 4350/23/6369 4341/21/8650 4342/36/6367
f 4359/25/6371 4350/23/6369 4351/37/6370
f 4368/27/6373 4359/25/6371 4360/38/6372
f 4377/29/6375 4368/27/6373 4369/39/6374
f 4387/41/6377 4386/31/6378 4377/29/6375
f 4324/42/6366 4323/33/6365 4386/31/6378
f 4409/74/6379 4400/45/8651 4463/79/6380
f 4463/79/6380 4454/77/8652 4436/76/6381
f 4454/77/8652 4445/43/8651 4436/76/6381
f 4436/76/6381 4427/75/6381 4409/74/6379
f 4427/75/6381 4418/44/6381 4409/74/6379
f 4330/17/6382 4334/1/6333 4325/3/6335
f 4339/20/6384 4343/5/6336 4334/1/6333
f 4348/22/6385 4352/7/6339 4343/5/6336
f 4357/24/6386 4361/9/6341 4352/7/6339
f 4366/26/6387 4370/11/6343 4361/9/6341
f 4375/28/6388 4379/13/6345 4370/11/6343
f 4384/30/6389 4388/14/6346 4379/13/6345
f 4321/32/6383 4325/15/6335 4388/14/6346
f 4331/47/6337 4338/49/6392 4329/48/6390
f 4340/4/6391 4347/80/6432 4338/49/6392
f 4356/50/6393 4347/80/6432 4340/4/6391
f 4365/51/6394 4356/50/6393 4349/6/6338
f 4374/52/6395 4365/51/6394 4358/8/6340
f 4383/53/6396 4374/52/6395 4367/10/6342
f 4385/16/6347 4392/55/6397 4383/53/6396
f 4322/54/6334 4329/81/6390 4392/55/6397
f 4335/56/6398 4336/60/6402 4327/57/6399
f 4344/59/6401 4345/62/6404 4336/60/6402
f 4353/61/6403 4354/64/6406 4345/62/6404
f 4362/63/6405 4363/66/6408 4354/64/6406
f 4371/65/6407 4372/68/6410 4363/66/6408
f 4380/67/6409 4381/70/6412 4372/68/6410
f 4389/69/6411 4390/72/6413 4381/70/6412
f 4326/71/6400 4327/78/6399 4390/72/6413
f 4336/60/6414 4337/74/6418 4328/73/6415
f 4345/62/6417 4346/44/8653 4337/74/6418
f 4355/75/6419 4346/44/8653 4345/62/6417
f 4364/76/6421 4355/75/6419 4354/64/6420
f 4373/43/6423 4364/76/6421 4363/66/6422
f 4382/77/6425 4373/43/6423 4372/68/6424
f 4390/72/6427 4391/79/6428 4382/77/6425
f 4327/78/6416 4328/45/6415 4391/79/6428
f 4333/34/8654 4324/42/6429 4342/36/6429
f 4324/42/6429 4387/41/6429 4378/40/6429
f 4369/39/6429 4324/42/6429 4378/40/6429
f 4369/39/6429 4360/38/8654 4351/37/6429
f 4351/37/6429 4342/36/6429 4369/39/6429
f 4338/49/6392 4335/56/8655 4326/58/6430
f 4344/59/6431 4335/56/8655 4338/49/6392
f 4353/61/6433 4344/59/6431 4347/80/6432
f 4362/63/6434 4353/61/6433 4356/50/6393
f 4371/65/6435 4362/63/6434 4365/51/6394
f 4380/67/6436 4371/65/6435 4374/52/6395
f 4392/55/6397 4389/69/6437 4380/67/6436
f 4329/81/6390 4326/71/6430 4389/69/6437
f 4406/1/6438 4397/3/6453 4394/2/6439
f 4415/5/6441 4406/1/6438 4403/47/6440
f 4415/5/6441 4412/4/6442 4421/6/6443
f 4424/7/6444 4421/6/6443 4430/8/6445
f 4433/9/6446 4430/8/6445 4439/10/6447
f 4442/11/6448 4439/10/6447 4448/12/6449
f 4460/14/6451 4451/13/6450 4448/12/6449
f 4397/15/6453 4460/14/6451 4457/16/6452
f 4395/18/6454 4393/46/6469 4402/17/6455
f 4404/19/6456 4402/17/6455 4411/20/6457
f 4413/21/6458 4411/20/6457 4420/22/6459
f 4422/23/6460 4420/22/6459 4429/24/6461
f 4431/25/6462 4429/24/6461 4438/26/6463
f 4440/27/6464 4438/26/6463 4447/28/6465
f 4449/29/6466 4447/28/6465 4456/30/6467
f 4458/31/6468 4456/30/6467 4393/32/6469
f 4405/34/6470 4396/35/6485 4395/18/6471
f 4414/36/6473 4405/34/6470 4404/19/6472
f 4414/36/6473 4413/21/6474 4422/23/6475
f 4423/37/6476 4422/23/6475 4431/25/6477
f 4432/38/6478 4431/25/6477 4440/27/6479
f 4441/39/6480 4440/27/6479 4449/29/6481
f 4459/41/6483 4450/40/6482 4449/29/6481
f 4396/42/6485 4459/41/6483 4458/31/6484
f 4337/74/6487 4346/44/6487 4355/75/6486
f 4355/75/6486 4364/76/6486 4337/74/6487
f 4364/76/6486 4373/43/6486 4337/74/6487
f 4373/43/6486 4382/77/6487 4337/74/6487
f 4382/77/6487 4391/79/6486 4337/74/6487
f 4402/17/6488 4393/46/6495 4397/3/6453
f 4411/20/6489 4402/17/6488 4406/1/6438
f 4420/22/6490 4411/20/6489 4415/5/6441
f 4429/24/6491 4420/22/6490 4424/7/6444
f 4438/26/6492 4429/24/6491 4433/9/6446
f 4447/28/6493 4438/26/6492 4442/11/6448
f 4456/30/6494 4447/28/6493 4451/13/6450
f 4393/32/6495 4456/30/6494 4460/14/6451
f 4403/47/6440 4394/2/6439 4401/48/6496
f 4412/4/6442 4403/47/6440 4410/49/6497
f 4412/4/6442 4419/80/6498 4428/50/6499
f 4421/6/6443 4428/50/6499 4437/51/6500
f 4430/8/6445 4437/51/6500 4446/52/6501
f 4439/10/6447 4446/52/6501 4455/53/6502
f 4457/16/6452 4448/12/6449 4455/53/6502
f 4394/54/6439 4457/16/6452 4464/55/6503
f 4407/56/6504 4398/58/6519 4399/57/6505
f 4416/59/6507 4407/56/6504 4408/60/6506
f 4425/61/6509 4416/59/6507 4417/62/6508
f 4434/63/6511 4425/61/6509 4426/64/6510
f 4443/65/6513 4434/63/6511 4435/66/6512
f 4452/67/6515 4443/65/6513 4444/68/6514
f 4461/69/6517 4452/67/6515 4453/70/6516
f 4398/71/6519 4461/69/6517 4462/72/6518
f 4408/60/6520 4399/57/6535 4400/73/6521
f 4417/62/6523 4408/60/6520 4409/74/6522
f 4417/62/6523 4418/44/6524 4427/75/6525
f 4426/64/6526 4427/75/6525 4436/76/6527
f 4435/66/6528 4436/76/6527 4445/43/6529
f 4444/68/6530 4445/43/6529 4454/77/6531
f 4462/72/6533 4453/70/6532 4454/77/6531
f 4399/78/6535 4462/72/6533 4463/79/6534
f 4441/39/6536 4450/40/8656 4459/41/6536
f 4459/41/6536 4396/35/6536 4441/39/6536
f 4396/35/6536 4405/34/6536 4441/39/6536
f 4405/34/6536 4414/36/6536 4441/39/6536
f 4414/36/6536 4423/37/6536 4441/39/6536
f 4410/49/6497 4401/48/6496 4398/58/6537
f 4410/49/6497 4407/56/6538 4416/59/6539
f 4419/80/6498 4416/59/6539 4425/61/6540
f 4428/50/6499 4425/61/6540 4434/63/6541
f 4437/51/6500 4434/63/6541 4443/65/6542
f 4446/52/6501 4443/65/6542 4452/67/6543
f 4464/55/6503 4455/53/6502 4452/67/6543
f 4401/81/6496 4464/55/6503 4461/69/6544
f 4478/1/6545 4475/47/6549 4466/2/6546
f 4487/5/6548 4484/4/6601 4475/47/6549
f 4493/6/6550 4484/4/6601 4487/5/6548
f 4502/8/6552 4493/6/6550 4496/7/6551
f 4511/10/6554 4502/8/6552 4505/9/6553
f 4520/12/6556 4511/10/6554 4514/11/6555
f 4532/14/6558 4529/16/6559 4520/12/6556
f 4469/15/6547 4466/54/6546 4529/16/6559
f 4474/17/6560 4465/46/6574 4467/18/6561
f 4483/20/6563 4474/17/6560 4476/19/6562
f 4492/22/6565 4483/20/6563 4485/21/6564
f 4501/24/6567 4492/22/6565 4494/23/6566
f 4510/26/6569 4501/24/6567 4503/25/6568
f 4519/28/6570 4510/26/6569 4512/27/1402
f 4528/30/6572 4519/28/6570 4521/29/6571
f 4465/32/6574 4528/30/6572 4530/31/6573
f 4477/34/6575 4476/19/6579 4467/18/6576
f 4486/36/6578 4485/21/8657 4476/19/6579
f 4494/23/6580 4485/21/8657 4486/36/6578
f 4503/25/6582 4494/23/6580 4495/37/6581
f 4512/27/6584 4503/25/6582 4504/38/6583
f 4521/29/6586 4512/27/6584 4513/39/6585
f 4531/41/6588 4530/31/6589 4521/29/6586
f 4468/42/6577 4467/33/6576 4530/31/6589
f 4553/74/6590 4544/45/6590 4607/79/6591
f 4607/79/6591 4598/77/6591 4580/76/6591
f 4598/77/6591 4589/43/6590 4580/76/6591
f 4580/76/6591 4571/75/8658 4562/44/8658
f 4553/74/6590 4580/76/6591 4562/44/8658
f 4474/17/6592 4478/1/6545 4469/3/6547
f 4483/20/6594 4487/5/6548 4478/1/6545
f 4492/22/6595 4496/7/6551 4487/5/6548
f 4501/24/6596 4505/9/6553 4496/7/6551
f 4510/26/6597 4514/11/6555 4505/9/6553
f 4519/28/6598 4523/13/6557 4514/11/6555
f 4528/30/6599 4532/14/6558 4523/13/6557
f 4465/32/6593 4469/15/6547 4532/14/6558
f 4475/47/6549 4482/49/6602 4473/48/6600
f 4484/4/6601 4491/80/6642 4482/49/6602
f 4500/50/6603 4491/80/6642 4484/4/6601
f 4509/51/6604 4500/50/6603 4493/6/6550
f 4518/52/6605 4509/51/6604 4502/8/6552
f 4527/53/6606 4518/52/6605 4511/10/6554
f 4529/16/6559 4536/55/6607 4527/53/6606
f 4466/54/6546 4473/81/6600 4536/55/6607
f 4479/56/6608 4480/60/6612 4471/57/6609
f 4488/59/6611 4489/62/6614 4480/60/6612
f 4497/61/6613 4498/64/6616 4489/62/6614
f 4506/63/6615 4507/66/6618 4498/64/6616
f 4515/65/6617 4516/68/6620 4507/66/6618
f 4524/67/6619 4525/70/6622 4516/68/6620
f 4533/69/6621 4534/72/6623 4525/70/6622
f 4470/71/6610 4471/78/6609 4534/72/6623
f 4480/60/6624 4481/74/6628 4472/73/6625
f 4489/62/6627 4490/44/8659 4481/74/6628
f 4499/75/6629 4490/44/8659 4489/62/6627
f 4508/76/6631 4499/75/6629 4498/64/6630
f 4517/43/6633 4508/76/6631 4507/66/6632
f 4526/77/6635 4517/43/6633 4516/68/6634
f 4534/72/6637 4535/79/6638 4526/77/6635
f 4471/78/6626 4472/45/6625 4535/79/6638
f 4477/34/6639 4468/42/8660 4531/41/6639
f 4531/41/6639 4522/40/8661 4513/39/6639
f 4513/39/6639 4504/38/8660 4495/37/6639
f 4495/37/6639 4486/36/6639 4477/34/6639
f 4477/34/6639 4531/41/6639 4495/37/6639
f 4482/49/6602 4479/56/8662 4470/58/6640
f 4488/59/6641 4479/56/8662 4482/49/6602
f 4497/61/6643 4488/59/6641 4491/80/6642
f 4506/63/6644 4497/61/6643 4500/50/6603
f 4515/65/6645 4506/63/6644 4509/51/6604
f 4524/67/6646 4515/65/6645 4518/52/6605
f 4536/55/6607 4533/69/6647 4524/67/6646
f 4473/81/6600 4470/71/6640 4533/69/6647
f 4550/1/6648 4541/3/6663 4538/2/6649
f 4559/5/6651 4550/1/6648 4547/47/6650
f 4559/5/6651 4556/4/6652 4565/6/6653
f 4568/7/6654 4565/6/6653 4574/8/6655
f 4577/9/6656 4574/8/6655 4583/10/6657
f 4595/13/6659 4586/11/6658 4583/10/6657
f 4604/14/6661 4595/13/6659 4592/12/6660
f 4541/15/6663 4604/14/6661 4601/16/6662
f 4539/18/6664 4537/46/6679 4546/17/6665
f 4548/19/6666 4546/17/6665 4555/20/6667
f 4557/21/6668 4555/20/6667 4564/22/6669
f 4566/23/6670 4564/22/6669 4573/24/6671
f 4575/25/6672 4573/24/6671 4582/26/6673
f 4584/27/6674 4582/26/6673 4591/28/6675
f 4593/29/6676 4591/28/6675 4600/30/6677
f 4602/31/6678 4600/30/6677 4537/32/6679
f 4549/34/6680 4540/35/6695 4539/18/6681
f 4558/36/6683 4549/34/6680 4548/19/6682
f 4558/36/6683 4557/21/6684 4566/23/6685
f 4567/37/6686 4566/23/6685 4575/25/6687
f 4576/38/6688 4575/25/6687 4584/27/6689
f 4585/39/6690 4584/27/6689 4593/29/6691
f 4603/41/6693 4594/40/6692 4593/29/6691
f 4540/42/6695 4603/41/6693 4602/31/6694
f 4481/74/6698 4490/44/6698 4508/76/6698
f 4490/44/6698 4499/75/6698 4508/76/6698
f 4508/76/6698 4517/43/6698 4526/77/6696
f 4481/74/6698 4508/76/6698 4535/79/6696
f 4526/77/6696 4535/79/6696 4508/76/6698
f 4546/17/6699 4537/46/6706 4541/3/6663
f 4555/20/6700 4546/17/6699 4550/1/6648
f 4564/22/6701 4555/20/6700 4559/5/6651
f 4573/24/6702 4564/22/6701 4568/7/6654
f 4582/26/6703 4573/24/6702 4577/9/6656
f 4591/28/6704 4582/26/6703 4586/11/6658
f 4600/30/6705 4591/28/6704 4595/13/6659
f 4537/32/6706 4600/30/6705 4604/14/6661
f 4547/47/6650 4538/2/6649 4545/48/6707
f 4556/4/6652 4547/47/6650 4554/49/6708
f 4556/4/6652 4563/80/6709 4572/50/6710
f 4565/6/6653 4572/50/6710 4581/51/6711
f 4574/8/6655 4581/51/6711 4590/52/6712
f 4583/10/6657 4590/52/6712 4599/53/6713
f 4601/16/6662 4592/12/6660 4599/53/6713
f 4538/54/6649 4601/16/6662 4608/55/6714
f 4551/56/6715 4542/58/6730 4543/57/6716
f 4560/59/6718 4551/56/6715 4552/60/6717
f 4569/61/6720 4560/59/6718 4561/62/6719
f 4578/63/6722 4569/61/6720 4570/64/6721
f 4587/65/6724 4578/63/6722 4579/66/6723
f 4596/67/6726 4587/65/6724 4588/68/6725
f 4605/69/6728 4596/67/6726 4597/70/6727
f 4542/71/6730 4605/69/6728 4606/72/6729
f 4552/60/6731 4543/57/6746 4544/73/6732
f 4561/62/6734 4552/60/6731 4553/74/6733
f 4561/62/6734 4562/44/6735 4571/75/6736
f 4570/64/6737 4571/75/6736 4580/76/6738
f 4579/66/6739 4580/76/6738 4589/43/6740
f 4588/68/6741 4589/43/6740 4598/77/6742
f 4606/72/6744 4597/70/6743 4598/77/6742
f 4543/78/6746 4606/72/6744 4607/79/6745
f 4585/39/6747 4594/40/6747 4576/38/6748
f 4594/40/6747 4603/41/8663 4549/34/6747
f 4603/41/8663 4540/35/8663 4549/34/6747
f 4549/34/6747 4558/36/6748 4576/38/6748
f 4558/36/6748 4567/37/8664 4576/38/6748
f 4554/49/6708 4545/48/6707 4542/58/6749
f 4554/49/6708 4551/56/6750 4560/59/6751
f 4563/80/6709 4560/59/6751 4569/61/6752
f 4572/50/6710 4569/61/6752 4578/63/6753
f 4581/51/6711 4578/63/6753 4587/65/6754
f 4590/52/6712 4587/65/6754 4596/67/6755
f 4608/55/6714 4599/53/6713 4596/67/6755
f 4545/81/6707 4608/55/6714 4605/69/6756
f 4622/1/6757 4619/47/6761 4610/2/6758
f 4631/5/6760 4628/4/6814 4619/47/6761
f 4637/6/6762 4628/4/6814 4631/5/6760
f 4646/8/6764 4637/6/6762 4640/7/6763
f 4655/10/6766 4646/8/6764 4649/9/6765
f 4664/12/6768 4655/10/6766 4658/11/6767
f 4676/14/6770 4673/16/6771 4664/12/6768
f 4613/15/6759 4610/54/6758 4673/16/6771
f 4618/17/6772 4609/46/6787 4611/18/6773
f 4627/20/6775 4618/17/6772 4620/19/6774
f 4636/22/6777 4627/20/6775 4629/21/6776
f 4645/24/6779 4636/22/6777 4638/23/6778
f 4654/26/6781 4645/24/6779 4647/25/6780
f 4663/28/6783 4654/26/6781 4656/27/6782
f 4672/30/6785 4663/28/6783 4665/29/6784
f 4609/32/6787 4672/30/6785 4674/31/6786
f 4621/34/6788 4620/19/6792 4611/18/6789
f 4630/36/6791 4629/21/8665 4620/19/6792
f 4638/23/6793 4629/21/8665 4630/36/6791
f 4647/25/6795 4638/23/6793 4639/37/6794
f 4656/27/6797 4647/25/6795 4648/38/6796
f 4665/29/6799 4656/27/6797 4657/39/6798
f 4675/41/6801 4674/31/6802 4665/29/6799
f 4612/42/6790 4611/33/6789 4674/31/6802
f 4697/74/6803 4688/45/6803 4751/79/6804
f 4751/79/6804 4742/77/6804 4733/43/6804
f 4733/43/6804 4724/76/6804 4715/75/6803
f 4715/75/6803 4706/44/6803 4733/43/6804
f 4706/44/6803 4697/74/6803 4733/43/6804
f 4618/17/6805 4622/1/6757 4613/3/6759
f 4627/20/6807 4631/5/6760 4622/1/6757
f 4636/22/6808 4640/7/6763 4631/5/6760
f 4645/24/6809 4649/9/6765 4640/7/6763
f 4654/26/6810 4658/11/6767 4649/9/6765
f 4663/28/6811 4667/13/6769 4658/11/6767
f 4672/30/6812 4676/14/6770 4667/13/6769
f 4609/32/6806 4613/15/6759 4676/14/6770
f 4619/47/6761 4626/49/6815 4617/48/6813
f 4628/4/6814 4635/80/6856 4626/49/6815
f 4644/50/6816 4635/80/6856 4628/4/6814
f 4653/51/6817 4644/50/6816 4637/6/6762
f 4662/52/6818 4653/51/6817 4646/8/6764
f 4671/53/6819 4662/52/6818 4655/10/6766
f 4673/16/6771 4680/55/6820 4671/53/6819
f 4610/54/6758 4617/81/6813 4680/55/6820
f 4623/56/6821 4624/60/6825 4615/57/6822
f 4632/59/6824 4633/62/6827 4624/60/6825
f 4641/61/6826 4642/64/6829 4633/62/6827
f 4650/63/6828 4651/66/6831 4642/64/6829
f 4659/65/6830 4660/68/6833 4651/66/6831
f 4668/67/6832 4669/70/6835 4660/68/6833
f 4677/69/6834 4678/72/6836 4669/70/6835
f 4614/71/6823 4615/78/6822 4678/72/6836
f 4624/60/6837 4625/74/6841 4616/73/6838
f 4633/62/6840 4634/44/8666 4625/74/6841
f 4643/75/6842 4634/44/8666 4633/62/6840
f 4652/76/6844 4643/75/6842 4642/64/6843
f 4661/43/6846 4652/76/6844 4651/66/6845
f 4670/77/6848 4661/43/6846 4660/68/6847
f 4678/72/6850 4679/79/6851 4670/77/6848
f 4615/78/6839 4616/45/6838 4679/79/6851
f 4621/34/6853 4612/42/6853 4675/41/6853
f 4675/41/6853 4666/40/6852 4621/34/6853
f 4666/40/6852 4657/39/6853 4648/38/6852
f 4621/34/6853 4666/40/6852 4639/37/6852
f 4648/38/6852 4639/37/6852 4666/40/6852
f 4626/49/6815 4623/56/8667 4614/58/6854
f 4632/59/6855 4623/56/8667 4626/49/6815
f 4641/61/6857 4632/59/6855 4635/80/6856
f 4650/63/6858 4641/61/6857 4644/50/6816
f 4659/65/6859 4650/63/6858 4653/51/6817
f 4668/67/6860 4659/65/6859 4662/52/6818
f 4680/55/6820 4677/69/6861 4668/67/6860
f 4617/81/6813 4614/71/6854 4677/69/6861
f 4694/1/6862 4685/3/6877 4682/2/6863
f 4694/1/6862 4691/47/6864 4700/4/6865
f 4703/5/6866 4700/4/6865 4709/6/6867
f 4712/7/6868 4709/6/6867 4718/8/6869
f 4721/9/6870 4718/8/6869 4727/10/6871
f 4730/11/6872 4727/10/6871 4736/12/6873
f 4748/14/6875 4739/13/6874 4736/12/6873
f 4685/15/6877 4748/14/6875 4745/16/6876
f 4683/18/6878 4681/46/6893 4690/17/6879
f 4692/19/6880 4690/17/6879 4699/20/6881
f 4701/21/6882 4699/20/6881 4708/22/6883
f 4710/23/6884 4708/22/6883 4717/24/6885
f 4719/25/6886 4717/24/6885 4726/26/6887
f 4728/27/6888 4726/26/6887 4735/28/6889
f 4737/29/6890 4735/28/6889 4744/30/6891
f 4746/31/6892 4744/30/6891 4681/32/6893
f 4693/34/6894 4684/35/6909 4683/18/6895
f 4702/36/6897 4693/34/6894 4692/19/6896
f 4702/36/6897 4701/21/6898 4710/23/6899
f 4711/37/6900 4710/23/6899 4719/25/6901
f 4720/38/6902 4719/25/6901 4728/27/6903
f 4729/39/6904 4728/27/6903 4737/29/6905
f 4747/41/6907 4738/40/6906 4737/29/6905
f 4684/42/6909 4747/41/6907 4746/31/6908
f 4625/74/6910 4634/44/6910 4643/75/6911
f 4643/75/6911 4652/76/6911 4625/74/6910
f 4652/76/6911 4661/43/6911 4625/74/6910
f 4661/43/6911 4670/77/6911 4679/79/6910
f 4679/79/6910 4616/73/6910 4661/43/6911
f 4690/17/6912 4681/46/6919 4685/3/6877
f 4699/20/6913 4690/17/6912 4694/1/6862
f 4708/22/6914 4699/20/6913 4703/5/6866
f 4717/24/6915 4708/22/6914 4712/7/6868
f 4726/26/6916 4717/24/6915 4721/9/6870
f 4735/28/6917 4726/26/6916 4730/11/6872
f 4744/30/6918 4735/28/6917 4739/13/6874
f 4681/32/6919 4744/30/6918 4748/14/6875
f 4691/47/6864 4682/2/6863 4689/48/6920
f 4700/4/6865 4691/47/6864 4698/49/6921
f 4700/4/6865 4707/80/6922 4716/50/6923
f 4709/6/6867 4716/50/6923 4725/51/6924
f 4718/8/6869 4725/51/6924 4734/52/6925
f 4727/10/6871 4734/52/6925 4743/53/6926
f 4745/16/6876 4736/12/6873 4743/53/6926
f 4682/54/6863 4745/16/6876 4752/55/6927
f 4695/56/6928 4686/58/6943 4687/57/6929
f 4704/59/6931 4695/56/6928 4696/60/6930
f 4713/61/6933 4704/59/6931 4705/62/6932
f 4722/63/6935 4713/61/6933 4714/64/6934
f 4731/65/6937 4722/63/6935 4723/66/6936
f 4740/67/6939 4731/65/6937 4732/68/6938
f 4749/69/6941 4740/67/6939 4741/70/6940
f 4686/71/6943 4749/69/6941 4750/72/6942
f 4696/60/6944 4687/57/6959 4688/73/6945
f 4705/62/6947 4696/60/6944 4697/74/6946
f 4705/62/6947 4706/44/6948 4715/75/6949
f 4714/64/6950 4715/75/6949 4724/76/6951
f 4723/66/6952 4724/76/6951 4733/43/6953
f 4732/68/6954 4733/43/6953 4742/77/6955
f 4750/72/6957 4741/70/6956 4742/77/6955
f 4687/78/6959 4750/72/6957 4751/79/6958
f 4729/39/6960 4738/40/6960 4684/35/6961
f 4738/40/6960 4747/41/8668 4684/35/6961
f 4684/35/6961 4693/34/6961 4702/36/6960
f 4729/39/6960 4684/35/6961 4711/37/6960
f 4702/36/6960 4711/37/6960 4684/35/6961
f 4698/49/6921 4689/48/6920 4686/58/6962
f 4698/49/6921 4695/56/6963 4704/59/6964
f 4707/80/6922 4704/59/6964 4713/61/6965
f 4716/50/6923 4713/61/6965 4722/63/6966
f 4725/51/6924 4722/63/6966 4731/65/6967
f 4734/52/6925 4731/65/6967 4740/67/6968
f 4752/55/6927 4743/53/6926 4740/67/6968
f 4689/81/6920 4752/55/6927 4749/69/6969
f 4766/1/6970 4763/47/7026 4754/2/6971
f 4772/4/6973 4763/47/7026 4766/1/6970
f 4781/6/6975 4772/4/6973 4775/5/6974
f 4790/8/6977 4781/6/6975 4784/7/6976
f 4799/10/6979 4790/8/6977 4793/9/6978
f 4811/13/6981 4808/12/6983 4799/10/6979
f 4820/14/6982 4817/16/6984 4808/12/6983
f 4757/15/6972 4754/54/6971 4817/16/6984
f 4762/17/6985 4753/46/7000 4755/18/6986
f 4771/20/6988 4762/17/6985 4764/19/6987
f 4780/22/6990 4771/20/6988 4773/21/6989
f 4789/24/6992 4780/22/6990 4782/23/6991
f 4798/26/6994 4789/24/6992 4791/25/6993
f 4807/28/6996 4798/26/6994 4800/27/6995
f 4816/30/6998 4807/28/6996 4809/29/6997
f 4753/32/7000 4816/30/6998 4818/31/6999
f 4765/34/7001 4764/19/7005 4755/18/7002
f 4774/36/7004 4773/21/8669 4764/19/7005
f 4782/23/7006 4773/21/8669 4774/36/7004
f 4791/25/7008 4782/23/7006 4783/37/7007
f 4800/27/7010 4791/25/7008 4792/38/7009
f 4809/29/7012 4800/27/7010 4801/39/7011
f 4819/41/7014 4818/31/7015 4809/29/7012
f 4756/42/7003 4755/33/7002 4818/31/7015
f 4841/74/7017 4832/45/7017 4895/79/7017
f 4895/79/7017 4886/77/7016 4877/43/7016
f 4877/43/7016 4868/76/7017 4859/75/7017
f 4859/75/7017 4850/44/7017 4877/43/7016
f 4850/44/7017 4841/74/7017 4895/79/7017
f 4762/17/7018 4766/1/6970 4757/3/6972
f 4771/20/7020 4775/5/6974 4766/1/6970
f 4780/22/7021 4784/7/6976 4775/5/6974
f 4789/24/7022 4793/9/6978 4784/7/6976
f 4798/26/7023 4802/11/6980 4793/9/6978
f 4807/28/7024 4811/13/6981 4802/11/6980
f 4816/30/7025 4820/14/6982 4811/13/6981
f 4753/32/7019 4757/15/6972 4820/14/6982
f 4763/47/7026 4770/49/7028 4761/48/7027
f 4772/4/6973 4779/80/7068 4770/49/7028
f 4788/50/7029 4779/80/7068 4772/4/6973
f 4797/51/7030 4788/50/7029 4781/6/6975
f 4806/52/7031 4797/51/7030 4790/8/6977
f 4815/53/7032 4806/52/7031 4799/10/6979
f 4817/16/6984 4824/55/7033 4815/53/7032
f 4754/54/6971 4761/81/7027 4824/55/7033
f 4767/56/7034 4768/60/7038 4759/57/7035
f 4776/59/7037 4777/62/7040 4768/60/7038
f 4785/61/7039 4786/64/7042 4777/62/7040
f 4794/63/7041 4795/66/7044 4786/64/7042
f 4803/65/7043 4804/68/7046 4795/66/7044
f 4812/67/7045 4813/70/7048 4804/68/7046
f 4821/69/7047 4822/72/7049 4813/70/7048
f 4758/71/7036 4759/78/7035 4822/72/7049
f 4768/60/7050 4769/74/7054 4760/73/7051
f 4777/62/7053 4778/44/8670 4769/74/7054
f 4787/75/7055 4778/44/8670 4777/62/7053
f 4796/76/7057 4787/75/7055 4786/64/7056
f 4805/43/7059 4796/76/7057 4795/66/7058
f 4814/77/7061 4805/43/7059 4804/68/7060
f 4822/72/7063 4823/79/7064 4814/77/7061
f 4759/78/7052 4760/45/7051 4823/79/7064
f 4765/34/7065 4756/42/7065 4792/38/7065
f 4756/42/7065 4819/41/8671 4810/40/7065
f 4792/38/7065 4756/42/7065 4810/40/7065
f 4810/40/7065 4801/39/7065 4792/38/7065
f 4792/38/7065 4783/37/8672 4774/36/7065
f 4770/49/7028 4767/56/8673 4758/58/7066
f 4776/59/7067 4767/56/8673 4770/49/7028
f 4785/61/7069 4776/59/7067 4779/80/7068
f 4794/63/7070 4785/61/7069 4788/50/7029
f 4803/65/7071 4794/63/7070 4797/51/7030
f 4812/67/7072 4803/65/7071 4806/52/7031
f 4824/55/7033 4821/69/7073 4812/67/7072
f 4761/81/7027 4758/71/7066 4821/69/7073
f 4838/1/7074 4829/3/7089 4826/2/7075
f 4847/5/7077 4838/1/7074 4835/47/7076
f 4847/5/7077 4844/4/7078 4853/6/7079
f 4856/7/7080 4853/6/7079 4862/8/7081
f 4865/9/7082 4862/8/7081 4871/10/7083
f 4874/11/7084 4871/10/7083 4880/12/7085
f 4892/14/7087 4883/13/7086 4880/12/7085
f 4829/15/7089 4892/14/7087 4889/16/7088
f 4827/18/7090 4825/46/7105 4834/17/7091
f 4836/19/7092 4834/17/7091 4843/20/7093
f 4845/21/7094 4843/20/7093 4852/22/7095
f 4854/23/7096 4852/22/7095 4861/24/7097
f 4863/25/7098 4861/24/7097 4870/26/7099
f 4872/27/7100 4870/26/7099 4879/28/7101
f 4881/29/7102 4879/28/7101 4888/30/7103
f 4890/31/7104 4888/30/7103 4825/32/7105
f 4837/34/7106 4828/35/7121 4827/18/7107
f 4846/36/7109 4837/34/7106 4836/19/7108
f 4846/36/7109 4845/21/7110 4854/23/7111
f 4855/37/7112 4854/23/7111 4863/25/7113
f 4864/38/7114 4863/25/7113 4872/27/7115
f 4873/39/7116 4872/27/7115 4881/29/7117
f 4891/41/7119 4882/40/7118 4881/29/7117
f 4828/42/7121 4891/41/7119 4890/31/7120
f 4769/74/7123 4778/44/8674 4814/77/7122
f 4778/44/8674 4787/75/8675 4796/76/7122
f 4814/77/7122 4796/76/7122 4805/43/8675
f 4778/44/8674 4796/76/7122 4814/77/7122
f 4814/77/7122 4823/79/7122 4769/74/7123
f 4834/17/7124 4825/46/7131 4829/3/7089
f 4843/20/7125 4834/17/7124 4838/1/7074
f 4852/22/7126 4843/20/7125 4847/5/7077
f 4861/24/7127 4852/22/7126 4856/7/7080
f 4870/26/7128 4861/24/7127 4865/9/7082
f 4879/28/7129 4870/26/7128 4874/11/7084
f 4888/30/7130 4879/28/7129 4883/13/7086
f 4825/32/7131 4888/30/7130 4892/14/7087
f 4835/47/7076 4826/2/7075 4833/48/7132
f 4844/4/7078 4835/47/7076 4842/49/7133
f 4844/4/7078 4851/80/7134 4860/50/7135
f 4853/6/7079 4860/50/7135 4869/51/7136
f 4862/8/7081 4869/51/7136 4878/52/7137
f 4871/10/7083 4878/52/7137 4887/53/7138
f 4889/16/7088 4880/12/7085 4887/53/7138
f 4826/54/7075 4889/16/7088 4896/55/7139
f 4839/56/7140 4830/58/7155 4831/57/7141
f 4848/59/7143 4839/56/7140 4840/60/7142
f 4857/61/7145 4848/59/7143 4849/62/7144
f 4866/63/7147 4857/61/7145 4858/64/7146
f 4875/65/7149 4866/63/7147 4867/66/7148
f 4884/67/7151 4875/65/7149 4876/68/7150
f 4893/69/7153 4884/67/7151 4885/70/7152
f 4830/71/7155 4893/69/7153 4894/72/7154
f 4840/60/7156 4831/57/7171 4832/73/7157
f 4849/62/7159 4840/60/7156 4841/74/7158
f 4849/62/7159 4850/44/7160 4859/75/7161
f 4858/64/7162 4859/75/7161 4868/76/7163
f 4867/66/7164 4868/76/7163 4877/43/7165
f 4876/68/7166 4877/43/7165 4886/77/7167
f 4894/72/7169 4885/70/7168 4886/77/7167
f 4831/78/7171 4894/72/7169 4895/79/7170
f 4873/39/7172 4882/40/7172 4828/35/7172
f 4882/40/7172 4891/41/8676 4828/35/7172
f 4828/35/7172 4837/34/8677 4846/36/7172
f 4873/39/7172 4828/35/7172 4864/38/7172
f 4846/36/7172 4855/37/7172 4828/35/7172
f 4842/49/7133 4833/48/7132 4830/58/7173
f 4842/49/7133 4839/56/7174 4848/59/7175
f 4851/80/7134 4848/59/7175 4857/61/7176
f 4860/50/7135 4857/61/7176 4866/63/7177
f 4869/51/7136 4866/63/7177 4875/65/7178
f 4878/52/7137 4875/65/7178 4884/67/7179
f 4896/55/7139 4887/53/7138 4884/67/7179
f 4833/81/7132 4896/55/7139 4893/69/7180
f 4910/1/7181 4907/47/7185 4898/2/7182
f 4919/5/7184 4916/4/7238 4907/47/7185
f 4925/6/7186 4916/4/7238 4919/5/7184
f 4934/8/7188 4925/6/7186 4928/7/7187
f 4943/10/7190 4934/8/7188 4937/9/7189
f 4952/12/7192 4943/10/7190 4946/11/7191
f 4964/14/7194 4961/16/7195 4952/12/7192
f 4901/15/7183 4898/54/7182 4961/16/7195
f 4906/17/7196 4897/46/7211 4899/18/7197
f 4915/20/7199 4906/17/7196 4908/19/7198
f 4924/22/7201 4915/20/7199 4917/21/7200
f 4933/24/7203 4924/22/7201 4926/23/7202
f 4942/26/7205 4933/24/7203 4935/25/7204
f 4951/28/7207 4942/26/7205 4944/27/7206
f 4960/30/7209 4951/28/7207 4953/29/7208
f 4897/32/7211 4960/30/7209 4962/31/7210
f 4909/34/7212 4908/19/7216 4899/18/7213
f 4918/36/7215 4917/21/8678 4908/19/7216
f 4926/23/7217 4917/21/8678 4918/36/7215
f 4935/25/7219 4926/23/7217 4927/37/7218
f 4944/27/7221 4935/25/7219 4936/38/7220
f 4953/29/7223 4944/27/7221 4945/39/7222
f 4963/41/7225 4962/31/7226 4953/29/7223
f 4900/42/7214 4899/33/7213 4962/31/7226
f 4985/74/7228 4976/45/7228 5030/77/7228
f 4976/45/7228 5039/79/7227 5030/77/7228
f 5030/77/7228 5021/43/7227 5003/75/7227
f 4985/74/7228 5030/77/7228 5003/75/7227
f 5021/43/7227 5012/76/7227 5003/75/7227
f 4906/17/7229 4910/1/7181 4901/3/7183
f 4915/20/7231 4919/5/7184 4910/1/7181
f 4924/22/7232 4928/7/7187 4919/5/7184
f 4933/24/7233 4937/9/7189 4928/7/7187
f 4942/26/7234 4946/11/7191 4937/9/7189
f 4951/28/7235 4955/13/7193 4946/11/7191
f 4960/30/7236 4964/14/7194 4955/13/7193
f 4897/32/7230 4901/15/7183 4964/14/7194
f 4907/47/7185 4914/49/7239 4905/48/7237
f 4916/4/7238 4923/80/7280 4914/49/7239
f 4932/50/7240 4923/80/7280 4916/4/7238
f 4941/51/7241 4932/50/7240 4925/6/7186
f 4950/52/7242 4941/51/7241 4934/8/7188
f 4959/53/7243 4950/52/7242 4943/10/7190
f 4961/16/7195 4968/55/7244 4959/53/7243
f 4898/54/7182 4905/81/7237 4968/55/7244
f 4911/56/7245 4912/60/7249 4903/57/7246
f 4920/59/7248 4921/62/7251 4912/60/7249
f 4929/61/7250 4930/64/7253 4921/62/7251
f 4938/63/7252 4939/66/7255 4930/64/7253
f 4947/65/7254 4948/68/7257 4939/66/7255
f 4956/67/7256 4957/70/7259 4948/68/7257
f 4965/69/7258 4966/72/7260 4957/70/7259
f 4902/71/7247 4903/78/7246 4966/72/7260
f 4912/60/7261 4913/74/7265 4904/73/7262
f 4921/62/7264 4922/44/8679 4913/74/7265
f 4931/75/7266 4922/44/8679 4921/62/7264
f 4940/76/7268 4931/75/7266 4930/64/7267
f 4949/43/7270 4940/76/7268 4939/66/7269
f 4958/77/7272 4949/43/7270 4948/68/7271
f 4966/72/7274 4967/79/7275 4958/77/7272
f 4903/78/7263 4904/45/7262 4967/79/7275
f 4909/34/7277 4900/42/8680 4963/41/7277
f 4963/41/7277 4954/40/7276 4909/34/7277
f 4954/40/7276 4945/39/7276 4909/34/7277
f 4945/39/7276 4936/38/7276 4918/36/7276
f 4936/38/7276 4927/37/8681 4918/36/7276
f 4914/49/7239 4911/56/8682 4902/58/7278
f 4920/59/7279 4911/56/8682 4914/49/7239
f 4929/61/7281 4920/59/7279 4923/80/7280
f 4938/63/7282 4929/61/7281 4932/50/7240
f 4947/65/7283 4938/63/7282 4941/51/7241
f 4956/67/7284 4947/65/7283 4950/52/7242
f 4968/55/7244 4965/69/7285 4956/67/7284
f 4905/81/7237 4902/71/7278 4965/69/7285
f 4982/1/7286 4973/3/7301 4970/2/7287
f 4991/5/7289 4982/1/7286 4979/47/7288
f 4991/5/7289 4988/4/7290 4997/6/7291
f 5000/7/7292 4997/6/7291 5006/8/7293
f 5009/9/7294 5006/8/7293 5015/10/7295
f 5018/11/7296 5015/10/7295 5024/12/7297
f 5036/14/7299 5027/13/7298 5024/12/7297
f 4973/15/7301 5036/14/7299 5033/16/7300
f 4971/18/7302 4969/46/7317 4978/17/7303
f 4980/19/7304 4978/17/7303 4987/20/7305
f 4989/21/7306 4987/20/7305 4996/22/7307
f 4998/23/7308 4996/22/7307 5005/24/7309
f 5007/25/7310 5005/24/7309 5014/26/7311
f 5016/27/7312 5014/26/7311 5023/28/7313
f 5025/29/7314 5023/28/7313 5032/30/7315
f 5034/31/7316 5032/30/7315 4969/32/7317
f 4981/34/7318 4972/35/7333 4971/18/7319
f 4990/36/7321 4981/34/7318 4980/19/7320
f 4990/36/7321 4989/21/7322 4998/23/7323
f 4999/37/7324 4998/23/7323 5007/25/7325
f 5008/38/7326 5007/25/7325 5016/27/7327
f 5017/39/7328 5016/27/7327 5025/29/7329
f 5035/41/7331 5026/40/7330 5025/29/7329
f 4972/42/7333 5035/41/7331 5034/31/7332
f 4913/74/7334 4922/44/8683 4931/75/7334
f 4931/75/7334 4940/76/7334 4913/74/7334
f 4940/76/7334 4949/43/8684 4958/77/8683
f 4913/74/7334 4940/76/7334 4967/79/7334
f 4958/77/8683 4967/79/7334 4940/76/7334
f 4978/17/7336 4969/46/7343 4973/3/7301
f 4987/20/7337 4978/17/7336 4982/1/7286
f 4996/22/7338 4987/20/7337 4991/5/7289
f 5005/24/7339 4996/22/7338 5000/7/7292
f 5014/26/7340 5005/24/7339 5009/9/7294
f 5023/28/7341 5014/26/7340 5018/11/7296
f 5032/30/7342 5023/28/7341 5027/13/7298
f 4969/32/7343 5032/30/7342 5036/14/7299
f 4979/47/7288 4970/2/7287 4977/48/7344
f 4988/4/7290 4979/47/7288 4986/49/7345
f 4988/4/7290 4995/80/7346 5004/50/7347
f 4997/6/7291 5004/50/7347 5013/51/7348
f 5006/8/7293 5013/51/7348 5022/52/7349
f 5015/10/7295 5022/52/7349 5031/53/7350
f 5033/16/7300 5024/12/7297 5031/53/7350
f 4970/54/7287 5033/16/7300 5040/55/7351
f 4983/56/7352 4974/58/7367 4975/57/7353
f 4992/59/7355 4983/56/7352 4984/60/7354
f 5001/61/7357 4992/59/7355 4993/62/7356
f 5010/63/7359 5001/61/7357 5002/64/7358
f 5019/65/7361 5010/63/7359 5011/66/7360
f 5028/67/7363 5019/65/7361 5020/68/7362
f 5037/69/7365 5028/67/7363 5029/70/7364
f 4974/71/7367 5037/69/7365 5038/72/7366
f 4984/60/7368 4975/57/7383 4976/73/7369
f 4993/62/7371 4984/60/7368 4985/74/7370
f 4993/62/7371 4994/44/7372 5003/75/7373
f 5002/64/7374 5003/75/7373 5012/76/7375
f 5011/66/7376 5012/76/7375 5021/43/7377
f 5020/68/7378 5021/43/7377 5030/77/7379
f 5038/72/7381 5029/70/7380 5030/77/7379
f 4975/78/7383 5038/72/7381 5039/79/7382
f 5017/39/7384 5026/40/7384 4981/34/7384
f 5026/40/7384 5035/41/7384 4981/34/7384
f 5035/41/7384 4972/35/7384 4981/34/7384
f 4981/34/7384 4990/36/8685 4999/37/7384
f 4999/37/7384 5008/38/7384 5017/39/7384
f 4986/49/7345 4977/48/7344 4974/58/7385
f 4986/49/7345 4983/56/7386 4992/59/7387
f 4995/80/7346 4992/59/7387 5001/61/7388
f 5004/50/7347 5001/61/7388 5010/63/7389
f 5013/51/7348 5010/63/7389 5019/65/7390
f 5022/52/7349 5019/65/7390 5028/67/7391
f 5040/55/7351 5031/53/7350 5028/67/7391
f 4977/81/7344 5040/55/7351 5037/69/7392
f 5054/1/7393 5051/47/7397 5042/2/7394
f 5063/5/7396 5060/4/7449 5051/47/7397
f 5069/6/7398 5060/4/7449 5063/5/7396
f 5078/8/7400 5069/6/7398 5072/7/7399
f 5087/10/7402 5078/8/7400 5081/9/7401
f 5096/12/7404 5087/10/7402 5090/11/7403
f 5108/14/7406 5105/16/7407 5096/12/7404
f 5045/15/7395 5042/54/7394 5105/16/7407
f 5050/17/7408 5041/46/7423 5043/18/7409
f 5059/20/7411 5050/17/7408 5052/19/7410
f 5068/22/7413 5059/20/7411 5061/21/7412
f 5077/24/7415 5068/22/7413 5070/23/7414
f 5086/26/7417 5077/24/7415 5079/25/7416
f 5095/28/7419 5086/26/7417 5088/27/7418
f 5104/30/7421 5095/28/7419 5097/29/7420
f 5041/32/7423 5104/30/7421 5106/31/7422
f 5053/34/7424 5052/19/7428 5043/18/7425
f 5062/36/7427 5061/21/8686 5052/19/7428
f 5070/23/7429 5061/21/8686 5062/36/7427
f 5079/25/7431 5070/23/7429 5071/37/7430
f 5088/27/7433 5079/25/7431 5080/38/7432
f 5097/29/7435 5088/27/7433 5089/39/7434
f 5107/41/7437 5106/31/7438 5097/29/7435
f 5044/42/7426 5043/33/7425 5106/31/7438
f 5129/74/8687 5120/45/7439 5183/79/7439
f 5183/79/7439 5174/77/8688 5165/43/7439
f 5165/43/7439 5156/76/7439 5147/75/8687
f 5147/75/8687 5138/44/7439 5165/43/7439
f 5138/44/7439 5129/74/8687 5183/79/7439
f 5050/17/7440 5054/1/7393 5045/3/7395
f 5059/20/7442 5063/5/7396 5054/1/7393
f 5068/22/7443 5072/7/7399 5063/5/7396
f 5077/24/7444 5081/9/7401 5072/7/7399
f 5086/26/7445 5090/11/7403 5081/9/7401
f 5095/28/7446 5099/13/7405 5090/11/7403
f 5104/30/7447 5108/14/7406 5099/13/7405
f 5041/32/7441 5045/15/7395 5108/14/7406
f 5051/47/7397 5058/49/7450 5049/48/7448
f 5060/4/7449 5067/80/7490 5058/49/7450
f 5076/50/7451 5067/80/7490 5060/4/7449
f 5085/51/7452 5076/50/7451 5069/6/7398
f 5094/52/7453 5085/51/7452 5078/8/7400
f 5103/53/7454 5094/52/7453 5087/10/7402
f 5105/16/7407 5112/55/7455 5103/53/7454
f 5042/54/7394 5049/81/7448 5112/55/7455
f 5055/56/7456 5056/60/7460 5047/57/7457
f 5064/59/7459 5065/62/7462 5056/60/7460
f 5073/61/7461 5074/64/7464 5065/62/7462
f 5082/63/7463 5083/66/7466 5074/64/7464
f 5091/65/7465 5092/68/7468 5083/66/7466
f 5100/67/7467 5101/70/7470 5092/68/7468
f 5109/69/7469 5110/72/7471 5101/70/7470
f 5046/71/7458 5047/78/7457 5110/72/7471
f 5056/60/7472 5057/74/7476 5048/73/7473
f 5065/62/7475 5066/44/8689 5057/74/7476
f 5075/75/7477 5066/44/8689 5065/62/7475
f 5084/76/7479 5075/75/7477 5074/64/7478
f 5093/43/7481 5084/76/7479 5083/66/7480
f 5102/77/7483 5093/43/7481 5092/68/7482
f 5110/72/7485 5111/79/7486 5102/77/7483
f 5047/78/7474 5048/45/7473 5111/79/7486
f 5053/34/7487 5044/42/7487 5089/39/7487
f 5044/42/7487 5107/41/8690 5098/40/7487
f 5089/39/7487 5044/42/7487 5098/40/7487
f 5089/39/7487 5080/38/8691 5071/37/7487
f 5071/37/7487 5062/36/7487 5053/34/7487
f 5058/49/7450 5055/56/8692 5046/58/7488
f 5064/59/7489 5055/56/8692 5058/49/7450
f 5073/61/7491 5064/59/7489 5067/80/7490
f 5082/63/7492 5073/61/7491 5076/50/7451
f 5091/65/7493 5082/63/7492 5085/51/7452
f 5100/67/7494 5091/65/7493 5094/52/7453
f 5112/55/7455 5109/69/7495 5100/67/7494
f 5049/81/7448 5046/71/7488 5109/69/7495
f 5126/1/7496 5117/3/7511 5114/2/7497
f 5135/5/7499 5126/1/7496 5123/47/7498
f 5135/5/7499 5132/4/7500 5141/6/7501
f 5144/7/7502 5141/6/7501 5150/8/7503
f 5153/9/7504 5150/8/7503 5159/10/7505
f 5162/11/7506 5159/10/7505 5168/12/7507
f 5180/14/7509 5171/13/7508 5168/12/7507
f 5117/15/7511 5180/14/7509 5177/16/7510
f 5115/18/7512 5113/46/7527 5122/17/7513
f 5124/19/7514 5122/17/7513 5131/20/7515
f 5133/21/7516 5131/20/7515 5140/22/7517
f 5142/23/7518 5140/22/7517 5149/24/7519
f 5151/25/7520 5149/24/7519 5158/26/7521
f 5160/27/7522 5158/26/7521 5167/28/7523
f 5169/29/7524 5167/28/7523 5176/30/7525
f 5178/31/7526 5176/30/7525 5113/32/7527
f 5125/34/7528 5116/35/7543 5115/18/7529
f 5134/36/7531 5125/34/7528 5124/19/7530
f 5134/36/7531 5133/21/7532 5142/23/7533
f 5143/37/7534 5142/23/7533 5151/25/7535
f 5152/38/7536 5151/25/7535 5160/27/7537
f 5161/39/7538 5160/27/7537 5169/29/7539
f 5179/41/7541 5170/40/7540 5169/29/7539
f 5116/42/7543 5179/41/7541 5178/31/7542
f 5057/74/7544 5066/44/8693 5075/75/7544
f 5075/75/7544 5084/76/8693 5057/74/7544
f 5084/76/8693 5093/43/8693 5102/77/8693
f 5057/74/7544 5084/76/8693 5102/77/8693
f 5102/77/8693 5111/79/7544 5057/74/7544
f 5122/17/7546 5113/46/7553 5117/3/7511
f 5131/20/7547 5122/17/7546 5126/1/7496
f 5140/22/7548 5131/20/7547 5135/5/7499
f 5149/24/7549 5140/22/7548 5144/7/7502
f 5158/26/7550 5149/24/7549 5153/9/7504
f 5167/28/7551 5158/26/7550 5162/11/7506
f 5176/30/7552 5167/28/7551 5171/13/7508
f 5113/32/7553 5176/30/7552 5180/14/7509
f 5123/47/7498 5114/2/7497 5121/48/7554
f 5132/4/7500 5123/47/7498 5130/49/7555
f 5132/4/7500 5139/80/7556 5148/50/7557
f 5141/6/7501 5148/50/7557 5157/51/7558
f 5150/8/7503 5157/51/7558 5166/52/7559
f 5159/10/7505 5166/52/7559 5175/53/7560
f 5177/16/7510 5168/12/7507 5175/53/7560
f 5114/54/7497 5177/16/7510 5184/55/7561
f 5127/56/7562 5118/58/7577 5119/57/7563
f 5136/59/7565 5127/56/7562 5128/60/7564
f 5145/61/7567 5136/59/7565 5137/62/7566
f 5154/63/7569 5145/61/7567 5146/64/7568
f 5163/65/7571 5154/63/7569 5155/66/7570
f 5172/67/7573 5163/65/7571 5164/68/7572
f 5181/69/7575 5172/67/7573 5173/70/7574
f 5118/71/7577 5181/69/7575 5182/72/7576
f 5128/60/7578 5119/57/7593 5120/73/7579
f 5137/62/7581 5128/60/7578 5129/74/7580
f 5137/62/7581 5138/44/7582 5147/75/7583
f 5146/64/7584 5147/75/7583 5156/76/7585
f 5155/66/7586 5156/76/7585 5165/43/7587
f 5164/68/7588 5165/43/7587 5174/77/7589
f 5182/72/7591 5173/70/7590 5174/77/7589
f 5119/78/7593 5182/72/7591 5183/79/7592
f 5161/39/7594 5170/40/8694 5179/41/7594
f 5179/41/7594 5116/35/7594 5161/39/7594
f 5116/35/7594 5125/34/7594 5161/39/7594
f 5125/34/7594 5134/36/8695 5143/37/7594
f 5143/37/7594 5152/38/7594 5125/34/7594
f 5130/49/7555 5121/48/7554 5118/58/7595
f 5130/49/7555 5127/56/7596 5136/59/7597
f 5139/80/7556 5136/59/7597 5145/61/7598
f 5148/50/7557 5145/61/7598 5154/63/7599
f 5157/51/7558 5154/63/7599 5163/65/7600
f 5166/52/7559 5163/65/7600 5172/67/7601
f 5184/55/7561 5175/53/7560 5172/67/7601
f 5121/81/7554 5184/55/7561 5181/69/7602
f 5198/1/7603 5195/47/7607 5186/2/7604
f 5207/5/7606 5204/4/7660 5195/47/7607
f 5213/6/7608 5204/4/7660 5207/5/7606
f 5222/8/7610 5213/6/7608 5216/7/7609
f 5231/10/7612 5222/8/7610 5225/9/7611
f 5240/12/7614 5231/10/7612 5234/11/7613
f 5252/14/7616 5249/16/7617 5240/12/7614
f 5189/15/7605 5186/54/7604 5249/16/7617
f 5194/17/7618 5185/46/7633 5187/18/7619
f 5203/20/7621 5194/17/7618 5196/19/7620
f 5212/22/7623 5203/20/7621 5205/21/7622
f 5221/24/7625 5212/22/7623 5214/23/7624
f 5230/26/7627 5221/24/7625 5223/25/7626
f 5239/28/7629 5230/26/7627 5232/27/7628
f 5248/30/7631 5239/28/7629 5241/29/7630
f 5185/32/7633 5248/30/7631 5250/31/7632
f 5197/34/7634 5196/19/7638 5187/18/7635
f 5206/36/7637 5205/21/8696 5196/19/7638
f 5214/23/7639 5205/21/8696 5206/36/7637
f 5223/25/7641 5214/23/7639 5215/37/7640
f 5232/27/7643 5223/25/7641 5224/38/7642
f 5241/29/7645 5232/27/7643 5233/39/7644
f 5251/41/7647 5250/31/7648 5241/29/7645
f 5188/42/7636 5187/33/7635 5250/31/7648
f 5273/74/7650 5264/45/7649 5327/79/7649
f 5327/79/7649 5318/77/7649 5273/74/7650
f 5318/77/7649 5309/43/7649 5300/76/7649
f 5273/74/7650 5318/77/7649 5300/76/7649
f 5300/76/7649 5291/75/7649 5273/74/7650
f 5194/17/7651 5198/1/7603 5189/3/7605
f 5203/20/7653 5207/5/7606 5198/1/7603
f 5212/22/7654 5216/7/7609 5207/5/7606
f 5221/24/7655 5225/9/7611 5216/7/7609
f 5230/26/7656 5234/11/7613 5225/9/7611
f 5239/28/7657 5243/13/7615 5234/11/7613
f 5248/30/7658 5252/14/7616 5243/13/7615
f 5185/32/7652 5189/15/7605 5252/14/7616
f 5195/47/7607 5202/49/7661 5193/48/7659
f 5204/4/7660 5211/80/7701 5202/49/7661
f 5220/50/7662 5211/80/7701 5204/4/7660
f 5229/51/7663 5220/50/7662 5213/6/7608
f 5238/52/7664 5229/51/7663 5222/8/7610
f 5247/53/7665 5238/52/7664 5231/10/7612
f 5249/16/7617 5256/55/7666 5247/53/7665
f 5186/54/7604 5193/81/7659 5256/55/7666
f 5199/56/7667 5200/60/7671 5191/57/7668
f 5208/59/7670 5209/62/7673 5200/60/7671
f 5217/61/7672 5218/64/7675 5209/62/7673
f 5226/63/7674 5227/66/7677 5218/64/7675
f 5235/65/7676 5236/68/7679 5227/66/7677
f 5244/67/7678 5245/70/7681 5236/68/7679
f 5253/69/7680 5254/72/7682 5245/70/7681
f 5190/71/7669 5191/78/7668 5254/72/7682
f 5200/60/7683 5201/74/7687 5192/73/7684
f 5209/62/7686 5210/44/8697 5201/74/7687
f 5219/75/7688 5210/44/8697 5209/62/7686
f 5228/76/7690 5219/75/7688 5218/64/7689
f 5237/43/7692 5228/76/7690 5227/66/7691
f 5246/77/7694 5237/43/7692 5236/68/7693
f 5254/72/7696 5255/79/7697 5246/77/7694
f 5191/78/7685 5192/45/7684 5255/79/7697
f 5197/34/7698 5188/42/7698 5233/39/7698
f 5188/42/7698 5251/41/7698 5233/39/7698
f 5251/41/7698 5242/40/8698 5233/39/7698
f 5233/39/7698 5224/38/8699 5215/37/7698
f 5215/37/7698 5206/36/8700 5197/34/7698
f 5202/49/7661 5199/56/8701 5190/58/7699
f 5208/59/7700 5199/56/8701 5202/49/7661
f 5217/61/7702 5208/59/7700 5211/80/7701
f 5226/63/7703 5217/61/7702 5220/50/7662
f 5235/65/7704 5226/63/7703 5229/51/7663
f 5244/67/7705 5235/65/7704 5238/52/7664
f 5256/55/7666 5253/69/7706 5244/67/7705
f 5193/81/7659 5190/71/7699 5253/69/7706
f 5270/1/7707 5261/3/7722 5258/2/7708
f 5279/5/7710 5270/1/7707 5267/47/7709
f 5279/5/7710 5276/4/7711 5285/6/7712
f 5288/7/7713 5285/6/7712 5294/8/7714
f 5297/9/7715 5294/8/7714 5303/10/7716
f 5315/13/7718 5306/11/7717 5303/10/7716
f 5324/14/7720 5315/13/7718 5312/12/7719
f 5261/15/7722 5324/14/7720 5321/16/7721
f 5259/18/7723 5257/46/7738 5266/17/7724
f 5268/19/7725 5266/17/7724 5275/20/7726
f 5277/21/7727 5275/20/7726 5284/22/7728
f 5286/23/7729 5284/22/7728 5293/24/7730
f 5295/25/7731 5293/24/7730 5302/26/7732
f 5304/27/7733 5302/26/7732 5311/28/7734
f 5313/29/7735 5311/28/7734 5320/30/7736
f 5322/31/7737 5320/30/7736 5257/32/7738
f 5269/34/7739 5260/35/7754 5259/18/7740
f 5278/36/7742 5269/34/7739 5268/19/7741
f 5278/36/7742 5277/21/7743 5286/23/7744
f 5287/37/7745 5286/23/7744 5295/25/7746
f 5296/38/7747 5295/25/7746 5304/27/7748
f 5305/39/7749 5304/27/7748 5313/29/7750
f 5323/41/7752 5314/40/7751 5313/29/7750
f 5260/42/7754 5323/41/7752 5322/31/7753
f 5201/74/7755 5210/44/7755 5192/73/7755
f 5210/44/7755 5219/75/7755 5192/73/7755
f 5219/75/7755 5228/76/8702 5237/43/7755
f 5237/43/7755 5246/77/8702 5192/73/7755
f 5246/77/8702 5255/79/8702 5192/73/7755
f 5266/17/7756 5257/46/7763 5261/3/7722
f 5275/20/7757 5266/17/7756 5270/1/7707
f 5284/22/7758 5275/20/7757 5279/5/7710
f 5293/24/7759 5284/22/7758 5288/7/7713
f 5302/26/7760 5293/24/7759 5297/9/7715
f 5311/28/7761 5302/26/7760 5306/11/7717
f 5320/30/7762 5311/28/7761 5315/13/7718
f 5257/32/7763 5320/30/7762 5324/14/7720
f 5267/47/7709 5258/2/7708 5265/48/7764
f 5276/4/7711 5267/47/7709 5274/49/7765
f 5276/4/7711 5283/80/7766 5292/50/7767
f 5285/6/7712 5292/50/7767 5301/51/7768
f 5294/8/7714 5301/51/7768 5310/52/7769
f 5303/10/7716 5310/52/7769 5319/53/7770
f 5321/16/7721 5312/12/7719 5319/53/7770
f 5258/54/7708 5321/16/7721 5328/55/7771
f 5271/56/7772 5262/58/7787 5263/57/7773
f 5280/59/7775 5271/56/7772 5272/60/7774
f 5289/61/7777 5280/59/7775 5281/62/7776
f 5298/63/7779 5289/61/7777 5290/64/7778
f 5307/65/7781 5298/63/7779 5299/66/7780
f 5316/67/7783 5307/65/7781 5308/68/7782
f 5325/69/7785 5316/67/7783 5317/70/7784
f 5262/71/7787 5325/69/7785 5326/72/7786
f 5272/60/7788 5263/57/7803 5264/73/7789
f 5281/62/7791 5272/60/7788 5273/74/7790
f 5281/62/7791 5282/44/7792 5291/75/7793
f 5290/64/7794 5291/75/7793 5300/76/7795
f 5299/66/7796 5300/76/7795 5309/43/7797
f 5308/68/7798 5309/43/7797 5318/77/7799
f 5326/72/7801 5317/70/7800 5318/77/7799
f 5263/78/7803 5326/72/7801 5327/79/7802
f 5305/39/8703 5314/40/7804 5296/38/7804
f 5314/40/7804 5323/41/8704 5260/35/7804
f 5278/36/7804 5260/35/7804 5269/34/8703
f 5314/40/7804 5260/35/7804 5278/36/7804
f 5278/36/7804 5287/37/7804 5296/38/7804
f 5274/49/7765 5265/48/7764 5262/58/7805
f 5274/49/7765 5271/56/7806 5280/59/7807
f 5283/80/7766 5280/59/7807 5289/61/7808
f 5292/50/7767 5289/61/7808 5298/63/7809
f 5301/51/7768 5298/63/7809 5307/65/7810
f 5310/52/7769 5307/65/7810 5316/67/7811
f 5328/55/7771 5319/53/7770 5316/67/7811
f 5265/81/7764 5328/55/7771 5325/69/7812
f 5342/1/7813 5339/47/7817 5330/2/7814
f 5351/5/7816 5348/4/7870 5339/47/7817
f 5357/6/7818 5348/4/7870 5351/5/7816
f 5366/8/7820 5357/6/7818 5360/7/7819
f 5375/10/7822 5366/8/7820 5369/9/7821
f 5384/12/7824 5375/10/7822 5378/11/7823
f 5396/14/7826 5393/16/7827 5384/12/7824
f 5333/15/7815 5330/54/7814 5393/16/7827
f 5338/17/7828 5329/46/7843 5331/18/7829
f 5347/20/7831 5338/17/7828 5340/19/7830
f 5356/22/7833 5347/20/7831 5349/21/7832
f 5365/24/7835 5356/22/7833 5358/23/7834
f 5374/26/7837 5365/24/7835 5367/25/7836
f 5383/28/7839 5374/26/7837 5376/27/7838
f 5392/30/7841 5383/28/7839 5385/29/7840
f 5329/32/7843 5392/30/7841 5394/31/7842
f 5341/34/7844 5340/19/7848 5331/18/7845
f 5350/36/7847 5349/21/8705 5340/19/7848
f 5358/23/7849 5349/21/8705 5350/36/7847
f 5367/25/7851 5358/23/7849 5359/37/7850
f 5376/27/7853 5367/25/7851 5368/38/7852
f 5385/29/7855 5376/27/7853 5377/39/7854
f 5395/41/7857 5394/31/7858 5385/29/7855
f 5332/42/7846 5331/33/7845 5394/31/7858
f 5417/74/7860 5408/45/7860 5426/44/7859
f 5408/45/7860 5471/79/7860 5462/77/7859
f 5435/75/7859 5408/45/7860 5462/77/7859
f 5462/77/7859 5453/43/7859 5435/75/7859
f 5453/43/7859 5444/76/8706 5435/75/7859
f 5338/17/7861 5342/1/7813 5333/3/7815
f 5347/20/7863 5351/5/7816 5342/1/7813
f 5356/22/7864 5360/7/7819 5351/5/7816
f 5365/24/7865 5369/9/7821 5360/7/7819
f 5374/26/7866 5378/11/7823 5369/9/7821
f 5383/28/7867 5387/13/7825 5378/11/7823
f 5392/30/7868 5396/14/7826 5387/13/7825
f 5329/32/7862 5333/15/7815 5396/14/7826
f 5339/47/7817 5346/49/7871 5337/48/7869
f 5348/4/7870 5355/80/7911 5346/49/7871
f 5364/50/7872 5355/80/7911 5348/4/7870
f 5373/51/7873 5364/50/7872 5357/6/7818
f 5382/52/7874 5373/51/7873 5366/8/7820
f 5391/53/7875 5382/52/7874 5375/10/7822
f 5393/16/7827 5400/55/7876 5391/53/7875
f 5330/54/7814 5337/81/7869 5400/55/7876
f 5343/56/7877 5344/60/7881 5335/57/7878
f 5352/59/7880 5353/62/7883 5344/60/7881
f 5361/61/7882 5362/64/7885 5353/62/7883
f 5370/63/7884 5371/66/7887 5362/64/7885
f 5379/65/7886 5380/68/7889 5371/66/7887
f 5388/67/7888 5389/70/7891 5380/68/7889
f 5397/69/7890 5398/72/7892 5389/70/7891
f 5334/71/7879 5335/78/7878 5398/72/7892
f 5344/60/7893 5345/74/7897 5336/73/7894
f 5353/62/7896 5354/44/8707 5345/74/7897
f 5363/75/7898 5354/44/8707 5353/62/7896
f 5372/76/7900 5363/75/7898 5362/64/7899
f 5381/43/7902 5372/76/7900 5371/66/7901
f 5390/77/7904 5381/43/7902 5380/68/7903
f 5398/72/7906 5399/79/7907 5390/77/7904
f 5335/78/7895 5336/45/7894 5399/79/7907
f 5341/34/7908 5332/42/7908 5395/41/7908
f 5395/41/7908 5386/40/7908 5368/38/7908
f 5386/40/7908 5377/39/7908 5368/38/7908
f 5368/38/7908 5359/37/7908 5341/34/7908
f 5359/37/7908 5350/36/7908 5341/34/7908
f 5346/49/7871 5343/56/8708 5334/58/7909
f 5352/59/7910 5343/56/8708 5346/49/7871
f 5361/61/7912 5352/59/7910 5355/80/7911
f 5370/63/7913 5361/61/7912 5364/50/7872
f 5379/65/7914 5370/63/7913 5373/51/7873
f 5388/67/7915 5379/65/7914 5382/52/7874
f 5400/55/7876 5397/69/7916 5388/67/7915
f 5337/81/7869 5334/71/7909 5397/69/7916
f 5414/1/7917 5405/3/7932 5402/2/7918
f 5423/5/7920 5414/1/7917 5411/47/7919
f 5423/5/7920 5420/4/7921 5429/6/7922
f 5432/7/7923 5429/6/7922 5438/8/7924
f 5441/9/7925 5438/8/7924 5447/10/7926
f 5450/11/7927 5447/10/7926 5456/12/7928
f 5468/14/7930 5459/13/7929 5456/12/7928
f 5405/15/7932 5468/14/7930 5465/16/7931
f 5403/18/7933 5401/46/7948 5410/17/7934
f 5412/19/7935 5410/17/7934 5419/20/7936
f 5421/21/7937 5419/20/7936 5428/22/7938
f 5430/23/7939 5428/22/7938 5437/24/7940
f 5439/25/7941 5437/24/7940 5446/26/7942
f 5448/27/7943 5446/26/7942 5455/28/7944
f 5457/29/7945 5455/28/7944 5464/30/7946
f 5466/31/7947 5464/30/7946 5401/32/7948
f 5413/34/7949 5404/35/7964 5403/18/7950
f 5422/36/7952 5413/34/7949 5412/19/7951
f 5422/36/7952 5421/21/7953 5430/23/7954
f 5431/37/7955 5430/23/7954 5439/25/7956
f 5440/38/7957 5439/25/7956 5448/27/7958
f 5449/39/7959 5448/27/7958 5457/29/7960
f 5467/41/7962 5458/40/7961 5457/29/7960
f 5404/42/7964 5467/41/7962 5466/31/7963
f 5345/74/7965 5354/44/7965 5399/79/7965
f 5354/44/7965 5363/75/8709 5381/43/7966
f 5363/75/8709 5372/76/8709 5381/43/7966
f 5381/43/7966 5390/77/8710 5399/79/7965
f 5399/79/7965 5336/73/8709 5345/74/7965
f 5410/17/7967 5401/46/7974 5405/3/7932
f 5419/20/7968 5410/17/7967 5414/1/7917
f 5428/22/7969 5419/20/7968 5423/5/7920
f 5437/24/7970 5428/22/7969 5432/7/7923
f 5446/26/7971 5437/24/7970 5441/9/7925
f 5455/28/7972 5446/26/7971 5450/11/7927
f 5464/30/7973 5455/28/7972 5459/13/7929
f 5401/32/7974 5464/30/7973 5468/14/7930
f 5411/47/7919 5402/2/7918 5409/48/7975
f 5420/4/7921 5411/47/7919 5418/49/7976
f 5420/4/7921 5427/80/7977 5436/50/7978
f 5429/6/7922 5436/50/7978 5445/51/7979
f 5438/8/7924 5445/51/7979 5454/52/7980
f 5447/10/7926 5454/52/7980 5463/53/7981
f 5465/16/7931 5456/12/7928 5463/53/7981
f 5402/54/7918 5465/16/7931 5472/55/7982
f 5415/56/7983 5406/58/7998 5407/57/7984
f 5424/59/7986 5415/56/7983 5416/60/7985
f 5433/61/7988 5424/59/7986 5425/62/7987
f 5442/63/7990 5433/61/7988 5434/64/7989
f 5451/65/7992 5442/63/7990 5443/66/7991
f 5460/67/7994 5451/65/7992 5452/68/7993
f 5469/69/7996 5460/67/7994 5461/70/7995
f 5406/71/7998 5469/69/7996 5470/72/7997
f 5416/60/7999 5407/57/8014 5408/73/8000
f 5425/62/8002 5416/60/7999 5417/74/8001
f 5425/62/8002 5426/44/8003 5435/75/8004
f 5434/64/8005 5435/75/8004 5444/76/8006
f 5443/66/8007 5444/76/8006 5453/43/8008
f 5452/68/8009 5453/43/8008 5462/77/8010
f 5470/72/8012 5461/70/8011 5462/77/8010
f 5407/78/8014 5470/72/8012 5471/79/8013
f 5449/39/8711 5458/40/8015 5440/38/8015
f 5458/40/8015 5467/41/8015 5404/35/8015
f 5404/35/8015 5413/34/8712 5422/36/8015
f 5422/36/8015 5431/37/8015 5440/38/8015
f 5458/40/8015 5404/35/8015 5440/38/8015
f 5418/49/7976 5409/48/7975 5406/58/8016
f 5418/49/7976 5415/56/8017 5424/59/8018
f 5427/80/7977 5424/59/8018 5433/61/8019
f 5436/50/7978 5433/61/8019 5442/63/8020
f 5445/51/7979 5442/63/8020 5451/65/8021
f 5454/52/7980 5451/65/8021 5460/67/8022
f 5472/55/7982 5463/53/7981 5460/67/8022
f 5409/81/7975 5472/55/7982 5469/69/8023
f 5486/1/8024 5483/47/8028 5474/2/8025
f 5495/5/8027 5492/4/8081 5483/47/8028
f 5501/6/8029 5492/4/8081 5495/5/8027
f 5510/8/8031 5501/6/8029 5504/7/8030
f 5519/10/8033 5510/8/8031 5513/9/8032
f 5531/13/8035 5528/12/8037 5519/10/8033
f 5540/14/8036 5537/16/8038 5528/12/8037
f 5477/15/8026 5474/54/8025 5537/16/8038
f 5482/17/8039 5473/46/8054 5475/18/8040
f 5491/20/8042 5482/17/8039 5484/19/8041
f 5500/22/8044 5491/20/8042 5493/21/8043
f 5509/24/8046 5500/22/8044 5502/23/8045
f 5518/26/8048 5509/24/8046 5511/25/8047
f 5527/28/8050 5518/26/8048 5520/27/8049
f 5536/30/8052 5527/28/8050 5529/29/8051
f 5473/32/8054 5536/30/8052 5538/31/8053
f 5485/34/8055 5484/19/8059 5475/18/8056
f 5494/36/8058 5493/21/8713 5484/19/8059
f 5502/23/8060 5493/21/8713 5494/36/8058
f 5511/25/8062 5502/23/8060 5503/37/8061
f 5520/27/8064 5511/25/8062 5512/38/8063
f 5529/29/8066 5520/27/8064 5521/39/8065
f 5539/41/8068 5538/31/8069 5529/29/8066
f 5476/42/8057 5475/33/8056 5538/31/8069
f 5561/74/8071 5552/45/8070 5615/79/8070
f 5615/79/8070 5606/77/8070 5597/43/8070
f 5597/43/8070 5588/76/8714 5579/75/8071
f 5579/75/8071 5570/44/8071 5561/74/8071
f 5561/74/8071 5615/79/8070 5579/75/8071
f 5482/17/8072 5486/1/8024 5477/3/8026
f 5491/20/8074 5495/5/8027 5486/1/8024
f 5500/22/8075 5504/7/8030 5495/5/8027
f 5509/24/8076 5513/9/8032 5504/7/8030
f 5518/26/8077 5522/11/8034 5513/9/8032
f 5527/28/8078 5531/13/8035 5522/11/8034
f 5536/30/8079 5540/14/8036 5531/13/8035
f 5473/32/8073 5477/15/8026 5540/14/8036
f 5483/47/8028 5490/49/8082 5481/48/8080
f 5492/4/8081 5499/80/8122 5490/49/8082
f 5508/50/8083 5499/80/8122 5492/4/8081
f 5517/51/8084 5508/50/8083 5501/6/8029
f 5526/52/8085 5517/51/8084 5510/8/8031
f 5535/53/8086 5526/52/8085 5519/10/8033
f 5537/16/8038 5544/55/8087 5535/53/8086
f 5474/54/8025 5481/81/8080 5544/55/8087
f 5487/56/8088 5488/60/8092 5479/57/8089
f 5496/59/8091 5497/62/8094 5488/60/8092
f 5505/61/8093 5506/64/8096 5497/62/8094
f 5514/63/8095 5515/66/8098 5506/64/8096
f 5523/65/8097 5524/68/8100 5515/66/8098
f 5532/67/8099 5533/70/8102 5524/68/8100
f 5541/69/8101 5542/72/8103 5533/70/8102
f 5478/71/8090 5479/78/8089 5542/72/8103
f 5488/60/8104 5489/74/8108 5480/73/8105
f 5497/62/8107 5498/44/8715 5489/74/8108
f 5507/75/8109 5498/44/8715 5497/62/8107
f 5516/76/8111 5507/75/8109 5506/64/8110
f 5525/43/8113 5516/76/8111 5515/66/8112
f 5534/77/8115 5525/43/8113 5524/68/8114
f 5542/72/8117 5543/79/8118 5534/77/8115
f 5479/78/8106 5480/45/8105 5543/79/8118
f 5485/34/8119 5476/42/8119 5521/39/8119
f 5476/42/8119 5539/41/8119 5521/39/8119
f 5539/41/8119 5530/40/8119 5521/39/8119
f 5521/39/8119 5512/38/8119 5485/34/8119
f 5512/38/8119 5503/37/8119 5485/34/8119
f 5490/49/8082 5487/56/8716 5478/58/8120
f 5496/59/8121 5487/56/8716 5490/49/8082
f 5505/61/8123 5496/59/8121 5499/80/8122
f 5514/63/8124 5505/61/8123 5508/50/8083
f 5523/65/8125 5514/63/8124 5517/51/8084
f 5532/67/8126 5523/65/8125 5526/52/8085
f 5544/55/8087 5541/69/8127 5532/67/8126
f 5481/81/8080 5478/71/8120 5541/69/8127
f 5558/1/8128 5549/3/8143 5546/2/8129
f 5567/5/8131 5558/1/8128 5555/47/8130
f 5567/5/8131 5564/4/8132 5573/6/8133
f 5576/7/8134 5573/6/8133 5582/8/8135
f 5585/9/8136 5582/8/8135 5591/10/8137
f 5594/11/8138 5591/10/8137 5600/12/8139
f 5612/14/8141 5603/13/8140 5600/12/8139
f 5549/15/8143 5612/14/8141 5609/16/8142
f 5547/18/8144 5545/46/8159 5554/17/8145
f 5556/19/8146 5554/17/8145 5563/20/8147
f 5565/21/8148 5563/20/8147 5572/22/8149
f 5574/23/8150 5572/22/8149 5581/24/8151
f 5583/25/8152 5581/24/8151 5590/26/8153
f 5592/27/8154 5590/26/8153 5599/28/8155
f 5601/29/8156 5599/28/8155 5608/30/8157
f 5610/31/8158 5608/30/8157 5545/32/8159
f 5557/34/8160 5548/35/8175 5547/18/8161
f 5566/36/8163 5557/34/8160 5556/19/8162
f 5566/36/8163 5565/21/8164 5574/23/8165
f 5575/37/8166 5574/23/8165 5583/25/8167
f 5584/38/8168 5583/25/8167 5592/27/8169
f 5593/39/8170 5592/27/8169 5601/29/8171
f 5611/41/8173 5602/40/8172 5601/29/8171
f 5548/42/8175 5611/41/8173 5610/31/8174
f 5489/74/8176 5498/44/8177 5507/75/8177
f 5507/75/8177 5516/76/8177 5525/43/8176
f 5525/43/8176 5534/77/8176 5507/75/8177
f 5534/77/8176 5543/79/8177 5480/73/8176
f 5489/74/8176 5534/77/8176 5480/73/8176
f 5554/17/8178 5545/46/8185 5549/3/8143
f 5563/20/8179 5554/17/8178 5558/1/8128
f 5572/22/8180 5563/20/8179 5567/5/8131
f 5581/24/8181 5572/22/8180 5576/7/8134
f 5590/26/8182 5581/24/8181 5585/9/8136
f 5599/28/8183 5590/26/8182 5594/11/8138
f 5608/30/8184 5599/28/8183 5603/13/8140
f 5545/32/8185 5608/30/8184 5612/14/8141
f 5555/47/8130 5546/2/8129 5553/48/8186
f 5564/4/8132 5555/47/8130 5562/49/8187
f 5564/4/8132 5571/80/8188 5580/50/8189
f 5573/6/8133 5580/50/8189 5589/51/8190
f 5582/8/8135 5589/51/8190 5598/52/8191
f 5591/10/8137 5598/52/8191 5607/53/8192
f 5609/16/8142 5600/12/8139 5607/53/8192
f 5546/54/8129 5609/16/8142 5616/55/8193
f 5559/56/8194 5550/58/8209 5551/57/8195
f 5568/59/8197 5559/56/8194 5560/60/8196
f 5577/61/8199 5568/59/8197 5569/62/8198
f 5586/63/8201 5577/61/8199 5578/64/8200
f 5595/65/8203 5586/63/8201 5587/66/8202
f 5604/67/8205 5595/65/8203 5596/68/8204
f 5613/69/8207 5604/67/8205 5605/70/8206
f 5550/71/8209 5613/69/8207 5614/72/8208
f 5560/60/8210 5551/57/8225 5552/73/8211
f 5569/62/8213 5560/60/8210 5561/74/8212
f 5569/62/8213 5570/44/8214 5579/75/8215
f 5578/64/8216 5579/75/8215 5588/76/8217
f 5587/66/8218 5588/76/8217 5597/43/8219
f 5596/68/8220 5597/43/8219 5606/77/8221
f 5614/72/8223 5605/70/8222 5606/77/8221
f 5551/78/8225 5614/72/8223 5615/79/8224
f 5593/39/8226 5602/40/8226 5611/41/8226
f 5611/41/8226 5548/35/8226 5593/39/8226
f 5548/35/8226 5557/34/8226 5593/39/8226
f 5557/34/8226 5566/36/8226 5575/37/8226
f 5575/37/8226 5584/38/8226 5557/34/8226
f 5562/49/8187 5553/48/8186 5550/58/8227
f 5562/49/8187 5559/56/8228 5568/59/8229
f 5571/80/8188 5568/59/8229 5577/61/8230
f 5580/50/8189 5577/61/8230 5586/63/8231
f 5589/51/8190 5586/63/8231 5595/65/8232
f 5598/52/8191 5595/65/8232 5604/67/8233
f 5616/55/8193 5607/53/8192 5604/67/8233
f 5553/81/8186 5616/55/8193 5613/69/8234
f 5630/1/8235 5627/47/8239 5618/2/8236
f 5639/5/8238 5636/4/8292 5627/47/8239
f 5645/6/8240 5636/4/8292 5639/5/8238
f 5654/8/8242 5645/6/8240 5648/7/8241
f 5663/10/8244 5654/8/8242 5657/9/8243
f 5672/12/8246 5663/10/8244 5666/11/8245
f 5684/14/8248 5681/16/8249 5672/12/8246
f 5621/15/8237 5618/54/8236 5681/16/8249
f 5626/17/8250 5617/46/8265 5619/18/8251
f 5635/20/8253 5626/17/8250 5628/19/8252
f 5644/22/8255 5635/20/8253 5637/21/8254
f 5653/24/8257 5644/22/8255 5646/23/8256
f 5662/26/8259 5653/24/8257 5655/25/8258
f 5671/28/8261 5662/26/8259 5664/27/8260
f 5680/30/8263 5671/28/8261 5673/29/8262
f 5617/32/8265 5680/30/8263 5682/31/8264
f 5629/34/8266 5628/19/8270 5619/18/8267
f 5638/36/8269 5637/21/8717 5628/19/8270
f 5646/23/8271 5637/21/8717 5638/36/8269
f 5655/25/8273 5646/23/8271 5647/37/8272
f 5664/27/8275 5655/25/8273 5656/38/8274
f 5673/29/8277 5664/27/8275 5665/39/8276
f 5683/41/8279 5682/31/8280 5673/29/8277
f 5620/42/8268 5619/33/8267 5682/31/8280
f 5705/74/8281 5696/45/8281 5714/44/8281
f 5696/45/8281 5759/79/8281 5750/77/8281
f 5741/43/8281 5696/45/8281 5750/77/8281
f 5741/43/8281 5732/76/8282 5723/75/8282
f 5723/75/8282 5714/44/8281 5696/45/8281
f 5626/17/8283 5630/1/8235 5621/3/8237
f 5635/20/8285 5639/5/8238 5630/1/8235
f 5644/22/8286 5648/7/8241 5639/5/8238
f 5653/24/8287 5657/9/8243 5648/7/8241
f 5662/26/8288 5666/11/8245 5657/9/8243
f 5671/28/8289 5675/13/8247 5666/11/8245
f 5680/30/8290 5684/14/8248 5675/13/8247
f 5617/32/8284 5621/15/8237 5684/14/8248
f 5627/47/8239 5634/49/8293 5625/48/8291
f 5636/4/8292 5643/80/8333 5634/49/8293
f 5652/50/8294 5643/80/8333 5636/4/8292
f 5661/51/8295 5652/50/8294 5645/6/8240
f 5670/52/8296 5661/51/8295 5654/8/8242
f 5679/53/8297 5670/52/8296 5663/10/8244
f 5681/16/8249 5688/55/8298 5679/53/8297
f 5618/54/8236 5625/81/8291 5688/55/8298
f 5631/56/8299 5632/60/8303 5623/57/8300
f 5640/59/8302 5641/62/8305 5632/60/8303
f 5649/61/8304 5650/64/8307 5641/62/8305
f 5658/63/8306 5659/66/8309 5650/64/8307
f 5667/65/8308 5668/68/8311 5659/66/8309
f 5676/67/8310 5677/70/8313 5668/68/8311
f 5685/69/8312 5686/72/8314 5677/70/8313
f 5622/71/8301 5623/78/8300 5686/72/8314
f 5632/60/8315 5633/74/8319 5624/73/8316
f 5641/62/8318 5642/44/8718 5633/74/8319
f 5651/75/8320 5642/44/8718 5641/62/8318
f 5660/76/8322 5651/75/8320 5650/64/8321
f 5669/43/8324 5660/76/8322 5659/66/8323
f 5678/77/8326 5669/43/8324 5668/68/8325
f 5686/72/8328 5687/79/8329 5678/77/8326
f 5623/78/8317 5624/45/8316 5687/79/8329
f 5629/34/8330 5620/42/8330 5683/41/8330
f 5683/41/8330 5674/40/8719 5665/39/8330
f 5665/39/8330 5656/38/8330 5647/37/8330
f 5647/37/8330 5638/36/8330 5629/34/8330
f 5629/34/8330 5683/41/8330 5665/39/8330
f 5634/49/8293 5631/56/8720 5622/58/8331
f 5640/59/8332 5631/56/8720 5634/49/8293
f 5649/61/8334 5640/59/8332 5643/80/8333
f 5658/63/8335 5649/61/8334 5652/50/8294
f 5667/65/8336 5658/63/8335 5661/51/8295
f 5676/67/8337 5667/65/8336 5670/52/8296
f 5688/55/8298 5685/69/8338 5676/67/8337
f 5625/81/8291 5622/71/8331 5685/69/8338
f 5702/1/8339 5693/3/8354 5690/2/8340
f 5702/1/8339 5699/47/8341 5708/4/8342
f 5711/5/8343 5708/4/8342 5717/6/8344
f 5720/7/8345 5717/6/8344 5726/8/8346
f 5729/9/8347 5726/8/8346 5735/10/8348
f 5738/11/8349 5735/10/8348 5744/12/8350
f 5756/14/8352 5747/13/8351 5744/12/8350
f 5693/15/8354 5756/14/8352 5753/16/8353
f 5691/18/8355 5689/46/8370 5698/17/8356
f 5700/19/8357 5698/17/8356 5707/20/8358
f 5709/21/8359 5707/20/8358 5716/22/8360
f 5718/23/8361 5716/22/8360 5725/24/8362
f 5727/25/8363 5725/24/8362 5734/26/8364
f 5736/27/8365 5734/26/8364 5743/28/8366
f 5745/29/8367 5743/28/8366 5752/30/8368
f 5754/31/8369 5752/30/8368 5689/32/8370
f 5701/34/8371 5692/35/8386 5691/18/8372
f 5710/36/8374 5701/34/8371 5700/19/8373
f 5710/36/8374 5709/21/8375 5718/23/8376
f 5719/37/8377 5718/23/8376 5727/25/8378
f 5728/38/8379 5727/25/8378 5736/27/8380
f 5737/39/8381 5736/27/8380 5745/29/8382
f 5755/41/8384 5746/40/8383 5745/29/8382
f 5692/42/8386 5755/41/8384 5754/31/8385
f 5633/74/8387 5642/44/8387 5678/77/8387
f 5642/44/8387 5651/75/8721 5678/77/8387
f 5651/75/8721 5660/76/8721 5678/77/8387
f 5660/76/8721 5669/43/8387 5678/77/8387
f 5678/77/8387 5687/79/8387 5633/74/8387
f 5698/17/8389 5689/46/8396 5693/3/8354
f 5707/20/8390 5698/17/8389 5702/1/8339
f 5716/22/8391 5707/20/8390 5711/5/8343
f 5725/24/8392 5716/22/8391 5720/7/8345
f 5734/26/8393 5725/24/8392 5729/9/8347
f 5743/28/8394 5734/26/8393 5738/11/8349
f 5752/30/8395 5743/28/8394 5747/13/8351
f 5689/32/8396 5752/30/8395 5756/14/8352
f 5699/47/8341 5690/2/8340 5697/48/8397
f 5708/4/8342 5699/47/8341 5706/49/8398
f 5708/4/8342 5715/80/8399 5724/50/8400
f 5717/6/8344 5724/50/8400 5733/51/8401
f 5726/8/8346 5733/51/8401 5742/52/8402
f 5735/10/8348 5742/52/8402 5751/53/8403
f 5753/16/8353 5744/12/8350 5751/53/8403
f 5690/54/8340 5753/16/8353 5760/55/8404
f 5703/56/8405 5694/58/8420 5695/57/8406
f 5712/59/8408 5703/56/8405 5704/60/8407
f 5721/61/8410 5712/59/8408 5713/62/8409
f 5730/63/8412 5721/61/8410 5722/64/8411
f 5739/65/8414 5730/63/8412 5731/66/8413
f 5748/67/8416 5739/65/8414 5740/68/8415
f 5757/69/8418 5748/67/8416 5749/70/8417
f 5694/71/8420 5757/69/8418 5758/72/8419
f 5704/60/8421 5695/57/8436 5696/73/8422
f 5713/62/8424 5704/60/8421 5705/74/8423
f 5713/62/8424 5714/44/8425 5723/75/8426
f 5722/64/8427 5723/75/8426 5732/76/8428
f 5731/66/8429 5732/76/8428 5741/43/8430
f 5740/68/8431 5741/43/8430 5750/77/8432
f 5758/72/8434 5749/70/8433 5750/77/8432
f 5695/78/8436 5758/72/8434 5759/79/8435
f 5737/39/8437 5746/40/8437 5710/36/8437
f 5746/40/8437 5755/41/8437 5710/36/8437
f 5755/41/8437 5692/35/8437 5701/34/8437
f 5701/34/8437 5710/36/8437 5755/41/8437
f 5710/36/8437 5719/37/8437 5737/39/8437
f 5706/49/8398 5697/48/8397 5694/58/8438
f 5706/49/8398 5703/56/8439 5712/59/8440
f 5715/80/8399 5712/59/8440 5721/61/8441
f 5724/50/8400 5721/61/8441 5730/63/8442
f 5733/51/8401 5730/63/8442 5739/65/8443
f 5742/52/8402 5739/65/8443 5748/67/8444
f 5760/55/8404 5751/53/8403 5748/67/8444
f 5697/81/8397 5760/55/8404 5757/69/8445
