# Blender 5.1.2
# www.blender.org
o 0004_16_Black1
v -152.952957 -72.728790 29.582176
v -151.571747 -72.072021 24.354261
v -152.599487 -72.560715 26.891636
v -154.216553 -70.955231 29.495937
v -153.911346 -70.693657 26.768864
v -153.085632 -69.801331 24.247789
v -154.130630 -71.307671 29.495937
v -153.775345 -71.022285 26.768864
v -152.949615 -70.129967 24.247789
v -152.374908 -74.828323 29.495937
v -151.979370 -74.756691 26.768864
v -150.766083 -74.679474 24.247789
v -152.594040 -74.539223 29.495937
v -152.148422 -74.443779 26.768864
v -150.935120 -74.366554 24.247789
v -153.632248 -71.288147 29.554449
v -154.025085 -70.894302 29.518658
v -153.868912 -70.913399 29.535755
v -152.895569 -69.740669 24.270399
v -152.458939 -70.212852 24.312054
v -152.738708 -69.757782 24.287926
v -153.720917 -70.632942 26.791712
v -153.319366 -71.039841 26.839716
v -153.564484 -70.650871 26.810459
v -152.206787 -74.718269 29.518658
v -152.264328 -74.164993 29.554449
v -152.123032 -74.585091 29.535755
v -150.689713 -73.933655 24.312050
v -150.599045 -74.570343 24.270399
v -150.513351 -74.437889 24.287926
v -151.874237 -74.079041 26.839714
v -151.812103 -74.647316 26.791714
v -151.727280 -74.514679 26.810461
v -152.776215 -72.644753 28.236906
v -152.085617 -72.316376 25.622948
v -154.063950 -70.824448 28.132401
v -153.498489 -70.247505 25.508327
v -153.952988 -71.164978 28.132401
v -153.362473 -70.576126 25.508327
v -153.017639 -69.965660 24.247789
v -153.843338 -70.857971 26.768864
v -154.173599 -71.131454 29.495937
v -152.177139 -74.792511 28.132401
v -151.372726 -74.718086 25.508327
v -152.371231 -74.491501 28.132401
v -151.541763 -74.405167 25.508327
v -150.850616 -74.523018 24.247789
v -152.063889 -74.600235 26.768864
v -152.484482 -74.683777 29.495937
v -153.789764 -70.994995 29.542923
v -153.942139 -70.890869 29.528023
v -153.484177 -70.733490 26.820061
v -152.889160 -70.626343 25.575886
v -152.653839 -69.848129 24.296047
v -153.151596 -70.204323 25.549192
v -153.637955 -70.629120 26.801662
v -152.812439 -69.736549 24.279911
v -153.308228 -70.186798 25.531054
v -153.475815 -71.163994 28.197083
v -153.716705 -70.782135 28.173105
v -153.872986 -70.763618 28.155188
v -152.151779 -74.656113 29.528023
v -152.136353 -74.472183 29.542923
v -151.756760 -74.585388 26.801662
v -151.205566 -74.608826 25.531055
v -150.543396 -74.508476 24.279909
v -151.120300 -74.476288 25.549189
v -151.740646 -74.400238 26.820061
v -150.529846 -74.315033 24.296045
v -151.281967 -74.006332 25.575884
v -152.009445 -74.682800 28.155184
v -151.925156 -74.549889 28.173107
v -152.069290 -74.122017 28.197083
v -154.118011 -70.919083 29.507729
v -153.006470 -71.696930 26.872768
v -153.337006 -71.911507 29.572233
v -153.813477 -70.657745 26.780607
v -152.988007 -69.765503 24.259480
v -152.073914 -71.013130 24.338921
v -152.284668 -74.774704 29.507729
v -152.186401 -73.421600 26.872768
v -152.561447 -73.542526 29.572233
v -151.889740 -74.703461 26.780607
v -150.676666 -74.626373 24.259480
v -151.067383 -73.129890 24.338921
v -153.430481 -70.411812 25.508326
v -154.008469 -70.994713 28.132401
v -151.457245 -74.561623 25.508326
v -152.274170 -74.641998 28.132401
v -153.069016 -70.290817 25.558052
v -153.225174 -70.182816 25.540789
v -153.636963 -70.864250 28.181488
v -153.790054 -70.759995 28.164841
v -151.150070 -74.546936 25.540783
v -151.135239 -74.357635 25.558050
v -151.954269 -74.620743 28.164841
v -151.938507 -74.436211 28.181488
v -153.171753 -71.804214 28.222502
v -153.965744 -70.788414 28.144169
v -153.400726 -70.211617 25.520044
v -152.540176 -71.355019 25.605843
v -152.373917 -73.482071 28.222500
v -152.087204 -74.739082 28.144169
v -151.283203 -74.664909 25.520044
v -151.626877 -73.275734 25.605841
v -140.405640 -94.711861 29.582176
v -139.137726 -93.856583 24.354261
v -140.081161 -94.492989 26.891636
v -141.919449 -93.146431 29.495937
v -141.656631 -92.842293 26.768864
v -140.973129 -91.836876 24.247789
v -141.781952 -93.482124 29.495937
v -141.473160 -93.146980 26.768864
v -140.789658 -92.141563 24.247789
v -139.521133 -96.701805 29.495937
v -139.140701 -96.572014 26.768864
v -137.952469 -96.314842 24.247789
v -139.780914 -96.448586 29.495937
v -139.354507 -96.287788 26.768864
v -138.166275 -96.030617 24.247789
v -141.292053 -93.388557 29.554449
v -141.739197 -93.057655 29.518658
v -141.581924 -93.053253 29.535755
v -140.794235 -91.748558 24.270399
v -140.292099 -92.150398 24.312054
v -140.636581 -91.742111 24.287926
v -141.477371 -92.753876 26.791712
v -141.019669 -93.096382 26.839716
v -141.320023 -92.748291 26.810459
v -139.371292 -96.567917 29.518658
v -139.510651 -96.029396 29.554449
v -139.308334 -96.423752 29.535755
v -137.988113 -95.565964 24.312050
v -137.803558 -96.182037 24.270399
v -137.738556 -96.038292 24.287926
v -139.137741 -95.886269 26.839714
v -138.991592 -96.438934 26.791714
v -138.927490 -96.295128 26.810461
v -140.243393 -94.602425 28.236906
v -139.609451 -94.174789 25.622948
v -141.788040 -92.994362 28.132401
v -141.314880 -92.339584 25.508327
v -141.627548 -93.314552 28.132401
v -141.131409 -92.644272 25.508327
v -140.881393 -91.989227 24.247789
v -141.564880 -92.994629 26.768864
v -141.850708 -93.314285 29.495937
v -139.330917 -96.636909 28.132401
v -138.546600 -96.443436 25.508327
v -139.567703 -96.368187 28.132401
v -138.760376 -96.159195 25.508327
v -138.059372 -96.172729 24.247789
v -139.247589 -96.429901 26.768864
v -139.651031 -96.575195 29.495937
v -141.491486 -93.122147 29.542923
v -141.657684 -93.041893 29.528023
v -141.228302 -92.818016 26.820061
v -140.655884 -92.623390 25.575886
v -140.539185 -91.818802 24.296047
v -140.978302 -92.245193 25.549192
v -141.395905 -92.737732 26.801662
v -140.712646 -91.732094 24.279911
v -141.135788 -92.251213 25.531054
v -141.155869 -93.242470 28.197083
v -141.450974 -92.900772 28.173105
v -141.608276 -92.905754 28.155188
v -139.326187 -96.498260 29.528023
v -139.338318 -96.314087 29.542923
v -138.946106 -96.369446 26.801662
v -138.397568 -96.310478 25.531055
v -137.757751 -96.112572 24.279909
v -138.333023 -96.166718 25.549189
v -138.957764 -96.183968 26.820061
v -137.773193 -95.919266 24.296045
v -138.562912 -95.726105 25.575884
v -139.181442 -96.503433 28.155184
v -139.117920 -96.359444 28.173107
v -139.324203 -95.957832 28.197083
v -141.827393 -93.096001 29.507729
v -140.612350 -93.699501 26.872768
v -140.907211 -93.960945 29.572233
v -141.565201 -92.792198 26.780607
v -140.881927 -91.786896 24.259480
v -139.792114 -92.884354 24.338921
v -139.439911 -96.635338 29.507729
v -139.544388 -95.282692 26.872768
v -139.897217 -95.458160 29.572233
v -139.060013 -96.506020 26.780607
v -137.871979 -96.249008 24.259480
v -138.481354 -94.827469 24.338921
v -141.223145 -92.491928 25.508326
v -141.707794 -93.154465 28.132401
v -138.653473 -96.301315 25.508326
v -139.449295 -96.502541 28.132401
v -140.883743 -92.318413 25.558052
v -141.054260 -92.234901 25.540789
v -141.359894 -92.970085 28.181488
v -141.526794 -92.889809 28.164841
v -138.351913 -96.241005 25.540783
v -138.365463 -96.051613 25.558050
v -139.136139 -96.433846 28.164841
v -139.148041 -96.249031 28.181488
v -140.759781 -93.830231 28.222502
v -141.696304 -92.944099 28.144169
v -141.223557 -92.289536 25.520044
v -140.202209 -93.291916 25.605843
v -139.720795 -95.370430 28.222500
v -139.249954 -96.570686 28.144169
v -138.465988 -96.377502 25.520044
v -139.012848 -95.055069 25.605841
v -124.722198 -114.579460 29.582176
v -123.595924 -113.544769 24.354261
v -124.433975 -114.314674 26.891636
v -126.452415 -113.257126 29.495937
v -126.237854 -112.917213 26.768864
v -125.711823 -111.821159 24.247789
v -126.266426 -113.568581 29.495937
v -126.011032 -113.191154 26.768864
v -125.485001 -112.095100 24.247789
v -123.551018 -116.415359 29.495937
v -123.194168 -116.230324 26.768864
v -122.057526 -115.798927 24.247789
v -123.845619 -116.203682 29.495937
v -123.447937 -115.981133 26.768864
v -122.311295 -115.549736 24.247789
v -125.795944 -113.403038 29.554449
v -126.287407 -113.142471 29.518658
v -126.132545 -113.114685 29.535755
v -125.548088 -111.707169 24.270399
v -124.991676 -112.029678 24.312054
v -125.393150 -111.677292 24.287926
v -126.073784 -112.803070 26.791712
v -125.570145 -113.073532 26.839716
v -125.919022 -112.774094 26.810459
v -123.422798 -116.260635 29.518658
v -123.640854 -115.748894 29.554449
v -123.382011 -116.108688 29.535755
v -122.204384 -115.063736 24.312050
v -121.930084 -115.645416 24.270399
v -121.887230 -115.493584 24.287926
v -123.293427 -115.551788 26.839714
v -123.066551 -116.076508 26.791714
v -123.024590 -115.924751 26.810461
v -124.578087 -114.447067 28.236906
v -124.014954 -113.929726 25.622948
v -126.345131 -113.087166 28.132401
v -125.974838 -112.369186 25.508327
v -126.138725 -113.379868 28.132401
v -125.748009 -112.643120 25.508327
v -125.598419 -111.958138 24.247789
v -126.124435 -113.054184 26.768864
v -126.359428 -113.412857 29.495937
v -123.372597 -116.322838 28.132401
v -122.625854 -116.014633 25.508327
v -123.646782 -116.092407 28.132401
v -122.879616 -115.765434 25.508327
v -122.184418 -115.674339 24.247789
v -123.321045 -116.105728 26.768864
v -123.698326 -116.309525 29.495937
v -126.032852 -113.169319 29.542923
v -126.209160 -113.114738 29.528023
v -125.817917 -112.829376 26.820061
v -125.280914 -112.551613 25.575886
v -125.285431 -111.738609 24.296047
v -125.656082 -112.225693 25.549192
v -125.995628 -112.774963 26.801662
v -125.469872 -111.678726 24.279911
v -125.810921 -112.255104 25.531054
v -125.683044 -113.238297 28.197083
v -126.025780 -112.944389 28.173105
v -126.180580 -112.972763 28.155188
v -123.388565 -116.185036 29.528023
v -123.428024 -116.004723 29.542923
v -123.031929 -116.001007 26.801662
v -122.498314 -115.860954 25.531055
v -121.895134 -115.569901 24.279909
v -122.455910 -115.709175 25.549189
v -123.071106 -115.819336 26.820061
v -121.939209 -115.381050 24.296045
v -122.748894 -115.307747 25.575884
v -123.244682 -116.168571 28.155184
v -123.203308 -116.016724 28.173107
v -123.467148 -115.650345 28.197083
v -126.368896 -113.193535 29.507729
v -125.077477 -113.609215 26.872768
v -125.330078 -113.911674 29.572233
v -126.154922 -112.854042 26.780607
v -125.629097 -111.758141 24.259480
v -124.387886 -112.680916 24.338921
v -123.480591 -116.337517 29.507729
v -123.785500 -115.015572 26.872768
v -124.108238 -115.241653 29.572233
v -123.124207 -116.153038 26.780607
v -121.987740 -115.721832 24.259480
v -122.802177 -114.406990 24.338921
v -125.861420 -112.506157 25.508326
v -126.241928 -113.233521 28.132401
v -122.752731 -115.890038 25.508326
v -123.509674 -116.207619 28.132401
v -125.551682 -112.283989 25.558052
v -125.732727 -112.226822 25.540789
v -125.925385 -112.999352 28.181488
v -126.102394 -112.944855 28.164841
v -122.463531 -115.785454 25.540783
v -122.505157 -115.600197 25.558050
v -123.210243 -116.093018 28.164841
v -123.249573 -115.912041 28.181488
v -125.203789 -113.760452 28.222502
v -126.261909 -113.023804 28.144169
v -125.891998 -112.306084 25.520044
v -124.732666 -113.145050 25.605843
v -123.946869 -115.128609 28.222500
v -123.302406 -116.245285 28.144169
v -122.555969 -115.937431 25.520044
v -123.293823 -114.711258 25.605841
v -106.252968 -131.887787 29.582176
v -105.293472 -130.696808 24.354261
v -106.007423 -131.583008 26.891636
v -108.160927 -130.838089 29.495937
v -107.999428 -130.469986 26.768864
v -107.642616 -129.307785 24.247789
v -107.930603 -131.118362 29.495937
v -107.734306 -130.707077 26.768864
v -107.377502 -129.544876 24.247789
v -104.821251 -133.528641 29.495937
v -104.495964 -133.292496 26.768864
v -103.436317 -132.696518 24.247789
v -105.144104 -133.363235 29.495937
v -104.784035 -133.083908 26.768864
v -103.724380 -132.487930 24.247789
v -107.490051 -130.884537 29.554449
v -108.014854 -130.700119 29.518658
v -107.865860 -130.649582 29.535755
v -107.497704 -129.170670 24.270399
v -106.899445 -129.406662 24.312054
v -107.348953 -129.118027 24.287926
v -107.854195 -130.332672 26.791712
v -107.315872 -130.525055 26.839716
v -107.705482 -130.280960 26.810459
v -104.717529 -133.356537 29.518658
v -105.009415 -132.883011 29.554449
v -104.699844 -133.200211 29.535755
v -103.691093 -131.991409 24.312050
v -103.333168 -132.525726 24.270399
v -103.313416 -132.369202 24.287926
v -104.695236 -132.636322 26.839714
v -104.392693 -133.121368 26.791714
v -104.373825 -132.965057 26.810461
v -106.130196 -131.735397 28.236906
v -105.650452 -131.139923 25.622948
v -108.080177 -130.654037 28.132401
v -107.821030 -129.888901 25.508327
v -107.832451 -130.912720 28.132401
v -107.555901 -130.125977 25.508327
v -107.510071 -129.426331 24.247789
v -107.866859 -130.588531 26.768864
v -108.045776 -130.978226 29.495937
v -104.658607 -133.410568 28.132401
v -103.966141 -132.994522 25.508327
v -104.964073 -133.223572 28.132401
v -104.254204 -132.785919 25.508327
v -103.580353 -132.592224 24.247789
v -104.639992 -133.188202 26.768864
v -104.982681 -133.445938 29.495937
v -107.759140 -130.688736 29.542923
v -107.941620 -130.661041 29.528023
v -107.597275 -130.320557 26.820061
v -107.107658 -129.965851 25.575886
v -107.233292 -129.162613 24.296047
v -107.527222 -129.699493 25.549192
v -107.781105 -130.293243 26.801662
v -107.424599 -129.130890 24.279911
v -107.675941 -129.751663 25.531054
v -107.402962 -130.704803 28.197083
v -107.785667 -130.465271 28.173105
v -107.934517 -130.516388 28.155188
v -104.694939 -133.276688 29.528023
v -104.760834 -133.104263 29.542923
v -104.369713 -133.041565 26.801662
v -103.862923 -132.823532 25.531055
v -103.309868 -132.445831 24.279909
v -103.843620 -132.667130 25.549189
v -104.435532 -132.867767 26.820061
v -103.381592 -132.265671 24.296045
v -104.193161 -132.313873 25.575884
v -104.555115 -133.238968 28.155184
v -104.536842 -133.082642 28.173107
v -104.852333 -132.759674 28.197083
v -108.087822 -130.762772 29.507729
v -106.748886 -130.981339 26.872768
v -106.953583 -131.318069 29.572233
v -107.926834 -130.395187 26.780607
v -107.570213 -129.233154 24.259480
v -106.205338 -129.960648 24.338921
v -104.763206 -133.441177 29.507729
v -105.261734 -132.179428 26.872768
v -105.547173 -132.451080 29.572233
v -104.438309 -133.205643 26.780607
v -103.378792 -132.609894 24.259480
v -104.380096 -131.431107 24.338921
v -107.688461 -130.007431 25.508326
v -107.956314 -130.783386 28.132401
v -104.110168 -132.890213 25.508326
v -104.811333 -133.317062 28.132401
v -107.415283 -129.741577 25.558052
v -107.602829 -129.712036 25.540789
v -107.678215 -130.504654 28.181488
v -107.861359 -130.477142 28.164841
v -103.839790 -132.743698 25.540783
v -103.908554 -132.566711 25.558050
v -104.532318 -133.159119 28.164841
v -104.598183 -132.986008 28.181488
v -106.851242 -131.149719 28.222502
v -108.007332 -130.578979 28.144169
v -107.748512 -129.814148 25.520044
v -106.477097 -130.470963 25.605843
v -105.404449 -132.315262 28.222500
v -104.600761 -133.323425 28.144169
v -103.908546 -132.907745 25.520044
v -104.820908 -131.805252 25.605841
v -85.410454 -146.250259 29.582176
v -84.639175 -144.929581 24.354261
v -85.213074 -145.912292 26.891636
v -87.453552 -145.496628 29.495937
v -87.348701 -145.108582 26.768864
v -87.169098 -143.906174 24.247789
v -87.184029 -145.739441 29.495937
v -87.051224 -145.303513 26.768864
v -86.871605 -144.101089 24.247789
v -83.750183 -147.659409 29.495937
v -83.463722 -147.377411 26.768864
v -82.504730 -146.630173 24.247789
v -84.094093 -147.543976 29.495937
v -83.779663 -147.214096 26.768864
v -82.820671 -146.466843 24.247789
v -86.783241 -145.442581 29.554449
v -87.329674 -145.338440 29.518658
v -87.189880 -145.266235 29.535755
v -87.046234 -143.748993 24.270399
v -86.419479 -143.893173 24.312054
v -86.906998 -143.674774 24.287926
v -87.225571 -144.951141 26.791712
v -86.664589 -145.061157 26.839716
v -87.086212 -144.877838 26.810459
v -83.673264 -147.473770 29.518658
v -84.032463 -147.049026 29.554449
v -83.679077 -147.316559 29.535755
v -82.861748 -145.970917 24.312050
v -82.428185 -146.445908 24.270399
v -82.431984 -146.288193 24.287926
v -83.758568 -146.758270 26.839714
v -83.387115 -147.192810 26.791714
v -83.391747 -147.035446 26.810461
v -85.311768 -146.081268 28.236906
v -84.926132 -145.420944 25.622948
v -87.401131 -145.302597 28.132401
v -87.258904 -144.507370 25.508327
v -87.117622 -145.521469 28.132401
v -86.961403 -144.702286 25.508327
v -87.020355 -144.003632 24.247789
v -87.199959 -145.206024 26.768864
v -87.318794 -145.618042 29.495937
v -83.606956 -147.518417 28.132401
v -82.984230 -147.003799 25.508327
v -83.936882 -147.379044 28.132401
v -83.300163 -146.840469 25.508327
v -82.662704 -146.548523 24.247789
v -83.621696 -147.295746 26.768864
v -83.922142 -147.601685 29.495937
v -87.078499 -145.289062 29.542923
v -87.263077 -145.288879 29.528023
v -86.973328 -144.900864 26.820061
v -86.542046 -144.477173 25.575886
v -86.785973 -143.701630 24.296047
v -86.996605 -144.276306 25.549192
v -87.159180 -144.901245 26.801662
v -86.979874 -143.698746 24.279911
v -87.135895 -144.350052 25.531054
v -86.723915 -145.251877 28.197083
v -87.138046 -145.072052 28.173105
v -87.277611 -145.144775 28.155188
v -83.662834 -147.391434 29.528023
v -83.753685 -147.230774 29.542923
v -83.376282 -147.110474 26.801662
v -82.907654 -146.819351 25.531055
v -82.417053 -146.363449 24.279909
v -82.911865 -146.661819 25.549189
v -83.467270 -146.948410 26.820061
v -82.514824 -146.195984 24.296045
v -83.310150 -146.364578 25.575884
v -83.530197 -147.333298 28.155184
v -83.535423 -147.175995 28.173107
v -83.895515 -146.903671 28.197083
v -87.392487 -145.411255 29.507729
v -86.035927 -145.427841 26.872768
v -86.188156 -145.791321 29.572233
v -87.288078 -145.023788 26.780607
v -87.108627 -143.821579 24.259480
v -85.650566 -144.337524 24.338921
v -83.705826 -147.564270 29.507729
v -84.386833 -146.390915 26.872768
v -84.628593 -146.702072 29.572233
v -83.419655 -147.282944 26.780607
v -82.460770 -146.535934 24.259480
v -83.626564 -145.519562 24.338921
v -87.110153 -144.604843 25.508326
v -87.259377 -145.412033 28.132401
v -83.142197 -146.922134 25.508326
v -83.771912 -147.448715 28.132401
v -86.879654 -144.301239 25.558052
v -87.069504 -144.299988 25.540789
v -87.025917 -145.094971 28.181488
v -87.211128 -145.095062 28.164841
v -82.896667 -146.736954 25.540783
v -82.991043 -146.572205 25.558050
v -83.519554 -147.250946 28.164841
v -83.610481 -147.089600 28.181488
v -86.112045 -145.609589 28.222502
v -87.340286 -145.217529 28.144169
v -87.198349 -144.422668 25.520044
v -85.843231 -144.882660 25.605843
v -84.507713 -146.546494 28.222500
v -83.562744 -147.423615 28.144169
v -82.940201 -146.909424 25.520044
v -84.006683 -145.955200 25.605841
v -62.660175 -157.346054 29.582176
v -62.094334 -155.925186 24.354261
v -62.515369 -156.982437 26.891636
v -64.792770 -156.905334 29.495937
v -64.746925 -156.505997 26.768864
v -64.748520 -155.290253 24.247789
v -64.490067 -157.105255 29.495937
v -64.423714 -156.654404 26.768864
v -64.425308 -155.438660 24.247789
v -60.808434 -158.492035 29.495937
v -60.567196 -158.170486 26.768864
v -59.730278 -157.288666 24.247789
v -61.165699 -158.429138 29.495937
v -60.903954 -158.056076 26.768864
v -60.067036 -157.174255 24.247789
v -64.138000 -156.751984 29.554449
v -64.693848 -156.730453 29.518658
v -64.566376 -156.638229 29.535755
v -64.650459 -155.116516 24.270399
v -64.009216 -155.165680 24.312054
v -64.523834 -155.022369 24.287926
v -64.648628 -156.331970 26.791712
v -64.077515 -156.357147 26.839716
v -64.521759 -156.238724 26.810459
v -60.760036 -158.296997 29.518658
v -61.178532 -157.930542 29.554449
v -60.789223 -158.142410 29.535755
v -60.181564 -156.689987 24.312050
v -59.682056 -157.095078 24.270399
v -59.709312 -156.939682 24.287926
v -60.951023 -157.602203 26.839714
v -60.518959 -157.976532 26.791714
v -60.546989 -157.821625 26.810461
v -62.587772 -157.164246 28.236906
v -62.304855 -156.453812 25.622948
v -64.769844 -156.705673 28.132401
v -64.747726 -155.898132 25.508327
v -64.456886 -156.879837 28.132401
v -64.424507 -156.046524 25.508327
v -64.586914 -155.364471 24.247789
v -64.585312 -156.580200 26.768864
v -64.641418 -157.005310 29.495937
v -60.687817 -158.331253 28.132401
v -60.148743 -157.729584 25.508327
v -61.034828 -158.242599 28.132401
v -60.485489 -157.615158 25.508327
v -59.898659 -157.231476 24.247789
v -60.735573 -158.113281 26.768864
v -60.987068 -158.460602 29.495937
v -64.452843 -156.644196 29.542923
v -64.635376 -156.671509 29.528023
v -64.406693 -156.244659 26.820061
v -64.043365 -155.761429 25.575886
v -64.400169 -155.030884 24.296047
v -64.522797 -155.630539 25.549192
v -64.590408 -156.272751 26.801662
v -64.592323 -155.056946 24.279911
v -64.649536 -155.724243 25.531054
v -64.107758 -156.554565 28.197083
v -64.544067 -156.438477 28.173105
v -64.671234 -156.531204 28.155188
v -60.761997 -158.214035 29.528023
v -60.875778 -158.068695 29.542923
v -60.520519 -157.893509 26.801662
v -60.100506 -157.535797 25.531055
v -59.683334 -157.011871 24.279909
v -60.128151 -157.380646 25.549189
v -60.634640 -157.746826 26.820061
v -59.804974 -156.860840 24.296045
v -60.566288 -157.146088 25.575884
v -60.639500 -158.136780 28.155184
v -60.668110 -157.982010 28.173107
v -61.064777 -157.766388 28.197083
v -64.745110 -156.811813 29.507729
v -63.401230 -156.626038 26.872768
v -63.497585 -157.008148 29.572233
v -64.699615 -156.413101 26.780607
v -64.701332 -155.197586 24.259480
v -63.182674 -155.490463 24.338921
v -60.778748 -158.391342 29.507729
v -61.627014 -157.332581 26.872768
v -61.819710 -157.676315 29.572233
v -60.537701 -158.070511 26.780607
v -59.700851 -157.188950 24.259480
v -61.005108 -156.357651 24.338921
v -64.586113 -155.972336 25.508326
v -64.613365 -156.792755 28.132401
v -60.317116 -157.672379 25.508326
v -60.861313 -158.286911 28.132401
v -64.403427 -155.637772 25.558052
v -64.591354 -155.664810 25.540789
v -64.429771 -156.444443 28.181488
v -64.612892 -156.472122 28.164841
v -60.101925 -157.452682 25.540783
v -60.219803 -157.303818 25.558050
v -60.641254 -158.053757 28.164841
v -60.755211 -157.907761 28.181488
v -63.449413 -156.817093 28.222502
v -64.722366 -156.612473 28.144169
v -64.700470 -155.805344 25.520044
v -63.291943 -156.058228 25.605843
v -61.723362 -157.504456 28.222500
v -60.658226 -158.230942 28.144169
v -60.119270 -157.629715 25.520044
v -61.316051 -156.845093 25.605841
v -38.510349 -164.927338 29.582176
v -38.162590 -163.437988 24.354261
v -38.421352 -164.546204 26.891636
v -40.684811 -164.809372 29.495937
v -40.698997 -164.407654 26.768864
v -40.881767 -163.205719 24.247789
v -40.355694 -164.961960 29.495937
v -40.357273 -164.506241 26.768864
v -40.540043 -163.304306 24.247789
v -36.508495 -165.784531 29.495937
v -36.317879 -165.430634 26.768864
v -35.621727 -164.433929 24.247789
v -36.871151 -165.775589 29.495937
v -36.667919 -165.367691 26.768864
v -35.971775 -164.370987 24.247789
v -40.060207 -164.560150 29.554449
v -40.613060 -164.621689 29.518658
v -40.500751 -164.511490 29.535755
v -40.810692 -163.019318 24.270399
v -40.169285 -162.972366 24.312054
v -40.699509 -162.907349 24.287926
v -40.627731 -164.220917 26.791712
v -40.059242 -164.160706 26.839716
v -40.516178 -164.109818 26.810459
v -36.489712 -165.584473 29.518658
v -36.958141 -165.284485 29.554449
v -36.541607 -165.435959 29.535755
v -36.157196 -163.909210 24.312050
v -35.602898 -164.235306 24.270399
v -35.653008 -164.085709 24.287926
v -36.782112 -164.925903 26.839714
v -36.299080 -165.231659 26.791714
v -36.349892 -165.082642 26.810461
v -38.465851 -164.736771 28.236906
v -38.291973 -163.992111 25.622948
v -40.691906 -164.608505 28.132401
v -40.790382 -163.806686 25.508327
v -40.356483 -164.734085 28.132401
v -40.448654 -163.905258 25.508327
v -40.710907 -163.255020 24.247789
v -40.528133 -164.456940 26.768864
v -40.520256 -164.885666 29.495937
v -36.413189 -165.607590 28.132401
v -35.969803 -164.932297 25.508327
v -36.769539 -165.571640 28.132401
v -36.319847 -164.869339 25.508327
v -35.796753 -164.402481 24.247789
v -36.492901 -165.399170 26.768864
v -36.689827 -165.780075 29.495937
v -40.387604 -164.500488 29.542923
v -40.564030 -164.554703 29.528023
v -40.401512 -164.098526 26.820061
v -40.114269 -163.566544 25.575886
v -40.575954 -162.897339 24.296047
v -40.607841 -163.508575 25.549192
v -40.578991 -164.153687 26.801662
v -40.762085 -162.951752 24.279911
v -40.719208 -163.620102 25.531054
v -40.059727 -164.360428 28.197083
v -40.508465 -164.310654 28.173105
v -40.620392 -164.421295 28.155188
v -36.504013 -165.502716 29.528023
v -36.638184 -165.375977 29.542923
v -36.313000 -165.149780 26.801662
v -35.950989 -164.733475 25.531055
v -35.616562 -164.153229 24.279909
v -36.001453 -164.584183 25.549189
v -36.447708 -165.021744 26.820061
v -35.759350 -164.022003 24.296045
v -36.469650 -164.417542 25.575884
v -36.394398 -165.408066 28.155184
v -36.445755 -165.259308 28.173107
v -36.870129 -165.105209 28.197083
v -40.651627 -164.709793 29.507729
v -39.350433 -164.325806 26.872768
v -39.388771 -164.718002 29.572233
v -40.666054 -164.308762 26.780607
v -40.848911 -163.107056 24.259480
v -39.303558 -163.170349 24.338921
v -36.494148 -165.680557 29.507729
v -37.490738 -164.760040 26.872768
v -37.630047 -165.128632 29.572233
v -36.303612 -165.327377 26.780607
v -35.607494 -164.330933 24.259480
v -37.021072 -163.703308 24.338921
v -40.619518 -163.855988 25.508326
v -40.524193 -164.671310 28.132401
v -36.144825 -164.900818 25.508326
v -36.591358 -165.589600 28.132401
v -40.488735 -163.497940 25.558052
v -40.670532 -163.552689 25.540789
v -40.394558 -164.299515 28.181488
v -40.571507 -164.354202 28.164841
v -35.964779 -164.651505 25.540783
v -36.103527 -164.521866 25.558050
v -36.408504 -165.326248 28.164841
v -36.542950 -165.198868 28.181488
v -39.369606 -164.521896 28.222502
v -40.658840 -164.509277 28.144169
v -40.757481 -163.707886 25.520044
v -39.326992 -163.748047 25.605843
v -37.560390 -164.944336 28.222500
v -36.398880 -165.503967 28.144169
v -35.955547 -164.829132 25.520044
v -37.255901 -164.231659 25.605841
v -13.500344 -168.824814 29.582176
v -13.378433 -167.300278 24.354261
v -13.469147 -168.434677 26.891636
v -15.668103 -169.032242 29.495937
v -15.742001 -168.637131 26.768864
v -16.101858 -167.475861 24.247789
v -15.319923 -169.134079 29.495937
v -15.389400 -168.683670 26.768864
v -15.749259 -167.522415 24.247789
v -11.393098 -169.374100 29.495937
v -11.257349 -168.995743 26.768864
v -10.717519 -167.906433 24.247789
v -11.753035 -169.419296 29.495937
v -11.612865 -168.985672 26.768864
v -11.073035 -167.896347 24.247789
v -15.087618 -168.692703 29.554449
v -15.625124 -168.835968 29.518658
v -15.530496 -168.710266 29.535755
v -16.059361 -167.280930 24.270399
v -15.432112 -167.138931 24.312054
v -15.966104 -167.153656 24.287926
v -15.699359 -168.441849 26.791712
v -15.146197 -168.297592 26.839716
v -15.605612 -168.315353 26.810459
v -11.404337 -169.173477 29.518658
v -11.912249 -168.946640 29.554449
v -11.477788 -169.034332 29.535755
v -11.325212 -167.467346 24.312050
v -10.728499 -167.707214 24.270399
v -10.800346 -167.566757 24.287926
v -11.791621 -168.565842 26.839714
v -11.268417 -168.796188 26.791714
v -11.340871 -168.656403 26.810461
v -13.484746 -168.629745 28.236906
v -13.423790 -167.867493 25.622948
v -15.705051 -168.834686 28.132401
v -15.921930 -168.056503 25.508327
v -15.354662 -168.908875 28.132401
v -15.569329 -168.103027 25.508327
v -15.925560 -167.499146 24.247789
v -15.565700 -168.660385 26.768864
v -15.494014 -169.083176 29.495937
v -11.325224 -169.184937 28.132401
v -10.987434 -168.451096 25.508327
v -11.682949 -169.202484 28.132401
v -11.342950 -168.441010 25.508327
v -10.895277 -167.901398 24.247789
v -11.435107 -168.990707 26.768864
v -11.573066 -169.396713 29.495937
v -15.420246 -168.682510 29.542923
v -15.586622 -168.762421 29.528023
v -15.493908 -168.287125 26.820061
v -15.289155 -167.718262 25.575886
v -15.845423 -167.125351 24.296047
v -15.785857 -167.734497 25.549192
v -15.661186 -168.368103 26.801662
v -16.021362 -167.206879 24.279911
v -15.879357 -167.861374 25.531054
v -15.116909 -168.495163 28.197083
v -15.568054 -168.512817 28.173105
v -15.662240 -168.638901 28.155188
v -11.430662 -169.094772 29.528023
v -11.582226 -168.989426 29.542923
v -11.294382 -168.717285 26.801662
v -10.998458 -168.251694 25.531055
v -10.754248 -167.628082 24.279909
v -11.070608 -168.111588 25.549189
v -11.446668 -168.610764 26.820061
v -10.914993 -167.519608 24.296045
v -11.558414 -168.016586 25.575884
v -11.336378 -168.984833 28.155184
v -11.409330 -168.845383 28.173107
v -11.851934 -168.756241 28.197083
v -15.650129 -168.928833 29.507729
v -14.420701 -168.355209 26.872768
v -14.400156 -168.748734 29.572233
v -15.724168 -168.534424 26.780607
v -16.084076 -167.373398 24.259480
v -14.546549 -167.205673 24.338921
v -11.394407 -169.269135 29.507729
v -12.517055 -168.507431 26.872768
v -12.599876 -168.892670 29.572233
v -11.258632 -168.891510 26.780607
v -10.718794 -167.802444 24.259480
v -12.210125 -167.392502 24.338921
v -15.745630 -168.079773 25.508326
v -15.529857 -168.871780 28.132401
v -11.165192 -168.446045 25.508326
v -11.504086 -169.193695 28.132401
v -15.669664 -167.706238 25.558052
v -15.841273 -167.787460 25.540789
v -15.457077 -168.484833 28.181488
v -15.623905 -168.565262 28.164841
v -11.024315 -168.172684 25.540783
v -11.180830 -168.065186 25.558050
v -11.362522 -168.906021 28.164841
v -11.514448 -168.800110 28.181488
v -14.410429 -168.551971 28.222502
v -15.687149 -168.731628 28.144169
v -15.904120 -167.953888 25.520044
v -14.483624 -167.780411 25.605843
v -12.558465 -168.700058 28.222500
v -11.326521 -169.080322 28.144169
v -10.988711 -168.346954 25.520044
v -12.363588 -167.949936 25.605841
v 11.811218 -168.951401 29.582176
v 11.704558 -167.425720 24.354261
v 11.783923 -168.560959 26.891636
v 9.698584 -169.479568 29.495937
v 9.566626 -169.099884 26.768864
v 9.037716 -168.005219 24.247789
v 10.058049 -169.528381 29.495937
v 9.922224 -169.093369 26.768864
v 9.393314 -167.998688 24.247789
v 13.976793 -169.180496 29.495937
v 14.054638 -168.786133 26.768864
v 14.426092 -167.628510 24.247789
v 13.627614 -169.278839 29.495937
v 13.701591 -168.829147 26.768864
v 14.073046 -167.671539 24.247789
v 10.221982 -169.057343 29.554449
v 9.711830 -169.279083 29.518658
v 9.786667 -169.140686 29.535755
v 9.050689 -167.806137 24.270399
v 9.649767 -167.572235 24.312054
v 9.123936 -167.666382 24.287926
v 9.579689 -168.900452 26.791712
v 10.105169 -168.675339 26.839716
v 9.653536 -168.761383 26.810459
v 13.935778 -168.983780 29.518658
v 13.399734 -168.835175 29.554449
v 13.842413 -168.857147 29.535755
v 13.759749 -167.284912 24.312050
v 14.385544 -167.433167 24.270399
v 14.293567 -167.304977 24.287926
v 13.462261 -168.440659 26.839714
v 14.013952 -168.590454 26.791714
v 13.921476 -168.463028 26.810461
v 11.797570 -168.756180 28.236906
v 11.744242 -167.993347 25.622948
v 9.632604 -169.289734 28.132401
v 9.302171 -168.552551 25.508327
v 9.990137 -169.310867 28.132401
v 9.657768 -168.546021 25.508327
v 9.215515 -168.001968 24.247789
v 9.744424 -169.096619 26.768864
v 9.878317 -169.503983 29.495937
v 14.015716 -168.983307 28.132401
v 14.240365 -168.207336 25.508327
v 13.664602 -169.054001 28.132401
v 13.887318 -168.250336 25.508327
v 14.249569 -167.650040 24.247789
v 13.878114 -168.807648 26.768864
v 13.802204 -169.229660 29.495937
v 9.891549 -169.096817 29.542923
v 9.738939 -169.200623 29.528023
v 9.759784 -168.716812 26.820061
v 9.877469 -168.123795 25.575886
v 9.239048 -167.620392 24.296047
v 9.388736 -168.213882 25.549192
v 9.606441 -168.821823 26.801662
v 9.077225 -167.727249 24.279911
v 9.315187 -168.353271 25.531054
v 10.163576 -168.866348 28.197083
v 9.720101 -168.951035 28.173105
v 9.645758 -169.089752 28.155188
v 13.898017 -168.909866 29.528023
v 13.732448 -168.828293 29.542923
v 13.976520 -168.516312 26.801662
v 14.199747 -168.011810 25.531055
v 14.348290 -167.358749 24.279909
v 14.107521 -167.884003 25.549189
v 13.810058 -168.433670 26.820061
v 14.173174 -167.275452 24.296045
v 13.611004 -167.862762 25.575884
v 13.974865 -168.787125 28.155184
v 13.881945 -168.660095 28.173107
v 13.430998 -168.637924 28.197083
v 9.700942 -169.374634 29.507729
v 10.831151 -168.624191 26.872768
v 10.910116 -169.010269 29.572233
v 9.568951 -168.995667 26.780607
v 9.040030 -167.901260 24.259480
v 10.535387 -167.506241 24.338921
v 13.959855 -169.076904 29.507729
v 12.736224 -168.491013 26.872768
v 12.711743 -168.884308 29.572233
v 14.037834 -168.683258 26.780607
v 14.409335 -167.525894 24.259480
v 12.873562 -167.342789 24.338921
v 9.479970 -168.549301 25.508326
v 9.811371 -169.300308 28.132401
v 14.063842 -168.228836 25.508326
v 13.840158 -169.018646 28.132401
v 9.499416 -168.168610 25.558052
v 9.341831 -168.274506 25.540789
v 9.825667 -168.906830 28.181488
v 9.672690 -169.011215 28.164841
v 14.162405 -167.937531 25.540783
v 13.991615 -167.854553 25.558050
v 13.937268 -168.713089 28.164841
v 13.771253 -168.630981 28.181488
v 10.870634 -168.817245 28.222502
v 9.634947 -169.185165 28.144169
v 9.304489 -168.448456 25.520044
v 10.683268 -168.065201 25.605843
v 12.723985 -168.687653 28.222500
v 13.998846 -168.880081 28.144169
v 14.223583 -168.104553 25.520044
v 12.804892 -167.916885 25.605841
v 36.858959 -165.304276 29.582176
v 36.526112 -163.811523 24.354261
v 36.773781 -164.922256 26.891636
v 34.848633 -166.141403 29.495937
v 34.661564 -165.785629 26.768864
v 33.975418 -164.781998 24.247789
v 35.211361 -166.136093 29.495937
v 35.012218 -165.726181 26.768864
v 34.326073 -164.722549 24.247789
v 39.034492 -165.208054 29.495937
v 39.052692 -164.806503 26.768864
v 39.247475 -163.606461 24.247789
v 38.703869 -165.357346 29.495937
v 38.710003 -164.901657 26.768864
v 38.904785 -163.701614 24.247789
v 35.303261 -165.645874 29.554449
v 34.831852 -165.941177 29.518658
v 34.885231 -165.793182 29.535755
v 33.958572 -164.583221 24.270399
v 34.516106 -164.262634 24.312054
v 34.010174 -164.434113 24.287926
v 34.644760 -165.586472 26.791712
v 35.130821 -165.285553 26.839716
v 34.697052 -165.437958 26.810459
v 38.964619 -165.019653 29.518658
v 38.412415 -164.952606 29.554449
v 38.853424 -164.908356 29.535755
v 38.537365 -163.366013 24.312050
v 39.178261 -163.419327 24.270399
v 39.068214 -163.306290 24.287926
v 38.415443 -164.553162 26.839714
v 38.983299 -164.619064 26.791714
v 38.872864 -164.506851 26.810461
v 36.816368 -165.113266 28.236906
v 36.649948 -164.366898 25.622948
v 34.755100 -165.963516 28.132401
v 34.318489 -165.283813 25.508327
v 35.111790 -165.931137 28.132401
v 34.669144 -165.224365 25.508327
v 34.150745 -164.752289 24.247789
v 34.836891 -165.755890 26.768864
v 35.029999 -166.138748 29.495937
v 39.043591 -165.007278 28.132401
v 39.150085 -164.206482 25.508327
v 38.706936 -165.129501 28.132401
v 38.807388 -164.301636 25.508327
v 39.076130 -163.654053 24.247789
v 38.881348 -164.854065 26.768864
v 38.869179 -165.282700 29.495937
v 34.982399 -165.734161 29.542923
v 34.846966 -165.859543 29.528023
v 34.795471 -165.378052 26.820061
v 34.823463 -164.774094 25.575886
v 34.117149 -164.371475 24.296047
v 34.353615 -164.936035 25.549192
v 34.659492 -165.504730 26.801662
v 33.973057 -164.501251 24.279911
v 34.301666 -165.084824 25.531054
v 35.217041 -165.465714 28.197083
v 34.791142 -165.615555 28.173105
v 34.738300 -165.763809 28.155188
v 38.916264 -164.952209 29.528023
v 38.740387 -164.896210 29.542923
v 38.935234 -164.551331 26.801662
v 39.080780 -164.019180 25.531055
v 39.130337 -163.351288 24.279909
v 38.970539 -163.906570 25.549189
v 38.758316 -164.494415 26.820061
v 38.944763 -163.295029 24.296045
v 38.476398 -163.959564 25.575884
v 38.973961 -164.819366 28.155184
v 38.863144 -164.707611 28.173107
v 38.413933 -164.752884 28.197083
v 34.835327 -166.037292 29.507729
v 35.841068 -165.126785 26.872768
v 35.976696 -165.496765 29.572233
v 34.648331 -165.682220 26.780607
v 33.962212 -164.678864 24.259480
v 35.381996 -164.065399 24.338921
v 39.002304 -165.108154 29.507729
v 37.705021 -164.711166 26.872768
v 37.739426 -165.103714 29.572233
v 39.020744 -164.707275 26.780607
v 39.215607 -163.507477 24.259480
v 37.669701 -163.555298 24.338921
v 34.493820 -165.254089 25.508326
v 34.933445 -165.947327 28.132401
v 38.978737 -164.254059 25.508326
v 38.875259 -165.068375 28.132401
v 34.456314 -164.874771 25.558052
v 34.316269 -165.002960 25.540789
v 34.888939 -165.556107 28.181488
v 34.753231 -165.682144 28.164841
v 39.032784 -163.951324 25.540783
v 38.851540 -163.894730 25.558050
v 38.925747 -164.751755 28.164841
v 38.749352 -164.695328 28.181488
v 35.908886 -165.311783 28.222502
v 34.741833 -165.859772 28.144169
v 34.305267 -165.180527 25.520044
v 35.611526 -164.596069 25.605843
v 37.722221 -164.907440 28.222500
v 39.011528 -164.907715 28.144169
v 39.118172 -164.107346 25.520044
v 37.687355 -164.133209 25.605841
v 61.083412 -157.964859 29.582176
v 60.531811 -156.538391 24.354261
v 60.942253 -157.599808 26.891636
v 59.220303 -159.092255 29.495937
v 58.982296 -158.768326 26.768864
v 58.154240 -157.878174 24.247789
v 59.578182 -159.032928 29.495937
v 59.320179 -158.657288 26.768864
v 58.492119 -157.767136 24.247789
v 63.220310 -157.545502 29.495937
v 63.178463 -157.145706 26.768864
v 63.192219 -155.930023 24.247789
v 62.915623 -157.742371 29.495937
v 62.853779 -157.290863 26.768864
v 62.867538 -156.075211 24.247789
v 59.595997 -158.534500 29.554449
v 59.173870 -158.896774 29.518658
v 59.204590 -158.742462 29.535755
v 58.107960 -157.684113 24.270399
v 58.611481 -157.284012 24.312054
v 58.136761 -157.528976 24.287926
v 58.935997 -158.573883 26.791712
v 59.371784 -158.203903 26.839716
v 58.965576 -158.419250 26.810459
v 63.123135 -157.369598 29.518658
v 62.567104 -157.385605 29.554449
v 62.996597 -157.276123 29.535755
v 62.454205 -155.798096 24.312050
v 63.095890 -155.755295 24.270399
v 62.970222 -155.659943 24.287926
v 62.510571 -156.990158 26.839714
v 63.081909 -156.970703 26.791714
v 62.955982 -156.876205 26.810461
v 61.012833 -157.782333 28.236906
v 60.737034 -157.069107 25.622948
v 59.101295 -158.930283 28.132401
v 58.568272 -158.323257 25.508327
v 59.449181 -158.845108 28.132401
v 58.906143 -158.212204 25.508327
v 58.323181 -157.822662 24.247789
v 59.151234 -158.712799 26.768864
v 59.399246 -159.062607 29.495937
v 63.199387 -157.345596 28.132401
v 63.185345 -156.537888 25.508327
v 62.884705 -157.516617 28.132401
v 62.860657 -156.683029 25.508327
v 63.029877 -156.002625 24.247789
v 63.016117 -157.218292 26.768864
v 63.067970 -157.643936 29.495937
v 59.291878 -158.669601 29.542923
v 59.176647 -158.813797 29.528023
v 59.053967 -158.345337 26.820061
v 58.991634 -157.743973 25.575886
v 58.233208 -157.451111 24.296047
v 58.551167 -157.974106 25.549192
v 58.938385 -158.490875 26.801662
v 58.110065 -157.600906 24.279911
v 58.521973 -158.128983 25.531054
v 59.483894 -158.369202 28.197083
v 59.085083 -158.580856 28.173105
v 59.054928 -158.735306 28.155188
v 63.065269 -157.310120 29.528023
v 62.883011 -157.280960 29.542923
v 63.024284 -156.910889 26.801662
v 63.088898 -156.362991 25.531055
v 63.038364 -155.695175 24.279909
v 62.963104 -156.268066 25.549189
v 62.840862 -156.880981 26.820061
v 62.846474 -155.667206 24.296045
v 62.482384 -156.394104 25.575884
v 63.102524 -157.170166 28.155184
v 62.976292 -157.076172 28.173107
v 62.538841 -157.187897 28.197083
v 59.191628 -158.991287 29.507729
v 60.050442 -157.941055 26.872768
v 60.239689 -158.286697 29.572233
v 58.953800 -158.668045 26.780607
v 58.125809 -157.778152 24.259480
v 59.438313 -156.959946 24.338921
v 63.173592 -157.451492 29.507729
v 61.831631 -157.252274 26.872768
v 61.924156 -157.635315 29.572233
v 63.132084 -157.052353 26.780607
v 63.145958 -155.836899 24.259480
v 61.624439 -156.114578 24.338921
v 58.737209 -158.267731 25.508326
v 59.275238 -158.887695 28.132401
v 63.022999 -156.610443 25.508326
v 63.042042 -157.431107 28.132401
v 58.643585 -157.898224 25.558052
v 58.524212 -158.045868 25.540789
v 59.172928 -158.507492 28.181488
v 59.057518 -158.652328 28.164841
v 63.031326 -156.303040 25.540783
v 62.843666 -156.274078 25.558050
v 63.044777 -157.110489 28.164841
v 62.861938 -157.080978 28.181488
v 60.145065 -158.113876 28.222502
v 59.072716 -158.829681 28.144169
v 58.539795 -158.223083 25.520044
v 59.744370 -157.450470 25.605843
v 61.877895 -157.443802 28.222500
v 63.152840 -157.251923 28.144169
v 63.139011 -156.444611 25.520044
v 61.728027 -156.683411 25.605841
v 83.943520 -147.097122 29.582176
v 83.185486 -145.768799 24.354261
v 83.749535 -146.757202 26.891636
v 82.269241 -148.489609 29.495937
v 81.985619 -148.204758 26.768864
v 81.034142 -147.447968 24.247789
v 82.614281 -148.377609 29.495937
v 82.303169 -148.044601 26.768864
v 81.351700 -147.287811 24.247789
v 85.994049 -146.363968 29.495937
v 85.893089 -145.974899 26.768864
v 85.725517 -144.770752 24.247789
v 85.722115 -146.604080 29.495937
v 85.593666 -146.166824 26.768864
v 85.426102 -144.962677 24.247789
v 82.557617 -147.882080 29.554449
v 82.194191 -148.303207 29.518658
v 82.201569 -148.146057 29.535755
v 80.959457 -147.262970 24.270399
v 81.397728 -146.792297 24.312054
v 80.964813 -147.105270 24.287926
v 81.910851 -148.019394 26.791712
v 82.286636 -147.588593 26.839716
v 81.917053 -147.862061 26.810459
v 85.871750 -146.204529 29.518658
v 85.324310 -146.303223 29.554449
v 85.732697 -146.130951 29.535755
v 84.976074 -144.750259 24.312050
v 85.604225 -144.612320 24.270399
v 85.465752 -144.536743 24.287926
v 85.209473 -145.920624 26.839714
v 85.771538 -145.816238 26.791714
v 85.632927 -145.741562 26.810461
v 83.846527 -146.927170 28.236906
v 83.467514 -146.263000 25.622948
v 82.127426 -148.347183 28.132401
v 81.509880 -147.826370 25.508327
v 82.458733 -148.211105 28.132401
v 81.827431 -147.666199 25.508327
v 81.192924 -147.367889 24.247789
v 82.144394 -148.124680 26.768864
v 82.441765 -148.433609 29.495937
v 85.943573 -146.169418 28.132401
v 85.809303 -145.372818 25.508327
v 85.657890 -146.385452 28.132401
v 85.509880 -145.564758 25.508327
v 85.575813 -144.866730 24.247789
v 85.743378 -146.070847 26.768864
v 85.858086 -146.484024 29.495937
v 82.277031 -148.061020 29.542923
v 82.184570 -148.220749 29.528023
v 81.993446 -147.775818 26.820061
v 81.842186 -147.190460 25.575886
v 81.048576 -147.013885 24.296047
v 81.440933 -147.483673 25.549192
v 81.900848 -147.936951 26.801662
v 80.949142 -147.180374 24.279911
v 81.435150 -147.641174 25.531054
v 82.422127 -147.735352 28.197083
v 82.059311 -148.004059 28.173105
v 82.052521 -148.161285 28.155188
v 85.805672 -146.154327 29.528023
v 85.621101 -146.152664 29.542923
v 85.705643 -145.765686 26.801662
v 85.687881 -145.214264 25.531055
v 85.538376 -144.561447 24.279909
v 85.549339 -145.139145 25.549189
v 85.519814 -145.763428 26.820061
v 85.344460 -144.562378 24.296045
v 85.092773 -145.335434 25.575884
v 85.821648 -146.010391 28.155184
v 85.682823 -145.936264 28.173107
v 85.266899 -146.111938 28.197083
v 82.225838 -148.394028 29.507729
v 82.918541 -147.227539 26.872768
v 83.157181 -147.541122 29.572233
v 81.942490 -148.109848 26.780607
v 80.991119 -147.353302 24.259480
v 82.167030 -146.348602 24.338921
v 85.933846 -146.278000 29.507729
v 84.577187 -146.281006 26.872768
v 84.725761 -146.645966 29.572233
v 85.833313 -145.889481 26.780607
v 85.665894 -144.685547 24.259480
v 84.202751 -145.186890 24.338921
v 81.668655 -147.746277 25.508326
v 82.293076 -148.279144 28.132401
v 85.659592 -145.468781 25.508326
v 85.800728 -146.277420 28.132401
v 81.521011 -147.394867 25.558052
v 81.424973 -147.558640 25.540789
v 82.135246 -147.918427 28.181488
v 82.042709 -148.078857 28.164841
v 85.622009 -145.163559 25.540783
v 85.432129 -145.162903 25.558050
v 85.755646 -145.959991 28.164841
v 85.570457 -145.958069 28.181488
v 83.037865 -147.384338 28.222502
v 82.084167 -148.251953 28.144169
v 81.466805 -147.731567 25.520044
v 82.542770 -146.788055 25.605843
v 84.651474 -146.463486 28.222500
v 85.883591 -146.083740 28.144169
v 85.749596 -145.287506 25.520044
v 84.389954 -145.733917 25.605841
v 104.928642 -132.943817 29.582176
v 103.981102 -131.743301 24.354261
v 104.686157 -132.636597 26.891636
v 103.480583 -134.570267 29.495937
v 103.157677 -134.330887 26.768864
v 102.104034 -133.724335 24.247789
v 103.805084 -134.408112 29.495937
v 103.447823 -134.125183 26.768864
v 102.394180 -133.518631 24.247789
v 106.847008 -131.913254 29.495937
v 106.689186 -131.543564 26.768864
v 106.344025 -130.377838 24.247789
v 106.613892 -132.191193 29.495937
v 106.421715 -131.777985 26.768864
v 106.076553 -130.612259 24.247789
v 103.675194 -133.926559 29.554449
v 103.378593 -134.397156 29.518658
v 103.362465 -134.240646 29.535755
v 102.002617 -133.552536 24.270399
v 102.365852 -133.021820 24.312054
v 101.984413 -133.395798 24.287926
v 103.056129 -134.158737 26.791712
v 103.363510 -133.676743 26.839716
v 103.038811 -134.002228 26.810459
v 106.702316 -131.773819 29.518658
v 106.175697 -131.952988 29.554449
v 106.553841 -131.721786 29.535755
v 105.599899 -130.469269 24.312050
v 106.200478 -130.239258 24.270399
v 106.052277 -130.185181 24.287926
v 106.005127 -131.591782 26.839714
v 106.545341 -131.404800 26.791714
v 106.397156 -131.351608 26.810461
v 104.807396 -132.790207 28.236906
v 104.333633 -132.189957 25.622948
v 103.319138 -134.450577 28.132401
v 102.630867 -134.027603 25.508327
v 103.626457 -134.266632 28.132401
v 102.920998 -133.821915 25.508327
v 102.249115 -133.621490 24.247789
v 103.302742 -134.228027 26.768864
v 103.642838 -134.489182 29.495937
v 106.768097 -131.728409 28.132401
v 106.516609 -130.960709 25.508327
v 106.517799 -131.984589 28.132401
v 106.249123 -131.195114 25.508327
v 106.210297 -130.495056 24.247789
v 106.555443 -131.660767 26.768864
v 106.730453 -132.052231 29.495937
v 103.424416 -134.145309 29.542923
v 103.356796 -134.317047 29.528023
v 103.101494 -133.905548 26.820061
v 102.864677 -133.349289 25.575886
v 102.053627 -133.292969 24.296047
v 102.511612 -133.699005 25.549192
v 103.033943 -134.078705 26.801662
v 101.980110 -133.472412 24.279911
v 102.529366 -133.855621 25.531054
v 103.519356 -133.801651 28.197083
v 103.200638 -134.121429 28.173105
v 103.217354 -134.277924 28.155188
v 106.629478 -131.734024 29.528023
v 106.446724 -131.759872 29.542923
v 106.472649 -131.364624 26.801662
v 106.372902 -130.822021 25.531055
v 106.127785 -130.198761 24.279909
v 106.224724 -130.768387 25.549189
v 106.288551 -131.390106 26.820061
v 105.936165 -130.228577 24.296045
v 105.802505 -131.030518 25.575884
v 106.623825 -131.589310 28.155184
v 106.475502 -131.536697 28.173107
v 106.090416 -131.772385 28.197083
v 103.423416 -134.482224 29.507729
v 103.934540 -133.225525 26.872768
v 104.217255 -133.500046 29.572233
v 103.100891 -134.243469 26.780607
v 102.047394 -133.637131 24.259480
v 103.060425 -132.468430 24.338921
v 106.774658 -131.837204 29.507729
v 105.433594 -132.042358 26.872768
v 105.634911 -132.381104 29.572233
v 106.617355 -131.468018 26.780607
v 106.272369 -130.302475 24.259480
v 104.900284 -131.016281 24.338921
v 102.775932 -133.924759 25.508326
v 103.472794 -134.358612 28.132401
v 106.382866 -131.077896 25.508326
v 106.642937 -131.856491 28.132401
v 102.577560 -133.599258 25.558052
v 102.507004 -133.775528 25.540789
v 103.262955 -134.025436 28.181488
v 103.195366 -134.197876 28.164841
v 106.300217 -130.781693 25.540783
v 106.112366 -130.809341 25.558050
v 106.551064 -131.549316 28.164841
v 106.367645 -131.574997 28.181488
v 104.075905 -133.362793 28.222502
v 103.262161 -134.362854 28.144169
v 102.574135 -133.940292 25.520044
v 103.497475 -132.846954 25.605843
v 105.534256 -132.211746 28.222500
v 106.696014 -131.652618 28.144169
v 106.444847 -130.885239 25.520044
v 105.166924 -131.529297 25.605841
v 123.570045 -115.821091 29.582176
v 122.454178 -114.775192 24.354261
v 123.284485 -115.553436 26.891636
v 122.380569 -117.645187 29.495937
v 122.025581 -117.456589 26.768864
v 120.893311 -117.013847 24.247789
v 122.677269 -117.436470 29.495937
v 122.281830 -117.209953 26.768864
v 121.149567 -116.767212 24.247789
v 125.313400 -114.516129 29.495937
v 125.102242 -114.174088 26.768864
v 124.587204 -113.072823 24.247789
v 125.124306 -114.825706 29.495937
v 124.872696 -114.445747 26.768864
v 124.357651 -113.344482 24.247789
v 122.477066 -116.979652 29.554449
v 122.253906 -117.489197 29.518658
v 122.214638 -117.336845 29.535755
v 120.767426 -116.859085 24.270399
v 121.047508 -116.280151 24.312054
v 120.726067 -116.706810 24.287926
v 121.899513 -117.301506 26.791712
v 122.131630 -116.779076 26.839716
v 121.859062 -117.149338 26.810459
v 125.149544 -114.399818 29.518658
v 124.655502 -114.655464 29.554449
v 124.994972 -114.370491 29.535755
v 123.865021 -113.274147 24.312050
v 124.424606 -112.957191 24.270399
v 124.270004 -112.925789 24.287926
v 124.433006 -114.323723 26.839714
v 124.939323 -114.058311 26.791714
v 124.784866 -114.027794 26.810461
v 123.427269 -115.687263 28.236906
v 122.869339 -115.164322 25.622948
v 122.203079 -117.550888 28.132401
v 121.459457 -117.235229 25.508327
v 122.479553 -117.323212 28.132401
v 121.715691 -116.988579 25.508327
v 121.021446 -116.890541 24.247789
v 122.153694 -117.333267 26.768864
v 122.528923 -117.540833 29.495937
v 125.207825 -114.345108 28.132401
v 124.844727 -113.623459 25.508327
v 124.998505 -114.635727 28.132401
v 124.615166 -113.895103 25.508327
v 124.472435 -113.208656 24.247789
v 124.987465 -114.309906 26.768864
v 125.218864 -114.670929 29.495937
v 122.261688 -117.233337 29.542923
v 122.220413 -117.413239 29.528023
v 121.906639 -117.044395 26.820061
v 121.589569 -116.529617 25.575886
v 120.779175 -116.594810 24.296047
v 121.292564 -116.928070 25.549192
v 121.865646 -117.225662 26.801662
v 120.733223 -116.783203 24.279911
v 121.333450 -117.080284 25.531054
v 122.304352 -116.879372 28.197083
v 122.036858 -117.243088 28.173105
v 122.076698 -117.395340 28.155188
v 125.071594 -114.371323 29.528023
v 124.894730 -114.424133 29.542923
v 124.861465 -114.029419 26.801662
v 124.681961 -113.507744 25.531055
v 124.346687 -112.927979 24.279909
v 124.527435 -113.476791 25.549189
v 124.683220 -114.082054 26.820061
v 124.161667 -112.986015 24.296045
v 124.149002 -113.798927 25.575884
v 125.044441 -114.229065 28.155184
v 124.889923 -114.199150 28.173107
v 124.544266 -114.489601 28.197083
v 122.310921 -117.566650 29.507729
v 122.629036 -116.247803 26.872768
v 122.949509 -116.477119 29.572233
v 121.956398 -117.378616 26.780607
v 120.824303 -116.936066 24.259480
v 121.651848 -115.629433 24.338921
v 125.230522 -114.451706 29.507729
v 123.935020 -114.854446 26.872768
v 124.184563 -115.159409 29.572233
v 125.019951 -114.110092 26.780607
v 124.505119 -113.008987 24.259480
v 123.254738 -113.919304 24.338921
v 121.587570 -117.111900 25.508326
v 122.341309 -117.437050 28.132401
v 124.729950 -113.759285 25.508326
v 125.103157 -114.490402 28.132401
v 121.342911 -116.819603 25.558052
v 121.299408 -117.004417 25.540789
v 122.084167 -117.138870 28.181488
v 122.043030 -117.319458 28.164841
v 124.604073 -113.478699 25.540783
v 124.422440 -113.534035 25.558050
v 124.966522 -114.200363 28.164841
v 124.788986 -114.253098 28.181488
v 122.789276 -116.362473 28.222502
v 122.133667 -117.472633 28.144169
v 121.390343 -117.157326 25.520044
v 122.140427 -115.938606 25.605843
v 124.059792 -115.006927 28.222500
v 125.125244 -114.280907 28.144169
v 124.762520 -113.559532 25.520044
v 123.594864 -114.386864 25.605841
v 139.451401 -96.111328 29.582176
v 138.192108 -95.243416 24.354261
v 139.129135 -95.889221 26.891636
v 138.547043 -98.092323 29.495937
v 138.167923 -97.958748 26.768864
v 136.982330 -97.689690 24.247789
v 138.809341 -97.841721 29.495937
v 138.384552 -97.676674 26.768864
v 137.198944 -97.407623 24.247789
v 140.980789 -94.561119 29.495937
v 140.721024 -94.254372 26.768864
v 140.047607 -93.242165 24.247789
v 140.839951 -94.895432 29.495937
v 140.534515 -94.557213 26.768864
v 139.861115 -93.544998 24.247789
v 138.543274 -97.419846 29.554449
v 138.398575 -97.956955 29.518658
v 138.337021 -97.812157 29.535755
v 136.834763 -97.555420 24.270399
v 137.025436 -96.941208 24.312054
v 136.771164 -97.411018 24.287926
v 138.020142 -97.824181 26.791712
v 138.171799 -97.272995 26.839716
v 137.957474 -97.679733 26.810459
v 140.801422 -94.470528 29.518658
v 140.351013 -94.796951 29.554449
v 140.644211 -94.464561 29.535755
v 139.363495 -93.548866 24.312050
v 139.869583 -93.152061 24.270399
v 139.712036 -93.144043 24.287926
v 140.081558 -94.502075 26.839714
v 140.542664 -94.164162 26.791714
v 140.385376 -94.157013 26.810461
v 139.290268 -96.000275 28.236906
v 138.660629 -95.566322 25.622948
v 138.357498 -98.025543 28.132401
v 137.575134 -97.824226 25.508327
v 138.596939 -97.759201 28.132401
v 137.791748 -97.542145 25.508327
v 137.090652 -97.548660 24.247789
v 138.276230 -97.817711 26.768864
v 138.678192 -97.967033 29.495937
v 140.850906 -94.407745 28.132401
v 140.384308 -93.748268 25.508327
v 140.687241 -94.726318 28.132401
v 140.197815 -94.051102 25.508327
v 139.954361 -93.393585 24.247789
v 140.627762 -94.405785 26.768864
v 140.910370 -94.728279 29.495937
v 138.368118 -97.702805 29.542923
v 138.354126 -97.886841 29.528023
v 137.988876 -97.568886 26.820061
v 137.598633 -97.107109 25.575886
v 136.806992 -97.292351 24.296047
v 137.364319 -97.545372 25.549192
v 137.975372 -97.754242 26.801662
v 136.789642 -97.485489 24.279911
v 137.427444 -97.689796 25.531054
v 138.357559 -97.346428 28.197083
v 138.147247 -97.745949 28.173105
v 138.209335 -97.890556 28.155188
v 140.720108 -94.453972 29.528023
v 140.553085 -94.532547 29.542923
v 140.461365 -94.147202 26.801662
v 140.206131 -93.658104 25.531055
v 139.788177 -93.134781 24.279909
v 140.048721 -93.650528 25.549189
v 140.292953 -94.225815 26.820061
v 139.613876 -93.219749 24.296045
v 139.722519 -94.025459 25.575884
v 140.672058 -94.317352 28.155184
v 140.514816 -94.310791 28.173107
v 140.216293 -94.649513 28.197083
v 138.466476 -98.025047 29.507729
v 138.584488 -96.673523 26.872768
v 138.935547 -96.852516 29.572233
v 138.087891 -97.891945 26.780607
v 136.902481 -97.623062 24.259480
v 137.526062 -96.207687 24.338921
v 140.889236 -94.509773 29.507729
v 139.668228 -95.101089 26.872768
v 139.960434 -95.365456 29.572233
v 140.630096 -94.203362 26.780607
v 139.956924 -93.191269 24.259480
v 138.856171 -94.277771 24.338921
v 137.683426 -97.683182 25.508326
v 138.477219 -97.892365 28.132401
v 140.291061 -93.899689 25.508326
v 140.769043 -94.567024 28.132401
v 137.397934 -97.430618 25.558052
v 137.382477 -97.619843 25.540789
v 138.178497 -97.635849 28.181488
v 138.164734 -97.820541 28.164841
v 140.124771 -93.640991 25.540783
v 139.953415 -93.722778 25.558050
v 140.590729 -94.300583 28.164841
v 140.423035 -94.379181 28.181488
v 138.760025 -96.763023 28.222502
v 138.277191 -97.958496 28.144169
v 137.495178 -97.757500 25.520044
v 138.055252 -96.440598 25.605843
v 139.814331 -95.233276 28.222500
v 140.759674 -94.356567 28.144169
v 140.293488 -93.697304 25.520044
v 139.262192 -94.689423 25.605841
v 152.217926 -74.254845 29.582176
v 150.843353 -73.584305 24.354261
v 151.866150 -74.083244 26.891636
v 151.618912 -76.348495 29.495937
v 151.224121 -76.272911 26.768864
v 150.011642 -76.183563 24.247789
v 151.840912 -76.061600 29.495937
v 151.396286 -75.961700 26.768864
v 150.183823 -75.872353 24.247789
v 153.499191 -72.494019 29.495937
v 153.196625 -72.229408 26.768864
v 152.379868 -71.328873 24.247789
v 153.409760 -72.845581 29.495937
v 153.057327 -72.556656 26.768864
v 152.240585 -71.656120 24.247789
v 151.514969 -75.684097 29.554449
v 151.451904 -76.236778 29.518658
v 151.369492 -76.102760 29.535755
v 149.845734 -76.072777 24.270399
v 149.942734 -75.437012 24.312054
v 149.761337 -75.939461 24.287926
v 151.057922 -76.161873 26.791712
v 151.125748 -75.594238 26.839716
v 150.974442 -76.028381 26.810459
v 153.308334 -72.431168 29.518658
v 152.911606 -72.821075 29.554449
v 153.151993 -72.448708 29.535755
v 151.749115 -71.734108 24.312050
v 152.190414 -71.266296 24.270399
v 152.033417 -71.281860 24.287926
v 152.601212 -72.569641 26.839714
v 153.006805 -72.166786 26.791714
v 152.850220 -72.183159 26.810461
v 152.042038 -74.169044 28.236906
v 151.354767 -73.833778 25.622948
v 151.421509 -76.310699 28.132401
v 150.617889 -76.228241 25.508327
v 151.618607 -76.011650 28.132401
v 150.790039 -75.917023 25.508327
v 150.097748 -76.027962 24.247789
v 151.310196 -76.117302 26.768864
v 151.729935 -76.205048 29.495937
v 153.347900 -72.361710 28.132401
v 152.788239 -71.779144 25.508327
v 153.233536 -72.701118 28.132401
v 152.648956 -72.106384 25.508327
v 152.310242 -71.492500 24.247789
v 153.126968 -72.393028 26.768864
v 153.454483 -72.669800 29.495937
v 151.383942 -75.989990 29.542923
v 151.397507 -76.174057 29.528023
v 150.988953 -75.914085 26.820061
v 150.534256 -75.515625 25.575886
v 149.779068 -75.816780 24.296047
v 150.367889 -75.983917 25.549192
v 151.003220 -76.099388 26.801662
v 149.790695 -76.010353 24.279911
v 150.451813 -76.117317 25.531054
v 151.320374 -75.639168 28.197083
v 151.171967 -76.065575 28.173105
v 151.254913 -76.199318 28.155188
v 153.225464 -72.426918 29.528023
v 153.072021 -72.529510 29.542923
v 152.923874 -72.162132 26.801662
v 152.598602 -71.716545 25.531055
v 152.107346 -71.261345 24.279909
v 152.441818 -71.732506 25.549189
v 152.769073 -72.264961 26.820061
v 151.947647 -71.371346 24.296045
v 152.175140 -72.151871 25.575884
v 153.157578 -72.298981 28.155184
v 153.001114 -72.315933 28.173107
v 152.756409 -72.695366 28.197083
v 151.529221 -76.293983 29.507729
v 151.444489 -74.939964 26.872768
v 151.818314 -75.064629 29.572233
v 151.135025 -76.218781 26.780607
v 149.922775 -76.129570 24.259480
v 150.328445 -74.637070 24.338921
v 153.401016 -72.456886 29.507729
v 152.281769 -73.223579 26.872768
v 152.610107 -73.441437 29.572233
v 153.099106 -72.192505 26.780607
v 152.282608 -71.292061 24.259480
v 151.356094 -72.530472 24.338921
v 150.703979 -76.072632 25.508326
v 151.520065 -76.161179 28.132401
v 152.718597 -71.942764 25.508326
v 153.290710 -72.531410 28.132401
v 150.384018 -75.865425 25.558052
v 150.396927 -76.054855 25.540789
v 151.186447 -75.952042 28.181488
v 151.200363 -76.136726 28.164841
v 152.515610 -71.711739 25.540783
v 152.358353 -71.818153 25.558050
v 153.074661 -72.294518 28.164841
v 152.920547 -72.397232 28.181488
v 151.631409 -75.002296 28.222502
v 151.332138 -76.256386 28.144169
v 150.528885 -76.174171 25.520044
v 150.886444 -74.788513 25.605843
v 152.445938 -73.332504 28.222500
v 153.250076 -72.324699 28.144169
v 152.690842 -71.742271 25.520044
v 151.818909 -72.877014 25.605841
v 161.584503 -50.739784 29.582176
v 160.125351 -50.281590 24.354261
v 161.211090 -50.622528 26.891636
v 161.304199 -52.899330 29.495937
v 160.902557 -52.883427 26.768864
v 159.690308 -52.975773 24.247789
v 161.480972 -52.582550 29.495937
v 161.026428 -52.550034 26.768864
v 159.814178 -52.642380 24.247789
v 162.589050 -48.807663 29.495937
v 162.250397 -48.591106 26.768864
v 161.308563 -47.822346 24.247789
v 162.552994 -49.168633 29.495937
v 162.161438 -48.935463 26.768864
v 161.219604 -48.166702 24.247789
v 161.102402 -52.257835 29.554449
v 161.122421 -52.813740 29.518658
v 161.020950 -52.693504 29.535755
v 159.509750 -52.890949 24.270399
v 159.510910 -52.247829 24.312054
v 159.406418 -52.771702 24.287926
v 160.721680 -52.798389 26.791712
v 160.704147 -52.226990 26.839716
v 160.619202 -52.678837 26.810459
v 162.390961 -48.773964 29.518658
v 162.056747 -49.218643 29.554449
v 162.238968 -48.814606 29.535755
v 160.745239 -48.317062 24.312050
v 161.111908 -47.788712 24.270399
v 160.958984 -47.827496 24.287926
v 161.712357 -49.016281 26.839714
v 162.053375 -48.557476 26.791714
v 161.900986 -48.597000 26.810461
v 161.397797 -50.681156 28.236906
v 160.668228 -50.452061 25.622948
v 161.103378 -52.891376 28.132401
v 160.296448 -52.929600 25.508327
v 161.253708 -52.566292 28.132401
v 160.420288 -52.596207 25.508327
v 159.752258 -52.809078 24.247789
v 160.964493 -52.716728 26.768864
v 161.392593 -52.740944 29.495937
v 162.419724 -48.699383 28.132401
v 161.779480 -48.206730 25.508327
v 162.357224 -49.052048 28.132401
v 161.690521 -48.551079 25.508327
v 161.264099 -47.994526 24.247789
v 162.205917 -48.763283 26.768864
v 162.571030 -48.988152 29.495937
v 161.018417 -52.579845 29.542923
v 161.059296 -52.759834 29.528023
v 160.616562 -52.563648 26.820061
v 160.107544 -52.237411 25.575886
v 159.405685 -52.647751 24.296047
v 160.012817 -52.725273 25.549192
v 160.658264 -52.744759 26.801662
v 159.446014 -52.837425 24.279911
v 160.115692 -52.844669 25.531054
v 160.903290 -52.242416 28.197083
v 160.820084 -52.686172 28.173105
v 160.922043 -52.806061 28.155188
v 162.308365 -48.782108 29.528023
v 162.171921 -48.906422 29.542923
v 161.970703 -48.565231 26.801662
v 161.582642 -48.173092 25.531055
v 161.029022 -47.796196 24.279909
v 161.429977 -48.212246 25.549189
v 161.832932 -48.689983 26.820061
v 160.887497 -47.928772 24.296045
v 161.228775 -48.666668 25.575884
v 162.222168 -48.665722 28.155184
v 162.069977 -48.705807 28.173107
v 161.884552 -49.117466 28.197083
v 161.207382 -52.858788 29.507729
v 160.921799 -51.532520 26.872768
v 161.310028 -51.600082 29.572233
v 160.806396 -52.843178 26.780607
v 159.594391 -52.935631 24.259480
v 159.773087 -51.399338 24.338921
v 162.486435 -48.785576 29.507729
v 161.493942 -49.710514 26.872768
v 161.851089 -49.877010 29.572233
v 162.148499 -48.569153 26.780607
v 161.206909 -47.800446 24.259480
v 160.475296 -49.163116 24.338921
v 160.358368 -52.762905 25.508326
v 161.178543 -52.728836 28.132401
v 161.735016 -48.378902 25.508326
v 162.388458 -48.875710 28.132401
v 160.011124 -52.605701 25.558052
v 160.052109 -52.791080 25.540789
v 160.817505 -52.571751 28.181488
v 160.858780 -52.752296 28.164841
v 161.499863 -48.180717 25.540783
v 161.360214 -48.309376 25.558050
v 162.139511 -48.673668 28.164841
v 162.002441 -48.798206 28.181488
v 161.115921 -51.566303 28.222502
v 161.006897 -52.850983 28.144169
v 160.200378 -52.889400 25.520044
v 160.347427 -51.465923 25.605843
v 161.672516 -49.793762 28.222500
v 162.317474 -48.677368 28.144169
v 161.677673 -48.184795 25.520044
v 160.984604 -49.436810 25.605841
v 167.341904 -26.091396 29.582176
v 165.830765 -25.855783 24.354261
v 166.955200 -26.031099 26.891636
v 167.386597 -28.268595 29.495937
v 166.987061 -28.312729 26.768864
v 165.802124 -28.584711 24.247789
v 167.514191 -27.929010 29.495937
v 167.059860 -27.964600 26.768864
v 165.874924 -28.236584 24.247789
v 168.047272 -24.031141 29.495937
v 167.680145 -23.867470 26.768864
v 166.634247 -23.247667 24.247789
v 168.065430 -24.393450 29.495937
v 167.643509 -24.221237 26.768864
v 166.597610 -23.601433 24.247789
v 167.091431 -27.664341 29.554449
v 167.194077 -28.211056 29.518658
v 167.075806 -28.107288 29.535755
v 165.610931 -28.527750 24.270399
v 165.516235 -27.891636 24.312054
v 165.490982 -28.425234 24.287926
v 166.795532 -28.255602 26.791712
v 166.693039 -27.693197 26.839716
v 166.676392 -28.152655 26.810459
v 167.846375 -24.027342 29.518658
v 167.582184 -24.516861 29.554449
v 167.702148 -24.090179 29.535755
v 166.150955 -23.820812 24.312050
v 166.434769 -23.243713 24.270399
v 166.289337 -23.304853 24.287926
v 167.211472 -24.368086 26.839714
v 167.480316 -23.863581 26.791714
v 167.335495 -23.925373 26.810461
v 167.148544 -26.061247 28.236906
v 166.392990 -25.943443 25.622948
v 167.186829 -28.290663 28.132401
v 166.394592 -28.448721 25.508327
v 167.287018 -27.946804 28.132401
v 166.467377 -28.100592 25.508327
v 165.838531 -28.410648 24.247789
v 167.023453 -28.138664 26.768864
v 167.450409 -28.098804 29.495937
v 167.863708 -23.949305 28.132401
v 167.157196 -23.557570 25.508327
v 167.854462 -24.307343 28.132401
v 167.120544 -23.911333 25.508327
v 166.615936 -23.424549 24.247789
v 167.661819 -24.044353 26.768864
v 168.056366 -24.212296 29.495937
v 167.056396 -27.995274 29.542923
v 167.123611 -28.167160 29.528023
v 166.656586 -28.039150 26.820061
v 166.104645 -27.792419 25.575886
v 165.471756 -28.302774 24.296047
v 166.083679 -28.288944 25.549192
v 166.724838 -28.212019 26.801662
v 165.539917 -28.484322 24.279911
v 166.203201 -28.391674 25.531054
v 166.892258 -27.678770 28.197083
v 166.876099 -28.129972 28.173105
v 166.994781 -28.233324 28.155188
v 167.765930 -24.047705 29.528023
v 167.649536 -24.190964 29.542923
v 167.399704 -23.883570 26.801662
v 166.957535 -23.553646 25.531055
v 166.353943 -23.263470 24.279909
v 166.812424 -23.615114 25.549189
v 167.282074 -24.027460 26.820061
v 166.233749 -23.415651 24.296045
v 166.681198 -24.094446 25.575884
v 167.663345 -23.945463 28.155184
v 167.518845 -24.007778 28.173107
v 167.396835 -24.442476 28.197083
v 167.284805 -28.242937 29.507729
v 166.804764 -26.974043 26.872768
v 167.198730 -26.982994 29.572233
v 166.885971 -28.287264 26.780607
v 165.701279 -28.559317 24.259480
v 165.649033 -27.013548 24.338921
v 167.942520 -24.024595 29.507729
v 167.098953 -25.087118 26.872768
v 167.476944 -25.198526 29.572233
v 167.576096 -23.860952 26.780607
v 166.530472 -23.241161 24.259480
v 166.010117 -24.697645 24.338921
v 166.430984 -28.274654 25.508326
v 167.236923 -28.118734 28.132401
v 167.138870 -23.734451 25.508326
v 167.859070 -24.128323 28.132401
v 166.064178 -28.170961 25.558052
v 166.132339 -28.348166 25.540789
v 166.856491 -28.017214 28.181488
v 166.924225 -28.189590 28.164841
v 166.876816 -23.573521 25.540783
v 166.757904 -23.721556 25.558050
v 167.582794 -23.965637 28.164841
v 167.465805 -24.109213 28.181488
v 167.001740 -26.978521 28.222502
v 167.085403 -28.265102 28.144169
v 166.293610 -28.423288 25.520044
v 166.226883 -26.993792 25.605843
v 167.287949 -25.142820 28.222500
v 167.759323 -23.942776 28.144169
v 167.053284 -23.551054 25.520044
v 166.554520 -24.892378 25.605841
v 169.361557 -0.860222 29.582176
v 167.832184 -0.852455 24.354261
v 168.970184 -0.858234 26.891636
v 169.730225 -3.006448 29.495937
v 169.341721 -3.109634 26.768864
v 168.210556 -3.555175 24.247789
v 169.805771 -2.651639 29.495937
v 169.361816 -2.754543 26.768864
v 168.230652 -3.200085 24.247789
v 169.752014 1.282149 29.495937
v 169.364578 1.389275 26.768864
v 168.237991 1.846283 24.247789
v 169.823959 0.926591 29.495937
v 169.381073 1.033999 26.768864
v 168.254486 1.491007 24.247789
v 169.348312 -2.452929 29.554449
v 169.531281 -2.978240 29.518658
v 169.398865 -2.893260 29.535755
v 168.013016 -3.527346 24.270399
v 167.824570 -2.912449 24.312054
v 167.879135 -3.443850 24.287926
v 169.143829 -3.081688 26.791712
v 168.958664 -2.540840 26.839716
v 169.010681 -2.997646 26.810459
v 169.552780 1.255963 29.518658
v 169.364487 0.732537 29.554449
v 169.419525 1.172332 29.535755
v 167.845520 1.207510 24.312050
v 168.040161 1.820462 24.270399
v 167.905457 1.738330 24.287926
v 168.975754 0.824402 26.839714
v 169.166412 1.363341 26.791714
v 169.032425 1.280655 26.810461
v 169.165878 -0.859228 28.236906
v 168.401184 -0.855344 25.622948
v 169.535980 -3.058041 28.132401
v 168.776154 -3.332404 25.508327
v 169.583801 -2.703091 28.132401
v 168.796234 -2.977314 25.508327
v 168.220612 -3.377630 24.247789
v 169.351761 -2.932088 26.768864
v 169.768005 -2.829044 29.495937
v 169.558289 1.335712 28.132401
v 168.801300 1.617779 25.508327
v 169.602509 0.980295 28.132401
v 168.817780 1.262503 25.508327
v 168.246246 1.668645 24.247789
v 169.372818 1.211637 26.768864
v 169.787994 1.104370 29.495937
v 169.362961 -2.785390 29.542923
v 169.455063 -2.945338 29.528023
v 168.974182 -2.888361 26.820061
v 168.391617 -2.726644 25.575886
v 167.841888 -3.325619 24.296047
v 168.444901 -3.220748 25.549192
v 169.067429 -3.049129 26.801662
v 167.936340 -3.494983 24.279911
v 168.578400 -3.304517 25.531054
v 169.153503 -2.496885 28.197083
v 169.204788 -2.945453 28.173105
v 169.337540 -3.029964 28.155188
v 169.476257 1.223836 29.528023
v 169.382523 1.064832 29.542923
v 169.089676 1.331559 26.801662
v 168.603271 1.591901 25.531055
v 167.963165 1.788879 24.279909
v 168.468933 1.509493 25.549189
v 168.994812 1.171746 26.820061
v 167.867004 1.620484 24.296045
v 168.410614 1.015956 25.575884
v 169.359589 1.309652 28.155184
v 169.225983 1.226494 28.173107
v 169.170135 0.778469 28.197083
v 169.625748 -2.996245 29.507729
v 168.961960 -1.813066 26.872768
v 169.352844 -1.763202 29.572233
v 169.237976 -3.099519 26.780607
v 168.107071 -3.545090 24.259480
v 167.825027 -2.024374 24.338921
v 169.647446 1.273007 29.507729
v 168.971664 0.096632 26.872768
v 169.362015 0.042800 29.572233
v 169.260742 1.380215 26.780607
v 168.134415 1.837250 24.259480
v 167.836929 0.319478 24.338921
v 168.786194 -3.154859 25.508326
v 169.559891 -2.880566 28.132401
v 168.809540 1.440141 25.508326
v 169.580383 1.158003 28.132401
v 168.408035 -3.106990 25.558052
v 168.501846 -3.272056 25.540789
v 169.168594 -2.836875 28.181488
v 169.261261 -2.997233 28.164841
v 168.526413 1.560219 25.540783
v 168.430893 1.396115 25.558050
v 169.282959 1.277698 28.164841
v 169.188675 1.118289 28.181488
v 169.157425 -1.788134 28.222502
v 169.431870 -3.047882 28.144169
v 168.672501 -3.322304 25.520044
v 168.393463 -1.918720 25.605843
v 169.166840 0.069716 28.222500
v 169.454086 1.326611 28.144169
v 168.697556 1.608732 25.520044
v 168.404266 0.208055 25.605841
v 167.598328 24.390158 29.582176
v 166.084869 24.169907 24.354261
v 167.211014 24.333794 26.891636
v 168.282730 22.322845 29.495937
v 167.913940 22.162910 26.768864
v 166.861832 21.553762 24.247789
v 168.304565 22.684950 29.495937
v 167.880905 22.517031 26.768864
v 166.828766 21.907883 24.247789
v 167.665115 26.566792 29.495937
v 167.266052 26.614983 26.768864
v 166.083939 26.898985 24.247789
v 167.789246 26.225927 29.495937
v 167.335312 26.266130 26.768864
v 166.153198 26.550137 24.247789
v 167.822586 22.813263 29.554449
v 168.081802 22.321089 29.518658
v 167.938217 22.385386 29.535755
v 166.662323 21.551840 24.270399
v 166.384354 22.131784 24.312054
v 166.517487 21.614449 24.287926
v 167.714096 22.161051 26.791712
v 167.450394 22.668261 26.839716
v 167.569901 22.224312 26.810459
v 167.472015 26.511208 29.518658
v 167.363846 25.965565 29.554449
v 167.352707 26.408651 29.535755
v 165.791046 26.208853 24.312050
v 165.892166 26.843967 24.270399
v 165.771194 26.742678 24.287926
v 166.965744 25.998468 26.839714
v 167.073959 26.559801 26.791714
v 166.953796 26.458073 26.810461
v 167.404663 24.361975 28.236906
v 166.647949 24.251850 25.622948
v 168.098343 22.242878 28.132401
v 167.387894 21.858337 25.508327
v 168.092743 22.600990 28.132401
v 167.354843 22.212456 25.508327
v 166.845291 21.730824 24.247789
v 167.897415 22.339970 26.768864
v 168.293655 22.503899 29.495937
v 167.465591 26.590885 28.132401
v 166.675003 26.756985 25.508327
v 167.562286 26.246029 28.132401
v 166.744247 26.408131 25.508327
v 166.118576 26.724560 24.247789
v 167.300674 26.440556 26.768864
v 167.727188 26.396362 29.495937
v 167.886627 22.486698 29.542923
v 168.001541 22.342264 29.528023
v 167.517532 22.326935 26.820061
v 166.917374 22.400024 25.575886
v 166.463043 21.725809 24.296047
v 167.043701 21.919380 25.549192
v 167.633698 22.181860 26.801662
v 166.581680 21.572412 24.279911
v 167.188187 21.856443 25.531054
v 167.636490 22.740765 28.197083
v 167.754059 22.304848 28.173105
v 167.897949 22.241066 28.155188
v 167.401154 26.468033 29.528023
v 167.332153 26.296837 29.542923
v 167.002808 26.516939 26.801662
v 166.483047 26.701883 25.531055
v 165.820724 26.801264 24.279909
v 166.362503 26.600374 25.549189
v 166.932816 26.344772 26.820061
v 165.750732 26.620417 24.296045
v 166.378387 26.103659 25.575884
v 167.272995 26.535505 28.155184
v 167.153275 26.433363 28.173107
v 167.164810 25.982018 28.197083
v 168.177917 22.317364 29.507729
v 167.345184 23.388399 26.872768
v 167.724304 23.495964 29.572233
v 167.809845 22.157450 26.780607
v 166.757965 21.548309 24.259480
v 166.252441 23.010008 24.338921
v 167.563080 26.542168 29.507729
v 167.070160 25.278215 26.872768
v 167.464188 25.283163 29.572233
v 167.164703 26.590544 26.780607
v 165.982849 26.874615 24.259480
v 165.914886 25.329458 24.338921
v 167.371368 22.035397 25.508326
v 168.095535 22.421936 28.132401
v 166.709625 26.582558 25.508326
v 167.513916 26.418457 28.132401
v 166.990280 22.026373 25.558052
v 167.107666 21.877131 25.540789
v 167.702087 22.406818 28.181488
v 167.817612 22.262062 28.164841
v 166.411774 26.659101 25.540783
v 166.341782 26.482595 25.558050
v 167.201981 26.492485 28.164841
v 167.132507 26.320805 28.181488
v 167.534744 23.442183 28.222502
v 167.993881 22.237408 28.144169
v 167.283905 21.852879 25.520044
v 166.798782 23.199200 25.605843
v 167.267181 25.280689 28.222500
v 167.363907 26.566357 28.144169
v 166.573761 26.732578 25.520044
v 166.492508 25.303833 25.605841
v 162.091583 49.095764 29.582176
v 160.627853 48.652416 24.354261
v 161.717010 48.982307 26.891636
v 163.076462 47.153542 29.495937
v 162.735626 46.940434 26.768864
v 161.786041 46.181282 24.247789
v 163.044083 47.514858 29.495937
v 162.650177 47.285675 26.768864
v 161.700577 46.526524 24.247789
v 161.833237 51.258049 29.495937
v 161.431458 51.246220 26.768864
v 160.220215 51.350876 24.247789
v 162.006790 50.939487 29.495937
v 161.551910 50.911591 26.768864
v 160.340683 51.016247 24.247789
v 162.548370 47.569904 29.554449
v 162.878036 47.121861 29.518658
v 162.726456 47.164036 29.535755
v 161.589050 46.149647 24.270399
v 161.227753 46.681690 24.312054
v 161.436508 46.189972 24.287926
v 162.538269 46.908810 26.791712
v 162.201935 47.371052 26.839716
v 162.386276 46.949871 26.810459
v 161.650574 51.174301 29.518658
v 161.624939 50.618633 29.554449
v 161.547897 51.055111 29.535755
v 160.033432 50.624802 24.312050
v 160.038773 51.267891 24.270399
v 159.934265 51.149708 24.287926
v 161.226379 50.591839 26.839714
v 161.249725 51.163029 26.791714
v 161.146057 51.044525 26.810461
v 161.904297 49.039036 28.236906
v 161.172440 48.817364 25.622948
v 162.906036 47.046986 28.132401
v 162.260834 46.560860 25.508327
v 162.847137 47.400265 28.132401
v 162.175369 46.906097 25.508327
v 161.743317 46.353905 24.247789
v 162.692886 47.113052 26.768864
v 163.060272 47.334198 29.495937
v 161.632355 51.252132 28.132401
v 160.825836 51.298553 25.508327
v 161.779358 50.925541 28.132401
v 160.946304 50.963913 25.508327
v 160.280457 51.183563 24.247789
v 161.491684 51.078903 26.768864
v 161.920013 51.098770 29.495937
v 162.660355 47.256531 29.542923
v 162.795502 47.130833 29.528023
v 162.319183 47.043545 26.820061
v 161.714844 47.026371 25.575886
v 161.366058 46.291977 24.296047
v 161.911392 46.569923 25.549192
v 162.455673 46.917400 26.801662
v 161.506241 46.157974 24.279911
v 162.063644 46.529224 25.531054
v 162.375153 47.470482 28.197083
v 162.556366 47.056957 28.173105
v 162.708145 47.015327 28.155188
v 161.586929 51.121052 29.528023
v 161.544235 50.941483 29.542923
v 161.185776 51.110043 26.801662
v 160.644241 51.215458 25.531055
v 159.974503 51.215019 24.279909
v 160.540161 51.097118 25.549189
v 161.142212 50.929371 26.820061
v 159.932251 51.025764 24.296045
v 160.629898 50.608315 25.575884
v 161.450165 51.168667 28.155184
v 161.347000 51.049820 28.173107
v 161.425659 50.605240 28.197083
v 162.973618 47.132500 29.507729
v 161.990570 48.067471 26.872768
v 162.349411 48.230331 29.572233
v 162.633499 46.919518 26.780607
v 161.684158 46.160416 24.259480
v 160.966415 47.530445 24.338921
v 161.736008 51.218491 29.507729
v 161.436981 49.895191 26.872768
v 161.825867 49.958805 29.572233
v 161.334885 51.206955 26.780607
v 160.123886 51.311714 24.259480
v 160.286972 49.773685 24.338921
v 162.218109 46.733475 25.508326
v 162.876587 47.223625 28.132401
v 160.886078 51.131233 25.508326
v 161.705826 51.088833 28.132401
v 161.842621 46.667759 25.558052
v 161.980927 46.537678 25.540789
v 162.489777 47.150040 28.181488
v 162.625595 47.024120 28.164841
v 160.580139 51.162533 25.540783
v 160.537231 50.977566 25.558050
v 161.386337 51.115543 28.164841
v 161.343231 50.935425 28.181488
v 162.169998 48.148903 28.222502
v 162.803558 47.026009 28.144169
v 162.158813 46.539963 25.520044
v 161.478470 47.798950 25.605843
v 161.631424 49.926998 28.222500
v 161.535461 51.212723 28.144169
v 160.729370 51.259331 25.520044
v 160.861954 49.834435 25.605841
v 152.964355 72.704750 29.582176
v 151.583038 72.048203 24.354261
v 152.610870 72.536736 26.891636
v 154.227676 70.931000 29.495937
v 153.922424 70.669472 26.768864
v 153.096573 69.777283 24.247789
v 154.141815 71.283447 29.495937
v 153.786469 70.998131 26.768864
v 152.960617 70.105927 24.247789
v 152.386642 74.804382 29.495937
v 151.991089 74.732811 26.768864
v 150.777786 74.655777 24.247789
v 152.605713 74.515244 29.495937
v 152.160095 74.419868 26.768864
v 150.946793 74.342834 24.247789
v 153.643448 71.264008 29.554449
v 154.036209 70.870102 29.518658
v 153.880035 70.889221 29.535755
v 152.906509 69.716637 24.270399
v 152.469940 70.188896 24.312054
v 152.749649 69.733780 24.287926
v 153.731995 70.608795 26.791712
v 153.330521 71.015747 26.839716
v 153.575562 70.626740 26.810459
v 152.218506 74.694351 29.518658
v 152.275955 74.141068 29.554449
v 152.134735 74.561188 29.535755
v 150.701309 73.909973 24.312050
v 150.610748 74.546684 24.270399
v 150.525024 74.414238 24.287926
v 151.885849 74.055176 26.839714
v 151.823792 74.623459 26.791714
v 151.738968 74.490837 26.810461
v 152.787613 72.620743 28.236906
v 152.096970 72.292473 25.622948
v 154.075043 70.800240 28.132401
v 153.509506 70.223381 25.508327
v 153.964142 71.140785 28.132401
v 153.373535 70.552025 25.508327
v 153.028595 69.941605 24.247789
v 153.854431 70.833794 26.768864
v 154.184753 71.107231 29.495937
v 152.188873 74.768593 28.132401
v 151.384445 74.694298 25.508327
v 152.382904 74.467552 28.132401
v 151.553436 74.381355 25.508327
v 150.862305 74.499313 24.247789
v 152.075592 74.576332 26.768864
v 152.496185 74.659813 29.495937
v 153.800888 70.970825 29.542923
v 153.953262 70.866676 29.528023
v 153.495270 70.709366 26.820061
v 152.900238 70.602325 25.575886
v 152.664795 69.824142 24.296047
v 153.162613 70.180267 25.549192
v 153.649033 70.604980 26.801662
v 152.823380 69.712532 24.279911
v 153.319229 70.162704 25.531054
v 153.486984 71.139885 28.197083
v 153.727798 70.757980 28.173105
v 153.884094 70.739441 28.155188
v 152.163498 74.632202 29.528023
v 152.148026 74.448273 29.542923
v 151.768448 74.561539 26.801662
v 151.217270 74.585068 25.531055
v 150.555069 74.484825 24.279909
v 151.131989 74.452530 25.549189
v 151.752319 74.376389 26.820061
v 150.541504 74.291382 24.296045
v 151.293564 73.982567 25.575884
v 152.021164 74.658913 28.155184
v 151.936859 74.526009 28.173107
v 152.080917 74.098122 28.197083
v 154.129135 70.894867 29.507729
v 153.017731 71.672882 26.872768
v 153.348282 71.887405 29.572233
v 153.824554 70.633568 26.780607
v 152.998947 69.741463 24.259480
v 152.085052 70.989227 24.338921
v 152.296402 74.750778 29.507729
v 152.197906 73.397690 26.872768
v 152.572968 73.518547 29.572233
v 151.901459 74.679588 26.780607
v 150.688370 74.602699 24.259480
v 151.078857 73.106155 24.338921
v 153.441513 70.387703 25.508326
v 154.019592 70.970512 28.132401
v 151.468948 74.537819 25.508326
v 152.285889 74.618073 28.132401
v 153.080048 70.266762 25.558052
v 153.236176 70.158737 25.540789
v 153.648087 70.840103 28.181488
v 153.801147 70.735825 28.164841
v 151.161774 74.523178 25.540783
v 151.146912 74.333885 25.558050
v 151.965973 74.596863 28.164841
v 151.950180 74.412338 28.181488
v 153.183014 71.780151 28.222502
v 153.976852 70.764221 28.144169
v 153.411728 70.187508 25.520044
v 152.551361 71.331047 25.605843
v 152.385452 73.458122 28.222500
v 152.098923 74.715179 28.144169
v 151.294907 74.641136 25.520044
v 151.638367 73.251915 25.605841
v 140.420486 94.689835 29.582176
v 139.152451 93.834755 24.354261
v 140.095993 94.471008 26.891636
v 141.934052 93.124168 29.495937
v 141.671204 92.820068 26.768864
v 140.987534 91.814758 24.247789
v 141.796616 93.459892 29.495937
v 141.487778 93.124786 26.768864
v 140.804108 92.119476 24.247789
v 139.536316 96.679909 29.495937
v 139.155853 96.550186 26.768864
v 137.967575 96.293198 24.247789
v 139.796036 96.426659 29.495937
v 139.369614 96.265930 26.768864
v 138.181335 96.008942 24.247789
v 141.306717 93.366386 29.554449
v 141.753799 93.035408 29.518658
v 141.596527 93.031044 29.535755
v 140.808624 91.726471 24.270399
v 140.306549 92.128387 24.312054
v 140.650955 91.720047 24.287926
v 141.491928 92.731689 26.791712
v 141.034271 93.074257 26.839716
v 141.334579 92.726120 26.810459
v 139.386444 96.546051 29.518658
v 139.525711 96.007515 29.554449
v 139.323456 96.401894 29.535755
v 138.003098 95.544319 24.312050
v 137.818649 96.160423 24.270399
v 137.753632 96.016685 24.287926
v 139.152771 95.864433 26.839714
v 139.006729 96.417130 26.791714
v 138.942581 96.273338 26.810461
v 140.258240 94.580421 28.236906
v 139.624237 94.152885 25.622948
v 141.802628 92.972122 28.132401
v 141.329361 92.317421 25.508327
v 141.642212 93.292336 28.132401
v 141.145935 92.622124 25.508327
v 140.895828 91.967125 24.247789
v 141.579468 92.972420 26.768864
v 141.865341 93.292030 29.495937
v 139.346085 96.615051 28.132401
v 138.561722 96.421700 25.508327
v 139.582825 96.346291 28.132401
v 138.775452 96.137428 25.508327
v 138.074448 96.151070 24.247789
v 139.262726 96.408058 26.768864
v 139.666183 96.553291 29.495937
v 141.506088 93.099945 29.542923
v 141.672302 93.019669 29.528023
v 141.242859 92.795860 26.820061
v 140.670425 92.601326 25.575886
v 140.553589 91.796753 24.296047
v 140.992767 92.223083 25.549192
v 141.410461 92.715553 26.801662
v 140.727036 91.710022 24.279911
v 141.150253 92.229065 25.531054
v 141.170502 93.220322 28.197083
v 141.465546 92.878578 28.173105
v 141.622849 92.883537 28.155188
v 139.341309 96.476402 29.528023
v 139.353439 96.292221 29.542923
v 138.961212 96.347649 26.801662
v 138.412674 96.288773 25.531055
v 137.772842 96.090958 24.279909
v 138.348099 96.145012 25.549189
v 138.972870 96.162163 26.820061
v 137.788239 95.897644 24.296045
v 138.577911 95.704376 25.575884
v 139.196594 96.481598 28.155184
v 139.133041 96.337616 28.173107
v 139.339264 95.935974 28.197083
v 141.841995 93.073753 29.507729
v 140.627060 93.677444 26.872768
v 140.921951 93.938835 29.572233
v 141.579758 92.769981 26.780607
v 140.896332 91.764793 24.259480
v 139.806686 92.862419 24.338921
v 139.455063 96.613457 29.507729
v 139.559341 95.260803 26.872768
v 139.912201 95.436218 29.572233
v 139.075150 96.484200 26.780607
v 137.887085 96.227379 24.259480
v 138.496231 94.805748 24.338921
v 141.237656 92.469780 25.508326
v 141.722412 93.132225 28.132401
v 138.668594 96.279564 25.508326
v 139.464432 96.480667 28.132401
v 140.898224 92.296310 25.558052
v 141.068726 92.212769 25.540789
v 141.374481 92.947906 28.181488
v 141.541367 92.867607 28.164841
v 138.367020 96.219299 25.540783
v 138.380554 96.029907 25.558050
v 139.151260 96.412025 28.164841
v 139.163147 96.227203 28.181488
v 140.774506 93.808144 28.222502
v 141.710892 92.921867 28.144169
v 141.238037 92.267380 25.520044
v 140.216843 93.269913 25.605843
v 139.735764 95.348511 28.222500
v 139.265121 96.548836 28.144169
v 138.481110 96.355789 25.520044
v 139.027756 95.033264 25.605841
v 124.740181 114.559891 29.582176
v 123.613739 113.525383 24.354261
v 124.451912 114.295151 26.891636
v 126.470192 113.237289 29.495937
v 126.255569 112.897415 26.768864
v 125.729370 111.801437 24.247789
v 126.284248 113.548775 29.495937
v 126.028786 113.171394 26.768864
v 125.502586 112.075417 24.247789
v 123.569283 116.395981 29.495937
v 123.212402 116.210999 26.768864
v 122.075699 115.779785 24.247789
v 123.863853 116.184258 29.495937
v 123.466133 115.961769 26.768864
v 122.329430 115.530556 24.247789
v 125.813744 113.383308 29.554449
v 126.305161 113.122665 29.518658
v 126.150291 113.094902 29.535755
v 125.565613 111.687477 24.270399
v 125.009254 112.010071 24.312054
v 125.410675 111.657623 24.287926
v 126.091476 112.783295 26.791712
v 125.587883 113.053841 26.839716
v 125.936707 112.754341 26.810459
v 123.441040 116.241272 29.518658
v 123.659019 115.729500 29.554449
v 123.400230 116.089333 29.535755
v 122.222435 115.044563 24.312050
v 121.948235 115.626289 24.270399
v 121.905350 115.474464 24.287926
v 123.311562 115.532448 26.839714
v 123.084763 116.057205 26.791714
v 123.042786 115.905457 26.810461
v 124.596046 114.427521 28.236906
v 124.032829 113.910271 25.622948
v 126.362877 113.067345 28.132401
v 125.992477 112.349434 25.508327
v 126.156525 113.360085 28.132401
v 125.765678 112.623398 25.508327
v 125.615982 111.938431 24.247789
v 126.142166 113.034393 26.768864
v 126.377220 113.393044 29.495937
v 123.390846 116.303490 28.132401
v 122.644058 115.995399 25.508327
v 123.664993 116.073021 28.132401
v 122.897774 115.746155 25.508327
v 122.202576 115.655167 24.247789
v 123.339264 116.086380 26.768864
v 123.716576 116.290123 29.495937
v 126.050598 113.149551 29.542923
v 126.226913 113.094940 29.528023
v 125.835632 112.809631 26.820061
v 125.298576 112.531960 25.575886
v 125.302963 111.718964 24.296047
v 125.673698 112.205978 25.549192
v 126.013329 112.755196 26.801662
v 125.487396 111.659042 24.279911
v 125.828537 112.235374 25.531054
v 125.700813 113.218575 28.197083
v 126.043495 112.924622 28.173105
v 126.198311 112.952972 28.155188
v 123.406792 116.165680 29.528023
v 123.446228 115.985367 29.542923
v 123.050133 115.981712 26.801662
v 122.516495 115.841743 25.531055
v 121.913269 115.550774 24.279909
v 122.474060 115.689964 25.549189
v 123.089279 115.800034 26.820061
v 121.957306 115.361923 24.296045
v 122.766983 115.288498 25.575884
v 123.262909 116.149239 28.155184
v 123.221519 115.997398 28.173107
v 123.485298 115.630974 28.197083
v 126.386658 113.173714 29.507729
v 125.095314 113.589592 26.872768
v 125.347954 113.892014 29.572233
v 126.172630 112.834259 26.780607
v 125.646637 111.738434 24.259480
v 124.405571 112.661407 24.338921
v 123.498840 116.318153 29.507729
v 123.803551 114.996147 26.872768
v 124.126320 115.222191 29.572233
v 123.142433 116.133728 26.780607
v 122.005905 115.702698 24.259480
v 122.820137 114.387726 24.338921
v 125.879074 112.486412 25.508326
v 126.259697 113.213715 28.132401
v 122.770920 115.870781 25.508326
v 123.527908 116.188240 28.132401
v 125.569298 112.264297 25.558052
v 125.750336 112.207100 25.540789
v 125.943115 112.979599 28.181488
v 126.120117 112.925072 28.164841
v 122.481697 115.766243 25.540783
v 122.523293 115.580978 25.558050
v 123.228455 116.073692 28.164841
v 123.267761 115.892700 28.181488
v 125.221642 113.740814 28.222502
v 126.279648 113.003990 28.144169
v 125.909622 112.286339 25.520044
v 124.750420 113.125488 25.605843
v 123.964928 115.109169 28.222500
v 123.320648 116.225945 28.144169
v 122.574158 115.918205 25.520044
v 123.311821 114.691925 25.605841
v 106.273643 131.871124 29.582176
v 105.313957 130.680298 24.354261
v 106.028053 131.566376 26.891636
v 108.181442 130.821136 29.495937
v 108.019875 130.453049 26.768864
v 107.662895 129.290894 24.247789
v 107.951164 131.101425 29.495937
v 107.754799 130.690186 26.768864
v 107.397812 129.528030 24.247789
v 104.842178 133.512207 29.495937
v 104.516853 133.276108 26.768864
v 103.457115 132.680298 24.247789
v 105.165016 133.346756 29.495937
v 104.804893 133.067474 26.768864
v 103.745148 132.471664 24.247789
v 107.510567 130.867676 29.554449
v 108.035347 130.683182 29.518658
v 107.886345 130.632645 29.535755
v 107.517952 129.153809 24.270399
v 106.919724 129.389877 24.312054
v 107.369194 129.101196 24.287926
v 107.874626 130.315750 26.791712
v 107.336334 130.508240 26.839716
v 107.725899 130.264069 26.810459
v 104.738426 133.340118 29.518658
v 105.030251 132.866547 29.554449
v 104.720726 133.183792 29.535755
v 103.711784 131.975159 24.312050
v 103.353943 132.509506 24.270399
v 103.334167 132.352997 24.287926
v 104.716034 132.619904 26.839714
v 104.413567 133.104996 26.791714
v 104.394669 132.948685 26.810461
v 106.150848 131.718750 28.236906
v 105.671013 131.123337 25.622948
v 108.100662 130.637100 28.132401
v 107.841393 129.871979 25.508327
v 107.852982 130.895798 28.132401
v 107.576302 130.109100 25.508327
v 107.530357 129.409470 24.247789
v 107.887329 130.571625 26.768864
v 108.066307 130.961273 29.495937
v 104.679520 133.394150 28.132401
v 103.986992 132.978210 25.508327
v 104.984955 133.207108 28.132401
v 104.275017 132.769562 25.508327
v 103.601143 132.575974 24.247789
v 104.660873 133.171783 26.768864
v 105.003609 133.429474 29.495937
v 107.779625 130.671844 29.542923
v 107.962097 130.644104 29.528023
v 107.617706 130.303680 26.820061
v 107.128036 129.949066 25.575886
v 107.253532 129.145798 24.296047
v 107.547546 129.682632 25.549192
v 107.801537 130.276321 26.801662
v 107.444839 129.114029 24.279911
v 107.696281 129.734772 25.531054
v 107.423454 130.687958 28.197083
v 107.806122 130.448349 28.173105
v 107.954979 130.499466 28.155188
v 104.715828 133.260269 29.528023
v 104.781700 133.087830 29.542923
v 104.390572 133.025192 26.801662
v 103.883751 132.807251 25.531055
v 103.330627 132.429642 24.279909
v 103.864418 132.650848 25.549189
v 104.456360 132.851379 26.820061
v 103.402321 132.249466 24.296045
v 104.213898 132.297516 25.575884
v 104.576004 133.222565 28.155184
v 104.557701 133.066254 28.173107
v 104.873146 132.743225 28.197083
v 108.108330 130.745819 29.507729
v 106.769417 130.964584 26.872768
v 106.974167 131.301285 29.572233
v 107.947273 130.378250 26.780607
v 107.590469 129.216278 24.259480
v 106.225708 129.943970 24.338921
v 104.784126 133.424744 29.507729
v 105.282448 132.162918 26.872768
v 105.567940 132.434540 29.572233
v 104.459190 133.189255 26.780607
v 103.399582 132.593658 24.259480
v 104.400696 131.414734 24.338921
v 107.708839 129.990540 25.508326
v 107.976814 130.766449 28.132401
v 104.131004 132.873871 25.508326
v 104.832230 133.300613 28.132401
v 107.435623 129.724731 25.558052
v 107.623169 129.695160 25.540789
v 107.698669 130.487762 28.181488
v 107.881813 130.460220 28.164841
v 103.860596 132.727417 25.540783
v 103.929337 132.550415 25.558050
v 104.553200 133.142715 28.164841
v 104.619034 132.969604 28.181488
v 106.871796 131.132950 28.222502
v 108.027802 130.562042 28.144169
v 107.768867 129.797241 25.520044
v 106.497551 130.454269 25.605843
v 105.425194 132.298737 28.222500
v 104.621658 133.307007 28.144169
v 103.929375 132.891449 25.520044
v 104.841560 131.788803 25.605841
v 85.433380 146.236877 29.582176
v 84.661896 144.916306 24.354261
v 85.235947 145.898926 26.891636
v 87.476364 145.482925 29.495937
v 87.371452 145.094894 26.768864
v 87.191658 143.892502 24.247789
v 87.206879 145.725769 29.495937
v 87.073997 145.289856 26.768864
v 86.894196 144.087479 24.247789
v 83.773331 147.646286 29.495937
v 83.486824 147.364334 26.768864
v 82.527718 146.617233 24.247789
v 84.117218 147.530792 29.495937
v 83.802742 147.200958 26.768864
v 82.843628 146.453873 24.247789
v 86.806038 145.428986 29.554449
v 87.352455 145.324753 29.518658
v 87.212654 145.252563 29.535755
v 87.068771 143.735352 24.270399
v 86.442039 143.879639 24.312054
v 86.929520 143.661163 24.287926
v 87.248291 144.937469 26.791712
v 86.687325 145.047577 26.839716
v 87.108925 144.864197 26.810459
v 83.696381 147.460663 29.518658
v 84.055519 147.035858 29.554449
v 83.702171 147.303436 29.535755
v 82.884628 145.957932 24.312050
v 82.451149 146.432999 24.270399
v 82.454918 146.275269 24.287926
v 83.781578 146.745148 26.839714
v 83.410187 147.179749 26.791714
v 83.414795 147.022385 26.810461
v 85.334663 146.067902 28.236906
v 84.948921 145.407623 25.622948
v 87.423904 145.288910 28.132401
v 87.281563 144.493698 25.508327
v 87.140434 145.507812 28.132401
v 86.984093 144.688675 25.508327
v 87.042931 143.990005 24.247789
v 87.222717 145.192368 26.768864
v 87.341621 145.604355 29.495937
v 83.630081 147.505310 28.132401
v 83.007271 146.990799 25.508327
v 83.959984 147.365875 28.132401
v 83.323174 146.827408 25.508327
v 82.685677 146.535568 24.247789
v 83.644775 147.282639 26.768864
v 83.945274 147.588547 29.495937
v 87.101273 145.275421 29.542923
v 87.285851 145.275192 29.528023
v 86.996040 144.887238 26.820061
v 86.564682 144.463608 25.575886
v 86.808510 143.688019 24.296047
v 87.019218 144.262680 25.549192
v 87.181885 144.887589 26.801662
v 87.002403 143.685120 24.279911
v 87.158524 144.336395 25.531054
v 86.746689 145.238281 28.197083
v 87.160789 145.058380 28.173105
v 87.300362 145.131104 28.155188
v 83.685944 147.378326 29.528023
v 83.776764 147.217651 29.542923
v 83.399338 147.097397 26.801662
v 82.930664 146.806366 25.531055
v 82.439995 146.350525 24.279909
v 82.934860 146.648819 25.549189
v 83.490303 146.935333 26.820061
v 82.537743 146.183044 24.296045
v 83.333092 146.351532 25.575884
v 83.553284 147.320206 28.155184
v 83.558487 147.162918 28.173107
v 83.918549 146.890503 28.197083
v 87.415283 145.397552 29.507729
v 86.058716 145.414337 26.872768
v 86.211014 145.777802 29.572233
v 87.310814 145.010101 26.780607
v 87.131165 143.807922 24.259480
v 85.673195 144.324097 24.338921
v 83.728958 147.551147 29.507729
v 84.409775 146.377686 26.872768
v 84.651588 146.688828 29.572233
v 83.442741 147.269867 26.780607
v 82.483734 146.523010 24.259480
v 83.649376 145.506439 24.338921
v 87.132820 144.591171 25.508326
v 87.282166 145.398361 28.132401
v 83.165230 146.909103 25.508326
v 83.795021 147.435577 28.132401
v 86.902267 144.287628 25.558052
v 87.092125 144.286331 25.540789
v 87.048668 145.081345 28.181488
v 87.233871 145.081390 28.164841
v 82.919670 146.723969 25.540783
v 83.014023 146.559204 25.558050
v 83.542633 147.237854 28.164841
v 83.633537 147.076492 28.181488
v 86.134865 145.596069 28.222502
v 87.363045 145.203827 28.144169
v 87.220985 144.408997 25.520044
v 85.865944 144.869202 25.605843
v 84.530685 146.533264 28.222500
v 83.585846 147.410522 28.144169
v 82.963234 146.896423 25.520044
v 84.029564 145.942047 25.605841
v 62.684906 157.336212 29.582176
v 62.118843 155.915421 24.354261
v 62.540047 156.972610 26.891636
v 64.817429 156.895157 29.495937
v 64.771523 156.495819 26.768864
v 64.772934 155.280075 24.247789
v 64.514763 157.095123 29.495937
v 64.448334 156.644287 26.768864
v 64.449738 155.428528 24.247789
v 60.833344 158.482468 29.495937
v 60.592060 158.160980 26.768864
v 59.755001 157.279282 24.247789
v 61.190601 158.419525 29.495937
v 60.928799 158.046509 26.768864
v 60.091740 157.164825 24.247789
v 64.162636 156.741913 29.554449
v 64.718483 156.720291 29.518658
v 64.590996 156.628082 29.535755
v 64.674843 155.106354 24.270399
v 64.033607 155.155609 24.312054
v 64.548203 155.012222 24.287926
v 64.673195 156.321823 26.791712
v 64.102089 156.347076 26.839716
v 64.546310 156.228577 26.810459
v 60.784924 158.287445 29.518658
v 61.203358 157.920929 29.554449
v 60.814079 158.132843 29.535755
v 60.206196 156.680527 24.312050
v 59.706749 157.085678 24.270399
v 59.733982 156.930298 24.287926
v 60.975796 157.592621 26.839714
v 60.543785 157.967026 26.791714
v 60.571800 157.812088 26.810461
v 62.612476 157.154404 28.236906
v 62.329449 156.444016 25.622948
v 64.794479 156.695496 28.132401
v 64.772232 155.887955 25.508327
v 64.481544 156.869705 28.132401
v 64.449036 156.036392 25.508327
v 64.611343 155.354309 24.247789
v 64.609924 156.570038 26.768864
v 64.666100 156.995163 29.495937
v 60.712704 158.321716 28.132401
v 60.173534 157.720139 25.508327
v 61.059700 158.233017 28.132401
v 60.510265 157.605667 25.508327
v 59.923374 157.222046 24.247789
v 60.760426 158.103729 26.768864
v 61.011974 158.451004 29.495937
v 64.477463 156.634079 29.542923
v 64.660004 156.661346 29.528023
v 64.431252 156.234543 26.820061
v 64.067856 155.751358 25.575886
v 64.424538 155.020752 24.296047
v 64.547256 155.620407 25.549192
v 64.614975 156.262589 26.801662
v 64.616699 155.046799 24.279911
v 64.674019 155.714066 25.531054
v 64.132362 156.544495 28.197083
v 64.568657 156.428329 28.173105
v 64.695831 156.521027 28.155188
v 60.786865 158.204483 29.528023
v 60.900623 158.059128 29.542923
v 60.545334 157.883987 26.801662
v 60.125267 157.526352 25.531055
v 59.708015 157.002487 24.279909
v 60.152889 157.371185 25.549189
v 60.659435 157.737289 26.820061
v 59.829628 156.851440 24.296045
v 60.590988 157.136566 25.575884
v 60.664356 158.127243 28.155184
v 60.692940 157.972473 28.173107
v 61.089577 157.756775 28.197083
v 64.769760 156.801636 29.507729
v 63.425850 156.616074 26.872768
v 63.522266 156.998154 29.572233
v 64.724197 156.402939 26.780607
v 64.725731 155.187424 24.259480
v 63.207111 155.480530 24.338921
v 60.803646 158.381805 29.507729
v 61.651749 157.322891 26.872768
v 61.844490 157.666595 29.572233
v 60.562550 158.060989 26.780607
v 59.725559 157.179550 24.259480
v 61.029682 156.348053 24.338921
v 64.610634 155.962173 25.508326
v 64.638008 156.782593 28.132401
v 60.341900 157.662888 25.508326
v 60.886196 158.277359 28.132401
v 64.427895 155.627640 25.558052
v 64.615822 155.654663 25.540789
v 64.454361 156.434311 28.181488
v 64.637489 156.461975 28.164841
v 60.126675 157.443237 25.540783
v 60.244530 157.294357 25.558050
v 60.666096 158.044220 28.164841
v 60.780033 157.898209 28.181488
v 63.474060 156.807129 28.222502
v 64.746979 156.602295 28.144169
v 64.724960 155.795151 25.520044
v 63.316475 156.048279 25.605843
v 61.748119 157.494736 28.222500
v 60.683098 158.221405 28.144169
v 60.144047 157.620255 25.520044
v 61.340706 156.835449 25.605841
v 38.536213 164.921295 29.582176
v 38.188221 163.432007 24.354261
v 38.447159 164.540176 26.891636
v 40.710655 164.802994 29.495937
v 40.724777 164.401276 26.768864
v 40.907356 163.199310 24.247789
v 40.381565 164.955627 29.495937
v 40.383072 164.499908 26.768864
v 40.565651 163.297943 24.247789
v 36.534492 165.778824 29.495937
v 36.343819 165.424957 26.768864
v 35.647514 164.428345 24.247789
v 36.897144 165.769806 29.495937
v 36.693855 165.361938 26.768864
v 35.997551 164.365356 24.247789
v 40.086014 164.553864 29.554449
v 40.638874 164.615326 29.518658
v 40.526550 164.505142 29.535755
v 40.836258 163.012909 24.270399
v 40.194839 162.966080 24.312054
v 40.725056 162.900970 24.287926
v 40.653484 164.214554 26.791712
v 40.084988 164.154419 26.839716
v 40.541912 164.103455 26.810459
v 36.515678 165.578751 29.518658
v 36.984062 165.278687 29.554449
v 36.567551 165.430222 29.535755
v 36.182903 163.903519 24.312050
v 35.628651 164.229721 24.270399
v 35.678741 164.080124 24.287926
v 36.807972 164.920135 26.839714
v 36.324993 165.225967 26.791714
v 36.375778 165.076950 26.810461
v 38.491684 164.730743 28.236906
v 38.317692 163.986099 25.622948
v 40.717716 164.602127 28.132401
v 40.816071 163.800308 25.508327
v 40.382317 164.727768 28.132401
v 40.474361 163.898926 25.508327
v 40.736507 163.248642 24.247789
v 40.553921 164.450592 26.768864
v 40.546112 164.879318 29.495937
v 36.439159 165.601883 28.132401
v 35.995667 164.926651 25.508327
v 36.795502 165.565872 28.132401
v 36.345699 164.863647 25.508327
v 35.822536 164.396866 24.247789
v 36.518833 165.393433 26.768864
v 36.715820 165.774307 29.495937
v 40.413399 164.494156 29.542923
v 40.589832 164.548340 29.528023
v 40.427242 164.092209 26.820061
v 40.139915 163.560242 25.575886
v 40.601498 162.890976 24.296047
v 40.633480 163.502213 25.549192
v 40.604733 164.147324 26.801662
v 40.787636 162.945358 24.279911
v 40.744865 163.613724 25.531054
v 40.085503 164.354156 28.197083
v 40.534233 164.304306 28.173105
v 40.646175 164.414932 28.155188
v 36.529968 165.496994 29.528023
v 36.664116 165.370224 29.542923
v 36.338894 165.144089 26.801662
v 35.976822 164.727829 25.531055
v 35.642303 164.147629 24.279909
v 36.027260 164.578522 25.549189
v 36.473583 165.016037 26.820061
v 35.785069 164.016403 24.296045
v 36.495434 164.411819 25.575884
v 36.420334 165.402374 28.155184
v 36.471668 165.253601 28.173107
v 36.896019 165.099426 28.197083
v 40.677456 164.703430 29.507729
v 39.376209 164.319626 26.872768
v 39.414600 164.711823 29.572233
v 40.691826 164.302368 26.780607
v 40.874489 163.100647 24.259480
v 39.329147 163.164185 24.338921
v 36.520130 165.674835 29.507729
v 37.516575 164.754166 26.872768
v 37.655945 165.122726 29.572233
v 36.329536 165.321686 26.780607
v 35.633263 164.325333 24.259480
v 37.046745 163.697510 24.338921
v 40.645214 163.849609 25.508326
v 40.550014 164.664963 28.132401
v 36.170681 164.895142 25.508326
v 36.617325 165.583862 28.132401
v 40.514374 163.491592 25.558052
v 40.696178 163.546310 25.540789
v 40.420322 164.293182 28.181488
v 40.597282 164.347824 28.164841
v 35.990601 164.645859 25.540783
v 36.129326 164.516220 25.558050
v 36.434433 165.320541 28.164841
v 36.568851 165.193146 28.181488
v 39.395405 164.515732 28.222502
v 40.684639 164.502899 28.144169
v 40.783154 163.701492 25.520044
v 39.352669 163.741882 25.605843
v 37.586258 164.938446 28.222500
v 36.424835 165.498260 28.144169
v 35.981396 164.823502 25.520044
v 37.281654 164.225800 25.605841
v 13.526859 168.822723 29.582176
v 13.404708 167.298203 24.354261
v 13.495600 168.432587 26.891636
v 15.694650 169.029800 29.495937
v 15.768484 168.634689 26.768864
v 16.128160 167.473358 24.247789
v 15.346486 169.131683 29.495937
v 15.415894 168.681290 26.768864
v 15.775569 167.519958 24.247789
v 11.419698 169.372330 29.495937
v 11.283890 168.994003 26.768864
v 10.743889 167.904755 24.247789
v 11.779641 169.417480 29.495937
v 11.639404 168.983871 26.768864
v 11.099402 167.894623 24.247789
v 15.114113 168.690369 29.554449
v 15.651639 168.833527 29.518658
v 15.556992 168.707855 29.535755
v 16.085632 167.278427 24.270399
v 15.458362 167.136505 24.312054
v 15.992355 167.151154 24.287926
v 15.725814 168.439423 26.791712
v 15.172628 168.295227 26.839716
v 15.632046 168.312927 26.810459
v 11.430906 169.171707 29.518658
v 11.938782 168.944794 29.554449
v 11.504335 169.032562 29.535755
v 11.351511 167.465591 24.312050
v 10.754838 167.705536 24.270399
v 10.826663 167.565079 24.287926
v 11.818094 168.563995 26.839714
v 11.294928 168.794434 26.791714
v 11.367358 168.654648 26.810461
v 13.511230 168.627655 28.236906
v 13.450154 167.865402 25.622948
v 15.731567 168.832245 28.132401
v 15.948324 168.054031 25.508327
v 15.381189 168.906479 28.132401
v 15.595731 168.100616 25.508327
v 15.951866 167.496658 24.247789
v 15.592188 168.657974 26.768864
v 15.520569 169.080765 29.495937
v 11.351793 169.183167 28.132401
v 11.013889 168.449387 25.508327
v 11.709522 169.200668 28.132401
v 11.369403 168.439240 25.508327
v 10.921646 167.899704 24.247789
v 11.461647 168.988937 26.768864
v 11.599670 169.394913 29.495937
v 15.446738 168.680099 29.542923
v 15.613127 168.759995 29.528023
v 15.520337 168.284714 26.820061
v 15.315495 167.715881 25.575886
v 15.871669 167.122864 24.296047
v 15.812201 167.732040 25.549192
v 15.687630 168.365662 26.801662
v 16.047623 167.204376 24.279911
v 15.905722 167.858902 25.531054
v 15.143372 168.492813 28.197083
v 15.594519 168.510376 28.173105
v 15.688725 168.636459 28.155188
v 11.457220 169.092987 29.528023
v 11.608766 168.987625 29.542923
v 11.320879 168.715546 26.801662
v 11.024881 168.249985 25.531055
v 10.780573 167.626404 24.279909
v 11.097011 168.109863 25.549189
v 11.473147 168.608994 26.820061
v 10.941302 167.517914 24.296045
v 11.584803 168.014786 25.575884
v 11.362917 168.983063 28.155184
v 11.435846 168.843613 28.173107
v 11.878439 168.754410 28.197083
v 15.676661 168.926392 29.507729
v 14.447142 168.352951 26.872768
v 14.426658 168.746490 29.572233
v 15.750637 168.531967 26.780607
v 16.110363 167.370911 24.259480
v 14.572809 167.203400 24.338921
v 11.420992 169.267365 29.507729
v 12.543518 168.505478 26.872768
v 12.626400 168.890732 29.572233
v 11.285156 168.889755 26.780607
v 10.745147 167.800781 24.259480
v 12.236414 167.390594 24.338921
v 15.772026 168.077316 25.508326
v 15.556377 168.869354 28.132401
v 11.191647 168.444321 25.508326
v 11.530657 169.191910 28.132401
v 15.696003 167.703796 25.558052
v 15.867624 167.784988 25.540789
v 15.483539 168.482422 28.181488
v 15.650378 168.562836 28.164841
v 11.050726 168.170975 25.540783
v 11.207226 168.063446 25.558050
v 11.389049 168.904266 28.164841
v 11.540957 168.798309 28.181488
v 14.436900 168.549744 28.222502
v 15.713649 168.729187 28.144169
v 15.930498 167.951416 25.520044
v 14.509974 167.778152 25.605843
v 12.584959 168.698105 28.222500
v 11.353074 169.078583 28.144169
v 11.015150 168.345245 25.520044
v 12.389965 167.948013 25.605841
v -11.784724 168.953262 29.582176
v -11.678304 167.427567 24.354261
v -11.757490 168.562820 26.891636
v -9.672007 169.481094 29.495937
v -9.540108 169.101395 26.768864
v -9.011370 168.006638 24.247789
v -10.031465 169.529968 29.495937
v -9.895708 169.094925 26.768864
v -9.366970 168.000168 24.247789
v -13.950264 169.182693 29.495937
v -14.028170 168.788345 26.768864
v -14.399805 167.630783 24.247789
v -13.601068 169.280975 29.495937
v -13.675116 168.831314 26.768864
v -14.046751 167.673752 24.247789
v -10.195472 169.058929 29.554449
v -9.685285 169.280609 29.518658
v -9.760143 169.142227 29.535755
v -9.024374 167.807571 24.270399
v -9.623489 167.573746 24.312054
v -9.097643 167.667816 24.287926
v -9.553202 168.901947 26.791712
v -10.078719 168.676926 26.839716
v -9.627070 168.762909 26.810459
v -13.909279 168.985977 29.518658
v -13.373258 168.837280 29.554449
v -13.815933 168.859329 29.535755
v -13.733517 167.287079 24.312050
v -14.359287 167.435425 24.270399
v -14.267331 167.307236 24.287926
v -13.435847 168.442764 26.839714
v -13.987514 168.592651 26.791714
v -13.895058 168.465225 26.810461
v -11.771107 168.758041 28.236906
v -11.717897 167.995193 25.622948
v -9.606057 169.291245 28.132401
v -9.275739 168.554031 25.508327
v -9.963587 169.312454 28.132401
v -9.631338 168.547546 25.508327
v -9.189170 168.003418 24.247789
v -9.717907 169.098160 26.768864
v -9.851735 169.505539 29.495937
v -13.989217 168.985519 28.132401
v -14.213988 168.209579 25.508327
v -13.638092 169.056137 28.132401
v -13.860933 168.252533 25.508327
v -14.223279 167.652283 24.247789
v -13.851643 168.809830 26.768864
v -13.775666 169.231827 29.495937
v -9.865032 169.098373 29.542923
v -9.712406 169.202148 29.528023
v -9.733326 168.718369 26.820061
v -9.851105 168.125351 25.575886
v -9.212764 167.621857 24.296047
v -9.362356 168.215347 25.549192
v -9.579967 168.823334 26.801662
v -9.050922 167.728683 24.279911
v -9.288788 168.354736 25.531054
v -10.137095 168.867935 28.197083
v -9.693607 168.952576 28.173105
v -9.619242 169.091278 28.155188
v -13.871530 168.912064 29.528023
v -13.705973 168.830460 29.542923
v -13.950094 168.518524 26.801662
v -14.173401 168.014038 25.531055
v -14.322046 167.361008 24.279909
v -14.081194 167.886230 25.549189
v -13.783646 168.435837 26.820061
v -14.146943 167.277679 24.296045
v -13.584682 167.864899 25.575884
v -13.948397 168.789322 28.155184
v -13.855496 168.662277 28.173107
v -13.404553 168.640030 28.197083
v -9.674381 169.376160 29.507729
v -10.804708 168.625885 26.872768
v -10.883613 169.011978 29.572233
v -9.542448 168.997162 26.780607
v -9.013700 167.902679 24.259480
v -10.509119 167.507904 24.338921
v -13.933342 169.079102 29.507729
v -12.709803 168.493011 26.872768
v -12.685261 168.886292 29.572233
v -14.011383 168.685455 26.780607
v -14.383064 167.528168 24.259480
v -12.847321 167.344818 24.338921
v -9.453539 168.550781 25.508326
v -9.784822 169.301834 28.132401
v -14.037460 168.231049 25.508326
v -13.813654 169.020828 28.132401
v -9.473045 168.170105 25.558052
v -9.315443 168.275970 25.540789
v -9.799180 168.908371 28.181488
v -9.646186 169.012741 28.164841
v -14.136070 167.939758 25.540783
v -13.965294 167.856750 25.558050
v -13.910811 168.715286 28.164841
v -13.744809 168.633163 28.181488
v -10.844162 168.818939 28.222502
v -9.608416 169.186676 28.144169
v -9.278073 168.449905 25.520044
v -10.656912 168.066879 25.605843
v -12.697531 168.689651 28.222500
v -13.972363 168.882294 28.144169
v -14.197222 168.106796 25.520044
v -12.778561 167.918900 25.605841
v -36.832996 165.310059 29.582176
v -36.500381 163.817261 24.354261
v -36.747875 164.928040 26.891636
v -34.822540 166.146866 29.495937
v -34.635525 165.791061 26.768864
v -33.949535 164.787338 24.247789
v -35.185265 166.141617 29.495937
v -34.986187 165.731674 26.768864
v -34.300198 164.727951 24.247789
v -39.008545 165.214188 29.495937
v -39.026806 164.812637 26.768864
v -39.221775 163.612625 24.247789
v -38.677895 165.363419 29.495937
v -38.684101 164.907730 26.768864
v -38.879070 163.707718 24.247789
v -35.277245 165.651413 29.554449
v -34.805790 165.946655 29.518658
v -34.859188 165.798645 29.535755
v -33.932724 164.588547 24.270399
v -34.490303 164.268051 24.312054
v -33.984348 164.439438 24.287926
v -34.618752 165.591904 26.791712
v -35.104862 165.291061 26.839716
v -34.671066 165.443390 26.810459
v -38.938698 165.025772 29.518658
v -38.386505 164.958633 29.554449
v -38.827518 164.914459 29.535755
v -38.511707 163.372040 24.312050
v -39.152596 163.425476 24.270399
v -39.042561 163.312408 24.287926
v -38.389599 164.559189 26.839714
v -38.957443 164.625198 26.791714
v -38.847027 164.512955 26.810461
v -36.790436 165.119049 28.236906
v -36.624130 164.372650 25.622948
v -34.729031 165.968979 28.132401
v -34.292530 165.289200 25.508327
v -35.085728 165.936630 28.132401
v -34.643192 165.229813 25.508327
v -34.124870 164.757645 24.247789
v -34.810852 165.761368 26.768864
v -35.003902 166.144241 29.495937
v -39.017673 165.013412 28.132401
v -39.124294 164.212631 25.508327
v -38.680996 165.135574 28.132401
v -38.781582 164.307724 25.508327
v -39.050423 163.660172 24.247789
v -38.855453 164.860184 26.768864
v -38.843220 165.288803 29.495937
v -34.956367 165.739639 29.542923
v -34.820915 165.865005 29.528023
v -34.769497 165.383499 26.820061
v -34.797585 164.779556 25.575886
v -34.091331 164.376831 24.296047
v -34.327709 164.941422 25.549192
v -34.633495 165.510178 26.801662
v -33.947220 164.506577 24.279911
v -34.275734 165.090210 25.531054
v -35.191051 165.471252 28.197083
v -34.765129 165.621017 28.173105
v -34.712265 165.769257 28.155188
v -38.890354 164.958313 29.528023
v -38.714485 164.902298 29.542923
v -38.909389 164.557449 26.801662
v -39.055016 164.025330 25.531055
v -39.104683 163.357437 24.279909
v -38.944794 163.912689 25.549189
v -38.732479 164.500504 26.820061
v -38.919113 163.301147 24.296045
v -38.450649 163.965607 25.575884
v -38.948071 164.825485 28.155184
v -38.837276 164.713715 28.173107
v -38.388050 164.758911 28.197083
v -34.809250 166.042755 29.507729
v -35.815136 165.132401 26.872768
v -35.950699 165.502411 29.572233
v -34.622307 165.687668 26.780607
v -33.936344 164.684189 24.259480
v -35.356228 164.070953 24.338921
v -38.976372 165.114258 29.507729
v -37.679150 164.717087 26.872768
v -37.713497 165.109634 29.572233
v -38.994873 164.713394 26.780607
v -39.189926 163.513626 24.259480
v -37.644009 163.561218 24.338921
v -34.467861 165.259506 25.508326
v -34.907379 165.952820 28.132401
v -38.952938 164.260178 25.508326
v -38.849331 165.074478 28.132401
v -34.430416 164.880157 25.558052
v -34.290352 165.008347 25.540789
v -34.862934 165.561584 28.181488
v -34.727203 165.687592 28.164841
v -39.007034 163.957443 25.540783
v -38.825794 163.900818 25.558050
v -38.899872 164.757874 28.164841
v -38.723484 164.701416 28.181488
v -35.882919 165.317429 28.222502
v -34.715778 165.865219 28.144169
v -34.279324 165.185913 25.520044
v -35.585678 164.601654 25.605843
v -37.696323 164.913361 28.222500
v -38.985622 164.913834 28.144169
v -39.092396 164.113495 25.520044
v -37.661575 164.139130 25.605841
v -61.058613 157.974457 29.582176
v -60.507236 156.547897 24.354261
v -60.917511 157.609390 26.891636
v -59.195328 159.101562 29.495937
v -58.957375 158.777588 26.768864
v -58.129456 157.887314 24.247789
v -59.553215 159.042297 29.495937
v -59.295273 158.666595 26.768864
v -58.467350 157.776337 24.247789
v -63.195580 157.555420 29.495937
v -63.153793 157.155640 26.768864
v -63.167740 155.939957 24.247789
v -62.890862 157.752258 29.495937
v -62.829086 157.300751 26.768864
v -62.843037 156.085083 24.247789
v -59.571110 158.543869 29.554449
v -59.148922 158.906067 29.518658
v -59.179668 158.751755 29.535755
v -58.083202 157.693237 24.270399
v -58.586792 157.293243 24.312054
v -58.112026 157.538101 24.287926
v -58.911102 158.583160 26.791712
v -59.346951 158.213242 26.839716
v -58.940704 158.428497 26.810459
v -63.098434 157.379532 29.518658
v -62.542400 157.395432 29.554449
v -62.971905 157.286026 29.535755
v -62.429745 155.807907 24.312050
v -63.071442 155.765228 24.270399
v -62.945789 155.669830 24.287926
v -62.485928 156.999985 26.839714
v -63.057266 156.980621 26.791714
v -62.931358 156.886093 26.810461
v -60.988064 157.791916 28.236906
v -60.712376 157.078659 25.622948
v -59.076351 158.939575 28.132401
v -58.543415 158.332474 25.508327
v -59.424244 158.854446 28.132401
v -58.881310 158.221466 25.508327
v -58.298405 157.831833 24.247789
v -59.126316 158.722092 26.768864
v -59.374275 159.071945 29.495937
v -63.174686 157.355530 28.132401
v -63.160770 156.547806 25.508327
v -62.859974 157.526505 28.132401
v -62.836060 156.692902 25.508327
v -63.005390 156.012527 24.247789
v -62.991436 157.228195 26.768864
v -63.043221 157.653854 29.495937
v -59.266968 158.678940 29.542923
v -59.151714 158.823090 29.528023
v -59.029110 158.354614 26.820061
v -58.966869 157.753250 25.575886
v -58.208488 157.460251 24.296047
v -58.526367 157.983307 25.549192
v -58.913506 158.500137 26.801662
v -58.085323 157.610031 24.279911
v -58.497147 158.138184 25.531054
v -59.459030 158.378555 28.197083
v -59.060188 158.590134 28.173105
v -59.030010 158.744598 28.155188
v -63.040573 157.320023 29.528023
v -62.858322 157.290848 29.542923
v -62.999657 156.920792 26.801662
v -63.064354 156.372925 25.531055
v -63.013920 155.705093 24.279909
v -62.938572 156.277969 25.549189
v -62.816235 156.890869 26.820061
v -62.822037 155.677078 24.296045
v -62.457832 156.403931 25.575884
v -63.077850 157.180069 28.155184
v -62.951633 157.086060 28.173107
v -62.514164 157.197708 28.197083
v -59.166668 159.000580 29.507729
v -60.025646 157.950485 26.872768
v -60.214840 158.296158 29.572233
v -58.928890 158.677307 26.780607
v -58.101040 157.787292 24.259480
v -59.413670 156.969284 24.338921
v -63.148876 157.461426 29.507729
v -61.806942 157.262009 26.872768
v -61.899410 157.645050 29.572233
v -63.107426 157.062256 26.780607
v -63.121494 155.846832 24.259480
v -61.599934 156.124283 24.338921
v -58.712364 158.276962 25.508326
v -59.250294 158.897018 28.132401
v -62.998413 156.620346 25.508326
v -63.017326 157.441010 28.132401
v -58.618801 157.907440 25.558052
v -58.499401 158.055069 25.540789
v -59.148041 158.516785 28.181488
v -59.032608 158.661606 28.164841
v -63.006790 156.312943 25.540783
v -62.819138 156.283966 25.558050
v -63.020111 157.120407 28.164841
v -62.837280 157.090851 28.181488
v -60.120247 158.123337 28.222502
v -59.047783 158.838959 28.144169
v -58.514961 158.232285 25.520044
v -59.719650 157.459869 25.605843
v -61.853180 157.453522 28.222500
v -63.128151 157.261841 28.144169
v -63.114456 156.454544 25.520044
v -61.703430 156.693115 25.605841
v -83.920441 147.110306 29.582176
v -83.162613 145.781860 24.354261
v -83.726501 146.770340 26.891636
v -82.245941 148.502518 29.495937
v -81.962364 148.217621 26.768864
v -81.011002 147.460678 24.247789
v -82.591003 148.390564 29.495937
v -82.279945 148.057526 26.768864
v -81.328590 147.300583 24.247789
v -85.971085 146.377457 29.495937
v -85.870186 145.988373 26.768864
v -85.702805 144.784195 24.247789
v -85.699112 146.617523 29.495937
v -85.570732 146.180267 26.768864
v -85.403343 144.976089 24.247789
v -82.534409 147.895035 29.554449
v -82.170914 148.316116 29.518658
v -82.178322 148.158966 29.535755
v -80.936348 147.275665 24.270399
v -81.374695 146.805069 24.312054
v -80.941734 147.117981 24.287926
v -81.887627 148.032257 26.791712
v -82.263474 147.601517 26.839716
v -81.893852 147.874924 26.810459
v -85.848808 146.218018 29.518658
v -85.301361 146.316605 29.554449
v -85.709770 146.144409 29.535755
v -84.953362 144.763611 24.312050
v -85.581528 144.625763 24.270399
v -85.443069 144.550156 24.287926
v -85.186584 145.934006 26.839714
v -85.748650 145.829712 26.791714
v -85.610062 145.755005 26.810461
v -83.823471 146.940323 28.236906
v -83.444565 146.276108 25.622948
v -82.104149 148.360077 28.132401
v -81.486687 147.839172 25.508327
v -82.435471 148.224045 28.132401
v -81.804260 147.679031 25.508327
v -81.169792 147.380630 24.247789
v -82.121147 148.137558 26.768864
v -82.418472 148.446548 29.495937
v -85.920631 146.182922 28.132401
v -85.786491 145.386292 25.508327
v -85.634918 146.398880 28.132401
v -85.487030 145.578171 25.508327
v -85.553078 144.880142 24.247789
v -85.720451 146.084305 26.768864
v -85.835098 146.497513 29.495937
v -82.253799 148.073929 29.542923
v -82.161308 148.233643 29.528023
v -81.970261 147.788696 26.820061
v -81.819092 147.203293 25.575886
v -81.025513 147.026611 24.296047
v -81.417793 147.496445 25.549192
v -81.877625 147.949814 26.801662
v -80.926048 147.193085 24.279911
v -81.411980 147.653961 25.531054
v -82.398941 147.748291 28.197083
v -82.036087 148.016937 28.173105
v -82.029259 148.174179 28.155188
v -85.782730 146.167801 29.528023
v -85.598160 146.166092 29.542923
v -85.682770 145.779129 26.801662
v -85.665092 145.227722 25.531055
v -85.515694 144.574860 24.279909
v -85.526566 145.152588 25.549189
v -85.496933 145.776855 26.820061
v -85.321777 144.575775 24.296045
v -85.069969 145.348785 25.575884
v -85.798737 146.023865 28.155184
v -85.659920 145.949722 28.173107
v -85.243973 146.125305 28.197083
v -82.202553 148.406921 29.507729
v -82.895432 147.240555 26.872768
v -83.134033 147.554169 29.572233
v -81.919250 148.122711 26.780607
v -80.968002 147.366013 24.259480
v -82.144066 146.361511 24.338921
v -85.910896 146.291473 29.507729
v -84.554230 146.294266 26.872768
v -84.702751 146.659256 29.572233
v -85.810425 145.902954 26.780607
v -85.643188 144.698990 24.259480
v -84.179970 145.200104 24.338921
v -81.645477 147.759109 25.508326
v -82.269814 148.292068 28.132401
v -85.636765 145.482224 25.508326
v -85.777771 146.290894 28.132401
v -81.497887 147.407639 25.558052
v -81.401825 147.571411 25.540789
v -82.112038 147.931320 28.181488
v -82.019470 148.091736 28.164841
v -85.599228 145.177002 25.540783
v -85.409355 145.176315 25.558050
v -85.732742 145.973450 28.164841
v -85.547554 145.971481 28.181488
v -83.014740 147.397369 28.222502
v -82.060905 148.264832 28.144169
v -81.443611 147.744354 25.520044
v -82.519737 146.801010 25.605843
v -84.628487 146.476761 28.222500
v -85.860664 146.097229 28.144169
v -85.726799 145.300964 25.520044
v -84.367088 145.747177 25.605841
v -104.907745 132.960297 29.582176
v -103.960396 131.759628 24.354261
v -104.665314 132.653030 26.891636
v -103.459435 134.586517 29.495937
v -103.136559 134.347076 26.768864
v -102.083023 133.740356 24.247789
v -103.783958 134.424393 29.495937
v -103.426743 134.141434 26.768864
v -102.373192 133.534714 24.247789
v -106.826271 131.930023 29.495937
v -106.668510 131.560303 26.768864
v -106.323532 130.394531 24.247789
v -106.593117 132.207932 29.495937
v -106.401001 131.794693 26.768864
v -106.056023 130.628922 24.247789
v -103.654144 133.942825 29.554449
v -103.357468 134.413376 29.518658
v -103.341377 134.256866 29.535755
v -101.981621 133.568542 24.270399
v -102.344940 133.037888 24.312054
v -101.963448 133.411804 24.287926
v -103.035034 134.174911 26.791712
v -103.342499 133.692963 26.839716
v -103.017746 134.018417 26.810459
v -106.681602 131.790573 29.518658
v -106.154953 131.969650 29.554449
v -106.533134 131.738525 29.535755
v -105.579399 130.485855 24.312050
v -106.180008 130.255936 24.270399
v -106.031815 130.201828 24.287926
v -105.984436 131.608429 26.839714
v -106.524689 131.421524 26.791714
v -106.376511 131.368301 26.810461
v -104.786530 132.806656 28.236906
v -104.312859 132.206329 25.622948
v -103.298004 134.466797 28.132401
v -102.609795 134.043716 25.508327
v -103.605347 134.282913 28.132401
v -102.899963 133.838074 25.508327
v -102.228111 133.637543 24.247789
v -103.281647 134.244232 26.768864
v -103.621696 134.505478 29.495937
v -106.747391 131.745178 28.132401
v -106.496025 130.977432 25.508327
v -106.497055 132.001297 28.132401
v -106.228500 131.211792 25.508327
v -106.189781 130.511719 24.247789
v -106.534744 131.677490 26.768864
v -106.709694 132.068985 29.495937
v -103.403328 134.161545 29.542923
v -103.335678 134.333267 29.528023
v -103.080452 133.921738 26.820061
v -102.843727 133.365417 25.575886
v -102.032677 133.308990 24.296047
v -102.490593 133.715103 25.549192
v -103.012871 134.094879 26.801662
v -101.959122 133.488419 24.279911
v -102.508324 133.871719 25.531054
v -103.498322 133.817917 28.197083
v -103.179565 134.137634 28.173105
v -103.196243 134.294128 28.155188
v -106.608780 131.750763 29.528023
v -106.426018 131.776596 29.542923
v -106.452003 131.381348 26.801662
v -106.352348 130.838730 25.531055
v -106.107315 130.215439 24.279909
v -106.204163 130.785065 25.549189
v -106.267906 131.406784 26.820061
v -105.915703 130.245209 24.296045
v -105.781906 131.047134 25.575884
v -106.603149 131.606064 28.155184
v -106.454826 131.553421 28.173107
v -106.069702 131.789047 28.197083
v -103.402283 134.498459 29.507729
v -103.913605 133.241852 26.872768
v -104.196274 133.516403 29.572233
v -103.079788 134.259644 26.780607
v -102.026390 133.653152 24.259480
v -103.039604 132.484604 24.338921
v -106.753937 131.853958 29.507729
v -105.412842 132.058929 26.872768
v -105.614098 132.397705 29.572233
v -106.596680 131.484772 26.780607
v -106.251884 130.319168 24.259480
v -104.879692 131.032761 24.338921
v -102.754875 133.940887 25.508326
v -103.451675 134.374863 28.132401
v -106.362267 131.094604 25.508326
v -106.622215 131.873230 28.132401
v -102.556557 133.615372 25.558052
v -102.485985 133.791626 25.540789
v -103.241890 134.041656 28.181488
v -103.174278 134.214066 28.164841
v -106.279655 130.798386 25.540783
v -106.091805 130.826004 25.558050
v -106.530388 131.566055 28.164841
v -106.346962 131.591705 28.181488
v -104.054939 133.379135 28.222502
v -103.241043 134.379059 28.144169
v -102.553078 133.956390 25.520044
v -103.476593 132.863205 25.605843
v -105.513474 132.228302 28.222500
v -106.675308 131.669373 28.144169
v -106.424278 130.901947 25.520044
v -105.146255 131.545822 25.605841
v -123.551880 115.840469 29.582176
v -122.436165 114.794395 24.354261
v -123.266357 115.572769 26.891636
v -122.362106 117.664383 29.495937
v -122.007156 117.475731 26.768864
v -120.874962 117.032814 24.247789
v -122.658844 117.455711 29.495937
v -122.263443 117.229134 26.768864
v -121.131241 116.786217 24.247789
v -125.295441 114.535782 29.495937
v -125.084335 114.193703 26.768864
v -124.569466 113.092369 24.247789
v -125.106293 114.845329 29.495937
v -124.854736 114.465340 26.768864
v -124.339874 113.363991 24.247789
v -122.458717 116.998871 29.554449
v -122.235481 117.508369 29.518658
v -122.196236 117.356010 29.535755
v -120.749092 116.878021 24.270399
v -121.029259 116.299133 24.312054
v -120.707756 116.725754 24.287926
v -121.881104 117.320625 26.791712
v -122.113304 116.798241 26.839716
v -121.840683 117.168449 26.810459
v -125.131584 114.419449 29.518658
v -124.637520 114.675018 29.554449
v -124.977028 114.390099 29.535755
v -123.847252 113.293579 24.312050
v -124.406883 112.976707 24.270399
v -124.252289 112.945274 24.287926
v -124.415077 114.343239 26.839714
v -124.921432 114.077904 26.791714
v -124.766983 114.047363 26.810461
v -123.409119 115.706619 28.236906
v -122.851265 115.183594 25.622948
v -122.184631 117.570053 28.132401
v -121.441063 117.254280 25.508327
v -122.461143 117.342422 28.132401
v -121.697334 117.007675 25.508327
v -121.003105 116.909515 24.247789
v -122.135292 117.352432 26.768864
v -122.510483 117.560051 29.495937
v -125.189880 114.364746 28.132401
v -124.826897 113.643044 25.508327
v -124.980522 114.655334 28.132401
v -124.597298 113.914658 25.508327
v -124.454674 113.228180 24.247789
v -124.969536 114.329514 26.768864
v -125.200867 114.690559 29.495937
v -122.243294 117.252518 29.542923
v -122.201996 117.432404 29.528023
v -121.888283 117.063515 26.820061
v -121.571289 116.548691 25.575886
v -120.760880 116.613754 24.296047
v -121.274223 116.947098 25.549192
v -121.847252 117.244789 26.801662
v -120.714897 116.802139 24.279911
v -121.315094 117.099312 25.531054
v -122.286018 116.898552 28.197083
v -122.018456 117.262230 28.173105
v -122.058281 117.414490 28.155188
v -125.053650 114.390945 29.528023
v -124.876778 114.443726 29.542923
v -124.843575 114.049004 26.801662
v -124.664154 113.527306 25.531055
v -124.328972 112.947479 24.279909
v -124.509628 113.496323 25.549189
v -124.665321 114.101601 26.820061
v -124.143936 113.005493 24.296045
v -124.131149 113.818398 25.575884
v -125.026512 114.248680 28.155184
v -124.872009 114.218735 28.173107
v -124.526299 114.509132 28.197083
v -122.292473 117.585831 29.507729
v -122.610802 116.267044 26.872768
v -122.931236 116.496407 29.572233
v -121.937988 117.397736 26.780607
v -120.805962 116.955017 24.259480
v -121.633713 115.648506 24.338921
v -125.212563 114.471344 29.507729
v -123.917000 114.873886 26.872768
v -124.166496 115.178886 29.572233
v -125.002045 114.129700 26.780607
v -124.487389 113.028519 24.259480
v -123.236862 113.938637 24.338921
v -121.569199 117.130974 25.508326
v -122.322884 117.456238 28.132401
v -124.712097 113.778847 25.508326
v -125.085190 114.510033 28.132401
v -121.324577 116.838631 25.558052
v -121.281059 117.023445 25.540789
v -122.065796 117.158028 28.181488
v -122.024628 117.338593 28.164841
v -124.586273 113.498238 25.540783
v -124.404625 113.553551 25.558050
v -124.948608 114.219971 28.164841
v -124.771057 114.272667 28.181488
v -122.771019 116.381729 28.222502
v -122.115234 117.491791 28.144169
v -121.371964 117.176369 25.520044
v -122.122238 115.957764 25.605843
v -124.041748 115.026390 28.222500
v -125.107315 114.300537 28.144169
v -124.744705 113.579094 25.520044
v -123.576920 114.406250 25.605841
v -139.436279 96.133232 29.582176
v -138.177139 95.265121 24.354261
v -139.114059 95.911079 26.891636
v -138.531631 98.114090 29.495937
v -138.152527 97.980453 26.768864
v -136.966965 97.711212 24.247789
v -138.793961 97.863533 29.495937
v -138.369202 97.698410 26.768864
v -137.183640 97.429169 24.247789
v -140.965927 94.583267 29.495937
v -140.706207 94.276474 26.768864
v -140.032944 93.264160 24.247789
v -140.825027 94.917549 29.495937
v -140.519653 94.579285 26.768864
v -139.846390 93.566971 24.247789
v -138.527969 97.441612 29.554449
v -138.383163 97.978699 29.518658
v -138.321655 97.833893 29.535755
v -136.819427 97.576912 24.270399
v -137.010208 96.962738 24.312054
v -136.755859 97.432503 24.287926
v -138.004761 97.845863 26.791712
v -138.156509 97.294701 26.839716
v -137.942108 97.701408 26.810459
v -140.786560 94.492653 29.518658
v -140.336105 94.819008 29.554449
v -140.629364 94.486664 29.535755
v -139.348770 93.570763 24.312050
v -139.854935 93.174026 24.270399
v -139.697388 93.165985 24.287926
v -140.066696 94.524071 26.839714
v -140.527863 94.186241 26.791714
v -140.370590 94.179062 26.810461
v -139.275162 96.022156 28.236906
v -138.645599 95.588104 25.622948
v -138.342072 98.047272 28.132401
v -137.559753 97.845840 25.508327
v -138.581573 97.780968 28.132401
v -137.776398 97.563789 25.508327
v -137.075302 97.570198 24.247789
v -138.260864 97.839424 26.768864
v -138.662796 97.988815 29.495937
v -140.836060 94.429871 28.132401
v -140.369568 93.770325 25.508327
v -140.672333 94.748421 28.132401
v -140.183014 94.073128 25.508327
v -139.939682 93.415565 24.247789
v -140.612915 94.427879 26.768864
v -140.895493 94.750412 29.495937
v -138.352768 97.724533 29.542923
v -138.338730 97.908577 29.528023
v -137.973541 97.590561 26.820061
v -137.583359 97.128723 25.575886
v -136.791702 97.313843 24.296047
v -137.348984 97.566956 25.549192
v -137.959991 97.775909 26.801662
v -136.774307 97.506973 24.279911
v -137.412094 97.711380 25.531054
v -138.342239 97.368156 28.197083
v -138.131882 97.767647 28.173105
v -138.193954 97.912270 28.155188
v -140.705261 94.476074 29.528023
v -140.538223 94.554626 29.542923
v -140.446564 94.169266 26.801662
v -140.191391 93.680130 25.531055
v -139.773544 93.156738 24.279909
v -140.033997 93.672523 25.549189
v -140.278137 94.247849 26.820061
v -139.599228 93.241684 24.296045
v -139.707733 94.047409 25.575884
v -140.657227 94.339447 28.155184
v -140.499969 94.332870 28.173107
v -140.201401 94.671547 28.197083
v -138.451065 98.046799 29.507729
v -138.569290 96.695297 26.872768
v -138.920334 96.874344 29.572233
v -138.072510 97.913635 26.780607
v -136.887146 97.644569 24.259480
v -137.510941 96.229294 24.338921
v -140.874374 94.531906 29.507729
v -139.653275 95.123032 26.872768
v -139.945435 95.387444 29.572233
v -140.615295 94.225449 26.780607
v -139.942261 93.213264 24.259480
v -138.841354 94.299591 24.338921
v -137.668076 97.704819 25.508326
v -138.461823 97.914124 28.132401
v -140.276291 93.921722 25.508326
v -140.754196 94.589134 28.132401
v -137.382614 97.452194 25.558052
v -137.367126 97.641426 25.540789
v -138.163162 97.657547 28.181488
v -138.149353 97.842239 28.164841
v -140.110046 93.663002 25.540783
v -139.938675 93.744766 25.558050
v -140.575897 94.322662 28.164841
v -140.408188 94.401245 28.181488
v -138.744812 96.784821 28.222502
v -138.261780 97.980225 28.144169
v -137.479813 97.779099 25.520044
v -138.040085 96.462288 25.605843
v -139.799362 95.255241 28.222500
v -140.744843 94.378677 28.144169
v -140.278763 93.719345 25.520044
v -139.247299 94.711296 25.605841
v -152.206268 74.278717 29.582176
v -150.831802 73.607964 24.354261
v -151.854538 74.107063 26.891636
v -151.606934 76.372276 29.495937
v -151.212143 76.296631 26.768864
v -149.999695 76.207092 24.247789
v -151.828995 76.085419 29.495937
v -151.384369 75.985451 26.768864
v -150.171921 75.895905 24.247789
v -153.487823 72.518089 29.495937
v -153.185287 72.253433 26.768864
v -152.368683 71.352768 24.247789
v -153.398331 72.869644 29.495937
v -153.045959 72.580666 26.768864
v -152.229355 71.679993 24.247789
v -151.503098 75.707855 29.554449
v -151.439957 76.260529 29.518658
v -151.357544 76.126503 29.535755
v -149.833786 76.096275 24.270399
v -149.930893 75.460533 24.312054
v -149.749420 75.962952 24.287926
v -151.045990 76.185562 26.791712
v -151.113907 75.617943 26.839716
v -150.962509 76.052063 26.810459
v -153.296967 72.455215 29.518658
v -152.900192 72.845062 29.554449
v -153.140625 72.472725 29.535755
v -151.737854 71.757904 24.312050
v -152.179230 71.290169 24.270399
v -152.022232 71.305702 24.287926
v -152.589828 72.593575 26.839714
v -152.995483 72.190781 26.791714
v -152.838898 72.207130 26.810461
v -152.030411 74.192894 28.236906
v -151.343170 73.857513 25.622948
v -151.409546 76.334457 28.132401
v -150.605927 76.251862 25.508327
v -151.606689 76.035439 28.132401
v -150.778137 75.940674 25.508327
v -150.085815 76.051506 24.247789
v -151.298248 76.141037 26.768864
v -151.717957 76.228851 29.495937
v -153.336548 72.385757 28.132401
v -152.776978 71.803101 25.508327
v -153.222137 72.725151 28.132401
v -152.637634 72.130325 25.508327
v -152.299011 71.516380 24.247789
v -153.115601 72.417038 26.768864
v -153.443085 72.693863 29.495937
v -151.372009 76.013733 29.542923
v -151.385559 76.197800 29.528023
v -150.977066 75.937767 26.820061
v -150.522415 75.539238 25.575886
v -149.767181 75.840271 24.296047
v -150.355957 76.007507 25.549192
v -150.991272 76.123070 26.801662
v -149.778763 76.033844 24.279911
v -150.439880 76.140915 25.531054
v -151.308502 75.662903 28.197083
v -151.160019 76.089279 28.173105
v -151.242966 76.223038 28.155188
v -153.214096 72.450951 29.528023
v -153.060638 72.553513 29.542923
v -152.912567 72.186119 26.801662
v -152.587341 71.740479 25.531055
v -152.096176 71.285202 24.279909
v -152.430557 71.756416 25.549189
v -152.757736 72.288918 26.820061
v -151.936432 71.395172 24.296045
v -152.163818 72.175735 25.575884
v -153.146225 72.323006 28.155184
v -152.989777 72.339928 28.173107
v -152.744995 72.719315 28.197083
v -151.517242 76.317749 29.507729
v -151.432724 74.963715 26.872768
v -151.806534 75.088440 29.572233
v -151.123062 76.242493 26.780607
v -149.910828 76.153084 24.259480
v -150.316742 74.660645 24.338921
v -153.389648 72.480942 29.507729
v -152.270279 73.247452 26.872768
v -152.598602 73.465378 29.572233
v -153.087784 72.216522 26.780607
v -152.271423 71.315941 24.259480
v -151.344696 72.554214 24.338921
v -150.692032 76.096275 25.508326
v -151.508102 76.184944 28.132401
v -152.707321 71.966713 25.508326
v -153.279343 72.555450 28.132401
v -150.372116 75.889015 25.558052
v -150.384995 76.078445 25.540789
v -151.174545 75.975754 28.181488
v -151.188416 76.160439 28.164841
v -152.504364 71.735664 25.540783
v -152.347092 71.842049 25.558050
v -153.063324 72.318535 28.164841
v -152.909195 72.421219 28.181488
v -151.619629 75.026085 28.222502
v -151.320160 76.280121 28.144169
v -150.516937 76.197777 25.520044
v -150.874710 74.812172 25.605843
v -152.434433 73.356415 28.222500
v -153.238739 72.348740 28.144169
v -152.679596 71.766228 25.520044
v -151.807480 72.900826 25.605841
v -161.576523 50.765179 29.582176
v -160.117447 50.306755 24.354261
v -161.203140 50.647861 26.891636
v -161.295898 52.924679 29.495937
v -160.894257 52.908710 26.768864
v -159.681992 53.000866 24.247789
v -161.472717 52.607929 29.495937
v -161.018158 52.575340 26.768864
v -159.805908 52.667496 24.247789
v -162.581390 48.833218 29.495937
v -162.242767 48.616604 26.768864
v -161.301041 47.847698 24.247789
v -162.545258 49.194180 29.495937
v -162.153748 48.960945 26.768864
v -161.212036 48.192039 24.247789
v -161.094193 52.283154 29.554449
v -161.114120 52.839062 29.518658
v -161.012665 52.718811 29.535755
v -159.501434 52.916019 24.270399
v -159.502701 52.272900 24.312054
v -159.398132 52.796757 24.287926
v -160.713379 52.823650 26.791712
v -160.695953 52.252251 26.839716
v -160.610931 52.704079 26.810459
v -162.383270 48.799484 29.518658
v -162.049026 49.244114 29.554449
v -162.231293 48.840103 29.535755
v -160.737640 48.342323 24.312050
v -161.104385 47.814034 24.270399
v -160.951462 47.852791 24.287926
v -161.704651 49.041695 26.839714
v -162.045746 48.582943 26.791714
v -161.893356 48.622440 26.810461
v -161.389832 50.706520 28.236906
v -160.660294 50.477310 25.622948
v -161.095062 52.916698 28.132401
v -160.288116 52.954792 25.508327
v -161.245438 52.591633 28.132401
v -160.412018 52.621418 25.508327
v -159.743958 52.834187 24.247789
v -160.956192 52.742023 26.768864
v -161.384308 52.766308 29.495937
v -162.412079 48.724911 28.132401
v -161.771912 48.232151 25.508327
v -162.349503 49.077564 28.132401
v -161.682892 48.576488 25.508327
v -161.256561 48.019871 24.247789
v -162.198257 48.788769 26.768864
v -162.563324 49.013699 29.495937
v -161.010162 52.605152 29.542923
v -161.050995 52.785145 29.528023
v -160.608307 52.588890 26.820061
v -160.099319 52.262573 25.575886
v -159.397400 52.672802 24.296047
v -160.004532 52.750420 25.549192
v -160.649979 52.770008 26.801662
v -159.437714 52.862484 24.279911
v -160.107391 52.869831 25.531054
v -160.895065 52.267700 28.197083
v -160.811798 52.711449 28.173105
v -160.913727 52.831348 28.155188
v -162.300705 48.807617 29.528023
v -162.164246 48.931911 29.542923
v -161.963058 48.590687 26.801662
v -161.575073 48.198483 25.531055
v -161.021515 47.821507 24.279909
v -161.422394 48.237614 25.549189
v -161.825287 48.715416 26.820061
v -160.879974 47.954052 24.296045
v -161.221130 48.692005 25.575884
v -162.214523 48.691219 28.155184
v -162.062332 48.731274 28.173107
v -161.876846 49.142906 28.197083
v -161.199066 52.884121 29.507729
v -160.913712 51.557812 26.872768
v -161.301926 51.625435 29.572233
v -160.798080 52.868450 26.780607
v -159.586075 52.960712 24.259480
v -159.765015 51.424450 24.338921
v -162.478760 48.811115 29.507729
v -161.486130 49.735897 26.872768
v -161.843262 49.902447 29.572233
v -162.140854 48.594639 26.780607
v -161.199387 47.825779 24.259480
v -160.467560 49.188335 24.338921
v -160.350082 52.788105 25.508326
v -161.170258 52.754166 28.132401
v -161.727402 48.404324 25.508326
v -162.380783 48.901230 28.132401
v -160.002838 52.630848 25.558052
v -160.043808 52.816238 25.540789
v -160.809235 52.597023 28.181488
v -160.850494 52.777573 28.164841
v -161.492294 48.206093 25.540783
v -161.352631 48.334736 25.558050
v -162.131866 48.699150 28.164841
v -161.994781 48.823662 28.181488
v -161.107819 51.591625 28.222502
v -160.998596 52.876286 28.144169
v -160.192062 52.914577 25.520044
v -160.339340 51.491123 25.605843
v -161.664688 49.819168 28.222500
v -162.309814 48.702877 28.144169
v -161.670120 48.210201 25.520044
v -160.976822 49.462109 25.605841
v -167.337814 26.117598 29.582176
v -165.826706 25.881748 24.354261
v -166.951111 26.057241 26.891636
v -167.382172 28.294804 29.495937
v -166.982620 28.338877 26.768864
v -165.797638 28.610672 24.247789
v -167.509796 27.955238 29.495937
v -167.055481 27.990757 26.768864
v -165.870499 28.262554 24.247789
v -168.043518 24.057453 29.495937
v -167.676407 23.893724 26.768864
v -166.630615 23.273758 24.247789
v -168.061615 24.419765 29.495937
v -167.639709 24.247486 26.768864
v -166.593918 23.627518 24.247789
v -167.087097 27.690504 29.554449
v -167.189667 28.237232 29.518658
v -167.071411 28.133450 29.535755
v -165.606445 28.553680 24.270399
v -165.511856 27.917551 24.312054
v -165.486511 28.451145 24.287926
v -166.791092 28.281717 26.791712
v -166.688705 27.719297 26.839716
v -166.671982 28.178751 26.810459
v -167.842606 24.053621 29.518658
v -167.578339 24.543100 29.554449
v -167.698364 24.116436 29.535755
v -166.147217 23.846827 24.312050
v -166.431137 23.269773 24.270399
v -166.285690 23.330889 24.287926
v -167.207657 24.394266 26.839714
v -167.476578 23.889803 26.791714
v -167.331757 23.951572 26.810461
v -167.144470 26.087420 28.236906
v -166.388916 25.969496 25.622948
v -167.182388 28.316841 28.132401
v -166.390137 28.474775 25.508327
v -167.282639 27.972998 28.132401
v -166.462967 28.126656 25.508327
v -165.834076 28.436615 24.247789
v -167.019043 28.164816 26.768864
v -167.445999 28.125023 29.495937
v -167.859970 23.975590 28.132401
v -167.153503 23.583742 25.508327
v -167.850662 24.333624 28.132401
v -167.116806 23.937500 25.508327
v -166.612274 23.450638 24.247789
v -167.658051 24.070604 26.768864
v -168.052567 24.238609 29.495937
v -167.052002 28.021429 29.542923
v -167.119202 28.193327 29.528023
v -166.652191 28.065245 26.820061
v -166.100281 27.818426 25.575886
v -165.467331 28.328682 24.296047
v -166.079254 28.314947 25.549192
v -166.720398 28.238123 26.801662
v -165.535461 28.510241 24.279911
v -166.198761 28.417696 25.531054
v -166.887909 27.704901 28.197083
v -166.871689 28.156101 28.173105
v -166.990372 28.259472 28.155188
v -167.762161 24.073973 29.528023
v -167.645752 24.217215 29.542923
v -167.395966 23.909781 26.801662
v -166.953857 23.579786 25.531055
v -166.350281 23.289516 24.279909
v -166.808731 23.641232 25.549189
v -167.278320 24.053652 26.820061
v -166.230087 23.441681 24.296045
v -166.677414 24.120544 25.575884
v -167.659607 23.971714 28.155184
v -167.515076 24.034006 28.173107
v -167.393005 24.468683 28.197083
v -167.280396 28.269131 29.507729
v -166.800537 27.000160 26.872768
v -167.194504 27.009172 29.572233
v -166.881531 28.313395 26.780607
v -165.696808 28.585260 24.259480
v -165.644791 27.039484 24.338921
v -167.938751 24.050892 29.507729
v -167.095032 25.113281 26.872768
v -167.472992 25.224747 29.572233
v -167.572357 23.887190 26.780607
v -166.526825 23.267235 24.259480
v -166.006241 24.723639 24.338921
v -166.426544 28.300714 25.508326
v -167.232513 28.144918 28.132401
v -167.135162 23.760622 25.508326
v -167.855301 24.154606 28.132401
v -166.059769 28.196962 25.558052
v -166.127899 28.374176 25.540789
v -166.852112 28.043337 28.181488
v -166.919815 28.215725 28.164841
v -166.873138 23.599649 25.540783
v -166.754196 23.747667 25.558050
v -167.579056 23.991875 28.164841
v -167.462036 24.135435 28.181488
v -166.997528 27.004667 28.222502
v -167.080978 28.291262 28.144169
v -166.289154 28.449326 25.520044
v -166.222641 27.019817 25.605843
v -167.284012 25.169014 28.222500
v -167.755569 23.969042 28.144169
v -167.049591 23.577209 25.520044
v -166.550613 24.918457 25.605841
v -162.083908 -49.121212 29.582176
v -160.620239 -48.677635 24.354261
v -161.709335 -49.007698 26.891636
v -163.069092 -47.179146 29.495937
v -162.728287 -46.965981 26.768864
v -161.778809 -46.206684 24.247789
v -163.036636 -47.540455 29.495937
v -162.642776 -47.311211 26.768864
v -161.693298 -46.551910 24.247789
v -161.825226 -51.283455 29.495937
v -161.423447 -51.271568 26.768864
v -160.212189 -51.376034 24.247789
v -161.998825 -50.964924 29.495937
v -161.543961 -50.936951 26.768864
v -160.332703 -51.041420 24.247789
v -162.540924 -47.595425 29.554449
v -162.870667 -47.147434 29.518658
v -162.719086 -47.189583 29.535755
v -161.581818 -46.175018 24.270399
v -161.220444 -46.707005 24.312054
v -161.429276 -46.215321 24.287926
v -162.530930 -46.934326 26.791712
v -162.194519 -47.396519 26.839716
v -162.378937 -46.975365 26.810459
v -161.642563 -51.199680 29.518658
v -161.617004 -50.644009 29.554449
v -161.539917 -51.080475 29.535755
v -160.025513 -50.649925 24.312050
v -160.030762 -51.293018 24.270399
v -159.926270 -51.174820 24.287926
v -161.218475 -50.617153 26.839714
v -161.241714 -51.188347 26.791714
v -161.138077 -51.069828 26.810461
v -161.896622 -49.064457 28.236906
v -161.164795 -48.842667 25.622948
v -162.898682 -47.072563 28.132401
v -162.253555 -46.586338 25.508327
v -162.839706 -47.425831 28.132401
v -162.168030 -46.931557 25.508327
v -161.736069 -46.379299 24.247789
v -162.685532 -47.138592 26.768864
v -163.052872 -47.359802 29.495937
v -161.624329 -51.277512 28.132401
v -160.817825 -51.323803 25.508327
v -161.771378 -50.950939 28.132401
v -160.938324 -50.989182 25.508327
v -160.272446 -51.208729 24.247789
v -161.483688 -51.104259 26.768864
v -161.912033 -51.124191 29.495937
v -162.652954 -47.282070 29.542923
v -162.788147 -47.156395 29.528023
v -162.311829 -47.069027 26.820061
v -161.707489 -47.051762 25.575886
v -161.358826 -46.317307 24.296047
v -161.904099 -46.595341 25.549192
v -162.448334 -46.942905 26.801662
v -161.499023 -46.183331 24.279911
v -162.056366 -46.554668 25.531054
v -162.367737 -47.495975 28.197083
v -162.549011 -47.082474 28.173105
v -162.700790 -47.040874 28.155188
v -161.578934 -51.146420 29.528023
v -161.536255 -50.966846 29.542923
v -161.177765 -51.135349 26.801662
v -160.636230 -51.240681 25.531055
v -159.966492 -51.240139 24.279909
v -160.532166 -51.122322 25.549189
v -161.134247 -50.954666 26.820061
v -159.924255 -51.050873 24.296045
v -160.621964 -50.633537 25.575884
v -161.442139 -51.194016 28.155184
v -161.339005 -51.075153 28.173107
v -161.417755 -50.630581 28.197083
v -162.966248 -47.158085 29.507729
v -161.983063 -48.092903 26.872768
v -162.341858 -48.255821 29.572233
v -162.626160 -46.945053 26.780607
v -161.676941 -46.185799 24.259480
v -160.959000 -47.555717 24.338921
v -161.727997 -51.243885 29.507729
v -161.429169 -49.920540 26.872768
v -161.818039 -49.984211 29.572233
v -161.326874 -51.232285 26.780607
v -160.115845 -51.336853 24.259480
v -160.279190 -49.798851 24.338921
v -162.210800 -46.758949 25.508326
v -162.869186 -47.249199 28.132401
v -160.878067 -51.156494 25.508326
v -161.697845 -51.114220 28.132401
v -161.835327 -46.693169 25.558052
v -161.973648 -46.563110 25.540789
v -162.482407 -47.175552 28.181488
v -162.618240 -47.049652 28.164841
v -160.572128 -51.187744 25.540783
v -160.529266 -51.002769 25.558050
v -161.378342 -51.140884 28.164841
v -161.335251 -50.960762 28.181488
v -162.162476 -48.174362 28.222502
v -162.796204 -47.051571 28.144169
v -162.151535 -46.565418 25.520044
v -161.471008 -47.824303 25.605843
v -161.623611 -49.952374 28.222500
v -161.527435 -51.238087 28.144169
v -160.721359 -51.284565 25.520044
v -160.854156 -49.859688 25.605841
vn -0.8959 -0.3498 -0.2738
vn -0.8464 -0.3503 -0.4012
vn -0.8952 -0.3496 -0.2764
vn -0.8463 -0.3504 -0.4012
vn -0.8464 -0.3502 -0.4012
vn -0.8947 -0.3492 -0.2785
vn -0.9423 -0.2668 -0.2021
vn -0.9409 -0.3061 -0.1447
vn -0.9587 -0.1938 -0.2080
vn -0.9414 -0.3069 -0.1398
vn -0.9401 -0.3063 -0.1496
vn -0.9431 -0.2629 -0.2035
vn -0.8368 -0.4741 -0.2738
vn -0.8059 -0.4353 -0.4012
vn -0.8059 -0.4354 -0.4012
vn -0.8362 -0.4737 -0.2764
vn -0.8060 -0.4352 -0.4012
vn -0.8059 -0.4355 -0.4012
vn -0.8017 -0.5625 -0.2021
vn -0.8316 -0.5362 -0.1447
vn -0.8322 -0.5366 -0.1398
vn -0.8643 -0.4821 -0.1435
vn -0.8309 -0.5359 -0.1496
vn -0.8356 -0.4735 -0.2785
vn 0.8083 0.4202 0.4126
vn 0.8008 0.5233 0.2914
vn 0.8529 0.4371 0.2856
vn 0.8089 0.4191 0.4124
vn 0.7572 0.4976 0.4232
vn 0.7597 0.4941 0.4228
vn 0.4815 0.7648 0.4281
vn 0.5167 0.8057 0.2896
vn 0.0638 0.9340 0.3515
vn 0.0841 0.9692 0.2313
vn 0.0633 0.9341 0.3514
vn -0.1872 0.9437 0.2727
vn -0.1871 0.9437 0.2728
vn -0.1786 0.9683 0.1745
vn 0.8845 0.4441 0.1429
vn 0.8330 0.5340 0.1449
vn 0.8850 0.4431 0.1429
vn 0.8327 0.5345 0.1449
vn 0.5467 0.8254 0.1406
vn 0.5479 0.8246 0.1406
vn 0.1070 0.9885 0.1069
vn 0.1049 0.9887 0.1067
vn -0.1679 0.9829 0.0755
vn -0.1672 0.9830 0.0756
vn 0.6140 -0.7407 0.2728
vn 0.8049 -0.5464 0.2312
vn 0.6384 -0.7497 0.1744
vn 0.6138 -0.7408 0.2727
vn 0.7648 -0.5399 0.3515
vn 0.7645 -0.5405 0.3514
vn 0.8971 -0.1093 0.4280
vn 0.9511 -0.1079 0.2896
vn 0.8639 0.2731 0.4232
vn 0.9113 0.2908 0.2914
vn 0.8627 0.2773 0.4228
vn 0.8356 0.3629 0.4124
vn 0.8360 0.3617 0.4126
vn 0.8773 0.3856 0.2856
vn 0.6564 -0.7506 0.0755
vn 0.8342 -0.5410 0.1069
vn 0.6569 -0.7502 0.0757
vn 0.8331 -0.5427 0.1067
vn 0.9853 -0.0970 0.1406
vn 0.9854 -0.0956 0.1406
vn 0.9401 0.3084 0.1449
vn 0.9400 0.3090 0.1449
vn 0.9027 0.4057 0.1429
vn 0.9023 0.4068 0.1429
vn 0.8629 0.4175 0.2849
vn 0.8932 0.4262 0.1431
vn 0.8938 0.4250 0.1432
vn 0.8938 0.4250 0.1431
vn 0.8656 0.4116 0.2851
vn -0.3088 0.9494 0.0565
vn -0.3493 0.9356 0.0506
vn -0.3492 0.9357 0.0506
vn -0.3090 0.9494 0.0565
vn -0.3158 0.9387 0.1382
vn -0.3551 0.9262 0.1270
vn -0.3589 0.9106 0.2048
vn -0.3204 0.9211 0.2211
vn -0.3203 0.9211 0.2211
vn -0.3588 0.9107 0.2048
vn 0.8194 0.4007 0.4098
vn 0.8193 0.4010 0.4099
vn 0.8240 0.3918 0.4093
vn 0.8685 0.4058 0.2849
vn 0.8944 0.4237 0.1431
vn 0.8940 0.4246 0.1431
vn 0.5050 -0.8616 0.0506
vn 0.5414 -0.8389 0.0565
vn 0.5051 -0.8616 0.0506
vn 0.4942 -0.8600 0.1270
vn 0.5412 -0.8390 0.0565
vn 0.5288 -0.8374 0.1383
vn 0.4799 -0.8531 0.2048
vn 0.4798 -0.8531 0.2048
vn 0.5123 -0.8299 0.2211
vn 0.5123 -0.8298 0.2211
vn 0.8280 0.3827 0.4098
vn 0.8281 0.3825 0.4099
vn -0.8338 -0.4794 -0.2738
vn -0.7847 -0.4725 -0.4012
vn -0.8331 -0.4791 -0.2764
vn -0.7847 -0.4726 -0.4012
vn -0.8326 -0.4787 -0.2785
vn -0.8920 -0.4042 -0.2021
vn -0.8847 -0.4431 -0.1447
vn -0.9191 -0.3345 -0.2081
vn -0.8852 -0.4438 -0.1398
vn -0.8839 -0.4431 -0.1496
vn -0.8934 -0.4006 -0.2035
vn -0.7568 -0.5935 -0.2738
vn -0.7321 -0.5506 -0.4012
vn -0.7562 -0.5931 -0.2764
vn -0.7320 -0.5507 -0.4011
vn -0.7320 -0.5506 -0.4012
vn -0.7321 -0.5505 -0.4012
vn -0.7089 -0.6757 -0.2021
vn -0.7420 -0.6546 -0.1447
vn -0.7429 -0.6546 -0.1398
vn -0.7828 -0.6055 -0.1435
vn -0.7417 -0.6538 -0.1495
vn -0.7557 -0.5927 -0.2785
vn 0.7366 0.5359 0.4126
vn 0.7139 0.6368 0.2914
vn 0.7782 0.5593 0.2856
vn 0.7374 0.5349 0.4124
vn 0.6745 0.6049 0.4232
vn 0.6775 0.6018 0.4228
vn 0.3622 0.8280 0.4280
vn 0.3908 0.8737 0.2896
vn -0.0761 0.9331 0.3515
vn -0.0612 0.9710 0.2313
vn -0.0766 0.9331 0.3513
vn -0.3258 0.9053 0.2727
vn -0.3256 0.9053 0.2728
vn -0.3209 0.9309 0.1745
vn 0.8085 0.5709 0.1429
vn 0.7441 0.6522 0.1449
vn 0.8091 0.5700 0.1429
vn 0.7437 0.6526 0.1449
vn 0.4176 0.8977 0.1406
vn 0.4189 0.8971 0.1406
vn -0.0416 0.9934 0.1069
vn -0.0436 0.9933 0.1067
vn -0.3125 0.9469 0.0755
vn -0.3119 0.9471 0.0756
vn 0.7175 -0.6409 0.2728
vn 0.8774 -0.4204 0.2312
vn 0.7430 -0.6462 0.1744
vn 0.7174 -0.6410 0.2727
vn 0.8367 -0.4199 0.3515
vn 0.8365 -0.4204 0.3514
vn 0.9034 0.0256 0.4280
vn 0.9565 0.0350 0.2895
vn 0.8135 0.3989 0.4232
vn 0.8578 0.4234 0.2914
vn 0.8118 0.4028 0.4228
vn 0.7722 0.4834 0.4124
vn 0.7728 0.4823 0.4126
vn 0.8101 0.5121 0.2856
vn 0.7610 -0.6443 0.0755
vn 0.9056 -0.4104 0.1069
vn 0.7615 -0.6438 0.0757
vn 0.9047 -0.4124 0.1067
vn 0.9888 0.0508 0.1405
vn 0.9887 0.0522 0.1406
vn 0.8837 0.4450 0.1449
vn 0.8835 0.4455 0.1449
vn 0.8322 0.5358 0.1429
vn 0.8316 0.5367 0.1429
vn 0.7910 0.5414 0.2849
vn 0.8200 0.5542 0.1432
vn 0.8206 0.5533 0.1435
vn 0.8205 0.5534 0.1434
vn 0.7946 0.5360 0.2851
vn -0.4469 0.8928 0.0565
vn -0.4849 0.8731 0.0506
vn -0.4847 0.8732 0.0506
vn -0.4471 0.8927 0.0565
vn -0.4522 0.8811 0.1383
vn -0.4891 0.8629 0.1270
vn -0.4905 0.8470 0.2048
vn -0.4540 0.8631 0.2212
vn -0.4904 0.8471 0.2048
vn 0.7506 0.5184 0.4098
vn 0.7502 0.5188 0.4099
vn 0.7564 0.5102 0.4093
vn 0.7983 0.5307 0.2849
vn 0.8212 0.5523 0.1431
vn 0.8206 0.5532 0.1432
vn 0.6279 -0.7766 0.0506
vn 0.6603 -0.7489 0.0565
vn 0.6281 -0.7765 0.0507
vn 0.6169 -0.7768 0.1270
vn 0.6602 -0.7490 0.0565
vn 0.6476 -0.7493 0.1382
vn 0.6016 -0.7721 0.2048
vn 0.6016 -0.7721 0.2049
vn 0.6302 -0.7443 0.2211
vn 0.7617 0.5018 0.4098
vn 0.7619 0.5015 0.4099
vn -0.7530 -0.5983 -0.2738
vn -0.7055 -0.5842 -0.4012
vn -0.7524 -0.5979 -0.2764
vn -0.7520 -0.5975 -0.2785
vn -0.8218 -0.5326 -0.2021
vn -0.8090 -0.5698 -0.1447
vn -0.8590 -0.4678 -0.2080
vn -0.8092 -0.5707 -0.1398
vn -0.8081 -0.5698 -0.1496
vn -0.8237 -0.5292 -0.2036
vn -0.6599 -0.6997 -0.2738
vn -0.6418 -0.6536 -0.4012
vn -0.6594 -0.6992 -0.2764
vn -0.6417 -0.6537 -0.4012
vn -0.6003 -0.7738 -0.2021
vn -0.6362 -0.7579 -0.1447
vn -0.6371 -0.7580 -0.1398
vn -0.6838 -0.7154 -0.1435
vn -0.6361 -0.7570 -0.1496
vn -0.6589 -0.6988 -0.2785
vn 0.6485 0.6397 0.4126
vn 0.6110 0.7361 0.2914
vn 0.6862 0.6690 0.2856
vn 0.6494 0.6389 0.4124
vn 0.5769 0.6987 0.4232
vn 0.5803 0.6960 0.4228
vn 0.2347 0.8727 0.4280
vn 0.2562 0.9222 0.2896
vn -0.2143 0.9113 0.3515
vn -0.2053 0.9510 0.2313
vn -0.2149 0.9113 0.3513
vn -0.4571 0.8466 0.2727
vn -0.4569 0.8467 0.2728
vn -0.4560 0.8727 0.1744
vn 0.7143 0.6850 0.1429
vn 0.6385 0.7558 0.1449
vn 0.7151 0.6843 0.1429
vn 0.6381 0.7562 0.1449
vn 0.2791 0.9499 0.1406
vn 0.2805 0.9495 0.1406
vn -0.1891 0.9761 0.1069
vn -0.1912 0.9757 0.1067
vn -0.4501 0.8898 0.0755
vn -0.4495 0.8901 0.0756
vn 0.8050 -0.5268 0.2728
vn 0.9302 -0.2849 0.2313
vn 0.8310 -0.5282 0.1743
vn 0.8049 -0.5270 0.2727
vn 0.8900 -0.2905 0.3515
vn 0.8898 -0.2911 0.3514
vn 0.8895 0.1600 0.4280
vn 0.9406 0.1772 0.2896
vn 0.7450 0.5157 0.4232
vn 0.7851 0.5465 0.2914
vn 0.7427 0.5193 0.4228
vn 0.6915 0.5930 0.4124
vn 0.6923 0.5921 0.4125
vn 0.7247 0.6271 0.2856
vn 0.8485 -0.5238 0.0755
vn 0.9566 -0.2710 0.1069
vn 0.8489 -0.5231 0.0757
vn 0.9561 -0.2731 0.1067
vn 0.9701 0.1977 0.1406
vn 0.9698 0.1991 0.1406
vn 0.8075 0.5718 0.1449
vn 0.8072 0.5723 0.1449
vn 0.7430 0.6538 0.1429
vn 0.7423 0.6546 0.1429
vn 0.7015 0.6533 0.2849
vn 0.7279 0.6706 0.1431
vn 0.7289 0.6694 0.1435
vn 0.7288 0.6695 0.1437
vn 0.7059 0.6485 0.2851
vn -0.5749 0.8163 0.0565
vn -0.6095 0.7912 0.0507
vn -0.6095 0.7911 0.0506
vn -0.5751 0.8161 0.0565
vn -0.5785 0.8039 0.1382
vn -0.6123 0.7803 0.1270
vn -0.6114 0.7644 0.2048
vn -0.5775 0.7858 0.2211
vn -0.5776 0.7858 0.2211
vn -0.6112 0.7645 0.2048
vn 0.6649 0.6244 0.4098
vn 0.6646 0.6247 0.4099
vn 0.6719 0.6173 0.4093
vn 0.7103 0.6437 0.2849
vn 0.7298 0.6685 0.1431
vn 0.7291 0.6693 0.1432
vn 0.7366 -0.6744 0.0507
vn 0.7645 -0.6421 0.0565
vn 0.7367 -0.6743 0.0507
vn 0.7257 -0.6762 0.1270
vn 0.7644 -0.6423 0.0565
vn 0.7521 -0.6444 0.1383
vn 0.7101 -0.6737 0.2048
vn 0.7100 -0.6737 0.2048
vn 0.7342 -0.6419 0.2212
vn 0.7342 -0.6420 0.2211
vn 0.6785 0.6097 0.4098
vn 0.6786 0.6095 0.4099
vn -0.6555 -0.7038 -0.2738
vn -0.6106 -0.6828 -0.4012
vn -0.6549 -0.7033 -0.2764
vn -0.6105 -0.6828 -0.4012
vn -0.6546 -0.7028 -0.2785
vn -0.7333 -0.6492 -0.2021
vn -0.7150 -0.6840 -0.1447
vn -0.7797 -0.5905 -0.2080
vn -0.7151 -0.6849 -0.1398
vn -0.7142 -0.6838 -0.1496
vn -0.7357 -0.6460 -0.2035
vn -0.5483 -0.7902 -0.2738
vn -0.5372 -0.7419 -0.4012
vn -0.5373 -0.7419 -0.4012
vn -0.5479 -0.7896 -0.2764
vn -0.4783 -0.8546 -0.2021
vn -0.5166 -0.8439 -0.1447
vn -0.5170 -0.8445 -0.1398
vn -0.5696 -0.8093 -0.1435
vn -0.5162 -0.8433 -0.1495
vn -0.5474 -0.7892 -0.2785
vn 0.5459 0.7292 0.4126
vn 0.4945 0.8189 0.2914
vn 0.5788 0.7638 0.2856
vn 0.5470 0.7285 0.4124
vn 0.4663 0.7768 0.4232
vn 0.4701 0.7747 0.4228
vn 0.1020 0.8980 0.4280
vn 0.1158 0.9501 0.2896
vn -0.3478 0.8692 0.3515
vn -0.3447 0.9098 0.2313
vn -0.3483 0.8690 0.3513
vn -0.5781 0.7690 0.2727
vn -0.5779 0.7691 0.2728
vn -0.5810 0.7949 0.1745
vn 0.6043 0.7839 0.1429
vn 0.5187 0.8426 0.1449
vn 0.6052 0.7832 0.1429
vn 0.5183 0.8429 0.1449
vn 0.1344 0.9809 0.1406
vn 0.1359 0.9807 0.1406
vn -0.3323 0.9371 0.1069
vn -0.3344 0.9364 0.1067
vn -0.5777 0.8127 0.0755
vn -0.5771 0.8131 0.0756
vn 0.8745 -0.4010 0.2728
vn 0.9623 -0.1431 0.2312
vn 0.9005 -0.3985 0.1743
vn 0.8745 -0.4011 0.2727
vn 0.9233 -0.1546 0.3515
vn 0.9233 -0.1553 0.3514
vn 0.8557 0.2907 0.4280
vn 0.9037 0.3154 0.2896
vn 0.6598 0.6210 0.4232
vn 0.6949 0.6574 0.2914
vn 0.6570 0.6242 0.4228
vn 0.5954 0.6895 0.4124
vn 0.5963 0.6886 0.4126
vn 0.6232 0.7281 0.2856
vn 0.9171 -0.3915 0.0755
vn 0.9863 -0.1254 0.1069
vn 0.9173 -0.3908 0.0757
vn 0.9861 -0.1275 0.1067
vn 0.9298 0.3402 0.1406
vn 0.9293 0.3415 0.1406
vn 0.7133 0.6858 0.1449
vn 0.7129 0.6862 0.1449
vn 0.6373 0.7572 0.1429
vn 0.6365 0.7580 0.1429
vn 0.5963 0.7505 0.2849
vn 0.6198 0.7716 0.1431
vn 0.6208 0.7708 0.1431
vn 0.6208 0.7707 0.1437
vn 0.6013 0.7464 0.2851
vn -0.6902 0.7214 0.0565
vn -0.7207 0.6914 0.0507
vn -0.7206 0.6915 0.0507
vn -0.6904 0.7213 0.0565
vn -0.6918 0.7088 0.1383
vn -0.7217 0.6804 0.1270
vn -0.7184 0.6648 0.2048
vn -0.6882 0.6910 0.2211
vn 0.5645 0.7165 0.4098
vn 0.5642 0.7167 0.4099
vn 0.5724 0.7105 0.4093
vn 0.6064 0.7424 0.2849
vn 0.6220 0.7698 0.1431
vn 0.6214 0.7704 0.1431
vn 0.8289 -0.5571 0.0507
vn 0.8517 -0.5210 0.0565
vn 0.8290 -0.5570 0.0506
vn 0.8184 -0.5604 0.1270
vn 0.8516 -0.5211 0.0564
vn 0.8397 -0.5251 0.1383
vn 0.8025 -0.5603 0.2048
vn 0.8024 -0.5605 0.2048
vn 0.8216 -0.5254 0.2212
vn 0.8216 -0.5255 0.2211
vn 0.5800 0.7040 0.4098
vn 0.5801 0.7039 0.4099
vn -0.5432 -0.7937 -0.2738
vn -0.5020 -0.7662 -0.4012
vn -0.5428 -0.7931 -0.2764
vn -0.5019 -0.7662 -0.4012
vn -0.5426 -0.7925 -0.2785
vn -0.6284 -0.7512 -0.2021
vn -0.6047 -0.7832 -0.1447
vn -0.6830 -0.7002 -0.2080
vn -0.6050 -0.7838 -0.1398
vn -0.6042 -0.7827 -0.1496
vn -0.6312 -0.7485 -0.2036
vn -0.4244 -0.8631 -0.2738
vn -0.4207 -0.8137 -0.4012
vn -0.4206 -0.8137 -0.4012
vn -0.4240 -0.8625 -0.2764
vn -0.4207 -0.8137 -0.4011
vn -0.3456 -0.9164 -0.2021
vn -0.3846 -0.9117 -0.1447
vn -0.3854 -0.9121 -0.1398
vn -0.4426 -0.8852 -0.1435
vn -0.3847 -0.9109 -0.1495
vn -0.4237 -0.8619 -0.2785
vn 0.4312 0.8024 0.4126
vn 0.3669 0.8834 0.2914
vn 0.4585 0.8416 0.2856
vn 0.4323 0.8019 0.4124
vn 0.3453 0.8377 0.4232
vn 0.3494 0.8362 0.4228
vn -0.0329 0.9032 0.4281
vn -0.0270 0.9568 0.2896
vn -0.4734 0.8077 0.3515
vn -0.4764 0.8483 0.2313
vn -0.4739 0.8074 0.3513
vn -0.6862 0.6743 0.2727
vn -0.6861 0.6744 0.2728
vn -0.6930 0.6995 0.1743
vn 0.4808 0.8651 0.1429
vn 0.3874 0.9104 0.1449
vn 0.4817 0.8646 0.1429
vn 0.3869 0.9107 0.1449
vn -0.0132 0.9900 0.1406
vn -0.0118 0.9900 0.1406
vn -0.4684 0.8770 0.1069
vn -0.4703 0.8761 0.1067
vn -0.6925 0.7175 0.0755
vn -0.6919 0.7180 0.0756
vn 0.9245 -0.2662 0.2728
vn 0.9729 0.0019 0.2313
vn 0.9497 -0.2599 0.1744
vn 0.9245 -0.2663 0.2727
vn 0.9361 -0.0154 0.3515
vn 0.9361 -0.0160 0.3513
vn 0.8028 0.4150 0.4280
vn 0.8466 0.4465 0.2896
vn 0.5599 0.7123 0.4232
vn 0.5892 0.7537 0.2914
vn 0.5566 0.7151 0.4228
vn 0.4860 0.7705 0.4124
vn 0.4870 0.7698 0.4126
vn 0.5077 0.8128 0.2856
vn 0.9652 -0.2505 0.0755
vn 0.9940 0.0230 0.1070
vn 0.9653 -0.2498 0.0757
vn 0.9941 0.0208 0.1067
vn 0.8687 0.4749 0.1406
vn 0.8681 0.4761 0.1406
vn 0.6031 0.7844 0.1449
vn 0.6026 0.7847 0.1449
vn 0.5174 0.8437 0.1429
vn 0.5164 0.8444 0.1429
vn 0.4778 0.8310 0.2849
vn 0.4982 0.8552 0.1432
vn 0.4993 0.8545 0.1434
vn 0.4991 0.8546 0.1437
vn 0.4834 0.8277 0.2851
vn -0.7899 0.6106 0.0565
vn -0.8157 0.5763 0.0507
vn -0.8156 0.5764 0.0507
vn -0.7901 0.6103 0.0565
vn -0.7897 0.5977 0.1382
vn -0.8151 0.5653 0.1270
vn -0.8094 0.5504 0.2048
vn -0.7835 0.5807 0.2211
vn -0.8094 0.5503 0.2048
vn 0.4514 0.7926 0.4098
vn 0.4510 0.7929 0.4099
vn 0.4601 0.7879 0.4093
vn 0.4890 0.8245 0.2849
vn 0.5003 0.8539 0.1431
vn 0.4996 0.8544 0.1431
vn 0.9027 -0.4272 0.0506
vn 0.9198 -0.3883 0.0565
vn 0.9027 -0.4273 0.0506
vn 0.8928 -0.4322 0.1270
vn 0.9198 -0.3884 0.0565
vn 0.9086 -0.3942 0.1383
vn 0.8770 -0.4346 0.2048
vn 0.8771 -0.4345 0.2048
vn 0.8907 -0.3971 0.2211
vn 0.8907 -0.3971 0.2212
vn 0.4685 0.7826 0.4098
vn 0.4689 0.7824 0.4099
vn -0.4189 -0.8658 -0.2738
vn -0.3822 -0.8325 -0.4012
vn -0.4185 -0.8651 -0.2764
vn -0.3822 -0.8324 -0.4012
vn -0.3821 -0.8325 -0.4012
vn -0.4183 -0.8646 -0.2785
vn -0.5094 -0.8365 -0.2021
vn -0.4812 -0.8646 -0.1447
vn -0.5710 -0.7941 -0.2081
vn -0.4814 -0.8653 -0.1398
vn -0.4808 -0.8640 -0.1496
vn -0.5125 -0.8342 -0.2036
vn -0.2910 -0.9167 -0.2738
vn -0.2947 -0.8673 -0.4012
vn -0.2908 -0.9160 -0.2764
vn -0.2946 -0.8673 -0.4012
vn -0.2051 -0.9576 -0.2021
vn -0.2449 -0.9587 -0.1447
vn -0.2451 -0.9594 -0.1398
vn -0.3058 -0.9412 -0.1435
vn -0.2447 -0.9580 -0.1496
vn -0.2905 -0.9154 -0.2785
vn 0.3067 0.8577 0.4126
vn 0.2311 0.9283 0.2914
vn 0.3279 0.9005 0.2856
vn 0.3079 0.8574 0.4124
vn 0.2166 0.8798 0.4232
vn 0.2209 0.8789 0.4228
vn -0.1671 0.8882 0.4280
vn -0.1693 0.9421 0.2896
vn -0.5886 0.7280 0.3515
vn -0.5976 0.7677 0.2313
vn -0.5890 0.7278 0.3513
vn -0.7791 0.5644 0.2727
vn -0.7790 0.5646 0.2728
vn -0.7895 0.5884 0.1744
vn 0.3464 0.9271 0.1429
vn 0.2474 0.9580 0.1449
vn 0.3474 0.9268 0.1429
vn 0.2468 0.9582 0.1449
vn -0.1606 0.9770 0.1406
vn -0.1592 0.9772 0.1406
vn -0.5938 0.7974 0.1069
vn -0.5956 0.7962 0.1067
vn -0.7916 0.6063 0.0755
vn -0.7912 0.6069 0.0756
vn 0.9539 -0.1254 0.2728
vn 0.9618 0.1468 0.2312
vn 0.9779 -0.1154 0.1744
vn 0.9539 -0.1256 0.2727
vn 0.9279 0.1242 0.3515
vn 0.9280 0.1237 0.3514
vn 0.7320 0.5300 0.4280
vn 0.7706 0.5678 0.2895
vn 0.4475 0.7878 0.4232
vn 0.4703 0.8330 0.2914
vn 0.4439 0.7901 0.4228
vn 0.3657 0.8344 0.4124
vn 0.3669 0.8338 0.4126
vn 0.3809 0.8794 0.2856
vn 0.9917 -0.1038 0.0755
vn 0.9795 0.1709 0.1069
vn 0.9918 -0.1031 0.0757
vn 0.9799 0.1688 0.1067
vn 0.7883 0.5991 0.1406
vn 0.7874 0.6002 0.1406
vn 0.4795 0.8655 0.1449
vn 0.4789 0.8658 0.1449
vn 0.3858 0.9114 0.1429
vn 0.3848 0.9119 0.1429
vn 0.3486 0.8929 0.2849
vn 0.3649 0.9200 0.1431
vn 0.3662 0.9195 0.1432
vn 0.3661 0.9194 0.1437
vn 0.3546 0.8905 0.2851
vn -0.8721 0.4860 0.0565
vn -0.8925 0.4483 0.0506
vn -0.8924 0.4484 0.0507
vn -0.8723 0.4858 0.0565
vn -0.8699 0.4734 0.1382
vn -0.8903 0.4374 0.1270
vn -0.8824 0.4236 0.2048
vn -0.8613 0.4575 0.2212
vn -0.8613 0.4575 0.2211
vn 0.3283 0.8511 0.4098
vn 0.3278 0.8512 0.4099
vn 0.3376 0.8477 0.4093
vn 0.3607 0.8881 0.2849
vn 0.3674 0.9190 0.1431
vn 0.3664 0.9194 0.1432
vn 0.9563 -0.2881 0.0506
vn 0.9674 -0.2467 0.0565
vn 0.9563 -0.2878 0.0507
vn 0.9472 -0.2944 0.1270
vn 0.9674 -0.2469 0.0565
vn 0.9572 -0.2543 0.1382
vn 0.9320 -0.2991 0.2048
vn 0.9320 -0.2991 0.2049
vn 0.9400 -0.2599 0.2212
vn 0.9400 -0.2600 0.2211
vn 0.3467 0.8437 0.4098
vn 0.3471 0.8435 0.4099
vn -0.2852 -0.9185 -0.2738
vn -0.2539 -0.8801 -0.4012
vn -0.2849 -0.9178 -0.2764
vn -0.2538 -0.8801 -0.4012
vn -0.2848 -0.9173 -0.2785
vn -0.3790 -0.9030 -0.2021
vn -0.3473 -0.9265 -0.1447
vn -0.4463 -0.8704 -0.2081
vn -0.3472 -0.9273 -0.1398
vn -0.3467 -0.9260 -0.1496
vn -0.3825 -0.9013 -0.2035
vn -0.1511 -0.9498 -0.2738
vn -0.1621 -0.9015 -0.4012
vn -0.1510 -0.9491 -0.2764
vn -0.1622 -0.9015 -0.4012
vn -0.1620 -0.9016 -0.4012
vn -0.0601 -0.9775 -0.2021
vn -0.0990 -0.9845 -0.1447
vn -0.0994 -0.9852 -0.1398
vn -0.1621 -0.9763 -0.1435
vn -0.0992 -0.9838 -0.1496
vn -0.1509 -0.9485 -0.2785
vn 0.1755 0.8939 0.4126
vn 0.0902 0.9523 0.2914
vn 0.1900 0.9393 0.2856
vn 0.1767 0.8937 0.4124
vn 0.0831 0.9022 0.4232
vn 0.0874 0.9020 0.4228
vn -0.2977 0.8533 0.4280
vn -0.3079 0.9063 0.2896
vn -0.6905 0.6322 0.3515
vn -0.7053 0.6701 0.2313
vn -0.6909 0.6319 0.3513
vn -0.8545 0.4421 0.2727
vn -0.8544 0.4422 0.2728
vn -0.8684 0.4642 0.1745
vn 0.2044 0.9684 0.1429
vn 0.1019 0.9842 0.1449
vn 0.2054 0.9682 0.1429
vn 0.1013 0.9842 0.1449
vn -0.3045 0.9421 0.1406
vn -0.3031 0.9425 0.1406
vn -0.7061 0.7000 0.1069
vn -0.7076 0.6985 0.1067
vn -0.8731 0.4816 0.0755
vn -0.8728 0.4822 0.0756
vn 0.9619 0.0181 0.2728
vn 0.9291 0.2885 0.2313
vn 0.9842 0.0317 0.1743
vn 0.9619 0.0180 0.2727
vn 0.8990 0.2612 0.3515
vn 0.8992 0.2606 0.3513
vn 0.6449 0.6332 0.4280
vn 0.6774 0.6763 0.2896
vn 0.3251 0.8457 0.4232
vn 0.3408 0.8938 0.2914
vn 0.3212 0.8474 0.4228
vn 0.2373 0.8796 0.4124
vn 0.2385 0.8792 0.4126
vn 0.2456 0.9264 0.2856
vn 0.9961 0.0451 0.0755
vn 0.9431 0.3150 0.1070
vn 0.9961 0.0459 0.0757
vn 0.9438 0.3129 0.1067
vn 0.6902 0.7099 0.1406
vn 0.6892 0.7108 0.1406
vn 0.3451 0.9273 0.1449
vn 0.3445 0.9275 0.1449
vn 0.2457 0.9588 0.1429
vn 0.2446 0.9591 0.1429
vn 0.2116 0.9349 0.2849
vn 0.2242 0.9640 0.1432
vn 0.2252 0.9637 0.1435
vn 0.2250 0.9637 0.1437
vn 0.2179 0.9334 0.2851
vn -0.9348 0.3506 0.0565
vn -0.9493 0.3103 0.0507
vn -0.9349 0.3503 0.0565
vn -0.9308 0.3384 0.1382
vn -0.9455 0.2999 0.1270
vn -0.9357 0.2873 0.2048
vn -0.9199 0.3239 0.2211
vn -0.9199 0.3240 0.2211
vn 0.1977 0.8905 0.4098
vn 0.1973 0.8906 0.4099
vn 0.2075 0.8885 0.4093
vn 0.2243 0.9320 0.2849
vn 0.2264 0.9635 0.1431
vn 0.2255 0.9637 0.1431
vn 0.9885 -0.1422 0.0506
vn 0.9934 -0.0999 0.0565
vn 0.9805 -0.1499 0.1270
vn 0.9934 -0.1000 0.0565
vn 0.9844 -0.1088 0.1382
vn 0.9662 -0.1568 0.2048
vn 0.9662 -0.1567 0.2048
vn 0.9682 -0.1170 0.2211
vn 0.9682 -0.1169 0.2211
vn 0.2171 0.8860 0.4098
vn 0.2173 0.8859 0.4099
vn -0.1450 -0.9508 -0.2738
vn -0.1198 -0.9081 -0.4012
vn -0.1449 -0.9501 -0.2764
vn -0.1199 -0.9081 -0.4012
vn -0.1449 -0.9494 -0.2785
vn -0.2402 -0.9494 -0.2021
vn -0.2053 -0.9679 -0.1447
vn -0.3116 -0.9272 -0.2081
vn -0.2050 -0.9687 -0.1398
vn -0.2048 -0.9673 -0.1496
vn -0.2439 -0.9482 -0.2036
vn -0.0079 -0.9618 -0.2738
vn -0.0260 -0.9156 -0.4012
vn -0.0079 -0.9610 -0.2764
vn -0.0259 -0.9156 -0.4012
vn 0.0862 -0.9756 -0.2021
vn 0.0488 -0.9883 -0.1447
vn 0.0485 -0.9890 -0.1398
vn -0.0148 -0.9895 -0.1435
vn 0.0485 -0.9876 -0.1495
vn -0.0078 -0.9604 -0.2785
vn 0.0403 0.9100 0.4126
vn -0.0527 0.9552 0.2914
vn 0.0480 0.9572 0.2856
vn 0.0416 0.9100 0.4124
vn -0.0523 0.9045 0.4232
vn -0.0480 0.9049 0.4228
vn -0.4215 0.7995 0.4281
vn -0.4394 0.8503 0.2896
vn -0.7769 0.5223 0.3515
vn -0.7973 0.5576 0.2313
vn -0.7773 0.5219 0.3513
vn -0.9109 0.3098 0.2727
vn -0.9108 0.3099 0.2727
vn -0.9279 0.3296 0.1744
vn 0.0578 0.9880 0.1429
vn -0.0460 0.9884 0.1449
vn 0.0588 0.9880 0.1429
vn -0.0465 0.9883 0.1449
vn -0.4414 0.8862 0.1406
vn -0.4402 0.8868 0.1406
vn -0.8025 0.5870 0.1069
vn -0.8038 0.5852 0.1067
vn -0.9352 0.3461 0.0755
vn -0.9349 0.3468 0.0756
vn 0.9485 0.1613 0.2728
vn 0.8757 0.4238 0.2312
vn 0.9685 0.1779 0.1744
vn 0.9485 0.1611 0.2727
vn 0.8500 0.3923 0.3515
vn 0.8503 0.3917 0.3514
vn 0.5433 0.7223 0.4280
vn 0.5690 0.7697 0.2896
vn 0.1954 0.8847 0.4232
vn 0.2038 0.9346 0.2914
vn 0.1913 0.8858 0.4228
vn 0.1036 0.9051 0.4124
vn 0.1048 0.9049 0.4126
vn 0.1048 0.9526 0.2856
vn 0.9783 0.1931 0.0755
vn 0.8856 0.4519 0.1070
vn 0.9781 0.1938 0.0756
vn 0.8866 0.4501 0.1067
vn 0.5766 0.8048 0.1406
vn 0.5755 0.8056 0.1406
vn 0.2030 0.9684 0.1449
vn 0.2025 0.9685 0.1449
vn 0.1000 0.9847 0.1429
vn 0.0989 0.9848 0.1429
vn 0.0699 0.9560 0.2849
vn 0.0778 0.9866 0.1432
vn 0.0789 0.9865 0.1432
vn 0.0789 0.9865 0.1437
vn 0.0764 0.9555 0.2851
vn -0.9766 0.2073 0.0565
vn -0.9849 0.1653 0.0506
vn -0.9849 0.1654 0.0507
vn -0.9767 0.2071 0.0565
vn -0.9708 0.1959 0.1382
vn -0.9796 0.1556 0.1270
vn -0.9681 0.1446 0.2048
vn -0.9579 0.1832 0.2211
vn 0.0628 0.9100 0.4098
vn 0.0621 0.9100 0.4099
vn 0.0727 0.9095 0.4093
vn 0.0829 0.9550 0.2849
vn 0.0803 0.9864 0.1431
vn 0.0794 0.9865 0.1431
vn 0.9987 0.0067 0.0506
vn 0.9972 0.0492 0.0565
vn 0.9987 0.0068 0.0506
vn 0.9919 -0.0021 0.1270
vn 0.9972 0.0490 0.0564
vn 0.9896 0.0391 0.1383
vn 0.9787 -0.0110 0.2048
vn 0.9748 0.0287 0.2211
vn 0.0826 0.9084 0.4098
vn 0.0830 0.9084 0.4099
vn -0.0018 -0.9618 -0.2738
vn 0.0168 -0.9158 -0.4012
vn -0.0017 -0.9610 -0.2764
vn 0.0167 -0.9158 -0.4012
vn 0.0169 -0.9158 -0.4012
vn -0.0018 -0.9604 -0.2785
vn -0.0961 -0.9746 -0.2021
vn -0.0584 -0.9878 -0.1447
vn -0.1699 -0.9632 -0.2081
vn -0.0584 -0.9885 -0.1398
vn -0.0583 -0.9870 -0.1496
vn -0.0999 -0.9740 -0.2035
vn 0.1356 -0.9522 -0.2738
vn 0.1107 -0.9093 -0.4012
vn 0.1108 -0.9093 -0.4012
vn 0.1354 -0.9515 -0.2764
vn 0.1109 -0.9093 -0.4012
vn 0.2306 -0.9518 -0.2021
vn 0.1960 -0.9699 -0.1446
vn 0.1954 -0.9707 -0.1398
vn 0.1329 -0.9807 -0.1435
vn 0.1952 -0.9693 -0.1495
vn 0.1354 -0.9508 -0.2785
vn -0.0958 0.9059 0.4126
vn -0.1944 0.9366 0.2914
vn -0.0952 0.9536 0.2856
vn -0.0945 0.9061 0.4124
vn -0.1866 0.8866 0.4232
vn -0.1823 0.8877 0.4228
vn -0.5359 0.7277 0.4281
vn -0.5613 0.7753 0.2896
vn -0.8461 0.4007 0.3515
vn -0.8715 0.4325 0.2313
vn -0.8464 0.4002 0.3514
vn -0.9469 0.1706 0.2727
vn -0.9468 0.1707 0.2728
vn -0.9666 0.1876 0.1744
vn -0.0901 0.9856 0.1429
vn -0.1927 0.9705 0.1449
vn -0.0891 0.9857 0.1429
vn -0.1933 0.9704 0.1449
vn -0.5686 0.8105 0.1406
vn -0.5674 0.8113 0.1406
vn -0.8810 0.4608 0.1069
vn -0.8821 0.4589 0.1067
vn -0.9763 0.2028 0.0755
vn -0.9761 0.2036 0.0756
vn 0.9138 0.3008 0.2728
vn 0.8028 0.5496 0.2312
vn 0.9311 0.3203 0.1744
vn 0.9139 0.3007 0.2727
vn 0.7821 0.5146 0.3515
vn 0.7825 0.5141 0.3514
vn 0.4296 0.7952 0.4280
vn 0.4479 0.8459 0.2896
vn 0.0614 0.9040 0.4232
vn 0.0622 0.9546 0.2914
vn 0.0571 0.9044 0.4228
vn -0.0325 0.9104 0.4124
vn -0.0312 0.9104 0.4126
vn -0.0384 0.9576 0.2856
vn 0.9386 0.3367 0.0755
vn 0.8084 0.5789 0.1069
vn 0.9383 0.3374 0.0757
vn 0.8096 0.5772 0.1067
vn 0.4503 0.8818 0.1406
vn 0.4491 0.8824 0.1406
vn 0.0564 0.9878 0.1449
vn 0.0559 0.9879 0.1449
vn -0.0479 0.9886 0.1429
vn -0.0490 0.9885 0.1429
vn -0.0733 0.9558 0.2849
vn -0.0704 0.9872 0.1431
vn -0.0690 0.9873 0.1432
vn -0.0690 0.9872 0.1437
vn -0.0668 0.9562 0.2851
vn -0.9966 0.0594 0.0565
vn -0.9986 0.0167 0.0506
vn -0.9966 0.0592 0.0565
vn -0.9892 0.0490 0.1383
vn -0.9919 0.0078 0.1270
vn -0.9788 -0.0012 0.2048
vn -0.9745 0.0385 0.2211
vn -0.9745 0.0384 0.2211
vn -0.9788 -0.0012 0.2047
vn -0.0735 0.9092 0.4098
vn -0.0741 0.9091 0.4099
vn -0.0636 0.9102 0.4093
vn -0.0604 0.9567 0.2849
vn -0.0676 0.9874 0.1431
vn -0.0688 0.9873 0.1432
vn 0.9865 0.1555 0.0506
vn 0.9787 0.1973 0.0565
vn 0.9865 0.1555 0.0507
vn 0.9811 0.1458 0.1270
vn 0.9787 0.1972 0.0565
vn 0.9727 0.1862 0.1382
vn 0.9695 0.1349 0.2048
vn 0.9694 0.1350 0.2048
vn 0.9597 0.1736 0.2211
vn 0.9597 0.1737 0.2211
vn -0.0537 0.9106 0.4098
vn -0.0532 0.9106 0.4099
vn 0.1416 -0.9513 -0.2738
vn 0.1531 -0.9031 -0.4012
vn 0.1415 -0.9506 -0.2764
vn 0.1532 -0.9031 -0.4012
vn 0.1413 -0.9500 -0.2785
vn 0.0503 -0.9781 -0.2021
vn 0.0894 -0.9854 -0.1447
vn -0.0245 -0.9778 -0.2080
vn 0.0895 -0.9861 -0.1398
vn 0.0894 -0.9847 -0.1496
vn 0.0464 -0.9780 -0.2035
vn 0.2759 -0.9213 -0.2738
vn 0.2451 -0.8826 -0.4012
vn 0.2757 -0.9206 -0.2764
vn 0.2450 -0.8826 -0.4012
vn 0.3699 -0.9068 -0.2021
vn 0.3380 -0.9300 -0.1447
vn 0.3378 -0.9308 -0.1398
vn 0.2776 -0.9499 -0.1435
vn 0.3375 -0.9294 -0.1496
vn 0.2757 -0.9200 -0.2785
vn -0.2297 0.8815 0.4126
vn -0.3319 0.8972 0.2914
vn -0.2363 0.9288 0.2856
vn -0.2285 0.8819 0.4124
vn -0.3166 0.8489 0.4232
vn -0.3126 0.8506 0.4228
vn -0.6384 0.6397 0.4281
vn -0.6705 0.6831 0.2896
vn -0.8964 0.2702 0.3515
vn -0.9262 0.2977 0.2313
vn -0.8966 0.2696 0.3513
vn -0.9617 0.0275 0.2727
vn -0.9617 0.0277 0.2728
vn -0.9838 0.0414 0.1745
vn -0.2360 0.9612 0.1429
vn -0.3353 0.9309 0.1449
vn -0.2350 0.9614 0.1429
vn -0.3358 0.9307 0.1449
vn -0.6830 0.7167 0.1406
vn -0.6820 0.7177 0.1406
vn -0.9399 0.3244 0.1069
vn -0.9406 0.3223 0.1067
vn -0.9956 0.0551 0.0755
vn -0.9956 0.0558 0.0756
vn 0.8588 0.4337 0.2728
vn 0.7119 0.6631 0.2312
vn 0.8730 0.4555 0.1743
vn 0.8589 0.4336 0.2727
vn 0.6966 0.6254 0.3515
vn 0.6971 0.6250 0.3514
vn 0.3063 0.8503 0.4280
vn 0.3169 0.9032 0.2896
vn -0.0741 0.9030 0.4232
vn -0.0807 0.9532 0.2914
vn -0.0784 0.9028 0.4228
vn -0.1678 0.8954 0.4124
vn -0.1665 0.8956 0.4126
vn -0.1806 0.9412 0.2856
vn 0.8779 0.4728 0.0755
vn 0.7130 0.6929 0.1070
vn 0.8775 0.4735 0.0757
vn 0.7145 0.6914 0.1067
vn 0.3138 0.9390 0.1406
vn 0.3125 0.9395 0.1406
vn -0.0914 0.9852 0.1449
vn -0.0920 0.9852 0.1449
vn -0.1946 0.9704 0.1429
vn -0.1957 0.9702 0.1429
vn -0.2149 0.9342 0.2849
vn -0.2164 0.9657 0.1432
vn -0.2154 0.9660 0.1432
vn -0.2154 0.9659 0.1437
vn -0.2086 0.9355 0.2851
vn -0.9944 -0.0898 0.0565
vn -0.9899 -0.1323 0.0506
vn -0.9899 -0.1323 0.0507
vn -0.9943 -0.0901 0.0565
vn -0.9854 -0.0989 0.1382
vn -0.9820 -0.1401 0.1270
vn -0.9677 -0.1471 0.2048
vn -0.9693 -0.1073 0.2211
vn -0.9693 -0.1072 0.2211
vn -0.2083 0.8881 0.4098
vn -0.2087 0.8880 0.4099
vn -0.1986 0.8905 0.4093
vn -0.2023 0.9370 0.2849
vn -0.2140 0.9663 0.1431
vn -0.2148 0.9661 0.1431
vn 0.9524 0.3007 0.0506
vn 0.9384 0.3409 0.0565
vn 0.9523 0.3008 0.0507
vn 0.9485 0.2904 0.1270
vn 0.9385 0.3408 0.0564
vn 0.9341 0.3290 0.1383
vn 0.9385 0.2779 0.2048
vn 0.9385 0.2780 0.2048
vn 0.9230 0.3148 0.2211
vn 0.9231 0.3147 0.2211
vn -0.1886 0.8924 0.4099
vn -0.1884 0.8925 0.4099
vn 0.2818 -0.9196 -0.2738
vn 0.2860 -0.8702 -0.4012
vn 0.2816 -0.9189 -0.2764
vn 0.2860 -0.8702 -0.4011
vn 0.2814 -0.9183 -0.2785
vn 0.1955 -0.9597 -0.2021
vn 0.2350 -0.9612 -0.1447
vn 0.1215 -0.9705 -0.2080
vn 0.2355 -0.9618 -0.1398
vn 0.2351 -0.9604 -0.1496
vn 0.1916 -0.9601 -0.2035
vn 0.4102 -0.8699 -0.2738
vn 0.3738 -0.8362 -0.4012
vn 0.3738 -0.8363 -0.4012
vn 0.4098 -0.8693 -0.2764
vn 0.3739 -0.8362 -0.4012
vn 0.3735 -0.8364 -0.4012
vn 0.5009 -0.8416 -0.2021
vn 0.4730 -0.8691 -0.1447
vn 0.4728 -0.8700 -0.1398
vn 0.4160 -0.8980 -0.1435
vn 0.4722 -0.8687 -0.1495
vn 0.4096 -0.8687 -0.2785
vn -0.3585 0.8374 0.4126
vn -0.4619 0.8377 0.2914
vn -0.3721 0.8832 0.2856
vn -0.3574 0.8380 0.4124
vn -0.4396 0.7922 0.4232
vn -0.4359 0.7945 0.4228
vn -0.7266 0.5374 0.4280
vn -0.7649 0.5755 0.2896
vn -0.9266 0.1335 0.3515
vn -0.9602 0.1564 0.2313
vn -0.9268 0.1329 0.3514
vn -0.9551 -0.1161 0.2727
vn -0.9551 -0.1159 0.2728
vn -0.9790 -0.1057 0.1745
vn -0.3766 0.9153 0.1429
vn -0.4703 0.8705 0.1449
vn -0.3756 0.9157 0.1429
vn -0.4708 0.8703 0.1449
vn -0.7822 0.6069 0.1406
vn -0.7814 0.6080 0.1406
vn -0.9777 0.1806 0.1069
vn -0.9781 0.1786 0.1067
vn -0.9927 -0.0939 0.0755
vn -0.9928 -0.0932 0.0756
vn 0.7845 0.5569 0.2728
vn 0.6051 0.7618 0.2313
vn 0.7954 0.5806 0.1743
vn 0.7846 0.5567 0.2727
vn 0.5957 0.7222 0.3515
vn 0.5961 0.7219 0.3514
vn 0.1761 0.8864 0.4280
vn 0.1787 0.9403 0.2896
vn -0.2078 0.8819 0.4232
vn -0.2218 0.9305 0.2914
vn -0.2120 0.8811 0.4228
vn -0.2994 0.8604 0.4124
vn -0.2982 0.8608 0.4126
vn -0.3189 0.9037 0.2856
vn 0.7976 0.5984 0.0755
vn 0.6018 0.7915 0.1070
vn 0.7972 0.5990 0.0757
vn 0.6035 0.7902 0.1067
vn 0.1704 0.9753 0.1406
vn 0.1690 0.9755 0.1406
vn -0.2372 0.9606 0.1449
vn -0.2378 0.9604 0.1449
vn -0.3371 0.9306 0.1429
vn -0.3381 0.9302 0.1429
vn -0.3518 0.8917 0.2849
vn -0.3579 0.9227 0.1432
vn -0.3570 0.9231 0.1432
vn -0.3569 0.9230 0.1437
vn -0.3457 0.8940 0.2851
vn -0.9699 -0.2369 0.0565
vn -0.9591 -0.2784 0.0506
vn -0.9592 -0.2783 0.0506
vn -0.9698 -0.2372 0.0565
vn -0.9597 -0.2447 0.1382
vn -0.9501 -0.2849 0.1270
vn -0.9349 -0.2898 0.2048
vn -0.9425 -0.2506 0.2211
vn -0.9425 -0.2505 0.2211
vn -0.9350 -0.2896 0.2048
vn -0.3382 0.8471 0.4098
vn -0.3388 0.8469 0.4099
vn -0.3291 0.8510 0.4093
vn -0.3397 0.8964 0.2849
vn -0.3557 0.9236 0.1431
vn -0.3565 0.9233 0.1431
vn 0.8969 0.4394 0.0506
vn 0.8770 0.4771 0.0565
vn 0.8946 0.4285 0.1270
vn 0.8772 0.4769 0.0565
vn 0.8747 0.4646 0.1382
vn 0.8866 0.4147 0.2048
vn 0.8867 0.4146 0.2048
vn 0.8658 0.4488 0.2211
vn 0.8659 0.4488 0.2211
vn -0.3197 0.8543 0.4098
vn -0.3193 0.8544 0.4099
vn 0.4157 -0.8673 -0.2738
vn 0.4125 -0.8179 -0.4012
vn 0.4154 -0.8666 -0.2764
vn 0.4126 -0.8178 -0.4012
vn 0.4125 -0.8179 -0.4011
vn 0.4151 -0.8661 -0.2785
vn 0.3364 -0.9198 -0.2021
vn 0.3759 -0.9153 -0.1447
vn 0.2648 -0.9416 -0.2080
vn 0.3763 -0.9159 -0.1398
vn 0.3756 -0.9146 -0.1496
vn 0.3326 -0.9208 -0.2036
vn 0.5352 -0.7991 -0.2738
vn 0.4943 -0.7712 -0.4012
vn 0.5349 -0.7985 -0.2764
vn 0.4944 -0.7711 -0.4012
vn 0.6208 -0.7575 -0.2021
vn 0.5973 -0.7889 -0.1447
vn 0.5972 -0.7899 -0.1398
vn 0.5453 -0.8259 -0.1435
vn 0.5965 -0.7886 -0.1496
vn 0.5346 -0.7979 -0.2785
vn -0.4793 0.7746 0.4126
vn -0.5816 0.7595 0.2914
vn -0.4995 0.8179 0.2856
vn -0.4783 0.7753 0.4124
vn -0.5527 0.7179 0.4232
vn -0.5494 0.7207 0.4228
vn -0.7986 0.4231 0.4281
vn -0.8421 0.4550 0.2896
vn -0.9362 -0.0061 0.3515
vn -0.9728 0.0115 0.2313
vn -0.9362 -0.0066 0.3514
vn -0.9271 -0.2571 0.2727
vn -0.9271 -0.2569 0.2728
vn -0.9523 -0.2504 0.1745
vn -0.5089 0.8489 0.1429
vn -0.5947 0.7908 0.1449
vn -0.5079 0.8495 0.1429
vn -0.5951 0.7904 0.1449
vn -0.8639 0.4836 0.1406
vn -0.8633 0.4848 0.1406
vn -0.9937 0.0329 0.1069
vn -0.9938 0.0307 0.1067
vn -0.9676 -0.2407 0.0755
vn -0.9678 -0.2401 0.0756
vn 0.6928 0.6676 0.2728
vn 0.4848 0.8435 0.2313
vn 0.6999 0.6927 0.1742
vn 0.6929 0.6674 0.2727
vn 0.4813 0.8030 0.3515
vn 0.4819 0.8027 0.3513
vn 0.0420 0.9028 0.4280
vn 0.0366 0.9565 0.2895
vn -0.3369 0.8411 0.4232
vn -0.3580 0.8871 0.2914
vn -0.3410 0.8396 0.4228
vn -0.4242 0.8062 0.4124
vn -0.4231 0.8067 0.4126
vn -0.4500 0.8461 0.2856
vn 0.6995 0.7106 0.0755
vn 0.4771 0.8723 0.1070
vn 0.6990 0.7111 0.0757
vn 0.4790 0.8713 0.1067
vn 0.0231 0.9898 0.1406
vn 0.0217 0.9898 0.1406
vn -0.3777 0.9145 0.1449
vn -0.3783 0.9143 0.1449
vn -0.4720 0.8699 0.1429
vn -0.4730 0.8694 0.1429
vn -0.4807 0.8293 0.2849
vn -0.4912 0.8592 0.1432
vn -0.4905 0.8596 0.1432
vn -0.4905 0.8595 0.1437
vn -0.4751 0.8325 0.2851
vn -0.9237 -0.3789 0.0565
vn -0.9069 -0.4182 0.0506
vn -0.9069 -0.4184 0.0506
vn -0.9237 -0.3790 0.0565
vn -0.9125 -0.3849 0.1382
vn -0.8971 -0.4232 0.1270
vn -0.8814 -0.4257 0.2048
vn -0.8947 -0.3881 0.2211
vn -0.8813 -0.4259 0.2048
vn -0.4607 0.7873 0.4098
vn -0.4612 0.7870 0.4099
vn -0.4522 0.7924 0.4093
vn -0.4695 0.8357 0.2849
vn -0.4893 0.8603 0.1431
vn -0.4902 0.8597 0.1432
vn 0.8214 0.5681 0.0506
vn 0.7962 0.6024 0.0565
vn 0.8213 0.5683 0.0507
vn 0.8207 0.5570 0.1270
vn 0.7962 0.6023 0.0565
vn 0.7957 0.5897 0.1383
vn 0.8150 0.5421 0.2048
vn 0.8149 0.5422 0.2048
vn 0.7892 0.5729 0.2212
vn 0.7893 0.5728 0.2211
vn -0.4434 0.7971 0.4098
vn -0.4431 0.7973 0.4099
vn 0.5403 -0.7957 -0.2738
vn 0.5297 -0.7473 -0.4012
vn 0.5399 -0.7951 -0.2764
vn 0.5298 -0.7472 -0.4013
vn 0.5298 -0.7473 -0.4012
vn 0.5396 -0.7946 -0.2785
vn 0.4697 -0.8594 -0.2021
vn 0.5079 -0.8492 -0.1447
vn 0.4022 -0.8916 -0.2081
vn 0.5085 -0.8496 -0.1398
vn 0.5078 -0.8484 -0.1496
vn 0.4661 -0.8610 -0.2035
vn 0.6484 -0.7104 -0.2738
vn 0.6037 -0.6889 -0.4012
vn 0.6479 -0.7099 -0.2764
vn 0.6038 -0.6888 -0.4012
vn 0.6038 -0.6889 -0.4012
vn 0.7267 -0.6565 -0.2021
vn 0.7077 -0.6915 -0.1447
vn 0.7082 -0.6920 -0.1398
vn 0.6622 -0.7354 -0.1435
vn 0.7073 -0.6909 -0.1496
vn 0.6475 -0.7094 -0.2785
vn -0.5894 0.6946 0.4126
vn -0.6883 0.6644 0.2914
vn -0.6159 0.7343 0.2856
vn -0.5885 0.6954 0.4124
vn -0.6535 0.6275 0.4232
vn -0.6507 0.6308 0.4228
vn -0.8527 0.2994 0.4281
vn -0.9005 0.3244 0.2896
vn -0.9248 -0.1455 0.3515
vn -0.9637 -0.1336 0.2313
vn -0.9248 -0.1461 0.3513
vn -0.8784 -0.3924 0.2727
vn -0.8785 -0.3922 0.2728
vn -0.9044 -0.3895 0.1745
vn -0.6297 0.7636 0.1429
vn -0.7059 0.6933 0.1449
vn -0.6288 0.7643 0.1429
vn -0.7063 0.6929 0.1449
vn -0.9264 0.3494 0.1406
vn -0.9258 0.3508 0.1406
vn -0.9875 -0.1155 0.1069
vn -0.9873 -0.1177 0.1067
vn -0.9210 -0.3823 0.0755
vn -0.9212 -0.3817 0.0756
vn 0.5856 0.7634 0.2728
vn 0.3537 0.9063 0.2312
vn 0.5889 0.7892 0.1743
vn 0.5857 0.7633 0.2727
vn 0.3563 0.8657 0.3515
vn 0.3568 0.8656 0.3514
vn -0.0930 0.8990 0.4280
vn -0.1064 0.9512 0.2896
vn -0.4584 0.7815 0.4232
vn -0.4863 0.8238 0.2914
vn -0.4622 0.7795 0.4228
vn -0.5397 0.7339 0.4124
vn -0.5386 0.7346 0.4126
vn -0.5711 0.7696 0.2856
vn 0.5858 0.8069 0.0755
vn 0.3418 0.9337 0.1070
vn 0.5853 0.8073 0.0757
vn 0.3438 0.9330 0.1067
vn -0.1246 0.9822 0.1406
vn -0.1260 0.9820 0.1406
vn -0.5098 0.8480 0.1449
vn -0.5103 0.8477 0.1449
vn -0.5964 0.7899 0.1429
vn -0.5973 0.7892 0.1429
vn -0.5990 0.7484 0.2849
vn -0.6142 0.7760 0.1431
vn -0.6132 0.7769 0.1432
vn -0.6131 0.7768 0.1437
vn -0.5938 0.7524 0.2851
vn -0.8570 -0.5123 0.0565
vn -0.8344 -0.5488 0.0506
vn -0.8345 -0.5487 0.0506
vn -0.8568 -0.5125 0.0565
vn -0.8449 -0.5167 0.1383
vn -0.8239 -0.5523 0.1269
vn -0.8079 -0.5525 0.2048
vn -0.8268 -0.5171 0.2212
vn -0.8268 -0.5172 0.2212
vn -0.8081 -0.5523 0.2048
vn -0.5729 0.7098 0.4098
vn -0.5732 0.7095 0.4099
vn -0.5653 0.7162 0.4093
vn -0.5888 0.7564 0.2849
vn -0.6121 0.7777 0.1431
vn -0.6128 0.7771 0.1432
vn 0.7276 0.6841 0.0506
vn 0.6975 0.7143 0.0565
vn 0.7275 0.6842 0.0507
vn 0.7286 0.6731 0.1270
vn 0.6977 0.7142 0.0564
vn 0.6989 0.7018 0.1383
vn 0.7250 0.6576 0.2048
vn 0.6951 0.6841 0.2211
vn 0.6951 0.6840 0.2211
vn -0.5572 0.7222 0.4098
vn -0.5570 0.7223 0.4099
vn 0.6529 -0.7062 -0.2738
vn 0.6352 -0.6600 -0.4012
vn 0.6524 -0.7057 -0.2764
vn 0.6353 -0.6599 -0.4012
vn 0.6352 -0.6599 -0.4012
vn 0.6519 -0.7053 -0.2785
vn 0.5925 -0.7798 -0.2021
vn 0.6290 -0.7638 -0.1447
vn 0.5306 -0.8217 -0.2080
vn 0.6295 -0.7644 -0.1398
vn 0.6285 -0.7633 -0.1496
vn 0.5892 -0.7819 -0.2035
vn 0.7470 -0.6058 -0.2738
vn 0.6996 -0.5913 -0.4012
vn 0.6996 -0.5912 -0.4012
vn 0.7464 -0.6054 -0.2764
vn 0.6997 -0.5912 -0.4012
vn 0.6997 -0.5911 -0.4012
vn 0.8165 -0.5409 -0.2021
vn 0.8033 -0.5778 -0.1447
vn 0.8035 -0.5787 -0.1398
vn 0.7644 -0.6285 -0.1435
vn 0.8024 -0.5778 -0.1496
vn 0.7460 -0.6049 -0.2785
vn -0.6863 0.5990 0.4126
vn -0.7796 0.5543 0.2914
vn -0.7184 0.6343 0.2856
vn -0.6856 0.5999 0.4124
vn -0.7398 0.5231 0.4232
vn -0.7374 0.5267 0.4228
vn -0.8878 0.1689 0.4281
vn -0.9388 0.1867 0.2896
vn -0.8928 -0.2818 0.3515
vn -0.9330 -0.2757 0.2313
vn -0.8927 -0.2823 0.3513
vn -0.8101 -0.5190 0.2727
vn -0.8102 -0.5189 0.2727
vn -0.8362 -0.5200 0.1745
vn -0.7365 0.6612 0.1429
vn -0.8014 0.5803 0.1449
vn -0.7357 0.6621 0.1429
vn -0.8017 0.5799 0.1449
vn -0.9681 0.2075 0.1406
vn -0.9678 0.2088 0.1406
vn -0.9593 -0.2614 0.1069
vn -0.9588 -0.2635 0.1067
vn -0.8537 -0.5153 0.0755
vn -0.8540 -0.5147 0.0756
vn 0.4653 0.8421 0.2728
vn 0.2147 0.9489 0.2312
vn 0.4647 0.8681 0.1743
vn 0.4654 0.8420 0.2727
vn 0.2233 0.9092 0.3515
vn 0.2239 0.9091 0.3514
vn -0.2259 0.8751 0.4280
vn -0.2469 0.9248 0.2896
vn -0.5698 0.7044 0.4232
vn -0.6036 0.7421 0.2914
vn -0.5732 0.7019 0.4228
vn -0.6430 0.6453 0.4124
vn -0.6421 0.6462 0.4126
vn -0.6794 0.6759 0.2856
vn 0.4590 0.8852 0.0755
vn 0.1988 0.9742 0.1069
vn 0.4584 0.8855 0.0757
vn 0.2009 0.9738 0.1067
vn -0.2697 0.9526 0.1406
vn -0.2710 0.9523 0.1406
vn -0.6305 0.7625 0.1449
vn -0.6310 0.7622 0.1449
vn -0.7074 0.6922 0.1429
vn -0.7082 0.6914 0.1429
vn -0.7038 0.6508 0.2849
vn -0.7230 0.6758 0.1431
vn -0.7222 0.6768 0.1431
vn -0.7220 0.6768 0.1437
vn -0.6993 0.6555 0.2851
vn -0.7710 -0.6343 0.0565
vn -0.7433 -0.6670 0.0506
vn -0.7435 -0.6668 0.0507
vn -0.7709 -0.6345 0.0565
vn -0.7585 -0.6369 0.1382
vn -0.7324 -0.6689 0.1269
vn -0.7167 -0.6667 0.2048
vn -0.7406 -0.6346 0.2212
vn -0.7405 -0.6346 0.2211
vn -0.7167 -0.6666 0.2048
vn -0.6722 0.6166 0.4098
vn -0.6726 0.6162 0.4099
vn -0.6657 0.6240 0.4093
vn -0.6949 0.6602 0.2849
vn -0.7212 0.6778 0.1431
vn -0.7218 0.6771 0.1432
vn 0.6175 0.7849 0.0506
vn 0.5833 0.8103 0.0565
vn 0.6175 0.7849 0.0507
vn 0.6201 0.7741 0.1270
vn 0.5834 0.8102 0.0565
vn 0.5865 0.7981 0.1383
vn 0.6189 0.7583 0.2048
vn 0.5854 0.7800 0.2211
vn -0.6587 0.6310 0.4098
vn -0.6584 0.6313 0.4099
vn 0.7508 -0.6011 -0.2738
vn 0.7265 -0.5579 -0.4012
vn 0.7502 -0.6006 -0.2764
vn 0.7497 -0.6003 -0.2785
vn 0.7021 -0.6827 -0.2021
vn 0.7358 -0.6616 -0.1447
vn 0.6471 -0.7335 -0.2080
vn 0.7364 -0.6619 -0.1398
vn 0.7353 -0.6611 -0.1496
vn 0.6991 -0.6854 -0.2036
vn 0.8289 -0.4878 -0.2738
vn 0.7799 -0.4804 -0.4012
vn 0.8283 -0.4874 -0.2764
vn 0.7800 -0.4804 -0.4012
vn 0.7800 -0.4803 -0.4012
vn 0.8879 -0.4132 -0.2021
vn 0.8801 -0.4522 -0.1447
vn 0.8807 -0.4526 -0.1398
vn 0.8496 -0.5076 -0.1435
vn 0.8796 -0.4517 -0.1496
vn 0.8278 -0.4870 -0.2785
vn -0.7679 0.4900 0.4126
vn -0.8535 0.4320 0.2914
vn -0.8049 0.5202 0.2856
vn -0.7673 0.4911 0.4124
vn -0.8095 0.4070 0.4232
vn -0.8077 0.4109 0.4228
vn -0.9031 0.0347 0.4281
vn -0.9561 0.0445 0.2896
vn -0.8408 -0.4117 0.3515
vn -0.8815 -0.4117 0.2313
vn -0.8407 -0.4121 0.3513
vn -0.7238 -0.6339 0.2727
vn -0.7239 -0.6337 0.2728
vn -0.7494 -0.6387 0.1744
vn -0.8268 0.5441 0.1429
vn -0.8789 0.4544 0.1449
vn -0.8262 0.5450 0.1429
vn -0.8792 0.4539 0.1449
vn -0.9882 0.0608 0.1406
vn -0.9881 0.0622 0.1406
vn -0.9096 -0.4016 0.1069
vn -0.9088 -0.4035 0.1067
vn -0.7674 -0.6367 0.0755
vn -0.7678 -0.6362 0.0756
vn 0.3346 0.9020 0.2728
vn 0.0709 0.9703 0.2312
vn 0.3302 0.9277 0.1744
vn 0.3347 0.9020 0.2727
vn 0.0853 0.9323 0.3515
vn 0.0859 0.9323 0.3513
vn -0.3538 0.8316 0.4280
vn -0.3820 0.8776 0.2896
vn -0.6685 0.6116 0.4232
vn -0.7075 0.6439 0.2914
vn -0.6714 0.6086 0.4228
vn -0.7320 0.5423 0.4124
vn -0.7312 0.5433 0.4126
vn -0.7726 0.5671 0.2856
vn 0.3220 0.9437 0.0755
vn 0.0515 0.9929 0.1069
vn 0.3213 0.9440 0.0757
vn 0.0536 0.9928 0.1067
vn -0.4086 0.9018 0.1406
vn -0.4098 0.9013 0.1406
vn -0.7371 0.6601 0.1449
vn -0.7375 0.6596 0.1449
vn -0.8027 0.5790 0.1429
vn -0.8034 0.5781 0.1429
vn -0.7929 0.5386 0.2849
vn -0.8155 0.5608 0.1432
vn -0.8148 0.5618 0.1435
vn -0.8149 0.5616 0.1432
vn -0.7892 0.5439 0.2851
vn -0.6679 -0.7421 0.0565
vn -0.6357 -0.7703 0.0506
vn -0.6358 -0.7702 0.0506
vn -0.6677 -0.7423 0.0565
vn -0.6551 -0.7428 0.1382
vn -0.6246 -0.7706 0.1270
vn -0.6093 -0.7661 0.2048
vn -0.6376 -0.7379 0.2211
vn -0.6377 -0.7379 0.2211
vn -0.7566 0.5095 0.4098
vn -0.7569 0.5090 0.4099
vn -0.7513 0.5178 0.4093
vn -0.7856 0.5493 0.2849
vn -0.8141 0.5628 0.1431
vn -0.8146 0.5620 0.1431
vn 0.4936 0.8682 0.0507
vn 0.4559 0.8882 0.0565
vn 0.4935 0.8683 0.0507
vn 0.4977 0.8580 0.1270
vn 0.4561 0.8881 0.0565
vn 0.4609 0.8766 0.1382
vn 0.4990 0.8421 0.2048
vn 0.4991 0.8420 0.2048
vn 0.4626 0.8585 0.2211
vn 0.4625 0.8586 0.2211
vn -0.7453 0.5258 0.4098
vn -0.7451 0.5261 0.4099
vn 0.8320 -0.4825 -0.2738
vn 0.8015 -0.4434 -0.4012
vn 0.8314 -0.4821 -0.2764
vn 0.8015 -0.4435 -0.4012
vn 0.8016 -0.4433 -0.4012
vn 0.8308 -0.4818 -0.2785
vn 0.7960 -0.5706 -0.2021
vn 0.8260 -0.5448 -0.1447
vn 0.7492 -0.6289 -0.2080
vn 0.8268 -0.5449 -0.1398
vn 0.8256 -0.5441 -0.1496
vn 0.7935 -0.5735 -0.2036
vn 0.8924 -0.3588 -0.2738
vn 0.8428 -0.3587 -0.4012
vn 0.8917 -0.3585 -0.2764
vn 0.8428 -0.3588 -0.4012
vn 0.8429 -0.3587 -0.4012
vn 0.8429 -0.3586 -0.4012
vn 0.9396 -0.2763 -0.2021
vn 0.9377 -0.3159 -0.1447
vn 0.9383 -0.3162 -0.1398
vn 0.9157 -0.3753 -0.1435
vn 0.9370 -0.3156 -0.1496
vn 0.8912 -0.3582 -0.2785
vn -0.8324 0.3701 0.4126
vn -0.9084 0.2999 0.2914
vn -0.8734 0.3944 0.2856
vn -0.8319 0.3712 0.4124
vn -0.8611 0.2818 0.4232
vn -0.8599 0.2860 0.4228
vn -0.8982 -0.1002 0.4281
vn -0.9521 -0.0983 0.2896
vn -0.7701 -0.5323 0.3515
vn -0.8104 -0.5383 0.2313
vn -0.7698 -0.5329 0.3513
vn -0.6212 -0.7347 0.2727
vn -0.6213 -0.7345 0.2728
vn -0.6458 -0.7433 0.1745
vn -0.8986 0.4148 0.1429
vn -0.9368 0.3183 0.1449
vn -0.8982 0.4158 0.1429
vn -0.9370 0.3177 0.1449
vn -0.9862 -0.0871 0.1406
vn -0.9863 -0.0857 0.1406
vn -0.8396 -0.5326 0.1069
vn -0.8385 -0.5343 0.1067
vn -0.6638 -0.7441 0.0755
vn -0.6643 -0.7436 0.0756
vn 0.1964 0.9418 0.2728
vn -0.0746 0.9700 0.2313
vn 0.1882 0.9665 0.1743
vn 0.1966 0.9418 0.2727
vn -0.0546 0.9346 0.3515
vn -0.0540 0.9347 0.3513
vn -0.4738 0.7696 0.4281
vn -0.5085 0.8109 0.2896
vn -0.7522 0.5051 0.4232
vn -0.7955 0.5313 0.2914
vn -0.7547 0.5017 0.4228
vn -0.8047 0.4271 0.4124
vn -0.8040 0.4282 0.4125
vn -0.8485 0.4456 0.2856
vn 0.1777 0.9812 0.0755
vn -0.0971 0.9895 0.1070
vn 0.1770 0.9813 0.0756
vn -0.0950 0.9897 0.1067
vn -0.5384 0.8309 0.1406
vn -0.5396 0.8301 0.1406
vn -0.8272 0.5428 0.1449
vn -0.8276 0.5423 0.1449
vn -0.8800 0.4529 0.1429
vn -0.8806 0.4519 0.1429
vn -0.8643 0.4144 0.2849
vn -0.8898 0.4332 0.1432
vn -0.8896 0.4338 0.1431
vn -0.8894 0.4339 0.1437
vn -0.8615 0.4202 0.2851
vn -0.5498 -0.8334 0.0565
vn -0.5138 -0.8564 0.0506
vn -0.5139 -0.8564 0.0507
vn -0.5496 -0.8335 0.0565
vn -0.5370 -0.8322 0.1383
vn -0.5028 -0.8550 0.1270
vn -0.4883 -0.8483 0.2048
vn -0.5206 -0.8247 0.2211
vn -0.4885 -0.8482 0.2048
vn -0.8241 0.3910 0.4098
vn -0.8243 0.3905 0.4099
vn -0.8200 0.4000 0.4093
vn -0.8587 0.4261 0.2849
vn -0.8889 0.4352 0.1431
vn -0.8893 0.4344 0.1431
vn 0.3588 0.9320 0.0507
vn 0.3185 0.9463 0.0565
vn 0.3590 0.9320 0.0507
vn 0.3644 0.9225 0.1270
vn 0.3187 0.9462 0.0564
vn 0.3252 0.9355 0.1383
vn 0.3681 0.9070 0.2048
vn 0.3679 0.9070 0.2048
vn 0.3295 0.9179 0.2211
vn -0.8154 0.4088 0.4098
vn -0.8153 0.4091 0.4099
vn 0.8946 -0.3532 -0.2738
vn 0.8587 -0.3189 -0.4012
vn 0.8939 -0.3528 -0.2764
vn 0.8586 -0.3191 -0.4012
vn 0.8587 -0.3190 -0.4012
vn 0.8934 -0.3526 -0.2785
vn 0.8722 -0.4455 -0.2021
vn 0.8979 -0.4158 -0.1447
vn 0.8345 -0.5102 -0.2080
vn 0.8987 -0.4156 -0.1398
vn 0.8974 -0.4150 -0.1496
vn 0.8701 -0.4489 -0.2035
vn 0.9359 -0.2217 -0.2738
vn 0.8869 -0.2291 -0.4012
vn 0.9352 -0.2215 -0.2764
vn 0.8869 -0.2292 -0.4012
vn 0.9703 -0.1332 -0.2021
vn 0.9744 -0.1723 -0.1447
vn 0.9750 -0.1729 -0.1398
vn 0.9614 -0.2347 -0.1435
vn 0.9736 -0.1724 -0.1496
vn 0.9346 -0.2214 -0.2785
vn -0.8782 0.2419 0.4126
vn -0.9429 0.1613 0.2914
vn -0.9225 0.2598 0.2856
vn -0.8780 0.2431 0.4124
vn -0.8935 0.1504 0.4232
vn -0.8929 0.1546 0.4228
vn -0.8732 -0.2330 0.4281
vn -0.9268 -0.2392 0.2896
vn -0.6822 -0.6412 0.3515
vn -0.7210 -0.6532 0.2313
vn -0.6819 -0.6416 0.3514
vn -0.5048 -0.8190 0.2727
vn -0.5049 -0.8189 0.2728
vn -0.5278 -0.8312 0.1745
vn -0.9504 0.2762 0.1429
vn -0.9738 0.1752 0.1449
vn -0.9501 0.2773 0.1429
vn -0.9739 0.1747 0.1449
vn -0.9622 -0.2331 0.1406
vn -0.9626 -0.2318 0.1406
vn -0.7509 -0.6517 0.1069
vn -0.7494 -0.6534 0.1067
vn -0.5456 -0.8347 0.0755
vn -0.5462 -0.8343 0.0756
vn 0.0539 0.9606 0.2728
vn -0.2182 0.9481 0.2313
vn 0.0420 0.9838 0.1743
vn 0.0540 0.9606 0.2727
vn -0.1932 0.9160 0.3515
vn -0.1927 0.9162 0.3514
vn -0.5832 0.6904 0.4280
vn -0.6237 0.7261 0.2896
vn -0.8190 0.3875 0.4232
vn -0.8658 0.4068 0.2914
vn -0.8210 0.3837 0.4228
vn -0.8593 0.3025 0.4124
vn -0.8589 0.3036 0.4126
vn -0.9054 0.3142 0.2856
vn 0.0295 0.9967 0.0755
vn -0.2435 0.9640 0.1069
vn 0.0288 0.9967 0.0757
vn -0.2414 0.9645 0.1067
vn -0.6563 0.7413 0.1406
vn -0.6573 0.7404 0.1406
vn -0.8989 0.4135 0.1449
vn -0.8991 0.4130 0.1449
vn -0.9377 0.3167 0.1429
vn -0.9381 0.3156 0.1429
vn -0.9164 0.2810 0.2849
vn -0.9447 0.2952 0.1431
vn -0.9443 0.2964 0.1430
vn -0.9442 0.2965 0.1437
vn -0.9145 0.2872 0.2851
vn -0.4196 -0.9060 0.0565
vn -0.3805 -0.9234 0.0507
vn -0.3805 -0.9234 0.0506
vn -0.4193 -0.9061 0.0565
vn -0.4071 -0.9029 0.1382
vn -0.3698 -0.9204 0.1270
vn -0.3565 -0.9116 0.2048
vn -0.3918 -0.8931 0.2211
vn -0.3565 -0.9115 0.2049
vn -0.8732 0.2637 0.4098
vn -0.8733 0.2634 0.4099
vn -0.8705 0.2734 0.4093
vn -0.8705 0.2733 0.4093
vn -0.9126 0.2934 0.2849
vn -0.9438 0.2978 0.1431
vn -0.9441 0.2970 0.1431
vn 0.2158 0.9751 0.0506
vn 0.1738 0.9832 0.0565
vn 0.2157 0.9752 0.0506
vn 0.2228 0.9666 0.1270
vn 0.1740 0.9831 0.0565
vn 0.1822 0.9735 0.1383
vn 0.2286 0.9517 0.2048
vn 0.1891 0.9567 0.2211
vn 0.1890 0.9567 0.2212
vn -0.8672 0.2827 0.4098
vn -0.8671 0.2831 0.4099
vn 0.9373 -0.2158 -0.2738
vn 0.8966 -0.1874 -0.4012
vn 0.9366 -0.2156 -0.2764
vn 0.8966 -0.1875 -0.4012
vn 0.9360 -0.2155 -0.2785
vn 0.9288 -0.3106 -0.2021
vn 0.9499 -0.2771 -0.1447
vn 0.9012 -0.3801 -0.2081
vn 0.9507 -0.2769 -0.1398
vn 0.9493 -0.2766 -0.1496
vn 0.9273 -0.3142 -0.2035
vn 0.9585 -0.0798 -0.2738
vn 0.9111 -0.0944 -0.4012
vn 0.9111 -0.0943 -0.4012
vn 0.9577 -0.0797 -0.2764
vn 0.9111 -0.0945 -0.4012
vn 0.9793 0.0130 -0.2021
vn 0.9892 -0.0255 -0.1447
vn 0.9898 -0.0256 -0.1398
vn 0.9857 -0.0887 -0.1435
vn 0.9884 -0.0254 -0.1496
vn 0.9571 -0.0796 -0.2785
vn -0.9045 0.1083 0.4126
vn -0.9564 0.0189 0.2914
vn -0.9509 0.1194 0.2856
vn -0.9044 0.1095 0.4124
vn -0.9059 0.0155 0.4232
vn -0.9060 0.0198 0.4228
vn -0.8287 -0.3605 0.4281
vn -0.8808 -0.3746 0.2896
vn -0.5790 -0.7357 0.3515
vn -0.6157 -0.7533 0.2313
vn -0.5786 -0.7361 0.3513
vn -0.3771 -0.8851 0.2727
vn -0.3772 -0.8850 0.2728
vn -0.3980 -0.9006 0.1744
vn -0.9810 0.1315 0.1429
vn -0.9890 0.0282 0.1449
vn -0.9808 0.1326 0.1429
vn -0.9891 0.0276 0.1449
vn -0.9168 -0.3739 0.1406
vn -0.9173 -0.3726 0.1406
vn -0.6453 -0.7564 0.1069
vn -0.6437 -0.7578 0.1067
vn -0.4151 -0.9066 0.0755
vn -0.4158 -0.9063 0.0756
vn -0.0899 0.9579 0.2728
vn -0.3571 0.9050 0.2312
vn -0.1050 0.9791 0.1743
vn -0.0898 0.9579 0.2727
vn -0.3276 0.8770 0.3515
vn -0.3270 0.8773 0.3513
vn -0.6796 0.5958 0.4280
vn -0.7249 0.6250 0.2896
vn -0.8676 0.2611 0.4232
vn -0.9168 0.2732 0.2914
vn -0.8690 0.2570 0.4228
vn -0.8948 0.1709 0.4124
vn -0.8945 0.1722 0.4126
vn -0.9421 0.1757 0.2856
vn -0.1193 0.9900 0.0755
vn -0.3846 0.9169 0.1070
vn -0.1201 0.9899 0.0757
vn -0.3825 0.9178 0.1067
vn -0.7594 0.6353 0.1406
vn -0.7603 0.6341 0.1406
vn -0.9505 0.2749 0.1449
vn -0.9506 0.2744 0.1449
vn -0.9744 0.1734 0.1429
vn -0.9746 0.1723 0.1429
vn -0.9481 0.1413 0.2849
vn -0.9781 0.1511 0.1431
vn -0.9778 0.1526 0.1435
vn -0.9778 0.1525 0.1437
vn -0.9471 0.1477 0.2850
vn -0.2797 -0.9584 0.0565
vn -0.2385 -0.9698 0.0506
vn -0.2795 -0.9585 0.0565
vn -0.2680 -0.9535 0.1382
vn -0.2284 -0.9653 0.1270
vn -0.2166 -0.9545 0.2048
vn -0.2544 -0.9415 0.2211
vn -0.2166 -0.9546 0.2047
vn -0.9027 0.1307 0.4098
vn -0.9028 0.1303 0.4099
vn -0.9015 0.1406 0.4093
vn -0.9461 0.1541 0.2849
vn -0.9777 0.1538 0.1431
vn -0.9778 0.1529 0.1432
vn 0.0680 0.9964 0.0506
vn 0.0253 0.9981 0.0565
vn 0.0763 0.9890 0.1270
vn 0.0257 0.9981 0.0565
vn 0.0350 0.9898 0.1383
vn 0.0843 0.9752 0.2048
vn 0.0842 0.9752 0.2048
vn 0.0443 0.9742 0.2211
vn -0.8997 0.1504 0.4098
vn -0.8996 0.1507 0.4099
vn 0.9590 -0.0737 -0.2738
vn 0.9145 -0.0518 -0.4012
vn 0.9582 -0.0737 -0.2764
vn 0.9145 -0.0517 -0.4012
vn 0.9576 -0.0737 -0.2785
vn 0.9647 -0.1686 -0.2021
vn 0.9806 -0.1325 -0.1447
vn 0.9478 -0.2415 -0.2080
vn 0.9813 -0.1322 -0.1398
vn 0.9799 -0.1320 -0.1496
vn 0.9637 -0.1725 -0.2036
vn 0.9597 0.0640 -0.2738
vn 0.9150 0.0424 -0.4012
vn 0.9150 0.0425 -0.4012
vn 0.9589 0.0639 -0.2764
vn 0.9664 0.1588 -0.2021
vn 0.9819 0.1222 -0.1447
vn 0.9826 0.1221 -0.1398
vn 0.9879 0.0591 -0.1435
vn 0.9812 0.1222 -0.1496
vn 0.9583 0.0640 -0.2785
vn -0.9105 -0.0277 0.4126
vn -0.9486 -0.1239 0.2914
vn -0.9581 -0.0236 0.2856
vn -0.9106 -0.0265 0.4124
vn -0.8981 -0.1197 0.4232
vn -0.8988 -0.1154 0.4228
vn -0.7658 -0.4800 0.4281
vn -0.8151 -0.5017 0.2896
vn -0.4628 -0.8138 0.3515
vn -0.4964 -0.8367 0.2313
vn -0.4624 -0.8141 0.3513
vn -0.2409 -0.9314 0.2727
vn -0.2411 -0.9314 0.2728
vn -0.2594 -0.9499 0.1744
vn -0.9896 -0.0161 0.1429
vn -0.9822 -0.1196 0.1449
vn -0.9896 -0.0150 0.1429
vn -0.9821 -0.1202 0.1449
vn -0.8508 -0.5064 0.1406
vn -0.8515 -0.5051 0.1406
vn -0.5254 -0.8441 0.1069
vn -0.5236 -0.8452 0.1067
vn -0.2753 -0.9584 0.0755
vn -0.2760 -0.9582 0.0756
vn -0.2316 0.9338 0.2728
vn -0.4880 0.8416 0.2312
vn -0.2497 0.9525 0.1743
vn -0.2315 0.9338 0.2727
vn -0.4546 0.8184 0.3515
vn -0.4541 0.8187 0.3513
vn -0.7608 0.4878 0.4280
vn -0.8100 0.5100 0.2896
vn -0.8968 0.1288 0.4232
vn -0.9472 0.1335 0.2914
vn -0.8976 0.1246 0.4228
vn -0.9103 0.0358 0.4124
vn -0.9102 0.0370 0.4126
vn -0.9578 0.0334 0.2856
vn -0.2656 0.9611 0.0755
vn -0.5168 0.8494 0.1070
vn -0.2663 0.9609 0.0757
vn -0.5150 0.8505 0.1067
vn -0.8456 0.5150 0.1406
vn -0.8463 0.5138 0.1406
vn -0.9808 0.1302 0.1449
vn -0.9809 0.1296 0.1449
vn -0.9894 0.0262 0.1429
vn -0.9894 0.0251 0.1429
vn -0.9586 -0.0016 0.2849
vn -0.9897 0.0041 0.1432
vn -0.9897 0.0049 0.1431
vn -0.9896 0.0050 0.1437
vn -0.9585 0.0049 0.2851
vn -0.1338 -0.9894 0.0565
vn -0.0913 -0.9945 0.0507
vn -0.0914 -0.9945 0.0507
vn -0.1336 -0.9894 0.0565
vn -0.1229 -0.9827 0.1382
vn -0.0820 -0.9885 0.1270
vn -0.0720 -0.9762 0.2048
vn -0.1112 -0.9689 0.2211
vn -0.9121 -0.0054 0.4098
vn -0.9121 -0.0058 0.4099
vn -0.9124 0.0046 0.4093
vn -0.9585 0.0114 0.2849
vn -0.9897 0.0064 0.1431
vn -0.9897 0.0054 0.1432
vn -0.0812 0.9954 0.0506
vn -0.1236 0.9907 0.0565
vn -0.0813 0.9954 0.0507
vn -0.0720 0.9893 0.1270
vn -0.1233 0.9908 0.0564
vn -0.1128 0.9839 0.1382
vn -0.0620 0.9768 0.2048
vn -0.0621 0.9768 0.2049
vn -0.1014 0.9700 0.2211
vn -0.9120 0.0146 0.4098
vn -0.9120 0.0147 0.4099
vn 0.9592 0.0699 -0.2738
vn 0.9120 0.0851 -0.4012
vn 0.9585 0.0700 -0.2764
vn 0.9120 0.0852 -0.4012
vn 0.9579 0.0699 -0.2785
vn 0.9791 -0.0230 -0.2021
vn 0.9894 0.0154 -0.1447
vn 0.9732 -0.0976 -0.2081
vn 0.9901 0.0155 -0.1398
vn 0.9886 0.0154 -0.1496
vn 0.9787 -0.0269 -0.2036
vn 0.9394 0.2063 -0.2738
vn 0.8985 0.1784 -0.4012
vn 0.8985 0.1783 -0.4012
vn 0.9387 0.2061 -0.2764
vn 0.8984 0.1785 -0.4012
vn 0.8984 0.1784 -0.4012
vn 0.9320 0.3010 -0.2021
vn 0.9527 0.2671 -0.1447
vn 0.9534 0.2672 -0.1398
vn 0.9680 0.2057 -0.1435
vn 0.9520 0.2671 -0.1495
vn 0.9381 0.2061 -0.2785
vn -0.8962 -0.1631 0.4126
vn -0.9195 -0.2639 0.2914
vn -0.9438 -0.1662 0.2856
vn -0.8965 -0.1619 0.4124
vn -0.8702 -0.2522 0.4232
vn -0.8716 -0.2481 0.4228
vn -0.6856 -0.5888 0.4281
vn -0.7313 -0.6176 0.2896
vn -0.3364 -0.8737 0.3515
vn -0.3662 -0.9013 0.2313
vn -0.3359 -0.8739 0.3513
vn -0.0994 -0.9570 0.2727
vn -0.0996 -0.9569 0.2728
vn -0.1149 -0.9779 0.1744
vn -0.9761 -0.1635 0.1429
vn -0.9534 -0.2646 0.1449
vn -0.9763 -0.1624 0.1429
vn -0.9532 -0.2652 0.1449
vn -0.7658 -0.6275 0.1406
vn -0.7667 -0.6265 0.1406
vn -0.3937 -0.9130 0.1069
vn -0.3918 -0.9139 0.1067
vn -0.1294 -0.9887 0.0755
vn -0.1301 -0.9886 0.0756
vn -0.3682 0.8888 0.2728
vn -0.6080 0.7595 0.2312
vn -0.3889 0.9046 0.1743
vn -0.3680 0.8889 0.2727
vn -0.5715 0.7415 0.3515
vn -0.5711 0.7419 0.3513
vn -0.8250 0.3690 0.4280
vn -0.8770 0.3836 0.2896
vn -0.9060 -0.0063 0.4232
vn -0.9566 -0.0091 0.2914
vn -0.9062 -0.0106 0.4228
vn -0.9055 -0.1003 0.4124
vn -0.9055 -0.0991 0.4126
vn -0.9520 -0.1098 0.2856
vn -0.4059 0.9108 0.0755
vn -0.6376 0.7629 0.1069
vn -0.4065 0.9105 0.0757
vn -0.6361 0.7642 0.1067
vn -0.9129 0.3832 0.1406
vn -0.9134 0.3820 0.1406
vn -0.9893 -0.0175 0.1449
vn -0.9893 -0.0181 0.1449
vn -0.9823 -0.1215 0.1429
vn -0.9821 -0.1226 0.1429
vn -0.9476 -0.1445 0.2849
vn -0.9792 -0.1434 0.1432
vn -0.9794 -0.1425 0.1432
vn -0.9793 -0.1425 0.1437
vn -0.9485 -0.1380 0.2851
vn 0.0151 -0.9983 0.0565
vn 0.0579 -0.9970 0.0507
vn 0.0578 -0.9970 0.0506
vn 0.0154 -0.9983 0.0565
vn 0.0250 -0.9901 0.1382
vn 0.0662 -0.9897 0.1270
vn 0.0743 -0.9760 0.2048
vn 0.0344 -0.9746 0.2211
vn -0.9012 -0.1412 0.4098
vn -0.9011 -0.1417 0.4099
vn -0.9029 -0.1314 0.4093
vn -0.9495 -0.1316 0.2849
vn -0.9796 -0.1411 0.1431
vn -0.9794 -0.1421 0.1432
vn -0.2286 0.9722 0.0506
vn -0.2699 0.9612 0.0565
vn -0.2288 0.9722 0.0507
vn -0.2186 0.9675 0.1270
vn -0.2697 0.9613 0.0565
vn -0.2583 0.9561 0.1383
vn -0.2069 0.9567 0.2048
vn -0.2447 0.9440 0.2211
vn -0.2448 0.9440 0.2211
vn -0.9040 -0.1215 0.4098
vn -0.9041 -0.1211 0.4099
vn 0.9381 0.2122 -0.2738
vn 0.8892 0.2201 -0.4012
vn 0.9374 0.2120 -0.2764
vn 0.8892 0.2200 -0.4012
vn 0.8891 0.2202 -0.4012
vn 0.9368 0.2118 -0.2785
vn 0.9716 0.1231 -0.2021
vn 0.9760 0.1628 -0.1447
vn 0.9769 0.0485 -0.2080
vn 0.9767 0.1630 -0.1398
vn 0.9753 0.1625 -0.1496
vn 0.9718 0.1192 -0.2036
vn 0.8982 0.3439 -0.2738
vn 0.8618 0.3103 -0.4012
vn 0.8975 0.3437 -0.2764
vn 0.8619 0.3103 -0.4012
vn 0.8619 0.3102 -0.4012
vn 0.8618 0.3104 -0.4012
vn 0.8766 0.4366 -0.2021
vn 0.9023 0.4061 -0.1447
vn 0.9029 0.4064 -0.1398
vn 0.9265 0.3477 -0.1435
vn 0.9016 0.4059 -0.1496
vn 0.8969 0.3435 -0.2785
vn -0.8619 -0.2949 0.4126
vn -0.8699 -0.3979 0.2914
vn -0.9085 -0.3050 0.2856
vn -0.8623 -0.2937 0.4124
vn -0.8229 -0.3791 0.4232
vn -0.8249 -0.3752 0.4228
vn -0.5903 -0.6844 0.4281
vn -0.6311 -0.7196 0.2896
vn -0.2025 -0.9140 0.3515
vn -0.2278 -0.9458 0.2313
vn -0.2019 -0.9142 0.3513
vn 0.0443 -0.9611 0.2727
vn 0.0441 -0.9611 0.2728
vn 0.0321 -0.9841 0.1744
vn -0.9409 -0.3072 0.1429
vn -0.9033 -0.4038 0.1449
vn -0.9412 -0.3061 0.1429
vn -0.9031 -0.4043 0.1449
vn -0.6638 -0.7346 0.1406
vn -0.6648 -0.7337 0.1406
vn -0.2533 -0.9615 0.1069
vn -0.2512 -0.9620 0.1067
vn 0.0194 -0.9970 0.0755
vn 0.0187 -0.9970 0.0756
vn -0.4966 0.8240 0.2728
vn -0.7143 0.6605 0.2312
vn -0.5193 0.8366 0.1745
vn -0.4964 0.8242 0.2727
vn -0.6756 0.6481 0.3515
vn -0.6753 0.6485 0.3514
vn -0.8708 0.2419 0.4280
vn -0.9243 0.2486 0.2896
vn -0.8950 -0.1412 0.4232
vn -0.9445 -0.1517 0.2914
vn -0.8945 -0.1455 0.4228
vn -0.8804 -0.2342 0.4124
vn -0.8807 -0.2329 0.4126
vn -0.9251 -0.2504 0.2856
vn -0.5370 0.8402 0.0755
vn -0.7442 0.6593 0.1069
vn -0.5376 0.8398 0.0757
vn -0.7428 0.6610 0.1067
vn -0.9598 0.2429 0.1406
vn -0.9602 0.2415 0.1406
vn -0.9756 -0.1647 0.1449
vn -0.9755 -0.1652 0.1449
vn -0.9532 -0.2665 0.1429
vn -0.9529 -0.2676 0.1429
vn -0.9155 -0.2841 0.2849
vn -0.9470 -0.2877 0.1432
vn -0.9472 -0.2869 0.1432
vn -0.9471 -0.2869 0.1437
vn -0.9174 -0.2779 0.2850
vn 0.1637 -0.9849 0.0565
vn 0.2058 -0.9773 0.0506
vn 0.2057 -0.9773 0.0506
vn 0.1639 -0.9849 0.0565
vn 0.1722 -0.9753 0.1382
vn 0.2130 -0.9688 0.1270
vn 0.2189 -0.9540 0.2048
vn 0.1793 -0.9586 0.2211
vn -0.8700 -0.2740 0.4099
vn -0.8699 -0.2744 0.4099
vn -0.8732 -0.2645 0.4093
vn -0.9193 -0.2717 0.2849
vn -0.9476 -0.2856 0.1431
vn -0.9473 -0.2865 0.1432
vn -0.3711 0.9272 0.0507
vn -0.4102 0.9102 0.0565
vn -0.3711 0.9272 0.0506
vn -0.3604 0.9241 0.1270
vn -0.4100 0.9103 0.0565
vn -0.3979 0.9070 0.1382
vn -0.3473 0.9151 0.2048
vn -0.3828 0.8970 0.2212
vn -0.3828 0.8970 0.2211
vn -0.8758 -0.2548 0.4098
vn -0.8759 -0.2546 0.4099
vn 0.8960 0.3496 -0.2738
vn 0.8464 0.3502 -0.4012
vn 0.8953 0.3494 -0.2764
vn 0.8465 0.3501 -0.4012
vn 0.8947 0.3491 -0.2785
vn 0.9424 0.2666 -0.2021
vn 0.9409 0.3061 -0.1447
vn 0.9588 0.1936 -0.2080
vn 0.9415 0.3067 -0.1398
vn 0.9402 0.3061 -0.1496
vn 0.9432 0.2627 -0.2035
vn 0.8369 0.4740 -0.2738
vn 0.8060 0.4352 -0.4012
vn 0.8060 0.4351 -0.4012
vn 0.8363 0.4736 -0.2764
vn 0.8059 0.4353 -0.4012
vn 0.8059 0.4354 -0.4012
vn 0.8059 0.4354 -0.4011
vn 0.8018 0.5624 -0.2021
vn 0.8317 0.5361 -0.1447
vn 0.8323 0.5365 -0.1398
vn 0.8644 0.4819 -0.1435
vn 0.8311 0.5357 -0.1496
vn 0.8357 0.4733 -0.2785
vn -0.8083 -0.4200 0.4126
vn -0.8009 -0.5231 0.2914
vn -0.8529 -0.4370 0.2856
vn -0.8089 -0.4189 0.4124
vn -0.7572 -0.4975 0.4232
vn -0.7598 -0.4939 0.4228
vn -0.4817 -0.7647 0.4281
vn -0.5168 -0.8056 0.2896
vn -0.0640 -0.9340 0.3515
vn -0.0842 -0.9692 0.2313
vn -0.0634 -0.9341 0.3513
vn 0.1871 -0.9437 0.2727
vn 0.1869 -0.9437 0.2728
vn 0.1784 -0.9684 0.1744
vn -0.8846 -0.4439 0.1429
vn -0.8330 -0.5339 0.1449
vn -0.8851 -0.4429 0.1429
vn -0.8327 -0.5344 0.1449
vn -0.5469 -0.8253 0.1406
vn -0.5480 -0.8245 0.1406
vn -0.1072 -0.9885 0.1069
vn -0.1050 -0.9887 0.1067
vn 0.1678 -0.9829 0.0755
vn 0.1670 -0.9830 0.0756
vn -0.6139 0.7408 0.2728
vn -0.8048 0.5466 0.2313
vn -0.6383 0.7498 0.1744
vn -0.6138 0.7409 0.2728
vn -0.7647 0.5400 0.3515
vn -0.7644 0.5405 0.3514
vn -0.8971 0.1095 0.4280
vn -0.9510 0.1080 0.2896
vn -0.8639 -0.2730 0.4232
vn -0.9114 -0.2907 0.2914
vn -0.8628 -0.2772 0.4228
vn -0.8357 -0.3627 0.4124
vn -0.8361 -0.3616 0.4126
vn -0.8774 -0.3855 0.2856
vn -0.6563 0.7507 0.0755
vn -0.8342 0.5410 0.1070
vn -0.6568 0.7503 0.0756
vn -0.8330 0.5428 0.1067
vn -0.9853 0.0971 0.1406
vn -0.9854 0.0957 0.1406
vn -0.9402 -0.3082 0.1449
vn -0.9400 -0.3088 0.1449
vn -0.9028 -0.4056 0.1429
vn -0.9023 -0.4067 0.1429
vn -0.8629 -0.4174 0.2849
vn -0.8934 -0.4258 0.1432
vn -0.8939 -0.4247 0.1435
vn -0.8938 -0.4248 0.1437
vn -0.8657 -0.4115 0.2851
vn 0.3087 -0.9495 0.0565
vn 0.3493 -0.9356 0.0506
vn 0.3494 -0.9356 0.0507
vn 0.3089 -0.9494 0.0565
vn 0.3157 -0.9387 0.1382
vn 0.3550 -0.9262 0.1270
vn 0.3587 -0.9107 0.2048
vn 0.3202 -0.9212 0.2211
vn -0.8195 -0.4006 0.4098
vn -0.8193 -0.4009 0.4099
vn -0.8241 -0.3917 0.4093
vn -0.8685 -0.4056 0.2849
vn -0.8945 -0.4236 0.1431
vn -0.8940 -0.4245 0.1432
vn -0.5050 0.8616 0.0506
vn -0.5412 0.8390 0.0565
vn -0.5052 0.8615 0.0506
vn -0.4940 0.8601 0.1270
vn -0.5411 0.8391 0.0565
vn -0.5286 0.8375 0.1383
vn -0.4797 0.8532 0.2048
vn -0.4797 0.8532 0.2047
vn -0.5122 0.8299 0.2211
vn -0.8281 -0.3825 0.4098
vn -0.8282 -0.3822 0.4099
vn 0.8338 0.4793 -0.2738
vn 0.7848 0.4724 -0.4012
vn 0.8332 0.4789 -0.2764
vn 0.7848 0.4723 -0.4012
vn 0.7847 0.4725 -0.4012
vn 0.8327 0.4785 -0.2785
vn 0.8921 0.4041 -0.2021
vn 0.8848 0.4429 -0.1447
vn 0.9192 0.3343 -0.2080
vn 0.8853 0.4436 -0.1398
vn 0.8840 0.4428 -0.1496
vn 0.8935 0.4003 -0.2035
vn 0.7569 0.5934 -0.2738
vn 0.7321 0.5505 -0.4012
vn 0.7563 0.5929 -0.2764
vn 0.7322 0.5504 -0.4012
vn 0.7090 0.6756 -0.2021
vn 0.7425 0.6540 -0.1447
vn 0.7431 0.6545 -0.1398
vn 0.7829 0.6054 -0.1435
vn 0.7419 0.6536 -0.1496
vn 0.7558 0.5926 -0.2785
vn -0.7367 -0.5358 0.4126
vn -0.7140 -0.6366 0.2914
vn -0.7783 -0.5592 0.2856
vn -0.7375 -0.5348 0.4124
vn -0.6746 -0.6048 0.4232
vn -0.6777 -0.6017 0.4228
vn -0.3623 -0.8280 0.4280
vn -0.3909 -0.8737 0.2896
vn 0.0760 -0.9331 0.3515
vn 0.0612 -0.9710 0.2313
vn 0.0765 -0.9331 0.3513
vn 0.3256 -0.9053 0.2727
vn 0.3254 -0.9054 0.2728
vn 0.3208 -0.9309 0.1745
vn -0.8086 -0.5708 0.1429
vn -0.7442 -0.6521 0.1449
vn -0.8092 -0.5699 0.1429
vn -0.7438 -0.6525 0.1449
vn -0.4177 -0.8976 0.1406
vn -0.4190 -0.8970 0.1406
vn 0.0414 -0.9934 0.1069
vn 0.0435 -0.9933 0.1067
vn 0.3123 -0.9470 0.0755
vn 0.3117 -0.9472 0.0756
vn -0.7174 0.6411 0.2728
vn -0.8773 0.4206 0.2313
vn -0.7429 0.6463 0.1743
vn -0.7173 0.6412 0.2727
vn -0.8366 0.4201 0.3515
vn -0.8364 0.4207 0.3513
vn -0.9034 -0.0255 0.4281
vn -0.9565 -0.0349 0.2896
vn -0.8136 -0.3988 0.4232
vn -0.8579 -0.4233 0.2914
vn -0.8119 -0.4026 0.4228
vn -0.7723 -0.4832 0.4124
vn -0.7729 -0.4821 0.4126
vn -0.8102 -0.5119 0.2856
vn -0.7608 0.6446 0.0755
vn -0.9055 0.4107 0.1070
vn -0.7612 0.6441 0.0757
vn -0.9046 0.4127 0.1067
vn -0.9888 -0.0509 0.1406
vn -0.9887 -0.0523 0.1406
vn -0.8838 -0.4449 0.1449
vn -0.8835 -0.4455 0.1449
vn -0.8323 -0.5356 0.1429
vn -0.8317 -0.5366 0.1429
vn -0.7911 -0.5413 0.2849
vn -0.8200 -0.5542 0.1432
vn -0.8206 -0.5532 0.1435
vn -0.8205 -0.5533 0.1437
vn -0.7947 -0.5359 0.2851
vn 0.4468 -0.8929 0.0565
vn 0.4848 -0.8731 0.0506
vn 0.4846 -0.8733 0.0506
vn 0.4470 -0.8928 0.0565
vn 0.4520 -0.8812 0.1382
vn 0.4891 -0.8629 0.1270
vn 0.4905 -0.8470 0.2048
vn 0.4538 -0.8632 0.2212
vn 0.4538 -0.8632 0.2211
vn 0.4903 -0.8472 0.2048
vn -0.7507 -0.5182 0.4098
vn -0.7503 -0.5187 0.4099
vn -0.7565 -0.5101 0.4093
vn -0.7984 -0.5305 0.2849
vn -0.8213 -0.5522 0.1431
vn -0.8207 -0.5531 0.1432
vn -0.6280 0.7766 0.0507
vn -0.6601 0.7490 0.0565
vn -0.6279 0.7766 0.0507
vn -0.6167 0.7769 0.1270
vn -0.6601 0.7491 0.0565
vn -0.6475 0.7494 0.1383
vn -0.6015 0.7722 0.2048
vn -0.6016 0.7721 0.2049
vn -0.6302 0.7443 0.2212
vn -0.6301 0.7443 0.2211
vn -0.7618 -0.5017 0.4098
vn -0.7620 -0.5014 0.4099
vn 0.7531 0.5982 -0.2738
vn 0.7056 0.5841 -0.4012
vn 0.7525 0.5978 -0.2764
vn 0.7056 0.5842 -0.4012
vn 0.7521 0.5973 -0.2785
vn 0.8219 0.5325 -0.2022
vn 0.8088 0.5701 -0.1447
vn 0.8591 0.4676 -0.2081
vn 0.8093 0.5706 -0.1398
vn 0.8081 0.5697 -0.1496
vn 0.8238 0.5291 -0.2036
vn 0.6600 0.6996 -0.2738
vn 0.6419 0.6534 -0.4012
vn 0.6595 0.6990 -0.2764
vn 0.6419 0.6535 -0.4012
vn 0.6005 0.7737 -0.2021
vn 0.6367 0.7574 -0.1447
vn 0.6372 0.7579 -0.1398
vn 0.6839 0.7153 -0.1435
vn 0.6362 0.7569 -0.1496
vn 0.6590 0.6987 -0.2785
vn -0.6486 -0.6396 0.4126
vn -0.6111 -0.7359 0.2914
vn -0.6863 -0.6689 0.2856
vn -0.6495 -0.6388 0.4124
vn -0.5769 -0.6986 0.4232
vn -0.5804 -0.6960 0.4228
vn -0.2349 -0.8727 0.4280
vn -0.2563 -0.9222 0.2896
vn 0.2142 -0.9114 0.3515
vn 0.2052 -0.9510 0.2313
vn 0.2148 -0.9113 0.3513
vn 0.4569 -0.8467 0.2727
vn 0.4568 -0.8467 0.2728
vn 0.4560 -0.8727 0.1745
vn -0.7145 -0.6849 0.1429
vn -0.6387 -0.7557 0.1449
vn -0.7152 -0.6841 0.1429
vn -0.6382 -0.7561 0.1449
vn -0.2793 -0.9499 0.1406
vn -0.2806 -0.9495 0.1406
vn 0.1889 -0.9762 0.1069
vn 0.1911 -0.9758 0.1067
vn 0.4500 -0.8898 0.0755
vn 0.4494 -0.8901 0.0756
vn -0.8049 0.5270 0.2727
vn -0.9302 0.2850 0.2312
vn -0.8309 0.5284 0.1744
vn -0.8048 0.5272 0.2727
vn -0.8899 0.2908 0.3515
vn -0.8898 0.2913 0.3514
vn -0.8895 -0.1598 0.4280
vn -0.9406 -0.1771 0.2896
vn -0.7451 -0.5156 0.4232
vn -0.7852 -0.5464 0.2914
vn -0.7428 -0.5192 0.4228
vn -0.6916 -0.5929 0.4124
vn -0.6924 -0.5919 0.4126
vn -0.7248 -0.6270 0.2856
vn -0.8484 0.5239 0.0755
vn -0.9566 0.2712 0.1069
vn -0.8487 0.5234 0.0757
vn -0.9560 0.2732 0.1067
vn -0.9701 -0.1976 0.1406
vn -0.9699 -0.1990 0.1406
vn -0.8076 -0.5717 0.1449
vn -0.8072 -0.5722 0.1449
vn -0.7432 -0.6537 0.1429
vn -0.7424 -0.6545 0.1429
vn -0.7016 -0.6532 0.2849
vn -0.7283 -0.6701 0.1432
vn -0.7290 -0.6693 0.1435
vn -0.7289 -0.6694 0.1434
vn -0.7060 -0.6484 0.2851
vn 0.5749 -0.8163 0.0565
vn 0.6095 -0.7912 0.0506
vn 0.6093 -0.7913 0.0507
vn 0.5750 -0.8162 0.0565
vn 0.5783 -0.8040 0.1382
vn 0.6122 -0.7805 0.1270
vn 0.6112 -0.7646 0.2048
vn 0.5774 -0.7859 0.2211
vn 0.5774 -0.7860 0.2211
vn 0.6111 -0.7646 0.2048
vn -0.6650 -0.6243 0.4098
vn -0.6649 -0.6245 0.4099
vn -0.6720 -0.6172 0.4093
vn -0.7104 -0.6436 0.2849
vn -0.7299 -0.6684 0.1431
vn -0.7291 -0.6692 0.1432
vn -0.7366 0.6744 0.0506
vn -0.7645 0.6422 0.0565
vn -0.7366 0.6745 0.0506
vn -0.7256 0.6763 0.1269
vn -0.7644 0.6423 0.0565
vn -0.7520 0.6445 0.1382
vn -0.7098 0.6740 0.2047
vn -0.7100 0.6738 0.2048
vn -0.7340 0.6421 0.2211
vn -0.6785 -0.6096 0.4098
vn -0.6788 -0.6093 0.4099
vn 0.6556 0.7037 -0.2738
vn 0.6107 0.6827 -0.4012
vn 0.6550 0.7032 -0.2764
vn 0.6107 0.6827 -0.4011
vn 0.6547 0.7027 -0.2785
vn 0.7334 0.6491 -0.2021
vn 0.7147 0.6843 -0.1447
vn 0.7798 0.5905 -0.2080
vn 0.7152 0.6848 -0.1398
vn 0.7142 0.6838 -0.1496
vn 0.7358 0.6459 -0.2035
vn 0.5484 0.7901 -0.2738
vn 0.5374 0.7418 -0.4012
vn 0.5374 0.7417 -0.4013
vn 0.5480 0.7895 -0.2764
vn 0.5373 0.7419 -0.4012
vn 0.5373 0.7419 -0.4011
vn 0.5373 0.7418 -0.4012
vn 0.4785 0.8545 -0.2021
vn 0.5168 0.8438 -0.1447
vn 0.5172 0.8444 -0.1398
vn 0.5697 0.8092 -0.1435
vn 0.5163 0.8432 -0.1496
vn 0.5475 0.7891 -0.2785
vn -0.5461 -0.7291 0.4126
vn -0.4947 -0.8188 0.2914
vn -0.5789 -0.7638 0.2856
vn -0.5471 -0.7284 0.4124
vn -0.4664 -0.7768 0.4232
vn -0.4702 -0.7747 0.4228
vn -0.1022 -0.8980 0.4280
vn -0.1161 -0.9501 0.2896
vn 0.3476 -0.8693 0.3515
vn 0.3445 -0.9098 0.2313
vn 0.3481 -0.8691 0.3514
vn 0.5780 -0.7691 0.2727
vn 0.5778 -0.7692 0.2728
vn 0.5810 -0.7950 0.1745
vn -0.6044 -0.7837 0.1429
vn -0.5189 -0.8424 0.1449
vn -0.6053 -0.7831 0.1429
vn -0.5185 -0.8427 0.1449
vn -0.1346 -0.9809 0.1406
vn -0.1360 -0.9807 0.1406
vn 0.3324 -0.9371 0.1069
vn 0.3343 -0.9364 0.1067
vn 0.5776 -0.8128 0.0755
vn 0.5770 -0.8132 0.0756
vn -0.8745 0.4012 0.2728
vn -0.9623 0.1433 0.2313
vn -0.9004 0.3986 0.1743
vn -0.8744 0.4014 0.2727
vn -0.9233 0.1549 0.3515
vn -0.9232 0.1555 0.3513
vn -0.8558 -0.2906 0.4280
vn -0.9037 -0.3153 0.2896
vn -0.6599 -0.6208 0.4232
vn -0.6950 -0.6573 0.2914
vn -0.6571 -0.6241 0.4228
vn -0.5955 -0.6894 0.4124
vn -0.5964 -0.6885 0.4126
vn -0.6233 -0.7280 0.2856
vn -0.9170 0.3916 0.0755
vn -0.9863 0.1255 0.1069
vn -0.9173 0.3910 0.0757
vn -0.9861 0.1277 0.1067
vn -0.9299 -0.3400 0.1406
vn -0.9294 -0.3412 0.1406
vn -0.7133 -0.6857 0.1449
vn -0.7129 -0.6861 0.1449
vn -0.6375 -0.7571 0.1429
vn -0.6365 -0.7579 0.1429
vn -0.5964 -0.7504 0.2849
vn -0.6202 -0.7713 0.1432
vn -0.6210 -0.7707 0.1431
vn -0.6210 -0.7706 0.1434
vn -0.6015 -0.7463 0.2851
vn 0.6901 -0.7215 0.0565
vn 0.7205 -0.6916 0.0507
vn 0.7204 -0.6917 0.0506
vn 0.6903 -0.7213 0.0565
vn 0.6917 -0.7089 0.1383
vn 0.7216 -0.6806 0.1270
vn 0.7183 -0.6649 0.2048
vn 0.6880 -0.6912 0.2212
vn 0.6881 -0.6911 0.2211
vn 0.7181 -0.6651 0.2048
vn -0.5646 -0.7164 0.4098
vn -0.5643 -0.7167 0.4099
vn -0.5725 -0.7104 0.4093
vn -0.6065 -0.7423 0.2849
vn -0.6221 -0.7697 0.1431
vn -0.6213 -0.7703 0.1432
vn -0.8289 0.5572 0.0507
vn -0.8517 0.5211 0.0565
vn -0.8290 0.5570 0.0507
vn -0.8183 0.5606 0.1270
vn -0.8516 0.5212 0.0565
vn -0.8397 0.5252 0.1383
vn -0.8024 0.5605 0.2049
vn -0.8024 0.5606 0.2048
vn -0.8215 0.5255 0.2211
vn -0.5801 -0.7039 0.4098
vn -0.5802 -0.7038 0.4099
vn 0.5433 0.7936 -0.2738
vn 0.5022 0.7661 -0.4012
vn 0.5430 0.7930 -0.2764
vn 0.5021 0.7661 -0.4012
vn 0.5021 0.7662 -0.4012
vn 0.5022 0.7660 -0.4012
vn 0.5427 0.7925 -0.2785
vn 0.6285 0.7511 -0.2021
vn 0.6048 0.7832 -0.1447
vn 0.6831 0.7001 -0.2080
vn 0.6052 0.7837 -0.1398
vn 0.6043 0.7826 -0.1496
vn 0.6313 0.7484 -0.2035
vn 0.4245 0.8630 -0.2738
vn 0.4208 0.8136 -0.4012
vn 0.4242 0.8624 -0.2764
vn 0.4207 0.8136 -0.4012
vn 0.4207 0.8137 -0.4012
vn 0.3457 0.9163 -0.2021
vn 0.3848 0.9116 -0.1447
vn 0.3855 0.9120 -0.1398
vn 0.4428 0.8851 -0.1435
vn 0.3848 0.9108 -0.1495
vn 0.4238 0.8619 -0.2785
vn -0.4313 -0.8024 0.4126
vn -0.3671 -0.8834 0.2914
vn -0.4586 -0.8415 0.2856
vn -0.4324 -0.8018 0.4124
vn -0.3454 -0.8376 0.4232
vn -0.3495 -0.8361 0.4228
vn 0.0327 -0.9032 0.4280
vn 0.0268 -0.9568 0.2896
vn 0.4732 -0.8078 0.3515
vn 0.4763 -0.8483 0.2313
vn 0.4737 -0.8076 0.3514
vn 0.6862 -0.6744 0.2727
vn 0.6860 -0.6745 0.2728
vn 0.6929 -0.6996 0.1744
vn -0.4809 -0.8651 0.1429
vn -0.3876 -0.9104 0.1449
vn -0.4818 -0.8645 0.1429
vn -0.3871 -0.9106 0.1449
vn 0.0130 -0.9900 0.1406
vn 0.0117 -0.9900 0.1406
vn 0.4683 -0.8771 0.1069
vn 0.4702 -0.8761 0.1067
vn 0.6923 -0.7176 0.0755
vn 0.6918 -0.7181 0.0756
vn -0.9245 0.2663 0.2728
vn -0.9729 -0.0018 0.2313
vn -0.9497 0.2600 0.1744
vn -0.9245 0.2665 0.2727
vn -0.9360 0.0155 0.3515
vn -0.9361 0.0161 0.3514
vn -0.8029 -0.4150 0.4280
vn -0.8466 -0.4465 0.2895
vn -0.5600 -0.7123 0.4232
vn -0.5893 -0.7535 0.2914
vn -0.5567 -0.7151 0.4228
vn -0.4861 -0.7705 0.4124
vn -0.4872 -0.7697 0.4126
vn -0.5078 -0.8128 0.2856
vn -0.9651 0.2506 0.0755
vn -0.9940 -0.0228 0.1070
vn -0.9653 0.2499 0.0756
vn -0.9941 -0.0208 0.1067
vn -0.8688 -0.4747 0.1406
vn -0.8682 -0.4760 0.1406
vn -0.6032 -0.7843 0.1449
vn -0.6027 -0.7847 0.1449
vn -0.5175 -0.8437 0.1429
vn -0.5165 -0.8443 0.1429
vn -0.4779 -0.8309 0.2849
vn -0.4983 -0.8551 0.1432
vn -0.4994 -0.8544 0.1435
vn -0.4992 -0.8545 0.1437
vn -0.4835 -0.8276 0.2851
vn 0.7899 -0.6107 0.0565
vn 0.8156 -0.5764 0.0506
vn 0.8155 -0.5765 0.0506
vn 0.7901 -0.6104 0.0565
vn 0.7896 -0.5978 0.1382
vn 0.8151 -0.5653 0.1270
vn 0.8093 -0.5505 0.2048
vn 0.7834 -0.5808 0.2211
vn 0.7834 -0.5809 0.2211
vn 0.8093 -0.5506 0.2048
vn -0.4515 -0.7926 0.4098
vn -0.4510 -0.7928 0.4099
vn -0.4603 -0.7878 0.4093
vn -0.4602 -0.7878 0.4093
vn -0.4891 -0.8244 0.2849
vn -0.5004 -0.8539 0.1431
vn -0.4997 -0.8543 0.1431
vn -0.9025 0.4276 0.0506
vn -0.9198 0.3883 0.0565
vn -0.9027 0.4273 0.0507
vn -0.8927 0.4323 0.1270
vn -0.9197 0.3886 0.0564
vn -0.9086 0.3942 0.1383
vn -0.8770 0.4347 0.2048
vn -0.8769 0.4349 0.2048
vn -0.8907 0.3973 0.2211
vn -0.8907 0.3972 0.2211
vn -0.4687 -0.7825 0.4098
vn -0.4690 -0.7823 0.4099
vn 0.4189 0.8657 -0.2738
vn 0.3823 0.8324 -0.4012
vn 0.4186 0.8651 -0.2764
vn 0.4185 0.8645 -0.2785
vn 0.5095 0.8364 -0.2021
vn 0.4816 0.8644 -0.1447
vn 0.5711 0.7941 -0.2081
vn 0.4816 0.8652 -0.1398
vn 0.4810 0.8639 -0.1496
vn 0.5126 0.8341 -0.2036
vn 0.2911 0.9167 -0.2738
vn 0.2948 0.8673 -0.4012
vn 0.2949 0.8672 -0.4012
vn 0.2909 0.9160 -0.2764
vn 0.2948 0.8673 -0.4011
vn 0.2947 0.8673 -0.4012
vn 0.2053 0.9576 -0.2021
vn 0.2450 0.9587 -0.1447
vn 0.2453 0.9593 -0.1398
vn 0.3059 0.9412 -0.1435
vn 0.2448 0.9580 -0.1496
vn 0.2906 0.9154 -0.2785
vn -0.3069 -0.8577 0.4126
vn -0.2313 -0.9282 0.2914
vn -0.3281 -0.9004 0.2856
vn -0.3081 -0.8573 0.4124
vn -0.2167 -0.8797 0.4232
vn -0.2210 -0.8789 0.4228
vn 0.1670 -0.8882 0.4281
vn 0.1691 -0.9421 0.2896
vn 0.5884 -0.7282 0.3515
vn 0.5974 -0.7678 0.2313
vn 0.5888 -0.7279 0.3513
vn 0.7790 -0.5646 0.2727
vn 0.7789 -0.5647 0.2728
vn 0.7895 -0.5885 0.1745
vn -0.3465 -0.9271 0.1429
vn -0.2475 -0.9580 0.1449
vn -0.3476 -0.9267 0.1429
vn -0.2470 -0.9581 0.1449
vn 0.1605 -0.9770 0.1406
vn 0.1590 -0.9772 0.1406
vn 0.5938 -0.7975 0.1069
vn 0.5955 -0.7962 0.1067
vn 0.7915 -0.6065 0.0755
vn 0.7911 -0.6071 0.0756
vn -0.9538 0.1256 0.2728
vn -0.9618 -0.1467 0.2312
vn -0.9779 0.1156 0.1743
vn -0.9538 0.1257 0.2727
vn -0.9279 -0.1242 0.3515
vn -0.9281 -0.1236 0.3514
vn -0.7321 -0.5299 0.4280
vn -0.7706 -0.5677 0.2896
vn -0.4476 -0.7878 0.4232
vn -0.4704 -0.8330 0.2914
vn -0.4440 -0.7900 0.4228
vn -0.3659 -0.8343 0.4124
vn -0.3670 -0.8337 0.4126
vn -0.3810 -0.8794 0.2856
vn -0.9917 0.1040 0.0755
vn -0.9795 -0.1707 0.1069
vn -0.9918 0.1033 0.0757
vn -0.9799 -0.1686 0.1067
vn -0.7883 -0.5990 0.1406
vn -0.7875 -0.6001 0.1406
vn -0.4796 -0.8655 0.1449
vn -0.4791 -0.8657 0.1449
vn -0.3860 -0.9114 0.1429
vn -0.3849 -0.9118 0.1429
vn -0.3487 -0.8929 0.2849
vn -0.3655 -0.9197 0.1432
vn -0.3663 -0.9194 0.1432
vn -0.3663 -0.9193 0.1437
vn -0.3548 -0.8904 0.2851
vn 0.8721 -0.4861 0.0565
vn 0.8924 -0.4485 0.0506
vn 0.8924 -0.4484 0.0507
vn 0.8721 -0.4860 0.0565
vn 0.8699 -0.4735 0.1383
vn 0.8902 -0.4376 0.1270
vn 0.8824 -0.4236 0.2048
vn 0.8612 -0.4576 0.2211
vn 0.8612 -0.4575 0.2211
vn 0.8823 -0.4238 0.2048
vn -0.3284 -0.8510 0.4098
vn -0.3277 -0.8512 0.4099
vn -0.3377 -0.8476 0.4093
vn -0.3608 -0.8881 0.2849
vn -0.3676 -0.9189 0.1431
vn -0.3668 -0.9192 0.1431
vn -0.9562 0.2882 0.0506
vn -0.9674 0.2469 0.0565
vn -0.9563 0.2881 0.0507
vn -0.9472 0.2945 0.1270
vn -0.9673 0.2472 0.0565
vn -0.9572 0.2544 0.1382
vn -0.9320 0.2991 0.2048
vn -0.9399 0.2600 0.2211
vn -0.3469 -0.8436 0.4098
vn -0.3470 -0.8436 0.4099
vn 0.2853 0.9185 -0.2738
vn 0.2540 0.8801 -0.4012
vn 0.2851 0.9178 -0.2764
vn 0.2849 0.9172 -0.2785
vn 0.3792 0.9030 -0.2021
vn 0.3474 0.9265 -0.1447
vn 0.4464 0.8703 -0.2081
vn 0.3473 0.9273 -0.1398
vn 0.3468 0.9259 -0.1496
vn 0.3826 0.9012 -0.2036
vn 0.1513 0.9498 -0.2738
vn 0.1623 0.9015 -0.4012
vn 0.1512 0.9491 -0.2764
vn 0.1622 0.9015 -0.4012
vn 0.1621 0.9015 -0.4012
vn 0.0604 0.9775 -0.2021
vn 0.0995 0.9845 -0.1447
vn 0.0996 0.9852 -0.1398
vn 0.1622 0.9763 -0.1435
vn 0.0993 0.9838 -0.1496
vn 0.1510 0.9485 -0.2785
vn -0.1756 -0.8938 0.4126
vn -0.0904 -0.9523 0.2914
vn -0.1902 -0.9393 0.2856
vn -0.1769 -0.8937 0.4124
vn -0.0832 -0.9022 0.4232
vn -0.0875 -0.9020 0.4228
vn 0.2975 -0.8534 0.4281
vn 0.3077 -0.9064 0.2896
vn 0.6903 -0.6324 0.3515
vn 0.7052 -0.6702 0.2313
vn 0.6907 -0.6320 0.3513
vn 0.8544 -0.4422 0.2727
vn 0.8543 -0.4424 0.2728
vn 0.8683 -0.4643 0.1745
vn -0.2045 -0.9684 0.1429
vn -0.1020 -0.9842 0.1449
vn -0.2056 -0.9682 0.1429
vn -0.1015 -0.9842 0.1449
vn 0.3043 -0.9422 0.1406
vn 0.3030 -0.9426 0.1406
vn 0.7060 -0.7001 0.1069
vn 0.7075 -0.6986 0.1067
vn 0.8731 -0.4817 0.0755
vn 0.8727 -0.4823 0.0756
vn -0.9619 -0.0180 0.2728
vn -0.9292 -0.2884 0.2313
vn -0.9842 -0.0315 0.1744
vn -0.9619 -0.0179 0.2727
vn -0.8990 -0.2611 0.3515
vn -0.8993 -0.2605 0.3514
vn -0.6449 -0.6331 0.4280
vn -0.6775 -0.6762 0.2896
vn -0.3252 -0.8457 0.4232
vn -0.3410 -0.8938 0.2914
vn -0.3213 -0.8474 0.4228
vn -0.2375 -0.8795 0.4124
vn -0.2387 -0.8791 0.4126
vn -0.2457 -0.9263 0.2856
vn -0.9961 -0.0450 0.0755
vn -0.9431 -0.3148 0.1070
vn -0.9961 -0.0457 0.0757
vn -0.9438 -0.3128 0.1067
vn -0.6903 -0.7098 0.1406
vn -0.6893 -0.7107 0.1406
vn -0.3452 -0.9273 0.1449
vn -0.3447 -0.9275 0.1449
vn -0.2458 -0.9587 0.1429
vn -0.2447 -0.9590 0.1429
vn -0.2118 -0.9349 0.2849
vn -0.2238 -0.9641 0.1431
vn -0.2252 -0.9637 0.1432
vn -0.2252 -0.9637 0.1437
vn -0.2181 -0.9334 0.2851
vn 0.9348 -0.3507 0.0565
vn 0.9493 -0.3104 0.0506
vn 0.9492 -0.3105 0.0507
vn 0.9349 -0.3505 0.0565
vn 0.9308 -0.3385 0.1383
vn 0.9455 -0.3000 0.1270
vn 0.9357 -0.2874 0.2048
vn 0.9198 -0.3240 0.2211
vn 0.9198 -0.3241 0.2211
vn 0.9356 -0.2874 0.2048
vn -0.1978 -0.8904 0.4098
vn -0.1975 -0.8905 0.4099
vn -0.2076 -0.8885 0.4093
vn -0.2244 -0.9319 0.2849
vn -0.2265 -0.9634 0.1431
vn -0.2257 -0.9636 0.1431
vn -0.9885 0.1424 0.0506
vn -0.9934 0.1000 0.0565
vn -0.9885 0.1423 0.0506
vn -0.9805 0.1500 0.1270
vn -0.9934 0.1002 0.0565
vn -0.9844 0.1090 0.1383
vn -0.9661 0.1569 0.2048
vn -0.9661 0.1570 0.2048
vn -0.9682 0.1171 0.2211
vn -0.2172 -0.8859 0.4098
vn -0.2176 -0.8858 0.4099
vn 0.1452 0.9508 -0.2738
vn 0.1200 0.9081 -0.4012
vn 0.1451 0.9500 -0.2764
vn 0.1199 0.9081 -0.4012
vn 0.1451 0.9494 -0.2785
vn 0.2404 0.9494 -0.2021
vn 0.2057 0.9679 -0.1447
vn 0.3117 0.9271 -0.2081
vn 0.2052 0.9687 -0.1398
vn 0.2049 0.9673 -0.1496
vn 0.2440 0.9482 -0.2036
vn 0.0080 0.9617 -0.2738
vn 0.0261 0.9156 -0.4012
vn 0.0080 0.9610 -0.2764
vn 0.0262 0.9156 -0.4012
vn 0.0260 0.9156 -0.4012
vn -0.0861 0.9756 -0.2021
vn -0.0484 0.9883 -0.1447
vn -0.0483 0.9890 -0.1398
vn 0.0149 0.9895 -0.1435
vn -0.0484 0.9876 -0.1495
vn 0.0080 0.9604 -0.2785
vn -0.0405 -0.9100 0.4126
vn 0.0525 -0.9552 0.2914
vn -0.0481 -0.9571 0.2856
vn -0.0417 -0.9100 0.4124
vn 0.0522 -0.9045 0.4232
vn 0.0478 -0.9049 0.4228
vn 0.4213 -0.7995 0.4281
vn 0.4393 -0.8504 0.2896
vn 0.7769 -0.5224 0.3515
vn 0.7972 -0.5576 0.2313
vn 0.7772 -0.5220 0.3514
vn 0.9108 -0.3099 0.2727
vn 0.9107 -0.3101 0.2728
vn 0.9278 -0.3297 0.1744
vn -0.0579 -0.9880 0.1429
vn 0.0458 -0.9884 0.1449
vn -0.0590 -0.9880 0.1429
vn 0.0463 -0.9884 0.1449
vn 0.4413 -0.8863 0.1406
vn 0.4401 -0.8869 0.1406
vn 0.8024 -0.5871 0.1069
vn 0.8037 -0.5854 0.1067
vn 0.9351 -0.3463 0.0755
vn 0.9348 -0.3469 0.0756
vn -0.9485 -0.1612 0.2728
vn -0.8758 -0.4237 0.2312
vn -0.9685 -0.1778 0.1743
vn -0.9485 -0.1610 0.2727
vn -0.8501 -0.3921 0.3515
vn -0.8504 -0.3916 0.3514
vn -0.5434 -0.7222 0.4280
vn -0.5691 -0.7696 0.2896
vn -0.1955 -0.8847 0.4232
vn -0.2040 -0.9346 0.2914
vn -0.1914 -0.8858 0.4228
vn -0.1037 -0.9051 0.4124
vn -0.1050 -0.9049 0.4126
vn -0.1049 -0.9526 0.2856
vn -0.9783 -0.1929 0.0755
vn -0.8857 -0.4518 0.1070
vn -0.9782 -0.1936 0.0757
vn -0.8867 -0.4499 0.1067
vn -0.5768 -0.8047 0.1406
vn -0.5757 -0.8055 0.1406
vn -0.2032 -0.9684 0.1449
vn -0.2026 -0.9685 0.1449
vn -0.1002 -0.9846 0.1429
vn -0.0991 -0.9848 0.1429
vn -0.0701 -0.9560 0.2849
vn -0.0777 -0.9867 0.1431
vn -0.0792 -0.9865 0.1435
vn -0.0790 -0.9865 0.1437
vn -0.0766 -0.9554 0.2851
vn 0.9766 -0.2075 0.0565
vn 0.9849 -0.1655 0.0506
vn 0.9849 -0.1656 0.0507
vn 0.9767 -0.2072 0.0565
vn 0.9708 -0.1960 0.1382
vn 0.9796 -0.1557 0.1270
vn 0.9680 -0.1448 0.2048
vn 0.9578 -0.1835 0.2212
vn 0.9578 -0.1834 0.2211
vn -0.0630 -0.9100 0.4098
vn -0.0624 -0.9100 0.4099
vn -0.0729 -0.9095 0.4093
vn -0.0830 -0.9550 0.2849
vn -0.0804 -0.9864 0.1431
vn -0.0797 -0.9865 0.1430
vn -0.9987 -0.0065 0.0506
vn -0.9972 -0.0491 0.0565
vn -0.9987 -0.0066 0.0507
vn -0.9919 0.0022 0.1270
vn -0.9972 -0.0489 0.0564
vn -0.9896 -0.0389 0.1383
vn -0.9787 0.0112 0.2048
vn -0.9748 -0.0285 0.2211
vn -0.0828 -0.9084 0.4098
vn -0.0832 -0.9083 0.4099
vn 0.0019 0.9618 -0.2738
vn -0.0167 0.9158 -0.4012
vn 0.0019 0.9611 -0.2764
vn 0.0020 0.9604 -0.2785
vn 0.0962 0.9746 -0.2021
vn 0.0586 0.9877 -0.1447
vn 0.1701 0.9632 -0.2081
vn 0.0586 0.9884 -0.1398
vn 0.0586 0.9870 -0.1496
vn 0.1001 0.9739 -0.2035
vn -0.1354 0.9522 -0.2738
vn -0.1106 0.9093 -0.4012
vn -0.1353 0.9515 -0.2764
vn -0.1107 0.9093 -0.4012
vn -0.2305 0.9519 -0.2021
vn -0.1954 0.9700 -0.1447
vn -0.1952 0.9707 -0.1398
vn -0.1327 0.9807 -0.1435
vn -0.1950 0.9693 -0.1496
vn -0.1352 0.9509 -0.2785
vn 0.0956 -0.9059 0.4126
vn 0.1943 -0.9367 0.2914
vn 0.0951 -0.9536 0.2856
vn 0.0944 -0.9061 0.4124
vn 0.1864 -0.8867 0.4232
vn 0.1822 -0.8877 0.4228
vn 0.5358 -0.7278 0.4280
vn 0.5611 -0.7754 0.2896
vn 0.8461 -0.4008 0.3515
vn 0.8714 -0.4326 0.2313
vn 0.8463 -0.4004 0.3513
vn 0.9468 -0.1707 0.2727
vn 0.9468 -0.1709 0.2728
vn 0.9666 -0.1877 0.1745
vn 0.0900 -0.9856 0.1429
vn 0.1926 -0.9705 0.1449
vn 0.0889 -0.9857 0.1429
vn 0.1932 -0.9704 0.1449
vn 0.5685 -0.8106 0.1406
vn 0.5673 -0.8114 0.1406
vn 0.8810 -0.4609 0.1069
vn 0.8820 -0.4591 0.1067
vn 0.9763 -0.2030 0.0755
vn 0.9761 -0.2037 0.0756
vn -0.9139 -0.3007 0.2728
vn -0.8029 -0.5494 0.2313
vn -0.9312 -0.3201 0.1744
vn -0.9139 -0.3006 0.2727
vn -0.7822 -0.5144 0.3515
vn -0.7825 -0.5140 0.3514
vn -0.4297 -0.7951 0.4280
vn -0.4481 -0.8458 0.2896
vn -0.0615 -0.9040 0.4232
vn -0.0624 -0.9546 0.2914
vn -0.0573 -0.9044 0.4228
vn 0.0323 -0.9104 0.4124
vn 0.0311 -0.9104 0.4126
vn 0.0382 -0.9576 0.2856
vn -0.9386 -0.3366 0.0755
vn -0.8085 -0.5787 0.1069
vn -0.9384 -0.3373 0.0757
vn -0.8097 -0.5770 0.1067
vn -0.4505 -0.8817 0.1406
vn -0.4492 -0.8823 0.1406
vn -0.0566 -0.9878 0.1449
vn -0.0560 -0.9879 0.1449
vn 0.0477 -0.9886 0.1429
vn 0.0488 -0.9885 0.1429
vn 0.0732 -0.9558 0.2849
vn 0.0702 -0.9872 0.1431
vn 0.0689 -0.9873 0.1432
vn 0.0689 -0.9872 0.1437
vn 0.0667 -0.9562 0.2851
vn 0.9966 -0.0596 0.0565
vn 0.9986 -0.0168 0.0506
vn 0.9986 -0.0169 0.0506
vn 0.9966 -0.0593 0.0565
vn 0.9892 -0.0491 0.1383
vn 0.9919 -0.0080 0.1270
vn 0.9788 0.0011 0.2048
vn 0.9745 -0.0386 0.2211
vn 0.0734 -0.9092 0.4098
vn 0.0739 -0.9091 0.4099
vn 0.0635 -0.9102 0.4093
vn 0.0602 -0.9567 0.2849
vn 0.0675 -0.9874 0.1431
vn 0.0686 -0.9873 0.1432
vn -0.9866 -0.1553 0.0506
vn -0.9787 -0.1973 0.0565
vn -0.9866 -0.1554 0.0507
vn -0.9812 -0.1456 0.1270
vn -0.9788 -0.1971 0.0565
vn -0.9728 -0.1860 0.1383
vn -0.9695 -0.1348 0.2048
vn -0.9597 -0.1735 0.2211
vn 0.0535 -0.9106 0.4098
vn 0.0533 -0.9106 0.4099
vn -0.1414 0.9513 -0.2738
vn -0.1530 0.9031 -0.4012
vn -0.1414 0.9506 -0.2764
vn -0.1529 0.9031 -0.4012
vn -0.1412 0.9500 -0.2785
vn -0.0501 0.9781 -0.2021
vn -0.0894 0.9854 -0.1447
vn 0.0246 0.9778 -0.2080
vn -0.0894 0.9861 -0.1398
vn -0.0893 0.9847 -0.1496
vn -0.0463 0.9780 -0.2036
vn -0.2758 0.9214 -0.2738
vn -0.2449 0.8826 -0.4012
vn -0.2756 0.9207 -0.2764
vn -0.3698 0.9069 -0.2021
vn -0.3381 0.9299 -0.1447
vn -0.3376 0.9308 -0.1398
vn -0.2774 0.9500 -0.1435
vn -0.3373 0.9294 -0.1496
vn -0.2755 0.9201 -0.2785
vn 0.2296 -0.8815 0.4126
vn 0.3318 -0.8972 0.2914
vn 0.2361 -0.9288 0.2856
vn 0.2284 -0.8819 0.4124
vn 0.3165 -0.8490 0.4232
vn 0.3125 -0.8506 0.4228
vn 0.6383 -0.6398 0.4280
vn 0.6705 -0.6831 0.2896
vn 0.8963 -0.2703 0.3515
vn 0.9262 -0.2979 0.2313
vn 0.8965 -0.2698 0.3514
vn 0.9617 -0.0277 0.2727
vn 0.9617 -0.0279 0.2728
vn 0.9838 -0.0416 0.1744
vn 0.2358 -0.9612 0.1429
vn 0.3351 -0.9310 0.1449
vn 0.2348 -0.9615 0.1429
vn 0.3356 -0.9308 0.1449
vn 0.6829 -0.7169 0.1406
vn 0.6819 -0.7178 0.1406
vn 0.9398 -0.3245 0.1069
vn 0.9406 -0.3225 0.1067
vn 0.9956 -0.0553 0.0755
vn 0.9956 -0.0559 0.0756
vn -0.8589 -0.4335 0.2728
vn -0.7120 -0.6630 0.2312
vn -0.8731 -0.4554 0.1743
vn -0.8590 -0.4334 0.2727
vn -0.6968 -0.6252 0.3515
vn -0.6972 -0.6249 0.3514
vn -0.3064 -0.8502 0.4280
vn -0.3170 -0.9031 0.2896
vn 0.0739 -0.9030 0.4232
vn 0.0805 -0.9532 0.2914
vn 0.0782 -0.9028 0.4228
vn 0.1676 -0.8954 0.4124
vn 0.1664 -0.8956 0.4126
vn 0.1805 -0.9412 0.2856
vn -0.8780 -0.4727 0.0755
vn -0.7132 -0.6928 0.1070
vn -0.8776 -0.4733 0.0757
vn -0.7147 -0.6913 0.1067
vn -0.3140 -0.9390 0.1406
vn -0.3127 -0.9394 0.1406
vn 0.0913 -0.9852 0.1449
vn 0.0918 -0.9852 0.1449
vn 0.1945 -0.9704 0.1429
vn 0.1956 -0.9702 0.1429
vn 0.2148 -0.9342 0.2849
vn 0.2163 -0.9658 0.1432
vn 0.2153 -0.9660 0.1431
vn 0.2152 -0.9660 0.1434
vn 0.2085 -0.9356 0.2851
vn 0.9944 0.0896 0.0565
vn 0.9899 0.1322 0.0506
vn 0.9899 0.1321 0.0507
vn 0.9944 0.0898 0.0565
vn 0.9855 0.0988 0.1382
vn 0.9820 0.1399 0.1269
vn 0.9677 0.1470 0.2048
vn 0.9694 0.1071 0.2211
vn 0.2080 -0.8881 0.4098
vn 0.2086 -0.8880 0.4099
vn 0.1984 -0.8906 0.4093
vn 0.2021 -0.9370 0.2849
vn 0.2139 -0.9663 0.1431
vn 0.2146 -0.9662 0.1431
vn -0.9524 -0.3006 0.0506
vn -0.9384 -0.3409 0.0565
vn -0.9485 -0.2902 0.1270
vn -0.9385 -0.3406 0.0564
vn -0.9342 -0.3289 0.1383
vn -0.9385 -0.2779 0.2048
vn -0.9385 -0.2778 0.2048
vn -0.9231 -0.3145 0.2211
vn -0.9231 -0.3146 0.2211
vn 0.1887 -0.8924 0.4098
vn 0.1884 -0.8925 0.4099
vn -0.2817 0.9196 -0.2738
vn -0.2859 0.8702 -0.4012
vn -0.2815 0.9189 -0.2764
vn -0.2858 0.8703 -0.4012
vn -0.2812 0.9183 -0.2785
vn -0.1953 0.9597 -0.2021
vn -0.2352 0.9611 -0.1447
vn -0.1214 0.9706 -0.2081
vn -0.2354 0.9618 -0.1398
vn -0.2351 0.9604 -0.1496
vn -0.1915 0.9602 -0.2035
vn -0.4100 0.8700 -0.2738
vn -0.3737 0.8363 -0.4012
vn -0.4097 0.8693 -0.2764
vn -0.3738 0.8363 -0.4012
vn -0.5008 0.8416 -0.2021
vn -0.4726 0.8693 -0.1447
vn -0.4727 0.8701 -0.1398
vn -0.4159 0.8980 -0.1435
vn -0.4720 0.8688 -0.1496
vn -0.4095 0.8688 -0.2785
vn 0.3584 -0.8375 0.4126
vn 0.4617 -0.8378 0.2914
vn 0.3719 -0.8832 0.2856
vn 0.3572 -0.8380 0.4124
vn 0.4394 -0.7923 0.4232
vn 0.4357 -0.7946 0.4228
vn 0.7265 -0.5375 0.4281
vn 0.7647 -0.5756 0.2896
vn 0.9266 -0.1336 0.3515
vn 0.9602 -0.1566 0.2313
vn 0.9267 -0.1331 0.3514
vn 0.9551 0.1159 0.2727
vn 0.9551 0.1157 0.2728
vn 0.9790 0.1055 0.1744
vn 0.3765 -0.9153 0.1429
vn 0.4701 -0.8706 0.1449
vn 0.3755 -0.9157 0.1429
vn 0.4705 -0.8704 0.1449
vn 0.7821 -0.6071 0.1406
vn 0.7813 -0.6082 0.1406
vn 0.9777 -0.1808 0.1069
vn 0.9781 -0.1787 0.1067
vn 0.9927 0.0938 0.0755
vn 0.9928 0.0931 0.0756
vn -0.7847 -0.5567 0.2728
vn -0.6053 -0.7617 0.2312
vn -0.7955 -0.5803 0.1744
vn -0.7848 -0.5565 0.2727
vn -0.5958 -0.7221 0.3515
vn -0.5963 -0.7218 0.3514
vn -0.1762 -0.8864 0.4280
vn -0.1789 -0.9403 0.2896
vn 0.2076 -0.8819 0.4232
vn 0.2217 -0.9306 0.2914
vn 0.2118 -0.8811 0.4228
vn 0.2992 -0.8605 0.4124
vn 0.2980 -0.8608 0.4126
vn 0.3188 -0.9038 0.2856
vn -0.7977 -0.5983 0.0755
vn -0.6019 -0.7914 0.1070
vn -0.7973 -0.5989 0.0757
vn -0.6036 -0.7901 0.1067
vn -0.1705 -0.9753 0.1406
vn -0.1692 -0.9755 0.1406
vn 0.2371 -0.9606 0.1449
vn 0.2376 -0.9605 0.1449
vn 0.3369 -0.9306 0.1429
vn 0.3380 -0.9302 0.1429
vn 0.3516 -0.8917 0.2849
vn 0.3576 -0.9228 0.1432
vn 0.3566 -0.9232 0.1435
vn 0.3568 -0.9231 0.1437
vn 0.3456 -0.8941 0.2851
vn 0.9699 0.2367 0.0565
vn 0.9592 0.2782 0.0506
vn 0.9592 0.2781 0.0507
vn 0.9698 0.2371 0.0565
vn 0.9597 0.2446 0.1382
vn 0.9502 0.2847 0.1270
vn 0.9350 0.2894 0.2048
vn 0.9426 0.2504 0.2211
vn 0.9426 0.2503 0.2211
vn 0.9350 0.2896 0.2048
vn 0.3382 -0.8472 0.4098
vn 0.3385 -0.8470 0.4099
vn 0.3289 -0.8510 0.4093
vn 0.3395 -0.8964 0.2849
vn 0.3555 -0.9236 0.1431
vn 0.3564 -0.9233 0.1431
vn -0.8970 -0.4392 0.0506
vn -0.8771 -0.4770 0.0565
vn -0.8969 -0.4393 0.0507
vn -0.8947 -0.4283 0.1270
vn -0.8772 -0.4767 0.0565
vn -0.8748 -0.4644 0.1383
vn -0.8867 -0.4146 0.2048
vn -0.8866 -0.4147 0.2048
vn -0.8659 -0.4487 0.2211
vn 0.3195 -0.8544 0.4098
vn 0.3192 -0.8545 0.4099
vn -0.4156 0.8674 -0.2738
vn -0.4124 0.8179 -0.4012
vn -0.4152 0.8667 -0.2764
vn -0.4123 0.8179 -0.4012
vn -0.4125 0.8179 -0.4012
vn -0.4149 0.8662 -0.2785
vn -0.3362 0.9198 -0.2021
vn -0.3755 0.9155 -0.1447
vn -0.2647 0.9416 -0.2080
vn -0.3761 0.9160 -0.1398
vn -0.3756 0.9147 -0.1496
vn -0.3325 0.9209 -0.2035
vn -0.5351 0.7992 -0.2738
vn -0.4942 0.7712 -0.4012
vn -0.4942 0.7713 -0.4012
vn -0.5347 0.7986 -0.2764
vn -0.6207 0.7576 -0.2021
vn -0.5966 0.7894 -0.1447
vn -0.5971 0.7899 -0.1398
vn -0.5451 0.8260 -0.1435
vn -0.5963 0.7887 -0.1496
vn -0.5345 0.7980 -0.2785
vn 0.4792 -0.7747 0.4126
vn 0.5814 -0.7596 0.2914
vn 0.4994 -0.8179 0.2856
vn 0.4782 -0.7754 0.4124
vn 0.5526 -0.7180 0.4232
vn 0.5493 -0.7208 0.4228
vn 0.7985 -0.4233 0.4280
vn 0.8420 -0.4552 0.2896
vn 0.9362 0.0059 0.3515
vn 0.9728 -0.0117 0.2313
vn 0.9362 0.0065 0.3513
vn 0.9272 0.2570 0.2727
vn 0.9272 0.2567 0.2728
vn 0.9523 0.2502 0.1744
vn 0.5087 -0.8490 0.1429
vn 0.5946 -0.7909 0.1449
vn 0.5078 -0.8496 0.1429
vn 0.5950 -0.7905 0.1449
vn 0.8639 -0.4837 0.1406
vn 0.8632 -0.4850 0.1406
vn 0.9937 -0.0331 0.1069
vn 0.9938 -0.0309 0.1067
vn 0.9677 0.2406 0.0755
vn 0.9678 0.2399 0.0756
vn -0.6929 -0.6674 0.2728
vn -0.4850 -0.8434 0.2312
vn -0.7001 -0.6924 0.1744
vn -0.6930 -0.6673 0.2727
vn -0.4815 -0.8029 0.3515
vn -0.4820 -0.8026 0.3514
vn -0.0421 -0.9028 0.4280
vn -0.0368 -0.9565 0.2896
vn 0.3368 -0.8411 0.4232
vn 0.3579 -0.8871 0.2914
vn 0.3408 -0.8397 0.4228
vn 0.4241 -0.8063 0.4124
vn 0.4230 -0.8068 0.4126
vn 0.4499 -0.8462 0.2856
vn -0.6996 -0.7105 0.0755
vn -0.4773 -0.8722 0.1069
vn -0.6991 -0.7110 0.0757
vn -0.4791 -0.8713 0.1067
vn -0.0233 -0.9898 0.1406
vn -0.0220 -0.9898 0.1406
vn 0.3775 -0.9146 0.1449
vn 0.3781 -0.9144 0.1449
vn 0.4719 -0.8700 0.1429
vn 0.4729 -0.8695 0.1429
vn 0.4806 -0.8294 0.2849
vn 0.4911 -0.8592 0.1432
vn 0.4904 -0.8597 0.1432
vn 0.4904 -0.8596 0.1437
vn 0.4750 -0.8326 0.2851
vn 0.9238 0.3787 0.0565
vn 0.9070 0.4181 0.0507
vn 0.9070 0.4180 0.0507
vn 0.9237 0.3790 0.0565
vn 0.9125 0.3849 0.1382
vn 0.8971 0.4232 0.1270
vn 0.8814 0.4257 0.2048
vn 0.8947 0.3880 0.2211
vn 0.4606 -0.7873 0.4098
vn 0.4609 -0.7871 0.4099
vn 0.4521 -0.7925 0.4093
vn 0.4693 -0.8358 0.2849
vn 0.4892 -0.8603 0.1431
vn 0.4900 -0.8599 0.1431
vn -0.8215 -0.5679 0.0506
vn -0.7963 -0.6023 0.0565
vn -0.8214 -0.5681 0.0507
vn -0.8209 -0.5568 0.1270
vn -0.7963 -0.6022 0.0565
vn -0.7958 -0.5896 0.1383
vn -0.8150 -0.5420 0.2048
vn -0.8150 -0.5421 0.2048
vn -0.7893 -0.5727 0.2212
vn -0.7894 -0.5727 0.2211
vn 0.4433 -0.7972 0.4098
vn 0.4430 -0.7974 0.4099
vn -0.5402 0.7957 -0.2738
vn -0.5297 0.7473 -0.4012
vn -0.5398 0.7951 -0.2764
vn -0.5296 0.7474 -0.4012
vn -0.5394 0.7947 -0.2785
vn -0.4695 0.8595 -0.2021
vn -0.5077 0.8493 -0.1447
vn -0.4021 0.8917 -0.2080
vn -0.5084 0.8497 -0.1398
vn -0.5077 0.8485 -0.1496
vn -0.4660 0.8610 -0.2036
vn -0.6482 0.7105 -0.2738
vn -0.6036 0.6890 -0.4012
vn -0.6478 0.7100 -0.2764
vn -0.6037 0.6889 -0.4012
vn -0.7266 0.6567 -0.2021
vn -0.7076 0.6917 -0.1447
vn -0.7081 0.6921 -0.1398
vn -0.6621 0.7356 -0.1435
vn -0.7072 0.6911 -0.1496
vn -0.6474 0.7094 -0.2785
vn 0.5893 -0.6946 0.4126
vn 0.6882 -0.6645 0.2914
vn 0.6157 -0.7344 0.2856
vn 0.5884 -0.6955 0.4124
vn 0.6535 -0.6276 0.4232
vn 0.6506 -0.6308 0.4228
vn 0.8527 -0.2995 0.4280
vn 0.9004 -0.3246 0.2896
vn 0.9248 0.1455 0.3515
vn 0.9637 0.1334 0.2313
vn 0.9248 0.1459 0.3513
vn 0.8785 0.3923 0.2727
vn 0.8785 0.3922 0.2728
vn 0.9043 0.3895 0.1746
vn 0.6296 -0.7637 0.1429
vn 0.7059 -0.6934 0.1449
vn 0.6287 -0.7644 0.1429
vn 0.7062 -0.6930 0.1449
vn 0.9263 -0.3496 0.1406
vn 0.9258 -0.3509 0.1406
vn 0.9876 0.1153 0.1069
vn 0.9873 0.1175 0.1067
vn 0.9210 0.3822 0.0755
vn 0.9213 0.3815 0.0756
vn -0.5857 -0.7632 0.2728
vn -0.3539 -0.9062 0.2312
vn -0.5891 -0.7890 0.1744
vn -0.5858 -0.7632 0.2728
vn -0.3565 -0.8657 0.3515
vn -0.3570 -0.8655 0.3513
vn 0.0928 -0.8990 0.4280
vn 0.1062 -0.9513 0.2895
vn 0.4583 -0.7816 0.4232
vn 0.4861 -0.8239 0.2914
vn 0.4621 -0.7795 0.4228
vn 0.5396 -0.7340 0.4124
vn 0.5385 -0.7347 0.4126
vn 0.5710 -0.7697 0.2856
vn -0.5859 -0.8068 0.0755
vn -0.3419 -0.9336 0.1069
vn -0.5854 -0.8072 0.0757
vn -0.3440 -0.9329 0.1067
vn 0.1244 -0.9822 0.1406
vn 0.1259 -0.9820 0.1406
vn 0.5097 -0.8481 0.1449
vn 0.5101 -0.8478 0.1449
vn 0.5962 -0.7900 0.1429
vn 0.5971 -0.7893 0.1429
vn 0.5988 -0.7485 0.2849
vn 0.6141 -0.7761 0.1431
vn 0.6130 -0.7770 0.1432
vn 0.6130 -0.7769 0.1434
vn 0.5937 -0.7525 0.2851
vn 0.8570 0.5122 0.0565
vn 0.8345 0.5487 0.0507
vn 0.8346 0.5485 0.0506
vn 0.8569 0.5124 0.0565
vn 0.8450 0.5166 0.1382
vn 0.8240 0.5522 0.1270
vn 0.8082 0.5522 0.2048
vn 0.8269 0.5171 0.2211
vn 0.8269 0.5170 0.2211
vn 0.8081 0.5523 0.2047
vn 0.5728 -0.7099 0.4098
vn 0.5731 -0.7096 0.4099
vn 0.5652 -0.7163 0.4093
vn 0.5886 -0.7565 0.2849
vn 0.6120 -0.7778 0.1431
vn 0.6126 -0.7773 0.1431
vn -0.7277 -0.6841 0.0506
vn -0.6976 -0.7142 0.0565
vn -0.7276 -0.6842 0.0506
vn -0.7287 -0.6730 0.1270
vn -0.6977 -0.7142 0.0565
vn -0.6990 -0.7017 0.1382
vn -0.7252 -0.6574 0.2048
vn -0.7251 -0.6575 0.2049
vn -0.6952 -0.6839 0.2212
vn -0.6953 -0.6839 0.2211
vn 0.5571 -0.7222 0.4098
vn 0.5568 -0.7225 0.4099
vn -0.6527 0.7064 -0.2738
vn -0.6351 0.6600 -0.4012
vn -0.6523 0.7058 -0.2764
vn -0.6352 0.6600 -0.4012
vn -0.6351 0.6601 -0.4012
vn -0.6518 0.7054 -0.2785
vn -0.5924 0.7799 -0.2021
vn -0.6286 0.7641 -0.1447
vn -0.5304 0.8218 -0.2080
vn -0.6294 0.7644 -0.1398
vn -0.6284 0.7634 -0.1496
vn -0.5891 0.7820 -0.2036
vn -0.7469 0.6059 -0.2738
vn -0.6995 0.5914 -0.4012
vn -0.6996 0.5913 -0.4012
vn -0.7463 0.6055 -0.2764
vn -0.6995 0.5913 -0.4012
vn -0.8164 0.5410 -0.2021
vn -0.8028 0.5784 -0.1447
vn -0.8033 0.5789 -0.1398
vn -0.7644 0.6286 -0.1435
vn -0.8023 0.5779 -0.1496
vn -0.7459 0.6051 -0.2785
vn 0.6862 -0.5991 0.4126
vn 0.7795 -0.5545 0.2914
vn 0.7183 -0.6344 0.2856
vn 0.6855 -0.6000 0.4124
vn 0.7397 -0.5232 0.4232
vn 0.7374 -0.5268 0.4228
vn 0.8878 -0.1691 0.4281
vn 0.9388 -0.1868 0.2896
vn 0.8928 0.2816 0.3515
vn 0.9330 0.2756 0.2313
vn 0.8927 0.2821 0.3513
vn 0.8103 0.5188 0.2727
vn 0.8103 0.5187 0.2727
vn 0.8363 0.5198 0.1745
vn 0.7363 -0.6614 0.1429
vn 0.8013 -0.5805 0.1449
vn 0.7356 -0.6622 0.1429
vn 0.8016 -0.5800 0.1449
vn 0.9681 -0.2076 0.1406
vn 0.9678 -0.2090 0.1406
vn 0.9593 0.2614 0.1069
vn 0.9588 0.2634 0.1067
vn 0.8537 0.5152 0.0755
vn 0.8541 0.5146 0.0756
vn -0.4654 -0.8420 0.2728
vn -0.2149 -0.9489 0.2312
vn -0.4649 -0.8681 0.1743
vn -0.4656 -0.8419 0.2727
vn -0.2235 -0.9091 0.3515
vn -0.2241 -0.9090 0.3514
vn 0.2258 -0.8751 0.4280
vn 0.2468 -0.9248 0.2896
vn 0.5697 -0.7045 0.4232
vn 0.6035 -0.7422 0.2914
vn 0.5732 -0.7019 0.4228
vn 0.6429 -0.6454 0.4124
vn 0.6420 -0.6463 0.4126
vn 0.6793 -0.6760 0.2856
vn -0.4592 -0.8851 0.0755
vn -0.1990 -0.9741 0.1069
vn -0.4585 -0.8855 0.0757
vn -0.2011 -0.9737 0.1067
vn 0.2694 -0.9527 0.1406
vn 0.2708 -0.9523 0.1406
vn 0.6304 -0.7626 0.1449
vn 0.6309 -0.7622 0.1449
vn 0.7073 -0.6923 0.1429
vn 0.7081 -0.6915 0.1429
vn 0.7037 -0.6509 0.2849
vn 0.7227 -0.6762 0.1432
vn 0.7218 -0.6770 0.1435
vn 0.7219 -0.6769 0.1437
vn 0.6992 -0.6556 0.2851
vn 0.7712 0.6341 0.0565
vn 0.7435 0.6668 0.0506
vn 0.7436 0.6666 0.0507
vn 0.7710 0.6343 0.0565
vn 0.7586 0.6368 0.1383
vn 0.7326 0.6687 0.1270
vn 0.7168 0.6666 0.2048
vn 0.7406 0.6345 0.2211
vn 0.7168 0.6665 0.2049
vn 0.6722 -0.6166 0.4098
vn 0.6725 -0.6163 0.4099
vn 0.6656 -0.6241 0.4093
vn 0.6948 -0.6604 0.2849
vn 0.7210 -0.6779 0.1431
vn 0.7217 -0.6772 0.1432
vn -0.6176 -0.7848 0.0506
vn -0.5834 -0.8102 0.0565
vn -0.6175 -0.7850 0.0507
vn -0.6202 -0.7741 0.1270
vn -0.5835 -0.8101 0.0565
vn -0.5866 -0.7980 0.1383
vn -0.6191 -0.7582 0.2048
vn -0.6189 -0.7583 0.2047
vn -0.5855 -0.7799 0.2211
vn 0.6585 -0.6312 0.4098
vn 0.6583 -0.6314 0.4099
vn -0.7507 0.6012 -0.2738
vn -0.7264 0.5580 -0.4012
vn -0.7502 0.6007 -0.2764
vn -0.7265 0.5579 -0.4012
vn -0.7497 0.6003 -0.2785
vn -0.7020 0.6829 -0.2021
vn -0.7355 0.6619 -0.1447
vn -0.6470 0.7336 -0.2080
vn -0.7362 0.6621 -0.1398
vn -0.7352 0.6611 -0.1496
vn -0.6990 0.6855 -0.2035
vn -0.8289 0.4878 -0.2738
vn -0.7799 0.4805 -0.4012
vn -0.8282 0.4875 -0.2764
vn -0.7798 0.4806 -0.4012
vn -0.7799 0.4804 -0.4012
vn -0.8879 0.4133 -0.2021
vn -0.8800 0.4524 -0.1447
vn -0.8807 0.4526 -0.1398
vn -0.8495 0.5077 -0.1435
vn -0.8794 0.4520 -0.1496
vn -0.8277 0.4872 -0.2785
vn 0.7679 -0.4901 0.4126
vn 0.8534 -0.4321 0.2914
vn 0.8048 -0.5203 0.2856
vn 0.7672 -0.4912 0.4124
vn 0.8094 -0.4071 0.4232
vn 0.8076 -0.4110 0.4228
vn 0.9031 -0.0349 0.4281
vn 0.9561 -0.0448 0.2896
vn 0.8409 0.4116 0.3515
vn 0.8816 0.4115 0.2313
vn 0.8407 0.4120 0.3514
vn 0.7238 0.6338 0.2727
vn 0.7239 0.6336 0.2728
vn 0.7495 0.6386 0.1744
vn 0.8267 -0.5442 0.1429
vn 0.8789 -0.4545 0.1449
vn 0.8261 -0.5451 0.1429
vn 0.8791 -0.4541 0.1449
vn 0.9882 -0.0610 0.1406
vn 0.9881 -0.0624 0.1406
vn 0.9097 0.4013 0.1069
vn 0.9088 0.4033 0.1067
vn 0.7675 0.6366 0.0755
vn 0.7679 0.6361 0.0756
vn -0.3347 -0.9020 0.2728
vn -0.0710 -0.9703 0.2313
vn -0.3303 -0.9276 0.1743
vn -0.3349 -0.9019 0.2727
vn -0.0855 -0.9323 0.3515
vn -0.0861 -0.9323 0.3514
vn 0.3536 -0.8317 0.4280
vn 0.3819 -0.8777 0.2896
vn 0.6683 -0.6117 0.4232
vn 0.7074 -0.6440 0.2914
vn 0.6714 -0.6087 0.4228
vn 0.7319 -0.5424 0.4124
vn 0.7311 -0.5434 0.4126
vn 0.7725 -0.5672 0.2856
vn -0.3222 -0.9437 0.0755
vn -0.0516 -0.9929 0.1070
vn -0.3215 -0.9439 0.0757
vn -0.0537 -0.9928 0.1067
vn 0.4085 -0.9019 0.1406
vn 0.4097 -0.9013 0.1406
vn 0.7370 -0.6602 0.1449
vn 0.7374 -0.6597 0.1449
vn 0.8026 -0.5791 0.1429
vn 0.8033 -0.5782 0.1429
vn 0.7928 -0.5387 0.2849
vn 0.8153 -0.5611 0.1432
vn 0.8148 -0.5618 0.1432
vn 0.8148 -0.5617 0.1437
vn 0.7891 -0.5441 0.2851
vn 0.6680 0.7420 0.0565
vn 0.6357 0.7703 0.0506
vn 0.6358 0.7702 0.0506
vn 0.6679 0.7421 0.0565
vn 0.6552 0.7427 0.1382
vn 0.6247 0.7705 0.1270
vn 0.6094 0.7660 0.2048
vn 0.6377 0.7378 0.2211
vn 0.6378 0.7378 0.2211
vn 0.7566 -0.5095 0.4098
vn 0.7568 -0.5091 0.4099
vn 0.7512 -0.5179 0.4093
vn 0.7855 -0.5494 0.2849
vn 0.8140 -0.5629 0.1431
vn 0.8145 -0.5623 0.1431
vn -0.4937 -0.8681 0.0507
vn -0.4561 -0.8881 0.0565
vn -0.4936 -0.8682 0.0506
vn -0.4979 -0.8579 0.1270
vn -0.4562 -0.8881 0.0565
vn -0.4611 -0.8765 0.1382
vn -0.4990 -0.8421 0.2048
vn -0.4990 -0.8421 0.2049
vn -0.4627 -0.8585 0.2211
vn -0.4628 -0.8585 0.2211
vn 0.7453 -0.5259 0.4098
vn 0.7451 -0.5262 0.4099
vn -0.8319 0.4826 -0.2738
vn -0.8014 0.4435 -0.4012
vn -0.8313 0.4822 -0.2764
vn -0.8014 0.4436 -0.4012
vn -0.8015 0.4435 -0.4012
vn -0.8307 0.4820 -0.2785
vn -0.7959 0.5706 -0.2021
vn -0.8261 0.5446 -0.1447
vn -0.7491 0.6289 -0.2080
vn -0.8267 0.5450 -0.1398
vn -0.8255 0.5442 -0.1496
vn -0.7934 0.5736 -0.2036
vn -0.8923 0.3589 -0.2738
vn -0.8428 0.3589 -0.4012
vn -0.8428 0.3588 -0.4012
vn -0.8916 0.3586 -0.2764
vn -0.8427 0.3589 -0.4012
vn -0.9396 0.2764 -0.2021
vn -0.9376 0.3161 -0.1447
vn -0.9383 0.3163 -0.1398
vn -0.9157 0.3754 -0.1435
vn -0.9370 0.3158 -0.1496
vn -0.8911 0.3583 -0.2785
vn 0.8323 -0.3702 0.4126
vn 0.9083 -0.3001 0.2914
vn 0.8734 -0.3945 0.2856
vn 0.8319 -0.3713 0.4124
vn 0.8611 -0.2819 0.4232
vn 0.8599 -0.2861 0.4228
vn 0.8982 0.1001 0.4281
vn 0.9521 0.0982 0.2896
vn 0.7702 0.5323 0.3515
vn 0.8104 0.5383 0.2313
vn 0.7699 0.5328 0.3513
vn 0.6213 0.7346 0.2727
vn 0.6214 0.7345 0.2728
vn 0.6459 0.7432 0.1744
vn 0.8986 -0.4149 0.1429
vn 0.9368 -0.3185 0.1449
vn 0.8981 -0.4159 0.1429
vn 0.9370 -0.3180 0.1449
vn 0.9863 0.0869 0.1406
vn 0.9864 0.0854 0.1406
vn 0.8397 0.5324 0.1069
vn 0.8386 0.5343 0.1067
vn 0.6640 0.7439 0.0755
vn 0.6645 0.7435 0.0756
vn -0.1965 -0.9418 0.2728
vn 0.0744 -0.9700 0.2312
vn -0.1884 -0.9665 0.1744
vn -0.1967 -0.9418 0.2727
vn 0.0544 -0.9346 0.3515
vn 0.0538 -0.9347 0.3514
vn 0.4737 -0.7697 0.4280
vn 0.5084 -0.8110 0.2896
vn 0.7521 -0.5053 0.4232
vn 0.7954 -0.5314 0.2914
vn 0.7546 -0.5019 0.4228
vn 0.8046 -0.4273 0.4124
vn 0.8039 -0.4284 0.4126
vn 0.8484 -0.4457 0.2856
vn -0.1779 -0.9812 0.0755
vn 0.0969 -0.9895 0.1069
vn -0.1772 -0.9813 0.0757
vn 0.0949 -0.9898 0.1067
vn 0.5383 -0.8310 0.1406
vn 0.5395 -0.8302 0.1406
vn 0.8271 -0.5430 0.1449
vn 0.8275 -0.5425 0.1449
vn 0.8799 -0.4531 0.1429
vn 0.8805 -0.4521 0.1429
vn 0.8643 -0.4145 0.2849
vn 0.8898 -0.4333 0.1432
vn 0.8895 -0.4340 0.1431
vn 0.8894 -0.4340 0.1437
vn 0.8614 -0.4204 0.2851
vn 0.5499 0.8333 0.0565
vn 0.5139 0.8564 0.0506
vn 0.5139 0.8563 0.0506
vn 0.5373 0.8320 0.1382
vn 0.5029 0.8550 0.1270
vn 0.4885 0.8482 0.2048
vn 0.5207 0.8246 0.2211
vn 0.5207 0.8246 0.2212
vn 0.4886 0.8481 0.2048
vn 0.8241 -0.3911 0.4098
vn 0.8243 -0.3906 0.4099
vn 0.8200 -0.4002 0.4093
vn 0.8200 -0.4001 0.4093
vn 0.8586 -0.4262 0.2849
vn 0.8888 -0.4353 0.1431
vn 0.8893 -0.4344 0.1432
vn -0.3588 -0.9321 0.0506
vn -0.3186 -0.9462 0.0565
vn -0.3588 -0.9321 0.0507
vn -0.3645 -0.9225 0.1270
vn -0.3187 -0.9462 0.0565
vn -0.3253 -0.9354 0.1382
vn -0.3681 -0.9069 0.2048
vn -0.3680 -0.9070 0.2048
vn -0.3296 -0.9179 0.2211
vn 0.8153 -0.4090 0.4098
vn 0.8152 -0.4092 0.4099
vn -0.8946 0.3532 -0.2738
vn -0.8586 0.3191 -0.4012
vn -0.8939 0.3529 -0.2764
vn -0.8586 0.3192 -0.4012
vn -0.8933 0.3528 -0.2785
vn -0.8721 0.4457 -0.2021
vn -0.8979 0.4158 -0.1447
vn -0.8345 0.5103 -0.2081
vn -0.8987 0.4157 -0.1398
vn -0.8974 0.4151 -0.1496
vn -0.8701 0.4489 -0.2036
vn -0.9358 0.2219 -0.2738
vn -0.8868 0.2293 -0.4012
vn -0.9351 0.2217 -0.2764
vn -0.8868 0.2292 -0.4012
vn -0.8869 0.2292 -0.4012
vn -0.8869 0.2291 -0.4012
vn -0.9702 0.1333 -0.2021
vn -0.9743 0.1726 -0.1447
vn -0.9749 0.1731 -0.1398
vn -0.9614 0.2348 -0.1435
vn -0.9736 0.1726 -0.1496
vn -0.9345 0.2216 -0.2785
vn 0.8782 -0.2420 0.4126
vn 0.9429 -0.1614 0.2914
vn 0.9224 -0.2599 0.2856
vn 0.8779 -0.2432 0.4124
vn 0.8935 -0.1504 0.4232
vn 0.8929 -0.1547 0.4228
vn 0.8733 0.2328 0.4280
vn 0.9268 0.2390 0.2896
vn 0.6822 0.6411 0.3515
vn 0.7211 0.6531 0.2313
vn 0.6819 0.6415 0.3513
vn 0.5049 0.8190 0.2727
vn 0.5050 0.8189 0.2728
vn 0.5280 0.8312 0.1745
vn 0.9504 -0.2764 0.1429
vn 0.9738 -0.1753 0.1449
vn 0.9501 -0.2774 0.1429
vn 0.9739 -0.1748 0.1449
vn 0.9623 0.2330 0.1406
vn 0.9626 0.2316 0.1406
vn 0.7510 0.6516 0.1069
vn 0.7496 0.6532 0.1067
vn 0.5458 0.8345 0.0755
vn 0.5463 0.8341 0.0756
vn -0.0540 -0.9606 0.2728
vn 0.2181 -0.9481 0.2313
vn -0.0422 -0.9838 0.1744
vn -0.0541 -0.9606 0.2727
vn 0.1931 -0.9161 0.3515
vn 0.1925 -0.9163 0.3513
vn 0.5831 -0.6905 0.4280
vn 0.6236 -0.7261 0.2896
vn 0.8190 -0.3876 0.4232
vn 0.8658 -0.4069 0.2914
vn 0.8210 -0.3837 0.4228
vn 0.8593 -0.3026 0.4124
vn 0.8588 -0.3038 0.4126
vn 0.9053 -0.3143 0.2856
vn -0.0296 -0.9967 0.0755
vn 0.2434 -0.9640 0.1070
vn -0.0289 -0.9967 0.0757
vn 0.2413 -0.9646 0.1067
vn 0.6561 -0.7414 0.1406
vn 0.6572 -0.7405 0.1406
vn 0.8988 -0.4136 0.1449
vn 0.8991 -0.4131 0.1449
vn 0.9376 -0.3169 0.1429
vn 0.9380 -0.3158 0.1429
vn 0.9164 -0.2811 0.2849
vn 0.9446 -0.2954 0.1431
vn 0.9441 -0.2968 0.1435
vn 0.9441 -0.2966 0.1437
vn 0.9144 -0.2873 0.2851
vn 0.4196 0.9059 0.0565
vn 0.3806 0.9233 0.0506
vn 0.3806 0.9234 0.0507
vn 0.4194 0.9060 0.0565
vn 0.4071 0.9029 0.1383
vn 0.3699 0.9204 0.1270
vn 0.3567 0.9115 0.2048
vn 0.3920 0.8930 0.2211
vn 0.8731 -0.2639 0.4098
vn 0.8733 -0.2635 0.4099
vn 0.8705 -0.2735 0.4093
vn 0.8704 -0.2735 0.4093
vn 0.9125 -0.2935 0.2849
vn 0.9438 -0.2980 0.1431
vn 0.9441 -0.2971 0.1431
vn -0.2159 -0.9751 0.0506
vn -0.1741 -0.9831 0.0565
vn -0.2158 -0.9751 0.0507
vn -0.2230 -0.9665 0.1270
vn -0.1743 -0.9831 0.0565
vn -0.1823 -0.9735 0.1382
vn -0.2288 -0.9517 0.2048
vn -0.1892 -0.9567 0.2211
vn -0.1891 -0.9567 0.2211
vn 0.8672 -0.2829 0.4098
vn 0.8671 -0.2831 0.4099
vn -0.9372 0.2160 -0.2738
vn -0.8966 0.1876 -0.4012
vn -0.9365 0.2158 -0.2764
vn -0.8966 0.1877 -0.4012
vn -0.9359 0.2157 -0.2785
vn -0.9288 0.3107 -0.2021
vn -0.9498 0.2773 -0.1447
vn -0.9012 0.3802 -0.2081
vn -0.9506 0.2771 -0.1398
vn -0.9492 0.2767 -0.1496
vn -0.9273 0.3142 -0.2035
vn -0.9585 0.0799 -0.2738
vn -0.9111 0.0945 -0.4012
vn -0.9577 0.0799 -0.2764
vn -0.9111 0.0946 -0.4012
vn -0.9111 0.0944 -0.4012
vn -0.9793 -0.0128 -0.2021
vn -0.9891 0.0257 -0.1447
vn -0.9898 0.0258 -0.1398
vn -0.9857 0.0888 -0.1435
vn -0.9884 0.0256 -0.1495
vn -0.9571 0.0798 -0.2785
vn 0.9045 -0.1084 0.4126
vn 0.9564 -0.0191 0.2914
vn 0.9509 -0.1196 0.2856
vn 0.9044 -0.1097 0.4124
vn 0.9059 -0.0156 0.4232
vn 0.9060 -0.0199 0.4228
vn 0.8288 0.3604 0.4281
vn 0.8809 0.3744 0.2896
vn 0.5791 0.7356 0.3515
vn 0.6158 0.7532 0.2313
vn 0.5787 0.7360 0.3513
vn 0.3772 0.8851 0.2727
vn 0.3773 0.8850 0.2728
vn 0.3982 0.9006 0.1744
vn 0.9809 -0.1317 0.1429
vn 0.9890 -0.0283 0.1449
vn 0.9808 -0.1328 0.1429
vn 0.9891 -0.0277 0.1449
vn 0.9168 0.3737 0.1406
vn 0.9173 0.3725 0.1406
vn 0.6454 0.7563 0.1069
vn 0.6438 0.7577 0.1067
vn 0.4152 0.9066 0.0755
vn 0.4158 0.9063 0.0756
vn 0.0897 -0.9579 0.2728
vn 0.3570 -0.9050 0.2313
vn 0.1049 -0.9791 0.1743
vn 0.0896 -0.9579 0.2727
vn 0.3275 -0.8770 0.3515
vn 0.3269 -0.8773 0.3513
vn 0.6795 -0.5959 0.4280
vn 0.7249 -0.6251 0.2896
vn 0.8676 -0.2612 0.4232
vn 0.9167 -0.2733 0.2914
vn 0.8690 -0.2571 0.4228
vn 0.8948 -0.1711 0.4124
vn 0.8945 -0.1724 0.4126
vn 0.9421 -0.1759 0.2856
vn 0.1192 -0.9900 0.0755
vn 0.3843 -0.9170 0.1070
vn 0.1199 -0.9899 0.0757
vn 0.3824 -0.9178 0.1067
vn 0.7593 -0.6354 0.1406
vn 0.7602 -0.6343 0.1406
vn 0.9504 -0.2750 0.1449
vn 0.9506 -0.2745 0.1449
vn 0.9744 -0.1736 0.1429
vn 0.9746 -0.1725 0.1429
vn 0.9481 -0.1414 0.2849
vn 0.9781 -0.1513 0.1431
vn 0.9779 -0.1525 0.1430
vn 0.9778 -0.1526 0.1437
vn 0.9470 -0.1478 0.2851
vn 0.2800 0.9583 0.0565
vn 0.2388 0.9698 0.0507
vn 0.2387 0.9698 0.0506
vn 0.2797 0.9584 0.0565
vn 0.2681 0.9534 0.1382
vn 0.2286 0.9652 0.1270
vn 0.2168 0.9545 0.2048
vn 0.2546 0.9414 0.2212
vn 0.2545 0.9414 0.2211
vn 0.9027 -0.1309 0.4098
vn 0.9028 -0.1304 0.4099
vn 0.9015 -0.1407 0.4093
vn 0.9461 -0.1542 0.2849
vn 0.9777 -0.1540 0.1431
vn 0.9778 -0.1531 0.1431
vn -0.0682 -0.9964 0.0507
vn -0.0256 -0.9981 0.0565
vn -0.0681 -0.9964 0.0506
vn -0.0764 -0.9890 0.1270
vn -0.0259 -0.9981 0.0564
vn -0.0352 -0.9898 0.1382
vn -0.0844 -0.9752 0.2048
vn -0.0843 -0.9752 0.2048
vn -0.0445 -0.9742 0.2211
vn 0.8996 -0.1505 0.4098
vn 0.8996 -0.1509 0.4099
vn -0.9381 -0.2123 -0.2738
vn -0.8891 -0.2203 -0.4012
vn -0.9373 -0.2122 -0.2764
vn -0.8891 -0.2202 -0.4012
vn -0.8892 -0.2201 -0.4012
vn -0.9367 -0.2121 -0.2785
vn -0.9716 -0.1233 -0.2021
vn -0.9760 -0.1629 -0.1447
vn -0.9769 -0.0488 -0.2081
vn -0.9767 -0.1631 -0.1398
vn -0.9752 -0.1629 -0.1496
vn -0.9717 -0.1195 -0.2036
vn -0.8982 -0.3440 -0.2738
vn -0.8618 -0.3103 -0.4012
vn -0.8974 -0.3438 -0.2764
vn -0.8618 -0.3104 -0.4012
vn -0.8766 -0.4367 -0.2021
vn -0.9022 -0.4062 -0.1447
vn -0.9029 -0.4065 -0.1398
vn -0.9265 -0.3479 -0.1435
vn -0.9015 -0.4061 -0.1496
vn -0.8968 -0.3437 -0.2785
vn 0.8618 0.2950 0.4126
vn 0.8699 0.3980 0.2914
vn 0.9085 0.3051 0.2856
vn 0.8623 0.2938 0.4124
vn 0.8229 0.3792 0.4232
vn 0.8248 0.3754 0.4228
vn 0.5901 0.6845 0.4280
vn 0.6309 0.7198 0.2896
vn 0.2023 0.9141 0.3515
vn 0.2276 0.9459 0.2313
vn 0.2018 0.9142 0.3513
vn -0.0445 0.9611 0.2727
vn -0.0442 0.9611 0.2728
vn -0.0323 0.9841 0.1745
vn 0.9408 0.3073 0.1429
vn 0.9032 0.4039 0.1449
vn 0.9412 0.3062 0.1429
vn 0.9030 0.4044 0.1449
vn 0.6636 0.7347 0.1406
vn 0.6646 0.7338 0.1406
vn 0.2531 0.9615 0.1069
vn 0.2511 0.9621 0.1067
vn -0.0195 0.9970 0.0755
vn -0.0188 0.9970 0.0756
vn 0.4967 -0.8240 0.2728
vn 0.7145 -0.6603 0.2312
vn 0.5195 -0.8365 0.1744
vn 0.4965 -0.8241 0.2727
vn 0.6757 -0.6479 0.3515
vn 0.6754 -0.6484 0.3514
vn 0.8708 -0.2418 0.4280
vn 0.9244 -0.2484 0.2895
vn 0.8949 0.1414 0.4232
vn 0.9445 0.1518 0.2914
vn 0.8944 0.1456 0.4228
vn 0.8804 0.2343 0.4124
vn 0.8806 0.2331 0.4126
vn 0.9250 0.2506 0.2856
vn 0.5372 -0.8401 0.0755
vn 0.7443 -0.6592 0.1070
vn 0.5379 -0.8396 0.0757
vn 0.7430 -0.6608 0.1067
vn 0.9599 -0.2427 0.1406
vn 0.9602 -0.2414 0.1406
vn 0.9756 0.1648 0.1449
vn 0.9755 0.1654 0.1449
vn 0.9531 0.2667 0.1429
vn 0.9528 0.2678 0.1429
vn 0.9155 0.2842 0.2849
vn 0.9468 0.2881 0.1432
vn 0.9472 0.2868 0.1435
vn 0.9471 0.2870 0.1437
vn 0.9173 0.2780 0.2850
vn -0.1639 0.9849 0.0565
vn -0.2060 0.9772 0.0506
vn -0.2059 0.9773 0.0506
vn -0.1641 0.9848 0.0565
vn -0.1724 0.9753 0.1382
vn -0.2131 0.9687 0.1270
vn -0.2192 0.9539 0.2049
vn -0.1794 0.9586 0.2211
vn -0.1795 0.9586 0.2211
vn -0.2191 0.9540 0.2048
vn 0.8699 0.2742 0.4099
vn 0.8699 0.2745 0.4099
vn 0.8732 0.2646 0.4093
vn 0.9192 0.2718 0.2849
vn 0.9476 0.2857 0.1431
vn 0.9473 0.2866 0.1431
vn 0.3711 -0.9272 0.0506
vn 0.4102 -0.9102 0.0565
vn 0.3712 -0.9272 0.0506
vn 0.3605 -0.9241 0.1270
vn 0.4101 -0.9103 0.0565
vn 0.3980 -0.9069 0.1382
vn 0.3473 -0.9151 0.2048
vn 0.3474 -0.9151 0.2049
vn 0.3828 -0.8970 0.2211
vn 0.3829 -0.8969 0.2211
vn 0.8758 0.2551 0.4098
vn 0.8758 0.2548 0.4099
vn -0.7992 -0.5656 -0.2036
vn 0.4860 0.7618 0.4284
vn 0.8976 -0.1039 0.4284
vn 0.8938 0.4250 0.1434
vn -0.7059 -0.6784 -0.2035
vn 0.3670 0.8257 0.4284
vn 0.9031 0.0310 0.4284
vn 0.8204 0.5535 0.1434
vn -0.7056 -0.5841 -0.4012
vn -0.5970 -0.7760 -0.2036
vn 0.2399 0.8712 0.4284
vn 0.8883 0.1653 0.4284
vn 0.7288 0.6695 0.1435
vn -0.4746 -0.8563 -0.2035
vn 0.1073 0.8972 0.4284
vn 0.8538 0.2957 0.4284
vn 0.6209 0.7707 0.1435
vn -0.3417 -0.9175 -0.2035
vn -0.0275 0.9032 0.4284
vn 0.8002 0.4197 0.4284
vn 0.4991 0.8546 0.1435
vn -0.3823 -0.8324 -0.4012
vn -0.2012 -0.9582 -0.2036
vn -0.1618 0.8890 0.4284
vn 0.7287 0.5343 0.4284
vn 0.3661 0.9194 0.1435
vn -0.0561 -0.9775 -0.2035
vn -0.2925 0.8549 0.4284
vn 0.6409 0.6369 0.4284
vn 0.2250 0.9637 0.1436
vn 0.0901 -0.9749 -0.2036
vn -0.4166 0.8018 0.4284
vn 0.5388 0.7253 0.4284
vn 0.0789 0.9864 0.1440
vn 0.2345 -0.9506 -0.2036
vn -0.5315 0.7307 0.4284
vn 0.4247 0.7975 0.4284
vn -0.0690 0.9872 0.1435
vn 0.1530 -0.9031 -0.4012
vn 0.3736 -0.9050 -0.2036
vn -0.6345 0.6434 0.4284
vn 0.3011 0.8519 0.4284
vn -0.2154 0.9659 0.1436
vn 0.5042 -0.8393 -0.2035
vn -0.7233 0.5416 0.4284
vn 0.1708 0.8873 0.4284
vn -0.3569 0.9230 0.1439
vn 0.6237 -0.7547 -0.2035
vn -0.7959 0.4278 0.4284
vn 0.0367 0.9028 0.4284
vn -0.4905 0.8595 0.1434
vn 0.5298 -0.7472 -0.4012
vn 0.7292 -0.6533 -0.2035
vn -0.8508 0.3044 0.4284
vn -0.0983 0.8982 0.4284
vn -0.6131 0.7768 0.1439
vn 0.8184 -0.5374 -0.2036
vn -0.8866 0.1742 0.4284
vn -0.2311 0.8735 0.4284
vn -0.7221 0.6768 0.1435
vn 0.7265 -0.5580 -0.4012
vn 0.8894 -0.4094 -0.2036
vn -0.9027 0.0401 0.4284
vn -0.3587 0.8293 0.4284
vn -0.8148 0.5616 0.1436
vn 0.8014 -0.4435 -0.4012
vn 0.9405 -0.2722 -0.2035
vn -0.8986 -0.0949 0.4284
vn -0.4783 0.7666 0.4284
vn -0.8895 0.4339 0.1436
vn 0.9705 -0.1290 -0.2035
vn -0.8744 -0.2277 0.4284
vn -0.5872 0.6868 0.4284
vn -0.9441 0.2965 0.1440
vn 0.8966 -0.1876 -0.4012
vn 0.9789 0.0170 -0.2035
vn -0.8307 -0.3555 0.4284
vn -0.6830 0.5917 0.4284
vn -0.9778 0.1525 0.1435
vn 0.9145 -0.0519 -0.4012
vn 0.9655 0.1627 -0.2035
vn -0.7685 -0.4753 0.4284
vn -0.7635 0.4832 0.4284
vn -0.9896 0.0050 0.1436
vn 0.9304 0.3048 -0.2035
vn -0.6890 -0.5846 0.4284
vn -0.8270 0.3639 0.4284
vn -0.9793 -0.1425 0.1440
vn 0.8746 0.4400 -0.2036
vn -0.5942 -0.6808 0.4284
vn -0.8720 0.2367 0.4284
vn -0.9471 -0.2869 0.1436
vn 0.8464 0.3503 -0.4011
vn 0.7993 0.5654 -0.2036
vn -0.4861 -0.7617 0.4284
vn -0.8976 0.1040 0.4284
vn -0.8938 -0.4248 0.1435
vn 0.7061 0.6782 -0.2036
vn -0.3671 -0.8256 0.4284
vn -0.9030 -0.0308 0.4284
vn -0.8205 -0.5533 0.1436
vn 0.5971 0.7759 -0.2036
vn -0.2400 -0.8711 0.4284
vn -0.8884 -0.1652 0.4284
vn -0.7289 -0.6694 0.1436
vn 0.4748 0.8562 -0.2036
vn -0.1075 -0.8972 0.4284
vn -0.8538 -0.2957 0.4284
vn -0.6210 -0.7706 0.1436
vn 0.3419 0.9174 -0.2035
vn 0.0274 -0.9032 0.4284
vn -0.8002 -0.4196 0.4285
vn -0.4992 -0.8545 0.1435
vn 0.3824 0.8324 -0.4012
vn 0.2013 0.9581 -0.2036
vn 0.1618 -0.8890 0.4284
vn -0.7288 -0.5342 0.4284
vn -0.3663 -0.9193 0.1440
vn 0.2541 0.8800 -0.4012
vn 0.0563 0.9774 -0.2036
vn 0.2924 -0.8550 0.4284
vn -0.6410 -0.6368 0.4284
vn -0.2252 -0.9637 0.1435
vn -0.0900 0.9749 -0.2036
vn 0.4165 -0.8019 0.4284
vn -0.5389 -0.7253 0.4284
vn -0.0790 -0.9864 0.1440
vn -0.0166 0.9158 -0.4012
vn -0.2343 0.9506 -0.2036
vn 0.5314 -0.7308 0.4284
vn -0.4248 -0.7975 0.4284
vn 0.0689 -0.9872 0.1439
vn -0.3734 0.9051 -0.2035
vn 0.6344 -0.6434 0.4284
vn -0.3012 -0.8519 0.4284
vn 0.2152 -0.9659 0.1440
vn -0.5041 0.8393 -0.2035
vn 0.7232 -0.5417 0.4284
vn -0.1709 -0.8873 0.4284
vn 0.3568 -0.9230 0.1440
vn -0.4123 0.8179 -0.4013
vn -0.6235 0.7549 -0.2036
vn 0.7959 -0.4279 0.4284
vn -0.0367 -0.9028 0.4284
vn 0.4904 -0.8596 0.1440
vn -0.5296 0.7475 -0.4011
vn -0.7291 0.6535 -0.2036
vn 0.8507 -0.3045 0.4284
vn 0.0981 -0.8982 0.4284
vn 0.6130 -0.7769 0.1436
vn -0.8183 0.5375 -0.2035
vn 0.8866 -0.1743 0.4284
vn 0.2310 -0.8735 0.4284
vn 0.7220 -0.6769 0.1435
vn -0.8893 0.4096 -0.2036
vn 0.9027 -0.0403 0.4285
vn 0.3585 -0.8294 0.4284
vn 0.8148 -0.5617 0.1435
vn -0.9404 0.2723 -0.2035
vn 0.8986 0.0948 0.4284
vn 0.4782 -0.7667 0.4284
vn 0.8894 -0.4340 0.1435
vn -0.9705 0.1292 -0.2036
vn 0.8744 0.2276 0.4284
vn 0.5871 -0.6868 0.4284
vn 0.9442 -0.2966 0.1435
vn -0.9789 -0.0169 -0.2035
vn 0.8307 0.3554 0.4284
vn 0.6829 -0.5917 0.4284
vn 0.9778 -0.1526 0.1439
vn -0.8891 -0.2205 -0.4012
vn -0.8745 -0.4402 -0.2035
vn 0.5941 0.6808 0.4284
vn 0.8721 -0.2365 0.4284
vn 0.9471 0.2870 0.1436
vt 0.609536 0.750000
vt 0.609536 0.750000
vt 0.581928 0.801706
vt 0.588831 0.766152
vt 0.588656 0.807853
vt 0.574996 0.766341
vt 0.581926 0.762227
vt 0.575001 0.755380
vt 0.581959 0.746721
vt 0.588913 0.749023
vt 0.609536 0.750000
vt 0.599052 0.808846
vt 0.609510 0.767862
vt 0.609447 0.809839
vt 0.599170 0.767007
vt 0.599224 0.749512
vt 0.609536 0.750000
vt 0.588831 0.766152
vt 0.575001 0.755380
vt 0.581928 0.801706
vt 0.588656 0.807853
vt 0.609510 0.767862
vt 0.609447 0.809839
vt 0.599052 0.808846
vt 0.588325 0.890507
vt 0.598825 0.891258
vt 0.609325 0.892009
vt 0.598534 0.998014
vt 0.587900 0.997734
vt 0.581928 0.801706
vt 0.575723 0.882487
vt 0.582034 0.887958
vt 0.582175 0.998184
vt 0.576449 0.998634
vt 0.599052 0.808846
vt 0.581928 0.801706
vt 0.582034 0.887958
vt 0.575006 0.744419
vt 0.609167 0.998295
s 1
f 5/1/1 86/1/2 41/1/3
f 37/1/4 40/1/2 86/1/2
f 86/1/2 9/1/4 39/1/5
f 41/1/3 39/1/5 8/1/6
f 4/1/7 87/2/8 42/2/9
f 36/2/10 41/2/3 87/2/8
f 87/2/8 8/1/6 38/2/11
f 42/2/9 38/2/11 7/1/12
f 11/1/13 88/1/14 44/1/15
f 48/1/16 46/1/15 88/1/14
f 88/1/14 15/1/17 47/1/15
f 44/1/15 47/1/15 12/1/18
f 10/1/19 89/2/20 43/2/21
f 49/2/22 45/2/23 89/2/20
f 89/2/20 14/1/24 48/2/16
f 43/2/21 48/2/16 11/1/13
f 53/3/25 52/4/26 23/5/27
f 20/6/28 90/7/29 53/3/25
f 54/8/30 55/9/31 90/7/29
f 90/7/29 24/10/32 52/4/26
f 24/1/32 91/2/33 56/2/34
f 55/2/31 57/2/35 91/2/33
f 91/2/33 19/11/36 58/2/37
f 56/2/34 58/2/37 22/2/38
f 59/12/39 50/13/40 16/14/41
f 23/5/27 92/15/42 59/12/39
f 52/4/26 60/16/43 92/15/42
f 92/15/42 18/1/44 50/13/40
f 60/2/43 51/17/45 18/1/44
f 24/1/32 93/2/46 60/2/43
f 56/2/34 61/2/47 93/2/46
f 51/17/45 61/2/47 17/17/48
f 65/2/49 64/2/50 32/2/51
f 29/11/52 94/2/53 65/2/49
f 66/2/54 67/2/55 94/2/53
f 94/2/53 33/1/56 64/2/50
f 33/10/56 95/7/57 68/18/58
f 67/9/55 69/19/59 95/7/57
f 95/7/57 28/6/60 70/20/61
f 68/18/58 70/20/61 31/21/62
f 71/2/63 62/17/64 25/2/65
f 71/2/63 64/2/50 96/2/66
f 96/2/66 33/1/56 72/2/67
f 62/17/64 72/2/67 27/1/68
f 27/1/68 97/15/69 63/22/70
f 72/16/67 68/18/58 97/15/69
f 97/15/69 31/21/62 73/12/71
f 63/22/70 73/12/71 26/23/72
f 59/24/39 75/25/73 23/5/27
f 16/14/41 98/26/74 59/24/39
f 76/27/75 34/28/76 98/26/74
f 98/26/74 3/29/77 75/25/73
f 74/17/78 36/2/79 4/1/80
f 17/17/48 99/2/81 74/17/78
f 61/2/47 77/2/82 99/2/81
f 99/2/81 5/1/83 36/2/79
f 77/2/82 37/2/84 5/1/83
f 22/2/38 100/2/85 77/2/82
f 58/2/37 78/2/86 100/2/85
f 100/2/85 6/1/87 37/2/84
f 53/30/25 79/31/88 20/6/28
f 23/5/27 101/32/89 53/30/25
f 75/25/73 35/33/90 101/32/89
f 101/32/89 2/34/90 79/31/88
f 81/25/91 73/35/71 31/21/62
f 3/29/77 102/26/92 81/25/91
f 34/28/76 82/27/93 102/26/92
f 102/26/92 26/23/72 73/35/71
f 43/2/94 80/17/95 10/1/96
f 11/1/97 103/2/98 43/2/94
f 83/2/99 71/2/63 103/2/98
f 103/2/98 25/2/65 80/17/95
f 44/2/100 83/2/99 11/1/97
f 12/1/101 104/2/102 44/2/100
f 84/2/103 65/2/49 104/2/102
f 104/2/102 32/2/51 83/2/99
f 85/31/104 70/36/61 28/6/60
f 2/34/90 105/37/105 85/31/104
f 35/33/90 81/25/91 105/37/105
f 105/37/105 31/21/62 70/36/61
f 110/1/106 191/1/107 146/1/108
f 142/1/107 145/1/107 191/1/107
f 191/1/107 114/1/107 144/1/109
f 146/1/108 144/1/109 113/1/110
f 109/1/111 192/2/112 147/2/113
f 141/2/114 146/2/108 192/2/112
f 192/2/112 113/1/110 143/2/115
f 147/2/113 143/2/115 112/1/116
f 116/1/117 193/1/118 149/1/118
f 153/1/119 151/1/118 193/1/118
f 193/1/118 120/1/120 152/1/121
f 149/1/118 152/1/121 117/1/122
f 115/1/123 194/2/124 148/2/125
f 154/2/126 150/2/127 194/2/124
f 194/2/124 119/1/128 153/2/119
f 148/2/125 153/2/119 116/1/117
f 158/3/129 157/4/130 128/5/131
f 125/6/132 195/7/133 158/3/129
f 159/8/134 160/9/135 195/7/133
f 195/7/133 129/10/136 157/4/130
f 129/1/136 196/2/137 161/2/138
f 160/2/135 162/2/139 196/2/137
f 196/2/137 124/11/140 163/2/141
f 161/2/138 163/2/141 127/2/142
f 164/12/143 155/13/144 121/14/145
f 128/5/131 197/15/146 164/12/143
f 157/4/130 165/16/147 197/15/146
f 197/15/146 123/1/148 155/13/144
f 165/2/147 156/17/149 123/1/148
f 129/1/136 198/2/150 165/2/147
f 161/2/138 166/2/151 198/2/150
f 156/17/149 166/2/151 122/17/152
f 170/2/153 169/2/154 137/2/155
f 134/11/156 199/2/157 170/2/153
f 171/2/158 172/2/159 199/2/157
f 199/2/157 138/1/160 169/2/154
f 138/10/160 200/7/161 173/18/162
f 172/9/159 174/19/163 200/7/161
f 200/7/161 133/6/164 175/20/165
f 173/18/162 175/20/165 136/21/166
f 176/2/167 167/17/168 130/2/169
f 176/2/167 169/2/154 201/2/170
f 201/2/170 138/1/160 177/2/171
f 167/17/168 177/2/171 132/1/172
f 132/1/172 202/15/173 168/22/174
f 177/16/171 173/18/162 202/15/173
f 202/15/173 136/21/166 178/12/175
f 168/22/174 178/12/175 131/23/176
f 164/24/143 180/25/177 128/5/131
f 121/14/145 203/26/178 164/24/143
f 181/27/179 139/28/180 203/26/178
f 203/26/178 108/29/181 180/25/177
f 179/17/182 141/2/183 109/1/184
f 122/17/152 204/2/185 179/17/182
f 166/2/151 182/2/186 204/2/185
f 204/2/185 110/1/187 141/2/183
f 182/2/186 142/2/188 110/1/187
f 127/2/142 205/2/189 182/2/186
f 163/2/141 183/2/189 205/2/189
f 205/2/189 111/1/190 142/2/188
f 158/30/129 184/31/191 125/6/132
f 128/5/131 206/32/192 158/30/129
f 180/25/177 140/33/193 206/32/192
f 206/32/192 107/34/193 184/31/191
f 186/25/194 178/35/175 136/21/166
f 108/29/181 207/26/195 186/25/194
f 139/28/180 187/27/196 207/26/195
f 207/26/195 131/23/176 178/35/175
f 148/2/197 185/17/198 115/1/199
f 116/1/200 208/2/201 148/2/197
f 188/2/202 176/2/167 208/2/201
f 208/2/201 130/2/169 185/17/198
f 149/2/203 188/2/202 116/1/200
f 117/1/204 209/2/205 149/2/203
f 189/2/205 170/2/153 209/2/205
f 209/2/205 137/2/155 188/2/202
f 190/31/206 175/36/165 133/6/164
f 107/34/193 210/37/207 190/31/206
f 140/33/193 186/25/194 210/37/207
f 210/37/207 136/21/166 175/36/165
f 215/1/208 296/1/209 251/1/210
f 247/1/209 250/1/209 296/1/209
f 296/1/209 219/1/209 249/1/209
f 251/1/210 249/1/209 218/1/211
f 214/1/212 297/2/213 252/2/214
f 246/2/215 251/2/210 297/2/213
f 297/2/213 218/1/211 248/2/216
f 252/2/214 248/2/216 217/1/217
f 221/1/218 298/1/219 254/1/219
f 258/1/220 256/1/219 298/1/219
f 298/1/219 225/1/219 257/1/219
f 254/1/219 257/1/219 222/1/221
f 220/1/222 299/2/223 253/2/224
f 259/2/225 255/2/226 299/2/223
f 299/2/223 224/1/227 258/2/220
f 253/2/224 258/2/220 221/1/218
f 263/3/228 262/4/229 233/5/230
f 230/6/231 300/7/232 263/3/228
f 264/8/233 265/9/234 300/7/232
f 300/7/232 234/10/235 262/4/229
f 234/1/235 301/2/236 266/2/237
f 265/2/234 267/2/238 301/2/236
f 301/2/236 229/11/239 268/2/240
f 266/2/237 268/2/240 232/2/241
f 269/12/242 260/13/243 226/14/244
f 233/5/230 302/15/245 269/12/242
f 262/4/229 270/16/246 302/15/245
f 302/15/245 228/1/247 260/13/243
f 270/2/246 261/17/248 228/1/247
f 234/1/235 303/2/249 270/2/246
f 266/2/237 271/2/250 303/2/249
f 261/17/248 271/2/250 227/17/251
f 275/2/252 274/2/253 242/2/254
f 239/11/255 304/2/256 275/2/252
f 276/2/257 277/2/258 304/2/256
f 304/2/256 243/1/259 274/2/253
f 243/10/259 305/7/260 278/18/261
f 277/9/258 279/19/262 305/7/260
f 305/7/260 238/6/263 280/20/264
f 278/18/261 280/20/264 241/21/265
f 281/2/266 272/17/267 235/2/268
f 281/2/266 274/2/253 306/2/269
f 306/2/269 243/1/259 282/2/270
f 272/17/267 282/2/270 237/1/271
f 237/1/271 307/15/272 273/22/273
f 282/16/270 278/18/261 307/15/272
f 307/15/272 241/21/265 283/12/274
f 273/22/273 283/12/274 236/23/275
f 269/24/242 285/25/276 233/5/230
f 226/14/244 308/26/277 269/24/242
f 286/27/278 244/28/279 308/26/277
f 308/26/277 213/29/280 285/25/276
f 284/17/281 246/2/282 214/1/283
f 227/17/251 309/2/284 284/17/281
f 271/2/250 287/2/285 309/2/284
f 309/2/284 215/1/286 246/2/282
f 287/2/285 247/2/287 215/1/286
f 232/2/241 310/2/288 287/2/285
f 268/2/240 288/2/289 310/2/288
f 310/2/288 216/1/290 247/2/287
f 263/30/228 289/31/291 230/6/231
f 233/5/230 311/32/292 263/30/228
f 285/25/276 245/33/293 311/32/292
f 311/32/292 212/34/293 289/31/291
f 291/25/294 283/35/274 241/21/265
f 213/29/280 312/26/295 291/25/294
f 244/28/279 292/27/296 312/26/295
f 312/26/295 236/23/275 283/35/274
f 253/2/297 290/17/298 220/1/299
f 221/1/300 313/2/301 253/2/297
f 293/2/302 281/2/266 313/2/301
f 313/2/301 235/2/268 290/17/298
f 254/2/303 293/2/302 221/1/300
f 222/1/304 314/2/305 254/2/303
f 294/2/306 275/2/252 314/2/305
f 314/2/305 242/2/254 293/2/302
f 295/31/307 280/36/264 238/6/263
f 212/34/293 315/37/308 295/31/307
f 245/33/293 291/25/294 315/37/308
f 315/37/308 241/21/265 280/36/264
f 320/1/309 401/1/310 356/1/311
f 352/1/312 355/1/310 401/1/310
f 401/1/310 324/1/310 354/1/310
f 356/1/311 354/1/310 323/1/313
f 319/1/314 402/2/315 357/2/316
f 351/2/317 356/2/311 402/2/315
f 402/2/315 323/1/313 353/2/318
f 357/2/316 353/2/318 322/1/319
f 326/1/320 403/1/321 359/1/322
f 363/1/323 361/1/321 403/1/321
f 403/1/321 330/1/321 362/1/321
f 359/1/322 362/1/321 327/1/321
f 325/1/324 404/2/325 358/2/326
f 364/2/327 360/2/328 404/2/325
f 404/2/325 329/1/329 363/2/323
f 358/2/326 363/2/323 326/1/320
f 368/3/330 367/4/331 338/5/332
f 335/6/333 405/7/334 368/3/330
f 369/8/335 370/9/336 405/7/334
f 405/7/334 339/10/337 367/4/331
f 339/1/337 406/2/338 371/2/339
f 370/2/336 372/2/340 406/2/338
f 406/2/338 334/11/341 373/2/342
f 371/2/339 373/2/342 337/2/343
f 374/12/344 365/13/345 331/14/346
f 338/5/332 407/15/347 374/12/344
f 367/4/331 375/16/348 407/15/347
f 407/15/347 333/1/349 365/13/345
f 375/2/348 366/17/350 333/1/349
f 339/1/337 408/2/351 375/2/348
f 371/2/339 376/2/352 408/2/351
f 366/17/350 376/2/352 332/17/353
f 380/2/354 379/2/355 347/2/356
f 344/11/357 409/2/358 380/2/354
f 381/2/359 382/2/360 409/2/358
f 409/2/358 348/1/361 379/2/355
f 348/10/361 410/7/362 383/18/363
f 382/9/360 384/19/364 410/7/362
f 410/7/362 343/6/365 385/20/366
f 383/18/363 385/20/366 346/21/367
f 386/2/368 377/17/369 340/2/370
f 386/2/368 379/2/355 411/2/371
f 411/2/371 348/1/361 387/2/372
f 377/17/369 387/2/372 342/1/373
f 342/1/373 412/15/374 378/22/375
f 387/16/372 383/18/363 412/15/374
f 412/15/374 346/21/367 388/12/376
f 378/22/375 388/12/376 341/23/377
f 374/24/344 390/25/378 338/5/332
f 331/14/346 413/26/379 374/24/344
f 391/27/380 349/28/381 413/26/379
f 413/26/379 318/29/382 390/25/378
f 389/17/383 351/2/384 319/1/385
f 332/17/353 414/2/386 389/17/383
f 376/2/352 392/2/387 414/2/386
f 414/2/386 320/1/388 351/2/384
f 392/2/387 352/2/389 320/1/388
f 337/2/343 415/2/390 392/2/387
f 373/2/342 393/2/390 415/2/390
f 415/2/390 321/1/389 352/2/389
f 368/30/330 394/31/391 335/6/333
f 338/5/332 416/32/392 368/30/330
f 390/25/378 350/33/393 416/32/392
f 416/32/392 317/34/393 394/31/391
f 396/25/394 388/35/376 346/21/367
f 318/29/382 417/26/395 396/25/394
f 349/28/381 397/27/396 417/26/395
f 417/26/395 341/23/377 388/35/376
f 358/2/397 395/17/398 325/1/399
f 326/1/400 418/2/401 358/2/397
f 398/2/402 386/2/368 418/2/401
f 418/2/401 340/2/370 395/17/398
f 359/2/403 398/2/402 326/1/400
f 327/1/404 419/2/405 359/2/403
f 399/2/406 380/2/354 419/2/405
f 419/2/405 347/2/356 398/2/402
f 400/31/407 385/36/366 343/6/365
f 317/34/393 420/37/408 400/31/407
f 350/33/393 396/25/394 420/37/408
f 420/37/408 346/21/367 385/36/366
f 425/1/409 506/1/410 461/1/411
f 457/1/410 460/1/410 506/1/410
f 506/1/410 429/1/410 459/1/412
f 461/1/411 459/1/412 428/1/413
f 424/1/414 507/2/415 462/2/416
f 456/2/417 461/2/411 507/2/415
f 507/2/415 428/1/413 458/2/418
f 462/2/416 458/2/418 427/1/419
f 431/1/420 508/1/421 464/1/422
f 468/1/423 466/1/421 508/1/421
f 508/1/421 435/1/424 467/1/421
f 464/1/422 467/1/421 432/1/422
f 430/1/425 509/2/426 463/2/427
f 469/2/428 465/2/429 509/2/426
f 509/2/426 434/1/430 468/2/423
f 463/2/427 468/2/423 431/1/420
f 473/3/431 472/4/432 443/5/433
f 440/6/434 510/7/435 473/3/431
f 474/8/436 475/9/437 510/7/435
f 510/7/435 444/10/438 472/4/432
f 444/1/438 511/2/439 476/2/440
f 475/2/437 477/2/441 511/2/439
f 511/2/439 439/11/442 478/2/443
f 476/2/440 478/2/443 442/2/444
f 479/12/445 470/13/446 436/14/447
f 443/5/433 512/15/448 479/12/445
f 472/4/432 480/16/449 512/15/448
f 512/15/448 438/1/450 470/13/446
f 480/2/449 471/17/451 438/1/450
f 444/1/438 513/2/452 480/2/449
f 476/2/440 481/2/453 513/2/452
f 471/17/451 481/2/453 437/17/454
f 485/2/455 484/2/456 452/2/457
f 449/11/458 514/2/459 485/2/455
f 486/2/460 487/2/461 514/2/459
f 514/2/459 453/1/462 484/2/456
f 453/10/462 515/7/463 488/18/464
f 487/9/461 489/19/465 515/7/463
f 515/7/463 448/6/466 490/20/467
f 488/18/464 490/20/467 451/21/468
f 491/2/469 482/17/470 445/2/471
f 491/2/469 484/2/456 516/2/472
f 516/2/472 453/1/462 492/2/473
f 482/17/470 492/2/473 447/1/474
f 447/1/474 517/15/475 483/22/476
f 492/16/473 488/18/464 517/15/475
f 517/15/475 451/21/468 493/12/477
f 483/22/476 493/12/477 446/23/478
f 479/24/445 495/25/479 443/5/433
f 436/14/447 518/26/480 479/24/445
f 496/27/481 454/28/482 518/26/480
f 518/26/480 423/29/483 495/25/479
f 494/17/484 456/2/485 424/1/486
f 437/17/454 519/2/487 494/17/484
f 481/2/453 497/2/488 519/2/487
f 519/2/487 425/1/489 456/2/485
f 497/2/488 457/2/490 425/1/489
f 442/2/444 520/2/491 497/2/488
f 478/2/443 498/2/491 520/2/491
f 520/2/491 426/1/492 457/2/490
f 473/30/431 499/31/493 440/6/434
f 443/5/433 521/32/494 473/30/431
f 495/25/479 455/33/495 521/32/494
f 521/32/494 422/34/495 499/31/493
f 501/25/496 493/35/477 451/21/468
f 423/29/483 522/26/497 501/25/496
f 454/28/482 502/27/498 522/26/497
f 522/26/497 446/23/478 493/35/477
f 463/2/499 500/17/500 430/1/501
f 431/1/502 523/2/503 463/2/499
f 503/2/504 491/2/469 523/2/503
f 523/2/503 445/2/471 500/17/500
f 464/2/505 503/2/504 431/1/502
f 432/1/506 524/2/507 464/2/505
f 504/2/508 485/2/455 524/2/507
f 524/2/507 452/2/457 503/2/504
f 505/31/509 490/36/467 448/6/466
f 422/34/495 525/37/510 505/31/509
f 455/33/495 501/25/496 525/37/510
f 525/37/510 451/21/468 490/36/467
f 530/1/511 611/1/512 566/1/513
f 562/1/514 565/1/512 611/1/512
f 611/1/512 534/1/515 564/1/512
f 566/1/513 564/1/512 533/1/516
f 529/1/517 612/2/518 567/2/519
f 561/2/520 566/2/513 612/2/518
f 612/2/518 533/1/516 563/2/521
f 567/2/519 563/2/521 532/1/522
f 536/1/523 613/1/524 569/1/524
f 573/1/525 571/1/524 613/1/524
f 613/1/524 540/1/524 572/1/524
f 569/1/524 572/1/524 537/1/526
f 535/1/527 614/2/528 568/2/529
f 574/2/530 570/2/531 614/2/528
f 614/2/528 539/1/532 573/2/525
f 568/2/529 573/2/525 536/1/523
f 578/3/533 577/4/534 548/5/535
f 545/6/536 615/7/537 578/3/533
f 579/8/538 580/9/539 615/7/537
f 615/7/537 549/10/540 577/4/534
f 549/1/540 616/2/541 581/2/542
f 580/2/539 582/2/543 616/2/541
f 616/2/541 544/11/544 583/2/545
f 581/2/542 583/2/545 547/2/546
f 584/12/547 575/13/548 541/14/549
f 548/5/535 617/15/550 584/12/547
f 577/4/534 585/16/551 617/15/550
f 617/15/550 543/1/552 575/13/548
f 585/2/551 576/17/553 543/1/552
f 549/1/540 618/2/554 585/2/551
f 581/2/542 586/2/555 618/2/554
f 576/17/553 586/2/555 542/17/556
f 590/2/557 589/2/558 557/2/559
f 554/11/560 619/2/561 590/2/557
f 591/2/562 592/2/563 619/2/561
f 619/2/561 558/1/564 589/2/558
f 558/10/564 620/7/565 593/18/566
f 592/9/563 594/19/567 620/7/565
f 620/7/565 553/6/568 595/20/569
f 593/18/566 595/20/569 556/21/570
f 596/2/571 587/17/572 550/2/573
f 596/2/571 589/2/558 621/2/574
f 621/2/574 558/1/564 597/2/575
f 587/17/572 597/2/575 552/1/576
f 552/1/576 622/15/577 588/22/578
f 597/16/575 593/18/566 622/15/577
f 622/15/577 556/21/570 598/12/579
f 588/22/578 598/12/579 551/23/580
f 584/24/547 600/25/581 548/5/535
f 541/14/549 623/26/582 584/24/547
f 601/27/583 559/28/584 623/26/582
f 623/26/582 528/29/585 600/25/581
f 599/17/586 561/2/587 529/1/588
f 542/17/556 624/2/589 599/17/586
f 586/2/555 602/2/590 624/2/589
f 624/2/589 530/1/591 561/2/587
f 602/2/590 562/2/592 530/1/591
f 547/2/546 625/2/593 602/2/590
f 583/2/545 603/2/594 625/2/593
f 625/2/593 531/1/592 562/2/592
f 578/30/533 604/31/595 545/6/536
f 548/5/535 626/32/596 578/30/533
f 600/25/581 560/33/597 626/32/596
f 626/32/596 527/34/597 604/31/595
f 606/25/598 598/35/579 556/21/570
f 528/29/585 627/26/599 606/25/598
f 559/28/584 607/27/600 627/26/599
f 627/26/599 551/23/580 598/35/579
f 568/2/601 605/17/602 535/1/603
f 536/1/604 628/2/605 568/2/601
f 608/2/606 596/2/571 628/2/605
f 628/2/605 550/2/573 605/17/602
f 569/2/607 608/2/606 536/1/604
f 537/1/608 629/2/609 569/2/607
f 609/2/610 590/2/557 629/2/609
f 629/2/609 557/2/559 608/2/606
f 610/31/611 595/36/569 553/6/568
f 527/34/597 630/37/612 610/31/611
f 560/33/597 606/25/598 630/37/612
f 630/37/612 556/21/570 595/36/569
f 635/1/613 716/1/614 671/1/615
f 667/1/614 670/1/614 716/1/614
f 716/1/614 639/1/614 669/1/616
f 671/1/615 669/1/616 638/1/617
f 634/1/618 717/2/619 672/2/620
f 666/2/621 671/2/615 717/2/619
f 717/2/619 638/1/617 668/2/622
f 672/2/620 668/2/622 637/1/623
f 641/1/624 718/1/625 674/1/625
f 678/1/626 676/1/625 718/1/625
f 718/1/625 645/1/627 677/1/625
f 674/1/625 677/1/625 642/1/628
f 640/1/629 719/2/630 673/2/631
f 679/2/632 675/2/633 719/2/630
f 719/2/630 644/1/634 678/2/626
f 673/2/631 678/2/626 641/1/624
f 683/3/635 682/4/636 653/5/637
f 650/6/638 720/7/639 683/3/635
f 684/8/640 685/9/641 720/7/639
f 720/7/639 654/10/642 682/4/636
f 654/1/642 721/2/643 686/2/644
f 685/2/641 687/2/645 721/2/643
f 721/2/643 649/11/646 688/2/647
f 686/2/644 688/2/647 652/2/648
f 689/12/649 680/13/650 646/14/651
f 653/5/637 722/15/652 689/12/649
f 682/4/636 690/16/653 722/15/652
f 722/15/652 648/1/654 680/13/650
f 690/2/653 681/17/655 648/1/654
f 654/1/642 723/2/656 690/2/653
f 686/2/644 691/2/657 723/2/656
f 681/17/655 691/2/657 647/17/658
f 695/2/659 694/2/660 662/2/661
f 659/11/662 724/2/663 695/2/659
f 696/2/664 697/2/665 724/2/663
f 724/2/663 663/1/666 694/2/660
f 663/10/666 725/7/667 698/18/668
f 697/9/665 699/19/669 725/7/667
f 725/7/667 658/6/670 700/20/671
f 698/18/668 700/20/671 661/21/672
f 701/2/673 692/17/674 655/2/675
f 701/2/673 694/2/660 726/2/676
f 726/2/676 663/1/666 702/2/677
f 692/17/674 702/2/677 657/1/678
f 657/1/678 727/15/679 693/22/680
f 702/16/677 698/18/668 727/15/679
f 727/15/679 661/21/672 703/12/681
f 693/22/680 703/12/681 656/23/682
f 689/24/649 705/25/683 653/5/637
f 646/14/651 728/26/684 689/24/649
f 706/27/685 664/28/686 728/26/684
f 728/26/684 633/29/687 705/25/683
f 704/17/688 666/2/689 634/1/689
f 647/17/658 729/2/690 704/17/688
f 691/2/657 707/2/691 729/2/690
f 729/2/690 635/1/692 666/2/689
f 707/2/691 667/2/693 635/1/692
f 652/2/648 730/2/694 707/2/691
f 688/2/647 708/2/695 730/2/694
f 730/2/694 636/1/693 667/2/693
f 683/30/635 709/31/696 650/6/638
f 653/5/637 731/32/697 683/30/635
f 705/25/683 665/33/698 731/32/697
f 731/32/697 632/34/698 709/31/696
f 711/25/699 703/35/681 661/21/672
f 633/29/687 732/26/700 711/25/699
f 664/28/686 712/27/701 732/26/700
f 732/26/700 656/23/682 703/35/681
f 673/2/702 710/17/703 640/1/702
f 641/1/704 733/2/705 673/2/702
f 713/2/706 701/2/673 733/2/705
f 733/2/705 655/2/675 710/17/703
f 674/2/707 713/2/706 641/1/704
f 642/1/708 734/2/709 674/2/707
f 714/2/710 695/2/659 734/2/709
f 734/2/709 662/2/661 713/2/706
f 715/31/711 700/36/671 658/6/670
f 632/34/698 735/37/712 715/31/711
f 665/33/698 711/25/699 735/37/712
f 735/37/712 661/21/672 700/36/671
f 740/1/713 821/1/714 776/1/715
f 772/1/716 775/1/716 821/1/714
f 821/1/714 744/1/714 774/1/714
f 776/1/715 774/1/714 743/1/717
f 739/1/718 822/2/719 777/2/720
f 771/2/721 776/2/715 822/2/719
f 822/2/719 743/1/717 773/2/722
f 777/2/720 773/2/722 742/1/723
f 746/1/724 823/1/725 779/1/725
f 783/1/726 781/1/727 823/1/725
f 823/1/725 750/1/725 782/1/725
f 779/1/725 782/1/725 747/1/727
f 745/1/728 824/2/729 778/2/730
f 784/2/731 780/2/732 824/2/729
f 824/2/729 749/1/733 783/2/726
f 778/2/730 783/2/726 746/1/724
f 788/3/734 787/4/735 758/5/736
f 755/6/737 825/7/738 788/3/734
f 789/8/739 790/9/740 825/7/738
f 825/7/738 759/10/741 787/4/735
f 759/1/741 826/2/742 791/2/743
f 790/2/740 792/2/744 826/2/742
f 826/2/742 754/11/745 793/2/746
f 791/2/743 793/2/746 757/2/747
f 794/12/748 785/13/749 751/14/750
f 758/5/736 827/15/751 794/12/748
f 787/4/735 795/16/752 827/15/751
f 827/15/751 753/1/753 785/13/749
f 795/2/752 786/17/754 753/1/753
f 759/1/741 828/2/755 795/2/752
f 791/2/743 796/2/756 828/2/755
f 786/17/754 796/2/756 752/17/757
f 800/2/758 799/2/759 767/2/760
f 764/11/761 829/2/762 800/2/758
f 801/2/763 802/2/764 829/2/762
f 829/2/762 768/1/765 799/2/759
f 768/10/765 830/7/766 803/18/767
f 802/9/764 804/19/768 830/7/766
f 830/7/766 763/6/769 805/20/770
f 803/18/767 805/20/770 766/21/771
f 806/2/772 797/17/773 760/2/774
f 806/2/772 799/2/759 831/2/775
f 831/2/775 768/1/765 807/2/776
f 797/17/773 807/2/776 762/1/777
f 762/1/777 832/15/778 798/22/779
f 807/16/776 803/18/767 832/15/778
f 832/15/778 766/21/771 808/12/780
f 798/22/779 808/12/780 761/23/781
f 794/24/748 810/25/782 758/5/736
f 751/14/750 833/26/783 794/24/748
f 811/27/784 769/28/785 833/26/783
f 833/26/783 738/29/786 810/25/782
f 809/17/787 771/2/788 739/1/789
f 752/17/757 834/2/790 809/17/787
f 796/2/756 812/2/791 834/2/790
f 834/2/790 740/1/792 771/2/788
f 812/2/791 772/2/793 740/1/792
f 757/2/747 835/2/794 812/2/791
f 793/2/746 813/2/794 835/2/794
f 835/2/794 741/1/793 772/2/793
f 788/30/734 814/31/795 755/6/737
f 758/5/736 836/32/796 788/30/734
f 810/25/782 770/33/797 836/32/796
f 836/32/796 737/34/797 814/31/795
f 816/25/798 808/35/780 766/21/771
f 738/29/786 837/26/799 816/25/798
f 769/28/785 817/27/800 837/26/799
f 837/26/799 761/23/781 808/35/780
f 778/2/801 815/17/802 745/1/803
f 746/1/804 838/2/805 778/2/801
f 818/2/806 806/2/772 838/2/805
f 838/2/805 760/2/774 815/17/802
f 779/2/807 818/2/806 746/1/804
f 747/1/807 839/2/808 779/2/807
f 819/2/808 800/2/758 839/2/808
f 839/2/808 767/2/760 818/2/806
f 820/31/809 805/36/770 763/6/769
f 737/34/797 840/37/810 820/31/809
f 770/33/797 816/25/798 840/37/810
f 840/37/810 766/21/771 805/36/770
f 845/1/811 926/1/812 881/1/813
f 877/1/814 880/1/812 926/1/812
f 926/1/812 849/1/815 879/1/815
f 881/1/813 879/1/815 848/1/816
f 844/1/817 927/2/818 882/2/819
f 876/2/820 881/2/813 927/2/818
f 927/2/818 848/1/816 878/2/821
f 882/2/819 878/2/821 847/1/822
f 851/1/823 928/1/824 884/1/825
f 888/1/826 886/1/824 928/1/824
f 928/1/824 855/1/824 887/1/825
f 884/1/825 887/1/825 852/1/827
f 850/1/828 929/2/829 883/2/830
f 889/2/831 885/2/832 929/2/829
f 929/2/829 854/1/833 888/2/826
f 883/2/830 888/2/826 851/1/823
f 893/3/834 892/4/835 863/5/836
f 860/6/837 930/7/838 893/3/834
f 894/8/839 895/9/840 930/7/838
f 930/7/838 864/10/841 892/4/835
f 864/1/841 931/2/842 896/2/843
f 895/2/840 897/2/844 931/2/842
f 931/2/842 859/11/845 898/2/846
f 896/2/843 898/2/846 862/2/847
f 899/12/848 890/13/849 856/14/850
f 863/5/836 932/15/851 899/12/848
f 892/4/835 900/16/852 932/15/851
f 932/15/851 858/1/853 890/13/849
f 900/2/852 891/17/854 858/1/853
f 864/1/841 933/2/855 900/2/852
f 896/2/843 901/2/856 933/2/855
f 891/17/854 901/2/856 857/17/857
f 905/2/858 904/2/859 872/2/860
f 869/11/861 934/2/862 905/2/858
f 906/2/863 907/2/864 934/2/862
f 934/2/862 873/1/865 904/2/859
f 873/10/865 935/7/866 908/18/867
f 907/9/864 909/19/868 935/7/866
f 935/7/866 868/6/869 910/20/870
f 908/18/867 910/20/870 871/21/871
f 911/2/872 902/17/873 865/2/874
f 911/2/872 904/2/859 936/2/875
f 936/2/875 873/1/865 912/2/876
f 902/17/873 912/2/876 867/1/877
f 867/1/877 937/15/878 903/22/879
f 912/16/876 908/18/867 937/15/878
f 937/15/878 871/21/871 913/12/880
f 903/22/879 913/12/880 866/23/881
f 899/24/848 915/25/882 863/5/836
f 856/14/850 938/26/883 899/24/848
f 916/27/884 874/28/885 938/26/883
f 938/26/883 843/29/886 915/25/882
f 914/17/887 876/2/888 844/1/888
f 857/17/857 939/2/889 914/17/887
f 901/2/856 917/2/890 939/2/889
f 939/2/889 845/1/891 876/2/888
f 917/2/890 877/2/892 845/1/891
f 862/2/847 940/2/893 917/2/890
f 898/2/846 918/2/894 940/2/893
f 940/2/893 846/1/895 877/2/892
f 893/30/834 919/31/896 860/6/837
f 863/5/836 941/32/897 893/30/834
f 915/25/882 875/33/898 941/32/897
f 941/32/897 842/34/898 919/31/896
f 921/25/899 913/35/880 871/21/871
f 843/29/886 942/26/900 921/25/899
f 874/28/885 922/27/901 942/26/900
f 942/26/900 866/23/881 913/35/880
f 883/2/902 920/17/903 850/1/904
f 851/1/905 943/2/906 883/2/902
f 923/2/907 911/2/872 943/2/906
f 943/2/906 865/2/874 920/17/903
f 884/2/908 923/2/907 851/1/905
f 852/1/909 944/2/910 884/2/908
f 924/2/911 905/2/858 944/2/910
f 944/2/910 872/2/860 923/2/907
f 925/31/912 910/36/870 868/6/869
f 842/34/898 945/37/913 925/31/912
f 875/33/898 921/25/899 945/37/913
f 945/37/913 871/21/871 910/36/870
f 950/1/914 1031/1/915 986/1/916
f 982/1/915 985/1/915 1031/1/915
f 1031/1/915 954/1/917 984/1/915
f 986/1/916 984/1/915 953/1/918
f 949/1/919 1032/2/920 987/2/921
f 981/2/922 986/2/916 1032/2/920
f 1032/2/920 953/1/918 983/2/923
f 987/2/921 983/2/923 952/1/924
f 956/1/925 1033/1/926 989/1/926
f 993/1/927 991/1/926 1033/1/926
f 1033/1/926 960/1/928 992/1/926
f 989/1/926 992/1/926 957/1/926
f 955/1/929 1034/2/930 988/2/931
f 994/2/932 990/2/933 1034/2/930
f 1034/2/930 959/1/934 993/2/927
f 988/2/931 993/2/927 956/1/925
f 998/3/935 997/4/936 968/5/937
f 965/6/938 1035/7/939 998/3/935
f 999/8/940 1000/9/941 1035/7/939
f 1035/7/939 969/10/942 997/4/936
f 969/1/942 1036/2/943 1001/2/944
f 1000/2/941 1002/2/945 1036/2/943
f 1036/2/943 964/11/946 1003/2/947
f 1001/2/944 1003/2/947 967/2/948
f 1004/12/949 995/13/950 961/14/951
f 968/5/937 1037/15/952 1004/12/949
f 997/4/936 1005/16/953 1037/15/952
f 1037/15/952 963/1/954 995/13/950
f 1005/2/953 996/17/955 963/1/954
f 969/1/942 1038/2/956 1005/2/953
f 1001/2/944 1006/2/957 1038/2/956
f 996/17/955 1006/2/957 962/17/958
f 1010/2/959 1009/2/960 977/2/961
f 974/11/962 1039/2/963 1010/2/959
f 1011/2/964 1012/2/965 1039/2/963
f 1039/2/963 978/1/966 1009/2/960
f 978/10/966 1040/7/967 1013/18/968
f 1012/9/965 1014/19/969 1040/7/967
f 1040/7/967 973/6/970 1015/20/971
f 1013/18/968 1015/20/971 976/21/972
f 1016/2/973 1007/17/974 970/2/975
f 1016/2/973 1009/2/960 1041/2/976
f 1041/2/976 978/1/966 1017/2/977
f 1007/17/974 1017/2/977 972/1/978
f 972/1/978 1042/15/979 1008/22/980
f 1017/16/977 1013/18/968 1042/15/979
f 1042/15/979 976/21/972 1018/12/981
f 1008/22/980 1018/12/981 971/23/982
f 1004/24/949 1020/25/983 968/5/937
f 961/14/951 1043/26/984 1004/24/949
f 1021/27/985 979/28/986 1043/26/984
f 1043/26/984 948/29/987 1020/25/983
f 1019/17/988 981/2/989 949/1/990
f 962/17/958 1044/2/991 1019/17/988
f 1006/2/957 1022/2/992 1044/2/991
f 1044/2/991 950/1/993 981/2/989
f 1022/2/992 982/2/994 950/1/993
f 967/2/948 1045/2/995 1022/2/992
f 1003/2/947 1023/2/996 1045/2/995
f 1045/2/995 951/1/994 982/2/994
f 998/30/935 1024/31/997 965/6/938
f 968/5/937 1046/32/998 998/30/935
f 1020/25/983 980/33/999 1046/32/998
f 1046/32/998 947/34/999 1024/31/997
f 1026/25/1000 1018/35/981 976/21/972
f 948/29/987 1047/26/1001 1026/25/1000
f 979/28/986 1027/27/1002 1047/26/1001
f 1047/26/1001 971/23/982 1018/35/981
f 988/2/1003 1025/17/1004 955/1/1005
f 956/1/1006 1048/2/1007 988/2/1003
f 1028/2/1008 1016/2/973 1048/2/1007
f 1048/2/1007 970/2/975 1025/17/1004
f 989/2/1009 1028/2/1008 956/1/1006
f 957/1/1010 1049/2/1011 989/2/1009
f 1029/2/1012 1010/2/959 1049/2/1011
f 1049/2/1011 977/2/961 1028/2/1008
f 1030/31/1013 1015/36/971 973/6/970
f 947/34/999 1050/37/1014 1030/31/1013
f 980/33/999 1026/25/1000 1050/37/1014
f 1050/37/1014 976/21/972 1015/36/971
f 1055/1/1015 1136/1/1016 1091/1/1017
f 1087/1/1018 1090/1/1016 1136/1/1016
f 1136/1/1016 1059/1/1016 1089/1/1016
f 1091/1/1017 1089/1/1016 1058/1/1019
f 1054/1/1020 1137/2/1021 1092/2/1022
f 1086/2/1023 1091/2/1017 1137/2/1021
f 1137/2/1021 1058/1/1019 1088/2/1024
f 1092/2/1022 1088/2/1024 1057/1/1025
f 1061/1/1026 1138/1/1027 1094/1/1028
f 1098/1/1029 1096/1/1030 1138/1/1027
f 1138/1/1027 1065/1/1030 1097/1/1030
f 1094/1/1028 1097/1/1030 1062/1/1031
f 1060/1/1032 1139/2/1033 1093/2/1034
f 1099/2/1035 1095/2/1036 1139/2/1033
f 1139/2/1033 1064/1/1037 1098/2/1029
f 1093/2/1034 1098/2/1029 1061/1/1026
f 1103/3/1038 1102/4/1039 1073/5/1040
f 1070/6/1041 1140/7/1042 1103/3/1038
f 1104/8/1043 1105/9/1044 1140/7/1042
f 1140/7/1042 1074/10/1045 1102/4/1039
f 1074/1/1045 1141/2/1046 1106/2/1047
f 1105/2/1044 1107/2/1048 1141/2/1046
f 1141/2/1046 1069/11/1049 1108/2/1050
f 1106/2/1047 1108/2/1050 1072/2/1051
f 1109/12/1052 1100/13/1053 1066/14/1054
f 1073/5/1040 1142/15/1055 1109/12/1052
f 1102/4/1039 1110/16/1056 1142/15/1055
f 1142/15/1055 1068/1/1057 1100/13/1053
f 1110/2/1056 1101/17/1058 1068/1/1057
f 1074/1/1045 1143/2/1059 1110/2/1056
f 1106/2/1047 1111/2/1060 1143/2/1059
f 1101/17/1058 1111/2/1060 1067/17/1061
f 1115/2/1062 1114/2/1063 1082/2/1064
f 1079/11/1065 1144/2/1066 1115/2/1062
f 1116/2/1067 1117/2/1068 1144/2/1066
f 1144/2/1066 1083/1/1069 1114/2/1063
f 1083/10/1069 1145/7/1070 1118/18/1071
f 1117/9/1068 1119/19/1072 1145/7/1070
f 1145/7/1070 1078/6/1073 1120/20/1074
f 1118/18/1071 1120/20/1074 1081/21/1075
f 1121/2/1076 1112/17/1077 1075/2/1078
f 1121/2/1076 1114/2/1063 1146/2/1079
f 1146/2/1079 1083/1/1069 1122/2/1080
f 1112/17/1077 1122/2/1080 1077/1/1081
f 1077/1/1081 1147/15/1082 1113/22/1083
f 1122/16/1080 1118/18/1071 1147/15/1082
f 1147/15/1082 1081/21/1075 1123/12/1084
f 1113/22/1083 1123/12/1084 1076/23/1085
f 1109/24/1052 1125/25/1086 1073/5/1040
f 1066/14/1054 1148/26/1087 1109/24/1052
f 1126/27/1088 1084/28/1089 1148/26/1087
f 1148/26/1087 1053/29/1090 1125/25/1086
f 1124/17/1091 1086/2/1092 1054/1/1093
f 1067/17/1061 1149/2/1094 1124/17/1091
f 1111/2/1060 1127/2/1095 1149/2/1094
f 1149/2/1094 1055/1/1096 1086/2/1092
f 1127/2/1095 1087/2/1097 1055/1/1096
f 1072/2/1051 1150/2/1098 1127/2/1095
f 1108/2/1050 1128/2/1099 1150/2/1098
f 1150/2/1098 1056/1/1100 1087/2/1097
f 1103/30/1038 1129/31/1101 1070/6/1041
f 1073/5/1040 1151/32/1102 1103/30/1038
f 1125/25/1086 1085/33/1103 1151/32/1102
f 1151/32/1102 1052/34/1103 1129/31/1101
f 1131/25/1104 1123/35/1084 1081/21/1075
f 1053/29/1090 1152/26/1105 1131/25/1104
f 1084/28/1089 1132/27/1106 1152/26/1105
f 1152/26/1105 1076/23/1085 1123/35/1084
f 1093/2/1107 1130/17/1108 1060/1/1107
f 1061/1/1109 1153/2/1110 1093/2/1107
f 1133/2/1111 1121/2/1076 1153/2/1110
f 1153/2/1110 1075/2/1078 1130/17/1108
f 1094/2/1112 1133/2/1111 1061/1/1109
f 1062/1/1113 1154/2/1114 1094/2/1112
f 1134/2/1115 1115/2/1062 1154/2/1114
f 1154/2/1114 1082/2/1064 1133/2/1111
f 1135/31/1116 1120/36/1074 1078/6/1073
f 1052/34/1103 1155/37/1117 1135/31/1116
f 1085/33/1103 1131/25/1104 1155/37/1117
f 1155/37/1117 1081/21/1075 1120/36/1074
f 1160/1/1118 1241/1/1119 1196/1/1120
f 1192/1/1121 1195/1/1119 1241/1/1119
f 1241/1/1119 1164/1/1119 1194/1/1122
f 1196/1/1120 1194/1/1122 1163/1/1123
f 1159/1/1124 1242/2/1125 1197/2/1126
f 1191/2/1127 1196/2/1120 1242/2/1125
f 1242/2/1125 1163/1/1123 1193/2/1128
f 1197/2/1126 1193/2/1128 1162/1/1129
f 1166/1/1130 1243/1/1131 1199/1/1131
f 1203/1/1132 1201/1/1133 1243/1/1131
f 1243/1/1131 1170/1/1131 1202/1/1131
f 1199/1/1131 1202/1/1131 1167/1/1133
f 1165/1/1134 1244/2/1135 1198/2/1136
f 1204/2/1137 1200/2/1138 1244/2/1135
f 1244/2/1135 1169/1/1139 1203/2/1132
f 1198/2/1136 1203/2/1132 1166/1/1130
f 1208/3/1140 1207/4/1141 1178/5/1142
f 1175/6/1143 1245/7/1144 1208/3/1140
f 1209/8/1145 1210/9/1146 1245/7/1144
f 1245/7/1144 1179/10/1147 1207/4/1141
f 1179/1/1147 1246/2/1148 1211/2/1149
f 1210/2/1146 1212/2/1150 1246/2/1148
f 1246/2/1148 1174/11/1151 1213/2/1152
f 1211/2/1149 1213/2/1152 1177/2/1153
f 1214/12/1154 1205/13/1155 1171/14/1156
f 1178/5/1142 1247/15/1157 1214/12/1154
f 1207/4/1141 1215/16/1158 1247/15/1157
f 1247/15/1157 1173/1/1159 1205/13/1155
f 1215/2/1158 1206/17/1160 1173/1/1159
f 1179/1/1147 1248/2/1161 1215/2/1158
f 1211/2/1149 1216/2/1162 1248/2/1161
f 1206/17/1160 1216/2/1162 1172/17/1163
f 1220/2/1164 1219/2/1165 1187/2/1166
f 1184/11/1167 1249/2/1168 1220/2/1164
f 1221/2/1169 1222/2/1170 1249/2/1168
f 1249/2/1168 1188/1/1171 1219/2/1165
f 1188/10/1171 1250/7/1172 1223/18/1173
f 1222/9/1170 1224/19/1174 1250/7/1172
f 1250/7/1172 1183/6/1175 1225/20/1176
f 1223/18/1173 1225/20/1176 1186/21/1177
f 1226/2/1178 1217/17/1179 1180/2/1180
f 1226/2/1178 1219/2/1165 1251/2/1181
f 1251/2/1181 1188/1/1171 1227/2/1182
f 1217/17/1179 1227/2/1182 1182/1/1183
f 1182/1/1183 1252/15/1184 1218/22/1185
f 1227/16/1182 1223/18/1173 1252/15/1184
f 1252/15/1184 1186/21/1177 1228/12/1186
f 1218/22/1185 1228/12/1186 1181/23/1187
f 1214/24/1154 1230/25/1188 1178/5/1142
f 1171/14/1156 1253/26/1189 1214/24/1154
f 1231/27/1190 1189/28/1191 1253/26/1189
f 1253/26/1189 1158/29/1192 1230/25/1188
f 1229/17/1193 1191/2/1194 1159/1/1195
f 1172/17/1163 1254/2/1196 1229/17/1193
f 1216/2/1162 1232/2/1197 1254/2/1196
f 1254/2/1196 1160/1/1198 1191/2/1194
f 1232/2/1197 1192/2/1199 1160/1/1198
f 1177/2/1153 1255/2/1200 1232/2/1197
f 1213/2/1152 1233/2/1200 1255/2/1200
f 1255/2/1200 1161/1/1201 1192/2/1199
f 1208/30/1140 1234/31/1202 1175/6/1143
f 1178/5/1142 1256/32/1203 1208/30/1140
f 1230/25/1188 1190/33/1204 1256/32/1203
f 1256/32/1203 1157/34/1204 1234/31/1202
f 1236/25/1205 1228/35/1186 1186/21/1177
f 1158/29/1192 1257/26/1206 1236/25/1205
f 1189/28/1191 1237/27/1207 1257/26/1206
f 1257/26/1206 1181/23/1187 1228/35/1186
f 1198/2/1208 1235/17/1209 1165/1/1210
f 1166/1/1211 1258/2/1212 1198/2/1208
f 1238/2/1213 1226/2/1178 1258/2/1212
f 1258/2/1212 1180/2/1180 1235/17/1209
f 1199/2/1214 1238/2/1213 1166/1/1211
f 1167/1/1215 1259/2/1216 1199/2/1214
f 1239/2/1217 1220/2/1164 1259/2/1216
f 1259/2/1216 1187/2/1166 1238/2/1213
f 1240/31/1218 1225/36/1176 1183/6/1175
f 1157/34/1204 1260/37/1219 1240/31/1218
f 1190/33/1204 1236/25/1205 1260/37/1219
f 1260/37/1219 1186/21/1177 1225/36/1176
f 1265/1/1220 1346/1/1221 1301/1/1222
f 1297/1/1221 1300/1/1223 1346/1/1221
f 1346/1/1221 1269/1/1223 1299/1/1224
f 1301/1/1222 1299/1/1224 1268/1/1225
f 1264/1/1226 1347/2/1227 1302/2/1228
f 1296/2/1229 1301/2/1222 1347/2/1227
f 1347/2/1227 1268/1/1225 1298/2/1230
f 1302/2/1228 1298/2/1230 1267/1/1231
f 1271/1/1232 1348/1/1233 1304/1/1233
f 1308/1/1234 1306/1/1235 1348/1/1233
f 1348/1/1233 1275/1/1233 1307/1/1233
f 1304/1/1233 1307/1/1233 1272/1/1236
f 1270/1/1237 1349/2/1238 1303/2/1239
f 1309/2/1240 1305/2/1241 1349/2/1238
f 1349/2/1238 1274/1/1242 1308/2/1234
f 1303/2/1239 1308/2/1234 1271/1/1232
f 1313/3/1243 1312/4/1244 1283/5/1245
f 1280/6/1246 1350/7/1247 1313/3/1243
f 1314/8/1248 1315/9/1249 1350/7/1247
f 1350/7/1247 1284/10/1250 1312/4/1244
f 1284/1/1250 1351/2/1251 1316/2/1252
f 1315/2/1249 1317/2/1253 1351/2/1251
f 1351/2/1251 1279/11/1254 1318/2/1255
f 1316/2/1252 1318/2/1255 1282/2/1256
f 1319/12/1257 1310/13/1258 1276/14/1259
f 1283/5/1245 1352/15/1260 1319/12/1257
f 1312/4/1244 1320/16/1261 1352/15/1260
f 1352/15/1260 1278/1/1262 1310/13/1258
f 1320/2/1261 1311/17/1263 1278/1/1262
f 1284/1/1250 1353/2/1264 1320/2/1261
f 1316/2/1252 1321/2/1265 1353/2/1264
f 1311/17/1263 1321/2/1265 1277/17/1266
f 1325/2/1267 1324/2/1268 1292/2/1269
f 1289/11/1270 1354/2/1271 1325/2/1267
f 1326/2/1272 1327/2/1273 1354/2/1271
f 1354/2/1271 1293/1/1274 1324/2/1268
f 1293/10/1274 1355/7/1275 1328/18/1276
f 1327/9/1273 1329/19/1277 1355/7/1275
f 1355/7/1275 1288/6/1278 1330/20/1279
f 1328/18/1276 1330/20/1279 1291/21/1280
f 1331/2/1281 1322/17/1282 1285/2/1283
f 1331/2/1281 1324/2/1268 1356/2/1284
f 1356/2/1284 1293/1/1274 1332/2/1285
f 1322/17/1282 1332/2/1285 1287/1/1286
f 1287/1/1286 1357/15/1287 1323/22/1288
f 1332/16/1285 1328/18/1276 1357/15/1287
f 1357/15/1287 1291/21/1280 1333/12/1289
f 1323/22/1288 1333/12/1289 1286/23/1290
f 1319/24/1257 1335/25/1291 1283/5/1245
f 1276/14/1259 1358/26/1292 1319/24/1257
f 1336/27/1293 1294/28/1294 1358/26/1292
f 1358/26/1292 1263/29/1295 1335/25/1291
f 1334/17/1296 1296/2/1297 1264/1/1298
f 1277/17/1266 1359/2/1299 1334/17/1296
f 1321/2/1265 1337/2/1300 1359/2/1299
f 1359/2/1299 1265/1/1301 1296/2/1297
f 1337/2/1300 1297/2/1302 1265/1/1301
f 1282/2/1256 1360/2/1303 1337/2/1300
f 1318/2/1255 1338/2/1304 1360/2/1303
f 1360/2/1303 1266/1/1305 1297/2/1302
f 1313/30/1243 1339/31/1306 1280/6/1246
f 1283/5/1245 1361/32/1307 1313/30/1243
f 1335/25/1291 1295/33/1308 1361/32/1307
f 1361/32/1307 1262/34/1308 1339/31/1306
f 1341/25/1309 1333/35/1289 1291/21/1280
f 1263/29/1295 1362/26/1310 1341/25/1309
f 1294/28/1294 1342/27/1311 1362/26/1310
f 1362/26/1310 1286/23/1290 1333/35/1289
f 1303/2/1312 1340/17/1313 1270/1/1314
f 1271/1/1315 1363/2/1316 1303/2/1312
f 1343/2/1317 1331/2/1281 1363/2/1316
f 1363/2/1316 1285/2/1283 1340/17/1313
f 1304/2/1318 1343/2/1317 1271/1/1315
f 1272/1/1318 1364/2/1319 1304/2/1318
f 1344/2/1320 1325/2/1267 1364/2/1319
f 1364/2/1319 1292/2/1269 1343/2/1317
f 1345/31/1321 1330/36/1279 1288/6/1278
f 1262/34/1308 1365/37/1322 1345/31/1321
f 1295/33/1308 1341/25/1309 1365/37/1322
f 1365/37/1322 1291/21/1280 1330/36/1279
f 1370/1/1323 1451/1/1324 1406/1/1325
f 1402/1/1326 1405/1/1327 1451/1/1324
f 1451/1/1324 1374/1/1327 1404/1/1324
f 1406/1/1325 1404/1/1324 1373/1/1328
f 1369/1/1329 1452/2/1330 1407/2/1331
f 1401/2/1332 1406/2/1325 1452/2/1330
f 1452/2/1330 1373/1/1328 1403/2/1333
f 1407/2/1331 1403/2/1333 1372/1/1334
f 1376/1/1335 1453/1/1336 1409/1/1337
f 1413/1/1338 1411/1/1336 1453/1/1336
f 1453/1/1336 1380/1/1337 1412/1/1339
f 1409/1/1337 1412/1/1339 1377/1/1340
f 1375/1/1341 1454/2/1342 1408/2/1343
f 1414/2/1344 1410/2/1345 1454/2/1342
f 1454/2/1342 1379/1/1346 1413/2/1338
f 1408/2/1343 1413/2/1338 1376/1/1335
f 1418/3/1347 1417/4/1348 1388/5/1349
f 1385/6/1350 1455/7/1351 1418/3/1347
f 1419/8/1352 1420/9/1353 1455/7/1351
f 1455/7/1351 1389/10/1354 1417/4/1348
f 1389/1/1354 1456/2/1355 1421/2/1356
f 1420/2/1353 1422/2/1357 1456/2/1355
f 1456/2/1355 1384/11/1358 1423/2/1359
f 1421/2/1356 1423/2/1359 1387/2/1360
f 1424/12/1361 1415/13/1362 1381/14/1363
f 1388/5/1349 1457/15/1364 1424/12/1361
f 1417/4/1348 1425/16/1365 1457/15/1364
f 1457/15/1364 1383/1/1366 1415/13/1362
f 1425/2/1365 1416/17/1367 1383/1/1366
f 1389/1/1354 1458/2/1368 1425/2/1365
f 1421/2/1356 1426/2/1369 1458/2/1368
f 1416/17/1367 1426/2/1369 1382/17/1370
f 1430/2/1371 1429/2/1372 1397/2/1373
f 1394/11/1374 1459/2/1375 1430/2/1371
f 1431/2/1376 1432/2/1377 1459/2/1375
f 1459/2/1375 1398/1/1378 1429/2/1372
f 1398/10/1378 1460/7/1379 1433/18/1380
f 1432/9/1377 1434/19/1381 1460/7/1379
f 1460/7/1379 1393/6/1382 1435/20/1383
f 1433/18/1380 1435/20/1383 1396/21/1384
f 1436/2/1385 1427/17/1386 1390/2/1387
f 1436/2/1385 1429/2/1372 1461/2/1388
f 1461/2/1388 1398/1/1378 1437/2/1389
f 1427/17/1386 1437/2/1389 1392/1/1390
f 1392/1/1390 1462/15/1391 1428/22/1392
f 1437/16/1389 1433/18/1380 1462/15/1391
f 1462/15/1391 1396/21/1384 1438/12/1393
f 1428/22/1392 1438/12/1393 1391/23/1394
f 1424/24/1361 1440/25/1395 1388/5/1349
f 1381/14/1363 1463/26/1396 1424/24/1361
f 1441/27/1397 1399/28/1398 1463/26/1396
f 1463/26/1396 1368/29/1399 1440/25/1395
f 1439/17/1400 1401/2/1401 1369/1/1402
f 1382/17/1370 1464/2/1403 1439/17/1400
f 1426/2/1369 1442/2/1404 1464/2/1403
f 1464/2/1403 1370/1/1405 1401/2/1401
f 1442/2/1404 1402/2/1406 1370/1/1405
f 1387/2/1360 1465/2/1407 1442/2/1404
f 1423/2/1359 1443/2/1408 1465/2/1407
f 1465/2/1407 1371/1/1409 1402/2/1406
f 1418/30/1347 1444/31/1410 1385/6/1350
f 1388/5/1349 1466/32/1411 1418/30/1347
f 1440/25/1395 1400/33/1412 1466/32/1411
f 1466/32/1411 1367/34/1412 1444/31/1410
f 1446/25/1413 1438/35/1393 1396/21/1384
f 1368/29/1399 1467/26/1414 1446/25/1413
f 1399/28/1398 1447/27/1415 1467/26/1414
f 1467/26/1414 1391/23/1394 1438/35/1393
f 1408/2/1416 1445/17/1417 1375/1/1418
f 1376/1/1419 1468/2/1420 1408/2/1416
f 1448/2/1421 1436/2/1385 1468/2/1420
f 1468/2/1420 1390/2/1387 1445/17/1417
f 1409/2/1422 1448/2/1421 1376/1/1419
f 1377/1/1422 1469/2/1423 1409/2/1422
f 1449/2/1423 1430/2/1371 1469/2/1423
f 1469/2/1423 1397/2/1373 1448/2/1421
f 1450/31/1424 1435/36/1383 1393/6/1382
f 1367/34/1412 1470/37/1425 1450/31/1424
f 1400/33/1412 1446/25/1413 1470/37/1425
f 1470/37/1425 1396/21/1384 1435/36/1383
f 1475/1/1426 1556/1/1427 1511/1/1428
f 1507/1/1427 1510/1/1427 1556/1/1427
f 1556/1/1427 1479/1/1427 1509/1/1427
f 1511/1/1428 1509/1/1427 1478/1/1429
f 1474/1/1430 1557/2/1431 1512/2/1432
f 1506/2/1433 1511/2/1428 1557/2/1431
f 1557/2/1431 1478/1/1429 1508/2/1434
f 1512/2/1432 1508/2/1434 1477/1/1435
f 1481/1/1436 1558/1/1437 1514/1/1437
f 1518/1/1438 1516/1/1439 1558/1/1437
f 1558/1/1437 1485/1/1437 1517/1/1440
f 1514/1/1437 1517/1/1440 1482/1/1440
f 1480/1/1441 1559/2/1442 1513/2/1443
f 1519/2/1444 1515/2/1445 1559/2/1442
f 1559/2/1442 1484/1/1446 1518/2/1438
f 1513/2/1443 1518/2/1438 1481/1/1436
f 1523/3/1447 1522/4/1448 1493/5/1449
f 1490/6/1450 1560/7/1451 1523/3/1447
f 1524/8/1452 1525/9/1453 1560/7/1451
f 1560/7/1451 1494/10/1454 1522/4/1448
f 1494/1/1454 1561/2/1455 1526/2/1456
f 1525/2/1453 1527/2/1457 1561/2/1455
f 1561/2/1455 1489/11/1458 1528/2/1459
f 1526/2/1456 1528/2/1459 1492/2/1460
f 1529/12/1461 1520/13/1462 1486/14/1463
f 1493/5/1449 1562/15/1464 1529/12/1461
f 1522/4/1448 1530/16/1465 1562/15/1464
f 1562/15/1464 1488/1/1466 1520/13/1462
f 1530/2/1465 1521/17/1467 1488/1/1466
f 1494/1/1454 1563/2/1468 1530/2/1465
f 1526/2/1456 1531/2/1469 1563/2/1468
f 1521/17/1467 1531/2/1469 1487/17/1470
f 1535/2/1471 1534/2/1472 1502/2/1473
f 1499/11/1474 1564/2/1475 1535/2/1471
f 1536/2/1476 1537/2/1477 1564/2/1475
f 1564/2/1475 1503/1/1478 1534/2/1472
f 1503/10/1478 1565/7/1479 1538/18/1480
f 1537/9/1477 1539/19/1481 1565/7/1479
f 1565/7/1479 1498/6/1482 1540/20/1483
f 1538/18/1480 1540/20/1483 1501/21/1484
f 1541/2/1485 1532/17/1486 1495/2/1487
f 1541/2/1485 1534/2/1472 1566/2/1488
f 1566/2/1488 1503/1/1478 1542/2/1489
f 1532/17/1486 1542/2/1489 1497/1/1490
f 1497/1/1490 1567/15/1491 1533/22/1492
f 1542/16/1489 1538/18/1480 1567/15/1491
f 1567/15/1491 1501/21/1484 1543/12/1493
f 1533/22/1492 1543/12/1493 1496/23/1494
f 1529/24/1461 1545/25/1495 1493/5/1449
f 1486/14/1463 1568/26/1496 1529/24/1461
f 1546/27/1497 1504/28/1498 1568/26/1496
f 1568/26/1496 1473/29/1499 1545/25/1495
f 1544/17/1500 1506/2/1501 1474/1/1502
f 1487/17/1470 1569/2/1503 1544/17/1500
f 1531/2/1469 1547/2/1504 1569/2/1503
f 1569/2/1503 1475/1/1505 1506/2/1501
f 1547/2/1504 1507/2/1506 1475/1/1505
f 1492/2/1460 1570/2/1507 1547/2/1504
f 1528/2/1459 1548/2/1508 1570/2/1507
f 1570/2/1507 1476/1/1506 1507/2/1506
f 1523/30/1447 1549/31/1509 1490/6/1450
f 1493/5/1449 1571/32/1510 1523/30/1447
f 1545/25/1495 1505/33/1511 1571/32/1510
f 1571/32/1510 1472/34/1511 1549/31/1509
f 1551/25/1512 1543/35/1493 1501/21/1484
f 1473/29/1499 1572/26/1513 1551/25/1512
f 1504/28/1498 1552/27/1514 1572/26/1513
f 1572/26/1513 1496/23/1494 1543/35/1493
f 1513/2/1515 1550/17/1516 1480/1/1517
f 1481/1/1518 1573/2/1519 1513/2/1515
f 1553/2/1520 1541/2/1485 1573/2/1519
f 1573/2/1519 1495/2/1487 1550/17/1516
f 1514/2/1521 1553/2/1520 1481/1/1518
f 1482/1/1522 1574/2/1523 1514/2/1521
f 1554/2/1524 1535/2/1471 1574/2/1523
f 1574/2/1523 1502/2/1473 1553/2/1520
f 1555/31/1525 1540/36/1483 1498/6/1482
f 1472/34/1511 1575/37/1526 1555/31/1525
f 1505/33/1511 1551/25/1512 1575/37/1526
f 1575/37/1526 1501/21/1484 1540/36/1483
f 1580/1/1527 1661/1/1528 1616/1/1529
f 1612/1/1530 1615/1/1530 1661/1/1528
f 1661/1/1528 1584/1/1528 1614/1/1531
f 1616/1/1529 1614/1/1531 1583/1/1532
f 1579/1/1533 1662/2/1534 1617/2/1535
f 1611/2/1536 1616/2/1529 1662/2/1534
f 1662/2/1534 1583/1/1532 1613/2/1537
f 1617/2/1535 1613/2/1537 1582/1/1538
f 1586/1/1539 1663/1/1540 1619/1/1540
f 1623/1/1541 1621/1/1540 1663/1/1540
f 1663/1/1540 1590/1/1542 1622/1/1543
f 1619/1/1540 1622/1/1543 1587/1/1544
f 1585/1/1545 1664/2/1546 1618/2/1547
f 1624/2/1548 1620/2/1549 1664/2/1546
f 1664/2/1546 1589/1/1550 1623/2/1541
f 1618/2/1547 1623/2/1541 1586/1/1539
f 1628/3/1551 1627/4/1552 1598/5/1553
f 1595/6/1554 1665/7/1555 1628/3/1551
f 1629/8/1556 1630/9/1557 1665/7/1555
f 1665/7/1555 1599/10/1558 1627/4/1552
f 1599/1/1558 1666/2/1559 1631/2/1560
f 1630/2/1557 1632/2/1561 1666/2/1559
f 1666/2/1559 1594/11/1562 1633/2/1563
f 1631/2/1560 1633/2/1563 1597/2/1564
f 1634/12/1565 1625/13/1566 1591/14/1567
f 1598/5/1553 1667/15/1568 1634/12/1565
f 1627/4/1552 1635/16/1569 1667/15/1568
f 1667/15/1568 1593/1/1570 1625/13/1566
f 1635/2/1569 1626/17/1571 1593/1/1570
f 1599/1/1558 1668/2/1572 1635/2/1569
f 1631/2/1560 1636/2/1573 1668/2/1572
f 1626/17/1571 1636/2/1573 1592/17/1574
f 1640/2/1575 1639/2/1576 1607/2/1577
f 1604/11/1578 1669/2/1579 1640/2/1575
f 1641/2/1580 1642/2/1581 1669/2/1579
f 1669/2/1579 1608/1/1582 1639/2/1576
f 1608/10/1582 1670/7/1583 1643/18/1584
f 1642/9/1581 1644/19/1585 1670/7/1583
f 1670/7/1583 1603/6/1586 1645/20/1587
f 1643/18/1584 1645/20/1587 1606/21/1588
f 1646/2/1589 1637/17/1590 1600/2/1591
f 1646/2/1589 1639/2/1576 1671/2/1592
f 1671/2/1592 1608/1/1582 1647/2/1593
f 1637/17/1590 1647/2/1593 1602/1/1594
f 1602/1/1594 1672/15/1595 1638/22/1596
f 1647/16/1593 1643/18/1584 1672/15/1595
f 1672/15/1595 1606/21/1588 1648/12/1597
f 1638/22/1596 1648/12/1597 1601/23/1598
f 1634/24/1565 1650/25/1599 1598/5/1553
f 1591/14/1567 1673/26/1600 1634/24/1565
f 1651/27/1601 1609/28/1602 1673/26/1600
f 1673/26/1600 1578/29/1603 1650/25/1599
f 1649/17/1604 1611/2/1605 1579/1/1606
f 1592/17/1574 1674/2/1607 1649/17/1604
f 1636/2/1573 1652/2/1608 1674/2/1607
f 1674/2/1607 1580/1/1609 1611/2/1605
f 1652/2/1608 1612/2/1610 1580/1/1609
f 1597/2/1564 1675/2/1611 1652/2/1608
f 1633/2/1563 1653/2/1611 1675/2/1611
f 1675/2/1611 1581/1/1612 1612/2/1610
f 1628/30/1551 1654/31/1613 1595/6/1554
f 1598/5/1553 1676/32/1614 1628/30/1551
f 1650/25/1599 1610/33/1615 1676/32/1614
f 1676/32/1614 1577/34/1615 1654/31/1613
f 1656/25/1616 1648/35/1597 1606/21/1588
f 1578/29/1603 1677/26/1617 1656/25/1616
f 1609/28/1602 1657/27/1618 1677/26/1617
f 1677/26/1617 1601/23/1598 1648/35/1597
f 1618/2/1619 1655/17/1620 1585/1/1621
f 1586/1/1622 1678/2/1623 1618/2/1619
f 1658/2/1624 1646/2/1589 1678/2/1623
f 1678/2/1623 1600/2/1591 1655/17/1620
f 1619/2/1625 1658/2/1624 1586/1/1622
f 1587/1/1626 1679/2/1627 1619/2/1625
f 1659/2/1627 1640/2/1575 1679/2/1627
f 1679/2/1627 1607/2/1577 1658/2/1624
f 1660/31/1628 1645/36/1587 1603/6/1586
f 1577/34/1615 1680/37/1629 1660/31/1628
f 1610/33/1615 1656/25/1616 1680/37/1629
f 1680/37/1629 1606/21/1588 1645/36/1587
f 1685/1/1630 1766/1/1631 1721/1/1632
f 1717/1/1631 1720/1/1633 1766/1/1631
f 1766/1/1631 1689/1/1634 1719/1/1631
f 1721/1/1632 1719/1/1631 1688/1/1635
f 1684/1/1636 1767/2/1637 1722/2/1638
f 1716/2/1639 1721/2/1632 1767/2/1637
f 1767/2/1637 1688/1/1635 1718/2/1640
f 1722/2/1638 1718/2/1640 1687/1/1641
f 1691/1/1642 1768/1/1643 1724/1/1643
f 1728/1/1644 1726/1/1643 1768/1/1643
f 1768/1/1643 1695/1/1645 1727/1/1643
f 1724/1/1643 1727/1/1643 1692/1/1643
f 1690/1/1646 1769/2/1647 1723/2/1648
f 1729/2/1649 1725/2/1650 1769/2/1647
f 1769/2/1647 1694/1/1651 1728/2/1644
f 1723/2/1648 1728/2/1644 1691/1/1642
f 1733/3/1652 1732/4/1653 1703/5/1654
f 1700/6/1655 1770/7/1656 1733/3/1652
f 1734/8/1657 1735/9/1658 1770/7/1656
f 1770/7/1656 1704/10/1659 1732/4/1653
f 1704/1/1659 1771/2/1660 1736/2/1661
f 1735/2/1658 1737/2/1662 1771/2/1660
f 1771/2/1660 1699/11/1663 1738/2/1664
f 1736/2/1661 1738/2/1664 1702/2/1665
f 1739/12/1666 1730/13/1667 1696/14/1668
f 1703/5/1654 1772/15/1669 1739/12/1666
f 1732/4/1653 1740/16/1670 1772/15/1669
f 1772/15/1669 1698/1/1671 1730/13/1667
f 1740/2/1670 1731/17/1672 1698/1/1671
f 1704/1/1659 1773/2/1673 1740/2/1670
f 1736/2/1661 1741/2/1674 1773/2/1673
f 1731/17/1672 1741/2/1674 1697/17/1675
f 1745/2/1676 1744/2/1677 1712/2/1678
f 1709/11/1679 1774/2/1680 1745/2/1676
f 1746/2/1681 1747/2/1682 1774/2/1680
f 1774/2/1680 1713/1/1683 1744/2/1677
f 1713/10/1683 1775/7/1684 1748/18/1685
f 1747/9/1682 1749/19/1686 1775/7/1684
f 1775/7/1684 1708/6/1687 1750/20/1688
f 1748/18/1685 1750/20/1688 1711/21/1689
f 1751/2/1690 1742/17/1691 1705/2/1692
f 1751/2/1690 1744/2/1677 1776/2/1693
f 1776/2/1693 1713/1/1683 1752/2/1694
f 1742/17/1691 1752/2/1694 1707/1/1695
f 1707/1/1695 1777/15/1696 1743/22/1697
f 1752/16/1694 1748/18/1685 1777/15/1696
f 1777/15/1696 1711/21/1689 1753/12/1698
f 1743/22/1697 1753/12/1698 1706/23/1699
f 1739/24/1666 1755/25/1700 1703/5/1654
f 1696/14/1668 1778/26/1701 1739/24/1666
f 1756/27/1702 1714/28/1703 1778/26/1701
f 1778/26/1701 1683/29/1704 1755/25/1700
f 1754/17/1705 1716/2/1706 1684/1/1707
f 1697/17/1675 1779/2/1708 1754/17/1705
f 1741/2/1674 1757/2/1709 1779/2/1708
f 1779/2/1708 1685/1/1710 1716/2/1706
f 1757/2/1709 1717/2/1711 1685/1/1710
f 1702/2/1665 1780/2/1712 1757/2/1709
f 1738/2/1664 1758/2/1712 1780/2/1712
f 1780/2/1712 1686/1/1713 1717/2/1711
f 1733/30/1652 1759/31/1714 1700/6/1655
f 1703/5/1654 1781/32/1715 1733/30/1652
f 1755/25/1700 1715/33/1716 1781/32/1715
f 1781/32/1715 1682/34/1717 1759/31/1714
f 1761/25/1718 1753/35/1698 1711/21/1689
f 1683/29/1704 1782/26/1719 1761/25/1718
f 1714/28/1703 1762/27/1720 1782/26/1719
f 1782/26/1719 1706/23/1699 1753/35/1698
f 1723/2/1721 1760/17/1722 1690/1/1723
f 1691/1/1724 1783/2/1725 1723/2/1721
f 1763/2/1726 1751/2/1690 1783/2/1725
f 1783/2/1725 1705/2/1692 1760/17/1722
f 1724/2/1727 1763/2/1726 1691/1/1724
f 1692/1/1727 1784/2/1728 1724/2/1727
f 1764/2/1729 1745/2/1676 1784/2/1728
f 1784/2/1728 1712/2/1678 1763/2/1726
f 1765/31/1730 1750/36/1688 1708/6/1687
f 1682/34/1717 1785/37/1731 1765/31/1730
f 1715/33/1716 1761/25/1718 1785/37/1731
f 1785/37/1731 1711/21/1689 1750/36/1688
f 1790/1/1732 1871/1/1733 1826/1/1734
f 1822/1/1735 1825/1/1735 1871/1/1733
f 1871/1/1733 1794/1/1733 1824/1/1733
f 1826/1/1734 1824/1/1733 1793/1/1736
f 1789/1/1737 1872/2/1738 1827/2/1739
f 1821/2/1740 1826/2/1734 1872/2/1738
f 1872/2/1738 1793/1/1736 1823/2/1741
f 1827/2/1739 1823/2/1741 1792/1/1742
f 1796/1/1743 1873/1/1744 1829/1/1745
f 1833/1/1746 1831/1/1747 1873/1/1744
f 1873/1/1744 1800/1/1744 1832/1/1745
f 1829/1/1745 1832/1/1745 1797/1/1745
f 1795/1/1748 1874/2/1749 1828/2/1750
f 1834/2/1751 1830/2/1752 1874/2/1749
f 1874/2/1749 1799/1/1753 1833/2/1746
f 1828/2/1750 1833/2/1746 1796/1/1743
f 1838/3/1754 1837/4/1755 1808/5/1756
f 1805/6/1757 1875/7/1758 1838/3/1754
f 1839/8/1759 1840/9/1760 1875/7/1758
f 1875/7/1758 1809/10/1761 1837/4/1755
f 1809/1/1761 1876/2/1762 1841/2/1763
f 1840/2/1760 1842/2/1764 1876/2/1762
f 1876/2/1762 1804/11/1765 1843/2/1766
f 1841/2/1763 1843/2/1766 1807/2/1767
f 1844/12/1768 1835/13/1769 1801/14/1770
f 1808/5/1756 1877/15/1771 1844/12/1768
f 1837/4/1755 1845/16/1772 1877/15/1771
f 1877/15/1771 1803/1/1773 1835/13/1769
f 1845/2/1772 1836/17/1774 1803/1/1773
f 1809/1/1761 1878/2/1775 1845/2/1772
f 1841/2/1763 1846/2/1776 1878/2/1775
f 1836/17/1774 1846/2/1776 1802/17/1777
f 1850/2/1778 1849/2/1779 1817/2/1780
f 1814/11/1781 1879/2/1782 1850/2/1778
f 1851/2/1783 1852/2/1784 1879/2/1782
f 1879/2/1782 1818/1/1785 1849/2/1779
f 1818/10/1785 1880/7/1786 1853/18/1787
f 1852/9/1784 1854/19/1788 1880/7/1786
f 1880/7/1786 1813/6/1789 1855/20/1790
f 1853/18/1787 1855/20/1790 1816/21/1791
f 1856/2/1792 1847/17/1793 1810/2/1794
f 1856/2/1792 1849/2/1779 1881/2/1795
f 1881/2/1795 1818/1/1785 1857/2/1796
f 1847/17/1793 1857/2/1796 1812/1/1797
f 1812/1/1797 1882/15/1798 1848/22/1799
f 1857/16/1796 1853/18/1787 1882/15/1798
f 1882/15/1798 1816/21/1791 1858/12/1800
f 1848/22/1799 1858/12/1800 1811/23/1801
f 1844/24/1768 1860/25/1802 1808/5/1756
f 1801/14/1770 1883/26/1803 1844/24/1768
f 1861/27/1804 1819/28/1805 1883/26/1803
f 1883/26/1803 1788/29/1806 1860/25/1802
f 1859/17/1807 1821/2/1808 1789/1/1808
f 1802/17/1777 1884/2/1809 1859/17/1807
f 1846/2/1776 1862/2/1810 1884/2/1809
f 1884/2/1809 1790/1/1811 1821/2/1808
f 1862/2/1810 1822/2/1812 1790/1/1811
f 1807/2/1767 1885/2/1813 1862/2/1810
f 1843/2/1766 1863/2/1813 1885/2/1813
f 1885/2/1813 1791/1/1814 1822/2/1812
f 1838/30/1754 1864/31/1815 1805/6/1757
f 1808/5/1756 1886/32/1816 1838/30/1754
f 1860/25/1802 1820/33/1817 1886/32/1816
f 1886/32/1816 1787/34/1817 1864/31/1815
f 1866/25/1818 1858/35/1800 1816/21/1791
f 1788/29/1806 1887/26/1819 1866/25/1818
f 1819/28/1805 1867/27/1820 1887/26/1819
f 1887/26/1819 1811/23/1801 1858/35/1800
f 1828/2/1821 1865/17/1822 1795/1/1821
f 1796/1/1823 1888/2/1824 1828/2/1821
f 1868/2/1825 1856/2/1792 1888/2/1824
f 1888/2/1824 1810/2/1794 1865/17/1822
f 1829/2/1826 1868/2/1825 1796/1/1823
f 1797/1/1827 1889/2/1828 1829/2/1826
f 1869/2/1828 1850/2/1778 1889/2/1828
f 1889/2/1828 1817/2/1780 1868/2/1825
f 1870/31/1829 1855/36/1790 1813/6/1789
f 1787/34/1817 1890/37/1830 1870/31/1829
f 1820/33/1817 1866/25/1818 1890/37/1830
f 1890/37/1830 1816/21/1791 1855/36/1790
f 1895/1/1831 1976/1/1832 1931/1/1833
f 1927/1/1834 1930/1/1832 1976/1/1832
f 1976/1/1832 1899/1/1832 1929/1/1832
f 1931/1/1833 1929/1/1832 1898/1/1835
f 1894/1/1836 1977/2/1837 1932/2/1838
f 1926/2/1839 1931/2/1833 1977/2/1837
f 1977/2/1837 1898/1/1835 1928/2/1840
f 1932/2/1838 1928/2/1840 1897/1/1841
f 1901/1/1842 1978/1/1843 1934/1/1844
f 1938/1/1845 1936/1/1843 1978/1/1843
f 1978/1/1843 1905/1/1843 1937/1/1843
f 1934/1/1844 1937/1/1843 1902/1/1843
f 1900/1/1846 1979/2/1847 1933/2/1848
f 1939/2/1849 1935/2/1850 1979/2/1847
f 1979/2/1847 1904/1/1851 1938/2/1845
f 1933/2/1848 1938/2/1845 1901/1/1842
f 1943/3/1852 1942/4/1853 1913/5/1854
f 1910/6/1855 1980/7/1856 1943/3/1852
f 1944/8/1857 1945/9/1858 1980/7/1856
f 1980/7/1856 1914/10/1859 1942/4/1853
f 1914/1/1859 1981/2/1860 1946/2/1861
f 1945/2/1858 1947/2/1862 1981/2/1860
f 1981/2/1860 1909/11/1863 1948/2/1864
f 1946/2/1861 1948/2/1864 1912/2/1865
f 1949/12/1866 1940/13/1867 1906/14/1868
f 1913/5/1854 1982/15/1869 1949/12/1866
f 1942/4/1853 1950/16/1870 1982/15/1869
f 1982/15/1869 1908/1/1871 1940/13/1867
f 1950/2/1870 1941/17/1872 1908/1/1871
f 1914/1/1859 1983/2/1873 1950/2/1870
f 1946/2/1861 1951/2/1874 1983/2/1873
f 1941/17/1872 1951/2/1874 1907/17/1875
f 1955/2/1876 1954/2/1877 1922/2/1878
f 1919/11/1879 1984/2/1880 1955/2/1876
f 1956/2/1881 1957/2/1882 1984/2/1880
f 1984/2/1880 1923/1/1883 1954/2/1877
f 1923/10/1883 1985/7/1884 1958/18/1885
f 1957/9/1882 1959/19/1886 1985/7/1884
f 1985/7/1884 1918/6/1887 1960/20/1888
f 1958/18/1885 1960/20/1888 1921/21/1889
f 1961/2/1890 1952/17/1891 1915/2/1892
f 1961/2/1890 1954/2/1877 1986/2/1893
f 1986/2/1893 1923/1/1883 1962/2/1894
f 1952/17/1891 1962/2/1894 1917/1/1895
f 1917/1/1895 1987/15/1896 1953/22/1897
f 1962/16/1894 1958/18/1885 1987/15/1896
f 1987/15/1896 1921/21/1889 1963/12/1898
f 1953/22/1897 1963/12/1898 1916/23/1899
f 1949/24/1866 1965/25/1900 1913/5/1854
f 1906/14/1868 1988/26/1901 1949/24/1866
f 1966/27/1902 1924/28/1903 1988/26/1901
f 1988/26/1901 1893/29/1904 1965/25/1900
f 1964/17/1905 1926/2/1906 1894/1/1907
f 1907/17/1875 1989/2/1908 1964/17/1905
f 1951/2/1874 1967/2/1909 1989/2/1908
f 1989/2/1908 1895/1/1910 1926/2/1906
f 1967/2/1909 1927/2/1911 1895/1/1910
f 1912/2/1865 1990/2/1912 1967/2/1909
f 1948/2/1864 1968/2/1912 1990/2/1912
f 1990/2/1912 1896/1/1911 1927/2/1911
f 1943/30/1852 1969/31/1913 1910/6/1855
f 1913/5/1854 1991/32/1914 1943/30/1852
f 1965/25/1900 1925/33/1915 1991/32/1914
f 1991/32/1914 1892/34/1915 1969/31/1913
f 1971/25/1916 1963/35/1898 1921/21/1889
f 1893/29/1904 1992/26/1917 1971/25/1916
f 1924/28/1903 1972/27/1918 1992/26/1917
f 1992/26/1917 1916/23/1899 1963/35/1898
f 1933/2/1919 1970/17/1920 1900/1/1921
f 1901/1/1922 1993/2/1923 1933/2/1919
f 1973/2/1924 1961/2/1890 1993/2/1923
f 1993/2/1923 1915/2/1892 1970/17/1920
f 1934/2/1925 1973/2/1924 1901/1/1922
f 1902/1/1926 1994/2/1927 1934/2/1925
f 1974/2/1927 1955/2/1876 1994/2/1927
f 1994/2/1927 1922/2/1878 1973/2/1924
f 1975/31/1928 1960/36/1888 1918/6/1887
f 1892/34/1915 1995/37/1929 1975/31/1928
f 1925/33/1915 1971/25/1916 1995/37/1929
f 1995/37/1929 1921/21/1889 1960/36/1888
f 2000/1/1930 2081/1/1931 2036/1/1932
f 2032/1/1931 2035/1/1933 2081/1/1931
f 2081/1/1931 2004/1/1933 2034/1/1933
f 2036/1/1932 2034/1/1933 2003/1/1934
f 1999/1/1935 2082/2/1936 2037/2/1937
f 2031/2/1938 2036/2/1932 2082/2/1936
f 2082/2/1936 2003/1/1934 2033/2/1939
f 2037/2/1937 2033/2/1939 2002/1/1940
f 2006/1/1941 2083/1/1942 2039/1/1943
f 2043/1/1944 2041/1/1942 2083/1/1942
f 2083/1/1942 2010/1/1945 2042/1/1946
f 2039/1/1943 2042/1/1946 2007/1/1945
f 2005/1/1947 2084/2/1948 2038/2/1949
f 2044/2/1950 2040/2/1951 2084/2/1948
f 2084/2/1948 2009/1/1952 2043/2/1944
f 2038/2/1949 2043/2/1944 2006/1/1941
f 2048/3/1953 2047/4/1954 2018/5/1955
f 2015/6/1956 2085/7/1957 2048/3/1953
f 2049/8/1958 2050/9/1959 2085/7/1957
f 2085/7/1957 2019/10/1960 2047/4/1954
f 2019/1/1960 2086/2/1961 2051/2/1962
f 2050/2/1959 2052/2/1963 2086/2/1961
f 2086/2/1961 2014/11/1964 2053/2/1965
f 2051/2/1962 2053/2/1965 2017/2/1966
f 2054/12/1967 2045/13/1968 2011/14/1969
f 2018/5/1955 2087/15/1970 2054/12/1967
f 2047/4/1954 2055/16/1971 2087/15/1970
f 2087/15/1970 2013/1/1972 2045/13/1968
f 2055/2/1971 2046/17/1973 2013/1/1972
f 2019/1/1960 2088/2/1974 2055/2/1971
f 2051/2/1962 2056/2/1975 2088/2/1974
f 2046/17/1973 2056/2/1975 2012/17/1976
f 2060/2/1977 2059/2/1978 2027/2/1979
f 2024/11/1980 2089/2/1981 2060/2/1977
f 2061/2/1982 2062/2/1983 2089/2/1981
f 2089/2/1981 2028/1/1984 2059/2/1978
f 2028/10/1984 2090/7/1985 2063/18/1986
f 2062/9/1983 2064/19/1987 2090/7/1985
f 2090/7/1985 2023/6/1988 2065/20/1989
f 2063/18/1986 2065/20/1989 2026/21/1990
f 2066/2/1991 2057/17/1992 2020/2/1993
f 2066/2/1991 2059/2/1978 2091/2/1994
f 2091/2/1994 2028/1/1984 2067/2/1995
f 2057/17/1992 2067/2/1995 2022/1/1996
f 2022/1/1996 2092/15/1997 2058/22/1998
f 2067/16/1995 2063/18/1986 2092/15/1997
f 2092/15/1997 2026/21/1990 2068/12/1999
f 2058/22/1998 2068/12/1999 2021/23/2000
f 2054/24/1967 2070/25/2001 2018/5/1955
f 2011/14/1969 2093/26/2002 2054/24/1967
f 2071/27/2003 2029/28/2004 2093/26/2002
f 2093/26/2002 1998/29/2005 2070/25/2001
f 2069/17/2006 2031/2/2007 1999/1/2008
f 2012/17/1976 2094/2/2009 2069/17/2006
f 2056/2/1975 2072/2/2010 2094/2/2009
f 2094/2/2009 2000/1/2011 2031/2/2007
f 2072/2/2010 2032/2/2012 2000/1/2011
f 2017/2/1966 2095/2/2013 2072/2/2010
f 2053/2/1965 2073/2/2013 2095/2/2013
f 2095/2/2013 2001/1/2012 2032/2/2012
f 2048/30/1953 2074/31/2014 2015/6/1956
f 2018/5/1955 2096/32/2015 2048/30/1953
f 2070/25/2001 2030/33/2016 2096/32/2015
f 2096/32/2015 1997/34/2016 2074/31/2014
f 2076/25/2017 2068/35/1999 2026/21/1990
f 1998/29/2005 2097/26/2018 2076/25/2017
f 2029/28/2004 2077/27/2019 2097/26/2018
f 2097/26/2018 2021/23/2000 2068/35/1999
f 2038/2/2020 2075/17/2021 2005/1/2022
f 2006/1/2023 2098/2/2024 2038/2/2020
f 2078/2/2025 2066/2/1991 2098/2/2024
f 2098/2/2024 2020/2/1993 2075/17/2021
f 2039/2/2026 2078/2/2025 2006/1/2023
f 2007/1/2026 2099/2/2027 2039/2/2026
f 2079/2/2028 2060/2/1977 2099/2/2027
f 2099/2/2027 2027/2/1979 2078/2/2025
f 2080/31/2029 2065/36/1989 2023/6/1988
f 1997/34/2016 2100/37/2030 2080/31/2029
f 2030/33/2016 2076/25/2017 2100/37/2030
f 2100/37/2030 2026/21/1990 2065/36/1989
f 2105/1/2031 2186/1/2032 2141/1/2033
f 2137/1/2032 2140/1/2034 2186/1/2032
f 2186/1/2032 2109/1/2032 2139/1/2035
f 2141/1/2033 2139/1/2035 2108/1/2036
f 2104/1/2037 2187/2/2038 2142/2/2039
f 2136/2/2040 2141/2/2033 2187/2/2038
f 2187/2/2038 2108/1/2036 2138/2/2041
f 2142/2/2039 2138/2/2041 2107/1/2042
f 2111/1/2043 2188/1/2044 2144/1/2044
f 2148/1/2045 2146/1/2046 2188/1/2044
f 2188/1/2044 2115/1/2047 2147/1/2044
f 2144/1/2044 2147/1/2044 2112/1/2048
f 2110/1/2049 2189/2/2050 2143/2/2051
f 2149/2/2052 2145/2/2053 2189/2/2050
f 2189/2/2050 2114/1/2054 2148/2/2045
f 2143/2/2051 2148/2/2045 2111/1/2043
f 2153/3/2055 2152/4/2056 2123/5/2057
f 2120/6/2058 2190/7/2059 2153/3/2055
f 2154/8/2060 2155/9/2061 2190/7/2059
f 2190/7/2059 2124/10/2062 2152/4/2056
f 2124/1/2062 2191/2/2063 2156/2/2064
f 2155/2/2061 2157/2/2065 2191/2/2063
f 2191/2/2063 2119/11/2066 2158/2/2067
f 2156/2/2064 2158/2/2067 2122/2/2068
f 2159/12/2069 2150/13/2070 2116/14/2071
f 2123/5/2057 2192/15/2072 2159/12/2069
f 2152/4/2056 2160/16/2073 2192/15/2072
f 2192/15/2072 2118/1/2074 2150/13/2070
f 2160/2/2073 2151/17/2075 2118/1/2074
f 2124/1/2062 2193/2/2076 2160/2/2073
f 2156/2/2064 2161/2/2077 2193/2/2076
f 2151/17/2075 2161/2/2077 2117/17/2078
f 2165/2/2079 2164/2/2080 2132/2/2081
f 2129/11/2082 2194/2/2083 2165/2/2079
f 2166/2/2084 2167/2/2085 2194/2/2083
f 2194/2/2083 2133/1/2086 2164/2/2080
f 2133/10/2086 2195/7/2087 2168/18/2088
f 2167/9/2085 2169/19/2089 2195/7/2087
f 2195/7/2087 2128/6/2090 2170/20/2091
f 2168/18/2088 2170/20/2091 2131/21/2092
f 2171/2/2093 2162/17/2094 2125/2/2095
f 2171/2/2093 2164/2/2080 2196/2/2096
f 2196/2/2096 2133/1/2086 2172/2/2097
f 2162/17/2094 2172/2/2097 2127/1/2098
f 2127/1/2098 2197/15/2099 2163/22/2100
f 2172/16/2097 2168/18/2088 2197/15/2099
f 2197/15/2099 2131/21/2092 2173/12/2101
f 2163/22/2100 2173/12/2101 2126/23/2102
f 2159/24/2069 2175/25/2103 2123/5/2057
f 2116/14/2071 2198/26/2104 2159/24/2069
f 2176/27/2105 2134/28/2106 2198/26/2104
f 2198/26/2104 2103/29/2107 2175/25/2103
f 2174/17/2108 2136/2/2109 2104/1/2110
f 2117/17/2078 2199/2/2111 2174/17/2108
f 2161/2/2077 2177/2/2112 2199/2/2111
f 2199/2/2111 2105/1/2113 2136/2/2109
f 2177/2/2112 2137/2/2114 2105/1/2113
f 2122/2/2068 2200/2/2115 2177/2/2112
f 2158/2/2067 2178/2/2115 2200/2/2115
f 2200/2/2115 2106/1/2114 2137/2/2114
f 2153/30/2055 2179/31/2116 2120/6/2058
f 2123/5/2057 2201/32/2117 2153/30/2055
f 2175/25/2103 2135/33/2118 2201/32/2117
f 2201/32/2117 2102/34/2118 2179/31/2116
f 2181/25/2119 2173/35/2101 2131/21/2092
f 2103/29/2107 2202/26/2120 2181/25/2119
f 2134/28/2106 2182/27/2121 2202/26/2120
f 2202/26/2120 2126/23/2102 2173/35/2101
f 2143/2/2122 2180/17/2123 2110/1/2124
f 2111/1/2125 2203/2/2126 2143/2/2122
f 2183/2/2127 2171/2/2093 2203/2/2126
f 2203/2/2126 2125/2/2095 2180/17/2123
f 2144/2/2128 2183/2/2127 2111/1/2125
f 2112/1/2128 2204/2/2129 2144/2/2128
f 2184/2/2130 2165/2/2079 2204/2/2129
f 2204/2/2129 2132/2/2081 2183/2/2127
f 2185/31/2131 2170/36/2091 2128/6/2090
f 2102/34/2118 2205/37/2132 2185/31/2131
f 2135/33/2118 2181/25/2119 2205/37/2132
f 2205/37/2132 2131/21/2092 2170/36/2091
f 2210/1/2133 2291/1/2134 2246/1/2135
f 2242/1/2134 2245/1/2134 2291/1/2134
f 2291/1/2134 2214/1/2136 2244/1/2134
f 2246/1/2135 2244/1/2134 2213/1/2137
f 2209/1/2138 2292/2/2139 2247/2/2140
f 2241/2/2141 2246/2/2135 2292/2/2139
f 2292/2/2139 2213/1/2137 2243/2/2142
f 2247/2/2140 2243/2/2142 2212/1/2143
f 2216/1/2144 2293/1/2145 2249/1/2146
f 2253/1/2147 2251/1/2145 2293/1/2145
f 2293/1/2145 2220/1/2148 2252/1/2149
f 2249/1/2146 2252/1/2149 2217/1/2150
f 2215/1/2151 2294/2/2152 2248/2/2153
f 2254/2/2154 2250/2/2155 2294/2/2152
f 2294/2/2152 2219/1/2156 2253/2/2147
f 2248/2/2153 2253/2/2147 2216/1/2144
f 2258/3/2157 2257/4/2158 2228/5/2159
f 2225/6/2160 2295/7/2161 2258/3/2157
f 2259/8/2162 2260/9/2163 2295/7/2161
f 2295/7/2161 2229/10/2164 2257/4/2158
f 2229/1/2164 2296/2/2165 2261/2/2166
f 2260/2/2163 2262/2/2167 2296/2/2165
f 2296/2/2165 2224/11/2168 2263/2/2169
f 2261/2/2166 2263/2/2169 2227/2/2170
f 2264/12/2171 2255/13/2172 2221/14/2173
f 2228/5/2159 2297/15/2174 2264/12/2171
f 2257/4/2158 2265/16/2175 2297/15/2174
f 2297/15/2174 2223/1/2176 2255/13/2172
f 2265/2/2175 2256/17/2177 2223/1/2176
f 2229/1/2164 2298/2/2178 2265/2/2175
f 2261/2/2166 2266/2/2179 2298/2/2178
f 2256/17/2177 2266/2/2179 2222/17/2180
f 2270/2/2181 2269/2/2182 2237/2/2183
f 2234/11/2184 2299/2/2185 2270/2/2181
f 2271/2/2186 2272/2/2187 2299/2/2185
f 2299/2/2185 2238/1/2188 2269/2/2182
f 2238/10/2188 2300/7/2189 2273/18/2190
f 2272/9/2187 2274/19/2191 2300/7/2189
f 2300/7/2189 2233/6/2192 2275/20/2193
f 2273/18/2190 2275/20/2193 2236/21/2194
f 2276/2/2195 2267/17/2196 2230/2/2197
f 2276/2/2195 2269/2/2182 2301/2/2198
f 2301/2/2198 2238/1/2188 2277/2/2199
f 2267/17/2196 2277/2/2199 2232/1/2200
f 2232/1/2200 2302/15/2201 2268/22/2202
f 2277/16/2199 2273/18/2190 2302/15/2201
f 2302/15/2201 2236/21/2194 2278/12/2203
f 2268/22/2202 2278/12/2203 2231/23/2204
f 2264/24/2171 2280/25/2205 2228/5/2159
f 2221/14/2173 2303/26/2206 2264/24/2171
f 2281/27/2207 2239/28/2208 2303/26/2206
f 2303/26/2206 2208/29/2209 2280/25/2205
f 2279/17/2210 2241/2/2211 2209/1/2212
f 2222/17/2180 2304/2/2213 2279/17/2210
f 2266/2/2179 2282/2/2214 2304/2/2213
f 2304/2/2213 2210/1/2215 2241/2/2211
f 2282/2/2214 2242/2/2216 2210/1/2215
f 2227/2/2170 2305/2/2217 2282/2/2214
f 2263/2/2169 2283/2/2217 2305/2/2217
f 2305/2/2217 2211/1/2216 2242/2/2216
f 2258/30/2157 2284/31/2218 2225/6/2160
f 2228/5/2159 2306/32/2219 2258/30/2157
f 2280/25/2205 2240/33/2220 2306/32/2219
f 2306/32/2219 2207/34/2220 2284/31/2218
f 2286/25/2221 2278/35/2203 2236/21/2194
f 2208/29/2209 2307/26/2222 2286/25/2221
f 2239/28/2208 2287/27/2223 2307/26/2222
f 2307/26/2222 2231/23/2204 2278/35/2203
f 2248/2/2224 2285/17/2225 2215/1/2226
f 2216/1/2227 2308/2/2228 2248/2/2224
f 2288/2/2229 2276/2/2195 2308/2/2228
f 2308/2/2228 2230/2/2197 2285/17/2225
f 2249/2/2230 2288/2/2229 2216/1/2227
f 2217/1/2231 2309/2/2232 2249/2/2230
f 2289/2/2232 2270/2/2181 2309/2/2232
f 2309/2/2232 2237/2/2183 2288/2/2229
f 2290/31/2233 2275/36/2193 2233/6/2192
f 2207/34/2220 2310/37/2234 2290/31/2233
f 2240/33/2220 2286/25/2221 2310/37/2234
f 2310/37/2234 2236/21/2194 2275/36/2193
f 2315/1/2235 2396/1/2236 2351/1/2237
f 2347/1/2238 2350/1/2236 2396/1/2236
f 2396/1/2236 2319/1/2239 2349/1/2239
f 2351/1/2237 2349/1/2239 2318/1/2240
f 2314/1/2241 2397/2/2242 2352/2/2243
f 2346/2/2244 2351/2/2237 2397/2/2242
f 2397/2/2242 2318/1/2240 2348/2/2245
f 2352/2/2243 2348/2/2245 2317/1/2246
f 2321/1/2247 2398/1/2248 2354/1/2248
f 2358/1/2249 2356/1/2250 2398/1/2248
f 2398/1/2248 2325/1/2248 2357/1/2248
f 2354/1/2248 2357/1/2248 2322/1/2248
f 2320/1/2251 2399/2/2252 2353/2/2253
f 2359/2/2254 2355/2/2255 2399/2/2252
f 2399/2/2252 2324/1/2256 2358/2/2249
f 2353/2/2253 2358/2/2249 2321/1/2247
f 2363/3/2257 2362/4/2258 2333/5/2259
f 2330/6/2260 2400/7/2261 2363/3/2257
f 2364/8/2262 2365/9/2263 2400/7/2261
f 2400/7/2261 2334/10/2264 2362/4/2258
f 2334/1/2264 2401/2/2265 2366/2/2266
f 2365/2/2263 2367/2/2267 2401/2/2265
f 2401/2/2265 2329/11/2268 2368/2/2269
f 2366/2/2266 2368/2/2269 2332/2/2270
f 2369/12/2271 2360/13/2272 2326/14/2273
f 2333/5/2259 2402/15/2274 2369/12/2271
f 2362/4/2258 2370/16/2275 2402/15/2274
f 2402/15/2274 2328/1/2276 2360/13/2272
f 2370/2/2275 2361/17/2277 2328/1/2276
f 2334/1/2264 2403/2/2278 2370/2/2275
f 2366/2/2266 2371/2/2279 2403/2/2278
f 2361/17/2277 2371/2/2279 2327/17/2280
f 2375/2/2281 2374/2/2282 2342/2/2283
f 2339/11/2284 2404/2/2285 2375/2/2281
f 2376/2/2286 2377/2/2287 2404/2/2285
f 2404/2/2285 2343/1/2288 2374/2/2282
f 2343/10/2288 2405/7/2289 2378/18/2290
f 2377/9/2287 2379/19/2291 2405/7/2289
f 2405/7/2289 2338/6/2292 2380/20/2293
f 2378/18/2290 2380/20/2293 2341/21/2294
f 2381/2/2295 2372/17/2296 2335/2/2297
f 2381/2/2295 2374/2/2282 2406/2/2298
f 2406/2/2298 2343/1/2288 2382/2/2299
f 2372/17/2296 2382/2/2299 2337/1/2300
f 2337/1/2300 2407/15/2301 2373/22/2302
f 2382/16/2299 2378/18/2290 2407/15/2301
f 2407/15/2301 2341/21/2294 2383/12/2303
f 2373/22/2302 2383/12/2303 2336/23/2304
f 2369/24/2271 2385/25/2305 2333/5/2259
f 2326/14/2273 2408/26/2306 2369/24/2271
f 2386/27/2307 2344/28/2308 2408/26/2306
f 2408/26/2306 2313/29/2309 2385/25/2305
f 2384/17/2310 2346/2/2311 2314/1/2312
f 2327/17/2280 2409/2/2313 2384/17/2310
f 2371/2/2279 2387/2/2314 2409/2/2313
f 2409/2/2313 2315/1/2315 2346/2/2311
f 2387/2/2314 2347/2/2316 2315/1/2315
f 2332/2/2270 2410/2/2317 2387/2/2314
f 2368/2/2269 2388/2/2318 2410/2/2317
f 2410/2/2317 2316/1/2319 2347/2/2316
f 2363/30/2257 2389/31/2320 2330/6/2260
f 2333/5/2259 2411/32/2321 2363/30/2257
f 2385/25/2305 2345/33/2322 2411/32/2321
f 2411/32/2321 2312/34/2322 2389/31/2320
f 2391/25/2323 2383/35/2303 2341/21/2294
f 2313/29/2309 2412/26/2324 2391/25/2323
f 2344/28/2308 2392/27/2325 2412/26/2324
f 2412/26/2324 2336/23/2304 2383/35/2303
f 2353/2/2326 2390/17/2327 2320/1/2328
f 2321/1/2329 2413/2/2330 2353/2/2326
f 2393/2/2331 2381/2/2295 2413/2/2330
f 2413/2/2330 2335/2/2297 2390/17/2327
f 2354/2/2332 2393/2/2331 2321/1/2329
f 2322/1/2333 2414/2/2334 2354/2/2332
f 2394/2/2335 2375/2/2281 2414/2/2334
f 2414/2/2334 2342/2/2283 2393/2/2331
f 2395/31/2336 2380/36/2293 2338/6/2292
f 2312/34/2322 2415/37/2337 2395/31/2336
f 2345/33/2322 2391/25/2323 2415/37/2337
f 2415/37/2337 2341/21/2294 2380/36/2293
f 2420/1/2338 2501/1/2339 2456/1/2340
f 2452/1/2341 2455/1/2339 2501/1/2339
f 2501/1/2339 2424/1/2339 2454/1/2339
f 2456/1/2340 2454/1/2339 2423/1/2342
f 2419/1/2343 2502/2/2344 2457/2/2345
f 2451/2/2346 2456/2/2340 2502/2/2344
f 2502/2/2344 2423/1/2342 2453/2/2347
f 2457/2/2345 2453/2/2347 2422/1/2348
f 2426/1/2349 2503/1/2350 2459/1/2350
f 2463/1/2351 2461/1/2350 2503/1/2350
f 2503/1/2350 2430/1/2352 2462/1/2352
f 2459/1/2350 2462/1/2352 2427/1/2352
f 2425/1/2353 2504/2/2354 2458/2/2355
f 2464/2/2356 2460/2/2357 2504/2/2354
f 2504/2/2354 2429/1/2358 2463/2/2351
f 2458/2/2355 2463/2/2351 2426/1/2349
f 2468/3/2359 2467/4/2360 2438/5/2361
f 2435/6/2362 2505/7/2363 2468/3/2359
f 2469/8/2364 2470/9/2365 2505/7/2363
f 2505/7/2363 2439/10/2366 2467/4/2360
f 2439/1/2366 2506/2/2367 2471/2/2368
f 2470/2/2365 2472/2/2369 2506/2/2367
f 2506/2/2367 2434/11/2370 2473/2/2371
f 2471/2/2368 2473/2/2371 2437/2/2372
f 2474/12/2373 2465/13/2374 2431/14/2375
f 2438/5/2361 2507/15/2376 2474/12/2373
f 2467/4/2360 2475/16/2377 2507/15/2376
f 2507/15/2376 2433/1/2378 2465/13/2374
f 2475/2/2377 2466/17/2379 2433/1/2378
f 2439/1/2366 2508/2/2380 2475/2/2377
f 2471/2/2368 2476/2/2381 2508/2/2380
f 2466/17/2379 2476/2/2381 2432/17/2382
f 2480/2/2383 2479/2/2384 2447/2/2385
f 2444/11/2386 2509/2/2387 2480/2/2383
f 2481/2/2388 2482/2/2389 2509/2/2387
f 2509/2/2387 2448/1/2390 2479/2/2384
f 2448/10/2390 2510/7/2391 2483/18/2392
f 2482/9/2389 2484/19/2393 2510/7/2391
f 2510/7/2391 2443/6/2394 2485/20/2395
f 2483/18/2392 2485/20/2395 2446/21/2396
f 2486/2/2397 2477/17/2398 2440/2/2399
f 2486/2/2397 2479/2/2384 2511/2/2400
f 2511/2/2400 2448/1/2390 2487/2/2401
f 2477/17/2398 2487/2/2401 2442/1/2402
f 2442/1/2402 2512/15/2403 2478/22/2404
f 2487/16/2401 2483/18/2392 2512/15/2403
f 2512/15/2403 2446/21/2396 2488/12/2405
f 2478/22/2404 2488/12/2405 2441/23/2406
f 2474/24/2373 2490/25/2407 2438/5/2361
f 2431/14/2375 2513/26/2408 2474/24/2373
f 2491/27/2409 2449/28/2410 2513/26/2408
f 2513/26/2408 2418/29/2411 2490/25/2407
f 2489/17/2412 2451/2/2413 2419/1/2414
f 2432/17/2382 2514/2/2415 2489/17/2412
f 2476/2/2381 2492/2/2416 2514/2/2415
f 2514/2/2415 2420/1/2417 2451/2/2413
f 2492/2/2416 2452/2/2418 2420/1/2417
f 2437/2/2372 2515/2/2419 2492/2/2416
f 2473/2/2371 2493/2/2420 2515/2/2419
f 2515/2/2419 2421/1/2421 2452/2/2418
f 2468/30/2359 2494/31/2422 2435/6/2362
f 2438/5/2361 2516/32/2423 2468/30/2359
f 2490/25/2407 2450/33/2424 2516/32/2423
f 2516/32/2423 2417/34/2424 2494/31/2422
f 2496/25/2425 2488/35/2405 2446/21/2396
f 2418/29/2411 2517/26/2426 2496/25/2425
f 2449/28/2410 2497/27/2427 2517/26/2426
f 2517/26/2426 2441/23/2406 2488/35/2405
f 2458/2/2428 2495/17/2429 2425/1/2430
f 2426/1/2431 2518/2/2432 2458/2/2428
f 2498/2/2433 2486/2/2397 2518/2/2432
f 2518/2/2432 2440/2/2399 2495/17/2429
f 2459/2/2434 2498/2/2433 2426/1/2431
f 2427/1/2435 2519/2/2436 2459/2/2434
f 2499/2/2436 2480/2/2383 2519/2/2436
f 2519/2/2436 2447/2/2385 2498/2/2433
f 2500/31/2437 2485/36/2395 2443/6/2394
f 2417/34/2424 2520/37/2438 2500/31/2437
f 2450/33/2424 2496/25/2425 2520/37/2438
f 2520/37/2438 2446/21/2396 2485/36/2395
f 2525/1/2439 2606/1/2440 2561/1/2441
f 2557/1/2440 2560/1/2442 2606/1/2440
f 2606/1/2440 2529/1/2440 2559/1/2440
f 2561/1/2441 2559/1/2440 2528/1/2443
f 2524/1/2444 2607/2/2445 2562/2/2446
f 2556/2/2447 2561/2/2441 2607/2/2445
f 2607/2/2445 2528/1/2443 2558/2/2448
f 2562/2/2446 2558/2/2448 2527/1/2449
f 2531/1/2450 2608/1/2451 2564/1/2452
f 2568/1/2453 2566/1/2454 2608/1/2451
f 2608/1/2451 2535/1/2455 2567/1/2455
f 2564/1/2452 2567/1/2455 2532/1/2456
f 2530/1/2457 2609/2/2458 2563/2/2459
f 2569/2/2460 2565/2/2461 2609/2/2458
f 2609/2/2458 2534/1/2462 2568/2/2453
f 2563/2/2459 2568/2/2453 2531/1/2450
f 2573/3/2463 2572/4/2464 2543/5/2465
f 2540/6/2466 2610/7/2467 2573/3/2463
f 2574/8/2468 2575/9/2469 2610/7/2467
f 2610/7/2467 2544/10/2470 2572/4/2464
f 2544/1/2470 2611/2/2471 2576/2/2472
f 2575/2/2469 2577/2/2473 2611/2/2471
f 2611/2/2471 2539/11/2474 2578/2/2475
f 2576/2/2472 2578/2/2475 2542/2/2476
f 2579/12/2477 2570/13/2478 2536/14/2479
f 2543/5/2465 2612/15/2480 2579/12/2477
f 2572/4/2464 2580/16/2481 2612/15/2480
f 2612/15/2480 2538/1/2482 2570/13/2478
f 2580/2/2481 2571/17/2483 2538/1/2482
f 2544/1/2470 2613/2/2484 2580/2/2481
f 2576/2/2472 2581/2/2485 2613/2/2484
f 2571/17/2483 2581/2/2485 2537/17/2486
f 2585/2/2487 2584/2/2488 2552/2/2489
f 2549/11/2490 2614/2/2491 2585/2/2487
f 2586/2/2492 2587/2/2493 2614/2/2491
f 2614/2/2491 2553/1/2494 2584/2/2488
f 2553/10/2494 2615/7/2495 2588/18/2496
f 2587/9/2493 2589/19/2497 2615/7/2495
f 2615/7/2495 2548/6/2498 2590/20/2499
f 2588/18/2496 2590/20/2499 2551/21/2500
f 2591/2/2501 2582/17/2502 2545/2/2503
f 2591/2/2501 2584/2/2488 2616/2/2504
f 2616/2/2504 2553/1/2494 2592/2/2505
f 2582/17/2502 2592/2/2505 2547/1/2506
f 2547/1/2506 2617/15/2507 2583/22/2508
f 2592/16/2505 2588/18/2496 2617/15/2507
f 2617/15/2507 2551/21/2500 2593/12/2509
f 2583/22/2508 2593/12/2509 2546/23/2510
f 2579/24/2477 2595/25/2511 2543/5/2465
f 2536/14/2479 2618/26/2512 2579/24/2477
f 2596/27/2513 2554/28/2514 2618/26/2512
f 2618/26/2512 2523/29/2515 2595/25/2511
f 2594/17/2516 2556/2/2517 2524/1/2518
f 2537/17/2486 2619/2/2519 2594/17/2516
f 2581/2/2485 2597/2/2520 2619/2/2519
f 2619/2/2519 2525/1/2521 2556/2/2517
f 2597/2/2520 2557/2/2522 2525/1/2521
f 2542/2/2476 2620/2/2523 2597/2/2520
f 2578/2/2475 2598/2/2524 2620/2/2523
f 2620/2/2523 2526/1/2525 2557/2/2522
f 2573/30/2463 2599/31/2526 2540/6/2466
f 2543/5/2465 2621/32/2527 2573/30/2463
f 2595/25/2511 2555/33/2528 2621/32/2527
f 2621/32/2527 2522/34/2528 2599/31/2526
f 2601/25/2529 2593/35/2509 2551/21/2500
f 2523/29/2515 2622/26/2530 2601/25/2529
f 2554/28/2514 2602/27/2531 2622/26/2530
f 2622/26/2530 2546/23/2510 2593/35/2509
f 2563/2/2532 2600/17/2533 2530/1/2534
f 2531/1/2535 2623/2/2536 2563/2/2532
f 2603/2/2537 2591/2/2501 2623/2/2536
f 2623/2/2536 2545/2/2503 2600/17/2533
f 2564/2/2538 2603/2/2537 2531/1/2535
f 2532/1/2539 2624/2/2540 2564/2/2538
f 2604/2/2540 2585/2/2487 2624/2/2540
f 2624/2/2540 2552/2/2489 2603/2/2537
f 2605/31/2541 2590/36/2499 2548/6/2498
f 2522/34/2528 2625/37/2542 2605/31/2541
f 2555/33/2528 2601/25/2529 2625/37/2542
f 2625/37/2542 2551/21/2500 2590/36/2499
f 2630/1/2543 2711/1/2544 2666/1/2545
f 2662/1/2546 2665/1/2546 2711/1/2544
f 2711/1/2544 2634/1/2547 2664/1/2548
f 2666/1/2545 2664/1/2548 2633/1/2549
f 2629/1/2550 2712/2/2551 2667/2/2552
f 2661/2/2553 2666/2/2545 2712/2/2551
f 2712/2/2551 2633/1/2549 2663/2/2554
f 2667/2/2552 2663/2/2554 2632/1/2555
f 2636/1/2556 2713/1/2557 2669/1/2557
f 2673/1/2558 2671/1/2557 2713/1/2557
f 2713/1/2557 2640/1/2557 2672/1/2559
f 2669/1/2557 2672/1/2559 2637/1/2560
f 2635/1/2561 2714/2/2562 2668/2/2563
f 2674/2/2564 2670/2/2565 2714/2/2562
f 2714/2/2562 2639/1/2566 2673/2/2558
f 2668/2/2563 2673/2/2558 2636/1/2556
f 2678/3/2567 2677/4/2568 2648/5/2569
f 2645/6/2570 2715/7/2571 2678/3/2567
f 2679/8/2572 2680/9/2573 2715/7/2571
f 2715/7/2571 2649/10/2574 2677/4/2568
f 2649/1/2574 2716/2/2575 2681/2/2576
f 2680/2/2573 2682/2/2577 2716/2/2575
f 2716/2/2575 2644/11/2578 2683/2/2579
f 2681/2/2576 2683/2/2579 2647/2/2580
f 2684/12/2581 2675/13/2582 2641/14/2583
f 2648/5/2569 2717/15/2584 2684/12/2581
f 2677/4/2568 2685/16/2585 2717/15/2584
f 2717/15/2584 2643/1/2586 2675/13/2582
f 2685/2/2585 2676/17/2587 2643/1/2586
f 2649/1/2574 2718/2/2588 2685/2/2585
f 2681/2/2576 2686/2/2589 2718/2/2588
f 2676/17/2587 2686/2/2589 2642/17/2590
f 2690/2/2591 2689/2/2592 2657/2/2593
f 2654/11/2594 2719/2/2595 2690/2/2591
f 2691/2/2596 2692/2/2597 2719/2/2595
f 2719/2/2595 2658/1/2598 2689/2/2592
f 2658/10/2598 2720/7/2599 2693/18/2600
f 2692/9/2597 2694/19/2601 2720/7/2599
f 2720/7/2599 2653/6/2602 2695/20/2603
f 2693/18/2600 2695/20/2603 2656/21/2604
f 2696/2/2605 2687/17/2606 2650/2/2607
f 2696/2/2605 2689/2/2592 2721/2/2608
f 2721/2/2608 2658/1/2598 2697/2/2609
f 2687/17/2606 2697/2/2609 2652/1/2610
f 2652/1/2610 2722/15/2611 2688/22/2612
f 2697/16/2609 2693/18/2600 2722/15/2611
f 2722/15/2611 2656/21/2604 2698/12/2613
f 2688/22/2612 2698/12/2613 2651/23/2614
f 2684/24/2581 2700/25/2615 2648/5/2569
f 2641/14/2583 2723/26/2616 2684/24/2581
f 2701/27/2617 2659/28/2618 2723/26/2616
f 2723/26/2616 2628/29/2619 2700/25/2615
f 2699/17/2620 2661/2/2621 2629/1/2622
f 2642/17/2590 2724/2/2623 2699/17/2620
f 2686/2/2589 2702/2/2624 2724/2/2623
f 2724/2/2623 2630/1/2625 2661/2/2621
f 2702/2/2624 2662/2/2626 2630/1/2625
f 2647/2/2580 2725/2/2627 2702/2/2624
f 2683/2/2579 2703/2/2628 2725/2/2627
f 2725/2/2627 2631/1/2629 2662/2/2626
f 2678/30/2567 2704/31/2630 2645/6/2570
f 2648/5/2569 2726/32/2631 2678/30/2567
f 2700/25/2615 2660/33/2632 2726/32/2631
f 2726/32/2631 2627/34/2633 2704/31/2630
f 2706/25/2634 2698/35/2613 2656/21/2604
f 2628/29/2619 2727/26/2635 2706/25/2634
f 2659/28/2618 2707/27/2636 2727/26/2635
f 2727/26/2635 2651/23/2614 2698/35/2613
f 2668/2/2637 2705/17/2638 2635/1/2639
f 2636/1/2640 2728/2/2641 2668/2/2637
f 2708/2/2642 2696/2/2605 2728/2/2641
f 2728/2/2641 2650/2/2607 2705/17/2638
f 2669/2/2643 2708/2/2642 2636/1/2640
f 2637/1/2644 2729/2/2645 2669/2/2643
f 2709/2/2646 2690/2/2591 2729/2/2645
f 2729/2/2645 2657/2/2593 2708/2/2642
f 2710/31/2647 2695/36/2603 2653/6/2602
f 2627/34/2633 2730/37/2648 2710/31/2647
f 2660/33/2632 2706/25/2634 2730/37/2648
f 2730/37/2648 2656/21/2604 2695/36/2603
f 2735/1/2649 2816/1/2650 2771/1/2651
f 2767/1/2650 2770/1/2650 2816/1/2650
f 2816/1/2650 2739/1/2650 2769/1/2650
f 2771/1/2651 2769/1/2650 2738/1/2652
f 2734/1/2653 2817/2/2654 2772/2/2655
f 2766/2/2656 2771/2/2651 2817/2/2654
f 2817/2/2654 2738/1/2652 2768/2/2657
f 2772/2/2655 2768/2/2657 2737/1/2658
f 2741/1/2659 2818/1/2660 2774/1/2661
f 2778/1/2662 2776/1/2663 2818/1/2660
f 2818/1/2660 2745/1/2664 2777/1/2660
f 2774/1/2661 2777/1/2660 2742/1/2660
f 2740/1/2665 2819/2/2666 2773/2/2667
f 2779/2/2668 2775/2/2669 2819/2/2666
f 2819/2/2666 2744/1/2670 2778/2/2662
f 2773/2/2667 2778/2/2662 2741/1/2659
f 2783/3/2671 2782/4/2672 2753/5/2673
f 2750/6/2674 2820/7/2675 2783/3/2671
f 2784/8/2676 2785/9/2677 2820/7/2675
f 2820/7/2675 2754/10/2678 2782/4/2672
f 2754/1/2678 2821/2/2679 2786/2/2680
f 2785/2/2677 2787/2/2681 2821/2/2679
f 2821/2/2679 2749/11/2682 2788/2/2683
f 2786/2/2680 2788/2/2683 2752/2/2684
f 2789/12/2685 2780/13/2686 2746/14/2687
f 2753/5/2673 2822/15/2688 2789/12/2685
f 2782/4/2672 2790/16/2689 2822/15/2688
f 2822/15/2688 2748/1/2690 2780/13/2686
f 2790/2/2689 2781/17/2691 2748/1/2690
f 2754/1/2678 2823/2/2692 2790/2/2689
f 2786/2/2680 2791/2/2693 2823/2/2692
f 2781/17/2691 2791/2/2693 2747/17/2694
f 2795/2/2695 2794/2/2696 2762/2/2697
f 2759/11/2698 2824/2/2699 2795/2/2695
f 2796/2/2700 2797/2/2701 2824/2/2699
f 2824/2/2699 2763/1/2702 2794/2/2696
f 2763/10/2702 2825/7/2703 2798/18/2704
f 2797/9/2701 2799/19/2705 2825/7/2703
f 2825/7/2703 2758/6/2706 2800/20/2707
f 2798/18/2704 2800/20/2707 2761/21/2708
f 2801/2/2709 2792/17/2710 2755/2/2711
f 2801/2/2709 2794/2/2696 2826/2/2712
f 2826/2/2712 2763/1/2702 2802/2/2713
f 2792/17/2710 2802/2/2713 2757/1/2714
f 2757/1/2714 2827/15/2715 2793/22/2716
f 2802/16/2713 2798/18/2704 2827/15/2715
f 2827/15/2715 2761/21/2708 2803/12/2717
f 2793/22/2716 2803/12/2717 2756/23/2718
f 2789/24/2685 2805/25/2719 2753/5/2673
f 2746/14/2687 2828/26/2720 2789/24/2685
f 2806/27/2721 2764/28/2722 2828/26/2720
f 2828/26/2720 2733/29/2723 2805/25/2719
f 2804/17/2724 2766/2/2725 2734/1/2726
f 2747/17/2694 2829/2/2727 2804/17/2724
f 2791/2/2693 2807/2/2728 2829/2/2727
f 2829/2/2727 2735/1/2729 2766/2/2725
f 2807/2/2728 2767/2/2730 2735/1/2729
f 2752/2/2684 2830/2/2731 2807/2/2728
f 2788/2/2683 2808/2/2732 2830/2/2731
f 2830/2/2731 2736/1/2733 2767/2/2730
f 2783/30/2671 2809/31/2734 2750/6/2674
f 2753/5/2673 2831/32/2735 2783/30/2671
f 2805/25/2719 2765/33/2736 2831/32/2735
f 2831/32/2735 2732/34/2736 2809/31/2734
f 2811/25/2737 2803/35/2717 2761/21/2708
f 2733/29/2723 2832/26/2738 2811/25/2737
f 2764/28/2722 2812/27/2739 2832/26/2738
f 2832/26/2738 2756/23/2718 2803/35/2717
f 2773/2/2740 2810/17/2741 2740/1/2742
f 2741/1/2743 2833/2/2744 2773/2/2740
f 2813/2/2745 2801/2/2709 2833/2/2744
f 2833/2/2744 2755/2/2711 2810/17/2741
f 2774/2/2746 2813/2/2745 2741/1/2743
f 2742/1/2746 2834/2/2747 2774/2/2746
f 2814/2/2747 2795/2/2695 2834/2/2747
f 2834/2/2747 2762/2/2697 2813/2/2745
f 2815/31/2748 2800/36/2707 2758/6/2706
f 2732/34/2736 2835/37/2749 2815/31/2748
f 2765/33/2736 2811/25/2737 2835/37/2749
f 2835/37/2749 2761/21/2708 2800/36/2707
f 2840/1/2750 2921/1/2751 2876/1/2752
f 2872/1/2751 2875/1/2751 2921/1/2751
f 2921/1/2751 2844/1/2751 2874/1/2751
f 2876/1/2752 2874/1/2751 2843/1/2753
f 2839/1/2754 2922/2/2755 2877/2/2756
f 2871/2/2757 2876/2/2752 2922/2/2755
f 2922/2/2755 2843/1/2753 2873/2/2758
f 2877/2/2756 2873/2/2758 2842/1/2759
f 2846/1/2760 2923/1/2761 2879/1/2761
f 2883/1/2762 2881/1/2763 2923/1/2761
f 2923/1/2761 2850/1/2761 2882/1/2763
f 2879/1/2761 2882/1/2763 2847/1/2764
f 2845/1/2765 2924/2/2766 2878/2/2767
f 2884/2/2768 2880/2/2769 2924/2/2766
f 2924/2/2766 2849/1/2770 2883/2/2762
f 2878/2/2767 2883/2/2762 2846/1/2760
f 2888/3/2771 2887/4/2772 2858/5/2773
f 2855/6/2774 2925/7/2775 2888/3/2771
f 2889/8/2776 2890/9/2777 2925/7/2775
f 2925/7/2775 2859/10/2778 2887/4/2772
f 2859/1/2778 2926/2/2779 2891/2/2780
f 2890/2/2777 2892/2/2781 2926/2/2779
f 2926/2/2779 2854/11/2782 2893/2/2783
f 2891/2/2780 2893/2/2783 2857/2/2784
f 2894/12/2785 2885/13/2786 2851/14/2787
f 2858/5/2773 2927/15/2788 2894/12/2785
f 2887/4/2772 2895/16/2789 2927/15/2788
f 2927/15/2788 2853/1/2790 2885/13/2786
f 2895/2/2789 2886/17/2791 2853/1/2790
f 2859/1/2778 2928/2/2792 2895/2/2789
f 2891/2/2780 2896/2/2793 2928/2/2792
f 2886/17/2791 2896/2/2793 2852/17/2794
f 2900/2/2795 2899/2/2796 2867/2/2797
f 2864/11/2798 2929/2/2799 2900/2/2795
f 2901/2/2800 2902/2/2801 2929/2/2799
f 2929/2/2799 2868/1/2802 2899/2/2796
f 2868/10/2802 2930/7/2803 2903/18/2804
f 2902/9/2801 2904/19/2805 2930/7/2803
f 2930/7/2803 2863/6/2806 2905/20/2807
f 2903/18/2804 2905/20/2807 2866/21/2808
f 2906/2/2809 2897/17/2810 2860/2/2811
f 2906/2/2809 2899/2/2796 2931/2/2812
f 2931/2/2812 2868/1/2802 2907/2/2813
f 2897/17/2810 2907/2/2813 2862/1/2814
f 2862/1/2814 2932/15/2815 2898/22/2816
f 2907/16/2813 2903/18/2804 2932/15/2815
f 2932/15/2815 2866/21/2808 2908/12/2817
f 2898/22/2816 2908/12/2817 2861/23/2818
f 2894/24/2785 2910/25/2819 2858/5/2773
f 2851/14/2787 2933/26/2820 2894/24/2785
f 2911/27/2821 2869/28/2822 2933/26/2820
f 2933/26/2820 2838/29/2823 2910/25/2819
f 2909/17/2824 2871/2/2825 2839/1/2826
f 2852/17/2794 2934/2/2827 2909/17/2824
f 2896/2/2793 2912/2/2828 2934/2/2827
f 2934/2/2827 2840/1/2829 2871/2/2825
f 2912/2/2828 2872/2/2830 2840/1/2829
f 2857/2/2784 2935/2/2831 2912/2/2828
f 2893/2/2783 2913/2/2832 2935/2/2831
f 2935/2/2831 2841/1/2833 2872/2/2830
f 2888/30/2771 2914/31/2834 2855/6/2774
f 2858/5/2773 2936/32/2835 2888/30/2771
f 2910/25/2819 2870/33/2836 2936/32/2835
f 2936/32/2835 2837/34/2836 2914/31/2834
f 2916/25/2837 2908/35/2817 2866/21/2808
f 2838/29/2823 2937/26/2838 2916/25/2837
f 2869/28/2822 2917/27/2839 2937/26/2838
f 2937/26/2838 2861/23/2818 2908/35/2817
f 2878/2/2840 2915/17/2841 2845/1/2842
f 2846/1/2843 2938/2/2844 2878/2/2840
f 2918/2/2845 2906/2/2809 2938/2/2844
f 2938/2/2844 2860/2/2811 2915/17/2841
f 2879/2/2846 2918/2/2845 2846/1/2843
f 2847/1/2847 2939/2/2848 2879/2/2846
f 2919/2/2848 2900/2/2795 2939/2/2848
f 2939/2/2848 2867/2/2797 2918/2/2845
f 2920/31/2849 2905/36/2807 2863/6/2806
f 2837/34/2836 2940/37/2850 2920/31/2849
f 2870/33/2836 2916/25/2837 2940/37/2850
f 2940/37/2850 2866/21/2808 2905/36/2807
f 2945/1/2851 3026/1/2852 2981/1/2853
f 2977/1/2854 2980/1/2852 3026/1/2852
f 3026/1/2852 2949/1/2852 2979/1/2852
f 2981/1/2853 2979/1/2852 2948/1/2855
f 2944/1/2856 3027/2/2857 2982/2/2858
f 2976/2/2859 2981/2/2853 3027/2/2857
f 3027/2/2857 2948/1/2855 2978/2/2860
f 2982/2/2858 2978/2/2860 2947/1/2861
f 2951/1/2862 3028/1/2863 2984/1/2863
f 2988/1/2864 2986/1/2865 3028/1/2863
f 3028/1/2863 2955/1/2865 2987/1/2863
f 2984/1/2863 2987/1/2863 2952/1/2866
f 2950/1/2867 3029/2/2868 2983/2/2869
f 2989/2/2870 2985/2/2871 3029/2/2868
f 3029/2/2868 2954/1/2872 2988/2/2864
f 2983/2/2869 2988/2/2864 2951/1/2862
f 2993/3/2873 2992/4/2874 2963/5/2875
f 2960/6/2876 3030/7/2877 2993/3/2873
f 2994/8/2878 2995/9/2879 3030/7/2877
f 3030/7/2877 2964/10/2880 2992/4/2874
f 2964/1/2880 3031/2/2881 2996/2/2882
f 2995/2/2879 2997/2/2883 3031/2/2881
f 3031/2/2881 2959/11/2884 2998/2/2885
f 2996/2/2882 2998/2/2885 2962/2/2886
f 2999/12/2887 2990/13/2888 2956/14/2889
f 2963/5/2875 3032/15/2890 2999/12/2887
f 2992/4/2874 3000/16/2891 3032/15/2890
f 3032/15/2890 2958/1/2892 2990/13/2888
f 3000/2/2891 2991/17/2893 2958/1/2892
f 2964/1/2880 3033/2/2894 3000/2/2891
f 2996/2/2882 3001/2/2895 3033/2/2894
f 2991/17/2893 3001/2/2895 2957/17/2896
f 3005/2/2897 3004/2/2898 2972/2/2899
f 2969/11/2900 3034/2/2901 3005/2/2897
f 3006/2/2902 3007/2/2903 3034/2/2901
f 3034/2/2901 2973/1/2904 3004/2/2898
f 2973/10/2904 3035/7/2905 3008/18/2906
f 3007/9/2903 3009/19/2907 3035/7/2905
f 3035/7/2905 2968/6/2908 3010/20/2909
f 3008/18/2906 3010/20/2909 2971/21/2910
f 3011/2/2911 3002/17/2912 2965/2/2913
f 3011/2/2911 3004/2/2898 3036/2/2914
f 3036/2/2914 2973/1/2904 3012/2/2915
f 3002/17/2912 3012/2/2915 2967/1/2916
f 2967/1/2916 3037/15/2917 3003/22/2918
f 3012/16/2915 3008/18/2906 3037/15/2917
f 3037/15/2917 2971/21/2910 3013/12/2919
f 3003/22/2918 3013/12/2919 2966/23/2920
f 2999/24/2887 3015/25/2921 2963/5/2875
f 2956/14/2889 3038/26/2922 2999/24/2887
f 3016/27/2923 2974/28/2924 3038/26/2922
f 3038/26/2922 2943/29/2925 3015/25/2921
f 3014/17/2926 2976/2/2927 2944/1/2928
f 2957/17/2896 3039/2/2929 3014/17/2926
f 3001/2/2895 3017/2/2930 3039/2/2929
f 3039/2/2929 2945/1/2931 2976/2/2927
f 3017/2/2930 2977/2/2932 2945/1/2931
f 2962/2/2886 3040/2/2933 3017/2/2930
f 2998/2/2885 3018/2/2934 3040/2/2933
f 3040/2/2933 2946/1/2932 2977/2/2932
f 2993/30/2873 3019/31/2935 2960/6/2876
f 2963/5/2875 3041/32/2936 2993/30/2873
f 3015/25/2921 2975/33/2937 3041/32/2936
f 3041/32/2936 2942/34/2937 3019/31/2935
f 3021/25/2938 3013/35/2919 2971/21/2910
f 2943/29/2925 3042/26/2939 3021/25/2938
f 2974/28/2924 3022/27/2940 3042/26/2939
f 3042/26/2939 2966/23/2920 3013/35/2919
f 2983/2/2941 3020/17/2942 2950/1/2943
f 2951/1/2944 3043/2/2945 2983/2/2941
f 3023/2/2946 3011/2/2911 3043/2/2945
f 3043/2/2945 2965/2/2913 3020/17/2942
f 2984/2/2947 3023/2/2946 2951/1/2944
f 2952/1/2947 3044/2/2948 2984/2/2947
f 3024/2/2948 3005/2/2897 3044/2/2948
f 3044/2/2948 2972/2/2899 3023/2/2946
f 3025/31/2949 3010/36/2909 2968/6/2908
f 2942/34/2937 3045/37/2950 3025/31/2949
f 2975/33/2937 3021/25/2938 3045/37/2950
f 3045/37/2950 2971/21/2910 3010/36/2909
f 3050/1/2951 3131/1/2952 3086/1/2953
f 3082/1/2952 3085/1/2952 3131/1/2952
f 3131/1/2952 3054/1/2952 3084/1/2952
f 3086/1/2953 3084/1/2952 3053/1/2954
f 3049/1/2955 3132/2/2956 3087/2/2957
f 3081/2/2958 3086/2/2953 3132/2/2956
f 3132/2/2956 3053/1/2954 3083/2/2959
f 3087/2/2957 3083/2/2959 3052/1/2960
f 3056/1/2961 3133/1/2962 3089/1/2962
f 3093/1/2963 3091/1/2964 3133/1/2962
f 3133/1/2962 3060/1/2962 3092/1/2964
f 3089/1/2962 3092/1/2964 3057/1/2964
f 3055/1/2965 3134/2/2966 3088/2/2967
f 3094/2/2968 3090/2/2969 3134/2/2966
f 3134/2/2966 3059/1/2970 3093/2/2963
f 3088/2/2967 3093/2/2963 3056/1/2961
f 3098/3/2971 3097/4/2972 3068/5/2973
f 3065/6/2974 3135/7/2975 3098/3/2971
f 3099/8/2976 3100/9/2977 3135/7/2975
f 3135/7/2975 3069/10/2978 3097/4/2972
f 3069/1/2978 3136/2/2979 3101/2/2980
f 3100/2/2977 3102/2/2981 3136/2/2979
f 3136/2/2979 3064/11/2982 3103/2/2983
f 3101/2/2980 3103/2/2983 3067/2/2984
f 3104/12/2985 3095/13/2986 3061/14/2987
f 3068/5/2973 3137/15/2988 3104/12/2985
f 3097/4/2972 3105/16/2989 3137/15/2988
f 3137/15/2988 3063/1/2990 3095/13/2986
f 3105/2/2989 3096/17/2991 3063/1/2990
f 3069/1/2978 3138/2/2992 3105/2/2989
f 3101/2/2980 3106/2/2993 3138/2/2992
f 3096/17/2991 3106/2/2993 3062/17/2994
f 3110/2/2995 3109/2/2996 3077/2/2997
f 3074/11/2998 3139/2/2999 3110/2/2995
f 3111/2/3000 3112/2/3001 3139/2/2999
f 3139/2/2999 3078/1/3002 3109/2/2996
f 3078/10/3002 3140/7/3003 3113/18/3004
f 3112/9/3001 3114/19/3005 3140/7/3003
f 3140/7/3003 3073/6/3006 3115/20/3007
f 3113/18/3004 3115/20/3007 3076/21/3008
f 3116/2/3009 3107/17/3010 3070/2/3011
f 3116/2/3009 3109/2/2996 3141/2/3012
f 3141/2/3012 3078/1/3002 3117/2/3013
f 3107/17/3010 3117/2/3013 3072/1/3014
f 3072/1/3014 3142/15/3015 3108/22/3016
f 3117/16/3013 3113/18/3004 3142/15/3015
f 3142/15/3015 3076/21/3008 3118/12/3017
f 3108/22/3016 3118/12/3017 3071/23/3018
f 3104/24/2985 3120/25/3019 3068/5/2973
f 3061/14/2987 3143/26/3020 3104/24/2985
f 3121/27/3021 3079/28/3022 3143/26/3020
f 3143/26/3020 3048/29/3023 3120/25/3019
f 3119/17/3024 3081/2/3025 3049/1/3026
f 3062/17/2994 3144/2/3027 3119/17/3024
f 3106/2/2993 3122/2/3028 3144/2/3027
f 3144/2/3027 3050/1/3029 3081/2/3025
f 3122/2/3028 3082/2/3030 3050/1/3029
f 3067/2/2984 3145/2/3031 3122/2/3028
f 3103/2/2983 3123/2/3031 3145/2/3031
f 3145/2/3031 3051/1/3030 3082/2/3030
f 3098/30/2971 3124/31/3032 3065/6/2974
f 3068/5/2973 3146/32/3033 3098/30/2971
f 3120/25/3019 3080/33/3034 3146/32/3033
f 3146/32/3033 3047/34/3034 3124/31/3032
f 3126/25/3035 3118/35/3017 3076/21/3008
f 3048/29/3023 3147/26/3036 3126/25/3035
f 3079/28/3022 3127/27/3037 3147/26/3036
f 3147/26/3036 3071/23/3018 3118/35/3017
f 3088/2/3038 3125/17/3039 3055/1/3040
f 3056/1/3041 3148/2/3042 3088/2/3038
f 3128/2/3043 3116/2/3009 3148/2/3042
f 3148/2/3042 3070/2/3011 3125/17/3039
f 3089/2/3044 3128/2/3043 3056/1/3041
f 3057/1/3044 3149/2/3045 3089/2/3044
f 3129/2/3045 3110/2/2995 3149/2/3045
f 3149/2/3045 3077/2/2997 3128/2/3043
f 3130/31/3046 3115/36/3007 3073/6/3006
f 3047/34/3034 3150/37/3047 3130/31/3046
f 3080/33/3034 3126/25/3035 3150/37/3047
f 3150/37/3047 3076/21/3008 3115/36/3007
f 3155/1/3048 3236/1/3049 3191/1/3050
f 3187/1/3049 3190/1/3051 3236/1/3049
f 3236/1/3049 3159/1/3049 3189/1/3049
f 3191/1/3050 3189/1/3049 3158/1/3052
f 3154/1/3053 3237/2/3054 3192/2/3055
f 3186/2/3056 3191/2/3050 3237/2/3054
f 3237/2/3054 3158/1/3052 3188/2/3057
f 3192/2/3055 3188/2/3057 3157/1/3058
f 3161/1/3059 3238/1/3060 3194/1/3060
f 3198/1/3061 3196/1/3060 3238/1/3060
f 3238/1/3060 3165/1/3060 3197/1/3060
f 3194/1/3060 3197/1/3060 3162/1/3060
f 3160/1/3062 3239/2/3063 3193/2/3064
f 3199/2/3065 3195/2/3066 3239/2/3063
f 3239/2/3063 3164/1/3067 3198/2/3061
f 3193/2/3064 3198/2/3061 3161/1/3059
f 3203/3/3068 3202/4/3069 3173/5/3070
f 3170/6/3071 3240/7/3072 3203/3/3068
f 3204/8/3073 3205/9/3074 3240/7/3072
f 3240/7/3072 3174/10/3075 3202/4/3069
f 3174/1/3075 3241/2/3076 3206/2/3077
f 3205/2/3074 3207/2/3078 3241/2/3076
f 3241/2/3076 3169/11/3079 3208/2/3080
f 3206/2/3077 3208/2/3080 3172/2/3081
f 3209/12/3082 3200/13/3083 3166/14/3084
f 3173/5/3070 3242/15/3085 3209/12/3082
f 3202/4/3069 3210/16/3086 3242/15/3085
f 3242/15/3085 3168/1/3087 3200/13/3083
f 3210/2/3086 3201/17/3088 3168/1/3087
f 3174/1/3075 3243/2/3089 3210/2/3086
f 3206/2/3077 3211/2/3090 3243/2/3089
f 3201/17/3088 3211/2/3090 3167/17/3091
f 3215/2/3092 3214/2/3093 3182/2/3094
f 3179/11/3095 3244/2/3096 3215/2/3092
f 3216/2/3097 3217/2/3098 3244/2/3096
f 3244/2/3096 3183/1/3099 3214/2/3093
f 3183/10/3099 3245/7/3100 3218/18/3101
f 3217/9/3098 3219/19/3102 3245/7/3100
f 3245/7/3100 3178/6/3103 3220/20/3104
f 3218/18/3101 3220/20/3104 3181/21/3105
f 3221/2/3106 3212/17/3107 3175/2/3108
f 3221/2/3106 3214/2/3093 3246/2/3109
f 3246/2/3109 3183/1/3099 3222/2/3110
f 3212/17/3107 3222/2/3110 3177/1/3111
f 3177/1/3111 3247/15/3112 3213/22/3113
f 3222/16/3110 3218/18/3101 3247/15/3112
f 3247/15/3112 3181/21/3105 3223/12/3114
f 3213/22/3113 3223/12/3114 3176/23/3115
f 3209/24/3082 3225/25/3116 3173/5/3070
f 3166/14/3084 3248/26/3117 3209/24/3082
f 3226/27/3118 3184/28/3119 3248/26/3117
f 3248/26/3117 3153/29/3120 3225/25/3116
f 3224/17/3121 3186/2/3122 3154/1/3123
f 3167/17/3091 3249/2/3124 3224/17/3121
f 3211/2/3090 3227/2/3125 3249/2/3124
f 3249/2/3124 3155/1/3126 3186/2/3122
f 3227/2/3125 3187/2/3127 3155/1/3126
f 3172/2/3081 3250/2/3128 3227/2/3125
f 3208/2/3080 3228/2/3128 3250/2/3128
f 3250/2/3128 3156/1/3127 3187/2/3127
f 3203/30/3068 3229/31/3129 3170/6/3071
f 3173/5/3070 3251/32/3130 3203/30/3068
f 3225/25/3116 3185/33/3131 3251/32/3130
f 3251/32/3130 3152/34/3131 3229/31/3129
f 3231/25/3132 3223/35/3114 3181/21/3105
f 3153/29/3120 3252/26/3133 3231/25/3132
f 3184/28/3119 3232/27/3134 3252/26/3133
f 3252/26/3133 3176/23/3115 3223/35/3114
f 3193/2/3135 3230/17/3136 3160/1/3135
f 3161/1/3137 3253/2/3138 3193/2/3135
f 3233/2/3139 3221/2/3106 3253/2/3138
f 3253/2/3138 3175/2/3108 3230/17/3136
f 3194/2/3140 3233/2/3139 3161/1/3137
f 3162/1/3141 3254/2/3142 3194/2/3140
f 3234/2/3143 3215/2/3092 3254/2/3142
f 3254/2/3142 3182/2/3094 3233/2/3139
f 3235/31/3144 3220/36/3104 3178/6/3103
f 3152/34/3131 3255/37/3145 3235/31/3144
f 3185/33/3131 3231/25/3132 3255/37/3145
f 3255/37/3145 3181/21/3105 3220/36/3104
f 3260/1/3146 3341/1/3147 3296/1/3148
f 3292/1/3147 3295/1/3149 3341/1/3147
f 3341/1/3147 3264/1/3147 3294/1/3147
f 3296/1/3148 3294/1/3147 3263/1/3150
f 3259/1/3151 3342/2/3152 3297/2/3153
f 3291/2/3154 3296/2/3148 3342/2/3152
f 3342/2/3152 3263/1/3150 3293/2/3155
f 3297/2/3153 3293/2/3155 3262/1/3156
f 3266/1/3157 3343/1/3158 3299/1/3158
f 3303/1/3159 3301/1/3158 3343/1/3158
f 3343/1/3158 3270/1/3158 3302/1/3160
f 3299/1/3158 3302/1/3160 3267/1/3160
f 3265/1/3161 3344/2/3162 3298/2/3163
f 3304/2/3164 3300/2/3165 3344/2/3162
f 3344/2/3162 3269/1/3166 3303/2/3159
f 3298/2/3163 3303/2/3159 3266/1/3157
f 3308/3/3167 3307/4/3168 3278/5/3169
f 3275/6/3170 3345/7/3171 3308/3/3167
f 3309/8/3172 3310/9/3173 3345/7/3171
f 3345/7/3171 3279/10/3174 3307/4/3168
f 3279/1/3174 3346/2/3175 3311/2/3176
f 3310/2/3173 3312/2/3177 3346/2/3175
f 3346/2/3175 3274/11/3178 3313/2/3179
f 3311/2/3176 3313/2/3179 3277/2/3180
f 3314/12/3181 3305/13/3182 3271/14/3183
f 3278/5/3169 3347/15/3184 3314/12/3181
f 3307/4/3168 3315/16/3185 3347/15/3184
f 3347/15/3184 3273/1/3186 3305/13/3182
f 3315/2/3185 3306/17/3187 3273/1/3186
f 3279/1/3174 3348/2/3188 3315/2/3185
f 3311/2/3176 3316/2/3189 3348/2/3188
f 3306/17/3187 3316/2/3189 3272/17/3190
f 3320/2/3191 3319/2/3192 3287/2/3193
f 3284/11/3194 3349/2/3195 3320/2/3191
f 3321/2/3196 3322/2/3197 3349/2/3195
f 3349/2/3195 3288/1/3198 3319/2/3192
f 3288/10/3198 3350/7/3199 3323/18/3200
f 3322/9/3197 3324/19/3201 3350/7/3199
f 3350/7/3199 3283/6/3202 3325/20/3203
f 3323/18/3200 3325/20/3203 3286/21/3204
f 3326/2/3205 3317/17/3206 3280/2/3207
f 3326/2/3205 3319/2/3192 3351/2/3208
f 3351/2/3208 3288/1/3198 3327/2/3209
f 3317/17/3206 3327/2/3209 3282/1/3210
f 3282/1/3210 3352/15/3211 3318/22/3212
f 3327/16/3209 3323/18/3200 3352/15/3211
f 3352/15/3211 3286/21/3204 3328/12/3213
f 3318/22/3212 3328/12/3213 3281/23/3214
f 3314/24/3181 3330/25/3215 3278/5/3169
f 3271/14/3183 3353/26/3216 3314/24/3181
f 3331/27/3217 3289/28/3218 3353/26/3216
f 3353/26/3216 3258/29/3219 3330/25/3215
f 3329/17/3220 3291/2/3221 3259/1/3222
f 3272/17/3190 3354/2/3223 3329/17/3220
f 3316/2/3189 3332/2/3224 3354/2/3223
f 3354/2/3223 3260/1/3225 3291/2/3221
f 3332/2/3224 3292/2/3226 3260/1/3225
f 3277/2/3180 3355/2/3227 3332/2/3224
f 3313/2/3179 3333/2/3228 3355/2/3227
f 3355/2/3227 3261/1/3229 3292/2/3226
f 3308/30/3167 3334/31/3230 3275/6/3170
f 3278/5/3169 3356/32/3231 3308/30/3167
f 3330/25/3215 3290/33/3232 3356/32/3231
f 3356/32/3231 3257/34/3232 3334/31/3230
f 3336/25/3233 3328/35/3213 3286/21/3204
f 3258/29/3219 3357/26/3234 3336/25/3233
f 3289/28/3218 3337/27/3235 3357/26/3234
f 3357/26/3234 3281/23/3214 3328/35/3213
f 3298/2/3236 3335/17/3237 3265/1/3238
f 3266/1/3239 3358/2/3240 3298/2/3236
f 3338/2/3241 3326/2/3205 3358/2/3240
f 3358/2/3240 3280/2/3207 3335/17/3237
f 3299/2/3242 3338/2/3241 3266/1/3239
f 3267/1/3243 3359/2/3244 3299/2/3242
f 3339/2/3244 3320/2/3191 3359/2/3244
f 3359/2/3244 3287/2/3193 3338/2/3241
f 3340/31/3245 3325/36/3203 3283/6/3202
f 3257/34/3232 3360/37/3246 3340/31/3245
f 3290/33/3232 3336/25/3233 3360/37/3246
f 3360/37/3246 3286/21/3204 3325/36/3203
f 3365/1/3247 3446/1/3248 3401/1/3249
f 3397/1/3248 3400/1/3250 3446/1/3248
f 3446/1/3248 3369/1/3250 3399/1/3251
f 3401/1/3249 3399/1/3251 3368/1/3252
f 3364/1/3253 3447/2/3254 3402/2/3255
f 3396/2/3256 3401/2/3249 3447/2/3254
f 3447/2/3254 3368/1/3252 3398/2/3257
f 3402/2/3255 3398/2/3257 3367/1/3258
f 3371/1/3259 3448/1/3260 3404/1/3261
f 3408/1/3262 3406/1/3260 3448/1/3260
f 3448/1/3260 3375/1/3261 3407/1/3260
f 3404/1/3261 3407/1/3260 3372/1/3260
f 3370/1/3263 3449/2/3264 3403/2/3265
f 3409/2/3266 3405/2/3267 3449/2/3264
f 3449/2/3264 3374/1/3268 3408/2/3262
f 3403/2/3265 3408/2/3262 3371/1/3259
f 3413/3/3269 3412/4/3270 3383/5/3271
f 3380/6/3272 3450/7/3273 3413/3/3269
f 3414/8/3274 3415/9/3275 3450/7/3273
f 3450/7/3273 3384/10/3276 3412/4/3270
f 3384/1/3276 3451/2/3277 3416/2/3278
f 3415/2/3275 3417/2/3279 3451/2/3277
f 3451/2/3277 3379/11/3280 3418/2/3281
f 3416/2/3278 3418/2/3281 3382/2/3282
f 3419/12/3283 3410/13/3284 3376/14/3285
f 3383/5/3271 3452/15/3286 3419/12/3283
f 3412/4/3270 3420/16/3287 3452/15/3286
f 3452/15/3286 3378/1/3288 3410/13/3284
f 3420/2/3287 3411/17/3289 3378/1/3288
f 3384/1/3276 3453/2/3290 3420/2/3287
f 3416/2/3278 3421/2/3291 3453/2/3290
f 3411/17/3289 3421/2/3291 3377/17/3292
f 3425/2/3293 3424/2/3294 3392/2/3295
f 3389/11/3296 3454/2/3297 3425/2/3293
f 3426/2/3298 3427/2/3299 3454/2/3297
f 3454/2/3297 3393/1/3300 3424/2/3294
f 3393/10/3300 3455/7/3301 3428/18/3302
f 3427/9/3299 3429/19/3303 3455/7/3301
f 3455/7/3301 3388/6/3304 3430/20/3305
f 3428/18/3302 3430/20/3305 3391/21/3306
f 3431/2/3307 3422/17/3308 3385/2/3309
f 3431/2/3307 3424/2/3294 3456/2/3310
f 3456/2/3310 3393/1/3300 3432/2/3311
f 3422/17/3308 3432/2/3311 3387/1/3312
f 3387/1/3312 3457/15/3313 3423/22/3314
f 3432/16/3311 3428/18/3302 3457/15/3313
f 3457/15/3313 3391/21/3306 3433/12/3315
f 3423/22/3314 3433/12/3315 3386/23/3316
f 3419/24/3283 3435/25/3317 3383/5/3271
f 3376/14/3285 3458/26/3318 3419/24/3283
f 3436/27/3319 3394/28/3320 3458/26/3318
f 3458/26/3318 3363/29/3321 3435/25/3317
f 3434/17/3322 3396/2/3323 3364/1/3324
f 3377/17/3292 3459/2/3325 3434/17/3322
f 3421/2/3291 3437/2/3326 3459/2/3325
f 3459/2/3325 3365/1/3327 3396/2/3323
f 3437/2/3326 3397/2/3328 3365/1/3327
f 3382/2/3282 3460/2/3329 3437/2/3326
f 3418/2/3281 3438/2/3329 3460/2/3329
f 3460/2/3329 3366/1/3328 3397/2/3328
f 3413/30/3269 3439/31/3330 3380/6/3272
f 3383/5/3271 3461/32/3331 3413/30/3269
f 3435/25/3317 3395/33/3332 3461/32/3331
f 3461/32/3331 3362/34/3332 3439/31/3330
f 3441/25/3333 3433/35/3315 3391/21/3306
f 3363/29/3321 3462/26/3334 3441/25/3333
f 3394/28/3320 3442/27/3335 3462/26/3334
f 3462/26/3334 3386/23/3316 3433/35/3315
f 3403/2/3336 3440/17/3337 3370/1/3338
f 3371/1/3339 3463/2/3340 3403/2/3336
f 3443/2/3341 3431/2/3307 3463/2/3340
f 3463/2/3340 3385/2/3309 3440/17/3337
f 3404/2/3342 3443/2/3341 3371/1/3339
f 3372/1/3343 3464/2/3344 3404/2/3342
f 3444/2/3345 3425/2/3293 3464/2/3344
f 3464/2/3344 3392/2/3295 3443/2/3341
f 3445/31/3346 3430/36/3305 3388/6/3304
f 3362/34/3332 3465/37/3347 3445/31/3346
f 3395/33/3332 3441/25/3333 3465/37/3347
f 3465/37/3347 3391/21/3306 3430/36/3305
f 3470/1/3348 3551/1/3349 3506/1/3350
f 3502/1/3349 3505/1/3351 3551/1/3349
f 3551/1/3349 3474/1/3349 3504/1/3351
f 3506/1/3350 3504/1/3351 3473/1/3352
f 3469/1/3353 3552/2/3354 3507/2/3355
f 3501/2/3356 3506/2/3350 3552/2/3354
f 3552/2/3354 3473/1/3352 3503/2/3357
f 3507/2/3355 3503/2/3357 3472/1/3358
f 3476/1/3359 3553/1/3360 3509/1/3360
f 3513/1/3361 3511/1/3360 3553/1/3360
f 3553/1/3360 3480/1/3362 3512/1/3362
f 3509/1/3360 3512/1/3362 3477/1/3362
f 3475/1/3363 3554/2/3364 3508/2/3365
f 3514/2/3366 3510/2/3367 3554/2/3364
f 3554/2/3364 3479/1/3368 3513/2/3361
f 3508/2/3365 3513/2/3361 3476/1/3359
f 3518/3/3369 3517/4/3370 3488/5/3371
f 3485/6/3372 3555/7/3373 3518/3/3369
f 3519/8/3374 3520/9/3375 3555/7/3373
f 3555/7/3373 3489/10/3376 3517/4/3370
f 3489/1/3376 3556/2/3377 3521/2/3378
f 3520/2/3375 3522/2/3379 3556/2/3377
f 3556/2/3377 3484/11/3380 3523/2/3381
f 3521/2/3378 3523/2/3381 3487/2/3382
f 3524/12/3383 3515/13/3384 3481/14/3385
f 3488/5/3371 3557/15/3386 3524/12/3383
f 3517/4/3370 3525/16/3387 3557/15/3386
f 3557/15/3386 3483/1/3388 3515/13/3384
f 3525/2/3387 3516/17/3389 3483/1/3388
f 3489/1/3376 3558/2/3390 3525/2/3387
f 3521/2/3378 3526/2/3391 3558/2/3390
f 3516/17/3389 3526/2/3391 3482/17/3392
f 3530/2/3393 3529/2/3394 3497/2/3395
f 3494/11/3396 3559/2/3397 3530/2/3393
f 3531/2/3398 3532/2/3399 3559/2/3397
f 3559/2/3397 3498/1/3400 3529/2/3394
f 3498/10/3400 3560/7/3401 3533/18/3402
f 3532/9/3399 3534/19/3403 3560/7/3401
f 3560/7/3401 3493/6/3404 3535/20/3405
f 3533/18/3402 3535/20/3405 3496/21/3406
f 3536/2/3407 3527/17/3408 3490/2/3409
f 3536/2/3407 3529/2/3394 3561/2/3410
f 3561/2/3410 3498/1/3400 3537/2/3411
f 3527/17/3408 3537/2/3411 3492/1/3412
f 3492/1/3412 3562/15/3413 3528/22/3414
f 3537/16/3411 3533/18/3402 3562/15/3413
f 3562/15/3413 3496/21/3406 3538/12/3415
f 3528/22/3414 3538/12/3415 3491/23/3416
f 3524/24/3383 3540/25/3417 3488/5/3371
f 3481/14/3385 3563/26/3418 3524/24/3383
f 3541/27/3419 3499/28/3420 3563/26/3418
f 3563/26/3418 3468/29/3421 3540/25/3417
f 3539/17/3422 3501/2/3423 3469/1/3424
f 3482/17/3392 3564/2/3425 3539/17/3422
f 3526/2/3391 3542/2/3426 3564/2/3425
f 3564/2/3425 3470/1/3427 3501/2/3423
f 3542/2/3426 3502/2/3428 3470/1/3427
f 3487/2/3382 3565/2/3429 3542/2/3426
f 3523/2/3381 3543/2/3430 3565/2/3429
f 3565/2/3429 3471/1/3431 3502/2/3428
f 3518/30/3369 3544/31/3432 3485/6/3372
f 3488/5/3371 3566/32/3433 3518/30/3369
f 3540/25/3417 3500/33/3434 3566/32/3433
f 3566/32/3433 3467/34/3434 3544/31/3432
f 3546/25/3435 3538/35/3415 3496/21/3406
f 3468/29/3421 3567/26/3436 3546/25/3435
f 3499/28/3420 3547/27/3437 3567/26/3436
f 3567/26/3436 3491/23/3416 3538/35/3415
f 3508/2/3438 3545/17/3439 3475/1/3440
f 3476/1/3441 3568/2/3442 3508/2/3438
f 3548/2/3443 3536/2/3407 3568/2/3442
f 3568/2/3442 3490/2/3409 3545/17/3439
f 3509/2/3444 3548/2/3443 3476/1/3441
f 3477/1/3445 3569/2/3446 3509/2/3444
f 3549/2/3447 3530/2/3393 3569/2/3446
f 3569/2/3446 3497/2/3395 3548/2/3443
f 3550/31/3448 3535/36/3405 3493/6/3404
f 3467/34/3434 3570/37/3449 3550/31/3448
f 3500/33/3434 3546/25/3435 3570/37/3449
f 3570/37/3449 3496/21/3406 3535/36/3405
f 3575/1/3450 3656/1/3451 3611/1/3452
f 3607/1/3453 3610/1/3454 3656/1/3451
f 3656/1/3451 3579/1/3454 3609/1/3454
f 3611/1/3452 3609/1/3454 3578/1/3455
f 3574/1/3456 3657/2/3457 3612/2/3458
f 3606/2/3459 3611/2/3452 3657/2/3457
f 3657/2/3457 3578/1/3455 3608/2/3460
f 3612/2/3458 3608/2/3460 3577/1/3461
f 3581/1/3462 3658/1/3463 3614/1/3464
f 3618/1/3465 3616/1/3463 3658/1/3463
f 3658/1/3463 3585/1/3466 3617/1/3464
f 3614/1/3464 3617/1/3464 3582/1/3464
f 3580/1/3467 3659/2/3468 3613/2/3469
f 3619/2/3470 3615/2/3471 3659/2/3468
f 3659/2/3468 3584/1/3472 3618/2/3465
f 3613/2/3469 3618/2/3465 3581/1/3462
f 3623/3/3473 3622/4/3474 3593/5/3475
f 3590/6/3476 3660/7/3477 3623/3/3473
f 3624/8/3478 3625/9/3479 3660/7/3477
f 3660/7/3477 3594/10/3480 3622/4/3474
f 3594/1/3480 3661/2/3481 3626/2/3482
f 3625/2/3479 3627/2/3483 3661/2/3481
f 3661/2/3481 3589/11/3484 3628/2/3485
f 3626/2/3482 3628/2/3485 3592/2/3486
f 3629/12/3487 3620/13/3488 3586/14/3489
f 3593/5/3475 3662/15/3490 3629/12/3487
f 3622/4/3474 3630/16/3491 3662/15/3490
f 3662/15/3490 3588/1/3492 3620/13/3488
f 3630/2/3491 3621/17/3493 3588/1/3492
f 3594/1/3480 3663/2/3494 3630/2/3491
f 3626/2/3482 3631/2/3495 3663/2/3494
f 3621/17/3493 3631/2/3495 3587/17/3496
f 3635/2/3497 3634/2/3498 3602/2/3499
f 3599/11/3500 3664/2/3501 3635/2/3497
f 3636/2/3502 3637/2/3503 3664/2/3501
f 3664/2/3501 3603/1/3504 3634/2/3498
f 3603/10/3504 3665/7/3505 3638/18/3506
f 3637/9/3503 3639/19/3507 3665/7/3505
f 3665/7/3505 3598/6/3508 3640/20/3509
f 3638/18/3506 3640/20/3509 3601/21/3510
f 3641/2/3511 3632/17/3512 3595/2/3513
f 3641/2/3511 3634/2/3498 3666/2/3514
f 3666/2/3514 3603/1/3504 3642/2/3515
f 3632/17/3512 3642/2/3515 3597/1/3516
f 3597/1/3516 3667/15/3517 3633/22/3518
f 3642/16/3515 3638/18/3506 3667/15/3517
f 3667/15/3517 3601/21/3510 3643/12/3519
f 3633/22/3518 3643/12/3519 3596/23/3520
f 3629/24/3487 3645/25/3521 3593/5/3475
f 3586/14/3489 3668/26/3522 3629/24/3487
f 3646/27/3523 3604/28/3524 3668/26/3522
f 3668/26/3522 3573/29/3525 3645/25/3521
f 3644/17/3526 3606/2/3527 3574/1/3528
f 3587/17/3496 3669/2/3529 3644/17/3526
f 3631/2/3495 3647/2/3530 3669/2/3529
f 3669/2/3529 3575/1/3531 3606/2/3527
f 3647/2/3530 3607/2/3532 3575/1/3531
f 3592/2/3486 3670/2/3533 3647/2/3530
f 3628/2/3485 3648/2/3533 3670/2/3533
f 3670/2/3533 3576/1/3534 3607/2/3532
f 3623/30/3473 3649/31/3535 3590/6/3476
f 3593/5/3475 3671/32/3536 3623/30/3473
f 3645/25/3521 3605/33/3537 3671/32/3536
f 3671/32/3536 3572/34/3537 3649/31/3535
f 3651/25/3538 3643/35/3519 3601/21/3510
f 3573/29/3525 3672/26/3539 3651/25/3538
f 3604/28/3524 3652/27/3540 3672/26/3539
f 3672/26/3539 3596/23/3520 3643/35/3519
f 3613/2/3541 3650/17/3542 3580/1/3543
f 3581/1/3544 3673/2/3545 3613/2/3541
f 3653/2/3546 3641/2/3511 3673/2/3545
f 3673/2/3545 3595/2/3513 3650/17/3542
f 3614/2/3547 3653/2/3546 3581/1/3544
f 3582/1/3548 3674/2/3549 3614/2/3547
f 3654/2/3549 3635/2/3497 3674/2/3549
f 3674/2/3549 3602/2/3499 3653/2/3546
f 3655/31/3550 3640/36/3509 3598/6/3508
f 3572/34/3537 3675/37/3551 3655/31/3550
f 3605/33/3537 3651/25/3538 3675/37/3551
f 3675/37/3551 3601/21/3510 3640/36/3509
f 3680/1/3552 3761/1/3553 3716/1/3554
f 3712/1/3553 3715/1/3553 3761/1/3553
f 3761/1/3553 3684/1/3553 3714/1/3555
f 3716/1/3554 3714/1/3555 3683/1/3556
f 3679/1/3557 3762/2/3558 3717/2/3559
f 3711/2/3560 3716/2/3554 3762/2/3558
f 3762/2/3558 3683/1/3556 3713/2/3561
f 3717/2/3559 3713/2/3561 3682/1/3562
f 3686/1/3563 3763/1/3564 3719/1/3564
f 3723/1/3565 3721/1/3564 3763/1/3564
f 3763/1/3564 3690/1/3566 3722/1/3564
f 3719/1/3564 3722/1/3564 3687/1/3567
f 3685/1/3568 3764/2/3569 3718/2/3570
f 3724/2/3571 3720/2/3572 3764/2/3569
f 3764/2/3569 3689/1/3573 3723/2/3565
f 3718/2/3570 3723/2/3565 3686/1/3563
f 3728/3/3574 3727/4/3575 3698/5/3576
f 3695/6/3577 3765/7/3578 3728/3/3574
f 3729/8/3579 3730/9/3580 3765/7/3578
f 3765/7/3578 3699/10/3581 3727/4/3575
f 3699/1/3581 3766/2/3582 3731/2/3583
f 3730/2/3580 3732/2/3584 3766/2/3582
f 3766/2/3582 3694/11/3585 3733/2/3586
f 3731/2/3583 3733/2/3586 3697/2/3587
f 3734/12/3588 3725/13/3589 3691/14/3590
f 3698/5/3576 3767/15/3591 3734/12/3588
f 3727/4/3575 3735/16/3592 3767/15/3591
f 3767/15/3591 3693/1/3593 3725/13/3589
f 3735/2/3592 3726/17/3594 3693/1/3593
f 3699/1/3581 3768/2/3595 3735/2/3592
f 3731/2/3583 3736/2/3596 3768/2/3595
f 3726/17/3594 3736/2/3596 3692/17/3597
f 3740/2/3598 3739/2/3599 3707/2/3600
f 3704/11/3601 3769/2/3602 3740/2/3598
f 3741/2/3603 3742/2/3604 3769/2/3602
f 3769/2/3602 3708/1/3605 3739/2/3599
f 3708/10/3605 3770/7/3606 3743/18/3607
f 3742/9/3604 3744/19/3608 3770/7/3606
f 3770/7/3606 3703/6/3609 3745/20/3610
f 3743/18/3607 3745/20/3610 3706/21/3611
f 3746/2/3612 3737/17/3613 3700/2/3614
f 3746/2/3612 3739/2/3599 3771/2/3615
f 3771/2/3615 3708/1/3605 3747/2/3616
f 3737/17/3613 3747/2/3616 3702/1/3617
f 3702/1/3617 3772/15/3618 3738/22/3619
f 3747/16/3616 3743/18/3607 3772/15/3618
f 3772/15/3618 3706/21/3611 3748/12/3620
f 3738/22/3619 3748/12/3620 3701/23/3621
f 3734/24/3588 3750/25/3622 3698/5/3576
f 3691/14/3590 3773/26/3623 3734/24/3588
f 3751/27/3624 3709/28/3625 3773/26/3623
f 3773/26/3623 3678/29/3626 3750/25/3622
f 3749/17/3627 3711/2/3628 3679/1/3629
f 3692/17/3597 3774/2/3630 3749/17/3627
f 3736/2/3596 3752/2/3631 3774/2/3630
f 3774/2/3630 3680/1/3632 3711/2/3628
f 3752/2/3631 3712/2/3633 3680/1/3632
f 3697/2/3587 3775/2/3634 3752/2/3631
f 3733/2/3586 3753/2/3635 3775/2/3634
f 3775/2/3634 3681/1/3633 3712/2/3633
f 3728/30/3574 3754/31/3636 3695/6/3577
f 3698/5/3576 3776/32/3637 3728/30/3574
f 3750/25/3622 3710/33/3638 3776/32/3637
f 3776/32/3637 3677/34/3638 3754/31/3636
f 3756/25/3639 3748/35/3620 3706/21/3611
f 3678/29/3626 3777/26/3640 3756/25/3639
f 3709/28/3625 3757/27/3641 3777/26/3640
f 3777/26/3640 3701/23/3621 3748/35/3620
f 3718/2/3642 3755/17/3643 3685/1/3644
f 3686/1/3645 3778/2/3646 3718/2/3642
f 3758/2/3647 3746/2/3612 3778/2/3646
f 3778/2/3646 3700/2/3614 3755/17/3643
f 3719/2/3648 3758/2/3647 3686/1/3645
f 3687/1/3649 3779/2/3650 3719/2/3648
f 3759/2/3651 3740/2/3598 3779/2/3650
f 3779/2/3650 3707/2/3600 3758/2/3647
f 3760/31/3652 3745/36/3610 3703/6/3609
f 3677/34/3638 3780/37/3653 3760/31/3652
f 3710/33/3638 3756/25/3639 3780/37/3653
f 3780/37/3653 3706/21/3611 3745/36/3610
f 3785/1/3654 3866/1/3655 3821/1/3656
f 3817/1/3657 3820/1/3657 3866/1/3655
f 3866/1/3655 3789/1/3658 3819/1/3658
f 3821/1/3656 3819/1/3658 3788/1/3659
f 3784/1/3660 3867/2/3661 3822/2/3662
f 3816/2/3663 3821/2/3656 3867/2/3661
f 3867/2/3661 3788/1/3659 3818/2/3664
f 3822/2/3662 3818/2/3664 3787/1/3665
f 3791/1/3666 3868/1/3667 3824/1/3668
f 3828/1/3669 3826/1/3670 3868/1/3667
f 3868/1/3667 3795/1/3668 3827/1/3668
f 3824/1/3668 3827/1/3668 3792/1/3667
f 3790/1/3671 3869/2/3672 3823/2/3673
f 3829/2/3674 3825/2/3675 3869/2/3672
f 3869/2/3672 3794/1/3676 3828/2/3669
f 3823/2/3673 3828/2/3669 3791/1/3666
f 3833/3/3677 3832/4/3678 3803/5/3679
f 3800/6/3680 3870/7/3681 3833/3/3677
f 3834/8/3682 3835/9/3683 3870/7/3681
f 3870/7/3681 3804/10/3684 3832/4/3678
f 3804/1/3684 3871/2/3685 3836/2/3686
f 3835/2/3683 3837/2/3687 3871/2/3685
f 3871/2/3685 3799/11/3688 3838/2/3689
f 3836/2/3686 3838/2/3689 3802/2/3690
f 3839/12/3691 3830/13/3692 3796/14/3693
f 3803/5/3679 3872/15/3694 3839/12/3691
f 3832/4/3678 3840/16/3695 3872/15/3694
f 3872/15/3694 3798/1/3696 3830/13/3692
f 3840/2/3695 3831/17/3697 3798/1/3696
f 3804/1/3684 3873/2/3698 3840/2/3695
f 3836/2/3686 3841/2/3699 3873/2/3698
f 3831/17/3697 3841/2/3699 3797/17/3700
f 3845/2/3701 3844/2/3702 3812/2/3703
f 3809/11/3704 3874/2/3705 3845/2/3701
f 3846/2/3706 3847/2/3707 3874/2/3705
f 3874/2/3705 3813/1/3708 3844/2/3702
f 3813/10/3708 3875/7/3709 3848/18/3710
f 3847/9/3707 3849/19/3711 3875/7/3709
f 3875/7/3709 3808/6/3712 3850/20/3713
f 3848/18/3710 3850/20/3713 3811/21/3714
f 3851/2/3715 3842/17/3716 3805/2/3717
f 3851/2/3715 3844/2/3702 3876/2/3718
f 3876/2/3718 3813/1/3708 3852/2/3719
f 3842/17/3716 3852/2/3719 3807/1/3720
f 3807/1/3720 3877/15/3721 3843/22/3722
f 3852/16/3719 3848/18/3710 3877/15/3721
f 3877/15/3721 3811/21/3714 3853/12/3723
f 3843/22/3722 3853/12/3723 3806/23/3724
f 3839/24/3691 3855/25/3725 3803/5/3679
f 3796/14/3693 3878/26/3726 3839/24/3691
f 3856/27/3727 3814/28/3728 3878/26/3726
f 3878/26/3726 3783/29/3729 3855/25/3725
f 3854/17/3730 3816/2/3731 3784/1/3732
f 3797/17/3700 3879/2/3730 3854/17/3730
f 3841/2/3699 3857/2/3733 3879/2/3730
f 3879/2/3730 3785/1/3734 3816/2/3731
f 3857/2/3733 3817/2/3735 3785/1/3734
f 3802/2/3690 3880/2/3736 3857/2/3733
f 3838/2/3689 3858/2/3737 3880/2/3736
f 3880/2/3736 3786/1/3738 3817/2/3735
f 3833/30/3677 3859/31/3739 3800/6/3680
f 3803/5/3679 3881/32/3740 3833/30/3677
f 3855/25/3725 3815/33/3741 3881/32/3740
f 3881/32/3740 3782/34/3742 3859/31/3739
f 3861/25/3743 3853/35/3723 3811/21/3714
f 3783/29/3729 3882/26/3744 3861/25/3743
f 3814/28/3728 3862/27/3745 3882/26/3744
f 3882/26/3744 3806/23/3724 3853/35/3723
f 3823/2/3746 3860/17/3747 3790/1/3748
f 3791/1/3749 3883/2/3750 3823/2/3746
f 3863/2/3751 3851/2/3715 3883/2/3750
f 3883/2/3750 3805/2/3717 3860/17/3747
f 3824/2/3752 3863/2/3751 3791/1/3749
f 3792/1/3753 3884/2/3754 3824/2/3752
f 3864/2/3754 3845/2/3701 3884/2/3754
f 3884/2/3754 3812/2/3703 3863/2/3751
f 3865/31/3755 3850/36/3713 3808/6/3712
f 3782/34/3742 3885/37/3756 3865/31/3755
f 3815/33/3741 3861/25/3743 3885/37/3756
f 3885/37/3756 3811/21/3714 3850/36/3713
f 3890/1/3757 3971/1/3758 3926/1/3759
f 3922/1/3760 3925/1/3760 3971/1/3758
f 3971/1/3758 3894/1/3758 3924/1/3758
f 3926/1/3759 3924/1/3758 3893/1/3761
f 3889/1/3762 3972/2/3763 3927/2/3764
f 3921/2/3765 3926/2/3759 3972/2/3763
f 3972/2/3763 3893/1/3761 3923/2/3766
f 3927/2/3764 3923/2/3766 3892/1/3767
f 3896/1/3768 3973/1/3769 3929/1/3769
f 3933/1/3770 3931/1/3769 3973/1/3769
f 3973/1/3769 3900/1/3771 3932/1/3772
f 3929/1/3769 3932/1/3772 3897/1/3773
f 3895/1/3774 3974/2/3775 3928/2/3776
f 3934/2/3777 3930/2/3778 3974/2/3775
f 3974/2/3775 3899/1/3779 3933/2/3770
f 3928/2/3776 3933/2/3770 3896/1/3768
f 3938/3/3780 3937/4/3781 3908/5/3782
f 3905/6/3783 3975/7/3784 3938/3/3780
f 3939/8/3785 3940/9/3786 3975/7/3784
f 3975/7/3784 3909/10/3787 3937/4/3781
f 3909/1/3787 3976/2/3788 3941/2/3789
f 3940/2/3786 3942/2/3790 3976/2/3788
f 3976/2/3788 3904/11/3791 3943/2/3792
f 3941/2/3789 3943/2/3792 3907/2/3793
f 3944/12/3794 3935/13/3795 3901/14/3796
f 3908/5/3782 3977/15/3797 3944/12/3794
f 3937/4/3781 3945/16/3798 3977/15/3797
f 3977/15/3797 3903/1/3799 3935/13/3795
f 3945/2/3798 3936/17/3800 3903/1/3799
f 3909/1/3787 3978/2/3801 3945/2/3798
f 3941/2/3789 3946/2/3802 3978/2/3801
f 3936/17/3800 3946/2/3802 3902/17/3803
f 3950/2/3804 3949/2/3805 3917/2/3806
f 3914/11/3807 3979/2/3808 3950/2/3804
f 3951/2/3809 3952/2/3810 3979/2/3808
f 3979/2/3808 3918/1/3811 3949/2/3805
f 3918/10/3811 3980/7/3812 3953/18/3813
f 3952/9/3810 3954/19/3814 3980/7/3812
f 3980/7/3812 3913/6/3815 3955/20/3816
f 3953/18/3813 3955/20/3816 3916/21/3817
f 3956/2/3818 3947/17/3819 3910/2/3820
f 3956/2/3818 3949/2/3805 3981/2/3821
f 3981/2/3821 3918/1/3811 3957/2/3822
f 3947/17/3819 3957/2/3822 3912/1/3823
f 3912/1/3823 3982/15/3824 3948/22/3825
f 3957/16/3822 3953/18/3813 3982/15/3824
f 3982/15/3824 3916/21/3817 3958/12/3826
f 3948/22/3825 3958/12/3826 3911/23/3827
f 3944/24/3794 3960/25/3828 3908/5/3782
f 3901/14/3796 3983/26/3829 3944/24/3794
f 3961/27/3830 3919/28/3831 3983/26/3829
f 3983/26/3829 3888/29/3832 3960/25/3828
f 3959/17/3833 3921/2/3834 3889/1/3835
f 3902/17/3803 3984/2/3836 3959/17/3833
f 3946/2/3802 3962/2/3837 3984/2/3836
f 3984/2/3836 3890/1/3838 3921/2/3834
f 3962/2/3837 3922/2/3839 3890/1/3838
f 3907/2/3793 3985/2/3840 3962/2/3837
f 3943/2/3792 3963/2/3840 3985/2/3840
f 3985/2/3840 3891/1/3839 3922/2/3839
f 3938/30/3780 3964/31/3841 3905/6/3783
f 3908/5/3782 3986/32/3842 3938/30/3780
f 3960/25/3828 3920/33/3843 3986/32/3842
f 3986/32/3842 3887/34/3844 3964/31/3841
f 3966/25/3845 3958/35/3826 3916/21/3817
f 3888/29/3832 3987/26/3846 3966/25/3845
f 3919/28/3831 3967/27/3847 3987/26/3846
f 3987/26/3846 3911/23/3827 3958/35/3826
f 3928/2/3848 3965/17/3849 3895/1/3850
f 3896/1/3851 3988/2/3852 3928/2/3848
f 3968/2/3853 3956/2/3818 3988/2/3852
f 3988/2/3852 3910/2/3820 3965/17/3849
f 3929/2/3854 3968/2/3853 3896/1/3851
f 3897/1/3854 3989/2/3855 3929/2/3854
f 3969/2/3856 3950/2/3804 3989/2/3855
f 3989/2/3855 3917/2/3806 3968/2/3853
f 3970/31/3857 3955/36/3816 3913/6/3815
f 3887/34/3844 3990/37/3858 3970/31/3857
f 3920/33/3843 3966/25/3845 3990/37/3858
f 3990/37/3858 3916/21/3817 3955/36/3816
f 3995/1/3859 4076/1/3860 4031/1/3861
f 4027/1/3860 4030/1/3862 4076/1/3860
f 4076/1/3860 3999/1/3862 4029/1/3860
f 4031/1/3861 4029/1/3860 3998/1/3863
f 3994/1/3864 4077/2/3865 4032/2/3866
f 4026/2/3867 4031/2/3861 4077/2/3865
f 4077/2/3865 3998/1/3863 4028/2/3868
f 4032/2/3866 4028/2/3868 3997/1/3869
f 4001/1/3870 4078/1/3871 4034/1/3871
f 4038/1/3872 4036/1/3871 4078/1/3871
f 4078/1/3871 4005/1/3873 4037/1/3871
f 4034/1/3871 4037/1/3871 4002/1/3874
f 4000/1/3875 4079/2/3876 4033/2/3877
f 4039/2/3878 4035/2/3879 4079/2/3876
f 4079/2/3876 4004/1/3880 4038/2/3872
f 4033/2/3877 4038/2/3872 4001/1/3870
f 4043/3/3881 4042/4/3882 4013/5/3883
f 4010/6/3884 4080/7/3885 4043/3/3881
f 4044/8/3886 4045/9/3887 4080/7/3885
f 4080/7/3885 4014/10/3888 4042/4/3882
f 4014/1/3888 4081/2/3889 4046/2/3890
f 4045/2/3887 4047/2/3891 4081/2/3889
f 4081/2/3889 4009/11/3892 4048/2/3893
f 4046/2/3890 4048/2/3893 4012/2/3894
f 4049/12/3895 4040/13/3896 4006/14/3897
f 4013/5/3883 4082/15/3898 4049/12/3895
f 4042/4/3882 4050/16/3899 4082/15/3898
f 4082/15/3898 4008/1/3900 4040/13/3896
f 4050/2/3899 4041/17/3901 4008/1/3900
f 4014/1/3888 4083/2/3902 4050/2/3899
f 4046/2/3890 4051/2/3903 4083/2/3902
f 4041/17/3901 4051/2/3903 4007/17/3904
f 4055/2/3905 4054/2/3906 4022/2/3907
f 4019/11/3908 4084/2/3909 4055/2/3905
f 4056/2/3910 4057/2/3911 4084/2/3909
f 4084/2/3909 4023/1/3912 4054/2/3906
f 4023/10/3912 4085/7/3913 4058/18/3914
f 4057/9/3911 4059/19/3915 4085/7/3913
f 4085/7/3913 4018/6/3916 4060/20/3917
f 4058/18/3914 4060/20/3917 4021/21/3918
f 4061/2/3919 4052/17/3920 4015/2/3921
f 4061/2/3919 4054/2/3906 4086/2/3922
f 4086/2/3922 4023/1/3912 4062/2/3923
f 4052/17/3920 4062/2/3923 4017/1/3924
f 4017/1/3924 4087/15/3925 4053/22/3926
f 4062/16/3923 4058/18/3914 4087/15/3925
f 4087/15/3925 4021/21/3918 4063/12/3927
f 4053/22/3926 4063/12/3927 4016/23/3928
f 4049/24/3895 4065/25/3929 4013/5/3883
f 4006/14/3897 4088/26/3930 4049/24/3895
f 4066/27/3931 4024/28/3932 4088/26/3930
f 4088/26/3930 3993/29/3933 4065/25/3929
f 4064/17/3934 4026/2/3935 3994/1/3936
f 4007/17/3904 4089/2/3937 4064/17/3934
f 4051/2/3903 4067/2/3938 4089/2/3937
f 4089/2/3937 3995/1/3939 4026/2/3935
f 4067/2/3938 4027/2/3940 3995/1/3939
f 4012/2/3894 4090/2/3941 4067/2/3938
f 4048/2/3893 4068/2/3942 4090/2/3941
f 4090/2/3941 3996/1/3940 4027/2/3940
f 4043/30/3881 4069/31/3943 4010/6/3884
f 4013/5/3883 4091/32/3944 4043/30/3881
f 4065/25/3929 4025/33/3945 4091/32/3944
f 4091/32/3944 3992/34/3945 4069/31/3943
f 4071/25/3946 4063/35/3927 4021/21/3918
f 3993/29/3933 4092/26/3947 4071/25/3946
f 4024/28/3932 4072/27/3948 4092/26/3947
f 4092/26/3947 4016/23/3928 4063/35/3927
f 4033/2/3949 4070/17/3950 4000/1/3951
f 4001/1/3952 4093/2/3953 4033/2/3949
f 4073/2/3954 4061/2/3919 4093/2/3953
f 4093/2/3953 4015/2/3921 4070/17/3950
f 4034/2/3955 4073/2/3954 4001/1/3952
f 4002/1/3956 4094/2/3957 4034/2/3955
f 4074/2/3957 4055/2/3905 4094/2/3957
f 4094/2/3957 4022/2/3907 4073/2/3954
f 4075/31/3958 4060/36/3917 4018/6/3916
f 3992/34/3945 4095/37/3959 4075/31/3958
f 4025/33/3945 4071/25/3946 4095/37/3959
f 4095/37/3959 4021/21/3918 4060/36/3917
f 4100/1/3960 4181/1/3961 4136/1/3962
f 4132/1/3963 4135/1/3964 4181/1/3961
f 4181/1/3961 4104/1/3963 4134/1/3961
f 4136/1/3962 4134/1/3961 4103/1/3965
f 4099/1/3966 4182/2/3967 4137/2/3968
f 4131/2/3969 4136/2/3962 4182/2/3967
f 4182/2/3967 4103/1/3965 4133/2/3970
f 4137/2/3968 4133/2/3970 4102/1/3971
f 4106/1/3972 4183/1/3973 4139/1/3973
f 4143/1/3974 4141/1/3973 4183/1/3973
f 4183/1/3973 4110/1/3975 4142/1/3973
f 4139/1/3973 4142/1/3973 4107/1/3973
f 4105/1/3976 4184/2/3977 4138/2/3978
f 4144/2/3979 4140/2/3980 4184/2/3977
f 4184/2/3977 4109/1/3981 4143/2/3974
f 4138/2/3978 4143/2/3974 4106/1/3972
f 4148/3/3982 4147/4/3983 4118/5/3984
f 4115/6/3985 4185/7/3986 4148/3/3982
f 4149/8/3987 4150/9/3988 4185/7/3986
f 4185/7/3986 4119/10/3989 4147/4/3983
f 4119/1/3989 4186/2/3990 4151/2/3991
f 4150/2/3988 4152/2/3992 4186/2/3990
f 4186/2/3990 4114/11/3993 4153/2/3994
f 4151/2/3991 4153/2/3994 4117/2/3995
f 4154/12/3996 4145/13/3997 4111/14/3998
f 4118/5/3984 4187/15/3999 4154/12/3996
f 4147/4/3983 4155/16/4000 4187/15/3999
f 4187/15/3999 4113/1/4001 4145/13/3997
f 4155/2/4000 4146/17/4002 4113/1/4001
f 4119/1/3989 4188/2/4003 4155/2/4000
f 4151/2/3991 4156/2/4004 4188/2/4003
f 4146/17/4002 4156/2/4004 4112/17/4005
f 4160/2/4006 4159/2/4007 4127/2/4008
f 4124/11/4009 4189/2/4010 4160/2/4006
f 4161/2/4011 4162/2/4012 4189/2/4010
f 4189/2/4010 4128/1/4013 4159/2/4007
f 4128/10/4013 4190/7/4014 4163/18/4015
f 4162/9/4012 4164/19/4016 4190/7/4014
f 4190/7/4014 4123/6/4017 4165/20/4018
f 4163/18/4015 4165/20/4018 4126/21/4019
f 4166/2/4020 4157/17/4021 4120/2/4022
f 4166/2/4020 4159/2/4007 4191/2/4023
f 4191/2/4023 4128/1/4013 4167/2/4024
f 4157/17/4021 4167/2/4024 4122/1/4025
f 4122/1/4025 4192/15/4026 4158/22/4027
f 4167/16/4024 4163/18/4015 4192/15/4026
f 4192/15/4026 4126/21/4019 4168/12/4028
f 4158/22/4027 4168/12/4028 4121/23/4029
f 4154/24/3996 4170/25/4030 4118/5/3984
f 4111/14/3998 4193/26/4031 4154/24/3996
f 4171/27/4032 4129/28/4033 4193/26/4031
f 4193/26/4031 4098/29/4034 4170/25/4030
f 4169/17/4035 4131/2/4036 4099/1/4037
f 4112/17/4005 4194/2/4038 4169/17/4035
f 4156/2/4004 4172/2/4039 4194/2/4038
f 4194/2/4038 4100/1/4040 4131/2/4036
f 4172/2/4039 4132/2/4041 4100/1/4040
f 4117/2/3995 4195/2/4042 4172/2/4039
f 4153/2/3994 4173/2/4043 4195/2/4042
f 4195/2/4042 4101/1/4044 4132/2/4041
f 4148/30/3982 4174/31/4045 4115/6/3985
f 4118/5/3984 4196/32/4046 4148/30/3982
f 4170/25/4030 4130/33/4047 4196/32/4046
f 4196/32/4046 4097/34/4047 4174/31/4045
f 4176/25/4048 4168/35/4028 4126/21/4019
f 4098/29/4034 4197/26/4049 4176/25/4048
f 4129/28/4033 4177/27/4050 4197/26/4049
f 4197/26/4049 4121/23/4029 4168/35/4028
f 4138/2/4051 4175/17/4052 4105/1/4053
f 4106/1/4054 4198/2/4055 4138/2/4051
f 4178/2/4056 4166/2/4020 4198/2/4055
f 4198/2/4055 4120/2/4022 4175/17/4052
f 4139/2/4057 4178/2/4056 4106/1/4054
f 4107/1/4058 4199/2/4059 4139/2/4057
f 4179/2/4060 4160/2/4006 4199/2/4059
f 4199/2/4059 4127/2/4008 4178/2/4056
f 4180/31/4061 4165/36/4018 4123/6/4017
f 4097/34/4047 4200/37/4062 4180/31/4061
f 4130/33/4047 4176/25/4048 4200/37/4062
f 4200/37/4062 4126/21/4019 4165/36/4018
f 5/1/1 37/1/4 86/1/2
f 37/1/4 6/1/5 40/1/2
f 86/1/2 40/1/2 9/1/4
f 41/1/3 86/1/2 39/1/5
f 4/1/7 36/2/10 87/2/8
f 36/2/10 5/1/1 41/2/3
f 87/2/8 41/2/3 8/1/6
f 42/2/9 87/2/8 38/2/11
f 11/1/13 48/1/16 88/1/14
f 48/1/16 14/1/24 46/1/15
f 88/1/14 46/1/15 15/1/17
f 44/1/15 88/1/14 47/1/15
f 10/1/19 49/2/22 89/2/20
f 49/2/22 13/1/4063 45/2/23
f 89/2/20 45/2/23 14/1/24
f 43/2/21 89/2/20 48/2/16
f 53/3/25 90/7/29 52/4/26
f 20/6/28 54/8/30 90/7/29
f 54/8/30 21/38/4064 55/9/31
f 90/7/29 55/9/31 24/10/32
f 24/1/32 55/2/31 91/2/33
f 55/2/31 21/1/4064 57/2/35
f 91/2/33 57/2/35 19/11/36
f 56/2/34 91/2/33 58/2/37
f 59/12/39 92/15/42 50/13/40
f 23/5/27 52/4/26 92/15/42
f 52/4/26 24/10/32 60/16/43
f 92/15/42 60/16/43 18/1/44
f 60/2/43 93/2/46 51/17/45
f 24/1/32 56/2/34 93/2/46
f 56/2/34 22/2/38 61/2/47
f 51/17/45 93/2/46 61/2/47
f 65/2/49 94/2/53 64/2/50
f 29/11/52 66/2/54 94/2/53
f 66/2/54 30/1/4065 67/2/55
f 94/2/53 67/2/55 33/1/56
f 33/10/56 67/9/55 95/7/57
f 67/9/55 30/38/4065 69/19/59
f 95/7/57 69/19/59 28/6/60
f 68/18/58 95/7/57 70/20/61
f 71/2/63 96/2/66 62/17/64
f 71/2/63 32/2/51 64/2/50
f 96/2/66 64/2/50 33/1/56
f 62/17/64 96/2/66 72/2/67
f 27/1/68 72/16/67 97/15/69
f 72/16/67 33/10/56 68/18/58
f 97/15/69 68/18/58 31/21/62
f 63/22/70 97/15/69 73/12/71
f 59/24/39 98/26/74 75/25/73
f 16/14/41 76/27/75 98/26/74
f 76/27/75 1/39/4066 34/28/76
f 98/26/74 34/28/76 3/29/77
f 74/17/78 99/2/81 36/2/79
f 17/17/48 61/2/47 99/2/81
f 61/2/47 22/2/38 77/2/82
f 99/2/81 77/2/82 5/1/83
f 77/2/82 100/2/85 37/2/84
f 22/2/38 58/2/37 100/2/85
f 58/2/37 19/11/36 78/2/86
f 100/2/85 78/2/86 6/1/87
f 53/30/25 101/32/89 79/31/88
f 23/5/27 75/25/73 101/32/89
f 75/25/73 3/29/77 35/33/90
f 101/32/89 35/33/90 2/34/90
f 81/25/91 102/26/92 73/35/71
f 3/29/77 34/28/76 102/26/92
f 34/28/76 1/39/4066 82/27/93
f 102/26/92 82/27/93 26/23/72
f 43/2/94 103/2/98 80/17/95
f 11/1/97 83/2/99 103/2/98
f 83/2/99 32/2/51 71/2/63
f 103/2/98 71/2/63 25/2/65
f 44/2/100 104/2/102 83/2/99
f 12/1/101 84/2/103 104/2/102
f 84/2/103 29/11/52 65/2/49
f 104/2/102 65/2/49 32/2/51
f 85/31/104 105/37/105 70/36/61
f 2/34/90 35/33/90 105/37/105
f 35/33/90 3/29/77 81/25/91
f 105/37/105 81/25/91 31/21/62
f 110/1/106 142/1/107 191/1/107
f 142/1/107 111/1/107 145/1/107
f 191/1/107 145/1/107 114/1/107
f 146/1/108 191/1/107 144/1/109
f 109/1/111 141/2/114 192/2/112
f 141/2/114 110/1/106 146/2/108
f 192/2/112 146/2/108 113/1/110
f 147/2/113 192/2/112 143/2/115
f 116/1/117 153/1/119 193/1/118
f 153/1/119 119/1/128 151/1/118
f 193/1/118 151/1/118 120/1/120
f 149/1/118 193/1/118 152/1/121
f 115/1/123 154/2/126 194/2/124
f 154/2/126 118/1/4067 150/2/127
f 194/2/124 150/2/127 119/1/128
f 148/2/125 194/2/124 153/2/119
f 158/3/129 195/7/133 157/4/130
f 125/6/132 159/8/134 195/7/133
f 159/8/134 126/38/4068 160/9/135
f 195/7/133 160/9/135 129/10/136
f 129/1/136 160/2/135 196/2/137
f 160/2/135 126/1/4068 162/2/139
f 196/2/137 162/2/139 124/11/140
f 161/2/138 196/2/137 163/2/141
f 164/12/143 197/15/146 155/13/144
f 128/5/131 157/4/130 197/15/146
f 157/4/130 129/10/136 165/16/147
f 197/15/146 165/16/147 123/1/148
f 165/2/147 198/2/150 156/17/149
f 129/1/136 161/2/138 198/2/150
f 161/2/138 127/2/142 166/2/151
f 156/17/149 198/2/150 166/2/151
f 170/2/153 199/2/157 169/2/154
f 134/11/156 171/2/158 199/2/157
f 171/2/158 135/1/4069 172/2/159
f 199/2/157 172/2/159 138/1/160
f 138/10/160 172/9/159 200/7/161
f 172/9/159 135/38/4069 174/19/163
f 200/7/161 174/19/163 133/6/164
f 173/18/162 200/7/161 175/20/165
f 176/2/167 201/2/170 167/17/168
f 176/2/167 137/2/155 169/2/154
f 201/2/170 169/2/154 138/1/160
f 167/17/168 201/2/170 177/2/171
f 132/1/172 177/16/171 202/15/173
f 177/16/171 138/10/160 173/18/162
f 202/15/173 173/18/162 136/21/166
f 168/22/174 202/15/173 178/12/175
f 164/24/143 203/26/178 180/25/177
f 121/14/145 181/27/179 203/26/178
f 181/27/179 106/39/4070 139/28/180
f 203/26/178 139/28/180 108/29/181
f 179/17/182 204/2/185 141/2/183
f 122/17/152 166/2/151 204/2/185
f 166/2/151 127/2/142 182/2/186
f 204/2/185 182/2/186 110/1/187
f 182/2/186 205/2/189 142/2/188
f 127/2/142 163/2/141 205/2/189
f 163/2/141 124/11/140 183/2/189
f 205/2/189 183/2/189 111/1/190
f 158/30/129 206/32/192 184/31/191
f 128/5/131 180/25/177 206/32/192
f 180/25/177 108/29/181 140/33/193
f 206/32/192 140/33/193 107/34/193
f 186/25/194 207/26/195 178/35/175
f 108/29/181 139/28/180 207/26/195
f 139/28/180 106/39/4070 187/27/196
f 207/26/195 187/27/196 131/23/176
f 148/2/197 208/2/201 185/17/198
f 116/1/200 188/2/202 208/2/201
f 188/2/202 137/2/155 176/2/167
f 208/2/201 176/2/167 130/2/169
f 149/2/203 209/2/205 188/2/202
f 117/1/204 189/2/205 209/2/205
f 189/2/205 134/11/156 170/2/153
f 209/2/205 170/2/153 137/2/155
f 190/31/206 210/37/207 175/36/165
f 107/34/193 140/33/193 210/37/207
f 140/33/193 108/29/181 186/25/194
f 210/37/207 186/25/194 136/21/166
f 215/1/208 247/1/209 296/1/209
f 247/1/209 216/1/4071 250/1/209
f 296/1/209 250/1/209 219/1/209
f 251/1/210 296/1/209 249/1/209
f 214/1/212 246/2/215 297/2/213
f 246/2/215 215/1/208 251/2/210
f 297/2/213 251/2/210 218/1/211
f 252/2/214 297/2/213 248/2/216
f 221/1/218 258/1/220 298/1/219
f 258/1/220 224/1/227 256/1/219
f 298/1/219 256/1/219 225/1/219
f 254/1/219 298/1/219 257/1/219
f 220/1/222 259/2/225 299/2/223
f 259/2/225 223/1/4072 255/2/226
f 299/2/223 255/2/226 224/1/227
f 253/2/224 299/2/223 258/2/220
f 263/3/228 300/7/232 262/4/229
f 230/6/231 264/8/233 300/7/232
f 264/8/233 231/38/4073 265/9/234
f 300/7/232 265/9/234 234/10/235
f 234/1/235 265/2/234 301/2/236
f 265/2/234 231/1/4073 267/2/238
f 301/2/236 267/2/238 229/11/239
f 266/2/237 301/2/236 268/2/240
f 269/12/242 302/15/245 260/13/243
f 233/5/230 262/4/229 302/15/245
f 262/4/229 234/10/235 270/16/246
f 302/15/245 270/16/246 228/1/247
f 270/2/246 303/2/249 261/17/248
f 234/1/235 266/2/237 303/2/249
f 266/2/237 232/2/241 271/2/250
f 261/17/248 303/2/249 271/2/250
f 275/2/252 304/2/256 274/2/253
f 239/11/255 276/2/257 304/2/256
f 276/2/257 240/1/4074 277/2/258
f 304/2/256 277/2/258 243/1/259
f 243/10/259 277/9/258 305/7/260
f 277/9/258 240/38/4074 279/19/262
f 305/7/260 279/19/262 238/6/263
f 278/18/261 305/7/260 280/20/264
f 281/2/266 306/2/269 272/17/267
f 281/2/266 242/2/254 274/2/253
f 306/2/269 274/2/253 243/1/259
f 272/17/267 306/2/269 282/2/270
f 237/1/271 282/16/270 307/15/272
f 282/16/270 243/10/259 278/18/261
f 307/15/272 278/18/261 241/21/265
f 273/22/273 307/15/272 283/12/274
f 269/24/242 308/26/277 285/25/276
f 226/14/244 286/27/278 308/26/277
f 286/27/278 211/39/4075 244/28/279
f 308/26/277 244/28/279 213/29/280
f 284/17/281 309/2/284 246/2/282
f 227/17/251 271/2/250 309/2/284
f 271/2/250 232/2/241 287/2/285
f 309/2/284 287/2/285 215/1/286
f 287/2/285 310/2/288 247/2/287
f 232/2/241 268/2/240 310/2/288
f 268/2/240 229/11/239 288/2/289
f 310/2/288 288/2/289 216/1/290
f 263/30/228 311/32/292 289/31/291
f 233/5/230 285/25/276 311/32/292
f 285/25/276 213/29/280 245/33/293
f 311/32/292 245/33/293 212/34/293
f 291/25/294 312/26/295 283/35/274
f 213/29/280 244/28/279 312/26/295
f 244/28/279 211/39/4075 292/27/296
f 312/26/295 292/27/296 236/23/275
f 253/2/297 313/2/301 290/17/298
f 221/1/300 293/2/302 313/2/301
f 293/2/302 242/2/254 281/2/266
f 313/2/301 281/2/266 235/2/268
f 254/2/303 314/2/305 293/2/302
f 222/1/304 294/2/306 314/2/305
f 294/2/306 239/11/255 275/2/252
f 314/2/305 275/2/252 242/2/254
f 295/31/307 315/37/308 280/36/264
f 212/34/293 245/33/293 315/37/308
f 245/33/293 213/29/280 291/25/294
f 315/37/308 291/25/294 241/21/265
f 320/1/309 352/1/312 401/1/310
f 352/1/312 321/1/310 355/1/310
f 401/1/310 355/1/310 324/1/310
f 356/1/311 401/1/310 354/1/310
f 319/1/314 351/2/317 402/2/315
f 351/2/317 320/1/309 356/2/311
f 402/2/315 356/2/311 323/1/313
f 357/2/316 402/2/315 353/2/318
f 326/1/320 363/1/323 403/1/321
f 363/1/323 329/1/329 361/1/321
f 403/1/321 361/1/321 330/1/321
f 359/1/322 403/1/321 362/1/321
f 325/1/324 364/2/327 404/2/325
f 364/2/327 328/1/4076 360/2/328
f 404/2/325 360/2/328 329/1/329
f 358/2/326 404/2/325 363/2/323
f 368/3/330 405/7/334 367/4/331
f 335/6/333 369/8/335 405/7/334
f 369/8/335 336/38/4077 370/9/336
f 405/7/334 370/9/336 339/10/337
f 339/1/337 370/2/336 406/2/338
f 370/2/336 336/1/4077 372/2/340
f 406/2/338 372/2/340 334/11/341
f 371/2/339 406/2/338 373/2/342
f 374/12/344 407/15/347 365/13/345
f 338/5/332 367/4/331 407/15/347
f 367/4/331 339/10/337 375/16/348
f 407/15/347 375/16/348 333/1/349
f 375/2/348 408/2/351 366/17/350
f 339/1/337 371/2/339 408/2/351
f 371/2/339 337/2/343 376/2/352
f 366/17/350 408/2/351 376/2/352
f 380/2/354 409/2/358 379/2/355
f 344/11/357 381/2/359 409/2/358
f 381/2/359 345/1/4078 382/2/360
f 409/2/358 382/2/360 348/1/361
f 348/10/361 382/9/360 410/7/362
f 382/9/360 345/38/4078 384/19/364
f 410/7/362 384/19/364 343/6/365
f 383/18/363 410/7/362 385/20/366
f 386/2/368 411/2/371 377/17/369
f 386/2/368 347/2/356 379/2/355
f 411/2/371 379/2/355 348/1/361
f 377/17/369 411/2/371 387/2/372
f 342/1/373 387/16/372 412/15/374
f 387/16/372 348/10/361 383/18/363
f 412/15/374 383/18/363 346/21/367
f 378/22/375 412/15/374 388/12/376
f 374/24/344 413/26/379 390/25/378
f 331/14/346 391/27/380 413/26/379
f 391/27/380 316/39/4079 349/28/381
f 413/26/379 349/28/381 318/29/382
f 389/17/383 414/2/386 351/2/384
f 332/17/353 376/2/352 414/2/386
f 376/2/352 337/2/343 392/2/387
f 414/2/386 392/2/387 320/1/388
f 392/2/387 415/2/390 352/2/389
f 337/2/343 373/2/342 415/2/390
f 373/2/342 334/11/341 393/2/390
f 415/2/390 393/2/390 321/1/389
f 368/30/330 416/32/392 394/31/391
f 338/5/332 390/25/378 416/32/392
f 390/25/378 318/29/382 350/33/393
f 416/32/392 350/33/393 317/34/393
f 396/25/394 417/26/395 388/35/376
f 318/29/382 349/28/381 417/26/395
f 349/28/381 316/39/4079 397/27/396
f 417/26/395 397/27/396 341/23/377
f 358/2/397 418/2/401 395/17/398
f 326/1/400 398/2/402 418/2/401
f 398/2/402 347/2/356 386/2/368
f 418/2/401 386/2/368 340/2/370
f 359/2/403 419/2/405 398/2/402
f 327/1/404 399/2/406 419/2/405
f 399/2/406 344/11/357 380/2/354
f 419/2/405 380/2/354 347/2/356
f 400/31/407 420/37/408 385/36/366
f 317/34/393 350/33/393 420/37/408
f 350/33/393 318/29/382 396/25/394
f 420/37/408 396/25/394 346/21/367
f 425/1/409 457/1/410 506/1/410
f 457/1/410 426/1/410 460/1/410
f 506/1/410 460/1/410 429/1/410
f 461/1/411 506/1/410 459/1/412
f 424/1/414 456/2/417 507/2/415
f 456/2/417 425/1/409 461/2/411
f 507/2/415 461/2/411 428/1/413
f 462/2/416 507/2/415 458/2/418
f 431/1/420 468/1/423 508/1/421
f 468/1/423 434/1/430 466/1/421
f 508/1/421 466/1/421 435/1/424
f 464/1/422 508/1/421 467/1/421
f 430/1/425 469/2/428 509/2/426
f 469/2/428 433/1/4080 465/2/429
f 509/2/426 465/2/429 434/1/430
f 463/2/427 509/2/426 468/2/423
f 473/3/431 510/7/435 472/4/432
f 440/6/434 474/8/436 510/7/435
f 474/8/436 441/38/4081 475/9/437
f 510/7/435 475/9/437 444/10/438
f 444/1/438 475/2/437 511/2/439
f 475/2/437 441/1/4081 477/2/441
f 511/2/439 477/2/441 439/11/442
f 476/2/440 511/2/439 478/2/443
f 479/12/445 512/15/448 470/13/446
f 443/5/433 472/4/432 512/15/448
f 472/4/432 444/10/438 480/16/449
f 512/15/448 480/16/449 438/1/450
f 480/2/449 513/2/452 471/17/451
f 444/1/438 476/2/440 513/2/452
f 476/2/440 442/2/444 481/2/453
f 471/17/451 513/2/452 481/2/453
f 485/2/455 514/2/459 484/2/456
f 449/11/458 486/2/460 514/2/459
f 486/2/460 450/1/4082 487/2/461
f 514/2/459 487/2/461 453/1/462
f 453/10/462 487/9/461 515/7/463
f 487/9/461 450/38/4082 489/19/465
f 515/7/463 489/19/465 448/6/466
f 488/18/464 515/7/463 490/20/467
f 491/2/469 516/2/472 482/17/470
f 491/2/469 452/2/457 484/2/456
f 516/2/472 484/2/456 453/1/462
f 482/17/470 516/2/472 492/2/473
f 447/1/474 492/16/473 517/15/475
f 492/16/473 453/10/462 488/18/464
f 517/15/475 488/18/464 451/21/468
f 483/22/476 517/15/475 493/12/477
f 479/24/445 518/26/480 495/25/479
f 436/14/447 496/27/481 518/26/480
f 496/27/481 421/39/4083 454/28/482
f 518/26/480 454/28/482 423/29/483
f 494/17/484 519/2/487 456/2/485
f 437/17/454 481/2/453 519/2/487
f 481/2/453 442/2/444 497/2/488
f 519/2/487 497/2/488 425/1/489
f 497/2/488 520/2/491 457/2/490
f 442/2/444 478/2/443 520/2/491
f 478/2/443 439/11/442 498/2/491
f 520/2/491 498/2/491 426/1/492
f 473/30/431 521/32/494 499/31/493
f 443/5/433 495/25/479 521/32/494
f 495/25/479 423/29/483 455/33/495
f 521/32/494 455/33/495 422/34/495
f 501/25/496 522/26/497 493/35/477
f 423/29/483 454/28/482 522/26/497
f 454/28/482 421/39/4083 502/27/498
f 522/26/497 502/27/498 446/23/478
f 463/2/499 523/2/503 500/17/500
f 431/1/502 503/2/504 523/2/503
f 503/2/504 452/2/457 491/2/469
f 523/2/503 491/2/469 445/2/471
f 464/2/505 524/2/507 503/2/504
f 432/1/506 504/2/508 524/2/507
f 504/2/508 449/11/458 485/2/455
f 524/2/507 485/2/455 452/2/457
f 505/31/509 525/37/510 490/36/467
f 422/34/495 455/33/495 525/37/510
f 455/33/495 423/29/483 501/25/496
f 525/37/510 501/25/496 451/21/468
f 530/1/511 562/1/514 611/1/512
f 562/1/514 531/1/4084 565/1/512
f 611/1/512 565/1/512 534/1/515
f 566/1/513 611/1/512 564/1/512
f 529/1/517 561/2/520 612/2/518
f 561/2/520 530/1/511 566/2/513
f 612/2/518 566/2/513 533/1/516
f 567/2/519 612/2/518 563/2/521
f 536/1/523 573/1/525 613/1/524
f 573/1/525 539/1/532 571/1/524
f 613/1/524 571/1/524 540/1/524
f 569/1/524 613/1/524 572/1/524
f 535/1/527 574/2/530 614/2/528
f 574/2/530 538/1/4085 570/2/531
f 614/2/528 570/2/531 539/1/532
f 568/2/529 614/2/528 573/2/525
f 578/3/533 615/7/537 577/4/534
f 545/6/536 579/8/538 615/7/537
f 579/8/538 546/38/4086 580/9/539
f 615/7/537 580/9/539 549/10/540
f 549/1/540 580/2/539 616/2/541
f 580/2/539 546/1/4086 582/2/543
f 616/2/541 582/2/543 544/11/544
f 581/2/542 616/2/541 583/2/545
f 584/12/547 617/15/550 575/13/548
f 548/5/535 577/4/534 617/15/550
f 577/4/534 549/10/540 585/16/551
f 617/15/550 585/16/551 543/1/552
f 585/2/551 618/2/554 576/17/553
f 549/1/540 581/2/542 618/2/554
f 581/2/542 547/2/546 586/2/555
f 576/17/553 618/2/554 586/2/555
f 590/2/557 619/2/561 589/2/558
f 554/11/560 591/2/562 619/2/561
f 591/2/562 555/1/4087 592/2/563
f 619/2/561 592/2/563 558/1/564
f 558/10/564 592/9/563 620/7/565
f 592/9/563 555/38/4087 594/19/567
f 620/7/565 594/19/567 553/6/568
f 593/18/566 620/7/565 595/20/569
f 596/2/571 621/2/574 587/17/572
f 596/2/571 557/2/559 589/2/558
f 621/2/574 589/2/558 558/1/564
f 587/17/572 621/2/574 597/2/575
f 552/1/576 597/16/575 622/15/577
f 597/16/575 558/10/564 593/18/566
f 622/15/577 593/18/566 556/21/570
f 588/22/578 622/15/577 598/12/579
f 584/24/547 623/26/582 600/25/581
f 541/14/549 601/27/583 623/26/582
f 601/27/583 526/39/4088 559/28/584
f 623/26/582 559/28/584 528/29/585
f 599/17/586 624/2/589 561/2/587
f 542/17/556 586/2/555 624/2/589
f 586/2/555 547/2/546 602/2/590
f 624/2/589 602/2/590 530/1/591
f 602/2/590 625/2/593 562/2/592
f 547/2/546 583/2/545 625/2/593
f 583/2/545 544/11/544 603/2/594
f 625/2/593 603/2/594 531/1/592
f 578/30/533 626/32/596 604/31/595
f 548/5/535 600/25/581 626/32/596
f 600/25/581 528/29/585 560/33/597
f 626/32/596 560/33/597 527/34/597
f 606/25/598 627/26/599 598/35/579
f 528/29/585 559/28/584 627/26/599
f 559/28/584 526/39/4088 607/27/600
f 627/26/599 607/27/600 551/23/580
f 568/2/601 628/2/605 605/17/602
f 536/1/604 608/2/606 628/2/605
f 608/2/606 557/2/559 596/2/571
f 628/2/605 596/2/571 550/2/573
f 569/2/607 629/2/609 608/2/606
f 537/1/608 609/2/610 629/2/609
f 609/2/610 554/11/560 590/2/557
f 629/2/609 590/2/557 557/2/559
f 610/31/611 630/37/612 595/36/569
f 527/34/597 560/33/597 630/37/612
f 560/33/597 528/29/585 606/25/598
f 630/37/612 606/25/598 556/21/570
f 635/1/613 667/1/614 716/1/614
f 667/1/614 636/1/614 670/1/614
f 716/1/614 670/1/614 639/1/614
f 671/1/615 716/1/614 669/1/616
f 634/1/618 666/2/621 717/2/619
f 666/2/621 635/1/613 671/2/615
f 717/2/619 671/2/615 638/1/617
f 672/2/620 717/2/619 668/2/622
f 641/1/624 678/1/626 718/1/625
f 678/1/626 644/1/634 676/1/625
f 718/1/625 676/1/625 645/1/627
f 674/1/625 718/1/625 677/1/625
f 640/1/629 679/2/632 719/2/630
f 679/2/632 643/1/4089 675/2/633
f 719/2/630 675/2/633 644/1/634
f 673/2/631 719/2/630 678/2/626
f 683/3/635 720/7/639 682/4/636
f 650/6/638 684/8/640 720/7/639
f 684/8/640 651/38/4090 685/9/641
f 720/7/639 685/9/641 654/10/642
f 654/1/642 685/2/641 721/2/643
f 685/2/641 651/1/4090 687/2/645
f 721/2/643 687/2/645 649/11/646
f 686/2/644 721/2/643 688/2/647
f 689/12/649 722/15/652 680/13/650
f 653/5/637 682/4/636 722/15/652
f 682/4/636 654/10/642 690/16/653
f 722/15/652 690/16/653 648/1/654
f 690/2/653 723/2/656 681/17/655
f 654/1/642 686/2/644 723/2/656
f 686/2/644 652/2/648 691/2/657
f 681/17/655 723/2/656 691/2/657
f 695/2/659 724/2/663 694/2/660
f 659/11/662 696/2/664 724/2/663
f 696/2/664 660/1/4091 697/2/665
f 724/2/663 697/2/665 663/1/666
f 663/10/666 697/9/665 725/7/667
f 697/9/665 660/38/4091 699/19/669
f 725/7/667 699/19/669 658/6/670
f 698/18/668 725/7/667 700/20/671
f 701/2/673 726/2/676 692/17/674
f 701/2/673 662/2/661 694/2/660
f 726/2/676 694/2/660 663/1/666
f 692/17/674 726/2/676 702/2/677
f 657/1/678 702/16/677 727/15/679
f 702/16/677 663/10/666 698/18/668
f 727/15/679 698/18/668 661/21/672
f 693/22/680 727/15/679 703/12/681
f 689/24/649 728/26/684 705/25/683
f 646/14/651 706/27/685 728/26/684
f 706/27/685 631/39/4092 664/28/686
f 728/26/684 664/28/686 633/29/687
f 704/17/688 729/2/690 666/2/689
f 647/17/658 691/2/657 729/2/690
f 691/2/657 652/2/648 707/2/691
f 729/2/690 707/2/691 635/1/692
f 707/2/691 730/2/694 667/2/693
f 652/2/648 688/2/647 730/2/694
f 688/2/647 649/11/646 708/2/695
f 730/2/694 708/2/695 636/1/693
f 683/30/635 731/32/697 709/31/696
f 653/5/637 705/25/683 731/32/697
f 705/25/683 633/29/687 665/33/698
f 731/32/697 665/33/698 632/34/698
f 711/25/699 732/26/700 703/35/681
f 633/29/687 664/28/686 732/26/700
f 664/28/686 631/39/4092 712/27/701
f 732/26/700 712/27/701 656/23/682
f 673/2/702 733/2/705 710/17/703
f 641/1/704 713/2/706 733/2/705
f 713/2/706 662/2/661 701/2/673
f 733/2/705 701/2/673 655/2/675
f 674/2/707 734/2/709 713/2/706
f 642/1/708 714/2/710 734/2/709
f 714/2/710 659/11/662 695/2/659
f 734/2/709 695/2/659 662/2/661
f 715/31/711 735/37/712 700/36/671
f 632/34/698 665/33/698 735/37/712
f 665/33/698 633/29/687 711/25/699
f 735/37/712 711/25/699 661/21/672
f 740/1/713 772/1/716 821/1/714
f 772/1/716 741/1/716 775/1/716
f 821/1/714 775/1/716 744/1/714
f 776/1/715 821/1/714 774/1/714
f 739/1/718 771/2/721 822/2/719
f 771/2/721 740/1/713 776/2/715
f 822/2/719 776/2/715 743/1/717
f 777/2/720 822/2/719 773/2/722
f 746/1/724 783/1/726 823/1/725
f 783/1/726 749/1/733 781/1/727
f 823/1/725 781/1/727 750/1/725
f 779/1/725 823/1/725 782/1/725
f 745/1/728 784/2/731 824/2/729
f 784/2/731 748/1/4093 780/2/732
f 824/2/729 780/2/732 749/1/733
f 778/2/730 824/2/729 783/2/726
f 788/3/734 825/7/738 787/4/735
f 755/6/737 789/8/739 825/7/738
f 789/8/739 756/38/4094 790/9/740
f 825/7/738 790/9/740 759/10/741
f 759/1/741 790/2/740 826/2/742
f 790/2/740 756/1/4094 792/2/744
f 826/2/742 792/2/744 754/11/745
f 791/2/743 826/2/742 793/2/746
f 794/12/748 827/15/751 785/13/749
f 758/5/736 787/4/735 827/15/751
f 787/4/735 759/10/741 795/16/752
f 827/15/751 795/16/752 753/1/753
f 795/2/752 828/2/755 786/17/754
f 759/1/741 791/2/743 828/2/755
f 791/2/743 757/2/747 796/2/756
f 786/17/754 828/2/755 796/2/756
f 800/2/758 829/2/762 799/2/759
f 764/11/761 801/2/763 829/2/762
f 801/2/763 765/1/4095 802/2/764
f 829/2/762 802/2/764 768/1/765
f 768/10/765 802/9/764 830/7/766
f 802/9/764 765/38/4095 804/19/768
f 830/7/766 804/19/768 763/6/769
f 803/18/767 830/7/766 805/20/770
f 806/2/772 831/2/775 797/17/773
f 806/2/772 767/2/760 799/2/759
f 831/2/775 799/2/759 768/1/765
f 797/17/773 831/2/775 807/2/776
f 762/1/777 807/16/776 832/15/778
f 807/16/776 768/10/765 803/18/767
f 832/15/778 803/18/767 766/21/771
f 798/22/779 832/15/778 808/12/780
f 794/24/748 833/26/783 810/25/782
f 751/14/750 811/27/784 833/26/783
f 811/27/784 736/39/4096 769/28/785
f 833/26/783 769/28/785 738/29/786
f 809/17/787 834/2/790 771/2/788
f 752/17/757 796/2/756 834/2/790
f 796/2/756 757/2/747 812/2/791
f 834/2/790 812/2/791 740/1/792
f 812/2/791 835/2/794 772/2/793
f 757/2/747 793/2/746 835/2/794
f 793/2/746 754/11/745 813/2/794
f 835/2/794 813/2/794 741/1/793
f 788/30/734 836/32/796 814/31/795
f 758/5/736 810/25/782 836/32/796
f 810/25/782 738/29/786 770/33/797
f 836/32/796 770/33/797 737/34/797
f 816/25/798 837/26/799 808/35/780
f 738/29/786 769/28/785 837/26/799
f 769/28/785 736/39/4096 817/27/800
f 837/26/799 817/27/800 761/23/781
f 778/2/801 838/2/805 815/17/802
f 746/1/804 818/2/806 838/2/805
f 818/2/806 767/2/760 806/2/772
f 838/2/805 806/2/772 760/2/774
f 779/2/807 839/2/808 818/2/806
f 747/1/807 819/2/808 839/2/808
f 819/2/808 764/11/761 800/2/758
f 839/2/808 800/2/758 767/2/760
f 820/31/809 840/37/810 805/36/770
f 737/34/797 770/33/797 840/37/810
f 770/33/797 738/29/786 816/25/798
f 840/37/810 816/25/798 766/21/771
f 845/1/811 877/1/814 926/1/812
f 877/1/814 846/1/814 880/1/812
f 926/1/812 880/1/812 849/1/815
f 881/1/813 926/1/812 879/1/815
f 844/1/817 876/2/820 927/2/818
f 876/2/820 845/1/811 881/2/813
f 927/2/818 881/2/813 848/1/816
f 882/2/819 927/2/818 878/2/821
f 851/1/823 888/1/826 928/1/824
f 888/1/826 854/1/833 886/1/824
f 928/1/824 886/1/824 855/1/824
f 884/1/825 928/1/824 887/1/825
f 850/1/828 889/2/831 929/2/829
f 889/2/831 853/1/4097 885/2/832
f 929/2/829 885/2/832 854/1/833
f 883/2/830 929/2/829 888/2/826
f 893/3/834 930/7/838 892/4/835
f 860/6/837 894/8/839 930/7/838
f 894/8/839 861/38/4098 895/9/840
f 930/7/838 895/9/840 864/10/841
f 864/1/841 895/2/840 931/2/842
f 895/2/840 861/1/4098 897/2/844
f 931/2/842 897/2/844 859/11/845
f 896/2/843 931/2/842 898/2/846
f 899/12/848 932/15/851 890/13/849
f 863/5/836 892/4/835 932/15/851
f 892/4/835 864/10/841 900/16/852
f 932/15/851 900/16/852 858/1/853
f 900/2/852 933/2/855 891/17/854
f 864/1/841 896/2/843 933/2/855
f 896/2/843 862/2/847 901/2/856
f 891/17/854 933/2/855 901/2/856
f 905/2/858 934/2/862 904/2/859
f 869/11/861 906/2/863 934/2/862
f 906/2/863 870/1/4099 907/2/864
f 934/2/862 907/2/864 873/1/865
f 873/10/865 907/9/864 935/7/866
f 907/9/864 870/38/4099 909/19/868
f 935/7/866 909/19/868 868/6/869
f 908/18/867 935/7/866 910/20/870
f 911/2/872 936/2/875 902/17/873
f 911/2/872 872/2/860 904/2/859
f 936/2/875 904/2/859 873/1/865
f 902/17/873 936/2/875 912/2/876
f 867/1/877 912/16/876 937/15/878
f 912/16/876 873/10/865 908/18/867
f 937/15/878 908/18/867 871/21/871
f 903/22/879 937/15/878 913/12/880
f 899/24/848 938/26/883 915/25/882
f 856/14/850 916/27/884 938/26/883
f 916/27/884 841/39/4100 874/28/885
f 938/26/883 874/28/885 843/29/886
f 914/17/887 939/2/889 876/2/888
f 857/17/857 901/2/856 939/2/889
f 901/2/856 862/2/847 917/2/890
f 939/2/889 917/2/890 845/1/891
f 917/2/890 940/2/893 877/2/892
f 862/2/847 898/2/846 940/2/893
f 898/2/846 859/11/845 918/2/894
f 940/2/893 918/2/894 846/1/895
f 893/30/834 941/32/897 919/31/896
f 863/5/836 915/25/882 941/32/897
f 915/25/882 843/29/886 875/33/898
f 941/32/897 875/33/898 842/34/898
f 921/25/899 942/26/900 913/35/880
f 843/29/886 874/28/885 942/26/900
f 874/28/885 841/39/4100 922/27/901
f 942/26/900 922/27/901 866/23/881
f 883/2/902 943/2/906 920/17/903
f 851/1/905 923/2/907 943/2/906
f 923/2/907 872/2/860 911/2/872
f 943/2/906 911/2/872 865/2/874
f 884/2/908 944/2/910 923/2/907
f 852/1/909 924/2/911 944/2/910
f 924/2/911 869/11/861 905/2/858
f 944/2/910 905/2/858 872/2/860
f 925/31/912 945/37/913 910/36/870
f 842/34/898 875/33/898 945/37/913
f 875/33/898 843/29/886 921/25/899
f 945/37/913 921/25/899 871/21/871
f 950/1/914 982/1/915 1031/1/915
f 982/1/915 951/1/4101 985/1/915
f 1031/1/915 985/1/915 954/1/917
f 986/1/916 1031/1/915 984/1/915
f 949/1/919 981/2/922 1032/2/920
f 981/2/922 950/1/914 986/2/916
f 1032/2/920 986/2/916 953/1/918
f 987/2/921 1032/2/920 983/2/923
f 956/1/925 993/1/927 1033/1/926
f 993/1/927 959/1/934 991/1/926
f 1033/1/926 991/1/926 960/1/928
f 989/1/926 1033/1/926 992/1/926
f 955/1/929 994/2/932 1034/2/930
f 994/2/932 958/1/4102 990/2/933
f 1034/2/930 990/2/933 959/1/934
f 988/2/931 1034/2/930 993/2/927
f 998/3/935 1035/7/939 997/4/936
f 965/6/938 999/8/940 1035/7/939
f 999/8/940 966/38/4103 1000/9/941
f 1035/7/939 1000/9/941 969/10/942
f 969/1/942 1000/2/941 1036/2/943
f 1000/2/941 966/1/4103 1002/2/945
f 1036/2/943 1002/2/945 964/11/946
f 1001/2/944 1036/2/943 1003/2/947
f 1004/12/949 1037/15/952 995/13/950
f 968/5/937 997/4/936 1037/15/952
f 997/4/936 969/10/942 1005/16/953
f 1037/15/952 1005/16/953 963/1/954
f 1005/2/953 1038/2/956 996/17/955
f 969/1/942 1001/2/944 1038/2/956
f 1001/2/944 967/2/948 1006/2/957
f 996/17/955 1038/2/956 1006/2/957
f 1010/2/959 1039/2/963 1009/2/960
f 974/11/962 1011/2/964 1039/2/963
f 1011/2/964 975/1/4104 1012/2/965
f 1039/2/963 1012/2/965 978/1/966
f 978/10/966 1012/9/965 1040/7/967
f 1012/9/965 975/38/4104 1014/19/969
f 1040/7/967 1014/19/969 973/6/970
f 1013/18/968 1040/7/967 1015/20/971
f 1016/2/973 1041/2/976 1007/17/974
f 1016/2/973 977/2/961 1009/2/960
f 1041/2/976 1009/2/960 978/1/966
f 1007/17/974 1041/2/976 1017/2/977
f 972/1/978 1017/16/977 1042/15/979
f 1017/16/977 978/10/966 1013/18/968
f 1042/15/979 1013/18/968 976/21/972
f 1008/22/980 1042/15/979 1018/12/981
f 1004/24/949 1043/26/984 1020/25/983
f 961/14/951 1021/27/985 1043/26/984
f 1021/27/985 946/39/4105 979/28/986
f 1043/26/984 979/28/986 948/29/987
f 1019/17/988 1044/2/991 981/2/989
f 962/17/958 1006/2/957 1044/2/991
f 1006/2/957 967/2/948 1022/2/992
f 1044/2/991 1022/2/992 950/1/993
f 1022/2/992 1045/2/995 982/2/994
f 967/2/948 1003/2/947 1045/2/995
f 1003/2/947 964/11/946 1023/2/996
f 1045/2/995 1023/2/996 951/1/994
f 998/30/935 1046/32/998 1024/31/997
f 968/5/937 1020/25/983 1046/32/998
f 1020/25/983 948/29/987 980/33/999
f 1046/32/998 980/33/999 947/34/999
f 1026/25/1000 1047/26/1001 1018/35/981
f 948/29/987 979/28/986 1047/26/1001
f 979/28/986 946/39/4105 1027/27/1002
f 1047/26/1001 1027/27/1002 971/23/982
f 988/2/1003 1048/2/1007 1025/17/1004
f 956/1/1006 1028/2/1008 1048/2/1007
f 1028/2/1008 977/2/961 1016/2/973
f 1048/2/1007 1016/2/973 970/2/975
f 989/2/1009 1049/2/1011 1028/2/1008
f 957/1/1010 1029/2/1012 1049/2/1011
f 1029/2/1012 974/11/962 1010/2/959
f 1049/2/1011 1010/2/959 977/2/961
f 1030/31/1013 1050/37/1014 1015/36/971
f 947/34/999 980/33/999 1050/37/1014
f 980/33/999 948/29/987 1026/25/1000
f 1050/37/1014 1026/25/1000 976/21/972
f 1055/1/1015 1087/1/1018 1136/1/1016
f 1087/1/1018 1056/1/1018 1090/1/1016
f 1136/1/1016 1090/1/1016 1059/1/1016
f 1091/1/1017 1136/1/1016 1089/1/1016
f 1054/1/1020 1086/2/1023 1137/2/1021
f 1086/2/1023 1055/1/1015 1091/2/1017
f 1137/2/1021 1091/2/1017 1058/1/1019
f 1092/2/1022 1137/2/1021 1088/2/1024
f 1061/1/1026 1098/1/1029 1138/1/1027
f 1098/1/1029 1064/1/1037 1096/1/1030
f 1138/1/1027 1096/1/1030 1065/1/1030
f 1094/1/1028 1138/1/1027 1097/1/1030
f 1060/1/1032 1099/2/1035 1139/2/1033
f 1099/2/1035 1063/1/4106 1095/2/1036
f 1139/2/1033 1095/2/1036 1064/1/1037
f 1093/2/1034 1139/2/1033 1098/2/1029
f 1103/3/1038 1140/7/1042 1102/4/1039
f 1070/6/1041 1104/8/1043 1140/7/1042
f 1104/8/1043 1071/38/4107 1105/9/1044
f 1140/7/1042 1105/9/1044 1074/10/1045
f 1074/1/1045 1105/2/1044 1141/2/1046
f 1105/2/1044 1071/1/4107 1107/2/1048
f 1141/2/1046 1107/2/1048 1069/11/1049
f 1106/2/1047 1141/2/1046 1108/2/1050
f 1109/12/1052 1142/15/1055 1100/13/1053
f 1073/5/1040 1102/4/1039 1142/15/1055
f 1102/4/1039 1074/10/1045 1110/16/1056
f 1142/15/1055 1110/16/1056 1068/1/1057
f 1110/2/1056 1143/2/1059 1101/17/1058
f 1074/1/1045 1106/2/1047 1143/2/1059
f 1106/2/1047 1072/2/1051 1111/2/1060
f 1101/17/1058 1143/2/1059 1111/2/1060
f 1115/2/1062 1144/2/1066 1114/2/1063
f 1079/11/1065 1116/2/1067 1144/2/1066
f 1116/2/1067 1080/1/4108 1117/2/1068
f 1144/2/1066 1117/2/1068 1083/1/1069
f 1083/10/1069 1117/9/1068 1145/7/1070
f 1117/9/1068 1080/38/4108 1119/19/1072
f 1145/7/1070 1119/19/1072 1078/6/1073
f 1118/18/1071 1145/7/1070 1120/20/1074
f 1121/2/1076 1146/2/1079 1112/17/1077
f 1121/2/1076 1082/2/1064 1114/2/1063
f 1146/2/1079 1114/2/1063 1083/1/1069
f 1112/17/1077 1146/2/1079 1122/2/1080
f 1077/1/1081 1122/16/1080 1147/15/1082
f 1122/16/1080 1083/10/1069 1118/18/1071
f 1147/15/1082 1118/18/1071 1081/21/1075
f 1113/22/1083 1147/15/1082 1123/12/1084
f 1109/24/1052 1148/26/1087 1125/25/1086
f 1066/14/1054 1126/27/1088 1148/26/1087
f 1126/27/1088 1051/39/4109 1084/28/1089
f 1148/26/1087 1084/28/1089 1053/29/1090
f 1124/17/1091 1149/2/1094 1086/2/1092
f 1067/17/1061 1111/2/1060 1149/2/1094
f 1111/2/1060 1072/2/1051 1127/2/1095
f 1149/2/1094 1127/2/1095 1055/1/1096
f 1127/2/1095 1150/2/1098 1087/2/1097
f 1072/2/1051 1108/2/1050 1150/2/1098
f 1108/2/1050 1069/11/1049 1128/2/1099
f 1150/2/1098 1128/2/1099 1056/1/1100
f 1103/30/1038 1151/32/1102 1129/31/1101
f 1073/5/1040 1125/25/1086 1151/32/1102
f 1125/25/1086 1053/29/1090 1085/33/1103
f 1151/32/1102 1085/33/1103 1052/34/1103
f 1131/25/1104 1152/26/1105 1123/35/1084
f 1053/29/1090 1084/28/1089 1152/26/1105
f 1084/28/1089 1051/39/4109 1132/27/1106
f 1152/26/1105 1132/27/1106 1076/23/1085
f 1093/2/1107 1153/2/1110 1130/17/1108
f 1061/1/1109 1133/2/1111 1153/2/1110
f 1133/2/1111 1082/2/1064 1121/2/1076
f 1153/2/1110 1121/2/1076 1075/2/1078
f 1094/2/1112 1154/2/1114 1133/2/1111
f 1062/1/1113 1134/2/1115 1154/2/1114
f 1134/2/1115 1079/11/1065 1115/2/1062
f 1154/2/1114 1115/2/1062 1082/2/1064
f 1135/31/1116 1155/37/1117 1120/36/1074
f 1052/34/1103 1085/33/1103 1155/37/1117
f 1085/33/1103 1053/29/1090 1131/25/1104
f 1155/37/1117 1131/25/1104 1081/21/1075
f 1160/1/1118 1192/1/1121 1241/1/1119
f 1192/1/1121 1161/1/1119 1195/1/1119
f 1241/1/1119 1195/1/1119 1164/1/1119
f 1196/1/1120 1241/1/1119 1194/1/1122
f 1159/1/1124 1191/2/1127 1242/2/1125
f 1191/2/1127 1160/1/1118 1196/2/1120
f 1242/2/1125 1196/2/1120 1163/1/1123
f 1197/2/1126 1242/2/1125 1193/2/1128
f 1166/1/1130 1203/1/1132 1243/1/1131
f 1203/1/1132 1169/1/1139 1201/1/1133
f 1243/1/1131 1201/1/1133 1170/1/1131
f 1199/1/1131 1243/1/1131 1202/1/1131
f 1165/1/1134 1204/2/1137 1244/2/1135
f 1204/2/1137 1168/1/4110 1200/2/1138
f 1244/2/1135 1200/2/1138 1169/1/1139
f 1198/2/1136 1244/2/1135 1203/2/1132
f 1208/3/1140 1245/7/1144 1207/4/1141
f 1175/6/1143 1209/8/1145 1245/7/1144
f 1209/8/1145 1176/38/4111 1210/9/1146
f 1245/7/1144 1210/9/1146 1179/10/1147
f 1179/1/1147 1210/2/1146 1246/2/1148
f 1210/2/1146 1176/1/4111 1212/2/1150
f 1246/2/1148 1212/2/1150 1174/11/1151
f 1211/2/1149 1246/2/1148 1213/2/1152
f 1214/12/1154 1247/15/1157 1205/13/1155
f 1178/5/1142 1207/4/1141 1247/15/1157
f 1207/4/1141 1179/10/1147 1215/16/1158
f 1247/15/1157 1215/16/1158 1173/1/1159
f 1215/2/1158 1248/2/1161 1206/17/1160
f 1179/1/1147 1211/2/1149 1248/2/1161
f 1211/2/1149 1177/2/1153 1216/2/1162
f 1206/17/1160 1248/2/1161 1216/2/1162
f 1220/2/1164 1249/2/1168 1219/2/1165
f 1184/11/1167 1221/2/1169 1249/2/1168
f 1221/2/1169 1185/1/4112 1222/2/1170
f 1249/2/1168 1222/2/1170 1188/1/1171
f 1188/10/1171 1222/9/1170 1250/7/1172
f 1222/9/1170 1185/38/4112 1224/19/1174
f 1250/7/1172 1224/19/1174 1183/6/1175
f 1223/18/1173 1250/7/1172 1225/20/1176
f 1226/2/1178 1251/2/1181 1217/17/1179
f 1226/2/1178 1187/2/1166 1219/2/1165
f 1251/2/1181 1219/2/1165 1188/1/1171
f 1217/17/1179 1251/2/1181 1227/2/1182
f 1182/1/1183 1227/16/1182 1252/15/1184
f 1227/16/1182 1188/10/1171 1223/18/1173
f 1252/15/1184 1223/18/1173 1186/21/1177
f 1218/22/1185 1252/15/1184 1228/12/1186
f 1214/24/1154 1253/26/1189 1230/25/1188
f 1171/14/1156 1231/27/1190 1253/26/1189
f 1231/27/1190 1156/39/4113 1189/28/1191
f 1253/26/1189 1189/28/1191 1158/29/1192
f 1229/17/1193 1254/2/1196 1191/2/1194
f 1172/17/1163 1216/2/1162 1254/2/1196
f 1216/2/1162 1177/2/1153 1232/2/1197
f 1254/2/1196 1232/2/1197 1160/1/1198
f 1232/2/1197 1255/2/1200 1192/2/1199
f 1177/2/1153 1213/2/1152 1255/2/1200
f 1213/2/1152 1174/11/1151 1233/2/1200
f 1255/2/1200 1233/2/1200 1161/1/1201
f 1208/30/1140 1256/32/1203 1234/31/1202
f 1178/5/1142 1230/25/1188 1256/32/1203
f 1230/25/1188 1158/29/1192 1190/33/1204
f 1256/32/1203 1190/33/1204 1157/34/1204
f 1236/25/1205 1257/26/1206 1228/35/1186
f 1158/29/1192 1189/28/1191 1257/26/1206
f 1189/28/1191 1156/39/4113 1237/27/1207
f 1257/26/1206 1237/27/1207 1181/23/1187
f 1198/2/1208 1258/2/1212 1235/17/1209
f 1166/1/1211 1238/2/1213 1258/2/1212
f 1238/2/1213 1187/2/1166 1226/2/1178
f 1258/2/1212 1226/2/1178 1180/2/1180
f 1199/2/1214 1259/2/1216 1238/2/1213
f 1167/1/1215 1239/2/1217 1259/2/1216
f 1239/2/1217 1184/11/1167 1220/2/1164
f 1259/2/1216 1220/2/1164 1187/2/1166
f 1240/31/1218 1260/37/1219 1225/36/1176
f 1157/34/1204 1190/33/1204 1260/37/1219
f 1190/33/1204 1158/29/1192 1236/25/1205
f 1260/37/1219 1236/25/1205 1186/21/1177
f 1265/1/1220 1297/1/1221 1346/1/1221
f 1297/1/1221 1266/1/4114 1300/1/1223
f 1346/1/1221 1300/1/1223 1269/1/1223
f 1301/1/1222 1346/1/1221 1299/1/1224
f 1264/1/1226 1296/2/1229 1347/2/1227
f 1296/2/1229 1265/1/1220 1301/2/1222
f 1347/2/1227 1301/2/1222 1268/1/1225
f 1302/2/1228 1347/2/1227 1298/2/1230
f 1271/1/1232 1308/1/1234 1348/1/1233
f 1308/1/1234 1274/1/1242 1306/1/1235
f 1348/1/1233 1306/1/1235 1275/1/1233
f 1304/1/1233 1348/1/1233 1307/1/1233
f 1270/1/1237 1309/2/1240 1349/2/1238
f 1309/2/1240 1273/1/4115 1305/2/1241
f 1349/2/1238 1305/2/1241 1274/1/1242
f 1303/2/1239 1349/2/1238 1308/2/1234
f 1313/3/1243 1350/7/1247 1312/4/1244
f 1280/6/1246 1314/8/1248 1350/7/1247
f 1314/8/1248 1281/38/4116 1315/9/1249
f 1350/7/1247 1315/9/1249 1284/10/1250
f 1284/1/1250 1315/2/1249 1351/2/1251
f 1315/2/1249 1281/1/4116 1317/2/1253
f 1351/2/1251 1317/2/1253 1279/11/1254
f 1316/2/1252 1351/2/1251 1318/2/1255
f 1319/12/1257 1352/15/1260 1310/13/1258
f 1283/5/1245 1312/4/1244 1352/15/1260
f 1312/4/1244 1284/10/1250 1320/16/1261
f 1352/15/1260 1320/16/1261 1278/1/1262
f 1320/2/1261 1353/2/1264 1311/17/1263
f 1284/1/1250 1316/2/1252 1353/2/1264
f 1316/2/1252 1282/2/1256 1321/2/1265
f 1311/17/1263 1353/2/1264 1321/2/1265
f 1325/2/1267 1354/2/1271 1324/2/1268
f 1289/11/1270 1326/2/1272 1354/2/1271
f 1326/2/1272 1290/1/4117 1327/2/1273
f 1354/2/1271 1327/2/1273 1293/1/1274
f 1293/10/1274 1327/9/1273 1355/7/1275
f 1327/9/1273 1290/38/4117 1329/19/1277
f 1355/7/1275 1329/19/1277 1288/6/1278
f 1328/18/1276 1355/7/1275 1330/20/1279
f 1331/2/1281 1356/2/1284 1322/17/1282
f 1331/2/1281 1292/2/1269 1324/2/1268
f 1356/2/1284 1324/2/1268 1293/1/1274
f 1322/17/1282 1356/2/1284 1332/2/1285
f 1287/1/1286 1332/16/1285 1357/15/1287
f 1332/16/1285 1293/10/1274 1328/18/1276
f 1357/15/1287 1328/18/1276 1291/21/1280
f 1323/22/1288 1357/15/1287 1333/12/1289
f 1319/24/1257 1358/26/1292 1335/25/1291
f 1276/14/1259 1336/27/1293 1358/26/1292
f 1336/27/1293 1261/39/4118 1294/28/1294
f 1358/26/1292 1294/28/1294 1263/29/1295
f 1334/17/1296 1359/2/1299 1296/2/1297
f 1277/17/1266 1321/2/1265 1359/2/1299
f 1321/2/1265 1282/2/1256 1337/2/1300
f 1359/2/1299 1337/2/1300 1265/1/1301
f 1337/2/1300 1360/2/1303 1297/2/1302
f 1282/2/1256 1318/2/1255 1360/2/1303
f 1318/2/1255 1279/11/1254 1338/2/1304
f 1360/2/1303 1338/2/1304 1266/1/1305
f 1313/30/1243 1361/32/1307 1339/31/1306
f 1283/5/1245 1335/25/1291 1361/32/1307
f 1335/25/1291 1263/29/1295 1295/33/1308
f 1361/32/1307 1295/33/1308 1262/34/1308
f 1341/25/1309 1362/26/1310 1333/35/1289
f 1263/29/1295 1294/28/1294 1362/26/1310
f 1294/28/1294 1261/39/4118 1342/27/1311
f 1362/26/1310 1342/27/1311 1286/23/1290
f 1303/2/1312 1363/2/1316 1340/17/1313
f 1271/1/1315 1343/2/1317 1363/2/1316
f 1343/2/1317 1292/2/1269 1331/2/1281
f 1363/2/1316 1331/2/1281 1285/2/1283
f 1304/2/1318 1364/2/1319 1343/2/1317
f 1272/1/1318 1344/2/1320 1364/2/1319
f 1344/2/1320 1289/11/1270 1325/2/1267
f 1364/2/1319 1325/2/1267 1292/2/1269
f 1345/31/1321 1365/37/1322 1330/36/1279
f 1262/34/1308 1295/33/1308 1365/37/1322
f 1295/33/1308 1263/29/1295 1341/25/1309
f 1365/37/1322 1341/25/1309 1291/21/1280
f 1370/1/1323 1402/1/1326 1451/1/1324
f 1402/1/1326 1371/1/1324 1405/1/1327
f 1451/1/1324 1405/1/1327 1374/1/1327
f 1406/1/1325 1451/1/1324 1404/1/1324
f 1369/1/1329 1401/2/1332 1452/2/1330
f 1401/2/1332 1370/1/1323 1406/2/1325
f 1452/2/1330 1406/2/1325 1373/1/1328
f 1407/2/1331 1452/2/1330 1403/2/1333
f 1376/1/1335 1413/1/1338 1453/1/1336
f 1413/1/1338 1379/1/1346 1411/1/1336
f 1453/1/1336 1411/1/1336 1380/1/1337
f 1409/1/1337 1453/1/1336 1412/1/1339
f 1375/1/1341 1414/2/1344 1454/2/1342
f 1414/2/1344 1378/1/4119 1410/2/1345
f 1454/2/1342 1410/2/1345 1379/1/1346
f 1408/2/1343 1454/2/1342 1413/2/1338
f 1418/3/1347 1455/7/1351 1417/4/1348
f 1385/6/1350 1419/8/1352 1455/7/1351
f 1419/8/1352 1386/38/4120 1420/9/1353
f 1455/7/1351 1420/9/1353 1389/10/1354
f 1389/1/1354 1420/2/1353 1456/2/1355
f 1420/2/1353 1386/1/4120 1422/2/1357
f 1456/2/1355 1422/2/1357 1384/11/1358
f 1421/2/1356 1456/2/1355 1423/2/1359
f 1424/12/1361 1457/15/1364 1415/13/1362
f 1388/5/1349 1417/4/1348 1457/15/1364
f 1417/4/1348 1389/10/1354 1425/16/1365
f 1457/15/1364 1425/16/1365 1383/1/1366
f 1425/2/1365 1458/2/1368 1416/17/1367
f 1389/1/1354 1421/2/1356 1458/2/1368
f 1421/2/1356 1387/2/1360 1426/2/1369
f 1416/17/1367 1458/2/1368 1426/2/1369
f 1430/2/1371 1459/2/1375 1429/2/1372
f 1394/11/1374 1431/2/1376 1459/2/1375
f 1431/2/1376 1395/1/4121 1432/2/1377
f 1459/2/1375 1432/2/1377 1398/1/1378
f 1398/10/1378 1432/9/1377 1460/7/1379
f 1432/9/1377 1395/38/4121 1434/19/1381
f 1460/7/1379 1434/19/1381 1393/6/1382
f 1433/18/1380 1460/7/1379 1435/20/1383
f 1436/2/1385 1461/2/1388 1427/17/1386
f 1436/2/1385 1397/2/1373 1429/2/1372
f 1461/2/1388 1429/2/1372 1398/1/1378
f 1427/17/1386 1461/2/1388 1437/2/1389
f 1392/1/1390 1437/16/1389 1462/15/1391
f 1437/16/1389 1398/10/1378 1433/18/1380
f 1462/15/1391 1433/18/1380 1396/21/1384
f 1428/22/1392 1462/15/1391 1438/12/1393
f 1424/24/1361 1463/26/1396 1440/25/1395
f 1381/14/1363 1441/27/1397 1463/26/1396
f 1441/27/1397 1366/39/4122 1399/28/1398
f 1463/26/1396 1399/28/1398 1368/29/1399
f 1439/17/1400 1464/2/1403 1401/2/1401
f 1382/17/1370 1426/2/1369 1464/2/1403
f 1426/2/1369 1387/2/1360 1442/2/1404
f 1464/2/1403 1442/2/1404 1370/1/1405
f 1442/2/1404 1465/2/1407 1402/2/1406
f 1387/2/1360 1423/2/1359 1465/2/1407
f 1423/2/1359 1384/11/1358 1443/2/1408
f 1465/2/1407 1443/2/1408 1371/1/1409
f 1418/30/1347 1466/32/1411 1444/31/1410
f 1388/5/1349 1440/25/1395 1466/32/1411
f 1440/25/1395 1368/29/1399 1400/33/1412
f 1466/32/1411 1400/33/1412 1367/34/1412
f 1446/25/1413 1467/26/1414 1438/35/1393
f 1368/29/1399 1399/28/1398 1467/26/1414
f 1399/28/1398 1366/39/4122 1447/27/1415
f 1467/26/1414 1447/27/1415 1391/23/1394
f 1408/2/1416 1468/2/1420 1445/17/1417
f 1376/1/1419 1448/2/1421 1468/2/1420
f 1448/2/1421 1397/2/1373 1436/2/1385
f 1468/2/1420 1436/2/1385 1390/2/1387
f 1409/2/1422 1469/2/1423 1448/2/1421
f 1377/1/1422 1449/2/1423 1469/2/1423
f 1449/2/1423 1394/11/1374 1430/2/1371
f 1469/2/1423 1430/2/1371 1397/2/1373
f 1450/31/1424 1470/37/1425 1435/36/1383
f 1367/34/1412 1400/33/1412 1470/37/1425
f 1400/33/1412 1368/29/1399 1446/25/1413
f 1470/37/1425 1446/25/1413 1396/21/1384
f 1475/1/1426 1507/1/1427 1556/1/1427
f 1507/1/1427 1476/1/4123 1510/1/1427
f 1556/1/1427 1510/1/1427 1479/1/1427
f 1511/1/1428 1556/1/1427 1509/1/1427
f 1474/1/1430 1506/2/1433 1557/2/1431
f 1506/2/1433 1475/1/1426 1511/2/1428
f 1557/2/1431 1511/2/1428 1478/1/1429
f 1512/2/1432 1557/2/1431 1508/2/1434
f 1481/1/1436 1518/1/1438 1558/1/1437
f 1518/1/1438 1484/1/1446 1516/1/1439
f 1558/1/1437 1516/1/1439 1485/1/1437
f 1514/1/1437 1558/1/1437 1517/1/1440
f 1480/1/1441 1519/2/1444 1559/2/1442
f 1519/2/1444 1483/1/4124 1515/2/1445
f 1559/2/1442 1515/2/1445 1484/1/1446
f 1513/2/1443 1559/2/1442 1518/2/1438
f 1523/3/1447 1560/7/1451 1522/4/1448
f 1490/6/1450 1524/8/1452 1560/7/1451
f 1524/8/1452 1491/38/4125 1525/9/1453
f 1560/7/1451 1525/9/1453 1494/10/1454
f 1494/1/1454 1525/2/1453 1561/2/1455
f 1525/2/1453 1491/1/4125 1527/2/1457
f 1561/2/1455 1527/2/1457 1489/11/1458
f 1526/2/1456 1561/2/1455 1528/2/1459
f 1529/12/1461 1562/15/1464 1520/13/1462
f 1493/5/1449 1522/4/1448 1562/15/1464
f 1522/4/1448 1494/10/1454 1530/16/1465
f 1562/15/1464 1530/16/1465 1488/1/1466
f 1530/2/1465 1563/2/1468 1521/17/1467
f 1494/1/1454 1526/2/1456 1563/2/1468
f 1526/2/1456 1492/2/1460 1531/2/1469
f 1521/17/1467 1563/2/1468 1531/2/1469
f 1535/2/1471 1564/2/1475 1534/2/1472
f 1499/11/1474 1536/2/1476 1564/2/1475
f 1536/2/1476 1500/1/4126 1537/2/1477
f 1564/2/1475 1537/2/1477 1503/1/1478
f 1503/10/1478 1537/9/1477 1565/7/1479
f 1537/9/1477 1500/38/4126 1539/19/1481
f 1565/7/1479 1539/19/1481 1498/6/1482
f 1538/18/1480 1565/7/1479 1540/20/1483
f 1541/2/1485 1566/2/1488 1532/17/1486
f 1541/2/1485 1502/2/1473 1534/2/1472
f 1566/2/1488 1534/2/1472 1503/1/1478
f 1532/17/1486 1566/2/1488 1542/2/1489
f 1497/1/1490 1542/16/1489 1567/15/1491
f 1542/16/1489 1503/10/1478 1538/18/1480
f 1567/15/1491 1538/18/1480 1501/21/1484
f 1533/22/1492 1567/15/1491 1543/12/1493
f 1529/24/1461 1568/26/1496 1545/25/1495
f 1486/14/1463 1546/27/1497 1568/26/1496
f 1546/27/1497 1471/39/4127 1504/28/1498
f 1568/26/1496 1504/28/1498 1473/29/1499
f 1544/17/1500 1569/2/1503 1506/2/1501
f 1487/17/1470 1531/2/1469 1569/2/1503
f 1531/2/1469 1492/2/1460 1547/2/1504
f 1569/2/1503 1547/2/1504 1475/1/1505
f 1547/2/1504 1570/2/1507 1507/2/1506
f 1492/2/1460 1528/2/1459 1570/2/1507
f 1528/2/1459 1489/11/1458 1548/2/1508
f 1570/2/1507 1548/2/1508 1476/1/1506
f 1523/30/1447 1571/32/1510 1549/31/1509
f 1493/5/1449 1545/25/1495 1571/32/1510
f 1545/25/1495 1473/29/1499 1505/33/1511
f 1571/32/1510 1505/33/1511 1472/34/1511
f 1551/25/1512 1572/26/1513 1543/35/1493
f 1473/29/1499 1504/28/1498 1572/26/1513
f 1504/28/1498 1471/39/4127 1552/27/1514
f 1572/26/1513 1552/27/1514 1496/23/1494
f 1513/2/1515 1573/2/1519 1550/17/1516
f 1481/1/1518 1553/2/1520 1573/2/1519
f 1553/2/1520 1502/2/1473 1541/2/1485
f 1573/2/1519 1541/2/1485 1495/2/1487
f 1514/2/1521 1574/2/1523 1553/2/1520
f 1482/1/1522 1554/2/1524 1574/2/1523
f 1554/2/1524 1499/11/1474 1535/2/1471
f 1574/2/1523 1535/2/1471 1502/2/1473
f 1555/31/1525 1575/37/1526 1540/36/1483
f 1472/34/1511 1505/33/1511 1575/37/1526
f 1505/33/1511 1473/29/1499 1551/25/1512
f 1575/37/1526 1551/25/1512 1501/21/1484
f 1580/1/1527 1612/1/1530 1661/1/1528
f 1612/1/1530 1581/1/4128 1615/1/1530
f 1661/1/1528 1615/1/1530 1584/1/1528
f 1616/1/1529 1661/1/1528 1614/1/1531
f 1579/1/1533 1611/2/1536 1662/2/1534
f 1611/2/1536 1580/1/1527 1616/2/1529
f 1662/2/1534 1616/2/1529 1583/1/1532
f 1617/2/1535 1662/2/1534 1613/2/1537
f 1586/1/1539 1623/1/1541 1663/1/1540
f 1623/1/1541 1589/1/1550 1621/1/1540
f 1663/1/1540 1621/1/1540 1590/1/1542
f 1619/1/1540 1663/1/1540 1622/1/1543
f 1585/1/1545 1624/2/1548 1664/2/1546
f 1624/2/1548 1588/1/4129 1620/2/1549
f 1664/2/1546 1620/2/1549 1589/1/1550
f 1618/2/1547 1664/2/1546 1623/2/1541
f 1628/3/1551 1665/7/1555 1627/4/1552
f 1595/6/1554 1629/8/1556 1665/7/1555
f 1629/8/1556 1596/38/4130 1630/9/1557
f 1665/7/1555 1630/9/1557 1599/10/1558
f 1599/1/1558 1630/2/1557 1666/2/1559
f 1630/2/1557 1596/1/4130 1632/2/1561
f 1666/2/1559 1632/2/1561 1594/11/1562
f 1631/2/1560 1666/2/1559 1633/2/1563
f 1634/12/1565 1667/15/1568 1625/13/1566
f 1598/5/1553 1627/4/1552 1667/15/1568
f 1627/4/1552 1599/10/1558 1635/16/1569
f 1667/15/1568 1635/16/1569 1593/1/1570
f 1635/2/1569 1668/2/1572 1626/17/1571
f 1599/1/1558 1631/2/1560 1668/2/1572
f 1631/2/1560 1597/2/1564 1636/2/1573
f 1626/17/1571 1668/2/1572 1636/2/1573
f 1640/2/1575 1669/2/1579 1639/2/1576
f 1604/11/1578 1641/2/1580 1669/2/1579
f 1641/2/1580 1605/1/4131 1642/2/1581
f 1669/2/1579 1642/2/1581 1608/1/1582
f 1608/10/1582 1642/9/1581 1670/7/1583
f 1642/9/1581 1605/38/4131 1644/19/1585
f 1670/7/1583 1644/19/1585 1603/6/1586
f 1643/18/1584 1670/7/1583 1645/20/1587
f 1646/2/1589 1671/2/1592 1637/17/1590
f 1646/2/1589 1607/2/1577 1639/2/1576
f 1671/2/1592 1639/2/1576 1608/1/1582
f 1637/17/1590 1671/2/1592 1647/2/1593
f 1602/1/1594 1647/16/1593 1672/15/1595
f 1647/16/1593 1608/10/1582 1643/18/1584
f 1672/15/1595 1643/18/1584 1606/21/1588
f 1638/22/1596 1672/15/1595 1648/12/1597
f 1634/24/1565 1673/26/1600 1650/25/1599
f 1591/14/1567 1651/27/1601 1673/26/1600
f 1651/27/1601 1576/39/4132 1609/28/1602
f 1673/26/1600 1609/28/1602 1578/29/1603
f 1649/17/1604 1674/2/1607 1611/2/1605
f 1592/17/1574 1636/2/1573 1674/2/1607
f 1636/2/1573 1597/2/1564 1652/2/1608
f 1674/2/1607 1652/2/1608 1580/1/1609
f 1652/2/1608 1675/2/1611 1612/2/1610
f 1597/2/1564 1633/2/1563 1675/2/1611
f 1633/2/1563 1594/11/1562 1653/2/1611
f 1675/2/1611 1653/2/1611 1581/1/1612
f 1628/30/1551 1676/32/1614 1654/31/1613
f 1598/5/1553 1650/25/1599 1676/32/1614
f 1650/25/1599 1578/29/1603 1610/33/1615
f 1676/32/1614 1610/33/1615 1577/34/1615
f 1656/25/1616 1677/26/1617 1648/35/1597
f 1578/29/1603 1609/28/1602 1677/26/1617
f 1609/28/1602 1576/39/4132 1657/27/1618
f 1677/26/1617 1657/27/1618 1601/23/1598
f 1618/2/1619 1678/2/1623 1655/17/1620
f 1586/1/1622 1658/2/1624 1678/2/1623
f 1658/2/1624 1607/2/1577 1646/2/1589
f 1678/2/1623 1646/2/1589 1600/2/1591
f 1619/2/1625 1679/2/1627 1658/2/1624
f 1587/1/1626 1659/2/1627 1679/2/1627
f 1659/2/1627 1604/11/1578 1640/2/1575
f 1679/2/1627 1640/2/1575 1607/2/1577
f 1660/31/1628 1680/37/1629 1645/36/1587
f 1577/34/1615 1610/33/1615 1680/37/1629
f 1610/33/1615 1578/29/1603 1656/25/1616
f 1680/37/1629 1656/25/1616 1606/21/1588
f 1685/1/1630 1717/1/1631 1766/1/1631
f 1717/1/1631 1686/1/1633 1720/1/1633
f 1766/1/1631 1720/1/1633 1689/1/1634
f 1721/1/1632 1766/1/1631 1719/1/1631
f 1684/1/1636 1716/2/1639 1767/2/1637
f 1716/2/1639 1685/1/1630 1721/2/1632
f 1767/2/1637 1721/2/1632 1688/1/1635
f 1722/2/1638 1767/2/1637 1718/2/1640
f 1691/1/1642 1728/1/1644 1768/1/1643
f 1728/1/1644 1694/1/1651 1726/1/1643
f 1768/1/1643 1726/1/1643 1695/1/1645
f 1724/1/1643 1768/1/1643 1727/1/1643
f 1690/1/1646 1729/2/1649 1769/2/1647
f 1729/2/1649 1693/1/4133 1725/2/1650
f 1769/2/1647 1725/2/1650 1694/1/1651
f 1723/2/1648 1769/2/1647 1728/2/1644
f 1733/3/1652 1770/7/1656 1732/4/1653
f 1700/6/1655 1734/8/1657 1770/7/1656
f 1734/8/1657 1701/38/4134 1735/9/1658
f 1770/7/1656 1735/9/1658 1704/10/1659
f 1704/1/1659 1735/2/1658 1771/2/1660
f 1735/2/1658 1701/1/4134 1737/2/1662
f 1771/2/1660 1737/2/1662 1699/11/1663
f 1736/2/1661 1771/2/1660 1738/2/1664
f 1739/12/1666 1772/15/1669 1730/13/1667
f 1703/5/1654 1732/4/1653 1772/15/1669
f 1732/4/1653 1704/10/1659 1740/16/1670
f 1772/15/1669 1740/16/1670 1698/1/1671
f 1740/2/1670 1773/2/1673 1731/17/1672
f 1704/1/1659 1736/2/1661 1773/2/1673
f 1736/2/1661 1702/2/1665 1741/2/1674
f 1731/17/1672 1773/2/1673 1741/2/1674
f 1745/2/1676 1774/2/1680 1744/2/1677
f 1709/11/1679 1746/2/1681 1774/2/1680
f 1746/2/1681 1710/1/4135 1747/2/1682
f 1774/2/1680 1747/2/1682 1713/1/1683
f 1713/10/1683 1747/9/1682 1775/7/1684
f 1747/9/1682 1710/38/4135 1749/19/1686
f 1775/7/1684 1749/19/1686 1708/6/1687
f 1748/18/1685 1775/7/1684 1750/20/1688
f 1751/2/1690 1776/2/1693 1742/17/1691
f 1751/2/1690 1712/2/1678 1744/2/1677
f 1776/2/1693 1744/2/1677 1713/1/1683
f 1742/17/1691 1776/2/1693 1752/2/1694
f 1707/1/1695 1752/16/1694 1777/15/1696
f 1752/16/1694 1713/10/1683 1748/18/1685
f 1777/15/1696 1748/18/1685 1711/21/1689
f 1743/22/1697 1777/15/1696 1753/12/1698
f 1739/24/1666 1778/26/1701 1755/25/1700
f 1696/14/1668 1756/27/1702 1778/26/1701
f 1756/27/1702 1681/39/4136 1714/28/1703
f 1778/26/1701 1714/28/1703 1683/29/1704
f 1754/17/1705 1779/2/1708 1716/2/1706
f 1697/17/1675 1741/2/1674 1779/2/1708
f 1741/2/1674 1702/2/1665 1757/2/1709
f 1779/2/1708 1757/2/1709 1685/1/1710
f 1757/2/1709 1780/2/1712 1717/2/1711
f 1702/2/1665 1738/2/1664 1780/2/1712
f 1738/2/1664 1699/11/1663 1758/2/1712
f 1780/2/1712 1758/2/1712 1686/1/1713
f 1733/30/1652 1781/32/1715 1759/31/1714
f 1703/5/1654 1755/25/1700 1781/32/1715
f 1755/25/1700 1683/29/1704 1715/33/1716
f 1781/32/1715 1715/33/1716 1682/34/1717
f 1761/25/1718 1782/26/1719 1753/35/1698
f 1683/29/1704 1714/28/1703 1782/26/1719
f 1714/28/1703 1681/39/4136 1762/27/1720
f 1782/26/1719 1762/27/1720 1706/23/1699
f 1723/2/1721 1783/2/1725 1760/17/1722
f 1691/1/1724 1763/2/1726 1783/2/1725
f 1763/2/1726 1712/2/1678 1751/2/1690
f 1783/2/1725 1751/2/1690 1705/2/1692
f 1724/2/1727 1784/2/1728 1763/2/1726
f 1692/1/1727 1764/2/1729 1784/2/1728
f 1764/2/1729 1709/11/1679 1745/2/1676
f 1784/2/1728 1745/2/1676 1712/2/1678
f 1765/31/1730 1785/37/1731 1750/36/1688
f 1682/34/1717 1715/33/1716 1785/37/1731
f 1715/33/1716 1683/29/1704 1761/25/1718
f 1785/37/1731 1761/25/1718 1711/21/1689
f 1790/1/1732 1822/1/1735 1871/1/1733
f 1822/1/1735 1791/1/4137 1825/1/1735
f 1871/1/1733 1825/1/1735 1794/1/1733
f 1826/1/1734 1871/1/1733 1824/1/1733
f 1789/1/1737 1821/2/1740 1872/2/1738
f 1821/2/1740 1790/1/1732 1826/2/1734
f 1872/2/1738 1826/2/1734 1793/1/1736
f 1827/2/1739 1872/2/1738 1823/2/1741
f 1796/1/1743 1833/1/1746 1873/1/1744
f 1833/1/1746 1799/1/1753 1831/1/1747
f 1873/1/1744 1831/1/1747 1800/1/1744
f 1829/1/1745 1873/1/1744 1832/1/1745
f 1795/1/1748 1834/2/1751 1874/2/1749
f 1834/2/1751 1798/1/4138 1830/2/1752
f 1874/2/1749 1830/2/1752 1799/1/1753
f 1828/2/1750 1874/2/1749 1833/2/1746
f 1838/3/1754 1875/7/1758 1837/4/1755
f 1805/6/1757 1839/8/1759 1875/7/1758
f 1839/8/1759 1806/38/4139 1840/9/1760
f 1875/7/1758 1840/9/1760 1809/10/1761
f 1809/1/1761 1840/2/1760 1876/2/1762
f 1840/2/1760 1806/1/4139 1842/2/1764
f 1876/2/1762 1842/2/1764 1804/11/1765
f 1841/2/1763 1876/2/1762 1843/2/1766
f 1844/12/1768 1877/15/1771 1835/13/1769
f 1808/5/1756 1837/4/1755 1877/15/1771
f 1837/4/1755 1809/10/1761 1845/16/1772
f 1877/15/1771 1845/16/1772 1803/1/1773
f 1845/2/1772 1878/2/1775 1836/17/1774
f 1809/1/1761 1841/2/1763 1878/2/1775
f 1841/2/1763 1807/2/1767 1846/2/1776
f 1836/17/1774 1878/2/1775 1846/2/1776
f 1850/2/1778 1879/2/1782 1849/2/1779
f 1814/11/1781 1851/2/1783 1879/2/1782
f 1851/2/1783 1815/1/4140 1852/2/1784
f 1879/2/1782 1852/2/1784 1818/1/1785
f 1818/10/1785 1852/9/1784 1880/7/1786
f 1852/9/1784 1815/38/4140 1854/19/1788
f 1880/7/1786 1854/19/1788 1813/6/1789
f 1853/18/1787 1880/7/1786 1855/20/1790
f 1856/2/1792 1881/2/1795 1847/17/1793
f 1856/2/1792 1817/2/1780 1849/2/1779
f 1881/2/1795 1849/2/1779 1818/1/1785
f 1847/17/1793 1881/2/1795 1857/2/1796
f 1812/1/1797 1857/16/1796 1882/15/1798
f 1857/16/1796 1818/10/1785 1853/18/1787
f 1882/15/1798 1853/18/1787 1816/21/1791
f 1848/22/1799 1882/15/1798 1858/12/1800
f 1844/24/1768 1883/26/1803 1860/25/1802
f 1801/14/1770 1861/27/1804 1883/26/1803
f 1861/27/1804 1786/39/4141 1819/28/1805
f 1883/26/1803 1819/28/1805 1788/29/1806
f 1859/17/1807 1884/2/1809 1821/2/1808
f 1802/17/1777 1846/2/1776 1884/2/1809
f 1846/2/1776 1807/2/1767 1862/2/1810
f 1884/2/1809 1862/2/1810 1790/1/1811
f 1862/2/1810 1885/2/1813 1822/2/1812
f 1807/2/1767 1843/2/1766 1885/2/1813
f 1843/2/1766 1804/11/1765 1863/2/1813
f 1885/2/1813 1863/2/1813 1791/1/1814
f 1838/30/1754 1886/32/1816 1864/31/1815
f 1808/5/1756 1860/25/1802 1886/32/1816
f 1860/25/1802 1788/29/1806 1820/33/1817
f 1886/32/1816 1820/33/1817 1787/34/1817
f 1866/25/1818 1887/26/1819 1858/35/1800
f 1788/29/1806 1819/28/1805 1887/26/1819
f 1819/28/1805 1786/39/4141 1867/27/1820
f 1887/26/1819 1867/27/1820 1811/23/1801
f 1828/2/1821 1888/2/1824 1865/17/1822
f 1796/1/1823 1868/2/1825 1888/2/1824
f 1868/2/1825 1817/2/1780 1856/2/1792
f 1888/2/1824 1856/2/1792 1810/2/1794
f 1829/2/1826 1889/2/1828 1868/2/1825
f 1797/1/1827 1869/2/1828 1889/2/1828
f 1869/2/1828 1814/11/1781 1850/2/1778
f 1889/2/1828 1850/2/1778 1817/2/1780
f 1870/31/1829 1890/37/1830 1855/36/1790
f 1787/34/1817 1820/33/1817 1890/37/1830
f 1820/33/1817 1788/29/1806 1866/25/1818
f 1890/37/1830 1866/25/1818 1816/21/1791
f 1895/1/1831 1927/1/1834 1976/1/1832
f 1927/1/1834 1896/1/4142 1930/1/1832
f 1976/1/1832 1930/1/1832 1899/1/1832
f 1931/1/1833 1976/1/1832 1929/1/1832
f 1894/1/1836 1926/2/1839 1977/2/1837
f 1926/2/1839 1895/1/1831 1931/2/1833
f 1977/2/1837 1931/2/1833 1898/1/1835
f 1932/2/1838 1977/2/1837 1928/2/1840
f 1901/1/1842 1938/1/1845 1978/1/1843
f 1938/1/1845 1904/1/1851 1936/1/1843
f 1978/1/1843 1936/1/1843 1905/1/1843
f 1934/1/1844 1978/1/1843 1937/1/1843
f 1900/1/1846 1939/2/1849 1979/2/1847
f 1939/2/1849 1903/1/4143 1935/2/1850
f 1979/2/1847 1935/2/1850 1904/1/1851
f 1933/2/1848 1979/2/1847 1938/2/1845
f 1943/3/1852 1980/7/1856 1942/4/1853
f 1910/6/1855 1944/8/1857 1980/7/1856
f 1944/8/1857 1911/38/4144 1945/9/1858
f 1980/7/1856 1945/9/1858 1914/10/1859
f 1914/1/1859 1945/2/1858 1981/2/1860
f 1945/2/1858 1911/1/4144 1947/2/1862
f 1981/2/1860 1947/2/1862 1909/11/1863
f 1946/2/1861 1981/2/1860 1948/2/1864
f 1949/12/1866 1982/15/1869 1940/13/1867
f 1913/5/1854 1942/4/1853 1982/15/1869
f 1942/4/1853 1914/10/1859 1950/16/1870
f 1982/15/1869 1950/16/1870 1908/1/1871
f 1950/2/1870 1983/2/1873 1941/17/1872
f 1914/1/1859 1946/2/1861 1983/2/1873
f 1946/2/1861 1912/2/1865 1951/2/1874
f 1941/17/1872 1983/2/1873 1951/2/1874
f 1955/2/1876 1984/2/1880 1954/2/1877
f 1919/11/1879 1956/2/1881 1984/2/1880
f 1956/2/1881 1920/1/4145 1957/2/1882
f 1984/2/1880 1957/2/1882 1923/1/1883
f 1923/10/1883 1957/9/1882 1985/7/1884
f 1957/9/1882 1920/38/4145 1959/19/1886
f 1985/7/1884 1959/19/1886 1918/6/1887
f 1958/18/1885 1985/7/1884 1960/20/1888
f 1961/2/1890 1986/2/1893 1952/17/1891
f 1961/2/1890 1922/2/1878 1954/2/1877
f 1986/2/1893 1954/2/1877 1923/1/1883
f 1952/17/1891 1986/2/1893 1962/2/1894
f 1917/1/1895 1962/16/1894 1987/15/1896
f 1962/16/1894 1923/10/1883 1958/18/1885
f 1987/15/1896 1958/18/1885 1921/21/1889
f 1953/22/1897 1987/15/1896 1963/12/1898
f 1949/24/1866 1988/26/1901 1965/25/1900
f 1906/14/1868 1966/27/1902 1988/26/1901
f 1966/27/1902 1891/39/4146 1924/28/1903
f 1988/26/1901 1924/28/1903 1893/29/1904
f 1964/17/1905 1989/2/1908 1926/2/1906
f 1907/17/1875 1951/2/1874 1989/2/1908
f 1951/2/1874 1912/2/1865 1967/2/1909
f 1989/2/1908 1967/2/1909 1895/1/1910
f 1967/2/1909 1990/2/1912 1927/2/1911
f 1912/2/1865 1948/2/1864 1990/2/1912
f 1948/2/1864 1909/11/1863 1968/2/1912
f 1990/2/1912 1968/2/1912 1896/1/1911
f 1943/30/1852 1991/32/1914 1969/31/1913
f 1913/5/1854 1965/25/1900 1991/32/1914
f 1965/25/1900 1893/29/1904 1925/33/1915
f 1991/32/1914 1925/33/1915 1892/34/1915
f 1971/25/1916 1992/26/1917 1963/35/1898
f 1893/29/1904 1924/28/1903 1992/26/1917
f 1924/28/1903 1891/39/4146 1972/27/1918
f 1992/26/1917 1972/27/1918 1916/23/1899
f 1933/2/1919 1993/2/1923 1970/17/1920
f 1901/1/1922 1973/2/1924 1993/2/1923
f 1973/2/1924 1922/2/1878 1961/2/1890
f 1993/2/1923 1961/2/1890 1915/2/1892
f 1934/2/1925 1994/2/1927 1973/2/1924
f 1902/1/1926 1974/2/1927 1994/2/1927
f 1974/2/1927 1919/11/1879 1955/2/1876
f 1994/2/1927 1955/2/1876 1922/2/1878
f 1975/31/1928 1995/37/1929 1960/36/1888
f 1892/34/1915 1925/33/1915 1995/37/1929
f 1925/33/1915 1893/29/1904 1971/25/1916
f 1995/37/1929 1971/25/1916 1921/21/1889
f 2000/1/1930 2032/1/1931 2081/1/1931
f 2032/1/1931 2001/1/1933 2035/1/1933
f 2081/1/1931 2035/1/1933 2004/1/1933
f 2036/1/1932 2081/1/1931 2034/1/1933
f 1999/1/1935 2031/2/1938 2082/2/1936
f 2031/2/1938 2000/1/1930 2036/2/1932
f 2082/2/1936 2036/2/1932 2003/1/1934
f 2037/2/1937 2082/2/1936 2033/2/1939
f 2006/1/1941 2043/1/1944 2083/1/1942
f 2043/1/1944 2009/1/1952 2041/1/1942
f 2083/1/1942 2041/1/1942 2010/1/1945
f 2039/1/1943 2083/1/1942 2042/1/1946
f 2005/1/1947 2044/2/1950 2084/2/1948
f 2044/2/1950 2008/1/4147 2040/2/1951
f 2084/2/1948 2040/2/1951 2009/1/1952
f 2038/2/1949 2084/2/1948 2043/2/1944
f 2048/3/1953 2085/7/1957 2047/4/1954
f 2015/6/1956 2049/8/1958 2085/7/1957
f 2049/8/1958 2016/38/4148 2050/9/1959
f 2085/7/1957 2050/9/1959 2019/10/1960
f 2019/1/1960 2050/2/1959 2086/2/1961
f 2050/2/1959 2016/1/4148 2052/2/1963
f 2086/2/1961 2052/2/1963 2014/11/1964
f 2051/2/1962 2086/2/1961 2053/2/1965
f 2054/12/1967 2087/15/1970 2045/13/1968
f 2018/5/1955 2047/4/1954 2087/15/1970
f 2047/4/1954 2019/10/1960 2055/16/1971
f 2087/15/1970 2055/16/1971 2013/1/1972
f 2055/2/1971 2088/2/1974 2046/17/1973
f 2019/1/1960 2051/2/1962 2088/2/1974
f 2051/2/1962 2017/2/1966 2056/2/1975
f 2046/17/1973 2088/2/1974 2056/2/1975
f 2060/2/1977 2089/2/1981 2059/2/1978
f 2024/11/1980 2061/2/1982 2089/2/1981
f 2061/2/1982 2025/1/4149 2062/2/1983
f 2089/2/1981 2062/2/1983 2028/1/1984
f 2028/10/1984 2062/9/1983 2090/7/1985
f 2062/9/1983 2025/38/4149 2064/19/1987
f 2090/7/1985 2064/19/1987 2023/6/1988
f 2063/18/1986 2090/7/1985 2065/20/1989
f 2066/2/1991 2091/2/1994 2057/17/1992
f 2066/2/1991 2027/2/1979 2059/2/1978
f 2091/2/1994 2059/2/1978 2028/1/1984
f 2057/17/1992 2091/2/1994 2067/2/1995
f 2022/1/1996 2067/16/1995 2092/15/1997
f 2067/16/1995 2028/10/1984 2063/18/1986
f 2092/15/1997 2063/18/1986 2026/21/1990
f 2058/22/1998 2092/15/1997 2068/12/1999
f 2054/24/1967 2093/26/2002 2070/25/2001
f 2011/14/1969 2071/27/2003 2093/26/2002
f 2071/27/2003 1996/39/4150 2029/28/2004
f 2093/26/2002 2029/28/2004 1998/29/2005
f 2069/17/2006 2094/2/2009 2031/2/2007
f 2012/17/1976 2056/2/1975 2094/2/2009
f 2056/2/1975 2017/2/1966 2072/2/2010
f 2094/2/2009 2072/2/2010 2000/1/2011
f 2072/2/2010 2095/2/2013 2032/2/2012
f 2017/2/1966 2053/2/1965 2095/2/2013
f 2053/2/1965 2014/11/1964 2073/2/2013
f 2095/2/2013 2073/2/2013 2001/1/2012
f 2048/30/1953 2096/32/2015 2074/31/2014
f 2018/5/1955 2070/25/2001 2096/32/2015
f 2070/25/2001 1998/29/2005 2030/33/2016
f 2096/32/2015 2030/33/2016 1997/34/2016
f 2076/25/2017 2097/26/2018 2068/35/1999
f 1998/29/2005 2029/28/2004 2097/26/2018
f 2029/28/2004 1996/39/4150 2077/27/2019
f 2097/26/2018 2077/27/2019 2021/23/2000
f 2038/2/2020 2098/2/2024 2075/17/2021
f 2006/1/2023 2078/2/2025 2098/2/2024
f 2078/2/2025 2027/2/1979 2066/2/1991
f 2098/2/2024 2066/2/1991 2020/2/1993
f 2039/2/2026 2099/2/2027 2078/2/2025
f 2007/1/2026 2079/2/2028 2099/2/2027
f 2079/2/2028 2024/11/1980 2060/2/1977
f 2099/2/2027 2060/2/1977 2027/2/1979
f 2080/31/2029 2100/37/2030 2065/36/1989
f 1997/34/2016 2030/33/2016 2100/37/2030
f 2030/33/2016 1998/29/2005 2076/25/2017
f 2100/37/2030 2076/25/2017 2026/21/1990
f 2105/1/2031 2137/1/2032 2186/1/2032
f 2137/1/2032 2106/1/2034 2140/1/2034
f 2186/1/2032 2140/1/2034 2109/1/2032
f 2141/1/2033 2186/1/2032 2139/1/2035
f 2104/1/2037 2136/2/2040 2187/2/2038
f 2136/2/2040 2105/1/2031 2141/2/2033
f 2187/2/2038 2141/2/2033 2108/1/2036
f 2142/2/2039 2187/2/2038 2138/2/2041
f 2111/1/2043 2148/1/2045 2188/1/2044
f 2148/1/2045 2114/1/2054 2146/1/2046
f 2188/1/2044 2146/1/2046 2115/1/2047
f 2144/1/2044 2188/1/2044 2147/1/2044
f 2110/1/2049 2149/2/2052 2189/2/2050
f 2149/2/2052 2113/1/4151 2145/2/2053
f 2189/2/2050 2145/2/2053 2114/1/2054
f 2143/2/2051 2189/2/2050 2148/2/2045
f 2153/3/2055 2190/7/2059 2152/4/2056
f 2120/6/2058 2154/8/2060 2190/7/2059
f 2154/8/2060 2121/38/4152 2155/9/2061
f 2190/7/2059 2155/9/2061 2124/10/2062
f 2124/1/2062 2155/2/2061 2191/2/2063
f 2155/2/2061 2121/1/4152 2157/2/2065
f 2191/2/2063 2157/2/2065 2119/11/2066
f 2156/2/2064 2191/2/2063 2158/2/2067
f 2159/12/2069 2192/15/2072 2150/13/2070
f 2123/5/2057 2152/4/2056 2192/15/2072
f 2152/4/2056 2124/10/2062 2160/16/2073
f 2192/15/2072 2160/16/2073 2118/1/2074
f 2160/2/2073 2193/2/2076 2151/17/2075
f 2124/1/2062 2156/2/2064 2193/2/2076
f 2156/2/2064 2122/2/2068 2161/2/2077
f 2151/17/2075 2193/2/2076 2161/2/2077
f 2165/2/2079 2194/2/2083 2164/2/2080
f 2129/11/2082 2166/2/2084 2194/2/2083
f 2166/2/2084 2130/1/4153 2167/2/2085
f 2194/2/2083 2167/2/2085 2133/1/2086
f 2133/10/2086 2167/9/2085 2195/7/2087
f 2167/9/2085 2130/38/4153 2169/19/2089
f 2195/7/2087 2169/19/2089 2128/6/2090
f 2168/18/2088 2195/7/2087 2170/20/2091
f 2171/2/2093 2196/2/2096 2162/17/2094
f 2171/2/2093 2132/2/2081 2164/2/2080
f 2196/2/2096 2164/2/2080 2133/1/2086
f 2162/17/2094 2196/2/2096 2172/2/2097
f 2127/1/2098 2172/16/2097 2197/15/2099
f 2172/16/2097 2133/10/2086 2168/18/2088
f 2197/15/2099 2168/18/2088 2131/21/2092
f 2163/22/2100 2197/15/2099 2173/12/2101
f 2159/24/2069 2198/26/2104 2175/25/2103
f 2116/14/2071 2176/27/2105 2198/26/2104
f 2176/27/2105 2101/39/4154 2134/28/2106
f 2198/26/2104 2134/28/2106 2103/29/2107
f 2174/17/2108 2199/2/2111 2136/2/2109
f 2117/17/2078 2161/2/2077 2199/2/2111
f 2161/2/2077 2122/2/2068 2177/2/2112
f 2199/2/2111 2177/2/2112 2105/1/2113
f 2177/2/2112 2200/2/2115 2137/2/2114
f 2122/2/2068 2158/2/2067 2200/2/2115
f 2158/2/2067 2119/11/2066 2178/2/2115
f 2200/2/2115 2178/2/2115 2106/1/2114
f 2153/30/2055 2201/32/2117 2179/31/2116
f 2123/5/2057 2175/25/2103 2201/32/2117
f 2175/25/2103 2103/29/2107 2135/33/2118
f 2201/32/2117 2135/33/2118 2102/34/2118
f 2181/25/2119 2202/26/2120 2173/35/2101
f 2103/29/2107 2134/28/2106 2202/26/2120
f 2134/28/2106 2101/39/4154 2182/27/2121
f 2202/26/2120 2182/27/2121 2126/23/2102
f 2143/2/2122 2203/2/2126 2180/17/2123
f 2111/1/2125 2183/2/2127 2203/2/2126
f 2183/2/2127 2132/2/2081 2171/2/2093
f 2203/2/2126 2171/2/2093 2125/2/2095
f 2144/2/2128 2204/2/2129 2183/2/2127
f 2112/1/2128 2184/2/2130 2204/2/2129
f 2184/2/2130 2129/11/2082 2165/2/2079
f 2204/2/2129 2165/2/2079 2132/2/2081
f 2185/31/2131 2205/37/2132 2170/36/2091
f 2102/34/2118 2135/33/2118 2205/37/2132
f 2135/33/2118 2103/29/2107 2181/25/2119
f 2205/37/2132 2181/25/2119 2131/21/2092
f 2210/1/2133 2242/1/2134 2291/1/2134
f 2242/1/2134 2211/1/4155 2245/1/2134
f 2291/1/2134 2245/1/2134 2214/1/2136
f 2246/1/2135 2291/1/2134 2244/1/2134
f 2209/1/2138 2241/2/2141 2292/2/2139
f 2241/2/2141 2210/1/2133 2246/2/2135
f 2292/2/2139 2246/2/2135 2213/1/2137
f 2247/2/2140 2292/2/2139 2243/2/2142
f 2216/1/2144 2253/1/2147 2293/1/2145
f 2253/1/2147 2219/1/2156 2251/1/2145
f 2293/1/2145 2251/1/2145 2220/1/2148
f 2249/1/2146 2293/1/2145 2252/1/2149
f 2215/1/2151 2254/2/2154 2294/2/2152
f 2254/2/2154 2218/1/4156 2250/2/2155
f 2294/2/2152 2250/2/2155 2219/1/2156
f 2248/2/2153 2294/2/2152 2253/2/2147
f 2258/3/2157 2295/7/2161 2257/4/2158
f 2225/6/2160 2259/8/2162 2295/7/2161
f 2259/8/2162 2226/38/4157 2260/9/2163
f 2295/7/2161 2260/9/2163 2229/10/2164
f 2229/1/2164 2260/2/2163 2296/2/2165
f 2260/2/2163 2226/1/4157 2262/2/2167
f 2296/2/2165 2262/2/2167 2224/11/2168
f 2261/2/2166 2296/2/2165 2263/2/2169
f 2264/12/2171 2297/15/2174 2255/13/2172
f 2228/5/2159 2257/4/2158 2297/15/2174
f 2257/4/2158 2229/10/2164 2265/16/2175
f 2297/15/2174 2265/16/2175 2223/1/2176
f 2265/2/2175 2298/2/2178 2256/17/2177
f 2229/1/2164 2261/2/2166 2298/2/2178
f 2261/2/2166 2227/2/2170 2266/2/2179
f 2256/17/2177 2298/2/2178 2266/2/2179
f 2270/2/2181 2299/2/2185 2269/2/2182
f 2234/11/2184 2271/2/2186 2299/2/2185
f 2271/2/2186 2235/1/4158 2272/2/2187
f 2299/2/2185 2272/2/2187 2238/1/2188
f 2238/10/2188 2272/9/2187 2300/7/2189
f 2272/9/2187 2235/38/4158 2274/19/2191
f 2300/7/2189 2274/19/2191 2233/6/2192
f 2273/18/2190 2300/7/2189 2275/20/2193
f 2276/2/2195 2301/2/2198 2267/17/2196
f 2276/2/2195 2237/2/2183 2269/2/2182
f 2301/2/2198 2269/2/2182 2238/1/2188
f 2267/17/2196 2301/2/2198 2277/2/2199
f 2232/1/2200 2277/16/2199 2302/15/2201
f 2277/16/2199 2238/10/2188 2273/18/2190
f 2302/15/2201 2273/18/2190 2236/21/2194
f 2268/22/2202 2302/15/2201 2278/12/2203
f 2264/24/2171 2303/26/2206 2280/25/2205
f 2221/14/2173 2281/27/2207 2303/26/2206
f 2281/27/2207 2206/39/4159 2239/28/2208
f 2303/26/2206 2239/28/2208 2208/29/2209
f 2279/17/2210 2304/2/2213 2241/2/2211
f 2222/17/2180 2266/2/2179 2304/2/2213
f 2266/2/2179 2227/2/2170 2282/2/2214
f 2304/2/2213 2282/2/2214 2210/1/2215
f 2282/2/2214 2305/2/2217 2242/2/2216
f 2227/2/2170 2263/2/2169 2305/2/2217
f 2263/2/2169 2224/11/2168 2283/2/2217
f 2305/2/2217 2283/2/2217 2211/1/2216
f 2258/30/2157 2306/32/2219 2284/31/2218
f 2228/5/2159 2280/25/2205 2306/32/2219
f 2280/25/2205 2208/29/2209 2240/33/2220
f 2306/32/2219 2240/33/2220 2207/34/2220
f 2286/25/2221 2307/26/2222 2278/35/2203
f 2208/29/2209 2239/28/2208 2307/26/2222
f 2239/28/2208 2206/39/4159 2287/27/2223
f 2307/26/2222 2287/27/2223 2231/23/2204
f 2248/2/2224 2308/2/2228 2285/17/2225
f 2216/1/2227 2288/2/2229 2308/2/2228
f 2288/2/2229 2237/2/2183 2276/2/2195
f 2308/2/2228 2276/2/2195 2230/2/2197
f 2249/2/2230 2309/2/2232 2288/2/2229
f 2217/1/2231 2289/2/2232 2309/2/2232
f 2289/2/2232 2234/11/2184 2270/2/2181
f 2309/2/2232 2270/2/2181 2237/2/2183
f 2290/31/2233 2310/37/2234 2275/36/2193
f 2207/34/2220 2240/33/2220 2310/37/2234
f 2240/33/2220 2208/29/2209 2286/25/2221
f 2310/37/2234 2286/25/2221 2236/21/2194
f 2315/1/2235 2347/1/2238 2396/1/2236
f 2347/1/2238 2316/1/2236 2350/1/2236
f 2396/1/2236 2350/1/2236 2319/1/2239
f 2351/1/2237 2396/1/2236 2349/1/2239
f 2314/1/2241 2346/2/2244 2397/2/2242
f 2346/2/2244 2315/1/2235 2351/2/2237
f 2397/2/2242 2351/2/2237 2318/1/2240
f 2352/2/2243 2397/2/2242 2348/2/2245
f 2321/1/2247 2358/1/2249 2398/1/2248
f 2358/1/2249 2324/1/2256 2356/1/2250
f 2398/1/2248 2356/1/2250 2325/1/2248
f 2354/1/2248 2398/1/2248 2357/1/2248
f 2320/1/2251 2359/2/2254 2399/2/2252
f 2359/2/2254 2323/1/4160 2355/2/2255
f 2399/2/2252 2355/2/2255 2324/1/2256
f 2353/2/2253 2399/2/2252 2358/2/2249
f 2363/3/2257 2400/7/2261 2362/4/2258
f 2330/6/2260 2364/8/2262 2400/7/2261
f 2364/8/2262 2331/38/4161 2365/9/2263
f 2400/7/2261 2365/9/2263 2334/10/2264
f 2334/1/2264 2365/2/2263 2401/2/2265
f 2365/2/2263 2331/1/4161 2367/2/2267
f 2401/2/2265 2367/2/2267 2329/11/2268
f 2366/2/2266 2401/2/2265 2368/2/2269
f 2369/12/2271 2402/15/2274 2360/13/2272
f 2333/5/2259 2362/4/2258 2402/15/2274
f 2362/4/2258 2334/10/2264 2370/16/2275
f 2402/15/2274 2370/16/2275 2328/1/2276
f 2370/2/2275 2403/2/2278 2361/17/2277
f 2334/1/2264 2366/2/2266 2403/2/2278
f 2366/2/2266 2332/2/2270 2371/2/2279
f 2361/17/2277 2403/2/2278 2371/2/2279
f 2375/2/2281 2404/2/2285 2374/2/2282
f 2339/11/2284 2376/2/2286 2404/2/2285
f 2376/2/2286 2340/1/4162 2377/2/2287
f 2404/2/2285 2377/2/2287 2343/1/2288
f 2343/10/2288 2377/9/2287 2405/7/2289
f 2377/9/2287 2340/38/4162 2379/19/2291
f 2405/7/2289 2379/19/2291 2338/6/2292
f 2378/18/2290 2405/7/2289 2380/20/2293
f 2381/2/2295 2406/2/2298 2372/17/2296
f 2381/2/2295 2342/2/2283 2374/2/2282
f 2406/2/2298 2374/2/2282 2343/1/2288
f 2372/17/2296 2406/2/2298 2382/2/2299
f 2337/1/2300 2382/16/2299 2407/15/2301
f 2382/16/2299 2343/10/2288 2378/18/2290
f 2407/15/2301 2378/18/2290 2341/21/2294
f 2373/22/2302 2407/15/2301 2383/12/2303
f 2369/24/2271 2408/26/2306 2385/25/2305
f 2326/14/2273 2386/27/2307 2408/26/2306
f 2386/27/2307 2311/39/4163 2344/28/2308
f 2408/26/2306 2344/28/2308 2313/29/2309
f 2384/17/2310 2409/2/2313 2346/2/2311
f 2327/17/2280 2371/2/2279 2409/2/2313
f 2371/2/2279 2332/2/2270 2387/2/2314
f 2409/2/2313 2387/2/2314 2315/1/2315
f 2387/2/2314 2410/2/2317 2347/2/2316
f 2332/2/2270 2368/2/2269 2410/2/2317
f 2368/2/2269 2329/11/2268 2388/2/2318
f 2410/2/2317 2388/2/2318 2316/1/2319
f 2363/30/2257 2411/32/2321 2389/31/2320
f 2333/5/2259 2385/25/2305 2411/32/2321
f 2385/25/2305 2313/29/2309 2345/33/2322
f 2411/32/2321 2345/33/2322 2312/34/2322
f 2391/25/2323 2412/26/2324 2383/35/2303
f 2313/29/2309 2344/28/2308 2412/26/2324
f 2344/28/2308 2311/39/4163 2392/27/2325
f 2412/26/2324 2392/27/2325 2336/23/2304
f 2353/2/2326 2413/2/2330 2390/17/2327
f 2321/1/2329 2393/2/2331 2413/2/2330
f 2393/2/2331 2342/2/2283 2381/2/2295
f 2413/2/2330 2381/2/2295 2335/2/2297
f 2354/2/2332 2414/2/2334 2393/2/2331
f 2322/1/2333 2394/2/2335 2414/2/2334
f 2394/2/2335 2339/11/2284 2375/2/2281
f 2414/2/2334 2375/2/2281 2342/2/2283
f 2395/31/2336 2415/37/2337 2380/36/2293
f 2312/34/2322 2345/33/2322 2415/37/2337
f 2345/33/2322 2313/29/2309 2391/25/2323
f 2415/37/2337 2391/25/2323 2341/21/2294
f 2420/1/2338 2452/1/2341 2501/1/2339
f 2452/1/2341 2421/1/2339 2455/1/2339
f 2501/1/2339 2455/1/2339 2424/1/2339
f 2456/1/2340 2501/1/2339 2454/1/2339
f 2419/1/2343 2451/2/2346 2502/2/2344
f 2451/2/2346 2420/1/2338 2456/2/2340
f 2502/2/2344 2456/2/2340 2423/1/2342
f 2457/2/2345 2502/2/2344 2453/2/2347
f 2426/1/2349 2463/1/2351 2503/1/2350
f 2463/1/2351 2429/1/2358 2461/1/2350
f 2503/1/2350 2461/1/2350 2430/1/2352
f 2459/1/2350 2503/1/2350 2462/1/2352
f 2425/1/2353 2464/2/2356 2504/2/2354
f 2464/2/2356 2428/1/4164 2460/2/2357
f 2504/2/2354 2460/2/2357 2429/1/2358
f 2458/2/2355 2504/2/2354 2463/2/2351
f 2468/3/2359 2505/7/2363 2467/4/2360
f 2435/6/2362 2469/8/2364 2505/7/2363
f 2469/8/2364 2436/38/4165 2470/9/2365
f 2505/7/2363 2470/9/2365 2439/10/2366
f 2439/1/2366 2470/2/2365 2506/2/2367
f 2470/2/2365 2436/1/4165 2472/2/2369
f 2506/2/2367 2472/2/2369 2434/11/2370
f 2471/2/2368 2506/2/2367 2473/2/2371
f 2474/12/2373 2507/15/2376 2465/13/2374
f 2438/5/2361 2467/4/2360 2507/15/2376
f 2467/4/2360 2439/10/2366 2475/16/2377
f 2507/15/2376 2475/16/2377 2433/1/2378
f 2475/2/2377 2508/2/2380 2466/17/2379
f 2439/1/2366 2471/2/2368 2508/2/2380
f 2471/2/2368 2437/2/2372 2476/2/2381
f 2466/17/2379 2508/2/2380 2476/2/2381
f 2480/2/2383 2509/2/2387 2479/2/2384
f 2444/11/2386 2481/2/2388 2509/2/2387
f 2481/2/2388 2445/1/4166 2482/2/2389
f 2509/2/2387 2482/2/2389 2448/1/2390
f 2448/10/2390 2482/9/2389 2510/7/2391
f 2482/9/2389 2445/38/4166 2484/19/2393
f 2510/7/2391 2484/19/2393 2443/6/2394
f 2483/18/2392 2510/7/2391 2485/20/2395
f 2486/2/2397 2511/2/2400 2477/17/2398
f 2486/2/2397 2447/2/2385 2479/2/2384
f 2511/2/2400 2479/2/2384 2448/1/2390
f 2477/17/2398 2511/2/2400 2487/2/2401
f 2442/1/2402 2487/16/2401 2512/15/2403
f 2487/16/2401 2448/10/2390 2483/18/2392
f 2512/15/2403 2483/18/2392 2446/21/2396
f 2478/22/2404 2512/15/2403 2488/12/2405
f 2474/24/2373 2513/26/2408 2490/25/2407
f 2431/14/2375 2491/27/2409 2513/26/2408
f 2491/27/2409 2416/39/4167 2449/28/2410
f 2513/26/2408 2449/28/2410 2418/29/2411
f 2489/17/2412 2514/2/2415 2451/2/2413
f 2432/17/2382 2476/2/2381 2514/2/2415
f 2476/2/2381 2437/2/2372 2492/2/2416
f 2514/2/2415 2492/2/2416 2420/1/2417
f 2492/2/2416 2515/2/2419 2452/2/2418
f 2437/2/2372 2473/2/2371 2515/2/2419
f 2473/2/2371 2434/11/2370 2493/2/2420
f 2515/2/2419 2493/2/2420 2421/1/2421
f 2468/30/2359 2516/32/2423 2494/31/2422
f 2438/5/2361 2490/25/2407 2516/32/2423
f 2490/25/2407 2418/29/2411 2450/33/2424
f 2516/32/2423 2450/33/2424 2417/34/2424
f 2496/25/2425 2517/26/2426 2488/35/2405
f 2418/29/2411 2449/28/2410 2517/26/2426
f 2449/28/2410 2416/39/4167 2497/27/2427
f 2517/26/2426 2497/27/2427 2441/23/2406
f 2458/2/2428 2518/2/2432 2495/17/2429
f 2426/1/2431 2498/2/2433 2518/2/2432
f 2498/2/2433 2447/2/2385 2486/2/2397
f 2518/2/2432 2486/2/2397 2440/2/2399
f 2459/2/2434 2519/2/2436 2498/2/2433
f 2427/1/2435 2499/2/2436 2519/2/2436
f 2499/2/2436 2444/11/2386 2480/2/2383
f 2519/2/2436 2480/2/2383 2447/2/2385
f 2500/31/2437 2520/37/2438 2485/36/2395
f 2417/34/2424 2450/33/2424 2520/37/2438
f 2450/33/2424 2418/29/2411 2496/25/2425
f 2520/37/2438 2496/25/2425 2446/21/2396
f 2525/1/2439 2557/1/2440 2606/1/2440
f 2557/1/2440 2526/1/2442 2560/1/2442
f 2606/1/2440 2560/1/2442 2529/1/2440
f 2561/1/2441 2606/1/2440 2559/1/2440
f 2524/1/2444 2556/2/2447 2607/2/2445
f 2556/2/2447 2525/1/2439 2561/2/2441
f 2607/2/2445 2561/2/2441 2528/1/2443
f 2562/2/2446 2607/2/2445 2558/2/2448
f 2531/1/2450 2568/1/2453 2608/1/2451
f 2568/1/2453 2534/1/2462 2566/1/2454
f 2608/1/2451 2566/1/2454 2535/1/2455
f 2564/1/2452 2608/1/2451 2567/1/2455
f 2530/1/2457 2569/2/2460 2609/2/2458
f 2569/2/2460 2533/1/4168 2565/2/2461
f 2609/2/2458 2565/2/2461 2534/1/2462
f 2563/2/2459 2609/2/2458 2568/2/2453
f 2573/3/2463 2610/7/2467 2572/4/2464
f 2540/6/2466 2574/8/2468 2610/7/2467
f 2574/8/2468 2541/38/4169 2575/9/2469
f 2610/7/2467 2575/9/2469 2544/10/2470
f 2544/1/2470 2575/2/2469 2611/2/2471
f 2575/2/2469 2541/1/4169 2577/2/2473
f 2611/2/2471 2577/2/2473 2539/11/2474
f 2576/2/2472 2611/2/2471 2578/2/2475
f 2579/12/2477 2612/15/2480 2570/13/2478
f 2543/5/2465 2572/4/2464 2612/15/2480
f 2572/4/2464 2544/10/2470 2580/16/2481
f 2612/15/2480 2580/16/2481 2538/1/2482
f 2580/2/2481 2613/2/2484 2571/17/2483
f 2544/1/2470 2576/2/2472 2613/2/2484
f 2576/2/2472 2542/2/2476 2581/2/2485
f 2571/17/2483 2613/2/2484 2581/2/2485
f 2585/2/2487 2614/2/2491 2584/2/2488
f 2549/11/2490 2586/2/2492 2614/2/2491
f 2586/2/2492 2550/1/4170 2587/2/2493
f 2614/2/2491 2587/2/2493 2553/1/2494
f 2553/10/2494 2587/9/2493 2615/7/2495
f 2587/9/2493 2550/38/4170 2589/19/2497
f 2615/7/2495 2589/19/2497 2548/6/2498
f 2588/18/2496 2615/7/2495 2590/20/2499
f 2591/2/2501 2616/2/2504 2582/17/2502
f 2591/2/2501 2552/2/2489 2584/2/2488
f 2616/2/2504 2584/2/2488 2553/1/2494
f 2582/17/2502 2616/2/2504 2592/2/2505
f 2547/1/2506 2592/16/2505 2617/15/2507
f 2592/16/2505 2553/10/2494 2588/18/2496
f 2617/15/2507 2588/18/2496 2551/21/2500
f 2583/22/2508 2617/15/2507 2593/12/2509
f 2579/24/2477 2618/26/2512 2595/25/2511
f 2536/14/2479 2596/27/2513 2618/26/2512
f 2596/27/2513 2521/39/4171 2554/28/2514
f 2618/26/2512 2554/28/2514 2523/29/2515
f 2594/17/2516 2619/2/2519 2556/2/2517
f 2537/17/2486 2581/2/2485 2619/2/2519
f 2581/2/2485 2542/2/2476 2597/2/2520
f 2619/2/2519 2597/2/2520 2525/1/2521
f 2597/2/2520 2620/2/2523 2557/2/2522
f 2542/2/2476 2578/2/2475 2620/2/2523
f 2578/2/2475 2539/11/2474 2598/2/2524
f 2620/2/2523 2598/2/2524 2526/1/2525
f 2573/30/2463 2621/32/2527 2599/31/2526
f 2543/5/2465 2595/25/2511 2621/32/2527
f 2595/25/2511 2523/29/2515 2555/33/2528
f 2621/32/2527 2555/33/2528 2522/34/2528
f 2601/25/2529 2622/26/2530 2593/35/2509
f 2523/29/2515 2554/28/2514 2622/26/2530
f 2554/28/2514 2521/39/4171 2602/27/2531
f 2622/26/2530 2602/27/2531 2546/23/2510
f 2563/2/2532 2623/2/2536 2600/17/2533
f 2531/1/2535 2603/2/2537 2623/2/2536
f 2603/2/2537 2552/2/2489 2591/2/2501
f 2623/2/2536 2591/2/2501 2545/2/2503
f 2564/2/2538 2624/2/2540 2603/2/2537
f 2532/1/2539 2604/2/2540 2624/2/2540
f 2604/2/2540 2549/11/2490 2585/2/2487
f 2624/2/2540 2585/2/2487 2552/2/2489
f 2605/31/2541 2625/37/2542 2590/36/2499
f 2522/34/2528 2555/33/2528 2625/37/2542
f 2555/33/2528 2523/29/2515 2601/25/2529
f 2625/37/2542 2601/25/2529 2551/21/2500
f 2630/1/2543 2662/1/2546 2711/1/2544
f 2662/1/2546 2631/1/2544 2665/1/2546
f 2711/1/2544 2665/1/2546 2634/1/2547
f 2666/1/2545 2711/1/2544 2664/1/2548
f 2629/1/2550 2661/2/2553 2712/2/2551
f 2661/2/2553 2630/1/2543 2666/2/2545
f 2712/2/2551 2666/2/2545 2633/1/2549
f 2667/2/2552 2712/2/2551 2663/2/2554
f 2636/1/2556 2673/1/2558 2713/1/2557
f 2673/1/2558 2639/1/2566 2671/1/2557
f 2713/1/2557 2671/1/2557 2640/1/2557
f 2669/1/2557 2713/1/2557 2672/1/2559
f 2635/1/2561 2674/2/2564 2714/2/2562
f 2674/2/2564 2638/1/4172 2670/2/2565
f 2714/2/2562 2670/2/2565 2639/1/2566
f 2668/2/2563 2714/2/2562 2673/2/2558
f 2678/3/2567 2715/7/2571 2677/4/2568
f 2645/6/2570 2679/8/2572 2715/7/2571
f 2679/8/2572 2646/38/4173 2680/9/2573
f 2715/7/2571 2680/9/2573 2649/10/2574
f 2649/1/2574 2680/2/2573 2716/2/2575
f 2680/2/2573 2646/1/4173 2682/2/2577
f 2716/2/2575 2682/2/2577 2644/11/2578
f 2681/2/2576 2716/2/2575 2683/2/2579
f 2684/12/2581 2717/15/2584 2675/13/2582
f 2648/5/2569 2677/4/2568 2717/15/2584
f 2677/4/2568 2649/10/2574 2685/16/2585
f 2717/15/2584 2685/16/2585 2643/1/2586
f 2685/2/2585 2718/2/2588 2676/17/2587
f 2649/1/2574 2681/2/2576 2718/2/2588
f 2681/2/2576 2647/2/2580 2686/2/2589
f 2676/17/2587 2718/2/2588 2686/2/2589
f 2690/2/2591 2719/2/2595 2689/2/2592
f 2654/11/2594 2691/2/2596 2719/2/2595
f 2691/2/2596 2655/1/4174 2692/2/2597
f 2719/2/2595 2692/2/2597 2658/1/2598
f 2658/10/2598 2692/9/2597 2720/7/2599
f 2692/9/2597 2655/38/4174 2694/19/2601
f 2720/7/2599 2694/19/2601 2653/6/2602
f 2693/18/2600 2720/7/2599 2695/20/2603
f 2696/2/2605 2721/2/2608 2687/17/2606
f 2696/2/2605 2657/2/2593 2689/2/2592
f 2721/2/2608 2689/2/2592 2658/1/2598
f 2687/17/2606 2721/2/2608 2697/2/2609
f 2652/1/2610 2697/16/2609 2722/15/2611
f 2697/16/2609 2658/10/2598 2693/18/2600
f 2722/15/2611 2693/18/2600 2656/21/2604
f 2688/22/2612 2722/15/2611 2698/12/2613
f 2684/24/2581 2723/26/2616 2700/25/2615
f 2641/14/2583 2701/27/2617 2723/26/2616
f 2701/27/2617 2626/39/4175 2659/28/2618
f 2723/26/2616 2659/28/2618 2628/29/2619
f 2699/17/2620 2724/2/2623 2661/2/2621
f 2642/17/2590 2686/2/2589 2724/2/2623
f 2686/2/2589 2647/2/2580 2702/2/2624
f 2724/2/2623 2702/2/2624 2630/1/2625
f 2702/2/2624 2725/2/2627 2662/2/2626
f 2647/2/2580 2683/2/2579 2725/2/2627
f 2683/2/2579 2644/11/2578 2703/2/2628
f 2725/2/2627 2703/2/2628 2631/1/2629
f 2678/30/2567 2726/32/2631 2704/31/2630
f 2648/5/2569 2700/25/2615 2726/32/2631
f 2700/25/2615 2628/29/2619 2660/33/2632
f 2726/32/2631 2660/33/2632 2627/34/2633
f 2706/25/2634 2727/26/2635 2698/35/2613
f 2628/29/2619 2659/28/2618 2727/26/2635
f 2659/28/2618 2626/39/4175 2707/27/2636
f 2727/26/2635 2707/27/2636 2651/23/2614
f 2668/2/2637 2728/2/2641 2705/17/2638
f 2636/1/2640 2708/2/2642 2728/2/2641
f 2708/2/2642 2657/2/2593 2696/2/2605
f 2728/2/2641 2696/2/2605 2650/2/2607
f 2669/2/2643 2729/2/2645 2708/2/2642
f 2637/1/2644 2709/2/2646 2729/2/2645
f 2709/2/2646 2654/11/2594 2690/2/2591
f 2729/2/2645 2690/2/2591 2657/2/2593
f 2710/31/2647 2730/37/2648 2695/36/2603
f 2627/34/2633 2660/33/2632 2730/37/2648
f 2660/33/2632 2628/29/2619 2706/25/2634
f 2730/37/2648 2706/25/2634 2656/21/2604
f 2735/1/2649 2767/1/2650 2816/1/2650
f 2767/1/2650 2736/1/4176 2770/1/2650
f 2816/1/2650 2770/1/2650 2739/1/2650
f 2771/1/2651 2816/1/2650 2769/1/2650
f 2734/1/2653 2766/2/2656 2817/2/2654
f 2766/2/2656 2735/1/2649 2771/2/2651
f 2817/2/2654 2771/2/2651 2738/1/2652
f 2772/2/2655 2817/2/2654 2768/2/2657
f 2741/1/2659 2778/1/2662 2818/1/2660
f 2778/1/2662 2744/1/2670 2776/1/2663
f 2818/1/2660 2776/1/2663 2745/1/2664
f 2774/1/2661 2818/1/2660 2777/1/2660
f 2740/1/2665 2779/2/2668 2819/2/2666
f 2779/2/2668 2743/1/4177 2775/2/2669
f 2819/2/2666 2775/2/2669 2744/1/2670
f 2773/2/2667 2819/2/2666 2778/2/2662
f 2783/3/2671 2820/7/2675 2782/4/2672
f 2750/6/2674 2784/8/2676 2820/7/2675
f 2784/8/2676 2751/38/4178 2785/9/2677
f 2820/7/2675 2785/9/2677 2754/10/2678
f 2754/1/2678 2785/2/2677 2821/2/2679
f 2785/2/2677 2751/1/4178 2787/2/2681
f 2821/2/2679 2787/2/2681 2749/11/2682
f 2786/2/2680 2821/2/2679 2788/2/2683
f 2789/12/2685 2822/15/2688 2780/13/2686
f 2753/5/2673 2782/4/2672 2822/15/2688
f 2782/4/2672 2754/10/2678 2790/16/2689
f 2822/15/2688 2790/16/2689 2748/1/2690
f 2790/2/2689 2823/2/2692 2781/17/2691
f 2754/1/2678 2786/2/2680 2823/2/2692
f 2786/2/2680 2752/2/2684 2791/2/2693
f 2781/17/2691 2823/2/2692 2791/2/2693
f 2795/2/2695 2824/2/2699 2794/2/2696
f 2759/11/2698 2796/2/2700 2824/2/2699
f 2796/2/2700 2760/1/4179 2797/2/2701
f 2824/2/2699 2797/2/2701 2763/1/2702
f 2763/10/2702 2797/9/2701 2825/7/2703
f 2797/9/2701 2760/38/4179 2799/19/2705
f 2825/7/2703 2799/19/2705 2758/6/2706
f 2798/18/2704 2825/7/2703 2800/20/2707
f 2801/2/2709 2826/2/2712 2792/17/2710
f 2801/2/2709 2762/2/2697 2794/2/2696
f 2826/2/2712 2794/2/2696 2763/1/2702
f 2792/17/2710 2826/2/2712 2802/2/2713
f 2757/1/2714 2802/16/2713 2827/15/2715
f 2802/16/2713 2763/10/2702 2798/18/2704
f 2827/15/2715 2798/18/2704 2761/21/2708
f 2793/22/2716 2827/15/2715 2803/12/2717
f 2789/24/2685 2828/26/2720 2805/25/2719
f 2746/14/2687 2806/27/2721 2828/26/2720
f 2806/27/2721 2731/39/4180 2764/28/2722
f 2828/26/2720 2764/28/2722 2733/29/2723
f 2804/17/2724 2829/2/2727 2766/2/2725
f 2747/17/2694 2791/2/2693 2829/2/2727
f 2791/2/2693 2752/2/2684 2807/2/2728
f 2829/2/2727 2807/2/2728 2735/1/2729
f 2807/2/2728 2830/2/2731 2767/2/2730
f 2752/2/2684 2788/2/2683 2830/2/2731
f 2788/2/2683 2749/11/2682 2808/2/2732
f 2830/2/2731 2808/2/2732 2736/1/2733
f 2783/30/2671 2831/32/2735 2809/31/2734
f 2753/5/2673 2805/25/2719 2831/32/2735
f 2805/25/2719 2733/29/2723 2765/33/2736
f 2831/32/2735 2765/33/2736 2732/34/2736
f 2811/25/2737 2832/26/2738 2803/35/2717
f 2733/29/2723 2764/28/2722 2832/26/2738
f 2764/28/2722 2731/39/4180 2812/27/2739
f 2832/26/2738 2812/27/2739 2756/23/2718
f 2773/2/2740 2833/2/2744 2810/17/2741
f 2741/1/2743 2813/2/2745 2833/2/2744
f 2813/2/2745 2762/2/2697 2801/2/2709
f 2833/2/2744 2801/2/2709 2755/2/2711
f 2774/2/2746 2834/2/2747 2813/2/2745
f 2742/1/2746 2814/2/2747 2834/2/2747
f 2814/2/2747 2759/11/2698 2795/2/2695
f 2834/2/2747 2795/2/2695 2762/2/2697
f 2815/31/2748 2835/37/2749 2800/36/2707
f 2732/34/2736 2765/33/2736 2835/37/2749
f 2765/33/2736 2733/29/2723 2811/25/2737
f 2835/37/2749 2811/25/2737 2761/21/2708
f 2840/1/2750 2872/1/2751 2921/1/2751
f 2872/1/2751 2841/1/4181 2875/1/2751
f 2921/1/2751 2875/1/2751 2844/1/2751
f 2876/1/2752 2921/1/2751 2874/1/2751
f 2839/1/2754 2871/2/2757 2922/2/2755
f 2871/2/2757 2840/1/2750 2876/2/2752
f 2922/2/2755 2876/2/2752 2843/1/2753
f 2877/2/2756 2922/2/2755 2873/2/2758
f 2846/1/2760 2883/1/2762 2923/1/2761
f 2883/1/2762 2849/1/2770 2881/1/2763
f 2923/1/2761 2881/1/2763 2850/1/2761
f 2879/1/2761 2923/1/2761 2882/1/2763
f 2845/1/2765 2884/2/2768 2924/2/2766
f 2884/2/2768 2848/1/4182 2880/2/2769
f 2924/2/2766 2880/2/2769 2849/1/2770
f 2878/2/2767 2924/2/2766 2883/2/2762
f 2888/3/2771 2925/7/2775 2887/4/2772
f 2855/6/2774 2889/8/2776 2925/7/2775
f 2889/8/2776 2856/38/4183 2890/9/2777
f 2925/7/2775 2890/9/2777 2859/10/2778
f 2859/1/2778 2890/2/2777 2926/2/2779
f 2890/2/2777 2856/1/4183 2892/2/2781
f 2926/2/2779 2892/2/2781 2854/11/2782
f 2891/2/2780 2926/2/2779 2893/2/2783
f 2894/12/2785 2927/15/2788 2885/13/2786
f 2858/5/2773 2887/4/2772 2927/15/2788
f 2887/4/2772 2859/10/2778 2895/16/2789
f 2927/15/2788 2895/16/2789 2853/1/2790
f 2895/2/2789 2928/2/2792 2886/17/2791
f 2859/1/2778 2891/2/2780 2928/2/2792
f 2891/2/2780 2857/2/2784 2896/2/2793
f 2886/17/2791 2928/2/2792 2896/2/2793
f 2900/2/2795 2929/2/2799 2899/2/2796
f 2864/11/2798 2901/2/2800 2929/2/2799
f 2901/2/2800 2865/1/4184 2902/2/2801
f 2929/2/2799 2902/2/2801 2868/1/2802
f 2868/10/2802 2902/9/2801 2930/7/2803
f 2902/9/2801 2865/38/4184 2904/19/2805
f 2930/7/2803 2904/19/2805 2863/6/2806
f 2903/18/2804 2930/7/2803 2905/20/2807
f 2906/2/2809 2931/2/2812 2897/17/2810
f 2906/2/2809 2867/2/2797 2899/2/2796
f 2931/2/2812 2899/2/2796 2868/1/2802
f 2897/17/2810 2931/2/2812 2907/2/2813
f 2862/1/2814 2907/16/2813 2932/15/2815
f 2907/16/2813 2868/10/2802 2903/18/2804
f 2932/15/2815 2903/18/2804 2866/21/2808
f 2898/22/2816 2932/15/2815 2908/12/2817
f 2894/24/2785 2933/26/2820 2910/25/2819
f 2851/14/2787 2911/27/2821 2933/26/2820
f 2911/27/2821 2836/39/4185 2869/28/2822
f 2933/26/2820 2869/28/2822 2838/29/2823
f 2909/17/2824 2934/2/2827 2871/2/2825
f 2852/17/2794 2896/2/2793 2934/2/2827
f 2896/2/2793 2857/2/2784 2912/2/2828
f 2934/2/2827 2912/2/2828 2840/1/2829
f 2912/2/2828 2935/2/2831 2872/2/2830
f 2857/2/2784 2893/2/2783 2935/2/2831
f 2893/2/2783 2854/11/2782 2913/2/2832
f 2935/2/2831 2913/2/2832 2841/1/2833
f 2888/30/2771 2936/32/2835 2914/31/2834
f 2858/5/2773 2910/25/2819 2936/32/2835
f 2910/25/2819 2838/29/2823 2870/33/2836
f 2936/32/2835 2870/33/2836 2837/34/2836
f 2916/25/2837 2937/26/2838 2908/35/2817
f 2838/29/2823 2869/28/2822 2937/26/2838
f 2869/28/2822 2836/39/4185 2917/27/2839
f 2937/26/2838 2917/27/2839 2861/23/2818
f 2878/2/2840 2938/2/2844 2915/17/2841
f 2846/1/2843 2918/2/2845 2938/2/2844
f 2918/2/2845 2867/2/2797 2906/2/2809
f 2938/2/2844 2906/2/2809 2860/2/2811
f 2879/2/2846 2939/2/2848 2918/2/2845
f 2847/1/2847 2919/2/2848 2939/2/2848
f 2919/2/2848 2864/11/2798 2900/2/2795
f 2939/2/2848 2900/2/2795 2867/2/2797
f 2920/31/2849 2940/37/2850 2905/36/2807
f 2837/34/2836 2870/33/2836 2940/37/2850
f 2870/33/2836 2838/29/2823 2916/25/2837
f 2940/37/2850 2916/25/2837 2866/21/2808
f 2945/1/2851 2977/1/2854 3026/1/2852
f 2977/1/2854 2946/1/2852 2980/1/2852
f 3026/1/2852 2980/1/2852 2949/1/2852
f 2981/1/2853 3026/1/2852 2979/1/2852
f 2944/1/2856 2976/2/2859 3027/2/2857
f 2976/2/2859 2945/1/2851 2981/2/2853
f 3027/2/2857 2981/2/2853 2948/1/2855
f 2982/2/2858 3027/2/2857 2978/2/2860
f 2951/1/2862 2988/1/2864 3028/1/2863
f 2988/1/2864 2954/1/2872 2986/1/2865
f 3028/1/2863 2986/1/2865 2955/1/2865
f 2984/1/2863 3028/1/2863 2987/1/2863
f 2950/1/2867 2989/2/2870 3029/2/2868
f 2989/2/2870 2953/1/4186 2985/2/2871
f 3029/2/2868 2985/2/2871 2954/1/2872
f 2983/2/2869 3029/2/2868 2988/2/2864
f 2993/3/2873 3030/7/2877 2992/4/2874
f 2960/6/2876 2994/8/2878 3030/7/2877
f 2994/8/2878 2961/38/4187 2995/9/2879
f 3030/7/2877 2995/9/2879 2964/10/2880
f 2964/1/2880 2995/2/2879 3031/2/2881
f 2995/2/2879 2961/1/4187 2997/2/2883
f 3031/2/2881 2997/2/2883 2959/11/2884
f 2996/2/2882 3031/2/2881 2998/2/2885
f 2999/12/2887 3032/15/2890 2990/13/2888
f 2963/5/2875 2992/4/2874 3032/15/2890
f 2992/4/2874 2964/10/2880 3000/16/2891
f 3032/15/2890 3000/16/2891 2958/1/2892
f 3000/2/2891 3033/2/2894 2991/17/2893
f 2964/1/2880 2996/2/2882 3033/2/2894
f 2996/2/2882 2962/2/2886 3001/2/2895
f 2991/17/2893 3033/2/2894 3001/2/2895
f 3005/2/2897 3034/2/2901 3004/2/2898
f 2969/11/2900 3006/2/2902 3034/2/2901
f 3006/2/2902 2970/1/4188 3007/2/2903
f 3034/2/2901 3007/2/2903 2973/1/2904
f 2973/10/2904 3007/9/2903 3035/7/2905
f 3007/9/2903 2970/38/4188 3009/19/2907
f 3035/7/2905 3009/19/2907 2968/6/2908
f 3008/18/2906 3035/7/2905 3010/20/2909
f 3011/2/2911 3036/2/2914 3002/17/2912
f 3011/2/2911 2972/2/2899 3004/2/2898
f 3036/2/2914 3004/2/2898 2973/1/2904
f 3002/17/2912 3036/2/2914 3012/2/2915
f 2967/1/2916 3012/16/2915 3037/15/2917
f 3012/16/2915 2973/10/2904 3008/18/2906
f 3037/15/2917 3008/18/2906 2971/21/2910
f 3003/22/2918 3037/15/2917 3013/12/2919
f 2999/24/2887 3038/26/2922 3015/25/2921
f 2956/14/2889 3016/27/2923 3038/26/2922
f 3016/27/2923 2941/39/4189 2974/28/2924
f 3038/26/2922 2974/28/2924 2943/29/2925
f 3014/17/2926 3039/2/2929 2976/2/2927
f 2957/17/2896 3001/2/2895 3039/2/2929
f 3001/2/2895 2962/2/2886 3017/2/2930
f 3039/2/2929 3017/2/2930 2945/1/2931
f 3017/2/2930 3040/2/2933 2977/2/2932
f 2962/2/2886 2998/2/2885 3040/2/2933
f 2998/2/2885 2959/11/2884 3018/2/2934
f 3040/2/2933 3018/2/2934 2946/1/2932
f 2993/30/2873 3041/32/2936 3019/31/2935
f 2963/5/2875 3015/25/2921 3041/32/2936
f 3015/25/2921 2943/29/2925 2975/33/2937
f 3041/32/2936 2975/33/2937 2942/34/2937
f 3021/25/2938 3042/26/2939 3013/35/2919
f 2943/29/2925 2974/28/2924 3042/26/2939
f 2974/28/2924 2941/39/4189 3022/27/2940
f 3042/26/2939 3022/27/2940 2966/23/2920
f 2983/2/2941 3043/2/2945 3020/17/2942
f 2951/1/2944 3023/2/2946 3043/2/2945
f 3023/2/2946 2972/2/2899 3011/2/2911
f 3043/2/2945 3011/2/2911 2965/2/2913
f 2984/2/2947 3044/2/2948 3023/2/2946
f 2952/1/2947 3024/2/2948 3044/2/2948
f 3024/2/2948 2969/11/2900 3005/2/2897
f 3044/2/2948 3005/2/2897 2972/2/2899
f 3025/31/2949 3045/37/2950 3010/36/2909
f 2942/34/2937 2975/33/2937 3045/37/2950
f 2975/33/2937 2943/29/2925 3021/25/2938
f 3045/37/2950 3021/25/2938 2971/21/2910
f 3050/1/2951 3082/1/2952 3131/1/2952
f 3082/1/2952 3051/1/4190 3085/1/2952
f 3131/1/2952 3085/1/2952 3054/1/2952
f 3086/1/2953 3131/1/2952 3084/1/2952
f 3049/1/2955 3081/2/2958 3132/2/2956
f 3081/2/2958 3050/1/2951 3086/2/2953
f 3132/2/2956 3086/2/2953 3053/1/2954
f 3087/2/2957 3132/2/2956 3083/2/2959
f 3056/1/2961 3093/1/2963 3133/1/2962
f 3093/1/2963 3059/1/2970 3091/1/2964
f 3133/1/2962 3091/1/2964 3060/1/2962
f 3089/1/2962 3133/1/2962 3092/1/2964
f 3055/1/2965 3094/2/2968 3134/2/2966
f 3094/2/2968 3058/1/4191 3090/2/2969
f 3134/2/2966 3090/2/2969 3059/1/2970
f 3088/2/2967 3134/2/2966 3093/2/2963
f 3098/3/2971 3135/7/2975 3097/4/2972
f 3065/6/2974 3099/8/2976 3135/7/2975
f 3099/8/2976 3066/38/4192 3100/9/2977
f 3135/7/2975 3100/9/2977 3069/10/2978
f 3069/1/2978 3100/2/2977 3136/2/2979
f 3100/2/2977 3066/1/4192 3102/2/2981
f 3136/2/2979 3102/2/2981 3064/11/2982
f 3101/2/2980 3136/2/2979 3103/2/2983
f 3104/12/2985 3137/15/2988 3095/13/2986
f 3068/5/2973 3097/4/2972 3137/15/2988
f 3097/4/2972 3069/10/2978 3105/16/2989
f 3137/15/2988 3105/16/2989 3063/1/2990
f 3105/2/2989 3138/2/2992 3096/17/2991
f 3069/1/2978 3101/2/2980 3138/2/2992
f 3101/2/2980 3067/2/2984 3106/2/2993
f 3096/17/2991 3138/2/2992 3106/2/2993
f 3110/2/2995 3139/2/2999 3109/2/2996
f 3074/11/2998 3111/2/3000 3139/2/2999
f 3111/2/3000 3075/1/4193 3112/2/3001
f 3139/2/2999 3112/2/3001 3078/1/3002
f 3078/10/3002 3112/9/3001 3140/7/3003
f 3112/9/3001 3075/38/4193 3114/19/3005
f 3140/7/3003 3114/19/3005 3073/6/3006
f 3113/18/3004 3140/7/3003 3115/20/3007
f 3116/2/3009 3141/2/3012 3107/17/3010
f 3116/2/3009 3077/2/2997 3109/2/2996
f 3141/2/3012 3109/2/2996 3078/1/3002
f 3107/17/3010 3141/2/3012 3117/2/3013
f 3072/1/3014 3117/16/3013 3142/15/3015
f 3117/16/3013 3078/10/3002 3113/18/3004
f 3142/15/3015 3113/18/3004 3076/21/3008
f 3108/22/3016 3142/15/3015 3118/12/3017
f 3104/24/2985 3143/26/3020 3120/25/3019
f 3061/14/2987 3121/27/3021 3143/26/3020
f 3121/27/3021 3046/39/4194 3079/28/3022
f 3143/26/3020 3079/28/3022 3048/29/3023
f 3119/17/3024 3144/2/3027 3081/2/3025
f 3062/17/2994 3106/2/2993 3144/2/3027
f 3106/2/2993 3067/2/2984 3122/2/3028
f 3144/2/3027 3122/2/3028 3050/1/3029
f 3122/2/3028 3145/2/3031 3082/2/3030
f 3067/2/2984 3103/2/2983 3145/2/3031
f 3103/2/2983 3064/11/2982 3123/2/3031
f 3145/2/3031 3123/2/3031 3051/1/3030
f 3098/30/2971 3146/32/3033 3124/31/3032
f 3068/5/2973 3120/25/3019 3146/32/3033
f 3120/25/3019 3048/29/3023 3080/33/3034
f 3146/32/3033 3080/33/3034 3047/34/3034
f 3126/25/3035 3147/26/3036 3118/35/3017
f 3048/29/3023 3079/28/3022 3147/26/3036
f 3079/28/3022 3046/39/4194 3127/27/3037
f 3147/26/3036 3127/27/3037 3071/23/3018
f 3088/2/3038 3148/2/3042 3125/17/3039
f 3056/1/3041 3128/2/3043 3148/2/3042
f 3128/2/3043 3077/2/2997 3116/2/3009
f 3148/2/3042 3116/2/3009 3070/2/3011
f 3089/2/3044 3149/2/3045 3128/2/3043
f 3057/1/3044 3129/2/3045 3149/2/3045
f 3129/2/3045 3074/11/2998 3110/2/2995
f 3149/2/3045 3110/2/2995 3077/2/2997
f 3130/31/3046 3150/37/3047 3115/36/3007
f 3047/34/3034 3080/33/3034 3150/37/3047
f 3080/33/3034 3048/29/3023 3126/25/3035
f 3150/37/3047 3126/25/3035 3076/21/3008
f 3155/1/3048 3187/1/3049 3236/1/3049
f 3187/1/3049 3156/1/3051 3190/1/3051
f 3236/1/3049 3190/1/3051 3159/1/3049
f 3191/1/3050 3236/1/3049 3189/1/3049
f 3154/1/3053 3186/2/3056 3237/2/3054
f 3186/2/3056 3155/1/3048 3191/2/3050
f 3237/2/3054 3191/2/3050 3158/1/3052
f 3192/2/3055 3237/2/3054 3188/2/3057
f 3161/1/3059 3198/1/3061 3238/1/3060
f 3198/1/3061 3164/1/3067 3196/1/3060
f 3238/1/3060 3196/1/3060 3165/1/3060
f 3194/1/3060 3238/1/3060 3197/1/3060
f 3160/1/3062 3199/2/3065 3239/2/3063
f 3199/2/3065 3163/1/4195 3195/2/3066
f 3239/2/3063 3195/2/3066 3164/1/3067
f 3193/2/3064 3239/2/3063 3198/2/3061
f 3203/3/3068 3240/7/3072 3202/4/3069
f 3170/6/3071 3204/8/3073 3240/7/3072
f 3204/8/3073 3171/38/4196 3205/9/3074
f 3240/7/3072 3205/9/3074 3174/10/3075
f 3174/1/3075 3205/2/3074 3241/2/3076
f 3205/2/3074 3171/1/4196 3207/2/3078
f 3241/2/3076 3207/2/3078 3169/11/3079
f 3206/2/3077 3241/2/3076 3208/2/3080
f 3209/12/3082 3242/15/3085 3200/13/3083
f 3173/5/3070 3202/4/3069 3242/15/3085
f 3202/4/3069 3174/10/3075 3210/16/3086
f 3242/15/3085 3210/16/3086 3168/1/3087
f 3210/2/3086 3243/2/3089 3201/17/3088
f 3174/1/3075 3206/2/3077 3243/2/3089
f 3206/2/3077 3172/2/3081 3211/2/3090
f 3201/17/3088 3243/2/3089 3211/2/3090
f 3215/2/3092 3244/2/3096 3214/2/3093
f 3179/11/3095 3216/2/3097 3244/2/3096
f 3216/2/3097 3180/1/4197 3217/2/3098
f 3244/2/3096 3217/2/3098 3183/1/3099
f 3183/10/3099 3217/9/3098 3245/7/3100
f 3217/9/3098 3180/38/4197 3219/19/3102
f 3245/7/3100 3219/19/3102 3178/6/3103
f 3218/18/3101 3245/7/3100 3220/20/3104
f 3221/2/3106 3246/2/3109 3212/17/3107
f 3221/2/3106 3182/2/3094 3214/2/3093
f 3246/2/3109 3214/2/3093 3183/1/3099
f 3212/17/3107 3246/2/3109 3222/2/3110
f 3177/1/3111 3222/16/3110 3247/15/3112
f 3222/16/3110 3183/10/3099 3218/18/3101
f 3247/15/3112 3218/18/3101 3181/21/3105
f 3213/22/3113 3247/15/3112 3223/12/3114
f 3209/24/3082 3248/26/3117 3225/25/3116
f 3166/14/3084 3226/27/3118 3248/26/3117
f 3226/27/3118 3151/39/4198 3184/28/3119
f 3248/26/3117 3184/28/3119 3153/29/3120
f 3224/17/3121 3249/2/3124 3186/2/3122
f 3167/17/3091 3211/2/3090 3249/2/3124
f 3211/2/3090 3172/2/3081 3227/2/3125
f 3249/2/3124 3227/2/3125 3155/1/3126
f 3227/2/3125 3250/2/3128 3187/2/3127
f 3172/2/3081 3208/2/3080 3250/2/3128
f 3208/2/3080 3169/11/3079 3228/2/3128
f 3250/2/3128 3228/2/3128 3156/1/3127
f 3203/30/3068 3251/32/3130 3229/31/3129
f 3173/5/3070 3225/25/3116 3251/32/3130
f 3225/25/3116 3153/29/3120 3185/33/3131
f 3251/32/3130 3185/33/3131 3152/34/3131
f 3231/25/3132 3252/26/3133 3223/35/3114
f 3153/29/3120 3184/28/3119 3252/26/3133
f 3184/28/3119 3151/39/4198 3232/27/3134
f 3252/26/3133 3232/27/3134 3176/23/3115
f 3193/2/3135 3253/2/3138 3230/17/3136
f 3161/1/3137 3233/2/3139 3253/2/3138
f 3233/2/3139 3182/2/3094 3221/2/3106
f 3253/2/3138 3221/2/3106 3175/2/3108
f 3194/2/3140 3254/2/3142 3233/2/3139
f 3162/1/3141 3234/2/3143 3254/2/3142
f 3234/2/3143 3179/11/3095 3215/2/3092
f 3254/2/3142 3215/2/3092 3182/2/3094
f 3235/31/3144 3255/37/3145 3220/36/3104
f 3152/34/3131 3185/33/3131 3255/37/3145
f 3185/33/3131 3153/29/3120 3231/25/3132
f 3255/37/3145 3231/25/3132 3181/21/3105
f 3260/1/3146 3292/1/3147 3341/1/3147
f 3292/1/3147 3261/1/3149 3295/1/3149
f 3341/1/3147 3295/1/3149 3264/1/3147
f 3296/1/3148 3341/1/3147 3294/1/3147
f 3259/1/3151 3291/2/3154 3342/2/3152
f 3291/2/3154 3260/1/3146 3296/2/3148
f 3342/2/3152 3296/2/3148 3263/1/3150
f 3297/2/3153 3342/2/3152 3293/2/3155
f 3266/1/3157 3303/1/3159 3343/1/3158
f 3303/1/3159 3269/1/3166 3301/1/3158
f 3343/1/3158 3301/1/3158 3270/1/3158
f 3299/1/3158 3343/1/3158 3302/1/3160
f 3265/1/3161 3304/2/3164 3344/2/3162
f 3304/2/3164 3268/1/4199 3300/2/3165
f 3344/2/3162 3300/2/3165 3269/1/3166
f 3298/2/3163 3344/2/3162 3303/2/3159
f 3308/3/3167 3345/7/3171 3307/4/3168
f 3275/6/3170 3309/8/3172 3345/7/3171
f 3309/8/3172 3276/38/4200 3310/9/3173
f 3345/7/3171 3310/9/3173 3279/10/3174
f 3279/1/3174 3310/2/3173 3346/2/3175
f 3310/2/3173 3276/1/4200 3312/2/3177
f 3346/2/3175 3312/2/3177 3274/11/3178
f 3311/2/3176 3346/2/3175 3313/2/3179
f 3314/12/3181 3347/15/3184 3305/13/3182
f 3278/5/3169 3307/4/3168 3347/15/3184
f 3307/4/3168 3279/10/3174 3315/16/3185
f 3347/15/3184 3315/16/3185 3273/1/3186
f 3315/2/3185 3348/2/3188 3306/17/3187
f 3279/1/3174 3311/2/3176 3348/2/3188
f 3311/2/3176 3277/2/3180 3316/2/3189
f 3306/17/3187 3348/2/3188 3316/2/3189
f 3320/2/3191 3349/2/3195 3319/2/3192
f 3284/11/3194 3321/2/3196 3349/2/3195
f 3321/2/3196 3285/1/4201 3322/2/3197
f 3349/2/3195 3322/2/3197 3288/1/3198
f 3288/10/3198 3322/9/3197 3350/7/3199
f 3322/9/3197 3285/38/4201 3324/19/3201
f 3350/7/3199 3324/19/3201 3283/6/3202
f 3323/18/3200 3350/7/3199 3325/20/3203
f 3326/2/3205 3351/2/3208 3317/17/3206
f 3326/2/3205 3287/2/3193 3319/2/3192
f 3351/2/3208 3319/2/3192 3288/1/3198
f 3317/17/3206 3351/2/3208 3327/2/3209
f 3282/1/3210 3327/16/3209 3352/15/3211
f 3327/16/3209 3288/10/3198 3323/18/3200
f 3352/15/3211 3323/18/3200 3286/21/3204
f 3318/22/3212 3352/15/3211 3328/12/3213
f 3314/24/3181 3353/26/3216 3330/25/3215
f 3271/14/3183 3331/27/3217 3353/26/3216
f 3331/27/3217 3256/39/4202 3289/28/3218
f 3353/26/3216 3289/28/3218 3258/29/3219
f 3329/17/3220 3354/2/3223 3291/2/3221
f 3272/17/3190 3316/2/3189 3354/2/3223
f 3316/2/3189 3277/2/3180 3332/2/3224
f 3354/2/3223 3332/2/3224 3260/1/3225
f 3332/2/3224 3355/2/3227 3292/2/3226
f 3277/2/3180 3313/2/3179 3355/2/3227
f 3313/2/3179 3274/11/3178 3333/2/3228
f 3355/2/3227 3333/2/3228 3261/1/3229
f 3308/30/3167 3356/32/3231 3334/31/3230
f 3278/5/3169 3330/25/3215 3356/32/3231
f 3330/25/3215 3258/29/3219 3290/33/3232
f 3356/32/3231 3290/33/3232 3257/34/3232
f 3336/25/3233 3357/26/3234 3328/35/3213
f 3258/29/3219 3289/28/3218 3357/26/3234
f 3289/28/3218 3256/39/4202 3337/27/3235
f 3357/26/3234 3337/27/3235 3281/23/3214
f 3298/2/3236 3358/2/3240 3335/17/3237
f 3266/1/3239 3338/2/3241 3358/2/3240
f 3338/2/3241 3287/2/3193 3326/2/3205
f 3358/2/3240 3326/2/3205 3280/2/3207
f 3299/2/3242 3359/2/3244 3338/2/3241
f 3267/1/3243 3339/2/3244 3359/2/3244
f 3339/2/3244 3284/11/3194 3320/2/3191
f 3359/2/3244 3320/2/3191 3287/2/3193
f 3340/31/3245 3360/37/3246 3325/36/3203
f 3257/34/3232 3290/33/3232 3360/37/3246
f 3290/33/3232 3258/29/3219 3336/25/3233
f 3360/37/3246 3336/25/3233 3286/21/3204
f 3365/1/3247 3397/1/3248 3446/1/3248
f 3397/1/3248 3366/1/4203 3400/1/3250
f 3446/1/3248 3400/1/3250 3369/1/3250
f 3401/1/3249 3446/1/3248 3399/1/3251
f 3364/1/3253 3396/2/3256 3447/2/3254
f 3396/2/3256 3365/1/3247 3401/2/3249
f 3447/2/3254 3401/2/3249 3368/1/3252
f 3402/2/3255 3447/2/3254 3398/2/3257
f 3371/1/3259 3408/1/3262 3448/1/3260
f 3408/1/3262 3374/1/3268 3406/1/3260
f 3448/1/3260 3406/1/3260 3375/1/3261
f 3404/1/3261 3448/1/3260 3407/1/3260
f 3370/1/3263 3409/2/3266 3449/2/3264
f 3409/2/3266 3373/1/4204 3405/2/3267
f 3449/2/3264 3405/2/3267 3374/1/3268
f 3403/2/3265 3449/2/3264 3408/2/3262
f 3413/3/3269 3450/7/3273 3412/4/3270
f 3380/6/3272 3414/8/3274 3450/7/3273
f 3414/8/3274 3381/38/4205 3415/9/3275
f 3450/7/3273 3415/9/3275 3384/10/3276
f 3384/1/3276 3415/2/3275 3451/2/3277
f 3415/2/3275 3381/1/4205 3417/2/3279
f 3451/2/3277 3417/2/3279 3379/11/3280
f 3416/2/3278 3451/2/3277 3418/2/3281
f 3419/12/3283 3452/15/3286 3410/13/3284
f 3383/5/3271 3412/4/3270 3452/15/3286
f 3412/4/3270 3384/10/3276 3420/16/3287
f 3452/15/3286 3420/16/3287 3378/1/3288
f 3420/2/3287 3453/2/3290 3411/17/3289
f 3384/1/3276 3416/2/3278 3453/2/3290
f 3416/2/3278 3382/2/3282 3421/2/3291
f 3411/17/3289 3453/2/3290 3421/2/3291
f 3425/2/3293 3454/2/3297 3424/2/3294
f 3389/11/3296 3426/2/3298 3454/2/3297
f 3426/2/3298 3390/1/4206 3427/2/3299
f 3454/2/3297 3427/2/3299 3393/1/3300
f 3393/10/3300 3427/9/3299 3455/7/3301
f 3427/9/3299 3390/38/4206 3429/19/3303
f 3455/7/3301 3429/19/3303 3388/6/3304
f 3428/18/3302 3455/7/3301 3430/20/3305
f 3431/2/3307 3456/2/3310 3422/17/3308
f 3431/2/3307 3392/2/3295 3424/2/3294
f 3456/2/3310 3424/2/3294 3393/1/3300
f 3422/17/3308 3456/2/3310 3432/2/3311
f 3387/1/3312 3432/16/3311 3457/15/3313
f 3432/16/3311 3393/10/3300 3428/18/3302
f 3457/15/3313 3428/18/3302 3391/21/3306
f 3423/22/3314 3457/15/3313 3433/12/3315
f 3419/24/3283 3458/26/3318 3435/25/3317
f 3376/14/3285 3436/27/3319 3458/26/3318
f 3436/27/3319 3361/39/4207 3394/28/3320
f 3458/26/3318 3394/28/3320 3363/29/3321
f 3434/17/3322 3459/2/3325 3396/2/3323
f 3377/17/3292 3421/2/3291 3459/2/3325
f 3421/2/3291 3382/2/3282 3437/2/3326
f 3459/2/3325 3437/2/3326 3365/1/3327
f 3437/2/3326 3460/2/3329 3397/2/3328
f 3382/2/3282 3418/2/3281 3460/2/3329
f 3418/2/3281 3379/11/3280 3438/2/3329
f 3460/2/3329 3438/2/3329 3366/1/3328
f 3413/30/3269 3461/32/3331 3439/31/3330
f 3383/5/3271 3435/25/3317 3461/32/3331
f 3435/25/3317 3363/29/3321 3395/33/3332
f 3461/32/3331 3395/33/3332 3362/34/3332
f 3441/25/3333 3462/26/3334 3433/35/3315
f 3363/29/3321 3394/28/3320 3462/26/3334
f 3394/28/3320 3361/39/4207 3442/27/3335
f 3462/26/3334 3442/27/3335 3386/23/3316
f 3403/2/3336 3463/2/3340 3440/17/3337
f 3371/1/3339 3443/2/3341 3463/2/3340
f 3443/2/3341 3392/2/3295 3431/2/3307
f 3463/2/3340 3431/2/3307 3385/2/3309
f 3404/2/3342 3464/2/3344 3443/2/3341
f 3372/1/3343 3444/2/3345 3464/2/3344
f 3444/2/3345 3389/11/3296 3425/2/3293
f 3464/2/3344 3425/2/3293 3392/2/3295
f 3445/31/3346 3465/37/3347 3430/36/3305
f 3362/34/3332 3395/33/3332 3465/37/3347
f 3395/33/3332 3363/29/3321 3441/25/3333
f 3465/37/3347 3441/25/3333 3391/21/3306
f 3470/1/3348 3502/1/3349 3551/1/3349
f 3502/1/3349 3471/1/4208 3505/1/3351
f 3551/1/3349 3505/1/3351 3474/1/3349
f 3506/1/3350 3551/1/3349 3504/1/3351
f 3469/1/3353 3501/2/3356 3552/2/3354
f 3501/2/3356 3470/1/3348 3506/2/3350
f 3552/2/3354 3506/2/3350 3473/1/3352
f 3507/2/3355 3552/2/3354 3503/2/3357
f 3476/1/3359 3513/1/3361 3553/1/3360
f 3513/1/3361 3479/1/3368 3511/1/3360
f 3553/1/3360 3511/1/3360 3480/1/3362
f 3509/1/3360 3553/1/3360 3512/1/3362
f 3475/1/3363 3514/2/3366 3554/2/3364
f 3514/2/3366 3478/1/4209 3510/2/3367
f 3554/2/3364 3510/2/3367 3479/1/3368
f 3508/2/3365 3554/2/3364 3513/2/3361
f 3518/3/3369 3555/7/3373 3517/4/3370
f 3485/6/3372 3519/8/3374 3555/7/3373
f 3519/8/3374 3486/38/4210 3520/9/3375
f 3555/7/3373 3520/9/3375 3489/10/3376
f 3489/1/3376 3520/2/3375 3556/2/3377
f 3520/2/3375 3486/1/4210 3522/2/3379
f 3556/2/3377 3522/2/3379 3484/11/3380
f 3521/2/3378 3556/2/3377 3523/2/3381
f 3524/12/3383 3557/15/3386 3515/13/3384
f 3488/5/3371 3517/4/3370 3557/15/3386
f 3517/4/3370 3489/10/3376 3525/16/3387
f 3557/15/3386 3525/16/3387 3483/1/3388
f 3525/2/3387 3558/2/3390 3516/17/3389
f 3489/1/3376 3521/2/3378 3558/2/3390
f 3521/2/3378 3487/2/3382 3526/2/3391
f 3516/17/3389 3558/2/3390 3526/2/3391
f 3530/2/3393 3559/2/3397 3529/2/3394
f 3494/11/3396 3531/2/3398 3559/2/3397
f 3531/2/3398 3495/1/4211 3532/2/3399
f 3559/2/3397 3532/2/3399 3498/1/3400
f 3498/10/3400 3532/9/3399 3560/7/3401
f 3532/9/3399 3495/38/4211 3534/19/3403
f 3560/7/3401 3534/19/3403 3493/6/3404
f 3533/18/3402 3560/7/3401 3535/20/3405
f 3536/2/3407 3561/2/3410 3527/17/3408
f 3536/2/3407 3497/2/3395 3529/2/3394
f 3561/2/3410 3529/2/3394 3498/1/3400
f 3527/17/3408 3561/2/3410 3537/2/3411
f 3492/1/3412 3537/16/3411 3562/15/3413
f 3537/16/3411 3498/10/3400 3533/18/3402
f 3562/15/3413 3533/18/3402 3496/21/3406
f 3528/22/3414 3562/15/3413 3538/12/3415
f 3524/24/3383 3563/26/3418 3540/25/3417
f 3481/14/3385 3541/27/3419 3563/26/3418
f 3541/27/3419 3466/39/4212 3499/28/3420
f 3563/26/3418 3499/28/3420 3468/29/3421
f 3539/17/3422 3564/2/3425 3501/2/3423
f 3482/17/3392 3526/2/3391 3564/2/3425
f 3526/2/3391 3487/2/3382 3542/2/3426
f 3564/2/3425 3542/2/3426 3470/1/3427
f 3542/2/3426 3565/2/3429 3502/2/3428
f 3487/2/3382 3523/2/3381 3565/2/3429
f 3523/2/3381 3484/11/3380 3543/2/3430
f 3565/2/3429 3543/2/3430 3471/1/3431
f 3518/30/3369 3566/32/3433 3544/31/3432
f 3488/5/3371 3540/25/3417 3566/32/3433
f 3540/25/3417 3468/29/3421 3500/33/3434
f 3566/32/3433 3500/33/3434 3467/34/3434
f 3546/25/3435 3567/26/3436 3538/35/3415
f 3468/29/3421 3499/28/3420 3567/26/3436
f 3499/28/3420 3466/39/4212 3547/27/3437
f 3567/26/3436 3547/27/3437 3491/23/3416
f 3508/2/3438 3568/2/3442 3545/17/3439
f 3476/1/3441 3548/2/3443 3568/2/3442
f 3548/2/3443 3497/2/3395 3536/2/3407
f 3568/2/3442 3536/2/3407 3490/2/3409
f 3509/2/3444 3569/2/3446 3548/2/3443
f 3477/1/3445 3549/2/3447 3569/2/3446
f 3549/2/3447 3494/11/3396 3530/2/3393
f 3569/2/3446 3530/2/3393 3497/2/3395
f 3550/31/3448 3570/37/3449 3535/36/3405
f 3467/34/3434 3500/33/3434 3570/37/3449
f 3500/33/3434 3468/29/3421 3546/25/3435
f 3570/37/3449 3546/25/3435 3496/21/3406
f 3575/1/3450 3607/1/3453 3656/1/3451
f 3607/1/3453 3576/1/3454 3610/1/3454
f 3656/1/3451 3610/1/3454 3579/1/3454
f 3611/1/3452 3656/1/3451 3609/1/3454
f 3574/1/3456 3606/2/3459 3657/2/3457
f 3606/2/3459 3575/1/3450 3611/2/3452
f 3657/2/3457 3611/2/3452 3578/1/3455
f 3612/2/3458 3657/2/3457 3608/2/3460
f 3581/1/3462 3618/1/3465 3658/1/3463
f 3618/1/3465 3584/1/3472 3616/1/3463
f 3658/1/3463 3616/1/3463 3585/1/3466
f 3614/1/3464 3658/1/3463 3617/1/3464
f 3580/1/3467 3619/2/3470 3659/2/3468
f 3619/2/3470 3583/1/4213 3615/2/3471
f 3659/2/3468 3615/2/3471 3584/1/3472
f 3613/2/3469 3659/2/3468 3618/2/3465
f 3623/3/3473 3660/7/3477 3622/4/3474
f 3590/6/3476 3624/8/3478 3660/7/3477
f 3624/8/3478 3591/38/4214 3625/9/3479
f 3660/7/3477 3625/9/3479 3594/10/3480
f 3594/1/3480 3625/2/3479 3661/2/3481
f 3625/2/3479 3591/1/4214 3627/2/3483
f 3661/2/3481 3627/2/3483 3589/11/3484
f 3626/2/3482 3661/2/3481 3628/2/3485
f 3629/12/3487 3662/15/3490 3620/13/3488
f 3593/5/3475 3622/4/3474 3662/15/3490
f 3622/4/3474 3594/10/3480 3630/16/3491
f 3662/15/3490 3630/16/3491 3588/1/3492
f 3630/2/3491 3663/2/3494 3621/17/3493
f 3594/1/3480 3626/2/3482 3663/2/3494
f 3626/2/3482 3592/2/3486 3631/2/3495
f 3621/17/3493 3663/2/3494 3631/2/3495
f 3635/2/3497 3664/2/3501 3634/2/3498
f 3599/11/3500 3636/2/3502 3664/2/3501
f 3636/2/3502 3600/1/4215 3637/2/3503
f 3664/2/3501 3637/2/3503 3603/1/3504
f 3603/10/3504 3637/9/3503 3665/7/3505
f 3637/9/3503 3600/38/4215 3639/19/3507
f 3665/7/3505 3639/19/3507 3598/6/3508
f 3638/18/3506 3665/7/3505 3640/20/3509
f 3641/2/3511 3666/2/3514 3632/17/3512
f 3641/2/3511 3602/2/3499 3634/2/3498
f 3666/2/3514 3634/2/3498 3603/1/3504
f 3632/17/3512 3666/2/3514 3642/2/3515
f 3597/1/3516 3642/16/3515 3667/15/3517
f 3642/16/3515 3603/10/3504 3638/18/3506
f 3667/15/3517 3638/18/3506 3601/21/3510
f 3633/22/3518 3667/15/3517 3643/12/3519
f 3629/24/3487 3668/26/3522 3645/25/3521
f 3586/14/3489 3646/27/3523 3668/26/3522
f 3646/27/3523 3571/39/4216 3604/28/3524
f 3668/26/3522 3604/28/3524 3573/29/3525
f 3644/17/3526 3669/2/3529 3606/2/3527
f 3587/17/3496 3631/2/3495 3669/2/3529
f 3631/2/3495 3592/2/3486 3647/2/3530
f 3669/2/3529 3647/2/3530 3575/1/3531
f 3647/2/3530 3670/2/3533 3607/2/3532
f 3592/2/3486 3628/2/3485 3670/2/3533
f 3628/2/3485 3589/11/3484 3648/2/3533
f 3670/2/3533 3648/2/3533 3576/1/3534
f 3623/30/3473 3671/32/3536 3649/31/3535
f 3593/5/3475 3645/25/3521 3671/32/3536
f 3645/25/3521 3573/29/3525 3605/33/3537
f 3671/32/3536 3605/33/3537 3572/34/3537
f 3651/25/3538 3672/26/3539 3643/35/3519
f 3573/29/3525 3604/28/3524 3672/26/3539
f 3604/28/3524 3571/39/4216 3652/27/3540
f 3672/26/3539 3652/27/3540 3596/23/3520
f 3613/2/3541 3673/2/3545 3650/17/3542
f 3581/1/3544 3653/2/3546 3673/2/3545
f 3653/2/3546 3602/2/3499 3641/2/3511
f 3673/2/3545 3641/2/3511 3595/2/3513
f 3614/2/3547 3674/2/3549 3653/2/3546
f 3582/1/3548 3654/2/3549 3674/2/3549
f 3654/2/3549 3599/11/3500 3635/2/3497
f 3674/2/3549 3635/2/3497 3602/2/3499
f 3655/31/3550 3675/37/3551 3640/36/3509
f 3572/34/3537 3605/33/3537 3675/37/3551
f 3605/33/3537 3573/29/3525 3651/25/3538
f 3675/37/3551 3651/25/3538 3601/21/3510
f 3680/1/3552 3712/1/3553 3761/1/3553
f 3712/1/3553 3681/1/3553 3715/1/3553
f 3761/1/3553 3715/1/3553 3684/1/3553
f 3716/1/3554 3761/1/3553 3714/1/3555
f 3679/1/3557 3711/2/3560 3762/2/3558
f 3711/2/3560 3680/1/3552 3716/2/3554
f 3762/2/3558 3716/2/3554 3683/1/3556
f 3717/2/3559 3762/2/3558 3713/2/3561
f 3686/1/3563 3723/1/3565 3763/1/3564
f 3723/1/3565 3689/1/3573 3721/1/3564
f 3763/1/3564 3721/1/3564 3690/1/3566
f 3719/1/3564 3763/1/3564 3722/1/3564
f 3685/1/3568 3724/2/3571 3764/2/3569
f 3724/2/3571 3688/1/4217 3720/2/3572
f 3764/2/3569 3720/2/3572 3689/1/3573
f 3718/2/3570 3764/2/3569 3723/2/3565
f 3728/3/3574 3765/7/3578 3727/4/3575
f 3695/6/3577 3729/8/3579 3765/7/3578
f 3729/8/3579 3696/38/4218 3730/9/3580
f 3765/7/3578 3730/9/3580 3699/10/3581
f 3699/1/3581 3730/2/3580 3766/2/3582
f 3730/2/3580 3696/1/4218 3732/2/3584
f 3766/2/3582 3732/2/3584 3694/11/3585
f 3731/2/3583 3766/2/3582 3733/2/3586
f 3734/12/3588 3767/15/3591 3725/13/3589
f 3698/5/3576 3727/4/3575 3767/15/3591
f 3727/4/3575 3699/10/3581 3735/16/3592
f 3767/15/3591 3735/16/3592 3693/1/3593
f 3735/2/3592 3768/2/3595 3726/17/3594
f 3699/1/3581 3731/2/3583 3768/2/3595
f 3731/2/3583 3697/2/3587 3736/2/3596
f 3726/17/3594 3768/2/3595 3736/2/3596
f 3740/2/3598 3769/2/3602 3739/2/3599
f 3704/11/3601 3741/2/3603 3769/2/3602
f 3741/2/3603 3705/1/4219 3742/2/3604
f 3769/2/3602 3742/2/3604 3708/1/3605
f 3708/10/3605 3742/9/3604 3770/7/3606
f 3742/9/3604 3705/38/4219 3744/19/3608
f 3770/7/3606 3744/19/3608 3703/6/3609
f 3743/18/3607 3770/7/3606 3745/20/3610
f 3746/2/3612 3771/2/3615 3737/17/3613
f 3746/2/3612 3707/2/3600 3739/2/3599
f 3771/2/3615 3739/2/3599 3708/1/3605
f 3737/17/3613 3771/2/3615 3747/2/3616
f 3702/1/3617 3747/16/3616 3772/15/3618
f 3747/16/3616 3708/10/3605 3743/18/3607
f 3772/15/3618 3743/18/3607 3706/21/3611
f 3738/22/3619 3772/15/3618 3748/12/3620
f 3734/24/3588 3773/26/3623 3750/25/3622
f 3691/14/3590 3751/27/3624 3773/26/3623
f 3751/27/3624 3676/39/4220 3709/28/3625
f 3773/26/3623 3709/28/3625 3678/29/3626
f 3749/17/3627 3774/2/3630 3711/2/3628
f 3692/17/3597 3736/2/3596 3774/2/3630
f 3736/2/3596 3697/2/3587 3752/2/3631
f 3774/2/3630 3752/2/3631 3680/1/3632
f 3752/2/3631 3775/2/3634 3712/2/3633
f 3697/2/3587 3733/2/3586 3775/2/3634
f 3733/2/3586 3694/11/3585 3753/2/3635
f 3775/2/3634 3753/2/3635 3681/1/3633
f 3728/30/3574 3776/32/3637 3754/31/3636
f 3698/5/3576 3750/25/3622 3776/32/3637
f 3750/25/3622 3678/29/3626 3710/33/3638
f 3776/32/3637 3710/33/3638 3677/34/3638
f 3756/25/3639 3777/26/3640 3748/35/3620
f 3678/29/3626 3709/28/3625 3777/26/3640
f 3709/28/3625 3676/39/4220 3757/27/3641
f 3777/26/3640 3757/27/3641 3701/23/3621
f 3718/2/3642 3778/2/3646 3755/17/3643
f 3686/1/3645 3758/2/3647 3778/2/3646
f 3758/2/3647 3707/2/3600 3746/2/3612
f 3778/2/3646 3746/2/3612 3700/2/3614
f 3719/2/3648 3779/2/3650 3758/2/3647
f 3687/1/3649 3759/2/3651 3779/2/3650
f 3759/2/3651 3704/11/3601 3740/2/3598
f 3779/2/3650 3740/2/3598 3707/2/3600
f 3760/31/3652 3780/37/3653 3745/36/3610
f 3677/34/3638 3710/33/3638 3780/37/3653
f 3710/33/3638 3678/29/3626 3756/25/3639
f 3780/37/3653 3756/25/3639 3706/21/3611
f 3785/1/3654 3817/1/3657 3866/1/3655
f 3817/1/3657 3786/1/3657 3820/1/3657
f 3866/1/3655 3820/1/3657 3789/1/3658
f 3821/1/3656 3866/1/3655 3819/1/3658
f 3784/1/3660 3816/2/3663 3867/2/3661
f 3816/2/3663 3785/1/3654 3821/2/3656
f 3867/2/3661 3821/2/3656 3788/1/3659
f 3822/2/3662 3867/2/3661 3818/2/3664
f 3791/1/3666 3828/1/3669 3868/1/3667
f 3828/1/3669 3794/1/3676 3826/1/3670
f 3868/1/3667 3826/1/3670 3795/1/3668
f 3824/1/3668 3868/1/3667 3827/1/3668
f 3790/1/3671 3829/2/3674 3869/2/3672
f 3829/2/3674 3793/1/4221 3825/2/3675
f 3869/2/3672 3825/2/3675 3794/1/3676
f 3823/2/3673 3869/2/3672 3828/2/3669
f 3833/3/3677 3870/7/3681 3832/4/3678
f 3800/6/3680 3834/8/3682 3870/7/3681
f 3834/8/3682 3801/38/4222 3835/9/3683
f 3870/7/3681 3835/9/3683 3804/10/3684
f 3804/1/3684 3835/2/3683 3871/2/3685
f 3835/2/3683 3801/1/4222 3837/2/3687
f 3871/2/3685 3837/2/3687 3799/11/3688
f 3836/2/3686 3871/2/3685 3838/2/3689
f 3839/12/3691 3872/15/3694 3830/13/3692
f 3803/5/3679 3832/4/3678 3872/15/3694
f 3832/4/3678 3804/10/3684 3840/16/3695
f 3872/15/3694 3840/16/3695 3798/1/3696
f 3840/2/3695 3873/2/3698 3831/17/3697
f 3804/1/3684 3836/2/3686 3873/2/3698
f 3836/2/3686 3802/2/3690 3841/2/3699
f 3831/17/3697 3873/2/3698 3841/2/3699
f 3845/2/3701 3874/2/3705 3844/2/3702
f 3809/11/3704 3846/2/3706 3874/2/3705
f 3846/2/3706 3810/1/4223 3847/2/3707
f 3874/2/3705 3847/2/3707 3813/1/3708
f 3813/10/3708 3847/9/3707 3875/7/3709
f 3847/9/3707 3810/38/4223 3849/19/3711
f 3875/7/3709 3849/19/3711 3808/6/3712
f 3848/18/3710 3875/7/3709 3850/20/3713
f 3851/2/3715 3876/2/3718 3842/17/3716
f 3851/2/3715 3812/2/3703 3844/2/3702
f 3876/2/3718 3844/2/3702 3813/1/3708
f 3842/17/3716 3876/2/3718 3852/2/3719
f 3807/1/3720 3852/16/3719 3877/15/3721
f 3852/16/3719 3813/10/3708 3848/18/3710
f 3877/15/3721 3848/18/3710 3811/21/3714
f 3843/22/3722 3877/15/3721 3853/12/3723
f 3839/24/3691 3878/26/3726 3855/25/3725
f 3796/14/3693 3856/27/3727 3878/26/3726
f 3856/27/3727 3781/39/4224 3814/28/3728
f 3878/26/3726 3814/28/3728 3783/29/3729
f 3854/17/3730 3879/2/3730 3816/2/3731
f 3797/17/3700 3841/2/3699 3879/2/3730
f 3841/2/3699 3802/2/3690 3857/2/3733
f 3879/2/3730 3857/2/3733 3785/1/3734
f 3857/2/3733 3880/2/3736 3817/2/3735
f 3802/2/3690 3838/2/3689 3880/2/3736
f 3838/2/3689 3799/11/3688 3858/2/3737
f 3880/2/3736 3858/2/3737 3786/1/3738
f 3833/30/3677 3881/32/3740 3859/31/3739
f 3803/5/3679 3855/25/3725 3881/32/3740
f 3855/25/3725 3783/29/3729 3815/33/3741
f 3881/32/3740 3815/33/3741 3782/34/3742
f 3861/25/3743 3882/26/3744 3853/35/3723
f 3783/29/3729 3814/28/3728 3882/26/3744
f 3814/28/3728 3781/39/4224 3862/27/3745
f 3882/26/3744 3862/27/3745 3806/23/3724
f 3823/2/3746 3883/2/3750 3860/17/3747
f 3791/1/3749 3863/2/3751 3883/2/3750
f 3863/2/3751 3812/2/3703 3851/2/3715
f 3883/2/3750 3851/2/3715 3805/2/3717
f 3824/2/3752 3884/2/3754 3863/2/3751
f 3792/1/3753 3864/2/3754 3884/2/3754
f 3864/2/3754 3809/11/3704 3845/2/3701
f 3884/2/3754 3845/2/3701 3812/2/3703
f 3865/31/3755 3885/37/3756 3850/36/3713
f 3782/34/3742 3815/33/3741 3885/37/3756
f 3815/33/3741 3783/29/3729 3861/25/3743
f 3885/37/3756 3861/25/3743 3811/21/3714
f 3890/1/3757 3922/1/3760 3971/1/3758
f 3922/1/3760 3891/1/3760 3925/1/3760
f 3971/1/3758 3925/1/3760 3894/1/3758
f 3926/1/3759 3971/1/3758 3924/1/3758
f 3889/1/3762 3921/2/3765 3972/2/3763
f 3921/2/3765 3890/1/3757 3926/2/3759
f 3972/2/3763 3926/2/3759 3893/1/3761
f 3927/2/3764 3972/2/3763 3923/2/3766
f 3896/1/3768 3933/1/3770 3973/1/3769
f 3933/1/3770 3899/1/3779 3931/1/3769
f 3973/1/3769 3931/1/3769 3900/1/3771
f 3929/1/3769 3973/1/3769 3932/1/3772
f 3895/1/3774 3934/2/3777 3974/2/3775
f 3934/2/3777 3898/1/4225 3930/2/3778
f 3974/2/3775 3930/2/3778 3899/1/3779
f 3928/2/3776 3974/2/3775 3933/2/3770
f 3938/3/3780 3975/7/3784 3937/4/3781
f 3905/6/3783 3939/8/3785 3975/7/3784
f 3939/8/3785 3906/38/4226 3940/9/3786
f 3975/7/3784 3940/9/3786 3909/10/3787
f 3909/1/3787 3940/2/3786 3976/2/3788
f 3940/2/3786 3906/1/4226 3942/2/3790
f 3976/2/3788 3942/2/3790 3904/11/3791
f 3941/2/3789 3976/2/3788 3943/2/3792
f 3944/12/3794 3977/15/3797 3935/13/3795
f 3908/5/3782 3937/4/3781 3977/15/3797
f 3937/4/3781 3909/10/3787 3945/16/3798
f 3977/15/3797 3945/16/3798 3903/1/3799
f 3945/2/3798 3978/2/3801 3936/17/3800
f 3909/1/3787 3941/2/3789 3978/2/3801
f 3941/2/3789 3907/2/3793 3946/2/3802
f 3936/17/3800 3978/2/3801 3946/2/3802
f 3950/2/3804 3979/2/3808 3949/2/3805
f 3914/11/3807 3951/2/3809 3979/2/3808
f 3951/2/3809 3915/1/4227 3952/2/3810
f 3979/2/3808 3952/2/3810 3918/1/3811
f 3918/10/3811 3952/9/3810 3980/7/3812
f 3952/9/3810 3915/38/4227 3954/19/3814
f 3980/7/3812 3954/19/3814 3913/6/3815
f 3953/18/3813 3980/7/3812 3955/20/3816
f 3956/2/3818 3981/2/3821 3947/17/3819
f 3956/2/3818 3917/2/3806 3949/2/3805
f 3981/2/3821 3949/2/3805 3918/1/3811
f 3947/17/3819 3981/2/3821 3957/2/3822
f 3912/1/3823 3957/16/3822 3982/15/3824
f 3957/16/3822 3918/10/3811 3953/18/3813
f 3982/15/3824 3953/18/3813 3916/21/3817
f 3948/22/3825 3982/15/3824 3958/12/3826
f 3944/24/3794 3983/26/3829 3960/25/3828
f 3901/14/3796 3961/27/3830 3983/26/3829
f 3961/27/3830 3886/39/4228 3919/28/3831
f 3983/26/3829 3919/28/3831 3888/29/3832
f 3959/17/3833 3984/2/3836 3921/2/3834
f 3902/17/3803 3946/2/3802 3984/2/3836
f 3946/2/3802 3907/2/3793 3962/2/3837
f 3984/2/3836 3962/2/3837 3890/1/3838
f 3962/2/3837 3985/2/3840 3922/2/3839
f 3907/2/3793 3943/2/3792 3985/2/3840
f 3943/2/3792 3904/11/3791 3963/2/3840
f 3985/2/3840 3963/2/3840 3891/1/3839
f 3938/30/3780 3986/32/3842 3964/31/3841
f 3908/5/3782 3960/25/3828 3986/32/3842
f 3960/25/3828 3888/29/3832 3920/33/3843
f 3986/32/3842 3920/33/3843 3887/34/3844
f 3966/25/3845 3987/26/3846 3958/35/3826
f 3888/29/3832 3919/28/3831 3987/26/3846
f 3919/28/3831 3886/39/4228 3967/27/3847
f 3987/26/3846 3967/27/3847 3911/23/3827
f 3928/2/3848 3988/2/3852 3965/17/3849
f 3896/1/3851 3968/2/3853 3988/2/3852
f 3968/2/3853 3917/2/3806 3956/2/3818
f 3988/2/3852 3956/2/3818 3910/2/3820
f 3929/2/3854 3989/2/3855 3968/2/3853
f 3897/1/3854 3969/2/3856 3989/2/3855
f 3969/2/3856 3914/11/3807 3950/2/3804
f 3989/2/3855 3950/2/3804 3917/2/3806
f 3970/31/3857 3990/37/3858 3955/36/3816
f 3887/34/3844 3920/33/3843 3990/37/3858
f 3920/33/3843 3888/29/3832 3966/25/3845
f 3990/37/3858 3966/25/3845 3916/21/3817
f 3995/1/3859 4027/1/3860 4076/1/3860
f 4027/1/3860 3996/1/3862 4030/1/3862
f 4076/1/3860 4030/1/3862 3999/1/3862
f 4031/1/3861 4076/1/3860 4029/1/3860
f 3994/1/3864 4026/2/3867 4077/2/3865
f 4026/2/3867 3995/1/3859 4031/2/3861
f 4077/2/3865 4031/2/3861 3998/1/3863
f 4032/2/3866 4077/2/3865 4028/2/3868
f 4001/1/3870 4038/1/3872 4078/1/3871
f 4038/1/3872 4004/1/3880 4036/1/3871
f 4078/1/3871 4036/1/3871 4005/1/3873
f 4034/1/3871 4078/1/3871 4037/1/3871
f 4000/1/3875 4039/2/3878 4079/2/3876
f 4039/2/3878 4003/1/4229 4035/2/3879
f 4079/2/3876 4035/2/3879 4004/1/3880
f 4033/2/3877 4079/2/3876 4038/2/3872
f 4043/3/3881 4080/7/3885 4042/4/3882
f 4010/6/3884 4044/8/3886 4080/7/3885
f 4044/8/3886 4011/38/4230 4045/9/3887
f 4080/7/3885 4045/9/3887 4014/10/3888
f 4014/1/3888 4045/2/3887 4081/2/3889
f 4045/2/3887 4011/1/4230 4047/2/3891
f 4081/2/3889 4047/2/3891 4009/11/3892
f 4046/2/3890 4081/2/3889 4048/2/3893
f 4049/12/3895 4082/15/3898 4040/13/3896
f 4013/5/3883 4042/4/3882 4082/15/3898
f 4042/4/3882 4014/10/3888 4050/16/3899
f 4082/15/3898 4050/16/3899 4008/1/3900
f 4050/2/3899 4083/2/3902 4041/17/3901
f 4014/1/3888 4046/2/3890 4083/2/3902
f 4046/2/3890 4012/2/3894 4051/2/3903
f 4041/17/3901 4083/2/3902 4051/2/3903
f 4055/2/3905 4084/2/3909 4054/2/3906
f 4019/11/3908 4056/2/3910 4084/2/3909
f 4056/2/3910 4020/1/4231 4057/2/3911
f 4084/2/3909 4057/2/3911 4023/1/3912
f 4023/10/3912 4057/9/3911 4085/7/3913
f 4057/9/3911 4020/38/4231 4059/19/3915
f 4085/7/3913 4059/19/3915 4018/6/3916
f 4058/18/3914 4085/7/3913 4060/20/3917
f 4061/2/3919 4086/2/3922 4052/17/3920
f 4061/2/3919 4022/2/3907 4054/2/3906
f 4086/2/3922 4054/2/3906 4023/1/3912
f 4052/17/3920 4086/2/3922 4062/2/3923
f 4017/1/3924 4062/16/3923 4087/15/3925
f 4062/16/3923 4023/10/3912 4058/18/3914
f 4087/15/3925 4058/18/3914 4021/21/3918
f 4053/22/3926 4087/15/3925 4063/12/3927
f 4049/24/3895 4088/26/3930 4065/25/3929
f 4006/14/3897 4066/27/3931 4088/26/3930
f 4066/27/3931 3991/39/4232 4024/28/3932
f 4088/26/3930 4024/28/3932 3993/29/3933
f 4064/17/3934 4089/2/3937 4026/2/3935
f 4007/17/3904 4051/2/3903 4089/2/3937
f 4051/2/3903 4012/2/3894 4067/2/3938
f 4089/2/3937 4067/2/3938 3995/1/3939
f 4067/2/3938 4090/2/3941 4027/2/3940
f 4012/2/3894 4048/2/3893 4090/2/3941
f 4048/2/3893 4009/11/3892 4068/2/3942
f 4090/2/3941 4068/2/3942 3996/1/3940
f 4043/30/3881 4091/32/3944 4069/31/3943
f 4013/5/3883 4065/25/3929 4091/32/3944
f 4065/25/3929 3993/29/3933 4025/33/3945
f 4091/32/3944 4025/33/3945 3992/34/3945
f 4071/25/3946 4092/26/3947 4063/35/3927
f 3993/29/3933 4024/28/3932 4092/26/3947
f 4024/28/3932 3991/39/4232 4072/27/3948
f 4092/26/3947 4072/27/3948 4016/23/3928
f 4033/2/3949 4093/2/3953 4070/17/3950
f 4001/1/3952 4073/2/3954 4093/2/3953
f 4073/2/3954 4022/2/3907 4061/2/3919
f 4093/2/3953 4061/2/3919 4015/2/3921
f 4034/2/3955 4094/2/3957 4073/2/3954
f 4002/1/3956 4074/2/3957 4094/2/3957
f 4074/2/3957 4019/11/3908 4055/2/3905
f 4094/2/3957 4055/2/3905 4022/2/3907
f 4075/31/3958 4095/37/3959 4060/36/3917
f 3992/34/3945 4025/33/3945 4095/37/3959
f 4025/33/3945 3993/29/3933 4071/25/3946
f 4095/37/3959 4071/25/3946 4021/21/3918
f 4100/1/3960 4132/1/3963 4181/1/3961
f 4132/1/3963 4101/1/4233 4135/1/3964
f 4181/1/3961 4135/1/3964 4104/1/3963
f 4136/1/3962 4181/1/3961 4134/1/3961
f 4099/1/3966 4131/2/3969 4182/2/3967
f 4131/2/3969 4100/1/3960 4136/2/3962
f 4182/2/3967 4136/2/3962 4103/1/3965
f 4137/2/3968 4182/2/3967 4133/2/3970
f 4106/1/3972 4143/1/3974 4183/1/3973
f 4143/1/3974 4109/1/3981 4141/1/3973
f 4183/1/3973 4141/1/3973 4110/1/3975
f 4139/1/3973 4183/1/3973 4142/1/3973
f 4105/1/3976 4144/2/3979 4184/2/3977
f 4144/2/3979 4108/1/4234 4140/2/3980
f 4184/2/3977 4140/2/3980 4109/1/3981
f 4138/2/3978 4184/2/3977 4143/2/3974
f 4148/3/3982 4185/7/3986 4147/4/3983
f 4115/6/3985 4149/8/3987 4185/7/3986
f 4149/8/3987 4116/38/4235 4150/9/3988
f 4185/7/3986 4150/9/3988 4119/10/3989
f 4119/1/3989 4150/2/3988 4186/2/3990
f 4150/2/3988 4116/1/4235 4152/2/3992
f 4186/2/3990 4152/2/3992 4114/11/3993
f 4151/2/3991 4186/2/3990 4153/2/3994
f 4154/12/3996 4187/15/3999 4145/13/3997
f 4118/5/3984 4147/4/3983 4187/15/3999
f 4147/4/3983 4119/10/3989 4155/16/4000
f 4187/15/3999 4155/16/4000 4113/1/4001
f 4155/2/4000 4188/2/4003 4146/17/4002
f 4119/1/3989 4151/2/3991 4188/2/4003
f 4151/2/3991 4117/2/3995 4156/2/4004
f 4146/17/4002 4188/2/4003 4156/2/4004
f 4160/2/4006 4189/2/4010 4159/2/4007
f 4124/11/4009 4161/2/4011 4189/2/4010
f 4161/2/4011 4125/1/4236 4162/2/4012
f 4189/2/4010 4162/2/4012 4128/1/4013
f 4128/10/4013 4162/9/4012 4190/7/4014
f 4162/9/4012 4125/38/4236 4164/19/4016
f 4190/7/4014 4164/19/4016 4123/6/4017
f 4163/18/4015 4190/7/4014 4165/20/4018
f 4166/2/4020 4191/2/4023 4157/17/4021
f 4166/2/4020 4127/2/4008 4159/2/4007
f 4191/2/4023 4159/2/4007 4128/1/4013
f 4157/17/4021 4191/2/4023 4167/2/4024
f 4122/1/4025 4167/16/4024 4192/15/4026
f 4167/16/4024 4128/10/4013 4163/18/4015
f 4192/15/4026 4163/18/4015 4126/21/4019
f 4158/22/4027 4192/15/4026 4168/12/4028
f 4154/24/3996 4193/26/4031 4170/25/4030
f 4111/14/3998 4171/27/4032 4193/26/4031
f 4171/27/4032 4096/39/4237 4129/28/4033
f 4193/26/4031 4129/28/4033 4098/29/4034
f 4169/17/4035 4194/2/4038 4131/2/4036
f 4112/17/4005 4156/2/4004 4194/2/4038
f 4156/2/4004 4117/2/3995 4172/2/4039
f 4194/2/4038 4172/2/4039 4100/1/4040
f 4172/2/4039 4195/2/4042 4132/2/4041
f 4117/2/3995 4153/2/3994 4195/2/4042
f 4153/2/3994 4114/11/3993 4173/2/4043
f 4195/2/4042 4173/2/4043 4101/1/4044
f 4148/30/3982 4196/32/4046 4174/31/4045
f 4118/5/3984 4170/25/4030 4196/32/4046
f 4170/25/4030 4098/29/4034 4130/33/4047
f 4196/32/4046 4130/33/4047 4097/34/4047
f 4176/25/4048 4197/26/4049 4168/35/4028
f 4098/29/4034 4129/28/4033 4197/26/4049
f 4129/28/4033 4096/39/4237 4177/27/4050
f 4197/26/4049 4177/27/4050 4121/23/4029
f 4138/2/4051 4198/2/4055 4175/17/4052
f 4106/1/4054 4178/2/4056 4198/2/4055
f 4178/2/4056 4127/2/4008 4166/2/4020
f 4198/2/4055 4166/2/4020 4120/2/4022
f 4139/2/4057 4199/2/4059 4178/2/4056
f 4107/1/4058 4179/2/4060 4199/2/4059
f 4179/2/4060 4124/11/4009 4160/2/4006
f 4199/2/4059 4160/2/4006 4127/2/4008
f 4180/31/4061 4200/37/4062 4165/36/4018
f 4097/34/4047 4130/33/4047 4200/37/4062
f 4130/33/4047 4098/29/4034 4176/25/4048
f 4200/37/4062 4176/25/4048 4126/21/4019
