# Blender 5.1.2
# www.blender.org
o 0004_19_Decal3
v -159.351532 -72.983810 5.676350
v -158.187195 -72.107803 5.852726
v -157.378159 -71.509750 6.046196
v -155.680679 -72.032158 18.308311
v -154.772415 -71.012146 16.199947
v -154.397980 -70.566078 15.160166
v -154.289246 -70.333130 14.168385
v -153.292725 -69.339355 12.691345
v -152.257843 -68.298218 11.096766
v -151.244064 -67.262962 9.432267
v -150.310867 -66.286827 7.745476
v -150.134888 -66.081001 7.282320
v -150.038666 -65.927010 6.752586
v -150.075455 -65.875481 6.218604
v -150.298477 -65.977005 5.742701
v -150.593216 -66.166595 5.483552
v -151.003815 -66.456940 5.297394
v -151.517487 -66.837608 5.180925
v -152.121429 -67.298203 5.130847
v -154.364853 -69.035347 5.119710
v -157.313461 -71.338120 5.235723
v -159.742798 -73.233307 5.317639
v -157.097137 -71.385094 6.667632
v -157.413269 -71.672142 6.948040
v -158.036911 -72.075401 6.413609
v -158.981140 -72.739624 5.962487
v -161.484344 -74.532539 4.980232
v -157.132462 -71.150414 4.919398
v -152.088913 -67.237579 4.894511
v -148.485275 -64.450188 4.932370
v -155.354965 -71.786827 18.355778
v -159.449051 -73.689110 9.877259
v -158.842697 -73.159447 9.479018
v -158.139648 -72.538986 8.975041
v -157.518570 -71.968147 8.378238
v -157.158157 -71.587357 7.701511
v -156.548111 -71.106651 7.648888
v -154.987732 -69.978127 8.188444
v -154.978104 -70.033066 8.604756
v -155.134811 -70.223625 9.065726
v -155.397324 -70.493668 9.509883
v -155.705078 -70.787041 9.875742
v -156.619476 -71.467491 9.687117
v -157.663147 -72.277359 9.693516
v -158.663788 -73.067596 9.791402
v -157.582611 -73.001274 14.939274
v -156.918350 -72.377838 14.214861
v -156.311722 -71.787537 13.413536
v -155.780228 -71.234993 12.475571
v -155.341415 -70.724854 11.341236
v -155.112091 -70.557037 11.407522
v -154.934814 -70.441010 11.550027
v -154.811798 -70.377724 11.763933
v -154.764664 -70.382858 12.041903
v -155.637451 -71.302811 13.666210
v -156.272263 -71.845444 14.003847
v -156.918655 -72.412155 14.442198
v -155.848175 -70.573349 7.710276
v -156.455200 -71.111336 8.160530
v -155.482178 -71.175072 13.616909
v -156.808716 -71.095665 6.228151
v -157.881622 -71.822769 5.531254
v -156.079056 -70.780876 7.900969
v -155.649994 -70.457092 7.959450
v -155.265381 -70.150169 7.900573
v -154.810196 -70.485397 12.490541
v -157.189438 -77.530800 5.676351
v -155.775055 -77.180634 5.852727
v -154.800537 -76.930611 6.046196
v -154.134293 -75.284256 18.308311
v -152.769867 -75.223602 16.199947
v -152.187546 -75.214737 15.160166
v -151.938232 -75.277428 14.168386
v -150.538437 -75.131767 12.691345
v -149.077698 -74.986237 11.096766
v -147.634827 -74.853363 9.432267
v -146.288696 -74.745682 7.745476
v -146.017975 -74.739098 7.282320
v -145.837799 -74.761658 6.752586
v -145.821045 -74.822716 6.218604
v -146.040558 -74.931625 5.742701
v -146.373642 -75.040558 5.483552
v -146.858017 -75.175774 5.297394
v -147.477493 -75.333916 5.180925
v -148.215942 -75.511627 5.130847
v -150.979355 -76.155228 5.119710
v -154.626587 -76.988770 5.235723
v -157.629913 -77.676804 5.317639
v -154.526474 -76.791328 6.667632
v -154.948654 -76.855339 6.948040
v -155.655075 -77.084526 6.413609
v -156.766251 -77.397644 5.962488
v -159.736877 -78.207527 4.980232
v -154.366745 -76.966858 4.919398
v -148.148407 -75.524681 4.894511
v -143.711838 -74.488976 4.932370
v -153.738434 -75.186478 18.355778
v -157.798050 -77.161270 9.877259
v -157.004486 -77.025276 9.479018
v -156.079483 -76.871597 8.975040
v -155.244705 -76.750183 8.378238
v -154.721863 -76.710983 7.701511
v -153.963959 -76.541237 7.648888
v -152.103760 -76.043282 8.188444
v -152.140289 -76.001129 8.604756
v -152.387009 -76.002403 9.065726
v -152.762161 -76.035561 9.509883
v -153.183960 -76.089096 9.875742
v -154.288895 -76.368835 9.687117
v -155.575806 -76.667145 9.693516
v -156.820328 -76.944481 9.791402
v -156.086456 -76.147751 14.939274
v -155.183624 -76.026039 14.214862
v -154.342880 -75.928116 13.413536
v -153.578827 -75.864632 12.475571
v -152.906174 -75.846275 11.341236
v -152.631271 -75.774323 11.407522
v -152.429382 -75.710068 11.550026
v -152.302643 -75.654594 11.763933
v -152.276886 -75.614799 12.041903
v -153.541306 -75.711090 13.666210
v -154.362885 -75.860962 14.003847
v -155.210434 -76.004616 14.442198
v -153.108521 -76.334961 7.710277
v -153.908951 -76.466217 8.160530
v -153.344238 -75.671280 13.616909
v -154.119934 -76.750305 6.228151
v -155.361099 -77.123528 5.531254
v -153.415222 -76.383041 7.900970
v -152.893265 -76.254623 7.959450
v -152.412445 -76.150040 7.900573
v -152.385147 -75.585388 12.490541
v -146.694748 -95.917664 5.676350
v -145.673965 -94.877907 5.852726
v -144.963104 -94.165962 6.046196
v -143.206711 -94.429550 18.308311
v -142.460617 -93.285568 16.199947
v -142.156845 -92.788681 15.160166
v -142.084045 -92.542130 14.168385
v -141.246765 -91.410934 12.691345
v -140.378601 -90.227196 11.096766
v -139.530426 -89.052414 9.432267
v -138.753143 -87.948097 7.745476
v -138.609802 -87.718346 7.282320
v -138.537598 -87.551735 6.752586
v -138.581650 -87.506256 6.218604
v -138.787048 -87.639885 5.742701
v -139.050247 -87.871292 5.483552
v -139.412994 -88.219589 5.297394
v -139.864197 -88.672562 5.180925
v -140.392746 -89.218010 5.130847
v -142.352219 -91.270103 5.119710
v -144.924713 -93.986603 5.235723
v -147.044464 -96.222679 5.317639
v -144.703796 -94.000816 6.667632
v -144.973618 -94.331772 6.948040
v -145.530197 -94.823479 6.413609
v -146.364883 -95.621002 5.962487
v -148.572922 -97.766953 4.980232
v -144.773712 -93.774025 4.919398
v -140.369629 -89.153221 4.894511
v -137.221664 -85.859894 4.932370
v -142.921219 -94.138420 18.355778
v -146.686066 -96.629623 9.877259
v -146.165421 -96.015503 9.479018
v -145.562698 -95.297195 8.975041
v -145.033630 -94.640167 8.378238
v -144.733978 -94.209915 7.701511
v -144.202408 -93.643661 7.648888
v -142.827637 -92.295181 8.188444
v -142.809921 -92.348076 8.604756
v -142.936493 -92.559860 9.065726
v -143.155823 -92.866020 9.509883
v -143.416412 -93.201981 9.875742
v -144.219193 -94.011108 9.687117
v -145.130508 -94.967476 9.693516
v -146.002197 -95.898018 9.791402
v -144.942978 -95.671295 14.939274
v -144.379044 -94.955826 14.214861
v -143.867172 -94.281715 13.413536
v -143.423965 -93.656128 12.475571
v -143.066086 -93.086288 11.341236
v -142.864319 -92.886169 11.407522
v -142.706329 -92.745018 11.550027
v -142.594116 -92.664101 11.763933
v -142.546738 -92.662155 12.041903
v -143.272675 -93.701904 13.666210
v -143.819519 -94.333092 14.003847
v -144.374237 -94.989807 14.442198
v -143.589752 -93.012001 7.710276
v -144.109833 -93.634445 8.160530
v -143.138184 -93.552460 13.616909
v -144.461731 -93.671638 6.228151
v -145.414276 -94.550522 5.531254
v -143.787125 -93.251617 7.900969
v -143.411118 -92.867508 7.959450
v -143.076553 -92.506691 7.900573
v -142.576477 -92.770332 12.490541
v -143.879135 -100.091644 5.676351
v -142.532745 -99.534592 5.852727
v -141.606369 -99.142128 6.046196
v -141.192932 -97.414864 18.308311
v -139.852768 -97.151535 16.199947
v -139.278290 -97.055992 15.160166
v -139.022400 -97.080826 14.168386
v -137.659958 -96.728172 12.691345
v -136.237213 -96.366562 11.096766
v -134.830276 -96.020142 9.432267
v -133.515213 -95.713036 7.745476
v -133.248489 -95.666183 7.282320
v -133.066971 -95.661636 6.752586
v -133.041306 -95.719521 6.218604
v -133.242142 -95.859924 5.742701
v -133.555267 -96.017281 5.483552
v -134.014084 -96.223175 5.297394
v -134.603073 -96.471878 5.180925
v -135.306793 -96.757660 5.130847
v -137.943420 -97.805916 5.119710
v -141.425690 -99.173706 5.235723
v -144.292938 -100.301666 5.317639
v -141.356125 -98.963554 6.667632
v -141.764053 -99.089767 6.948040
v -142.428421 -99.421677 6.413609
v -143.480530 -99.896904 5.962488
v -146.297272 -101.140472 4.980232
v -141.172028 -99.113319 4.919398
v -135.238068 -96.760498 4.894511
v -131.005402 -95.075157 4.932370
v -140.816055 -97.259186 18.355778
v -144.536026 -99.816940 9.877259
v -143.771606 -99.564201 9.479018
v -142.879837 -99.274384 8.975040
v -142.072464 -99.029907 8.378238
v -141.561310 -98.913223 7.701511
v -140.837173 -98.632423 7.648888
v -139.071945 -97.862793 8.188444
v -139.114349 -97.826553 8.604756
v -139.358124 -97.864586 9.065726
v -139.724152 -97.953285 9.509883
v -140.133255 -98.069084 9.875742
v -141.184158 -98.510368 9.687117
v -142.412231 -98.997147 9.693516
v -143.601532 -99.456863 9.791402
v -142.994598 -98.559654 14.939274
v -142.119980 -98.304749 14.214862
v -141.303223 -98.082619 13.413536
v -140.557175 -97.905975 12.475571
v -139.894775 -97.787575 11.341236
v -139.633652 -97.675453 11.407522
v -139.443604 -97.581833 11.550026
v -139.326538 -97.508087 11.763933
v -139.306992 -97.464897 12.041903
v -140.542953 -97.748558 13.666210
v -141.333008 -98.019196 14.003847
v -142.149689 -98.287567 14.442198
v -140.022034 -98.300964 7.710277
v -140.793961 -98.550049 8.160530
v -140.354004 -97.679825 13.616909
v -140.960236 -98.862396 6.228151
v -142.131927 -99.416435 5.531254
v -140.318130 -98.394218 7.900970
v -139.821152 -98.189438 7.959450
v -139.361282 -98.014366 7.900573
v -139.418442 -97.451950 12.490541
v -130.761383 -116.709076 5.676350
v -129.906952 -115.528801 5.852726
v -129.310135 -114.718857 6.046196
v -127.534073 -114.717743 18.308311
v -126.966797 -113.475342 16.199947
v -126.740486 -112.938736 15.160166
v -126.705231 -112.684082 14.168385
v -126.045891 -111.440742 12.691345
v -125.363838 -110.140831 11.096766
v -124.700226 -108.852768 9.432267
v -124.096199 -107.644936 7.745476
v -123.988701 -107.396385 7.282320
v -123.942131 -107.220879 6.752586
v -123.992477 -107.182480 6.218604
v -124.175667 -107.345222 5.742701
v -124.401428 -107.613266 5.483552
v -124.708221 -108.011734 5.297394
v -125.086868 -108.526894 5.180925
v -125.528229 -109.145027 5.130847
v -127.159988 -111.466240 5.119710
v -129.298904 -114.535789 5.235723
v -131.061737 -117.062805 5.317639
v -129.078339 -114.516922 6.667632
v -129.295807 -114.884384 6.948040
v -129.772903 -115.453552 6.413609
v -130.479416 -116.366570 5.962487
v -132.342957 -118.817627 4.980232
v -129.181259 -114.303070 4.919398
v -125.515038 -109.077522 4.894511
v -122.893036 -105.351807 4.932370
v -127.295151 -114.387321 18.355778
v -130.646683 -117.411789 9.877259
v -130.223373 -116.726936 9.479018
v -129.734436 -115.926819 8.975041
v -129.309189 -115.198280 8.378238
v -129.077026 -114.728180 7.701511
v -128.635773 -114.089020 7.648888
v -127.477325 -112.550720 8.188444
v -127.451927 -112.600380 8.604756
v -127.545517 -112.828667 9.065726
v -127.716774 -113.164093 9.509883
v -127.924393 -113.535133 9.875742
v -128.597610 -114.454865 9.687117
v -129.356216 -115.536377 9.693516
v -130.079483 -116.586433 9.791402
v -129.065887 -116.204384 14.939274
v -128.614883 -115.412857 14.214861
v -128.209183 -114.669991 13.413536
v -127.864166 -113.985336 12.475571
v -127.595207 -113.368523 11.341236
v -127.425522 -113.140572 11.407522
v -127.290329 -112.977448 11.550027
v -127.191429 -112.880714 11.763933
v -127.144882 -112.871735 12.041903
v -127.707741 -114.008057 13.666210
v -128.154419 -114.713692 14.003847
v -128.605057 -115.445740 14.442198
v -128.124115 -113.373108 7.710276
v -128.545609 -114.066116 8.160530
v -127.597015 -113.840233 13.616909
v -128.888031 -114.155334 6.228151
v -129.698959 -115.166367 5.531254
v -128.283554 -113.639465 7.900969
v -127.968994 -113.203613 7.959450
v -127.691940 -112.796967 7.900573
v -127.158157 -112.983131 12.490541
v -127.355141 -120.416824 5.676351
v -126.106796 -119.665329 5.852727
v -125.249260 -119.139183 6.046196
v -125.097862 -117.369598 18.308311
v -123.811920 -116.909477 16.199947
v -123.258087 -116.729385 15.160166
v -123.001366 -116.715805 14.168386
v -121.706688 -116.164032 12.691345
v -120.353729 -115.594429 11.096766
v -119.014130 -115.042191 9.432267
v -117.759521 -114.542526 7.745476
v -117.502769 -114.456444 7.282320
v -117.323944 -114.424896 6.752586
v -117.289948 -114.478310 6.218604
v -117.467606 -114.647072 5.742701
v -117.753799 -114.849342 5.483552
v -118.176796 -115.121315 5.297394
v -118.722145 -115.455017 5.180925
v -119.375412 -115.842491 5.130847
v -121.826363 -117.271988 5.119710
v -125.065895 -119.143486 5.235723
v -127.733017 -120.686165 5.317639
v -125.028435 -118.925316 6.667632
v -125.412987 -119.110909 6.948040
v -126.020477 -119.538124 6.413609
v -126.989998 -120.164848 5.962488
v -129.589966 -121.814316 4.980232
v -124.824066 -119.045959 4.919398
v -119.307022 -115.835052 4.894511
v -115.372810 -113.537720 4.932370
v -124.748405 -117.159485 18.355778
v -128.045624 -120.243080 9.877259
v -127.327408 -119.879242 9.479018
v -126.488792 -119.459755 8.975040
v -125.726883 -119.097687 8.378238
v -125.238823 -118.906128 7.701511
v -124.564621 -118.520538 7.648888
v -122.933815 -117.496414 8.188444
v -122.981148 -117.466911 8.604756
v -123.216530 -117.540840 9.065726
v -123.565247 -117.683105 9.509883
v -123.952530 -117.858574 9.875742
v -124.925926 -118.451561 9.687117
v -126.067741 -119.115921 9.693516
v -127.175240 -119.747749 9.791402
v -126.708794 -118.770111 14.939274
v -125.881943 -118.387703 14.214862
v -125.107407 -118.046326 13.413536
v -124.396019 -117.760475 12.475571
v -123.758659 -117.544678 11.341236
v -123.517166 -117.394890 11.407522
v -123.343185 -117.273987 11.550026
v -123.238434 -117.183624 11.763933
v -123.225540 -117.138000 12.041903
v -124.405418 -117.602692 13.666210
v -125.146317 -117.988052 14.003847
v -125.913879 -118.375137 14.442198
v -123.807983 -118.071289 7.710277
v -124.534164 -118.432640 8.160530
v -124.228821 -117.506561 13.616909
v -124.652046 -118.766281 6.228151
v -125.728073 -119.488754 5.531254
v -124.086876 -118.207634 7.900970
v -123.625969 -117.931076 7.959450
v -123.197334 -117.689423 7.900573
v -123.337662 -117.141800 12.490541
v -111.907310 -134.893677 5.676350
v -111.238327 -133.599243 5.852726
v -110.768883 -132.709396 6.046196
v -109.012825 -132.443604 18.308311
v -108.637047 -131.130539 16.199947
v -108.493233 -130.566193 15.160166
v -108.496323 -130.309128 14.168385
v -108.029648 -128.981400 12.691345
v -107.548950 -127.594368 11.096766
v -107.084717 -126.221786 9.432267
v -106.667442 -124.937424 7.745476
v -106.598183 -124.675629 7.282320
v -106.578293 -124.495140 6.752586
v -106.633797 -124.464668 6.218604
v -106.790695 -124.652901 5.742701
v -106.973984 -124.951599 5.483552
v -107.217964 -125.391335 5.297394
v -107.515610 -125.957176 5.180925
v -107.859909 -126.634186 5.130847
v -109.127510 -129.172653 5.119710
v -110.785057 -132.526703 5.235723
v -112.151588 -135.288223 5.317639
v -110.569778 -132.475174 6.667632
v -110.730057 -132.870941 6.948040
v -111.116989 -133.504852 6.413609
v -111.679535 -134.512970 5.962487
v -113.156982 -137.214386 4.980232
v -110.703423 -132.279053 4.919398
v -107.856926 -126.565460 4.894511
v -105.819473 -122.490593 4.932370
v -108.825813 -132.081268 18.355778
v -111.689171 -135.571457 9.877259
v -111.372658 -134.831161 9.479018
v -111.008415 -133.967102 8.975041
v -110.696503 -133.183334 8.378238
v -110.536987 -132.683868 7.701511
v -110.195923 -131.986099 7.648888
v -109.279678 -130.292328 8.188444
v -109.247162 -130.337646 8.604756
v -109.305679 -130.577332 9.065726
v -109.425034 -130.934525 9.509883
v -109.575035 -131.332382 9.875742
v -110.103661 -132.342163 9.687117
v -110.692612 -133.524658 9.693516
v -111.251305 -134.670776 9.791402
v -110.305969 -134.141937 14.939274
v -109.977966 -133.292038 14.214861
v -109.687523 -132.496994 13.413536
v -109.448387 -131.768570 12.475571
v -109.274361 -131.118561 11.341236
v -109.140541 -130.867874 11.407522
v -109.031174 -130.686417 11.550027
v -108.947792 -130.576019 11.763933
v -108.903099 -130.560211 12.041903
v -109.290321 -131.767731 13.666210
v -109.626846 -132.532043 14.003847
v -109.963356 -133.323090 14.442198
v -109.796669 -131.201920 7.710276
v -110.110176 -131.950012 8.160530
v -109.205849 -131.585266 13.616909
v -110.435486 -132.089264 6.228151
v -111.086678 -133.209869 5.531254
v -109.914642 -131.489075 7.900969
v -109.668549 -131.011200 7.959450
v -109.455193 -130.567795 7.900573
v -108.899628 -130.672333 12.490541
v -107.986534 -138.052368 5.676351
v -106.864128 -137.123215 5.852727
v -106.094582 -136.475143 6.046196
v -106.208611 -134.702759 18.308311
v -105.005600 -134.056137 16.199947
v -104.484787 -133.795502 15.160166
v -104.232956 -133.743820 14.168386
v -103.034973 -133.005264 12.691345
v -101.782013 -132.240372 11.096766
v -100.539680 -131.494659 9.432267
v -99.373550 -130.813599 7.745476
v -99.132492 -130.690216 7.282320
v -98.960373 -130.632355 6.752586
v -98.918793 -130.680115 6.218604
v -99.069321 -130.873474 5.742701
v -99.322159 -131.116135 5.483552
v -99.699905 -131.448105 5.297394
v -100.189430 -131.859360 5.180925
v -100.777649 -132.339859 5.130847
v -102.988190 -134.118668 5.119710
v -105.912621 -136.452072 5.235723
v -108.320045 -138.375015 5.317639
v -105.908096 -136.230759 6.667632
v -106.260689 -136.471588 6.948040
v -106.797729 -136.984573 6.413609
v -107.663025 -137.748795 5.962488
v -109.988113 -139.767319 4.980232
v -105.688026 -136.319595 4.919398
v -100.711143 -132.322311 4.894511
v -97.163246 -129.464310 4.932370
v -105.894363 -134.442917 18.355778
v -108.695198 -137.983475 9.877259
v -108.039230 -137.516663 9.479018
v -107.272491 -136.976868 8.975040
v -106.573059 -136.505295 8.378238
v -106.118996 -136.243134 7.701511
v -105.509789 -135.761383 7.648888
v -104.049820 -134.505646 8.188444
v -104.101021 -134.483521 8.604756
v -104.322762 -134.591705 9.065726
v -104.646378 -134.784348 9.509883
v -105.003181 -135.015579 9.875742
v -105.877335 -135.747009 9.687117
v -106.907387 -136.574127 9.693516
v -107.908356 -137.363953 9.791402
v -107.592819 -136.327713 14.939274
v -106.832191 -135.826355 14.214862
v -106.117188 -135.373352 13.413536
v -105.456345 -134.984680 12.475571
v -104.858261 -134.676300 11.341236
v -104.641792 -134.492188 11.407522
v -104.487770 -134.346710 11.550026
v -104.397659 -134.241745 11.763933
v -104.391708 -134.194702 12.041903
v -105.489151 -134.830048 13.666210
v -106.164345 -135.321533 14.003847
v -106.865646 -135.818695 14.442198
v -104.828552 -135.204376 7.710277
v -105.492775 -135.669922 8.160530
v -105.328857 -134.708679 13.616909
v -105.559608 -136.017410 6.228151
v -106.515945 -136.892181 5.531254
v -105.084015 -135.380768 7.900970
v -104.669464 -135.038605 7.959450
v -104.281631 -134.735764 7.900573
v -104.502014 -134.215179 12.490541
v -90.553673 -150.065262 5.676350
v -90.085075 -148.685577 5.852726
v -89.753494 -147.735718 6.046196
v -88.056664 -147.211166 18.308311
v -87.880775 -145.856766 16.199947
v -87.822670 -145.277283 15.160166
v -87.864044 -145.023560 14.168385
v -87.600456 -143.641113 12.691345
v -87.331841 -142.197922 11.096766
v -87.077354 -140.771484 9.432267
v -86.856155 -139.439270 7.745476
v -86.826691 -139.170090 7.282320
v -86.833923 -138.988647 6.752586
v -86.893341 -138.966782 6.218604
v -87.020432 -139.176300 5.742701
v -87.157158 -139.498978 5.483552
v -87.332878 -139.970169 5.297394
v -87.542870 -140.574051 5.180925
v -87.782433 -141.294815 5.130847
v -88.657555 -143.993851 5.119710
v -89.796722 -147.557465 5.235723
v -90.736427 -150.491806 5.317639
v -89.591522 -147.474426 6.667632
v -89.691025 -147.889664 6.948040
v -89.979164 -148.574158 6.413609
v -90.385185 -149.654861 5.962487
v -91.443527 -152.546295 4.980232
v -89.752899 -147.300415 4.919398
v -87.789719 -141.226410 4.894511
v -86.382324 -136.893387 4.932370
v -87.925743 -146.824997 18.355778
v -90.236961 -150.702957 9.877259
v -90.034309 -149.923752 9.479018
v -89.802910 -149.015076 8.975041
v -89.611298 -148.193558 8.378238
v -89.527992 -147.675919 7.701511
v -89.294731 -146.935089 7.648888
v -88.641151 -145.123688 8.188444
v -88.602242 -145.163651 8.604756
v -88.624382 -145.409378 9.065726
v -88.689171 -145.780380 9.509883
v -88.778206 -146.196136 9.875742
v -89.150436 -147.273438 9.687117
v -89.556572 -148.530487 9.693516
v -89.938217 -149.747086 9.791402
v -89.082253 -149.083252 14.939274
v -88.884583 -148.193970 14.214861
v -88.715866 -147.364517 13.413536
v -88.587959 -146.608597 12.475571
v -88.512749 -145.939911 11.341236
v -88.417793 -145.672073 11.407522
v -88.336685 -145.476349 11.550027
v -88.270691 -145.354752 11.763933
v -88.228851 -145.332458 12.041903
v -88.431793 -146.584198 13.666210
v -88.650642 -147.390137 14.003847
v -88.865501 -148.222488 14.442198
v -89.016808 -146.100174 7.710276
v -89.215324 -146.886627 8.160530
v -88.375458 -146.391190 13.616909
v -89.516243 -147.072815 6.228151
v -89.993149 -148.277954 5.531254
v -89.090668 -146.401703 7.900969
v -88.918541 -145.892487 7.959450
v -88.773643 -145.422241 7.900573
v -88.208710 -145.442810 12.490541
v -86.205933 -152.604340 5.676351
v -85.234535 -151.518295 5.852727
v -84.570168 -150.762772 6.046196
v -84.947067 -149.027161 18.308311
v -83.853867 -148.208466 16.199947
v -83.377716 -147.873138 15.160166
v -83.136398 -147.784500 14.168386
v -82.061867 -146.875641 12.691345
v -80.936897 -145.932571 11.096766
v -79.819572 -145.010025 9.432267
v -78.767967 -144.162781 7.745476
v -78.547989 -144.004837 7.282320
v -78.386414 -143.921997 6.752586
v -78.338181 -143.963013 6.218604
v -78.458206 -144.176636 5.742701
v -78.672066 -144.454269 5.483552
v -78.996109 -144.838837 5.297394
v -79.418877 -145.318451 5.180925
v -79.928925 -145.881256 5.130847
v -81.849670 -147.969650 5.119710
v -84.393684 -150.712830 5.235723
v -86.487633 -152.973099 5.317639
v -84.422188 -150.493317 6.667632
v -84.734955 -150.784012 6.948040
v -85.189537 -151.371292 6.413609
v -85.931274 -152.255936 5.962488
v -87.929573 -154.598450 4.980232
v -84.191338 -150.548370 4.919398
v -79.865768 -145.854004 4.894511
v -76.783440 -142.499146 4.932370
v -84.675064 -148.723389 18.355778
v -86.916946 -152.641830 9.877259
v -86.337875 -152.082474 9.479018
v -85.660156 -151.434433 8.975040
v -85.038803 -150.863892 8.378238
v -84.628883 -150.536987 7.701511
v -84.098282 -149.969818 7.648888
v -82.841766 -148.510529 8.188444
v -82.895699 -148.496277 8.604756
v -83.098831 -148.636307 9.065726
v -83.390129 -148.875031 9.509883
v -83.708488 -149.156845 9.875742
v -84.463867 -150.010391 9.687117
v -85.359146 -150.981781 9.693516
v -86.231224 -151.911972 9.791402
v -86.073647 -150.840271 14.939274
v -85.396240 -150.231155 14.214862
v -84.756729 -149.676651 13.413536
v -84.161194 -149.193817 12.475571
v -83.615746 -148.799744 11.341236
v -83.429131 -148.585434 11.407522
v -83.298515 -148.418625 11.550026
v -83.225052 -148.301407 11.763933
v -83.226181 -148.254013 12.041903
v -84.216682 -149.045822 13.666210
v -84.811081 -149.632431 14.003847
v -85.430458 -150.228561 14.442198
v -83.507668 -149.317505 7.710277
v -84.095085 -149.876846 8.160530
v -84.076263 -148.901917 13.616909
v -84.109390 -150.230408 6.228151
v -84.924675 -151.237930 5.531254
v -83.733986 -149.529999 7.900970
v -83.375061 -149.129883 7.959450
v -83.036697 -148.772614 7.900573
v -83.332199 -148.290695 12.490541
v -67.177376 -161.884964 5.676350
v -66.919632 -160.450851 5.852726
v -66.733315 -159.462173 6.046196
v -65.133614 -158.690613 18.308311
v -65.161545 -157.325104 16.199947
v -65.190453 -156.743454 15.160166
v -65.269173 -156.498718 14.168385
v -65.214561 -155.092422 12.691345
v -65.164032 -153.625320 11.096766
v -65.124977 -152.176880 9.432267
v -65.104790 -150.826584 7.745476
v -65.115776 -150.556015 7.282320
v -65.149971 -150.377670 6.752586
v -65.211983 -150.364914 6.218604
v -65.306427 -150.591034 5.742701
v -65.393539 -150.930481 5.483552
v -65.497070 -151.422607 5.297394
v -65.614723 -152.051025 5.180925
v -65.744186 -152.799454 5.130847
v -66.207283 -155.598770 5.119710
v -66.802628 -159.292358 5.235723
v -67.294518 -162.333984 5.317639
v -66.612091 -159.179672 6.667632
v -66.648598 -159.605103 6.948040
v -66.831505 -160.324890 6.413609
v -67.071930 -161.454041 5.962487
v -67.687531 -164.470917 4.980232
v -66.797607 -159.031647 4.919398
v -65.761589 -152.732895 4.894511
v -65.015678 -148.238525 4.932370
v -65.061707 -158.289246 18.355778
v -66.769165 -162.468338 9.877259
v -66.684906 -161.667633 9.479018
v -66.591515 -160.734619 8.975041
v -66.524467 -159.893723 8.378238
v -66.519249 -159.369431 7.701511
v -66.398994 -158.602127 7.648888
v -66.022682 -156.713547 8.188444
v -65.978249 -156.747269 8.604756
v -65.963524 -156.993546 9.065726
v -65.972298 -157.370056 9.509883
v -65.998367 -157.794449 9.875742
v -66.205887 -158.915192 9.687117
v -66.420143 -160.218735 9.693516
v -66.616211 -161.478622 9.791402
v -65.868736 -160.694641 14.939274
v -65.805809 -159.785812 14.214861
v -65.762596 -158.940491 13.413536
v -65.748779 -158.173935 12.475571
v -65.774071 -157.501511 11.341236
v -65.720085 -157.222504 11.407522
v -65.669060 -157.016891 11.550027
v -65.621918 -156.886826 11.763933
v -65.583878 -156.858536 12.041903
v -65.597992 -158.126541 13.666210
v -65.694283 -158.956100 14.003847
v -65.782700 -159.811172 14.442198
v -66.248611 -157.735107 7.710276
v -66.327698 -158.542374 8.160530
v -65.571045 -157.927292 13.616909
v -66.597511 -158.771317 6.228151
v -66.889488 -160.034073 5.531254
v -66.276711 -158.044281 7.900969
v -66.182396 -157.515106 7.959450
v -66.109200 -157.028519 7.900573
v -65.547508 -156.964661 12.490541
v -62.499779 -163.747711 5.676351
v -61.701092 -162.529037 5.852727
v -61.156746 -161.682938 6.046196
v -61.788101 -160.022888 18.308311
v -60.829117 -159.050400 16.199947
v -60.408264 -158.647858 15.160166
v -60.182854 -158.524231 14.168386
v -59.255772 -157.465393 12.691345
v -58.283916 -156.365189 11.096766
v -57.316559 -155.286423 9.432267
v -56.402973 -154.291916 7.745476
v -56.208988 -154.102966 7.282320
v -56.061562 -153.996948 6.752586
v -56.007755 -154.030319 6.218604
v -56.094604 -154.259460 5.742701
v -56.264694 -154.565872 5.483552
v -56.527809 -154.994431 5.297394
v -56.874374 -155.531693 5.180925
v -57.294846 -156.164230 5.130847
v -58.882896 -158.515549 5.119710
v -60.989670 -161.607254 5.235723
v -62.723377 -164.154343 5.317639
v -61.050571 -161.394424 6.667632
v -61.316521 -161.728485 6.948040
v -61.678505 -162.376968 6.413609
v -62.280117 -163.362274 5.962488
v -63.906979 -165.976440 4.980232
v -60.814095 -161.414459 4.919398
v -57.236458 -156.127853 4.894511
v -54.688545 -152.351105 4.932370
v -61.564404 -159.681961 18.355778
v -63.197269 -163.890762 9.877259
v -62.708027 -163.251343 9.479018
v -62.134453 -162.509552 8.975040
v -61.605080 -161.852768 8.378238
v -61.248455 -161.468414 7.701511
v -60.808304 -160.828506 7.648888
v -59.783310 -159.198242 8.188444
v -59.838760 -159.192200 8.604756
v -60.018761 -159.360931 9.065726
v -60.271217 -159.640396 9.509883
v -60.544022 -159.966522 9.875742
v -61.163761 -160.923111 9.687117
v -61.904270 -162.017090 9.693516
v -62.627975 -163.066849 9.791402
v -62.631878 -161.983643 14.939274
v -62.052814 -161.280365 14.214862
v -61.503090 -160.636749 13.413536
v -60.986160 -160.070557 12.475571
v -60.505543 -159.599594 11.341236
v -60.352947 -159.359863 11.407522
v -60.248653 -159.175446 11.550026
v -60.193474 -159.048584 11.763933
v -60.201656 -159.001892 12.041903
v -61.063087 -159.932465 13.666210
v -61.563427 -160.601120 14.003847
v -62.087040 -161.282898 14.442198
v -60.321503 -160.095459 7.710277
v -60.819004 -160.736099 8.160530
v -60.945686 -159.769241 13.616909
v -60.780453 -161.087845 6.228151
v -61.436474 -162.205627 5.531254
v -60.513626 -160.339310 7.900970
v -60.218342 -159.890167 7.959450
v -59.936996 -159.486465 7.900573
v -60.301025 -159.053955 12.490541
v -42.300644 -170.088791 5.676350
v -42.259514 -168.632294 5.852726
v -42.222626 -167.626877 6.046196
v -40.755779 -166.625519 18.308311
v -40.986900 -165.279434 16.199947
v -41.102173 -164.708572 15.160166
v -41.216492 -164.478302 14.168385
v -41.372078 -163.079590 12.691345
v -41.540764 -161.621338 11.096766
v -41.718014 -160.183258 9.432267
v -41.899292 -158.845032 7.745476
v -41.950478 -158.579117 7.282320
v -42.010868 -158.407867 6.752586
v -42.074093 -158.404495 6.218604
v -42.133781 -158.642151 5.742701
v -42.169331 -158.990799 5.483552
v -42.198364 -159.492844 5.297394
v -42.221039 -160.131790 5.180925
v -42.237522 -160.891144 5.130847
v -42.278248 -163.728226 5.119710
v -42.316467 -167.469284 5.235723
v -42.349560 -170.550247 5.317639
v -42.144859 -167.329468 6.667632
v -42.117554 -167.755585 6.948040
v -42.191143 -168.494598 6.413609
v -42.260605 -169.646957 5.962487
v -42.419704 -172.721893 4.980232
v -42.350357 -167.210739 4.919398
v -42.264645 -160.827927 4.894511
v -42.196884 -156.272583 4.932370
v -40.744492 -166.217911 18.355778
v -41.810047 -170.604797 9.877259
v -41.846062 -169.800491 9.479018
v -41.892769 -168.863968 8.975041
v -41.951797 -168.022476 8.378238
v -42.024769 -167.503265 7.701511
v -42.020214 -166.726608 7.648888
v -41.929565 -164.803040 8.188444
v -41.880608 -164.829758 8.604756
v -41.829338 -165.071091 9.065726
v -41.781902 -165.444717 9.509883
v -41.744434 -165.868240 9.875742
v -41.782608 -167.007401 9.687117
v -41.800198 -168.328308 9.693516
v -41.806309 -169.603348 9.791402
v -41.184025 -168.716721 14.939274
v -41.257244 -167.808670 14.214861
v -41.340496 -166.966354 13.413536
v -41.441078 -166.206299 12.475571
v -41.566299 -165.545151 11.341236
v -41.554501 -165.261215 11.407522
v -41.534687 -165.050293 11.550027
v -41.507458 -164.914642 11.763933
v -41.474052 -164.881012 12.041903
v -41.299034 -166.136963 13.666210
v -41.270622 -166.971603 14.003847
v -41.230610 -167.830307 14.442198
v -42.000721 -165.846863 7.710276
v -41.958622 -166.656891 8.160530
v -41.302086 -165.935913 13.616909
v -42.191292 -166.923508 6.228151
v -42.291817 -168.215668 5.531254
v -41.982433 -166.156769 7.900969
v -41.968040 -165.619446 7.959450
v -41.968178 -165.127380 7.900573
v -41.422276 -164.980530 12.490541
v -37.397671 -171.233612 5.676351
v -36.789532 -169.909515 5.852727
v -36.377361 -168.991730 6.046196
v -37.249073 -167.444321 18.308311
v -36.445732 -166.339783 16.199947
v -36.089573 -165.878998 15.160166
v -35.885101 -165.723175 14.168386
v -35.126179 -164.537979 12.691345
v -34.329147 -163.305222 11.096766
v -33.533367 -162.094345 9.432267
v -32.778198 -160.974777 7.745476
v -32.614544 -160.759033 7.282320
v -32.484562 -160.632233 6.752586
v -32.426380 -160.657211 6.218604
v -32.478111 -160.896729 5.742701
v -32.600639 -161.225067 5.483552
v -32.796944 -161.688049 5.297394
v -33.059570 -162.270981 5.180925
v -33.381073 -162.959106 5.130847
v -34.600960 -165.520844 5.119710
v -36.223431 -168.891998 5.235723
v -37.558174 -171.669022 5.317639
v -36.315372 -168.690628 6.667632
v -36.528564 -169.060593 6.948040
v -36.789856 -169.755783 6.413609
v -37.237907 -170.819748 5.962488
v -38.456997 -173.647171 4.980232
v -36.078548 -168.675186 4.919398
v -33.328758 -162.914444 4.894511
v -31.372169 -158.800125 4.932370
v -37.078682 -167.073868 18.355778
v -38.066055 -171.479004 9.877259
v -37.677574 -170.773819 9.479018
v -37.220959 -169.954819 8.975040
v -36.795376 -169.226486 8.378238
v -36.500019 -168.793289 7.701511
v -36.160152 -168.094910 7.648888
v -35.389572 -166.330109 8.188444
v -35.445301 -166.332382 8.604756
v -35.598145 -166.526062 9.065726
v -35.806133 -166.840042 9.509883
v -36.027287 -167.203171 9.875742
v -36.497540 -168.241440 9.687117
v -37.066738 -169.433563 9.693516
v -37.625908 -170.579453 9.791402
v -37.791206 -169.508926 14.939274
v -37.323421 -168.727203 14.214862
v -36.875755 -168.008850 13.413536
v -36.448986 -167.371933 12.475571
v -36.043922 -166.834610 11.341236
v -35.928761 -166.574814 11.407522
v -35.853115 -166.376907 11.550026
v -35.817459 -166.243240 11.763933
v -35.832512 -166.198288 12.041903
v -36.545631 -167.246857 13.666210
v -36.940731 -167.982620 14.003847
v -37.356888 -168.734802 14.442198
v -35.788036 -167.297516 7.710277
v -36.184505 -168.005127 8.160530
v -36.453869 -167.067963 13.616909
v -36.093960 -168.347214 6.228151
v -36.576069 -169.550278 5.531254
v -35.941673 -167.567261 7.900970
v -35.716625 -167.079132 7.959450
v -35.498589 -166.638016 7.900573
v -35.923008 -166.264587 12.490541
v -16.479073 -174.493515 5.676350
v -16.655472 -173.047150 5.852726
v -16.768835 -172.047470 6.046196
v -15.467608 -170.838684 18.308311
v -15.896763 -169.542068 16.199947
v -16.095827 -168.994766 15.160166
v -16.243185 -168.784119 14.168385
v -16.605492 -167.424194 12.691345
v -16.989624 -166.007370 11.096766
v -17.379219 -164.611771 9.432267
v -17.757915 -163.315506 7.745476
v -17.848160 -163.060181 7.282320
v -17.933397 -162.899857 6.752586
v -17.996418 -162.905945 6.218604
v -18.020021 -163.149841 5.742701
v -18.003214 -163.499893 5.483552
v -17.957098 -164.000671 5.297394
v -17.884296 -164.635849 5.180925
v -17.787424 -165.389175 5.130847
v -17.404875 -168.200638 5.119710
v -16.885117 -171.905624 5.235723
v -16.458668 -174.957108 5.317639
v -16.736263 -171.741776 6.667632
v -16.645756 -172.159073 6.948040
v -16.608385 -172.900803 6.413609
v -16.505327 -174.050644 5.962487
v -16.204378 -177.114960 4.980232
v -16.957161 -171.655014 4.919398
v -17.823668 -165.330719 4.894511
v -18.435566 -160.816147 4.932370
v -15.517196 -170.433945 18.355778
v -15.917051 -174.930649 9.877259
v -16.072535 -174.140686 9.479018
v -16.258293 -173.221588 8.975041
v -16.442072 -172.398285 8.378238
v -16.591612 -171.895752 7.701511
v -16.702858 -171.127090 7.648888
v -16.899899 -169.211487 8.188444
v -16.847506 -169.230621 8.604756
v -16.760843 -169.461624 9.065726
v -16.658253 -169.823990 9.509883
v -16.558083 -170.237213 9.875742
v -16.426056 -171.369324 9.687117
v -16.246588 -172.678116 9.693516
v -16.062607 -173.939819 9.791402
v -15.579409 -172.970352 14.939274
v -15.787144 -172.083359 14.214861
v -15.994999 -171.262848 13.413536
v -16.207733 -170.526276 12.475571
v -16.430088 -169.891174 11.341236
v -16.460737 -169.608658 11.407522
v -16.472580 -169.397125 11.550027
v -16.465870 -169.258942 11.763933
v -16.437855 -169.220703 12.041903
v -16.077610 -170.436539 13.666210
v -15.925123 -171.257629 14.003847
v -15.757580 -172.100784 14.442198
v -16.814695 -170.254272 7.710276
v -16.652344 -171.048965 8.160530
v -16.110588 -170.238205 13.616909
v -16.842682 -171.347275 6.228151
v -16.749506 -172.639999 5.531254
v -16.750423 -170.557983 7.900969
v -16.816269 -170.024506 7.959450
v -16.889744 -169.537964 7.900573
v -16.371822 -169.311386 12.490541
v -11.460236 -174.894836 5.676351
v -11.056228 -173.494888 5.852727
v -10.785441 -172.525925 6.046196
v -11.878035 -171.125717 18.308311
v -11.248283 -169.913788 16.199947
v -10.964772 -169.405075 15.160166
v -10.785810 -169.220505 14.168386
v -10.211996 -167.935455 12.691345
v -9.607588 -166.597672 11.096766
v -9.001160 -165.281723 9.432267
v -8.421280 -164.062119 7.745476
v -8.291607 -163.824371 7.282320
v -8.181974 -163.679626 6.752586
v -8.120721 -163.695648 6.218604
v -8.136177 -163.940216 5.742701
v -8.208399 -164.283142 5.483552
v -8.333509 -164.770218 5.297394
v -8.506329 -165.385757 5.180925
v -8.721686 -166.114120 5.130847
v -9.546161 -168.829056 5.119710
v -10.648095 -172.404373 5.235723
v -11.554056 -175.349304 5.317639
v -10.769020 -172.218948 6.667632
v -10.924692 -172.616562 6.948040
v -11.079461 -173.342926 6.413609
v -11.363938 -174.461777 5.962488
v -12.148030 -177.439316 4.980232
v -10.537142 -172.168396 4.919398
v -8.676613 -166.062164 4.894511
v -7.355049 -161.702194 4.932370
v -11.764759 -170.734009 18.355778
v -12.084584 -175.237106 9.877259
v -11.805540 -174.481888 9.479018
v -11.476081 -173.603989 8.975040
v -11.163802 -172.820358 8.378238
v -10.936303 -172.347977 7.701511
v -10.704316 -171.606750 7.648888
v -10.205359 -169.746811 8.188444
v -10.260127 -169.757370 8.604756
v -10.382399 -169.971664 9.065726
v -10.541272 -170.313126 9.509883
v -10.705834 -170.705185 9.875742
v -11.016097 -171.801926 9.687117
v -11.401272 -173.065567 9.693516
v -11.783419 -174.281998 9.791402
v -12.106414 -173.248062 14.939274
v -11.760360 -172.405350 14.214862
v -11.424754 -171.628296 13.413536
v -11.097671 -170.934906 12.475571
v -10.777211 -170.343201 11.341236
v -10.702056 -170.069153 11.407522
v -10.656748 -169.862183 11.550026
v -10.641413 -169.724701 11.763933
v -10.662995 -169.682480 12.041903
v -11.211879 -170.825623 13.666210
v -11.492912 -171.612045 14.003847
v -11.792317 -172.417862 14.442198
v -10.455195 -170.762802 7.710277
v -10.741776 -171.521606 8.160530
v -11.147802 -170.635040 13.616909
v -10.601261 -171.846375 6.228151
v -10.898685 -173.107849 5.531254
v -10.566913 -171.052444 7.900970
v -10.417128 -170.536224 7.959450
v -10.267268 -170.067535 7.900573
v -10.742601 -169.761536 12.490541
v 9.710592 -175.000702 5.676350
v 9.320604 -173.596786 5.852726
v 9.059522 -172.625168 6.046196
v 10.166063 -171.235947 18.308311
v 9.548463 -170.017776 16.199947
v 9.270055 -169.506256 15.160166
v 9.092946 -169.319916 14.168385
v 8.532012 -168.029190 12.691345
v 7.941013 -166.685425 11.096766
v 7.347775 -165.363480 9.432267
v 6.780121 -164.138138 7.745476
v 6.652831 -163.899109 7.282320
v 6.544651 -163.753265 6.752586
v 6.483241 -163.768677 6.218604
v 6.496251 -164.013382 5.742701
v 6.565041 -164.357010 5.483552
v 6.685273 -164.845322 5.297394
v 6.851927 -165.462570 5.180925
v 7.059990 -166.193039 5.130847
v 7.857274 -168.916092 5.119710
v 8.923398 -172.502228 5.235723
v 9.799863 -175.456085 5.317639
v 9.046171 -172.318039 6.667632
v 9.197859 -172.717178 6.948040
v 9.345357 -173.445053 6.413609
v 9.618630 -174.566696 5.962487
v 10.372907 -177.551926 4.980232
v 8.814810 -172.265167 4.919398
v 7.015439 -166.140640 4.894511
v 5.737544 -161.767670 4.932370
v 10.056711 -170.843124 18.355778
v 10.331487 -175.349197 9.877259
v 10.060009 -174.591232 9.479018
v 9.739346 -173.710083 8.975041
v 9.434919 -172.923370 8.378238
v 9.212155 -172.448730 7.701511
v 8.987593 -171.705231 7.648888
v 8.507260 -169.840393 8.188444
v 8.561920 -169.851501 8.604756
v 8.682042 -170.067001 9.065726
v 8.837493 -170.410034 9.509883
v 8.998127 -170.803711 9.875742
v 9.297405 -171.903519 9.687117
v 9.669925 -173.170929 9.693516
v 10.039888 -174.391129 9.791402
v 10.373207 -173.360474 14.939274
v 10.035598 -172.514343 14.214861
v 9.707779 -171.733978 13.413536
v 9.387647 -171.037338 12.475571
v 9.073121 -170.442474 11.341236
v 9.000710 -170.167679 11.407522
v 8.957473 -169.960266 11.550027
v 8.943515 -169.822632 11.763933
v 8.965518 -169.780640 12.041903
v 9.502941 -170.929214 13.666210
v 9.776096 -171.718399 14.003847
v 10.067429 -172.527176 14.442198
v 8.746923 -170.858826 7.710276
v 9.025902 -171.620453 8.160530
v 9.440774 -170.738007 13.616909
v 8.882147 -171.943802 6.228151
v 9.166941 -173.208191 5.531254
v 8.855741 -171.149567 7.900969
v 8.711124 -170.631866 7.959450
v 8.565960 -170.161713 7.900573
v 9.044329 -169.860474 12.490541
v 14.733191 -174.649567 5.676351
v 14.924046 -173.205032 5.852727
v 15.047400 -172.206543 6.046196
v 13.758327 -170.984802 18.308311
v 14.200426 -169.692551 16.199947
v 14.404955 -169.147263 15.160166
v 14.554411 -168.938095 14.168386
v 14.930300 -167.581879 12.691345
v 15.328581 -166.168961 11.096766
v 15.732113 -164.777313 9.432267
v 16.123755 -163.484909 7.745476
v 16.216547 -163.230515 7.282320
v 16.303383 -163.071030 6.752586
v 16.366341 -163.077759 6.218604
v 16.387505 -163.321884 5.742701
v 16.367197 -163.671738 5.483552
v 16.316076 -164.172028 5.297394
v 16.236925 -164.806458 5.180925
v 16.132523 -165.558777 5.130847
v 15.721878 -168.366272 5.119710
v 15.165094 -172.065872 5.235723
v 14.708151 -175.112946 5.317639
v 15.017887 -171.900543 6.667632
v 14.923210 -172.316925 6.948040
v 14.878424 -173.058243 6.413609
v 14.763872 -174.206985 5.962488
v 14.432293 -177.268127 4.980232
v 15.239639 -171.815994 4.919398
v 16.169350 -165.500671 4.894511
v 16.826366 -160.992447 4.932370
v 13.811958 -170.580582 18.355778
v 14.166824 -175.081070 9.877259
v 14.330200 -174.292694 9.479018
v 14.525141 -173.375504 8.975040
v 14.717144 -172.554077 8.378238
v 14.871702 -172.053070 7.701511
v 14.990631 -171.285553 7.648888
v 15.206818 -169.372009 8.188444
v 15.154236 -169.390625 8.604756
v 15.065268 -169.620743 9.065726
v 14.959059 -169.982071 9.509883
v 14.854761 -170.394272 9.875742
v 14.711418 -171.525009 9.687117
v 14.518871 -172.831940 9.693516
v 14.322283 -174.091736 9.791402
v 13.848804 -173.117493 14.939274
v 14.065398 -172.232620 14.214862
v 14.281448 -171.414230 13.413536
v 14.501537 -170.679825 12.475571
v 14.730234 -170.046967 11.341236
v 14.763708 -169.764771 11.407522
v 14.777664 -169.553375 11.550026
v 14.772337 -169.415131 11.763933
v 14.744703 -169.376602 12.041903
v 14.372320 -170.588791 13.666210
v 14.211628 -171.408310 14.003847
v 14.035662 -172.249741 14.442198
v 15.111191 -170.413895 7.710277
v 14.940897 -171.206940 8.160530
v 14.407279 -170.390778 13.616909
v 15.128244 -171.507126 6.228151
v 15.022146 -172.798843 5.531254
v 15.043886 -170.716949 7.900970
v 15.115063 -170.184158 7.959450
v 15.193399 -169.698380 7.900573
v 14.677771 -169.466644 12.490541
v 35.683350 -171.599075 5.676350
v 35.088482 -170.268951 5.852726
v 34.685509 -169.347107 6.046196
v 35.572651 -167.808487 18.308311
v 34.780399 -166.695969 16.199947
v 34.428864 -166.231644 15.160166
v 34.225964 -166.073776 14.168385
v 33.478928 -164.881058 12.691345
v 32.694263 -163.640396 11.096766
v 31.910635 -162.421616 9.432267
v 31.166700 -161.294556 7.745476
v 31.005211 -161.077179 7.282320
v 30.876503 -160.949097 6.752586
v 30.818077 -160.973480 6.218604
v 30.867411 -161.213516 5.742701
v 30.986645 -161.543060 5.483552
v 31.178308 -162.007980 5.297394
v 31.435093 -162.593506 5.180925
v 31.749699 -163.284805 5.130847
v 32.943909 -165.858627 5.119710
v 34.532585 -169.245834 5.235723
v 35.839489 -172.036072 5.317639
v 34.626537 -169.045395 6.667632
v 34.836018 -169.417480 6.948040
v 35.090347 -170.115234 6.413609
v 35.527733 -171.183624 5.962487
v 36.718487 -174.023102 4.980232
v 34.389877 -169.027588 4.919398
v 31.697834 -163.239624 4.894511
v 29.782488 -159.105957 4.932370
v 35.405975 -167.436340 18.355778
v 36.349247 -171.851151 9.877259
v 35.967834 -171.142105 9.479018
v 35.519432 -170.318588 8.975041
v 35.101158 -169.586029 8.378238
v 34.810143 -169.149887 7.701511
v 34.477280 -168.448151 7.648888
v 33.724388 -166.675735 8.188444
v 33.780090 -166.678558 8.604756
v 33.930992 -166.873764 9.065726
v 34.135830 -167.189804 9.509883
v 34.353340 -167.555130 9.875742
v 34.813187 -168.598053 9.687117
v 35.370434 -169.795807 9.693516
v 35.918118 -170.947235 9.791402
v 36.094109 -169.878418 14.939274
v 35.634171 -169.092041 14.214861
v 35.193710 -168.369247 13.413536
v 34.773331 -167.728104 12.475571
v 34.373657 -167.186752 11.341236
v 34.261101 -166.925812 11.407522
v 34.187439 -166.727173 11.550027
v 34.153122 -166.593155 11.763933
v 34.168621 -166.548340 12.041903
v 34.871220 -167.604004 13.666210
v 35.258942 -168.343674 14.003847
v 35.667557 -169.099991 14.442198
v 34.113155 -167.647064 7.710276
v 34.502529 -168.358627 8.160530
v 34.781250 -167.424194 13.616909
v 34.408569 -168.699783 6.228151
v 34.878620 -169.907608 5.531254
v 34.264088 -167.918350 7.900969
v 34.043934 -167.427994 7.959450
v 33.830318 -166.984711 7.900573
v 34.258453 -166.615555 12.490541
v 40.597523 -170.503326 5.676351
v 40.570961 -169.046478 5.852727
v 40.544125 -168.040756 6.046196
v 39.087368 -167.024765 18.308311
v 39.331940 -165.681061 16.199947
v 39.452919 -165.111389 15.160166
v 39.569530 -164.882278 14.168386
v 39.739098 -163.485184 12.691345
v 39.922356 -162.028687 11.096766
v 40.113979 -160.592453 9.432267
v 40.308632 -159.256104 7.745476
v 40.362473 -158.990723 7.282320
v 40.424572 -158.820084 6.752586
v 40.487831 -158.817337 6.218604
v 40.545139 -159.055588 5.742701
v 40.577202 -159.404572 5.483552
v 40.601212 -159.906891 5.297394
v 40.617496 -160.546021 5.180925
v 40.626381 -161.305511 5.130847
v 40.638737 -164.142838 5.119710
v 40.639542 -167.884109 5.235723
v 40.641819 -170.965240 5.317639
v 40.469337 -167.742569 6.667632
v 40.437775 -168.168396 6.948040
v 40.503967 -168.908112 6.413609
v 40.561901 -170.061111 5.962488
v 40.690243 -173.137482 4.980232
v 40.676014 -167.625916 4.919398
v 40.654137 -161.242569 4.894511
v 40.631935 -156.686768 4.932370
v 39.080158 -166.617081 18.355778
v 40.101791 -171.014404 9.877259
v 40.145844 -170.210495 9.479018
v 40.201916 -169.274490 8.975040
v 40.269356 -168.433624 8.378238
v 40.347519 -167.915176 7.701511
v 40.350731 -167.138504 7.648888
v 40.279320 -165.214127 8.188444
v 40.230099 -165.240356 8.604756
v 40.176418 -165.481171 9.065726
v 40.125248 -165.854294 9.509883
v 40.083549 -166.277420 9.875742
v 40.110325 -167.416901 9.687117
v 40.114708 -168.737930 9.693516
v 40.108067 -170.012955 9.791402
v 39.494678 -169.120163 14.939274
v 39.576977 -168.212891 14.214862
v 39.668648 -167.371429 13.413536
v 39.776825 -166.612427 12.475571
v 39.908653 -165.952560 11.341236
v 39.899693 -165.668533 11.407522
v 39.881989 -165.457413 11.550026
v 39.856117 -165.321503 11.763933
v 39.823051 -165.287537 12.041903
v 39.635483 -166.541672 13.666210
v 39.598724 -167.375992 14.003847
v 39.550125 -168.234253 14.442198
v 40.340034 -166.258606 7.710277
v 40.289837 -167.068176 8.160530
v 39.640545 -166.340668 13.616909
v 40.519829 -167.337097 6.228151
v 40.607430 -168.630203 5.531254
v 40.318649 -166.568314 7.900970
v 40.309628 -166.030869 7.959450
v 40.314690 -165.538834 7.900573
v 39.770283 -165.386536 12.490541
v 60.859085 -164.364594 5.676350
v 60.072628 -163.137970 5.852726
v 59.536770 -162.286469 6.046196
v 60.184692 -160.632828 18.308311
v 59.235485 -159.650803 16.199947
v 58.818680 -159.244064 15.160166
v 58.594513 -159.118195 14.168385
v 57.678066 -158.050140 12.691345
v 56.717262 -156.940262 11.096766
v 55.760746 -155.851883 9.432267
v 54.857147 -154.848282 7.745476
v 54.665066 -154.657410 7.282320
v 54.518703 -154.549927 6.752586
v 54.464565 -154.582748 6.218604
v 54.549122 -154.812744 5.742701
v 54.716137 -155.120850 5.483552
v 54.974953 -155.552017 5.297394
v 55.316132 -156.092728 5.180925
v 55.730251 -156.729431 5.130847
v 57.294712 -159.096512 5.119710
v 59.370461 -162.209122 5.235723
v 61.078609 -164.773422 5.317639
v 59.433487 -161.996918 6.667632
v 59.696083 -162.333633 6.948040
v 60.051559 -162.985703 6.413609
v 60.643288 -163.976974 5.962487
v 62.243927 -166.607269 4.980232
v 59.196819 -162.014587 4.919398
v 55.672234 -156.692474 4.894511
v 53.162216 -152.890427 4.932370
v 59.964420 -160.289688 18.355778
v 61.555115 -164.514603 9.877259
v 61.072289 -163.870316 9.479018
v 60.506161 -163.122818 8.975041
v 59.983383 -162.460785 8.378238
v 59.630619 -162.072891 7.701511
v 59.196892 -161.428604 7.648888
v 58.188251 -159.788177 8.188444
v 58.243759 -159.782684 8.604756
v 58.422062 -159.953201 9.065726
v 58.671715 -160.235184 9.509883
v 58.941242 -160.564026 9.875742
v 59.551384 -161.526764 9.687117
v 60.280914 -162.628082 9.693516
v 60.994087 -163.685028 9.791402
v 61.008820 -162.601929 14.939274
v 60.436821 -161.892883 14.214861
v 59.893559 -161.243805 13.413536
v 59.382320 -160.672470 12.475571
v 58.906433 -160.196732 11.341236
v 58.756245 -159.955490 11.407522
v 58.653797 -159.770035 11.550027
v 58.599892 -159.642624 11.763933
v 58.608540 -159.596008 12.041903
v 59.460621 -160.535156 13.666210
v 59.954250 -161.208786 14.003847
v 60.471016 -161.895767 14.442198
v 58.717442 -160.690735 7.710276
v 59.208511 -161.336304 8.160530
v 59.344864 -160.370773 13.616909
v 59.166447 -161.687653 6.228151
v 59.811256 -162.811935 5.531254
v 58.907120 -160.936478 7.900969
v 58.616341 -160.484406 7.959450
v 58.339050 -160.077927 7.900573
v 58.707382 -159.649078 12.490541
v 65.555069 -162.548691 5.676351
v 65.311684 -161.112076 5.852727
v 65.135262 -160.121582 6.046196
v 63.543358 -159.334045 18.308311
v 63.584938 -157.968903 16.199947
v 63.619663 -157.387558 15.160166
v 63.700829 -157.143631 14.168386
v 63.660286 -155.736862 12.691345
v 63.624428 -154.269318 11.096766
v 63.599865 -152.820572 9.432267
v 63.593182 -151.470139 7.745476
v 63.606869 -151.199677 7.282320
v 63.642845 -151.021698 6.752586
v 63.704987 -151.009567 6.218604
v 63.797165 -151.236603 5.742701
v 63.880875 -151.576920 5.483552
v 63.979481 -152.070038 5.297394
v 64.090836 -152.699615 5.180925
v 64.212814 -153.449295 5.130847
v 64.647896 -156.253098 5.119710
v 65.206268 -159.952469 5.235723
v 65.667717 -162.998856 5.317639
v 65.016869 -159.837875 6.667632
v 65.049126 -160.263657 6.948040
v 65.224823 -160.985229 6.413609
v 65.453941 -162.116730 5.962488
v 66.039337 -165.139618 4.980232
v 65.203857 -159.691727 4.919398
v 64.230881 -153.382919 4.894511
v 63.529953 -148.881317 4.932370
v 63.475468 -158.931992 18.355778
v 65.141045 -163.127945 9.877259
v 65.064796 -162.326447 9.479018
v 64.980743 -161.392532 8.975040
v 64.922112 -160.551010 8.378238
v 64.922134 -160.026703 7.701511
v 64.809563 -159.258224 7.648888
v 64.452148 -157.365982 8.188444
v 64.407387 -157.399261 8.604756
v 64.390198 -157.645370 9.065726
v 64.395203 -158.021957 9.509883
v 64.417030 -158.446579 9.875742
v 64.613335 -159.569351 9.687117
v 64.814545 -160.874969 9.693516
v 64.998001 -162.136749 9.791402
v 64.258408 -161.345337 14.939274
v 64.204567 -160.435928 14.214862
v 64.169807 -159.590210 13.413536
v 64.163658 -158.823563 12.475571
v 64.195671 -158.151413 11.341236
v 64.144485 -157.871887 11.407522
v 64.095512 -157.665771 11.550026
v 64.049675 -157.535233 11.763933
v 64.011917 -157.506561 12.041903
v 64.013351 -158.774658 13.666210
v 64.101349 -159.605133 14.003847
v 64.181206 -160.461060 14.442198
v 64.667847 -158.389755 7.710277
v 64.738869 -159.197754 8.160530
v 63.988400 -158.575150 13.616909
v 65.006371 -159.429398 6.228151
v 65.285706 -160.695007 5.531254
v 64.692856 -158.699188 7.900970
v 64.603844 -158.169098 7.959450
v 64.535515 -157.681793 7.900573
v 63.974491 -157.612335 12.490541
v 84.675484 -153.458817 5.676350
v 83.714996 -152.363113 5.852726
v 83.058220 -151.600983 6.046196
v 83.452461 -149.869247 18.308311
v 82.367493 -149.039658 16.199947
v 81.894722 -148.699570 15.160166
v 81.654305 -148.608521 14.168385
v 80.588913 -147.688980 12.691345
v 79.473434 -146.734695 11.096766
v 78.365387 -145.801025 9.432267
v 77.322311 -144.943298 7.745476
v 77.103928 -144.783173 7.282320
v 76.943184 -144.698715 6.752586
v 76.894539 -144.739243 6.218604
v 77.012428 -144.954071 5.742701
v 77.223495 -145.233826 5.483552
v 77.543678 -145.621613 5.297394
v 77.961632 -146.105438 5.180925
v 78.466019 -146.673309 5.130847
v 80.365791 -148.780807 5.119710
v 82.882240 -151.549286 5.235723
v 84.953484 -153.830383 5.317639
v 82.912941 -151.330063 6.667632
v 83.222786 -151.623871 6.948040
v 83.671471 -152.215683 6.413609
v 84.404327 -153.107697 5.962487
v 86.379097 -155.470062 4.980232
v 82.681549 -151.382812 4.919398
v 78.403145 -146.645416 4.894511
v 75.354523 -143.259903 4.932370
v 83.183502 -149.562759 18.355778
v 85.386093 -153.503418 9.877259
v 84.812645 -152.938293 9.479018
v 84.141434 -152.283524 8.975041
v 83.525826 -151.706787 8.378238
v 83.119194 -151.375809 7.701511
v 82.594284 -150.803345 7.648888
v 81.352432 -149.331573 8.188444
v 81.406494 -149.317856 8.604756
v 81.608223 -149.459915 9.065726
v 81.897118 -149.701538 9.509883
v 82.212639 -149.986526 9.875742
v 82.959450 -150.847580 9.687117
v 83.844971 -151.827881 9.693516
v 84.707695 -152.766739 9.791402
v 84.560844 -151.693527 14.939274
v 83.889565 -151.077652 14.214861
v 83.255630 -150.516785 13.413536
v 82.664955 -150.028030 12.475571
v 82.123482 -149.628525 11.341236
v 81.939018 -149.412354 11.407522
v 81.810074 -149.244247 11.550027
v 81.737785 -149.126297 11.763933
v 81.739388 -149.078918 12.041903
v 82.721916 -149.880585 13.666210
v 83.310425 -150.473114 14.003847
v 83.923805 -151.075409 14.442198
v 82.010223 -150.145172 7.710276
v 82.592026 -150.710358 8.160530
v 82.582947 -149.735291 13.616909
v 82.602791 -151.064041 6.228151
v 83.407959 -152.079681 5.531254
v 82.234406 -150.359909 7.900969
v 81.879501 -149.956223 7.959450
v 81.544724 -149.595596 7.900573
v 81.845032 -149.116653 12.490541
v 89.048393 -150.963333 5.676351
v 88.593613 -149.579041 5.852727
v 88.271545 -148.625900 6.046196
v 86.580048 -148.084412 18.308311
v 86.417709 -146.728317 16.199947
v 86.365410 -146.148285 15.160166
v 86.409309 -145.894989 14.168386
v 86.159561 -144.509979 12.691345
v 85.905396 -143.064163 11.096766
v 85.665192 -141.635254 9.432267
v 85.457321 -140.300903 7.745476
v 85.430550 -140.031433 7.282320
v 85.439590 -139.850067 6.752586
v 85.499229 -139.828812 6.218604
v 85.624222 -140.039581 5.742701
v 85.757713 -140.363617 5.483552
v 85.928711 -140.836533 5.297394
v 86.132652 -141.442490 5.180925
v 86.364998 -142.165604 5.130847
v 87.213081 -144.873260 5.119710
v 88.316551 -148.448090 5.235723
v 89.226868 -151.391678 5.317639
v 88.112198 -148.363007 6.667632
v 88.207542 -148.779221 6.948040
v 88.488815 -149.466568 6.413609
v 88.884018 -150.551270 5.962488
v 89.913391 -153.453156 4.980232
v 88.275307 -148.190613 4.919398
v 86.372971 -142.097290 4.894511
v 85.008972 -137.750412 4.932370
v 86.452995 -147.696960 18.355778
v 88.725319 -151.597824 9.877259
v 88.530472 -150.816635 9.479018
v 88.308167 -149.905685 8.975040
v 88.124779 -149.082306 8.378238
v 88.046661 -148.563843 7.701511
v 87.820816 -147.820724 7.648888
v 87.185379 -146.002884 8.188444
v 87.146072 -146.042450 8.604756
v 87.165756 -146.288391 9.065726
v 87.226837 -146.660019 9.509883
v 87.311699 -147.076645 9.875742
v 87.673141 -148.157623 9.687117
v 88.066689 -149.418671 9.693516
v 88.436150 -150.639023 9.791402
v 87.586861 -149.966660 14.939274
v 87.398094 -149.075439 14.214862
v 87.237679 -148.244354 13.413536
v 87.117348 -147.487183 12.475571
v 87.048828 -146.817780 11.341236
v 86.956551 -146.548996 11.407522
v 86.877403 -146.352478 11.550026
v 86.812630 -146.230240 11.763933
v 86.771019 -146.207504 12.041903
v 86.961426 -147.461227 13.666210
v 87.172211 -148.269318 14.003847
v 87.378738 -149.103775 14.442198
v 87.551254 -146.983078 7.710277
v 87.741898 -147.771469 8.160530
v 86.907013 -147.267670 13.616909
v 88.040932 -147.960663 6.228151
v 88.505768 -149.170502 5.531254
v 87.622093 -147.285324 7.900970
v 87.455070 -146.774414 7.959450
v 87.314888 -146.302750 7.900573
v 86.749771 -146.317673 12.490541
v 106.600540 -139.125397 5.676350
v 105.487488 -138.185074 5.852726
v 104.724457 -137.529327 6.046196
v 104.856201 -135.758163 18.308311
v 103.659721 -135.099548 16.199947
v 103.141541 -134.833725 15.160166
v 102.890236 -134.779526 14.168385
v 101.699699 -134.029022 12.691345
v 100.454453 -133.251648 11.096766
v 99.219635 -132.493530 9.432267
v 98.060379 -131.800842 7.745476
v 97.820564 -131.675064 7.282320
v 97.649033 -131.615494 6.752586
v 97.606972 -131.662827 6.218604
v 97.755562 -131.857681 5.742701
v 98.005966 -132.102859 5.483552
v 98.380371 -132.438599 5.297394
v 98.865761 -132.854721 5.180925
v 99.449150 -133.341080 5.130847
v 101.641785 -135.141907 5.119710
v 104.542740 -137.504440 5.235723
v 106.930809 -139.451355 5.317639
v 104.540421 -137.283081 6.667632
v 104.890594 -137.527435 6.948040
v 105.422470 -138.045761 6.413609
v 106.280083 -138.818588 5.962487
v 108.584869 -140.860275 4.980232
v 104.319473 -137.369720 4.919398
v 99.382812 -133.322876 4.894511
v 95.863678 -130.429520 4.932370
v 104.544571 -135.495193 18.355778
v 107.309860 -139.063583 9.877259
v 106.658592 -138.590240 9.479018
v 105.897293 -138.042801 8.975041
v 105.202606 -137.564255 8.378238
v 104.751190 -137.297577 7.701511
v 104.146828 -136.809738 7.648888
v 102.699493 -135.539474 8.188444
v 102.750916 -135.517868 8.604756
v 102.971558 -135.628265 9.065726
v 103.293236 -135.824142 9.509883
v 103.647713 -136.058929 9.875742
v 104.514503 -136.799057 9.687117
v 105.536232 -137.636444 9.693516
v 106.529251 -138.436234 9.791402
v 106.224091 -137.396896 14.939274
v 105.468521 -136.887939 14.214861
v 104.758080 -136.427826 13.413536
v 104.101158 -136.032547 12.475571
v 103.506187 -135.718201 11.341236
v 103.291565 -135.531937 11.407522
v 103.139015 -135.384933 11.550027
v 103.049950 -135.279068 11.763933
v 103.044472 -135.231979 12.041903
v 104.135513 -135.878265 13.666210
v 104.805756 -136.376465 14.003847
v 105.502045 -136.880615 14.442198
v 103.471199 -136.245972 7.710276
v 104.130730 -136.718124 8.160530
v 103.976440 -135.755295 13.616909
v 104.194092 -137.066269 6.228151
v 105.141624 -137.950546 5.531254
v 103.724884 -136.424896 7.900969
v 103.313774 -136.078613 7.959450
v 102.928993 -135.771912 7.900573
v 103.154564 -135.253555 12.490541
v 110.552696 -136.006058 5.676351
v 109.896690 -134.705002 5.852727
v 109.436165 -133.810501 6.046196
v 107.682861 -133.527161 18.308311
v 107.320229 -132.210403 16.199947
v 107.182068 -131.644638 15.160166
v 107.187729 -131.387619 14.168386
v 106.734352 -130.055298 12.691345
v 106.267548 -128.663513 11.096766
v 105.817070 -127.286362 9.432267
v 105.412659 -125.997894 7.745476
v 105.346024 -125.735420 7.282320
v 105.327934 -125.554741 6.752586
v 105.383743 -125.524826 6.218604
v 105.538742 -125.714622 5.742701
v 105.719040 -126.015137 5.483552
v 105.958611 -126.457291 5.297394
v 106.250580 -127.026077 5.180925
v 106.588097 -127.706497 5.130847
v 107.830246 -130.257523 5.119710
v 109.454170 -133.627975 5.235723
v 110.793015 -136.403015 5.317639
v 109.239418 -133.574295 6.667632
v 109.395729 -133.971649 6.948040
v 109.776306 -134.609390 6.413609
v 110.328743 -135.623093 5.962488
v 111.779099 -138.339157 4.980232
v 109.375015 -133.379517 4.919398
v 106.585800 -127.637749 4.894511
v 104.589203 -123.542709 4.932370
v 107.499481 -133.162964 18.355778
v 110.327789 -136.681610 9.877259
v 110.018700 -135.938187 9.479018
v 109.663116 -135.070541 8.975040
v 109.359055 -134.283676 8.378238
v 109.204544 -133.782654 7.701511
v 108.870468 -133.081497 7.648888
v 107.971207 -131.378647 8.188444
v 107.938240 -131.423645 8.604756
v 107.994362 -131.663895 9.065726
v 108.110138 -132.022278 9.509883
v 108.256149 -132.421600 9.875742
v 108.774658 -133.436630 9.687117
v 109.351746 -134.624954 9.693516
v 109.898956 -135.776611 9.791402
v 108.958954 -135.238342 14.939274
v 108.639465 -134.385193 14.214862
v 108.356987 -133.587296 13.413536
v 108.125145 -132.856506 12.475571
v 107.957626 -132.204803 11.341236
v 107.826324 -131.952774 11.407522
v 107.718781 -131.770233 11.550026
v 107.636505 -131.659027 11.763933
v 107.591972 -131.642746 12.041903
v 107.967102 -132.854080 13.666210
v 108.295959 -133.621735 14.003847
v 108.624550 -134.416107 14.442198
v 108.479080 -132.293381 7.710277
v 108.785095 -133.044556 8.160530
v 107.884460 -132.670792 13.616909
v 109.108986 -133.187057 6.228151
v 109.748940 -134.314117 5.531254
v 108.594177 -132.581696 7.900970
v 108.352875 -132.101379 7.959450
v 108.143959 -131.655869 7.900573
v 107.587379 -131.754852 12.490541
v 126.144539 -121.684441 5.676350
v 124.903778 -120.920502 5.852726
v 124.051544 -120.385803 6.046196
v 123.917854 -118.614792 18.308311
v 122.636574 -118.141838 16.199947
v 122.084564 -117.956215 15.160166
v 121.827995 -117.940063 14.168385
v 120.538902 -117.375381 12.691345
v 119.191704 -116.792267 11.096766
v 117.857697 -116.226662 9.432267
v 116.608147 -115.714478 7.745476
v 116.352264 -115.625832 7.282320
v 116.173767 -115.592499 6.752586
v 116.139236 -115.645569 6.218604
v 116.315201 -115.816101 5.742701
v 116.599350 -116.021225 5.483552
v 117.019608 -116.297409 5.297394
v 117.561592 -116.636551 5.180925
v 118.210953 -117.030533 5.130847
v 120.647491 -118.484467 5.119710
v 123.868141 -120.388275 5.235723
v 126.519707 -121.957550 5.317639
v 123.832863 -120.169739 6.667632
v 124.215538 -120.359177 6.948040
v 124.818726 -120.792442 6.413609
v 125.781937 -121.428825 5.962487
v 128.365265 -123.104218 4.980232
v 123.627296 -120.288338 4.919398
v 118.142647 -117.022415 4.894511
v 114.231606 -114.685852 4.932370
v 123.570511 -118.401199 18.355778
v 126.836731 -121.517616 9.877259
v 126.122185 -121.146606 9.479018
v 125.287804 -120.718758 8.975041
v 124.529556 -120.349083 8.378238
v 124.043434 -120.152657 7.701511
v 123.373123 -119.760345 7.648888
v 121.752640 -118.719971 8.188444
v 121.800262 -118.690933 8.604756
v 122.034897 -118.767212 9.065726
v 122.382172 -118.912956 9.509883
v 122.767677 -119.092293 9.875742
v 123.735100 -119.694984 9.687117
v 124.870216 -120.370735 9.693516
v 125.971336 -121.013603 9.791402
v 125.514694 -120.031349 14.939274
v 124.691711 -119.640694 14.214861
v 123.920624 -119.291588 13.413536
v 123.212128 -118.998634 12.475571
v 122.576958 -118.776466 11.341236
v 122.336975 -118.624275 11.407522
v 122.164215 -118.501640 11.550027
v 122.060371 -118.410233 11.763933
v 122.047935 -118.364479 12.041903
v 123.223106 -118.840950 13.666210
v 123.960114 -119.233704 14.003847
v 124.723763 -119.628448 14.442198
v 122.621017 -119.303551 7.710276
v 123.343552 -119.672142 8.160530
v 123.047485 -118.743065 13.616909
v 123.458084 -120.006950 6.228151
v 124.526833 -120.740150 5.531254
v 122.898529 -119.442680 7.900969
v 122.440407 -119.161530 7.959450
v 122.014214 -118.915596 7.900573
v 122.160011 -118.369408 12.490541
v 129.587677 -118.010933 5.676351
v 128.745087 -116.822166 5.852727
v 128.156403 -116.006302 6.046196
v 126.380447 -115.987427 18.308311
v 125.825623 -114.739410 16.199947
v 125.604683 -114.200569 15.160166
v 125.571976 -113.945572 14.168386
v 124.925102 -112.695702 12.691345
v 124.256088 -111.389038 11.096766
v 123.605392 -110.094398 9.432267
v 123.013474 -108.880592 7.745476
v 122.908463 -108.630981 7.282320
v 122.863655 -108.455009 6.752586
v 122.914375 -108.417114 6.218604
v 123.095932 -108.581688 5.742701
v 123.319008 -108.851974 5.483552
v 123.621796 -109.253487 5.297394
v 123.995277 -109.772408 5.180925
v 124.430428 -110.394928 5.130847
v 126.038895 -112.732338 5.119710
v 128.147003 -115.823120 5.235723
v 129.884476 -118.367645 5.317639
v 127.926636 -115.802055 6.667632
v 128.140427 -116.171677 6.948040
v 128.611801 -116.745583 6.413609
v 129.309143 -117.665619 5.962488
v 131.148087 -120.135193 4.980232
v 128.031693 -115.589249 4.919398
v 124.417908 -110.327293 4.894511
v 121.833305 -106.575546 4.932370
v 126.144836 -115.654625 18.355778
v 129.465958 -118.712463 9.877259
v 129.049515 -118.023407 9.479018
v 128.568604 -117.218445 8.975040
v 128.150665 -116.485687 8.378238
v 127.923210 -116.013290 7.701511
v 127.488373 -115.369751 7.648888
v 126.345367 -113.819939 8.188444
v 126.319481 -113.869347 8.604756
v 126.410774 -114.098557 9.065726
v 126.578674 -114.435677 9.509883
v 126.782562 -114.808777 9.875742
v 127.446556 -115.735199 9.687117
v 128.194305 -116.824234 9.693516
v 128.907043 -117.881477 9.791402
v 127.897308 -117.489311 14.939274
v 127.454247 -116.693314 14.214862
v 127.056000 -115.946426 13.413536
v 126.717842 -115.258354 12.475571
v 126.455063 -114.638885 11.341236
v 126.287666 -114.409241 11.407522
v 126.154114 -114.244774 11.550026
v 126.056190 -114.147057 11.763933
v 126.009727 -114.137611 12.041903
v 126.561195 -115.279510 13.666210
v 127.000793 -115.989571 14.003847
v 127.444099 -116.726097 14.442198
v 126.983894 -114.648758 7.710277
v 127.398445 -115.345940 8.160530
v 126.452164 -115.110580 13.616909
v 127.739960 -115.438583 6.228151
v 128.540741 -116.457680 5.531254
v 127.140678 -114.916695 7.900970
v 126.830482 -114.477715 7.959450
v 126.557503 -114.068314 7.900573
v 126.021896 -114.249138 12.490541
v 142.870972 -101.525513 5.676350
v 141.530212 -100.955025 5.852726
v 140.607803 -100.553314 6.046196
v 140.211670 -98.822006 18.308311
v 138.874207 -98.545288 16.199947
v 138.300705 -98.444008 15.160166
v 138.044586 -98.466278 14.168385
v 136.685730 -98.100014 12.691345
v 135.266678 -97.724197 11.096766
v 133.863281 -97.363724 9.432267
v 132.551346 -97.043488 7.745476
v 132.285110 -96.993965 7.282320
v 132.103638 -96.987602 6.752586
v 132.077408 -97.045227 6.218604
v 132.276825 -97.187630 5.742701
v 132.588364 -97.348114 5.483552
v 133.045090 -97.558586 5.297394
v 133.631577 -97.813164 5.180925
v 134.332397 -98.105972 5.130847
v 136.958405 -99.180534 5.119710
v 140.426819 -100.583092 5.235723
v 143.282654 -101.739662 5.317639
v 140.359375 -100.372253 6.667632
v 140.766006 -100.502541 6.948040
v 141.427032 -100.841072 6.413609
v 142.474319 -101.326797 5.962487
v 145.278503 -102.598473 4.980232
v 140.173767 -100.520164 4.919398
v 134.263641 -98.108124 4.894511
v 130.048050 -96.380539 4.932370
v 139.836380 -98.662567 18.355778
v 143.530563 -101.257393 9.877259
v 142.768707 -100.997025 9.479018
v 141.879883 -100.698303 8.975041
v 141.075012 -100.445763 8.378238
v 140.565048 -100.323975 7.701511
v 139.843750 -100.035950 7.648888
v 138.086304 -99.248695 8.188444
v 138.129074 -99.212891 8.604756
v 138.372452 -99.253349 9.065726
v 138.737579 -99.345711 9.509883
v 139.145508 -99.465591 9.875742
v 140.191940 -99.917374 9.687117
v 141.415085 -100.416405 9.693516
v 142.599731 -100.887985 9.791402
v 142.001785 -99.984756 14.939274
v 141.129776 -99.721115 14.214861
v 140.315277 -99.490829 13.413536
v 139.571030 -99.306740 12.475571
v 138.909851 -99.181717 11.341236
v 138.649857 -99.066986 11.407522
v 138.460754 -98.971466 11.550027
v 138.344437 -98.896561 11.763933
v 138.325333 -98.853172 12.041903
v 139.558380 -99.149178 13.666210
v 140.345703 -99.427704 14.003847
v 141.159653 -99.704231 14.442198
v 139.031967 -99.696350 7.710276
v 139.801361 -99.953140 8.160530
v 139.370148 -99.078560 13.616909
v 139.964508 -100.267143 6.228151
v 141.130600 -100.832870 5.531254
v 139.327118 -99.792557 7.900969
v 138.832214 -99.582825 7.959450
v 138.374115 -99.403160 7.900573
v 138.436890 -98.841347 12.490541
v 145.728165 -97.379890 5.676351
v 144.717834 -96.329979 5.852727
v 144.014114 -95.610954 6.046196
v 142.255188 -95.856964 18.308311
v 141.520569 -94.705582 16.199947
v 141.221786 -94.205688 15.160166
v 141.151443 -93.958412 14.168386
v 140.325516 -92.818901 12.691345
v 139.469238 -91.626541 11.096766
v 138.632858 -90.443336 9.432267
v 137.866653 -89.331299 7.745476
v 137.725616 -89.100128 7.282320
v 137.655075 -88.932800 6.752586
v 137.699585 -88.887772 6.218604
v 137.903641 -89.023445 5.742701
v 138.164505 -89.257469 5.483552
v 138.523758 -89.609375 5.297394
v 138.970398 -90.066841 5.180925
v 139.493469 -90.617554 5.130847
v 141.432327 -92.689140 5.119710
v 143.977524 -95.431229 5.235723
v 146.074814 -97.688385 5.317639
v 143.756485 -95.443230 6.667632
v 144.022980 -95.776863 6.948040
v 144.574615 -96.274109 6.413609
v 145.401291 -97.079941 5.962488
v 147.587753 -99.247871 4.980232
v 143.828659 -95.217140 4.919398
v 139.471008 -90.552536 4.894511
v 136.356125 -87.227882 4.932370
v 141.972610 -95.563004 18.355778
v 145.712372 -98.091721 9.877259
v 145.197891 -97.472427 9.479018
v 144.602371 -96.748131 8.975040
v 144.079895 -96.085846 8.378238
v 143.784576 -95.652618 7.701511
v 143.258682 -95.081070 7.648888
v 141.897476 -93.718918 8.188444
v 141.879242 -93.771629 8.604756
v 142.003677 -93.984673 9.065726
v 142.219940 -94.293007 9.509883
v 142.477158 -94.631554 9.875742
v 143.271805 -95.448669 9.687117
v 144.173508 -96.414101 9.693516
v 145.035843 -97.353317 9.791402
v 143.978943 -97.116013 14.939274
v 143.422195 -96.394943 14.214862
v 142.917084 -95.715744 13.413536
v 142.480164 -95.085754 12.475571
v 142.127991 -94.512367 11.341236
v 141.928253 -94.310242 11.407522
v 141.771667 -94.167511 11.550026
v 141.660278 -94.085480 11.763933
v 141.612930 -94.083061 12.041903
v 142.328415 -95.130020 13.666210
v 142.868927 -95.766640 14.003847
v 143.417053 -96.428871 14.442198
v 142.652390 -94.443314 7.710277
v 143.166214 -95.070930 8.160530
v 142.195419 -94.979233 13.616909
v 143.517715 -95.111649 6.228151
v 144.461441 -96.000008 5.531254
v 142.847351 -94.684898 7.900970
v 142.475204 -94.297050 7.959450
v 142.144257 -93.932907 7.900573
v 141.641571 -94.191528 12.490541
v 156.406219 -79.098923 5.676350
v 154.995422 -78.734627 5.852726
v 154.023438 -78.474869 6.046196
v 153.373703 -76.821930 18.308311
v 152.009949 -76.747635 16.199947
v 151.427750 -76.732956 15.160166
v 151.177811 -76.793152 14.168385
v 149.779541 -76.633492 12.691345
v 148.320328 -76.473358 11.096766
v 146.878876 -76.326065 9.432267
v 145.533875 -76.204926 7.745476
v 145.263229 -76.195641 7.282320
v 145.082840 -76.216393 6.752586
v 145.065475 -76.277283 6.218604
v 145.283890 -76.388382 5.742701
v 145.615875 -76.500641 5.483552
v 146.098877 -76.640694 5.297394
v 146.716736 -76.805023 5.180925
v 147.453369 -76.990112 5.130847
v 150.210205 -77.661308 5.119710
v 153.848923 -78.531281 5.235723
v 156.845215 -79.249321 5.317639
v 153.750793 -78.332855 6.667632
v 154.172302 -78.401085 6.948040
v 154.876404 -78.637321 6.413609
v 155.984390 -78.961540 5.962487
v 158.946777 -79.801086 4.980232
v 153.589310 -78.506775 4.919398
v 147.385712 -77.002487 4.894511
v 142.959717 -75.922462 4.932370
v 152.978836 -76.720207 18.355778
v 157.018494 -78.735489 9.877259
v 156.226349 -78.591568 9.479018
v 155.302917 -78.428650 8.975041
v 154.469406 -78.298889 8.378238
v 153.946976 -78.254463 7.701511
v 153.190811 -78.077148 7.648888
v 151.335678 -77.560616 8.188444
v 151.372620 -77.518829 8.604756
v 151.619324 -77.522568 9.065726
v 151.994125 -77.559479 9.509883
v 152.415359 -77.617226 9.875742
v 153.517441 -77.908005 9.687117
v 154.801300 -78.219170 9.693516
v 156.042999 -78.508934 9.791402
v 155.317123 -77.704910 14.939274
v 154.415558 -77.574173 14.214861
v 153.575836 -77.467842 13.413536
v 152.812454 -77.396729 12.475571
v 152.140030 -77.371643 11.341236
v 151.865845 -77.296944 11.407522
v 151.664612 -77.230675 11.550027
v 151.538437 -77.173935 11.763933
v 151.513077 -77.133881 12.041903
v 152.776474 -77.242813 13.666210
v 153.596512 -77.400894 14.003847
v 154.442581 -77.553024 14.442198
v 152.337479 -77.862328 7.710276
v 153.136551 -78.001587 8.160530
v 152.579803 -77.201042 13.616909
v 153.344681 -78.287766 6.228151
v 154.582062 -78.673386 5.531254
v 152.643677 -77.913475 7.900969
v 152.123032 -77.779846 7.959450
v 151.643280 -77.670456 7.900573
v 151.621628 -77.105560 12.490541
v 158.613663 -74.573769 5.676351
v 157.458145 -73.686157 5.852727
v 156.655136 -73.080048 6.046196
v 154.952499 -73.585449 18.308311
v 154.054489 -72.556412 16.199947
v 153.684540 -72.106621 15.160166
v 153.578140 -71.872597 14.168386
v 152.591614 -70.868904 12.691345
v 151.567184 -69.817474 11.096766
v 150.563812 -68.772133 9.432267
v 149.640427 -67.786713 7.745476
v 149.466507 -67.579132 7.282320
v 149.371826 -67.424194 6.752586
v 149.409134 -67.373032 6.218604
v 149.631134 -67.476776 5.742701
v 149.923950 -67.669312 5.483552
v 150.331635 -67.963745 5.297394
v 150.841476 -68.349533 5.180925
v 151.440781 -68.816139 5.130847
v 153.666718 -70.575638 5.119710
v 156.592163 -72.907776 5.235723
v 159.002426 -74.827164 5.317639
v 156.375381 -72.952591 6.667632
v 156.688614 -73.242783 6.948040
v 157.308197 -73.652260 6.413609
v 158.245728 -74.325890 5.962488
v 160.730881 -76.143745 4.980232
v 156.413040 -72.718269 4.919398
v 151.408875 -68.755203 4.894511
v 147.833298 -65.931900 4.932370
v 154.629272 -73.336884 18.355778
v 158.704132 -75.280006 9.877259
v 158.103104 -74.744308 9.479018
v 157.406296 -74.116852 8.975040
v 156.790955 -73.539825 8.378238
v 156.434357 -73.155449 7.701511
v 155.829163 -72.668663 7.648888
v 154.280151 -71.524590 8.188444
v 154.269958 -71.579437 8.604756
v 154.424759 -71.771553 9.065726
v 154.684555 -72.044212 9.509883
v 154.989365 -72.340645 9.875742
v 155.896912 -73.030205 9.687117
v 156.932434 -73.850471 9.693516
v 157.925110 -74.650673 9.791402
v 156.844650 -74.573540 14.939274
v 156.186661 -73.943489 14.214862
v 155.585968 -73.347160 13.413536
v 155.060028 -72.789330 12.475571
v 154.626343 -72.274826 11.341236
v 154.398697 -72.104721 11.407522
v 154.222595 -71.986923 11.550026
v 154.100220 -71.922417 11.763933
v 154.053040 -71.927078 12.041903
v 154.916580 -72.855705 13.666210
v 155.545929 -73.404663 14.003847
v 156.186630 -73.977806 14.442198
v 155.134583 -72.128395 7.710277
v 155.736206 -72.672424 8.160530
v 154.762604 -72.726425 13.616909
v 156.089859 -72.660294 6.228151
v 157.155426 -73.398087 5.531254
v 155.363373 -72.338219 7.900970
v 154.937576 -72.010162 7.959450
v 154.556061 -71.699409 7.900573
v 154.097534 -72.030067 12.490541
v 166.447968 -54.905563 5.676350
v 164.998611 -54.755596 5.852726
v 163.998779 -54.643597 6.046196
v 163.109955 -53.105957 18.308311
v 161.750351 -53.235737 16.199947
v 161.172470 -53.307983 15.160166
v 160.934296 -53.404758 14.168385
v 159.527863 -53.455276 12.691345
v 158.061066 -53.514404 11.096766
v 156.613754 -53.583584 9.432267
v 155.265732 -53.664249 7.745476
v 154.996719 -53.695400 7.282320
v 154.821442 -53.742809 6.752586
v 154.813354 -53.805603 6.218604
v 155.045883 -53.882904 5.742701
v 155.390884 -53.944435 5.483552
v 155.889359 -54.010941 5.297394
v 156.524811 -54.081352 5.180925
v 157.280807 -54.154591 5.130847
v 160.106888 -54.407429 5.119710
v 163.834610 -54.725391 5.235723
v 166.904465 -54.988857 5.317639
v 163.708023 -54.543800 6.667632
v 164.134995 -54.548450 6.948040
v 164.866425 -54.677113 6.413609
v 166.010361 -54.832581 5.962487
v 169.064789 -55.221256 4.980232
v 163.574265 -54.739845 4.919398
v 157.215744 -54.176910 4.894511
v 152.678223 -53.768574 4.932370
v 162.704346 -53.064213 18.355778
v 166.999237 -54.454941 9.877259
v 166.194473 -54.430687 9.479018
v 165.257095 -54.407207 8.975041
v 164.413544 -54.403122 8.378238
v 163.890320 -54.437050 7.701511
v 163.116180 -54.374413 7.648888
v 161.204773 -54.140121 8.188444
v 161.235092 -54.093300 8.604756
v 161.479584 -54.060230 9.065726
v 161.855698 -54.040874 9.509883
v 162.280853 -54.035194 9.875742
v 163.413956 -54.158474 9.687117
v 164.729858 -54.274826 9.693516
v 166.000854 -54.376301 9.791402
v 165.163269 -53.689434 14.939274
v 164.252289 -53.694523 14.214861
v 163.406097 -53.714531 13.413536
v 162.640656 -53.757977 12.475571
v 161.971985 -53.833389 11.341236
v 161.689728 -53.800385 11.407522
v 161.480865 -53.764847 11.550027
v 161.347656 -53.727547 11.763933
v 161.316605 -53.691719 12.041903
v 162.582123 -53.611145 13.666210
v 163.416565 -53.645245 14.003847
v 164.275848 -53.669579 14.442198
v 162.240356 -54.289165 7.710276
v 163.051270 -54.307777 8.160530
v 162.381424 -53.599144 13.616909
v 163.299728 -54.559738 6.228151
v 164.580750 -54.756641 5.531254
v 162.550766 -54.294109 7.900969
v 162.016022 -54.239559 7.959450
v 161.525330 -54.202892 7.900573
v 161.419724 -53.647533 12.490541
v 167.956345 -50.101963 5.676351
v 166.681442 -49.396481 5.852727
v 165.797058 -48.916809 6.046196
v 164.188782 -49.670326 18.308311
v 163.147430 -48.786613 16.199947
v 162.714584 -48.396980 15.160166
v 162.574478 -48.181427 14.168386
v 161.449387 -47.335972 12.691345
v 160.279709 -46.448956 11.096766
v 159.131744 -45.564827 9.432267
v 158.071808 -44.728027 7.745476
v 157.868912 -44.548691 7.282320
v 157.752182 -44.409588 6.752586
v 157.781448 -44.353439 6.218604
v 158.016434 -44.422943 5.742701
v 158.334671 -44.569687 5.483552
v 158.781693 -44.800072 5.297394
v 159.343323 -45.105568 5.180925
v 160.005478 -45.477646 5.130847
v 162.468796 -46.885746 5.119710
v 165.709122 -48.755852 5.235723
v 168.378525 -50.294586 5.317639
v 165.501450 -48.832470 6.667632
v 165.854431 -49.072739 6.948040
v 166.528122 -49.385307 6.413609
v 167.555588 -49.911686 5.962488
v 170.283890 -51.338867 4.980232
v 165.503769 -48.595158 4.919398
v 159.964859 -45.422138 4.894511
v 156.008438 -43.163261 4.932370
v 163.832108 -49.472702 18.355778
v 168.151062 -50.786835 9.877259
v 167.476898 -50.346687 9.479018
v 166.694351 -49.830086 8.975040
v 165.999893 -49.351215 8.378238
v 165.589996 -49.024277 7.701511
v 164.919006 -48.633125 7.648888
v 163.216782 -47.732685 8.188444
v 163.214890 -47.788429 8.604756
v 163.396591 -47.955334 9.065726
v 163.694122 -48.186226 9.509883
v 164.039703 -48.433926 9.875742
v 165.039886 -48.980526 9.687117
v 166.186081 -49.637306 9.693516
v 167.286942 -50.280628 9.791402
v 166.207062 -50.365379 14.939274
v 165.462509 -49.840431 14.214862
v 164.779648 -49.340286 13.413536
v 164.176453 -48.867065 12.475571
v 163.670929 -48.422943 11.341236
v 163.420471 -48.288670 11.407522
v 163.228790 -48.198433 11.550026
v 163.098160 -48.152878 11.763933
v 163.052200 -48.164520 12.041903
v 164.044495 -48.954082 13.666210
v 164.748627 -49.403114 14.003847
v 165.467590 -49.874371 14.442198
v 164.151672 -48.202400 7.710277
v 164.827652 -48.650692 8.160530
v 163.872955 -48.849197 13.616909
v 165.175552 -48.585991 6.228151
v 166.339188 -49.156742 5.531254
v 164.409180 -48.375786 7.900970
v 163.939255 -48.114853 7.959450
v 163.515671 -47.864429 7.900573
v 163.111557 -48.259727 12.490541
v 172.771927 -29.485825 5.676350
v 171.316406 -29.553534 5.852726
v 170.311066 -29.591797 6.046196
v 169.202988 -28.203794 18.308311
v 167.877914 -28.534754 16.199947
v 167.317261 -28.692320 15.160166
v 167.096161 -28.823507 14.168385
v 165.712952 -29.083071 12.691345
v 164.271362 -29.360140 11.096766
v 162.850525 -29.644247 9.432267
v 161.529572 -29.924915 7.745476
v 161.268219 -29.995810 7.282320
v 161.101959 -30.068813 6.752586
v 161.103317 -30.132113 6.218604
v 161.344772 -30.173897 5.742701
v 161.695099 -30.183321 5.483552
v 162.197906 -30.174793 5.297394
v 162.836761 -30.149712 5.180925
v 163.595230 -30.109463 5.130847
v 166.427429 -29.938293 5.119710
v 170.160904 -29.697144 5.235723
v 173.235748 -29.500154 5.317639
v 170.008667 -29.536449 6.667632
v 170.431564 -29.477413 6.948040
v 171.174011 -29.495630 6.413609
v 172.328339 -29.478876 5.962487
v 175.406570 -29.407993 4.980232
v 169.905624 -29.750238 4.919398
v 163.534210 -30.141230 4.894511
v 158.986526 -30.413704 4.932370
v 168.795685 -28.222967 18.355778
v 173.249878 -28.958076 9.877259
v 172.450500 -29.054031 9.479018
v 171.520081 -29.170517 8.975041
v 170.685333 -29.292194 8.378238
v 170.173019 -29.403723 7.701511
v 169.398193 -29.457157 7.648888
v 167.473221 -29.510351 8.188444
v 167.496216 -29.459534 8.604756
v 167.733047 -29.390394 9.065726
v 168.102081 -29.315199 9.509883
v 168.521637 -29.246220 9.875742
v 169.660461 -29.199251 9.687117
v 170.979004 -29.118189 9.693516
v 172.250931 -29.029106 9.791402
v 171.320328 -28.474739 14.939274
v 170.420273 -28.615541 14.214861
v 169.586517 -28.761436 13.413536
v 168.836105 -28.918476 12.475571
v 168.186142 -29.092701 11.341236
v 167.902130 -29.102129 11.407522
v 167.690292 -29.098116 11.550027
v 167.553009 -29.081087 11.763933
v 167.516968 -29.050289 12.041903
v 168.756348 -28.782005 13.666210
v 169.586548 -28.691366 14.003847
v 170.439865 -28.587364 14.442198
v 168.519440 -29.503389 7.710276
v 169.324066 -29.400940 8.160530
v 168.556091 -28.800053 13.616909
v 169.607300 -29.613060 6.228151
v 170.903366 -29.616846 5.531254
v 168.827118 -29.462017 7.900969
v 168.290222 -29.487774 7.959450
v 167.799545 -29.524645 7.900573
v 167.612350 -28.991226 12.490541
v 173.547562 -24.511070 5.676351
v 172.181747 -24.003469 5.852727
v 171.235764 -23.660961 6.046196
v 169.757736 -24.645748 18.308311
v 168.596313 -23.927103 16.199947
v 168.110229 -23.606333 15.160166
v 167.939575 -23.414066 14.168386
v 166.701035 -22.745731 12.691345
v 165.412231 -22.042946 11.096766
v 164.145325 -21.339777 9.432267
v 162.972504 -20.670288 7.745476
v 162.745148 -20.523195 7.282320
v 162.608994 -20.403042 6.752586
v 162.629562 -20.343159 6.218604
v 162.872269 -20.376865 5.742701
v 163.208847 -20.474539 5.483552
v 163.685196 -20.635735 5.297394
v 164.286087 -20.854115 5.180925
v 164.996292 -21.123352 5.130847
v 167.641953 -22.148609 5.119710
v 171.124817 -23.514904 5.235723
v 173.993729 -24.638622 5.317639
v 170.930878 -23.621620 6.667632
v 171.315720 -23.806599 6.948040
v 172.028473 -24.015270 6.413609
v 173.122910 -24.382645 5.962488
v 176.033447 -25.387276 4.980232
v 170.897797 -23.386612 4.919398
v 164.947861 -21.074520 4.894511
v 160.698975 -19.430513 4.932370
v 169.375595 -24.503490 18.355778
v 173.842163 -25.159271 9.877259
v 173.109940 -24.824514 9.479018
v 172.259140 -24.430309 8.975040
v 171.501068 -24.060286 8.378238
v 171.047028 -23.798088 7.701511
v 170.325241 -23.511303 7.648888
v 168.507828 -22.874611 8.188444
v 168.514252 -22.930016 8.604756
v 168.718811 -23.067974 9.065726
v 169.047424 -23.251945 9.509883
v 169.426071 -23.445374 9.875742
v 170.496536 -23.836811 9.687117
v 171.727814 -24.315430 9.693516
v 172.912262 -24.787502 9.791402
v 171.857056 -25.032249 14.939274
v 171.042603 -24.624126 14.214862
v 170.292831 -24.231335 13.413536
v 169.625839 -23.853298 12.475571
v 169.059769 -23.489475 11.341236
v 168.792099 -23.394028 11.407522
v 168.589111 -23.333366 11.550026
v 168.453156 -23.307789 11.763933
v 168.409439 -23.326153 12.041903
v 169.508316 -23.959011 13.666210
v 170.271515 -24.298084 14.003847
v 171.052673 -24.656931 14.442198
v 169.502274 -23.199749 7.710277
v 170.237518 -23.542288 8.160530
v 169.323074 -23.880857 13.616909
v 170.571884 -23.426460 6.228151
v 171.807587 -23.817417 5.531254
v 169.782745 -23.332821 7.900970
v 169.279175 -23.144838 7.959450
v 168.823013 -22.960339 7.900573
v 168.482315 -23.411449 12.490541
v 175.236801 -3.407481 5.676350
v 173.807648 -3.691356 5.852726
v 172.819214 -3.879026 6.046196
v 171.516663 -2.671664 18.308311
v 170.255707 -3.196411 16.199947
v 169.724792 -3.435775 15.160166
v 169.525726 -3.598448 14.168385
v 168.196655 -4.061257 12.691345
v 166.812454 -4.550081 11.096766
v 165.449829 -5.042768 9.432267
v 164.185455 -5.517171 7.745476
v 163.937576 -5.626225 7.282320
v 163.784058 -5.723192 6.752586
v 163.794830 -5.785583 6.218604
v 164.039825 -5.790914 5.742701
v 164.387634 -5.748022 5.483552
v 164.883560 -5.664654 5.297394
v 165.511551 -5.544640 5.180925
v 166.255539 -5.391803 5.130847
v 169.030594 -4.800450 5.119710
v 172.686447 -4.005572 5.235723
v 175.697586 -3.352525 5.317639
v 172.511948 -3.869364 6.667632
v 172.921326 -3.747960 6.948040
v 173.658203 -3.655324 6.413609
v 174.797134 -3.466720 5.962487
v 177.830429 -2.937866 4.980232
v 172.441925 -4.096123 4.919398
v 166.199951 -5.432308 4.894511
v 161.743652 -6.379506 4.932370
v 171.116760 -2.751326 18.355778
v 175.630768 -2.814395 9.877259
v 174.854614 -3.028413 9.479018
v 173.951950 -3.282264 8.975041
v 173.144669 -3.526988 8.378238
v 172.654694 -3.713622 7.701511
v 171.896484 -3.881938 7.648888
v 170.000931 -4.221426 8.188444
v 170.016098 -4.167750 8.604756
v 170.239990 -4.064085 9.065726
v 170.593689 -3.934731 9.509883
v 170.998276 -3.803996 9.875742
v 172.117386 -3.587826 9.687117
v 173.409119 -3.311160 9.693516
v 174.653564 -3.033509 9.791402
v 173.650742 -2.624027 14.939274
v 172.781723 -2.897395 14.214861
v 171.979019 -3.165920 13.413536
v 171.260391 -3.433043 12.475571
v 170.643646 -3.702189 11.341236
v 170.364212 -3.753842 11.407522
v 170.154160 -3.781442 11.550027
v 170.015854 -3.785065 11.763933
v 169.975632 -3.759982 12.041903
v 171.161179 -3.309983 13.666210
v 171.968597 -3.096629 14.003847
v 172.796890 -2.866613 14.442198
v 171.034439 -4.058618 7.710276
v 171.814804 -3.837395 8.160530
v 170.965866 -3.357674 13.616909
v 172.126495 -4.004935 6.228151
v 173.408646 -3.815521 5.531254
v 171.332504 -3.971855 7.900969
v 170.805450 -4.077339 7.959450
v 170.325745 -4.186927 7.900573
v 170.061142 -3.687365 12.490541
v 175.262375 1.627312 5.676351
v 173.836166 1.925689 5.852727
v 172.849701 2.123389 6.046196
v 171.534943 0.929321 18.308311
v 170.279388 1.466847 16.199947
v 169.750931 1.711592 15.160166
v 169.553528 1.876278 14.168386
v 168.229218 2.352565 12.691345
v 166.850052 2.855423 11.096766
v 165.492508 3.361926 9.432267
v 164.233017 3.849147 7.745476
v 163.986267 3.960712 7.282320
v 163.833725 4.059233 6.752586
v 163.845139 4.121512 6.218604
v 164.090164 4.124354 5.742701
v 164.437531 4.077933 5.483552
v 164.932587 3.989531 5.297394
v 165.559311 3.863143 5.180925
v 166.301727 3.702757 5.130847
v 169.070633 3.083249 5.119710
v 172.718216 2.251278 5.235723
v 175.722565 1.567680 5.317639
v 172.542343 2.116849 6.667632
v 172.950470 1.991292 6.948040
v 173.686356 1.891177 6.413609
v 174.823318 1.691014 5.962488
v 177.851089 1.131377 4.980232
v 172.474625 2.344306 4.919398
v 166.246536 3.743826 4.894511
v 161.800095 4.736240 4.932370
v 171.135880 1.013040 18.355778
v 175.650284 1.030256 9.877259
v 174.876343 1.252146 9.479018
v 173.976303 1.515152 8.975040
v 173.171555 1.768063 8.378238
v 172.683502 1.959666 7.701511
v 171.927032 2.135674 7.648888
v 170.035034 2.494400 8.188444
v 170.049652 2.440570 8.604756
v 170.272476 2.334638 9.065726
v 170.624847 2.201696 9.509883
v 171.028076 2.066859 9.875742
v 172.144928 1.839333 9.687117
v 173.433792 1.549561 9.693516
v 174.675369 1.259284 9.791402
v 173.668427 0.860009 14.939274
v 172.802231 1.142190 14.214862
v 172.002289 1.418854 13.413536
v 171.286407 1.693264 12.475571
v 170.672440 1.968660 11.341236
v 170.393539 2.023148 11.407522
v 170.183777 2.052880 11.550026
v 170.045517 2.057909 11.763933
v 170.005035 2.033236 12.041903
v 171.185959 1.571218 13.666210
v 171.991165 1.349673 14.003847
v 172.817093 1.111256 14.442198
v 171.066833 2.321101 7.710277
v 171.844910 2.091963 8.160530
v 170.991150 1.620890 13.616909
v 172.158279 2.256328 6.228151
v 173.438446 2.053900 5.531254
v 171.363998 2.231315 7.900970
v 170.838043 2.342147 7.959450
v 170.359467 2.456603 7.900573
v 170.089813 1.959754 12.490541
v 173.787582 22.746964 5.676350
v 172.416687 22.253263 5.852726
v 171.467270 21.920380 6.046196
v 169.999313 22.920132 18.308311
v 168.830658 22.213320 16.199947
v 168.341339 21.897505 15.160166
v 168.168747 21.706980 14.168385
v 166.923477 21.051260 12.691345
v 165.627594 20.361603 11.096766
v 164.353607 19.671337 9.432267
v 163.174057 19.013798 7.745476
v 162.945206 18.869020 7.282320
v 162.807846 18.750256 6.752586
v 162.827805 18.690168 6.218604
v 163.070847 18.721407 5.742701
v 163.408386 18.815657 5.483552
v 163.886353 18.972004 5.297394
v 164.489441 19.184271 5.180925
v 165.202347 19.446281 5.130847
v 167.858276 20.444611 5.119710
v 171.354843 21.775459 5.235723
v 174.235016 22.869978 5.317639
v 171.161987 21.884140 6.667632
v 171.548706 22.065201 6.948040
v 172.263535 22.266621 6.413609
v 173.361649 22.622860 5.962487
v 176.282242 23.597874 4.980232
v 171.126541 21.649477 4.919398
v 165.153412 19.397943 4.894511
v 160.888046 17.797180 4.932370
v 169.615753 22.781761 18.355778
v 174.088745 23.392139 9.877259
v 173.353165 23.064838 9.479018
v 172.498413 22.679293 8.975041
v 171.736618 22.316990 8.378238
v 171.279938 22.059418 7.701511
v 170.555267 21.779980 7.648888
v 168.731476 21.161781 8.188444
v 168.738480 21.217117 8.604756
v 168.944412 21.352991 9.065726
v 169.274887 21.533615 9.509883
v 169.655472 21.723188 9.875742
v 170.729874 22.103729 9.687117
v 171.965942 22.569820 9.693516
v 173.155121 23.029837 9.791402
v 172.102463 23.285288 14.939274
v 171.283890 22.885460 14.214861
v 170.530167 22.500303 13.413536
v 169.859375 22.129061 12.475571
v 169.289642 21.771008 11.341236
v 169.021027 21.678284 11.407522
v 168.817429 21.619686 11.550027
v 168.681213 21.595493 11.763933
v 168.637695 21.614300 12.041903
v 169.742935 22.235962 13.666210
v 170.509537 22.567268 14.003847
v 171.294312 22.918159 14.442198
v 169.729187 21.476799 7.710276
v 170.467865 21.811853 8.160530
v 169.556915 22.159695 13.616909
v 170.801041 21.692636 6.228151
v 172.040649 22.071020 5.531254
v 170.010986 21.607016 7.900969
v 169.505539 21.424160 7.959450
v 169.047531 21.244303 7.900573
v 168.711426 21.698851 12.490541
v 173.062500 27.729336 5.676351
v 171.607742 27.811827 5.852727
v 170.602829 27.860302 6.046196
v 169.480728 26.483625 18.308311
v 168.159073 26.828026 16.199947
v 167.600052 26.991280 15.160166
v 167.380295 27.124706 14.168386
v 165.999802 27.398306 12.691345
v 164.561096 27.690006 11.096766
v 163.143219 27.988527 9.432267
v 161.825180 28.282600 7.745476
v 161.564560 28.356144 7.282320
v 161.399048 28.430834 6.752586
v 161.401047 28.494118 6.218604
v 161.642914 28.533445 5.742701
v 161.993317 28.539310 5.483552
v 162.496017 28.525677 5.297394
v 163.134598 28.494106 5.180925
v 163.892609 28.446156 5.130847
v 166.722916 28.246227 5.119710
v 170.453766 27.967167 5.235723
v 173.526443 27.738956 5.317639
v 170.299896 27.808029 6.667632
v 170.722168 27.744698 6.948040
v 171.464752 27.755375 6.413609
v 172.618866 27.726894 5.962488
v 175.696213 27.624748 4.980232
v 170.199020 28.022854 4.919398
v 163.831924 28.478542 4.894511
v 159.287231 28.797195 4.932370
v 169.073639 26.506933 18.355778
v 173.535065 27.196762 9.877259
v 172.736694 27.300831 9.479018
v 171.807510 27.426762 8.975040
v 170.974045 27.556911 8.378238
v 170.462891 27.673637 7.701511
v 169.688644 27.734940 7.648888
v 167.764313 27.807684 8.188444
v 167.786789 27.756638 8.604756
v 168.022903 27.685095 9.065726
v 168.391159 27.606155 9.509883
v 168.809982 27.532919 9.875742
v 169.948273 27.474384 9.687117
v 171.265930 27.379932 9.693516
v 172.536896 27.277935 9.791402
v 171.600708 26.733051 14.939274
v 170.702133 26.882988 14.214862
v 169.869904 27.037342 13.413536
v 169.121109 27.201996 12.475571
v 168.472961 27.382814 11.341236
v 168.189056 27.395128 11.407522
v 167.977188 27.393265 11.550026
v 167.839737 27.377632 11.763933
v 167.803375 27.347202 12.041903
v 169.039978 27.066343 13.666210
v 169.869202 26.967278 14.003847
v 170.721436 26.854612 14.442198
v 168.810410 27.790096 7.710277
v 169.613953 27.679478 8.160530
v 168.839920 27.086424 13.616909
v 169.899338 27.888710 6.228151
v 171.195358 27.879333 5.531254
v 169.117645 27.745602 7.900970
v 168.581039 27.776810 7.959450
v 168.090759 27.818665 7.900573
v 167.898163 27.287174 12.490541
v 168.456604 48.393337 5.676350
v 167.174606 47.700840 5.852726
v 166.285400 47.230179 6.046196
v 164.684845 47.999989 18.308311
v 163.634583 47.126900 16.199947
v 163.197800 46.741684 15.160166
v 163.055511 46.527565 14.168385
v 161.921890 45.693581 12.691345
v 160.743256 44.818493 11.096766
v 159.586380 43.946068 9.432267
v 158.517990 43.120079 7.745476
v 158.313278 42.942814 7.282320
v 158.195160 42.804901 6.752586
v 158.223846 42.748459 6.218604
v 158.459518 42.815571 5.742701
v 158.779236 42.959076 5.483552
v 159.228561 43.184910 5.297394
v 159.793274 43.484684 5.180925
v 160.459183 43.850018 5.130847
v 162.936661 45.233025 5.119710
v 166.195831 47.070118 5.235723
v 168.880722 48.581661 5.317639
v 165.988937 47.148846 6.667632
v 166.344345 47.385517 6.948040
v 167.021179 47.691223 6.413609
v 168.053925 48.207142 5.962487
v 170.796600 49.606537 4.980232
v 165.988846 46.911518 4.919398
v 160.417984 43.794926 4.894511
v 156.438828 41.576351 4.932370
v 164.326187 47.806000 18.355778
v 168.658264 49.076191 9.877259
v 167.979675 48.642918 9.479018
v 167.191925 48.134293 8.975041
v 166.492630 47.662498 8.378238
v 166.079437 47.339741 7.701511
v 165.404510 46.955425 7.648888
v 163.693222 46.072323 8.188444
v 163.691895 46.128082 8.604756
v 163.875290 46.293133 9.065726
v 164.175156 46.520992 9.509883
v 164.523224 46.765167 9.875742
v 165.528915 47.301582 9.687117
v 166.681717 47.946686 9.693516
v 167.789062 48.578793 9.791402
v 166.710083 48.674507 14.939274
v 165.960251 48.157150 14.214861
v 165.272339 47.663963 13.413536
v 164.664368 47.196896 12.475571
v 164.154358 46.757931 11.341236
v 163.902557 46.626209 11.407522
v 163.709961 46.537922 11.550027
v 163.578873 46.493698 11.763933
v 163.533035 46.505810 12.041903
v 164.533295 47.285252 13.666210
v 165.241959 47.727104 14.003847
v 165.965668 48.191036 14.442198
v 164.632843 46.532516 7.710276
v 165.313339 46.973919 8.160530
v 164.360718 47.182110 13.616909
v 165.660553 46.905685 6.228151
v 166.829926 47.464588 5.531254
v 164.892090 46.703278 7.900969
v 164.419540 46.447132 7.959450
v 163.993439 46.201023 7.900573
v 163.593353 46.600403 12.490541
v 166.997070 53.212006 5.676351
v 165.546280 53.076763 5.852727
v 164.545364 52.974930 6.046196
v 163.640961 51.446396 18.308311
v 162.282745 51.589977 16.199947
v 161.705627 51.668095 15.160166
v 161.468445 51.767281 14.168386
v 160.062592 51.832081 12.691345
v 158.596481 51.906105 11.096766
v 157.149948 51.989983 9.432267
v 155.802811 52.084335 7.745476
v 155.534134 52.118217 7.282320
v 155.359344 52.167404 6.752586
v 155.351883 52.230278 6.218604
v 155.585190 52.305214 5.742701
v 155.930817 52.363239 5.483552
v 156.429932 52.424675 5.297394
v 157.066071 52.488628 5.180925
v 157.822769 52.554184 5.130847
v 160.651276 52.778305 5.119710
v 164.382034 53.058388 5.235723
v 167.454407 53.290657 5.317639
v 164.253601 52.878094 6.667632
v 164.680588 52.878403 6.948040
v 165.413300 52.999630 6.413609
v 166.558762 53.143471 5.962488
v 169.616959 53.501099 4.980232
v 164.121841 53.075485 4.919398
v 157.757935 52.577164 4.894511
v 153.216507 52.214943 4.932370
v 163.234940 51.408772 18.355778
v 167.543732 52.755806 9.877259
v 166.738785 52.739727 9.479018
v 165.801193 52.725769 8.975040
v 164.957657 52.730251 8.378238
v 164.434814 52.769493 7.701511
v 163.660065 52.714722 7.648888
v 161.746384 52.499863 8.188444
v 161.776215 52.452736 8.604756
v 162.020370 52.417183 9.065726
v 162.396271 52.394005 9.509883
v 162.821335 52.384007 9.875742
v 163.955643 52.495770 9.687117
v 165.272644 52.598751 9.693516
v 166.544617 52.687309 9.791402
v 165.700089 52.008987 14.939274
v 164.789215 52.023331 14.214862
v 163.943268 52.051929 13.413536
v 163.178299 52.103149 12.475571
v 162.510437 52.185349 11.341236
v 162.227859 52.155212 11.407522
v 162.018661 52.121799 11.550026
v 161.885056 52.085854 11.763933
v 161.853653 52.050346 12.041903
v 163.118286 51.956917 13.666210
v 163.953018 51.982544 14.003847
v 164.812531 51.998146 14.442198
v 162.783432 52.638374 7.710277
v 163.594482 52.648750 8.160530
v 162.917480 51.946960 13.616909
v 163.845490 52.898178 6.228151
v 165.128448 53.082058 5.531254
v 163.093857 52.640167 7.900970
v 162.558594 52.591053 7.959450
v 162.067551 52.559372 7.900573
v 161.956314 52.005112 12.490541
v 159.362976 72.958778 5.676350
v 158.198486 72.082947 5.852726
v 157.389374 71.485023 6.046196
v 155.691971 72.007698 18.308311
v 154.783539 70.987831 16.199947
v 154.409042 70.541824 15.160166
v 154.300262 70.308891 14.168385
v 153.303604 69.315277 12.691345
v 152.268555 68.274300 11.096766
v 151.254608 67.239204 9.432267
v 150.321259 66.263214 7.745476
v 150.145248 66.057419 7.282320
v 150.048996 65.903442 6.752586
v 150.085770 65.851906 6.218604
v 150.308807 65.953392 5.742701
v 150.603577 66.142944 5.483552
v 151.014236 66.433220 5.297394
v 151.527954 66.813812 5.180925
v 152.131973 67.274307 5.130847
v 154.375671 69.011101 5.119710
v 157.324646 71.313400 5.235723
v 159.754288 73.208206 5.317639
v 157.108337 71.360420 6.667632
v 157.424500 71.647415 6.948040
v 158.048218 72.050575 6.413609
v 158.992554 72.714645 5.962487
v 161.496017 74.507172 4.980232
v 157.143616 71.125732 4.919398
v 152.099457 67.213692 4.894511
v 148.495377 64.426857 4.932370
v 155.366226 71.762421 18.355778
v 159.460617 73.664062 9.877259
v 158.854172 73.134491 9.479018
v 158.151016 72.514145 8.975041
v 157.529846 71.943405 8.378238
v 157.169373 71.562668 7.701511
v 156.559265 71.082054 7.648888
v 154.998703 69.953773 8.188444
v 154.989075 70.008713 8.604756
v 155.145828 70.199249 9.065726
v 155.408386 70.469261 9.509883
v 155.716187 70.762581 9.875742
v 156.630692 71.442886 9.687117
v 157.674484 72.252594 9.693516
v 158.675247 73.042671 9.791402
v 157.594055 72.976517 14.939274
v 156.929688 72.353188 14.214861
v 156.322983 71.762985 13.413536
v 155.791397 71.210526 12.475571
v 155.352509 70.700455 11.341236
v 155.123138 70.532677 11.407522
v 154.945862 70.416672 11.550027
v 154.822830 70.353401 11.763933
v 154.775696 70.358551 12.041903
v 155.648621 71.278358 13.666210
v 156.283524 71.820892 14.003847
v 156.930008 72.387497 14.442198
v 155.859238 70.548866 7.710276
v 156.466354 71.086754 8.160530
v 155.493347 71.150650 13.616909
v 156.819870 71.071037 6.228151
v 157.892883 71.797974 5.531254
v 156.090149 70.756355 7.900969
v 155.661041 70.432648 7.959450
v 155.276382 70.125778 7.900573
v 154.821243 70.461075 12.490541
v 157.201599 77.506111 5.676351
v 155.787155 77.156158 5.852727
v 154.812592 76.906296 6.046196
v 154.146103 75.260040 18.308311
v 152.781662 75.199600 16.199947
v 152.199341 75.190834 15.160166
v 151.950027 75.253563 14.168386
v 150.550217 75.108116 12.691345
v 149.089447 74.962814 11.096766
v 147.646576 74.830170 9.432267
v 146.300415 74.722702 7.745476
v 146.029694 74.716164 7.282320
v 145.849518 74.738747 6.752586
v 145.832779 74.799812 6.218604
v 146.052307 74.908676 5.742701
v 146.385406 75.017563 5.483552
v 146.869797 75.152702 5.297394
v 147.489304 75.310745 5.180925
v 148.227783 75.488342 5.130847
v 150.991287 76.131508 5.119710
v 154.638657 76.964478 5.235723
v 157.642090 77.652046 5.317639
v 154.538513 76.767052 6.667632
v 154.960709 76.830994 6.948040
v 155.667160 77.060074 6.413609
v 156.778381 77.373016 5.962488
v 159.749146 78.182434 4.980232
v 154.378815 76.942604 4.919398
v 148.160248 75.501404 4.894511
v 143.723526 74.466393 4.932370
v 153.750229 75.162331 18.355778
v 157.810135 77.136475 9.877259
v 157.016571 77.000610 9.479018
v 156.091537 76.847076 8.975040
v 155.256744 76.725792 8.378238
v 154.733902 76.686676 7.701511
v 153.975967 76.517052 7.648888
v 152.115677 76.019386 8.188444
v 152.152206 75.977226 8.604756
v 152.398926 75.978462 9.065726
v 152.774078 76.011566 9.509883
v 153.195892 76.065025 9.875742
v 154.300873 76.344597 9.687117
v 155.587814 76.642708 9.693516
v 156.832382 76.919846 9.791402
v 156.098389 76.123230 14.939274
v 155.195541 76.001663 14.214862
v 154.354782 75.903870 13.413536
v 153.590729 75.840508 12.475571
v 152.918076 75.822258 11.341236
v 152.643143 75.750343 11.407522
v 152.441254 75.686119 11.550026
v 152.314514 75.630669 11.763933
v 152.288742 75.590874 12.041903
v 153.553177 75.686966 13.666210
v 154.374771 75.836708 14.003847
v 155.222351 75.980232 14.442198
v 153.120499 76.310905 7.710277
v 153.920944 76.442039 8.160530
v 153.356094 75.647194 13.616909
v 154.131973 76.726089 6.228151
v 155.373199 77.099121 5.531254
v 153.427200 76.358948 7.900970
v 152.905228 76.230606 7.959450
v 152.424393 76.126091 7.900573
v 152.397003 75.561447 12.490541
v 146.709808 95.894653 5.676350
v 145.688858 94.855057 5.852726
v 144.977875 94.143219 6.046196
v 143.221527 94.407082 18.308311
v 142.475250 93.263222 16.199947
v 142.171417 92.766388 15.160166
v 142.098557 92.519836 14.168385
v 141.261108 91.388779 12.691345
v 140.392761 90.205170 11.096766
v 139.544403 89.030525 9.432267
v 138.766937 87.926331 7.745476
v 138.623566 87.696602 7.282320
v 138.551331 87.529999 6.752586
v 138.595383 87.484520 6.218604
v 138.800812 87.618118 5.742701
v 139.064026 87.849480 5.483552
v 139.426834 88.197716 5.297394
v 139.878098 88.650620 5.180925
v 140.406738 89.195992 5.130847
v 142.366547 91.247780 5.119710
v 144.939453 93.963867 5.235723
v 147.059570 96.199615 5.317639
v 144.718552 93.978119 6.667632
v 144.988419 94.309029 6.948040
v 145.545074 94.800644 6.413609
v 146.379898 95.598045 5.962487
v 148.588257 97.743645 4.980232
v 144.788422 93.751312 4.919398
v 140.383621 89.131203 4.894511
v 137.235138 85.838364 4.932370
v 142.935989 94.116005 18.355778
v 146.701233 96.606613 9.877259
v 146.180496 95.992569 9.479018
v 145.577652 95.274361 8.975041
v 145.048477 94.617416 8.378238
v 144.748764 94.187210 7.701511
v 144.217102 93.621040 7.648888
v 142.842117 92.272781 8.188444
v 142.824417 92.325676 8.604756
v 142.951019 92.537437 9.065726
v 143.170395 92.843559 9.509883
v 143.431046 93.179482 9.875742
v 144.233948 93.988480 9.687117
v 145.145401 94.944710 9.693516
v 146.017242 95.875114 9.791402
v 144.957993 95.648560 14.939274
v 144.393951 94.933174 14.214861
v 143.881973 94.259148 13.413536
v 143.438660 93.633629 12.475571
v 143.080688 93.063843 11.341236
v 142.878891 92.863762 11.407522
v 142.720886 92.722626 11.550027
v 142.608658 92.641731 11.763933
v 142.561279 92.639793 12.041903
v 143.287384 93.679428 13.666210
v 143.834320 94.310532 14.003847
v 144.389145 94.967155 14.442198
v 143.604355 92.989471 7.710276
v 144.124527 93.611839 8.160530
v 143.152863 93.529999 13.616909
v 144.476425 93.648979 6.228151
v 145.429123 94.527710 5.531254
v 143.801758 93.229057 7.900969
v 143.425690 92.845009 7.959450
v 143.091064 92.484253 7.900573
v 142.591034 92.747963 12.490541
v 143.894852 100.069077 5.676351
v 142.548355 99.512238 5.852727
v 141.621918 99.119911 6.046196
v 141.208221 97.392715 18.308311
v 139.868027 97.129601 16.199947
v 139.293518 97.034142 15.160166
v 139.037643 97.059021 14.168386
v 137.675140 96.706581 12.691345
v 136.252335 96.345192 11.096766
v 134.845337 95.998985 9.432267
v 133.530228 95.692093 7.745476
v 133.263504 95.645279 7.282320
v 133.081985 95.640762 6.752586
v 133.056320 95.698647 6.218604
v 133.257187 95.839020 5.742701
v 133.570343 95.996330 5.483552
v 134.029175 96.202156 5.297394
v 134.618210 96.450760 5.180925
v 135.321976 96.736435 5.130847
v 137.958771 97.784271 5.119710
v 141.441254 99.151520 5.235723
v 144.308685 100.279030 5.317639
v 141.371658 98.941383 6.667632
v 141.779602 99.067535 6.948040
v 142.444031 99.399338 6.413609
v 143.496201 99.874397 5.962488
v 146.313141 101.117523 4.980232
v 141.187576 99.091171 4.919398
v 135.253250 96.739281 4.894511
v 131.020325 95.054604 4.932370
v 140.831329 97.237091 18.355778
v 144.551682 99.794266 9.877259
v 143.787231 99.541649 9.479018
v 142.895416 99.251968 8.975040
v 142.088013 99.007622 8.378238
v 141.576828 98.891022 7.701511
v 140.852646 98.610336 7.648888
v 139.087311 97.840973 8.188444
v 139.129700 97.804733 8.604756
v 139.373489 97.842720 9.065726
v 139.739517 97.931366 9.509883
v 140.148651 98.047096 9.875742
v 141.199615 98.488220 9.687117
v 142.427780 98.974808 9.693516
v 143.617142 99.434334 9.791402
v 143.010056 98.537224 14.939274
v 142.135406 98.282455 14.214862
v 141.318619 98.060455 13.413536
v 140.572540 97.883926 12.475571
v 139.910110 97.765633 11.341236
v 139.648987 97.653549 11.407522
v 139.458908 97.559952 11.550026
v 139.341843 97.486237 11.763933
v 139.322296 97.443039 12.041903
v 140.558289 97.726509 13.666210
v 141.348389 97.997025 14.003847
v 142.165115 98.265266 14.442198
v 140.037460 98.278992 7.710277
v 140.809418 98.527962 8.160530
v 140.369339 97.657806 13.616909
v 140.975754 98.840286 6.228151
v 142.147522 99.394142 5.531254
v 140.333572 98.372208 7.900970
v 139.836563 98.167511 7.959450
v 139.376663 97.992500 7.900573
v 139.433731 97.430077 12.490541
v 130.779663 116.688568 5.676350
v 129.925064 115.508423 5.852726
v 129.328110 114.698578 6.046196
v 127.552055 114.697739 18.308311
v 126.984589 113.455429 16.199947
v 126.758186 112.918854 15.160166
v 126.722893 112.664207 14.168385
v 126.063354 111.420967 12.691345
v 125.381104 110.121162 11.096766
v 124.717293 108.833206 9.432267
v 124.113068 107.625473 7.745476
v 124.005531 107.376938 7.282320
v 123.958939 107.201431 6.752586
v 124.009277 107.163025 6.218604
v 124.192497 107.325745 5.742701
v 124.418297 107.593750 5.483552
v 124.725151 107.992172 5.297394
v 125.103882 108.507271 5.180925
v 125.545341 109.125336 5.130847
v 127.177467 111.446289 5.119710
v 129.316849 114.515503 5.235723
v 131.080078 117.042252 5.317639
v 129.096283 114.496674 6.667632
v 129.313812 114.864105 6.948040
v 129.791000 115.433197 6.413609
v 130.497650 116.346100 5.962487
v 132.361588 118.796867 4.980232
v 129.199173 114.282806 4.919398
v 125.532135 109.057831 4.894511
v 122.909554 105.332535 4.932370
v 127.313080 114.367348 18.355778
v 130.665085 117.391296 9.877259
v 130.241669 116.706505 9.479018
v 129.752609 115.906471 8.975041
v 129.327255 115.178001 8.378238
v 129.095001 114.707932 7.701511
v 128.653656 114.068840 7.648888
v 127.494972 112.530724 8.188444
v 127.469582 112.580383 8.604756
v 127.563202 112.808655 9.065726
v 127.734512 113.144058 9.509883
v 127.942184 113.515068 9.875742
v 128.615555 114.434692 9.687117
v 129.374313 115.516083 9.693516
v 130.097763 116.566032 9.791402
v 129.084091 116.184143 14.939274
v 128.632980 115.392685 14.214861
v 128.227158 114.649879 13.413536
v 127.882034 113.965279 12.475571
v 127.612976 113.348511 11.341236
v 127.443260 113.120583 11.407522
v 127.308044 112.957481 11.550027
v 127.209122 112.860764 11.763933
v 127.162567 112.851784 12.041903
v 127.725609 113.988022 13.666210
v 128.172394 114.693588 14.003847
v 128.623154 115.425568 14.442198
v 128.141876 113.353012 7.710276
v 128.563492 114.045952 8.160530
v 127.614868 113.820221 13.616909
v 128.905930 114.135117 6.228151
v 129.717010 115.146027 5.531254
v 128.301376 113.619347 7.900969
v 127.986740 113.183540 7.959450
v 127.709618 112.776932 7.900573
v 127.175865 112.963181 12.490541
v 127.374016 120.396843 5.676351
v 126.125557 119.645546 5.852727
v 125.267937 119.119537 6.046196
v 125.116264 117.349968 18.308311
v 123.830246 116.890060 16.199947
v 123.276382 116.710045 15.160166
v 123.019661 116.696510 14.168386
v 121.724899 116.144943 12.691345
v 120.371849 115.575546 11.096766
v 119.032166 115.023521 9.432267
v 117.777481 114.524055 7.745476
v 117.520706 114.438011 7.282320
v 117.341881 114.406494 6.752586
v 117.307892 114.459908 6.218604
v 117.485580 114.628647 5.742701
v 117.771797 114.830872 5.483552
v 118.194839 115.102776 5.297394
v 118.740242 115.436394 5.180925
v 119.393570 115.823761 5.130847
v 121.844749 117.252876 5.119710
v 125.084572 119.123863 5.235723
v 127.751938 120.666130 5.317639
v 125.047073 118.905701 6.667632
v 125.431656 119.091240 6.948040
v 126.039215 119.518356 6.413609
v 127.008835 120.144928 5.962488
v 129.609055 121.793991 4.980232
v 124.842720 119.026382 4.919398
v 119.325180 115.816338 4.894511
v 115.390610 113.519623 4.932370
v 124.766769 117.139915 18.355778
v 128.064484 120.222992 9.877259
v 127.346199 119.859268 9.479018
v 126.507523 119.439911 8.975040
v 125.745552 119.077965 8.378238
v 125.257462 118.886482 7.701511
v 124.583199 118.500999 7.648888
v 122.952232 117.477135 8.188444
v 122.999557 117.447617 8.604756
v 123.234955 117.521515 9.065726
v 123.583687 117.663719 9.509883
v 123.971001 117.839134 9.875742
v 124.944496 118.431961 9.687117
v 126.086411 119.096146 9.693516
v 127.194008 119.727798 9.791402
v 126.727409 118.750237 14.939274
v 125.900497 118.367958 14.214862
v 125.125916 118.026703 13.413536
v 124.414474 117.740959 12.475571
v 123.777084 117.525261 11.341236
v 123.535568 117.375511 11.407522
v 123.361565 117.254639 11.550026
v 123.256798 117.164291 11.763933
v 123.243904 117.118668 12.041903
v 124.423851 117.583176 13.666210
v 125.164810 117.968422 14.003847
v 125.932434 118.355385 14.442198
v 123.826492 118.051865 7.710277
v 124.552727 118.413101 8.160530
v 124.247246 117.487076 13.616909
v 124.670662 118.746735 6.228151
v 125.746796 119.469032 5.531254
v 124.105408 118.188171 7.900970
v 123.644455 117.911682 7.959450
v 123.215775 117.670097 7.900573
v 123.356026 117.122459 12.490541
v 111.928444 134.876129 5.676350
v 111.259262 133.581787 5.852726
v 110.789673 132.692017 6.046196
v 109.033577 132.426498 18.308311
v 108.657593 131.113495 16.199947
v 108.513687 130.549164 15.160166
v 108.516739 130.292099 14.168385
v 108.049858 128.964462 12.691345
v 107.568939 127.577492 11.096766
v 107.104492 126.204979 9.432267
v 106.687012 124.920685 7.745476
v 106.617722 124.658905 7.282320
v 106.597801 124.478416 6.752586
v 106.653297 124.447937 6.218604
v 106.810219 124.636147 5.742701
v 106.993561 124.934814 5.483552
v 107.237610 125.374512 5.297394
v 107.535339 125.940308 5.180925
v 107.879753 126.617264 5.130847
v 109.147751 129.155533 5.119710
v 110.805824 132.509323 5.235723
v 112.172783 135.270630 5.317639
v 110.590530 132.457825 6.667632
v 110.750870 132.853577 6.948040
v 111.137901 133.487427 6.413609
v 111.700615 134.495453 5.962487
v 113.178482 137.196640 4.980232
v 110.724144 132.261688 4.919398
v 107.876755 126.548538 4.894511
v 105.838669 122.473991 4.932370
v 108.846512 132.064194 18.355778
v 111.710411 135.553925 9.877259
v 111.393784 134.813690 9.479018
v 111.029411 133.949692 8.975041
v 110.717369 133.165970 8.378238
v 110.557777 132.666534 7.701511
v 110.216599 131.968811 7.648888
v 109.300095 130.275177 8.188444
v 109.267586 130.320511 8.604756
v 109.326134 130.560181 9.065726
v 109.445549 130.917358 9.509883
v 109.595612 131.315186 9.875742
v 110.124397 132.324890 9.687117
v 110.713531 133.507278 9.693516
v 111.272408 134.653320 9.791402
v 110.326981 134.124634 14.939274
v 109.998848 133.274780 14.214861
v 109.708282 132.479797 13.413536
v 109.469032 131.751404 12.475571
v 109.294899 131.101425 11.341236
v 109.161049 130.850739 11.407522
v 109.051651 130.669312 11.550027
v 108.968246 130.558929 11.763933
v 108.923553 130.543121 12.041903
v 109.310966 131.750580 13.666210
v 109.647606 132.514847 14.003847
v 109.984245 133.305832 14.442198
v 109.817223 131.184692 7.710276
v 110.130852 131.932724 8.160530
v 109.226471 131.568146 13.616909
v 110.456177 132.071945 6.228151
v 111.107544 133.192429 5.531254
v 109.935249 131.471832 7.900969
v 109.689079 130.993988 7.959450
v 109.475647 130.550629 7.900573
v 108.920105 130.655258 12.490541
v 108.008163 138.035416 5.676351
v 106.885612 137.106461 5.852727
v 106.115967 136.458496 6.046196
v 106.229713 134.686096 18.308311
v 105.026604 134.039658 16.199947
v 104.505753 133.779114 15.160166
v 104.253914 133.727463 14.168386
v 103.055817 132.989090 12.691345
v 101.802734 132.224396 11.096766
v 100.560280 131.478882 9.432267
v 99.394043 130.798004 7.745476
v 99.152969 130.674652 7.282320
v 98.980835 130.616837 6.752586
v 98.939262 130.664581 6.218604
v 99.089821 130.857925 5.742701
v 99.342705 131.100555 5.483552
v 99.720497 131.432465 5.297394
v 100.210091 131.843643 5.180925
v 100.798386 132.324051 5.130847
v 103.009201 134.102509 5.119710
v 105.934006 136.435455 5.235723
v 108.341728 138.358032 5.317639
v 105.929436 136.214142 6.667632
v 106.282074 136.454926 6.948040
v 106.819191 136.967819 6.413609
v 107.684601 137.731903 5.962488
v 110.010017 139.750061 4.980232
v 105.709381 136.303009 4.919398
v 100.731873 132.306519 4.894511
v 97.183533 129.449066 4.932370
v 105.915428 134.426300 18.355778
v 108.716820 137.966415 9.877259
v 108.060776 137.499710 9.479018
v 107.293961 136.960037 8.975040
v 106.594444 136.488571 8.378238
v 106.140343 136.226486 7.701511
v 105.531059 135.744827 7.648888
v 104.070892 134.489319 8.188444
v 104.122093 134.467194 8.604756
v 104.343849 134.575333 9.065726
v 104.667496 134.767929 9.509883
v 105.024338 134.999115 9.875742
v 105.898605 135.730408 9.687117
v 106.928787 136.557358 9.693516
v 107.929878 137.347031 9.791402
v 107.614182 136.310837 14.939274
v 106.853477 135.809601 14.214862
v 106.138397 135.356705 13.413536
v 105.477493 134.968124 12.475571
v 104.879364 134.659836 11.341236
v 104.662865 134.475769 11.407522
v 104.508820 134.330307 11.550026
v 104.418686 134.225357 11.763933
v 104.412735 134.178329 12.041903
v 105.510277 134.813507 13.666210
v 106.185547 135.304871 14.003847
v 106.886925 135.801926 14.442198
v 104.849731 135.187927 7.710277
v 105.514030 135.653366 8.160530
v 105.349968 134.692154 13.616909
v 105.580917 136.000839 6.228151
v 106.537392 136.875458 5.531254
v 105.105225 135.364273 7.900970
v 104.690620 135.022186 7.959450
v 104.302742 134.719406 7.900573
v 104.523041 134.198792 12.490541
v 90.577194 150.051086 5.676350
v 90.108383 148.671478 5.852726
v 89.776649 147.721664 6.046196
v 88.079742 147.197388 18.308311
v 87.903633 145.843002 16.199947
v 87.845444 145.263550 15.160166
v 87.886772 145.009796 14.168385
v 87.622971 143.627396 12.691345
v 87.354126 142.184250 11.096766
v 87.099419 140.757843 9.432267
v 86.878006 139.425674 7.745476
v 86.848503 139.156494 7.282320
v 86.855705 138.975052 6.752586
v 86.915123 138.953186 6.218604
v 87.042244 139.162674 5.742701
v 87.179024 139.485336 5.483552
v 87.354813 139.956497 5.297394
v 87.564903 140.560349 5.180925
v 87.804581 141.281067 5.130847
v 88.680122 143.979965 5.119710
v 89.819847 147.543411 5.235723
v 90.760010 150.477600 5.317639
v 89.614632 147.460403 6.667632
v 89.714203 147.875626 6.948040
v 90.002449 148.560074 6.413609
v 90.408638 149.640717 5.962487
v 91.467438 152.531982 4.980232
v 89.775986 147.286362 4.919398
v 87.811859 141.212662 4.894511
v 86.403778 136.879868 4.932370
v 87.948753 146.811249 18.355778
v 90.260582 150.688828 9.877259
v 90.057808 149.909668 9.479018
v 89.826271 149.001022 8.975041
v 89.634521 148.179535 8.378238
v 89.551140 147.661896 7.701511
v 89.317757 146.921112 7.648888
v 88.663895 145.109818 8.188444
v 88.624992 145.149780 8.604756
v 88.647179 145.395508 9.065726
v 88.712021 145.766495 9.509883
v 88.801117 146.182251 9.875742
v 89.173523 147.259491 9.687117
v 89.579849 148.516479 9.693516
v 89.961693 149.733002 9.791402
v 89.105621 149.069321 14.939274
v 88.907806 148.180054 14.214861
v 88.738960 147.350632 13.413536
v 88.610939 146.594727 12.475571
v 88.535629 145.926056 11.341236
v 88.440628 145.658234 11.407522
v 88.359489 145.462509 11.550027
v 88.293472 145.340942 11.763933
v 88.251633 145.318634 12.041903
v 88.454765 146.570358 13.666210
v 88.673744 147.376266 14.003847
v 88.888741 148.208588 14.442198
v 89.039703 146.086243 7.710276
v 89.238350 146.872665 8.160530
v 88.398392 146.377350 13.616909
v 89.539291 147.058807 6.228151
v 90.016396 148.263855 5.531254
v 89.113617 146.387756 7.900969
v 88.941406 145.878571 7.959450
v 88.796440 145.408356 7.900573
v 88.231506 145.429001 12.490541
v 86.229851 152.590851 5.676351
v 85.258286 151.504959 5.852727
v 84.593803 150.749542 6.046196
v 84.970428 149.013870 18.308311
v 83.877098 148.195343 16.199947
v 83.400894 147.860092 15.160166
v 83.159561 147.771484 14.168386
v 82.084885 146.862808 12.691345
v 80.959770 145.919907 11.096766
v 79.842300 144.997528 9.432267
v 78.790565 144.150452 7.745476
v 78.570564 143.992554 7.282320
v 78.408966 143.909729 6.752586
v 78.360741 143.950745 6.218604
v 78.480804 144.164368 5.742701
v 78.694702 144.441971 5.483552
v 79.018814 144.826477 5.297394
v 79.441658 145.306030 5.180925
v 79.951782 145.868744 5.130847
v 81.872864 147.956848 5.119710
v 84.417305 150.699631 5.235723
v 86.511612 152.959564 5.317639
v 84.445778 150.480103 6.667632
v 84.758583 150.770752 6.948040
v 85.213264 151.357971 6.413609
v 85.955139 152.242493 5.962488
v 87.953804 154.584686 4.980232
v 84.214935 150.535187 4.919398
v 79.888626 145.841492 4.894511
v 76.805771 142.487122 4.932370
v 84.698372 148.710144 18.355778
v 86.940872 152.628235 9.877259
v 86.361717 152.068954 9.479018
v 85.683891 151.421036 8.975040
v 85.062454 150.850586 8.378238
v 84.652481 150.523743 7.701511
v 84.121788 149.956650 7.648888
v 82.865044 148.497559 8.188444
v 82.918968 148.483307 8.604756
v 83.122131 148.623291 9.065726
v 83.413460 148.861969 9.509883
v 83.731865 149.143753 9.875742
v 84.487381 149.997177 9.687117
v 85.382812 150.968430 9.693516
v 86.255028 151.898468 9.791402
v 86.097290 150.826813 14.939274
v 85.419785 150.217789 14.214862
v 84.780190 149.663391 13.413536
v 84.184578 149.180649 12.475571
v 83.639069 148.786667 11.341236
v 83.452423 148.572388 11.407522
v 83.321777 148.405594 11.550026
v 83.248291 148.288376 11.763933
v 83.249413 148.240982 12.041903
v 84.240044 149.032639 13.666210
v 84.834534 149.619156 14.003847
v 85.454002 150.215179 14.442198
v 83.531067 149.304443 7.710277
v 84.118576 149.863678 8.160530
v 84.099602 148.888763 13.616909
v 84.132935 150.217255 6.228151
v 84.948380 151.224640 5.531254
v 83.757423 149.516891 7.900970
v 83.398438 149.116837 7.959450
v 83.060013 148.759628 7.900573
v 83.355438 148.277649 12.490541
v 67.202820 161.874405 5.676350
v 66.944855 160.440338 5.852726
v 66.758385 159.451675 6.046196
v 65.158562 158.680359 18.308311
v 65.186272 157.314865 16.199947
v 65.215088 156.733200 15.160166
v 65.293777 156.488449 14.168385
v 65.238945 155.082169 12.691345
v 65.188187 153.615067 11.096766
v 65.148903 152.166641 9.432267
v 65.128502 150.816345 7.745476
v 65.139442 150.545776 7.282320
v 65.173607 150.367432 6.752586
v 65.235626 150.354660 6.218604
v 65.330101 150.580765 5.742701
v 65.417267 150.920197 5.483552
v 65.520874 151.412308 5.297394
v 65.638626 152.040710 5.180925
v 65.768211 152.789108 5.130847
v 66.231743 155.588348 5.119710
v 66.827667 159.281860 5.235723
v 67.320038 162.323395 5.317639
v 66.637115 159.169189 6.667632
v 66.673691 159.594620 6.948040
v 66.856712 160.314392 6.413609
v 67.097313 161.443481 5.962487
v 67.713379 164.460266 4.980232
v 66.822601 159.021149 4.919398
v 65.785599 152.722549 4.894511
v 65.038979 148.228302 4.932370
v 65.086594 158.279007 18.355778
v 66.794701 162.457825 9.877259
v 66.710320 161.657150 9.479018
v 66.616783 160.724136 8.975041
v 66.549606 159.883255 8.378238
v 66.544304 159.358978 7.701511
v 66.423927 158.591690 7.648888
v 66.047318 156.703156 8.188444
v 66.002892 156.736893 8.604756
v 65.988205 156.983170 9.065726
v 65.997032 157.359695 9.509883
v 66.023170 157.784073 9.875742
v 66.230873 158.904785 9.687117
v 66.445328 160.208282 9.693516
v 66.641602 161.468140 9.791402
v 65.893997 160.684280 14.939274
v 65.830933 159.775467 14.214861
v 65.787582 158.930145 13.413536
v 65.773643 158.163605 12.475571
v 65.798828 157.491165 11.341236
v 65.744804 157.212173 11.407522
v 65.693741 157.006561 11.550027
v 65.646584 156.876495 11.763933
v 65.608528 156.848221 12.041903
v 65.622849 158.116226 13.666210
v 65.719276 158.945770 14.003847
v 65.807823 159.800842 14.442198
v 66.273407 157.724701 7.710276
v 66.352623 158.531937 8.160530
v 65.595871 157.916992 13.616909
v 66.622467 158.760849 6.228151
v 66.914642 160.023560 5.531254
v 66.301552 158.033859 7.900969
v 66.207153 157.504700 7.959450
v 66.133888 157.018112 7.900573
v 65.572182 156.954346 12.490541
v 62.525517 163.737885 5.676351
v 61.726643 162.519333 5.852727
v 61.182159 161.673309 6.046196
v 61.813255 160.013168 18.308311
v 60.854122 159.040833 16.199947
v 60.433205 158.638351 15.160166
v 60.207771 158.514771 14.168386
v 59.280525 157.456070 12.691345
v 58.308495 156.356018 11.096766
v 57.340973 155.277420 9.432267
v 56.427227 154.283051 7.745476
v 56.233215 154.094116 7.282320
v 56.085770 153.988144 6.752586
v 56.031967 154.021515 6.218604
v 56.118855 154.250641 5.742701
v 56.288994 154.557022 5.483552
v 56.552174 154.985535 5.297394
v 56.898827 155.522751 5.180925
v 57.319397 156.155212 5.130847
v 58.907814 158.506302 5.119710
v 61.015072 161.597656 5.235723
v 62.749184 164.144470 5.317639
v 61.075943 161.384827 6.667632
v 61.341946 161.718842 6.948040
v 61.704029 162.367279 6.413609
v 62.305794 163.352478 5.962488
v 63.933067 165.966385 4.980232
v 60.839470 161.404892 4.919398
v 57.261002 156.118851 4.894511
v 54.712494 152.342499 4.932370
v 61.589508 159.672287 18.355778
v 63.223034 163.880829 9.877259
v 62.733688 163.241486 9.479018
v 62.160000 162.499771 8.975040
v 61.630520 161.843079 8.378238
v 61.273838 161.458786 7.701511
v 60.833588 160.818939 7.648888
v 59.808334 159.188843 8.188444
v 59.863785 159.182785 8.604756
v 60.043812 159.351486 9.065726
v 60.296314 159.630920 9.509883
v 60.569168 159.957001 9.875742
v 61.189056 160.913498 9.687117
v 61.929737 162.007355 9.693516
v 62.653606 163.056992 9.791402
v 62.657341 161.973801 14.939274
v 62.078167 161.270599 14.214862
v 61.528339 160.627075 13.413536
v 61.011322 160.060959 12.475571
v 60.530632 159.590073 11.341236
v 60.377998 159.350372 11.407522
v 60.273674 159.165970 11.550026
v 60.218475 159.039124 11.763933
v 60.226650 158.992416 12.041903
v 61.088230 159.922867 13.666210
v 61.588673 160.591446 14.003847
v 62.112392 161.273132 14.442198
v 60.346668 160.085968 7.710277
v 60.844269 160.726532 8.160530
v 60.970802 159.759659 13.616909
v 60.805775 161.078293 6.228151
v 61.461971 162.195969 5.531254
v 60.538830 160.329788 7.900970
v 60.243477 159.880692 7.959450
v 59.962070 159.477036 7.900573
v 60.326027 159.044479 12.490541
v 42.327312 170.082153 5.676350
v 42.285954 168.625656 5.852726
v 42.248905 167.620255 6.046196
v 40.781902 166.619125 18.308311
v 41.012814 165.272995 16.199947
v 41.127998 164.702118 15.160166
v 41.242279 164.471832 14.168385
v 41.397644 163.073090 12.691345
v 41.566101 161.614807 11.096766
v 41.743126 160.176697 9.432267
v 41.924194 158.838455 7.745476
v 41.975342 158.572525 7.282320
v 42.035702 158.401276 6.752586
v 42.098927 158.397888 6.218604
v 42.158657 158.635544 5.742701
v 42.194260 158.984177 5.483552
v 42.223370 159.486221 5.297394
v 42.246147 160.125168 5.180925
v 42.262749 160.884521 5.130847
v 42.303921 163.721588 5.119710
v 42.342724 167.462646 5.235723
v 42.376297 170.543610 5.317639
v 42.171093 167.322845 6.667632
v 42.143856 167.748978 6.948040
v 42.217560 168.487976 6.413609
v 42.287201 169.640320 5.962487
v 42.446785 172.715240 4.980232
v 42.376575 167.204102 4.919398
v 42.289864 160.821304 4.894511
v 42.221386 156.265961 4.932370
v 40.770554 166.211517 18.355778
v 41.836796 170.598236 9.877259
v 41.872684 169.793930 9.479018
v 41.919247 168.857391 8.975041
v 41.978138 168.015900 8.378238
v 42.051033 167.496674 7.701511
v 42.046356 166.720016 7.648888
v 41.955402 164.796448 8.188444
v 41.906448 164.823181 8.604756
v 41.855221 165.064529 9.065726
v 41.807838 165.438156 9.509883
v 41.770439 165.861694 9.875742
v 41.808792 167.000839 9.687117
v 41.826588 168.321747 9.693516
v 41.832901 169.596786 9.791402
v 41.210476 168.710266 14.939274
v 41.283554 167.802200 14.214861
v 41.366673 166.959854 13.413536
v 41.467136 166.199799 12.475571
v 41.592255 165.538620 11.341236
v 41.580410 165.254700 11.407522
v 41.560562 165.043762 11.550027
v 41.533314 164.908142 11.763933
v 41.499905 164.874496 12.041903
v 41.325085 166.130478 13.666210
v 41.296799 166.965118 14.003847
v 41.256924 167.823837 14.442198
v 42.026726 165.840271 7.710276
v 41.984753 166.650314 8.160530
v 41.328102 165.929443 13.616909
v 42.217464 166.916885 6.228151
v 42.318192 168.209030 5.531254
v 42.008484 166.150177 7.900969
v 41.994007 165.612854 7.959450
v 41.994068 165.120789 7.900573
v 41.448143 164.974030 12.490541
v 37.424519 171.227753 5.676351
v 36.816170 169.903732 5.852727
v 36.403858 168.986023 6.046196
v 37.275326 167.438477 18.308311
v 36.471813 166.334061 16.199947
v 36.115582 165.873337 15.160166
v 35.911087 165.717529 14.168386
v 35.151978 164.532471 12.691345
v 34.354752 163.299835 11.096766
v 33.558784 162.089081 9.432267
v 32.803440 160.969635 7.745476
v 32.639748 160.753906 7.282320
v 32.509747 160.627136 6.752586
v 32.451572 160.652115 6.218604
v 32.503342 160.891632 5.742701
v 32.625916 161.219955 5.483552
v 32.822292 161.682907 5.297394
v 33.085011 162.265778 5.180925
v 33.406624 162.953857 5.130847
v 34.626911 165.515411 5.119710
v 36.249912 168.886307 5.235723
v 37.585091 171.663132 5.317639
v 36.341820 168.684921 6.667632
v 36.555069 169.054855 6.948040
v 36.816475 169.750000 6.413609
v 37.264690 170.813904 5.962488
v 38.484222 173.641129 4.980232
v 36.104996 168.669525 4.919398
v 33.354301 162.909210 4.894511
v 31.397066 158.795212 4.932370
v 37.104877 167.068039 18.355778
v 38.092941 171.473038 9.877259
v 37.704350 170.767899 9.479018
v 37.247604 169.948975 8.975040
v 36.821911 169.220703 8.378238
v 36.526482 168.787552 7.701511
v 36.186508 168.089233 7.648888
v 35.415649 166.324554 8.188444
v 35.471382 166.326813 8.604756
v 35.624252 166.520477 9.065726
v 35.832294 166.834412 9.509883
v 36.053505 167.197525 9.875742
v 36.523918 168.235718 9.687117
v 37.093304 169.427734 9.693516
v 37.652653 170.573547 9.791402
v 37.817780 169.503006 14.939274
v 37.349876 168.721344 14.214862
v 36.902100 168.003067 13.413536
v 36.475227 167.366211 12.475571
v 36.070080 166.828949 11.341236
v 35.954880 166.569168 11.407522
v 35.879200 166.371292 11.550026
v 35.843525 166.237625 11.763933
v 35.858566 166.192657 12.041903
v 36.571854 167.241119 13.666210
v 36.967068 167.976822 14.003847
v 37.383343 168.728943 14.442198
v 35.814266 167.291885 7.710277
v 36.210846 167.999451 8.160530
v 36.480061 167.062241 13.616909
v 36.120354 168.341553 6.228151
v 36.602654 169.544540 5.531254
v 35.967945 167.561615 7.900970
v 35.742821 167.073517 7.959450
v 35.524715 166.632446 7.900573
v 35.949074 166.258957 12.490541
v 16.506477 174.490936 5.676350
v 16.682648 173.044540 5.852726
v 16.795853 172.044846 6.046196
v 15.494438 170.836258 18.308311
v 15.923388 169.539581 16.199947
v 16.122366 168.992249 15.160166
v 16.269691 168.781570 14.168385
v 16.631784 167.421600 12.691345
v 17.015694 166.004715 11.096766
v 17.405069 164.609039 9.432267
v 17.783562 163.312729 7.745476
v 17.873768 163.057388 7.282320
v 17.958979 162.897049 6.752586
v 18.022001 162.903122 6.218604
v 18.045643 163.147018 5.742701
v 18.028891 163.497070 5.483552
v 17.982855 163.997849 5.297394
v 17.910152 164.633057 5.180925
v 17.813396 165.386398 5.130847
v 17.431290 168.197906 5.119710
v 16.912113 171.902985 5.235723
v 16.486143 174.954529 5.317639
v 16.763233 171.739166 6.667632
v 16.672792 172.156464 6.948040
v 16.635538 172.898209 6.413609
v 16.532661 174.048065 5.962487
v 16.232193 177.112411 4.980232
v 16.984118 171.652359 4.919398
v 17.849630 165.327927 4.894511
v 18.460821 160.813263 4.932370
v 15.543961 170.431519 18.355778
v 15.944523 174.928162 9.877259
v 16.099882 174.138168 9.479018
v 16.285498 173.219040 8.975041
v 16.469147 172.395706 8.378238
v 16.618607 171.893158 7.701511
v 16.729733 171.124466 7.648888
v 16.926474 169.208832 8.188444
v 16.874083 169.227982 8.604756
v 16.787455 169.458984 9.065726
v 16.684921 169.821381 9.509883
v 16.584818 170.234619 9.875742
v 16.452969 171.366760 9.687117
v 16.273705 172.675568 9.693516
v 16.089924 173.937302 9.791402
v 15.606572 172.967911 14.939274
v 15.814168 172.080887 14.214861
v 16.021894 171.260345 13.413536
v 16.234512 170.523743 12.475571
v 16.456770 169.888596 11.341236
v 16.487373 169.606079 11.407522
v 16.499184 169.394547 11.550027
v 16.492451 169.256363 11.763933
v 16.464428 169.218124 12.041903
v 16.104376 170.434021 13.666210
v 15.952018 171.255127 14.003847
v 15.784607 172.098312 14.442198
v 16.841433 170.251633 7.710276
v 16.679205 171.046356 8.160530
v 16.137321 170.235687 13.616909
v 16.869591 171.344635 6.228151
v 16.776619 172.637375 5.531254
v 16.777208 170.555359 7.900969
v 16.842972 170.021881 7.959450
v 16.916368 169.535324 7.900573
v 16.398413 169.308823 12.490541
v 11.487702 174.893051 5.676351
v 11.083474 173.493149 5.852727
v 10.812535 172.524246 6.046196
v 11.904909 171.123856 18.308311
v 11.274966 169.912018 16.199947
v 10.991376 169.403351 15.160166
v 10.812384 169.218826 14.168386
v 10.238368 167.933853 12.691345
v 9.633751 166.596176 11.096766
v 9.027116 165.280304 9.432267
v 8.447043 164.060791 7.745476
v 8.317333 163.823090 7.282320
v 8.207678 163.678345 6.752586
v 8.146427 163.694382 6.218604
v 8.161922 163.938934 5.742701
v 8.234199 164.281860 5.483552
v 8.359385 164.768906 5.297394
v 8.532301 165.384430 5.180925
v 8.747772 166.112762 5.130847
v 9.572674 168.827576 5.119710
v 10.675169 172.402695 5.235723
v 11.581593 175.347488 5.317639
v 10.796065 172.217270 6.667632
v 10.951799 172.614853 6.948040
v 11.106684 173.341187 6.413609
v 11.391335 174.459991 5.962488
v 12.175896 177.437408 4.980232
v 10.564179 172.166748 4.919398
v 8.702692 166.060806 4.894511
v 7.380443 161.701050 4.932370
v 11.791572 170.732162 18.355778
v 12.112103 175.235214 9.877259
v 11.832941 174.480042 9.479018
v 11.503344 173.602203 8.975040
v 11.190942 172.818619 8.378238
v 10.963368 172.346268 7.701511
v 10.731265 171.605087 7.648888
v 10.232015 169.745224 8.188444
v 10.286786 169.755768 8.604756
v 10.409090 169.970047 9.065726
v 10.568018 170.311478 9.509883
v 10.732642 170.703506 9.875742
v 11.043077 171.800201 9.687117
v 11.428450 173.063782 9.693516
v 11.810789 174.280151 9.791402
v 12.133620 173.246170 14.939274
v 11.787435 172.403519 14.214862
v 11.451708 171.626511 13.413536
v 11.124515 170.933167 12.475571
v 10.803963 170.341522 11.341236
v 10.728764 170.067474 11.407522
v 10.683423 169.860519 11.550026
v 10.668067 169.723022 11.763933
v 10.689643 169.680817 12.041903
v 11.238705 170.823868 13.666210
v 11.519862 171.610245 14.003847
v 11.819394 172.416016 14.442198
v 10.482012 170.761169 7.710277
v 10.768712 171.519928 8.160530
v 11.174599 170.633301 13.616909
v 10.628248 171.844711 6.228151
v 10.925871 173.106140 5.531254
v 10.593775 171.050781 7.900970
v 10.443910 170.534592 7.959450
v 10.293976 170.065918 7.900573
v 10.769260 169.759857 12.490541
v -9.683145 175.002243 5.676350
v -9.293377 173.598267 5.852726
v -9.032447 172.626602 6.046196
v -10.139206 171.237564 18.308311
v -9.521796 170.019287 16.199947
v -9.243468 169.507721 15.160166
v -9.066389 169.321350 14.168385
v -8.505657 168.030533 12.691345
v -7.914869 166.686691 11.096766
v -7.321839 165.364639 9.432267
v -6.754376 164.139206 7.745476
v -6.627124 163.900177 7.282320
v -6.518967 163.754318 6.752586
v -6.457555 163.769714 6.218604
v -6.470526 164.014420 5.742701
v -6.539262 164.358063 5.483552
v -6.659418 164.846390 5.297394
v -6.825975 165.463654 5.180925
v -7.033924 166.194168 5.130847
v -7.830780 168.917343 5.119710
v -8.896342 172.503647 5.235723
v -9.772344 175.457642 5.317639
v -9.019144 172.319473 6.667632
v -9.170770 172.718643 6.948040
v -9.318153 173.446548 6.413609
v -9.591250 174.568222 5.962487
v -10.345058 177.553574 4.980232
v -8.787791 172.266571 4.919398
v -6.989381 166.141754 4.894511
v -5.712172 161.768585 4.932370
v -10.029915 170.844727 18.355778
v -10.303984 175.350830 9.877259
v -10.032625 174.592834 9.479018
v -9.712099 173.711624 8.975041
v -9.407797 172.924866 8.378238
v -9.185107 172.450195 7.701511
v -8.960661 171.706650 7.648888
v -8.480621 169.841736 8.188444
v -8.535279 169.852859 8.604756
v -8.655369 170.068375 9.065726
v -8.810765 170.411438 9.509883
v -8.971337 170.805130 9.875742
v -9.270443 171.904984 9.687117
v -9.642763 173.172470 9.693516
v -10.012535 174.392715 9.791402
v -10.346016 173.362122 14.939274
v -10.008539 172.515930 14.214861
v -9.680843 171.735519 13.413536
v -9.360821 171.038818 12.475571
v -9.046388 170.443909 11.341236
v -8.974020 170.169098 11.407522
v -8.930816 169.961685 11.550027
v -8.916879 169.824051 11.763933
v -8.938889 169.782059 12.041903
v -9.476132 170.930710 13.666210
v -9.749164 171.719955 14.003847
v -10.040368 172.528763 14.442198
v -8.720125 170.860214 7.710276
v -8.998983 171.621887 8.160530
v -9.413994 170.739502 13.616909
v -8.855178 171.945206 6.228151
v -9.139774 173.209641 5.531254
v -8.828897 171.150970 7.900969
v -8.684362 170.633255 7.959450
v -8.539270 170.163071 7.900573
v -9.017687 169.861908 12.490541
v -14.705799 174.651901 5.676351
v -14.896879 173.207397 5.852727
v -15.020390 172.208923 6.046196
v -13.731508 170.986984 18.308311
v -14.173811 169.694794 16.199947
v -14.378424 169.149551 15.160166
v -14.527914 168.940399 14.168386
v -14.904015 167.584229 12.691345
v -15.302519 166.171371 11.096766
v -15.706268 164.779800 9.432267
v -16.098112 163.487457 7.745476
v -16.190947 163.233063 7.282320
v -16.277807 163.073608 6.752586
v -16.340763 163.080338 6.218604
v -16.361889 163.324463 5.742701
v -16.341526 163.674332 5.483552
v -16.290327 164.174606 5.297394
v -16.211077 164.809021 5.180925
v -16.106556 165.561325 5.130847
v -15.695471 168.368759 5.119710
v -15.138107 172.068268 5.235723
v -14.680685 175.115265 5.317639
v -14.990925 171.902924 6.667632
v -14.896183 172.319275 6.948040
v -14.851280 173.060593 6.413609
v -14.736549 174.209320 5.962488
v -14.404490 177.270416 4.980232
v -15.212692 171.818405 4.919398
v -16.143391 165.503235 4.894511
v -16.801115 160.995102 4.932370
v -13.785204 170.582764 18.355778
v -14.139364 175.083298 9.877259
v -14.302864 174.294968 9.479018
v -14.497950 173.377792 8.975040
v -14.690081 172.556412 8.378238
v -14.844717 172.055420 7.701511
v -14.963766 171.287918 7.648888
v -15.180254 169.374420 8.188444
v -15.127666 169.393021 8.604756
v -15.038664 169.623123 9.065726
v -14.932398 169.984436 9.509883
v -14.828037 170.396606 9.875742
v -14.684517 171.527328 9.687117
v -14.491764 172.834229 9.693516
v -14.294977 174.094009 9.791402
v -13.821651 173.119675 14.939274
v -14.038385 172.234833 14.214862
v -14.254564 171.416489 13.413536
v -14.474768 170.682114 12.475571
v -14.703564 170.049301 11.341236
v -14.737082 169.767105 11.407522
v -14.751072 169.555710 11.550026
v -14.745766 169.417465 11.763933
v -14.718138 169.378937 12.041903
v -14.345564 170.591049 13.666210
v -14.184744 171.410553 14.003847
v -14.008646 172.251968 14.442198
v -15.084461 170.416275 7.710277
v -14.914045 171.209290 8.160530
v -14.380554 170.393066 13.616909
v -15.101345 171.509521 6.228151
v -14.995043 172.801224 5.531254
v -15.017109 170.719315 7.900970
v -15.088369 170.186554 7.959450
v -15.166782 169.700775 7.900573
v -14.651190 169.468948 12.490541
v -35.656395 171.604675 5.676350
v -35.061737 170.274460 5.852726
v -34.658913 169.352554 6.046196
v -35.546295 167.814072 18.308311
v -34.754215 166.701431 16.199947
v -34.402756 166.237061 15.160166
v -34.199879 166.079147 14.168385
v -33.453033 164.886322 12.691345
v -32.668560 163.645523 11.096766
v -31.885124 162.426636 9.432267
v -31.141367 161.299454 7.745476
v -30.979912 161.082047 7.282320
v -30.851223 160.953934 6.752586
v -30.792793 160.978317 6.218604
v -30.842089 161.218353 5.742701
v -30.961271 161.547913 5.483552
v -31.152863 162.012878 5.297394
v -31.409554 162.598434 5.180925
v -31.724052 163.289795 5.130847
v -32.917854 165.863800 5.119710
v -34.506001 169.251251 5.235723
v -35.812466 172.041687 5.317639
v -34.599983 169.050827 6.667632
v -34.809406 169.422943 6.948040
v -35.063625 170.120743 6.413609
v -35.500843 171.189209 5.962487
v -36.691154 174.028870 4.980232
v -34.363331 169.032990 4.919398
v -31.672195 163.244598 4.894511
v -29.757496 159.110626 4.932370
v -35.379677 167.441910 18.355778
v -36.322254 171.856857 9.877259
v -35.940956 171.147751 9.479018
v -35.492680 170.324158 8.975041
v -35.074520 169.591537 8.378238
v -34.783577 169.155350 7.701511
v -34.450825 168.453568 7.648888
v -33.698208 166.681030 8.188444
v -33.753910 166.683868 8.604756
v -33.904781 166.879089 9.065726
v -34.109570 167.195160 9.509883
v -34.327023 167.560532 9.875742
v -34.786705 168.603516 9.687117
v -35.343765 169.801361 9.693516
v -35.891266 170.952866 9.791402
v -36.067429 169.884079 14.939274
v -35.607609 169.097641 14.214861
v -35.167263 168.374771 13.413536
v -34.746983 167.733566 12.475571
v -34.347401 167.192154 11.341236
v -34.234882 166.931198 11.407522
v -34.161251 166.732544 11.550027
v -34.126957 166.598511 11.763933
v -34.142464 166.553711 12.041903
v -34.844894 167.609482 13.666210
v -35.232502 168.349213 14.003847
v -35.640995 169.105591 14.442198
v -34.086823 167.652435 7.710276
v -34.476086 168.364044 8.160530
v -34.754955 167.429657 13.616909
v -34.382072 168.705185 6.228151
v -34.851933 169.913086 5.531254
v -34.237713 167.923737 7.900969
v -34.017635 167.433334 7.959450
v -33.804092 166.990021 7.900573
v -34.232281 166.620926 12.490541
v -40.570740 170.509689 5.676351
v -40.544407 169.052856 5.852727
v -40.517731 168.047119 6.046196
v -39.061134 167.030914 18.308311
v -39.305916 165.687241 16.199947
v -39.426983 165.117584 15.160166
v -39.543633 164.888489 14.168386
v -39.713417 163.491425 12.691345
v -39.896904 162.034958 11.096766
v -40.088753 160.598755 9.432267
v -40.283619 159.262436 7.745476
v -40.337502 158.997055 7.282320
v -40.399628 158.826431 6.752586
v -40.462883 158.823700 6.218604
v -40.520157 159.061951 5.742701
v -40.552162 159.410950 5.483552
v -40.576092 159.913269 5.297394
v -40.592278 160.552399 5.180925
v -40.601044 161.311890 5.130847
v -40.612953 164.149231 5.119710
v -40.613171 167.890488 5.235723
v -40.614967 170.971634 5.317639
v -40.442993 167.748932 6.667632
v -40.411358 168.174744 6.948040
v -40.477440 168.914474 6.413609
v -40.535191 170.067490 5.962488
v -40.663048 173.143875 4.980232
v -40.649685 167.632309 4.919398
v -40.628811 161.248947 4.894511
v -40.607323 156.693146 4.932370
v -39.053986 166.623215 18.355778
v -40.074928 171.020706 9.877259
v -40.119110 170.216797 9.479018
v -40.175327 169.280807 8.975040
v -40.242897 168.439941 8.378238
v -40.321144 167.921509 7.701511
v -40.324478 167.144836 7.648888
v -40.253372 165.220444 8.188444
v -40.204144 165.246674 8.604756
v -40.150429 165.487473 9.065726
v -40.099197 165.860596 9.509883
v -40.057430 166.283722 9.875742
v -40.084030 167.423203 9.687117
v -40.088203 168.744232 9.693516
v -40.081364 170.019257 9.791402
v -39.468113 169.126358 14.939274
v -39.550556 168.219101 14.214862
v -39.642357 167.377670 13.413536
v -39.750656 166.618668 12.475571
v -39.882584 165.958832 11.341236
v -39.873672 165.674805 11.407522
v -39.855999 165.463669 11.550026
v -39.830151 165.327759 11.763933
v -39.797089 165.293777 12.041903
v -39.609322 166.547897 13.666210
v -39.572433 167.382202 14.003847
v -39.523701 168.240463 14.442198
v -40.313923 166.264954 7.710277
v -40.263596 167.074509 8.160530
v -39.614414 166.346893 13.616909
v -40.493546 167.343460 6.228151
v -40.580940 168.636581 5.531254
v -40.292488 166.574646 7.900970
v -40.283546 166.037201 7.959450
v -40.288689 165.545166 7.900573
v -39.744305 165.392776 12.490541
v -60.833275 164.374146 5.676350
v -60.047012 163.147415 5.852726
v -59.511284 162.295822 6.046196
v -60.159470 160.642273 18.308311
v -59.210415 159.660110 16.199947
v -58.793671 159.253296 15.160166
v -58.569527 159.127396 14.168385
v -57.653248 158.059204 12.691345
v -56.692619 156.949173 11.096766
v -55.736271 155.860641 9.432267
v -54.832832 154.856903 7.745476
v -54.640778 154.665985 7.282320
v -54.494434 154.558487 6.752586
v -54.440292 154.591309 6.218604
v -54.524811 154.821320 5.742701
v -54.691780 155.129440 5.483552
v -54.950523 155.560654 5.297394
v -55.291618 156.101410 5.180925
v -55.705643 156.738190 5.130847
v -57.269730 159.105515 5.119710
v -59.344986 162.218445 5.235723
v -61.052734 164.783020 5.317639
v -59.408051 162.006256 6.667632
v -59.670589 162.343002 6.948040
v -60.025967 162.995132 6.413609
v -60.617538 163.986496 5.962487
v -62.217766 166.617050 4.980232
v -59.171379 162.023895 4.919398
v -55.647629 156.701218 4.894511
v -53.138206 152.898773 4.932370
v -59.939247 160.299103 18.355778
v -61.529282 164.524261 9.877259
v -61.046558 163.879913 9.479018
v -60.480545 163.132324 8.975041
v -59.957870 162.470200 8.378238
v -59.605167 162.082260 7.701511
v -59.171543 161.437897 7.648888
v -58.163158 159.797318 8.188444
v -58.218666 159.791824 8.604756
v -58.396946 159.962387 9.065726
v -58.646553 160.244400 9.509883
v -58.916031 160.573288 9.875742
v -59.526020 161.536118 9.687117
v -60.255379 162.637558 9.693516
v -60.968384 163.694611 9.791402
v -60.983288 162.611511 14.939274
v -60.411400 161.902374 14.214861
v -59.868240 161.253220 13.413536
v -59.357090 160.681793 12.475571
v -58.881279 160.205978 11.341236
v -58.731129 159.964722 11.407522
v -58.628708 159.779251 11.550027
v -58.574825 159.651840 11.763933
v -58.583481 159.605225 12.041903
v -59.435413 160.544510 13.666210
v -59.928936 161.218201 14.003847
v -60.445595 161.905258 14.442198
v -58.692211 160.699951 7.710276
v -59.183178 161.345612 8.160530
v -59.319679 160.380096 13.616909
v -59.141056 161.696945 6.228151
v -59.785690 162.821335 5.531254
v -58.881847 160.945740 7.900969
v -58.591141 160.493622 7.959450
v -58.313911 160.087082 7.900573
v -58.682312 159.658295 12.490541
v -65.529549 162.558990 5.676351
v -65.286385 161.122330 5.852727
v -65.110123 160.131805 6.046196
v -63.518337 159.344025 18.308311
v -63.560135 157.978897 16.199947
v -63.594948 157.397552 15.160166
v -63.676155 157.153625 14.168386
v -63.635830 155.746857 12.691345
v -63.600204 154.279312 11.096766
v -63.575867 152.830551 9.432267
v -63.569397 151.480133 7.745476
v -63.583126 151.209671 7.282320
v -63.619129 151.031693 6.752586
v -63.681274 151.019577 6.218604
v -63.773415 151.246628 5.742701
v -63.857075 151.586945 5.483552
v -63.955601 152.080093 5.297394
v -64.066856 152.709686 5.180925
v -64.188721 153.459381 5.130847
v -64.623360 156.263260 5.119710
v -65.181152 159.962708 5.235723
v -65.642120 163.009171 5.317639
v -64.991776 159.848083 6.667632
v -65.023956 160.273865 6.948040
v -65.199539 160.995483 6.413609
v -65.428490 162.127014 5.962488
v -66.013405 165.149979 4.980232
v -65.178780 159.701965 4.919398
v -64.206795 153.393005 4.894511
v -63.506573 148.891296 4.932370
v -63.450512 158.941956 18.355778
v -65.115433 163.138184 9.877259
v -65.039307 162.336670 9.479018
v -64.955399 161.402740 8.975040
v -64.896904 160.561218 8.378238
v -64.897003 160.036896 7.701511
v -64.784554 159.268402 7.648888
v -64.427437 157.376099 8.188444
v -64.382668 157.409378 8.604756
v -64.365440 157.655487 9.065726
v -64.370392 158.032074 9.509883
v -64.392151 158.456696 9.875742
v -64.588272 159.579498 9.687117
v -64.789276 160.885147 9.693516
v -64.972542 162.146957 9.791402
v -64.233070 161.355423 14.939274
v -64.179375 160.446014 14.214862
v -64.144745 159.600296 13.413536
v -64.138718 158.833633 12.475571
v -64.170837 158.161499 11.341236
v -64.119690 157.881973 11.407522
v -64.070755 157.675842 11.550026
v -64.024940 157.545303 11.763933
v -63.987183 157.516617 12.041903
v -63.988419 158.784714 13.666210
v -64.076286 159.615204 14.003847
v -64.156006 160.471146 14.442198
v -64.642982 158.399918 7.710277
v -64.713867 159.207932 8.160530
v -63.963501 158.585205 13.616909
v -64.981339 159.439621 6.228151
v -65.260475 160.705261 5.531254
v -64.667938 158.709351 7.900970
v -64.579002 158.179245 7.959450
v -64.510757 157.691940 7.900573
v -63.949741 157.622375 12.490541
v -84.651405 153.472122 5.676350
v -83.691093 152.376266 5.852726
v -83.034431 151.614044 6.046196
v -83.428940 149.882355 18.308311
v -82.344109 149.052597 16.199947
v -81.871391 148.712448 15.160166
v -81.630989 148.621353 14.168385
v -80.565742 147.701630 12.691345
v -79.450409 146.747177 11.096766
v -78.342514 145.813339 9.432267
v -77.299568 144.955444 7.745476
v -77.081207 144.795288 7.282320
v -76.920479 144.710800 6.752586
v -76.871826 144.751328 6.218604
v -76.989685 144.966171 5.742701
v -77.200706 145.245956 5.483552
v -77.520828 145.633789 5.297394
v -77.938705 146.117676 5.180925
v -78.443008 146.685638 5.130847
v -80.342438 148.793427 5.119710
v -82.858459 151.562317 5.235723
v -84.929344 153.843719 5.317639
v -82.889198 151.343094 6.667632
v -83.198990 151.636948 6.948040
v -83.647591 152.228821 6.413609
v -84.380302 153.120956 5.962487
v -86.354698 155.483643 4.980232
v -82.657799 151.395798 4.919398
v -78.380135 146.657730 4.894511
v -75.332039 143.271744 4.932370
v -83.160034 149.575836 18.355778
v -85.362007 153.516846 9.877259
v -84.788643 152.951614 9.479018
v -84.117538 152.296738 8.975041
v -83.502022 151.719910 8.378238
v -83.095436 151.388855 7.701511
v -82.570625 150.816330 7.648888
v -81.328995 149.344345 8.188444
v -81.383064 149.330658 8.604756
v -81.584770 149.472733 9.065726
v -81.873627 149.714401 9.509883
v -82.189102 149.999451 9.875742
v -82.935776 150.860611 9.687117
v -83.821144 151.841049 9.693516
v -84.683723 152.780045 9.791402
v -84.537041 151.706818 14.939274
v -83.865860 151.090836 14.214861
v -83.232018 150.529877 13.413536
v -82.641411 150.041016 12.475571
v -82.099998 149.641418 11.341236
v -81.915573 149.425232 11.407522
v -81.786659 149.257095 11.550027
v -81.714386 149.139130 11.763933
v -81.715996 149.091751 12.041903
v -82.698402 149.893585 13.666210
v -83.286819 150.486206 14.003847
v -83.900101 151.088593 14.442198
v -81.986664 150.158066 7.710276
v -82.568375 150.723328 8.160530
v -82.559456 149.748260 13.616909
v -82.579086 151.077026 6.228151
v -83.384094 152.092773 5.531254
v -82.210815 150.372833 7.900969
v -81.855972 149.969086 7.959450
v -81.521255 149.608414 7.900573
v -81.821632 149.129517 12.490541
v -89.024704 150.977325 5.676351
v -88.570145 149.592957 5.852727
v -88.248222 148.639771 6.046196
v -86.556816 148.098022 18.308311
v -86.394684 146.741898 16.199947
v -86.342476 146.161850 15.160166
v -86.386421 145.908554 14.168386
v -86.136887 144.523514 12.691345
v -85.882950 143.077667 11.096766
v -85.642960 141.648712 9.432267
v -85.435303 140.314331 7.745476
v -85.408577 140.044846 7.282320
v -85.417648 139.863495 6.752586
v -85.477295 139.842239 6.218604
v -85.602242 140.053040 5.742701
v -85.735687 140.377090 5.483552
v -85.906609 140.850037 5.297394
v -86.110458 141.456009 5.180925
v -86.342690 142.179169 5.130847
v -87.190346 144.886963 5.119710
v -88.293259 148.461960 5.235723
v -89.203110 151.405701 5.317639
v -88.088913 148.376846 6.667632
v -88.184196 148.793076 6.948040
v -88.465363 149.480469 6.413609
v -88.860390 150.565231 5.962488
v -89.889305 153.467270 4.980232
v -88.252052 148.204483 4.919398
v -86.350670 142.110855 4.894511
v -84.987350 137.763763 4.932370
v -86.429825 147.710541 18.355778
v -88.701530 151.611771 9.877259
v -88.506805 150.830551 9.479018
v -88.284645 149.919556 8.975040
v -88.101379 149.096146 8.378238
v -88.023346 148.577682 7.701511
v -87.797615 147.834534 7.648888
v -87.162468 146.016571 8.188444
v -87.123161 146.056152 8.604756
v -87.142807 146.302094 9.065726
v -87.203819 146.673721 9.509883
v -87.288620 147.090363 9.875742
v -87.649895 148.171387 9.687117
v -88.043243 149.432510 9.693516
v -88.412514 150.652908 9.791402
v -87.563332 149.980423 14.939274
v -87.374702 149.089172 14.214862
v -87.214417 148.258057 13.413536
v -87.094200 147.500870 12.475571
v -87.025787 146.831451 11.341236
v -86.933556 146.562653 11.407522
v -86.854439 146.366119 11.550026
v -86.789680 146.243866 11.763933
v -86.748077 146.221146 12.041903
v -86.938286 147.474884 13.666210
v -87.148941 148.283005 14.003847
v -87.355339 149.117508 14.442198
v -87.528191 146.996826 7.710277
v -87.718704 147.785263 8.160530
v -86.883911 147.281311 13.616909
v -88.017715 147.974487 6.228151
v -88.482361 149.184402 5.531254
v -87.598984 147.299088 7.900970
v -87.432037 146.788162 7.959450
v -87.291931 146.316467 7.900573
v -86.726814 146.331299 12.490541
v -106.578667 139.142120 5.676350
v -105.465759 138.201630 5.852726
v -104.702835 137.545776 6.046196
v -104.834854 135.774628 18.308311
v -103.638474 135.115829 16.199947
v -103.120346 134.849915 15.160166
v -102.869049 134.795670 14.168385
v -101.678627 134.044983 12.691345
v -100.433502 133.267410 11.096766
v -99.198807 132.509109 9.432267
v -98.039658 131.816238 7.745476
v -97.799866 131.690414 7.282320
v -97.628342 131.630829 6.752586
v -97.586273 131.678146 6.218604
v -97.734833 131.873016 5.742701
v -97.985199 132.118240 5.483552
v -98.359543 132.454041 5.297394
v -98.844872 132.870239 5.180925
v -99.428185 133.356689 5.130847
v -101.620537 135.157867 5.119710
v -104.521118 137.520844 5.235723
v -106.908890 139.468155 5.317639
v -104.518837 137.299500 6.667632
v -104.868973 137.543900 6.948040
v -105.400764 138.062317 6.413609
v -106.258255 138.835281 5.962487
v -108.562729 140.877319 4.980232
v -104.297874 137.386108 4.919398
v -99.361855 133.338470 4.894511
v -95.843170 130.444580 4.932370
v -104.523270 135.511612 18.355778
v -107.287994 139.080444 9.877259
v -106.636803 138.606979 9.479018
v -105.875587 138.059433 8.975041
v -105.180977 137.580780 8.378238
v -104.729599 137.314026 7.701511
v -104.125320 136.826096 7.648888
v -102.678185 135.555603 8.188444
v -102.729607 135.533997 8.604756
v -102.950233 135.644440 9.065726
v -103.271881 135.840363 9.509883
v -103.626320 136.075195 9.875742
v -104.492996 136.815475 9.687117
v -105.514595 137.653015 9.693516
v -106.507484 138.452957 9.791402
v -106.202492 137.413574 14.939274
v -105.446999 136.904510 14.214861
v -104.736633 136.444275 13.413536
v -104.079765 136.048889 12.475571
v -103.484848 135.734451 11.341236
v -103.270256 135.548157 11.407522
v -103.117729 135.401123 11.550027
v -103.028679 135.295242 11.763933
v -103.023209 135.248154 12.041903
v -104.114143 135.894608 13.666210
v -104.784309 136.392929 14.003847
v -105.480522 136.897186 14.442198
v -103.449776 136.262207 7.710276
v -104.109238 136.734467 8.160530
v -103.955093 135.771622 13.616909
v -104.172539 137.082626 6.228151
v -105.119934 137.967056 5.531254
v -103.703430 136.441177 7.900969
v -103.292381 136.094833 7.959450
v -102.907646 135.788071 7.900573
v -103.133301 135.269745 12.490541
v -110.531311 136.023407 5.676351
v -109.875511 134.722244 5.852727
v -109.415131 133.827682 6.046196
v -107.661865 133.544067 18.308311
v -107.299446 132.227249 16.199947
v -107.161369 131.661469 15.160166
v -107.167068 131.404449 14.168386
v -106.713905 130.072052 12.691345
v -106.247322 128.680206 11.096766
v -105.797050 127.302979 9.432267
v -105.392845 126.014450 7.745476
v -105.326248 125.751968 7.282320
v -105.308197 125.571281 6.752586
v -105.364006 125.541374 6.218604
v -105.518974 125.731194 5.742701
v -105.699226 126.031738 5.483552
v -105.938728 126.473930 5.297394
v -106.230606 127.042763 5.180925
v -106.568016 127.723236 5.130847
v -107.809769 130.274460 5.119710
v -109.433159 133.645157 5.235723
v -110.771576 136.420425 5.317639
v -109.218414 133.591446 6.667632
v -109.374664 133.988831 6.948040
v -109.755142 134.626633 6.413609
v -110.307419 135.640411 5.962488
v -111.757347 138.356705 4.980232
v -109.354042 133.396698 4.919398
v -106.565727 127.654488 4.894511
v -104.569778 123.559128 4.932370
v -107.478546 133.179840 18.355778
v -110.306297 136.698929 9.877259
v -109.997322 135.955460 9.479018
v -109.641876 135.087753 8.975040
v -109.337944 134.300858 8.378238
v -109.183510 133.799805 7.701511
v -108.849541 133.098602 7.648888
v -107.950554 131.395599 8.188444
v -107.917580 131.440598 8.604756
v -107.973656 131.680862 9.065726
v -108.089378 132.039261 9.509883
v -108.235329 132.438599 9.875742
v -108.753677 133.453720 9.687117
v -109.330582 134.642120 9.693516
v -109.877609 135.793869 9.791402
v -108.937691 135.255447 14.939274
v -108.618340 134.402252 14.214862
v -108.335983 133.604309 13.413536
v -108.104256 132.873489 12.475571
v -107.936844 132.221756 11.341236
v -107.805580 131.969711 11.407522
v -107.698059 131.787155 11.550026
v -107.615807 131.675919 11.763933
v -107.571274 131.659653 12.041903
v -107.946213 132.871033 13.666210
v -108.274956 133.638748 14.003847
v -108.603416 134.433151 14.442198
v -108.458282 132.310410 7.710277
v -108.764175 133.061630 8.160530
v -107.863594 132.687744 13.616909
v -109.088043 133.204193 6.228151
v -109.727821 134.331345 5.531254
v -108.573334 132.598740 7.900970
v -108.332108 132.118393 7.959450
v -108.123260 131.672852 7.900573
v -107.566666 131.771744 12.490541
v -126.125443 121.704231 5.676350
v -124.884804 120.940102 5.852726
v -124.032654 120.405273 6.046196
v -123.899239 118.634239 18.308311
v -122.618034 118.161087 16.199947
v -122.066055 117.975372 15.160166
v -121.809486 117.959183 14.168385
v -120.520477 117.394295 12.691345
v -119.173378 116.810974 11.096766
v -117.839455 116.245155 9.432267
v -116.589989 115.732773 7.745476
v -116.334122 115.644089 7.282320
v -116.155624 115.610725 6.752586
v -116.121086 115.663788 6.218604
v -116.297028 115.834351 5.742701
v -116.581146 116.039520 5.483552
v -117.001358 116.315773 5.297394
v -117.543289 116.654999 5.180925
v -118.192589 117.049088 5.130847
v -120.628899 118.503403 5.119710
v -123.849251 120.407707 5.235723
v -126.500565 121.977402 5.317639
v -123.814003 120.189171 6.667632
v -124.196655 120.378662 6.948040
v -124.799774 120.812027 6.413609
v -125.762886 121.448563 5.962487
v -128.345947 123.124359 4.980232
v -123.608421 120.307739 4.919398
v -118.124283 117.040955 4.894511
v -114.213608 114.703781 4.932370
v -123.551933 118.420586 18.355778
v -126.817657 121.537514 9.877259
v -126.103180 121.166397 9.479018
v -125.268860 120.738419 8.975041
v -124.510674 120.368629 8.378238
v -124.024582 120.172119 7.701511
v -123.354324 119.779701 7.648888
v -121.734009 118.739075 8.188444
v -121.781639 118.710045 8.604756
v -122.016258 118.786362 9.065726
v -122.363510 118.932159 9.509883
v -122.748993 119.111557 9.875742
v -123.716316 119.714401 9.687117
v -124.851326 120.390327 9.693516
v -125.952347 121.033371 9.791402
v -125.495857 120.051048 14.939274
v -124.672935 119.660263 14.214861
v -123.901909 119.311035 13.413536
v -123.193451 119.017967 12.475571
v -122.558319 118.795700 11.341236
v -122.318359 118.643471 11.407522
v -122.145615 118.520805 11.550027
v -122.041786 118.429390 11.763933
v -122.029358 118.383636 12.041903
v -123.204460 118.860283 13.666210
v -123.941406 119.253151 14.003847
v -124.704994 119.648018 14.442198
v -122.602295 119.322792 7.710276
v -123.324768 119.691498 8.160530
v -123.028854 118.762375 13.616909
v -123.439255 120.026329 6.228151
v -124.507881 120.759689 5.531254
v -122.879784 119.461960 7.900969
v -122.421707 119.180740 7.959450
v -121.995552 118.934738 7.900573
v -122.141441 118.388580 12.490541
v -129.569153 118.031265 5.676351
v -128.726761 116.842369 5.852727
v -128.138199 116.026413 6.046196
v -126.362244 116.007256 18.308311
v -125.807617 114.759155 16.199947
v -125.586761 114.220276 15.160166
v -125.554092 113.965279 14.168386
v -124.907417 112.715302 12.691345
v -124.238609 111.408531 11.096766
v -123.588112 110.113792 9.432267
v -122.996384 108.899895 7.745476
v -122.891418 108.650261 7.282320
v -122.846634 108.474289 6.752586
v -122.897362 108.436401 6.218604
v -123.078896 108.600998 5.742701
v -123.301926 108.871323 5.483552
v -123.604645 109.272888 5.297394
v -123.978050 109.791870 5.180925
v -124.413101 110.414452 5.130847
v -126.021202 112.752113 5.119710
v -128.128815 115.843231 5.235723
v -129.865891 118.388031 5.317639
v -127.908470 115.822128 6.667632
v -128.122192 116.191780 6.948040
v -128.593475 116.765762 6.413609
v -129.290680 117.685913 5.962488
v -131.129242 120.155769 4.980232
v -128.013550 115.609337 4.919398
v -124.400597 110.346817 4.894511
v -121.816574 106.594666 4.932370
v -126.126686 115.674416 18.355778
v -129.447327 118.732773 9.877259
v -129.031006 118.043655 9.479018
v -128.550201 117.238617 8.975040
v -128.132385 116.505798 8.378238
v -127.905006 116.033363 7.701511
v -127.470268 115.389755 7.648888
v -126.327507 113.839767 8.188444
v -126.301605 113.889168 8.604756
v -126.392868 114.118385 9.065726
v -126.560715 114.455536 9.509883
v -126.764549 114.828674 9.875742
v -127.428391 115.755196 9.687117
v -128.175964 116.844345 9.693516
v -128.888535 117.901703 9.791402
v -127.878868 117.509377 14.939274
v -127.435936 116.713310 14.214862
v -127.037804 115.966362 13.413536
v -126.699753 115.278236 12.475571
v -126.437073 114.658722 11.341236
v -126.269714 114.429062 11.407522
v -126.136185 114.264572 11.550026
v -126.038277 114.166840 11.763933
v -125.991814 114.157379 12.041903
v -126.543106 115.299362 13.666210
v -126.982590 116.009499 14.003847
v -127.425781 116.746094 14.442198
v -126.965904 114.668686 7.710277
v -127.380341 115.365929 8.160530
v -126.434097 115.130432 13.616909
v -127.721840 115.458633 6.228151
v -128.522461 116.477844 5.531254
v -127.122643 114.936646 7.900970
v -126.812523 114.497620 7.959450
v -126.539604 114.088173 7.900573
v -126.003967 114.268913 12.490541
v -142.855026 101.547943 5.676350
v -141.514359 100.977249 5.852726
v -140.592010 100.575394 6.046196
v -140.196136 98.844017 18.308311
v -138.858734 98.567093 16.199947
v -138.285248 98.465714 15.160166
v -138.029114 98.487946 14.168385
v -136.670319 98.121475 12.691345
v -135.251328 97.745430 11.096766
v -133.847977 97.384735 9.432267
v -132.536102 97.064293 7.745476
v -132.269882 97.014732 7.282320
v -132.088409 97.008339 6.752586
v -132.062164 97.065956 6.218604
v -132.261551 97.208397 5.742701
v -132.573074 97.368927 5.483552
v -133.029770 97.579468 5.297394
v -133.616211 97.834137 5.180925
v -134.316986 98.127060 5.130847
v -136.942825 99.202034 5.119710
v -140.411026 100.605133 5.235723
v -143.266663 101.762154 5.317639
v -140.343597 100.394287 6.667632
v -140.750214 100.524635 6.948040
v -141.411179 100.863274 6.413609
v -142.458405 101.349167 5.962487
v -145.262375 102.621277 4.980232
v -140.157990 100.542168 4.919398
v -134.248230 98.129196 4.894511
v -130.032898 96.400948 4.932370
v -139.820877 98.684517 18.355778
v -143.514664 101.279922 9.877259
v -142.752853 101.019440 9.479018
v -141.864059 100.720573 8.975041
v -141.059235 100.467911 8.378238
v -140.549286 100.346046 7.701511
v -139.828033 100.057899 7.648888
v -138.070724 99.270378 8.188444
v -138.113495 99.234573 8.604756
v -138.356857 99.275070 9.065726
v -138.721970 99.367493 9.509883
v -139.129883 99.487434 9.875742
v -140.176239 99.939377 9.687117
v -141.399323 100.438599 9.693516
v -142.583878 100.910370 9.791402
v -141.986084 100.007050 14.939274
v -141.114105 99.743271 14.214861
v -140.299652 99.512856 13.413536
v -139.555435 99.328644 12.475571
v -138.894257 99.203522 11.341236
v -138.634293 99.088753 11.407522
v -138.445206 98.993202 11.550027
v -138.328903 98.918282 11.763933
v -138.309799 98.874886 12.041903
v -139.542816 99.171089 13.666210
v -140.330078 99.449738 14.003847
v -141.143982 99.726387 14.442198
v -139.016296 99.718170 7.710276
v -139.785660 99.975090 8.160530
v -139.354584 99.100433 13.616909
v -139.948761 100.289116 6.228151
v -141.114761 100.855019 5.531254
v -139.311432 99.814430 7.900969
v -138.816559 99.604622 7.959450
v -138.358505 99.424881 7.900573
v -138.421356 98.863075 12.490541
v -145.712875 97.402763 5.676351
v -144.702698 96.352692 5.852727
v -143.999100 95.633560 6.046196
v -142.240128 95.879295 18.308311
v -141.505692 94.727798 16.199947
v -141.206985 94.227852 15.160166
v -141.136688 93.980568 14.168386
v -140.310944 92.840935 12.691345
v -139.454834 91.648430 11.096766
v -138.618652 90.465096 9.432267
v -137.852615 89.352943 7.745476
v -137.711609 89.121750 7.282320
v -137.641113 88.954407 6.752586
v -137.685623 88.909386 6.218604
v -137.889664 89.045090 5.742701
v -138.150482 89.279160 5.483552
v -138.509674 89.631119 5.297394
v -138.956253 90.088654 5.180925
v -139.479233 90.639450 5.130847
v -141.417770 92.711342 5.119710
v -143.962540 95.453827 5.235723
v -146.059479 97.711319 5.317639
v -143.741501 95.465797 6.667632
v -144.007935 95.799469 6.948040
v -144.559494 96.296806 6.413609
v -145.386032 97.102768 5.962488
v -147.572159 99.271042 4.980232
v -143.813690 95.239723 4.919398
v -139.456787 90.574432 4.894511
v -136.342422 87.249290 4.932370
v -141.957596 95.585289 18.355778
v -145.696960 98.114594 9.877259
v -145.182571 97.495224 9.479018
v -144.587173 96.770828 8.975040
v -144.064804 96.108459 8.378238
v -143.769547 95.675186 7.701511
v -143.243744 95.103561 7.648888
v -141.882751 93.741196 8.188444
v -141.864502 93.793900 8.604756
v -141.988907 94.006966 9.065726
v -142.205124 94.315331 9.509883
v -142.462296 94.653923 9.875742
v -143.256805 95.471161 9.687117
v -144.158356 96.436737 9.693516
v -145.020554 97.376083 9.791402
v -143.963684 97.138618 14.939274
v -143.407059 96.417458 14.214862
v -142.902054 95.738182 13.413536
v -142.465225 95.108124 12.475571
v -142.113144 94.534676 11.341236
v -141.913422 94.332520 11.407522
v -141.756882 94.189766 11.550026
v -141.645493 94.107719 11.763933
v -141.598145 94.105293 12.041903
v -142.313477 95.152359 13.666210
v -142.853882 95.789070 14.003847
v -143.401901 96.451385 14.442198
v -142.637558 94.465714 7.710277
v -143.151276 95.093407 8.160530
v -142.180496 95.001556 13.616909
v -143.502777 95.134171 6.228151
v -144.446350 96.022690 5.531254
v -142.832474 94.707321 7.900970
v -142.460388 94.319412 7.959450
v -142.129501 93.955215 7.900573
v -141.626770 94.213768 12.490541
v -156.393814 79.123451 5.676350
v -154.983063 78.758934 5.852726
v -154.011124 78.499023 6.046196
v -153.361649 76.845985 18.308311
v -151.997894 76.771477 16.199947
v -151.415695 76.756699 15.160166
v -151.165756 76.816856 14.168385
v -149.767517 76.656982 12.691345
v -148.308334 76.496620 11.096766
v -146.866898 76.349098 9.432267
v -145.521912 76.227753 7.745476
v -145.251266 76.218422 7.282320
v -145.070877 76.239151 6.752586
v -145.053513 76.300034 6.218604
v -145.271912 76.411163 5.742701
v -145.603867 76.523476 5.483552
v -146.086838 76.663605 5.297394
v -146.704681 76.828026 5.180925
v -147.441284 77.013237 5.130847
v -150.198013 77.684868 5.119710
v -153.836594 78.555412 5.235723
v -156.832779 79.273918 5.317639
v -153.738495 78.356964 6.667632
v -154.160004 78.425262 6.948040
v -154.864059 78.661606 6.413609
v -155.972000 78.986000 5.962487
v -158.934250 79.826012 4.980232
v -153.576996 78.530861 4.919398
v -147.373627 77.025597 4.894511
v -142.947815 75.944885 4.932370
v -152.966797 76.744194 18.355778
v -157.006134 78.760117 9.877259
v -156.214005 78.616074 9.479018
v -155.290619 78.453003 8.975041
v -154.457108 78.323112 8.378238
v -153.934692 78.278610 7.701511
v -153.178558 78.101173 7.648888
v -151.323502 77.584343 8.188444
v -151.360458 77.542572 8.604756
v -151.607147 77.546349 9.065726
v -151.981949 77.583321 9.509883
v -152.403183 77.641129 9.875742
v -153.505219 77.932076 9.687117
v -154.789032 78.243446 9.693516
v -156.030670 78.533409 9.791402
v -155.304932 77.729263 14.939274
v -154.403381 77.598389 14.214861
v -153.563675 77.491928 13.413536
v -152.800308 77.420692 12.475571
v -152.127884 77.395500 11.341236
v -151.853714 77.320763 11.407522
v -151.652496 77.254456 11.550027
v -151.526321 77.197701 11.763933
v -151.500961 77.157646 12.041903
v -152.764359 77.266769 13.666210
v -153.584351 77.424980 14.003847
v -154.430405 77.577240 14.442198
v -152.325256 77.886215 7.710276
v -153.124313 78.025604 8.160530
v -152.567688 77.224968 13.616909
v -153.332397 78.311813 6.228151
v -154.569702 78.697624 5.531254
v -152.631439 77.937416 7.900969
v -152.110825 77.803696 7.959450
v -151.631088 77.694237 7.900573
v -151.609528 77.129333 12.490541
v -158.601959 74.598648 5.676351
v -157.446579 73.710854 5.852727
v -156.643661 73.104614 6.046196
v -154.940948 73.609756 18.308311
v -154.043106 72.580574 16.199947
v -153.673233 72.130722 15.160166
v -153.566849 71.896683 14.168386
v -152.580490 70.892838 12.691345
v -151.556229 69.841240 11.096766
v -150.553024 68.795746 9.432267
v -149.629791 67.810181 7.745476
v -149.455902 67.602577 7.282320
v -149.361252 67.447617 6.752586
v -149.398560 67.396461 6.218604
v -149.620544 67.500244 5.742701
v -149.913330 67.692825 5.483552
v -150.320969 67.987320 5.297394
v -150.830750 68.373192 5.180925
v -151.429977 68.839890 5.130847
v -153.655640 70.599731 5.119710
v -156.580719 72.932335 5.235723
v -158.990677 74.852097 5.317639
v -156.363922 72.977112 6.667632
v -156.677109 73.267357 6.948040
v -157.296631 73.676933 6.413609
v -158.234070 74.350708 5.962488
v -160.718933 76.168953 4.980232
v -156.401627 72.742805 4.919398
v -151.398087 68.778946 4.894511
v -147.822952 65.955086 4.932370
v -154.617767 73.361130 18.355778
v -158.692322 75.304901 9.877259
v -158.091370 74.769104 9.479018
v -157.394653 74.141533 8.975040
v -156.779404 73.564415 8.378238
v -156.422882 73.179985 7.701511
v -155.817749 72.693108 7.648888
v -154.268921 71.548790 8.188444
v -154.258728 71.603630 8.604756
v -154.413498 71.795769 9.065726
v -154.673248 72.068466 9.509883
v -154.978012 72.364952 9.875742
v -155.885452 73.054657 9.687117
v -156.920837 73.875084 9.693516
v -157.913391 74.675446 9.791402
v -156.832947 74.598137 14.939274
v -156.175049 73.967987 14.214862
v -155.574463 73.371559 13.413536
v -155.048599 72.813644 12.475571
v -154.614990 72.299072 11.341236
v -154.387375 72.128937 11.407522
v -154.211304 72.011116 11.550026
v -154.088928 71.946579 11.763933
v -154.041748 71.951241 12.041903
v -154.905136 72.880005 13.666210
v -155.534409 73.429062 14.003847
v -156.175018 74.002304 14.442198
v -155.123260 72.152725 7.710277
v -155.724808 72.696846 8.160530
v -154.751190 72.750694 13.616909
v -156.078461 72.684769 6.228151
v -157.143906 73.422737 5.531254
v -155.352020 72.362587 7.900970
v -154.926285 72.034462 7.959450
v -154.544815 71.723648 7.900573
v -154.086227 72.054230 12.490541
v -166.439331 54.931717 5.676350
v -164.990021 54.781521 5.852726
v -163.990204 54.669369 6.046196
v -163.101608 53.131584 18.308311
v -161.741989 53.261154 16.199947
v -161.164093 53.333309 15.160166
v -160.925903 53.430046 14.168385
v -159.519455 53.480343 12.691345
v -158.052673 53.539238 11.096766
v -156.605347 53.608192 9.432267
v -155.257294 53.688644 7.745476
v -154.988297 53.719753 7.282320
v -154.813004 53.767136 6.752586
v -154.804901 53.829929 6.218604
v -155.037415 53.907269 5.742701
v -155.382416 53.968853 5.483552
v -155.880875 54.035439 5.297394
v -156.516327 54.105946 5.180925
v -157.272308 54.179302 5.130847
v -160.098343 54.432587 5.119710
v -163.826019 54.751133 5.235723
v -166.895828 55.015083 5.317639
v -163.699448 54.569527 6.667632
v -164.126419 54.574242 6.948040
v -164.857834 54.703018 6.413609
v -166.001755 54.858665 5.962487
v -169.056107 55.247822 4.980232
v -163.565659 54.765549 4.919398
v -157.207245 54.201614 4.894511
v -152.669785 53.792564 4.932370
v -162.695999 53.089775 18.355778
v -166.990677 54.481182 9.877259
v -166.185928 54.456802 9.479018
v -165.248550 54.433174 8.975041
v -164.404999 54.428955 8.378238
v -163.881775 54.462803 7.701511
v -163.107635 54.400043 7.648888
v -161.196274 54.165455 8.188444
v -161.226593 54.118637 8.604756
v -161.471100 54.085606 9.065726
v -161.847214 54.066307 9.509883
v -162.272354 54.060692 9.875742
v -163.405457 54.184151 9.687117
v -164.721329 54.300709 9.693516
v -165.992325 54.402382 9.791402
v -165.154831 53.715385 14.939274
v -164.243851 53.720333 14.214861
v -163.397659 53.740204 13.413536
v -162.632202 53.783531 12.475571
v -161.963531 53.858841 11.341236
v -161.681290 53.825790 11.407522
v -161.472427 53.790218 11.550027
v -161.339218 53.752899 11.763933
v -161.308167 53.717068 12.041903
v -162.573700 53.636688 13.666210
v -163.408127 53.670921 14.003847
v -164.267426 53.695393 14.442198
v -162.231827 54.314659 7.710276
v -163.042740 54.333397 8.160530
v -162.373016 53.624664 13.616909
v -163.291153 54.585400 6.228151
v -164.572144 54.782501 5.531254
v -162.542236 54.319649 7.900969
v -162.007507 54.265018 7.959450
v -161.516815 54.228271 7.900573
v -161.411301 53.672897 12.490541
v -167.948471 50.128353 5.676351
v -166.673676 49.422668 5.852727
v -165.789383 48.942863 6.046196
v -164.180984 49.696121 18.308311
v -163.139771 48.812248 16.199947
v -162.706985 48.422546 15.160166
v -162.566925 48.206970 14.168386
v -161.441956 47.361340 12.691345
v -160.272415 46.474140 11.096766
v -159.124588 45.589832 9.432267
v -158.064789 44.752865 7.745476
v -157.861908 44.573498 7.282320
v -157.745209 44.434376 6.752586
v -157.774475 44.378231 6.218604
v -158.009445 44.447773 5.742701
v -158.327682 44.594563 5.483552
v -158.774658 44.825020 5.297394
v -159.336243 45.130608 5.180925
v -159.998337 45.502789 5.130847
v -162.461426 46.911274 5.119710
v -165.701462 48.781887 5.235723
v -168.370621 50.321045 5.317639
v -165.493774 48.858475 6.667632
v -165.846725 49.098801 6.948040
v -166.520355 49.411472 6.413609
v -167.547745 49.938015 5.962488
v -170.275833 51.365623 4.980232
v -165.496140 48.621162 4.919398
v -159.957718 45.447273 4.894511
v -156.001648 43.187775 4.932370
v -163.824341 49.498444 18.355778
v -168.143082 50.813255 9.877259
v -167.468994 50.373001 9.479018
v -166.686523 49.856277 8.975040
v -165.992142 49.377296 8.378238
v -165.582306 49.050297 7.701511
v -164.911377 48.659039 7.648888
v -163.209290 47.758331 8.188444
v -163.207382 47.814075 8.604756
v -163.389069 47.981007 9.065726
v -163.686569 48.211948 9.509883
v -164.032104 48.459702 9.875742
v -165.032196 49.006458 9.687117
v -166.178284 49.663418 9.693516
v -167.279053 50.306915 9.791402
v -166.199142 50.391495 14.939274
v -165.454681 49.866432 14.214862
v -164.771912 49.366177 13.413536
v -164.168777 48.892860 12.475571
v -163.663330 48.448658 11.341236
v -163.412888 48.314346 11.407522
v -163.221222 48.224079 11.550026
v -163.090607 48.178505 11.763933
v -163.044647 48.190144 12.041903
v -164.036804 48.979858 13.666210
v -164.740875 49.429001 14.003847
v -165.459763 49.900372 14.442198
v -164.144104 48.228191 7.710277
v -164.820023 48.676590 8.160530
v -163.865295 48.874947 13.616909
v -165.167923 48.611946 6.228151
v -166.331467 49.182877 5.531254
v -164.401581 48.401619 7.900970
v -163.931686 48.140614 7.959450
v -163.508163 47.890121 7.900573
v -163.103973 48.285355 12.490541
v -172.767288 29.512871 5.676350
v -171.311768 29.580353 5.852726
v -170.306396 29.618460 6.046196
v -169.198547 28.230282 18.308311
v -167.873428 28.561035 16.199947
v -167.312744 28.718513 15.160166
v -167.091629 28.849667 14.168385
v -165.708374 29.109013 12.691345
v -164.266739 29.385857 11.096766
v -162.845856 29.669741 9.432267
v -161.524857 29.950203 7.745476
v -161.263489 30.021055 7.282320
v -161.097229 30.094032 6.752586
v -161.098572 30.157333 6.218604
v -161.340027 30.199154 5.742701
v -161.690338 30.208633 5.483552
v -162.193161 30.200186 5.297394
v -162.832016 30.175203 5.180925
v -163.590485 30.135073 5.130847
v -166.422714 29.964348 5.119710
v -170.156235 29.723782 5.235723
v -173.231110 29.527273 5.317639
v -170.004013 29.563065 6.667632
v -170.426926 29.504093 6.948040
v -171.169357 29.522427 6.413609
v -172.323700 29.505854 5.962487
v -175.401932 29.435453 4.980232
v -169.900940 29.776838 4.919398
v -163.529480 30.166832 4.894511
v -158.981735 30.438595 4.932370
v -168.791245 28.249392 18.355778
v -173.245316 28.985199 9.877259
v -172.445923 29.081028 9.479018
v -171.515488 29.197369 8.975041
v -170.680725 29.318914 8.378238
v -170.168396 29.430363 7.701511
v -169.393555 29.483677 7.648888
v -167.468567 29.536568 8.188444
v -167.491577 29.485756 8.604756
v -167.728424 29.416653 9.065726
v -168.097473 29.341515 9.509883
v -168.517029 29.272602 9.875742
v -169.655869 29.225811 9.687117
v -170.974411 29.144955 9.693516
v -172.246368 29.056072 9.791402
v -171.315842 28.501560 14.939274
v -170.415771 28.642221 14.214861
v -169.581985 28.787985 13.413536
v -168.831543 28.944906 12.475571
v -168.181564 29.119030 11.341236
v -167.897537 29.128414 11.407522
v -167.685715 29.124367 11.550027
v -167.548431 29.107319 11.763933
v -167.512390 29.076513 12.041903
v -168.751816 28.808424 13.666210
v -169.582031 28.717915 14.003847
v -170.435364 28.614048 14.442198
v -168.514801 29.529770 7.710276
v -169.319443 29.427448 8.160530
v -168.551575 28.826439 13.616909
v -169.602646 29.639612 6.228151
v -170.898712 29.643602 5.531254
v -168.822479 29.488447 7.900969
v -168.285583 29.514118 7.959450
v -167.794891 29.550915 7.900573
v -167.607788 29.017467 12.490541
v -173.543701 24.538239 5.676351
v -172.177963 24.030426 5.852727
v -171.232040 23.687767 6.046196
v -169.753860 24.672325 18.308311
v -168.592545 23.953499 16.199947
v -168.106506 23.632652 15.160166
v -167.935883 23.440357 14.168386
v -166.697449 22.771828 12.691345
v -165.408752 22.068840 11.096766
v -164.141953 21.365475 9.432267
v -162.969254 20.695803 7.745476
v -162.741898 20.548674 7.282320
v -162.605774 20.428499 6.752586
v -162.626343 20.368620 6.218604
v -162.869064 20.402365 5.742701
v -163.205612 20.500090 5.483552
v -163.681946 20.661360 5.297394
v -164.282806 20.879833 5.180925
v -164.992966 21.149185 5.130847
v -167.638458 22.174854 5.119710
v -171.121109 23.541695 5.235723
v -173.989853 24.665861 5.317639
v -170.927155 23.648380 6.667632
v -171.311966 23.833420 6.948040
v -172.024689 24.042202 6.413609
v -173.119064 24.409748 5.962488
v -176.029449 25.414833 4.980232
v -170.894119 23.413364 4.919398
v -164.944534 21.100342 4.894511
v -160.695908 19.455673 4.932370
v -169.371735 24.530006 18.355778
v -173.838196 25.186487 9.877259
v -173.106018 24.851616 9.479018
v -172.255295 24.457275 8.975040
v -171.497269 24.087133 8.378238
v -171.043274 23.824863 7.701511
v -170.321533 23.537968 7.648888
v -168.504211 22.900990 8.188444
v -168.510651 22.956398 8.604756
v -168.715164 23.094387 9.065726
v -169.043762 23.278412 9.509883
v -169.422379 23.471897 9.875742
v -170.492783 23.863503 9.687117
v -171.723984 24.342316 9.693516
v -172.908356 24.814573 9.791402
v -171.853119 25.059155 14.939274
v -171.038712 24.650904 14.214862
v -170.289001 24.257994 13.413536
v -169.622070 23.879852 12.475571
v -169.056061 23.515942 11.341236
v -168.788406 23.420452 11.407522
v -168.585434 23.359760 11.550026
v -168.449478 23.334162 11.763933
v -168.405762 23.352518 12.041903
v -169.504547 23.985548 13.666210
v -170.267685 24.324741 14.003847
v -171.048798 24.683708 14.442198
v -169.498627 23.226284 7.710277
v -170.233810 23.568939 8.160530
v -169.319305 23.907366 13.616909
v -170.568192 23.453163 6.228151
v -171.803833 23.844315 5.531254
v -169.779068 23.359400 7.900970
v -169.275528 23.171341 7.959450
v -168.819397 22.986767 7.900573
v -168.478622 23.437824 12.490541
v -168.449036 -48.419781 5.676350
v -167.167145 -47.727081 5.852726
v -166.278015 -47.256279 6.046196
v -164.677338 -48.025841 18.308311
v -163.627213 -47.152588 16.199947
v -163.190491 -46.767303 15.160166
v -163.048233 -46.553162 14.168385
v -161.914749 -45.719002 12.691345
v -160.736252 -44.843727 11.096766
v -159.579514 -43.971123 9.432267
v -158.511261 -43.144962 7.745476
v -158.306564 -42.967663 7.282320
v -158.188461 -42.829735 6.752586
v -158.217163 -42.773296 6.218604
v -158.452820 -42.840446 5.742701
v -158.772522 -42.984001 5.483552
v -159.221817 -43.209904 5.297394
v -159.786484 -43.509769 5.180925
v -160.452316 -43.875206 5.130847
v -162.929596 -45.258602 5.119710
v -166.188461 -47.096207 5.235723
v -168.873123 -48.608173 5.317639
v -165.981567 -47.174904 6.667632
v -166.336929 -47.411629 6.948040
v -167.013718 -47.717442 6.413609
v -168.046387 -48.233521 5.962487
v -170.788834 -49.633347 4.980232
v -165.981522 -46.937576 4.919398
v -160.411148 -43.820107 4.894511
v -156.432327 -41.600910 4.932370
v -164.318710 -47.831795 18.355778
v -168.650589 -49.102669 9.877259
v -167.972061 -48.669289 9.479018
v -167.184387 -48.160538 8.975041
v -166.485168 -47.688637 8.378238
v -166.072037 -47.365814 7.701511
v -165.397171 -46.981388 7.648888
v -163.686020 -46.098019 8.188444
v -163.684692 -46.153778 8.604756
v -163.868042 -46.318859 9.065726
v -164.167877 -46.546764 9.509883
v -164.515915 -46.790993 9.875742
v -165.521515 -47.327564 9.687117
v -166.674225 -47.972851 9.693516
v -167.781464 -48.605133 9.791402
v -166.702469 -48.700680 14.939274
v -165.952713 -48.183201 14.214861
v -165.264893 -47.689907 13.413536
v -164.656982 -47.222744 12.475571
v -164.147049 -46.783699 11.341236
v -163.895264 -46.651939 11.407522
v -163.702682 -46.563622 11.550027
v -163.571609 -46.519379 11.763933
v -163.525772 -46.531479 12.041903
v -164.525909 -47.311081 13.666210
v -165.234497 -47.753044 14.003847
v -165.958130 -48.217091 14.442198
v -164.625565 -46.558361 7.710276
v -165.306000 -46.999870 8.160530
v -164.353333 -47.207909 13.616909
v -165.653229 -46.931694 6.228151
v -166.822510 -47.490776 5.531254
v -164.884796 -46.729160 7.900969
v -164.412277 -46.472942 7.959450
v -163.986221 -46.226768 7.900573
v -163.586060 -46.626087 12.490541
v -166.988754 -53.238220 5.676351
v -165.537979 -53.102753 5.852727
v -164.537079 -53.000763 6.046196
v -163.632904 -51.472084 18.308311
v -162.274673 -51.615456 16.199947
v -161.697540 -51.693478 15.160166
v -161.460358 -51.792629 14.168386
v -160.054489 -51.857208 12.691345
v -158.588364 -51.931004 11.096766
v -157.141815 -52.014652 9.432267
v -155.794662 -52.108795 7.745476
v -155.525986 -52.142635 7.282320
v -155.351181 -52.191795 6.752586
v -155.343719 -52.254669 6.218604
v -155.577011 -52.329639 5.742701
v -155.922623 -52.387718 5.483552
v -156.421722 -52.449234 5.297394
v -157.057861 -52.513283 5.180925
v -157.814545 -52.578960 5.130847
v -160.643005 -52.803524 5.119710
v -164.373734 -53.084190 5.235723
v -167.446075 -53.316948 5.317639
v -164.245331 -52.903877 6.667632
v -164.672318 -52.904255 6.948040
v -165.405014 -53.025597 6.413609
v -166.550446 -53.169617 5.962488
v -169.608597 -53.527725 4.980232
v -164.113541 -53.101250 4.919398
v -157.749710 -52.601929 4.894511
v -153.208328 -52.238995 4.932370
v -163.226898 -51.434399 18.355778
v -167.535477 -52.782108 9.877259
v -166.730530 -52.765903 9.479018
v -165.792953 -52.751801 8.975040
v -164.949402 -52.756149 8.378238
v -164.426559 -52.795311 7.701511
v -163.651825 -52.740414 7.648888
v -161.738174 -52.525253 8.188444
v -161.768005 -52.478130 8.604756
v -162.012161 -52.442616 9.065726
v -162.388077 -52.419498 9.509883
v -162.813141 -52.409569 9.875742
v -163.947418 -52.521511 9.687117
v -165.264420 -52.624695 9.693516
v -166.536377 -52.713455 9.791402
v -165.691956 -52.034996 14.939274
v -164.781067 -52.049198 14.214862
v -163.935120 -52.077667 13.413536
v -163.170151 -52.128765 12.475571
v -162.502274 -52.210861 11.341236
v -162.219711 -52.180679 11.407522
v -162.010498 -52.147232 11.550026
v -161.876907 -52.111267 11.763933
v -161.845505 -52.075752 12.041903
v -163.110168 -51.982525 13.666210
v -163.944885 -52.008282 14.003847
v -164.804382 -52.024021 14.442198
v -162.775192 -52.663933 7.710277
v -163.586243 -52.674431 8.160530
v -162.909363 -51.972534 13.616909
v -163.837204 -52.923897 6.228151
v -165.120132 -53.107979 5.531254
v -163.085632 -52.665771 7.900970
v -162.550369 -52.616573 7.959450
v -162.059326 -52.584812 7.900573
v -161.948181 -52.030537 12.490541
vn -0.6083 0.7849 0.1177
vn -0.6084 0.7849 0.1177
vn -0.6083 0.7849 0.1176
vn -0.6084 0.7849 0.1176
vn 0.2248 -0.9673 0.1176
vn 0.2248 -0.9673 0.1177
vn -0.7185 0.6855 0.1176
vn -0.7185 0.6855 0.1177
vn -0.7186 0.6854 0.1177
vn -0.7186 0.6855 0.1172
vn -0.7186 0.6854 0.1176
vn -0.7186 0.6855 0.1177
vn 0.3665 -0.9230 0.1176
vn 0.3665 -0.9230 0.1177
vn 0.3664 -0.9230 0.1177
vn 0.3664 -0.9230 0.1176
vn 0.3665 -0.9230 0.1175
vn -0.8126 0.5708 0.1176
vn -0.8127 0.5707 0.1177
vn -0.8127 0.5707 0.1176
vn 0.4999 -0.8581 0.1177
vn 0.4999 -0.8580 0.1177
vn 0.5000 -0.8580 0.1176
vn 0.4999 -0.8580 0.1176
vn 0.4999 -0.8581 0.1176
vn 0.4999 -0.8580 0.1178
vn -0.8886 0.4433 0.1176
vn -0.8886 0.4433 0.1177
vn -0.8886 0.4432 0.1177
vn -0.8887 0.4432 0.1176
vn -0.8887 0.4432 0.1177
vn -0.8886 0.4433 0.1173
vn 0.6222 -0.7740 0.1178
vn 0.6222 -0.7740 0.1177
vn 0.6222 -0.7740 0.1175
vn 0.6222 -0.7740 0.1176
vn 0.6222 -0.7739 0.1176
vn 0.6222 -0.7739 0.1179
vn 0.6222 -0.7739 0.1177
vn -0.9448 0.3058 0.1176
vn -0.9448 0.3059 0.1177
vn -0.9448 0.3058 0.1177
vn -0.9448 0.3059 0.1176
vn -0.9449 0.3055 0.1176
vn 0.7306 -0.6726 0.1176
vn 0.7306 -0.6726 0.1177
vn 0.7307 -0.6725 0.1178
vn 0.7306 -0.6725 0.1177
vn -0.9798 0.1617 0.1177
vn -0.9798 0.1616 0.1176
vn -0.9798 0.1616 0.1177
vn -0.9798 0.1615 0.1177
vn 0.8227 -0.5561 0.1177
vn 0.8227 -0.5562 0.1177
vn 0.8227 -0.5562 0.1176
vn 0.8227 -0.5562 0.1175
vn 0.8227 -0.5563 0.1175
vn -0.9930 0.0138 0.1177
vn -0.9930 0.0138 0.1176
vn 0.8964 -0.4273 0.1177
vn 0.8964 -0.4274 0.1177
vn 0.8964 -0.4274 0.1176
vn 0.8964 -0.4274 0.1175
vn 0.8964 -0.4274 0.1178
vn 0.8964 -0.4273 0.1176
vn -0.9839 -0.1344 0.1177
vn -0.9839 -0.1343 0.1177
vn -0.9839 -0.1343 0.1176
vn -0.9839 -0.1344 0.1176
vn 0.9501 -0.2890 0.1176
vn 0.9501 -0.2890 0.1177
vn 0.9501 -0.2890 0.1175
vn -0.9529 -0.2795 0.1176
vn -0.9529 -0.2795 0.1177
vn 0.9825 -0.1442 0.1176
vn 0.9825 -0.1442 0.1177
vn -0.9006 -0.4184 0.1177
vn -0.9006 -0.4184 0.1176
vn -0.9006 -0.4183 0.1177
vn 0.9930 0.0039 0.1176
vn 0.9930 0.0039 0.1177
vn 0.9930 0.0038 0.1177
vn 0.9931 0.0039 0.1176
vn -0.8282 -0.5479 0.1177
vn -0.8282 -0.5479 0.1176
vn -0.8282 -0.5480 0.1177
vn -0.8282 -0.5480 0.1176
vn 0.9814 0.1518 0.1177
vn 0.9814 0.1518 0.1176
vn -0.7373 -0.6653 0.1177
vn -0.7373 -0.6652 0.1177
vn -0.7373 -0.6653 0.1176
vn -0.7373 -0.6652 0.1176
vn -0.7374 -0.6651 0.1177
vn 0.9478 0.2963 0.1177
vn 0.9478 0.2964 0.1177
vn 0.9478 0.2963 0.1176
vn 0.9478 0.2964 0.1176
vn 0.9477 0.2966 0.1177
vn -0.6300 -0.7676 0.1178
vn -0.6299 -0.7677 0.1177
vn -0.6299 -0.7677 0.1176
vn -0.6299 -0.7677 0.1178
vn 0.8931 0.4343 0.1177
vn 0.8930 0.4343 0.1177
vn 0.8931 0.4342 0.1177
vn 0.8930 0.4343 0.1176
vn 0.8930 0.4344 0.1176
vn 0.8931 0.4341 0.1177
vn -0.5085 -0.8530 0.1177
vn -0.5085 -0.8530 0.1176
vn -0.5084 -0.8530 0.1176
vn -0.5084 -0.8530 0.1177
vn 0.8183 0.5626 0.1176
vn 0.8183 0.5626 0.1177
vn 0.8184 0.5625 0.1176
vn 0.8183 0.5625 0.1177
vn 0.8184 0.5625 0.1177
vn 0.8184 0.5626 0.1176
vn -0.3757 -0.9193 0.1177
vn -0.3756 -0.9193 0.1176
vn -0.3757 -0.9192 0.1177
vn -0.3757 -0.9193 0.1176
vn 0.7254 0.6782 0.1176
vn 0.7254 0.6782 0.1177
vn 0.7253 0.6783 0.1178
vn 0.7253 0.6783 0.1176
vn 0.7253 0.6783 0.1177
vn 0.7253 0.6782 0.1177
vn 0.7254 0.6783 0.1176
vn 0.7254 0.6782 0.1178
vn 0.7254 0.6783 0.1177
vn -0.2344 -0.9650 0.1177
vn -0.2344 -0.9650 0.1176
vn -0.2345 -0.9650 0.1177
vn -0.2345 -0.9650 0.1176
vn -0.2345 -0.9650 0.1178
vn 0.6162 0.7788 0.1177
vn 0.6161 0.7788 0.1177
vn 0.6162 0.7788 0.1176
vn -0.0881 -0.9891 0.1177
vn -0.0880 -0.9891 0.1176
vn -0.0880 -0.9891 0.1177
vn -0.0880 -0.9892 0.1176
vn 0.4932 0.8619 0.1177
vn 0.4933 0.8619 0.1176
vn 0.4932 0.8619 0.1176
vn 0.4933 0.8619 0.1177
vn 0.0604 -0.9912 0.1177
vn 0.0604 -0.9912 0.1176
vn 0.3592 0.9258 0.1177
vn 0.3593 0.9258 0.1177
vn 0.3592 0.9258 0.1176
vn 0.3593 0.9258 0.1176
vn 0.2074 -0.9711 0.1177
vn 0.2074 -0.9712 0.1177
vn 0.2074 -0.9712 0.1176
vn 0.2173 0.9690 0.1176
vn 0.2173 0.9690 0.1177
vn 0.2172 0.9690 0.1176
vn 0.3498 -0.9294 0.1177
vn 0.3498 -0.9294 0.1176
vn 0.3499 -0.9294 0.1177
vn 0.0704 0.9906 0.1177
vn 0.0704 0.9906 0.1176
vn 0.0705 0.9905 0.1177
vn 0.4844 -0.8669 0.1177
vn 0.4844 -0.8669 0.1176
vn 0.4845 -0.8669 0.1177
vn -0.0780 0.9900 0.1177
vn -0.0780 0.9900 0.1176
vn -0.0779 0.9900 0.1176
vn 0.6082 -0.7850 0.1176
vn 0.6083 -0.7850 0.1177
vn 0.6082 -0.7850 0.1177
vn 0.6083 -0.7849 0.1177
vn -0.2246 0.9673 0.1177
vn -0.2247 0.9673 0.1177
vn -0.2247 0.9673 0.1176
vn -0.2246 0.9673 0.1176
vn -0.2246 0.9673 0.1178
vn 0.7184 -0.6856 0.1176
vn 0.7185 -0.6855 0.1177
vn 0.7184 -0.6856 0.1177
vn -0.3663 0.9230 0.1177
vn -0.3663 0.9230 0.1176
vn 0.8126 -0.5708 0.1177
vn 0.8126 -0.5708 0.1176
vn 0.8126 -0.5709 0.1177
vn 0.8126 -0.5709 0.1176
vn 0.8125 -0.5709 0.1176
vn -0.4998 0.8581 0.1177
vn -0.4998 0.8581 0.1176
vn -0.4998 0.8581 0.1175
vn 0.8886 -0.4434 0.1177
vn 0.8886 -0.4434 0.1176
vn 0.8886 -0.4433 0.1177
vn -0.6221 0.7741 0.1177
vn -0.6221 0.7741 0.1176
vn -0.6221 0.7740 0.1177
vn -0.6221 0.7741 0.1175
vn 0.9447 -0.3061 0.1176
vn 0.9448 -0.3059 0.1176
vn 0.9447 -0.3060 0.1177
vn 0.9447 -0.3060 0.1176
vn 0.9447 -0.3061 0.1177
vn -0.7305 0.6727 0.1177
vn -0.7305 0.6727 0.1176
vn -0.7305 0.6727 0.1178
vn -0.7304 0.6727 0.1181
vn 0.9798 -0.1618 0.1177
vn 0.9798 -0.1618 0.1176
vn 0.9798 -0.1617 0.1177
vn -0.8226 0.5563 0.1176
vn -0.8226 0.5563 0.1177
vn -0.8226 0.5563 0.1175
vn -0.8225 0.5564 0.1176
vn 0.9930 -0.0140 0.1177
vn 0.9930 -0.0140 0.1176
vn 0.9930 -0.0139 0.1177
vn 0.9930 -0.0139 0.1176
vn -0.8963 0.4275 0.1178
vn -0.8963 0.4275 0.1177
vn -0.8963 0.4276 0.1176
vn -0.8963 0.4275 0.1176
vn 0.9839 0.1342 0.1177
vn 0.9839 0.1342 0.1176
vn 0.9840 0.1342 0.1176
vn -0.9500 0.2891 0.1177
vn -0.9500 0.2892 0.1177
vn -0.9500 0.2891 0.1176
vn -0.9500 0.2892 0.1176
vn 0.9530 0.2793 0.1177
vn 0.9530 0.2793 0.1176
vn -0.9825 0.1443 0.1177
vn -0.9825 0.1443 0.1176
vn 0.9007 0.4182 0.1177
vn 0.9007 0.4182 0.1176
vn 0.9007 0.4183 0.1176
vn 0.9007 0.4183 0.1177
vn -0.9930 -0.0037 0.1177
vn -0.9930 -0.0037 0.1176
vn -0.9931 -0.0037 0.1176
vn -0.9930 -0.0036 0.1177
vn 0.8283 0.5478 0.1177
vn 0.8283 0.5478 0.1176
vn 0.8283 0.5478 0.1178
vn -0.9814 -0.1517 0.1177
vn -0.9814 -0.1516 0.1177
vn -0.9814 -0.1517 0.1176
vn -0.9814 -0.1518 0.1176
vn 0.7374 0.6651 0.1177
vn 0.7374 0.6651 0.1176
vn 0.7374 0.6651 0.1175
vn 0.7374 0.6652 0.1176
vn -0.9478 -0.2963 0.1177
vn -0.9478 -0.2962 0.1177
vn -0.9478 -0.2962 0.1176
vn -0.9478 -0.2963 0.1176
vn -0.9479 -0.2962 0.1177
vn 0.6300 0.7676 0.1178
vn 0.6300 0.7676 0.1177
vn 0.6300 0.7676 0.1176
vn 0.6301 0.7676 0.1176
vn 0.6299 0.7677 0.1174
vn -0.8931 -0.4342 0.1176
vn -0.8931 -0.4342 0.1177
vn -0.8931 -0.4341 0.1177
vn -0.8932 -0.4341 0.1176
vn 0.5086 0.8529 0.1177
vn 0.5086 0.8529 0.1176
vn 0.5087 0.8529 0.1176
vn -0.8184 -0.5625 0.1177
vn -0.8184 -0.5624 0.1177
vn -0.8185 -0.5624 0.1177
vn -0.8184 -0.5624 0.1176
vn -0.8184 -0.5625 0.1176
vn 0.3758 0.9192 0.1176
vn 0.3757 0.9192 0.1177
vn 0.3758 0.9192 0.1177
vn 0.3759 0.9192 0.1177
vn -0.7255 -0.6781 0.1176
vn -0.7255 -0.6781 0.1177
vn -0.7254 -0.6781 0.1177
vn -0.7254 -0.6782 0.1176
vn -0.7254 -0.6782 0.1177
vn -0.7254 -0.6781 0.1176
vn -0.7255 -0.6781 0.1175
vn 0.2346 0.9649 0.1176
vn 0.2347 0.9649 0.1177
vn 0.2346 0.9649 0.1177
vn -0.6163 -0.7786 0.1176
vn -0.6163 -0.7787 0.1177
vn -0.6163 -0.7787 0.1176
vn -0.6163 -0.7787 0.1175
vn -0.6162 -0.7787 0.1176
vn -0.6164 -0.7786 0.1176
vn -0.6163 -0.7786 0.1177
vn 0.0882 0.9891 0.1176
vn 0.0882 0.9891 0.1177
vn -0.4934 -0.8618 0.1177
vn -0.4933 -0.8619 0.1176
vn -0.4934 -0.8618 0.1176
vn -0.4933 -0.8618 0.1176
vn -0.4933 -0.8618 0.1177
vn -0.0602 0.9912 0.1176
vn -0.0602 0.9912 0.1177
vn -0.0603 0.9912 0.1177
vn -0.3595 -0.9257 0.1176
vn -0.3594 -0.9257 0.1177
vn -0.3594 -0.9257 0.1176
vn -0.3594 -0.9258 0.1176
vn -0.3593 -0.9258 0.1176
vn -0.4847 0.8667 0.1177
vn -0.4846 0.8668 0.1177
vn -0.4846 0.8668 0.1176
vn -0.4845 0.8668 0.1177
vn -0.4847 0.8667 0.1176
vn 0.0781 -0.9900 0.1177
vn 0.0781 -0.9900 0.1176
vn -0.6085 0.7848 0.1177
vn -0.6082 0.7850 0.1176
vn -0.8126 0.5708 0.1177
vn 0.5000 -0.8580 0.1177
vn 0.4998 -0.8581 0.1176
vn -0.8886 0.4432 0.1176
vn -0.8887 0.4430 0.1178
vn 0.6221 -0.7740 0.1176
vn 0.7305 -0.6727 0.1177
vn -0.9006 -0.4185 0.1177
vn 0.9931 0.0038 0.1176
vn 0.9814 0.1519 0.1176
vn 0.9814 0.1517 0.1177
vn 0.9478 0.2965 0.1176
vn -0.6300 -0.7676 0.1176
vn 0.8930 0.4345 0.1176
vn -0.5084 -0.8531 0.1176
vn 0.8184 0.5624 0.1177
vn -0.3756 -0.9193 0.1177
vn 0.7253 0.6784 0.1176
vn 0.7255 0.6781 0.1177
vn 0.6162 0.7787 0.1177
vn 0.3594 0.9257 0.1177
vn 0.6083 -0.7850 0.1176
vn 0.6084 -0.7848 0.1177
vn -0.2245 0.9673 0.1176
vn 0.7184 -0.6856 0.1178
vn -0.3665 0.9230 0.1175
vn 0.8124 -0.5711 0.1176
vn -0.4997 0.8581 0.1177
vn 0.8885 -0.4435 0.1175
vn -0.6222 0.7740 0.1177
vn -0.6221 0.7740 0.1176
vn 0.9448 -0.3059 0.1175
vn -0.8963 0.4276 0.1177
vn 0.9529 0.2794 0.1176
vn -0.9825 0.1444 0.1177
vn 0.9007 0.4181 0.1177
vn 0.8282 0.5480 0.1176
vn -0.9814 -0.1516 0.1176
vn 0.7374 0.6651 0.1178
vn 0.7375 0.6651 0.1177
vn 0.6300 0.7676 0.1175
vn -0.8183 -0.5626 0.1177
vn -0.7255 -0.6780 0.1177
vn 0.2347 0.9649 0.1176
vn -0.6164 -0.7786 0.1177
vn -0.3595 -0.9257 0.1177
vt 0.134328 0.000000
vt 0.119403 0.000000
vt 0.507463 0.000000
vt 0.179104 0.000000
vt 0.164179 0.000000
vt 0.640375 0.000000
vt 0.635345 0.000000
vt 0.701493 0.000000
vt 0.074627 0.000000
vt 0.059701 0.000000
vt 0.044776 0.000000
vt 0.611940 0.000000
vt 0.597015 0.000000
vt 0.492537 0.000000
vt 0.208955 0.000000
vt 0.268657 0.000000
vt 0.253731 0.000000
vt 0.477612 0.000000
vt 0.791045 0.000000
vt 0.776119 0.000000
vt 1.000000 0.000000
vt 0.402985 0.000000
vt 0.388060 0.000000
vt 0.408432 0.000000
vt 0.462687 0.000000
vt 0.440272 0.000000
vt 0.283582 0.000000
vt 0.238806 0.000000
vt 0.223881 0.000000
vt 0.089552 0.000000
vt 0.432836 0.000000
vt 0.000000 0.000000
vt 0.522388 0.000000
vt 0.029851 0.000000
vt 0.731343 0.000000
vt 0.582090 0.000000
vt 0.427781 0.000000
vt 0.970149 0.000000
vt 0.805970 0.000000
vt 0.985075 0.000000
vt 0.761194 0.000000
vt 0.567164 0.000000
vt 0.552239 0.000000
vt 0.320777 0.000000
vt 0.104478 0.000000
vt 0.194030 0.000000
vt 0.149254 0.000000
vt 0.926434 0.000000
vt 0.910448 0.000000
vt 0.820895 0.000000
vt 0.537313 0.000000
vt 0.686567 0.000000
vt 0.626866 0.000000
vt 0.631501 0.000000
vt 0.417910 0.000000
vt 0.746269 0.000000
vt 0.835821 0.000000
vt 0.716418 0.000000
vt 0.671642 0.000000
vt 0.656716 0.000000
vt 0.643352 0.000000
vt 0.368380 0.000000
vt 0.880597 0.000000
vt 0.850746 0.000000
vt 0.895522 0.000000
vt 0.966273 0.000000
s 1
f 12/1/1 11/2/2 30/3/2
f 15/4/3 14/5/2 30/3/2
f 64/6/1 59/7/2 41/8/4
f 8/9/2 7/10/1 6/11/2
f 37/12/2 36/13/1 59/7/2
f 29/14/4 17/15/4 30/3/2
f 21/16/2 20/17/4 28/18/2
f 47/19/1 46/20/4 57/21/3
f 24/22/1 23/23/1 3/24/1
f 27/25/2 1/26/4 22/27/1
f 29/14/4 19/28/4 18/29/1
f 9/30/4 8/9/2 6/11/2
f 27/25/2 26/31/2 1/26/4
f 4/32/1 31/33/1 5/34/2
f 43/35/2 59/7/2 35/36/1
f 26/31/2 2/37/2 1/26/4
f 19/28/4 29/14/4 20/17/4
f 55/38/2 48/39/1 56/40/2
f 45/41/3 34/42/3 33/43/1
f 9/30/4 6/11/2 31/33/1
f 1/26/4 62/44/4 22/27/1
f 11/2/2 10/45/2 30/3/2
f 30/3/2 17/15/4 16/46/4
f 13/47/2 12/1/1 30/3/2
f 14/5/2 13/47/2 30/3/2
f 30/3/2 16/46/4 15/4/3
f 47/19/1 56/40/2 48/39/1
f 66/48/1 54/49/2 49/50/1
f 33/43/1 32/51/2 45/41/3
f 78/1/5 96/3/6 77/2/5
f 81/4/6 96/3/6 80/5/5
f 106/52/5 107/8/5 130/6/6
f 74/9/6 72/11/5 73/10/6
f 103/12/6 124/53/5 129/54/5
f 95/14/5 83/15/6 84/29/5
f 87/16/6 88/27/6 94/18/6
f 113/19/5 123/21/5 112/20/5
f 90/22/6 91/55/5 69/24/5
f 93/25/6 88/27/6 67/26/6
f 95/14/5 84/29/5 85/28/5
f 75/30/6 72/11/5 74/9/6
f 93/25/6 67/26/6 92/31/5
f 70/32/6 71/34/6 97/33/6
f 101/36/6 125/7/6 109/35/6
f 92/31/5 68/37/5 91/55/5
f 85/28/5 86/17/6 95/14/5
f 114/39/6 121/38/6 122/40/6
f 111/41/6 100/42/6 110/56/6
f 75/30/6 76/45/6 97/33/6
f 67/26/6 88/27/6 128/44/6
f 77/2/5 96/3/6 76/45/6
f 96/3/6 82/46/5 83/15/6
f 79/47/6 96/3/6 78/1/5
f 80/5/5 96/3/6 79/47/6
f 96/3/6 81/4/6 82/46/5
f 113/19/5 122/40/6 123/21/5
f 115/50/6 116/57/6 120/49/6
f 99/43/6 111/41/6 98/51/6
f 144/1/7 143/2/8 162/3/7
f 147/4/8 146/5/7 162/3/7
f 196/6/8 191/7/8 173/8/8
f 140/9/7 139/10/9 138/11/8
f 169/12/8 168/13/8 191/7/8
f 161/14/7 149/15/7 162/3/7
f 153/16/8 152/17/7 160/18/8
f 179/19/8 178/20/8 189/21/8
f 156/22/7 155/23/8 135/24/7
f 159/25/8 133/26/8 154/27/8
f 161/14/7 151/28/7 150/29/10
f 141/30/9 140/9/7 138/11/8
f 159/25/8 158/31/8 133/26/8
f 136/32/11 163/33/12 137/34/7
f 175/35/8 191/7/8 167/36/8
f 158/31/8 134/37/8 133/26/8
f 151/28/7 161/14/7 152/17/7
f 187/38/8 180/39/8 188/40/8
f 177/41/8 166/42/8 165/43/8
f 141/30/9 138/11/8 163/33/12
f 133/26/8 194/44/8 154/27/8
f 143/2/8 142/45/8 162/3/7
f 162/3/7 149/15/7 148/46/8
f 145/47/9 144/1/7 162/3/7
f 146/5/7 145/47/9 162/3/7
f 162/3/7 148/46/8 147/4/8
f 179/19/8 188/40/8 180/39/8
f 198/48/8 186/49/8 181/50/8
f 165/43/8 164/51/8 177/41/8
f 210/1/13 228/3/14 209/2/13
f 213/4/15 228/3/14 212/5/14
f 238/52/15 239/8/13 262/6/15
f 206/9/14 204/11/16 205/10/16
f 235/12/15 256/53/16 261/54/16
f 227/14/15 215/15/14 216/29/17
f 219/16/13 220/27/13 226/18/15
f 245/19/16 255/21/16 244/20/16
f 222/22/14 223/55/14 201/24/15
f 225/25/13 220/27/13 199/26/16
f 227/14/15 216/29/17 217/28/15
f 207/30/16 204/11/16 206/9/14
f 225/25/13 199/26/16 224/31/15
f 202/32/16 203/34/13 229/33/16
f 233/36/14 257/7/16 241/35/14
f 224/31/15 200/37/13 223/55/14
f 217/28/15 218/17/13 227/14/15
f 246/39/16 253/38/14 254/40/16
f 243/41/13 232/42/15 242/56/14
f 207/30/16 208/45/14 229/33/16
f 199/26/16 220/27/13 260/44/14
f 209/2/13 228/3/14 208/45/14
f 228/3/14 214/46/14 215/15/14
f 211/47/16 228/3/14 210/1/13
f 212/5/14 228/3/14 211/47/16
f 228/3/14 213/4/15 214/46/14
f 245/19/16 254/40/16 255/21/16
f 247/50/16 248/57/16 252/49/14
f 231/43/13 243/41/13 230/51/13
f 276/1/18 275/2/18 294/3/19
f 279/4/20 278/5/19 294/3/19
f 328/6/19 323/7/19 305/8/19
f 272/9/20 271/10/19 270/11/19
f 301/12/19 300/13/19 323/7/19
f 293/14/19 281/15/19 294/3/19
f 285/16/20 284/17/19 292/18/20
f 311/19/19 310/20/20 321/21/20
f 288/22/19 287/23/19 267/24/19
f 291/25/19 265/26/19 286/27/20
f 293/14/19 283/28/19 282/29/19
f 273/30/19 272/9/20 270/11/19
f 291/25/19 290/31/19 265/26/19
f 268/32/19 295/33/19 269/34/20
f 307/35/19 323/7/19 299/36/19
f 290/31/19 266/37/19 265/26/19
f 283/28/19 293/14/19 284/17/19
f 319/38/19 312/39/20 320/40/20
f 309/41/20 298/42/19 297/43/20
f 273/30/19 270/11/19 295/33/19
f 265/26/19 326/44/20 286/27/20
f 275/2/18 274/45/19 294/3/19
f 294/3/19 281/15/19 280/46/19
f 277/47/20 276/1/18 294/3/19
f 278/5/19 277/47/20 294/3/19
f 294/3/19 280/46/19 279/4/20
f 311/19/19 320/40/20 312/39/20
f 330/48/19 318/49/19 313/50/19
f 297/43/20 296/51/20 309/41/20
f 342/1/21 360/3/22 341/2/23
f 345/4/22 360/3/22 344/5/24
f 370/52/25 371/8/21 394/6/22
f 338/9/25 336/11/22 337/10/24
f 367/12/22 388/53/24 393/54/24
f 359/14/22 347/15/22 348/29/22
f 351/16/22 352/27/24 358/18/22
f 377/19/21 387/21/21 376/20/25
f 354/22/21 355/55/22 333/24/22
f 357/25/24 352/27/24 331/26/22
f 359/14/22 348/29/22 349/28/24
f 339/30/25 336/11/22 338/9/25
f 357/25/24 331/26/22 356/31/26
f 334/32/22 335/34/25 361/33/22
f 365/36/22 389/7/22 373/35/22
f 356/31/26 332/37/22 355/55/22
f 349/28/24 350/17/24 359/14/22
f 378/39/22 385/38/22 386/40/24
f 375/41/24 364/42/22 374/56/22
f 339/30/25 340/45/22 361/33/22
f 331/26/22 352/27/24 392/44/24
f 341/2/23 360/3/22 340/45/22
f 360/3/22 346/46/24 347/15/22
f 343/47/24 360/3/22 342/1/21
f 344/5/24 360/3/22 343/47/24
f 360/3/22 345/4/22 346/46/24
f 377/19/21 386/40/24 387/21/21
f 379/50/22 380/57/24 384/49/22
f 363/43/24 375/41/24 362/51/24
f 408/1/27 407/2/28 426/3/29
f 411/4/30 410/5/29 426/3/29
f 460/6/31 455/7/31 437/8/31
f 404/9/27 403/10/31 402/11/28
f 433/12/31 432/13/29 455/7/31
f 425/14/29 413/15/30 426/3/29
f 417/16/29 416/17/30 424/18/29
f 443/19/30 442/20/31 453/21/30
f 420/22/28 419/23/28 399/24/29
f 423/25/30 397/26/31 418/27/30
f 425/14/29 415/28/29 414/29/32
f 405/30/29 404/9/27 402/11/28
f 423/25/30 422/31/31 397/26/31
f 400/32/30 427/33/30 401/34/29
f 439/35/31 455/7/31 431/36/29
f 422/31/31 398/37/30 397/26/31
f 415/28/29 425/14/29 416/17/30
f 451/38/31 444/39/29 452/40/29
f 441/41/29 430/42/29 429/43/31
f 405/30/29 402/11/28 427/33/30
f 397/26/31 458/44/31 418/27/30
f 407/2/28 406/45/31 426/3/29
f 426/3/29 413/15/30 412/46/29
f 409/47/31 408/1/27 426/3/29
f 410/5/29 409/47/31 426/3/29
f 426/3/29 412/46/29 411/4/30
f 443/19/30 452/40/29 444/39/29
f 462/48/31 450/49/31 445/50/31
f 429/43/31 428/51/29 441/41/29
f 474/1/33 492/3/34 473/2/35
f 477/4/34 492/3/34 476/5/36
f 502/52/34 503/8/34 526/6/34
f 470/9/37 468/11/34 469/10/36
f 499/12/34 520/53/34 525/54/34
f 491/14/36 479/15/36 480/29/38
f 483/16/36 484/27/36 490/18/36
f 509/19/36 519/21/36 508/20/35
f 486/22/34 487/55/36 465/24/34
f 489/25/36 484/27/36 463/26/34
f 491/14/36 480/29/38 481/28/36
f 471/30/34 468/11/34 470/9/37
f 489/25/36 463/26/34 488/31/34
f 466/32/36 467/34/34 493/33/34
f 497/36/34 521/7/34 505/35/34
f 488/31/34 464/37/36 487/55/36
f 481/28/36 482/17/36 491/14/36
f 510/39/34 517/38/34 518/40/34
f 507/41/34 496/42/34 506/56/34
f 471/30/34 472/45/34 493/33/34
f 463/26/34 484/27/36 524/44/34
f 473/2/35 492/3/34 472/45/34
f 492/3/34 478/46/36 479/15/36
f 475/47/36 492/3/34 474/1/33
f 476/5/36 492/3/34 475/47/36
f 492/3/34 477/4/34 478/46/36
f 509/19/36 518/40/34 519/21/36
f 511/50/34 512/57/39 516/49/36
f 495/43/34 507/41/34 494/51/34
f 540/1/40 539/2/41 558/3/42
f 543/4/42 542/5/40 558/3/42
f 592/6/42 587/7/42 569/8/41
f 536/9/41 535/10/42 534/11/42
f 565/12/42 564/13/40 587/7/42
f 557/14/43 545/15/40 558/3/42
f 549/16/40 548/17/40 556/18/42
f 575/19/42 574/20/42 585/21/42
f 552/22/43 551/23/42 531/24/42
f 555/25/42 529/26/40 550/27/42
f 557/14/43 547/28/43 546/29/42
f 537/30/41 536/9/41 534/11/42
f 555/25/42 554/31/40 529/26/40
f 532/32/41 559/33/41 533/34/44
f 571/35/42 587/7/42 563/36/42
f 554/31/40 530/37/40 529/26/40
f 547/28/43 557/14/43 548/17/40
f 583/38/42 576/39/41 584/40/41
f 573/41/40 562/42/42 561/43/40
f 537/30/41 534/11/42 559/33/41
f 529/26/40 590/44/43 550/27/42
f 539/2/41 538/45/40 558/3/42
f 558/3/42 545/15/40 544/46/42
f 541/47/42 540/1/40 558/3/42
f 542/5/40 541/47/42 558/3/42
f 558/3/42 544/46/42 543/4/42
f 575/19/42 584/40/41 576/39/41
f 594/48/40 582/49/40 577/50/40
f 561/43/40 560/51/40 573/41/40
f 606/1/45 624/3/46 605/2/47
f 609/4/46 624/3/46 608/5/45
f 634/52/46 635/8/46 658/6/45
f 602/9/45 600/11/46 601/10/46
f 631/12/45 652/53/46 657/54/46
f 623/14/46 611/15/46 612/29/48
f 615/16/46 616/27/46 622/18/45
f 641/19/46 651/21/45 640/20/45
f 618/22/46 619/55/46 597/24/46
f 621/25/46 616/27/46 595/26/46
f 623/14/46 612/29/48 613/28/46
f 603/30/45 600/11/46 602/9/45
f 621/25/46 595/26/46 620/31/45
f 598/32/45 599/34/46 625/33/46
f 629/36/46 653/7/45 637/35/46
f 620/31/45 596/37/46 619/55/46
f 613/28/46 614/17/46 623/14/46
f 642/39/46 649/38/45 650/40/45
f 639/41/45 628/42/46 638/56/46
f 603/30/45 604/45/46 625/33/46
f 595/26/46 616/27/46 656/44/46
f 605/2/47 624/3/46 604/45/46
f 624/3/46 610/46/45 611/15/46
f 607/47/46 624/3/46 606/1/45
f 608/5/45 624/3/46 607/47/46
f 624/3/46 609/4/46 610/46/45
f 641/19/46 650/40/45 651/21/45
f 643/50/45 644/57/46 648/49/46
f 627/43/45 639/41/45 626/51/45
f 672/1/49 671/2/50 690/3/51
f 675/4/51 674/5/51 690/3/51
f 724/6/51 719/7/51 701/8/51
f 668/9/51 667/10/51 666/11/51
f 697/12/51 696/13/51 719/7/51
f 689/14/50 677/15/51 690/3/51
f 681/16/51 680/17/51 688/18/50
f 707/19/50 706/20/50 717/21/50
f 684/22/51 683/23/51 663/24/51
f 687/25/51 661/26/51 682/27/51
f 689/14/50 679/28/50 678/29/50
f 669/30/51 668/9/51 666/11/51
f 687/25/51 686/31/51 661/26/51
f 664/32/49 691/33/49 665/34/52
f 703/35/51 719/7/51 695/36/51
f 686/31/51 662/37/50 661/26/51
f 679/28/50 689/14/50 680/17/51
f 715/38/51 708/39/51 716/40/51
f 705/41/51 694/42/51 693/43/51
f 669/30/51 666/11/51 691/33/49
f 661/26/51 722/44/51 682/27/51
f 671/2/50 670/45/51 690/3/51
f 690/3/51 677/15/51 676/46/51
f 673/47/51 672/1/49 690/3/51
f 674/5/51 673/47/51 690/3/51
f 690/3/51 676/46/51 675/4/51
f 707/19/50 716/40/51 708/39/51
f 726/48/51 714/49/51 709/50/51
f 693/43/51 692/51/51 705/41/51
f 738/1/53 756/3/54 737/2/54
f 741/4/54 756/3/54 740/5/54
f 766/52/54 767/8/54 790/6/54
f 734/9/55 732/11/54 733/10/55
f 763/12/54 784/53/55 789/54/55
f 755/14/55 743/15/55 744/29/54
f 747/16/55 748/27/54 754/18/55
f 773/19/56 783/21/55 772/20/55
f 750/22/54 751/55/54 729/24/54
f 753/25/54 748/27/54 727/26/54
f 755/14/55 744/29/54 745/28/55
f 735/30/55 732/11/54 734/9/55
f 753/25/54 727/26/54 752/31/54
f 730/32/54 731/34/57 757/33/54
f 761/36/54 785/7/54 769/35/54
f 752/31/54 728/37/54 751/55/54
f 745/28/55 746/17/54 755/14/55
f 774/39/54 781/38/54 782/40/54
f 771/41/54 760/42/54 770/56/54
f 735/30/55 736/45/55 757/33/54
f 727/26/54 748/27/54 788/44/54
f 737/2/54 756/3/54 736/45/55
f 756/3/54 742/46/55 743/15/55
f 739/47/55 756/3/54 738/1/53
f 740/5/54 756/3/54 739/47/55
f 756/3/54 741/4/54 742/46/55
f 773/19/56 782/40/54 783/21/55
f 775/50/54 776/57/54 780/49/54
f 759/43/54 771/41/54 758/51/54
f 804/1/58 803/2/58 822/3/58
f 807/4/58 806/5/58 822/3/58
f 856/6/58 851/7/58 833/8/58
f 800/9/58 799/10/58 798/11/58
f 829/12/58 828/13/58 851/7/58
f 821/14/59 809/15/58 822/3/58
f 813/16/58 812/17/58 820/18/58
f 839/19/59 838/20/59 849/21/59
f 816/22/58 815/23/58 795/24/58
f 819/25/58 793/26/59 814/27/58
f 821/14/59 811/28/59 810/29/58
f 801/30/59 800/9/58 798/11/58
f 819/25/58 818/31/59 793/26/59
f 796/32/58 823/33/58 797/34/58
f 835/35/58 851/7/58 827/36/58
f 818/31/59 794/37/58 793/26/59
f 811/28/59 821/14/59 812/17/58
f 847/38/58 840/39/58 848/40/58
f 837/41/58 826/42/58 825/43/58
f 801/30/59 798/11/58 823/33/58
f 793/26/59 854/44/58 814/27/58
f 803/2/58 802/45/58 822/3/58
f 822/3/58 809/15/58 808/46/58
f 805/47/58 804/1/58 822/3/58
f 806/5/58 805/47/58 822/3/58
f 822/3/58 808/46/58 807/4/58
f 839/19/59 848/40/58 840/39/58
f 858/48/58 846/49/58 841/50/58
f 825/43/58 824/51/58 837/41/58
f 870/1/60 888/3/61 869/2/61
f 873/4/61 888/3/61 872/5/62
f 898/52/61 899/8/61 922/6/61
f 866/9/61 864/11/62 865/10/60
f 895/12/61 916/53/62 921/54/62
f 887/14/62 875/15/61 876/29/63
f 879/16/62 880/27/61 886/18/61
f 905/19/64 915/21/61 904/20/61
f 882/22/61 883/55/61 861/24/61
f 885/25/61 880/27/61 859/26/61
f 887/14/62 876/29/63 877/28/61
f 867/30/62 864/11/62 866/9/61
f 885/25/61 859/26/61 884/31/62
f 862/32/61 863/34/65 889/33/61
f 893/36/61 917/7/61 901/35/61
f 884/31/62 860/37/62 883/55/61
f 877/28/61 878/17/62 887/14/62
f 906/39/61 913/38/61 914/40/61
f 903/41/62 892/42/61 902/56/61
f 867/30/62 868/45/62 889/33/61
f 859/26/61 880/27/61 920/44/61
f 869/2/61 888/3/61 868/45/62
f 888/3/61 874/46/62 875/15/61
f 871/47/61 888/3/61 870/1/60
f 872/5/62 888/3/61 871/47/61
f 888/3/61 873/4/61 874/46/62
f 905/19/64 914/40/61 915/21/61
f 907/50/61 908/57/62 912/49/61
f 891/43/62 903/41/62 890/51/62
f 936/1/66 935/2/67 954/3/67
f 939/4/68 938/5/67 954/3/67
f 988/6/67 983/7/67 965/8/67
f 932/9/69 931/10/67 930/11/66
f 961/12/67 960/13/67 983/7/67
f 953/14/67 941/15/67 954/3/67
f 945/16/67 944/17/68 952/18/67
f 971/19/67 970/20/67 981/21/67
f 948/22/67 947/23/67 927/24/67
f 951/25/67 925/26/67 946/27/67
f 953/14/67 943/28/67 942/29/69
f 933/30/69 932/9/69 930/11/66
f 951/25/67 950/31/67 925/26/67
f 928/32/68 955/33/68 929/34/67
f 967/35/67 983/7/67 959/36/67
f 950/31/67 926/37/67 925/26/67
f 943/28/67 953/14/67 944/17/68
f 979/38/67 972/39/67 980/40/67
f 969/41/67 958/42/67 957/43/67
f 933/30/69 930/11/66 955/33/68
f 925/26/67 986/44/67 946/27/67
f 935/2/67 934/45/67 954/3/67
f 954/3/67 941/15/67 940/46/67
f 937/47/68 936/1/66 954/3/67
f 938/5/67 937/47/68 954/3/67
f 954/3/67 940/46/67 939/4/68
f 971/19/67 980/40/67 972/39/67
f 990/48/67 978/49/67 973/50/67
f 957/43/67 956/51/67 969/41/67
f 1002/1/70 1020/3/71 1001/2/71
f 1005/4/71 1020/3/71 1004/5/70
f 1030/52/71 1031/8/71 1054/6/71
f 998/9/70 996/11/71 997/10/71
f 1027/12/71 1048/53/71 1053/54/71
f 1019/14/71 1007/15/70 1008/29/71
f 1011/16/71 1012/27/71 1018/18/71
f 1037/19/70 1047/21/70 1036/20/70
f 1014/22/71 1015/55/71 993/24/71
f 1017/25/71 1012/27/71 991/26/71
f 1019/14/71 1008/29/71 1009/28/71
f 999/30/70 996/11/71 998/9/70
f 1017/25/71 991/26/71 1016/31/71
f 994/32/70 995/34/72 1021/33/70
f 1025/36/71 1049/7/71 1033/35/71
f 1016/31/71 992/37/71 1015/55/71
f 1009/28/71 1010/17/70 1019/14/71
f 1038/39/70 1045/38/71 1046/40/70
f 1035/41/70 1024/42/71 1034/56/71
f 999/30/70 1000/45/71 1021/33/70
f 991/26/71 1012/27/71 1052/44/70
f 1001/2/71 1020/3/71 1000/45/71
f 1020/3/71 1006/46/71 1007/15/70
f 1003/47/71 1020/3/71 1002/1/70
f 1004/5/70 1020/3/71 1003/47/71
f 1020/3/71 1005/4/71 1006/46/71
f 1037/19/70 1046/40/70 1047/21/70
f 1039/50/71 1040/57/71 1044/49/70
f 1023/43/70 1035/41/70 1022/51/70
f 1068/1/73 1067/2/73 1086/3/74
f 1071/4/74 1070/5/74 1086/3/74
f 1120/6/74 1115/7/74 1097/8/74
f 1064/9/74 1063/10/74 1062/11/73
f 1093/12/74 1092/13/74 1115/7/74
f 1085/14/74 1073/15/74 1086/3/74
f 1077/16/74 1076/17/74 1084/18/74
f 1103/19/74 1102/20/74 1113/21/74
f 1080/22/74 1079/23/74 1059/24/74
f 1083/25/73 1057/26/73 1078/27/74
f 1085/14/74 1075/28/74 1074/29/73
f 1065/30/74 1064/9/74 1062/11/73
f 1083/25/73 1082/31/73 1057/26/73
f 1060/32/73 1087/33/73 1061/34/74
f 1099/35/74 1115/7/74 1091/36/74
f 1082/31/73 1058/37/74 1057/26/73
f 1075/28/74 1085/14/74 1076/17/74
f 1111/38/74 1104/39/74 1112/40/74
f 1101/41/74 1090/42/74 1089/43/74
f 1065/30/74 1062/11/73 1087/33/73
f 1057/26/73 1118/44/73 1078/27/74
f 1067/2/73 1066/45/74 1086/3/74
f 1086/3/74 1073/15/74 1072/46/73
f 1069/47/73 1068/1/73 1086/3/74
f 1070/5/74 1069/47/73 1086/3/74
f 1086/3/74 1072/46/73 1071/4/74
f 1103/19/74 1112/40/74 1104/39/74
f 1122/48/74 1110/49/74 1105/50/74
f 1089/43/74 1088/51/74 1101/41/74
f 1134/1/75 1152/3/76 1133/2/75
f 1137/4/75 1152/3/76 1136/5/76
f 1162/52/76 1163/8/76 1186/6/76
f 1130/9/76 1128/11/76 1129/10/76
f 1159/12/76 1180/53/75 1185/54/76
f 1151/14/76 1139/15/75 1140/29/76
f 1143/16/75 1144/27/76 1150/18/75
f 1169/19/76 1179/21/76 1168/20/76
f 1146/22/76 1147/55/76 1125/24/76
f 1149/25/76 1144/27/76 1123/26/76
f 1151/14/76 1140/29/76 1141/28/76
f 1131/30/76 1128/11/76 1130/9/76
f 1149/25/76 1123/26/76 1148/31/76
f 1126/32/76 1127/34/75 1153/33/76
f 1157/36/76 1181/7/76 1165/35/76
f 1148/31/76 1124/37/76 1147/55/76
f 1141/28/76 1142/17/75 1151/14/76
f 1170/39/76 1177/38/76 1178/40/76
f 1167/41/76 1156/42/76 1166/56/76
f 1131/30/76 1132/45/76 1153/33/76
f 1123/26/76 1144/27/76 1184/44/76
f 1133/2/75 1152/3/76 1132/45/76
f 1152/3/76 1138/46/76 1139/15/75
f 1135/47/76 1152/3/76 1134/1/75
f 1136/5/76 1152/3/76 1135/47/76
f 1152/3/76 1137/4/75 1138/46/76
f 1169/19/76 1178/40/76 1179/21/76
f 1171/50/76 1172/57/76 1176/49/75
f 1155/43/76 1167/41/76 1154/51/76
f 1200/1/77 1199/2/78 1218/3/77
f 1203/4/77 1202/5/77 1218/3/77
f 1252/6/77 1247/7/77 1229/8/77
f 1196/9/77 1195/10/78 1194/11/77
f 1225/12/78 1224/13/77 1247/7/77
f 1217/14/77 1205/15/77 1218/3/77
f 1209/16/78 1208/17/78 1216/18/77
f 1235/19/78 1234/20/78 1245/21/78
f 1212/22/78 1211/23/78 1191/24/78
f 1215/25/78 1189/26/77 1210/27/78
f 1217/14/77 1207/28/77 1206/29/77
f 1197/30/78 1196/9/77 1194/11/77
f 1215/25/78 1214/31/77 1189/26/77
f 1192/32/77 1219/33/77 1193/34/79
f 1231/35/77 1247/7/77 1223/36/77
f 1214/31/77 1190/37/77 1189/26/77
f 1207/28/77 1217/14/77 1208/17/78
f 1243/38/77 1236/39/78 1244/40/78
f 1233/41/77 1222/42/77 1221/43/77
f 1197/30/78 1194/11/77 1219/33/77
f 1189/26/77 1250/44/77 1210/27/78
f 1199/2/78 1198/45/77 1218/3/77
f 1218/3/77 1205/15/77 1204/46/77
f 1201/47/77 1200/1/77 1218/3/77
f 1202/5/77 1201/47/77 1218/3/77
f 1218/3/77 1204/46/77 1203/4/77
f 1235/19/78 1244/40/78 1236/39/78
f 1254/48/78 1242/49/77 1237/50/77
f 1221/43/77 1220/51/77 1233/41/77
f 1266/1/80 1284/3/81 1265/2/81
f 1269/4/81 1284/3/81 1268/5/81
f 1294/52/81 1295/8/80 1318/6/81
f 1262/9/81 1260/11/81 1261/10/82
f 1291/12/81 1312/53/80 1317/54/80
f 1283/14/81 1271/15/81 1272/29/83
f 1275/16/81 1276/27/81 1282/18/81
f 1301/19/81 1311/21/81 1300/20/81
f 1278/22/81 1279/55/81 1257/24/81
f 1281/25/81 1276/27/81 1255/26/81
f 1283/14/81 1272/29/83 1273/28/81
f 1263/30/80 1260/11/81 1262/9/81
f 1281/25/81 1255/26/81 1280/31/81
f 1258/32/81 1259/34/82 1285/33/81
f 1289/36/81 1313/7/81 1297/35/81
f 1280/31/81 1256/37/81 1279/55/81
f 1273/28/81 1274/17/80 1283/14/81
f 1302/39/81 1309/38/82 1310/40/81
f 1299/41/81 1288/42/81 1298/56/81
f 1263/30/80 1264/45/82 1285/33/81
f 1255/26/81 1276/27/81 1316/44/81
f 1265/2/81 1284/3/81 1264/45/82
f 1284/3/81 1270/46/81 1271/15/81
f 1267/47/81 1284/3/81 1266/1/80
f 1268/5/81 1284/3/81 1267/47/81
f 1284/3/81 1269/4/81 1270/46/81
f 1301/19/81 1310/40/81 1311/21/81
f 1303/50/81 1304/57/81 1308/49/80
f 1287/43/81 1299/41/81 1286/51/80
f 1332/1/84 1331/2/85 1350/3/85
f 1335/4/84 1334/5/85 1350/3/85
f 1384/6/84 1379/7/84 1361/8/84
f 1328/9/84 1327/10/84 1326/11/85
f 1357/12/84 1356/13/84 1379/7/84
f 1349/14/84 1337/15/85 1350/3/85
f 1341/16/84 1340/17/85 1348/18/84
f 1367/19/86 1366/20/86 1377/21/86
f 1344/22/85 1343/23/84 1323/24/85
f 1347/25/84 1321/26/84 1342/27/85
f 1349/14/84 1339/28/84 1338/29/84
f 1329/30/86 1328/9/84 1326/11/85
f 1347/25/84 1346/31/84 1321/26/84
f 1324/32/84 1351/33/84 1325/34/87
f 1363/35/84 1379/7/84 1355/36/84
f 1346/31/84 1322/37/85 1321/26/84
f 1339/28/84 1349/14/84 1340/17/85
f 1375/38/85 1368/39/85 1376/40/85
f 1365/41/84 1354/42/84 1353/43/84
f 1329/30/86 1326/11/85 1351/33/84
f 1321/26/84 1382/44/84 1342/27/85
f 1331/2/85 1330/45/85 1350/3/85
f 1350/3/85 1337/15/85 1336/46/85
f 1333/47/85 1332/1/84 1350/3/85
f 1334/5/85 1333/47/85 1350/3/85
f 1350/3/85 1336/46/85 1335/4/84
f 1367/19/86 1376/40/85 1368/39/85
f 1386/48/84 1374/49/84 1369/50/84
f 1353/43/84 1352/51/84 1365/41/84
f 1398/1/88 1416/3/88 1397/2/88
f 1401/4/89 1416/3/88 1400/5/88
f 1426/52/88 1427/8/88 1450/6/88
f 1394/9/88 1392/11/88 1393/10/88
f 1423/12/88 1444/53/88 1449/54/88
f 1415/14/88 1403/15/88 1404/29/88
f 1407/16/88 1408/27/89 1414/18/88
f 1433/19/89 1443/21/89 1432/20/89
f 1410/22/88 1411/55/89 1389/24/88
f 1413/25/88 1408/27/89 1387/26/88
f 1415/14/88 1404/29/88 1405/28/88
f 1395/30/88 1392/11/88 1394/9/88
f 1413/25/88 1387/26/88 1412/31/88
f 1390/32/88 1391/34/88 1417/33/88
f 1421/36/88 1445/7/88 1429/35/88
f 1412/31/88 1388/37/89 1411/55/89
f 1405/28/88 1406/17/88 1415/14/88
f 1434/39/88 1441/38/89 1442/40/89
f 1431/41/88 1420/42/88 1430/56/88
f 1395/30/88 1396/45/88 1417/33/88
f 1387/26/88 1408/27/89 1448/44/88
f 1397/2/88 1416/3/88 1396/45/88
f 1416/3/88 1402/46/88 1403/15/88
f 1399/47/88 1416/3/88 1398/1/88
f 1400/5/88 1416/3/88 1399/47/88
f 1416/3/88 1401/4/89 1402/46/88
f 1433/19/89 1442/40/89 1443/21/89
f 1435/50/88 1436/57/89 1440/49/88
f 1419/43/88 1431/41/88 1418/51/88
f 1464/1/90 1463/2/91 1482/3/91
f 1467/4/92 1466/5/91 1482/3/91
f 1516/6/91 1511/7/91 1493/8/91
f 1460/9/91 1459/10/92 1458/11/92
f 1489/12/93 1488/13/93 1511/7/91
f 1481/14/93 1469/15/91 1482/3/91
f 1473/16/91 1472/17/93 1480/18/91
f 1499/19/92 1498/20/92 1509/21/92
f 1476/22/93 1475/23/90 1455/24/91
f 1479/25/93 1453/26/93 1474/27/90
f 1481/14/93 1471/28/93 1470/29/91
f 1461/30/91 1460/9/91 1458/11/92
f 1479/25/93 1478/31/93 1453/26/93
f 1456/32/91 1483/33/91 1457/34/94
f 1495/35/91 1511/7/91 1487/36/91
f 1478/31/93 1454/37/91 1453/26/93
f 1471/28/93 1481/14/93 1472/17/93
f 1507/38/92 1500/39/92 1508/40/92
f 1497/41/93 1486/42/91 1485/43/93
f 1461/30/91 1458/11/92 1483/33/91
f 1453/26/93 1514/44/91 1474/27/90
f 1463/2/91 1462/45/93 1482/3/91
f 1482/3/91 1469/15/91 1468/46/91
f 1465/47/93 1464/1/90 1482/3/91
f 1466/5/91 1465/47/93 1482/3/91
f 1482/3/91 1468/46/91 1467/4/92
f 1499/19/92 1508/40/92 1500/39/92
f 1518/48/91 1506/49/91 1501/50/91
f 1485/43/93 1484/51/91 1497/41/93
f 1530/1/95 1548/3/96 1529/2/96
f 1533/4/96 1548/3/96 1532/5/96
f 1558/52/96 1559/8/96 1582/6/96
f 1526/9/97 1524/11/96 1525/10/98
f 1555/12/96 1576/53/96 1581/54/96
f 1547/14/96 1535/15/98 1536/29/96
f 1539/16/96 1540/27/98 1546/18/96
f 1565/19/98 1575/21/98 1564/20/97
f 1542/22/96 1543/55/98 1521/24/98
f 1545/25/98 1540/27/98 1519/26/96
f 1547/14/96 1536/29/96 1537/28/96
f 1527/30/96 1524/11/96 1526/9/97
f 1545/25/98 1519/26/96 1544/31/98
f 1522/32/96 1523/34/99 1549/33/96
f 1553/36/96 1577/7/96 1561/35/96
f 1544/31/98 1520/37/98 1543/55/98
f 1537/28/96 1538/17/96 1547/14/96
f 1566/39/98 1573/38/96 1574/40/98
f 1563/41/96 1552/42/96 1562/56/96
f 1527/30/96 1528/45/96 1549/33/96
f 1519/26/96 1540/27/98 1580/44/96
f 1529/2/96 1548/3/96 1528/45/96
f 1548/3/96 1534/46/96 1535/15/98
f 1531/47/96 1548/3/96 1530/1/95
f 1532/5/96 1548/3/96 1531/47/96
f 1548/3/96 1533/4/96 1534/46/96
f 1565/19/98 1574/40/98 1575/21/98
f 1567/50/96 1568/57/98 1572/49/96
f 1551/43/96 1563/41/96 1550/51/96
f 1596/1/100 1595/2/101 1614/3/101
f 1599/4/101 1598/5/101 1614/3/101
f 1648/6/101 1643/7/101 1625/8/101
f 1592/9/102 1591/10/101 1590/11/101
f 1621/12/101 1620/13/102 1643/7/101
f 1613/14/101 1601/15/102 1614/3/101
f 1605/16/102 1604/17/102 1612/18/102
f 1631/19/102 1630/20/102 1641/21/102
f 1608/22/101 1607/23/102 1587/24/101
f 1611/25/101 1585/26/101 1606/27/101
f 1613/14/101 1603/28/101 1602/29/102
f 1593/30/102 1592/9/102 1590/11/101
f 1611/25/101 1610/31/103 1585/26/101
f 1588/32/101 1615/33/101 1589/34/102
f 1627/35/101 1643/7/101 1619/36/102
f 1610/31/103 1586/37/101 1585/26/101
f 1603/28/101 1613/14/101 1604/17/102
f 1639/38/101 1632/39/101 1640/40/101
f 1629/41/101 1618/42/102 1617/43/101
f 1593/30/102 1590/11/101 1615/33/101
f 1585/26/101 1646/44/101 1606/27/101
f 1595/2/101 1594/45/101 1614/3/101
f 1614/3/101 1601/15/102 1600/46/102
f 1597/47/102 1596/1/100 1614/3/101
f 1598/5/101 1597/47/102 1614/3/101
f 1614/3/101 1600/46/102 1599/4/101
f 1631/19/102 1640/40/101 1632/39/101
f 1650/48/101 1638/49/101 1633/50/101
f 1617/43/101 1616/51/102 1629/41/101
f 1662/1/104 1680/3/105 1661/2/106
f 1665/4/105 1680/3/105 1664/5/105
f 1690/52/107 1691/8/105 1714/6/107
f 1658/9/104 1656/11/105 1657/10/108
f 1687/12/105 1708/53/105 1713/54/105
f 1679/14/105 1667/15/105 1668/29/105
f 1671/16/105 1672/27/107 1678/18/105
f 1697/19/105 1707/21/108 1696/20/108
f 1674/22/105 1675/55/107 1653/24/105
f 1677/25/107 1672/27/107 1651/26/107
f 1679/14/105 1668/29/105 1669/28/105
f 1659/30/104 1656/11/105 1658/9/104
f 1677/25/107 1651/26/107 1676/31/107
f 1654/32/105 1655/34/109 1681/33/105
f 1685/36/105 1709/7/105 1693/35/105
f 1676/31/107 1652/37/107 1675/55/107
f 1669/28/105 1670/17/107 1679/14/105
f 1698/39/105 1705/38/104 1706/40/105
f 1695/41/105 1684/42/105 1694/56/105
f 1659/30/104 1660/45/105 1681/33/105
f 1651/26/107 1672/27/107 1712/44/105
f 1661/2/106 1680/3/105 1660/45/105
f 1680/3/105 1666/46/107 1667/15/105
f 1663/47/107 1680/3/105 1662/1/104
f 1664/5/105 1680/3/105 1663/47/107
f 1680/3/105 1665/4/105 1666/46/107
f 1697/19/105 1706/40/105 1707/21/108
f 1699/50/105 1700/57/107 1704/49/107
f 1683/43/105 1695/41/105 1682/51/105
f 1728/1/110 1727/2/110 1746/3/110
f 1731/4/111 1730/5/111 1746/3/110
f 1780/6/110 1775/7/110 1757/8/110
f 1724/9/110 1723/10/111 1722/11/111
f 1753/12/110 1752/13/111 1775/7/110
f 1745/14/111 1733/15/111 1746/3/110
f 1737/16/110 1736/17/110 1744/18/110
f 1763/19/111 1762/20/110 1773/21/110
f 1740/22/111 1739/23/110 1719/24/110
f 1743/25/111 1717/26/110 1738/27/111
f 1745/14/111 1735/28/111 1734/29/111
f 1725/30/111 1724/9/110 1722/11/111
f 1743/25/111 1742/31/110 1717/26/110
f 1720/32/111 1747/33/111 1721/34/112
f 1759/35/110 1775/7/110 1751/36/110
f 1742/31/110 1718/37/110 1717/26/110
f 1735/28/111 1745/14/111 1736/17/110
f 1771/38/110 1764/39/110 1772/40/110
f 1761/41/111 1750/42/110 1749/43/111
f 1725/30/111 1722/11/111 1747/33/111
f 1717/26/110 1778/44/111 1738/27/111
f 1727/2/110 1726/45/110 1746/3/110
f 1746/3/110 1733/15/111 1732/46/110
f 1729/47/113 1728/1/110 1746/3/110
f 1730/5/111 1729/47/113 1746/3/110
f 1746/3/110 1732/46/110 1731/4/111
f 1763/19/111 1772/40/110 1764/39/110
f 1782/48/111 1770/49/111 1765/50/110
f 1749/43/111 1748/51/111 1761/41/111
f 1794/1/114 1812/3/115 1793/2/115
f 1797/4/114 1812/3/115 1796/5/115
f 1822/52/115 1823/8/115 1846/6/115
f 1790/9/116 1788/11/115 1789/10/114
f 1819/12/114 1840/53/114 1845/54/114
f 1811/14/114 1799/15/115 1800/29/114
f 1803/16/114 1804/27/114 1810/18/114
f 1829/19/114 1839/21/115 1828/20/115
f 1806/22/115 1807/55/114 1785/24/115
f 1809/25/114 1804/27/114 1783/26/117
f 1811/14/114 1800/29/114 1801/28/114
f 1791/30/114 1788/11/115 1790/9/116
f 1809/25/114 1783/26/117 1808/31/115
f 1786/32/115 1787/34/115 1813/33/115
f 1817/36/115 1841/7/115 1825/35/115
f 1808/31/115 1784/37/114 1807/55/114
f 1801/28/114 1802/17/115 1811/14/114
f 1830/39/115 1837/38/115 1838/40/115
f 1827/41/114 1816/42/115 1826/56/115
f 1791/30/114 1792/45/118 1813/33/115
f 1783/26/117 1804/27/114 1844/44/115
f 1793/2/115 1812/3/115 1792/45/118
f 1812/3/115 1798/46/114 1799/15/115
f 1795/47/115 1812/3/115 1794/1/114
f 1796/5/115 1812/3/115 1795/47/115
f 1812/3/115 1797/4/114 1798/46/114
f 1829/19/114 1838/40/115 1839/21/115
f 1831/50/115 1832/57/114 1836/49/114
f 1815/43/119 1827/41/114 1814/51/114
f 1860/1/120 1859/2/120 1878/3/120
f 1863/4/120 1862/5/120 1878/3/120
f 1912/6/120 1907/7/120 1889/8/120
f 1856/9/121 1855/10/122 1854/11/120
f 1885/12/120 1884/13/120 1907/7/120
f 1877/14/120 1865/15/120 1878/3/120
f 1869/16/120 1868/17/120 1876/18/120
f 1895/19/120 1894/20/123 1905/21/123
f 1872/22/120 1871/23/120 1851/24/120
f 1875/25/120 1849/26/122 1870/27/123
f 1877/14/120 1867/28/120 1866/29/120
f 1857/30/121 1856/9/121 1854/11/120
f 1875/25/120 1874/31/123 1849/26/122
f 1852/32/121 1879/33/121 1853/34/123
f 1891/35/120 1907/7/120 1883/36/120
f 1874/31/123 1850/37/120 1849/26/122
f 1867/28/120 1877/14/120 1868/17/120
f 1903/38/120 1896/39/120 1904/40/120
f 1893/41/120 1882/42/120 1881/43/120
f 1857/30/121 1854/11/120 1879/33/121
f 1849/26/122 1910/44/120 1870/27/123
f 1859/2/120 1858/45/122 1878/3/120
f 1878/3/120 1865/15/120 1864/46/123
f 1861/47/123 1860/1/120 1878/3/120
f 1862/5/120 1861/47/123 1878/3/120
f 1878/3/120 1864/46/123 1863/4/120
f 1895/19/120 1904/40/120 1896/39/120
f 1914/48/123 1902/49/123 1897/50/120
f 1881/43/120 1880/51/120 1893/41/120
f 1926/1/124 1944/3/125 1925/2/126
f 1929/4/125 1944/3/125 1928/5/127
f 1954/52/125 1955/8/125 1978/6/125
f 1922/9/125 1920/11/128 1921/10/129
f 1951/12/127 1972/53/124 1977/54/124
f 1943/14/130 1931/15/124 1932/29/131
f 1935/16/125 1936/27/125 1942/18/125
f 1961/19/124 1971/21/125 1960/20/125
f 1938/22/127 1939/55/125 1917/24/127
f 1941/25/125 1936/27/125 1915/26/128
f 1943/14/130 1932/29/131 1933/28/132
f 1923/30/125 1920/11/128 1922/9/125
f 1941/25/125 1915/26/128 1940/31/130
f 1918/32/128 1919/34/128 1945/33/128
f 1949/36/124 1973/7/128 1957/35/132
f 1940/31/130 1916/37/128 1939/55/125
f 1933/28/132 1934/17/130 1943/14/130
f 1962/39/125 1969/38/128 1970/40/128
f 1959/41/125 1948/42/124 1958/56/124
f 1923/30/125 1924/45/125 1945/33/128
f 1915/26/128 1936/27/125 1976/44/129
f 1925/2/126 1944/3/125 1924/45/125
f 1944/3/125 1930/46/125 1931/15/124
f 1927/47/127 1944/3/125 1926/1/124
f 1928/5/127 1944/3/125 1927/47/127
f 1944/3/125 1929/4/125 1930/46/125
f 1961/19/124 1970/40/128 1971/21/125
f 1963/50/128 1964/57/125 1968/49/125
f 1947/43/128 1959/41/125 1946/51/125
f 1992/1/133 1991/2/134 2010/3/135
f 1995/4/136 1994/5/135 2010/3/135
f 2044/6/135 2039/7/135 2021/8/135
f 1988/9/136 1987/10/136 1986/11/135
f 2017/12/135 2016/13/136 2039/7/135
f 2009/14/136 1997/15/135 2010/3/135
f 2001/16/135 2000/17/135 2008/18/135
f 2027/19/135 2026/20/135 2037/21/135
f 2004/22/136 2003/23/135 1983/24/135
f 2007/25/135 1981/26/136 2002/27/135
f 2009/14/136 1999/28/136 1998/29/137
f 1989/30/135 1988/9/136 1986/11/135
f 2007/25/135 2006/31/135 1981/26/136
f 1984/32/134 2011/33/134 1985/34/135
f 2023/35/135 2039/7/135 2015/36/135
f 2006/31/135 1982/37/135 1981/26/136
f 1999/28/136 2009/14/136 2000/17/135
f 2035/38/135 2028/39/135 2036/40/135
f 2025/41/135 2014/42/135 2013/43/135
f 1989/30/135 1986/11/135 2011/33/134
f 1981/26/136 2042/44/136 2002/27/135
f 1991/2/134 1990/45/135 2010/3/135
f 2010/3/135 1997/15/135 1996/46/136
f 1993/47/136 1992/1/133 2010/3/135
f 1994/5/135 1993/47/136 2010/3/135
f 2010/3/135 1996/46/136 1995/4/136
f 2027/19/135 2036/40/135 2028/39/135
f 2046/48/135 2034/49/135 2029/50/136
f 2013/43/135 2012/51/135 2025/41/135
f 2058/1/138 2076/3/138 2057/2/138
f 2061/4/138 2076/3/138 2060/5/138
f 2086/52/138 2087/8/138 2110/6/138
f 2054/9/139 2052/11/138 2053/10/138
f 2083/12/138 2104/53/138 2109/54/138
f 2075/14/140 2063/15/140 2064/29/140
f 2067/16/140 2068/27/138 2074/18/140
f 2093/19/138 2103/21/140 2092/20/140
f 2070/22/138 2071/55/138 2049/24/138
f 2073/25/138 2068/27/138 2047/26/138
f 2075/14/140 2064/29/140 2065/28/140
f 2055/30/140 2052/11/138 2054/9/139
f 2073/25/138 2047/26/138 2072/31/138
f 2050/32/138 2051/34/139 2077/33/138
f 2081/36/138 2105/7/138 2089/35/138
f 2072/31/138 2048/37/138 2071/55/138
f 2065/28/140 2066/17/140 2075/14/140
f 2094/39/138 2101/38/138 2102/40/138
f 2091/41/138 2080/42/138 2090/56/140
f 2055/30/140 2056/45/138 2077/33/138
f 2047/26/138 2068/27/138 2108/44/138
f 2057/2/138 2076/3/138 2056/45/138
f 2076/3/138 2062/46/140 2063/15/140
f 2059/47/140 2076/3/138 2058/1/138
f 2060/5/138 2076/3/138 2059/47/140
f 2076/3/138 2061/4/138 2062/46/140
f 2093/19/138 2102/40/138 2103/21/140
f 2095/50/138 2096/57/138 2100/49/138
f 2079/43/138 2091/41/138 2078/51/140
f 2124/1/141 2123/2/142 2142/3/143
f 2127/4/143 2126/5/142 2142/3/143
f 2176/6/143 2171/7/143 2153/8/143
f 2120/9/143 2119/10/143 2118/11/143
f 2149/12/143 2148/13/142 2171/7/143
f 2141/14/142 2129/15/143 2142/3/143
f 2133/16/143 2132/17/143 2140/18/143
f 2159/19/143 2158/20/143 2169/21/143
f 2136/22/142 2135/23/142 2115/24/143
f 2139/25/143 2113/26/143 2134/27/143
f 2141/14/142 2131/28/142 2130/29/144
f 2121/30/143 2120/9/143 2118/11/143
f 2139/25/143 2138/31/143 2113/26/143
f 2116/32/143 2143/33/143 2117/34/142
f 2155/35/143 2171/7/143 2147/36/143
f 2138/31/143 2114/37/143 2113/26/143
f 2131/28/142 2141/14/142 2132/17/143
f 2167/38/143 2160/39/143 2168/40/143
f 2157/41/143 2146/42/143 2145/43/142
f 2121/30/143 2118/11/143 2143/33/143
f 2113/26/143 2174/44/142 2134/27/143
f 2123/2/142 2122/45/143 2142/3/143
f 2142/3/143 2129/15/143 2128/46/143
f 2125/47/143 2124/1/141 2142/3/143
f 2126/5/142 2125/47/143 2142/3/143
f 2142/3/143 2128/46/143 2127/4/143
f 2159/19/143 2168/40/143 2160/39/143
f 2178/48/142 2166/49/142 2161/50/143
f 2145/43/142 2144/51/143 2157/41/143
f 2190/1/145 2208/3/145 2189/2/146
f 2193/4/147 2208/3/145 2192/5/145
f 2218/52/145 2219/8/145 2242/6/145
f 2186/9/147 2184/11/145 2185/10/145
f 2215/12/145 2236/53/147 2241/54/147
f 2207/14/147 2195/15/145 2196/29/148
f 2199/16/145 2200/27/145 2206/18/145
f 2225/19/147 2235/21/146 2224/20/146
f 2202/22/147 2203/55/145 2181/24/147
f 2205/25/145 2200/27/145 2179/26/147
f 2207/14/147 2196/29/148 2197/28/147
f 2187/30/145 2184/11/145 2186/9/147
f 2205/25/145 2179/26/147 2204/31/147
f 2182/32/145 2183/34/145 2209/33/145
f 2213/36/145 2237/7/145 2221/35/145
f 2204/31/147 2180/37/145 2203/55/145
f 2197/28/147 2198/17/147 2207/14/147
f 2226/39/145 2233/38/145 2234/40/145
f 2223/41/147 2212/42/145 2222/56/145
f 2187/30/145 2188/45/145 2209/33/145
f 2179/26/147 2200/27/145 2240/44/145
f 2189/2/146 2208/3/145 2188/45/145
f 2208/3/145 2194/46/145 2195/15/145
f 2191/47/147 2208/3/145 2190/1/145
f 2192/5/145 2208/3/145 2191/47/147
f 2208/3/145 2193/4/147 2194/46/145
f 2225/19/147 2234/40/145 2235/21/146
f 2227/50/145 2228/57/147 2232/49/145
f 2211/43/147 2223/41/147 2210/51/147
f 2256/1/149 2255/2/150 2274/3/149
f 2259/4/149 2258/5/149 2274/3/149
f 2308/6/149 2303/7/149 2285/8/149
f 2252/9/149 2251/10/149 2250/11/149
f 2281/12/150 2280/13/149 2303/7/149
f 2273/14/150 2261/15/150 2274/3/149
f 2265/16/149 2264/17/149 2272/18/149
f 2291/19/149 2290/20/150 2301/21/149
f 2268/22/150 2267/23/149 2247/24/149
f 2271/25/149 2245/26/149 2266/27/149
f 2273/14/150 2263/28/150 2262/29/149
f 2253/30/150 2252/9/149 2250/11/149
f 2271/25/149 2270/31/149 2245/26/149
f 2248/32/149 2275/33/149 2249/34/149
f 2287/35/149 2303/7/149 2279/36/149
f 2270/31/149 2246/37/149 2245/26/149
f 2263/28/150 2273/14/150 2264/17/149
f 2299/38/149 2292/39/149 2300/40/149
f 2289/41/149 2278/42/149 2277/43/149
f 2253/30/150 2250/11/149 2275/33/149
f 2245/26/149 2306/44/149 2266/27/149
f 2255/2/150 2254/45/149 2274/3/149
f 2274/3/149 2261/15/150 2260/46/149
f 2257/47/149 2256/1/149 2274/3/149
f 2258/5/149 2257/47/149 2274/3/149
f 2274/3/149 2260/46/149 2259/4/149
f 2291/19/149 2300/40/149 2292/39/149
f 2310/48/149 2298/49/149 2293/50/149
f 2277/43/149 2276/51/150 2289/41/149
f 2322/1/151 2340/3/152 2321/2/153
f 2325/4/152 2340/3/152 2324/5/152
f 2350/52/153 2351/8/152 2374/6/152
f 2318/9/153 2316/11/152 2317/10/152
f 2347/12/152 2368/53/154 2373/54/154
f 2339/14/152 2327/15/152 2328/29/152
f 2331/16/154 2332/27/152 2338/18/154
f 2357/19/151 2367/21/152 2356/20/152
f 2334/22/152 2335/55/152 2313/24/152
f 2337/25/152 2332/27/152 2311/26/154
f 2339/14/152 2328/29/152 2329/28/152
f 2319/30/152 2316/11/152 2318/9/153
f 2337/25/152 2311/26/154 2336/31/152
f 2314/32/152 2315/34/151 2341/33/152
f 2345/36/152 2369/7/152 2353/35/152
f 2336/31/152 2312/37/152 2335/55/152
f 2329/28/152 2330/17/152 2339/14/152
f 2358/39/152 2365/38/152 2366/40/152
f 2355/41/152 2344/42/152 2354/56/152
f 2319/30/152 2320/45/152 2341/33/152
f 2311/26/154 2332/27/152 2372/44/152
f 2321/2/153 2340/3/152 2320/45/152
f 2340/3/152 2326/46/152 2327/15/152
f 2323/47/154 2340/3/152 2322/1/151
f 2324/5/152 2340/3/152 2323/47/154
f 2340/3/152 2325/4/152 2326/46/152
f 2357/19/151 2366/40/152 2367/21/152
f 2359/50/152 2360/57/152 2364/49/152
f 2343/43/152 2355/41/152 2342/51/152
f 2388/1/155 2387/2/156 2406/3/156
f 2391/4/156 2390/5/156 2406/3/156
f 2440/6/156 2435/7/156 2417/8/156
f 2384/9/156 2383/10/156 2382/11/156
f 2413/12/155 2412/13/156 2435/7/156
f 2405/14/156 2393/15/156 2406/3/156
f 2397/16/156 2396/17/156 2404/18/156
f 2423/19/156 2422/20/156 2433/21/156
f 2400/22/156 2399/23/156 2379/24/156
f 2403/25/156 2377/26/156 2398/27/156
f 2405/14/156 2395/28/156 2394/29/157
f 2385/30/156 2384/9/156 2382/11/156
f 2403/25/156 2402/31/156 2377/26/156
f 2380/32/155 2407/33/155 2381/34/157
f 2419/35/156 2435/7/156 2411/36/156
f 2402/31/156 2378/37/156 2377/26/156
f 2395/28/156 2405/14/156 2396/17/156
f 2431/38/156 2424/39/156 2432/40/156
f 2421/41/156 2410/42/156 2409/43/156
f 2385/30/156 2382/11/156 2407/33/155
f 2377/26/156 2438/44/156 2398/27/156
f 2387/2/156 2386/45/156 2406/3/156
f 2406/3/156 2393/15/156 2392/46/156
f 2389/47/156 2388/1/155 2406/3/156
f 2390/5/156 2389/47/156 2406/3/156
f 2406/3/156 2392/46/156 2391/4/156
f 2423/19/156 2432/40/156 2424/39/156
f 2442/48/156 2430/49/156 2425/50/156
f 2409/43/156 2408/51/156 2421/41/156
f 2454/1/158 2472/3/159 2453/2/159
f 2457/4/159 2472/3/159 2456/5/159
f 2482/52/159 2483/8/159 2506/6/159
f 2450/9/159 2448/11/159 2449/10/159
f 2479/12/159 2500/53/159 2505/54/159
f 2471/14/158 2459/15/159 2460/29/159
f 2463/16/159 2464/27/159 2470/18/159
f 2489/19/159 2499/21/159 2488/20/159
f 2466/22/159 2467/55/159 2445/24/159
f 2469/25/159 2464/27/159 2443/26/159
f 2471/14/158 2460/29/159 2461/28/158
f 2451/30/159 2448/11/159 2450/9/159
f 2469/25/159 2443/26/159 2468/31/159
f 2446/32/159 2447/34/160 2473/33/159
f 2477/36/159 2501/7/159 2485/35/159
f 2468/31/159 2444/37/159 2467/55/159
f 2461/28/158 2462/17/159 2471/14/158
f 2490/39/159 2497/38/159 2498/40/159
f 2487/41/158 2476/42/159 2486/56/159
f 2451/30/159 2452/45/159 2473/33/159
f 2443/26/159 2464/27/159 2504/44/159
f 2453/2/159 2472/3/159 2452/45/159
f 2472/3/159 2458/46/159 2459/15/159
f 2455/47/159 2472/3/159 2454/1/158
f 2456/5/159 2472/3/159 2455/47/159
f 2472/3/159 2457/4/159 2458/46/159
f 2489/19/159 2498/40/159 2499/21/159
f 2491/50/159 2492/57/158 2496/49/159
f 2475/43/158 2487/41/158 2474/51/158
f 2520/1/161 2519/2/161 2538/3/161
f 2523/4/162 2522/5/161 2538/3/161
f 2572/6/161 2567/7/161 2549/8/161
f 2516/9/161 2515/10/161 2514/11/161
f 2545/12/161 2544/13/161 2567/7/161
f 2537/14/161 2525/15/161 2538/3/161
f 2529/16/161 2528/17/161 2536/18/161
f 2555/19/162 2554/20/162 2565/21/162
f 2532/22/161 2531/23/161 2511/24/161
f 2535/25/161 2509/26/161 2530/27/161
f 2537/14/161 2527/28/161 2526/29/162
f 2517/30/163 2516/9/161 2514/11/161
f 2535/25/161 2534/31/161 2509/26/161
f 2512/32/163 2539/33/163 2513/34/163
f 2551/35/161 2567/7/161 2543/36/161
f 2534/31/161 2510/37/161 2509/26/161
f 2527/28/161 2537/14/161 2528/17/161
f 2563/38/163 2556/39/161 2564/40/161
f 2553/41/161 2542/42/161 2541/43/161
f 2517/30/163 2514/11/161 2539/33/163
f 2509/26/161 2570/44/162 2530/27/161
f 2519/2/161 2518/45/161 2538/3/161
f 2538/3/161 2525/15/161 2524/46/161
f 2521/47/162 2520/1/161 2538/3/161
f 2522/5/161 2521/47/162 2538/3/161
f 2538/3/161 2524/46/161 2523/4/162
f 2555/19/162 2564/40/161 2556/39/161
f 2574/48/161 2562/49/161 2557/50/161
f 2541/43/161 2540/51/163 2553/41/161
f 2586/1/164 2604/3/164 2585/2/165
f 2589/4/164 2604/3/164 2588/5/164
f 2614/52/164 2615/8/164 2638/6/164
f 2582/9/165 2580/11/164 2581/10/164
f 2611/12/164 2632/53/165 2637/54/165
f 2603/14/165 2591/15/164 2592/29/164
f 2595/16/164 2596/27/164 2602/18/164
f 2621/19/164 2631/21/164 2620/20/164
f 2598/22/164 2599/55/164 2577/24/164
f 2601/25/164 2596/27/164 2575/26/164
f 2603/14/165 2592/29/164 2593/28/165
f 2583/30/164 2580/11/164 2582/9/165
f 2601/25/164 2575/26/164 2600/31/164
f 2578/32/164 2579/34/166 2605/33/164
f 2609/36/164 2633/7/164 2617/35/164
f 2600/31/164 2576/37/165 2599/55/164
f 2593/28/165 2594/17/164 2603/14/165
f 2622/39/165 2629/38/164 2630/40/165
f 2619/41/164 2608/42/164 2618/56/164
f 2583/30/164 2584/45/164 2605/33/164
f 2575/26/164 2596/27/164 2636/44/164
f 2585/2/165 2604/3/164 2584/45/164
f 2604/3/164 2590/46/164 2591/15/164
f 2587/47/164 2604/3/164 2586/1/164
f 2588/5/164 2604/3/164 2587/47/164
f 2604/3/164 2589/4/164 2590/46/164
f 2621/19/164 2630/40/165 2631/21/164
f 2623/50/164 2624/57/164 2628/49/164
f 2607/43/164 2619/41/164 2606/51/164
f 2652/1/167 2651/2/168 2670/3/167
f 2655/4/168 2654/5/167 2670/3/167
f 2704/6/167 2699/7/167 2681/8/167
f 2648/9/168 2647/10/168 2646/11/169
f 2677/12/167 2676/13/167 2699/7/167
f 2669/14/168 2657/15/167 2670/3/167
f 2661/16/168 2660/17/167 2668/18/168
f 2687/19/167 2686/20/168 2697/21/168
f 2664/22/167 2663/23/167 2643/24/167
f 2667/25/167 2641/26/167 2662/27/167
f 2669/14/168 2659/28/168 2658/29/169
f 2649/30/167 2648/9/168 2646/11/169
f 2667/25/167 2666/31/169 2641/26/167
f 2644/32/168 2671/33/167 2645/34/168
f 2683/35/167 2699/7/167 2675/36/167
f 2666/31/169 2642/37/167 2641/26/167
f 2659/28/168 2669/14/168 2660/17/167
f 2695/38/169 2688/39/167 2696/40/167
f 2685/41/167 2674/42/167 2673/43/167
f 2649/30/167 2646/11/169 2671/33/167
f 2641/26/167 2702/44/167 2662/27/167
f 2651/2/168 2650/45/167 2670/3/167
f 2670/3/167 2657/15/167 2656/46/167
f 2653/47/167 2652/1/167 2670/3/167
f 2654/5/167 2653/47/167 2670/3/167
f 2670/3/167 2656/46/167 2655/4/168
f 2687/19/167 2696/40/167 2688/39/167
f 2706/48/167 2694/49/167 2689/50/167
f 2673/43/167 2672/51/167 2685/41/167
f 2718/1/170 2736/3/170 2717/2/171
f 2721/4/170 2736/3/170 2720/5/170
f 2746/52/170 2747/8/170 2770/6/170
f 2714/9/171 2712/11/170 2713/10/170
f 2743/12/171 2764/53/171 2769/54/171
f 2735/14/171 2723/15/170 2724/29/171
f 2727/16/170 2728/27/170 2734/18/170
f 2753/19/170 2763/21/171 2752/20/171
f 2730/22/171 2731/55/170 2709/24/171
f 2733/25/170 2728/27/170 2707/26/170
f 2735/14/171 2724/29/171 2725/28/171
f 2715/30/170 2712/11/170 2714/9/171
f 2733/25/170 2707/26/170 2732/31/170
f 2710/32/170 2711/34/172 2737/33/170
f 2741/36/170 2765/7/170 2749/35/170
f 2732/31/170 2708/37/170 2731/55/170
f 2725/28/171 2726/17/170 2735/14/171
f 2754/39/170 2761/38/170 2762/40/170
f 2751/41/171 2740/42/170 2750/56/170
f 2715/30/170 2716/45/170 2737/33/170
f 2707/26/170 2728/27/170 2768/44/171
f 2717/2/171 2736/3/170 2716/45/170
f 2736/3/170 2722/46/171 2723/15/170
f 2719/47/171 2736/3/170 2718/1/170
f 2720/5/170 2736/3/170 2719/47/171
f 2736/3/170 2721/4/170 2722/46/171
f 2753/19/170 2762/40/170 2763/21/171
f 2755/50/170 2756/57/170 2760/49/170
f 2739/43/171 2751/41/171 2738/51/171
f 2784/1/173 2783/2/174 2802/3/175
f 2787/4/175 2786/5/173 2802/3/175
f 2836/6/173 2831/7/175 2813/8/175
f 2780/9/175 2779/10/175 2778/11/173
f 2809/12/173 2808/13/173 2831/7/175
f 2801/14/173 2789/15/175 2802/3/175
f 2793/16/173 2792/17/175 2800/18/173
f 2819/19/173 2818/20/173 2829/21/173
f 2796/22/175 2795/23/175 2775/24/175
f 2799/25/173 2773/26/173 2794/27/173
f 2801/14/173 2791/28/173 2790/29/176
f 2781/30/175 2780/9/175 2778/11/173
f 2799/25/173 2798/31/173 2773/26/173
f 2776/32/173 2803/33/173 2777/34/175
f 2815/35/175 2831/7/175 2807/36/175
f 2798/31/173 2774/37/175 2773/26/173
f 2791/28/173 2801/14/173 2792/17/175
f 2827/38/175 2820/39/175 2828/40/173
f 2817/41/173 2806/42/173 2805/43/173
f 2781/30/175 2778/11/173 2803/33/173
f 2773/26/173 2834/44/175 2794/27/173
f 2783/2/174 2782/45/175 2802/3/175
f 2802/3/175 2789/15/175 2788/46/175
f 2785/47/175 2784/1/173 2802/3/175
f 2786/5/173 2785/47/175 2802/3/175
f 2802/3/175 2788/46/175 2787/4/175
f 2819/19/173 2828/40/173 2820/39/175
f 2838/48/173 2826/49/173 2821/50/175
f 2805/43/173 2804/51/173 2817/41/173
f 2850/1/177 2868/3/178 2849/2/179
f 2853/4/178 2868/3/178 2852/5/178
f 2878/52/179 2879/8/177 2902/6/178
f 2846/9/180 2844/11/178 2845/10/178
f 2875/12/178 2896/53/179 2901/54/179
f 2867/14/180 2855/15/178 2856/29/181
f 2859/16/178 2860/27/179 2866/18/178
f 2885/19/178 2895/21/178 2884/20/178
f 2862/22/177 2863/55/179 2841/24/178
f 2865/25/179 2860/27/179 2839/26/179
f 2867/14/180 2856/29/181 2857/28/180
f 2847/30/177 2844/11/178 2846/9/180
f 2865/25/179 2839/26/179 2864/31/179
f 2842/32/180 2843/34/178 2869/33/180
f 2873/36/178 2897/7/178 2881/35/178
f 2864/31/179 2840/37/180 2863/55/179
f 2857/28/180 2858/17/179 2867/14/180
f 2886/39/178 2893/38/178 2894/40/178
f 2883/41/180 2872/42/180 2882/56/179
f 2847/30/177 2848/45/178 2869/33/180
f 2839/26/179 2860/27/179 2900/44/179
f 2849/2/179 2868/3/178 2848/45/178
f 2868/3/178 2854/46/178 2855/15/178
f 2851/47/178 2868/3/178 2850/1/177
f 2852/5/178 2868/3/178 2851/47/178
f 2868/3/178 2853/4/178 2854/46/178
f 2885/19/178 2894/40/178 2895/21/178
f 2887/50/178 2888/57/178 2892/49/178
f 2871/43/180 2883/41/180 2870/51/180
f 2916/1/182 2915/2/183 2934/3/184
f 2919/4/184 2918/5/184 2934/3/184
f 2968/6/184 2963/7/184 2945/8/184
f 2912/9/182 2911/10/182 2910/11/182
f 2941/12/184 2940/13/182 2963/7/184
f 2933/14/184 2921/15/182 2934/3/184
f 2925/16/182 2924/17/182 2932/18/184
f 2951/19/182 2950/20/184 2961/21/184
f 2928/22/182 2927/23/182 2907/24/182
f 2931/25/182 2905/26/182 2926/27/184
f 2933/14/184 2923/28/184 2922/29/184
f 2913/30/184 2912/9/182 2910/11/182
f 2931/25/182 2930/31/184 2905/26/182
f 2908/32/183 2935/33/183 2909/34/184
f 2947/35/184 2963/7/184 2939/36/184
f 2930/31/184 2906/37/184 2905/26/182
f 2923/28/184 2933/14/184 2924/17/182
f 2959/38/182 2952/39/184 2960/40/184
f 2949/41/184 2938/42/184 2937/43/184
f 2913/30/184 2910/11/182 2935/33/183
f 2905/26/182 2966/44/184 2926/27/184
f 2915/2/183 2914/45/183 2934/3/184
f 2934/3/184 2921/15/182 2920/46/184
f 2917/47/184 2916/1/182 2934/3/184
f 2918/5/184 2917/47/184 2934/3/184
f 2934/3/184 2920/46/184 2919/4/184
f 2951/19/182 2960/40/184 2952/39/184
f 2970/48/182 2958/49/184 2953/50/182
f 2937/43/184 2936/51/184 2949/41/184
f 2982/1/185 3000/3/186 2981/2/185
f 2985/4/185 3000/3/186 2984/5/186
f 3010/52/185 3011/8/185 3034/6/185
f 2978/9/186 2976/11/185 2977/10/185
f 3007/12/186 3028/53/186 3033/54/186
f 2999/14/186 2987/15/186 2988/29/186
f 2991/16/185 2992/27/185 2998/18/185
f 3017/19/186 3027/21/186 3016/20/186
f 2994/22/185 2995/55/186 2973/24/185
f 2997/25/185 2992/27/185 2971/26/185
f 2999/14/186 2988/29/186 2989/28/186
f 2979/30/186 2976/11/185 2978/9/186
f 2997/25/185 2971/26/185 2996/31/185
f 2974/32/186 2975/34/186 3001/33/186
f 3005/36/185 3029/7/185 3013/35/185
f 2996/31/185 2972/37/186 2995/55/186
f 2989/28/186 2990/17/186 2999/14/186
f 3018/39/186 3025/38/185 3026/40/186
f 3015/41/186 3004/42/185 3014/56/185
f 2979/30/186 2980/45/185 3001/33/186
f 2971/26/185 2992/27/185 3032/44/185
f 2981/2/185 3000/3/186 2980/45/185
f 3000/3/186 2986/46/186 2987/15/186
f 2983/47/186 3000/3/186 2982/1/185
f 2984/5/186 3000/3/186 2983/47/186
f 3000/3/186 2985/4/185 2986/46/186
f 3017/19/186 3026/40/186 3027/21/186
f 3019/50/185 3020/57/185 3024/49/185
f 3003/43/186 3015/41/186 3002/51/186
f 3048/1/187 3047/2/188 3066/3/189
f 3051/4/189 3050/5/187 3066/3/189
f 3100/6/187 3095/7/189 3077/8/189
f 3044/9/190 3043/10/190 3042/11/187
f 3073/12/187 3072/13/187 3095/7/189
f 3065/14/190 3053/15/189 3066/3/189
f 3057/16/188 3056/17/190 3064/18/190
f 3083/19/189 3082/20/187 3093/21/187
f 3060/22/189 3059/23/187 3039/24/189
f 3063/25/190 3037/26/189 3058/27/189
f 3065/14/190 3055/28/190 3054/29/187
f 3045/30/191 3044/9/190 3042/11/187
f 3063/25/190 3062/31/188 3037/26/189
f 3040/32/187 3067/33/187 3041/34/190
f 3079/35/189 3095/7/189 3071/36/187
f 3062/31/188 3038/37/187 3037/26/189
f 3055/28/190 3065/14/190 3056/17/190
f 3091/38/189 3084/39/189 3092/40/189
f 3081/41/187 3070/42/189 3069/43/187
f 3045/30/191 3042/11/187 3067/33/187
f 3037/26/189 3098/44/187 3058/27/189
f 3047/2/188 3046/45/187 3066/3/189
f 3066/3/189 3053/15/189 3052/46/187
f 3049/47/189 3048/1/187 3066/3/189
f 3050/5/187 3049/47/189 3066/3/189
f 3066/3/189 3052/46/187 3051/4/189
f 3083/19/189 3092/40/189 3084/39/189
f 3102/48/187 3090/49/189 3085/50/187
f 3069/43/187 3068/51/187 3081/41/187
f 3114/1/192 3132/3/192 3113/2/193
f 3117/4/193 3132/3/192 3116/5/193
f 3142/52/193 3143/8/193 3166/6/192
f 3110/9/192 3108/11/192 3109/10/192
f 3139/12/192 3160/53/193 3165/54/193
f 3131/14/193 3119/15/192 3120/29/193
f 3123/16/192 3124/27/192 3130/18/192
f 3149/19/192 3159/21/192 3148/20/192
f 3126/22/192 3127/55/192 3105/24/192
f 3129/25/192 3124/27/192 3103/26/192
f 3131/14/193 3120/29/193 3121/28/193
f 3111/30/193 3108/11/192 3110/9/192
f 3129/25/192 3103/26/192 3128/31/192
f 3106/32/193 3107/34/194 3133/33/193
f 3137/36/192 3161/7/192 3145/35/192
f 3128/31/192 3104/37/192 3127/55/192
f 3121/28/193 3122/17/193 3131/14/193
f 3150/39/192 3157/38/192 3158/40/193
f 3147/41/193 3136/42/193 3146/56/192
f 3111/30/193 3112/45/192 3133/33/193
f 3103/26/192 3124/27/192 3164/44/192
f 3113/2/193 3132/3/192 3112/45/192
f 3132/3/192 3118/46/192 3119/15/192
f 3115/47/192 3132/3/192 3114/1/192
f 3116/5/193 3132/3/192 3115/47/192
f 3132/3/192 3117/4/193 3118/46/192
f 3149/19/192 3158/40/193 3159/21/192
f 3151/50/192 3152/57/192 3156/49/192
f 3135/43/193 3147/41/193 3134/51/192
f 3180/1/195 3179/2/195 3198/3/195
f 3183/4/195 3182/5/195 3198/3/195
f 3232/6/195 3227/7/196 3209/8/195
f 3176/9/196 3175/10/196 3174/11/195
f 3205/12/196 3204/13/195 3227/7/196
f 3197/14/195 3185/15/195 3198/3/195
f 3189/16/195 3188/17/196 3196/18/196
f 3215/19/195 3214/20/195 3225/21/195
f 3192/22/195 3191/23/195 3171/24/195
f 3195/25/196 3169/26/196 3190/27/196
f 3197/14/195 3187/28/195 3186/29/195
f 3177/30/196 3176/9/196 3174/11/195
f 3195/25/196 3194/31/195 3169/26/196
f 3172/32/195 3199/33/195 3173/34/197
f 3211/35/196 3227/7/196 3203/36/195
f 3194/31/195 3170/37/195 3169/26/196
f 3187/28/195 3197/14/195 3188/17/196
f 3223/38/195 3216/39/195 3224/40/195
f 3213/41/195 3202/42/196 3201/43/195
f 3177/30/196 3174/11/195 3199/33/195
f 3169/26/196 3230/44/196 3190/27/196
f 3179/2/195 3178/45/195 3198/3/195
f 3198/3/195 3185/15/195 3184/46/196
f 3181/47/197 3180/1/195 3198/3/195
f 3182/5/195 3181/47/197 3198/3/195
f 3198/3/195 3184/46/196 3183/4/195
f 3215/19/195 3224/40/195 3216/39/195
f 3234/48/195 3222/49/196 3217/50/195
f 3201/43/195 3200/51/195 3213/41/195
f 3246/1/198 3264/3/198 3245/2/199
f 3249/4/198 3264/3/198 3248/5/198
f 3274/52/198 3275/8/200 3298/6/199
f 3242/9/198 3240/11/200 3241/10/198
f 3271/12/198 3292/53/199 3297/54/199
f 3263/14/198 3251/15/198 3252/29/198
f 3255/16/199 3256/27/198 3262/18/199
f 3281/19/199 3291/21/199 3280/20/199
f 3258/22/198 3259/55/198 3237/24/198
f 3261/25/199 3256/27/198 3235/26/199
f 3263/14/198 3252/29/198 3253/28/199
f 3243/30/199 3240/11/200 3242/9/198
f 3261/25/199 3235/26/199 3260/31/201
f 3238/32/198 3239/34/201 3265/33/198
f 3269/36/199 3293/7/198 3277/35/199
f 3260/31/201 3236/37/198 3259/55/198
f 3253/28/199 3254/17/198 3263/14/198
f 3282/39/198 3289/38/199 3290/40/198
f 3279/41/198 3268/42/199 3278/56/199
f 3243/30/199 3244/45/200 3265/33/198
f 3235/26/199 3256/27/198 3296/44/198
f 3245/2/199 3264/3/198 3244/45/200
f 3264/3/198 3250/46/199 3251/15/198
f 3247/47/198 3264/3/198 3246/1/198
f 3248/5/198 3264/3/198 3247/47/198
f 3264/3/198 3249/4/198 3250/46/199
f 3281/19/199 3290/40/198 3291/21/199
f 3283/50/198 3284/57/198 3288/49/199
f 3267/43/198 3279/41/198 3266/51/198
f 3312/1/202 3311/2/203 3330/3/204
f 3315/4/204 3314/5/204 3330/3/204
f 3364/6/204 3359/7/204 3341/8/204
f 3308/9/204 3307/10/204 3306/11/204
f 3337/12/205 3336/13/204 3359/7/204
f 3329/14/204 3317/15/204 3330/3/204
f 3321/16/205 3320/17/205 3328/18/204
f 3347/19/205 3346/20/205 3357/21/205
f 3324/22/204 3323/23/204 3303/24/204
f 3327/25/204 3301/26/204 3322/27/204
f 3329/14/204 3319/28/204 3318/29/204
f 3309/30/204 3308/9/204 3306/11/204
f 3327/25/204 3326/31/204 3301/26/204
f 3304/32/204 3331/33/204 3305/34/206
f 3343/35/204 3359/7/204 3335/36/204
f 3326/31/204 3302/37/204 3301/26/204
f 3319/28/204 3329/14/204 3320/17/205
f 3355/38/204 3348/39/204 3356/40/204
f 3345/41/205 3334/42/204 3333/43/205
f 3309/30/204 3306/11/204 3331/33/204
f 3301/26/204 3362/44/205 3322/27/204
f 3311/2/203 3310/45/204 3330/3/204
f 3330/3/204 3317/15/204 3316/46/204
f 3313/47/204 3312/1/202 3330/3/204
f 3314/5/204 3313/47/204 3330/3/204
f 3330/3/204 3316/46/204 3315/4/204
f 3347/19/205 3356/40/204 3348/39/204
f 3366/48/204 3354/49/204 3349/50/204
f 3333/43/205 3332/51/205 3345/41/205
f 3378/1/207 3396/3/207 3377/2/208
f 3381/4/208 3396/3/207 3380/5/207
f 3406/52/207 3407/8/207 3430/6/207
f 3374/9/207 3372/11/208 3373/10/208
f 3403/12/207 3424/53/207 3429/54/207
f 3395/14/207 3383/15/207 3384/29/208
f 3387/16/207 3388/27/208 3394/18/207
f 3413/19/207 3423/21/207 3412/20/207
f 3390/22/207 3391/55/207 3369/24/207
f 3393/25/208 3388/27/208 3367/26/207
f 3395/14/207 3384/29/208 3385/28/207
f 3375/30/207 3372/11/208 3374/9/207
f 3393/25/208 3367/26/207 3392/31/209
f 3370/32/207 3371/34/210 3397/33/207
f 3401/36/207 3425/7/207 3409/35/207
f 3392/31/209 3368/37/207 3391/55/207
f 3385/28/207 3386/17/208 3395/14/207
f 3414/39/207 3421/38/207 3422/40/207
f 3411/41/208 3400/42/207 3410/56/207
f 3375/30/207 3376/45/208 3397/33/207
f 3367/26/207 3388/27/208 3428/44/207
f 3377/2/208 3396/3/207 3376/45/208
f 3396/3/207 3382/46/208 3383/15/207
f 3379/47/207 3396/3/207 3378/1/207
f 3380/5/207 3396/3/207 3379/47/207
f 3396/3/207 3381/4/208 3382/46/208
f 3413/19/207 3422/40/207 3423/21/207
f 3415/50/207 3416/57/207 3420/49/208
f 3399/43/208 3411/41/208 3398/51/207
f 3444/1/211 3443/2/211 3462/3/211
f 3447/4/211 3446/5/211 3462/3/211
f 3496/6/211 3491/7/211 3473/8/211
f 3440/9/211 3439/10/211 3438/11/212
f 3469/12/212 3468/13/211 3491/7/211
f 3461/14/212 3449/15/211 3462/3/211
f 3453/16/212 3452/17/212 3460/18/212
f 3479/19/212 3478/20/212 3489/21/212
f 3456/22/211 3455/23/211 3435/24/211
f 3459/25/211 3433/26/212 3454/27/211
f 3461/14/212 3451/28/212 3450/29/212
f 3441/30/211 3440/9/211 3438/11/212
f 3459/25/211 3458/31/212 3433/26/212
f 3436/32/211 3463/33/211 3437/34/213
f 3475/35/211 3491/7/211 3467/36/211
f 3458/31/212 3434/37/212 3433/26/212
f 3451/28/212 3461/14/212 3452/17/212
f 3487/38/211 3480/39/211 3488/40/211
f 3477/41/211 3466/42/211 3465/43/211
f 3441/30/211 3438/11/212 3463/33/211
f 3433/26/212 3494/44/211 3454/27/211
f 3443/2/211 3442/45/211 3462/3/211
f 3462/3/211 3449/15/211 3448/46/211
f 3445/47/211 3444/1/211 3462/3/211
f 3446/5/211 3445/47/211 3462/3/211
f 3462/3/211 3448/46/211 3447/4/211
f 3479/19/212 3488/40/211 3480/39/211
f 3498/48/212 3486/49/211 3481/50/211
f 3465/43/211 3464/51/211 3477/41/211
f 3510/1/214 3528/3/215 3509/2/215
f 3513/4/215 3528/3/215 3512/5/215
f 3538/52/215 3539/8/214 3562/6/215
f 3506/9/214 3504/11/214 3505/10/215
f 3535/12/214 3556/53/214 3561/54/214
f 3527/14/214 3515/15/215 3516/29/214
f 3519/16/214 3520/27/214 3526/18/214
f 3545/19/215 3555/21/214 3544/20/216
f 3522/22/215 3523/55/215 3501/24/215
f 3525/25/215 3520/27/214 3499/26/215
f 3527/14/214 3516/29/214 3517/28/214
f 3507/30/214 3504/11/214 3506/9/214
f 3525/25/215 3499/26/215 3524/31/214
f 3502/32/215 3503/34/217 3529/33/215
f 3533/36/214 3557/7/215 3541/35/215
f 3524/31/214 3500/37/215 3523/55/215
f 3517/28/214 3518/17/214 3527/14/214
f 3546/39/215 3553/38/215 3554/40/215
f 3543/41/215 3532/42/215 3542/56/215
f 3507/30/214 3508/45/215 3529/33/215
f 3499/26/215 3520/27/214 3560/44/215
f 3509/2/215 3528/3/215 3508/45/215
f 3528/3/215 3514/46/214 3515/15/215
f 3511/47/214 3528/3/215 3510/1/214
f 3512/5/215 3528/3/215 3511/47/214
f 3528/3/215 3513/4/215 3514/46/214
f 3545/19/215 3554/40/215 3555/21/214
f 3547/50/215 3548/57/214 3552/49/215
f 3531/43/215 3543/41/215 3530/51/215
f 3576/1/218 3575/2/219 3594/3/220
f 3579/4/218 3578/5/218 3594/3/220
f 3628/6/220 3623/7/220 3605/8/218
f 3572/9/220 3571/10/218 3570/11/218
f 3601/12/220 3600/13/218 3623/7/220
f 3593/14/220 3581/15/220 3594/3/220
f 3585/16/220 3584/17/220 3592/18/220
f 3611/19/221 3610/20/221 3621/21/221
f 3588/22/218 3587/23/218 3567/24/218
f 3591/25/220 3565/26/218 3586/27/220
f 3593/14/220 3583/28/220 3582/29/219
f 3573/30/220 3572/9/220 3570/11/218
f 3591/25/220 3590/31/218 3565/26/218
f 3568/32/220 3595/33/220 3569/34/221
f 3607/35/218 3623/7/220 3599/36/220
f 3590/31/218 3566/37/220 3565/26/218
f 3583/28/220 3593/14/220 3584/17/220
f 3619/38/220 3612/39/220 3620/40/220
f 3609/41/220 3598/42/218 3597/43/220
f 3573/30/220 3570/11/218 3595/33/220
f 3565/26/218 3626/44/220 3586/27/220
f 3575/2/219 3574/45/220 3594/3/220
f 3594/3/220 3581/15/220 3580/46/220
f 3577/47/221 3576/1/218 3594/3/220
f 3578/5/218 3577/47/221 3594/3/220
f 3594/3/220 3580/46/220 3579/4/218
f 3611/19/221 3620/40/220 3612/39/220
f 3630/48/220 3618/49/218 3613/50/220
f 3597/43/220 3596/51/218 3609/41/220
f 3642/1/222 3660/3/223 3641/2/224
f 3645/4/223 3660/3/223 3644/5/225
f 3670/52/223 3671/8/223 3694/6/223
f 3638/9/223 3636/11/225 3637/10/225
f 3667/12/223 3688/53/225 3693/54/225
f 3659/14/223 3647/15/225 3648/29/223
f 3651/16/225 3652/27/223 3658/18/225
f 3677/19/223 3687/21/223 3676/20/223
f 3654/22/223 3655/55/223 3633/24/223
f 3657/25/223 3652/27/223 3631/26/223
f 3659/14/223 3648/29/223 3649/28/223
f 3639/30/223 3636/11/225 3638/9/223
f 3657/25/223 3631/26/223 3656/31/225
f 3634/32/223 3635/34/225 3661/33/223
f 3665/36/223 3689/7/223 3673/35/223
f 3656/31/225 3632/37/223 3655/55/223
f 3649/28/223 3650/17/223 3659/14/223
f 3678/39/223 3685/38/223 3686/40/223
f 3675/41/223 3664/42/225 3674/56/223
f 3639/30/223 3640/45/225 3661/33/223
f 3631/26/223 3652/27/223 3692/44/223
f 3641/2/224 3660/3/223 3640/45/225
f 3660/3/223 3646/46/223 3647/15/225
f 3643/47/225 3660/3/223 3642/1/222
f 3644/5/225 3660/3/223 3643/47/225
f 3660/3/223 3645/4/223 3646/46/223
f 3677/19/223 3686/40/223 3687/21/223
f 3679/50/223 3680/57/225 3684/49/225
f 3663/43/223 3675/41/223 3662/51/223
f 3708/1/226 3707/2/227 3726/3/226
f 3711/4/226 3710/5/227 3726/3/226
f 3760/6/226 3755/7/226 3737/8/226
f 3704/9/226 3703/10/226 3702/11/226
f 3733/12/226 3732/13/226 3755/7/226
f 3725/14/227 3713/15/226 3726/3/226
f 3717/16/226 3716/17/226 3724/18/226
f 3743/19/227 3742/20/226 3753/21/226
f 3720/22/226 3719/23/226 3699/24/226
f 3723/25/226 3697/26/226 3718/27/226
f 3725/14/227 3715/28/227 3714/29/228
f 3705/30/227 3704/9/226 3702/11/226
f 3723/25/226 3722/31/226 3697/26/226
f 3700/32/226 3727/33/226 3701/34/226
f 3739/35/226 3755/7/226 3731/36/226
f 3722/31/226 3698/37/226 3697/26/226
f 3715/28/227 3725/14/227 3716/17/226
f 3751/38/226 3744/39/226 3752/40/226
f 3741/41/226 3730/42/226 3729/43/226
f 3705/30/227 3702/11/226 3727/33/226
f 3697/26/226 3758/44/226 3718/27/226
f 3707/2/227 3706/45/226 3726/3/226
f 3726/3/226 3713/15/226 3712/46/226
f 3709/47/227 3708/1/226 3726/3/226
f 3710/5/227 3709/47/227 3726/3/226
f 3726/3/226 3712/46/226 3711/4/226
f 3743/19/227 3752/40/226 3744/39/226
f 3762/48/227 3750/49/226 3745/50/226
f 3729/43/226 3728/51/226 3741/41/226
f 3774/1/229 3792/3/230 3773/2/231
f 3777/4/229 3792/3/230 3776/5/229
f 3802/52/230 3803/8/230 3826/6/230
f 3770/9/230 3768/11/229 3769/10/231
f 3799/12/230 3820/53/230 3825/54/230
f 3791/14/231 3779/15/232 3780/29/229
f 3783/16/232 3784/27/229 3790/18/232
f 3809/19/229 3819/21/229 3808/20/230
f 3786/22/232 3787/55/230 3765/24/232
f 3789/25/229 3784/27/229 3763/26/230
f 3791/14/231 3780/29/229 3781/28/231
f 3771/30/229 3768/11/229 3770/9/230
f 3789/25/229 3763/26/230 3788/31/229
f 3766/32/229 3767/34/230 3793/33/229
f 3797/36/229 3821/7/230 3805/35/230
f 3788/31/229 3764/37/230 3787/55/230
f 3781/28/231 3782/17/230 3791/14/231
f 3810/39/230 3817/38/230 3818/40/230
f 3807/41/230 3796/42/230 3806/56/230
f 3771/30/229 3772/45/232 3793/33/229
f 3763/26/230 3784/27/229 3824/44/232
f 3773/2/231 3792/3/230 3772/45/232
f 3792/3/230 3778/46/230 3779/15/232
f 3775/47/232 3792/3/230 3774/1/229
f 3776/5/229 3792/3/230 3775/47/232
f 3792/3/230 3777/4/229 3778/46/230
f 3809/19/229 3818/40/230 3819/21/229
f 3811/50/230 3812/57/229 3816/49/231
f 3795/43/230 3807/41/230 3794/51/232
f 3840/1/233 3839/2/234 3858/3/233
f 3843/4/233 3842/5/233 3858/3/233
f 3892/6/233 3887/7/233 3869/8/233
f 3836/9/233 3835/10/234 3834/11/234
f 3865/12/233 3864/13/233 3887/7/233
f 3857/14/234 3845/15/234 3858/3/233
f 3849/16/234 3848/17/233 3856/18/234
f 3875/19/233 3874/20/233 3885/21/233
f 3852/22/233 3851/23/233 3831/24/234
f 3855/25/233 3829/26/233 3850/27/233
f 3857/14/234 3847/28/234 3846/29/233
f 3837/30/233 3836/9/233 3834/11/234
f 3855/25/233 3854/31/233 3829/26/233
f 3832/32/234 3859/33/234 3833/34/233
f 3871/35/233 3887/7/233 3863/36/233
f 3854/31/233 3830/37/233 3829/26/233
f 3847/28/234 3857/14/234 3848/17/233
f 3883/38/233 3876/39/233 3884/40/233
f 3873/41/233 3862/42/233 3861/43/233
f 3837/30/233 3834/11/234 3859/33/234
f 3829/26/233 3890/44/233 3850/27/233
f 3839/2/234 3838/45/233 3858/3/233
f 3858/3/233 3845/15/234 3844/46/233
f 3841/47/234 3840/1/233 3858/3/233
f 3842/5/233 3841/47/234 3858/3/233
f 3858/3/233 3844/46/233 3843/4/233
f 3875/19/233 3884/40/233 3876/39/233
f 3894/48/234 3882/49/234 3877/50/233
f 3861/43/233 3860/51/233 3873/41/233
f 3906/1/235 3924/3/235 3905/2/235
f 3909/4/235 3924/3/235 3908/5/236
f 3934/52/235 3935/8/235 3958/6/235
f 3902/9/235 3900/11/235 3901/10/235
f 3931/12/235 3952/53/235 3957/54/235
f 3923/14/236 3911/15/235 3912/29/235
f 3915/16/235 3916/27/235 3922/18/235
f 3941/19/236 3951/21/236 3940/20/236
f 3918/22/235 3919/55/235 3897/24/235
f 3921/25/235 3916/27/235 3895/26/235
f 3923/14/236 3912/29/235 3913/28/236
f 3903/30/235 3900/11/235 3902/9/235
f 3921/25/235 3895/26/235 3920/31/235
f 3898/32/236 3899/34/235 3925/33/236
f 3929/36/235 3953/7/235 3937/35/235
f 3920/31/235 3896/37/235 3919/55/235
f 3913/28/236 3914/17/235 3923/14/236
f 3942/39/235 3949/38/235 3950/40/235
f 3939/41/235 3928/42/235 3938/56/235
f 3903/30/235 3904/45/236 3925/33/236
f 3895/26/235 3916/27/235 3956/44/235
f 3905/2/235 3924/3/235 3904/45/236
f 3924/3/235 3910/46/236 3911/15/235
f 3907/47/235 3924/3/235 3906/1/235
f 3908/5/236 3924/3/235 3907/47/235
f 3924/3/235 3909/4/235 3910/46/236
f 3941/19/236 3950/40/235 3951/21/236
f 3943/50/235 3944/57/235 3948/49/235
f 3927/43/235 3939/41/235 3926/51/235
f 3972/1/237 3971/2/238 3990/3/237
f 3975/4/237 3974/5/237 3990/3/237
f 4024/6/237 4019/7/237 4001/8/237
f 3968/9/237 3967/10/238 3966/11/238
f 3997/12/238 3996/13/237 4019/7/237
f 3989/14/238 3977/15/238 3990/3/237
f 3981/16/238 3980/17/238 3988/18/237
f 4007/19/238 4006/20/239 4017/21/239
f 3984/22/237 3983/23/237 3963/24/237
f 3987/25/237 3961/26/237 3982/27/237
f 3989/14/238 3979/28/238 3978/29/238
f 3969/30/240 3968/9/237 3966/11/238
f 3987/25/237 3986/31/237 3961/26/237
f 3964/32/238 3991/33/238 3965/34/237
f 4003/35/237 4019/7/237 3995/36/237
f 3986/31/237 3962/37/237 3961/26/237
f 3979/28/238 3989/14/238 3980/17/238
f 4015/38/237 4008/39/237 4016/40/237
f 4005/41/237 3994/42/237 3993/43/237
f 3969/30/240 3966/11/238 3991/33/238
f 3961/26/237 4022/44/237 3982/27/237
f 3971/2/238 3970/45/238 3990/3/237
f 3990/3/237 3977/15/238 3976/46/237
f 3973/47/237 3972/1/237 3990/3/237
f 3974/5/237 3973/47/237 3990/3/237
f 3990/3/237 3976/46/237 3975/4/237
f 4007/19/238 4016/40/237 4008/39/237
f 4026/48/237 4014/49/237 4009/50/237
f 3993/43/237 3992/51/237 4005/41/237
f 4038/1/241 4056/3/241 4037/2/241
f 4041/4/241 4056/3/241 4040/5/241
f 4066/52/241 4067/8/241 4090/6/241
f 4034/9/241 4032/11/241 4033/10/241
f 4063/12/241 4084/53/242 4089/54/242
f 4055/14/241 4043/15/241 4044/29/243
f 4047/16/241 4048/27/241 4054/18/241
f 4073/19/241 4083/21/241 4072/20/241
f 4050/22/241 4051/55/241 4029/24/241
f 4053/25/241 4048/27/241 4027/26/241
f 4055/14/241 4044/29/243 4045/28/241
f 4035/30/242 4032/11/241 4034/9/241
f 4053/25/241 4027/26/241 4052/31/242
f 4030/32/241 4031/34/244 4057/33/241
f 4061/36/241 4085/7/241 4069/35/241
f 4052/31/242 4028/37/241 4051/55/241
f 4045/28/241 4046/17/241 4055/14/241
f 4074/39/241 4081/38/242 4082/40/241
f 4071/41/241 4060/42/241 4070/56/241
f 4035/30/242 4036/45/241 4057/33/241
f 4027/26/241 4048/27/241 4088/44/241
f 4037/2/241 4056/3/241 4036/45/241
f 4056/3/241 4042/46/241 4043/15/241
f 4039/47/241 4056/3/241 4038/1/241
f 4040/5/241 4056/3/241 4039/47/241
f 4056/3/241 4041/4/241 4042/46/241
f 4073/19/241 4082/40/241 4083/21/241
f 4075/50/241 4076/57/241 4080/49/241
f 4059/43/241 4071/41/241 4058/51/242
f 4104/1/245 4103/2/246 4122/3/246
f 4107/4/245 4106/5/246 4122/3/246
f 4156/6/246 4151/7/245 4133/8/245
f 4100/9/245 4099/10/246 4098/11/246
f 4129/12/246 4128/13/245 4151/7/245
f 4121/14/246 4109/15/246 4122/3/246
f 4113/16/245 4112/17/246 4120/18/245
f 4139/19/246 4138/20/246 4149/21/246
f 4116/22/245 4115/23/245 4095/24/245
f 4119/25/245 4093/26/245 4114/27/246
f 4121/14/246 4111/28/246 4110/29/247
f 4101/30/245 4100/9/245 4098/11/246
f 4119/25/245 4118/31/246 4093/26/245
f 4096/32/246 4123/33/246 4097/34/245
f 4135/35/245 4151/7/245 4127/36/245
f 4118/31/246 4094/37/245 4093/26/245
f 4111/28/246 4121/14/246 4112/17/246
f 4147/38/245 4140/39/245 4148/40/245
f 4137/41/245 4126/42/245 4125/43/246
f 4101/30/245 4098/11/246 4123/33/246
f 4093/26/245 4154/44/246 4114/27/246
f 4103/2/246 4102/45/246 4122/3/246
f 4122/3/246 4109/15/246 4108/46/246
f 4105/47/245 4104/1/245 4122/3/246
f 4106/5/246 4105/47/245 4122/3/246
f 4122/3/246 4108/46/246 4107/4/245
f 4139/19/246 4148/40/245 4140/39/245
f 4158/48/245 4146/49/245 4141/50/246
f 4125/43/246 4124/51/246 4137/41/245
f 4170/1/248 4188/3/248 4169/2/248
f 4173/4/248 4188/3/248 4172/5/248
f 4198/52/248 4199/8/248 4222/6/248
f 4166/9/248 4164/11/249 4165/10/248
f 4195/12/248 4216/53/248 4221/54/248
f 4187/14/248 4175/15/248 4176/29/249
f 4179/16/250 4180/27/248 4186/18/250
f 4205/19/248 4215/21/248 4204/20/248
f 4182/22/248 4183/55/248 4161/24/248
f 4185/25/248 4180/27/248 4159/26/250
f 4187/14/248 4176/29/249 4177/28/248
f 4167/30/248 4164/11/249 4166/9/248
f 4185/25/248 4159/26/250 4184/31/250
f 4162/32/248 4163/34/251 4189/33/248
f 4193/36/248 4217/7/248 4201/35/248
f 4184/31/250 4160/37/248 4183/55/248
f 4177/28/248 4178/17/250 4187/14/248
f 4206/39/250 4213/38/249 4214/40/250
f 4203/41/248 4192/42/248 4202/56/248
f 4167/30/248 4168/45/248 4189/33/248
f 4159/26/250 4180/27/248 4220/44/248
f 4169/2/248 4188/3/248 4168/45/248
f 4188/3/248 4174/46/248 4175/15/248
f 4171/47/248 4188/3/248 4170/1/248
f 4172/5/248 4188/3/248 4171/47/248
f 4188/3/248 4173/4/248 4174/46/248
f 4205/19/248 4214/40/250 4215/21/248
f 4207/50/248 4208/57/248 4212/49/248
f 4191/43/248 4203/41/248 4190/51/248
f 4236/1/252 4235/2/253 4254/3/252
f 4239/4/253 4238/5/252 4254/3/252
f 4288/6/253 4283/7/252 4265/8/252
f 4232/9/253 4231/10/252 4230/11/252
f 4261/12/252 4260/13/252 4283/7/252
f 4253/14/253 4241/15/252 4254/3/252
f 4245/16/253 4244/17/253 4252/18/253
f 4271/19/252 4270/20/252 4281/21/252
f 4248/22/252 4247/23/252 4227/24/252
f 4251/25/252 4225/26/253 4246/27/252
f 4253/14/253 4243/28/252 4242/29/254
f 4233/30/252 4232/9/253 4230/11/252
f 4251/25/252 4250/31/253 4225/26/253
f 4228/32/253 4255/33/253 4229/34/255
f 4267/35/252 4283/7/252 4259/36/252
f 4250/31/253 4226/37/253 4225/26/253
f 4243/28/252 4253/14/253 4244/17/253
f 4279/38/252 4272/39/252 4280/40/252
f 4269/41/253 4258/42/252 4257/43/253
f 4233/30/252 4230/11/252 4255/33/253
f 4225/26/253 4286/44/252 4246/27/252
f 4235/2/253 4234/45/253 4254/3/252
f 4254/3/252 4241/15/252 4240/46/253
f 4237/47/252 4236/1/252 4254/3/252
f 4238/5/252 4237/47/252 4254/3/252
f 4254/3/252 4240/46/253 4239/4/253
f 4271/19/252 4280/40/252 4272/39/252
f 4290/48/252 4278/49/252 4273/50/252
f 4257/43/253 4256/51/253 4269/41/253
f 4302/1/256 4320/3/257 4301/2/256
f 4305/4/258 4320/3/257 4304/5/258
f 4330/52/256 4331/8/258 4354/6/257
f 4298/9/258 4296/11/257 4297/10/257
f 4327/12/258 4348/53/259 4353/54/258
f 4319/14/258 4307/15/257 4308/29/257
f 4311/16/257 4312/27/258 4318/18/257
f 4337/19/259 4347/21/256 4336/20/256
f 4314/22/257 4315/55/257 4293/24/258
f 4317/25/258 4312/27/258 4291/26/257
f 4319/14/258 4308/29/257 4309/28/258
f 4299/30/256 4296/11/257 4298/9/258
f 4317/25/258 4291/26/257 4316/31/257
f 4294/32/257 4295/34/257 4321/33/257
f 4325/36/257 4349/7/257 4333/35/257
f 4316/31/257 4292/37/257 4315/55/257
f 4309/28/258 4310/17/258 4319/14/258
f 4338/39/257 4345/38/260 4346/40/257
f 4335/41/258 4324/42/257 4334/56/257
f 4299/30/256 4300/45/257 4321/33/257
f 4291/26/257 4312/27/258 4352/44/257
f 4301/2/256 4320/3/257 4300/45/257
f 4320/3/257 4306/46/257 4307/15/257
f 4303/47/258 4320/3/257 4302/1/256
f 4304/5/258 4320/3/257 4303/47/258
f 4320/3/257 4305/4/258 4306/46/257
f 4337/19/259 4346/40/257 4347/21/256
f 4339/50/257 4340/57/257 4344/49/257
f 4323/43/258 4335/41/258 4322/51/258
f 4368/1/261 4367/2/262 4386/3/262
f 4371/4/263 4370/5/262 4386/3/262
f 4420/6/262 4415/7/262 4397/8/263
f 4364/9/262 4363/10/264 4362/11/263
f 4393/12/262 4392/13/262 4415/7/262
f 4385/14/263 4373/15/263 4386/3/262
f 4377/16/263 4376/17/263 4384/18/262
f 4403/19/263 4402/20/263 4413/21/263
f 4380/22/262 4379/23/262 4359/24/262
f 4383/25/262 4357/26/262 4378/27/262
f 4385/14/263 4375/28/263 4374/29/262
f 4365/30/263 4364/9/262 4362/11/263
f 4383/25/262 4382/31/263 4357/26/262
f 4360/32/263 4387/33/263 4361/34/265
f 4399/35/263 4415/7/262 4391/36/263
f 4382/31/263 4358/37/262 4357/26/262
f 4375/28/263 4385/14/263 4376/17/263
f 4411/38/263 4404/39/263 4412/40/262
f 4401/41/262 4390/42/262 4389/43/262
f 4365/30/263 4362/11/263 4387/33/263
f 4357/26/262 4418/44/262 4378/27/262
f 4367/2/262 4366/45/262 4386/3/262
f 4386/3/262 4373/15/263 4372/46/262
f 4369/47/262 4368/1/261 4386/3/262
f 4370/5/262 4369/47/262 4386/3/262
f 4386/3/262 4372/46/262 4371/4/263
f 4403/19/263 4412/40/262 4404/39/263
f 4422/48/262 4410/49/262 4405/50/262
f 4389/43/262 4388/51/262 4401/41/262
f 4434/1/266 4452/3/267 4433/2/268
f 4437/4/266 4452/3/267 4436/5/267
f 4462/52/267 4463/8/267 4486/6/267
f 4430/9/267 4428/11/267 4429/10/266
f 4459/12/266 4480/53/266 4485/54/266
f 4451/14/266 4439/15/266 4440/29/267
f 4443/16/266 4444/27/267 4450/18/267
f 4469/19/266 4479/21/266 4468/20/266
f 4446/22/267 4447/55/267 4425/24/267
f 4449/25/267 4444/27/267 4423/26/267
f 4451/14/266 4440/29/267 4441/28/266
f 4431/30/267 4428/11/267 4430/9/267
f 4449/25/267 4423/26/267 4448/31/266
f 4426/32/267 4427/34/269 4453/33/267
f 4457/36/267 4481/7/267 4465/35/267
f 4448/31/266 4424/37/266 4447/55/267
f 4441/28/266 4442/17/266 4451/14/266
f 4470/39/267 4477/38/267 4478/40/267
f 4467/41/267 4456/42/267 4466/56/267
f 4431/30/267 4432/45/266 4453/33/267
f 4423/26/267 4444/27/267 4484/44/267
f 4433/2/268 4452/3/267 4432/45/266
f 4452/3/267 4438/46/267 4439/15/266
f 4435/47/267 4452/3/267 4434/1/266
f 4436/5/267 4452/3/267 4435/47/267
f 4452/3/267 4437/4/266 4438/46/267
f 4469/19/266 4478/40/267 4479/21/266
f 4471/50/267 4472/57/267 4476/49/267
f 4455/43/267 4467/41/267 4454/51/267
f 4500/1/270 4499/2/270 4518/3/270
f 4503/4/270 4502/5/270 4518/3/270
f 4552/6/270 4547/7/270 4529/8/270
f 4496/9/271 4495/10/270 4494/11/270
f 4525/12/270 4524/13/270 4547/7/270
f 4517/14/271 4505/15/270 4518/3/270
f 4509/16/270 4508/17/271 4516/18/270
f 4535/19/270 4534/20/271 4545/21/271
f 4512/22/270 4511/23/270 4491/24/270
f 4515/25/270 4489/26/271 4510/27/270
f 4517/14/271 4507/28/271 4506/29/270
f 4497/30/271 4496/9/271 4494/11/270
f 4515/25/270 4514/31/271 4489/26/271
f 4492/32/271 4519/33/271 4493/34/272
f 4531/35/270 4547/7/270 4523/36/270
f 4514/31/271 4490/37/270 4489/26/271
f 4507/28/271 4517/14/271 4508/17/271
f 4543/38/270 4536/39/270 4544/40/270
f 4533/41/271 4522/42/270 4521/43/271
f 4497/30/271 4494/11/270 4519/33/271
f 4489/26/271 4550/44/271 4510/27/270
f 4499/2/270 4498/45/270 4518/3/270
f 4518/3/270 4505/15/270 4504/46/270
f 4501/47/270 4500/1/270 4518/3/270
f 4502/5/270 4501/47/270 4518/3/270
f 4518/3/270 4504/46/270 4503/4/270
f 4535/19/270 4544/40/270 4536/39/270
f 4554/48/270 4542/49/270 4537/50/270
f 4521/43/271 4520/51/271 4533/41/271
f 4566/1/273 4584/3/274 4565/2/275
f 4569/4/274 4584/3/274 4568/5/274
f 4594/52/274 4595/8/274 4618/6/274
f 4562/9/274 4560/11/274 4561/10/276
f 4591/12/274 4612/53/273 4617/54/274
f 4583/14/274 4571/15/274 4572/29/274
f 4575/16/276 4576/27/274 4582/18/276
f 4601/19/277 4611/21/274 4600/20/274
f 4578/22/273 4579/55/274 4557/24/274
f 4581/25/274 4576/27/274 4555/26/276
f 4583/14/274 4572/29/274 4573/28/274
f 4563/30/273 4560/11/274 4562/9/274
f 4581/25/274 4555/26/276 4580/31/274
f 4558/32/276 4559/34/273 4585/33/276
f 4589/36/274 4613/7/274 4597/35/274
f 4580/31/274 4556/37/274 4579/55/274
f 4573/28/274 4574/17/274 4583/14/274
f 4602/39/274 4609/38/274 4610/40/273
f 4599/41/273 4588/42/274 4598/56/274
f 4563/30/273 4564/45/274 4585/33/276
f 4555/26/276 4576/27/274 4616/44/276
f 4565/2/275 4584/3/274 4564/45/274
f 4584/3/274 4570/46/276 4571/15/274
f 4567/47/276 4584/3/274 4566/1/273
f 4568/5/274 4584/3/274 4567/47/276
f 4584/3/274 4569/4/274 4570/46/276
f 4601/19/277 4610/40/273 4611/21/274
f 4603/50/274 4604/57/276 4608/49/274
f 4587/43/273 4599/41/273 4586/51/274
f 4632/1/278 4631/2/279 4650/3/280
f 4635/4/278 4634/5/280 4650/3/280
f 4684/6/280 4679/7/280 4661/8/280
f 4628/9/280 4627/10/278 4626/11/280
f 4657/12/280 4656/13/280 4679/7/280
f 4649/14/278 4637/15/280 4650/3/280
f 4641/16/280 4640/17/278 4648/18/280
f 4667/19/280 4666/20/280 4677/21/280
f 4644/22/280 4643/23/280 4623/24/280
f 4647/25/280 4621/26/280 4642/27/280
f 4649/14/278 4639/28/278 4638/29/280
f 4629/30/278 4628/9/280 4626/11/280
f 4647/25/280 4646/31/278 4621/26/280
f 4624/32/278 4651/33/278 4625/34/281
f 4663/35/280 4679/7/280 4655/36/280
f 4646/31/278 4622/37/280 4621/26/280
f 4639/28/278 4649/14/278 4640/17/278
f 4675/38/278 4668/39/280 4676/40/280
f 4665/41/280 4654/42/280 4653/43/280
f 4629/30/278 4626/11/280 4651/33/278
f 4621/26/280 4682/44/280 4642/27/280
f 4631/2/279 4630/45/278 4650/3/280
f 4650/3/280 4637/15/280 4636/46/280
f 4633/47/280 4632/1/278 4650/3/280
f 4634/5/280 4633/47/280 4650/3/280
f 4650/3/280 4636/46/280 4635/4/278
f 4667/19/280 4676/40/280 4668/39/280
f 4686/48/278 4674/49/280 4669/50/280
f 4653/43/280 4652/51/280 4665/41/280
f 4698/1/282 4716/3/283 4697/2/284
f 4701/4/283 4716/3/283 4700/5/283
f 4726/52/283 4727/8/285 4750/6/283
f 4694/9/286 4692/11/286 4693/10/283
f 4723/12/283 4744/53/287 4749/54/282
f 4715/14/284 4703/15/282 4704/29/288
f 4707/16/282 4708/27/282 4714/18/282
f 4733/19/283 4743/21/283 4732/20/283
f 4710/22/282 4711/55/282 4689/24/282
f 4713/25/283 4708/27/282 4687/26/283
f 4715/14/284 4704/29/288 4705/28/284
f 4695/30/282 4692/11/286 4694/9/286
f 4713/25/283 4687/26/283 4712/31/283
f 4690/32/284 4691/34/286 4717/33/284
f 4721/36/283 4745/7/283 4729/35/283
f 4712/31/283 4688/37/282 4711/55/282
f 4705/28/284 4706/17/283 4715/14/284
f 4734/39/283 4741/38/283 4742/40/283
f 4731/41/282 4720/42/282 4730/56/282
f 4695/30/282 4696/45/283 4717/33/284
f 4687/26/283 4708/27/282 4748/44/282
f 4697/2/284 4716/3/283 4696/45/283
f 4716/3/283 4702/46/283 4703/15/282
f 4699/47/286 4716/3/283 4698/1/282
f 4700/5/283 4716/3/283 4699/47/286
f 4716/3/283 4701/4/283 4702/46/283
f 4733/19/283 4742/40/283 4743/21/283
f 4735/50/283 4736/57/285 4740/49/283
f 4719/43/282 4731/41/282 4718/51/282
f 4764/1/289 4763/2/290 4782/3/291
f 4767/4/289 4766/5/289 4782/3/291
f 4816/6/291 4811/7/291 4793/8/291
f 4760/9/289 4759/10/291 4758/11/291
f 4789/12/289 4788/13/289 4811/7/291
f 4781/14/289 4769/15/291 4782/3/291
f 4773/16/291 4772/17/289 4780/18/291
f 4799/19/289 4798/20/289 4809/21/289
f 4776/22/291 4775/23/291 4755/24/291
f 4779/25/289 4753/26/289 4774/27/289
f 4781/14/289 4771/28/289 4770/29/291
f 4761/30/291 4760/9/289 4758/11/291
f 4779/25/289 4778/31/291 4753/26/289
f 4756/32/291 4783/33/291 4757/34/291
f 4795/35/291 4811/7/291 4787/36/291
f 4778/31/291 4754/37/291 4753/26/289
f 4771/28/289 4781/14/289 4772/17/289
f 4807/38/291 4800/39/291 4808/40/289
f 4797/41/291 4786/42/291 4785/43/291
f 4761/30/291 4758/11/291 4783/33/291
f 4753/26/289 4814/44/291 4774/27/289
f 4763/2/290 4762/45/289 4782/3/291
f 4782/3/291 4769/15/291 4768/46/291
f 4765/47/291 4764/1/289 4782/3/291
f 4766/5/289 4765/47/291 4782/3/291
f 4782/3/291 4768/46/291 4767/4/289
f 4799/19/289 4808/40/289 4800/39/291
f 4818/48/291 4806/49/291 4801/50/291
f 4785/43/291 4784/51/291 4797/41/291
f 4830/1/292 4848/3/293 4829/2/294
f 4833/4/294 4848/3/293 4832/5/293
f 4858/52/293 4859/8/293 4882/6/293
f 4826/9/294 4824/11/293 4825/10/294
f 4855/12/294 4876/53/293 4881/54/293
f 4847/14/294 4835/15/294 4836/29/295
f 4839/16/294 4840/27/293 4846/18/293
f 4865/19/294 4875/21/294 4864/20/294
f 4842/22/293 4843/55/293 4821/24/293
f 4845/25/294 4840/27/293 4819/26/294
f 4847/14/294 4836/29/295 4837/28/294
f 4827/30/296 4824/11/293 4826/9/294
f 4845/25/294 4819/26/294 4844/31/294
f 4822/32/294 4823/34/297 4849/33/294
f 4853/36/293 4877/7/293 4861/35/293
f 4844/31/294 4820/37/293 4843/55/293
f 4837/28/294 4838/17/294 4847/14/294
f 4866/39/293 4873/38/298 4874/40/293
f 4863/41/293 4852/42/293 4862/56/293
f 4827/30/296 4828/45/298 4849/33/294
f 4819/26/294 4840/27/293 4880/44/293
f 4829/2/294 4848/3/293 4828/45/298
f 4848/3/293 4834/46/293 4835/15/294
f 4831/47/293 4848/3/293 4830/1/292
f 4832/5/293 4848/3/293 4831/47/293
f 4848/3/293 4833/4/294 4834/46/293
f 4865/19/294 4874/40/293 4875/21/294
f 4867/50/293 4868/57/293 4872/49/293
f 4851/43/293 4863/41/293 4850/51/294
f 4896/1/299 4895/2/300 4914/3/300
f 4899/4/300 4898/5/300 4914/3/300
f 4948/6/300 4943/7/300 4925/8/299
f 4892/9/300 4891/10/299 4890/11/299
f 4921/12/300 4920/13/300 4943/7/300
f 4913/14/299 4901/15/299 4914/3/300
f 4905/16/299 4904/17/299 4912/18/300
f 4931/19/300 4930/20/299 4941/21/299
f 4908/22/300 4907/23/299 4887/24/300
f 4911/25/300 4885/26/299 4906/27/300
f 4913/14/299 4903/28/299 4902/29/300
f 4893/30/299 4892/9/300 4890/11/299
f 4911/25/300 4910/31/300 4885/26/299
f 4888/32/300 4915/33/300 4889/34/300
f 4927/35/300 4943/7/300 4919/36/300
f 4910/31/300 4886/37/300 4885/26/299
f 4903/28/299 4913/14/299 4904/17/299
f 4939/38/300 4932/39/300 4940/40/300
f 4929/41/300 4918/42/300 4917/43/300
f 4893/30/299 4890/11/299 4915/33/300
f 4885/26/299 4946/44/299 4906/27/300
f 4895/2/300 4894/45/300 4914/3/300
f 4914/3/300 4901/15/299 4900/46/300
f 4897/47/300 4896/1/299 4914/3/300
f 4898/5/300 4897/47/300 4914/3/300
f 4914/3/300 4900/46/300 4899/4/300
f 4931/19/300 4940/40/300 4932/39/300
f 4950/48/300 4938/49/300 4933/50/300
f 4917/43/300 4916/51/300 4929/41/300
f 4962/1/301 4980/3/301 4961/2/302
f 4965/4/301 4980/3/301 4964/5/301
f 4990/52/303 4991/8/301 5014/6/301
f 4958/9/304 4956/11/301 4957/10/305
f 4987/12/301 5008/53/301 5013/54/301
f 4979/14/303 4967/15/303 4968/29/301
f 4971/16/301 4972/27/301 4978/18/301
f 4997/19/301 5007/21/301 4996/20/301
f 4974/22/303 4975/55/301 4953/24/301
f 4977/25/303 4972/27/301 4951/26/303
f 4979/14/303 4968/29/301 4969/28/303
f 4959/30/305 4956/11/301 4958/9/304
f 4977/25/303 4951/26/303 4976/31/303
f 4954/32/305 4955/34/301 4981/33/305
f 4985/36/301 5009/7/301 4993/35/301
f 4976/31/303 4952/37/301 4975/55/301
f 4969/28/303 4970/17/301 4979/14/303
f 4998/39/301 5005/38/301 5006/40/301
f 4995/41/301 4984/42/301 4994/56/301
f 4959/30/305 4960/45/301 4981/33/305
f 4951/26/303 4972/27/301 5012/44/301
f 4961/2/302 4980/3/301 4960/45/301
f 4980/3/301 4966/46/301 4967/15/303
f 4963/47/301 4980/3/301 4962/1/301
f 4964/5/301 4980/3/301 4963/47/301
f 4980/3/301 4965/4/301 4966/46/301
f 4997/19/301 5006/40/301 5007/21/301
f 4999/50/301 5000/57/303 5004/49/301
f 4983/43/301 4995/41/301 4982/51/301
f 5028/1/306 5027/2/306 5046/3/307
f 5031/4/307 5030/5/307 5046/3/307
f 5080/6/307 5075/7/307 5057/8/307
f 5024/9/306 5023/10/307 5022/11/307
f 5053/12/307 5052/13/307 5075/7/307
f 5045/14/307 5033/15/307 5046/3/307
f 5037/16/307 5036/17/307 5044/18/307
f 5063/19/307 5062/20/306 5073/21/306
f 5040/22/307 5039/23/307 5019/24/307
f 5043/25/306 5017/26/306 5038/27/306
f 5045/14/307 5035/28/307 5034/29/307
f 5025/30/306 5024/9/306 5022/11/307
f 5043/25/306 5042/31/307 5017/26/306
f 5020/32/307 5047/33/307 5021/34/308
f 5059/35/307 5075/7/307 5051/36/307
f 5042/31/307 5018/37/307 5017/26/306
f 5035/28/307 5045/14/307 5036/17/307
f 5071/38/307 5064/39/307 5072/40/307
f 5061/41/306 5050/42/307 5049/43/306
f 5025/30/306 5022/11/307 5047/33/307
f 5017/26/306 5078/44/306 5038/27/306
f 5027/2/306 5026/45/307 5046/3/307
f 5046/3/307 5033/15/307 5032/46/307
f 5029/47/307 5028/1/306 5046/3/307
f 5030/5/307 5029/47/307 5046/3/307
f 5046/3/307 5032/46/307 5031/4/307
f 5063/19/307 5072/40/307 5064/39/307
f 5082/48/307 5070/49/307 5065/50/307
f 5049/43/306 5048/51/307 5061/41/306
f 5094/1/309 5112/3/310 5093/2/310
f 5097/4/310 5112/3/310 5096/5/310
f 5122/52/310 5123/8/311 5146/6/310
f 5090/9/311 5088/11/310 5089/10/310
f 5119/12/310 5140/53/310 5145/54/310
f 5111/14/310 5099/15/310 5100/29/312
f 5103/16/310 5104/27/310 5110/18/310
f 5129/19/311 5139/21/311 5128/20/311
f 5106/22/310 5107/55/310 5085/24/310
f 5109/25/310 5104/27/310 5083/26/310
f 5111/14/310 5100/29/312 5101/28/310
f 5091/30/310 5088/11/310 5090/9/311
f 5109/25/310 5083/26/310 5108/31/310
f 5086/32/310 5087/34/313 5113/33/310
f 5117/36/310 5141/7/310 5125/35/310
f 5108/31/310 5084/37/310 5107/55/310
f 5101/28/310 5102/17/310 5111/14/310
f 5130/39/310 5137/38/310 5138/40/310
f 5127/41/310 5116/42/310 5126/56/310
f 5091/30/310 5092/45/310 5113/33/310
f 5083/26/310 5104/27/310 5144/44/310
f 5093/2/310 5112/3/310 5092/45/310
f 5112/3/310 5098/46/310 5099/15/310
f 5095/47/310 5112/3/310 5094/1/309
f 5096/5/310 5112/3/310 5095/47/310
f 5112/3/310 5097/4/310 5098/46/310
f 5129/19/311 5138/40/310 5139/21/311
f 5131/50/310 5132/57/311 5136/49/310
f 5115/43/310 5127/41/310 5114/51/311
f 5160/1/314 5159/2/315 5178/3/315
f 5163/4/316 5162/5/315 5178/3/315
f 5212/6/315 5207/7/315 5189/8/315
f 5156/9/315 5155/10/316 5154/11/315
f 5185/12/315 5184/13/315 5207/7/315
f 5177/14/315 5165/15/315 5178/3/315
f 5169/16/315 5168/17/315 5176/18/315
f 5195/19/315 5194/20/317 5205/21/315
f 5172/22/315 5171/23/315 5151/24/315
f 5175/25/315 5149/26/316 5170/27/315
f 5177/14/315 5167/28/315 5166/29/316
f 5157/30/315 5156/9/315 5154/11/315
f 5175/25/315 5174/31/315 5149/26/316
f 5152/32/315 5179/33/315 5153/34/318
f 5191/35/315 5207/7/315 5183/36/315
f 5174/31/315 5150/37/315 5149/26/316
f 5167/28/315 5177/14/315 5168/17/315
f 5203/38/315 5196/39/315 5204/40/315
f 5193/41/316 5182/42/316 5181/43/316
f 5157/30/315 5154/11/315 5179/33/315
f 5149/26/316 5210/44/316 5170/27/315
f 5159/2/315 5158/45/315 5178/3/315
f 5178/3/315 5165/15/315 5164/46/315
f 5161/47/315 5160/1/314 5178/3/315
f 5162/5/315 5161/47/315 5178/3/315
f 5178/3/315 5164/46/315 5163/4/316
f 5195/19/315 5204/40/315 5196/39/315
f 5214/48/315 5202/49/315 5197/50/315
f 5181/43/316 5180/51/316 5193/41/316
f 5226/1/319 5244/3/319 5225/2/319
f 5229/4/319 5244/3/319 5228/5/319
f 5254/52/319 5255/8/319 5278/6/319
f 5222/9/320 5220/11/319 5221/10/320
f 5251/12/319 5272/53/320 5277/54/320
f 5243/14/319 5231/15/319 5232/29/319
f 5235/16/319 5236/27/319 5242/18/319
f 5261/19/319 5271/21/319 5260/20/319
f 5238/22/319 5239/55/319 5217/24/319
f 5241/25/319 5236/27/319 5215/26/319
f 5243/14/319 5232/29/319 5233/28/319
f 5223/30/319 5220/11/319 5222/9/320
f 5241/25/319 5215/26/319 5240/31/319
f 5218/32/319 5219/34/320 5245/33/319
f 5249/36/319 5273/7/319 5257/35/319
f 5240/31/319 5216/37/319 5239/55/319
f 5233/28/319 5234/17/319 5243/14/319
f 5262/39/319 5269/38/319 5270/40/319
f 5259/41/319 5248/42/319 5258/56/319
f 5223/30/319 5224/45/320 5245/33/319
f 5215/26/319 5236/27/319 5276/44/319
f 5225/2/319 5244/3/319 5224/45/320
f 5244/3/319 5230/46/319 5231/15/319
f 5227/47/320 5244/3/319 5226/1/319
f 5228/5/319 5244/3/319 5227/47/320
f 5244/3/319 5229/4/319 5230/46/319
f 5261/19/319 5270/40/319 5271/21/319
f 5263/50/319 5264/57/319 5268/49/319
f 5247/43/319 5259/41/319 5246/51/319
f 43/35/2 42/58/4 59/7/2
f 42/58/4 41/8/4 59/7/2
f 41/8/4 40/52/2 64/6/1
f 40/52/2 39/59/2 64/6/1
f 39/59/2 38/60/4 65/61/1
f 65/61/1 64/6/1 39/59/2
f 35/36/1 59/7/2 36/13/1
f 59/7/2 63/54/4 37/12/2
f 63/54/4 58/53/4 37/12/2
f 29/14/4 18/29/1 17/15/4
f 29/14/4 28/18/2 20/17/4
f 28/18/2 27/25/2 22/27/1
f 21/16/2 28/18/2 22/27/1
f 61/62/2 3/24/1 23/23/1
f 3/24/1 2/37/2 25/55/2
f 24/22/1 3/24/1 25/55/2
f 34/42/3 44/56/2 35/36/1
f 44/56/2 43/35/2 35/36/1
f 26/31/2 25/55/2 2/37/2
f 55/38/2 49/50/1 48/39/1
f 45/41/3 44/56/2 34/42/3
f 5/34/2 31/33/1 6/11/2
f 31/33/1 30/3/2 10/45/2
f 9/30/4 31/33/1 10/45/2
f 47/19/1 57/21/3 56/40/2
f 52/63/321 51/64/2 54/49/2
f 51/64/2 50/57/2 54/49/2
f 52/63/321 54/49/2 53/65/322
f 50/57/2 49/50/1 54/49/2
f 49/50/1 55/38/2 60/66/2
f 66/48/1 49/50/1 60/66/2
f 107/8/5 108/58/5 125/7/6
f 108/58/5 109/35/6 125/7/6
f 125/7/6 130/6/6 107/8/5
f 130/6/6 131/61/6 105/59/6
f 131/61/6 104/60/6 105/59/6
f 105/59/6 106/52/5 130/6/6
f 129/54/5 125/7/6 103/12/6
f 125/7/6 101/36/6 102/13/6
f 103/12/6 125/7/6 102/13/6
f 95/14/5 96/3/6 83/15/6
f 93/25/6 94/18/6 88/27/6
f 94/18/6 95/14/5 86/17/6
f 87/16/6 94/18/6 86/17/6
f 68/37/5 69/24/5 91/55/5
f 69/24/5 127/62/5 89/23/6
f 90/22/6 69/24/5 89/23/6
f 109/35/6 110/56/6 101/36/6
f 110/56/6 100/42/6 101/36/6
f 92/31/5 67/26/6 68/37/5
f 114/39/6 115/50/6 121/38/6
f 111/41/6 99/43/6 100/42/6
f 96/3/6 97/33/6 76/45/6
f 97/33/6 71/34/6 72/11/5
f 75/30/6 97/33/6 72/11/5
f 113/19/5 114/39/6 122/40/6
f 116/57/6 117/64/6 120/49/6
f 117/64/6 118/63/5 120/49/6
f 118/63/5 119/65/6 120/49/6
f 120/49/6 132/48/6 115/50/6
f 132/48/6 126/66/6 115/50/6
f 126/66/6 121/38/6 115/50/6
f 175/35/8 174/58/8 191/7/8
f 174/58/8 173/8/8 191/7/8
f 173/8/8 172/52/7 196/6/8
f 172/52/7 171/59/8 196/6/8
f 171/59/8 170/60/9 197/61/8
f 197/61/8 196/6/8 171/59/8
f 167/36/8 191/7/8 168/13/8
f 191/7/8 195/54/7 169/12/8
f 195/54/7 190/53/7 169/12/8
f 161/14/7 150/29/10 149/15/7
f 161/14/7 160/18/8 152/17/7
f 160/18/8 159/25/8 154/27/8
f 153/16/8 160/18/8 154/27/8
f 193/62/8 135/24/7 155/23/8
f 135/24/7 134/37/8 157/55/8
f 156/22/7 135/24/7 157/55/8
f 166/42/8 176/56/8 167/36/8
f 176/56/8 175/35/8 167/36/8
f 158/31/8 157/55/8 134/37/8
f 187/38/8 181/50/8 180/39/8
f 177/41/8 176/56/8 166/42/8
f 137/34/7 163/33/12 138/11/8
f 163/33/12 162/3/7 142/45/8
f 141/30/9 163/33/12 142/45/8
f 179/19/8 189/21/8 188/40/8
f 184/63/7 183/64/9 186/49/8
f 183/64/9 182/57/8 186/49/8
f 184/63/7 186/49/8 185/65/11
f 182/57/8 181/50/8 186/49/8
f 181/50/8 187/38/8 192/66/7
f 198/48/8 181/50/8 192/66/7
f 239/8/13 240/58/14 257/7/16
f 240/58/14 241/35/14 257/7/16
f 257/7/16 262/6/15 239/8/13
f 262/6/15 263/61/14 237/59/14
f 263/61/14 236/60/15 237/59/14
f 237/59/14 238/52/15 262/6/15
f 261/54/16 257/7/16 235/12/15
f 257/7/16 233/36/14 234/13/15
f 235/12/15 257/7/16 234/13/15
f 227/14/15 228/3/14 215/15/14
f 225/25/13 226/18/15 220/27/13
f 226/18/15 227/14/15 218/17/13
f 219/16/13 226/18/15 218/17/13
f 200/37/13 201/24/15 223/55/14
f 201/24/15 259/62/16 221/23/15
f 222/22/14 201/24/15 221/23/15
f 241/35/14 242/56/14 233/36/14
f 242/56/14 232/42/15 233/36/14
f 224/31/15 199/26/16 200/37/13
f 246/39/16 247/50/16 253/38/14
f 243/41/13 231/43/13 232/42/15
f 228/3/14 229/33/16 208/45/14
f 229/33/16 203/34/13 204/11/16
f 207/30/16 229/33/16 204/11/16
f 245/19/16 246/39/16 254/40/16
f 248/57/16 249/64/16 252/49/14
f 249/64/16 250/63/14 252/49/14
f 250/63/14 251/65/14 252/49/14
f 252/49/14 264/48/14 247/50/16
f 264/48/14 258/66/14 247/50/16
f 258/66/14 253/38/14 247/50/16
f 307/35/19 306/58/20 323/7/19
f 306/58/20 305/8/19 323/7/19
f 305/8/19 304/52/19 328/6/19
f 304/52/19 303/59/19 328/6/19
f 303/59/19 302/60/19 329/61/19
f 329/61/19 328/6/19 303/59/19
f 299/36/19 323/7/19 300/13/19
f 323/7/19 327/54/19 301/12/19
f 327/54/19 322/53/19 301/12/19
f 293/14/19 282/29/19 281/15/19
f 293/14/19 292/18/20 284/17/19
f 292/18/20 291/25/19 286/27/20
f 285/16/20 292/18/20 286/27/20
f 325/62/19 267/24/19 287/23/19
f 267/24/19 266/37/19 289/55/19
f 288/22/19 267/24/19 289/55/19
f 298/42/19 308/56/19 299/36/19
f 308/56/19 307/35/19 299/36/19
f 290/31/19 289/55/19 266/37/19
f 319/38/19 313/50/19 312/39/20
f 309/41/20 308/56/19 298/42/19
f 269/34/20 295/33/19 270/11/19
f 295/33/19 294/3/19 274/45/19
f 273/30/19 295/33/19 274/45/19
f 311/19/19 321/21/20 320/40/20
f 316/63/18 315/64/19 318/49/19
f 315/64/19 314/57/20 318/49/19
f 316/63/18 318/49/19 317/65/323
f 314/57/20 313/50/19 318/49/19
f 313/50/19 319/38/19 324/66/19
f 330/48/19 313/50/19 324/66/19
f 371/8/21 372/58/22 389/7/22
f 372/58/22 373/35/22 389/7/22
f 389/7/22 394/6/22 371/8/21
f 394/6/22 395/61/22 369/59/22
f 395/61/22 368/60/22 369/59/22
f 369/59/22 370/52/25 394/6/22
f 393/54/24 389/7/22 367/12/22
f 389/7/22 365/36/22 366/13/22
f 367/12/22 389/7/22 366/13/22
f 359/14/22 360/3/22 347/15/22
f 357/25/24 358/18/22 352/27/24
f 358/18/22 359/14/22 350/17/24
f 351/16/22 358/18/22 350/17/24
f 332/37/22 333/24/22 355/55/22
f 333/24/22 391/62/22 353/23/22
f 354/22/21 333/24/22 353/23/22
f 373/35/22 374/56/22 365/36/22
f 374/56/22 364/42/22 365/36/22
f 356/31/26 331/26/22 332/37/22
f 378/39/22 379/50/22 385/38/22
f 375/41/24 363/43/24 364/42/22
f 360/3/22 361/33/22 340/45/22
f 361/33/22 335/34/25 336/11/22
f 339/30/25 361/33/22 336/11/22
f 377/19/21 378/39/22 386/40/24
f 380/57/24 381/64/24 384/49/22
f 381/64/24 382/63/324 384/49/22
f 382/63/324 383/65/325 384/49/22
f 384/49/22 396/48/22 379/50/22
f 396/48/22 390/66/22 379/50/22
f 390/66/22 385/38/22 379/50/22
f 439/35/31 438/58/31 455/7/31
f 438/58/31 437/8/31 455/7/31
f 437/8/31 436/52/31 460/6/31
f 436/52/31 435/59/29 460/6/31
f 435/59/29 434/60/29 461/61/31
f 461/61/31 460/6/31 435/59/29
f 431/36/29 455/7/31 432/13/29
f 455/7/31 459/54/30 433/12/31
f 459/54/30 454/53/326 433/12/31
f 425/14/29 414/29/32 413/15/30
f 425/14/29 424/18/29 416/17/30
f 424/18/29 423/25/30 418/27/30
f 417/16/29 424/18/29 418/27/30
f 457/62/29 399/24/29 419/23/28
f 399/24/29 398/37/30 421/55/30
f 420/22/28 399/24/29 421/55/30
f 430/42/29 440/56/29 431/36/29
f 440/56/29 439/35/31 431/36/29
f 422/31/31 421/55/30 398/37/30
f 451/38/31 445/50/31 444/39/29
f 441/41/29 440/56/29 430/42/29
f 401/34/29 427/33/30 402/11/28
f 427/33/30 426/3/29 406/45/31
f 405/30/29 427/33/30 406/45/31
f 443/19/30 453/21/30 452/40/29
f 448/63/28 447/64/27 450/49/31
f 447/64/27 446/57/30 450/49/31
f 448/63/28 450/49/31 449/65/327
f 446/57/30 445/50/31 450/49/31
f 445/50/31 451/38/31 456/66/31
f 462/48/31 445/50/31 456/66/31
f 503/8/34 504/58/34 521/7/34
f 504/58/34 505/35/34 521/7/34
f 521/7/34 526/6/34 503/8/34
f 526/6/34 527/61/36 501/59/36
f 527/61/36 500/60/36 501/59/36
f 501/59/36 502/52/34 526/6/34
f 525/54/34 521/7/34 499/12/34
f 521/7/34 497/36/34 498/13/36
f 499/12/34 521/7/34 498/13/36
f 491/14/36 492/3/34 479/15/36
f 489/25/36 490/18/36 484/27/36
f 490/18/36 491/14/36 482/17/36
f 483/16/36 490/18/36 482/17/36
f 464/37/36 465/24/34 487/55/36
f 465/24/34 523/62/34 485/23/34
f 486/22/34 465/24/34 485/23/34
f 505/35/34 506/56/34 497/36/34
f 506/56/34 496/42/34 497/36/34
f 488/31/34 463/26/34 464/37/36
f 510/39/34 511/50/34 517/38/34
f 507/41/34 495/43/34 496/42/34
f 492/3/34 493/33/34 472/45/34
f 493/33/34 467/34/34 468/11/34
f 471/30/34 493/33/34 468/11/34
f 509/19/36 510/39/34 518/40/34
f 512/57/39 513/64/39 516/49/36
f 513/64/39 514/63/36 516/49/36
f 514/63/36 515/65/328 516/49/36
f 516/49/36 528/48/34 511/50/34
f 528/48/34 522/66/39 511/50/34
f 522/66/39 517/38/34 511/50/34
f 571/35/42 570/58/41 587/7/42
f 570/58/41 569/8/41 587/7/42
f 569/8/41 568/52/43 592/6/42
f 568/52/43 567/59/42 592/6/42
f 567/59/42 566/60/42 593/61/42
f 593/61/42 592/6/42 567/59/42
f 563/36/42 587/7/42 564/13/40
f 587/7/42 591/54/42 565/12/42
f 591/54/42 586/53/41 565/12/42
f 557/14/43 546/29/42 545/15/40
f 557/14/43 556/18/42 548/17/40
f 556/18/42 555/25/42 550/27/42
f 549/16/40 556/18/42 550/27/42
f 589/62/42 531/24/42 551/23/42
f 531/24/42 530/37/40 553/55/43
f 552/22/43 531/24/42 553/55/43
f 562/42/42 572/56/42 563/36/42
f 572/56/42 571/35/42 563/36/42
f 554/31/40 553/55/43 530/37/40
f 583/38/42 577/50/40 576/39/41
f 573/41/40 572/56/42 562/42/42
f 533/34/44 559/33/41 534/11/42
f 559/33/41 558/3/42 538/45/40
f 537/30/41 559/33/41 538/45/40
f 575/19/42 585/21/42 584/40/41
f 580/63/40 579/64/43 582/49/40
f 579/64/43 578/57/42 582/49/40
f 580/63/40 582/49/40 581/65/42
f 578/57/42 577/50/40 582/49/40
f 577/50/40 583/38/42 588/66/42
f 594/48/40 577/50/40 588/66/42
f 635/8/46 636/58/46 653/7/45
f 636/58/46 637/35/46 653/7/45
f 653/7/45 658/6/45 635/8/46
f 658/6/45 659/61/45 633/59/46
f 659/61/45 632/60/329 633/59/46
f 633/59/46 634/52/46 658/6/45
f 657/54/46 653/7/45 631/12/45
f 653/7/45 629/36/46 630/13/46
f 631/12/45 653/7/45 630/13/46
f 623/14/46 624/3/46 611/15/46
f 621/25/46 622/18/45 616/27/46
f 622/18/45 623/14/46 614/17/46
f 615/16/46 622/18/45 614/17/46
f 596/37/46 597/24/46 619/55/46
f 597/24/46 655/62/45 617/23/45
f 618/22/46 597/24/46 617/23/45
f 637/35/46 638/56/46 629/36/46
f 638/56/46 628/42/46 629/36/46
f 620/31/45 595/26/46 596/37/46
f 642/39/46 643/50/45 649/38/45
f 639/41/45 627/43/45 628/42/46
f 624/3/46 625/33/46 604/45/46
f 625/33/46 599/34/46 600/11/46
f 603/30/45 625/33/46 600/11/46
f 641/19/46 642/39/46 650/40/45
f 644/57/46 645/64/45 648/49/46
f 645/64/45 646/63/48 648/49/46
f 646/63/48 647/65/46 648/49/46
f 648/49/46 660/48/45 643/50/45
f 660/48/45 654/66/45 643/50/45
f 654/66/45 649/38/45 643/50/45
f 703/35/51 702/58/51 719/7/51
f 702/58/51 701/8/51 719/7/51
f 701/8/51 700/52/50 724/6/51
f 700/52/50 699/59/51 724/6/51
f 699/59/51 698/60/51 725/61/51
f 725/61/51 724/6/51 699/59/51
f 695/36/51 719/7/51 696/13/51
f 719/7/51 723/54/51 697/12/51
f 723/54/51 718/53/51 697/12/51
f 689/14/50 678/29/50 677/15/51
f 689/14/50 688/18/50 680/17/51
f 688/18/50 687/25/51 682/27/51
f 681/16/51 688/18/50 682/27/51
f 721/62/51 663/24/51 683/23/51
f 663/24/51 662/37/50 685/55/51
f 684/22/51 663/24/51 685/55/51
f 694/42/51 704/56/51 695/36/51
f 704/56/51 703/35/51 695/36/51
f 686/31/51 685/55/51 662/37/50
f 715/38/51 709/50/51 708/39/51
f 705/41/51 704/56/51 694/42/51
f 665/34/52 691/33/49 666/11/51
f 691/33/49 690/3/51 670/45/51
f 669/30/51 691/33/49 670/45/51
f 707/19/50 717/21/50 716/40/51
f 712/63/52 711/64/50 714/49/51
f 711/64/50 710/57/50 714/49/51
f 712/63/52 714/49/51 713/65/49
f 710/57/50 709/50/51 714/49/51
f 709/50/51 715/38/51 720/66/51
f 726/48/51 709/50/51 720/66/51
f 767/8/54 768/58/54 785/7/54
f 768/58/54 769/35/54 785/7/54
f 785/7/54 790/6/54 767/8/54
f 790/6/54 791/61/54 765/59/54
f 791/61/54 764/60/55 765/59/54
f 765/59/54 766/52/54 790/6/54
f 789/54/55 785/7/54 763/12/54
f 785/7/54 761/36/54 762/13/54
f 763/12/54 785/7/54 762/13/54
f 755/14/55 756/3/54 743/15/55
f 753/25/54 754/18/55 748/27/54
f 754/18/55 755/14/55 746/17/54
f 747/16/55 754/18/55 746/17/54
f 728/37/54 729/24/54 751/55/54
f 729/24/54 787/62/54 749/23/54
f 750/22/54 729/24/54 749/23/54
f 769/35/54 770/56/54 761/36/54
f 770/56/54 760/42/54 761/36/54
f 752/31/54 727/26/54 728/37/54
f 774/39/54 775/50/54 781/38/54
f 771/41/54 759/43/54 760/42/54
f 756/3/54 757/33/54 736/45/55
f 757/33/54 731/34/57 732/11/54
f 735/30/55 757/33/54 732/11/54
f 773/19/56 774/39/54 782/40/54
f 776/57/54 777/64/54 780/49/54
f 777/64/54 778/63/55 780/49/54
f 778/63/55 779/65/55 780/49/54
f 780/49/54 792/48/54 775/50/54
f 792/48/54 786/66/54 775/50/54
f 786/66/54 781/38/54 775/50/54
f 835/35/58 834/58/58 851/7/58
f 834/58/58 833/8/58 851/7/58
f 833/8/58 832/52/58 856/6/58
f 832/52/58 831/59/58 856/6/58
f 831/59/58 830/60/58 857/61/58
f 857/61/58 856/6/58 831/59/58
f 827/36/58 851/7/58 828/13/58
f 851/7/58 855/54/59 829/12/58
f 855/54/59 850/53/59 829/12/58
f 821/14/59 810/29/58 809/15/58
f 821/14/59 820/18/58 812/17/58
f 820/18/58 819/25/58 814/27/58
f 813/16/58 820/18/58 814/27/58
f 853/62/58 795/24/58 815/23/58
f 795/24/58 794/37/58 817/55/58
f 816/22/58 795/24/58 817/55/58
f 826/42/58 836/56/58 827/36/58
f 836/56/58 835/35/58 827/36/58
f 818/31/59 817/55/58 794/37/58
f 847/38/58 841/50/58 840/39/58
f 837/41/58 836/56/58 826/42/58
f 797/34/58 823/33/58 798/11/58
f 823/33/58 822/3/58 802/45/58
f 801/30/59 823/33/58 802/45/58
f 839/19/59 849/21/59 848/40/58
f 844/63/59 843/64/58 846/49/58
f 843/64/58 842/57/58 846/49/58
f 844/63/59 846/49/58 845/65/58
f 842/57/58 841/50/58 846/49/58
f 841/50/58 847/38/58 852/66/58
f 858/48/58 841/50/58 852/66/58
f 899/8/61 900/58/61 917/7/61
f 900/58/61 901/35/61 917/7/61
f 917/7/61 922/6/61 899/8/61
f 922/6/61 923/61/61 897/59/62
f 923/61/61 896/60/61 897/59/62
f 897/59/62 898/52/61 922/6/61
f 921/54/62 917/7/61 895/12/61
f 917/7/61 893/36/61 894/13/61
f 895/12/61 917/7/61 894/13/61
f 887/14/62 888/3/61 875/15/61
f 885/25/61 886/18/61 880/27/61
f 886/18/61 887/14/62 878/17/62
f 879/16/62 886/18/61 878/17/62
f 860/37/62 861/24/61 883/55/61
f 861/24/61 919/62/61 881/23/61
f 882/22/61 861/24/61 881/23/61
f 901/35/61 902/56/61 893/36/61
f 902/56/61 892/42/61 893/36/61
f 884/31/62 859/26/61 860/37/62
f 906/39/61 907/50/61 913/38/61
f 903/41/62 891/43/62 892/42/61
f 888/3/61 889/33/61 868/45/62
f 889/33/61 863/34/65 864/11/62
f 867/30/62 889/33/61 864/11/62
f 905/19/64 906/39/61 914/40/61
f 908/57/62 909/64/62 912/49/61
f 909/64/62 910/63/62 912/49/61
f 910/63/62 911/65/60 912/49/61
f 912/49/61 924/48/61 907/50/61
f 924/48/61 918/66/61 907/50/61
f 918/66/61 913/38/61 907/50/61
f 967/35/67 966/58/67 983/7/67
f 966/58/67 965/8/67 983/7/67
f 965/8/67 964/52/67 988/6/67
f 964/52/67 963/59/67 988/6/67
f 963/59/67 962/60/67 989/61/66
f 989/61/66 988/6/67 963/59/67
f 959/36/67 983/7/67 960/13/67
f 983/7/67 987/54/67 961/12/67
f 987/54/67 982/53/67 961/12/67
f 953/14/67 942/29/69 941/15/67
f 953/14/67 952/18/67 944/17/68
f 952/18/67 951/25/67 946/27/67
f 945/16/67 952/18/67 946/27/67
f 985/62/67 927/24/67 947/23/67
f 927/24/67 926/37/67 949/55/67
f 948/22/67 927/24/67 949/55/67
f 958/42/67 968/56/67 959/36/67
f 968/56/67 967/35/67 959/36/67
f 950/31/67 949/55/67 926/37/67
f 979/38/67 973/50/67 972/39/67
f 969/41/67 968/56/67 958/42/67
f 929/34/67 955/33/68 930/11/66
f 955/33/68 954/3/67 934/45/67
f 933/30/69 955/33/68 934/45/67
f 971/19/67 981/21/67 980/40/67
f 976/63/66 975/64/68 978/49/67
f 975/64/68 974/57/67 978/49/67
f 976/63/66 978/49/67 977/65/68
f 974/57/67 973/50/67 978/49/67
f 973/50/67 979/38/67 984/66/66
f 990/48/67 973/50/67 984/66/66
f 1031/8/71 1032/58/71 1049/7/71
f 1032/58/71 1033/35/71 1049/7/71
f 1049/7/71 1054/6/71 1031/8/71
f 1054/6/71 1055/61/71 1029/59/71
f 1055/61/71 1028/60/70 1029/59/71
f 1029/59/71 1030/52/71 1054/6/71
f 1053/54/71 1049/7/71 1027/12/71
f 1049/7/71 1025/36/71 1026/13/70
f 1027/12/71 1049/7/71 1026/13/70
f 1019/14/71 1020/3/71 1007/15/70
f 1017/25/71 1018/18/71 1012/27/71
f 1018/18/71 1019/14/71 1010/17/70
f 1011/16/71 1018/18/71 1010/17/70
f 992/37/71 993/24/71 1015/55/71
f 993/24/71 1051/62/71 1013/23/71
f 1014/22/71 993/24/71 1013/23/71
f 1033/35/71 1034/56/71 1025/36/71
f 1034/56/71 1024/42/71 1025/36/71
f 1016/31/71 991/26/71 992/37/71
f 1038/39/70 1039/50/71 1045/38/71
f 1035/41/70 1023/43/70 1024/42/71
f 1020/3/71 1021/33/70 1000/45/71
f 1021/33/70 995/34/72 996/11/71
f 999/30/70 1021/33/70 996/11/71
f 1037/19/70 1038/39/70 1046/40/70
f 1040/57/71 1041/64/71 1044/49/70
f 1041/64/71 1042/63/70 1044/49/70
f 1042/63/70 1043/65/71 1044/49/70
f 1044/49/70 1056/48/70 1039/50/71
f 1056/48/70 1050/66/71 1039/50/71
f 1050/66/71 1045/38/71 1039/50/71
f 1099/35/74 1098/58/74 1115/7/74
f 1098/58/74 1097/8/74 1115/7/74
f 1097/8/74 1096/52/74 1120/6/74
f 1096/52/74 1095/59/74 1120/6/74
f 1095/59/74 1094/60/74 1121/61/74
f 1121/61/74 1120/6/74 1095/59/74
f 1091/36/74 1115/7/74 1092/13/74
f 1115/7/74 1119/54/74 1093/12/74
f 1119/54/74 1114/53/74 1093/12/74
f 1085/14/74 1074/29/73 1073/15/74
f 1085/14/74 1084/18/74 1076/17/74
f 1084/18/74 1083/25/73 1078/27/74
f 1077/16/74 1084/18/74 1078/27/74
f 1117/62/74 1059/24/74 1079/23/74
f 1059/24/74 1058/37/74 1081/55/74
f 1080/22/74 1059/24/74 1081/55/74
f 1090/42/74 1100/56/74 1091/36/74
f 1100/56/74 1099/35/74 1091/36/74
f 1082/31/73 1081/55/74 1058/37/74
f 1111/38/74 1105/50/74 1104/39/74
f 1101/41/74 1100/56/74 1090/42/74
f 1061/34/74 1087/33/73 1062/11/73
f 1087/33/73 1086/3/74 1066/45/74
f 1065/30/74 1087/33/73 1066/45/74
f 1103/19/74 1113/21/74 1112/40/74
f 1108/63/74 1107/64/74 1110/49/74
f 1107/64/74 1106/57/74 1110/49/74
f 1108/63/74 1110/49/74 1109/65/74
f 1106/57/74 1105/50/74 1110/49/74
f 1105/50/74 1111/38/74 1116/66/74
f 1122/48/74 1105/50/74 1116/66/74
f 1163/8/76 1164/58/76 1181/7/76
f 1164/58/76 1165/35/76 1181/7/76
f 1181/7/76 1186/6/76 1163/8/76
f 1186/6/76 1187/61/76 1161/59/76
f 1187/61/76 1160/60/75 1161/59/76
f 1161/59/76 1162/52/76 1186/6/76
f 1185/54/76 1181/7/76 1159/12/76
f 1181/7/76 1157/36/76 1158/13/76
f 1159/12/76 1181/7/76 1158/13/76
f 1151/14/76 1152/3/76 1139/15/75
f 1149/25/76 1150/18/75 1144/27/76
f 1150/18/75 1151/14/76 1142/17/75
f 1143/16/75 1150/18/75 1142/17/75
f 1124/37/76 1125/24/76 1147/55/76
f 1125/24/76 1183/62/76 1145/23/76
f 1146/22/76 1125/24/76 1145/23/76
f 1165/35/76 1166/56/76 1157/36/76
f 1166/56/76 1156/42/76 1157/36/76
f 1148/31/76 1123/26/76 1124/37/76
f 1170/39/76 1171/50/76 1177/38/76
f 1167/41/76 1155/43/76 1156/42/76
f 1152/3/76 1153/33/76 1132/45/76
f 1153/33/76 1127/34/75 1128/11/76
f 1131/30/76 1153/33/76 1128/11/76
f 1169/19/76 1170/39/76 1178/40/76
f 1172/57/76 1173/64/76 1176/49/75
f 1173/64/76 1174/63/75 1176/49/75
f 1174/63/75 1175/65/75 1176/49/75
f 1176/49/75 1188/48/75 1171/50/76
f 1188/48/75 1182/66/75 1171/50/76
f 1182/66/75 1177/38/76 1171/50/76
f 1231/35/77 1230/58/77 1247/7/77
f 1230/58/77 1229/8/77 1247/7/77
f 1229/8/77 1228/52/77 1252/6/77
f 1228/52/77 1227/59/77 1252/6/77
f 1227/59/77 1226/60/77 1253/61/77
f 1253/61/77 1252/6/77 1227/59/77
f 1223/36/77 1247/7/77 1224/13/77
f 1247/7/77 1251/54/78 1225/12/78
f 1251/54/78 1246/53/78 1225/12/78
f 1217/14/77 1206/29/77 1205/15/77
f 1217/14/77 1216/18/77 1208/17/78
f 1216/18/77 1215/25/78 1210/27/78
f 1209/16/78 1216/18/77 1210/27/78
f 1249/62/77 1191/24/78 1211/23/78
f 1191/24/78 1190/37/77 1213/55/77
f 1212/22/78 1191/24/78 1213/55/77
f 1222/42/77 1232/56/78 1223/36/77
f 1232/56/78 1231/35/77 1223/36/77
f 1214/31/77 1213/55/77 1190/37/77
f 1243/38/77 1237/50/77 1236/39/78
f 1233/41/77 1232/56/78 1222/42/77
f 1193/34/79 1219/33/77 1194/11/77
f 1219/33/77 1218/3/77 1198/45/77
f 1197/30/78 1219/33/77 1198/45/77
f 1235/19/78 1245/21/78 1244/40/78
f 1240/63/78 1239/64/77 1242/49/77
f 1239/64/77 1238/57/77 1242/49/77
f 1240/63/78 1242/49/77 1241/65/330
f 1238/57/77 1237/50/77 1242/49/77
f 1237/50/77 1243/38/77 1248/66/77
f 1254/48/78 1237/50/77 1248/66/77
f 1295/8/80 1296/58/80 1313/7/81
f 1296/58/80 1297/35/81 1313/7/81
f 1313/7/81 1318/6/81 1295/8/80
f 1318/6/81 1319/61/81 1293/59/81
f 1319/61/81 1292/60/80 1293/59/81
f 1293/59/81 1294/52/81 1318/6/81
f 1317/54/80 1313/7/81 1291/12/81
f 1313/7/81 1289/36/81 1290/13/81
f 1291/12/81 1313/7/81 1290/13/81
f 1283/14/81 1284/3/81 1271/15/81
f 1281/25/81 1282/18/81 1276/27/81
f 1282/18/81 1283/14/81 1274/17/80
f 1275/16/81 1282/18/81 1274/17/80
f 1256/37/81 1257/24/81 1279/55/81
f 1257/24/81 1315/62/80 1277/23/81
f 1278/22/81 1257/24/81 1277/23/81
f 1297/35/81 1298/56/81 1289/36/81
f 1298/56/81 1288/42/81 1289/36/81
f 1280/31/81 1255/26/81 1256/37/81
f 1302/39/81 1303/50/81 1309/38/82
f 1299/41/81 1287/43/81 1288/42/81
f 1284/3/81 1285/33/81 1264/45/82
f 1285/33/81 1259/34/82 1260/11/81
f 1263/30/80 1285/33/81 1260/11/81
f 1301/19/81 1302/39/81 1310/40/81
f 1304/57/81 1305/64/81 1308/49/80
f 1305/64/81 1306/63/81 1308/49/80
f 1306/63/81 1307/65/331 1308/49/80
f 1308/49/80 1320/48/81 1303/50/81
f 1320/48/81 1314/66/82 1303/50/81
f 1314/66/82 1309/38/82 1303/50/81
f 1363/35/84 1362/58/84 1379/7/84
f 1362/58/84 1361/8/84 1379/7/84
f 1361/8/84 1360/52/84 1384/6/84
f 1360/52/84 1359/59/85 1384/6/84
f 1359/59/85 1358/60/85 1385/61/85
f 1385/61/85 1384/6/84 1359/59/85
f 1355/36/84 1379/7/84 1356/13/84
f 1379/7/84 1383/54/84 1357/12/84
f 1383/54/84 1378/53/84 1357/12/84
f 1349/14/84 1338/29/84 1337/15/85
f 1349/14/84 1348/18/84 1340/17/85
f 1348/18/84 1347/25/84 1342/27/85
f 1341/16/84 1348/18/84 1342/27/85
f 1381/62/84 1323/24/85 1343/23/84
f 1323/24/85 1322/37/85 1345/55/85
f 1344/22/85 1323/24/85 1345/55/85
f 1354/42/84 1364/56/84 1355/36/84
f 1364/56/84 1363/35/84 1355/36/84
f 1346/31/84 1345/55/85 1322/37/85
f 1375/38/85 1369/50/84 1368/39/85
f 1365/41/84 1364/56/84 1354/42/84
f 1325/34/87 1351/33/84 1326/11/85
f 1351/33/84 1350/3/85 1330/45/85
f 1329/30/86 1351/33/84 1330/45/85
f 1367/19/86 1377/21/86 1376/40/85
f 1372/63/85 1371/64/84 1374/49/84
f 1371/64/84 1370/57/84 1374/49/84
f 1372/63/85 1374/49/84 1373/65/84
f 1370/57/84 1369/50/84 1374/49/84
f 1369/50/84 1375/38/85 1380/66/84
f 1386/48/84 1369/50/84 1380/66/84
f 1427/8/88 1428/58/88 1445/7/88
f 1428/58/88 1429/35/88 1445/7/88
f 1445/7/88 1450/6/88 1427/8/88
f 1450/6/88 1451/61/88 1425/59/89
f 1451/61/88 1424/60/332 1425/59/89
f 1425/59/89 1426/52/88 1450/6/88
f 1449/54/88 1445/7/88 1423/12/88
f 1445/7/88 1421/36/88 1422/13/88
f 1423/12/88 1445/7/88 1422/13/88
f 1415/14/88 1416/3/88 1403/15/88
f 1413/25/88 1414/18/88 1408/27/89
f 1414/18/88 1415/14/88 1406/17/88
f 1407/16/88 1414/18/88 1406/17/88
f 1388/37/89 1389/24/88 1411/55/89
f 1389/24/88 1447/62/88 1409/23/88
f 1410/22/88 1389/24/88 1409/23/88
f 1429/35/88 1430/56/88 1421/36/88
f 1430/56/88 1420/42/88 1421/36/88
f 1412/31/88 1387/26/88 1388/37/89
f 1434/39/88 1435/50/88 1441/38/89
f 1431/41/88 1419/43/88 1420/42/88
f 1416/3/88 1417/33/88 1396/45/88
f 1417/33/88 1391/34/88 1392/11/88
f 1395/30/88 1417/33/88 1392/11/88
f 1433/19/89 1434/39/88 1442/40/89
f 1436/57/89 1437/64/89 1440/49/88
f 1437/64/89 1438/63/332 1440/49/88
f 1438/63/332 1439/65/333 1440/49/88
f 1440/49/88 1452/48/88 1435/50/88
f 1452/48/88 1446/66/89 1435/50/88
f 1446/66/89 1441/38/89 1435/50/88
f 1495/35/91 1494/58/91 1511/7/91
f 1494/58/91 1493/8/91 1511/7/91
f 1493/8/91 1492/52/91 1516/6/91
f 1492/52/91 1491/59/92 1516/6/91
f 1491/59/92 1490/60/90 1517/61/91
f 1517/61/91 1516/6/91 1491/59/92
f 1487/36/91 1511/7/91 1488/13/93
f 1511/7/91 1515/54/93 1489/12/93
f 1515/54/93 1510/53/92 1489/12/93
f 1481/14/93 1470/29/91 1469/15/91
f 1481/14/93 1480/18/91 1472/17/93
f 1480/18/91 1479/25/93 1474/27/90
f 1473/16/91 1480/18/91 1474/27/90
f 1513/62/91 1455/24/91 1475/23/90
f 1455/24/91 1454/37/91 1477/55/91
f 1476/22/93 1455/24/91 1477/55/91
f 1486/42/91 1496/56/91 1487/36/91
f 1496/56/91 1495/35/91 1487/36/91
f 1478/31/93 1477/55/91 1454/37/91
f 1507/38/92 1501/50/91 1500/39/92
f 1497/41/93 1496/56/91 1486/42/91
f 1457/34/94 1483/33/91 1458/11/92
f 1483/33/91 1482/3/91 1462/45/93
f 1461/30/91 1483/33/91 1462/45/93
f 1499/19/92 1509/21/92 1508/40/92
f 1504/63/90 1503/64/93 1506/49/91
f 1503/64/93 1502/57/93 1506/49/91
f 1504/63/90 1506/49/91 1505/65/92
f 1502/57/93 1501/50/91 1506/49/91
f 1501/50/91 1507/38/92 1512/66/90
f 1518/48/91 1501/50/91 1512/66/90
f 1559/8/96 1560/58/96 1577/7/96
f 1560/58/96 1561/35/96 1577/7/96
f 1577/7/96 1582/6/96 1559/8/96
f 1582/6/96 1583/61/96 1557/59/96
f 1583/61/96 1556/60/96 1557/59/96
f 1557/59/96 1558/52/96 1582/6/96
f 1581/54/96 1577/7/96 1555/12/96
f 1577/7/96 1553/36/96 1554/13/96
f 1555/12/96 1577/7/96 1554/13/96
f 1547/14/96 1548/3/96 1535/15/98
f 1545/25/98 1546/18/96 1540/27/98
f 1546/18/96 1547/14/96 1538/17/96
f 1539/16/96 1546/18/96 1538/17/96
f 1520/37/98 1521/24/98 1543/55/98
f 1521/24/98 1579/62/98 1541/23/96
f 1542/22/96 1521/24/98 1541/23/96
f 1561/35/96 1562/56/96 1553/36/96
f 1562/56/96 1552/42/96 1553/36/96
f 1544/31/98 1519/26/96 1520/37/98
f 1566/39/98 1567/50/96 1573/38/96
f 1563/41/96 1551/43/96 1552/42/96
f 1548/3/96 1549/33/96 1528/45/96
f 1549/33/96 1523/34/99 1524/11/96
f 1527/30/96 1549/33/96 1524/11/96
f 1565/19/98 1566/39/98 1574/40/98
f 1568/57/98 1569/64/98 1572/49/96
f 1569/64/98 1570/63/334 1572/49/96
f 1570/63/334 1571/65/96 1572/49/96
f 1572/49/96 1584/48/96 1567/50/96
f 1584/48/96 1578/66/96 1567/50/96
f 1578/66/96 1573/38/96 1567/50/96
f 1627/35/101 1626/58/101 1643/7/101
f 1626/58/101 1625/8/101 1643/7/101
f 1625/8/101 1624/52/101 1648/6/101
f 1624/52/101 1623/59/101 1648/6/101
f 1623/59/101 1622/60/101 1649/61/102
f 1649/61/102 1648/6/101 1623/59/101
f 1619/36/102 1643/7/101 1620/13/102
f 1643/7/101 1647/54/101 1621/12/101
f 1647/54/101 1642/53/101 1621/12/101
f 1613/14/101 1602/29/102 1601/15/102
f 1613/14/101 1612/18/102 1604/17/102
f 1612/18/102 1611/25/101 1606/27/101
f 1605/16/102 1612/18/102 1606/27/101
f 1645/62/102 1587/24/101 1607/23/102
f 1587/24/101 1586/37/101 1609/55/101
f 1608/22/101 1587/24/101 1609/55/101
f 1618/42/102 1628/56/101 1619/36/102
f 1628/56/101 1627/35/101 1619/36/102
f 1610/31/103 1609/55/101 1586/37/101
f 1639/38/101 1633/50/101 1632/39/101
f 1629/41/101 1628/56/101 1618/42/102
f 1589/34/102 1615/33/101 1590/11/101
f 1615/33/101 1614/3/101 1594/45/101
f 1593/30/102 1615/33/101 1594/45/101
f 1631/19/102 1641/21/102 1640/40/101
f 1636/63/101 1635/64/102 1638/49/101
f 1635/64/102 1634/57/102 1638/49/101
f 1636/63/101 1638/49/101 1637/65/335
f 1634/57/102 1633/50/101 1638/49/101
f 1633/50/101 1639/38/101 1644/66/101
f 1650/48/101 1633/50/101 1644/66/101
f 1691/8/105 1692/58/105 1709/7/105
f 1692/58/105 1693/35/105 1709/7/105
f 1709/7/105 1714/6/107 1691/8/105
f 1714/6/107 1715/61/105 1689/59/107
f 1715/61/105 1688/60/104 1689/59/107
f 1689/59/107 1690/52/107 1714/6/107
f 1713/54/105 1709/7/105 1687/12/105
f 1709/7/105 1685/36/105 1686/13/105
f 1687/12/105 1709/7/105 1686/13/105
f 1679/14/105 1680/3/105 1667/15/105
f 1677/25/107 1678/18/105 1672/27/107
f 1678/18/105 1679/14/105 1670/17/107
f 1671/16/105 1678/18/105 1670/17/107
f 1652/37/107 1653/24/105 1675/55/107
f 1653/24/105 1711/62/104 1673/23/105
f 1674/22/105 1653/24/105 1673/23/105
f 1693/35/105 1694/56/105 1685/36/105
f 1694/56/105 1684/42/105 1685/36/105
f 1676/31/107 1651/26/107 1652/37/107
f 1698/39/105 1699/50/105 1705/38/104
f 1695/41/105 1683/43/105 1684/42/105
f 1680/3/105 1681/33/105 1660/45/105
f 1681/33/105 1655/34/109 1656/11/105
f 1659/30/104 1681/33/105 1656/11/105
f 1697/19/105 1698/39/105 1706/40/105
f 1700/57/107 1701/64/107 1704/49/107
f 1701/64/107 1702/63/105 1704/49/107
f 1702/63/105 1703/65/336 1704/49/107
f 1704/49/107 1716/48/105 1699/50/105
f 1716/48/105 1710/66/104 1699/50/105
f 1710/66/104 1705/38/104 1699/50/105
f 1759/35/110 1758/58/110 1775/7/110
f 1758/58/110 1757/8/110 1775/7/110
f 1757/8/110 1756/52/110 1780/6/110
f 1756/52/110 1755/59/111 1780/6/110
f 1755/59/111 1754/60/112 1781/61/110
f 1781/61/110 1780/6/110 1755/59/111
f 1751/36/110 1775/7/110 1752/13/111
f 1775/7/110 1779/54/111 1753/12/110
f 1779/54/111 1774/53/111 1753/12/110
f 1745/14/111 1734/29/111 1733/15/111
f 1745/14/111 1744/18/110 1736/17/110
f 1744/18/110 1743/25/111 1738/27/111
f 1737/16/110 1744/18/110 1738/27/111
f 1777/62/110 1719/24/110 1739/23/110
f 1719/24/110 1718/37/110 1741/55/110
f 1740/22/111 1719/24/110 1741/55/110
f 1750/42/110 1760/56/110 1751/36/110
f 1760/56/110 1759/35/110 1751/36/110
f 1742/31/110 1741/55/110 1718/37/110
f 1771/38/110 1765/50/110 1764/39/110
f 1761/41/111 1760/56/110 1750/42/110
f 1721/34/112 1747/33/111 1722/11/111
f 1747/33/111 1746/3/110 1726/45/110
f 1725/30/111 1747/33/111 1726/45/110
f 1763/19/111 1773/21/110 1772/40/110
f 1768/63/110 1767/64/110 1770/49/111
f 1767/64/110 1766/57/110 1770/49/111
f 1768/63/110 1770/49/111 1769/65/337
f 1766/57/110 1765/50/110 1770/49/111
f 1765/50/110 1771/38/110 1776/66/110
f 1782/48/111 1765/50/110 1776/66/110
f 1823/8/115 1824/58/115 1841/7/115
f 1824/58/115 1825/35/115 1841/7/115
f 1841/7/115 1846/6/115 1823/8/115
f 1846/6/115 1847/61/115 1821/59/115
f 1847/61/115 1820/60/115 1821/59/115
f 1821/59/115 1822/52/115 1846/6/115
f 1845/54/114 1841/7/115 1819/12/114
f 1841/7/115 1817/36/115 1818/13/115
f 1819/12/114 1841/7/115 1818/13/115
f 1811/14/114 1812/3/115 1799/15/115
f 1809/25/114 1810/18/114 1804/27/114
f 1810/18/114 1811/14/114 1802/17/115
f 1803/16/114 1810/18/114 1802/17/115
f 1784/37/114 1785/24/115 1807/55/114
f 1785/24/115 1843/62/115 1805/23/115
f 1806/22/115 1785/24/115 1805/23/115
f 1825/35/115 1826/56/115 1817/36/115
f 1826/56/115 1816/42/115 1817/36/115
f 1808/31/115 1783/26/117 1784/37/114
f 1830/39/115 1831/50/115 1837/38/115
f 1827/41/114 1815/43/119 1816/42/115
f 1812/3/115 1813/33/115 1792/45/118
f 1813/33/115 1787/34/115 1788/11/115
f 1791/30/114 1813/33/115 1788/11/115
f 1829/19/114 1830/39/115 1838/40/115
f 1832/57/114 1833/64/114 1836/49/114
f 1833/64/114 1834/63/114 1836/49/114
f 1834/63/114 1835/65/338 1836/49/114
f 1836/49/114 1848/48/114 1831/50/115
f 1848/48/114 1842/66/117 1831/50/115
f 1842/66/117 1837/38/115 1831/50/115
f 1891/35/120 1890/58/120 1907/7/120
f 1890/58/120 1889/8/120 1907/7/120
f 1889/8/120 1888/52/123 1912/6/120
f 1888/52/123 1887/59/123 1912/6/120
f 1887/59/123 1886/60/122 1913/61/339
f 1913/61/339 1912/6/120 1887/59/123
f 1883/36/120 1907/7/120 1884/13/120
f 1907/7/120 1911/54/123 1885/12/120
f 1911/54/123 1906/53/123 1885/12/120
f 1877/14/120 1866/29/120 1865/15/120
f 1877/14/120 1876/18/120 1868/17/120
f 1876/18/120 1875/25/120 1870/27/123
f 1869/16/120 1876/18/120 1870/27/123
f 1909/62/120 1851/24/120 1871/23/120
f 1851/24/120 1850/37/120 1873/55/120
f 1872/22/120 1851/24/120 1873/55/120
f 1882/42/120 1892/56/120 1883/36/120
f 1892/56/120 1891/35/120 1883/36/120
f 1874/31/123 1873/55/120 1850/37/120
f 1903/38/120 1897/50/120 1896/39/120
f 1893/41/120 1892/56/120 1882/42/120
f 1853/34/123 1879/33/121 1854/11/120
f 1879/33/121 1878/3/120 1858/45/122
f 1857/30/121 1879/33/121 1858/45/122
f 1895/19/120 1905/21/123 1904/40/120
f 1900/63/123 1899/64/122 1902/49/123
f 1899/64/122 1898/57/120 1902/49/123
f 1900/63/123 1902/49/123 1901/65/339
f 1898/57/120 1897/50/120 1902/49/123
f 1897/50/120 1903/38/120 1908/66/122
f 1914/48/123 1897/50/120 1908/66/122
f 1955/8/125 1956/58/125 1973/7/128
f 1956/58/125 1957/35/132 1973/7/128
f 1973/7/128 1978/6/125 1955/8/125
f 1978/6/125 1979/61/125 1953/59/125
f 1979/61/125 1952/60/124 1953/59/125
f 1953/59/125 1954/52/125 1978/6/125
f 1977/54/124 1973/7/128 1951/12/127
f 1973/7/128 1949/36/124 1950/13/125
f 1951/12/127 1973/7/128 1950/13/125
f 1943/14/130 1944/3/125 1931/15/124
f 1941/25/125 1942/18/125 1936/27/125
f 1942/18/125 1943/14/130 1934/17/130
f 1935/16/125 1942/18/125 1934/17/130
f 1916/37/128 1917/24/127 1939/55/125
f 1917/24/127 1975/62/127 1937/23/127
f 1938/22/127 1917/24/127 1937/23/127
f 1957/35/132 1958/56/124 1949/36/124
f 1958/56/124 1948/42/124 1949/36/124
f 1940/31/130 1915/26/128 1916/37/128
f 1962/39/125 1963/50/128 1969/38/128
f 1959/41/125 1947/43/128 1948/42/124
f 1944/3/125 1945/33/128 1924/45/125
f 1945/33/128 1919/34/128 1920/11/128
f 1923/30/125 1945/33/128 1920/11/128
f 1961/19/124 1962/39/125 1970/40/128
f 1964/57/125 1965/64/125 1968/49/125
f 1965/64/125 1966/63/340 1968/49/125
f 1966/63/340 1967/65/341 1968/49/125
f 1968/49/125 1980/48/125 1963/50/128
f 1980/48/125 1974/66/128 1963/50/128
f 1974/66/128 1969/38/128 1963/50/128
f 2023/35/135 2022/58/135 2039/7/135
f 2022/58/135 2021/8/135 2039/7/135
f 2021/8/135 2020/52/135 2044/6/135
f 2020/52/135 2019/59/135 2044/6/135
f 2019/59/135 2018/60/135 2045/61/135
f 2045/61/135 2044/6/135 2019/59/135
f 2015/36/135 2039/7/135 2016/13/136
f 2039/7/135 2043/54/135 2017/12/135
f 2043/54/135 2038/53/135 2017/12/135
f 2009/14/136 1998/29/137 1997/15/135
f 2009/14/136 2008/18/135 2000/17/135
f 2008/18/135 2007/25/135 2002/27/135
f 2001/16/135 2008/18/135 2002/27/135
f 2041/62/135 1983/24/135 2003/23/135
f 1983/24/135 1982/37/135 2005/55/135
f 2004/22/136 1983/24/135 2005/55/135
f 2014/42/135 2024/56/135 2015/36/135
f 2024/56/135 2023/35/135 2015/36/135
f 2006/31/135 2005/55/135 1982/37/135
f 2035/38/135 2029/50/136 2028/39/135
f 2025/41/135 2024/56/135 2014/42/135
f 1985/34/135 2011/33/134 1986/11/135
f 2011/33/134 2010/3/135 1990/45/135
f 1989/30/135 2011/33/134 1990/45/135
f 2027/19/135 2037/21/135 2036/40/135
f 2032/63/135 2031/64/135 2034/49/135
f 2031/64/135 2030/57/135 2034/49/135
f 2032/63/135 2034/49/135 2033/65/136
f 2030/57/135 2029/50/136 2034/49/135
f 2029/50/136 2035/38/135 2040/66/135
f 2046/48/135 2029/50/136 2040/66/135
f 2087/8/138 2088/58/140 2105/7/138
f 2088/58/140 2089/35/138 2105/7/138
f 2105/7/138 2110/6/138 2087/8/138
f 2110/6/138 2111/61/138 2085/59/138
f 2111/61/138 2084/60/138 2085/59/138
f 2085/59/138 2086/52/138 2110/6/138
f 2109/54/138 2105/7/138 2083/12/138
f 2105/7/138 2081/36/138 2082/13/138
f 2083/12/138 2105/7/138 2082/13/138
f 2075/14/140 2076/3/138 2063/15/140
f 2073/25/138 2074/18/140 2068/27/138
f 2074/18/140 2075/14/140 2066/17/140
f 2067/16/140 2074/18/140 2066/17/140
f 2048/37/138 2049/24/138 2071/55/138
f 2049/24/138 2107/62/138 2069/23/138
f 2070/22/138 2049/24/138 2069/23/138
f 2089/35/138 2090/56/140 2081/36/138
f 2090/56/140 2080/42/138 2081/36/138
f 2072/31/138 2047/26/138 2048/37/138
f 2094/39/138 2095/50/138 2101/38/138
f 2091/41/138 2079/43/138 2080/42/138
f 2076/3/138 2077/33/138 2056/45/138
f 2077/33/138 2051/34/139 2052/11/138
f 2055/30/140 2077/33/138 2052/11/138
f 2093/19/138 2094/39/138 2102/40/138
f 2096/57/138 2097/64/139 2100/49/138
f 2097/64/139 2098/63/342 2100/49/138
f 2098/63/342 2099/65/139 2100/49/138
f 2100/49/138 2112/48/138 2095/50/138
f 2112/48/138 2106/66/138 2095/50/138
f 2106/66/138 2101/38/138 2095/50/138
f 2155/35/143 2154/58/143 2171/7/143
f 2154/58/143 2153/8/143 2171/7/143
f 2153/8/143 2152/52/143 2176/6/143
f 2152/52/143 2151/59/142 2176/6/143
f 2151/59/142 2150/60/143 2177/61/143
f 2177/61/143 2176/6/143 2151/59/142
f 2147/36/143 2171/7/143 2148/13/142
f 2171/7/143 2175/54/143 2149/12/143
f 2175/54/143 2170/53/143 2149/12/143
f 2141/14/142 2130/29/144 2129/15/143
f 2141/14/142 2140/18/143 2132/17/143
f 2140/18/143 2139/25/143 2134/27/143
f 2133/16/143 2140/18/143 2134/27/143
f 2173/62/143 2115/24/143 2135/23/142
f 2115/24/143 2114/37/143 2137/55/143
f 2136/22/142 2115/24/143 2137/55/143
f 2146/42/143 2156/56/143 2147/36/143
f 2156/56/143 2155/35/143 2147/36/143
f 2138/31/143 2137/55/143 2114/37/143
f 2167/38/143 2161/50/143 2160/39/143
f 2157/41/143 2156/56/143 2146/42/143
f 2117/34/142 2143/33/143 2118/11/143
f 2143/33/143 2142/3/143 2122/45/143
f 2121/30/143 2143/33/143 2122/45/143
f 2159/19/143 2169/21/143 2168/40/143
f 2164/63/142 2163/64/143 2166/49/142
f 2163/64/143 2162/57/143 2166/49/142
f 2164/63/142 2166/49/142 2165/65/144
f 2162/57/143 2161/50/143 2166/49/142
f 2161/50/143 2167/38/143 2172/66/143
f 2178/48/142 2161/50/143 2172/66/143
f 2219/8/145 2220/58/145 2237/7/145
f 2220/58/145 2221/35/145 2237/7/145
f 2237/7/145 2242/6/145 2219/8/145
f 2242/6/145 2243/61/147 2217/59/145
f 2243/61/147 2216/60/145 2217/59/145
f 2217/59/145 2218/52/145 2242/6/145
f 2241/54/147 2237/7/145 2215/12/145
f 2237/7/145 2213/36/145 2214/13/145
f 2215/12/145 2237/7/145 2214/13/145
f 2207/14/147 2208/3/145 2195/15/145
f 2205/25/145 2206/18/145 2200/27/145
f 2206/18/145 2207/14/147 2198/17/147
f 2199/16/145 2206/18/145 2198/17/147
f 2180/37/145 2181/24/147 2203/55/145
f 2181/24/147 2239/62/147 2201/23/147
f 2202/22/147 2181/24/147 2201/23/147
f 2221/35/145 2222/56/145 2213/36/145
f 2222/56/145 2212/42/145 2213/36/145
f 2204/31/147 2179/26/147 2180/37/145
f 2226/39/145 2227/50/145 2233/38/145
f 2223/41/147 2211/43/147 2212/42/145
f 2208/3/145 2209/33/145 2188/45/145
f 2209/33/145 2183/34/145 2184/11/145
f 2187/30/145 2209/33/145 2184/11/145
f 2225/19/147 2226/39/145 2234/40/145
f 2228/57/147 2229/64/147 2232/49/145
f 2229/64/147 2230/63/148 2232/49/145
f 2230/63/148 2231/65/145 2232/49/145
f 2232/49/145 2244/48/145 2227/50/145
f 2244/48/145 2238/66/145 2227/50/145
f 2238/66/145 2233/38/145 2227/50/145
f 2287/35/149 2286/58/149 2303/7/149
f 2286/58/149 2285/8/149 2303/7/149
f 2285/8/149 2284/52/150 2308/6/149
f 2284/52/150 2283/59/149 2308/6/149
f 2283/59/149 2282/60/150 2309/61/149
f 2309/61/149 2308/6/149 2283/59/149
f 2279/36/149 2303/7/149 2280/13/149
f 2303/7/149 2307/54/149 2281/12/150
f 2307/54/149 2302/53/149 2281/12/150
f 2273/14/150 2262/29/149 2261/15/150
f 2273/14/150 2272/18/149 2264/17/149
f 2272/18/149 2271/25/149 2266/27/149
f 2265/16/149 2272/18/149 2266/27/149
f 2305/62/149 2247/24/149 2267/23/149
f 2247/24/149 2246/37/149 2269/55/149
f 2268/22/150 2247/24/149 2269/55/149
f 2278/42/149 2288/56/149 2279/36/149
f 2288/56/149 2287/35/149 2279/36/149
f 2270/31/149 2269/55/149 2246/37/149
f 2299/38/149 2293/50/149 2292/39/149
f 2289/41/149 2288/56/149 2278/42/149
f 2249/34/149 2275/33/149 2250/11/149
f 2275/33/149 2274/3/149 2254/45/149
f 2253/30/150 2275/33/149 2254/45/149
f 2291/19/149 2301/21/149 2300/40/149
f 2296/63/149 2295/64/150 2298/49/149
f 2295/64/150 2294/57/149 2298/49/149
f 2296/63/149 2298/49/149 2297/65/150
f 2294/57/149 2293/50/149 2298/49/149
f 2293/50/149 2299/38/149 2304/66/149
f 2310/48/149 2293/50/149 2304/66/149
f 2351/8/152 2352/58/152 2369/7/152
f 2352/58/152 2353/35/152 2369/7/152
f 2369/7/152 2374/6/152 2351/8/152
f 2374/6/152 2375/61/152 2349/59/152
f 2375/61/152 2348/60/152 2349/59/152
f 2349/59/152 2350/52/153 2374/6/152
f 2373/54/154 2369/7/152 2347/12/152
f 2369/7/152 2345/36/152 2346/13/152
f 2347/12/152 2369/7/152 2346/13/152
f 2339/14/152 2340/3/152 2327/15/152
f 2337/25/152 2338/18/154 2332/27/152
f 2338/18/154 2339/14/152 2330/17/152
f 2331/16/154 2338/18/154 2330/17/152
f 2312/37/152 2313/24/152 2335/55/152
f 2313/24/152 2371/62/152 2333/23/152
f 2334/22/152 2313/24/152 2333/23/152
f 2353/35/152 2354/56/152 2345/36/152
f 2354/56/152 2344/42/152 2345/36/152
f 2336/31/152 2311/26/154 2312/37/152
f 2358/39/152 2359/50/152 2365/38/152
f 2355/41/152 2343/43/152 2344/42/152
f 2340/3/152 2341/33/152 2320/45/152
f 2341/33/152 2315/34/151 2316/11/152
f 2319/30/152 2341/33/152 2316/11/152
f 2357/19/151 2358/39/152 2366/40/152
f 2360/57/152 2361/64/152 2364/49/152
f 2361/64/152 2362/63/153 2364/49/152
f 2362/63/153 2363/65/343 2364/49/152
f 2364/49/152 2376/48/152 2359/50/152
f 2376/48/152 2370/66/152 2359/50/152
f 2370/66/152 2365/38/152 2359/50/152
f 2419/35/156 2418/58/156 2435/7/156
f 2418/58/156 2417/8/156 2435/7/156
f 2417/8/156 2416/52/155 2440/6/156
f 2416/52/155 2415/59/156 2440/6/156
f 2415/59/156 2414/60/157 2441/61/156
f 2441/61/156 2440/6/156 2415/59/156
f 2411/36/156 2435/7/156 2412/13/156
f 2435/7/156 2439/54/156 2413/12/155
f 2439/54/156 2434/53/156 2413/12/155
f 2405/14/156 2394/29/157 2393/15/156
f 2405/14/156 2404/18/156 2396/17/156
f 2404/18/156 2403/25/156 2398/27/156
f 2397/16/156 2404/18/156 2398/27/156
f 2437/62/156 2379/24/156 2399/23/156
f 2379/24/156 2378/37/156 2401/55/156
f 2400/22/156 2379/24/156 2401/55/156
f 2410/42/156 2420/56/156 2411/36/156
f 2420/56/156 2419/35/156 2411/36/156
f 2402/31/156 2401/55/156 2378/37/156
f 2431/38/156 2425/50/156 2424/39/156
f 2421/41/156 2420/56/156 2410/42/156
f 2381/34/157 2407/33/155 2382/11/156
f 2407/33/155 2406/3/156 2386/45/156
f 2385/30/156 2407/33/155 2386/45/156
f 2423/19/156 2433/21/156 2432/40/156
f 2428/63/156 2427/64/155 2430/49/156
f 2427/64/155 2426/57/156 2430/49/156
f 2428/63/156 2430/49/156 2429/65/157
f 2426/57/156 2425/50/156 2430/49/156
f 2425/50/156 2431/38/156 2436/66/156
f 2442/48/156 2425/50/156 2436/66/156
f 2483/8/159 2484/58/159 2501/7/159
f 2484/58/159 2485/35/159 2501/7/159
f 2501/7/159 2506/6/159 2483/8/159
f 2506/6/159 2507/61/159 2481/59/159
f 2507/61/159 2480/60/159 2481/59/159
f 2481/59/159 2482/52/159 2506/6/159
f 2505/54/159 2501/7/159 2479/12/159
f 2501/7/159 2477/36/159 2478/13/159
f 2479/12/159 2501/7/159 2478/13/159
f 2471/14/158 2472/3/159 2459/15/159
f 2469/25/159 2470/18/159 2464/27/159
f 2470/18/159 2471/14/158 2462/17/159
f 2463/16/159 2470/18/159 2462/17/159
f 2444/37/159 2445/24/159 2467/55/159
f 2445/24/159 2503/62/159 2465/23/159
f 2466/22/159 2445/24/159 2465/23/159
f 2485/35/159 2486/56/159 2477/36/159
f 2486/56/159 2476/42/159 2477/36/159
f 2468/31/159 2443/26/159 2444/37/159
f 2490/39/159 2491/50/159 2497/38/159
f 2487/41/158 2475/43/158 2476/42/159
f 2472/3/159 2473/33/159 2452/45/159
f 2473/33/159 2447/34/160 2448/11/159
f 2451/30/159 2473/33/159 2448/11/159
f 2489/19/159 2490/39/159 2498/40/159
f 2492/57/158 2493/64/158 2496/49/159
f 2493/64/158 2494/63/159 2496/49/159
f 2494/63/159 2495/65/160 2496/49/159
f 2496/49/159 2508/48/159 2491/50/159
f 2508/48/159 2502/66/159 2491/50/159
f 2502/66/159 2497/38/159 2491/50/159
f 2551/35/161 2550/58/161 2567/7/161
f 2550/58/161 2549/8/161 2567/7/161
f 2549/8/161 2548/52/161 2572/6/161
f 2548/52/161 2547/59/161 2572/6/161
f 2547/59/161 2546/60/161 2573/61/161
f 2573/61/161 2572/6/161 2547/59/161
f 2543/36/161 2567/7/161 2544/13/161
f 2567/7/161 2571/54/161 2545/12/161
f 2571/54/161 2566/53/161 2545/12/161
f 2537/14/161 2526/29/162 2525/15/161
f 2537/14/161 2536/18/161 2528/17/161
f 2536/18/161 2535/25/161 2530/27/161
f 2529/16/161 2536/18/161 2530/27/161
f 2569/62/161 2511/24/161 2531/23/161
f 2511/24/161 2510/37/161 2533/55/161
f 2532/22/161 2511/24/161 2533/55/161
f 2542/42/161 2552/56/161 2543/36/161
f 2552/56/161 2551/35/161 2543/36/161
f 2534/31/161 2533/55/161 2510/37/161
f 2563/38/163 2557/50/161 2556/39/161
f 2553/41/161 2552/56/161 2542/42/161
f 2513/34/163 2539/33/163 2514/11/161
f 2539/33/163 2538/3/161 2518/45/161
f 2517/30/163 2539/33/163 2518/45/161
f 2555/19/162 2565/21/162 2564/40/161
f 2560/63/162 2559/64/163 2562/49/161
f 2559/64/163 2558/57/161 2562/49/161
f 2560/63/162 2562/49/161 2561/65/162
f 2558/57/161 2557/50/161 2562/49/161
f 2557/50/161 2563/38/163 2568/66/163
f 2574/48/161 2557/50/161 2568/66/163
f 2615/8/164 2616/58/164 2633/7/164
f 2616/58/164 2617/35/164 2633/7/164
f 2633/7/164 2638/6/164 2615/8/164
f 2638/6/164 2639/61/164 2613/59/164
f 2639/61/164 2612/60/165 2613/59/164
f 2613/59/164 2614/52/164 2638/6/164
f 2637/54/165 2633/7/164 2611/12/164
f 2633/7/164 2609/36/164 2610/13/164
f 2611/12/164 2633/7/164 2610/13/164
f 2603/14/165 2604/3/164 2591/15/164
f 2601/25/164 2602/18/164 2596/27/164
f 2602/18/164 2603/14/165 2594/17/164
f 2595/16/164 2602/18/164 2594/17/164
f 2576/37/165 2577/24/164 2599/55/164
f 2577/24/164 2635/62/164 2597/23/165
f 2598/22/164 2577/24/164 2597/23/165
f 2617/35/164 2618/56/164 2609/36/164
f 2618/56/164 2608/42/164 2609/36/164
f 2600/31/164 2575/26/164 2576/37/165
f 2622/39/165 2623/50/164 2629/38/164
f 2619/41/164 2607/43/164 2608/42/164
f 2604/3/164 2605/33/164 2584/45/164
f 2605/33/164 2579/34/166 2580/11/164
f 2583/30/164 2605/33/164 2580/11/164
f 2621/19/164 2622/39/165 2630/40/165
f 2624/57/164 2625/64/165 2628/49/164
f 2625/64/165 2626/63/164 2628/49/164
f 2626/63/164 2627/65/165 2628/49/164
f 2628/49/164 2640/48/165 2623/50/164
f 2640/48/165 2634/66/164 2623/50/164
f 2634/66/164 2629/38/164 2623/50/164
f 2683/35/167 2682/58/167 2699/7/167
f 2682/58/167 2681/8/167 2699/7/167
f 2681/8/167 2680/52/167 2704/6/167
f 2680/52/167 2679/59/169 2704/6/167
f 2679/59/169 2678/60/169 2705/61/168
f 2705/61/168 2704/6/167 2679/59/169
f 2675/36/167 2699/7/167 2676/13/167
f 2699/7/167 2703/54/169 2677/12/167
f 2703/54/169 2698/53/169 2677/12/167
f 2669/14/168 2658/29/169 2657/15/167
f 2669/14/168 2668/18/168 2660/17/167
f 2668/18/168 2667/25/167 2662/27/167
f 2661/16/168 2668/18/168 2662/27/167
f 2701/62/168 2643/24/167 2663/23/167
f 2643/24/167 2642/37/167 2665/55/167
f 2664/22/167 2643/24/167 2665/55/167
f 2674/42/167 2684/56/167 2675/36/167
f 2684/56/167 2683/35/167 2675/36/167
f 2666/31/169 2665/55/167 2642/37/167
f 2695/38/169 2689/50/167 2688/39/167
f 2685/41/167 2684/56/167 2674/42/167
f 2645/34/168 2671/33/167 2646/11/169
f 2671/33/167 2670/3/167 2650/45/167
f 2649/30/167 2671/33/167 2650/45/167
f 2687/19/167 2697/21/168 2696/40/167
f 2692/63/168 2691/64/169 2694/49/167
f 2691/64/169 2690/57/169 2694/49/167
f 2692/63/168 2694/49/167 2693/65/167
f 2690/57/169 2689/50/167 2694/49/167
f 2689/50/167 2695/38/169 2700/66/169
f 2706/48/167 2689/50/167 2700/66/169
f 2747/8/170 2748/58/171 2765/7/170
f 2748/58/171 2749/35/170 2765/7/170
f 2765/7/170 2770/6/170 2747/8/170
f 2770/6/170 2771/61/171 2745/59/170
f 2771/61/171 2744/60/171 2745/59/170
f 2745/59/170 2746/52/170 2770/6/170
f 2769/54/171 2765/7/170 2743/12/171
f 2765/7/170 2741/36/170 2742/13/171
f 2743/12/171 2765/7/170 2742/13/171
f 2735/14/171 2736/3/170 2723/15/170
f 2733/25/170 2734/18/170 2728/27/170
f 2734/18/170 2735/14/171 2726/17/170
f 2727/16/170 2734/18/170 2726/17/170
f 2708/37/170 2709/24/171 2731/55/170
f 2709/24/171 2767/62/170 2729/23/170
f 2730/22/171 2709/24/171 2729/23/170
f 2749/35/170 2750/56/170 2741/36/170
f 2750/56/170 2740/42/170 2741/36/170
f 2732/31/170 2707/26/170 2708/37/170
f 2754/39/170 2755/50/170 2761/38/170
f 2751/41/171 2739/43/171 2740/42/170
f 2736/3/170 2737/33/170 2716/45/170
f 2737/33/170 2711/34/172 2712/11/170
f 2715/30/170 2737/33/170 2712/11/170
f 2753/19/170 2754/39/170 2762/40/170
f 2756/57/170 2757/64/170 2760/49/170
f 2757/64/170 2758/63/170 2760/49/170
f 2758/63/170 2759/65/170 2760/49/170
f 2760/49/170 2772/48/170 2755/50/170
f 2772/48/170 2766/66/170 2755/50/170
f 2766/66/170 2761/38/170 2755/50/170
f 2815/35/175 2814/58/175 2831/7/175
f 2814/58/175 2813/8/175 2831/7/175
f 2813/8/175 2812/52/175 2836/6/173
f 2812/52/175 2811/59/175 2836/6/173
f 2811/59/175 2810/60/176 2837/61/175
f 2837/61/175 2836/6/173 2811/59/175
f 2807/36/175 2831/7/175 2808/13/173
f 2831/7/175 2835/54/175 2809/12/173
f 2835/54/175 2830/53/175 2809/12/173
f 2801/14/173 2790/29/176 2789/15/175
f 2801/14/173 2800/18/173 2792/17/175
f 2800/18/173 2799/25/173 2794/27/173
f 2793/16/173 2800/18/173 2794/27/173
f 2833/62/174 2775/24/175 2795/23/175
f 2775/24/175 2774/37/175 2797/55/175
f 2796/22/175 2775/24/175 2797/55/175
f 2806/42/173 2816/56/173 2807/36/175
f 2816/56/173 2815/35/175 2807/36/175
f 2798/31/173 2797/55/175 2774/37/175
f 2827/38/175 2821/50/175 2820/39/175
f 2817/41/173 2816/56/173 2806/42/173
f 2777/34/175 2803/33/173 2778/11/173
f 2803/33/173 2802/3/175 2782/45/175
f 2781/30/175 2803/33/173 2782/45/175
f 2819/19/173 2829/21/173 2828/40/173
f 2824/63/174 2823/64/344 2826/49/173
f 2823/64/344 2822/57/173 2826/49/173
f 2824/63/174 2826/49/173 2825/65/345
f 2822/57/173 2821/50/175 2826/49/173
f 2821/50/175 2827/38/175 2832/66/175
f 2838/48/173 2821/50/175 2832/66/175
f 2879/8/177 2880/58/178 2897/7/178
f 2880/58/178 2881/35/178 2897/7/178
f 2897/7/178 2902/6/178 2879/8/177
f 2902/6/178 2903/61/178 2877/59/179
f 2903/61/178 2876/60/177 2877/59/179
f 2877/59/179 2878/52/179 2902/6/178
f 2901/54/179 2897/7/178 2875/12/178
f 2897/7/178 2873/36/178 2874/13/177
f 2875/12/178 2897/7/178 2874/13/177
f 2867/14/180 2868/3/178 2855/15/178
f 2865/25/179 2866/18/178 2860/27/179
f 2866/18/178 2867/14/180 2858/17/179
f 2859/16/178 2866/18/178 2858/17/179
f 2840/37/180 2841/24/178 2863/55/179
f 2841/24/178 2899/62/178 2861/23/177
f 2862/22/177 2841/24/178 2861/23/177
f 2881/35/178 2882/56/179 2873/36/178
f 2882/56/179 2872/42/180 2873/36/178
f 2864/31/179 2839/26/179 2840/37/180
f 2886/39/178 2887/50/178 2893/38/178
f 2883/41/180 2871/43/180 2872/42/180
f 2868/3/178 2869/33/180 2848/45/178
f 2869/33/180 2843/34/178 2844/11/178
f 2847/30/177 2869/33/180 2844/11/178
f 2885/19/178 2886/39/178 2894/40/178
f 2888/57/178 2889/64/177 2892/49/178
f 2889/64/177 2890/63/180 2892/49/178
f 2890/63/180 2891/65/346 2892/49/178
f 2892/49/178 2904/48/179 2887/50/178
f 2904/48/179 2898/66/180 2887/50/178
f 2898/66/180 2893/38/178 2887/50/178
f 2947/35/184 2946/58/184 2963/7/184
f 2946/58/184 2945/8/184 2963/7/184
f 2945/8/184 2944/52/184 2968/6/184
f 2944/52/184 2943/59/182 2968/6/184
f 2943/59/182 2942/60/184 2969/61/184
f 2969/61/184 2968/6/184 2943/59/182
f 2939/36/184 2963/7/184 2940/13/182
f 2963/7/184 2967/54/184 2941/12/184
f 2967/54/184 2962/53/184 2941/12/184
f 2933/14/184 2922/29/184 2921/15/182
f 2933/14/184 2932/18/184 2924/17/182
f 2932/18/184 2931/25/182 2926/27/184
f 2925/16/182 2932/18/184 2926/27/184
f 2965/62/182 2907/24/182 2927/23/182
f 2907/24/182 2906/37/184 2929/55/182
f 2928/22/182 2907/24/182 2929/55/182
f 2938/42/184 2948/56/184 2939/36/184
f 2948/56/184 2947/35/184 2939/36/184
f 2930/31/184 2929/55/182 2906/37/184
f 2959/38/182 2953/50/182 2952/39/184
f 2949/41/184 2948/56/184 2938/42/184
f 2909/34/184 2935/33/183 2910/11/182
f 2935/33/183 2934/3/184 2914/45/183
f 2913/30/184 2935/33/183 2914/45/183
f 2951/19/182 2961/21/184 2960/40/184
f 2956/63/183 2955/64/184 2958/49/184
f 2955/64/184 2954/57/184 2958/49/184
f 2956/63/183 2958/49/184 2957/65/347
f 2954/57/184 2953/50/182 2958/49/184
f 2953/50/182 2959/38/182 2964/66/182
f 2970/48/182 2953/50/182 2964/66/182
f 3011/8/185 3012/58/185 3029/7/185
f 3012/58/185 3013/35/185 3029/7/185
f 3029/7/185 3034/6/185 3011/8/185
f 3034/6/185 3035/61/186 3009/59/186
f 3035/61/186 3008/60/186 3009/59/186
f 3009/59/186 3010/52/185 3034/6/185
f 3033/54/186 3029/7/185 3007/12/186
f 3029/7/185 3005/36/185 3006/13/185
f 3007/12/186 3029/7/185 3006/13/185
f 2999/14/186 3000/3/186 2987/15/186
f 2997/25/185 2998/18/185 2992/27/185
f 2998/18/185 2999/14/186 2990/17/186
f 2991/16/185 2998/18/185 2990/17/186
f 2972/37/186 2973/24/185 2995/55/186
f 2973/24/185 3031/62/185 2993/23/185
f 2994/22/185 2973/24/185 2993/23/185
f 3013/35/185 3014/56/185 3005/36/185
f 3014/56/185 3004/42/185 3005/36/185
f 2996/31/185 2971/26/185 2972/37/186
f 3018/39/186 3019/50/185 3025/38/185
f 3015/41/186 3003/43/186 3004/42/185
f 3000/3/186 3001/33/186 2980/45/185
f 3001/33/186 2975/34/186 2976/11/185
f 2979/30/186 3001/33/186 2976/11/185
f 3017/19/186 3018/39/186 3026/40/186
f 3020/57/185 3021/64/186 3024/49/185
f 3021/64/186 3022/63/186 3024/49/185
f 3022/63/186 3023/65/348 3024/49/185
f 3024/49/185 3036/48/185 3019/50/185
f 3036/48/185 3030/66/185 3019/50/185
f 3030/66/185 3025/38/185 3019/50/185
f 3079/35/189 3078/58/189 3095/7/189
f 3078/58/189 3077/8/189 3095/7/189
f 3077/8/189 3076/52/187 3100/6/187
f 3076/52/187 3075/59/187 3100/6/187
f 3075/59/187 3074/60/189 3101/61/188
f 3101/61/188 3100/6/187 3075/59/187
f 3071/36/187 3095/7/189 3072/13/187
f 3095/7/189 3099/54/189 3073/12/187
f 3099/54/189 3094/53/189 3073/12/187
f 3065/14/190 3054/29/187 3053/15/189
f 3065/14/190 3064/18/190 3056/17/190
f 3064/18/190 3063/25/190 3058/27/189
f 3057/16/188 3064/18/190 3058/27/189
f 3097/62/187 3039/24/189 3059/23/187
f 3039/24/189 3038/37/187 3061/55/189
f 3060/22/189 3039/24/189 3061/55/189
f 3070/42/189 3080/56/189 3071/36/187
f 3080/56/189 3079/35/189 3071/36/187
f 3062/31/188 3061/55/189 3038/37/187
f 3091/38/189 3085/50/187 3084/39/189
f 3081/41/187 3080/56/189 3070/42/189
f 3041/34/190 3067/33/187 3042/11/187
f 3067/33/187 3066/3/189 3046/45/187
f 3045/30/191 3067/33/187 3046/45/187
f 3083/19/189 3093/21/187 3092/40/189
f 3088/63/189 3087/64/187 3090/49/189
f 3087/64/187 3086/57/187 3090/49/189
f 3088/63/189 3090/49/189 3089/65/349
f 3086/57/187 3085/50/187 3090/49/189
f 3085/50/187 3091/38/189 3096/66/187
f 3102/48/187 3085/50/187 3096/66/187
f 3143/8/193 3144/58/192 3161/7/192
f 3144/58/192 3145/35/192 3161/7/192
f 3161/7/192 3166/6/192 3143/8/193
f 3166/6/192 3167/61/192 3141/59/192
f 3167/61/192 3140/60/350 3141/59/192
f 3141/59/192 3142/52/193 3166/6/192
f 3165/54/193 3161/7/192 3139/12/192
f 3161/7/192 3137/36/192 3138/13/192
f 3139/12/192 3161/7/192 3138/13/192
f 3131/14/193 3132/3/192 3119/15/192
f 3129/25/192 3130/18/192 3124/27/192
f 3130/18/192 3131/14/193 3122/17/193
f 3123/16/192 3130/18/192 3122/17/193
f 3104/37/192 3105/24/192 3127/55/192
f 3105/24/192 3163/62/192 3125/23/193
f 3126/22/192 3105/24/192 3125/23/193
f 3145/35/192 3146/56/192 3137/36/192
f 3146/56/192 3136/42/193 3137/36/192
f 3128/31/192 3103/26/192 3104/37/192
f 3150/39/192 3151/50/192 3157/38/192
f 3147/41/193 3135/43/193 3136/42/193
f 3132/3/192 3133/33/193 3112/45/192
f 3133/33/193 3107/34/194 3108/11/192
f 3111/30/193 3133/33/193 3108/11/192
f 3149/19/192 3150/39/192 3158/40/193
f 3152/57/192 3153/64/192 3156/49/192
f 3153/64/192 3154/63/350 3156/49/192
f 3154/63/350 3155/65/193 3156/49/192
f 3156/49/192 3168/48/193 3151/50/192
f 3168/48/193 3162/66/192 3151/50/192
f 3162/66/192 3157/38/192 3151/50/192
f 3211/35/196 3210/58/196 3227/7/196
f 3210/58/196 3209/8/195 3227/7/196
f 3209/8/195 3208/52/196 3232/6/195
f 3208/52/196 3207/59/195 3232/6/195
f 3207/59/195 3206/60/197 3233/61/195
f 3233/61/195 3232/6/195 3207/59/195
f 3203/36/195 3227/7/196 3204/13/195
f 3227/7/196 3231/54/195 3205/12/196
f 3231/54/195 3226/53/195 3205/12/196
f 3197/14/195 3186/29/195 3185/15/195
f 3197/14/195 3196/18/196 3188/17/196
f 3196/18/196 3195/25/196 3190/27/196
f 3189/16/195 3196/18/196 3190/27/196
f 3229/62/196 3171/24/195 3191/23/195
f 3171/24/195 3170/37/195 3193/55/195
f 3192/22/195 3171/24/195 3193/55/195
f 3202/42/196 3212/56/196 3203/36/195
f 3212/56/196 3211/35/196 3203/36/195
f 3194/31/195 3193/55/195 3170/37/195
f 3223/38/195 3217/50/195 3216/39/195
f 3213/41/195 3212/56/196 3202/42/196
f 3173/34/197 3199/33/195 3174/11/195
f 3199/33/195 3198/3/195 3178/45/195
f 3177/30/196 3199/33/195 3178/45/195
f 3215/19/195 3225/21/195 3224/40/195
f 3220/63/195 3219/64/197 3222/49/196
f 3219/64/197 3218/57/197 3222/49/196
f 3220/63/195 3222/49/196 3221/65/351
f 3218/57/197 3217/50/195 3222/49/196
f 3217/50/195 3223/38/195 3228/66/197
f 3234/48/195 3217/50/195 3228/66/197
f 3275/8/200 3276/58/200 3293/7/198
f 3276/58/200 3277/35/199 3293/7/198
f 3293/7/198 3298/6/199 3275/8/200
f 3298/6/199 3299/61/199 3273/59/198
f 3299/61/199 3272/60/200 3273/59/198
f 3273/59/198 3274/52/198 3298/6/199
f 3297/54/199 3293/7/198 3271/12/198
f 3293/7/198 3269/36/199 3270/13/198
f 3271/12/198 3293/7/198 3270/13/198
f 3263/14/198 3264/3/198 3251/15/198
f 3261/25/199 3262/18/199 3256/27/198
f 3262/18/199 3263/14/198 3254/17/198
f 3255/16/199 3262/18/199 3254/17/198
f 3236/37/198 3237/24/198 3259/55/198
f 3237/24/198 3295/62/198 3257/23/199
f 3258/22/198 3237/24/198 3257/23/199
f 3277/35/199 3278/56/199 3269/36/199
f 3278/56/199 3268/42/199 3269/36/199
f 3260/31/201 3235/26/199 3236/37/198
f 3282/39/198 3283/50/198 3289/38/199
f 3279/41/198 3267/43/198 3268/42/199
f 3264/3/198 3265/33/198 3244/45/200
f 3265/33/198 3239/34/201 3240/11/200
f 3243/30/199 3265/33/198 3240/11/200
f 3281/19/199 3282/39/198 3290/40/198
f 3284/57/198 3285/64/198 3288/49/199
f 3285/64/198 3286/63/352 3288/49/199
f 3286/63/352 3287/65/199 3288/49/199
f 3288/49/199 3300/48/198 3283/50/198
f 3300/48/198 3294/66/353 3283/50/198
f 3294/66/353 3289/38/199 3283/50/198
f 3343/35/204 3342/58/204 3359/7/204
f 3342/58/204 3341/8/204 3359/7/204
f 3341/8/204 3340/52/204 3364/6/204
f 3340/52/204 3339/59/204 3364/6/204
f 3339/59/204 3338/60/204 3365/61/205
f 3365/61/205 3364/6/204 3339/59/204
f 3335/36/204 3359/7/204 3336/13/204
f 3359/7/204 3363/54/204 3337/12/205
f 3363/54/204 3358/53/204 3337/12/205
f 3329/14/204 3318/29/204 3317/15/204
f 3329/14/204 3328/18/204 3320/17/205
f 3328/18/204 3327/25/204 3322/27/204
f 3321/16/205 3328/18/204 3322/27/204
f 3361/62/204 3303/24/204 3323/23/204
f 3303/24/204 3302/37/204 3325/55/204
f 3324/22/204 3303/24/204 3325/55/204
f 3334/42/204 3344/56/204 3335/36/204
f 3344/56/204 3343/35/204 3335/36/204
f 3326/31/204 3325/55/204 3302/37/204
f 3355/38/204 3349/50/204 3348/39/204
f 3345/41/205 3344/56/204 3334/42/204
f 3305/34/206 3331/33/204 3306/11/204
f 3331/33/204 3330/3/204 3310/45/204
f 3309/30/204 3331/33/204 3310/45/204
f 3347/19/205 3357/21/205 3356/40/204
f 3352/63/204 3351/64/204 3354/49/204
f 3351/64/204 3350/57/204 3354/49/204
f 3352/63/204 3354/49/204 3353/65/354
f 3350/57/204 3349/50/204 3354/49/204
f 3349/50/204 3355/38/204 3360/66/204
f 3366/48/204 3349/50/204 3360/66/204
f 3407/8/207 3408/58/207 3425/7/207
f 3408/58/207 3409/35/207 3425/7/207
f 3425/7/207 3430/6/207 3407/8/207
f 3430/6/207 3431/61/208 3405/59/207
f 3431/61/208 3404/60/207 3405/59/207
f 3405/59/207 3406/52/207 3430/6/207
f 3429/54/207 3425/7/207 3403/12/207
f 3425/7/207 3401/36/207 3402/13/207
f 3403/12/207 3425/7/207 3402/13/207
f 3395/14/207 3396/3/207 3383/15/207
f 3393/25/208 3394/18/207 3388/27/208
f 3394/18/207 3395/14/207 3386/17/208
f 3387/16/207 3394/18/207 3386/17/208
f 3368/37/207 3369/24/207 3391/55/207
f 3369/24/207 3427/62/207 3389/23/207
f 3390/22/207 3369/24/207 3389/23/207
f 3409/35/207 3410/56/207 3401/36/207
f 3410/56/207 3400/42/207 3401/36/207
f 3392/31/209 3367/26/207 3368/37/207
f 3414/39/207 3415/50/207 3421/38/207
f 3411/41/208 3399/43/208 3400/42/207
f 3396/3/207 3397/33/207 3376/45/208
f 3397/33/207 3371/34/210 3372/11/208
f 3375/30/207 3397/33/207 3372/11/208
f 3413/19/207 3414/39/207 3422/40/207
f 3416/57/207 3417/64/207 3420/49/208
f 3417/64/207 3418/63/208 3420/49/208
f 3418/63/208 3419/65/208 3420/49/208
f 3420/49/208 3432/48/208 3415/50/207
f 3432/48/208 3426/66/207 3415/50/207
f 3426/66/207 3421/38/207 3415/50/207
f 3475/35/211 3474/58/211 3491/7/211
f 3474/58/211 3473/8/211 3491/7/211
f 3473/8/211 3472/52/211 3496/6/211
f 3472/52/211 3471/59/212 3496/6/211
f 3471/59/212 3470/60/211 3497/61/211
f 3497/61/211 3496/6/211 3471/59/212
f 3467/36/211 3491/7/211 3468/13/211
f 3491/7/211 3495/54/212 3469/12/212
f 3495/54/212 3490/53/212 3469/12/212
f 3461/14/212 3450/29/212 3449/15/211
f 3461/14/212 3460/18/212 3452/17/212
f 3460/18/212 3459/25/211 3454/27/211
f 3453/16/212 3460/18/212 3454/27/211
f 3493/62/211 3435/24/211 3455/23/211
f 3435/24/211 3434/37/212 3457/55/212
f 3456/22/211 3435/24/211 3457/55/212
f 3466/42/211 3476/56/211 3467/36/211
f 3476/56/211 3475/35/211 3467/36/211
f 3458/31/212 3457/55/212 3434/37/212
f 3487/38/211 3481/50/211 3480/39/211
f 3477/41/211 3476/56/211 3466/42/211
f 3437/34/213 3463/33/211 3438/11/212
f 3463/33/211 3462/3/211 3442/45/211
f 3441/30/211 3463/33/211 3442/45/211
f 3479/19/212 3489/21/212 3488/40/211
f 3484/63/211 3483/64/213 3486/49/211
f 3483/64/213 3482/57/211 3486/49/211
f 3484/63/211 3486/49/211 3485/65/211
f 3482/57/211 3481/50/211 3486/49/211
f 3481/50/211 3487/38/211 3492/66/211
f 3498/48/212 3481/50/211 3492/66/211
f 3539/8/214 3540/58/215 3557/7/215
f 3540/58/215 3541/35/215 3557/7/215
f 3557/7/215 3562/6/215 3539/8/214
f 3562/6/215 3563/61/215 3537/59/215
f 3563/61/215 3536/60/215 3537/59/215
f 3537/59/215 3538/52/215 3562/6/215
f 3561/54/214 3557/7/215 3535/12/214
f 3557/7/215 3533/36/214 3534/13/214
f 3535/12/214 3557/7/215 3534/13/214
f 3527/14/214 3528/3/215 3515/15/215
f 3525/25/215 3526/18/214 3520/27/214
f 3526/18/214 3527/14/214 3518/17/214
f 3519/16/214 3526/18/214 3518/17/214
f 3500/37/215 3501/24/215 3523/55/215
f 3501/24/215 3559/62/214 3521/23/214
f 3522/22/215 3501/24/215 3521/23/214
f 3541/35/215 3542/56/215 3533/36/214
f 3542/56/215 3532/42/215 3533/36/214
f 3524/31/214 3499/26/215 3500/37/215
f 3546/39/215 3547/50/215 3553/38/215
f 3543/41/215 3531/43/215 3532/42/215
f 3528/3/215 3529/33/215 3508/45/215
f 3529/33/215 3503/34/217 3504/11/214
f 3507/30/214 3529/33/215 3504/11/214
f 3545/19/215 3546/39/215 3554/40/215
f 3548/57/214 3549/64/215 3552/49/215
f 3549/64/215 3550/63/215 3552/49/215
f 3550/63/215 3551/65/214 3552/49/215
f 3552/49/215 3564/48/215 3547/50/215
f 3564/48/215 3558/66/215 3547/50/215
f 3558/66/215 3553/38/215 3547/50/215
f 3607/35/218 3606/58/218 3623/7/220
f 3606/58/218 3605/8/218 3623/7/220
f 3605/8/218 3604/52/218 3628/6/220
f 3604/52/218 3603/59/218 3628/6/220
f 3603/59/218 3602/60/220 3629/61/220
f 3629/61/220 3628/6/220 3603/59/218
f 3599/36/220 3623/7/220 3600/13/218
f 3623/7/220 3627/54/220 3601/12/220
f 3627/54/220 3622/53/221 3601/12/220
f 3593/14/220 3582/29/219 3581/15/220
f 3593/14/220 3592/18/220 3584/17/220
f 3592/18/220 3591/25/220 3586/27/220
f 3585/16/220 3592/18/220 3586/27/220
f 3625/62/218 3567/24/218 3587/23/218
f 3567/24/218 3566/37/220 3589/55/220
f 3588/22/218 3567/24/218 3589/55/220
f 3598/42/218 3608/56/218 3599/36/220
f 3608/56/218 3607/35/218 3599/36/220
f 3590/31/218 3589/55/220 3566/37/220
f 3619/38/220 3613/50/220 3612/39/220
f 3609/41/220 3608/56/218 3598/42/218
f 3569/34/221 3595/33/220 3570/11/218
f 3595/33/220 3594/3/220 3574/45/220
f 3573/30/220 3595/33/220 3574/45/220
f 3611/19/221 3621/21/221 3620/40/220
f 3616/63/220 3615/64/219 3618/49/218
f 3615/64/219 3614/57/219 3618/49/218
f 3616/63/220 3618/49/218 3617/65/218
f 3614/57/219 3613/50/220 3618/49/218
f 3613/50/220 3619/38/220 3624/66/220
f 3630/48/220 3613/50/220 3624/66/220
f 3671/8/223 3672/58/223 3689/7/223
f 3672/58/223 3673/35/223 3689/7/223
f 3689/7/223 3694/6/223 3671/8/223
f 3694/6/223 3695/61/223 3669/59/223
f 3695/61/223 3668/60/223 3669/59/223
f 3669/59/223 3670/52/223 3694/6/223
f 3693/54/225 3689/7/223 3667/12/223
f 3689/7/223 3665/36/223 3666/13/223
f 3667/12/223 3689/7/223 3666/13/223
f 3659/14/223 3660/3/223 3647/15/225
f 3657/25/223 3658/18/225 3652/27/223
f 3658/18/225 3659/14/223 3650/17/223
f 3651/16/225 3658/18/225 3650/17/223
f 3632/37/223 3633/24/223 3655/55/223
f 3633/24/223 3691/62/225 3653/23/223
f 3654/22/223 3633/24/223 3653/23/223
f 3673/35/223 3674/56/223 3665/36/223
f 3674/56/223 3664/42/225 3665/36/223
f 3656/31/225 3631/26/223 3632/37/223
f 3678/39/223 3679/50/223 3685/38/223
f 3675/41/223 3663/43/223 3664/42/225
f 3660/3/223 3661/33/223 3640/45/225
f 3661/33/223 3635/34/225 3636/11/225
f 3639/30/223 3661/33/223 3636/11/225
f 3677/19/223 3678/39/223 3686/40/223
f 3680/57/225 3681/64/225 3684/49/225
f 3681/64/225 3682/63/355 3684/49/225
f 3682/63/355 3683/65/225 3684/49/225
f 3684/49/225 3696/48/225 3679/50/223
f 3696/48/225 3690/66/223 3679/50/223
f 3690/66/223 3685/38/223 3679/50/223
f 3739/35/226 3738/58/226 3755/7/226
f 3738/58/226 3737/8/226 3755/7/226
f 3737/8/226 3736/52/226 3760/6/226
f 3736/52/226 3735/59/226 3760/6/226
f 3735/59/226 3734/60/227 3761/61/227
f 3761/61/227 3760/6/226 3735/59/226
f 3731/36/226 3755/7/226 3732/13/226
f 3755/7/226 3759/54/227 3733/12/226
f 3759/54/227 3754/53/227 3733/12/226
f 3725/14/227 3714/29/228 3713/15/226
f 3725/14/227 3724/18/226 3716/17/226
f 3724/18/226 3723/25/226 3718/27/226
f 3717/16/226 3724/18/226 3718/27/226
f 3757/62/226 3699/24/226 3719/23/226
f 3699/24/226 3698/37/226 3721/55/226
f 3720/22/226 3699/24/226 3721/55/226
f 3730/42/226 3740/56/226 3731/36/226
f 3740/56/226 3739/35/226 3731/36/226
f 3722/31/226 3721/55/226 3698/37/226
f 3751/38/226 3745/50/226 3744/39/226
f 3741/41/226 3740/56/226 3730/42/226
f 3701/34/226 3727/33/226 3702/11/226
f 3727/33/226 3726/3/226 3706/45/226
f 3705/30/227 3727/33/226 3706/45/226
f 3743/19/227 3753/21/226 3752/40/226
f 3748/63/226 3747/64/226 3750/49/226
f 3747/64/226 3746/57/226 3750/49/226
f 3748/63/226 3750/49/226 3749/65/227
f 3746/57/226 3745/50/226 3750/49/226
f 3745/50/226 3751/38/226 3756/66/226
f 3762/48/227 3745/50/226 3756/66/226
f 3803/8/230 3804/58/229 3821/7/230
f 3804/58/229 3805/35/230 3821/7/230
f 3821/7/230 3826/6/230 3803/8/230
f 3826/6/230 3827/61/230 3801/59/230
f 3827/61/230 3800/60/230 3801/59/230
f 3801/59/230 3802/52/230 3826/6/230
f 3825/54/230 3821/7/230 3799/12/230
f 3821/7/230 3797/36/229 3798/13/229
f 3799/12/230 3821/7/230 3798/13/229
f 3791/14/231 3792/3/230 3779/15/232
f 3789/25/229 3790/18/232 3784/27/229
f 3790/18/232 3791/14/231 3782/17/230
f 3783/16/232 3790/18/232 3782/17/230
f 3764/37/230 3765/24/232 3787/55/230
f 3765/24/232 3823/62/231 3785/23/232
f 3786/22/232 3765/24/232 3785/23/232
f 3805/35/230 3806/56/230 3797/36/229
f 3806/56/230 3796/42/230 3797/36/229
f 3788/31/229 3763/26/230 3764/37/230
f 3810/39/230 3811/50/230 3817/38/230
f 3807/41/230 3795/43/230 3796/42/230
f 3792/3/230 3793/33/229 3772/45/232
f 3793/33/229 3767/34/230 3768/11/229
f 3771/30/229 3793/33/229 3768/11/229
f 3809/19/229 3810/39/230 3818/40/230
f 3812/57/229 3813/64/229 3816/49/231
f 3813/64/229 3814/63/232 3816/49/231
f 3814/63/232 3815/65/231 3816/49/231
f 3816/49/231 3828/48/232 3811/50/230
f 3828/48/232 3822/66/229 3811/50/230
f 3822/66/229 3817/38/230 3811/50/230
f 3871/35/233 3870/58/233 3887/7/233
f 3870/58/233 3869/8/233 3887/7/233
f 3869/8/233 3868/52/233 3892/6/233
f 3868/52/233 3867/59/233 3892/6/233
f 3867/59/233 3866/60/233 3893/61/233
f 3893/61/233 3892/6/233 3867/59/233
f 3863/36/233 3887/7/233 3864/13/233
f 3887/7/233 3891/54/233 3865/12/233
f 3891/54/233 3886/53/233 3865/12/233
f 3857/14/234 3846/29/233 3845/15/234
f 3857/14/234 3856/18/234 3848/17/233
f 3856/18/234 3855/25/233 3850/27/233
f 3849/16/234 3856/18/234 3850/27/233
f 3889/62/233 3831/24/234 3851/23/233
f 3831/24/234 3830/37/233 3853/55/234
f 3852/22/233 3831/24/234 3853/55/234
f 3862/42/233 3872/56/233 3863/36/233
f 3872/56/233 3871/35/233 3863/36/233
f 3854/31/233 3853/55/234 3830/37/233
f 3883/38/233 3877/50/233 3876/39/233
f 3873/41/233 3872/56/233 3862/42/233
f 3833/34/233 3859/33/234 3834/11/234
f 3859/33/234 3858/3/233 3838/45/233
f 3837/30/233 3859/33/234 3838/45/233
f 3875/19/233 3885/21/233 3884/40/233
f 3880/63/233 3879/64/233 3882/49/234
f 3879/64/233 3878/57/233 3882/49/234
f 3880/63/233 3882/49/234 3881/65/356
f 3878/57/233 3877/50/233 3882/49/234
f 3877/50/233 3883/38/233 3888/66/233
f 3894/48/234 3877/50/233 3888/66/233
f 3935/8/235 3936/58/235 3953/7/235
f 3936/58/235 3937/35/235 3953/7/235
f 3953/7/235 3958/6/235 3935/8/235
f 3958/6/235 3959/61/235 3933/59/235
f 3959/61/235 3932/60/235 3933/59/235
f 3933/59/235 3934/52/235 3958/6/235
f 3957/54/235 3953/7/235 3931/12/235
f 3953/7/235 3929/36/235 3930/13/235
f 3931/12/235 3953/7/235 3930/13/235
f 3923/14/236 3924/3/235 3911/15/235
f 3921/25/235 3922/18/235 3916/27/235
f 3922/18/235 3923/14/236 3914/17/235
f 3915/16/235 3922/18/235 3914/17/235
f 3896/37/235 3897/24/235 3919/55/235
f 3897/24/235 3955/62/235 3917/23/235
f 3918/22/235 3897/24/235 3917/23/235
f 3937/35/235 3938/56/235 3929/36/235
f 3938/56/235 3928/42/235 3929/36/235
f 3920/31/235 3895/26/235 3896/37/235
f 3942/39/235 3943/50/235 3949/38/235
f 3939/41/235 3927/43/235 3928/42/235
f 3924/3/235 3925/33/236 3904/45/236
f 3925/33/236 3899/34/235 3900/11/235
f 3903/30/235 3925/33/236 3900/11/235
f 3941/19/236 3942/39/235 3950/40/235
f 3944/57/235 3945/64/235 3948/49/235
f 3945/64/235 3946/63/235 3948/49/235
f 3946/63/235 3947/65/357 3948/49/235
f 3948/49/235 3960/48/235 3943/50/235
f 3960/48/235 3954/66/236 3943/50/235
f 3954/66/236 3949/38/235 3943/50/235
f 4003/35/237 4002/58/237 4019/7/237
f 4002/58/237 4001/8/237 4019/7/237
f 4001/8/237 4000/52/237 4024/6/237
f 4000/52/237 3999/59/237 4024/6/237
f 3999/59/237 3998/60/237 4025/61/238
f 4025/61/238 4024/6/237 3999/59/237
f 3995/36/237 4019/7/237 3996/13/237
f 4019/7/237 4023/54/238 3997/12/238
f 4023/54/238 4018/53/238 3997/12/238
f 3989/14/238 3978/29/238 3977/15/238
f 3989/14/238 3988/18/237 3980/17/238
f 3988/18/237 3987/25/237 3982/27/237
f 3981/16/238 3988/18/237 3982/27/237
f 4021/62/237 3963/24/237 3983/23/237
f 3963/24/237 3962/37/237 3985/55/237
f 3984/22/237 3963/24/237 3985/55/237
f 3994/42/237 4004/56/237 3995/36/237
f 4004/56/237 4003/35/237 3995/36/237
f 3986/31/237 3985/55/237 3962/37/237
f 4015/38/237 4009/50/237 4008/39/237
f 4005/41/237 4004/56/237 3994/42/237
f 3965/34/237 3991/33/238 3966/11/238
f 3991/33/238 3990/3/237 3970/45/238
f 3969/30/240 3991/33/238 3970/45/238
f 4007/19/238 4017/21/239 4016/40/237
f 4012/63/240 4011/64/240 4014/49/237
f 4011/64/240 4010/57/237 4014/49/237
f 4012/63/240 4014/49/237 4013/65/358
f 4010/57/237 4009/50/237 4014/49/237
f 4009/50/237 4015/38/237 4020/66/237
f 4026/48/237 4009/50/237 4020/66/237
f 4067/8/241 4068/58/241 4085/7/241
f 4068/58/241 4069/35/241 4085/7/241
f 4085/7/241 4090/6/241 4067/8/241
f 4090/6/241 4091/61/241 4065/59/242
f 4091/61/241 4064/60/242 4065/59/242
f 4065/59/242 4066/52/241 4090/6/241
f 4089/54/242 4085/7/241 4063/12/241
f 4085/7/241 4061/36/241 4062/13/241
f 4063/12/241 4085/7/241 4062/13/241
f 4055/14/241 4056/3/241 4043/15/241
f 4053/25/241 4054/18/241 4048/27/241
f 4054/18/241 4055/14/241 4046/17/241
f 4047/16/241 4054/18/241 4046/17/241
f 4028/37/241 4029/24/241 4051/55/241
f 4029/24/241 4087/62/242 4049/23/241
f 4050/22/241 4029/24/241 4049/23/241
f 4069/35/241 4070/56/241 4061/36/241
f 4070/56/241 4060/42/241 4061/36/241
f 4052/31/242 4027/26/241 4028/37/241
f 4074/39/241 4075/50/241 4081/38/242
f 4071/41/241 4059/43/241 4060/42/241
f 4056/3/241 4057/33/241 4036/45/241
f 4057/33/241 4031/34/244 4032/11/241
f 4035/30/242 4057/33/241 4032/11/241
f 4073/19/241 4074/39/241 4082/40/241
f 4076/57/241 4077/64/241 4080/49/241
f 4077/64/241 4078/63/241 4080/49/241
f 4078/63/241 4079/65/242 4080/49/241
f 4080/49/241 4092/48/241 4075/50/241
f 4092/48/241 4086/66/242 4075/50/241
f 4086/66/242 4081/38/242 4075/50/241
f 4135/35/245 4134/58/245 4151/7/245
f 4134/58/245 4133/8/245 4151/7/245
f 4133/8/245 4132/52/245 4156/6/246
f 4132/52/245 4131/59/245 4156/6/246
f 4131/59/245 4130/60/245 4157/61/246
f 4157/61/246 4156/6/246 4131/59/245
f 4127/36/245 4151/7/245 4128/13/245
f 4151/7/245 4155/54/246 4129/12/246
f 4155/54/246 4150/53/246 4129/12/246
f 4121/14/246 4110/29/247 4109/15/246
f 4121/14/246 4120/18/245 4112/17/246
f 4120/18/245 4119/25/245 4114/27/246
f 4113/16/245 4120/18/245 4114/27/246
f 4153/62/245 4095/24/245 4115/23/245
f 4095/24/245 4094/37/245 4117/55/245
f 4116/22/245 4095/24/245 4117/55/245
f 4126/42/245 4136/56/245 4127/36/245
f 4136/56/245 4135/35/245 4127/36/245
f 4118/31/246 4117/55/245 4094/37/245
f 4147/38/245 4141/50/246 4140/39/245
f 4137/41/245 4136/56/245 4126/42/245
f 4097/34/245 4123/33/246 4098/11/246
f 4123/33/246 4122/3/246 4102/45/246
f 4101/30/245 4123/33/246 4102/45/246
f 4139/19/246 4149/21/246 4148/40/245
f 4144/63/246 4143/64/245 4146/49/245
f 4143/64/245 4142/57/245 4146/49/245
f 4144/63/246 4146/49/245 4145/65/359
f 4142/57/245 4141/50/246 4146/49/245
f 4141/50/246 4147/38/245 4152/66/245
f 4158/48/245 4141/50/246 4152/66/245
f 4199/8/248 4200/58/248 4217/7/248
f 4200/58/248 4201/35/248 4217/7/248
f 4217/7/248 4222/6/248 4199/8/248
f 4222/6/248 4223/61/248 4197/59/250
f 4223/61/248 4196/60/248 4197/59/250
f 4197/59/250 4198/52/248 4222/6/248
f 4221/54/248 4217/7/248 4195/12/248
f 4217/7/248 4193/36/248 4194/13/248
f 4195/12/248 4217/7/248 4194/13/248
f 4187/14/248 4188/3/248 4175/15/248
f 4185/25/248 4186/18/250 4180/27/248
f 4186/18/250 4187/14/248 4178/17/250
f 4179/16/250 4186/18/250 4178/17/250
f 4160/37/248 4161/24/248 4183/55/248
f 4161/24/248 4219/62/248 4181/23/248
f 4182/22/248 4161/24/248 4181/23/248
f 4201/35/248 4202/56/248 4193/36/248
f 4202/56/248 4192/42/248 4193/36/248
f 4184/31/250 4159/26/250 4160/37/248
f 4206/39/250 4207/50/248 4213/38/249
f 4203/41/248 4191/43/248 4192/42/248
f 4188/3/248 4189/33/248 4168/45/248
f 4189/33/248 4163/34/251 4164/11/249
f 4167/30/248 4189/33/248 4164/11/249
f 4205/19/248 4206/39/250 4214/40/250
f 4208/57/248 4209/64/250 4212/49/248
f 4209/64/250 4210/63/249 4212/49/248
f 4210/63/249 4211/65/360 4212/49/248
f 4212/49/248 4224/48/248 4207/50/248
f 4224/48/248 4218/66/249 4207/50/248
f 4218/66/249 4213/38/249 4207/50/248
f 4267/35/252 4266/58/253 4283/7/252
f 4266/58/253 4265/8/252 4283/7/252
f 4265/8/252 4264/52/252 4288/6/253
f 4264/52/252 4263/59/253 4288/6/253
f 4263/59/253 4262/60/253 4289/61/252
f 4289/61/252 4288/6/253 4263/59/253
f 4259/36/252 4283/7/252 4260/13/252
f 4283/7/252 4287/54/252 4261/12/252
f 4287/54/252 4282/53/361 4261/12/252
f 4253/14/253 4242/29/254 4241/15/252
f 4253/14/253 4252/18/253 4244/17/253
f 4252/18/253 4251/25/252 4246/27/252
f 4245/16/253 4252/18/253 4246/27/252
f 4285/62/252 4227/24/252 4247/23/252
f 4227/24/252 4226/37/253 4249/55/253
f 4248/22/252 4227/24/252 4249/55/253
f 4258/42/252 4268/56/252 4259/36/252
f 4268/56/252 4267/35/252 4259/36/252
f 4250/31/253 4249/55/253 4226/37/253
f 4279/38/252 4273/50/252 4272/39/252
f 4269/41/253 4268/56/252 4258/42/252
f 4229/34/255 4255/33/253 4230/11/252
f 4255/33/253 4254/3/252 4234/45/253
f 4233/30/252 4255/33/253 4234/45/253
f 4271/19/252 4281/21/252 4280/40/252
f 4276/63/253 4275/64/252 4278/49/252
f 4275/64/252 4274/57/252 4278/49/252
f 4276/63/253 4278/49/252 4277/65/362
f 4274/57/252 4273/50/252 4278/49/252
f 4273/50/252 4279/38/252 4284/66/252
f 4290/48/252 4273/50/252 4284/66/252
f 4331/8/258 4332/58/257 4349/7/257
f 4332/58/257 4333/35/257 4349/7/257
f 4349/7/257 4354/6/257 4331/8/258
f 4354/6/257 4355/61/257 4329/59/257
f 4355/61/257 4328/60/259 4329/59/257
f 4329/59/257 4330/52/256 4354/6/257
f 4353/54/258 4349/7/257 4327/12/258
f 4349/7/257 4325/36/257 4326/13/257
f 4327/12/258 4349/7/257 4326/13/257
f 4319/14/258 4320/3/257 4307/15/257
f 4317/25/258 4318/18/257 4312/27/258
f 4318/18/257 4319/14/258 4310/17/258
f 4311/16/257 4318/18/257 4310/17/258
f 4292/37/257 4293/24/258 4315/55/257
f 4293/24/258 4351/62/258 4313/23/257
f 4314/22/257 4293/24/258 4313/23/257
f 4333/35/257 4334/56/257 4325/36/257
f 4334/56/257 4324/42/257 4325/36/257
f 4316/31/257 4291/26/257 4292/37/257
f 4338/39/257 4339/50/257 4345/38/260
f 4335/41/258 4323/43/258 4324/42/257
f 4320/3/257 4321/33/257 4300/45/257
f 4321/33/257 4295/34/257 4296/11/257
f 4299/30/256 4321/33/257 4296/11/257
f 4337/19/259 4338/39/257 4346/40/257
f 4340/57/257 4341/64/257 4344/49/257
f 4341/64/257 4342/63/256 4344/49/257
f 4342/63/256 4343/65/257 4344/49/257
f 4344/49/257 4356/48/258 4339/50/257
f 4356/48/258 4350/66/260 4339/50/257
f 4350/66/260 4345/38/260 4339/50/257
f 4399/35/263 4398/58/263 4415/7/262
f 4398/58/263 4397/8/263 4415/7/262
f 4397/8/263 4396/52/262 4420/6/262
f 4396/52/262 4395/59/262 4420/6/262
f 4395/59/262 4394/60/262 4421/61/262
f 4421/61/262 4420/6/262 4395/59/262
f 4391/36/263 4415/7/262 4392/13/262
f 4415/7/262 4419/54/262 4393/12/262
f 4419/54/262 4414/53/262 4393/12/262
f 4385/14/263 4374/29/262 4373/15/263
f 4385/14/263 4384/18/262 4376/17/263
f 4384/18/262 4383/25/262 4378/27/262
f 4377/16/263 4384/18/262 4378/27/262
f 4417/62/262 4359/24/262 4379/23/262
f 4359/24/262 4358/37/262 4381/55/262
f 4380/22/262 4359/24/262 4381/55/262
f 4390/42/262 4400/56/262 4391/36/263
f 4400/56/262 4399/35/263 4391/36/263
f 4382/31/263 4381/55/262 4358/37/262
f 4411/38/263 4405/50/262 4404/39/263
f 4401/41/262 4400/56/262 4390/42/262
f 4361/34/265 4387/33/263 4362/11/263
f 4387/33/263 4386/3/262 4366/45/262
f 4365/30/263 4387/33/263 4366/45/262
f 4403/19/263 4413/21/263 4412/40/262
f 4408/63/263 4407/64/262 4410/49/262
f 4407/64/262 4406/57/262 4410/49/262
f 4408/63/263 4410/49/262 4409/65/363
f 4406/57/262 4405/50/262 4410/49/262
f 4405/50/262 4411/38/263 4416/66/263
f 4422/48/262 4405/50/262 4416/66/263
f 4463/8/267 4464/58/267 4481/7/267
f 4464/58/267 4465/35/267 4481/7/267
f 4481/7/267 4486/6/267 4463/8/267
f 4486/6/267 4487/61/267 4461/59/267
f 4487/61/267 4460/60/268 4461/59/267
f 4461/59/267 4462/52/267 4486/6/267
f 4485/54/266 4481/7/267 4459/12/266
f 4481/7/267 4457/36/267 4458/13/267
f 4459/12/266 4481/7/267 4458/13/267
f 4451/14/266 4452/3/267 4439/15/266
f 4449/25/267 4450/18/267 4444/27/267
f 4450/18/267 4451/14/266 4442/17/266
f 4443/16/266 4450/18/267 4442/17/266
f 4424/37/266 4425/24/267 4447/55/267
f 4425/24/267 4483/62/267 4445/23/267
f 4446/22/267 4425/24/267 4445/23/267
f 4465/35/267 4466/56/267 4457/36/267
f 4466/56/267 4456/42/267 4457/36/267
f 4448/31/266 4423/26/267 4424/37/266
f 4470/39/267 4471/50/267 4477/38/267
f 4467/41/267 4455/43/267 4456/42/267
f 4452/3/267 4453/33/267 4432/45/266
f 4453/33/267 4427/34/269 4428/11/267
f 4431/30/267 4453/33/267 4428/11/267
f 4469/19/266 4470/39/267 4478/40/267
f 4472/57/267 4473/64/267 4476/49/267
f 4473/64/267 4474/63/267 4476/49/267
f 4474/63/267 4475/65/269 4476/49/267
f 4476/49/267 4488/48/267 4471/50/267
f 4488/48/267 4482/66/267 4471/50/267
f 4482/66/267 4477/38/267 4471/50/267
f 4531/35/270 4530/58/270 4547/7/270
f 4530/58/270 4529/8/270 4547/7/270
f 4529/8/270 4528/52/270 4552/6/270
f 4528/52/270 4527/59/271 4552/6/270
f 4527/59/271 4526/60/270 4553/61/270
f 4553/61/270 4552/6/270 4527/59/271
f 4523/36/270 4547/7/270 4524/13/270
f 4547/7/270 4551/54/271 4525/12/270
f 4551/54/271 4546/53/271 4525/12/270
f 4517/14/271 4506/29/270 4505/15/270
f 4517/14/271 4516/18/270 4508/17/271
f 4516/18/270 4515/25/270 4510/27/270
f 4509/16/270 4516/18/270 4510/27/270
f 4549/62/270 4491/24/270 4511/23/270
f 4491/24/270 4490/37/270 4513/55/270
f 4512/22/270 4491/24/270 4513/55/270
f 4522/42/270 4532/56/270 4523/36/270
f 4532/56/270 4531/35/270 4523/36/270
f 4514/31/271 4513/55/270 4490/37/270
f 4543/38/270 4537/50/270 4536/39/270
f 4533/41/271 4532/56/270 4522/42/270
f 4493/34/272 4519/33/271 4494/11/270
f 4519/33/271 4518/3/270 4498/45/270
f 4497/30/271 4519/33/271 4498/45/270
f 4535/19/270 4545/21/271 4544/40/270
f 4540/63/270 4539/64/270 4542/49/270
f 4539/64/270 4538/57/270 4542/49/270
f 4540/63/270 4542/49/270 4541/65/271
f 4538/57/270 4537/50/270 4542/49/270
f 4537/50/270 4543/38/270 4548/66/270
f 4554/48/270 4537/50/270 4548/66/270
f 4595/8/274 4596/58/274 4613/7/274
f 4596/58/274 4597/35/274 4613/7/274
f 4613/7/274 4618/6/274 4595/8/274
f 4618/6/274 4619/61/274 4593/59/274
f 4619/61/274 4592/60/276 4593/59/274
f 4593/59/274 4594/52/274 4618/6/274
f 4617/54/274 4613/7/274 4591/12/274
f 4613/7/274 4589/36/274 4590/13/274
f 4591/12/274 4613/7/274 4590/13/274
f 4583/14/274 4584/3/274 4571/15/274
f 4581/25/274 4582/18/276 4576/27/274
f 4582/18/276 4583/14/274 4574/17/274
f 4575/16/276 4582/18/276 4574/17/274
f 4556/37/274 4557/24/274 4579/55/274
f 4557/24/274 4615/62/274 4577/23/274
f 4578/22/273 4557/24/274 4577/23/274
f 4597/35/274 4598/56/274 4589/36/274
f 4598/56/274 4588/42/274 4589/36/274
f 4580/31/274 4555/26/276 4556/37/274
f 4602/39/274 4603/50/274 4609/38/274
f 4599/41/273 4587/43/273 4588/42/274
f 4584/3/274 4585/33/276 4564/45/274
f 4585/33/276 4559/34/273 4560/11/274
f 4563/30/273 4585/33/276 4560/11/274
f 4601/19/277 4602/39/274 4610/40/273
f 4604/57/276 4605/64/277 4608/49/274
f 4605/64/277 4606/63/277 4608/49/274
f 4606/63/277 4607/65/364 4608/49/274
f 4608/49/274 4620/48/274 4603/50/274
f 4620/48/274 4614/66/275 4603/50/274
f 4614/66/275 4609/38/274 4603/50/274
f 4663/35/280 4662/58/280 4679/7/280
f 4662/58/280 4661/8/280 4679/7/280
f 4661/8/280 4660/52/280 4684/6/280
f 4660/52/280 4659/59/280 4684/6/280
f 4659/59/280 4658/60/280 4685/61/280
f 4685/61/280 4684/6/280 4659/59/280
f 4655/36/280 4679/7/280 4656/13/280
f 4679/7/280 4683/54/278 4657/12/280
f 4683/54/278 4678/53/278 4657/12/280
f 4649/14/278 4638/29/280 4637/15/280
f 4649/14/278 4648/18/280 4640/17/278
f 4648/18/280 4647/25/280 4642/27/280
f 4641/16/280 4648/18/280 4642/27/280
f 4681/62/278 4623/24/280 4643/23/280
f 4623/24/280 4622/37/280 4645/55/280
f 4644/22/280 4623/24/280 4645/55/280
f 4654/42/280 4664/56/280 4655/36/280
f 4664/56/280 4663/35/280 4655/36/280
f 4646/31/278 4645/55/280 4622/37/280
f 4675/38/278 4669/50/280 4668/39/280
f 4665/41/280 4664/56/280 4654/42/280
f 4625/34/281 4651/33/278 4626/11/280
f 4651/33/278 4650/3/280 4630/45/278
f 4629/30/278 4651/33/278 4630/45/278
f 4667/19/280 4677/21/280 4676/40/280
f 4672/63/280 4671/64/280 4674/49/280
f 4671/64/280 4670/57/280 4674/49/280
f 4672/63/280 4674/49/280 4673/65/279
f 4670/57/280 4669/50/280 4674/49/280
f 4669/50/280 4675/38/278 4680/66/280
f 4686/48/278 4669/50/280 4680/66/280
f 4727/8/285 4728/58/287 4745/7/283
f 4728/58/287 4729/35/283 4745/7/283
f 4745/7/283 4750/6/283 4727/8/285
f 4750/6/283 4751/61/283 4725/59/283
f 4751/61/283 4724/60/284 4725/59/283
f 4725/59/283 4726/52/283 4750/6/283
f 4749/54/282 4745/7/283 4723/12/283
f 4745/7/283 4721/36/283 4722/13/283
f 4723/12/283 4745/7/283 4722/13/283
f 4715/14/284 4716/3/283 4703/15/282
f 4713/25/283 4714/18/282 4708/27/282
f 4714/18/282 4715/14/284 4706/17/283
f 4707/16/282 4714/18/282 4706/17/283
f 4688/37/282 4689/24/282 4711/55/282
f 4689/24/282 4747/62/286 4709/23/282
f 4710/22/282 4689/24/282 4709/23/282
f 4729/35/283 4730/56/282 4721/36/283
f 4730/56/282 4720/42/282 4721/36/283
f 4712/31/283 4687/26/283 4688/37/282
f 4734/39/283 4735/50/283 4741/38/283
f 4731/41/282 4719/43/282 4720/42/282
f 4716/3/283 4717/33/284 4696/45/283
f 4717/33/284 4691/34/286 4692/11/286
f 4695/30/282 4717/33/284 4692/11/286
f 4733/19/283 4734/39/283 4742/40/283
f 4736/57/285 4737/64/286 4740/49/283
f 4737/64/286 4738/63/365 4740/49/283
f 4738/63/365 4739/65/283 4740/49/283
f 4740/49/283 4752/48/283 4735/50/283
f 4752/48/283 4746/66/283 4735/50/283
f 4746/66/283 4741/38/283 4735/50/283
f 4795/35/291 4794/58/291 4811/7/291
f 4794/58/291 4793/8/291 4811/7/291
f 4793/8/291 4792/52/289 4816/6/291
f 4792/52/289 4791/59/289 4816/6/291
f 4791/59/289 4790/60/289 4817/61/291
f 4817/61/291 4816/6/291 4791/59/289
f 4787/36/291 4811/7/291 4788/13/289
f 4811/7/291 4815/54/289 4789/12/289
f 4815/54/289 4810/53/289 4789/12/289
f 4781/14/289 4770/29/291 4769/15/291
f 4781/14/289 4780/18/291 4772/17/289
f 4780/18/291 4779/25/289 4774/27/289
f 4773/16/291 4780/18/291 4774/27/289
f 4813/62/291 4755/24/291 4775/23/291
f 4755/24/291 4754/37/291 4777/55/291
f 4776/22/291 4755/24/291 4777/55/291
f 4786/42/291 4796/56/291 4787/36/291
f 4796/56/291 4795/35/291 4787/36/291
f 4778/31/291 4777/55/291 4754/37/291
f 4807/38/291 4801/50/291 4800/39/291
f 4797/41/291 4796/56/291 4786/42/291
f 4757/34/291 4783/33/291 4758/11/291
f 4783/33/291 4782/3/291 4762/45/289
f 4761/30/291 4783/33/291 4762/45/289
f 4799/19/289 4809/21/289 4808/40/289
f 4804/63/366 4803/64/291 4806/49/291
f 4803/64/291 4802/57/289 4806/49/291
f 4804/63/366 4806/49/291 4805/65/290
f 4802/57/289 4801/50/291 4806/49/291
f 4801/50/291 4807/38/291 4812/66/291
f 4818/48/291 4801/50/291 4812/66/291
f 4859/8/293 4860/58/293 4877/7/293
f 4860/58/293 4861/35/293 4877/7/293
f 4877/7/293 4882/6/293 4859/8/293
f 4882/6/293 4883/61/293 4857/59/294
f 4883/61/293 4856/60/293 4857/59/294
f 4857/59/294 4858/52/293 4882/6/293
f 4881/54/293 4877/7/293 4855/12/294
f 4877/7/293 4853/36/293 4854/13/293
f 4855/12/294 4877/7/293 4854/13/293
f 4847/14/294 4848/3/293 4835/15/294
f 4845/25/294 4846/18/293 4840/27/293
f 4846/18/293 4847/14/294 4838/17/294
f 4839/16/294 4846/18/293 4838/17/294
f 4820/37/293 4821/24/293 4843/55/293
f 4821/24/293 4879/62/293 4841/23/293
f 4842/22/293 4821/24/293 4841/23/293
f 4861/35/293 4862/56/293 4853/36/293
f 4862/56/293 4852/42/293 4853/36/293
f 4844/31/294 4819/26/294 4820/37/293
f 4866/39/293 4867/50/293 4873/38/298
f 4863/41/293 4851/43/293 4852/42/293
f 4848/3/293 4849/33/294 4828/45/298
f 4849/33/294 4823/34/297 4824/11/293
f 4827/30/296 4849/33/294 4824/11/293
f 4865/19/294 4866/39/293 4874/40/293
f 4868/57/293 4869/64/293 4872/49/293
f 4869/64/293 4870/63/294 4872/49/293
f 4870/63/294 4871/65/294 4872/49/293
f 4872/49/293 4884/48/293 4867/50/293
f 4884/48/293 4878/66/367 4867/50/293
f 4878/66/367 4873/38/298 4867/50/293
f 4927/35/300 4926/58/299 4943/7/300
f 4926/58/299 4925/8/299 4943/7/300
f 4925/8/299 4924/52/300 4948/6/300
f 4924/52/300 4923/59/299 4948/6/300
f 4923/59/299 4922/60/299 4949/61/299
f 4949/61/299 4948/6/300 4923/59/299
f 4919/36/300 4943/7/300 4920/13/300
f 4943/7/300 4947/54/300 4921/12/300
f 4947/54/300 4942/53/300 4921/12/300
f 4913/14/299 4902/29/300 4901/15/299
f 4913/14/299 4912/18/300 4904/17/299
f 4912/18/300 4911/25/300 4906/27/300
f 4905/16/299 4912/18/300 4906/27/300
f 4945/62/300 4887/24/300 4907/23/299
f 4887/24/300 4886/37/300 4909/55/300
f 4908/22/300 4887/24/300 4909/55/300
f 4918/42/300 4928/56/300 4919/36/300
f 4928/56/300 4927/35/300 4919/36/300
f 4910/31/300 4909/55/300 4886/37/300
f 4939/38/300 4933/50/300 4932/39/300
f 4929/41/300 4928/56/300 4918/42/300
f 4889/34/300 4915/33/300 4890/11/299
f 4915/33/300 4914/3/300 4894/45/300
f 4893/30/299 4915/33/300 4894/45/300
f 4931/19/300 4941/21/299 4940/40/300
f 4936/63/300 4935/64/299 4938/49/300
f 4935/64/299 4934/57/299 4938/49/300
f 4936/63/300 4938/49/300 4937/65/300
f 4934/57/299 4933/50/300 4938/49/300
f 4933/50/300 4939/38/300 4944/66/300
f 4950/48/300 4933/50/300 4944/66/300
f 4991/8/301 4992/58/301 5009/7/301
f 4992/58/301 4993/35/301 5009/7/301
f 5009/7/301 5014/6/301 4991/8/301
f 5014/6/301 5015/61/301 4989/59/301
f 5015/61/301 4988/60/301 4989/59/301
f 4989/59/301 4990/52/303 5014/6/301
f 5013/54/301 5009/7/301 4987/12/301
f 5009/7/301 4985/36/301 4986/13/305
f 4987/12/301 5009/7/301 4986/13/305
f 4979/14/303 4980/3/301 4967/15/303
f 4977/25/303 4978/18/301 4972/27/301
f 4978/18/301 4979/14/303 4970/17/301
f 4971/16/301 4978/18/301 4970/17/301
f 4952/37/301 4953/24/301 4975/55/301
f 4953/24/301 5011/62/301 4973/23/305
f 4974/22/303 4953/24/301 4973/23/305
f 4993/35/301 4994/56/301 4985/36/301
f 4994/56/301 4984/42/301 4985/36/301
f 4976/31/303 4951/26/303 4952/37/301
f 4998/39/301 4999/50/301 5005/38/301
f 4995/41/301 4983/43/301 4984/42/301
f 4980/3/301 4981/33/305 4960/45/301
f 4981/33/305 4955/34/301 4956/11/301
f 4959/30/305 4981/33/305 4956/11/301
f 4997/19/301 4998/39/301 5006/40/301
f 5000/57/303 5001/64/302 5004/49/301
f 5001/64/302 5002/63/303 5004/49/301
f 5002/63/303 5003/65/301 5004/49/301
f 5004/49/301 5016/48/303 4999/50/301
f 5016/48/303 5010/66/301 4999/50/301
f 5010/66/301 5005/38/301 4999/50/301
f 5059/35/307 5058/58/307 5075/7/307
f 5058/58/307 5057/8/307 5075/7/307
f 5057/8/307 5056/52/307 5080/6/307
f 5056/52/307 5055/59/307 5080/6/307
f 5055/59/307 5054/60/306 5081/61/307
f 5081/61/307 5080/6/307 5055/59/307
f 5051/36/307 5075/7/307 5052/13/307
f 5075/7/307 5079/54/307 5053/12/307
f 5079/54/307 5074/53/307 5053/12/307
f 5045/14/307 5034/29/307 5033/15/307
f 5045/14/307 5044/18/307 5036/17/307
f 5044/18/307 5043/25/306 5038/27/306
f 5037/16/307 5044/18/307 5038/27/306
f 5077/62/307 5019/24/307 5039/23/307
f 5019/24/307 5018/37/307 5041/55/307
f 5040/22/307 5019/24/307 5041/55/307
f 5050/42/307 5060/56/307 5051/36/307
f 5060/56/307 5059/35/307 5051/36/307
f 5042/31/307 5041/55/307 5018/37/307
f 5071/38/307 5065/50/307 5064/39/307
f 5061/41/306 5060/56/307 5050/42/307
f 5021/34/308 5047/33/307 5022/11/307
f 5047/33/307 5046/3/307 5026/45/307
f 5025/30/306 5047/33/307 5026/45/307
f 5063/19/307 5073/21/306 5072/40/307
f 5068/63/307 5067/64/307 5070/49/307
f 5067/64/307 5066/57/306 5070/49/307
f 5068/63/307 5070/49/307 5069/65/306
f 5066/57/306 5065/50/307 5070/49/307
f 5065/50/307 5071/38/307 5076/66/307
f 5082/48/307 5065/50/307 5076/66/307
f 5123/8/311 5124/58/311 5141/7/310
f 5124/58/311 5125/35/310 5141/7/310
f 5141/7/310 5146/6/310 5123/8/311
f 5146/6/310 5147/61/310 5121/59/310
f 5147/61/310 5120/60/311 5121/59/310
f 5121/59/310 5122/52/310 5146/6/310
f 5145/54/310 5141/7/310 5119/12/310
f 5141/7/310 5117/36/310 5118/13/310
f 5119/12/310 5141/7/310 5118/13/310
f 5111/14/310 5112/3/310 5099/15/310
f 5109/25/310 5110/18/310 5104/27/310
f 5110/18/310 5111/14/310 5102/17/310
f 5103/16/310 5110/18/310 5102/17/310
f 5084/37/310 5085/24/310 5107/55/310
f 5085/24/310 5143/62/310 5105/23/310
f 5106/22/310 5085/24/310 5105/23/310
f 5125/35/310 5126/56/310 5117/36/310
f 5126/56/310 5116/42/310 5117/36/310
f 5108/31/310 5083/26/310 5084/37/310
f 5130/39/310 5131/50/310 5137/38/310
f 5127/41/310 5115/43/310 5116/42/310
f 5112/3/310 5113/33/310 5092/45/310
f 5113/33/310 5087/34/313 5088/11/310
f 5091/30/310 5113/33/310 5088/11/310
f 5129/19/311 5130/39/310 5138/40/310
f 5132/57/311 5133/64/310 5136/49/310
f 5133/64/310 5134/63/368 5136/49/310
f 5134/63/368 5135/65/313 5136/49/310
f 5136/49/310 5148/48/310 5131/50/310
f 5148/48/310 5142/66/310 5131/50/310
f 5142/66/310 5137/38/310 5131/50/310
f 5191/35/315 5190/58/315 5207/7/315
f 5190/58/315 5189/8/315 5207/7/315
f 5189/8/315 5188/52/315 5212/6/315
f 5188/52/315 5187/59/315 5212/6/315
f 5187/59/315 5186/60/315 5213/61/315
f 5213/61/315 5212/6/315 5187/59/315
f 5183/36/315 5207/7/315 5184/13/315
f 5207/7/315 5211/54/316 5185/12/315
f 5211/54/316 5206/53/316 5185/12/315
f 5177/14/315 5166/29/316 5165/15/315
f 5177/14/315 5176/18/315 5168/17/315
f 5176/18/315 5175/25/315 5170/27/315
f 5169/16/315 5176/18/315 5170/27/315
f 5209/62/315 5151/24/315 5171/23/315
f 5151/24/315 5150/37/315 5173/55/315
f 5172/22/315 5151/24/315 5173/55/315
f 5182/42/316 5192/56/316 5183/36/315
f 5192/56/316 5191/35/315 5183/36/315
f 5174/31/315 5173/55/315 5150/37/315
f 5203/38/315 5197/50/315 5196/39/315
f 5193/41/316 5192/56/316 5182/42/316
f 5153/34/318 5179/33/315 5154/11/315
f 5179/33/315 5178/3/315 5158/45/315
f 5157/30/315 5179/33/315 5158/45/315
f 5195/19/315 5205/21/315 5204/40/315
f 5200/63/316 5199/64/316 5202/49/315
f 5199/64/316 5198/57/316 5202/49/315
f 5200/63/316 5202/49/315 5201/65/316
f 5198/57/316 5197/50/315 5202/49/315
f 5197/50/315 5203/38/315 5208/66/315
f 5214/48/315 5197/50/315 5208/66/315
f 5255/8/319 5256/58/319 5273/7/319
f 5256/58/319 5257/35/319 5273/7/319
f 5273/7/319 5278/6/319 5255/8/319
f 5278/6/319 5279/61/319 5253/59/320
f 5279/61/319 5252/60/320 5253/59/320
f 5253/59/320 5254/52/319 5278/6/319
f 5277/54/320 5273/7/319 5251/12/319
f 5273/7/319 5249/36/319 5250/13/319
f 5251/12/319 5273/7/319 5250/13/319
f 5243/14/319 5244/3/319 5231/15/319
f 5241/25/319 5242/18/319 5236/27/319
f 5242/18/319 5243/14/319 5234/17/319
f 5235/16/319 5242/18/319 5234/17/319
f 5216/37/319 5217/24/319 5239/55/319
f 5217/24/319 5275/62/319 5237/23/319
f 5238/22/319 5217/24/319 5237/23/319
f 5257/35/319 5258/56/319 5249/36/319
f 5258/56/319 5248/42/319 5249/36/319
f 5240/31/319 5215/26/319 5216/37/319
f 5262/39/319 5263/50/319 5269/38/319
f 5259/41/319 5247/43/319 5248/42/319
f 5244/3/319 5245/33/319 5224/45/320
f 5245/33/319 5219/34/320 5220/11/319
f 5223/30/319 5245/33/319 5220/11/319
f 5261/19/319 5262/39/319 5270/40/319
f 5264/57/319 5265/64/320 5268/49/319
f 5265/64/320 5266/63/319 5268/49/319
f 5266/63/319 5267/65/320 5268/49/319
f 5268/49/319 5280/48/320 5263/50/319
f 5280/48/320 5274/66/319 5263/50/319
f 5274/66/319 5269/38/319 5263/50/319
