# Blender 5.1.2
# www.blender.org
o 0004_06_metal
v -139.945953 -66.145805 18.493673
v -144.939957 -68.520447 18.113647
v -139.945953 -66.145805 21.149136
v -142.344101 -67.286118 21.149136
v -141.145035 -66.715965 17.943707
v -141.145035 -66.715965 21.699102
v -142.840805 -67.522301 19.821404
v -139.449265 -65.909630 19.821404
v -140.269379 -65.465645 18.493673
v -145.263382 -67.840286 18.113647
v -140.269379 -65.465645 21.149136
v -142.667526 -66.605965 21.149136
v -141.468445 -66.035805 17.943707
v -141.468445 -66.035805 21.699102
v -143.164215 -66.842140 19.821404
v -139.772675 -65.229469 19.821404
v -145.460419 -68.767921 13.846268
v -145.783829 -68.087761 13.846268
v -139.637177 -66.795197 18.493673
v -144.631180 -69.169838 18.113647
v -139.637177 -66.795197 21.149136
v -142.035324 -67.935509 21.149136
v -140.836243 -67.365356 17.943707
v -140.836243 -67.365356 21.699102
v -142.532013 -68.171692 19.821404
v -139.140472 -66.559021 19.821404
v -139.313751 -67.475357 18.493673
v -144.307770 -69.849998 18.113647
v -139.313751 -67.475357 21.149136
v -141.711914 -68.615669 21.149136
v -140.512833 -68.045509 17.943707
v -140.512833 -68.045509 21.699102
v -142.208603 -68.851852 19.821404
v -138.817062 -67.239174 19.821404
v -145.151627 -69.417313 13.846268
v -144.828217 -70.097473 13.846268
v -139.624374 -59.314499 2.199997
v -139.624374 -59.314499 2.699997
v -139.504608 -59.257553 2.199997
v -139.504608 -59.257553 2.699997
v -134.135574 -70.857727 2.199997
v -134.135574 -70.857727 2.699997
v -134.015808 -70.800781 2.199997
v -134.015808 -70.800781 2.699997
v -128.524994 -86.263908 18.493673
v -133.109329 -89.356308 18.113647
v -128.524994 -86.263908 21.149136
v -130.726425 -87.748894 21.149136
v -129.625717 -87.006401 17.943707
v -129.625717 -87.006401 21.699102
v -131.182373 -88.056465 19.821404
v -128.069046 -85.956345 19.821404
v -128.946167 -85.639542 18.493673
v -133.530502 -88.731949 18.113647
v -128.946167 -85.639542 21.149136
v -131.147598 -87.124535 21.149136
v -130.046875 -86.382042 17.943707
v -130.046875 -86.382042 21.699102
v -131.603546 -87.432098 19.821404
v -128.490219 -85.331978 19.821404
v -133.587082 -89.678589 13.846268
v -134.008255 -89.054222 13.846268
v -128.122879 -86.860031 18.493673
v -132.707214 -89.952431 18.113647
v -128.122879 -86.860031 21.149136
v -130.324310 -88.345016 21.149136
v -129.223587 -87.602524 17.943707
v -129.223587 -87.602524 21.699102
v -130.780258 -88.652580 19.821404
v -127.666931 -86.552460 19.821404
v -127.701714 -87.484390 18.493673
v -132.286041 -90.576790 18.113647
v -127.701714 -87.484390 21.149136
v -129.903137 -88.969383 21.149136
v -128.802429 -88.226883 17.943707
v -128.802429 -88.226883 21.699102
v -130.359085 -89.276947 19.821404
v -127.245766 -87.176826 19.821404
v -133.184967 -90.274704 13.846268
v -132.763794 -90.899071 13.846268
v -129.225098 -79.460960 2.199997
v -129.225098 -79.460960 2.699997
v -129.115158 -79.386803 2.199997
v -129.115158 -79.386803 2.699997
v -122.077271 -90.057259 2.199997
v -122.077271 -90.057259 2.699997
v -121.967331 -89.983101 2.199997
v -121.967331 -89.983101 2.699997
v -114.233292 -104.455223 18.493673
v -118.305550 -108.196312 18.113647
v -114.233292 -104.455223 21.149136
v -116.188812 -106.251717 21.149136
v -115.211052 -105.353470 17.943707
v -115.211052 -105.353470 21.699102
v -116.593834 -106.623795 19.821404
v -113.828270 -104.083138 19.821404
v -114.742813 -103.900597 18.493673
v -118.815063 -107.641693 18.113647
v -114.742813 -103.900597 21.149136
v -116.698334 -105.697090 21.149136
v -115.720573 -104.798843 17.943707
v -115.720573 -104.798843 21.699102
v -117.103348 -106.069176 19.821404
v -114.337791 -103.528519 19.821404
v -118.729942 -108.586189 13.846268
v -119.239456 -108.031570 13.846268
v -113.746826 -104.984756 18.493673
v -117.819077 -108.725845 18.113647
v -113.746826 -104.984756 21.149136
v -115.702347 -106.781250 21.149136
v -114.724586 -105.883003 17.943707
v -114.724586 -105.883003 21.699102
v -116.107361 -107.153328 19.821404
v -113.341805 -104.612671 19.821404
v -113.237305 -105.539375 18.493673
v -117.309563 -109.280464 18.113647
v -113.237305 -105.539375 21.149136
v -115.192825 -107.335869 21.149136
v -114.215065 -106.437622 17.943707
v -114.215065 -106.437622 21.699102
v -115.597847 -107.707947 19.821404
v -112.832283 -105.167290 19.821404
v -118.243469 -109.115723 13.846268
v -117.733955 -109.670349 13.846268
v -115.939445 -97.832596 2.199997
v -115.939445 -97.832596 2.699997
v -115.841789 -97.742882 2.199997
v -115.841789 -97.742882 2.699997
v -107.292229 -107.245270 2.199997
v -107.292229 -107.245270 2.699997
v -107.194572 -107.155556 2.199997
v -107.194572 -107.155556 2.699997
v -97.390060 -120.313393 18.493673
v -100.859283 -124.619614 18.113647
v -97.390060 -120.313393 21.149136
v -99.056000 -122.381264 21.149136
v -98.223030 -121.347328 17.943707
v -98.223030 -121.347328 21.699102
v -99.401047 -122.809555 19.821404
v -97.045021 -119.885101 19.821404
v -97.976547 -119.840904 18.493673
v -101.445770 -124.147118 18.113647
v -97.976547 -119.840904 21.149136
v -99.642487 -121.908775 21.149136
v -98.809517 -120.874840 17.943707
v -98.809517 -120.874840 21.699102
v -99.987534 -122.337067 19.821404
v -97.631500 -119.412613 19.821404
v -101.220833 -125.068390 13.846268
v -101.807320 -124.595894 13.846268
v -96.830109 -120.764511 18.493673
v -100.299332 -125.070732 18.113647
v -96.830109 -120.764511 21.149136
v -98.496048 -122.832382 21.149136
v -97.663078 -121.798447 17.943707
v -97.663078 -121.798447 21.699102
v -98.841087 -123.260674 19.821404
v -96.485062 -120.336220 19.821404
v -96.243622 -121.237000 18.493673
v -99.712845 -125.543221 18.113647
v -96.243622 -121.237000 21.149136
v -97.909561 -123.304871 21.149136
v -97.076591 -122.270935 17.943707
v -97.076591 -122.270935 21.699102
v -98.254601 -123.733162 19.821404
v -95.898575 -120.808716 19.821404
v -100.660873 -125.519508 13.846268
v -100.074387 -125.991997 13.846268
v -100.064171 -114.019020 2.199997
v -100.064171 -114.019020 2.699997
v -99.980972 -113.915749 2.199997
v -99.980972 -113.915749 2.699997
v -90.110710 -122.037834 2.199997
v -90.110710 -122.037834 2.699997
v -90.027512 -121.934563 2.199997
v -90.027512 -121.934563 2.699997
v -78.371521 -133.484253 18.493673
v -81.160217 -138.259415 18.113647
v -78.371521 -133.484253 21.149136
v -79.710670 -135.777313 21.149136
v -79.041092 -134.630783 17.943707
v -79.041092 -134.630783 21.699102
v -79.988029 -136.252243 19.821404
v -78.094162 -133.009323 19.821404
v -79.021873 -133.104446 18.493673
v -81.810577 -137.879608 18.113647
v -79.021873 -133.104446 21.149136
v -80.361023 -135.397507 21.149136
v -79.691444 -134.250977 17.943707
v -79.691444 -134.250977 21.699102
v -80.638382 -135.872437 19.821404
v -78.744514 -132.629517 19.821404
v -81.450844 -138.757065 13.846268
v -82.101204 -138.377258 13.846268
v -77.750587 -133.846878 18.493673
v -80.539284 -138.622040 18.113647
v -77.750587 -133.846878 21.149136
v -79.089737 -136.139938 21.149136
v -78.420158 -134.993408 17.943707
v -78.420158 -134.993408 21.699102
v -79.367096 -136.614868 19.821404
v -77.473228 -133.371948 19.821404
v -77.100227 -134.226685 18.493673
v -79.888931 -139.001846 18.113647
v -77.100227 -134.226685 21.149136
v -78.439384 -136.519745 21.149136
v -77.769806 -135.373215 17.943707
v -77.769806 -135.373215 21.699102
v -78.716743 -136.994675 19.821404
v -76.822868 -133.751755 19.821404
v -80.829910 -139.119690 13.846268
v -80.179558 -139.499496 13.846268
v -81.953842 -127.658699 2.199997
v -81.953842 -127.658699 2.699997
v -81.886963 -127.544182 2.199997
v -81.886963 -127.544182 2.699997
v -70.916458 -134.104553 2.199997
v -70.916458 -134.104553 2.699997
v -70.849579 -133.990036 2.199997
v -70.849579 -133.990036 2.699997
v -57.602436 -143.673569 18.493673
v -59.648327 -148.811020 18.113647
v -57.602436 -143.673569 21.149136
v -58.584885 -146.140610 21.149136
v -58.093658 -144.907089 17.943707
v -58.093658 -144.907089 21.699102
v -58.788364 -146.651566 19.821404
v -57.398952 -143.162613 19.821404
v -58.302128 -143.394928 18.493673
v -60.348022 -148.532379 18.113647
v -58.302128 -143.394928 21.149136
v -59.284576 -145.861969 21.149136
v -58.793354 -144.628448 17.943707
v -58.793354 -144.628448 21.699102
v -59.488060 -146.372925 19.821404
v -58.098648 -142.883972 19.821404
v -59.861538 -149.346420 13.846268
v -60.561234 -149.067780 13.846268
v -56.934391 -143.939606 18.493673
v -58.980282 -149.077057 18.113647
v -56.934391 -143.939606 21.149136
v -57.916840 -146.406647 21.149136
v -57.425613 -145.173126 17.943707
v -57.425613 -145.173126 21.699102
v -58.120319 -146.917603 19.821404
v -56.730911 -143.428650 19.821404
v -56.234695 -144.218246 18.493673
v -58.280586 -149.355698 18.113647
v -56.234695 -144.218246 21.149136
v -57.217144 -146.685287 21.149136
v -56.725922 -145.451767 17.943707
v -56.725922 -145.451767 21.699102
v -57.420624 -147.196243 19.821404
v -56.031216 -143.707291 19.821404
v -59.193497 -149.612457 13.846268
v -58.493801 -149.891098 13.846268
v -62.012959 -138.446976 2.199997
v -62.012959 -138.446976 2.699997
v -61.963894 -138.323776 2.199997
v -61.963894 -138.323776 2.699997
v -50.138180 -143.175888 2.199997
v -50.138180 -143.175888 2.699997
v -50.089115 -143.052689 2.199997
v -50.089115 -143.052689 2.699997
v -35.546757 -150.653778 18.493673
v -36.804142 -156.038757 18.113647
v -35.546757 -150.653778 21.149136
v -36.150562 -153.239685 21.149136
v -35.848660 -151.946732 17.943707
v -35.848660 -151.946732 21.699102
v -36.275620 -153.775269 19.821404
v -35.421700 -150.118195 19.821404
v -36.280167 -150.482529 18.493673
v -37.537552 -155.867508 18.113647
v -36.280167 -150.482529 21.149136
v -36.883968 -153.068436 21.149136
v -36.582069 -151.775482 17.943707
v -36.582069 -151.775482 21.699102
v -37.009026 -153.604019 19.821404
v -36.155109 -149.946945 19.821404
v -36.935181 -156.599960 13.846268
v -37.668591 -156.428711 13.846268
v -34.846527 -150.817291 18.493673
v -36.103912 -156.202271 18.113647
v -34.846527 -150.817291 21.149136
v -35.450329 -153.403183 21.149136
v -35.148430 -152.110229 17.943707
v -35.148430 -152.110229 21.699102
v -35.575386 -153.938766 19.821404
v -34.721470 -150.281708 19.821404
v -34.113121 -150.988541 18.493673
v -35.370502 -156.373520 18.113647
v -34.113121 -150.988541 21.149136
v -34.716923 -153.574432 21.149136
v -34.415020 -152.281479 17.943707
v -34.415020 -152.281479 21.699102
v -34.841980 -154.110016 19.821404
v -33.988064 -150.452957 19.821404
v -36.234951 -156.763458 13.846268
v -35.501545 -156.934708 13.846268
v -40.686981 -146.142868 2.199997
v -40.686981 -146.142868 2.699997
v -40.656826 -146.013733 2.199997
v -40.656826 -146.013733 2.699997
v -28.240051 -149.049210 2.199997
v -28.240051 -149.049210 2.699997
v -28.209896 -148.920074 2.199997
v -28.209896 -148.920074 2.699997
v -12.697111 -154.268982 18.493673
v -13.137904 -159.781219 18.113647
v -12.697111 -154.268982 21.149136
v -12.908782 -156.916000 21.149136
v -12.802947 -155.592499 17.943707
v -12.802947 -155.592499 21.699102
v -12.952623 -157.464233 19.821404
v -12.653271 -153.720749 19.821404
v -13.447850 -154.208954 18.493673
v -13.888643 -159.721191 18.113647
v -13.447850 -154.208954 21.149136
v -13.659521 -156.855957 21.149136
v -13.553686 -155.532455 17.943707
v -13.553686 -155.532455 21.699102
v -13.703362 -157.404205 19.821404
v -13.404010 -153.660721 19.821404
v -13.183842 -160.355682 13.846268
v -13.934581 -160.295654 13.846268
v -11.980332 -154.326309 18.493673
v -12.421124 -159.838547 18.113647
v -11.980332 -154.326309 21.149136
v -12.192003 -156.973312 21.149136
v -12.086168 -155.649811 17.943707
v -12.086168 -155.649811 21.699102
v -12.235844 -157.521545 19.821404
v -11.936492 -153.778076 19.821404
v -11.229593 -154.386337 18.493673
v -11.670385 -159.898575 18.113647
v -11.229593 -154.386337 21.149136
v -11.441264 -157.033340 21.149136
v -11.335428 -155.709839 17.943707
v -11.335428 -155.709839 21.699102
v -11.485105 -157.581589 19.821404
v -11.185753 -153.838104 19.821404
v -12.467062 -160.412994 13.846268
v -11.716323 -160.473038 13.846268
v -18.452209 -150.574524 2.199997
v -18.452209 -150.574524 2.699997
v -18.441637 -150.442337 2.199997
v -18.441637 -150.442337 2.699997
v -5.711140 -151.593384 2.199997
v -5.711140 -151.593384 2.699997
v -5.700568 -151.461197 2.199997
v -5.700568 -151.461197 2.699997
v 10.436152 -154.438416 18.493673
v 10.821796 -159.954773 18.113647
v 10.436152 -154.438416 21.149136
v 10.621340 -157.087402 21.149136
v 10.528746 -155.762909 17.943707
v 10.528746 -155.762909 21.699102
v 10.659696 -157.636047 19.821404
v 10.397796 -153.889771 19.821404
v 9.684849 -154.490936 18.493673
v 10.070495 -160.007309 18.113647
v 9.684849 -154.490936 21.149136
v 9.870038 -157.139923 21.149136
v 9.777444 -155.815430 17.943707
v 9.777444 -155.815430 21.699102
v 9.908394 -157.688568 19.821404
v 9.646494 -153.942291 19.821404
v 10.861986 -160.529663 13.846268
v 10.110684 -160.582199 13.846268
v 11.153467 -154.388260 18.493673
v 11.539113 -159.904633 18.113647
v 11.153467 -154.388260 21.149136
v 11.338656 -157.037262 21.149136
v 11.246062 -155.712769 17.943707
v 11.246062 -155.712769 21.699102
v 11.377012 -157.585907 19.821404
v 11.115111 -153.839615 19.821404
v 11.904770 -154.335739 18.493673
v 12.290415 -159.852112 18.113647
v 11.904770 -154.335739 21.149136
v 12.089958 -156.984741 21.149136
v 11.997364 -155.660233 17.943707
v 11.997364 -155.660233 21.699102
v 12.128314 -157.533386 19.821404
v 11.866413 -153.787094 19.821404
v 11.579303 -160.479523 13.846268
v 12.330605 -160.427002 13.846268
v 4.194726 -151.642929 2.199997
v 4.194726 -151.642929 2.699997
v 4.185477 -151.510635 2.199997
v 4.185477 -151.510635 2.699997
v 16.945349 -150.751541 2.199997
v 16.945349 -150.751541 2.699997
v 16.936098 -150.619247 2.199997
v 16.936098 -150.619247 2.699997
v 33.336308 -151.158295 18.493673
v 34.539776 -156.555588 18.113647
v 33.336308 -151.158295 21.149136
v 33.914219 -153.750107 21.149136
v 33.625263 -152.454208 17.943707
v 33.625263 -152.454208 21.699102
v 34.033916 -154.286911 19.821404
v 33.216614 -150.621490 19.821404
v 32.601223 -151.322205 18.493673
v 33.804691 -156.719498 18.113647
v 32.601223 -151.322205 21.149136
v 33.179138 -153.914017 21.149136
v 32.890179 -152.618103 17.943707
v 32.890179 -152.618103 21.699102
v 33.298832 -154.450821 19.821404
v 32.481529 -150.785400 19.821404
v 34.665195 -157.118073 13.846268
v 33.930115 -157.281967 13.846268
v 34.038139 -151.001801 18.493673
v 35.241608 -156.399094 18.113647
v 34.038139 -151.001801 21.149136
v 34.616051 -153.593613 21.149136
v 34.327095 -152.297714 17.943707
v 34.327095 -152.297714 21.699102
v 34.735748 -154.130417 19.821404
v 33.918446 -150.464996 19.821404
v 34.773224 -150.837906 18.493673
v 35.976692 -156.235184 18.113647
v 34.773224 -150.837906 21.149136
v 35.351135 -153.429703 21.149136
v 35.062180 -152.133804 17.943707
v 35.062180 -152.133804 21.699102
v 35.470829 -153.966507 19.821404
v 34.653526 -150.301102 19.821404
v 35.367027 -156.961578 13.846268
v 36.102112 -156.797668 13.846268
v 26.747963 -149.324219 2.199997
v 26.747963 -149.324219 2.699997
v 26.719101 -149.194778 2.199997
v 26.719101 -149.194778 2.699997
v 39.223335 -146.542511 2.199997
v 39.223335 -146.542511 2.699997
v 39.194473 -146.413071 2.199997
v 39.194473 -146.413071 2.699997
v 55.491859 -144.501877 18.493673
v 57.486275 -149.659531 18.113647
v 55.491859 -144.501877 21.149136
v 56.449589 -146.978607 21.149136
v 55.970726 -145.740234 17.943707
v 55.970726 -145.740234 21.699102
v 56.647949 -147.491577 19.821404
v 55.293499 -143.988907 19.821404
v 54.789413 -144.773499 18.493673
v 56.783829 -149.931152 18.113647
v 54.789413 -144.773499 21.149136
v 55.747143 -147.250244 21.149136
v 55.268280 -146.011871 17.943707
v 55.268280 -146.011871 21.699102
v 55.945503 -147.763214 19.821404
v 54.591053 -144.260529 19.821404
v 57.694122 -150.197037 13.846268
v 56.991676 -150.468658 13.846268
v 56.162533 -144.242538 18.493673
v 58.156944 -149.400177 18.113647
v 56.162533 -144.242538 21.149136
v 57.120258 -146.719269 21.149136
v 56.641396 -145.480896 17.943707
v 56.641396 -145.480896 21.699102
v 57.318623 -147.232239 19.821404
v 55.964172 -143.729568 19.821404
v 56.864979 -143.970901 18.493673
v 58.859390 -149.128555 18.113647
v 56.864979 -143.970901 21.149136
v 57.822708 -146.447632 21.149136
v 57.343842 -145.209274 17.943707
v 57.343842 -145.209274 21.699102
v 58.021069 -146.960602 19.821404
v 56.666618 -143.457932 19.821404
v 58.364792 -149.937683 13.846268
v 59.067238 -149.666061 13.846268
v 48.703751 -143.670166 2.199997
v 48.703751 -143.670166 2.699997
v 48.655922 -143.546478 2.199997
v 48.655922 -143.546478 2.699997
v 60.625229 -139.060242 2.199997
v 60.625229 -139.060242 2.699997
v 60.577400 -138.936554 2.199997
v 60.577400 -138.936554 2.699997
v 76.407967 -134.617828 18.493673
v 79.148773 -139.420639 18.113647
v 76.407967 -134.617828 21.149136
v 77.724121 -136.924164 21.149136
v 77.066040 -135.770996 17.943707
v 77.066040 -135.770996 21.699102
v 77.996719 -137.401840 19.821404
v 76.135368 -134.140152 19.821404
v 75.753845 -134.991119 18.493673
v 78.494659 -139.793930 18.113647
v 75.753845 -134.991119 21.149136
v 77.070000 -137.297455 21.149136
v 76.411926 -136.144287 17.943707
v 76.411926 -136.144287 21.699102
v 77.342598 -137.775131 19.821404
v 75.481255 -134.513443 19.821404
v 79.434410 -139.921173 13.846268
v 78.780289 -140.294449 13.846268
v 77.032494 -134.261429 18.493673
v 79.773308 -139.064240 18.113647
v 77.032494 -134.261429 21.149136
v 78.348648 -136.567764 21.149136
v 77.690575 -135.414597 17.943707
v 77.690575 -135.414597 21.699102
v 78.621246 -137.045441 19.821404
v 76.759903 -133.783752 19.821404
v 77.686615 -133.888153 18.493673
v 80.427429 -138.690964 18.113647
v 77.686615 -133.888153 21.149136
v 79.002769 -136.194489 21.149136
v 78.344696 -135.041321 17.943707
v 78.344696 -135.041321 21.699102
v 79.275368 -136.672165 19.821404
v 77.414017 -133.410461 19.821404
v 80.058945 -139.564774 13.846268
v 80.713058 -139.191483 13.846268
v 69.571701 -134.807083 2.199997
v 69.571701 -134.807083 2.699997
v 69.505981 -134.691910 2.199997
v 69.505981 -134.691910 2.699997
v 80.673004 -128.471939 2.199997
v 80.673004 -128.471939 2.699997
v 80.607269 -128.356766 2.199997
v 80.607269 -128.356766 2.699997
v 95.617386 -121.726959 18.493673
v 99.043365 -126.067657 18.113647
v 95.617386 -121.726959 21.149136
v 97.262558 -123.811386 21.149136
v 96.439972 -122.769173 17.943707
v 96.439972 -122.769173 21.699102
v 97.603302 -124.243111 19.821404
v 95.276642 -121.295242 19.821404
v 95.026199 -122.193565 18.493673
v 98.452187 -126.534264 18.113647
v 95.026199 -122.193565 21.149136
v 96.671379 -124.277992 21.149136
v 95.848793 -123.235779 17.943707
v 95.848793 -123.235779 21.699102
v 97.012123 -124.709709 19.821404
v 94.685455 -121.761848 19.821404
v 99.400406 -126.520027 13.846268
v 98.809227 -126.986626 13.846268
v 96.181824 -121.281464 18.493673
v 99.607803 -125.622162 18.113647
v 96.181824 -121.281464 21.149136
v 97.826996 -123.365891 21.149136
v 97.004410 -122.323677 17.943707
v 97.004410 -122.323677 21.699102
v 98.167740 -123.797615 19.821404
v 95.841080 -120.849747 19.821404
v 96.773003 -120.814865 18.493673
v 100.198990 -125.155563 18.113647
v 96.773003 -120.814865 21.149136
v 98.418182 -122.899292 21.149136
v 97.595589 -121.857079 17.943707
v 97.595589 -121.857079 21.699102
v 98.758926 -123.331009 19.821404
v 96.432259 -120.383148 19.821404
v 99.964851 -126.074532 13.846268
v 100.556030 -125.607925 13.846268
v 88.885689 -122.932945 2.199997
v 88.885689 -122.932945 2.699997
v 88.803528 -122.828850 2.199997
v 88.803528 -122.828850 2.699997
v 98.918846 -115.014061 2.199997
v 98.918846 -115.014061 2.699997
v 98.836685 -114.909966 2.199997
v 98.836685 -114.909966 2.699997
v 112.691078 -106.117195 18.493673
v 116.725716 -109.898827 18.113647
v 112.691078 -106.117195 21.149136
v 114.628532 -107.933151 21.149136
v 113.659805 -107.025177 17.943707
v 113.659805 -107.025177 21.699102
v 115.029816 -108.309265 19.821404
v 112.289803 -105.741081 19.821404
v 112.176041 -106.666695 18.493673
v 116.210678 -110.448318 18.113647
v 112.176041 -106.666695 21.149136
v 114.113495 -108.482651 21.149136
v 113.144768 -107.574677 17.943707
v 113.144768 -107.574677 21.699102
v 114.514778 -108.858765 19.821404
v 111.774765 -106.290581 19.821404
v 117.146187 -110.292931 13.846268
v 116.631149 -110.842422 13.846268
v 113.182823 -105.592552 18.493673
v 117.217461 -109.374184 18.113647
v 113.182823 -105.592552 21.149136
v 115.120277 -107.408516 21.149136
v 114.151550 -106.500534 17.943707
v 114.151550 -106.500534 21.699102
v 115.521553 -107.784630 19.821404
v 112.781540 -105.216438 19.821404
v 113.697861 -105.043053 18.493673
v 117.732498 -108.824684 18.113647
v 113.697861 -105.043053 21.149136
v 115.635315 -106.859016 21.149136
v 114.666588 -105.951035 17.943707
v 114.666588 -105.951035 21.699102
v 116.036591 -107.235130 19.821404
v 113.296577 -104.666939 19.821404
v 117.637932 -109.768288 13.846268
v 118.152969 -109.218788 13.846268
v 106.214294 -108.312965 2.199997
v 106.214294 -108.312965 2.699997
v 106.117538 -108.222275 2.199997
v 106.117538 -108.222275 2.699997
v 114.955215 -98.987236 2.199997
v 114.955215 -98.987236 2.699997
v 114.858459 -98.896545 2.199997
v 114.858459 -98.896545 2.699997
v 127.247696 -88.137169 18.493673
v 131.800873 -91.275261 18.113647
v 127.247696 -88.137169 21.149136
v 129.434158 -89.644096 21.149136
v 128.340927 -88.890633 17.943707
v 128.340927 -88.890633 21.699102
v 129.887009 -89.956207 19.821404
v 126.794846 -87.825058 19.821404
v 126.820305 -88.757286 18.493673
v 131.373474 -91.895378 18.113647
v 126.820305 -88.757286 21.149136
v 129.006760 -90.264221 21.149136
v 127.913536 -89.510750 17.943707
v 127.913536 -89.510750 21.699102
v 129.459625 -90.576324 19.821404
v 126.367455 -88.445175 19.821404
v 132.275391 -91.602295 13.846268
v 131.847992 -92.222420 13.846268
v 127.655762 -87.545097 18.493673
v 132.208939 -90.683189 18.113647
v 127.655762 -87.545097 21.149136
v 129.842224 -89.052032 21.149136
v 128.748993 -88.298561 17.943707
v 128.748993 -88.298561 21.699102
v 130.295074 -89.364136 19.821404
v 127.202911 -87.232994 19.821404
v 128.083145 -86.924980 18.493673
v 132.636322 -90.063072 18.113647
v 128.083145 -86.924980 21.149136
v 130.269608 -88.431908 21.149136
v 129.176376 -87.678444 17.943707
v 129.176376 -87.678444 21.699102
v 130.722458 -88.744019 19.821404
v 127.630302 -86.612869 19.821404
v 132.683441 -91.010231 13.846268
v 133.110840 -90.390106 13.846268
v 121.170502 -91.273666 2.199997
v 121.170502 -91.273666 2.699997
v 121.061310 -91.198410 2.199997
v 121.061310 -91.198410 2.699997
v 128.423935 -80.749390 2.199997
v 128.423935 -80.749390 2.699997
v 128.314743 -80.674133 2.199997
v 128.314743 -80.674133 2.699997
v 138.962097 -68.188492 18.493673
v 143.932114 -70.612961 18.113647
v 138.962097 -68.188492 21.149136
v 141.348724 -69.352737 21.149136
v 140.155411 -68.770615 17.943707
v 140.155411 -68.770615 21.699102
v 141.843033 -69.593872 19.821404
v 138.467789 -67.947357 19.821404
v 138.631897 -68.865387 18.493673
v 143.601913 -71.289848 18.113647
v 138.631897 -68.865387 21.149136
v 141.018524 -70.029625 21.149136
v 139.825211 -69.447502 17.943707
v 139.825211 -69.447502 21.699102
v 141.512833 -70.270760 19.821404
v 138.137589 -68.624252 19.821404
v 144.450058 -70.865623 13.846268
v 144.119858 -71.542519 13.846268
v 139.277374 -67.542221 18.493673
v 144.247375 -69.966690 18.113647
v 139.277374 -67.542221 21.149136
v 141.664001 -68.706467 21.149136
v 140.470688 -68.124344 17.943707
v 140.470688 -68.124344 21.699102
v 142.158310 -68.947601 19.821404
v 138.783066 -67.301086 19.821404
v 139.607574 -66.865334 18.493673
v 144.577576 -69.289795 18.113647
v 139.607574 -66.865334 21.149136
v 141.994202 -68.029572 21.149136
v 140.800888 -67.447456 17.943707
v 140.800888 -67.447456 21.699102
v 142.488510 -68.270706 19.821404
v 139.113266 -66.624199 19.821404
v 144.765335 -70.219353 13.846268
v 145.095535 -69.542465 13.846268
v 133.420212 -72.195702 2.199997
v 133.420212 -72.195702 2.699997
v 133.301025 -72.137558 2.199997
v 133.301025 -72.137558 2.699997
v 139.024155 -60.707939 2.199997
v 139.024155 -60.707939 2.699997
v 138.904968 -60.649796 2.199997
v 138.904968 -60.649796 2.699997
v 147.572617 -46.716778 18.493673
v 152.848450 -48.373463 18.113647
v 147.572617 -46.716778 21.149136
v 150.106110 -47.512325 21.149136
v 148.839355 -47.114552 17.943707
v 148.839355 -47.114552 21.699102
v 150.630829 -47.677097 19.821404
v 147.047897 -46.552006 19.821404
v 147.346985 -47.435322 18.493673
v 152.622818 -49.092003 18.113647
v 147.346985 -47.435322 21.149136
v 149.880478 -48.230869 21.149136
v 148.613724 -47.833096 17.943707
v 148.613724 -47.833096 21.699102
v 150.405197 -48.395641 19.821404
v 146.822266 -47.270550 19.821404
v 153.398270 -48.546112 13.846268
v 153.172638 -49.264656 13.846268
v 147.788040 -46.030739 18.493673
v 153.063873 -47.687424 18.113647
v 147.788040 -46.030739 21.149136
v 150.321533 -46.826286 21.149136
v 149.054794 -46.428513 17.943707
v 149.054794 -46.428513 21.699102
v 150.846252 -46.991058 19.821404
v 147.263321 -45.865967 19.821404
v 148.013672 -45.312195 18.493673
v 153.289505 -46.968880 18.113647
v 148.013672 -45.312195 21.149136
v 150.547165 -46.107746 21.149136
v 149.280426 -45.709972 17.943707
v 149.280426 -45.709972 21.699102
v 151.071884 -46.272514 19.821404
v 147.488953 -45.147427 19.821404
v 153.613708 -47.860073 13.846268
v 153.839340 -47.141533 13.846268
v 142.689835 -51.505154 2.199997
v 142.689835 -51.505154 2.699997
v 142.563309 -51.465424 2.199997
v 142.563309 -51.465424 2.699997
v 146.519119 -39.310505 2.199997
v 146.519119 -39.310505 2.699997
v 146.392593 -39.270775 2.199997
v 146.392593 -39.270775 2.699997
v 152.886948 -24.201571 18.493673
v 158.350769 -25.053469 18.113647
v 152.886948 -24.201571 21.149136
v 155.510696 -24.610657 21.149136
v 154.198822 -24.406115 17.943707
v 154.198822 -24.406115 21.699102
v 156.054123 -24.695385 19.821404
v 152.343521 -24.116842 19.821404
v 152.770920 -24.945715 18.493673
v 158.234741 -25.797613 18.113647
v 152.770920 -24.945715 21.149136
v 155.394684 -25.354801 21.149136
v 154.082794 -25.150259 17.943707
v 154.082794 -25.150259 21.699102
v 155.938095 -25.439531 19.821404
v 152.227509 -24.860987 19.821404
v 158.920181 -25.142250 13.846268
v 158.804153 -25.886395 13.846268
v 152.997726 -23.491089 18.493673
v 158.461533 -24.342985 18.113647
v 152.997726 -23.491089 21.149136
v 155.621475 -23.900175 21.149136
v 154.309601 -23.695631 17.943707
v 154.309601 -23.695631 21.699102
v 156.164902 -23.984903 19.821404
v 152.454300 -23.406359 19.821404
v 153.113754 -22.746943 18.493673
v 158.577560 -23.598841 18.113647
v 153.113754 -22.746943 21.149136
v 155.737503 -23.156029 21.149136
v 154.425629 -22.951487 17.943707
v 154.425629 -22.951487 21.699102
v 156.280930 -23.240757 19.821404
v 152.570328 -22.662214 19.821404
v 159.030960 -24.431767 13.846268
v 159.146973 -23.687622 13.846268
v 148.772339 -29.664179 2.199997
v 148.772339 -29.664179 2.699997
v 148.641296 -29.643751 2.199997
v 148.641296 -29.643751 2.699997
v 150.741425 -17.035025 2.199997
v 150.741425 -17.035025 2.699997
v 150.610382 -17.014593 2.199997
v 150.610382 -17.014593 2.699997
v 154.786377 -1.145797 18.493673
v 160.316147 -1.173882 18.113647
v 154.786377 -1.145797 21.149136
v 157.441803 -1.159284 21.149136
v 156.114090 -1.152540 17.943707
v 156.114090 -1.152540 21.699102
v 157.991791 -1.162077 19.821404
v 154.236404 -1.143004 19.821404
v 154.782562 -1.898923 18.493673
v 160.312317 -1.927008 18.113647
v 154.782562 -1.898923 21.149136
v 157.437973 -1.912410 21.149136
v 156.110275 -1.905667 17.943707
v 156.110275 -1.905667 21.699102
v 157.987961 -1.915203 19.821404
v 154.232574 -1.896130 19.821404
v 160.892426 -1.176809 13.846268
v 160.888611 -1.929935 13.846268
v 154.790039 -0.426740 18.493673
v 160.319794 -0.454824 18.113647
v 154.790039 -0.426740 21.149136
v 157.445450 -0.440226 21.149136
v 156.117752 -0.433483 17.943707
v 156.117752 -0.433483 21.699102
v 157.995438 -0.443019 19.821404
v 154.240051 -0.423946 19.821404
v 154.793854 0.326387 18.493673
v 160.323624 0.298302 18.113647
v 154.793854 0.326387 21.149136
v 157.449280 0.312900 21.149136
v 156.121567 0.319643 17.943707
v 156.121567 0.319643 21.699102
v 157.999268 0.310107 19.821404
v 154.243881 0.329180 19.821404
v 160.896088 -0.457751 13.846268
v 160.899902 0.295375 13.846268
v 151.531845 -7.160621 2.199997
v 151.531845 -7.160621 2.699997
v 151.399231 -7.159947 2.199997
v 151.399231 -7.159947 2.699997
v 151.596756 5.620955 2.199997
v 151.596756 5.620955 2.699997
v 151.464142 5.621629 2.199997
v 151.464142 5.621629 2.699997
v 153.228485 21.935562 18.493673
v 158.700668 22.731918 18.113647
v 153.228485 21.935562 21.149136
v 155.856262 22.317978 21.149136
v 154.542374 22.126770 17.943707
v 154.542374 22.126770 21.699102
v 156.400513 22.397182 19.821404
v 152.684219 21.856359 19.821404
v 153.336945 21.190277 18.493673
v 158.809128 21.986633 18.113647
v 153.336945 21.190277 21.149136
v 155.964722 21.572693 21.149136
v 154.650833 21.381485 17.943707
v 154.650833 21.381485 21.699102
v 156.508972 21.651897 19.821404
v 152.792679 21.111074 19.821404
v 159.270950 22.814911 13.846268
v 159.379410 22.069626 13.846268
v 153.124924 22.647135 18.493673
v 158.597107 23.443489 18.113647
v 153.124924 22.647135 21.149136
v 155.752701 23.029549 21.149136
v 154.438812 22.838341 17.943707
v 154.438812 22.838341 21.699102
v 156.296951 23.108753 19.821404
v 152.580673 22.567930 19.821404
v 153.016464 23.392420 18.493673
v 158.488647 24.188774 18.113647
v 153.016464 23.392420 21.149136
v 155.644241 23.774834 21.149136
v 154.330353 23.583628 17.943707
v 154.330353 23.583628 21.699102
v 156.188492 23.854038 19.821404
v 152.472214 23.313215 19.821404
v 159.167404 23.526482 13.846268
v 159.058945 24.271767 13.846268
v 150.906693 15.502873 2.199997
v 150.906693 15.502873 2.699997
v 150.775467 15.483775 2.199997
v 150.775467 15.483775 2.699997
v 149.065994 28.151379 2.199997
v 149.065994 28.151379 2.699997
v 148.934769 28.132280 2.199997
v 148.934769 28.132280 2.699997
v 148.248032 44.526978 18.493673
v 153.540421 46.129986 18.113647
v 148.248032 44.526978 21.149136
v 150.789474 45.296753 21.149136
v 149.518753 44.911865 17.943707
v 149.518753 44.911865 21.699102
v 151.315842 45.456184 19.821404
v 147.721664 44.367546 19.821404
v 148.466354 43.806183 18.493673
v 153.758743 45.409191 18.113647
v 148.466354 43.806183 21.149136
v 151.007797 44.575954 21.149136
v 149.737076 44.191067 17.943707
v 149.737076 44.191067 21.699102
v 151.534164 44.735386 19.821404
v 147.939987 43.646748 19.821404
v 154.091980 46.297047 13.846268
v 154.310303 45.576248 13.846268
v 148.039597 45.215172 18.493673
v 153.331985 46.818180 18.113647
v 148.039597 45.215172 21.149136
v 150.581024 45.984943 21.149136
v 149.310303 45.600056 17.943707
v 149.310303 45.600056 21.699102
v 151.107391 46.144379 19.821404
v 147.513214 45.055737 19.821404
v 147.821274 45.935966 18.493673
v 153.113663 47.538975 18.113647
v 147.821274 45.935966 21.149136
v 150.362701 46.705742 21.149136
v 149.091980 46.320854 17.943707
v 149.091980 46.320854 21.699102
v 150.889069 46.865173 19.821404
v 147.294891 45.776535 19.821404
v 153.883530 46.985237 13.846268
v 153.665207 47.706036 13.846268
v 146.910904 37.820099 2.199997
v 146.910904 37.820099 2.699997
v 146.783981 37.781654 2.199997
v 146.783981 37.781654 2.699997
v 143.205673 50.053017 2.199997
v 143.205673 50.053017 2.699997
v 143.078751 50.014572 2.199997
v 143.078751 50.014572 2.699997
v 139.956329 66.123817 18.493673
v 144.950714 68.497673 18.113647
v 139.956329 66.123817 21.149136
v 142.354660 67.263756 21.149136
v 141.155502 66.693787 17.943707
v 141.155502 66.693787 21.699102
v 142.851395 67.499855 19.821404
v 139.459610 65.887718 19.821404
v 140.279648 65.443604 18.493673
v 145.274017 67.817459 18.113647
v 140.279648 65.443604 21.149136
v 142.677979 66.583542 21.149136
v 141.478806 66.013573 17.943707
v 141.478806 66.013573 21.699102
v 143.174698 66.819649 19.821404
v 139.782913 65.207504 19.821404
v 145.471207 68.745064 13.846268
v 145.794510 68.064857 13.846268
v 139.647659 66.773254 18.493673
v 144.642029 69.147110 18.113647
v 139.647659 66.773254 21.149136
v 142.045975 67.913193 21.149136
v 140.846817 67.343224 17.943707
v 140.846817 67.343224 21.699102
v 142.542709 68.149292 19.821404
v 139.150925 66.537155 19.821404
v 139.324341 67.453468 18.493673
v 144.318726 69.827324 18.113647
v 139.324341 67.453468 21.149136
v 141.722672 68.593407 21.149136
v 140.523514 68.023438 17.943707
v 140.523514 68.023438 21.699102
v 142.219406 68.829506 19.821404
v 138.827606 67.217369 19.821404
v 145.162521 69.394508 13.846268
v 144.839218 70.074715 13.846268
v 139.633667 59.292561 2.199997
v 139.633667 59.292561 2.699997
v 139.513901 59.235630 2.199997
v 139.513901 59.235630 2.699997
v 134.146698 70.836655 2.199997
v 134.146698 70.836655 2.699997
v 134.026932 70.779724 2.199997
v 134.026932 70.779724 2.699997
v 128.538544 86.243744 18.493673
v 133.123367 89.335426 18.113647
v 128.538544 86.243744 21.149136
v 130.740204 87.728386 21.149136
v 129.639374 86.986069 17.943707
v 129.639374 86.986069 21.699102
v 131.196198 88.035881 19.821404
v 128.082550 85.936249 19.821404
v 128.959625 85.619316 18.493673
v 133.544434 88.710999 18.113647
v 128.959625 85.619316 21.149136
v 131.161270 87.103958 21.149136
v 130.060440 86.361633 17.943707
v 130.060440 86.361633 21.699102
v 131.617279 87.411453 19.821404
v 128.503616 85.311821 19.821404
v 133.601166 89.657631 13.846268
v 134.022247 89.033195 13.846268
v 128.136520 86.839928 18.493673
v 132.721344 89.931610 18.113647
v 128.136520 86.839928 21.149136
v 130.338181 88.324570 21.149136
v 129.237350 87.582253 17.943707
v 129.237350 87.582253 21.699102
v 130.794174 88.632065 19.821404
v 127.680527 86.532433 19.821404
v 127.715454 87.464355 18.493673
v 132.300262 90.556038 18.113647
v 127.715454 87.464355 21.149136
v 129.917099 88.948997 21.149136
v 128.816284 88.206680 17.943707
v 128.816284 88.206680 21.699102
v 130.373108 89.256493 19.821404
v 127.259453 87.156860 19.821404
v 133.199142 90.253815 13.846268
v 132.778076 90.878242 13.846268
v 129.237564 79.440689 2.199997
v 129.237564 79.440689 2.699997
v 129.127625 79.366547 2.199997
v 129.127625 79.366547 2.699997
v 122.091400 90.038101 2.199997
v 122.091400 90.038101 2.699997
v 121.981453 89.963959 2.199997
v 121.981453 89.963959 2.699997
v 114.249672 104.437309 18.493673
v 118.322517 108.177757 18.113647
v 114.249672 104.437309 21.149136
v 116.205475 106.233490 21.149136
v 115.227577 105.335396 17.943707
v 115.227577 105.335396 21.699102
v 116.610558 106.605515 19.821404
v 113.844597 104.065285 19.821404
v 114.759109 103.882607 18.493673
v 118.831947 107.623055 18.113647
v 114.759109 103.882607 21.149136
v 116.714905 105.678795 21.149136
v 115.737007 104.780701 17.943707
v 115.737007 104.780701 21.699102
v 117.119987 106.050812 19.821404
v 114.354027 103.510590 19.821404
v 118.746971 108.567574 13.846268
v 119.256401 108.012871 13.846268
v 113.763290 104.966911 18.493673
v 117.836128 108.707367 18.113647
v 113.763290 104.966911 21.149136
v 115.719093 106.763100 21.149136
v 114.741188 105.865005 17.943707
v 114.741188 105.865005 21.699102
v 116.124168 107.135124 19.821404
v 113.358208 104.594894 19.821404
v 113.253860 105.521614 18.493673
v 117.326698 109.262070 18.113647
v 113.253860 105.521614 21.149136
v 115.209656 107.317802 21.149136
v 114.231758 106.419708 17.943707
v 114.231758 106.419708 21.699102
v 115.614738 107.689819 19.821404
v 112.848778 105.149597 19.821404
v 118.260582 109.097183 13.846268
v 117.751152 109.651878 13.846268
v 115.954796 97.814407 2.199997
v 115.954796 97.814407 2.699997
v 115.857124 97.724709 2.199997
v 115.857124 97.724709 2.699997
v 107.309059 107.228439 2.199997
v 107.309059 107.228439 2.699997
v 107.211388 107.138741 2.199997
v 107.211388 107.138741 2.699997
v 97.408928 120.298126 18.493673
v 100.878822 124.603798 18.113647
v 97.408928 120.298126 21.149136
v 99.075188 122.365730 21.149136
v 98.242058 121.331924 17.943707
v 98.242058 121.331924 21.699102
v 99.420303 122.793968 19.821404
v 97.063812 119.869888 19.821404
v 97.995338 119.825539 18.493673
v 101.465233 124.131210 18.113647
v 97.995338 119.825539 21.149136
v 99.661598 121.893150 21.149136
v 98.828468 120.859344 17.943707
v 98.828468 120.859344 21.699102
v 100.006714 122.321381 19.821404
v 97.650223 119.397308 19.821404
v 101.240440 125.052513 13.846268
v 101.826851 124.579933 13.846268
v 96.849037 120.749329 18.493673
v 100.318939 125.055000 18.113647
v 96.849037 120.749329 21.149136
v 98.515305 122.816940 21.149136
v 97.682175 121.783134 17.943707
v 97.682175 121.783134 21.699102
v 98.860413 123.245171 19.821404
v 96.503929 120.321091 19.821404
v 96.262627 121.221909 18.493673
v 99.732529 125.527588 18.113647
v 96.262627 121.221909 21.149136
v 97.928894 123.289520 21.149136
v 97.095764 122.255714 17.943707
v 97.095764 122.255714 21.699102
v 98.274002 123.717758 19.821404
v 95.917519 120.793678 19.821404
v 100.680557 125.503723 13.846268
v 100.094147 125.976303 13.846268
v 100.082047 114.003319 2.199997
v 100.082047 114.003319 2.699997
v 99.998833 113.900063 2.199997
v 99.998833 113.900063 2.699997
v 90.129837 122.023705 2.199997
v 90.129837 122.023705 2.699997
v 90.046623 121.920448 2.199997
v 90.046623 121.920448 2.699997
v 78.392441 133.471970 18.493673
v 81.181892 138.246704 18.113647
v 78.392441 133.471970 21.149136
v 79.731949 135.764816 21.149136
v 79.062195 134.618393 17.943707
v 79.062195 134.618393 21.699102
v 80.009384 136.239716 19.821404
v 78.115005 132.997086 19.821404
v 79.042732 133.092072 18.493673
v 81.832184 137.866791 18.113647
v 79.042732 133.092072 21.149136
v 80.382248 135.384918 21.149136
v 79.712486 134.238495 17.943707
v 79.712486 134.238495 21.699102
v 80.659676 135.859802 19.821404
v 78.765297 132.617172 19.821404
v 81.472595 138.744293 13.846268
v 82.122887 138.364395 13.846268
v 77.771561 133.834702 18.493673
v 80.561012 138.609421 18.113647
v 77.771561 133.834702 21.149136
v 79.111076 136.127548 21.149136
v 78.441315 134.981125 17.943707
v 78.441315 134.981125 21.699102
v 79.388504 136.602432 19.821404
v 77.494125 133.359818 19.821404
v 77.121269 134.214600 18.493673
v 79.910721 138.989334 18.113647
v 77.121269 134.214600 21.149136
v 78.460777 136.507462 21.149136
v 77.791023 135.361038 17.943707
v 77.791023 135.361038 21.699102
v 78.738213 136.982346 19.821404
v 76.843834 133.739716 19.821404
v 80.851715 139.107025 13.846268
v 80.201424 139.486938 13.846268
v 81.973854 127.645851 2.199997
v 81.973854 127.645851 2.699997
v 81.906960 127.531349 2.199997
v 81.906960 127.531349 2.699997
v 70.937477 134.093430 2.199997
v 70.937477 134.093430 2.699997
v 70.870583 133.978928 2.199997
v 70.870583 133.978928 2.699997
v 57.625008 143.664520 18.493673
v 59.671707 148.801636 18.113647
v 57.625008 143.664520 21.149136
v 58.607845 146.131393 21.149136
v 58.116428 144.897949 17.943707
v 58.116428 144.897949 21.699102
v 58.811405 146.642319 19.821404
v 57.421448 143.153580 19.821404
v 58.324661 143.385757 18.493673
v 60.371361 148.522888 18.113647
v 58.324661 143.385757 21.149136
v 59.307495 145.852646 21.149136
v 58.816078 144.619202 17.943707
v 58.816078 144.619202 21.699102
v 59.511059 146.363571 19.821404
v 58.121098 142.874832 19.821404
v 59.885006 149.337006 13.846268
v 60.584656 149.058258 13.846268
v 56.957008 143.930649 18.493673
v 59.003708 149.067780 18.113647
v 56.957008 143.930649 21.149136
v 57.939842 146.397537 21.149136
v 57.448425 145.164093 17.943707
v 57.448425 145.164093 21.699102
v 58.143406 146.908463 19.821404
v 56.753445 143.419724 19.821404
v 56.257355 144.209412 18.493673
v 58.304054 149.346527 18.113647
v 56.257355 144.209412 21.149136
v 57.240192 146.676285 21.149136
v 56.748775 145.442841 17.943707
v 56.748775 145.442841 21.699102
v 57.443752 147.187210 19.821404
v 56.053795 143.698471 19.821404
v 59.217003 149.603149 13.846268
v 58.517353 149.881897 13.846268
v 62.034718 138.437225 2.199997
v 62.034718 138.437225 2.699997
v 61.985638 138.314026 2.199997
v 61.985638 138.314026 2.699997
v 50.160686 143.167999 2.199997
v 50.160686 143.167999 2.699997
v 50.111607 143.044800 2.199997
v 50.111607 143.044800 2.699997
v 35.570385 150.648209 18.493673
v 36.828617 156.032990 18.113647
v 35.570385 150.648209 21.149136
v 36.174595 153.234009 21.149136
v 35.872490 151.941101 17.943707
v 35.872490 151.941101 21.699102
v 36.299736 153.769562 19.821404
v 35.445244 150.112640 19.821404
v 36.303768 150.476837 18.493673
v 37.561996 155.861618 18.113647
v 36.303768 150.476837 21.149136
v 36.907974 153.062637 21.149136
v 36.605873 151.769745 17.943707
v 36.605873 151.769745 21.699102
v 37.033115 153.598206 19.821404
v 36.178627 149.941284 19.821404
v 36.959743 156.594162 13.846268
v 37.693123 156.422791 13.846268
v 34.870182 150.811813 18.493673
v 36.128410 156.196594 18.113647
v 34.870182 150.811813 21.149136
v 35.474388 153.397614 21.149136
v 35.172283 152.104721 17.943707
v 35.172283 152.104721 21.699102
v 35.599529 153.933182 19.821404
v 34.745041 150.276260 19.821404
v 34.136799 150.983185 18.493673
v 35.395027 156.367966 18.113647
v 34.136799 150.983185 21.149136
v 34.741009 153.568985 21.149136
v 34.438904 152.276077 17.943707
v 34.438904 152.276077 21.699102
v 34.866150 154.104538 19.821404
v 34.011658 150.447617 19.821404
v 36.259537 156.757782 13.846268
v 35.526154 156.929138 13.846268
v 40.709896 146.136490 2.199997
v 40.709896 146.136490 2.699997
v 40.679722 146.007355 2.199997
v 40.679722 146.007355 2.699997
v 28.263422 149.044785 2.199997
v 28.263422 149.044785 2.699997
v 28.233248 148.915649 2.199997
v 28.233248 148.915649 2.699997
v 12.721341 154.266998 18.493673
v 13.163000 159.779160 18.113647
v 12.721341 154.266998 21.149136
v 12.933428 156.913971 21.149136
v 12.827385 155.590485 17.943707
v 12.827385 155.590485 21.699102
v 12.977355 157.462204 19.821404
v 12.677415 153.718765 19.821404
v 13.472071 154.206848 18.493673
v 13.913730 159.719009 18.113647
v 13.472071 154.206848 21.149136
v 13.684158 156.853821 21.149136
v 13.578115 155.530334 17.943707
v 13.578115 155.530334 21.699102
v 13.728085 157.402054 19.821404
v 13.428144 153.658615 19.821404
v 13.209027 160.353607 13.846268
v 13.959757 160.293457 13.846268
v 12.004571 154.324432 18.493673
v 12.446229 159.836594 18.113647
v 12.004571 154.324432 21.149136
v 12.216658 156.971405 21.149136
v 12.110615 155.647919 17.943707
v 12.110615 155.647919 21.699102
v 12.260585 157.519623 19.821404
v 11.960645 153.776199 19.821404
v 11.253841 154.384583 18.493673
v 11.695499 159.896744 18.113647
v 11.253841 154.384583 21.149136
v 11.465928 157.031555 21.149136
v 11.359884 155.708069 17.943707
v 11.359884 155.708069 21.699102
v 11.509855 157.579773 19.821404
v 11.209915 153.836349 19.821404
v 12.492257 160.411041 13.846268
v 11.741528 160.471191 13.846268
v 18.475857 150.571655 2.199997
v 18.475857 150.571655 2.699997
v 18.465265 150.439468 2.199997
v 18.465265 150.439468 2.699997
v 5.734946 151.592499 2.199997
v 5.734946 151.592499 2.699997
v 5.724355 151.460312 2.199997
v 5.724355 151.460312 2.699997
v -10.411936 154.440048 18.493673
v -10.796716 159.956482 18.113647
v -10.411936 154.440048 21.149136
v -10.596709 157.089066 21.149136
v -10.504322 155.764557 17.943707
v -10.504322 155.764557 21.699102
v -10.634978 157.637726 19.821404
v -10.373666 153.891403 19.821404
v -9.660625 154.492462 18.493673
v -10.045405 160.008881 18.113647
v -9.660625 154.492462 21.149136
v -9.845399 157.141479 21.149136
v -9.753012 155.816971 17.943707
v -9.753012 155.816971 21.699102
v -9.883668 157.690125 19.821404
v -9.622355 153.943802 19.821404
v -10.836816 160.531372 13.846268
v -10.085505 160.583786 13.846268
v -11.129259 154.390015 18.493673
v -11.514040 159.906448 18.113647
v -11.129259 154.390015 21.149136
v -11.314034 157.039032 21.149136
v -11.221646 155.714523 17.943707
v -11.221646 155.714523 21.699102
v -11.352303 157.587692 19.821404
v -11.090990 153.841370 19.821404
v -11.880569 154.337616 18.493673
v -12.265350 159.854034 18.113647
v -11.880569 154.337616 21.149136
v -12.065344 156.986633 21.149136
v -11.972957 155.662125 17.943707
v -11.972957 155.662125 21.699102
v -12.103613 157.535294 19.821404
v -11.842300 153.788956 19.821404
v -11.554140 160.481339 13.846268
v -12.305450 160.428940 13.846268
v -4.170945 151.643585 2.199997
v -4.170945 151.643585 2.699997
v -4.161717 151.511292 2.199997
v -4.161717 151.511292 2.699997
v -16.921707 150.754211 2.199997
v -16.921707 150.754211 2.699997
v -16.912479 150.621918 2.199997
v -16.912479 150.621918 2.699997
v -33.312569 151.163528 18.493673
v -34.515190 156.561005 18.113647
v -33.312569 151.163528 21.149136
v -33.890072 153.755432 21.149136
v -33.601322 152.459473 17.943707
v -33.601322 152.459473 21.699102
v -34.009686 154.292252 19.821404
v -33.192955 150.626709 19.821404
v -32.577457 151.327316 18.493673
v -33.780079 156.724792 18.113647
v -32.577457 151.327316 21.149136
v -33.154964 153.919220 21.149136
v -32.866211 152.623276 17.943707
v -32.866211 152.623276 21.699102
v -33.274574 154.456039 19.821404
v -32.457848 150.790497 19.821404
v -34.640522 157.123505 13.846268
v -33.905411 157.287292 13.846268
v -34.014423 151.007141 18.493673
v -35.217045 156.404617 18.113647
v -34.014423 151.007141 21.149136
v -34.591930 153.599045 21.149136
v -34.303177 152.303101 17.943707
v -34.303177 152.303101 21.699102
v -34.711540 154.135864 19.821404
v -33.894814 150.470322 19.821404
v -34.749535 150.843353 18.493673
v -35.952156 156.240829 18.113647
v -34.749535 150.843353 21.149136
v -35.327038 153.435257 21.149136
v -35.038284 152.139297 17.943707
v -35.038284 152.139297 21.699102
v -35.446651 153.972076 19.821404
v -34.629921 150.306534 19.821404
v -35.342377 156.967117 13.846268
v -36.077488 156.803329 13.846268
v -26.724508 149.328415 2.199997
v -26.724508 149.328415 2.699997
v -26.695665 149.198975 2.199997
v -26.695665 149.198975 2.699997
v -39.200317 146.548660 2.199997
v -39.200317 146.548660 2.699997
v -39.171478 146.419220 2.199997
v -39.171478 146.419220 2.699997
v -55.469177 144.510590 18.493673
v -57.462780 149.668549 18.113647
v -55.469177 144.510590 21.149136
v -56.426517 146.987473 21.149136
v -55.947845 145.749023 17.943707
v -55.947845 145.749023 21.699102
v -56.624798 147.500473 19.821404
v -55.270897 143.997589 19.821404
v -54.766689 144.782104 18.493673
v -56.760292 149.940063 18.113647
v -54.766689 144.782104 21.149136
v -55.724026 147.258987 21.149136
v -55.245358 146.020554 17.943707
v -55.245358 146.020554 21.699102
v -55.922306 147.771988 19.821404
v -54.568409 144.269104 19.821404
v -57.670544 150.206085 13.846268
v -56.968056 150.477600 13.846268
v -56.139889 144.251343 18.493673
v -58.133492 149.409317 18.113647
v -56.139889 144.251343 21.149136
v -57.097229 146.728226 21.149136
v -56.618557 145.489792 17.943707
v -56.618557 145.489792 21.699102
v -57.295509 147.241241 19.821404
v -55.941608 143.738342 19.821404
v -56.842377 143.979828 18.493673
v -58.835979 149.137787 18.113647
v -56.842377 143.979828 21.149136
v -57.799717 146.456711 21.149136
v -57.321049 145.218277 17.943707
v -57.321049 145.218277 21.699102
v -57.997997 146.969711 19.821404
v -56.644096 143.466827 19.821404
v -58.341255 149.946854 13.846268
v -59.043743 149.675339 13.846268
v -48.681194 143.677811 2.199997
v -48.681194 143.677811 2.699997
v -48.633385 143.554123 2.199997
v -48.633385 143.554123 2.699997
v -60.603397 139.069778 2.199997
v -60.603397 139.069778 2.699997
v -60.555588 138.946091 2.199997
v -60.555588 138.946091 2.699997
v -76.386841 134.629837 18.493673
v -79.126892 139.433075 18.113647
v -76.386841 134.629837 21.149136
v -77.702629 136.936371 21.149136
v -77.044731 135.783096 17.943707
v -77.044731 135.783096 21.699102
v -77.975151 137.414093 19.821404
v -76.114319 134.152115 19.821404
v -75.732658 135.003006 18.493673
v -78.472717 139.806259 18.113647
v -75.732658 135.003006 21.149136
v -77.048454 137.309555 21.149136
v -76.390556 136.156281 17.943707
v -76.390556 136.156281 21.699102
v -77.320969 137.787277 19.821404
v -75.460136 134.525284 19.821404
v -79.412453 139.933640 13.846268
v -78.758270 140.306824 13.846268
v -77.011421 134.273529 18.493673
v -79.751480 139.076767 18.113647
v -77.011421 134.273529 21.149136
v -78.327217 136.580078 21.149136
v -77.669319 135.426804 17.943707
v -77.669319 135.426804 21.699102
v -78.599739 137.057800 19.821404
v -76.738899 133.795807 19.821404
v -77.665604 133.900345 18.493673
v -80.405655 138.703583 18.113647
v -77.665604 133.900345 21.149136
v -78.981392 136.206894 21.149136
v -78.323494 135.053619 17.943707
v -78.323494 135.053619 21.699102
v -79.253914 136.684616 19.821404
v -77.393082 133.422623 19.821404
v -80.037033 139.577347 13.846268
v -80.691216 139.204163 13.846268
v -69.550552 134.818008 2.199997
v -69.550552 134.818008 2.699997
v -69.484840 134.702820 2.199997
v -69.484840 134.702820 2.699997
v -80.652847 128.484604 2.199997
v -80.652847 128.484604 2.699997
v -80.587135 128.369415 2.199997
v -80.587135 128.369415 2.699997
v -95.598251 121.741982 18.493673
v -99.023552 126.083214 18.113647
v -95.598251 121.741982 21.149136
v -97.243103 123.826668 21.149136
v -96.420677 122.784325 17.943707
v -96.420677 122.784325 21.699102
v -97.583778 124.258438 19.821404
v -95.257576 121.310204 19.821404
v -95.006996 122.208488 18.493673
v -98.432297 126.549721 18.113647
v -95.006996 122.208488 21.149136
v -96.651848 124.293175 21.149136
v -95.829422 123.250832 17.943707
v -95.829422 123.250832 21.699102
v -96.992523 124.724945 19.821404
v -94.666321 121.776718 19.821404
v -99.380524 126.535637 13.846268
v -98.789268 127.002144 13.846268
v -96.162758 121.296570 18.493673
v -99.588066 125.637802 18.113647
v -96.162758 121.296570 21.149136
v -97.807610 123.381256 21.149136
v -96.985184 122.338913 17.943707
v -96.985184 122.338913 21.699102
v -98.148285 123.813026 19.821404
v -95.822083 120.864799 19.821404
v -96.754013 120.830063 18.493673
v -100.179321 125.171295 18.113647
v -96.754013 120.830063 21.149136
v -98.398865 122.914749 21.149136
v -97.576439 121.872406 17.943707
v -97.576439 121.872406 21.699102
v -98.739540 123.346519 19.821404
v -96.413338 120.398293 19.821404
v -99.945038 126.090233 13.846268
v -100.536285 125.623718 13.846268
v -88.866371 122.946892 2.199997
v -88.866371 122.946892 2.699997
v -88.784218 122.842781 2.199997
v -88.784218 122.842781 2.699997
v -98.900764 115.029594 2.199997
v -98.900764 115.029594 2.699997
v -98.818626 114.925484 2.199997
v -98.818626 114.925484 2.699997
v -112.674423 106.134880 18.493673
v -116.708473 109.917145 18.113647
v -112.674423 106.134880 21.149136
v -114.611595 107.951149 21.149136
v -113.643013 107.043015 17.943707
v -113.643013 107.043015 21.699102
v -115.012817 108.327324 19.821404
v -112.273209 105.758705 19.821404
v -112.159302 106.684296 18.493673
v -116.193344 110.466560 18.113647
v -112.159302 106.684296 21.149136
v -114.096474 108.500565 21.149136
v -113.127884 107.592430 17.943707
v -113.127884 107.592430 21.699102
v -114.497688 108.876740 19.821404
v -111.758080 106.308121 19.821404
v -117.128883 110.311310 13.846268
v -116.613754 110.860733 13.846268
v -113.166245 105.610321 18.493673
v -117.200294 109.392578 18.113647
v -113.166245 105.610321 21.149136
v -115.103416 107.426582 21.149136
v -114.134834 106.518448 17.943707
v -114.134834 106.518448 21.699102
v -115.504639 107.802757 19.821404
v -112.765030 105.234138 19.821404
v -113.681374 105.060898 18.493673
v -117.715416 108.843163 18.113647
v -113.681374 105.060898 21.149136
v -115.618546 106.877167 21.149136
v -114.649956 105.969032 17.943707
v -114.649956 105.969032 21.699102
v -116.019768 107.253342 19.821404
v -113.280151 104.684723 19.821404
v -117.620705 109.786751 13.846268
v -118.135826 109.237335 13.846268
v -106.197296 108.329620 2.199997
v -106.197296 108.329620 2.699997
v -106.100555 108.238914 2.199997
v -106.100555 108.238914 2.699997
v -114.939682 99.005264 2.199997
v -114.939682 99.005264 2.699997
v -114.842941 98.914558 2.199997
v -114.842941 98.914558 2.699997
v -127.233849 88.157150 18.493673
v -131.786530 91.295952 18.113647
v -127.233849 88.157150 21.149136
v -129.420074 89.664421 21.149136
v -128.326965 88.910782 17.943707
v -128.326965 88.910782 21.699102
v -129.872879 89.976601 19.821404
v -126.781044 87.844963 19.821404
v -126.806358 88.777199 18.493673
v -131.359039 91.916008 18.113647
v -126.806358 88.777199 21.149136
v -128.992584 90.284470 21.149136
v -127.899467 89.530838 17.943707
v -127.899467 89.530838 21.699102
v -129.445389 90.596657 19.821404
v -126.353554 88.465019 19.821404
v -132.260986 91.623070 13.846268
v -131.833496 92.243118 13.846268
v -127.641998 87.565140 18.493673
v -132.194687 90.703949 18.113647
v -127.641998 87.565140 21.149136
v -129.828217 89.072418 21.149136
v -128.735107 88.318779 17.943707
v -128.735107 88.318779 21.699102
v -130.281021 89.384598 19.821404
v -127.189201 87.252960 19.821404
v -128.069489 86.945091 18.493673
v -132.622177 90.083900 18.113647
v -128.069489 86.945091 21.149136
v -130.255707 88.452362 21.149136
v -129.162598 87.698730 17.943707
v -129.162598 87.698730 21.699102
v -130.708511 88.764542 19.821404
v -127.616692 86.632912 19.821404
v -132.669144 91.031059 13.846268
v -133.096634 90.411011 13.846268
v -121.156143 91.292702 2.199997
v -121.156143 91.292702 2.699997
v -121.046967 91.217430 2.199997
v -121.046967 91.217430 2.699997
v -128.411240 80.769554 2.199997
v -128.411240 80.769554 2.699997
v -128.302063 80.694283 2.199997
v -128.302063 80.694283 2.699997
v -138.951401 68.210297 18.493673
v -143.921021 70.635544 18.113647
v -138.951401 68.210297 21.149136
v -141.337845 69.374916 21.149136
v -140.144623 68.792603 17.943707
v -140.144623 68.792603 21.699102
v -141.832108 69.616127 19.821404
v -138.457123 67.969086 19.821404
v -138.621094 68.887138 18.493673
v -143.590714 71.312378 18.113647
v -138.621094 68.887138 21.149136
v -141.007538 70.051750 21.149136
v -139.814316 69.469444 17.943707
v -139.814316 69.469444 21.699102
v -141.501801 70.292961 19.821404
v -138.126816 68.645927 19.821404
v -144.438934 70.888290 13.846268
v -144.108627 71.565125 13.846268
v -139.266754 67.564072 18.493673
v -144.236389 69.989319 18.113647
v -139.266754 67.564072 21.149136
v -141.653198 68.728691 21.149136
v -140.459976 68.146385 17.943707
v -140.459976 68.146385 21.699102
v -142.147476 68.969902 19.821404
v -138.772491 67.322868 19.821404
v -139.597061 66.887238 18.493673
v -144.566696 69.312477 18.113647
v -139.597061 66.887238 21.149136
v -141.983505 68.051849 21.149136
v -140.790283 67.469543 17.943707
v -140.790283 67.469543 21.699102
v -142.477783 68.293060 19.821404
v -139.102798 66.646027 19.821404
v -144.754303 70.242065 13.846268
v -145.084610 69.565231 13.846268
v -133.408890 72.216621 2.199997
v -133.408890 72.216621 2.699997
v -133.289703 72.158463 2.199997
v -133.289703 72.158463 2.699997
v -139.014633 60.729740 2.199997
v -139.014633 60.729740 2.699997
v -138.895447 60.671581 2.199997
v -138.895447 60.671581 2.699997
v -147.565277 46.739967 18.493673
v -152.840851 48.397480 18.113647
v -147.565277 46.739967 21.149136
v -150.098648 47.535912 21.149136
v -148.831970 47.137939 17.943707
v -148.831970 47.137939 21.699102
v -150.623337 47.700768 19.821404
v -147.040588 46.575111 19.821404
v -147.339539 47.458473 18.493673
v -152.615112 49.115986 18.113647
v -147.339539 47.458473 21.149136
v -149.872894 48.254421 21.149136
v -148.606216 47.856445 17.943707
v -148.606216 47.856445 21.699102
v -150.397598 48.419273 19.821404
v -146.814835 47.293621 19.821404
v -153.390656 48.570217 13.846268
v -153.164902 49.288723 13.846268
v -147.780823 46.053963 18.493673
v -153.056396 47.711472 18.113647
v -147.780823 46.053963 21.149136
v -150.314178 46.849907 21.149136
v -149.047501 46.451935 17.943707
v -149.047501 46.451935 21.699102
v -150.838882 47.014763 19.821404
v -147.256119 45.889107 19.821404
v -148.006561 45.335453 18.493673
v -153.282135 46.992966 18.113647
v -148.006561 45.335453 21.149136
v -150.539917 46.131401 21.149136
v -149.273239 45.733429 17.943707
v -149.273239 45.733429 21.699102
v -151.064621 46.296253 19.821404
v -147.481857 45.170601 19.821404
v -153.606186 47.884212 13.846268
v -153.831940 47.165703 13.846268
v -142.681747 51.527576 2.199997
v -142.681747 51.527576 2.699997
v -142.555222 51.487827 2.199997
v -142.555222 51.487827 2.699997
v -146.512955 39.333530 2.199997
v -146.512955 39.333530 2.699997
v -146.386429 39.293781 2.199997
v -146.386429 39.293781 2.699997
v -152.883148 24.225513 18.493673
v -158.346832 25.078266 18.113647
v -152.883148 24.225513 21.149136
v -155.506851 24.635010 21.149136
v -154.194992 24.430262 17.943707
v -154.194992 24.430262 21.699102
v -156.050247 24.719824 19.821404
v -152.339752 24.140699 19.821404
v -152.767014 24.969639 18.493673
v -158.230698 25.822393 18.113647
v -152.767014 24.969639 21.149136
v -155.390701 25.379137 21.149136
v -154.078857 25.174389 17.943707
v -154.078857 25.174389 21.699102
v -155.934113 25.463951 19.821404
v -152.223602 24.884827 19.821404
v -158.916229 25.167137 13.846268
v -158.800095 25.911263 13.846268
v -152.994034 23.515047 18.493673
v -158.457718 24.367800 18.113647
v -152.994034 23.515047 21.149136
v -155.617737 23.924543 21.149136
v -154.305893 23.719795 17.943707
v -154.305893 23.719795 21.699102
v -156.161148 24.009357 19.821404
v -152.450638 23.430233 19.821404
v -153.110184 22.770920 18.493673
v -158.573868 23.623674 18.113647
v -153.110184 22.770920 21.149136
v -155.733871 23.180418 21.149136
v -154.422028 22.975670 17.943707
v -154.422028 22.975670 21.699102
v -156.277283 23.265230 19.821404
v -152.566772 22.686108 19.821404
v -159.027130 24.456671 13.846268
v -159.143265 23.712543 13.846268
v -148.767685 29.687471 2.199997
v -148.767685 29.687471 2.699997
v -148.636658 29.667021 2.199997
v -148.636658 29.667021 2.699997
v -150.738754 17.058626 2.199997
v -150.738754 17.058626 2.699997
v -150.607727 17.038176 2.199997
v -150.607727 17.038176 2.699997
v -148.241089 -44.550251 18.493673
v -153.533218 -46.154087 18.113647
v -148.241089 -44.550251 21.149136
v -150.782394 -45.320423 21.149136
v -149.511734 -44.935337 17.943707
v -149.511734 -44.935337 21.699102
v -151.308746 -45.479939 19.821404
v -147.714737 -44.390736 19.821404
v -148.459518 -43.829487 18.493673
v -153.751648 -45.433327 18.113647
v -148.459518 -43.829487 21.149136
v -151.000839 -44.599659 21.149136
v -149.730179 -44.214573 17.943707
v -149.730179 -44.214573 21.699102
v -151.527176 -44.759174 19.821404
v -147.933167 -43.669971 19.821404
v -154.084747 -46.321236 13.846268
v -154.303177 -45.600471 13.846268
v -148.032532 -45.238407 18.493673
v -153.324661 -46.842247 18.113647
v -148.032532 -45.238407 21.149136
v -150.573837 -46.008583 21.149136
v -149.303192 -45.623493 17.943707
v -149.303192 -45.623493 21.699102
v -151.100189 -46.168095 19.821404
v -147.506180 -45.078892 19.821404
v -147.814087 -45.959171 18.493673
v -153.106232 -47.563011 18.113647
v -147.814087 -45.959171 21.149136
v -150.355408 -46.729343 21.149136
v -149.084747 -46.344257 17.943707
v -149.084747 -46.344257 21.699102
v -150.881760 -46.888859 19.821404
v -147.287750 -45.799656 19.821404
v -153.876190 -47.009392 13.846268
v -153.657761 -47.730156 13.846268
v -146.904984 -37.843163 2.199997
v -146.904984 -37.843163 2.699997
v -146.778076 -37.804699 2.199997
v -146.778076 -37.804699 2.699997
v -143.197830 -50.075500 2.199997
v -143.197830 -50.075500 2.699997
v -143.070923 -50.037037 2.199997
v -143.070923 -50.037037 2.699997
vn -0.4294 0.9031 -0.0000
vn -0.6386 -0.3037 0.7071
vn -0.7107 -0.3379 0.6170
vn 0.4726 0.2247 -0.8521
vn 0.6386 0.3036 -0.7071
vn -0.5347 -0.2543 0.8059
vn 0.9031 0.4294 -0.0000
vn 0.6386 0.3037 0.7071
vn -0.0000 -0.0000 1.0000
vn 0.5879 0.2795 -0.7591
vn 0.4294 -0.9031 -0.0000
vn -0.6386 -0.3036 0.7071
vn 0.6386 0.3037 -0.7071
vn 0.6386 0.3036 0.7071
vn -0.9031 -0.4294 -0.0000
vn -0.5592 0.8290 -0.0000
vn -0.5862 -0.3954 0.7071
vn -0.6524 -0.4401 0.6170
vn 0.4339 0.2927 -0.8521
vn 0.5862 0.3954 -0.7071
vn -0.4908 -0.3311 0.8059
vn 0.8290 0.5592 -0.0000
vn 0.5862 0.3954 0.7071
vn 0.5396 0.3640 -0.7591
vn 0.5592 -0.8290 -0.0000
vn 0.5397 0.3640 -0.7591
vn -0.8290 -0.5592 -0.0000
vn -0.6765 0.7364 -0.0000
vn -0.5207 -0.4784 0.7071
vn -0.5795 -0.5324 0.6170
vn 0.3854 0.3541 -0.8521
vn 0.5207 0.4784 -0.7071
vn -0.4360 -0.4006 0.8059
vn 0.7364 0.6765 -0.0000
vn 0.5207 0.4784 0.7071
vn 0.4794 0.4404 -0.7591
vn 0.6765 -0.7364 -0.0000
vn -0.7364 -0.6765 -0.0000
vn -0.7787 0.6274 -0.0000
vn -0.4436 -0.5506 0.7071
vn -0.4937 -0.6128 0.6170
vn 0.3283 0.4075 -0.8521
vn 0.4436 0.5506 -0.7071
vn -0.3715 -0.4611 0.8059
vn 0.6274 0.7787 -0.0000
vn 0.4436 0.5506 0.7071
vn 0.4084 0.5069 -0.7591
vn 0.7787 -0.6274 -0.0000
vn -0.6274 -0.7787 -0.0000
vn -0.8635 0.5043 -0.0000
vn -0.3566 -0.6106 0.7071
vn -0.3969 -0.6796 0.6170
vn 0.2639 0.4519 -0.8521
vn 0.3566 0.6106 -0.7071
vn -0.2986 -0.5113 0.8059
vn 0.5043 0.8635 -0.0000
vn 0.3566 0.6106 0.7071
vn 0.3283 0.5621 -0.7591
vn 0.8635 -0.5043 -0.0000
vn -0.5043 -0.8635 -0.0000
vn -0.9290 0.3700 -0.0000
vn -0.2616 -0.6569 0.7071
vn -0.2912 -0.7311 0.6170
vn 0.1936 0.4862 -0.8521
vn 0.2616 0.6569 -0.7071
vn -0.2191 -0.5501 0.8059
vn 0.3700 0.9290 -0.0000
vn 0.2616 0.6569 0.7071
vn 0.2408 0.6048 -0.7591
vn 0.9290 -0.3700 -0.0000
vn 0.2408 0.6047 -0.7591
vn -0.3700 -0.9290 -0.0000
vn -0.9738 0.2274 -0.0000
vn -0.1608 -0.6886 0.7071
vn -0.1789 -0.7663 0.6170
vn 0.1190 0.5096 -0.8521
vn 0.1608 0.6886 -0.7071
vn -0.1346 -0.5766 0.8059
vn 0.2274 0.9738 -0.0000
vn 0.1608 0.6886 0.7071
vn 0.1480 0.6339 -0.7591
vn 0.9738 -0.2274 -0.0000
vn -0.2274 -0.9738 -0.0000
vn -0.9968 0.0797 -0.0000
vn -0.0564 -0.7049 0.7071
vn -0.0627 -0.7845 0.6170
vn 0.0417 0.5217 -0.8521
vn 0.0564 0.7049 -0.7071
vn -0.0472 -0.5902 0.8059
vn 0.0797 0.9968 -0.0000
vn 0.0564 0.7049 0.7071
vn 0.0519 0.6489 -0.7591
vn 0.9968 -0.0797 -0.0000
vn -0.0627 -0.7844 0.6170
vn -0.0797 -0.9968 -0.0000
vn -0.9976 -0.0697 -0.0000
vn 0.0493 -0.7054 0.7071
vn 0.0549 -0.7850 0.6170
vn -0.0365 0.5221 -0.8521
vn -0.0493 0.7054 -0.7071
vn 0.0413 -0.5906 0.8059
vn -0.0697 0.9976 -0.0000
vn -0.0493 0.7054 0.7071
vn -0.0454 0.6494 -0.7591
vn 0.9976 0.0697 -0.0000
vn 0.0697 -0.9976 -0.0000
vn -0.9760 -0.2176 -0.0000
vn 0.1539 -0.6902 0.7071
vn 0.1713 -0.7681 0.6170
vn -0.1139 0.5108 -0.8521
vn -0.1539 0.6902 -0.7071
vn 0.1289 -0.5779 0.8059
vn -0.2176 0.9760 -0.0000
vn -0.1539 0.6902 0.7071
vn -0.1417 0.6353 -0.7591
vn 0.9760 0.2176 -0.0000
vn 0.2176 -0.9760 -0.0000
vn -0.9327 -0.3607 -0.0000
vn 0.2550 -0.6595 0.7071
vn 0.2838 -0.7340 0.6170
vn -0.1888 0.4881 -0.8521
vn -0.2550 0.6595 -0.7071
vn 0.2135 -0.5522 0.8059
vn -0.3607 0.9327 -0.0000
vn -0.2550 0.6595 0.7071
vn -0.2348 0.6071 -0.7591
vn 0.9327 0.3607 -0.0000
vn -0.1887 0.4881 -0.8521
vn 0.3607 -0.9327 -0.0000
vn -0.8685 -0.4956 -0.0000
vn 0.3505 -0.6141 0.7071
vn 0.3901 -0.6835 0.6170
vn -0.2594 0.4545 -0.8521
vn -0.3505 0.6141 -0.7071
vn 0.2935 -0.5142 0.8059
vn -0.4957 0.8685 -0.0000
vn -0.3505 0.6141 0.7071
vn -0.3226 0.5654 -0.7591
vn 0.8685 0.4956 -0.0000
vn 0.3900 -0.6835 0.6170
vn -0.4956 0.8685 -0.0000
vn 0.4956 -0.8685 -0.0000
vn -0.7850 -0.6195 -0.0000
vn 0.4381 -0.5550 0.7071
vn 0.4876 -0.6177 0.6170
vn -0.3242 0.4108 -0.8521
vn -0.4381 0.5550 -0.7071
vn -0.4381 0.5551 -0.7071
vn 0.3668 -0.4648 0.8059
vn -0.6195 0.7850 -0.0000
vn -0.4381 0.5550 0.7071
vn -0.4381 0.5551 0.7071
vn -0.4033 0.5110 -0.7591
vn 0.7850 0.6195 -0.0000
vn 0.7850 0.6196 -0.0000
vn 0.4381 -0.5551 0.7071
vn -0.6196 0.7850 -0.0000
vn 0.6195 -0.7850 -0.0000
vn -0.6839 -0.7296 -0.0000
vn 0.5159 -0.4836 0.7071
vn 0.5742 -0.5382 0.6170
vn -0.3818 0.3579 -0.8521
vn -0.5159 0.4836 -0.7071
vn 0.4320 -0.4049 0.8059
vn -0.7296 0.6838 -0.0000
vn -0.5159 0.4836 0.7071
vn -0.4749 0.4452 -0.7591
vn 0.6839 0.7296 -0.0000
vn -0.7296 0.6839 -0.0000
vn 0.7296 -0.6839 -0.0000
vn -0.5675 -0.8234 -0.0000
vn 0.5822 -0.4013 0.7071
vn 0.6480 -0.4466 0.6170
vn -0.4309 0.2970 -0.8521
vn -0.5822 0.4013 -0.7071
vn 0.4875 -0.3360 0.8059
vn -0.8234 0.5675 -0.0000
vn -0.5822 0.4013 0.7071
vn -0.5360 0.3694 -0.7591
vn 0.5675 0.8234 -0.0000
vn 0.8234 -0.5675 -0.0000
vn -0.4384 -0.8988 -0.0000
vn 0.6355 -0.3100 0.7071
vn 0.7073 -0.3450 0.6170
vn -0.4704 0.2294 -0.8521
vn -0.6355 0.3100 -0.7071
vn 0.5321 -0.2596 0.8059
vn -0.8988 0.4384 -0.0000
vn -0.6355 0.3100 0.7071
vn -0.5850 0.2854 -0.7591
vn 0.4384 0.8988 -0.0000
vn 0.8988 -0.4384 -0.0000
vn -0.2996 -0.9541 -0.0000
vn 0.6746 -0.2118 0.7071
vn 0.7508 -0.2357 0.6170
vn 0.6746 -0.2119 0.7071
vn -0.4993 0.1568 -0.8521
vn -0.6746 0.2119 -0.7071
vn -0.6746 0.2118 -0.7071
vn 0.5649 -0.1774 0.8059
vn -0.9541 0.2996 -0.0000
vn -0.6746 0.2119 0.7071
vn -0.6210 0.1950 -0.7591
vn 0.2996 0.9541 -0.0000
vn 0.7508 -0.2358 0.6170
vn -0.6746 0.2118 0.7071
vn 0.9541 -0.2996 -0.0000
vn -0.1541 -0.9881 -0.0000
vn 0.6987 -0.1089 0.7071
vn 0.7776 -0.1213 0.6170
vn -0.5171 0.0806 -0.8521
vn -0.6987 0.1089 -0.7071
vn 0.5850 -0.0912 0.8059
vn -0.9881 0.1541 -0.0000
vn -0.6987 0.1089 0.7071
vn -0.6432 0.1003 -0.7591
vn 0.1541 0.9881 -0.0000
vn 0.7776 -0.1212 0.6170
vn 0.9881 -0.1541 -0.0000
vn -0.0051 -1.0000 -0.0000
vn 0.7071 -0.0036 0.7071
vn 0.7869 -0.0040 0.6170
vn -0.5233 0.0027 -0.8521
vn -0.7071 0.0036 -0.7071
vn 0.5921 -0.0030 0.8059
vn -1.0000 0.0051 -0.0000
vn -0.7071 0.0036 0.7071
vn -0.6509 0.0033 -0.7591
vn 0.0051 1.0000 -0.0000
vn 0.7870 -0.0040 0.6170
vn 1.0000 -0.0051 -0.0000
vn 0.1440 -0.9896 -0.0000
vn 0.6997 0.1018 0.7071
vn 0.7788 0.1133 0.6170
vn -0.5179 -0.0754 -0.8521
vn -0.6997 -0.1018 -0.7071
vn 0.5859 0.0853 0.8059
vn -0.9896 -0.1440 -0.0000
vn -0.6997 -0.1018 0.7071
vn -0.6442 -0.0937 -0.7591
vn -0.1440 0.9896 -0.0000
vn -0.6442 -0.0938 -0.7591
vn 0.9896 0.1440 -0.0000
vn 0.2899 -0.9571 -0.0000
vn 0.6767 0.2050 0.7071
vn 0.7532 0.2281 0.6170
vn -0.5009 -0.1517 -0.8521
vn -0.6767 -0.2050 -0.7071
vn 0.5667 0.1716 0.8059
vn -0.9571 -0.2899 -0.0000
vn -0.6767 -0.2050 0.7071
vn -0.6230 -0.1887 -0.7591
vn -0.2899 0.9571 -0.0000
vn 0.9571 0.2899 -0.0000
vn 0.4293 -0.9032 -0.0000
vn 0.6386 0.3035 0.7071
vn 0.7108 0.3378 0.6170
vn -0.4727 -0.2247 -0.8521
vn -0.6386 -0.3035 -0.7071
vn -0.6386 -0.3036 -0.7071
vn 0.5348 0.2542 0.8059
vn -0.9032 -0.4293 -0.0000
vn -0.6386 -0.3035 0.7071
vn -0.5879 -0.2794 -0.7591
vn -0.4293 0.9032 -0.0000
vn 0.9032 0.4293 -0.0000
vn 0.5591 -0.8291 -0.0000
vn 0.5863 0.3953 0.7071
vn 0.6525 0.4400 0.6170
vn -0.4339 -0.2926 -0.8521
vn -0.5863 -0.3953 -0.7071
vn 0.4909 0.3310 0.8059
vn -0.8291 -0.5591 -0.0000
vn -0.5863 -0.3953 0.7071
vn -0.5397 -0.3639 -0.7591
vn -0.5591 0.8291 -0.0000
vn 0.8291 0.5591 -0.0000
vn 0.6764 -0.7365 -0.0000
vn 0.5208 0.4783 0.7071
vn 0.5796 0.5323 0.6170
vn -0.3854 -0.3540 -0.8521
vn -0.5208 -0.4783 -0.7071
vn 0.4361 0.4005 0.8059
vn -0.7365 -0.6764 -0.0000
vn -0.5208 -0.4783 0.7071
vn -0.4794 -0.4403 -0.7591
vn -0.6764 0.7365 -0.0000
vn -0.3855 -0.3540 -0.8521
vn 0.7365 0.6764 -0.0000
vn 0.7786 -0.6275 -0.0000
vn 0.4437 0.5506 0.7071
vn 0.4938 0.6127 0.6170
vn -0.3284 -0.4075 -0.8521
vn -0.4437 -0.5506 -0.7071
vn 0.3715 0.4610 0.8059
vn -0.6275 -0.7786 -0.0000
vn -0.4437 -0.5506 0.7071
vn -0.4085 -0.5068 -0.7591
vn -0.7786 0.6275 -0.0000
vn 0.6275 0.7786 -0.0000
vn 0.8634 -0.5044 -0.0000
vn 0.8635 -0.5044 -0.0000
vn 0.3567 0.6105 0.7071
vn 0.3970 0.6795 0.6170
vn -0.2640 -0.4519 -0.8521
vn -0.3567 -0.6106 -0.7071
vn 0.2987 0.5112 0.8059
vn -0.5044 -0.8634 -0.0000
vn -0.3567 -0.6106 0.7071
vn -0.3284 -0.5621 -0.7591
vn -0.8635 0.5044 -0.0000
vn -0.8634 0.5044 -0.0000
vn 0.3567 0.6106 0.7071
vn -0.3567 -0.6105 -0.7071
vn -0.5044 -0.8635 -0.0000
vn -0.3567 -0.6105 0.7071
vn 0.5044 0.8634 -0.0000
vn 0.9290 -0.3701 -0.0000
vn 0.2617 0.6569 0.7071
vn 0.2913 0.7311 0.6170
vn -0.1937 -0.4862 -0.8521
vn -0.2617 -0.6569 -0.7071
vn 0.2191 0.5500 0.8059
vn -0.3701 -0.9290 -0.0000
vn -0.2617 -0.6569 0.7071
vn -0.2409 -0.6047 -0.7591
vn -0.9290 0.3701 -0.0000
vn 0.3701 0.9290 -0.0000
vn 0.9738 -0.2275 -0.0000
vn 0.1609 0.6885 0.7071
vn 0.1791 0.7663 0.6170
vn 0.1609 0.6886 0.7071
vn -0.1191 -0.5096 -0.8521
vn -0.1609 -0.6886 -0.7071
vn 0.1347 0.5766 0.8059
vn -0.2275 -0.9738 -0.0000
vn -0.1609 -0.6886 0.7071
vn -0.1481 -0.6339 -0.7591
vn -0.9738 0.2275 -0.0000
vn 0.2275 0.9738 -0.0000
vn 0.9968 -0.0799 -0.0000
vn 0.0565 0.7048 0.7071
vn 0.0629 0.7844 0.6170
vn -0.0418 -0.5217 -0.8521
vn -0.0565 -0.7048 -0.7071
vn 0.0629 0.7845 0.6170
vn 0.0473 0.5902 0.8059
vn -0.0799 -0.9968 -0.0000
vn -0.0565 -0.7048 0.7071
vn -0.0520 -0.6489 -0.7591
vn -0.9968 0.0799 -0.0000
vn 0.0565 0.7049 0.7071
vn 0.0799 0.9968 -0.0000
vn 0.9976 0.0696 -0.0000
vn -0.0492 0.7054 0.7071
vn -0.0548 0.7851 0.6170
vn 0.0364 -0.5221 -0.8521
vn 0.0492 -0.7054 -0.7071
vn -0.0412 0.5906 0.8059
vn 0.0696 -0.9976 -0.0000
vn 0.0492 -0.7054 0.7071
vn 0.0453 -0.6494 -0.7591
vn -0.9976 -0.0696 -0.0000
vn -0.0696 0.9976 -0.0000
vn 0.9761 0.2175 -0.0000
vn -0.1538 0.6902 0.7071
vn -0.1711 0.7681 0.6170
vn 0.1138 -0.5108 -0.8521
vn 0.1538 -0.6902 -0.7071
vn -0.1288 0.5779 0.8059
vn 0.2175 -0.9761 -0.0000
vn 0.1538 -0.6902 0.7071
vn 0.1416 -0.6354 -0.7591
vn -0.9761 -0.2175 -0.0000
vn -0.2175 0.9761 -0.0000
vn 0.9328 0.3605 -0.0000
vn -0.2549 0.6596 0.7071
vn -0.2837 0.7340 0.6170
vn 0.1887 -0.4881 -0.8521
vn 0.2549 -0.6596 -0.7071
vn -0.2135 0.5523 0.8059
vn 0.3605 -0.9328 -0.0000
vn 0.2549 -0.6596 0.7071
vn 0.2347 -0.6072 -0.7591
vn -0.9328 -0.3605 -0.0000
vn 0.2549 -0.6595 -0.7071
vn 0.2549 -0.6595 0.7071
vn -0.3605 0.9328 -0.0000
vn 0.8686 0.4955 -0.0000
vn -0.3504 0.6142 0.7071
vn -0.3899 0.6836 0.6170
vn 0.2593 -0.4546 -0.8521
vn 0.3504 -0.6142 -0.7071
vn -0.2934 0.5143 0.8059
vn 0.4955 -0.8686 -0.0000
vn 0.3504 -0.6142 0.7071
vn 0.3225 -0.5654 -0.7591
vn -0.8686 -0.4955 -0.0000
vn -0.4955 0.8686 -0.0000
vn 0.7851 0.6194 -0.0000
vn -0.4380 0.5551 0.7071
vn -0.4875 0.6178 0.6170
vn 0.3242 -0.4108 -0.8521
vn 0.4380 -0.5551 -0.7071
vn -0.3667 0.4648 0.8059
vn 0.6194 -0.7851 -0.0000
vn 0.4380 -0.5551 0.7071
vn 0.4032 -0.5110 -0.7591
vn -0.7851 -0.6194 -0.0000
vn 0.3242 -0.4109 -0.8521
vn -0.3668 0.4648 0.8059
vn -0.6194 0.7851 -0.0000
vn 0.6840 0.7295 -0.0000
vn -0.5158 0.4836 0.7071
vn -0.5741 0.5383 0.6170
vn 0.3818 -0.3580 -0.8521
vn 0.5158 -0.4836 -0.7071
vn -0.4319 0.4050 0.8059
vn 0.7295 -0.6840 -0.0000
vn 0.5158 -0.4836 0.7071
vn 0.4749 -0.4452 -0.7591
vn -0.6840 -0.7295 -0.0000
vn 0.3818 -0.3579 -0.8521
vn -0.7295 0.6840 -0.0000
vn 0.5676 0.8233 -0.0000
vn -0.5822 0.4014 0.7071
vn -0.6479 0.4467 0.6170
vn -0.5821 0.4014 0.7071
vn 0.4309 -0.2971 -0.8521
vn 0.5821 -0.4014 -0.7071
vn -0.4875 0.3361 0.8059
vn 0.8233 -0.5676 -0.0000
vn 0.5821 -0.4014 0.7071
vn 0.5359 -0.3695 -0.7591
vn -0.5676 -0.8233 -0.0000
vn 0.5822 -0.4014 -0.7071
vn 0.5822 -0.4014 0.7071
vn -0.8233 0.5676 -0.0000
vn 0.4386 0.8987 -0.0000
vn -0.6355 0.3101 0.7071
vn -0.7072 0.3451 0.6170
vn 0.4703 -0.2295 -0.8521
vn 0.6355 -0.3101 -0.7071
vn -0.5321 0.2597 0.8059
vn 0.8987 -0.4386 -0.0000
vn 0.6355 -0.3101 0.7071
vn 0.5850 -0.2855 -0.7591
vn -0.4386 -0.8987 -0.0000
vn -0.8987 0.4386 -0.0000
vn 0.2997 0.9540 -0.0000
vn -0.6746 0.2120 0.7071
vn -0.7508 0.2359 0.6170
vn 0.4993 -0.1569 -0.8521
vn 0.6746 -0.2120 -0.7071
vn -0.7508 0.2358 0.6170
vn -0.5649 0.1775 0.8059
vn 0.9540 -0.2997 -0.0000
vn 0.6746 -0.2120 0.7071
vn 0.6210 -0.1951 -0.7591
vn -0.2997 -0.9540 -0.0000
vn 0.6746 -0.2119 -0.7071
vn -0.9540 0.2997 -0.0000
vn 0.1542 0.9880 -0.0000
vn -0.6986 0.1090 0.7071
vn -0.7775 0.1213 0.6170
vn -0.6986 0.1091 0.7071
vn 0.5171 -0.0807 -0.8521
vn 0.6986 -0.1091 -0.7071
vn -0.5850 0.0913 0.8059
vn 0.9880 -0.1542 -0.0000
vn 0.6986 -0.1090 0.7071
vn 0.6432 -0.1004 -0.7591
vn -0.1542 -0.9880 -0.0000
vn -0.7775 0.1214 0.6170
vn 0.6986 -0.1090 -0.7071
vn -0.9880 0.1542 -0.0000
vn -0.2900 0.9570 -0.0000
vn -0.6767 -0.2051 0.7071
vn -0.7531 -0.2282 0.6170
vn 0.5008 0.1518 -0.8521
vn 0.6767 0.2051 -0.7071
vn -0.5666 -0.1717 0.8059
vn 0.9570 0.2900 -0.0000
vn 0.6767 0.2051 0.7071
vn 0.6230 0.1888 -0.7591
vn 0.2900 -0.9570 -0.0000
vn -0.9570 -0.2900 -0.0000
vn -0.4909 -0.3311 0.8059
vn 0.7787 -0.6273 -0.0000
vn 0.0564 0.7048 -0.7071
vn 0.0564 0.7048 0.7071
vn 0.6838 0.7296 -0.0000
vn -0.6838 -0.7296 -0.0000
vn -0.6211 0.1950 -0.7591
vn 0.1540 0.9881 -0.0000
vn 0.5859 0.0852 0.8059
vn -0.9327 -0.3605 -0.0000
vn 0.9327 0.3605 -0.0000
vt 0.000000 0.000000
s 1
f 10/1/1 13/1/1 18/1/1
f 9/1/1 15/1/1 14/1/1
f 12/1/2 7/1/3 4/1/2
f 5/1/4 9/1/5 1/1/5
f 15/1/3 2/1/6 7/1/3
f 1/1/5 16/1/7 8/1/7
f 11/1/8 6/1/9 3/1/8
f 16/1/7 3/1/8 8/1/7
f 14/1/9 4/1/2 6/1/9
f 5/1/4 18/1/10 13/1/4
f 8/1/11 4/1/11 5/1/11
f 2/1/11 5/1/11 7/1/11
f 27/1/11 29/1/11 30/1/11
f 25/1/3 30/1/12 22/1/12
f 19/1/13 31/1/4 23/1/4
f 20/1/6 33/1/3 25/1/3
f 23/1/1 20/1/1 25/1/1
f 26/1/7 27/1/13 19/1/13
f 21/1/14 32/1/9 29/1/8
f 26/1/7 29/1/8 34/1/7
f 22/1/12 32/1/9 24/1/9
f 31/1/4 35/1/10 23/1/4
f 23/1/1 22/1/1 21/1/1
f 31/1/11 28/1/11 36/1/11
f 38/1/15 41/1/15 42/1/15
f 43/1/7 40/1/7 44/1/7
f 42/1/9 40/1/9 38/1/9
f 54/1/16 57/1/16 62/1/16
f 55/1/16 60/1/16 53/1/16
f 48/1/17 59/1/18 51/1/18
f 57/1/19 45/1/20 49/1/19
f 59/1/18 46/1/21 51/1/18
f 45/1/20 60/1/22 52/1/22
f 47/1/23 58/1/9 50/1/9
f 60/1/22 47/1/23 52/1/22
f 58/1/9 48/1/17 50/1/9
f 49/1/19 62/1/24 57/1/19
f 48/1/25 51/1/25 49/1/25
f 46/1/25 49/1/25 51/1/25
f 71/1/25 73/1/25 74/1/25
f 66/1/17 77/1/18 74/1/17
f 67/1/19 71/1/20 75/1/19
f 69/1/18 72/1/21 77/1/18
f 67/1/16 64/1/16 69/1/16
f 63/1/20 78/1/22 71/1/20
f 68/1/9 73/1/23 65/1/23
f 65/1/23 78/1/22 70/1/22
f 66/1/17 76/1/9 68/1/9
f 75/1/19 79/1/26 67/1/19
f 67/1/16 66/1/16 65/1/16
f 75/1/25 72/1/25 80/1/25
f 82/1/27 85/1/27 86/1/27
f 87/1/22 84/1/22 88/1/22
f 86/1/9 84/1/9 82/1/9
f 98/1/28 101/1/28 106/1/28
f 99/1/28 104/1/28 97/1/28
f 92/1/29 103/1/30 95/1/30
f 101/1/31 89/1/32 93/1/31
f 95/1/30 98/1/33 90/1/33
f 89/1/32 104/1/34 96/1/34
f 91/1/35 102/1/9 94/1/9
f 104/1/34 91/1/35 96/1/34
f 94/1/9 100/1/29 92/1/29
f 93/1/31 106/1/36 101/1/31
f 92/1/37 95/1/37 93/1/37
f 90/1/37 93/1/37 95/1/37
f 115/1/37 117/1/37 118/1/37
f 110/1/29 121/1/30 118/1/29
f 107/1/32 119/1/31 111/1/31
f 108/1/33 121/1/30 113/1/30
f 111/1/28 108/1/28 113/1/28
f 114/1/34 115/1/32 107/1/32
f 109/1/35 120/1/9 117/1/35
f 114/1/34 117/1/35 122/1/34
f 112/1/9 118/1/29 120/1/9
f 119/1/31 123/1/36 111/1/31
f 111/1/28 110/1/28 109/1/28
f 119/1/37 116/1/37 124/1/37
f 126/1/38 129/1/38 130/1/38
f 131/1/34 128/1/34 132/1/34
f 130/1/9 128/1/9 126/1/9
f 142/1/39 145/1/39 150/1/39
f 143/1/39 148/1/39 141/1/39
f 144/1/40 139/1/41 136/1/40
f 137/1/42 141/1/43 133/1/43
f 139/1/41 142/1/44 134/1/44
f 141/1/43 140/1/45 133/1/43
f 143/1/46 138/1/9 135/1/46
f 140/1/45 143/1/46 135/1/46
f 146/1/9 136/1/40 138/1/9
f 149/1/47 145/1/42 137/1/42
f 136/1/48 139/1/48 137/1/48
f 134/1/48 137/1/48 139/1/48
f 159/1/48 161/1/48 162/1/48
f 157/1/41 162/1/40 154/1/40
f 151/1/43 163/1/42 155/1/42
f 157/1/41 160/1/44 165/1/41
f 155/1/39 152/1/39 157/1/39
f 158/1/45 159/1/43 151/1/43
f 153/1/46 164/1/9 161/1/46
f 158/1/45 161/1/46 166/1/45
f 156/1/9 162/1/40 164/1/9
f 155/1/42 168/1/47 167/1/47
f 155/1/39 154/1/39 153/1/39
f 163/1/48 160/1/48 168/1/48
f 170/1/49 173/1/49 174/1/49
f 175/1/45 172/1/45 176/1/45
f 176/1/9 170/1/9 174/1/9
f 186/1/50 189/1/50 194/1/50
f 187/1/50 192/1/50 185/1/50
f 180/1/51 191/1/52 183/1/52
f 189/1/53 177/1/54 181/1/53
f 191/1/52 178/1/55 183/1/52
f 185/1/54 184/1/56 177/1/54
f 179/1/57 190/1/9 182/1/9
f 184/1/56 187/1/57 179/1/57
f 190/1/9 180/1/51 182/1/9
f 193/1/58 189/1/53 181/1/53
f 183/1/59 181/1/59 182/1/59
f 178/1/59 181/1/59 183/1/59
f 203/1/59 205/1/59 206/1/59
f 201/1/52 206/1/51 198/1/51
f 195/1/54 207/1/53 199/1/53
f 196/1/55 209/1/52 201/1/52
f 199/1/50 196/1/50 201/1/50
f 202/1/56 203/1/54 195/1/54
f 197/1/57 208/1/9 205/1/57
f 202/1/56 205/1/57 210/1/56
f 200/1/9 206/1/51 208/1/9
f 207/1/53 211/1/58 199/1/53
f 199/1/50 198/1/50 197/1/50
f 207/1/59 204/1/59 212/1/59
f 214/1/60 217/1/60 218/1/60
f 219/1/56 216/1/56 220/1/56
f 218/1/9 216/1/9 214/1/9
f 230/1/61 233/1/61 238/1/61
f 231/1/61 236/1/61 229/1/61
f 232/1/62 227/1/63 224/1/62
f 233/1/64 221/1/65 225/1/64
f 235/1/63 222/1/66 227/1/63
f 221/1/65 236/1/67 228/1/67
f 223/1/68 234/1/9 226/1/9
f 236/1/67 223/1/68 228/1/67
f 226/1/9 232/1/62 224/1/62
f 237/1/69 233/1/64 225/1/64
f 224/1/70 227/1/70 225/1/70
f 222/1/70 225/1/70 227/1/70
f 247/1/70 249/1/70 250/1/70
f 242/1/62 253/1/63 250/1/62
f 243/1/64 247/1/65 251/1/64
f 240/1/66 253/1/63 245/1/63
f 243/1/61 240/1/61 245/1/61
f 246/1/67 247/1/65 239/1/65
f 244/1/9 249/1/68 241/1/68
f 246/1/67 249/1/68 254/1/67
f 242/1/62 252/1/9 244/1/9
f 251/1/64 255/1/71 243/1/64
f 244/1/61 241/1/61 243/1/61
f 251/1/70 248/1/70 256/1/70
f 258/1/72 261/1/72 262/1/72
f 263/1/67 260/1/67 264/1/67
f 262/1/9 260/1/9 258/1/9
f 274/1/73 277/1/73 282/1/73
f 273/1/73 279/1/73 278/1/73
f 268/1/74 279/1/75 271/1/75
f 269/1/76 273/1/77 265/1/77
f 279/1/75 266/1/78 271/1/75
f 273/1/77 272/1/79 265/1/77
f 275/1/80 270/1/9 267/1/80
f 272/1/79 275/1/80 267/1/80
f 270/1/9 276/1/74 268/1/74
f 281/1/81 277/1/76 269/1/76
f 268/1/82 271/1/82 269/1/82
f 266/1/82 269/1/82 271/1/82
f 291/1/82 293/1/82 294/1/82
f 289/1/75 294/1/74 286/1/74
f 283/1/77 295/1/76 287/1/76
f 289/1/75 292/1/78 297/1/75
f 287/1/73 284/1/73 289/1/73
f 283/1/77 298/1/79 291/1/77
f 285/1/80 296/1/9 293/1/80
f 285/1/80 298/1/79 290/1/79
f 286/1/74 296/1/9 288/1/9
f 287/1/76 300/1/81 299/1/81
f 287/1/73 286/1/73 285/1/73
f 295/1/82 292/1/82 300/1/82
f 302/1/83 305/1/83 306/1/83
f 307/1/79 304/1/79 308/1/79
f 306/1/9 304/1/9 302/1/9
f 318/1/84 321/1/84 326/1/84
f 320/1/84 319/1/84 317/1/84
f 312/1/85 323/1/86 315/1/86
f 321/1/87 309/1/88 313/1/87
f 323/1/86 310/1/89 315/1/86
f 309/1/88 324/1/90 316/1/90
f 311/1/91 322/1/9 314/1/9
f 324/1/90 311/1/91 316/1/90
f 314/1/9 320/1/85 312/1/85
f 313/1/87 326/1/92 321/1/87
f 312/1/93 315/1/93 313/1/93
f 310/1/93 313/1/93 315/1/93
f 335/1/93 337/1/93 338/1/93
f 333/1/94 338/1/85 330/1/85
f 327/1/88 339/1/87 331/1/87
f 328/1/89 341/1/94 333/1/94
f 331/1/84 328/1/84 333/1/84
f 334/1/90 335/1/88 327/1/88
f 329/1/91 340/1/9 337/1/91
f 334/1/90 337/1/91 342/1/90
f 332/1/9 338/1/85 340/1/9
f 339/1/87 343/1/92 331/1/87
f 331/1/84 330/1/84 329/1/84
f 339/1/93 336/1/93 344/1/93
f 346/1/95 349/1/95 350/1/95
f 351/1/90 348/1/90 352/1/90
f 350/1/9 348/1/9 346/1/9
f 362/1/96 365/1/96 370/1/96
f 363/1/96 368/1/96 361/1/96
f 356/1/97 367/1/98 359/1/98
f 365/1/99 353/1/100 357/1/99
f 367/1/98 354/1/101 359/1/98
f 361/1/100 360/1/102 353/1/100
f 355/1/103 366/1/9 358/1/9
f 360/1/102 363/1/103 355/1/103
f 358/1/9 364/1/97 356/1/97
f 369/1/104 365/1/99 357/1/99
f 356/1/105 359/1/105 357/1/105
f 354/1/105 357/1/105 359/1/105
f 384/1/105 382/1/105 379/1/105
f 377/1/98 382/1/97 374/1/97
f 371/1/100 383/1/99 375/1/99
f 372/1/101 385/1/98 377/1/98
f 375/1/96 372/1/96 377/1/96
f 371/1/100 386/1/102 379/1/100
f 373/1/103 384/1/9 381/1/103
f 373/1/103 386/1/102 378/1/102
f 376/1/9 382/1/97 384/1/9
f 375/1/99 388/1/104 387/1/104
f 375/1/96 374/1/96 373/1/96
f 383/1/105 380/1/105 388/1/105
f 390/1/106 393/1/106 394/1/106
f 395/1/102 392/1/102 396/1/102
f 396/1/9 390/1/9 394/1/9
f 406/1/107 409/1/107 414/1/107
f 405/1/107 411/1/107 410/1/107
f 408/1/108 403/1/109 400/1/108
f 409/1/110 397/1/111 401/1/110
f 411/1/109 398/1/112 403/1/109
f 397/1/111 412/1/113 404/1/113
f 399/1/114 410/1/9 402/1/9
f 412/1/113 399/1/114 404/1/113
f 402/1/9 408/1/108 400/1/108
f 401/1/110 414/1/115 409/1/110
f 400/1/116 403/1/116 401/1/116
f 398/1/116 401/1/116 403/1/116
f 423/1/116 425/1/116 426/1/116
f 418/1/108 429/1/109 426/1/108
f 419/1/110 423/1/111 427/1/110
f 421/1/109 424/1/112 429/1/109
f 419/1/107 416/1/107 421/1/107
f 415/1/111 430/1/113 423/1/111
f 420/1/9 425/1/114 417/1/114
f 417/1/114 430/1/113 422/1/113
f 420/1/9 426/1/108 428/1/9
f 419/1/110 432/1/115 431/1/115
f 419/1/107 418/1/107 417/1/107
f 427/1/116 424/1/116 432/1/116
f 434/1/117 437/1/117 438/1/117
f 439/1/113 436/1/113 440/1/113
f 440/1/9 434/1/9 438/1/9
f 450/1/118 453/1/118 458/1/118
f 451/1/118 456/1/118 449/1/118
f 452/1/119 447/1/120 444/1/119
f 453/1/121 441/1/122 445/1/121
f 447/1/120 450/1/123 442/1/123
f 449/1/122 448/1/124 441/1/122
f 443/1/125 454/1/9 446/1/9
f 448/1/124 451/1/125 443/1/125
f 454/1/9 444/1/119 446/1/9
f 457/1/126 453/1/121 445/1/121
f 444/1/127 447/1/127 445/1/127
f 442/1/127 445/1/127 447/1/127
f 472/1/127 470/1/127 467/1/127
f 462/1/119 473/1/120 470/1/119
f 459/1/122 471/1/128 463/1/128
f 465/1/120 468/1/123 473/1/120
f 463/1/118 460/1/118 465/1/118
f 466/1/124 467/1/122 459/1/122
f 461/1/125 472/1/9 469/1/125
f 466/1/124 469/1/125 474/1/124
f 462/1/119 472/1/9 464/1/9
f 471/1/128 475/1/126 463/1/128
f 463/1/118 462/1/118 461/1/118
f 471/1/127 468/1/127 476/1/127
f 478/1/129 481/1/129 482/1/129
f 483/1/124 480/1/124 484/1/124
f 482/1/9 480/1/9 478/1/9
f 494/1/130 497/1/130 502/1/130
f 495/1/130 500/1/130 493/1/130
f 488/1/131 499/1/132 491/1/132
f 489/1/133 493/1/134 485/1/134
f 499/1/132 486/1/135 491/1/132
f 485/1/134 500/1/136 492/1/136
f 495/1/137 490/1/9 487/1/137
f 500/1/136 487/1/137 492/1/136
f 498/1/9 488/1/131 490/1/9
f 489/1/133 502/1/138 497/1/133
f 491/1/139 489/1/139 487/1/139
f 486/1/139 489/1/139 491/1/139
f 511/1/139 513/1/139 514/1/139
f 509/1/140 514/1/131 506/1/131
f 507/1/133 511/1/134 515/1/133
f 504/1/135 517/1/140 509/1/140
f 507/1/130 504/1/130 509/1/130
f 510/1/141 511/1/134 503/1/134
f 508/1/9 513/1/137 505/1/137
f 510/1/141 513/1/137 518/1/136
f 506/1/131 516/1/9 508/1/9
f 515/1/133 519/1/138 507/1/133
f 507/1/130 506/1/130 505/1/130
f 515/1/139 512/1/139 520/1/139
f 522/1/142 525/1/142 526/1/142
f 527/1/141 524/1/141 528/1/141
f 528/1/9 522/1/9 526/1/9
f 538/1/143 541/1/143 546/1/143
f 540/1/143 539/1/143 537/1/143
f 540/1/144 535/1/145 532/1/144
f 533/1/146 537/1/147 529/1/148
f 543/1/145 530/1/149 535/1/145
f 537/1/147 536/1/150 529/1/148
f 539/1/151 534/1/9 531/1/152
f 536/1/150 539/1/151 531/1/152
f 542/1/9 532/1/144 534/1/9
f 545/1/153 541/1/146 533/1/146
f 532/1/154 535/1/154 533/1/154
f 530/1/154 533/1/154 535/1/154
f 555/1/154 557/1/155 558/1/155
f 553/1/145 558/1/144 550/1/156
f 551/1/146 555/1/148 559/1/146
f 548/1/149 561/1/145 553/1/145
f 551/1/143 548/1/143 553/1/143
f 547/1/147 562/1/150 555/1/148
f 552/1/9 557/1/152 549/1/151
f 549/1/151 562/1/150 554/1/157
f 550/1/156 560/1/9 552/1/9
f 551/1/146 564/1/153 563/1/153
f 551/1/143 550/1/143 549/1/143
f 559/1/154 556/1/154 564/1/154
f 566/1/158 569/1/158 570/1/158
f 571/1/150 568/1/150 572/1/150
f 572/1/9 566/1/9 570/1/9
f 582/1/159 585/1/159 590/1/159
f 583/1/159 588/1/159 581/1/159
f 576/1/160 587/1/161 579/1/161
f 577/1/162 581/1/163 573/1/163
f 587/1/161 574/1/164 579/1/161
f 573/1/163 588/1/165 580/1/165
f 583/1/166 578/1/9 575/1/166
f 588/1/165 575/1/166 580/1/165
f 586/1/9 576/1/160 578/1/9
f 577/1/162 590/1/167 585/1/162
f 576/1/168 579/1/168 577/1/168
f 574/1/168 577/1/168 579/1/168
f 599/1/168 601/1/168 602/1/168
f 594/1/160 605/1/161 602/1/160
f 591/1/163 603/1/162 595/1/162
f 597/1/161 600/1/164 605/1/161
f 595/1/159 592/1/159 597/1/159
f 591/1/163 606/1/169 599/1/163
f 593/1/166 604/1/9 601/1/166
f 593/1/166 606/1/169 598/1/169
f 596/1/9 602/1/160 604/1/9
f 595/1/162 608/1/167 607/1/167
f 595/1/159 594/1/159 593/1/159
f 603/1/168 600/1/168 608/1/168
f 610/1/170 613/1/170 614/1/170
f 615/1/169 612/1/169 616/1/169
f 614/1/9 612/1/9 610/1/9
f 626/1/171 629/1/171 634/1/171
f 627/1/171 632/1/171 625/1/171
f 620/1/172 631/1/173 623/1/173
f 629/1/174 617/1/175 621/1/174
f 631/1/173 618/1/176 623/1/173
f 617/1/175 632/1/177 624/1/177
f 619/1/178 630/1/9 622/1/9
f 632/1/177 619/1/178 624/1/177
f 630/1/9 620/1/172 622/1/9
f 621/1/174 634/1/179 629/1/174
f 620/1/180 623/1/180 621/1/180
f 618/1/180 621/1/180 623/1/180
f 648/1/180 646/1/180 643/1/180
f 638/1/172 649/1/173 646/1/172
f 635/1/175 647/1/174 639/1/174
f 641/1/173 644/1/176 649/1/173
f 639/1/171 636/1/171 641/1/171
f 642/1/177 643/1/175 635/1/175
f 637/1/178 648/1/9 645/1/178
f 642/1/177 645/1/178 650/1/177
f 640/1/9 646/1/172 648/1/9
f 639/1/174 652/1/179 651/1/179
f 639/1/171 638/1/171 637/1/171
f 647/1/180 644/1/180 652/1/180
f 654/1/181 657/1/181 658/1/181
f 659/1/177 656/1/177 660/1/177
f 658/1/9 656/1/9 654/1/9
f 670/1/182 673/1/182 678/1/182
f 671/1/182 676/1/182 669/1/182
f 672/1/183 667/1/184 664/1/183
f 673/1/185 661/1/186 665/1/185
f 667/1/184 670/1/187 662/1/187
f 661/1/186 676/1/188 668/1/188
f 663/1/189 674/1/9 666/1/9
f 676/1/188 663/1/189 668/1/188
f 666/1/9 672/1/183 664/1/183
f 677/1/190 673/1/185 665/1/185
f 664/1/191 667/1/191 665/1/191
f 662/1/191 665/1/191 667/1/191
f 687/1/191 689/1/191 690/1/191
f 682/1/183 693/1/184 690/1/183
f 683/1/185 687/1/186 691/1/185
f 685/1/184 688/1/187 693/1/184
f 683/1/182 680/1/182 685/1/182
f 686/1/188 687/1/186 679/1/186
f 684/1/9 689/1/189 681/1/189
f 686/1/188 689/1/189 694/1/188
f 682/1/183 692/1/9 684/1/9
f 691/1/185 695/1/190 683/1/185
f 683/1/182 682/1/182 681/1/182
f 691/1/191 688/1/191 696/1/191
f 698/1/192 701/1/192 702/1/192
f 703/1/188 700/1/188 704/1/188
f 702/1/9 700/1/9 698/1/9
f 714/1/193 717/1/193 722/1/193
f 713/1/193 719/1/193 718/1/193
f 716/1/194 711/1/195 708/1/196
f 709/1/197 713/1/198 705/1/199
f 719/1/195 706/1/200 711/1/195
f 705/1/199 720/1/201 712/1/201
f 715/1/202 710/1/9 707/1/202
f 720/1/201 707/1/202 712/1/201
f 710/1/9 716/1/194 708/1/196
f 721/1/203 717/1/197 709/1/197
f 711/1/204 709/1/204 710/1/204
f 706/1/204 709/1/204 711/1/204
f 736/1/204 734/1/204 731/1/204
f 726/1/194 737/1/205 734/1/194
f 727/1/197 731/1/199 735/1/197
f 729/1/205 732/1/200 737/1/205
f 727/1/193 724/1/193 729/1/193
f 730/1/201 731/1/199 723/1/199
f 728/1/9 733/1/206 725/1/206
f 730/1/201 733/1/206 738/1/201
f 726/1/194 736/1/9 728/1/9
f 735/1/197 739/1/203 727/1/197
f 727/1/193 726/1/193 725/1/193
f 735/1/204 732/1/204 740/1/204
f 742/1/207 745/1/207 746/1/207
f 747/1/201 744/1/201 748/1/201
f 748/1/9 742/1/9 746/1/9
f 758/1/208 761/1/208 766/1/208
f 764/1/208 757/1/208 760/1/208
f 760/1/209 755/1/210 752/1/209
f 761/1/211 749/1/212 753/1/211
f 755/1/210 758/1/213 750/1/213
f 749/1/212 764/1/214 756/1/214
f 751/1/215 762/1/9 754/1/9
f 764/1/214 751/1/215 756/1/214
f 762/1/9 752/1/209 754/1/9
f 753/1/211 766/1/216 761/1/211
f 751/1/217 752/1/217 753/1/217
f 750/1/217 753/1/217 755/1/217
f 775/1/217 777/1/217 778/1/217
f 773/1/218 778/1/209 770/1/209
f 771/1/211 775/1/212 779/1/211
f 768/1/213 781/1/218 773/1/218
f 771/1/208 768/1/208 773/1/208
f 767/1/212 782/1/214 775/1/212
f 772/1/9 777/1/215 769/1/215
f 769/1/215 782/1/214 774/1/214
f 770/1/209 780/1/9 772/1/9
f 771/1/211 784/1/216 783/1/216
f 771/1/208 770/1/208 769/1/208
f 779/1/217 776/1/217 784/1/217
f 786/1/219 789/1/219 790/1/219
f 791/1/214 788/1/214 792/1/214
f 792/1/9 786/1/9 790/1/9
f 802/1/220 805/1/220 810/1/220
f 803/1/220 808/1/220 801/1/220
f 796/1/221 807/1/222 799/1/222
f 797/1/223 801/1/224 793/1/224
f 799/1/222 802/1/225 794/1/225
f 793/1/224 808/1/226 800/1/226
f 803/1/227 798/1/9 795/1/227
f 808/1/226 795/1/227 800/1/226
f 806/1/9 796/1/221 798/1/9
f 809/1/228 805/1/223 797/1/223
f 796/1/229 799/1/229 797/1/229
f 794/1/229 797/1/229 799/1/229
f 824/1/229 822/1/229 819/1/229
f 817/1/222 822/1/221 814/1/221
f 811/1/224 823/1/223 815/1/223
f 812/1/225 825/1/230 817/1/222
f 815/1/220 812/1/220 817/1/220
f 818/1/226 819/1/224 811/1/224
f 813/1/227 824/1/9 821/1/227
f 818/1/226 821/1/227 826/1/226
f 816/1/9 822/1/221 824/1/9
f 815/1/223 828/1/228 827/1/228
f 815/1/220 814/1/220 813/1/220
f 823/1/229 820/1/229 828/1/229
f 830/1/231 833/1/231 834/1/231
f 835/1/226 832/1/226 836/1/226
f 836/1/9 830/1/9 834/1/9
f 846/1/232 849/1/232 854/1/232
f 847/1/232 852/1/232 845/1/232
f 840/1/233 851/1/234 843/1/234
f 849/1/235 837/1/236 841/1/235
f 851/1/234 838/1/237 843/1/234
f 837/1/236 852/1/238 844/1/238
f 839/1/239 850/1/9 842/1/9
f 852/1/238 839/1/239 844/1/238
f 842/1/9 848/1/233 840/1/233
f 841/1/235 854/1/240 849/1/235
f 840/1/241 843/1/241 841/1/241
f 838/1/241 841/1/241 843/1/241
f 863/1/241 865/1/241 866/1/241
f 861/1/234 866/1/233 858/1/233
f 859/1/235 863/1/236 867/1/235
f 856/1/237 869/1/234 861/1/234
f 859/1/232 856/1/232 861/1/232
f 855/1/236 870/1/238 863/1/236
f 860/1/9 865/1/239 857/1/239
f 857/1/239 870/1/238 862/1/238
f 858/1/233 868/1/9 860/1/9
f 867/1/235 871/1/242 859/1/235
f 859/1/232 858/1/232 857/1/232
f 867/1/241 864/1/241 872/1/241
f 874/1/243 877/1/243 878/1/243
f 879/1/238 876/1/238 880/1/238
f 880/1/9 874/1/9 878/1/9
f 890/1/244 893/1/244 898/1/244
f 889/1/244 895/1/244 894/1/244
f 884/1/245 895/1/246 887/1/246
f 885/1/247 889/1/248 881/1/248
f 895/1/246 882/1/249 887/1/246
f 889/1/248 888/1/250 881/1/248
f 891/1/251 886/1/9 883/1/251
f 888/1/250 891/1/251 883/1/251
f 894/1/9 884/1/245 886/1/9
f 897/1/252 893/1/247 885/1/247
f 884/1/253 887/1/253 885/1/253
f 882/1/253 885/1/253 887/1/253
f 907/1/253 909/1/253 910/1/253
f 905/1/246 910/1/245 902/1/245
f 903/1/247 907/1/248 911/1/247
f 905/1/246 908/1/249 913/1/246
f 903/1/244 900/1/244 905/1/244
f 906/1/250 907/1/248 899/1/248
f 904/1/9 909/1/251 901/1/251
f 906/1/250 909/1/251 914/1/250
f 904/1/9 910/1/245 912/1/9
f 903/1/247 916/1/252 915/1/252
f 903/1/244 902/1/244 901/1/244
f 911/1/253 908/1/253 916/1/253
f 918/1/254 921/1/254 922/1/254
f 923/1/250 920/1/250 924/1/250
f 924/1/9 918/1/9 922/1/9
f 934/1/255 937/1/255 942/1/255
f 933/1/255 939/1/255 938/1/255
f 928/1/256 939/1/257 931/1/257
f 929/1/258 933/1/259 925/1/260
f 931/1/257 934/1/261 926/1/261
f 933/1/259 932/1/262 925/1/260
f 935/1/263 930/1/9 927/1/12
f 932/1/262 935/1/263 927/1/12
f 938/1/9 928/1/256 930/1/9
f 929/1/258 942/1/264 937/1/258
f 932/1/265 928/1/265 929/1/265
f 926/1/265 929/1/265 931/1/265
f 951/1/265 953/1/265 954/1/265
f 949/1/257 954/1/256 946/1/256
f 943/1/259 955/1/258 947/1/258
f 944/1/261 957/1/257 949/1/257
f 947/1/255 944/1/255 949/1/255
f 950/1/262 951/1/260 943/1/259
f 945/1/263 956/1/9 953/1/12
f 950/1/262 953/1/12 958/1/262
f 946/1/256 956/1/9 948/1/9
f 955/1/258 959/1/264 947/1/258
f 947/1/255 946/1/255 945/1/255
f 955/1/265 952/1/265 960/1/265
f 962/1/266 965/1/266 966/1/266
f 967/1/262 964/1/262 968/1/262
f 968/1/9 962/1/9 966/1/9
f 978/1/267 981/1/267 986/1/267
f 979/1/267 984/1/267 977/1/267
f 980/1/268 975/1/269 972/1/268
f 981/1/270 969/1/271 973/1/270
f 983/1/269 970/1/272 975/1/269
f 969/1/271 984/1/273 976/1/273
f 971/1/274 982/1/9 974/1/9
f 984/1/273 971/1/274 976/1/273
f 974/1/9 980/1/268 972/1/268
f 973/1/270 986/1/275 981/1/270
f 972/1/276 975/1/276 973/1/276
f 970/1/276 973/1/276 975/1/276
f 995/1/276 997/1/276 998/1/276
f 990/1/268 1001/1/269 998/1/268
f 991/1/270 995/1/271 999/1/270
f 993/1/269 996/1/272 1001/1/269
f 991/1/267 988/1/267 993/1/267
f 987/1/271 1002/1/273 995/1/271
f 992/1/9 997/1/274 989/1/274
f 989/1/274 1002/1/273 994/1/273
f 992/1/9 998/1/268 1000/1/9
f 999/1/270 1003/1/275 991/1/270
f 991/1/267 990/1/267 989/1/267
f 999/1/276 996/1/276 1004/1/276
f 1006/1/277 1009/1/277 1010/1/277
f 1011/1/273 1008/1/273 1012/1/273
f 1012/1/9 1006/1/9 1010/1/9
f 1022/1/278 1025/1/278 1030/1/278
f 1023/1/278 1028/1/278 1021/1/278
f 1024/1/279 1019/1/280 1016/1/279
f 1017/1/281 1021/1/282 1013/1/282
f 1019/1/280 1022/1/283 1014/1/283
f 1013/1/282 1028/1/284 1020/1/284
f 1023/1/285 1018/1/9 1015/1/285
f 1028/1/284 1015/1/285 1020/1/284
f 1026/1/9 1016/1/279 1018/1/9
f 1029/1/286 1025/1/281 1017/1/281
f 1016/1/287 1019/1/287 1017/1/287
f 1014/1/287 1017/1/287 1019/1/287
f 1039/1/287 1041/1/287 1042/1/287
f 1034/1/279 1045/1/280 1042/1/279
f 1035/1/288 1039/1/282 1043/1/288
f 1037/1/280 1040/1/283 1045/1/280
f 1035/1/278 1032/1/278 1037/1/278
f 1038/1/284 1039/1/282 1031/1/282
f 1036/1/9 1041/1/285 1033/1/285
f 1038/1/284 1041/1/285 1046/1/284
f 1036/1/9 1042/1/279 1044/1/9
f 1035/1/288 1048/1/286 1047/1/286
f 1035/1/278 1034/1/278 1033/1/278
f 1043/1/287 1040/1/287 1048/1/287
f 1050/1/289 1053/1/289 1054/1/289
f 1055/1/284 1052/1/284 1056/1/284
f 1054/1/9 1052/1/9 1050/1/9
f 1066/1/290 1069/1/290 1074/1/290
f 1067/1/290 1072/1/290 1065/1/290
f 1068/1/291 1063/1/292 1060/1/291
f 1069/1/293 1057/1/294 1061/1/293
f 1063/1/292 1066/1/295 1058/1/295
f 1057/1/294 1072/1/296 1064/1/296
f 1059/1/297 1070/1/9 1062/1/9
f 1072/1/296 1059/1/297 1064/1/296
f 1070/1/9 1060/1/291 1062/1/9
f 1073/1/298 1069/1/293 1061/1/293
f 1060/1/299 1063/1/299 1061/1/299
f 1058/1/299 1061/1/299 1063/1/299
f 1083/1/299 1085/1/299 1086/1/299
f 1081/1/292 1086/1/291 1078/1/291
f 1075/1/294 1087/1/293 1079/1/293
f 1076/1/295 1089/1/292 1081/1/292
f 1079/1/290 1076/1/290 1081/1/290
f 1075/1/294 1090/1/296 1083/1/294
f 1077/1/297 1088/1/9 1085/1/297
f 1077/1/297 1090/1/296 1082/1/296
f 1080/1/9 1086/1/291 1088/1/9
f 1079/1/293 1092/1/298 1091/1/298
f 1079/1/290 1078/1/290 1077/1/290
f 1087/1/299 1084/1/299 1092/1/299
f 1094/1/300 1097/1/300 1098/1/300
f 1099/1/296 1096/1/296 1100/1/296
f 1098/1/9 1096/1/9 1094/1/9
f 1110/1/301 1113/1/301 1118/1/301
f 1111/1/301 1116/1/302 1109/1/301
f 1104/1/303 1115/1/304 1107/1/304
f 1105/1/305 1109/1/306 1101/1/306
f 1107/1/304 1110/1/307 1102/1/307
f 1109/1/306 1108/1/308 1101/1/306
f 1111/1/309 1106/1/9 1103/1/309
f 1108/1/308 1111/1/309 1103/1/309
f 1114/1/9 1104/1/303 1106/1/9
f 1117/1/310 1113/1/305 1105/1/305
f 1104/1/311 1107/1/312 1105/1/312
f 1102/1/312 1105/1/312 1107/1/312
f 1132/1/311 1130/1/312 1127/1/311
f 1125/1/304 1130/1/303 1122/1/313
f 1123/1/305 1127/1/314 1131/1/305
f 1120/1/307 1133/1/304 1125/1/304
f 1123/1/301 1120/1/301 1125/1/302
f 1126/1/315 1127/1/314 1119/1/314
f 1124/1/9 1129/1/316 1121/1/316
f 1126/1/315 1129/1/316 1134/1/315
f 1122/1/313 1132/1/9 1124/1/9
f 1131/1/305 1135/1/310 1123/1/305
f 1123/1/301 1122/1/301 1121/1/301
f 1131/1/312 1128/1/312 1136/1/312
f 1138/1/317 1141/1/317 1142/1/317
f 1143/1/308 1140/1/308 1144/1/308
f 1142/1/9 1140/1/9 1138/1/9
f 1154/1/318 1157/1/318 1162/1/318
f 1155/1/318 1160/1/318 1153/1/318
f 1156/1/319 1151/1/320 1148/1/319
f 1157/1/321 1145/1/322 1149/1/321
f 1159/1/320 1146/1/323 1151/1/320
f 1153/1/322 1152/1/324 1145/1/322
f 1147/1/325 1158/1/9 1150/1/9
f 1152/1/324 1155/1/325 1147/1/325
f 1158/1/9 1148/1/319 1150/1/9
f 1161/1/326 1157/1/321 1149/1/321
f 1151/1/327 1149/1/327 1147/1/327
f 1146/1/327 1149/1/327 1151/1/327
f 1171/1/327 1173/1/327 1174/1/327
f 1166/1/319 1177/1/320 1174/1/319
f 1167/1/321 1171/1/322 1175/1/321
f 1169/1/320 1172/1/323 1177/1/320
f 1167/1/318 1164/1/318 1169/1/318
f 1163/1/322 1178/1/324 1171/1/322
f 1168/1/9 1173/1/325 1165/1/325
f 1165/1/325 1178/1/324 1170/1/324
f 1168/1/9 1174/1/319 1176/1/9
f 1167/1/321 1180/1/326 1179/1/326
f 1167/1/318 1166/1/318 1165/1/318
f 1175/1/327 1172/1/327 1180/1/327
f 1182/1/328 1185/1/328 1186/1/328
f 1187/1/324 1184/1/324 1188/1/324
f 1188/1/9 1182/1/9 1186/1/9
f 1198/1/329 1201/1/329 1206/1/329
f 1200/1/329 1199/1/329 1197/1/329
f 1200/1/330 1195/1/331 1192/1/332
f 1193/1/333 1197/1/334 1189/1/334
f 1203/1/331 1190/1/335 1195/1/331
f 1189/1/334 1204/1/336 1196/1/336
f 1199/1/337 1194/1/9 1191/1/337
f 1204/1/336 1191/1/337 1196/1/336
f 1202/1/9 1192/1/332 1194/1/9
f 1205/1/338 1201/1/333 1193/1/333
f 1192/1/339 1195/1/339 1193/1/339
f 1190/1/339 1193/1/339 1195/1/339
f 1215/1/339 1217/1/339 1218/1/339
f 1210/1/332 1221/1/331 1218/1/332
f 1207/1/334 1219/1/333 1211/1/333
f 1213/1/331 1216/1/335 1221/1/331
f 1211/1/329 1208/1/329 1213/1/329
f 1214/1/336 1215/1/334 1207/1/334
f 1209/1/337 1220/1/9 1217/1/337
f 1214/1/336 1217/1/337 1222/1/336
f 1212/1/9 1218/1/332 1220/1/9
f 1211/1/333 1224/1/338 1223/1/338
f 1211/1/329 1210/1/329 1209/1/329
f 1219/1/339 1216/1/339 1224/1/339
f 1226/1/340 1229/1/340 1230/1/340
f 1231/1/336 1228/1/336 1232/1/336
f 1232/1/9 1226/1/9 1230/1/9
f 1242/1/341 1245/1/341 1250/1/341
f 1243/1/341 1248/1/341 1241/1/341
f 1244/1/342 1239/1/343 1236/1/342
f 1237/1/344 1241/1/345 1233/1/345
f 1247/1/346 1234/1/347 1239/1/343
f 1233/1/345 1248/1/348 1240/1/348
f 1243/1/349 1238/1/9 1235/1/349
f 1248/1/348 1235/1/349 1240/1/348
f 1246/1/9 1236/1/342 1238/1/9
f 1249/1/350 1245/1/344 1237/1/344
f 1236/1/351 1239/1/351 1237/1/351
f 1234/1/351 1237/1/351 1239/1/351
f 1259/1/351 1261/1/351 1262/1/351
f 1254/1/342 1265/1/343 1262/1/352
f 1251/1/345 1263/1/344 1255/1/344
f 1257/1/346 1260/1/347 1265/1/343
f 1255/1/341 1252/1/341 1257/1/341
f 1258/1/348 1259/1/345 1251/1/345
f 1253/1/349 1264/1/9 1261/1/349
f 1258/1/348 1261/1/349 1266/1/348
f 1256/1/9 1262/1/352 1264/1/9
f 1255/1/344 1268/1/350 1267/1/350
f 1255/1/341 1254/1/341 1253/1/341
f 1263/1/351 1260/1/351 1268/1/351
f 1270/1/353 1273/1/353 1274/1/353
f 1275/1/348 1272/1/348 1276/1/348
f 1276/1/9 1270/1/9 1274/1/9
f 1286/1/354 1289/1/354 1294/1/354
f 1285/1/354 1291/1/354 1290/1/354
f 1288/1/355 1283/1/356 1280/1/355
f 1281/1/357 1285/1/358 1277/1/358
f 1283/1/356 1286/1/359 1278/1/359
f 1277/1/358 1292/1/360 1284/1/360
f 1287/1/361 1282/1/9 1279/1/361
f 1292/1/360 1279/1/361 1284/1/360
f 1290/1/9 1280/1/355 1282/1/9
f 1293/1/362 1289/1/357 1281/1/357
f 1284/1/363 1280/1/363 1281/1/363
f 1278/1/363 1281/1/363 1283/1/363
f 1308/1/363 1306/1/363 1303/1/363
f 1301/1/356 1306/1/355 1298/1/355
f 1299/1/357 1303/1/358 1307/1/357
f 1301/1/356 1304/1/359 1309/1/356
f 1299/1/354 1296/1/354 1301/1/354
f 1302/1/360 1303/1/358 1295/1/358
f 1300/1/9 1305/1/361 1297/1/361
f 1302/1/360 1305/1/361 1310/1/360
f 1298/1/355 1308/1/9 1300/1/9
f 1307/1/357 1311/1/362 1299/1/357
f 1299/1/354 1298/1/354 1297/1/354
f 1307/1/363 1304/1/363 1312/1/363
f 1314/1/364 1317/1/364 1318/1/364
f 1319/1/360 1316/1/360 1320/1/360
f 1320/1/9 1314/1/9 1318/1/9
f 1330/1/365 1333/1/365 1338/1/365
f 1329/1/365 1335/1/365 1334/1/365
f 1324/1/366 1335/1/367 1327/1/367
f 1325/1/368 1329/1/369 1321/1/369
f 1327/1/367 1330/1/370 1322/1/370
f 1329/1/369 1328/1/371 1321/1/369
f 1331/1/372 1326/1/9 1323/1/372
f 1328/1/371 1331/1/372 1323/1/372
f 1334/1/9 1324/1/366 1326/1/9
f 1337/1/373 1333/1/368 1325/1/368
f 1324/1/374 1327/1/374 1325/1/374
f 1322/1/374 1325/1/374 1327/1/374
f 1347/1/374 1349/1/374 1350/1/374
f 1345/1/367 1350/1/366 1342/1/366
f 1339/1/369 1351/1/368 1343/1/368
f 1340/1/370 1353/1/367 1345/1/367
f 1343/1/365 1340/1/365 1345/1/365
f 1339/1/369 1354/1/371 1347/1/369
f 1341/1/372 1352/1/9 1349/1/372
f 1341/1/372 1354/1/371 1346/1/371
f 1344/1/9 1350/1/366 1352/1/9
f 1343/1/368 1356/1/373 1355/1/373
f 1343/1/365 1342/1/365 1341/1/365
f 1351/1/374 1348/1/374 1356/1/374
f 1358/1/375 1361/1/375 1362/1/375
f 1363/1/371 1360/1/371 1364/1/371
f 1364/1/9 1358/1/9 1362/1/9
f 1374/1/376 1377/1/376 1382/1/376
f 1376/1/376 1375/1/376 1373/1/376
f 1368/1/377 1379/1/378 1371/1/378
f 1369/1/379 1373/1/380 1365/1/380
f 1371/1/378 1374/1/381 1366/1/381
f 1373/1/380 1372/1/382 1365/1/380
f 1375/1/383 1370/1/9 1367/1/383
f 1372/1/382 1375/1/383 1367/1/383
f 1378/1/9 1368/1/377 1370/1/9
f 1381/1/384 1377/1/379 1369/1/379
f 1371/1/385 1369/1/385 1367/1/385
f 1366/1/385 1369/1/385 1371/1/385
f 1391/1/385 1393/1/385 1394/1/385
f 1386/1/377 1397/1/378 1394/1/377
f 1387/1/379 1391/1/380 1395/1/379
f 1389/1/378 1392/1/381 1397/1/378
f 1387/1/376 1384/1/376 1389/1/376
f 1383/1/386 1398/1/382 1391/1/380
f 1388/1/9 1393/1/383 1385/1/387
f 1385/1/387 1398/1/382 1390/1/382
f 1386/1/377 1396/1/9 1388/1/9
f 1395/1/379 1399/1/384 1387/1/379
f 1387/1/376 1386/1/376 1385/1/376
f 1395/1/385 1392/1/385 1400/1/385
f 1402/1/388 1405/1/388 1406/1/388
f 1407/1/382 1404/1/382 1408/1/382
f 1408/1/9 1402/1/9 1406/1/9
f 1418/1/389 1421/1/389 1426/1/389
f 1419/1/389 1424/1/389 1417/1/389
f 1420/1/390 1415/1/391 1412/1/390
f 1421/1/392 1409/1/393 1413/1/392
f 1423/1/391 1410/1/394 1415/1/391
f 1417/1/393 1416/1/395 1409/1/393
f 1411/1/396 1422/1/9 1414/1/9
f 1416/1/395 1419/1/396 1411/1/396
f 1422/1/9 1412/1/390 1414/1/9
f 1425/1/397 1421/1/392 1413/1/392
f 1411/1/398 1412/1/398 1413/1/398
f 1410/1/398 1413/1/398 1415/1/398
f 1435/1/398 1437/1/398 1438/1/398
f 1430/1/390 1441/1/391 1438/1/390
f 1427/1/393 1439/1/392 1431/1/392
f 1433/1/391 1436/1/394 1441/1/391
f 1431/1/389 1428/1/389 1433/1/389
f 1427/1/393 1442/1/395 1435/1/393
f 1429/1/396 1440/1/9 1437/1/396
f 1429/1/396 1442/1/395 1434/1/395
f 1432/1/9 1438/1/390 1440/1/9
f 1431/1/392 1444/1/397 1443/1/397
f 1431/1/389 1430/1/389 1429/1/389
f 1439/1/398 1436/1/398 1444/1/398
f 1446/1/399 1449/1/399 1450/1/399
f 1451/1/395 1448/1/395 1452/1/395
f 1452/1/9 1446/1/9 1450/1/9
f 1462/1/400 1465/1/400 1470/1/400
f 1461/1/400 1467/1/400 1466/1/400
f 1456/1/401 1467/1/402 1459/1/402
f 1465/1/403 1453/1/404 1457/1/403
f 1459/1/402 1462/1/405 1454/1/405
f 1453/1/404 1468/1/406 1460/1/406
f 1455/1/407 1466/1/9 1458/1/9
f 1468/1/406 1455/1/407 1460/1/406
f 1458/1/9 1464/1/401 1456/1/401
f 1457/1/403 1470/1/408 1465/1/403
f 1459/1/409 1457/1/409 1455/1/409
f 1454/1/409 1457/1/409 1459/1/409
f 1479/1/409 1481/1/409 1482/1/409
f 1477/1/402 1482/1/401 1474/1/401
f 1475/1/410 1479/1/404 1483/1/410
f 1472/1/411 1485/1/402 1477/1/402
f 1475/1/400 1472/1/400 1477/1/400
f 1471/1/404 1486/1/406 1479/1/404
f 1476/1/9 1481/1/407 1473/1/407
f 1473/1/407 1486/1/406 1478/1/406
f 1474/1/401 1484/1/9 1476/1/9
f 1475/1/410 1488/1/408 1487/1/408
f 1476/1/400 1473/1/400 1475/1/400
f 1483/1/409 1480/1/409 1488/1/409
f 1490/1/412 1493/1/412 1494/1/412
f 1495/1/406 1492/1/406 1496/1/406
f 1496/1/9 1490/1/9 1494/1/9
f 1506/1/413 1509/1/413 1514/1/413
f 1507/1/413 1512/1/413 1505/1/413
f 1500/1/414 1511/1/415 1503/1/415
f 1501/1/416 1505/1/417 1497/1/417
f 1503/1/415 1506/1/418 1498/1/418
f 1505/1/417 1504/1/419 1497/1/417
f 1507/1/420 1502/1/9 1499/1/420
f 1504/1/419 1507/1/420 1499/1/420
f 1510/1/9 1500/1/414 1502/1/9
f 1501/1/416 1514/1/421 1509/1/416
f 1500/1/422 1503/1/422 1501/1/422
f 1498/1/422 1501/1/422 1503/1/422
f 1523/1/422 1525/1/422 1526/1/422
f 1521/1/415 1526/1/414 1518/1/414
f 1515/1/417 1527/1/423 1519/1/423
f 1516/1/418 1529/1/415 1521/1/415
f 1519/1/413 1516/1/413 1521/1/413
f 1522/1/419 1523/1/417 1515/1/417
f 1517/1/420 1528/1/9 1525/1/420
f 1522/1/419 1525/1/420 1530/1/419
f 1520/1/9 1526/1/414 1528/1/9
f 1519/1/423 1532/1/421 1531/1/421
f 1519/1/413 1518/1/413 1517/1/413
f 1527/1/422 1524/1/422 1532/1/422
f 1534/1/424 1537/1/424 1538/1/424
f 1539/1/419 1536/1/419 1540/1/419
f 1538/1/9 1536/1/9 1534/1/9
f 1550/1/425 1553/1/425 1558/1/425
f 1551/1/425 1556/1/425 1549/1/425
f 1552/1/426 1547/1/427 1544/1/428
f 1553/1/429 1541/1/430 1545/1/429
f 1555/1/427 1542/1/431 1547/1/427
f 1541/1/430 1556/1/432 1548/1/432
f 1543/1/433 1554/1/9 1546/1/9
f 1556/1/432 1543/1/433 1548/1/432
f 1546/1/9 1552/1/426 1544/1/428
f 1545/1/429 1558/1/434 1553/1/429
f 1544/1/435 1547/1/435 1545/1/435
f 1542/1/435 1545/1/435 1547/1/435
f 1567/1/435 1569/1/435 1570/1/435
f 1565/1/427 1570/1/428 1562/1/426
f 1563/1/429 1567/1/436 1571/1/429
f 1560/1/431 1573/1/427 1565/1/427
f 1563/1/425 1560/1/425 1565/1/425
f 1566/1/432 1567/1/436 1559/1/436
f 1564/1/9 1569/1/437 1561/1/437
f 1566/1/432 1569/1/437 1574/1/432
f 1562/1/426 1572/1/9 1564/1/9
f 1571/1/429 1575/1/434 1563/1/429
f 1563/1/425 1562/1/425 1561/1/425
f 1571/1/435 1568/1/435 1576/1/435
f 1578/1/438 1581/1/438 1582/1/438
f 1583/1/432 1580/1/432 1584/1/432
f 1582/1/9 1580/1/9 1578/1/9
f 1594/1/439 1597/1/439 1602/1/439
f 1593/1/439 1599/1/439 1598/1/439
f 1596/1/440 1591/1/441 1588/1/440
f 1597/1/442 1585/1/443 1589/1/442
f 1591/1/441 1594/1/444 1586/1/444
f 1593/1/443 1592/1/445 1585/1/443
f 1587/1/446 1598/1/9 1590/1/9
f 1592/1/445 1595/1/446 1587/1/446
f 1590/1/9 1596/1/440 1588/1/440
f 1589/1/442 1602/1/447 1597/1/442
f 1591/1/448 1589/1/448 1587/1/448
f 1586/1/448 1589/1/448 1591/1/448
f 1611/1/448 1613/1/448 1614/1/448
f 1609/1/441 1614/1/440 1606/1/440
f 1607/1/442 1611/1/443 1615/1/442
f 1609/1/441 1612/1/444 1617/1/441
f 1607/1/439 1604/1/439 1609/1/439
f 1603/1/443 1618/1/445 1611/1/443
f 1608/1/9 1613/1/446 1605/1/446
f 1605/1/446 1618/1/445 1610/1/445
f 1606/1/440 1616/1/9 1608/1/9
f 1615/1/442 1619/1/447 1607/1/442
f 1607/1/439 1606/1/439 1605/1/439
f 1615/1/448 1612/1/448 1620/1/448
f 1622/1/449 1625/1/449 1626/1/449
f 1627/1/445 1624/1/445 1628/1/445
f 1628/1/9 1622/1/9 1626/1/9
f 1638/1/450 1641/1/450 1646/1/450
f 1639/1/450 1644/1/450 1637/1/450
f 1640/1/451 1635/1/452 1632/1/451
f 1641/1/453 1629/1/454 1633/1/453
f 1643/1/455 1630/1/456 1635/1/452
f 1629/1/454 1644/1/457 1636/1/457
f 1631/1/458 1642/1/9 1634/1/9
f 1644/1/457 1631/1/458 1636/1/457
f 1634/1/9 1640/1/451 1632/1/451
f 1633/1/453 1646/1/459 1641/1/453
f 1636/1/460 1632/1/460 1633/1/460
f 1630/1/460 1633/1/460 1635/1/460
f 1655/1/460 1657/1/460 1658/1/460
f 1650/1/202 1661/1/452 1658/1/451
f 1647/1/454 1659/1/453 1651/1/453
f 1653/1/455 1656/1/456 1661/1/452
f 1651/1/450 1648/1/450 1653/1/450
f 1654/1/457 1655/1/461 1647/1/454
f 1649/1/458 1660/1/9 1657/1/196
f 1654/1/457 1657/1/196 1662/1/457
f 1652/1/9 1658/1/451 1660/1/9
f 1659/1/453 1663/1/459 1651/1/453
f 1651/1/450 1650/1/450 1649/1/450
f 1659/1/460 1656/1/460 1664/1/460
f 1666/1/462 1669/1/462 1670/1/462
f 1671/1/457 1668/1/457 1672/1/457
f 1672/1/9 1666/1/9 1670/1/9
f 1682/1/463 1685/1/463 1690/1/463
f 1683/1/463 1688/1/463 1681/1/463
f 1684/1/464 1679/1/465 1676/1/466
f 1677/1/467 1681/1/468 1673/1/468
f 1687/1/465 1674/1/469 1679/1/465
f 1681/1/468 1680/1/470 1673/1/468
f 1683/1/471 1678/1/9 1675/1/471
f 1680/1/470 1683/1/471 1675/1/471
f 1678/1/9 1684/1/464 1676/1/466
f 1689/1/472 1685/1/467 1677/1/467
f 1679/1/473 1675/1/473 1676/1/473
f 1674/1/473 1677/1/473 1679/1/473
f 1699/1/473 1701/1/473 1702/1/473
f 1694/1/464 1705/1/474 1702/1/464
f 1695/1/467 1699/1/468 1703/1/467
f 1692/1/469 1705/1/474 1697/1/474
f 1695/1/463 1692/1/463 1697/1/463
f 1691/1/475 1706/1/470 1699/1/468
f 1696/1/9 1701/1/471 1693/1/471
f 1693/1/471 1706/1/470 1698/1/470
f 1696/1/9 1702/1/464 1704/1/9
f 1695/1/467 1708/1/472 1707/1/472
f 1696/1/463 1693/1/463 1695/1/463
f 1703/1/473 1700/1/473 1708/1/473
f 1710/1/476 1713/1/476 1714/1/476
f 1715/1/470 1712/1/470 1716/1/470
f 1714/1/9 1712/1/9 1710/1/9
f 1726/1/477 1729/1/477 1734/1/477
f 1725/1/477 1731/1/477 1730/1/477
f 1728/1/478 1723/1/479 1720/1/478
f 1721/1/480 1725/1/481 1717/1/481
f 1723/1/479 1726/1/482 1718/1/482
f 1725/1/481 1724/1/483 1717/1/481
f 1727/1/484 1722/1/9 1719/1/484
f 1724/1/483 1727/1/484 1719/1/484
f 1730/1/9 1720/1/478 1722/1/9
f 1733/1/485 1729/1/480 1721/1/480
f 1719/1/486 1720/1/486 1721/1/486
f 1718/1/486 1721/1/486 1723/1/486
f 1743/1/486 1745/1/486 1746/1/486
f 1741/1/479 1746/1/478 1738/1/478
f 1735/1/481 1747/1/480 1739/1/480
f 1736/1/482 1749/1/479 1741/1/479
f 1739/1/477 1736/1/477 1741/1/477
f 1742/1/483 1743/1/481 1735/1/481
f 1737/1/484 1748/1/9 1745/1/484
f 1742/1/483 1745/1/484 1750/1/483
f 1740/1/9 1746/1/478 1748/1/9
f 1739/1/480 1752/1/485 1751/1/485
f 1739/1/477 1738/1/477 1737/1/477
f 1747/1/486 1744/1/486 1752/1/486
f 1754/1/487 1757/1/487 1758/1/487
f 1759/1/483 1756/1/483 1760/1/483
f 1760/1/9 1754/1/9 1758/1/9
f 10/1/1 15/1/1 13/1/1
f 9/1/1 13/1/1 15/1/1
f 15/1/1 12/1/1 14/1/1
f 14/1/1 11/1/1 9/1/1
f 11/1/1 16/1/1 9/1/1
f 12/1/2 15/1/3 7/1/3
f 5/1/4 13/1/4 9/1/5
f 15/1/3 10/1/6 2/1/6
f 1/1/5 9/1/5 16/1/7
f 11/1/8 14/1/9 6/1/9
f 16/1/7 11/1/8 3/1/8
f 14/1/9 12/1/2 4/1/2
f 5/1/4 17/1/10 18/1/10
f 5/1/11 1/1/11 8/1/11
f 8/1/11 3/1/11 4/1/11
f 3/1/11 6/1/11 4/1/11
f 4/1/11 7/1/11 5/1/11
f 2/1/11 17/1/11 5/1/11
f 33/1/11 31/1/11 30/1/11
f 31/1/11 27/1/11 30/1/11
f 27/1/11 34/1/11 29/1/11
f 29/1/11 32/1/11 30/1/11
f 25/1/3 33/1/3 30/1/12
f 19/1/13 27/1/13 31/1/4
f 20/1/6 28/1/6 33/1/3
f 23/1/1 35/1/1 20/1/1
f 26/1/7 34/1/7 27/1/13
f 21/1/14 24/1/9 32/1/9
f 26/1/7 21/1/14 29/1/8
f 22/1/12 30/1/12 32/1/9
f 31/1/4 36/1/10 35/1/10
f 26/1/1 19/1/1 21/1/1
f 19/1/1 23/1/1 21/1/1
f 23/1/1 25/1/1 22/1/1
f 22/1/1 24/1/1 21/1/1
f 31/1/11 33/1/11 28/1/11
f 38/1/15 37/1/15 41/1/15
f 43/1/7 39/1/7 40/1/7
f 42/1/9 44/1/9 40/1/9
f 54/1/16 59/1/16 57/1/16
f 53/1/16 57/1/16 56/1/16
f 57/1/16 59/1/16 56/1/16
f 56/1/16 58/1/16 53/1/16
f 58/1/16 55/1/16 53/1/16
f 48/1/17 56/1/17 59/1/18
f 57/1/19 53/1/20 45/1/20
f 59/1/18 54/1/488 46/1/21
f 45/1/20 53/1/20 60/1/22
f 47/1/23 55/1/23 58/1/9
f 60/1/22 55/1/23 47/1/23
f 58/1/9 56/1/17 48/1/17
f 49/1/19 61/1/24 62/1/24
f 49/1/25 45/1/25 50/1/25
f 45/1/25 52/1/25 47/1/25
f 50/1/25 45/1/25 47/1/25
f 50/1/25 48/1/25 49/1/25
f 46/1/25 61/1/25 49/1/25
f 77/1/25 75/1/25 74/1/25
f 75/1/25 71/1/25 74/1/25
f 71/1/25 78/1/25 73/1/25
f 73/1/25 76/1/25 74/1/25
f 66/1/17 69/1/18 77/1/18
f 67/1/19 63/1/20 71/1/20
f 69/1/18 64/1/21 72/1/21
f 67/1/16 79/1/16 64/1/16
f 63/1/20 70/1/22 78/1/22
f 68/1/9 76/1/9 73/1/23
f 65/1/23 73/1/23 78/1/22
f 66/1/17 74/1/17 76/1/9
f 75/1/19 80/1/26 79/1/26
f 70/1/16 63/1/16 65/1/16
f 63/1/16 67/1/16 65/1/16
f 67/1/16 69/1/16 66/1/16
f 66/1/16 68/1/16 65/1/16
f 75/1/25 77/1/25 72/1/25
f 82/1/27 81/1/27 85/1/27
f 87/1/22 83/1/22 84/1/22
f 86/1/9 88/1/9 84/1/9
f 98/1/28 103/1/28 101/1/28
f 97/1/28 101/1/28 100/1/28
f 101/1/28 103/1/28 100/1/28
f 100/1/28 102/1/28 97/1/28
f 102/1/28 99/1/28 97/1/28
f 92/1/29 100/1/29 103/1/30
f 101/1/31 97/1/32 89/1/32
f 95/1/30 103/1/30 98/1/33
f 89/1/32 97/1/32 104/1/34
f 91/1/35 99/1/35 102/1/9
f 104/1/34 99/1/35 91/1/35
f 94/1/9 102/1/9 100/1/29
f 93/1/31 105/1/36 106/1/36
f 93/1/37 89/1/37 91/1/37
f 89/1/37 96/1/37 91/1/37
f 91/1/37 94/1/37 93/1/37
f 94/1/37 92/1/37 93/1/37
f 90/1/37 105/1/37 93/1/37
f 121/1/37 119/1/37 118/1/37
f 119/1/37 115/1/37 118/1/37
f 115/1/37 122/1/37 117/1/37
f 117/1/37 120/1/37 118/1/37
f 110/1/29 113/1/30 121/1/30
f 107/1/32 115/1/32 119/1/31
f 108/1/33 116/1/33 121/1/30
f 111/1/28 123/1/28 108/1/28
f 114/1/34 122/1/34 115/1/32
f 109/1/35 112/1/9 120/1/9
f 114/1/34 109/1/35 117/1/35
f 112/1/9 110/1/29 118/1/29
f 119/1/31 124/1/36 123/1/36
f 114/1/28 107/1/28 109/1/28
f 107/1/28 111/1/28 109/1/28
f 111/1/28 113/1/28 110/1/28
f 110/1/28 112/1/28 109/1/28
f 119/1/37 121/1/37 116/1/37
f 126/1/38 125/1/38 129/1/38
f 131/1/34 127/1/34 128/1/34
f 130/1/9 132/1/9 128/1/9
f 142/1/39 147/1/39 145/1/39
f 141/1/39 145/1/39 144/1/39
f 145/1/39 147/1/39 144/1/39
f 144/1/39 146/1/39 141/1/39
f 146/1/39 143/1/39 141/1/39
f 144/1/40 147/1/41 139/1/41
f 137/1/42 145/1/42 141/1/43
f 139/1/41 147/1/41 142/1/44
f 141/1/43 148/1/45 140/1/45
f 143/1/46 146/1/9 138/1/9
f 140/1/45 148/1/45 143/1/46
f 146/1/9 144/1/40 136/1/40
f 149/1/47 150/1/47 145/1/42
f 137/1/48 133/1/48 135/1/48
f 133/1/48 140/1/489 135/1/48
f 135/1/48 138/1/48 137/1/48
f 138/1/48 136/1/48 137/1/48
f 134/1/48 149/1/48 137/1/48
f 165/1/48 163/1/48 162/1/48
f 163/1/48 159/1/48 162/1/48
f 159/1/48 166/1/48 161/1/48
f 161/1/48 164/1/48 162/1/48
f 157/1/41 165/1/41 162/1/40
f 151/1/43 159/1/43 163/1/42
f 157/1/41 152/1/44 160/1/44
f 155/1/39 167/1/39 152/1/39
f 158/1/45 166/1/45 159/1/43
f 153/1/46 156/1/9 164/1/9
f 158/1/45 153/1/46 161/1/46
f 156/1/9 154/1/40 162/1/40
f 155/1/42 163/1/42 168/1/47
f 158/1/39 151/1/39 153/1/39
f 151/1/39 155/1/39 153/1/39
f 155/1/39 157/1/39 154/1/39
f 154/1/39 156/1/39 153/1/39
f 163/1/48 165/1/48 160/1/48
f 170/1/49 169/1/49 173/1/49
f 175/1/45 171/1/45 172/1/45
f 176/1/9 172/1/9 170/1/9
f 186/1/50 191/1/50 189/1/50
f 185/1/50 189/1/50 188/1/50
f 189/1/50 191/1/50 188/1/50
f 188/1/50 190/1/50 185/1/50
f 190/1/50 187/1/50 185/1/50
f 180/1/51 188/1/51 191/1/52
f 189/1/53 185/1/54 177/1/54
f 191/1/52 186/1/55 178/1/55
f 185/1/54 192/1/56 184/1/56
f 179/1/57 187/1/57 190/1/9
f 184/1/56 192/1/56 187/1/57
f 190/1/9 188/1/51 180/1/51
f 193/1/58 194/1/58 189/1/53
f 181/1/59 177/1/59 179/1/59
f 177/1/59 184/1/59 179/1/59
f 179/1/59 182/1/59 181/1/59
f 182/1/59 180/1/59 183/1/59
f 178/1/59 193/1/59 181/1/59
f 209/1/59 207/1/59 206/1/59
f 207/1/59 203/1/59 206/1/59
f 203/1/59 210/1/59 205/1/59
f 205/1/59 208/1/59 206/1/59
f 201/1/52 209/1/52 206/1/51
f 195/1/54 203/1/54 207/1/53
f 196/1/55 204/1/55 209/1/52
f 199/1/50 211/1/50 196/1/50
f 202/1/56 210/1/56 203/1/54
f 197/1/57 200/1/9 208/1/9
f 202/1/56 197/1/57 205/1/57
f 200/1/9 198/1/51 206/1/51
f 207/1/53 212/1/58 211/1/58
f 202/1/50 195/1/50 197/1/50
f 195/1/50 199/1/50 197/1/50
f 199/1/50 201/1/50 198/1/50
f 198/1/50 200/1/50 197/1/50
f 207/1/59 209/1/59 204/1/59
f 214/1/60 213/1/60 217/1/60
f 219/1/56 215/1/56 216/1/56
f 218/1/9 220/1/9 216/1/9
f 230/1/61 235/1/61 233/1/61
f 229/1/61 233/1/61 232/1/61
f 233/1/61 235/1/61 232/1/61
f 232/1/61 234/1/61 229/1/61
f 234/1/61 231/1/61 229/1/61
f 232/1/62 235/1/63 227/1/63
f 233/1/64 229/1/65 221/1/65
f 235/1/63 230/1/66 222/1/66
f 221/1/65 229/1/65 236/1/67
f 223/1/68 231/1/68 234/1/9
f 236/1/67 231/1/68 223/1/68
f 226/1/9 234/1/9 232/1/62
f 237/1/69 238/1/69 233/1/64
f 225/1/70 221/1/70 223/1/70
f 221/1/70 228/1/70 223/1/70
f 223/1/70 226/1/70 225/1/70
f 226/1/70 224/1/70 225/1/70
f 222/1/70 237/1/70 225/1/70
f 253/1/70 251/1/70 250/1/70
f 251/1/70 247/1/70 250/1/70
f 247/1/70 254/1/70 249/1/70
f 249/1/70 252/1/70 250/1/70
f 242/1/62 245/1/63 253/1/63
f 243/1/64 239/1/65 247/1/65
f 240/1/66 248/1/66 253/1/63
f 243/1/61 255/1/61 240/1/61
f 246/1/67 254/1/67 247/1/65
f 244/1/9 252/1/9 249/1/68
f 246/1/67 241/1/68 249/1/68
f 242/1/62 250/1/62 252/1/9
f 251/1/64 256/1/71 255/1/71
f 246/1/61 239/1/61 241/1/61
f 239/1/61 243/1/61 241/1/61
f 243/1/61 245/1/61 242/1/61
f 242/1/61 244/1/61 243/1/61
f 251/1/70 253/1/70 248/1/70
f 258/1/72 257/1/72 261/1/72
f 263/1/67 259/1/67 260/1/67
f 262/1/9 264/1/9 260/1/9
f 274/1/73 279/1/73 277/1/73
f 273/1/73 277/1/73 279/1/73
f 279/1/73 276/1/73 278/1/73
f 278/1/73 275/1/73 273/1/73
f 275/1/73 280/1/73 273/1/73
f 268/1/74 276/1/74 279/1/75
f 269/1/76 277/1/76 273/1/77
f 279/1/75 274/1/78 266/1/78
f 273/1/77 280/1/79 272/1/79
f 275/1/80 278/1/9 270/1/9
f 272/1/79 280/1/79 275/1/80
f 270/1/9 278/1/9 276/1/74
f 281/1/81 282/1/81 277/1/76
f 269/1/82 265/1/82 267/1/82
f 265/1/82 272/1/82 267/1/82
f 267/1/82 270/1/82 269/1/82
f 270/1/82 268/1/82 269/1/82
f 266/1/82 281/1/82 269/1/82
f 297/1/82 295/1/82 294/1/82
f 295/1/82 291/1/82 294/1/82
f 291/1/82 298/1/82 293/1/82
f 293/1/82 296/1/82 294/1/82
f 289/1/75 297/1/75 294/1/74
f 283/1/77 291/1/77 295/1/76
f 289/1/75 284/1/78 292/1/78
f 287/1/73 299/1/73 284/1/73
f 283/1/77 290/1/79 298/1/79
f 285/1/80 288/1/9 296/1/9
f 285/1/80 293/1/80 298/1/79
f 286/1/74 294/1/74 296/1/9
f 287/1/76 295/1/76 300/1/81
f 290/1/73 283/1/73 285/1/73
f 283/1/73 287/1/73 285/1/73
f 287/1/73 289/1/73 286/1/73
f 286/1/73 288/1/73 285/1/73
f 295/1/82 297/1/82 292/1/82
f 302/1/83 301/1/83 305/1/83
f 307/1/79 303/1/79 304/1/79
f 306/1/9 308/1/9 304/1/9
f 318/1/84 323/1/84 321/1/84
f 317/1/84 321/1/84 320/1/84
f 321/1/84 323/1/84 320/1/84
f 320/1/84 322/1/84 319/1/84
f 317/1/84 319/1/84 324/1/84
f 312/1/85 320/1/85 323/1/86
f 321/1/87 317/1/490 309/1/88
f 323/1/86 318/1/89 310/1/89
f 309/1/88 317/1/490 324/1/90
f 311/1/91 319/1/491 322/1/9
f 324/1/90 319/1/491 311/1/91
f 314/1/9 322/1/9 320/1/85
f 313/1/87 325/1/92 326/1/92
f 313/1/93 309/1/93 311/1/93
f 309/1/93 316/1/93 311/1/93
f 311/1/93 314/1/93 313/1/93
f 314/1/93 312/1/93 313/1/93
f 310/1/93 325/1/93 313/1/93
f 341/1/93 339/1/93 338/1/93
f 339/1/93 335/1/93 338/1/93
f 335/1/93 342/1/93 337/1/93
f 337/1/93 340/1/93 338/1/93
f 333/1/94 341/1/94 338/1/85
f 327/1/88 335/1/88 339/1/87
f 328/1/89 336/1/89 341/1/94
f 331/1/84 343/1/84 328/1/84
f 334/1/90 342/1/90 335/1/88
f 329/1/91 332/1/9 340/1/9
f 334/1/90 329/1/91 337/1/91
f 332/1/9 330/1/85 338/1/85
f 339/1/87 344/1/92 343/1/92
f 334/1/84 327/1/84 329/1/84
f 327/1/84 331/1/84 329/1/84
f 331/1/84 333/1/84 330/1/84
f 330/1/84 332/1/84 329/1/84
f 339/1/93 341/1/93 336/1/93
f 346/1/95 345/1/95 349/1/95
f 351/1/90 347/1/90 348/1/90
f 350/1/9 352/1/9 348/1/9
f 362/1/96 367/1/96 365/1/96
f 361/1/96 365/1/96 367/1/96
f 367/1/96 364/1/96 361/1/96
f 364/1/96 366/1/96 363/1/96
f 361/1/96 364/1/96 363/1/96
f 356/1/97 364/1/97 367/1/98
f 365/1/99 361/1/100 353/1/100
f 367/1/98 362/1/101 354/1/101
f 361/1/100 368/1/102 360/1/102
f 355/1/103 363/1/103 366/1/9
f 360/1/102 368/1/102 363/1/103
f 358/1/9 366/1/9 364/1/97
f 369/1/104 370/1/104 365/1/99
f 357/1/105 353/1/105 356/1/105
f 353/1/105 360/1/105 355/1/105
f 356/1/105 353/1/105 355/1/105
f 355/1/105 358/1/105 356/1/105
f 354/1/105 369/1/105 357/1/105
f 385/1/105 383/1/105 382/1/105
f 383/1/105 379/1/105 382/1/105
f 379/1/105 386/1/105 381/1/105
f 381/1/105 384/1/105 379/1/105
f 377/1/98 385/1/98 382/1/97
f 371/1/100 379/1/100 383/1/99
f 372/1/101 380/1/101 385/1/98
f 375/1/96 387/1/96 372/1/96
f 371/1/100 378/1/102 386/1/102
f 373/1/103 376/1/9 384/1/9
f 373/1/103 381/1/103 386/1/102
f 376/1/9 374/1/97 382/1/97
f 375/1/99 383/1/99 388/1/104
f 378/1/96 371/1/96 373/1/96
f 371/1/96 375/1/96 373/1/96
f 375/1/96 377/1/96 374/1/96
f 374/1/96 376/1/96 373/1/96
f 383/1/105 385/1/105 380/1/105
f 390/1/106 389/1/106 393/1/106
f 395/1/102 391/1/102 392/1/102
f 396/1/9 392/1/9 390/1/9
f 406/1/107 411/1/107 409/1/107
f 405/1/107 409/1/107 411/1/107
f 411/1/107 408/1/107 410/1/107
f 410/1/107 407/1/107 405/1/107
f 407/1/107 412/1/107 405/1/107
f 408/1/108 411/1/109 403/1/109
f 409/1/110 405/1/111 397/1/111
f 411/1/109 406/1/112 398/1/112
f 397/1/111 405/1/111 412/1/113
f 399/1/114 407/1/114 410/1/9
f 412/1/113 407/1/114 399/1/114
f 402/1/9 410/1/9 408/1/108
f 401/1/110 413/1/115 414/1/115
f 401/1/116 397/1/116 402/1/116
f 397/1/116 404/1/116 399/1/116
f 402/1/116 397/1/116 399/1/116
f 402/1/116 400/1/116 401/1/116
f 398/1/116 413/1/116 401/1/116
f 429/1/116 427/1/116 426/1/116
f 427/1/116 423/1/116 426/1/116
f 423/1/116 430/1/116 425/1/116
f 425/1/116 428/1/116 426/1/116
f 418/1/108 421/1/109 429/1/109
f 419/1/110 415/1/111 423/1/111
f 421/1/109 416/1/112 424/1/112
f 419/1/107 431/1/107 416/1/107
f 415/1/111 422/1/113 430/1/113
f 420/1/9 428/1/9 425/1/114
f 417/1/114 425/1/114 430/1/113
f 420/1/9 418/1/108 426/1/108
f 419/1/110 427/1/110 432/1/115
f 422/1/107 415/1/107 417/1/107
f 415/1/107 419/1/107 417/1/107
f 419/1/107 421/1/107 418/1/107
f 418/1/107 420/1/107 417/1/107
f 427/1/116 429/1/116 424/1/116
f 434/1/117 433/1/117 437/1/117
f 439/1/113 435/1/113 436/1/113
f 440/1/9 436/1/9 434/1/9
f 450/1/118 455/1/118 453/1/118
f 449/1/118 453/1/118 452/1/118
f 453/1/118 455/1/118 452/1/118
f 452/1/118 454/1/118 449/1/118
f 454/1/118 451/1/118 449/1/118
f 452/1/119 455/1/120 447/1/120
f 453/1/121 449/1/122 441/1/122
f 447/1/120 455/1/120 450/1/123
f 449/1/122 456/1/124 448/1/124
f 443/1/125 451/1/125 454/1/9
f 448/1/124 456/1/124 451/1/125
f 454/1/9 452/1/119 444/1/119
f 457/1/126 458/1/126 453/1/121
f 445/1/127 441/1/127 443/1/127
f 441/1/127 448/1/127 443/1/127
f 443/1/127 446/1/127 445/1/127
f 446/1/127 444/1/127 445/1/127
f 442/1/127 457/1/127 445/1/127
f 473/1/127 471/1/127 470/1/127
f 471/1/127 467/1/127 470/1/127
f 467/1/127 474/1/127 469/1/127
f 469/1/127 472/1/127 467/1/127
f 462/1/119 465/1/120 473/1/120
f 459/1/122 467/1/122 471/1/128
f 465/1/120 460/1/123 468/1/123
f 463/1/118 475/1/118 460/1/118
f 466/1/124 474/1/124 467/1/122
f 461/1/125 464/1/9 472/1/9
f 466/1/124 461/1/125 469/1/125
f 462/1/119 470/1/119 472/1/9
f 471/1/128 476/1/126 475/1/126
f 466/1/118 459/1/118 461/1/118
f 459/1/118 463/1/118 461/1/118
f 463/1/118 465/1/118 462/1/118
f 462/1/118 464/1/118 461/1/118
f 471/1/127 473/1/127 468/1/127
f 478/1/129 477/1/129 481/1/129
f 483/1/124 479/1/124 480/1/124
f 482/1/9 484/1/9 480/1/9
f 494/1/130 499/1/130 497/1/130
f 493/1/130 497/1/130 499/1/130
f 499/1/130 496/1/130 493/1/130
f 496/1/130 498/1/130 495/1/130
f 493/1/130 496/1/130 495/1/130
f 488/1/131 496/1/131 499/1/132
f 489/1/133 497/1/133 493/1/134
f 499/1/132 494/1/135 486/1/135
f 485/1/134 493/1/134 500/1/136
f 495/1/137 498/1/9 490/1/9
f 500/1/136 495/1/137 487/1/137
f 498/1/9 496/1/131 488/1/131
f 489/1/133 501/1/138 502/1/138
f 489/1/139 485/1/139 487/1/139
f 485/1/139 492/1/139 487/1/139
f 487/1/139 490/1/139 488/1/139
f 491/1/139 487/1/139 488/1/139
f 486/1/139 501/1/139 489/1/139
f 517/1/139 515/1/139 514/1/139
f 515/1/139 511/1/139 514/1/139
f 511/1/139 518/1/139 513/1/139
f 513/1/139 516/1/139 514/1/139
f 509/1/140 517/1/140 514/1/131
f 507/1/133 503/1/134 511/1/134
f 504/1/135 512/1/135 517/1/140
f 507/1/130 519/1/130 504/1/130
f 510/1/141 518/1/136 511/1/134
f 508/1/9 516/1/9 513/1/137
f 510/1/141 505/1/137 513/1/137
f 506/1/131 514/1/131 516/1/9
f 515/1/133 520/1/138 519/1/138
f 510/1/130 503/1/130 505/1/130
f 503/1/130 507/1/130 505/1/130
f 507/1/130 509/1/130 506/1/130
f 506/1/130 508/1/130 505/1/130
f 515/1/139 517/1/139 512/1/139
f 522/1/142 521/1/142 525/1/142
f 527/1/141 523/1/141 524/1/141
f 528/1/9 524/1/9 522/1/9
f 538/1/143 543/1/143 541/1/143
f 537/1/143 541/1/143 540/1/143
f 541/1/143 543/1/143 540/1/143
f 540/1/143 542/1/143 539/1/143
f 537/1/143 539/1/143 544/1/143
f 540/1/144 543/1/145 535/1/145
f 533/1/146 541/1/146 537/1/147
f 543/1/145 538/1/149 530/1/149
f 537/1/147 544/1/150 536/1/150
f 539/1/151 542/1/9 534/1/9
f 536/1/150 544/1/150 539/1/151
f 542/1/9 540/1/144 532/1/144
f 545/1/153 546/1/153 541/1/146
f 533/1/154 529/1/154 532/1/154
f 529/1/154 536/1/154 531/1/154
f 532/1/154 529/1/154 531/1/154
f 531/1/154 534/1/154 532/1/154
f 530/1/154 545/1/154 533/1/154
f 561/1/154 559/1/154 558/1/155
f 559/1/154 555/1/154 558/1/155
f 555/1/154 562/1/155 557/1/155
f 557/1/155 560/1/154 558/1/155
f 553/1/145 561/1/145 558/1/144
f 551/1/146 547/1/147 555/1/148
f 548/1/149 556/1/149 561/1/145
f 551/1/143 563/1/143 548/1/143
f 547/1/147 554/1/157 562/1/150
f 552/1/9 560/1/9 557/1/152
f 549/1/151 557/1/152 562/1/150
f 550/1/156 558/1/144 560/1/9
f 551/1/146 559/1/146 564/1/153
f 554/1/143 547/1/143 549/1/143
f 547/1/143 551/1/143 549/1/143
f 551/1/143 553/1/143 550/1/143
f 550/1/143 552/1/143 549/1/143
f 559/1/154 561/1/154 556/1/154
f 566/1/158 565/1/158 569/1/158
f 571/1/150 567/1/150 568/1/150
f 572/1/9 568/1/9 566/1/9
f 582/1/159 587/1/159 585/1/159
f 581/1/159 585/1/159 584/1/159
f 585/1/159 587/1/159 584/1/159
f 584/1/159 586/1/159 581/1/159
f 586/1/159 583/1/159 581/1/159
f 576/1/160 584/1/160 587/1/161
f 577/1/162 585/1/162 581/1/163
f 587/1/161 582/1/164 574/1/164
f 573/1/163 581/1/163 588/1/165
f 583/1/166 586/1/9 578/1/9
f 588/1/165 583/1/166 575/1/166
f 586/1/9 584/1/160 576/1/160
f 577/1/162 589/1/167 590/1/167
f 577/1/168 573/1/168 575/1/168
f 573/1/168 580/1/492 575/1/168
f 575/1/168 578/1/168 577/1/168
f 578/1/168 576/1/168 577/1/168
f 574/1/168 589/1/168 577/1/168
f 605/1/168 603/1/168 602/1/168
f 603/1/168 599/1/168 602/1/168
f 599/1/168 606/1/168 601/1/168
f 601/1/168 604/1/168 602/1/168
f 594/1/160 597/1/161 605/1/161
f 591/1/163 599/1/163 603/1/162
f 597/1/161 592/1/164 600/1/164
f 595/1/159 607/1/159 592/1/159
f 591/1/163 598/1/169 606/1/169
f 593/1/166 596/1/9 604/1/9
f 593/1/166 601/1/166 606/1/169
f 596/1/9 594/1/160 602/1/160
f 595/1/162 603/1/162 608/1/167
f 598/1/493 591/1/159 593/1/159
f 591/1/159 595/1/159 593/1/159
f 595/1/159 597/1/159 594/1/159
f 594/1/159 596/1/159 593/1/159
f 603/1/168 605/1/168 600/1/168
f 610/1/170 609/1/170 613/1/170
f 615/1/169 611/1/169 612/1/169
f 614/1/9 616/1/9 612/1/9
f 626/1/171 631/1/171 629/1/171
f 625/1/171 629/1/171 628/1/171
f 629/1/171 631/1/171 628/1/171
f 628/1/171 630/1/171 627/1/171
f 625/1/171 628/1/171 627/1/171
f 620/1/172 628/1/172 631/1/173
f 629/1/174 625/1/175 617/1/175
f 631/1/173 626/1/176 618/1/176
f 617/1/175 625/1/175 632/1/177
f 619/1/178 627/1/178 630/1/9
f 632/1/177 627/1/178 619/1/178
f 630/1/9 628/1/172 620/1/172
f 621/1/174 633/1/179 634/1/179
f 621/1/180 617/1/180 619/1/180
f 617/1/180 624/1/180 619/1/180
f 619/1/180 622/1/180 621/1/180
f 622/1/180 620/1/180 621/1/180
f 618/1/180 633/1/180 621/1/180
f 649/1/180 647/1/180 646/1/180
f 647/1/180 643/1/180 646/1/180
f 643/1/180 650/1/180 645/1/180
f 645/1/180 648/1/180 643/1/180
f 638/1/172 641/1/173 649/1/173
f 635/1/175 643/1/175 647/1/174
f 641/1/173 636/1/176 644/1/176
f 639/1/171 651/1/171 636/1/171
f 642/1/177 650/1/177 643/1/175
f 637/1/178 640/1/9 648/1/9
f 642/1/177 637/1/178 645/1/178
f 640/1/9 638/1/172 646/1/172
f 639/1/174 647/1/174 652/1/179
f 642/1/171 635/1/171 637/1/171
f 635/1/171 639/1/171 637/1/171
f 639/1/171 641/1/171 638/1/171
f 638/1/171 640/1/171 637/1/171
f 647/1/180 649/1/180 644/1/180
f 654/1/181 653/1/181 657/1/181
f 659/1/177 655/1/177 656/1/177
f 658/1/9 660/1/9 656/1/9
f 670/1/182 675/1/182 673/1/182
f 669/1/182 673/1/182 675/1/182
f 675/1/182 672/1/182 669/1/182
f 672/1/182 674/1/182 671/1/182
f 669/1/182 672/1/182 671/1/182
f 672/1/183 675/1/184 667/1/184
f 673/1/185 669/1/186 661/1/186
f 667/1/184 675/1/184 670/1/187
f 661/1/186 669/1/186 676/1/188
f 663/1/189 671/1/189 674/1/9
f 676/1/188 671/1/189 663/1/189
f 666/1/9 674/1/9 672/1/183
f 677/1/190 678/1/190 673/1/185
f 665/1/191 661/1/191 663/1/191
f 661/1/191 668/1/191 663/1/191
f 663/1/191 666/1/191 665/1/191
f 666/1/191 664/1/191 665/1/191
f 662/1/191 677/1/191 665/1/191
f 693/1/191 691/1/191 690/1/191
f 691/1/191 687/1/191 690/1/191
f 687/1/191 694/1/191 689/1/191
f 689/1/191 692/1/191 690/1/191
f 682/1/183 685/1/184 693/1/184
f 683/1/185 679/1/186 687/1/186
f 685/1/184 680/1/187 688/1/187
f 683/1/182 695/1/182 680/1/182
f 686/1/188 694/1/188 687/1/186
f 684/1/9 692/1/9 689/1/189
f 686/1/188 681/1/189 689/1/189
f 682/1/183 690/1/183 692/1/9
f 691/1/185 696/1/190 695/1/190
f 686/1/182 679/1/182 681/1/182
f 679/1/182 683/1/182 681/1/182
f 683/1/182 685/1/182 682/1/182
f 682/1/182 684/1/182 681/1/182
f 691/1/191 693/1/191 688/1/191
f 698/1/192 697/1/192 701/1/192
f 703/1/188 699/1/188 700/1/188
f 702/1/9 704/1/9 700/1/9
f 714/1/193 719/1/193 717/1/193
f 713/1/193 717/1/193 719/1/193
f 719/1/193 716/1/193 718/1/193
f 718/1/193 715/1/193 713/1/193
f 715/1/193 720/1/193 713/1/193
f 716/1/194 719/1/195 711/1/195
f 709/1/197 717/1/197 713/1/198
f 719/1/195 714/1/200 706/1/200
f 705/1/199 713/1/198 720/1/201
f 715/1/202 718/1/9 710/1/9
f 720/1/201 715/1/202 707/1/202
f 710/1/9 718/1/9 716/1/194
f 721/1/203 722/1/494 717/1/197
f 709/1/204 705/1/204 707/1/204
f 705/1/204 712/1/204 707/1/204
f 707/1/204 710/1/204 709/1/204
f 710/1/204 708/1/204 711/1/204
f 706/1/204 721/1/204 709/1/204
f 737/1/204 735/1/204 734/1/204
f 735/1/204 731/1/204 734/1/204
f 731/1/204 738/1/204 733/1/204
f 733/1/204 736/1/204 731/1/204
f 726/1/194 729/1/205 737/1/205
f 727/1/197 723/1/199 731/1/199
f 729/1/205 724/1/200 732/1/200
f 727/1/193 739/1/193 724/1/193
f 730/1/201 738/1/201 731/1/199
f 728/1/9 736/1/9 733/1/206
f 730/1/201 725/1/206 733/1/206
f 726/1/194 734/1/194 736/1/9
f 735/1/197 740/1/203 739/1/203
f 730/1/193 723/1/193 725/1/193
f 723/1/193 727/1/193 725/1/193
f 727/1/193 729/1/193 726/1/193
f 726/1/193 728/1/193 725/1/193
f 735/1/204 737/1/204 732/1/204
f 742/1/207 741/1/207 745/1/207
f 747/1/201 743/1/201 744/1/201
f 748/1/9 744/1/9 742/1/9
f 758/1/208 763/1/208 761/1/208
f 757/1/208 761/1/208 760/1/208
f 761/1/208 763/1/208 760/1/208
f 760/1/208 762/1/208 764/1/208
f 762/1/208 759/1/208 764/1/208
f 760/1/209 763/1/210 755/1/210
f 761/1/211 757/1/212 749/1/212
f 755/1/210 763/1/210 758/1/213
f 749/1/212 757/1/212 764/1/214
f 751/1/215 759/1/215 762/1/9
f 764/1/214 759/1/215 751/1/215
f 762/1/9 760/1/209 752/1/209
f 753/1/211 765/1/216 766/1/216
f 753/1/217 749/1/217 751/1/217
f 749/1/217 756/1/495 751/1/217
f 751/1/217 754/1/217 752/1/217
f 753/1/217 752/1/217 755/1/217
f 750/1/217 765/1/217 753/1/217
f 781/1/217 779/1/217 778/1/217
f 779/1/217 775/1/217 778/1/217
f 775/1/217 782/1/217 777/1/217
f 777/1/217 780/1/217 778/1/217
f 773/1/218 781/1/218 778/1/209
f 771/1/211 767/1/212 775/1/212
f 768/1/213 776/1/213 781/1/218
f 771/1/208 783/1/208 768/1/208
f 767/1/212 774/1/214 782/1/214
f 772/1/9 780/1/9 777/1/215
f 769/1/215 777/1/215 782/1/214
f 770/1/209 778/1/209 780/1/9
f 771/1/211 779/1/211 784/1/216
f 774/1/208 767/1/208 769/1/208
f 767/1/208 771/1/208 769/1/208
f 771/1/208 773/1/208 770/1/208
f 770/1/208 772/1/208 769/1/208
f 779/1/217 781/1/217 776/1/217
f 786/1/219 785/1/219 789/1/219
f 791/1/214 787/1/214 788/1/214
f 792/1/9 788/1/9 786/1/9
f 802/1/220 807/1/220 805/1/220
f 801/1/220 805/1/220 804/1/220
f 805/1/220 807/1/220 804/1/220
f 804/1/220 806/1/220 801/1/220
f 806/1/220 803/1/220 801/1/220
f 796/1/221 804/1/221 807/1/222
f 797/1/223 805/1/223 801/1/224
f 799/1/222 807/1/222 802/1/225
f 793/1/224 801/1/224 808/1/226
f 803/1/227 806/1/9 798/1/9
f 808/1/226 803/1/227 795/1/227
f 806/1/9 804/1/221 796/1/221
f 809/1/228 810/1/228 805/1/223
f 797/1/229 793/1/229 798/1/229
f 793/1/229 800/1/229 795/1/229
f 798/1/229 793/1/229 795/1/229
f 798/1/229 796/1/229 797/1/229
f 794/1/229 809/1/229 797/1/229
f 825/1/229 823/1/229 822/1/229
f 823/1/229 819/1/229 822/1/229
f 819/1/229 826/1/229 821/1/229
f 821/1/229 824/1/229 819/1/229
f 817/1/222 825/1/230 822/1/221
f 811/1/224 819/1/224 823/1/223
f 812/1/225 820/1/225 825/1/230
f 815/1/220 827/1/220 812/1/220
f 818/1/226 826/1/226 819/1/224
f 813/1/227 816/1/9 824/1/9
f 818/1/226 813/1/227 821/1/227
f 816/1/9 814/1/221 822/1/221
f 815/1/223 823/1/223 828/1/228
f 818/1/220 811/1/220 813/1/220
f 811/1/220 815/1/220 813/1/220
f 815/1/220 817/1/220 814/1/220
f 814/1/220 816/1/220 813/1/220
f 823/1/229 825/1/229 820/1/229
f 830/1/231 829/1/231 833/1/231
f 835/1/226 831/1/226 832/1/226
f 836/1/9 832/1/9 830/1/9
f 846/1/232 851/1/232 849/1/232
f 845/1/232 849/1/232 848/1/232
f 849/1/232 851/1/232 848/1/232
f 848/1/232 850/1/232 845/1/232
f 850/1/232 847/1/232 845/1/232
f 840/1/233 848/1/233 851/1/234
f 849/1/235 845/1/236 837/1/236
f 851/1/234 846/1/496 838/1/237
f 837/1/236 845/1/236 852/1/238
f 839/1/239 847/1/239 850/1/9
f 852/1/238 847/1/239 839/1/239
f 842/1/9 850/1/9 848/1/233
f 841/1/235 853/1/240 854/1/240
f 841/1/241 837/1/241 840/1/241
f 837/1/241 844/1/241 839/1/241
f 840/1/241 839/1/241 842/1/241
f 837/1/241 839/1/241 840/1/241
f 838/1/241 853/1/241 841/1/241
f 869/1/241 867/1/241 866/1/241
f 867/1/241 863/1/241 866/1/241
f 863/1/241 870/1/241 865/1/241
f 865/1/241 868/1/241 866/1/241
f 861/1/234 869/1/234 866/1/233
f 859/1/235 855/1/236 863/1/236
f 856/1/237 864/1/496 869/1/234
f 859/1/232 871/1/232 856/1/232
f 855/1/236 862/1/238 870/1/238
f 860/1/9 868/1/9 865/1/239
f 857/1/239 865/1/239 870/1/238
f 858/1/233 866/1/233 868/1/9
f 867/1/235 872/1/242 871/1/242
f 862/1/232 855/1/232 857/1/232
f 855/1/232 859/1/232 857/1/232
f 859/1/232 861/1/232 858/1/232
f 858/1/232 860/1/232 857/1/232
f 867/1/241 869/1/241 864/1/241
f 874/1/243 873/1/243 877/1/243
f 879/1/238 875/1/238 876/1/238
f 880/1/9 876/1/9 874/1/9
f 890/1/244 895/1/244 893/1/244
f 889/1/244 893/1/244 895/1/244
f 895/1/244 892/1/244 894/1/244
f 894/1/244 891/1/244 889/1/244
f 891/1/244 896/1/244 889/1/244
f 884/1/245 892/1/245 895/1/246
f 885/1/247 893/1/247 889/1/248
f 895/1/246 890/1/249 882/1/249
f 889/1/248 896/1/250 888/1/250
f 891/1/251 894/1/9 886/1/9
f 888/1/250 896/1/250 891/1/251
f 894/1/9 892/1/245 884/1/245
f 897/1/252 898/1/252 893/1/247
f 885/1/253 881/1/253 883/1/253
f 881/1/253 888/1/253 883/1/253
f 883/1/253 886/1/253 885/1/253
f 886/1/253 884/1/253 885/1/253
f 882/1/253 897/1/253 885/1/253
f 913/1/253 911/1/253 910/1/253
f 911/1/253 907/1/253 910/1/253
f 907/1/253 914/1/253 909/1/253
f 909/1/253 912/1/253 910/1/253
f 905/1/246 913/1/246 910/1/245
f 903/1/247 899/1/248 907/1/248
f 905/1/246 900/1/249 908/1/249
f 903/1/244 915/1/244 900/1/244
f 906/1/250 914/1/250 907/1/248
f 904/1/9 912/1/9 909/1/251
f 906/1/250 901/1/251 909/1/251
f 904/1/9 902/1/245 910/1/245
f 903/1/247 911/1/247 916/1/252
f 906/1/244 899/1/244 901/1/244
f 899/1/244 903/1/244 901/1/244
f 903/1/244 905/1/244 902/1/244
f 902/1/244 904/1/244 901/1/244
f 911/1/253 913/1/253 908/1/253
f 918/1/254 917/1/254 921/1/254
f 923/1/250 919/1/250 920/1/250
f 924/1/9 920/1/9 918/1/9
f 934/1/255 939/1/255 937/1/255
f 933/1/255 937/1/255 939/1/255
f 939/1/255 936/1/255 938/1/255
f 938/1/255 935/1/255 933/1/255
f 935/1/255 940/1/255 933/1/255
f 928/1/256 936/1/14 939/1/257
f 929/1/258 937/1/258 933/1/259
f 931/1/257 939/1/257 934/1/261
f 933/1/259 940/1/262 932/1/262
f 935/1/263 938/1/9 930/1/9
f 932/1/262 940/1/262 935/1/263
f 938/1/9 936/1/14 928/1/256
f 929/1/258 941/1/264 942/1/264
f 929/1/265 925/1/265 932/1/265
f 932/1/265 927/1/265 928/1/265
f 927/1/265 930/1/265 928/1/265
f 928/1/265 931/1/265 929/1/265
f 926/1/265 941/1/265 929/1/265
f 957/1/265 955/1/265 954/1/265
f 955/1/265 951/1/265 954/1/265
f 951/1/265 958/1/265 953/1/265
f 953/1/265 956/1/265 954/1/265
f 949/1/257 957/1/257 954/1/256
f 943/1/259 951/1/260 955/1/258
f 944/1/261 952/1/261 957/1/257
f 947/1/255 959/1/255 944/1/255
f 950/1/262 958/1/262 951/1/260
f 945/1/263 948/1/9 956/1/9
f 950/1/262 945/1/263 953/1/12
f 946/1/256 954/1/256 956/1/9
f 955/1/258 960/1/264 959/1/264
f 950/1/255 943/1/255 945/1/255
f 943/1/255 947/1/255 945/1/255
f 947/1/255 949/1/255 946/1/255
f 946/1/255 948/1/255 945/1/255
f 955/1/265 957/1/265 952/1/265
f 962/1/266 961/1/266 965/1/266
f 967/1/262 963/1/262 964/1/262
f 968/1/9 964/1/9 962/1/9
f 978/1/267 983/1/267 981/1/267
f 977/1/267 981/1/267 980/1/267
f 981/1/267 983/1/267 980/1/267
f 980/1/267 982/1/267 979/1/267
f 977/1/267 980/1/267 979/1/267
f 980/1/268 983/1/269 975/1/269
f 981/1/270 977/1/271 969/1/271
f 983/1/269 978/1/272 970/1/272
f 969/1/271 977/1/271 984/1/273
f 971/1/274 979/1/274 982/1/9
f 984/1/273 979/1/274 971/1/274
f 974/1/9 982/1/9 980/1/268
f 973/1/270 985/1/275 986/1/275
f 973/1/276 969/1/276 971/1/276
f 969/1/276 976/1/276 971/1/276
f 971/1/276 974/1/276 973/1/276
f 974/1/276 972/1/276 973/1/276
f 970/1/276 985/1/276 973/1/276
f 1001/1/276 999/1/276 998/1/276
f 999/1/276 995/1/276 998/1/276
f 995/1/276 1002/1/276 997/1/276
f 997/1/276 1000/1/276 998/1/276
f 990/1/268 993/1/269 1001/1/269
f 991/1/270 987/1/271 995/1/271
f 993/1/269 988/1/272 996/1/272
f 991/1/267 1003/1/267 988/1/267
f 987/1/271 994/1/273 1002/1/273
f 992/1/9 1000/1/9 997/1/274
f 989/1/274 997/1/274 1002/1/273
f 992/1/9 990/1/268 998/1/268
f 999/1/270 1004/1/275 1003/1/275
f 994/1/267 987/1/267 989/1/267
f 987/1/267 991/1/267 989/1/267
f 991/1/267 993/1/267 990/1/267
f 990/1/267 992/1/267 989/1/267
f 999/1/276 1001/1/276 996/1/276
f 1006/1/277 1005/1/277 1009/1/277
f 1011/1/273 1007/1/273 1008/1/273
f 1012/1/9 1008/1/9 1006/1/9
f 1022/1/278 1027/1/278 1025/1/278
f 1021/1/278 1025/1/278 1024/1/278
f 1025/1/278 1027/1/278 1024/1/278
f 1024/1/278 1026/1/278 1021/1/278
f 1026/1/278 1023/1/278 1021/1/278
f 1024/1/279 1027/1/280 1019/1/280
f 1017/1/281 1025/1/281 1021/1/282
f 1019/1/280 1027/1/280 1022/1/283
f 1013/1/282 1021/1/282 1028/1/284
f 1023/1/285 1026/1/9 1018/1/9
f 1028/1/284 1023/1/285 1015/1/285
f 1026/1/9 1024/1/279 1016/1/279
f 1029/1/286 1030/1/286 1025/1/281
f 1017/1/287 1013/1/287 1018/1/287
f 1013/1/287 1020/1/287 1015/1/287
f 1018/1/287 1013/1/287 1015/1/287
f 1018/1/287 1016/1/287 1017/1/287
f 1014/1/287 1029/1/287 1017/1/287
f 1045/1/287 1043/1/287 1042/1/287
f 1043/1/287 1039/1/287 1042/1/287
f 1039/1/287 1046/1/287 1041/1/287
f 1041/1/287 1044/1/287 1042/1/287
f 1034/1/279 1037/1/280 1045/1/280
f 1035/1/288 1031/1/282 1039/1/282
f 1037/1/280 1032/1/283 1040/1/283
f 1035/1/278 1047/1/278 1032/1/278
f 1038/1/284 1046/1/284 1039/1/282
f 1036/1/9 1044/1/9 1041/1/285
f 1038/1/284 1033/1/285 1041/1/285
f 1036/1/9 1034/1/279 1042/1/279
f 1035/1/288 1043/1/288 1048/1/286
f 1038/1/278 1031/1/278 1033/1/278
f 1031/1/278 1035/1/278 1033/1/278
f 1035/1/278 1037/1/278 1034/1/278
f 1034/1/278 1036/1/278 1033/1/278
f 1043/1/287 1045/1/287 1040/1/287
f 1050/1/289 1049/1/289 1053/1/289
f 1055/1/284 1051/1/284 1052/1/284
f 1054/1/9 1056/1/9 1052/1/9
f 1066/1/290 1071/1/290 1069/1/290
f 1065/1/290 1069/1/290 1068/1/290
f 1069/1/290 1071/1/290 1068/1/290
f 1068/1/290 1070/1/290 1065/1/290
f 1070/1/290 1067/1/290 1065/1/290
f 1068/1/291 1071/1/292 1063/1/292
f 1069/1/293 1065/1/294 1057/1/294
f 1063/1/292 1071/1/292 1066/1/295
f 1057/1/294 1065/1/294 1072/1/296
f 1059/1/297 1067/1/297 1070/1/9
f 1072/1/296 1067/1/297 1059/1/297
f 1070/1/9 1068/1/291 1060/1/291
f 1073/1/298 1074/1/298 1069/1/293
f 1061/1/299 1057/1/299 1059/1/299
f 1057/1/299 1064/1/299 1059/1/299
f 1059/1/299 1062/1/299 1061/1/299
f 1062/1/299 1060/1/299 1061/1/299
f 1058/1/299 1073/1/299 1061/1/299
f 1089/1/299 1087/1/299 1086/1/299
f 1087/1/299 1083/1/299 1086/1/299
f 1083/1/299 1090/1/299 1085/1/299
f 1085/1/299 1088/1/299 1086/1/299
f 1081/1/292 1089/1/292 1086/1/291
f 1075/1/294 1083/1/294 1087/1/293
f 1076/1/295 1084/1/295 1089/1/292
f 1079/1/290 1091/1/290 1076/1/290
f 1075/1/294 1082/1/296 1090/1/296
f 1077/1/297 1080/1/9 1088/1/9
f 1077/1/297 1085/1/297 1090/1/296
f 1080/1/9 1078/1/291 1086/1/291
f 1079/1/293 1087/1/293 1092/1/298
f 1082/1/290 1075/1/290 1077/1/290
f 1075/1/290 1079/1/290 1077/1/290
f 1079/1/290 1081/1/290 1078/1/290
f 1078/1/290 1080/1/290 1077/1/290
f 1087/1/299 1089/1/299 1084/1/299
f 1094/1/300 1093/1/300 1097/1/300
f 1099/1/296 1095/1/296 1096/1/296
f 1098/1/9 1100/1/9 1096/1/9
f 1110/1/301 1115/1/301 1113/1/301
f 1109/1/301 1113/1/301 1115/1/301
f 1115/1/301 1112/1/301 1109/1/301
f 1112/1/301 1114/1/301 1111/1/301
f 1109/1/301 1112/1/301 1111/1/301
f 1104/1/303 1112/1/313 1115/1/304
f 1105/1/305 1113/1/305 1109/1/306
f 1107/1/304 1115/1/304 1110/1/307
f 1109/1/306 1116/1/308 1108/1/308
f 1111/1/309 1114/1/9 1106/1/9
f 1108/1/308 1116/1/308 1111/1/309
f 1114/1/9 1112/1/313 1104/1/303
f 1117/1/310 1118/1/310 1113/1/305
f 1105/1/312 1101/1/312 1103/1/312
f 1101/1/312 1108/1/312 1103/1/312
f 1103/1/312 1106/1/312 1105/1/312
f 1106/1/312 1104/1/311 1105/1/312
f 1102/1/312 1117/1/311 1105/1/312
f 1133/1/312 1131/1/312 1130/1/312
f 1131/1/312 1127/1/311 1130/1/312
f 1127/1/311 1134/1/312 1129/1/311
f 1129/1/311 1132/1/311 1127/1/311
f 1125/1/304 1133/1/304 1130/1/303
f 1123/1/305 1119/1/314 1127/1/314
f 1120/1/307 1128/1/307 1133/1/304
f 1123/1/301 1135/1/301 1120/1/301
f 1126/1/315 1134/1/315 1127/1/314
f 1124/1/9 1132/1/9 1129/1/316
f 1126/1/315 1121/1/316 1129/1/316
f 1122/1/313 1130/1/303 1132/1/9
f 1131/1/305 1136/1/310 1135/1/310
f 1126/1/302 1119/1/302 1121/1/301
f 1119/1/302 1123/1/301 1121/1/301
f 1123/1/301 1125/1/302 1122/1/301
f 1122/1/301 1124/1/301 1121/1/301
f 1131/1/312 1133/1/312 1128/1/312
f 1138/1/317 1137/1/317 1141/1/317
f 1143/1/308 1139/1/308 1140/1/308
f 1142/1/9 1144/1/9 1140/1/9
f 1154/1/318 1159/1/318 1157/1/318
f 1153/1/318 1157/1/318 1156/1/318
f 1157/1/318 1159/1/318 1156/1/318
f 1156/1/318 1158/1/318 1153/1/318
f 1158/1/318 1155/1/318 1153/1/318
f 1156/1/319 1159/1/320 1151/1/320
f 1157/1/321 1153/1/322 1145/1/322
f 1159/1/320 1154/1/323 1146/1/323
f 1153/1/322 1160/1/324 1152/1/324
f 1147/1/325 1155/1/325 1158/1/9
f 1152/1/324 1160/1/324 1155/1/325
f 1158/1/9 1156/1/319 1148/1/319
f 1161/1/326 1162/1/326 1157/1/321
f 1149/1/327 1145/1/327 1147/1/327
f 1145/1/327 1152/1/327 1147/1/327
f 1147/1/327 1150/1/327 1148/1/327
f 1151/1/327 1147/1/327 1148/1/327
f 1146/1/327 1161/1/327 1149/1/327
f 1177/1/327 1175/1/327 1174/1/327
f 1175/1/327 1171/1/327 1174/1/327
f 1171/1/327 1178/1/327 1173/1/327
f 1173/1/327 1176/1/327 1174/1/327
f 1166/1/319 1169/1/320 1177/1/320
f 1167/1/321 1163/1/322 1171/1/322
f 1169/1/320 1164/1/323 1172/1/323
f 1167/1/318 1179/1/318 1164/1/318
f 1163/1/322 1170/1/324 1178/1/324
f 1168/1/9 1176/1/9 1173/1/325
f 1165/1/325 1173/1/325 1178/1/324
f 1168/1/9 1166/1/319 1174/1/319
f 1167/1/321 1175/1/321 1180/1/326
f 1170/1/318 1163/1/318 1165/1/318
f 1163/1/318 1167/1/318 1165/1/318
f 1167/1/318 1169/1/318 1166/1/318
f 1166/1/318 1168/1/318 1165/1/318
f 1175/1/327 1177/1/327 1172/1/327
f 1182/1/328 1181/1/328 1185/1/328
f 1187/1/324 1183/1/324 1184/1/324
f 1188/1/9 1184/1/9 1182/1/9
f 1198/1/329 1203/1/329 1201/1/329
f 1197/1/329 1201/1/329 1200/1/329
f 1201/1/329 1203/1/329 1200/1/329
f 1200/1/329 1202/1/329 1199/1/329
f 1197/1/329 1199/1/329 1204/1/329
f 1200/1/330 1203/1/331 1195/1/331
f 1193/1/333 1201/1/333 1197/1/334
f 1203/1/331 1198/1/335 1190/1/335
f 1189/1/334 1197/1/334 1204/1/336
f 1199/1/337 1202/1/9 1194/1/9
f 1204/1/336 1199/1/337 1191/1/337
f 1202/1/9 1200/1/330 1192/1/332
f 1205/1/338 1206/1/338 1201/1/333
f 1193/1/339 1189/1/339 1191/1/339
f 1189/1/339 1196/1/339 1191/1/339
f 1191/1/339 1194/1/339 1193/1/339
f 1194/1/339 1192/1/339 1193/1/339
f 1190/1/339 1205/1/339 1193/1/339
f 1221/1/339 1219/1/339 1218/1/339
f 1219/1/339 1215/1/339 1218/1/339
f 1215/1/339 1222/1/339 1217/1/339
f 1217/1/339 1220/1/339 1218/1/339
f 1210/1/332 1213/1/331 1221/1/331
f 1207/1/334 1215/1/334 1219/1/333
f 1213/1/331 1208/1/335 1216/1/335
f 1211/1/329 1223/1/329 1208/1/329
f 1214/1/336 1222/1/336 1215/1/334
f 1209/1/337 1212/1/9 1220/1/9
f 1214/1/336 1209/1/337 1217/1/337
f 1212/1/9 1210/1/332 1218/1/332
f 1211/1/333 1219/1/333 1224/1/338
f 1214/1/329 1207/1/329 1209/1/329
f 1207/1/329 1211/1/329 1209/1/329
f 1211/1/329 1213/1/329 1210/1/329
f 1210/1/329 1212/1/329 1209/1/329
f 1219/1/339 1221/1/339 1216/1/339
f 1226/1/340 1225/1/340 1229/1/340
f 1231/1/336 1227/1/336 1228/1/336
f 1232/1/9 1228/1/9 1226/1/9
f 1242/1/341 1247/1/341 1245/1/341
f 1241/1/341 1245/1/341 1244/1/341
f 1245/1/341 1247/1/341 1244/1/341
f 1244/1/341 1246/1/341 1241/1/341
f 1246/1/341 1243/1/341 1241/1/341
f 1244/1/342 1247/1/346 1239/1/343
f 1237/1/344 1245/1/344 1241/1/345
f 1247/1/346 1242/1/347 1234/1/347
f 1233/1/345 1241/1/345 1248/1/348
f 1243/1/349 1246/1/9 1238/1/9
f 1248/1/348 1243/1/349 1235/1/349
f 1246/1/9 1244/1/342 1236/1/342
f 1249/1/350 1250/1/350 1245/1/344
f 1237/1/351 1233/1/351 1235/1/351
f 1233/1/351 1240/1/351 1235/1/351
f 1235/1/351 1238/1/351 1237/1/351
f 1238/1/351 1236/1/351 1237/1/351
f 1234/1/351 1249/1/351 1237/1/351
f 1265/1/351 1263/1/351 1262/1/351
f 1263/1/351 1259/1/351 1262/1/351
f 1259/1/351 1266/1/351 1261/1/351
f 1261/1/351 1264/1/351 1262/1/351
f 1254/1/342 1257/1/346 1265/1/343
f 1251/1/345 1259/1/345 1263/1/344
f 1257/1/346 1252/1/347 1260/1/347
f 1255/1/341 1267/1/341 1252/1/341
f 1258/1/348 1266/1/348 1259/1/345
f 1253/1/349 1256/1/9 1264/1/9
f 1258/1/348 1253/1/349 1261/1/349
f 1256/1/9 1254/1/342 1262/1/352
f 1255/1/344 1263/1/344 1268/1/350
f 1258/1/341 1251/1/341 1253/1/341
f 1251/1/341 1255/1/341 1253/1/341
f 1255/1/341 1257/1/341 1254/1/341
f 1254/1/341 1256/1/341 1253/1/341
f 1263/1/351 1265/1/351 1260/1/351
f 1270/1/353 1269/1/353 1273/1/353
f 1275/1/348 1271/1/348 1272/1/348
f 1276/1/9 1272/1/9 1270/1/9
f 1286/1/354 1291/1/354 1289/1/354
f 1285/1/354 1289/1/354 1291/1/354
f 1291/1/354 1288/1/354 1290/1/354
f 1290/1/354 1287/1/354 1285/1/354
f 1287/1/354 1292/1/354 1285/1/354
f 1288/1/355 1291/1/356 1283/1/356
f 1281/1/357 1289/1/357 1285/1/358
f 1283/1/356 1291/1/356 1286/1/359
f 1277/1/358 1285/1/358 1292/1/360
f 1287/1/361 1290/1/9 1282/1/9
f 1292/1/360 1287/1/361 1279/1/361
f 1290/1/9 1288/1/355 1280/1/355
f 1293/1/362 1294/1/362 1289/1/357
f 1281/1/363 1277/1/363 1284/1/363
f 1284/1/363 1279/1/363 1280/1/363
f 1279/1/363 1282/1/363 1280/1/363
f 1280/1/363 1283/1/363 1281/1/363
f 1278/1/363 1293/1/363 1281/1/363
f 1309/1/363 1307/1/363 1306/1/363
f 1307/1/363 1303/1/363 1306/1/363
f 1303/1/363 1310/1/363 1305/1/363
f 1305/1/363 1308/1/363 1303/1/363
f 1301/1/356 1309/1/356 1306/1/355
f 1299/1/357 1295/1/358 1303/1/358
f 1301/1/356 1296/1/359 1304/1/359
f 1299/1/354 1311/1/354 1296/1/354
f 1302/1/360 1310/1/360 1303/1/358
f 1300/1/9 1308/1/9 1305/1/361
f 1302/1/360 1297/1/361 1305/1/361
f 1298/1/355 1306/1/355 1308/1/9
f 1307/1/357 1312/1/362 1311/1/362
f 1302/1/354 1295/1/354 1297/1/354
f 1295/1/354 1299/1/354 1297/1/354
f 1299/1/354 1301/1/354 1298/1/354
f 1298/1/354 1300/1/354 1297/1/354
f 1307/1/363 1309/1/363 1304/1/363
f 1314/1/364 1313/1/364 1317/1/364
f 1319/1/360 1315/1/360 1316/1/360
f 1320/1/9 1316/1/9 1314/1/9
f 1330/1/365 1335/1/365 1333/1/365
f 1329/1/365 1333/1/365 1335/1/365
f 1335/1/365 1332/1/365 1334/1/365
f 1334/1/365 1331/1/365 1329/1/365
f 1331/1/365 1336/1/365 1329/1/365
f 1324/1/366 1332/1/366 1335/1/367
f 1325/1/368 1333/1/368 1329/1/369
f 1327/1/367 1335/1/367 1330/1/370
f 1329/1/369 1336/1/371 1328/1/371
f 1331/1/372 1334/1/9 1326/1/9
f 1328/1/371 1336/1/371 1331/1/372
f 1334/1/9 1332/1/366 1324/1/366
f 1337/1/373 1338/1/373 1333/1/368
f 1325/1/374 1321/1/374 1323/1/374
f 1321/1/374 1328/1/374 1323/1/374
f 1323/1/374 1326/1/374 1325/1/374
f 1326/1/374 1324/1/374 1325/1/374
f 1322/1/374 1337/1/374 1325/1/374
f 1353/1/374 1351/1/374 1350/1/374
f 1351/1/374 1347/1/374 1350/1/374
f 1347/1/374 1354/1/374 1349/1/374
f 1349/1/374 1352/1/374 1350/1/374
f 1345/1/367 1353/1/367 1350/1/366
f 1339/1/369 1347/1/369 1351/1/368
f 1340/1/370 1348/1/370 1353/1/367
f 1343/1/365 1355/1/365 1340/1/365
f 1339/1/369 1346/1/371 1354/1/371
f 1341/1/372 1344/1/9 1352/1/9
f 1341/1/372 1349/1/372 1354/1/371
f 1344/1/9 1342/1/366 1350/1/366
f 1343/1/368 1351/1/368 1356/1/373
f 1346/1/365 1339/1/365 1341/1/365
f 1339/1/365 1343/1/365 1341/1/365
f 1343/1/365 1345/1/365 1342/1/365
f 1342/1/365 1344/1/365 1341/1/365
f 1351/1/374 1353/1/374 1348/1/374
f 1358/1/375 1357/1/375 1361/1/375
f 1363/1/371 1359/1/371 1360/1/371
f 1364/1/9 1360/1/9 1358/1/9
f 1374/1/376 1379/1/376 1377/1/376
f 1373/1/376 1377/1/376 1376/1/376
f 1377/1/376 1379/1/376 1376/1/376
f 1376/1/376 1378/1/376 1375/1/376
f 1373/1/376 1375/1/376 1380/1/376
f 1368/1/377 1376/1/377 1379/1/378
f 1369/1/379 1377/1/379 1373/1/380
f 1371/1/378 1379/1/378 1374/1/381
f 1373/1/380 1380/1/382 1372/1/382
f 1375/1/383 1378/1/9 1370/1/9
f 1372/1/382 1380/1/382 1375/1/383
f 1378/1/9 1376/1/377 1368/1/377
f 1381/1/384 1382/1/384 1377/1/379
f 1369/1/385 1365/1/385 1367/1/385
f 1365/1/385 1372/1/497 1367/1/385
f 1367/1/385 1370/1/385 1368/1/385
f 1371/1/385 1367/1/385 1368/1/385
f 1366/1/385 1381/1/385 1369/1/385
f 1397/1/385 1395/1/385 1394/1/385
f 1395/1/385 1391/1/385 1394/1/385
f 1391/1/385 1398/1/385 1393/1/385
f 1393/1/385 1396/1/385 1394/1/385
f 1386/1/377 1389/1/378 1397/1/378
f 1387/1/379 1383/1/386 1391/1/380
f 1389/1/378 1384/1/381 1392/1/381
f 1387/1/376 1399/1/376 1384/1/376
f 1383/1/386 1390/1/382 1398/1/382
f 1388/1/9 1396/1/9 1393/1/383
f 1385/1/387 1393/1/383 1398/1/382
f 1386/1/377 1394/1/377 1396/1/9
f 1395/1/379 1400/1/384 1399/1/384
f 1390/1/498 1383/1/376 1385/1/376
f 1383/1/376 1387/1/376 1385/1/376
f 1387/1/376 1389/1/376 1386/1/376
f 1386/1/376 1388/1/376 1385/1/376
f 1395/1/385 1397/1/385 1392/1/385
f 1402/1/388 1401/1/388 1405/1/388
f 1407/1/382 1403/1/382 1404/1/382
f 1408/1/9 1404/1/9 1402/1/9
f 1418/1/389 1423/1/389 1421/1/389
f 1417/1/389 1421/1/389 1420/1/389
f 1421/1/389 1423/1/389 1420/1/389
f 1420/1/389 1422/1/389 1417/1/389
f 1422/1/389 1419/1/389 1417/1/389
f 1420/1/390 1423/1/391 1415/1/391
f 1421/1/392 1417/1/393 1409/1/393
f 1423/1/391 1418/1/394 1410/1/394
f 1417/1/393 1424/1/395 1416/1/395
f 1411/1/396 1419/1/396 1422/1/9
f 1416/1/395 1424/1/395 1419/1/396
f 1422/1/9 1420/1/390 1412/1/390
f 1425/1/397 1426/1/397 1421/1/392
f 1413/1/398 1409/1/398 1411/1/398
f 1409/1/398 1416/1/398 1411/1/398
f 1411/1/398 1414/1/398 1412/1/398
f 1413/1/398 1412/1/398 1415/1/398
f 1410/1/398 1425/1/398 1413/1/398
f 1441/1/398 1439/1/398 1438/1/398
f 1439/1/398 1435/1/398 1438/1/398
f 1435/1/398 1442/1/398 1437/1/398
f 1437/1/398 1440/1/398 1438/1/398
f 1430/1/390 1433/1/391 1441/1/391
f 1427/1/393 1435/1/393 1439/1/392
f 1433/1/391 1428/1/394 1436/1/394
f 1431/1/389 1443/1/389 1428/1/389
f 1427/1/393 1434/1/395 1442/1/395
f 1429/1/396 1432/1/9 1440/1/9
f 1429/1/396 1437/1/396 1442/1/395
f 1432/1/9 1430/1/390 1438/1/390
f 1431/1/392 1439/1/392 1444/1/397
f 1434/1/389 1427/1/389 1429/1/389
f 1427/1/389 1431/1/389 1429/1/389
f 1431/1/389 1433/1/389 1430/1/389
f 1430/1/389 1432/1/389 1429/1/389
f 1439/1/398 1441/1/398 1436/1/398
f 1446/1/399 1445/1/399 1449/1/399
f 1451/1/395 1447/1/395 1448/1/395
f 1452/1/9 1448/1/9 1446/1/9
f 1462/1/400 1467/1/400 1465/1/400
f 1461/1/400 1465/1/400 1467/1/400
f 1467/1/400 1464/1/400 1466/1/400
f 1466/1/400 1463/1/400 1461/1/400
f 1463/1/400 1468/1/400 1461/1/400
f 1456/1/401 1464/1/401 1467/1/402
f 1465/1/403 1461/1/404 1453/1/404
f 1459/1/402 1467/1/402 1462/1/405
f 1453/1/404 1461/1/404 1468/1/406
f 1455/1/407 1463/1/407 1466/1/9
f 1468/1/406 1463/1/407 1455/1/407
f 1458/1/9 1466/1/9 1464/1/401
f 1457/1/403 1469/1/408 1470/1/408
f 1457/1/409 1453/1/409 1455/1/409
f 1453/1/409 1460/1/409 1455/1/409
f 1455/1/409 1458/1/409 1456/1/409
f 1459/1/409 1455/1/409 1456/1/409
f 1454/1/409 1469/1/409 1457/1/409
f 1485/1/409 1483/1/409 1482/1/409
f 1483/1/409 1479/1/409 1482/1/409
f 1479/1/409 1486/1/409 1481/1/409
f 1481/1/409 1484/1/409 1482/1/409
f 1477/1/402 1485/1/402 1482/1/401
f 1475/1/410 1471/1/404 1479/1/404
f 1472/1/411 1480/1/411 1485/1/402
f 1475/1/400 1487/1/400 1472/1/400
f 1471/1/404 1478/1/406 1486/1/406
f 1476/1/9 1484/1/9 1481/1/407
f 1473/1/407 1481/1/407 1486/1/406
f 1474/1/401 1482/1/401 1484/1/9
f 1475/1/410 1483/1/410 1488/1/408
f 1478/1/400 1471/1/400 1473/1/400
f 1471/1/400 1475/1/400 1473/1/400
f 1475/1/400 1477/1/400 1474/1/400
f 1474/1/400 1476/1/400 1475/1/400
f 1483/1/409 1485/1/409 1480/1/409
f 1490/1/412 1489/1/412 1493/1/412
f 1495/1/406 1491/1/406 1492/1/406
f 1496/1/9 1492/1/9 1490/1/9
f 1506/1/413 1511/1/413 1509/1/413
f 1505/1/413 1509/1/413 1508/1/413
f 1509/1/413 1511/1/413 1508/1/413
f 1508/1/413 1510/1/413 1505/1/413
f 1510/1/413 1507/1/413 1505/1/413
f 1500/1/414 1508/1/414 1511/1/415
f 1501/1/416 1509/1/416 1505/1/417
f 1503/1/415 1511/1/415 1506/1/418
f 1505/1/417 1512/1/419 1504/1/419
f 1507/1/420 1510/1/9 1502/1/9
f 1504/1/419 1512/1/419 1507/1/420
f 1510/1/9 1508/1/414 1500/1/414
f 1501/1/416 1513/1/421 1514/1/421
f 1501/1/422 1497/1/422 1499/1/422
f 1497/1/422 1504/1/422 1499/1/422
f 1499/1/422 1502/1/422 1501/1/422
f 1502/1/422 1500/1/422 1501/1/422
f 1498/1/422 1513/1/422 1501/1/422
f 1529/1/422 1527/1/422 1526/1/422
f 1527/1/422 1523/1/422 1526/1/422
f 1523/1/422 1530/1/422 1525/1/422
f 1525/1/422 1528/1/422 1526/1/422
f 1521/1/415 1529/1/415 1526/1/414
f 1515/1/417 1523/1/417 1527/1/423
f 1516/1/418 1524/1/418 1529/1/415
f 1519/1/413 1531/1/413 1516/1/413
f 1522/1/419 1530/1/419 1523/1/417
f 1517/1/420 1520/1/9 1528/1/9
f 1522/1/419 1517/1/420 1525/1/420
f 1520/1/9 1518/1/414 1526/1/414
f 1519/1/423 1527/1/423 1532/1/421
f 1522/1/413 1515/1/413 1517/1/413
f 1515/1/413 1519/1/413 1517/1/413
f 1519/1/413 1521/1/413 1518/1/413
f 1518/1/413 1520/1/413 1517/1/413
f 1527/1/422 1529/1/422 1524/1/422
f 1534/1/424 1533/1/424 1537/1/424
f 1539/1/419 1535/1/419 1536/1/419
f 1538/1/9 1540/1/9 1536/1/9
f 1550/1/425 1555/1/425 1553/1/425
f 1549/1/425 1553/1/425 1552/1/425
f 1553/1/425 1555/1/425 1552/1/425
f 1552/1/425 1554/1/425 1549/1/425
f 1554/1/425 1551/1/425 1549/1/425
f 1552/1/426 1555/1/427 1547/1/427
f 1553/1/429 1549/1/430 1541/1/430
f 1555/1/427 1550/1/431 1542/1/431
f 1541/1/430 1549/1/430 1556/1/432
f 1543/1/433 1551/1/433 1554/1/9
f 1556/1/432 1551/1/433 1543/1/433
f 1546/1/9 1554/1/9 1552/1/426
f 1545/1/429 1557/1/434 1558/1/434
f 1545/1/435 1541/1/435 1543/1/435
f 1541/1/435 1548/1/435 1543/1/435
f 1543/1/435 1546/1/435 1545/1/435
f 1546/1/435 1544/1/435 1545/1/435
f 1542/1/435 1557/1/435 1545/1/435
f 1573/1/435 1571/1/435 1570/1/435
f 1571/1/435 1567/1/435 1570/1/435
f 1567/1/435 1574/1/435 1569/1/435
f 1569/1/435 1572/1/435 1570/1/435
f 1565/1/427 1573/1/427 1570/1/428
f 1563/1/429 1559/1/436 1567/1/436
f 1560/1/431 1568/1/431 1573/1/427
f 1563/1/425 1575/1/425 1560/1/425
f 1566/1/432 1574/1/432 1567/1/436
f 1564/1/9 1572/1/9 1569/1/437
f 1566/1/432 1561/1/437 1569/1/437
f 1562/1/426 1570/1/428 1572/1/9
f 1571/1/429 1576/1/434 1575/1/434
f 1566/1/425 1559/1/425 1561/1/425
f 1559/1/425 1563/1/425 1561/1/425
f 1563/1/425 1565/1/425 1562/1/425
f 1562/1/425 1564/1/425 1561/1/425
f 1571/1/435 1573/1/435 1568/1/435
f 1578/1/438 1577/1/438 1581/1/438
f 1583/1/432 1579/1/432 1580/1/432
f 1582/1/9 1584/1/9 1580/1/9
f 1594/1/439 1599/1/439 1597/1/439
f 1593/1/439 1597/1/439 1599/1/439
f 1599/1/439 1596/1/439 1598/1/439
f 1598/1/439 1595/1/439 1593/1/439
f 1595/1/439 1600/1/439 1593/1/439
f 1596/1/440 1599/1/441 1591/1/441
f 1597/1/442 1593/1/443 1585/1/443
f 1591/1/441 1599/1/441 1594/1/444
f 1593/1/443 1600/1/445 1592/1/445
f 1587/1/446 1595/1/446 1598/1/9
f 1592/1/445 1600/1/445 1595/1/446
f 1590/1/9 1598/1/9 1596/1/440
f 1589/1/442 1601/1/447 1602/1/447
f 1589/1/448 1585/1/448 1587/1/448
f 1585/1/448 1592/1/448 1587/1/448
f 1587/1/448 1590/1/448 1588/1/448
f 1591/1/448 1587/1/448 1588/1/448
f 1586/1/448 1601/1/448 1589/1/448
f 1617/1/448 1615/1/448 1614/1/448
f 1615/1/448 1611/1/448 1614/1/448
f 1611/1/448 1618/1/448 1613/1/448
f 1613/1/448 1616/1/448 1614/1/448
f 1609/1/441 1617/1/441 1614/1/440
f 1607/1/442 1603/1/443 1611/1/443
f 1609/1/441 1604/1/444 1612/1/444
f 1607/1/439 1619/1/439 1604/1/439
f 1603/1/443 1610/1/445 1618/1/445
f 1608/1/9 1616/1/9 1613/1/446
f 1605/1/446 1613/1/446 1618/1/445
f 1606/1/440 1614/1/440 1616/1/9
f 1615/1/442 1620/1/447 1619/1/447
f 1610/1/439 1603/1/439 1605/1/439
f 1603/1/439 1607/1/439 1605/1/439
f 1607/1/439 1609/1/439 1606/1/439
f 1606/1/439 1608/1/439 1605/1/439
f 1615/1/448 1617/1/448 1612/1/448
f 1622/1/449 1621/1/449 1625/1/449
f 1627/1/445 1623/1/445 1624/1/445
f 1628/1/9 1624/1/9 1622/1/9
f 1638/1/450 1643/1/450 1641/1/450
f 1637/1/450 1641/1/450 1643/1/450
f 1643/1/450 1640/1/450 1637/1/450
f 1640/1/450 1642/1/450 1639/1/450
f 1637/1/450 1640/1/450 1639/1/450
f 1640/1/451 1643/1/455 1635/1/452
f 1641/1/453 1637/1/454 1629/1/454
f 1643/1/455 1638/1/456 1630/1/456
f 1629/1/454 1637/1/454 1644/1/457
f 1631/1/458 1639/1/458 1642/1/9
f 1644/1/457 1639/1/458 1631/1/458
f 1634/1/9 1642/1/9 1640/1/451
f 1633/1/453 1645/1/459 1646/1/459
f 1633/1/460 1629/1/460 1636/1/460
f 1636/1/460 1631/1/460 1632/1/460
f 1631/1/460 1634/1/460 1632/1/460
f 1632/1/460 1635/1/460 1633/1/460
f 1630/1/460 1645/1/460 1633/1/460
f 1661/1/460 1659/1/460 1658/1/460
f 1659/1/460 1655/1/460 1658/1/460
f 1655/1/460 1662/1/460 1657/1/460
f 1657/1/460 1660/1/460 1658/1/460
f 1650/1/202 1653/1/455 1661/1/452
f 1647/1/454 1655/1/461 1659/1/453
f 1653/1/455 1648/1/456 1656/1/456
f 1651/1/450 1663/1/450 1648/1/450
f 1654/1/457 1662/1/457 1655/1/461
f 1649/1/458 1652/1/9 1660/1/9
f 1654/1/457 1649/1/458 1657/1/196
f 1652/1/9 1650/1/202 1658/1/451
f 1659/1/453 1664/1/459 1663/1/459
f 1654/1/450 1647/1/450 1649/1/450
f 1647/1/450 1651/1/450 1649/1/450
f 1651/1/450 1653/1/450 1650/1/450
f 1650/1/450 1652/1/450 1649/1/450
f 1659/1/460 1661/1/460 1656/1/460
f 1666/1/462 1665/1/462 1669/1/462
f 1671/1/457 1667/1/457 1668/1/457
f 1672/1/9 1668/1/9 1666/1/9
f 1682/1/463 1687/1/463 1685/1/463
f 1681/1/463 1685/1/463 1687/1/463
f 1687/1/463 1684/1/463 1681/1/463
f 1684/1/463 1686/1/463 1683/1/463
f 1681/1/463 1684/1/463 1683/1/463
f 1684/1/464 1687/1/465 1679/1/465
f 1677/1/467 1685/1/467 1681/1/468
f 1687/1/465 1682/1/469 1674/1/469
f 1681/1/468 1688/1/470 1680/1/470
f 1683/1/471 1686/1/9 1678/1/9
f 1680/1/470 1688/1/470 1683/1/471
f 1678/1/9 1686/1/9 1684/1/464
f 1689/1/472 1690/1/472 1685/1/467
f 1677/1/473 1673/1/473 1679/1/473
f 1673/1/473 1680/1/473 1675/1/473
f 1679/1/473 1673/1/473 1675/1/473
f 1675/1/473 1678/1/473 1676/1/473
f 1674/1/473 1689/1/473 1677/1/473
f 1705/1/473 1703/1/473 1702/1/473
f 1703/1/473 1699/1/473 1702/1/473
f 1699/1/473 1706/1/473 1701/1/473
f 1701/1/473 1704/1/473 1702/1/473
f 1694/1/464 1697/1/474 1705/1/474
f 1695/1/467 1691/1/475 1699/1/468
f 1692/1/469 1700/1/469 1705/1/474
f 1695/1/463 1707/1/463 1692/1/463
f 1691/1/475 1698/1/470 1706/1/470
f 1696/1/9 1704/1/9 1701/1/471
f 1693/1/471 1701/1/471 1706/1/470
f 1696/1/9 1694/1/464 1702/1/464
f 1695/1/467 1703/1/467 1708/1/472
f 1698/1/463 1691/1/463 1693/1/463
f 1691/1/463 1695/1/463 1693/1/463
f 1695/1/463 1697/1/463 1694/1/463
f 1694/1/463 1696/1/463 1695/1/463
f 1703/1/473 1705/1/473 1700/1/473
f 1710/1/476 1709/1/476 1713/1/476
f 1715/1/470 1711/1/470 1712/1/470
f 1714/1/9 1716/1/9 1712/1/9
f 1726/1/477 1731/1/477 1729/1/477
f 1725/1/477 1729/1/477 1731/1/477
f 1731/1/477 1728/1/477 1730/1/477
f 1730/1/477 1727/1/477 1725/1/477
f 1727/1/477 1732/1/477 1725/1/477
f 1728/1/478 1731/1/479 1723/1/479
f 1721/1/480 1729/1/480 1725/1/481
f 1723/1/479 1731/1/479 1726/1/482
f 1725/1/481 1732/1/483 1724/1/483
f 1727/1/484 1730/1/9 1722/1/9
f 1724/1/483 1732/1/483 1727/1/484
f 1730/1/9 1728/1/478 1720/1/478
f 1733/1/485 1734/1/485 1729/1/480
f 1721/1/486 1717/1/486 1719/1/486
f 1717/1/486 1724/1/486 1719/1/486
f 1719/1/486 1722/1/486 1720/1/486
f 1721/1/486 1720/1/486 1723/1/486
f 1718/1/486 1733/1/486 1721/1/486
f 1749/1/486 1747/1/486 1746/1/486
f 1747/1/486 1743/1/486 1746/1/486
f 1743/1/486 1750/1/486 1745/1/486
f 1745/1/486 1748/1/486 1746/1/486
f 1741/1/479 1749/1/479 1746/1/478
f 1735/1/481 1743/1/481 1747/1/480
f 1736/1/482 1744/1/482 1749/1/479
f 1739/1/477 1751/1/477 1736/1/477
f 1742/1/483 1750/1/483 1743/1/481
f 1737/1/484 1740/1/9 1748/1/9
f 1742/1/483 1737/1/484 1745/1/484
f 1740/1/9 1738/1/478 1746/1/478
f 1739/1/480 1747/1/480 1752/1/485
f 1742/1/477 1735/1/477 1737/1/477
f 1735/1/477 1739/1/477 1737/1/477
f 1739/1/477 1741/1/477 1738/1/477
f 1738/1/477 1740/1/477 1737/1/477
f 1747/1/486 1749/1/486 1744/1/486
f 1754/1/487 1753/1/487 1757/1/487
f 1759/1/483 1755/1/483 1756/1/483
f 1760/1/9 1756/1/9 1754/1/9
