# Blender 5.1.2
# www.blender.org
o 0004_17_DecalW
v -158.956451 -75.583450 34.196907
v -160.736252 -75.470932 31.893713
v -160.736343 -75.933258 31.661299
v -160.645325 -75.012573 32.223877
v -160.301926 -74.087669 33.102818
v -159.728714 -73.083344 34.306145
v -160.107834 -73.668282 33.564873
v -158.881638 -73.175514 35.178852
v -158.787231 -72.870789 35.367558
v -158.592636 -72.441315 35.694405
v -159.392578 -72.691521 34.783356
v -158.393478 -71.857910 36.064980
v -158.338623 -72.023224 36.078255
v -158.032104 -71.600540 36.441799
v -158.625290 -74.015160 35.152851
v -158.709335 -74.278519 34.975197
v -158.984146 -73.758560 34.873550
v -158.442139 -73.647339 35.468227
v -158.487732 -73.250397 35.557480
v -158.260422 -73.078140 35.849796
v -158.181458 -74.891991 35.242363
v -157.467239 -74.875328 35.953655
v -158.766861 -74.733376 34.729378
v -158.606415 -74.800568 34.860340
v -158.418457 -74.856071 35.023178
v -157.915070 -72.896492 36.243698
v -158.764450 -77.540047 32.981251
v -159.579605 -77.253822 32.223858
v -159.992523 -77.035034 31.893703
v -160.351151 -76.743279 31.661304
v -160.616379 -76.372810 31.593935
v -158.259674 -77.673073 33.498161
v -157.505692 -77.759331 34.306053
v -155.283707 -77.380585 36.441799
v -155.703720 -77.510536 36.063881
v -155.805344 -77.351044 36.078293
v -157.028030 -77.743080 34.743889
v -156.236877 -77.281372 35.743069
v -157.041672 -77.045311 35.178753
v -156.745575 -77.164505 35.367542
v -156.573883 -76.625023 35.849792
v -156.850967 -76.692604 35.557476
v -157.130066 -76.406708 35.468224
v -157.558441 -76.756889 34.873539
v -157.788162 -76.215370 34.975376
v -157.530960 -76.316589 35.152828
v -156.215012 -76.471809 36.243694
v -158.177383 -75.973053 34.729370
v -158.128220 -75.806190 34.860329
v -157.930923 -75.418892 35.242355
v -158.052658 -75.625381 35.023163
v -158.381577 -75.310097 34.875072
v -158.545959 -75.388260 34.681145
v -145.916656 -98.429375 34.196907
v -147.693359 -98.583366 31.893713
v -147.624527 -99.040535 31.661299
v -147.671753 -98.116562 32.223877
v -147.470016 -97.150818 33.102818
v -147.052917 -96.072281 34.306145
v -147.340607 -96.707184 33.564873
v -146.201538 -96.037178 35.178852
v -146.153610 -95.721802 35.367558
v -146.025208 -95.268112 35.694405
v -146.778931 -95.634743 34.783356
v -145.915207 -94.661537 36.064980
v -145.836334 -94.816833 36.078255
v -145.596237 -94.353188 36.441799
v -145.822922 -96.829247 35.152851
v -145.866776 -97.102188 34.975197
v -146.216003 -96.628990 34.873550
v -145.696640 -96.438232 35.468227
v -145.800873 -96.052513 35.557480
v -145.601776 -95.848312 35.849796
v -145.253372 -97.630135 35.242363
v -144.549606 -97.507217 35.953655
v -145.855881 -97.560532 34.729378
v -145.687210 -97.603065 34.860340
v -145.493088 -97.629944 35.023178
v -145.287354 -95.617218 36.243698
v -145.435196 -100.335503 32.981251
v -146.283905 -100.173958 32.223858
v -146.724823 -100.019165 31.893703
v -147.122925 -99.784111 31.661304
v -147.440414 -99.457306 31.593935
v -144.916245 -100.391815 33.498161
v -144.157822 -100.364738 34.306053
v -142.017105 -99.659073 36.441799
v -142.413055 -99.850166 36.063881
v -142.537308 -99.707603 36.078293
v -143.687912 -100.277489 34.743889
v -142.974396 -99.703026 35.743069
v -143.805389 -99.589546 35.178753
v -143.494858 -99.663277 35.367542
v -143.405457 -99.104225 35.849792
v -143.669373 -99.212341 35.557476
v -143.987976 -98.971245 35.468224
v -144.359375 -99.381355 34.873539
v -144.667236 -98.880119 34.975376
v -144.397827 -98.941879 35.152828
v -143.073425 -98.899239 36.243694
v -145.088226 -98.698517 34.729370
v -145.064484 -98.526192 34.860329
v -144.927109 -98.113808 35.242355
v -145.016708 -98.336143 35.023163
v -145.388931 -98.073395 34.875072
v -145.539841 -98.175186 34.681145
v -129.617645 -119.076790 34.196907
v -131.351547 -119.493851 31.893713
v -131.215347 -119.935661 31.661299
v -131.399750 -119.029053 32.223877
v -131.344208 -118.044022 33.102818
v -131.092484 -116.915359 34.306145
v -131.282349 -117.586052 33.564873
v -130.255859 -116.753769 35.178852
v -130.255463 -116.434761 35.367558
v -130.196106 -115.967010 35.694405
v -130.886765 -116.441872 34.783356
v -130.177734 -115.350815 36.064980
v -130.076614 -115.492622 36.078255
v -129.908279 -114.998367 36.441799
v -129.763428 -117.480568 35.152851
v -129.766129 -117.756996 34.975197
v -130.181961 -117.341118 34.873550
v -129.696838 -117.075096 35.468227
v -129.857376 -116.709221 35.557480
v -129.690948 -116.477623 35.849796
v -129.080872 -118.187630 35.242363
v -128.403290 -117.961197 35.953655
v -129.687012 -118.208595 34.729378
v -129.513901 -118.225517 34.860340
v -129.317932 -118.223160 35.023178
v -129.414474 -116.202255 36.243698
v -128.857483 -120.889877 32.981251
v -129.720779 -120.856621 32.223858
v -130.179840 -120.769264 31.893703
v -130.608521 -120.596176 31.661304
v -130.971176 -120.320335 31.593935
v -128.335907 -120.868217 33.498161
v -127.589989 -120.728401 34.306053
v -125.578354 -119.711586 36.441799
v -125.941414 -119.959557 36.063881
v -126.085510 -119.837097 36.078293
v -127.138351 -120.572105 34.743889
v -126.518417 -119.897713 35.743069
v -127.357040 -119.909355 35.178753
v -127.038971 -119.935974 35.367542
v -127.033913 -119.369850 35.849792
v -127.278763 -119.516090 35.557476
v -127.629738 -119.325165 35.468224
v -127.935860 -119.786041 34.873539
v -128.315002 -119.336296 34.975376
v -128.039383 -119.357216 35.152828
v -126.736137 -119.117676 36.243694
v -128.758347 -119.219467 34.729370
v -128.760544 -119.045532 34.860329
v -128.686172 -118.617279 35.242355
v -128.741623 -118.850479 35.023163
v -129.148865 -118.646133 34.875072
v -129.282913 -118.769279 34.681145
v -110.423470 -137.064499 34.196907
v -112.075844 -137.735306 31.893713
v -111.875336 -138.151871 31.661299
v -112.192787 -137.282883 32.223877
v -112.284676 -136.300583 33.102818
v -112.203964 -135.147003 34.306145
v -112.291756 -135.838501 33.564873
v -111.400772 -134.862534 35.178852
v -111.447922 -134.547028 35.367558
v -111.458939 -134.075638 35.694405
v -112.071121 -134.648148 34.783356
v -111.532616 -133.463608 36.064980
v -111.411476 -133.588745 36.078255
v -111.318695 -133.074936 36.441799
v -110.805519 -135.507828 35.152851
v -110.766991 -135.781570 34.975197
v -111.240166 -135.432312 34.873550
v -110.800095 -135.096954 35.468227
v -111.013382 -134.759094 35.557480
v -110.883316 -134.505264 35.849796
v -110.025215 -136.105270 35.242363
v -109.388939 -135.780380 35.953655
v -110.621460 -136.216324 34.729378
v -110.447746 -136.207260 34.860340
v -110.254326 -136.175720 35.023178
v -110.650970 -134.191788 36.243698
v -109.401588 -138.744034 32.981251
v -110.260193 -138.839828 32.223858
v -110.727150 -138.821854 31.893703
v -111.176857 -138.714584 31.661304
v -111.576553 -138.495865 31.593935
v -108.889069 -138.644882 33.498161
v -108.172318 -138.395477 34.306053
v -106.334686 -137.090210 36.441799
v -106.656731 -137.389511 36.063881
v -106.817490 -137.289902 36.078293
v -107.749016 -138.173599 34.743889
v -107.236526 -137.414368 35.743069
v -108.064041 -137.550858 35.178753
v -107.745560 -137.529770 35.367542
v -107.824921 -136.969208 35.849792
v -108.045242 -137.150314 35.557476
v -108.420761 -137.013824 35.468224
v -108.654778 -137.515182 34.873539
v -109.096695 -137.126968 34.975376
v -108.821053 -137.106567 35.152828
v -107.568054 -136.675476 36.243694
v -109.552498 -137.077515 34.729370
v -109.580612 -136.905838 34.860329
v -109.570885 -136.471283 35.242355
v -109.590965 -136.710144 35.023163
v -110.024109 -136.568787 34.875072
v -110.138306 -136.710526 34.681145
v -88.762878 -151.990692 34.196907
v -90.296829 -152.900284 31.893713
v -90.036469 -153.282318 31.661299
v -90.479897 -152.470322 32.223877
v -90.717148 -151.512680 33.102818
v -90.809265 -150.359985 34.306145
v -90.793022 -151.056839 33.564873
v -90.057442 -149.958984 35.178852
v -90.151085 -149.654037 35.367558
v -90.232224 -149.189560 35.694405
v -90.752243 -149.846893 34.783356
v -90.396294 -148.595322 36.064980
v -90.257858 -148.701019 36.078255
v -90.242691 -148.179123 36.441799
v -89.372665 -150.508347 35.152851
v -89.293755 -150.773285 34.975197
v -89.813705 -150.498474 34.873550
v -89.428528 -150.101257 35.468227
v -89.689789 -149.798965 35.557480
v -89.599007 -149.528595 35.849796
v -88.512032 -150.982834 35.242363
v -87.931282 -150.566742 35.953655
v -89.085068 -151.181519 34.729378
v -88.914642 -151.146652 34.860340
v -88.728088 -151.086639 35.023178
v -89.415977 -149.183975 36.243698
v -87.502090 -153.499176 32.981251
v -88.336845 -153.721863 32.223858
v -88.801262 -153.773697 31.893703
v -89.261925 -153.734634 31.661304
v -89.689758 -153.577942 31.593935
v -87.010086 -153.324768 33.498161
v -86.338509 -152.971313 34.306053
v -84.715935 -151.406754 36.441799
v -84.989769 -151.750717 36.063881
v -85.163582 -151.676178 36.078293
v -85.953003 -152.688843 34.743889
v -85.559380 -151.861694 35.743069
v -86.357315 -152.119980 35.178753
v -86.045532 -152.051682 35.367542
v -86.207550 -151.509216 35.849792
v -86.398422 -151.721115 35.557476
v -86.790085 -151.642120 35.468224
v -86.946770 -152.172760 34.873539
v -87.441612 -151.854736 34.975376
v -87.172089 -151.793472 35.152828
v -85.997330 -151.180466 36.243694
v -87.899696 -151.873764 34.729370
v -87.953072 -151.708206 34.860329
v -88.008224 -151.277054 35.242355
v -87.992485 -151.516235 35.023163
v -88.441856 -151.441010 34.875072
v -88.533653 -151.598190 34.681145
v -65.119629 -163.522003 34.196907
v -66.500885 -164.650040 31.893713
v -66.186501 -164.989014 31.661299
v -66.745987 -164.252182 32.223877
v -67.123306 -163.340591 33.102818
v -67.386192 -162.214478 34.306145
v -67.266273 -162.901138 33.564873
v -66.702522 -161.705917 35.178852
v -66.840576 -161.418320 35.367558
v -66.990036 -160.971115 35.694405
v -67.406281 -161.698624 34.783356
v -67.240837 -160.407990 36.064980
v -67.088188 -160.491867 36.078255
v -67.150970 -159.973526 36.441799
v -65.943527 -162.147079 35.152851
v -65.826019 -162.397308 34.975197
v -66.381119 -162.203049 34.873550
v -66.059441 -161.752884 35.468227
v -66.362831 -161.492874 35.557480
v -66.313354 -161.212006 35.849796
v -65.021790 -162.487991 35.242363
v -64.509544 -161.990005 35.953655
v -65.558815 -162.769882 34.729378
v -65.395493 -162.710007 34.860340
v -65.219963 -162.622864 35.023178
v -66.183731 -160.843948 36.243698
v -63.648109 -164.825745 32.981251
v -64.440346 -165.170334 32.223858
v -64.891861 -165.290802 31.893703
v -65.353195 -165.320831 31.661304
v -65.799606 -165.229645 31.593935
v -63.187584 -164.579941 33.498161
v -62.576187 -164.130341 34.306053
v -61.204906 -162.341431 36.441799
v -61.424431 -162.722366 36.063881
v -61.607399 -162.674576 36.078293
v -62.237087 -163.793579 34.743889
v -61.971138 -162.917007 35.743069
v -62.721661 -163.291336 35.178753
v -62.423538 -163.177307 35.367542
v -62.664597 -162.665054 35.849792
v -62.821754 -162.903046 35.557476
v -63.220818 -162.883301 35.468224
v -63.296669 -163.431366 34.873539
v -63.833385 -163.190643 34.975376
v -63.575996 -163.089905 35.152828
v -62.505718 -162.308655 36.243694
v -64.283516 -163.277725 34.729370
v -64.360970 -163.121964 34.860329
v -64.479759 -162.703857 35.242355
v -64.428551 -162.938034 35.023163
v -64.884117 -162.930603 34.875072
v -64.951462 -163.099716 34.681145
v -40.021908 -171.400864 34.196907
v -41.219620 -172.722168 31.893713
v -40.858231 -173.010498 31.661299
v -41.521278 -172.365265 32.223877
v -42.030247 -171.520096 33.102818
v -42.458027 -170.445740 34.306145
v -42.237106 -171.106857 33.564873
v -41.857784 -169.840958 35.178852
v -42.037155 -169.577164 35.367558
v -42.251591 -169.157227 35.694405
v -42.554768 -169.938644 34.783356
v -42.583519 -168.637756 36.064980
v -42.420074 -168.697952 36.078255
v -42.559410 -168.194763 36.441799
v -41.041512 -170.164078 35.152851
v -40.888023 -170.394012 34.975197
v -41.465878 -170.284637 34.873550
v -41.214882 -169.791565 35.468227
v -41.553631 -169.579697 35.557480
v -41.546574 -169.294571 35.849796
v -40.079262 -170.363831 35.242363
v -39.646954 -169.795059 35.953655
v -40.568283 -170.722595 34.729378
v -40.415707 -170.639053 34.860340
v -40.255123 -170.526718 35.023178
v -41.473251 -168.911301 36.243698
v -38.372513 -172.470734 32.981251
v -39.104549 -172.929550 32.223858
v -39.533066 -173.115967 31.893703
v -39.984776 -173.214432 31.661304
v -40.439793 -173.190796 31.593935
v -37.953773 -172.159042 33.498161
v -37.416206 -171.623352 34.306053
v -36.326851 -169.650055 36.441799
v -36.487148 -170.059448 36.063881
v -36.675198 -170.039444 36.078293
v -37.131081 -171.239807 34.743889
v -36.998741 -170.333389 35.743069
v -37.685101 -170.815384 35.178753
v -37.407299 -170.658218 35.367542
v -37.722012 -170.187607 35.849792
v -37.841942 -170.446365 35.557476
v -38.239491 -170.486313 35.468224
v -38.232811 -171.039551 34.873539
v -38.799416 -170.881500 34.975376
v -38.559910 -170.743530 35.152828
v -37.618027 -169.811493 36.243694
v -39.231537 -171.034714 34.729370
v -39.331345 -170.892242 34.860329
v -39.511116 -170.496490 35.242355
v -39.425583 -170.720413 35.023163
v -39.877163 -170.780975 34.875072
v -39.918552 -170.958221 34.681145
v -14.030240 -175.451309 34.196907
v -15.017660 -176.936356 31.893713
v -14.617331 -177.167587 31.661299
v -15.369138 -176.628403 32.223877
v -15.998382 -175.868530 33.102818
v -16.581499 -174.869919 34.306145
v -16.264517 -175.490738 33.564873
v -16.078096 -174.182449 35.178852
v -16.294777 -173.948318 35.367558
v -16.569403 -173.565033 35.694405
v -16.752733 -174.382904 34.783356
v -16.975042 -173.100845 36.064980
v -16.804453 -173.136002 36.078255
v -17.017225 -172.659195 36.441799
v -15.222781 -174.380310 35.152851
v -15.036739 -174.584778 34.975197
v -15.624439 -174.562744 34.873550
v -15.449736 -174.037781 35.468227
v -15.816278 -173.878754 35.557480
v -15.851789 -173.595764 35.849796
v -14.241509 -174.434402 35.242363
v -13.898795 -173.807556 35.953655
v -14.671598 -174.862045 34.729378
v -14.533176 -174.756699 34.860340
v -14.391126 -174.621674 35.023178
v -15.836406 -173.205872 36.243698
v -12.239820 -176.263428 32.981251
v -12.895300 -176.826218 32.223858
v -13.291248 -177.074402 31.893703
v -13.723239 -177.239075 31.661304
v -14.176697 -177.283524 31.593935
v -11.872207 -175.892807 33.498161
v -11.420482 -175.282974 34.306053
v -10.637383 -173.169373 36.441799
v -10.734873 -173.598068 36.063881
v -10.923805 -173.606323 36.078293
v -11.195702 -174.861221 34.743889
v -11.199929 -173.945190 35.743069
v -11.806787 -174.524109 35.178753
v -11.555511 -174.327301 35.367542
v -11.936847 -173.908829 35.849792
v -12.016874 -174.182571 35.557476
v -12.404030 -174.281326 35.468224
v -12.314974 -174.827393 34.873539
v -12.898801 -174.755554 34.975376
v -12.682534 -174.583450 35.152828
v -11.890073 -173.521439 36.243694
v -13.303268 -174.971451 34.729370
v -13.423190 -174.845444 34.860329
v -13.659937 -174.480911 35.242355
v -13.541984 -174.689575 35.023163
v -13.979499 -174.816772 34.875072
v -13.994008 -174.998215 34.681145
v 12.274819 -175.582870 34.196907
v 11.519749 -177.198486 31.893713
v 11.950073 -177.367493 31.661299
v 11.126304 -176.946365 32.223877
v 10.390839 -176.288757 33.102818
v 9.665404 -175.388199 34.306145
v 10.071369 -175.954834 33.564873
v 10.060728 -174.633377 35.178852
v 9.811573 -174.434158 35.367558
v 9.482893 -174.096085 35.694405
v 9.423500 -174.932144 34.783356
v 9.012603 -173.697525 36.064980
v 9.186527 -173.706863 36.078255
v 8.905070 -173.267105 36.441799
v 10.935981 -174.701553 35.152851
v 11.150419 -174.876022 34.975197
v 10.565999 -174.941833 34.873550
v 10.660512 -174.396683 35.468227
v 10.274363 -174.294067 35.557480
v 10.197074 -174.019531 35.849796
v 11.914357 -174.608810 35.242363
v 12.159820 -173.937881 35.953655
v 11.552803 -175.095779 34.729378
v 11.673979 -174.970963 34.860340
v 11.794321 -174.816284 35.023178
v 10.154176 -173.631683 36.243698
v 14.166278 -176.119080 32.981251
v 13.601994 -176.773270 32.223858
v 13.247456 -177.077698 31.893703
v 12.844833 -177.304932 31.661304
v 12.403062 -177.416458 31.593935
v 14.474549 -175.697800 33.498161
v 14.830345 -175.027481 34.306053
v 15.289696 -172.820755 36.441799
v 15.257189 -173.259216 36.063881
v 15.071594 -173.295532 36.078293
v 14.989758 -174.576920 34.743889
v 14.849059 -173.671768 35.743069
v 14.335257 -174.334656 35.178753
v 14.554394 -174.102585 35.367542
v 14.114951 -173.745636 35.849792
v 14.076614 -174.028259 35.557476
v 13.708501 -174.183594 35.468224
v 13.877946 -174.710297 34.873539
v 13.289932 -174.726273 34.975376
v 13.478132 -174.523834 35.152828
v 14.103467 -173.355591 36.243694
v 12.922156 -175.000031 34.729370
v 12.784795 -174.893295 34.860329
v 12.496366 -174.568115 35.242355
v 12.644100 -174.756882 35.023163
v 12.230426 -174.947861 34.875072
v 12.243120 -175.129440 34.681145
v 38.305702 -171.792587 34.196907
v 37.799847 -173.502686 31.893713
v 38.250557 -173.605682 31.661299
v 37.373222 -173.312012 32.223877
v 36.547962 -172.771347 33.102818
v 35.696415 -171.988983 34.306145
v 36.182297 -172.488800 33.564873
v 35.974831 -171.183685 35.178852
v 35.698769 -171.023819 35.367558
v 35.323372 -170.738510 35.694405
v 35.389248 -171.574066 34.783356
v 34.798935 -170.414490 36.064980
v 34.972313 -170.397797 36.078255
v 34.628456 -170.004883 36.441799
v 36.850471 -171.120651 35.152851
v 37.088516 -171.261215 34.975197
v 36.520432 -171.413391 34.873550
v 36.532639 -170.860245 35.468227
v 36.135509 -170.816315 35.557480
v 36.018173 -170.556366 35.849796
v 37.804096 -170.883133 35.242363
v 37.946827 -170.183105 35.953655
v 37.519157 -171.418533 34.729378
v 37.620377 -171.277069 34.860340
v 37.716324 -171.106186 35.023178
v 35.917950 -170.179245 36.243698
v 40.255951 -172.040924 32.981251
v 39.795467 -172.771896 32.223858
v 39.490257 -173.125763 31.893703
v 39.125996 -173.410461 31.661304
v 38.705780 -173.586578 31.593935
v 40.497997 -171.578415 33.498161
v 40.749916 -170.862518 34.306053
v 40.875259 -168.612000 36.441799
v 40.908459 -169.050415 36.063881
v 40.730350 -169.113968 36.078293
v 40.840401 -170.393250 34.743889
v 40.566372 -169.519180 35.743069
v 40.157101 -170.251221 35.178753
v 40.339207 -169.989105 35.367542
v 39.851475 -169.701630 35.849792
v 39.855682 -169.986801 35.557476
v 39.514832 -170.195282 35.468224
v 39.760883 -170.690842 34.873539
v 39.181816 -170.794266 34.975376
v 39.337746 -170.566055 35.152828
v 39.781986 -169.317657 36.243694
v 38.858948 -171.119781 34.729370
v 38.707211 -171.034714 34.860329
v 38.373539 -170.756165 35.242355
v 38.547760 -170.920792 35.023163
v 38.167168 -171.171280 34.875072
v 38.206779 -171.348938 34.681145
v 63.480984 -164.165100 34.196907
v 63.235641 -165.931488 31.893713
v 63.696667 -165.966156 31.661299
v 62.785366 -165.806534 32.223877
v 61.888744 -165.394897 33.102818
v 60.930107 -164.748169 34.306145
v 61.485054 -165.169983 33.564873
v 61.085392 -163.910370 35.178852
v 60.788589 -163.793427 35.367558
v 60.374866 -163.567261 35.694405
v 60.564533 -164.383667 34.783356
v 59.807999 -163.325012 36.064980
v 59.976948 -163.282669 36.078255
v 59.578377 -162.945404 36.441799
v 61.941864 -163.717560 35.152851
v 62.198196 -163.821060 34.975197
v 61.659134 -164.056198 34.873550
v 61.588772 -163.507401 35.468227
v 61.189529 -163.523148 35.557480
v 61.034760 -163.283600 35.849796
v 62.849438 -163.340561 35.242363
v 62.886250 -162.627075 35.953655
v 62.647472 -163.912430 34.729378
v 62.726482 -163.757477 34.860340
v 62.795891 -163.574203 35.023178
v 60.879452 -162.925629 36.243698
v 65.446457 -164.119995 32.981251
v 65.100067 -164.911453 32.223858
v 64.850998 -165.306839 31.893703
v 64.533234 -165.642639 31.661304
v 64.143959 -165.879425 31.593935
v 65.616875 -163.626572 33.498161
v 65.759293 -162.881165 34.306053
v 65.547821 -160.637070 36.441799
v 65.645988 -161.065643 36.063881
v 65.479347 -161.155045 36.078293
v 65.778824 -162.403625 34.743889
v 65.377586 -161.580154 35.743069
v 65.081993 -162.365036 35.178753
v 65.222992 -162.078690 35.367542
v 64.697868 -161.867111 35.849792
v 64.744530 -162.148468 35.557476
v 64.438553 -162.405426 35.468224
v 64.755714 -162.858780 34.873539
v 64.198532 -163.047363 34.975376
v 64.318703 -162.798447 35.152828
v 64.571930 -161.497787 36.243694
v 63.927776 -163.417343 34.729370
v 63.765060 -163.355850 34.860329
v 63.393600 -163.130142 35.242355
v 63.590408 -163.266968 35.023163
v 63.251400 -163.571381 34.875072
v 63.317047 -163.741150 34.681145
v 87.238373 -152.870804 34.196907
v 87.259026 -154.654037 31.893713
v 87.720062 -154.619614 31.661299
v 86.795151 -154.597580 32.223877
v 85.847191 -154.324173 33.102818
v 84.802887 -153.827530 34.306145
v 85.414490 -154.161926 33.564873
v 84.831566 -152.975937 35.178852
v 84.520653 -152.904556 35.367558
v 84.077843 -152.742554 35.694405
v 84.387062 -153.521591 34.783356
v 83.481194 -152.587509 36.064980
v 83.641960 -152.520462 36.078255
v 83.197571 -152.246353 36.441799
v 85.649734 -152.657623 35.152851
v 85.918633 -152.721786 34.975197
v 85.420631 -153.034637 34.873550
v 85.269264 -152.502472 35.468227
v 84.876831 -152.577545 35.557480
v 84.688095 -152.363724 35.849796
v 86.490990 -152.149597 35.242363
v 86.421059 -151.438599 35.953655
v 86.376511 -152.745193 34.729378
v 86.431541 -152.580170 34.860340
v 86.472862 -152.388611 35.023178
v 84.481163 -152.032898 36.243698
v 89.175179 -152.533279 32.981251
v 88.950600 -153.367523 32.223858
v 88.763245 -153.795624 31.893703
v 88.499077 -154.175034 31.661304
v 88.149437 -154.467178 31.593935
v 89.270149 -152.019974 33.498161
v 89.299873 -151.261658 34.306053
v 88.756325 -149.074142 36.441799
v 88.917267 -149.483292 36.063881
v 88.765808 -149.596542 36.078293
v 89.248024 -150.786545 34.743889
v 88.728539 -150.032059 35.743069
v 88.553223 -150.852249 35.178753
v 88.649979 -150.548080 35.367542
v 88.099182 -150.417130 35.849792
v 88.187256 -150.688385 35.557476
v 87.922989 -150.988068 35.468224
v 88.304169 -151.389099 34.873539
v 87.781319 -151.658615 34.975376
v 87.863052 -151.394562 35.152828
v 87.919601 -150.070679 36.243694
v 87.568733 -152.064819 34.729370
v 87.398666 -152.028259 34.860329
v 86.997711 -151.860428 35.242355
v 87.212723 -151.966400 35.023163
v 86.922859 -152.317932 34.875072
v 87.013077 -152.476013 34.681145
v 109.047165 -138.161972 34.196907
v 109.333351 -139.922195 31.893713
v 109.784111 -139.819458 31.661299
v 108.866249 -139.935516 32.223877
v 107.888130 -139.806442 33.102818
v 106.781464 -139.470993 34.306145
v 107.436073 -139.710495 33.564873
v 106.682915 -138.624619 35.178852
v 106.364830 -138.600372 35.367558
v 105.902817 -138.506180 35.694405
v 106.324699 -139.230423 34.783356
v 105.289734 -138.441772 36.064980
v 105.438705 -138.351532 36.078255
v 104.958427 -138.146713 36.441799
v 107.444504 -138.187927 35.152851
v 107.719963 -138.211304 34.975197
v 107.274147 -138.594864 34.873550
v 107.045158 -138.091202 35.468227
v 106.668297 -138.223938 35.557480
v 106.449791 -138.040634 35.849796
v 108.200653 -137.560196 35.242363
v 108.025536 -136.867569 35.953655
v 108.176208 -138.166199 34.729378
v 108.206039 -137.994843 34.860340
v 108.218346 -137.799240 35.023178
v 106.195877 -137.744339 36.243698
v 110.912033 -137.539551 32.981251
v 110.814301 -138.397949 32.223858
v 110.692848 -138.849182 31.893703
v 110.488167 -139.263733 31.661304
v 110.185974 -139.604736 31.593935
v 110.929443 -137.017838 33.498161
v 110.845825 -136.263550 34.306053
v 109.982338 -134.181488 36.441799
v 110.202454 -134.562073 36.063881
v 110.069565 -134.696625 36.078293
v 110.723755 -135.801468 34.743889
v 110.097633 -135.132843 35.743069
v 110.046501 -135.969986 35.178753
v 110.096840 -135.654800 35.367542
v 109.532677 -135.607391 35.849792
v 109.660194 -135.862518 35.557476
v 109.443550 -136.198212 35.468224
v 109.880241 -136.537964 34.873539
v 109.403389 -136.882385 34.975376
v 109.444862 -136.609116 35.152828
v 109.303482 -135.291595 36.243694
v 109.253716 -137.315735 34.729370
v 109.080109 -137.304947 34.860329
v 108.658615 -137.198730 35.242355
v 108.887016 -137.271484 35.023163
v 108.652786 -137.662292 34.875072
v 108.765556 -137.805161 34.681145
v 128.420258 -120.367157 34.196907
v 128.965576 -122.065079 31.893713
v 129.395996 -121.896294 31.661299
v 128.505676 -122.147858 32.223877
v 127.519264 -122.166000 33.102818
v 126.374962 -121.999229 34.306145
v 127.057961 -122.138504 33.564873
v 126.151375 -121.177010 35.178852
v 125.833229 -121.200424 35.367558
v 125.362343 -121.176140 35.694405
v 125.887444 -121.829430 34.783356
v 124.746506 -121.203835 36.064980
v 124.880356 -121.092392 36.078255
v 124.374924 -120.961433 36.441799
v 126.839378 -120.631691 35.152851
v 127.115234 -120.613739 34.975197
v 126.731567 -121.059471 34.873550
v 126.430077 -120.595543 35.468227
v 126.077194 -120.782951 35.557480
v 125.833824 -120.634277 35.849796
v 127.493523 -119.898262 35.242363
v 127.217133 -119.239471 35.953655
v 127.559677 -120.501144 34.729378
v 127.563629 -120.327248 34.860340
v 127.546646 -120.132011 35.023178
v 125.538582 -120.379128 36.243698
v 130.171539 -119.473770 32.981251
v 130.202835 -120.337143 32.223858
v 130.149979 -120.801445 31.893703
v 130.009369 -121.241859 31.661304
v 129.761383 -121.624084 31.593935
v 130.111008 -118.955276 33.498161
v 129.915909 -118.221878 34.306053
v 128.751770 -116.291756 36.441799
v 129.026138 -116.635292 36.063881
v 128.914795 -116.788139 36.078293
v 129.726334 -117.783165 34.743889
v 129.007553 -117.215309 35.743069
v 129.081757 -118.050713 35.178753
v 129.084564 -117.731552 35.367542
v 128.519638 -117.768761 35.849792
v 128.683746 -118.002007 35.557476
v 128.519547 -118.366264 35.468224
v 129.001999 -118.637131 34.873539
v 128.581802 -119.048775 34.975376
v 128.582092 -118.772377 35.152828
v 128.245926 -117.490639 36.243694
v 128.498383 -119.499596 34.729370
v 128.325104 -119.514786 34.860329
v 127.892502 -119.472580 35.242355
v 128.129196 -119.510483 35.023163
v 127.955826 -119.931831 34.875072
v 128.088623 -120.056313 34.681145
v 144.924973 -99.883774 34.196907
v 145.717255 -101.481468 31.893713
v 146.117706 -101.250412 31.661299
v 145.274826 -101.631851 32.223877
v 144.302109 -101.796806 33.102818
v 143.145737 -101.802437 34.306145
v 143.841873 -101.838371 33.564873
v 142.802124 -101.022720 35.178852
v 142.491013 -101.093292 35.367558
v 142.021759 -101.139458 35.694405
v 142.638351 -101.707199 34.783356
v 141.416916 -101.258621 36.064980
v 141.532684 -101.128471 36.078255
v 141.013367 -101.074310 36.441799
v 143.401169 -100.380959 35.152851
v 143.671265 -100.322098 34.975197
v 143.358307 -100.820030 34.873550
v 142.991043 -100.406219 35.468227
v 142.670044 -100.644127 35.557480
v 142.407211 -100.533371 35.849796
v 143.938690 -99.558228 35.242363
v 143.567215 -98.947990 35.953655
v 144.093948 -100.144524 34.729378
v 144.071945 -99.971977 34.860340
v 144.026062 -99.781448 35.023178
v 142.077255 -100.325089 36.243698
v 146.523560 -98.739365 32.981251
v 146.683167 -99.588425 32.223858
v 146.700104 -100.055428 31.893703
v 146.626694 -100.511871 31.661304
v 146.438431 -100.926796 31.593935
v 146.386414 -98.235680 33.498161
v 146.084198 -97.539543 34.306053
v 144.645386 -95.804482 36.441799
v 144.967911 -96.103287 36.063881
v 144.880569 -96.271027 36.078293
v 145.831360 -97.133987 34.743889
v 145.035965 -96.679596 35.743069
v 145.233841 -97.494621 35.178753
v 145.189056 -97.178596 35.367542
v 144.635971 -97.299583 35.849792
v 144.833023 -97.505768 35.557476
v 144.724945 -97.890434 35.468224
v 145.242371 -98.086365 34.873539
v 144.888229 -98.556038 34.975376
v 144.847321 -98.282684 35.152828
v 144.323883 -97.065369 36.243694
v 144.872925 -99.014259 34.729370
v 144.703842 -99.055107 34.860329
v 144.269775 -99.077843 35.242355
v 144.509476 -99.080048 35.023163
v 144.400833 -99.522530 34.875072
v 144.550705 -99.625824 34.681145
v 158.192596 -77.169403 34.196907
v 159.214142 -78.631172 31.893713
v 159.575699 -78.343025 31.661299
v 158.799072 -78.845825 32.223877
v 157.861816 -79.153900 33.102818
v 156.719193 -79.331810 34.306145
v 157.412903 -79.263588 33.564873
v 156.263199 -78.612007 35.178852
v 155.966064 -78.728157 35.367558
v 155.508957 -78.843750 35.694405
v 156.203278 -79.313248 34.783356
v 154.928619 -79.051720 36.064980
v 155.023697 -78.905777 36.078255
v 154.502106 -78.929611 36.441799
v 156.759903 -77.888138 35.152851
v 157.018204 -77.789680 34.975197
v 156.782959 -78.328690 34.873550
v 156.358139 -77.974243 35.468227
v 156.076157 -78.257332 35.557480
v 155.799774 -78.186989 35.849796
v 157.168808 -76.994492 35.242363
v 156.710526 -76.446426 35.953655
v 157.409729 -77.551094 34.729378
v 157.362244 -77.383751 34.860340
v 157.288467 -77.202187 35.023178
v 155.442444 -78.030190 36.243698
v 159.602768 -75.799530 32.981251
v 159.887131 -76.615326 32.223858
v 159.973480 -77.074577 31.893703
v 159.968933 -77.536880 31.661304
v 159.844604 -77.975212 31.593935
v 159.392090 -75.321915 33.498161
v 158.989502 -74.678596 34.306053
v 157.308182 -73.177338 36.441799
v 157.671631 -73.424736 36.063881
v 157.610275 -73.603622 36.078293
v 158.679047 -74.315247 34.743889
v 157.824814 -73.984474 35.743069
v 158.141953 -74.760895 35.178753
v 158.050552 -74.455086 35.367542
v 157.521698 -74.657143 35.849792
v 157.747253 -74.831665 35.557476
v 157.697739 -75.228134 35.468224
v 158.238571 -75.344772 34.873539
v 157.958389 -75.861977 34.975376
v 157.877182 -75.597771 35.152828
v 157.178177 -74.472054 36.243694
v 158.011551 -76.317360 34.729370
v 157.850433 -76.382950 34.860329
v 157.424606 -76.470123 35.242355
v 157.661957 -76.436577 35.023163
v 157.620468 -76.890312 34.875072
v 157.784073 -76.970116 34.681145
v 167.926819 -52.731358 34.196907
v 169.154816 -54.024555 31.893713
v 169.469376 -53.685745 31.661299
v 168.776367 -54.298672 32.223877
v 167.895493 -54.742989 33.102818
v 166.792130 -55.089207 34.306145
v 167.467941 -54.918358 33.564873
v 166.233963 -54.445408 35.178852
v 165.957474 -54.604538 35.367558
v 165.522690 -54.786961 35.694405
v 166.279236 -55.147739 34.783356
v 164.979828 -55.079098 36.064980
v 165.052094 -54.920616 36.078255
v 164.539871 -55.021923 36.441799
v 166.617249 -53.655590 35.152851
v 166.858002 -53.519730 34.975197
v 166.705719 -54.087784 34.873550
v 166.232788 -53.800610 35.468227
v 165.996155 -54.122559 35.557480
v 165.712387 -54.094193 35.849796
v 166.888412 -52.710979 35.242363
v 166.353561 -52.237331 35.953655
v 167.209564 -53.225464 34.729378
v 167.137695 -53.067066 34.860340
v 167.037689 -52.898525 35.023178
v 165.335663 -53.992405 36.243698
v 169.117081 -51.166618 32.981251
v 169.519852 -51.930927 32.223858
v 169.673676 -52.372185 31.893703
v 169.738068 -52.829994 31.661304
v 169.680466 -53.281963 31.593935
v 168.837585 -50.725735 33.498161
v 168.343597 -50.149601 34.306053
v 166.457321 -48.915688 36.441799
v 166.853592 -49.106155 36.063881
v 166.819580 -49.292187 36.078293
v 167.982468 -49.836582 34.743889
v 167.088470 -49.636810 35.743069
v 167.517792 -50.357300 35.178753
v 167.381851 -50.068520 35.367542
v 166.889008 -50.347149 35.849792
v 167.138062 -50.486099 35.557476
v 167.148163 -50.885525 35.468224
v 167.700363 -50.920250 34.873539
v 167.500366 -51.473438 34.975376
v 167.380707 -51.224285 35.152828
v 166.521729 -50.215317 36.243694
v 167.620804 -51.915813 34.729370
v 167.471283 -52.004681 34.860329
v 167.063202 -52.154350 35.242355
v 167.292892 -52.085800 35.023163
v 167.319489 -52.540649 34.875072
v 167.493149 -52.595181 34.681145
v 173.910202 -27.115499 34.196907
v 175.317230 -28.211239 31.893713
v 175.577774 -27.829330 31.661299
v 174.983856 -28.538696 32.223877
v 174.179016 -29.109335 33.102818
v 173.139603 -29.616119 34.306145
v 173.782379 -29.346464 33.564873
v 172.491699 -29.062700 35.178852
v 172.242020 -29.261261 35.367558
v 171.839279 -29.506445 35.694405
v 172.641144 -29.750444 34.783356
v 171.346039 -29.876223 36.064980
v 171.393860 -29.708742 36.078255
v 170.902481 -29.885252 36.441799
v 172.752991 -28.224583 35.152851
v 172.970810 -28.054358 34.975197
v 172.904892 -28.638763 34.873550
v 172.394455 -28.425278 35.468227
v 172.208450 -28.778896 35.557480
v 171.923615 -28.793140 35.849796
v 172.880341 -27.250107 35.242363
v 172.280899 -26.861462 35.953655
v 173.274612 -27.710979 34.729378
v 173.179916 -27.565065 34.860340
v 173.055908 -27.413313 35.023178
v 171.535950 -28.748632 36.243698
v 174.853973 -25.390844 32.981251
v 175.366165 -26.086586 32.223858
v 175.584030 -26.499990 31.893703
v 175.715927 -26.943092 31.661304
v 175.726334 -27.398603 31.593935
v 174.511902 -24.996536 33.498161
v 173.937561 -24.500462 34.306053
v 171.888458 -23.561447 36.441799
v 172.308670 -23.690733 36.063881
v 172.302765 -23.879755 36.078293
v 173.533798 -24.244761 34.743889
v 172.620041 -24.180454 35.743069
v 173.151932 -24.828915 35.178753
v 172.974457 -24.563622 35.367542
v 172.528656 -24.912586 35.849792
v 172.795639 -25.012865 35.557476
v 172.865158 -25.406324 35.468224
v 173.416351 -25.358368 34.873539
v 173.301056 -25.935184 34.975376
v 173.145584 -25.706648 35.152828
v 172.145844 -24.836964 36.243694
v 173.486069 -26.354666 34.729370
v 173.351456 -26.464828 34.860329
v 172.970230 -26.673643 35.242355
v 173.187149 -26.571630 35.023163
v 173.281235 -27.017433 34.875072
v 173.461090 -27.045473 34.681145
v 176.009140 -0.893983 34.196907
v 177.563736 -1.767794 31.893713
v 177.764465 -1.351318 31.661299
v 177.282898 -2.141277 32.223877
v 176.572098 -2.825489 33.102818
v 175.619812 -3.481526 34.306145
v 176.215240 -3.119084 33.564873
v 174.896683 -3.030845 35.178852
v 174.679382 -3.264399 35.367558
v 174.317657 -3.566869 35.694405
v 175.146927 -3.688637 34.783356
v 173.885056 -4.006028 36.064980
v 173.907379 -3.833289 36.078255
v 173.447784 -4.081061 36.441799
v 175.030151 -2.163145 35.152851
v 175.220154 -1.962359 34.975197
v 175.242050 -2.550064 34.873550
v 174.705521 -2.415036 35.468227
v 174.574295 -2.792427 35.557480
v 174.294739 -2.848962 35.849796
v 175.010849 -1.180573 35.242363
v 174.360153 -0.885608 35.953655
v 175.469391 -1.577540 34.729378
v 175.354004 -1.447369 34.860340
v 175.208755 -1.315793 35.023178
v 173.904785 -2.862728 36.243698
v 176.685333 0.952064 32.981251
v 177.295486 0.340425 32.223858
v 177.572525 -0.035893 31.893703
v 177.768997 -0.454385 31.661304
v 177.847168 -0.903260 31.593935
v 176.288315 1.290985 33.498161
v 175.646454 1.695928 34.306053
v 173.480286 2.319064 36.441799
v 173.915085 2.253850 36.063881
v 173.937424 2.066060 36.078293
v 175.209091 1.888597 34.743889
v 174.295944 1.816002 35.743069
v 174.918549 1.254053 35.178753
v 174.703522 1.489936 35.367542
v 174.314697 1.078427 35.849792
v 174.593643 1.019056 35.557476
v 174.721039 0.640352 35.468224
v 175.258926 0.769924 34.873539
v 175.230865 0.182363 34.975376
v 175.043091 0.385178 35.152828
v 173.924896 1.096151 36.243694
v 175.476334 -0.204860 34.729370
v 175.359634 -0.333854 34.860329
v 175.013809 -0.597151 35.242355
v 175.213089 -0.463950 35.023163
v 175.372574 -0.890750 34.875072
v 175.554596 -0.891675 34.681145
v 174.176682 25.347494 34.196907
v 175.844147 24.715132 31.893713
v 175.980576 25.156874 31.661299
v 175.622116 24.303965 32.223877
v 175.021225 23.521461 33.102818
v 174.177338 22.730827 34.306145
v 174.712097 23.177959 33.564873
v 173.395126 23.068701 35.178852
v 173.215057 22.805370 35.367558
v 172.902466 22.452372 35.694405
v 173.740631 22.455555 34.783356
v 172.540131 21.953642 36.064980
v 172.536453 22.127777 36.078255
v 172.118927 21.814278 36.441799
v 173.397781 23.946604 35.152851
v 173.555756 24.173466 34.975197
v 173.664993 23.595587 34.873550
v 173.114319 23.649143 35.468227
v 173.040802 23.256411 35.557480
v 172.772812 23.158846 35.849796
v 173.232254 24.915323 35.242363
v 172.544876 25.110020 35.953655
v 173.744843 24.591131 34.729378
v 173.611343 24.702652 34.860340
v 173.448120 24.811113 35.023178
v 172.389236 23.087114 36.243698
v 174.570206 27.273701 32.981251
v 175.264694 26.759829 32.223858
v 175.594742 26.429003 31.893703
v 175.851395 26.044464 31.661304
v 175.995575 25.612251 31.593935
v 174.127090 27.549667 33.498161
v 173.432068 27.854429 34.306053
v 171.197220 28.147772 36.441799
v 171.636887 28.148085 36.063881
v 171.686951 27.965719 36.078293
v 172.970886 27.979765 34.743889
v 172.078751 27.771891 35.743069
v 172.778152 27.309004 35.178753
v 172.530380 27.510208 35.367542
v 172.207214 27.045347 35.849792
v 172.491898 27.028212 35.557476
v 172.674301 26.672722 35.468224
v 173.186874 26.881010 34.873539
v 173.246704 26.295832 34.975376
v 173.030792 26.468395 35.152828
v 171.819107 27.004776 36.243694
v 173.547150 25.949518 34.729370
v 173.450974 25.804571 34.860329
v 173.148224 25.492672 35.242355
v 173.325455 25.654087 35.023163
v 173.546753 25.255821 34.875072
v 173.726883 25.282034 34.681145
v 168.453812 51.022812 34.196907
v 170.196899 50.646023 31.893713
v 170.265961 51.103161 31.661299
v 170.038620 50.206356 32.223877
v 169.561066 49.343040 33.102818
v 168.844437 48.435467 34.306145
v 169.306580 48.957302 33.564873
v 168.020599 48.652988 35.178852
v 167.881775 48.365761 35.367558
v 167.625290 47.970119 35.694405
v 168.453613 48.098179 34.783356
v 167.341309 47.422958 36.064980
v 167.311752 47.594604 36.078255
v 166.945602 47.222378 36.441799
v 167.892365 49.521481 35.152851
v 168.014786 49.769356 34.975197
v 168.208939 49.214214 34.873550
v 167.656403 49.185101 35.468227
v 167.642242 48.785797 35.557480
v 167.391785 48.649380 35.849796
v 167.584335 50.454716 35.242363
v 166.875610 50.544796 35.953655
v 168.139511 50.210537 34.729378
v 167.990875 50.300915 34.860340
v 167.813324 50.383842 35.023178
v 167.023193 48.521290 36.243698
v 168.555847 52.986156 32.981251
v 169.319183 52.581524 32.223858
v 169.694855 52.303581 31.893703
v 170.005936 51.961590 31.661304
v 170.212921 51.555695 31.593935
v 168.076569 53.193001 33.498161
v 167.343887 53.390778 34.306053
v 165.090286 53.347771 36.441799
v 165.524979 53.413609 36.063881
v 165.601669 53.240742 36.078293
v 166.869171 53.445980 34.743889
v 166.017975 53.107468 35.743069
v 166.778549 52.753986 35.178753
v 166.503555 52.916012 35.367542
v 166.253281 52.408184 35.849792
v 166.537338 52.433670 35.557476
v 166.770691 52.109333 35.468224
v 167.246506 52.391689 34.873539
v 167.392868 51.821957 34.975376
v 167.153641 51.960415 35.152828
v 165.875565 52.310230 36.243694
v 167.741577 51.524288 34.729370
v 167.668076 51.366627 34.860329
v 167.415207 51.013092 35.242355
v 167.566376 51.199116 35.023163
v 167.844574 50.838284 34.875072
v 168.018784 50.891048 34.681145
v 158.968307 75.558472 34.196907
v 160.748093 75.445671 31.893713
v 160.748245 75.907997 31.661299
v 160.657089 74.987328 32.223877
v 160.313538 74.062477 33.102818
v 159.740173 73.058243 34.306145
v 160.119385 73.643120 33.564873
v 158.893112 73.150551 35.178852
v 158.798660 72.845848 35.367558
v 158.604004 72.416389 35.694405
v 159.403976 72.666473 34.783356
v 158.404755 71.833023 36.064980
v 158.349930 71.998344 36.078255
v 158.043335 71.575699 36.441799
v 158.636902 73.990234 35.152851
v 158.720978 74.253586 34.975197
v 158.995697 73.733574 34.873550
v 158.453705 73.622444 35.468227
v 158.499207 73.225487 35.557480
v 158.271866 73.053268 35.849796
v 158.193207 74.867142 35.242363
v 157.478973 74.850586 35.953655
v 158.778580 74.708427 34.729378
v 158.618149 74.775642 34.860340
v 158.430206 74.831184 35.023178
v 157.926483 72.871674 36.243698
v 158.776611 77.515091 32.981251
v 159.591721 77.228745 32.223858
v 160.004608 77.009895 31.893703
v 160.363190 76.718079 31.661304
v 160.628357 76.347572 31.593935
v 158.271851 77.648201 33.498161
v 157.517883 77.734573 34.306053
v 155.295837 77.356178 36.441799
v 155.715881 77.486069 36.063881
v 155.817474 77.326561 36.078293
v 157.040237 77.718414 34.743889
v 156.249008 77.256821 35.743069
v 157.053757 77.020638 35.178753
v 156.757690 77.139877 35.367542
v 156.585892 76.600418 35.849792
v 156.862991 76.667946 35.557476
v 157.142059 76.382011 35.468224
v 157.570465 76.732124 34.873539
v 157.800125 76.190575 34.975376
v 157.542938 76.291832 35.152828
v 156.226990 76.447266 36.243694
v 158.189285 75.948196 34.729370
v 158.140121 75.781342 34.860329
v 157.942749 75.394073 35.242355
v 158.064529 75.600548 35.023163
v 158.393387 75.285202 34.875072
v 158.557785 75.363342 34.681145
v 145.932098 98.406487 34.196907
v 147.708817 98.560196 31.893713
v 147.640060 99.017380 31.661299
v 147.687149 98.093399 32.223877
v 147.485275 97.127686 33.102818
v 147.067963 96.049210 34.306145
v 147.355789 96.684074 33.564873
v 146.216614 96.014244 35.178852
v 146.168625 95.698868 35.367558
v 146.040146 95.245201 35.694405
v 146.793930 95.611717 34.783356
v 145.930054 94.638641 36.064980
v 145.851212 94.793953 36.078255
v 145.611038 94.330345 36.441799
v 145.838120 96.806366 35.152851
v 145.882019 97.079308 34.975197
v 146.231171 96.606049 34.873550
v 145.711777 96.415382 35.468227
v 145.815933 96.029640 35.557480
v 145.616821 95.825462 35.849796
v 145.268692 97.607353 35.242363
v 144.564911 97.484543 35.953655
v 145.871170 97.537651 34.729378
v 145.702515 97.580208 34.860340
v 145.508392 97.607117 35.023178
v 145.302353 95.594421 36.243698
v 145.450943 100.312683 32.981251
v 146.299622 100.151016 32.223858
v 146.740509 99.996147 31.893703
v 147.138596 99.761032 31.661304
v 147.456024 99.434174 31.593935
v 144.931976 100.369080 33.498161
v 144.173569 100.342125 34.306053
v 142.032730 99.636795 36.441799
v 142.428726 99.827827 36.063881
v 142.552948 99.685242 36.078293
v 143.703659 100.254951 34.743889
v 142.990051 99.680595 35.743069
v 143.821030 99.566986 35.178753
v 143.510483 99.640770 35.367542
v 143.421021 99.081726 35.849792
v 143.684937 99.189804 35.557476
v 144.003510 98.948654 35.468224
v 144.374969 99.358711 34.873539
v 144.682755 98.857422 34.975376
v 144.413361 98.919228 35.152828
v 143.088943 98.876793 36.243694
v 145.103714 98.675758 34.729370
v 145.079941 98.503433 34.860329
v 144.942505 98.091080 35.242355
v 145.032135 98.313393 35.023163
v 145.404327 98.050583 34.875072
v 145.555237 98.152351 34.681145
v 129.636322 119.056458 34.196907
v 131.370285 119.473244 31.893713
v 131.234177 119.915077 31.661299
v 131.418427 119.008438 32.223877
v 131.362732 118.023415 33.102818
v 131.110825 116.894798 34.306145
v 131.300797 117.565460 33.564873
v 130.274185 116.733337 35.178852
v 130.273727 116.414330 35.367558
v 130.214310 115.946587 35.694405
v 130.905045 116.421341 34.783356
v 130.195847 115.330399 36.064980
v 130.094727 115.472214 36.078255
v 129.926331 114.977989 36.441799
v 129.781860 117.460205 35.152851
v 129.784607 117.736641 34.975197
v 130.200378 117.320702 34.873550
v 129.715210 117.054756 35.468227
v 129.875687 116.688850 35.557480
v 129.709213 116.457275 35.849796
v 129.099426 118.167381 35.242363
v 128.421799 117.941055 35.953655
v 129.705566 118.188248 34.729378
v 129.532440 118.205200 34.860340
v 129.336487 118.202873 35.023178
v 129.432709 116.181946 36.243698
v 128.876450 120.869667 32.981251
v 129.739731 120.836281 32.223858
v 130.198792 120.748840 31.893703
v 130.627457 120.575684 31.661304
v 130.990051 120.299789 31.593935
v 128.354874 120.848083 33.498161
v 127.608940 120.708389 34.306053
v 125.597137 119.691879 36.441799
v 125.960220 119.939804 36.063881
v 126.104317 119.817329 36.078293
v 127.157272 120.552155 34.743889
v 126.537239 119.877876 35.743069
v 127.375854 119.889381 35.178753
v 127.057785 119.916046 35.367542
v 127.052635 119.349922 35.849792
v 127.297508 119.496132 35.557476
v 127.648468 119.305145 35.468224
v 127.954659 119.765976 34.873539
v 128.333725 119.316170 34.975376
v 128.058121 119.337128 35.152828
v 126.754829 119.097786 36.243694
v 128.777039 119.199265 34.729370
v 128.779221 119.025330 34.860329
v 128.704788 118.597092 35.242355
v 128.760269 118.830276 35.023163
v 129.167480 118.625877 34.875072
v 129.301544 118.749001 34.681145
v 110.444954 137.047165 34.196907
v 112.097435 137.717712 31.893713
v 111.896988 138.134338 31.661299
v 112.214310 137.265274 32.223877
v 112.306038 136.282959 33.102818
v 112.225151 135.129410 34.306145
v 112.313049 135.820892 33.564873
v 111.421913 134.845062 35.178852
v 111.469017 134.529556 35.367558
v 111.479958 134.058167 35.694405
v 112.092224 134.630569 34.783356
v 111.553535 133.446106 36.064980
v 111.432419 133.571274 36.078255
v 111.339554 133.057480 36.441799
v 110.826767 135.490433 35.152851
v 110.788269 135.764191 34.975197
v 111.261398 135.414871 34.873550
v 110.821281 135.079575 35.468227
v 111.034500 134.741684 35.557480
v 110.904404 134.487869 35.849796
v 110.046547 136.087997 35.242363
v 109.410225 135.763214 35.953655
v 110.642815 136.198990 34.729378
v 110.469101 136.189941 34.860340
v 110.275681 136.158432 35.023178
v 110.672012 134.174423 36.243698
v 109.423325 138.726868 32.981251
v 110.281960 138.822525 32.223858
v 110.748909 138.804474 31.893703
v 111.198601 138.697144 31.661304
v 111.598267 138.478363 31.593935
v 108.910805 138.627808 33.498161
v 108.194016 138.378510 34.306053
v 106.356186 137.073517 36.441799
v 106.678276 137.372772 36.063881
v 106.839012 137.273163 36.078293
v 107.770676 138.156693 34.743889
v 107.258064 137.397552 35.743069
v 108.085602 137.533905 35.178753
v 107.767113 137.512878 35.367542
v 107.846390 136.952286 35.849792
v 108.066742 137.133362 35.557476
v 108.442238 136.996826 35.468224
v 108.676331 137.498138 34.873539
v 109.118195 137.109848 34.975376
v 108.842545 137.089508 35.152828
v 107.589478 136.658600 36.243694
v 109.573990 137.060318 34.729370
v 109.602074 136.888641 34.860329
v 109.592278 136.454102 35.242355
v 109.612404 136.692963 35.023163
v 110.045517 136.551529 34.875072
v 110.159737 136.693253 34.681145
v 88.786705 151.976791 34.196907
v 90.320801 152.886124 31.893713
v 90.060501 153.268204 31.661299
v 90.503792 152.456146 32.223877
v 90.740898 151.498474 33.102818
v 90.832832 150.345749 34.306145
v 90.816696 151.042603 33.564873
v 90.080940 149.944870 35.178852
v 90.174545 149.639908 35.367558
v 90.255608 149.175415 35.694405
v 90.775734 149.832672 34.783356
v 90.419594 148.581146 36.064980
v 90.281166 148.686874 36.078255
v 90.265923 148.164963 36.441799
v 89.396255 150.494339 35.152851
v 89.317390 150.759293 34.975197
v 89.837303 150.484390 34.873550
v 89.452065 150.087250 35.468227
v 89.713264 149.784912 35.557480
v 89.622444 149.514557 35.849796
v 88.535698 150.968948 35.242363
v 87.954887 150.552963 35.953655
v 89.108765 151.167557 34.729378
v 88.938347 151.132721 34.860340
v 88.751770 151.072739 35.023178
v 89.439362 149.169952 36.243698
v 87.526161 153.485474 32.981251
v 88.360939 153.708008 32.223858
v 88.825371 153.759781 31.893703
v 89.286026 153.720657 31.661304
v 89.713837 153.563889 31.593935
v 87.034119 153.311127 33.498161
v 86.362488 152.957779 34.306053
v 84.739670 151.393463 36.441799
v 85.013565 151.737396 36.063881
v 85.187347 151.662827 36.078293
v 85.976929 152.675369 34.743889
v 85.583191 151.848282 35.743069
v 86.381157 152.106445 35.178753
v 86.069366 152.038193 35.367542
v 86.231300 151.495697 35.849792
v 86.422203 151.707581 35.557476
v 86.813858 151.628510 35.468224
v 86.970627 152.159134 34.873539
v 87.465416 151.841034 34.975376
v 87.195877 151.779831 35.152828
v 86.021034 151.166992 36.243694
v 87.923500 151.859985 34.729370
v 87.976860 151.694412 34.860329
v 88.031937 151.263260 35.242355
v 88.016243 151.502457 35.023163
v 88.465599 151.427139 34.875072
v 88.557419 151.584305 34.681145
v 65.145332 163.511765 34.196907
v 66.526772 164.639587 31.893713
v 66.212440 164.978607 31.661299
v 66.771805 164.241684 32.223877
v 67.148979 163.330032 33.102818
v 67.411697 162.203873 34.306145
v 67.291878 162.890564 33.564873
v 66.727943 161.695435 35.178852
v 66.865944 161.407806 35.367558
v 67.015335 160.960602 35.694405
v 67.431694 161.688019 34.783356
v 67.266045 160.397415 36.064980
v 67.113411 160.481323 36.078255
v 67.176125 159.962967 36.441799
v 65.969009 162.136719 35.152851
v 65.851547 162.386948 34.975197
v 66.406609 162.192612 34.873550
v 66.084869 161.742493 35.468227
v 66.388214 161.482452 35.557480
v 66.338699 161.201569 35.849796
v 65.047333 162.477783 35.242363
v 64.535004 161.979858 35.953655
v 65.584396 162.759567 34.729378
v 65.421074 162.699722 34.860340
v 65.245522 162.612610 35.023178
v 66.209015 160.833542 36.243698
v 63.674011 164.815735 32.981251
v 64.466309 165.160202 32.223858
v 64.917839 165.280594 31.893703
v 65.379181 165.310577 31.661304
v 65.825577 165.219299 31.593935
v 63.213451 164.570007 33.498161
v 62.601990 164.120514 34.306053
v 61.230431 162.331818 36.441799
v 61.450005 162.712708 36.063881
v 61.632969 162.664886 36.078293
v 62.262829 163.783783 34.743889
v 61.996746 162.907257 35.743069
v 62.747326 163.281464 35.178753
v 62.449188 163.167496 35.367542
v 62.690170 162.655197 35.849792
v 62.847363 162.893173 35.557476
v 63.246426 162.873367 35.468224
v 63.322357 163.421417 34.873539
v 63.859039 163.180603 34.975376
v 63.601631 163.079910 35.152828
v 62.531231 162.298828 36.243694
v 64.309174 163.267624 34.729370
v 64.386612 163.111847 34.860329
v 64.505341 162.693710 35.242355
v 64.454163 162.927902 35.023163
v 64.909729 162.920395 34.875072
v 64.977097 163.089493 34.681145
v 40.048786 171.394592 34.196907
v 41.246708 172.715698 31.893713
v 40.885361 173.004074 31.661299
v 41.548309 172.358749 32.223877
v 42.057144 171.513504 33.102818
v 42.484756 170.439072 34.306145
v 42.263939 171.100235 33.564873
v 41.884418 169.834396 35.178852
v 42.063747 169.570572 35.367558
v 42.278118 169.150604 35.694405
v 42.581417 169.931976 34.783356
v 42.609966 168.631088 36.064980
v 42.446529 168.691299 36.078255
v 42.585785 168.188095 36.441799
v 41.068195 170.157669 35.152851
v 40.914742 170.387604 34.975197
v 41.492580 170.278137 34.873550
v 41.241508 169.785095 35.468227
v 41.580227 169.573181 35.557480
v 41.573124 169.288055 35.849796
v 40.105976 170.357544 35.242363
v 39.673580 169.788834 35.953655
v 40.595055 170.716232 34.729378
v 40.442463 170.632721 34.860340
v 40.281864 170.520416 35.023178
v 41.499741 168.904816 36.243698
v 38.399563 172.464737 32.981251
v 39.131668 172.923416 32.223858
v 39.560215 173.109772 31.893703
v 40.011936 173.208145 31.661304
v 40.466949 173.184448 31.593935
v 37.980770 172.153091 33.498161
v 37.443119 171.617493 34.306053
v 36.353455 169.644363 36.441799
v 36.513813 170.053726 36.063881
v 36.701866 170.033707 36.078293
v 37.157936 171.233978 34.743889
v 37.025452 170.327576 35.743069
v 37.711887 170.809479 35.178753
v 37.434059 170.652359 35.367542
v 37.748699 170.181686 35.849792
v 37.868671 170.440430 35.557476
v 38.266224 170.480316 35.468224
v 38.259636 171.033569 34.873539
v 38.826210 170.875427 34.975376
v 38.586685 170.737503 35.152828
v 37.644653 169.805603 36.243694
v 39.258358 171.028564 34.729370
v 39.358143 170.886063 34.860329
v 39.537853 170.490295 35.242355
v 39.452354 170.714233 35.023163
v 39.903946 170.774719 34.875072
v 39.945362 170.951965 34.681145
v 14.057796 175.449127 34.196907
v 15.045449 176.934021 31.893713
v 14.645155 177.165329 31.661299
v 15.396877 176.626007 32.223877
v 16.026001 175.866028 33.102818
v 16.608965 174.867340 34.306145
v 16.292078 175.488190 33.564873
v 16.105452 174.179947 35.178852
v 16.322096 173.945770 35.367558
v 16.596661 173.562454 35.694405
v 16.780121 174.380295 34.783356
v 17.002228 173.098190 36.064980
v 16.831644 173.133377 36.078255
v 17.044342 172.656540 36.441799
v 15.250168 174.377945 35.152851
v 15.064158 174.582443 34.975197
v 15.651855 174.560318 34.873550
v 15.477069 174.035370 35.468227
v 15.843586 173.876282 35.557480
v 15.879052 173.593307 35.849796
v 14.268904 174.432190 35.242363
v 13.926092 173.805389 35.953655
v 14.699060 174.859756 34.729378
v 14.560623 174.754440 34.860340
v 14.418551 174.619446 35.023178
v 15.863608 173.203384 36.243698
v 12.267503 176.261520 32.981251
v 12.923070 176.824203 32.223858
v 13.319058 177.072342 31.893703
v 13.751075 177.236954 31.661304
v 14.204539 177.281311 31.593935
v 11.899831 175.890961 33.498161
v 11.448009 175.281204 34.306053
v 10.664580 173.167709 36.441799
v 10.762136 173.596420 36.063881
v 10.951070 173.604630 36.078293
v 11.223164 174.859467 34.743889
v 11.227247 173.943466 35.743069
v 11.834195 174.522278 35.178753
v 11.582890 174.325500 35.367542
v 11.964158 173.906982 35.849792
v 12.044230 174.180710 35.557476
v 12.431401 174.279404 35.468224
v 12.342430 174.825485 34.873539
v 12.926247 174.753555 34.975376
v 12.709952 174.581482 35.152828
v 11.917325 173.519577 36.243694
v 13.330748 174.969376 34.729370
v 13.450650 174.843369 34.860329
v 13.687339 174.478790 35.242355
v 13.569420 174.687485 35.023163
v 14.006954 174.814590 34.875072
v 14.021492 174.996033 34.681145
v -12.247286 175.584808 34.196907
v -11.491961 177.200302 31.893713
v -11.922259 177.369370 31.661299
v -11.098557 176.948105 32.223877
v -10.363194 176.290390 33.102818
v -9.637900 175.389709 34.306145
v -10.043777 175.956421 33.564873
v -10.033343 174.634964 35.178852
v -9.784220 174.435699 35.367558
v -9.455592 174.097580 35.694405
v -9.396069 174.933624 34.783356
v -8.985364 173.698944 36.064980
v -9.159287 173.708313 36.078255
v -8.877899 173.268509 36.441799
v -10.908585 174.703278 35.152851
v -11.122995 174.877777 34.975197
v -10.538566 174.943497 34.873550
v -10.633163 174.398346 35.468227
v -10.247030 174.295670 35.557480
v -10.169785 174.021133 35.849796
v -11.886975 174.610687 35.242363
v -12.132544 173.939804 35.953655
v -11.525345 175.097595 34.729378
v -11.646540 174.972809 34.860340
v -11.766908 174.818146 35.023178
v -10.126947 173.633270 36.243698
v -14.138659 176.121307 32.981251
v -13.574273 176.775406 32.223858
v -13.219687 177.079788 31.893703
v -12.817029 177.306946 31.661304
v -12.375241 177.418411 31.593935
v -14.446999 175.700089 33.498161
v -14.802898 175.029800 34.306053
v -15.262594 172.823166 36.441799
v -15.230019 173.261612 36.063881
v -15.044419 173.297897 36.078293
v -14.962381 174.579285 34.743889
v -14.821824 173.674103 35.743069
v -14.307919 174.336914 35.178753
v -14.527092 174.104874 35.367542
v -14.087707 173.747849 35.849792
v -14.049324 174.030457 35.557476
v -13.681187 174.185745 35.468224
v -13.850549 174.712479 34.873539
v -13.262533 174.728363 34.975376
v -13.450765 174.525955 35.152828
v -14.076283 173.357803 36.243694
v -12.894714 175.002060 34.729370
v -12.757369 174.895309 34.860329
v -12.468990 174.570084 35.242355
v -12.616696 174.758865 35.023163
v -12.202991 174.949783 34.875072
v -12.215657 175.131363 34.681145
v -38.278721 171.798599 34.196907
v -37.772598 173.508621 31.893713
v -38.223289 173.611679 31.661299
v -37.346001 173.317886 32.223877
v -36.520824 172.777100 33.102818
v -35.669403 171.994583 34.306145
v -36.155209 172.494461 33.564873
v -35.947945 171.189316 35.178852
v -35.671909 171.029419 35.367558
v -35.296555 170.744049 35.694405
v -35.362297 171.579620 34.783356
v -34.772171 170.419937 36.064980
v -34.945545 170.403290 36.078255
v -34.601757 170.010315 36.441799
v -36.823593 171.126450 35.152851
v -37.061615 171.267029 34.975197
v -36.493507 171.419113 34.873550
v -36.505806 170.865967 35.468227
v -36.108681 170.821976 35.557480
v -35.991383 170.562012 35.849796
v -37.777256 170.889069 35.242363
v -37.920097 170.189072 35.953655
v -37.492229 171.424408 34.729378
v -37.593475 171.282974 34.860340
v -37.689449 171.112106 35.023178
v -35.891216 170.184875 36.243698
v -40.228928 172.047226 32.981251
v -39.768330 172.778137 32.223858
v -39.463066 173.131973 31.893703
v -39.098759 173.416595 31.661304
v -38.678516 173.592651 31.593935
v -40.471050 171.584763 33.498161
v -40.723080 170.868927 34.306053
v -40.848774 168.618408 36.441799
v -40.881905 169.056824 36.063881
v -40.703789 169.120361 36.078293
v -40.813637 170.399658 34.743889
v -40.539745 169.525543 35.743069
v -40.130360 170.257538 35.178753
v -40.312508 169.995438 35.367542
v -39.824818 169.707886 35.849792
v -39.828983 169.993057 35.557476
v -39.488102 170.201477 35.468224
v -39.734074 170.697067 34.873539
v -39.154991 170.800415 34.975376
v -39.310955 170.572235 35.152828
v -39.755390 169.323883 36.243694
v -38.832069 171.125870 34.729370
v -38.680347 171.040787 34.860329
v -38.346722 170.762177 35.242355
v -38.520916 170.926849 35.023163
v -38.140282 171.177277 34.875072
v -38.179867 171.354935 34.681145
v -63.455212 164.175079 34.196907
v -63.209591 165.941437 31.893713
v -63.670609 165.976181 31.661299
v -62.759335 165.816391 32.223877
v -61.862782 165.404617 33.102818
v -60.904247 164.757767 34.306145
v -61.459126 165.179657 33.564873
v -61.059666 163.919968 35.178852
v -60.762878 163.802979 35.367558
v -60.349190 163.576736 35.694405
v -60.538727 164.393204 34.783356
v -59.782356 163.334412 36.064980
v -59.951317 163.292114 36.078255
v -59.552795 162.954758 36.441799
v -61.916164 163.727280 35.152851
v -62.172478 163.830841 34.975197
v -61.633377 164.065887 34.873550
v -61.563103 163.517090 35.468227
v -61.163857 163.532776 35.557480
v -61.009125 163.293182 35.849796
v -62.823799 163.350433 35.242363
v -62.860718 162.636963 35.953655
v -62.621742 163.922287 34.729378
v -62.700775 163.767334 34.860340
v -62.770214 163.584076 35.023178
v -60.853874 162.935196 36.243698
v -65.420700 164.130280 32.981251
v -65.074173 164.921677 32.223858
v -64.825050 165.317047 31.893703
v -64.507233 165.652802 31.661304
v -64.117920 165.889511 31.593935
v -65.591187 163.636887 33.498161
v -65.733719 162.891495 34.306053
v -65.522606 160.647369 36.441799
v -65.620705 161.075958 36.063881
v -65.454048 161.165329 36.078293
v -65.753326 162.413971 34.743889
v -65.352226 161.590439 35.743069
v -65.056503 162.375259 35.178753
v -65.197556 162.088943 35.367542
v -64.672455 161.877274 35.849792
v -64.719070 162.158646 35.557476
v -64.413063 162.415543 35.468224
v -64.730148 162.868958 34.873539
v -64.172935 163.057449 34.975376
v -64.293152 162.808563 35.152828
v -64.546577 161.507935 36.243694
v -63.902122 163.427383 34.729370
v -63.739414 163.365875 34.860329
v -63.367992 163.140091 35.242355
v -63.564781 163.276962 35.023163
v -63.225719 163.581314 34.875072
v -63.291344 163.751099 34.681145
v -87.214386 152.884491 34.196907
v -87.234756 154.667725 31.893713
v -87.695801 154.633362 31.661299
v -86.770889 154.611191 32.223877
v -85.822983 154.337646 33.102818
v -84.778740 153.840836 34.306145
v -85.390297 154.175339 33.564873
v -84.807571 152.989258 35.178852
v -84.496658 152.917816 35.367558
v -84.053871 152.755737 35.694405
v -84.362976 153.534836 34.783356
v -83.457260 152.600616 36.064980
v -83.618027 152.533600 36.078255
v -83.173676 152.259415 36.441799
v -85.625786 152.671082 35.152851
v -85.894669 152.735260 34.975197
v -85.396622 153.048035 34.873550
v -85.245338 152.515839 35.468227
v -84.852890 152.590866 35.557480
v -84.664185 152.377014 35.849796
v -86.467117 152.163162 35.242363
v -86.397293 151.452164 35.953655
v -86.352547 152.758743 34.729378
v -86.407600 152.593735 34.860340
v -86.448952 152.402176 35.023178
v -84.457314 152.046158 36.243698
v -89.151245 152.547272 32.981251
v -88.926529 153.381470 32.223858
v -88.739113 153.809540 31.893703
v -88.474884 154.188919 31.661304
v -88.125198 154.481018 31.593935
v -89.246300 152.033997 33.498161
v -89.276146 151.275665 34.306053
v -88.732933 149.088089 36.441799
v -88.893814 149.497253 36.063881
v -88.742332 149.610458 36.078293
v -89.224365 150.800552 34.743889
v -88.705002 150.045990 35.743069
v -88.529556 150.866135 35.178753
v -88.626350 150.561981 35.367542
v -88.075577 150.430939 35.849792
v -88.163605 150.702225 35.557476
v -87.899300 151.001862 35.468224
v -88.280418 151.402954 34.873539
v -87.757515 151.672379 34.975376
v -87.839302 151.408356 35.152828
v -87.896057 150.084488 36.243694
v -87.544876 152.078552 34.729370
v -87.374809 152.041962 34.860329
v -86.973885 151.874069 35.242355
v -87.188873 151.980087 35.023163
v -86.898964 152.331573 34.875072
v -86.989151 152.489670 34.681145
v -109.025452 138.179092 34.196907
v -109.311356 139.939377 31.893713
v -109.762138 139.836685 31.661299
v -108.844254 139.952606 32.223877
v -107.866158 139.823364 33.102818
v -106.759537 139.487762 34.306145
v -107.414116 139.727356 33.564873
v -106.661118 138.641373 35.178852
v -106.343048 138.617065 35.367558
v -105.881050 138.522812 35.694405
v -106.302811 139.247131 34.783356
v -105.267975 138.458313 36.064980
v -105.416962 138.368073 36.078255
v -104.936714 138.163193 36.441799
v -107.422791 138.204803 35.152851
v -107.698235 138.228210 34.975197
v -107.252357 138.611710 34.873550
v -107.023453 138.108002 35.468227
v -106.646568 138.240677 35.557480
v -106.428093 138.057343 35.849796
v -108.179024 137.577179 35.242363
v -108.004021 136.884521 35.953655
v -108.154495 138.183197 34.729378
v -108.184349 138.011810 34.860340
v -108.196686 137.816238 35.023178
v -106.174225 137.761002 36.243698
v -110.890411 137.556976 32.981251
v -110.792542 138.415344 32.223858
v -110.671021 138.866577 31.893703
v -110.466278 139.281082 31.661304
v -110.164032 139.622040 31.593935
v -110.907913 137.035263 33.498161
v -110.824409 136.280960 34.306053
v -109.961250 134.198761 36.441799
v -110.181305 134.579376 36.063881
v -110.048393 134.713898 36.078293
v -110.702408 135.818863 34.743889
v -110.076385 135.150131 35.743069
v -110.025124 135.987259 35.178753
v -110.075523 135.672073 35.367542
v -109.511360 135.624588 35.849792
v -109.638840 135.879730 35.557476
v -109.422134 136.215408 35.468224
v -109.858772 136.555206 34.873539
v -109.381874 136.899567 34.975376
v -109.423393 136.626297 35.152828
v -109.282211 135.308746 36.243694
v -109.232132 137.332901 34.729370
v -109.058525 137.322067 34.860329
v -108.637047 137.215790 35.242355
v -108.865433 137.288574 35.023163
v -108.631142 137.679352 34.875072
v -108.743896 137.822250 34.681145
v -128.401382 120.387299 34.196907
v -128.946442 122.085312 31.893713
v -129.376877 121.916588 31.661299
v -128.486526 122.168007 32.223877
v -127.500092 122.185997 33.102818
v -126.355820 122.019051 34.306145
v -127.038795 122.158424 33.564873
v -126.132370 121.196793 35.178852
v -125.814217 121.220161 35.367558
v -125.343330 121.195808 35.694405
v -125.868324 121.849174 34.783356
v -124.727486 121.223404 36.064980
v -124.861359 121.111977 36.078255
v -124.355942 120.980942 36.441799
v -126.820457 120.651581 35.152851
v -127.096313 120.633682 34.975197
v -126.712578 121.079346 34.873550
v -126.411156 120.615379 35.468227
v -126.058250 120.802734 35.557480
v -125.814896 120.654007 35.849796
v -127.474709 119.918259 35.242363
v -127.198425 119.259422 35.953655
v -127.540764 120.521149 34.729378
v -127.544746 120.347252 34.860340
v -127.527802 120.152016 35.023178
v -125.519691 120.398819 36.243698
v -130.152802 119.494186 32.981251
v -130.183945 120.357559 32.223858
v -130.131027 120.821861 31.893703
v -129.990341 121.262253 31.661304
v -129.742294 121.644432 31.593935
v -130.092346 118.975685 33.498161
v -129.897369 118.242256 34.306053
v -128.733521 116.311951 36.441799
v -129.007843 116.655525 36.063881
v -128.896469 116.808365 36.078293
v -129.707855 117.803513 34.743889
v -128.989151 117.235542 35.743069
v -129.063232 118.070969 35.178753
v -129.066086 117.751801 35.367542
v -128.501160 117.788918 35.849792
v -128.665237 118.022194 35.557476
v -128.500977 118.386429 35.468224
v -128.983383 118.657364 34.873539
v -128.563126 119.068939 34.975376
v -128.563461 118.792542 35.152828
v -128.227493 117.510750 36.243694
v -128.479645 119.519753 34.729370
v -128.306351 119.534920 34.860329
v -127.873756 119.492645 35.242355
v -128.110443 119.530579 35.023163
v -127.937004 119.951904 34.875072
v -128.069778 120.076401 34.681145
v -144.909271 99.906540 34.196907
v -145.701294 101.504349 31.893713
v -146.101776 101.273369 31.661299
v -145.258850 101.654678 32.223877
v -144.286118 101.819473 33.102818
v -143.129730 101.824928 34.306145
v -143.825851 101.860962 33.564873
v -142.786224 101.045151 35.178852
v -142.475113 101.115677 35.367558
v -142.005859 101.161774 35.694405
v -142.622375 101.729599 34.783356
v -141.401016 101.280838 36.064980
v -141.516785 101.150711 36.078255
v -140.997482 101.096466 36.441799
v -143.385376 100.403488 35.152851
v -143.655487 100.344666 34.975197
v -143.342453 100.842545 34.873550
v -142.975266 100.428688 35.468227
v -142.654205 100.666534 35.557480
v -142.391418 100.555740 35.849796
v -143.923035 99.580841 35.242363
v -143.551651 98.970543 35.953655
v -144.078217 100.167160 34.729378
v -144.056229 99.994614 34.860340
v -144.010361 99.804077 35.023178
v -142.061478 100.347404 36.243698
v -146.508026 98.762375 32.981251
v -146.667496 99.611473 32.223858
v -146.684357 100.078468 31.893703
v -146.610901 100.534912 31.661304
v -146.422562 100.949799 31.593935
v -146.370972 98.258675 33.498161
v -146.068863 97.562500 34.306053
v -144.630325 95.827209 36.441799
v -144.952805 96.126060 36.063881
v -144.865433 96.293785 36.078293
v -145.816071 97.156898 34.743889
v -145.020752 96.702385 35.743069
v -145.218506 97.517433 35.178753
v -145.173767 97.201408 35.367542
v -144.620682 97.322304 35.849792
v -144.817688 97.528526 35.557476
v -144.709564 97.913170 35.468224
v -145.226944 98.109184 34.873539
v -144.872742 98.578796 34.975376
v -144.831863 98.305443 35.152828
v -144.308624 97.088036 36.243694
v -144.857361 99.037018 34.729370
v -144.688263 99.077835 34.860329
v -144.254196 99.100502 35.242355
v -144.493881 99.102753 35.023163
v -144.385178 99.545212 34.875072
v -144.535049 99.648529 34.681145
v -158.180481 77.194214 34.196907
v -159.201813 78.656143 31.893713
v -159.563400 78.368050 31.661299
v -158.786697 78.870728 32.223877
v -157.849396 79.178658 33.102818
v -156.706741 79.356392 34.306145
v -157.400452 79.288277 33.564873
v -156.250854 78.636520 35.178852
v -155.953720 78.752625 35.367558
v -155.496582 78.868141 35.694405
v -156.190826 79.337746 34.783356
v -154.916214 79.076019 36.064980
v -155.011307 78.930092 36.078255
v -154.489731 78.953842 36.441799
v -156.747681 77.912727 35.152851
v -157.006012 77.814301 34.975197
v -156.770676 78.353279 34.873550
v -156.345901 77.998764 35.468227
v -156.063873 78.281807 35.557480
v -155.787506 78.211426 35.849796
v -157.156738 77.019142 35.242363
v -156.698532 76.471001 35.953655
v -157.397552 77.575790 34.729378
v -157.350098 77.408432 34.860340
v -157.276367 77.226868 35.023178
v -155.430206 78.054581 36.243698
v -159.590866 75.824554 32.981251
v -159.875107 76.640404 32.223858
v -159.961395 77.099670 31.893703
v -159.956757 77.561966 31.661304
v -159.832367 78.000290 31.593935
v -159.380280 75.346916 33.498161
v -158.977783 74.703537 34.306053
v -157.296692 73.202011 36.441799
v -157.660110 73.449471 36.063881
v -157.598724 73.628342 36.078293
v -158.667374 74.340134 34.743889
v -157.813217 74.009232 35.743069
v -158.130219 74.785698 35.178753
v -158.038879 74.479874 35.367542
v -157.509979 74.681854 35.849792
v -157.735519 74.856407 35.557476
v -157.685928 75.252869 35.468224
v -158.226761 75.369591 34.873539
v -157.946487 75.886749 34.975376
v -157.865326 75.622536 35.152828
v -157.166489 74.496712 36.243694
v -157.999573 76.342140 34.729370
v -157.838440 76.407707 34.860329
v -157.412613 76.494820 35.242355
v -157.649963 76.461311 35.023163
v -157.608414 76.915031 34.875072
v -157.771988 76.994865 34.681145
v -167.918533 52.757748 34.196907
v -169.146317 54.051140 31.893713
v -169.460938 53.712376 31.661299
v -168.767838 54.325195 32.223877
v -167.886887 54.769375 33.102818
v -166.783478 55.115417 34.306145
v -167.459305 54.944675 33.564873
v -166.225403 54.471531 35.178852
v -165.948883 54.630619 35.367558
v -165.514069 54.812973 35.694405
v -166.270554 55.173870 34.783356
v -164.971191 55.105026 36.064980
v -165.043457 54.946556 36.078255
v -164.531235 55.047779 36.441799
v -166.608810 53.681774 35.152851
v -166.849594 53.545956 34.975197
v -166.697205 54.113979 34.873550
v -166.224335 53.826733 35.468227
v -165.987656 54.148647 35.557480
v -165.703873 54.120235 35.849796
v -166.880127 52.737202 35.242363
v -166.345352 52.263477 35.953655
v -167.201218 53.251743 34.729378
v -167.129333 53.093334 34.860340
v -167.029358 52.924778 35.023178
v -165.327194 54.018387 36.243698
v -169.109039 51.193195 32.981251
v -169.511688 51.957565 32.223858
v -169.665451 52.398846 31.893703
v -169.729782 52.856670 31.661304
v -169.672089 53.308632 31.593935
v -168.829605 50.752270 33.498161
v -168.335724 50.176060 34.306053
v -166.449631 48.941849 36.441799
v -166.845871 49.132381 36.063881
v -166.811829 49.318401 36.078293
v -167.974625 49.862980 34.743889
v -167.080688 49.663071 35.743069
v -167.509872 50.383629 35.178753
v -167.373962 50.094830 35.367542
v -166.881088 50.373375 35.849792
v -167.130127 50.512363 35.557476
v -167.140167 50.911793 35.468224
v -167.692352 50.946602 34.873539
v -167.492279 51.499763 34.975376
v -167.372650 51.250591 35.152828
v -166.513840 50.241486 36.243694
v -167.612656 51.942154 34.729370
v -167.463104 52.030998 34.860329
v -167.055008 52.180599 35.242355
v -167.284698 52.112091 35.023163
v -167.311234 52.566944 34.875072
v -167.484894 52.621502 34.681145
v -173.905960 27.142729 34.196907
v -175.312805 28.238689 31.893713
v -175.573410 27.856821 31.661299
v -174.979370 28.566093 32.223877
v -174.174469 29.136606 33.102818
v -173.134964 29.643230 34.306145
v -173.777786 29.373674 33.564873
v -172.487152 29.089708 35.178852
v -172.237442 29.288229 35.367558
v -171.834656 29.533350 35.694405
v -172.636490 29.777473 34.783356
v -171.341354 29.903051 36.064980
v -171.389206 29.735579 36.078255
v -170.897781 29.912010 36.441799
v -172.748566 28.251631 35.152851
v -172.966415 28.081440 34.975197
v -172.900406 28.665836 34.873550
v -172.389999 28.452271 35.468227
v -172.203934 28.805861 35.557480
v -171.919098 28.820059 35.849796
v -172.876068 27.277174 35.242363
v -172.276688 26.888435 35.953655
v -173.270264 27.738110 34.729378
v -173.175598 27.592180 34.860340
v -173.051620 27.440411 35.023178
v -171.531448 28.775492 36.243698
v -174.849991 25.418221 32.981251
v -175.362061 26.114044 32.223858
v -175.579880 26.527483 31.893703
v -175.711716 26.970604 31.661304
v -175.722046 27.426117 31.593935
v -174.507980 25.023861 33.498161
v -173.933731 24.527693 34.306053
v -171.884766 23.588362 36.441799
v -172.304962 23.717712 36.063881
v -172.299026 23.906733 36.078293
v -173.529999 24.271931 34.743889
v -172.616257 24.207481 35.743069
v -173.148026 24.856026 35.178753
v -172.970612 24.590704 35.367542
v -172.524750 24.939598 35.849792
v -172.791718 25.039921 35.557476
v -172.861176 25.433392 35.468224
v -173.412384 25.385521 34.873539
v -173.296982 25.962318 34.975376
v -173.141556 25.733757 35.152828
v -172.141953 24.863918 36.243694
v -173.481934 26.381830 34.729370
v -173.347290 26.491970 34.860329
v -172.966049 26.700726 35.242355
v -173.182983 26.598747 35.023163
v -173.277008 27.044563 34.875072
v -173.456848 27.072634 34.681145
v -168.445816 -51.049263 34.196907
v -170.188980 -50.672745 31.893713
v -170.257950 -51.129894 31.661299
v -170.030762 -50.233055 32.223877
v -169.553345 -49.369663 33.102818
v -168.836853 -48.461979 34.306145
v -169.298920 -48.983883 33.564873
v -168.012985 -48.679371 35.178852
v -167.874207 -48.392124 35.367558
v -167.617783 -47.996437 35.694405
v -168.446075 -48.124630 34.783356
v -167.333893 -47.449230 36.064980
v -167.304306 -47.620872 36.078255
v -166.938202 -47.248589 36.441799
v -167.884628 -49.547840 35.152851
v -168.006989 -49.795734 34.975197
v -168.201233 -49.240623 34.873550
v -167.648712 -49.211422 35.468227
v -167.634613 -48.812119 35.557480
v -167.384186 -48.675659 35.849796
v -167.576447 -50.481030 35.242363
v -166.867706 -50.570995 35.953655
v -168.131653 -50.236935 34.729378
v -167.983017 -50.327293 34.860340
v -167.805435 -50.410191 35.023178
v -167.015610 -48.547508 36.243698
v -168.547562 -53.012623 32.981251
v -169.310959 -52.608109 32.223858
v -169.686661 -52.330227 31.893703
v -169.997787 -51.988281 31.661304
v -170.204865 -51.582420 31.593935
v -168.068237 -53.219391 33.498161
v -167.335526 -53.417053 34.306053
v -165.081924 -53.373692 36.441799
v -165.516617 -53.439598 36.063881
v -165.593338 -53.266743 36.078293
v -166.860809 -53.472179 34.743889
v -166.009674 -53.133533 35.743069
v -166.770294 -52.780174 35.178753
v -166.495270 -52.942158 35.367542
v -166.245087 -52.434284 35.849792
v -166.529144 -52.459816 35.557476
v -166.762543 -52.135517 35.468224
v -167.238312 -52.417946 34.873539
v -167.384766 -51.848244 34.975376
v -167.145523 -51.986660 35.152828
v -165.867386 -52.336269 36.243694
v -167.733505 -51.550625 34.729370
v -167.660034 -51.392956 34.860329
v -167.407227 -51.039379 35.242355
v -167.558365 -51.225426 35.023163
v -167.836624 -50.864635 34.875072
v -168.010818 -50.917427 34.681145
vn -0.7140 -0.2495 0.6542
vn -0.6961 -0.2352 0.6783
vn -0.7108 -0.2384 0.6618
vn -0.6992 -0.4224 0.5768
vn -0.6912 -0.4257 0.5839
vn -0.7047 -0.3353 0.6253
vn -0.6824 -0.1705 0.7108
vn -0.6955 -0.1749 0.6969
vn -0.6563 -0.1586 0.7377
vn -0.7317 -0.2496 0.6343
vn -0.7656 -0.2672 0.5852
vn -0.5372 -0.4089 0.7377
vn -0.5748 -0.4291 0.6968
vn -0.5631 -0.4223 0.7103
vn -0.6205 -0.3897 0.6805
vn -0.6201 -0.3935 0.6787
vn -0.6197 -0.3595 0.6977
vn -0.7118 -0.1890 0.6765
vn -0.7146 -0.2194 0.6642
vn -0.7111 -0.1926 0.6762
vn -0.6585 -0.3131 0.6844
vn -0.6746 -0.2779 0.6839
vn -0.7014 -0.2573 0.6647
vn -0.6413 -0.3479 0.6839
vn -0.7149 -0.2096 0.6670
vn -0.6332 -0.4015 0.6617
vn -0.6218 -0.3914 0.6783
vn -0.6939 -0.2353 0.6805
vn -0.6643 -0.2582 0.7014
vn -0.6700 -0.2538 0.6976
vn -0.6441 -0.3963 0.6543
vn -0.6420 -0.3817 0.6650
vn -0.5979 -0.4351 0.6732
vn -0.5955 -0.4376 0.6737
vn -0.6555 -0.4104 0.6340
vn -0.6217 -0.4178 0.6625
vn -0.6136 -0.4262 0.6647
vn -0.7350 -0.3495 0.5811
vn -0.6986 -0.4199 0.5793
vn -0.7692 -0.2758 0.5765
vn -0.6195 -0.3523 0.7015
vn -0.6966 -0.2326 0.6787
vn -0.7667 -0.2769 0.5792
vn -0.6413 -0.3478 0.6839
vn -0.6688 -0.3531 0.6542
vn -0.6533 -0.3363 0.6783
vn -0.6673 -0.3417 0.6618
vn -0.6284 -0.5219 0.5768
vn -0.6200 -0.5240 0.5839
vn -0.6468 -0.4365 0.6253
vn -0.6494 -0.2704 0.7108
vn -0.6617 -0.2766 0.6969
vn -0.6254 -0.2546 0.7376
vn -0.6863 -0.3558 0.6343
vn -0.7173 -0.3783 0.5852
vn -0.4703 -0.4843 0.7377
vn -0.5044 -0.5100 0.6968
vn -0.4938 -0.5019 0.7101
vn -0.5555 -0.4778 0.6805
vn -0.5545 -0.4815 0.6787
vn -0.5592 -0.4478 0.6977
vn -0.6757 -0.2929 0.6765
vn -0.6739 -0.3235 0.6642
vn -0.6744 -0.2965 0.6762
vn -0.6044 -0.4077 0.6844
vn -0.6256 -0.3753 0.6839
vn -0.6552 -0.3589 0.6647
vn -0.5824 -0.4395 0.6839
vn -0.5823 -0.4395 0.6839
vn -0.6757 -0.3139 0.6671
vn -0.5662 -0.4914 0.6617
vn -0.5565 -0.4798 0.6783
vn -0.6511 -0.3360 0.6806
vn -0.6184 -0.3542 0.7015
vn -0.6247 -0.3507 0.6977
vn -0.5779 -0.4879 0.6543
vn -0.5779 -0.4731 0.6650
vn -0.5264 -0.5190 0.6734
vn -0.5236 -0.5215 0.6737
vn -0.5870 -0.5035 0.6340
vn -0.5524 -0.5058 0.6625
vn -0.5432 -0.5129 0.6647
vn -0.6747 -0.4551 0.5811
vn -0.6282 -0.5193 0.5793
vn -0.6283 -0.5193 0.5793
vn -0.7195 -0.3874 0.5765
vn -0.5601 -0.4407 0.7015
vn -0.6542 -0.3338 0.6787
vn -0.7169 -0.3881 0.5792
vn -0.6256 -0.3754 0.6839
vn -0.6088 -0.4488 0.6542
vn -0.5959 -0.4299 0.6783
vn -0.6090 -0.4374 0.6617
vn -0.5436 -0.6097 0.5768
vn -0.5350 -0.6106 0.5839
vn -0.5745 -0.5280 0.6254
vn -0.6021 -0.3637 0.7108
vn -0.6131 -0.3720 0.6969
vn -0.5805 -0.3448 0.7377
vn -0.6256 -0.4541 0.6343
vn -0.6529 -0.4810 0.5852
vn -0.3928 -0.5491 0.7377
vn -0.4227 -0.5794 0.6968
vn -0.4136 -0.5696 0.7103
vn -0.4781 -0.5553 0.6805
vn -0.4766 -0.5588 0.6787
vn -0.4862 -0.5262 0.6976
vn -0.6245 -0.3904 0.6765
vn -0.6182 -0.4202 0.6643
vn -0.6228 -0.3936 0.6762
vn -0.5369 -0.4933 0.6844
vn -0.5627 -0.4644 0.6839
vn -0.5944 -0.4526 0.6647
vn -0.5103 -0.5214 0.6839
vn -0.6214 -0.4110 0.6670
vn -0.4867 -0.5703 0.6617
vn -0.4788 -0.5574 0.6783
vn -0.5937 -0.4294 0.6805
vn -0.5588 -0.4424 0.7015
vn -0.5655 -0.4399 0.6977
vn -0.4987 -0.5686 0.6542
vn -0.5010 -0.5539 0.6650
vn -0.4431 -0.5920 0.6732
vn -0.4401 -0.5937 0.6737
vn -0.5054 -0.5854 0.6340
vn -0.4709 -0.5825 0.6625
vn -0.4607 -0.5882 0.6647
vn -0.5993 -0.5506 0.5811
vn -0.5438 -0.6072 0.5793
vn -0.6537 -0.4903 0.5765
vn -0.4882 -0.5193 0.7015
vn -0.5972 -0.4276 0.6786
vn -0.6511 -0.4906 0.5792
vn -0.5351 -0.5345 0.6542
vn -0.5252 -0.5139 0.6783
vn -0.5370 -0.5232 0.6617
vn -0.4467 -0.6839 0.5768
vn -0.4380 -0.6835 0.5839
vn -0.4895 -0.6079 0.6252
vn -0.5409 -0.4496 0.7108
vn -0.5508 -0.4592 0.6969
vn -0.5225 -0.4276 0.7377
vn -0.5509 -0.5423 0.6344
vn -0.5739 -0.5729 0.5852
vn -0.3066 -0.6015 0.7377
vn -0.3316 -0.6360 0.6968
vn -0.3240 -0.6249 0.7103
vn -0.3900 -0.6203 0.6805
vn -0.3880 -0.6236 0.6787
vn -0.4024 -0.5928 0.6976
vn -0.5593 -0.4791 0.6765
vn -0.5486 -0.5077 0.6643
vn -0.5571 -0.4821 0.6762
vn -0.4574 -0.5678 0.6844
vn -0.4872 -0.5431 0.6839
vn -0.5203 -0.5361 0.6647
vn -0.4269 -0.5917 0.6839
vn -0.5532 -0.4991 0.6671
vn -0.3963 -0.6365 0.6617
vn -0.3904 -0.6225 0.6783
vn -0.5231 -0.5130 0.6805
vn -0.4866 -0.5208 0.7015
vn -0.4936 -0.5193 0.6976
vn -0.4084 -0.6365 0.6543
vn -0.4128 -0.6224 0.6650
vn -0.3498 -0.6515 0.6732
vn -0.3466 -0.6526 0.6737
vn -0.4125 -0.6542 0.6340
vn -0.3788 -0.6462 0.6625
vn -0.3679 -0.6503 0.6647
vn -0.5106 -0.6338 0.5811
vn -0.4473 -0.6814 0.5793
vn -0.5734 -0.5822 0.5765
vn -0.4053 -0.5862 0.7015
vn -0.5267 -0.5118 0.6787
vn -0.5707 -0.5821 0.5792
vn -0.4269 -0.5916 0.6839
vn -0.4494 -0.6083 0.6542
vn -0.4427 -0.5865 0.6783
vn -0.4530 -0.5974 0.6617
vn -0.3398 -0.7428 0.5768
vn -0.3313 -0.7411 0.5839
vn -0.3934 -0.6740 0.6253
vn -0.4678 -0.5253 0.7108
vn -0.4762 -0.5362 0.6969
vn -0.4530 -0.5007 0.7376
vn -0.4640 -0.6183 0.6343
vn -0.4821 -0.6520 0.5852
vn -0.2135 -0.6405 0.7377
vn -0.2331 -0.6783 0.6968
vn -0.2273 -0.6661 0.7103
vn -0.2932 -0.6715 0.6805
vn -0.2907 -0.6745 0.6786
vn -0.3096 -0.6460 0.6977
vn -0.4816 -0.5571 0.6765
vn -0.4669 -0.5838 0.6642
vn -0.4791 -0.5597 0.6762
vn -0.3677 -0.6296 0.6844
vn -0.4008 -0.6096 0.6839
vn -0.4346 -0.6077 0.6647
vn -0.3340 -0.6487 0.6839
vn -0.4726 -0.5759 0.6671
vn -0.2970 -0.6884 0.6617
vn -0.2933 -0.6737 0.6783
vn -0.4408 -0.5853 0.6806
vn -0.4035 -0.5875 0.7015
vn -0.4106 -0.5871 0.6977
vn -0.3090 -0.6903 0.6542
vn -0.3154 -0.6770 0.6650
vn -0.2491 -0.6960 0.6734
vn -0.2455 -0.6970 0.6737
vn -0.3104 -0.7083 0.6340
vn -0.2783 -0.6954 0.6625
vn -0.2669 -0.6978 0.6647
vn -0.4104 -0.7028 0.5811
vn -0.3407 -0.7405 0.5793
vn -0.4802 -0.6612 0.5764
vn -0.3135 -0.6400 0.7015
vn -0.4446 -0.5846 0.6787
vn -0.4776 -0.6607 0.5792
vn -0.4009 -0.6096 0.6839
vn -0.3537 -0.6685 0.6542
vn -0.3503 -0.6459 0.6783
vn -0.3589 -0.6582 0.6618
vn -0.2253 -0.7852 0.5768
vn -0.2171 -0.7822 0.5839
vn -0.2886 -0.7252 0.6252
vn -0.3842 -0.5892 0.7108
vn -0.3910 -0.6012 0.6969
vn -0.3733 -0.5626 0.7377
vn -0.3666 -0.6806 0.6343
vn -0.3795 -0.7166 0.5852
vn -0.1156 -0.6652 0.7377
vn -0.1294 -0.7056 0.6967
vn -0.1252 -0.6929 0.7101
vn -0.1898 -0.7077 0.6805
vn -0.1869 -0.7102 0.6787
vn -0.2098 -0.6850 0.6976
vn -0.3932 -0.6227 0.6765
vn -0.3747 -0.6468 0.6643
vn -0.3903 -0.6248 0.6762
vn -0.2697 -0.6774 0.6844
vn -0.3055 -0.6625 0.6839
vn -0.3392 -0.6657 0.6647
vn -0.2336 -0.6912 0.6839
vn -0.3815 -0.6399 0.6670
vn -0.1911 -0.7250 0.6617
vn -0.1896 -0.7099 0.6783
vn -0.3487 -0.6444 0.6805
vn -0.3114 -0.6411 0.7015
vn -0.3186 -0.6417 0.6976
vn -0.2027 -0.7286 0.6542
vn -0.2110 -0.7164 0.6650
vn -0.1424 -0.7256 0.6732
vn -0.1389 -0.7258 0.6737
vn -0.2014 -0.7467 0.6340
vn -0.1715 -0.7291 0.6625
vn -0.1599 -0.7298 0.6647
vn -0.2698 -0.6774 0.6844
vn -0.3055 -0.6626 0.6839
vn -0.3011 -0.7561 0.5811
vn -0.2265 -0.7830 0.5793
vn -0.2266 -0.7830 0.5793
vn -0.3763 -0.7253 0.5765
vn -0.2146 -0.6797 0.7014
vn -0.3525 -0.6443 0.6787
vn -0.3738 -0.7245 0.5792
vn -0.2502 -0.7137 0.6542
vn -0.2502 -0.6909 0.6783
vn -0.2568 -0.7044 0.6617
vn -0.1057 -0.8100 0.5768
vn -0.0981 -0.8059 0.5839
vn -0.1773 -0.7600 0.6253
vn -0.2921 -0.6399 0.7108
vn -0.2970 -0.6528 0.6969
vn -0.2853 -0.6119 0.7377
vn -0.2611 -0.7276 0.6343
vn -0.2685 -0.7652 0.5852
vn -0.0152 -0.6750 0.7376
vn -0.0228 -0.7170 0.6967
vn -0.0208 -0.7037 0.7102
vn -0.0822 -0.7281 0.6805
vn -0.0790 -0.7302 0.6787
vn -0.1054 -0.7086 0.6977
vn -0.2961 -0.6743 0.6765
vn -0.2740 -0.6955 0.6642
vn -0.2928 -0.6760 0.6762
vn -0.1658 -0.7100 0.6844
vn -0.2034 -0.7007 0.6839
vn -0.2362 -0.7088 0.6647
vn -0.1279 -0.7183 0.6839
vn -0.1280 -0.7183 0.6839
vn -0.2819 -0.6897 0.6670
vn -0.0809 -0.7454 0.6617
vn -0.0817 -0.7302 0.6783
vn -0.2487 -0.6892 0.6805
vn -0.2124 -0.6803 0.7015
vn -0.2194 -0.6820 0.6977
vn -0.0918 -0.7507 0.6543
vn -0.1019 -0.7399 0.6650
vn -0.0329 -0.7385 0.6734
vn -0.0292 -0.7384 0.6737
vn -0.0878 -0.7684 0.6340
vn -0.0610 -0.7465 0.6625
vn -0.0494 -0.7455 0.6647
vn -0.1851 -0.7925 0.5811
vn -0.1073 -0.8080 0.5793
vn -0.2640 -0.7733 0.5765
vn -0.1109 -0.7040 0.7015
vn -0.2525 -0.6896 0.6787
vn -0.2616 -0.7721 0.5792
vn -0.1410 -0.7431 0.6542
vn -0.1444 -0.7205 0.6783
vn -0.1490 -0.7348 0.6617
vn 0.0162 -0.8167 0.5768
vn 0.0231 -0.8115 0.5839
vn -0.0621 -0.7780 0.6252
vn -0.1936 -0.6762 0.7108
vn -0.1964 -0.6897 0.6969
vn -0.1909 -0.6476 0.7377
vn -0.1498 -0.7584 0.6344
vn -0.1515 -0.7966 0.5852
vn 0.0856 -0.6697 0.7377
vn 0.0843 -0.7123 0.6968
vn 0.0843 -0.6989 0.7103
vn 0.0272 -0.7322 0.6805
vn 0.0307 -0.7338 0.6787
vn 0.0014 -0.7164 0.6977
vn -0.1922 -0.7109 0.6765
vn -0.1674 -0.7285 0.6643
vn -0.1887 -0.7121 0.6762
vn -0.0581 -0.7268 0.6844
vn -0.0967 -0.7231 0.6839
vn -0.1279 -0.7361 0.6647
vn -0.0194 -0.7293 0.6839
vn -0.0195 -0.7293 0.6839
vn -0.1759 -0.7239 0.6671
vn 0.0311 -0.7491 0.6617
vn 0.0281 -0.7343 0.6783
vn -0.1433 -0.7186 0.6805
vn -0.1087 -0.7044 0.7015
vn -0.1153 -0.7071 0.6977
vn 0.0211 -0.7560 0.6542
vn 0.0095 -0.7468 0.6650
vn 0.0776 -0.7352 0.6734
vn 0.0812 -0.7345 0.6737
vn 0.0277 -0.7729 0.6340
vn 0.0510 -0.7473 0.6625
vn 0.0623 -0.7445 0.6647
vn -0.0967 -0.7232 0.6839
vn -0.0649 -0.8113 0.5811
vn 0.0143 -0.8150 0.5793
vn -0.1457 -0.8040 0.5764
vn -0.0047 -0.7127 0.7015
vn -0.1470 -0.7196 0.6786
vn -0.1436 -0.8024 0.5792
vn -0.0287 -0.7558 0.6542
vn -0.0354 -0.7339 0.6783
vn -0.0378 -0.7488 0.6617
vn 0.1377 -0.8052 0.5768
vn 0.1437 -0.7990 0.5839
vn 0.0546 -0.7786 0.6252
vn -0.0904 -0.6976 0.7108
vn -0.0914 -0.7113 0.6969
vn -0.0922 -0.6689 0.7376
vn -0.0350 -0.7723 0.6343
vn -0.0311 -0.8103 0.5852
vn 0.1844 -0.6495 0.7377
vn 0.1895 -0.6918 0.6968
vn 0.1874 -0.6785 0.7103
vn 0.1360 -0.7200 0.6805
vn 0.1397 -0.7210 0.6787
vn 0.1081 -0.7082 0.6977
vn -0.0842 -0.7316 0.6765
vn -0.0569 -0.7454 0.6642
vn -0.0806 -0.7323 0.6762
vn 0.0509 -0.7273 0.6844
vn 0.0122 -0.7294 0.6839
vn -0.0168 -0.7469 0.6647
vn 0.0895 -0.7241 0.6839
vn -0.0661 -0.7421 0.6670
vn 0.1424 -0.7361 0.6617
vn 0.1372 -0.7219 0.6783
vn -0.0345 -0.7319 0.6806
vn -0.0025 -0.7127 0.7014
vn -0.0086 -0.7164 0.6976
vn 0.1335 -0.7444 0.6543
vn 0.1207 -0.7370 0.6650
vn 0.1863 -0.7154 0.6734
vn 0.1898 -0.7142 0.6737
vn 0.1425 -0.7601 0.6340
vn 0.1618 -0.7313 0.6625
vn 0.1726 -0.7269 0.6647
vn 0.0122 -0.7295 0.6839
vn 0.0568 -0.8119 0.5811
vn 0.1356 -0.8038 0.5793
vn -0.0243 -0.8168 0.5764
vn 0.1015 -0.7054 0.7015
vn -0.0381 -0.7335 0.6787
vn -0.0225 -0.8149 0.5792
vn 0.0894 -0.7241 0.6839
vn 0.0843 -0.7516 0.6542
vn 0.0744 -0.7310 0.6783
vn 0.0742 -0.7461 0.6617
vn 0.2562 -0.7757 0.5768
vn 0.2612 -0.7686 0.5839
vn 0.1700 -0.7617 0.6253
vn 0.0143 -0.7032 0.7108
vn 0.0157 -0.7169 0.6970
vn 0.0085 -0.6751 0.7377
vn 0.0804 -0.7689 0.6343
vn 0.0901 -0.8059 0.5852
vn 0.2791 -0.6148 0.7377
vn 0.2904 -0.6559 0.6968
vn 0.2865 -0.6430 0.7103
vn 0.2418 -0.6917 0.6805
vn 0.2457 -0.6922 0.6787
vn 0.2125 -0.6842 0.6976
vn 0.0259 -0.7360 0.6765
vn 0.0548 -0.7455 0.6642
vn 0.0295 -0.7361 0.6762
vn 0.1587 -0.7116 0.6844
vn 0.1208 -0.7195 0.6839
vn 0.0947 -0.7411 0.6647
vn 0.1964 -0.7027 0.6839
vn 0.1963 -0.7027 0.6839
vn 0.0452 -0.7437 0.6670
vn 0.2505 -0.7067 0.6617
vn 0.2432 -0.6934 0.6783
vn 0.0749 -0.7289 0.6805
vn 0.1038 -0.7051 0.7015
vn 0.0982 -0.7097 0.6977
vn 0.2430 -0.7162 0.6542
vn 0.2292 -0.7108 0.6650
vn 0.2911 -0.6797 0.6732
vn 0.2941 -0.6780 0.6737
vn 0.2542 -0.7304 0.6340
vn 0.2690 -0.6991 0.6625
vn 0.2790 -0.6931 0.6647
vn 0.1771 -0.7943 0.5811
vn 0.2539 -0.7746 0.5793
vn 0.0977 -0.8113 0.5765
vn 0.2056 -0.6824 0.7015
vn 0.0717 -0.7309 0.6787
vn 0.0992 -0.8091 0.5792
vn 0.0993 -0.8091 0.5792
vn 0.1954 -0.7307 0.6542
vn 0.1824 -0.7118 0.6783
vn 0.1846 -0.7267 0.6617
vn 0.3689 -0.7288 0.5768
vn 0.3729 -0.7211 0.5839
vn 0.2816 -0.7278 0.6253
vn 0.1191 -0.6932 0.7108
vn 0.1223 -0.7066 0.6970
vn 0.1090 -0.6663 0.7376
vn 0.1941 -0.7483 0.6344
vn 0.2091 -0.7835 0.5852
vn 0.3676 -0.5663 0.7377
vn 0.3850 -0.6052 0.6968
vn 0.3790 -0.5931 0.7103
vn 0.3422 -0.6479 0.6805
vn 0.3460 -0.6478 0.6787
vn 0.3121 -0.6449 0.6977
vn 0.1351 -0.7239 0.6765
vn 0.1653 -0.7290 0.6643
vn 0.1388 -0.7235 0.6762
vn 0.2630 -0.6801 0.6844
vn 0.2267 -0.6935 0.6839
vn 0.2041 -0.7187 0.6647
vn 0.2989 -0.6655 0.6839
vn 0.2989 -0.6656 0.6839
vn 0.1556 -0.7286 0.6671
vn 0.3530 -0.6615 0.6617
vn 0.3439 -0.6494 0.6783
vn 0.1827 -0.7096 0.6805
vn 0.2077 -0.6818 0.7014
vn 0.2029 -0.6871 0.6976
vn 0.3470 -0.6720 0.6542
vn 0.3326 -0.6687 0.6650
vn 0.3893 -0.6287 0.6732
vn 0.3918 -0.6265 0.6737
vn 0.3602 -0.6843 0.6340
vn 0.3702 -0.6512 0.6625
vn 0.3791 -0.6438 0.6647
vn 0.2630 -0.6800 0.6844
vn 0.2935 -0.7591 0.5811
vn 0.3665 -0.7281 0.5793
vn 0.2175 -0.7876 0.5765
vn 0.3050 -0.6441 0.7015
vn 0.1798 -0.7121 0.6787
vn 0.2187 -0.7853 0.5792
vn 0.3020 -0.6933 0.6543
vn 0.2865 -0.6766 0.6783
vn 0.2908 -0.6910 0.6618
vn 0.4734 -0.6657 0.5768
vn 0.4762 -0.6575 0.5839
vn 0.3870 -0.6778 0.6252
vn 0.2209 -0.6678 0.7108
vn 0.2262 -0.6804 0.6970
vn 0.2071 -0.6426 0.7377
vn 0.3035 -0.7110 0.6343
vn 0.3236 -0.7436 0.5852
vn 0.4479 -0.5052 0.7377
vn 0.4709 -0.5411 0.6967
vn 0.4636 -0.5299 0.7101
vn 0.4349 -0.5897 0.6805
vn 0.4387 -0.5890 0.6787
vn 0.4047 -0.5912 0.6977
vn 0.2415 -0.6957 0.6765
vn 0.2721 -0.6962 0.6642
vn 0.2452 -0.6947 0.6762
vn 0.3614 -0.6333 0.6844
vn 0.3275 -0.6520 0.6839
vn 0.3090 -0.6803 0.6647
vn 0.3948 -0.6136 0.6838
vn 0.3947 -0.6136 0.6839
vn 0.2624 -0.6973 0.6670
vn 0.4477 -0.6015 0.6617
vn 0.4368 -0.5908 0.6783
vn 0.2864 -0.6744 0.6805
vn 0.3070 -0.6432 0.7015
vn 0.3030 -0.6492 0.6977
vn 0.4433 -0.6127 0.6542
vn 0.4285 -0.6117 0.6650
vn 0.4786 -0.5637 0.6732
vn 0.4808 -0.5611 0.6737
vn 0.4582 -0.6230 0.6340
vn 0.4631 -0.5887 0.6625
vn 0.4709 -0.5801 0.6647
vn 0.3614 -0.6332 0.6844
vn 0.3275 -0.6519 0.6839
vn 0.4034 -0.7068 0.5811
vn 0.4709 -0.6653 0.5793
vn 0.3325 -0.7464 0.5765
vn 0.3975 -0.5915 0.7015
vn 0.2839 -0.6774 0.6786
vn 0.3333 -0.7439 0.5792
vn 0.4020 -0.6406 0.6542
vn 0.3841 -0.6264 0.6783
vn 0.3905 -0.6400 0.6618
vn 0.5673 -0.5877 0.5768
vn 0.5688 -0.5792 0.5839
vn 0.4837 -0.6125 0.6252
vn 0.3177 -0.6276 0.7108
vn 0.3251 -0.6393 0.6968
vn 0.3005 -0.6045 0.7377
vn 0.4060 -0.6578 0.6344
vn 0.4308 -0.6870 0.5852
vn 0.5182 -0.4327 0.7377
vn 0.5463 -0.4648 0.6968
vn 0.5372 -0.4550 0.7103
vn 0.5179 -0.5182 0.6806
vn 0.5216 -0.5170 0.6787
vn 0.4883 -0.5242 0.6977
vn 0.3425 -0.6519 0.6765
vn 0.3729 -0.6479 0.6642
vn 0.3460 -0.6504 0.6762
vn 0.4517 -0.5723 0.6844
vn 0.4210 -0.5959 0.6839
vn 0.4069 -0.6266 0.6647
vn 0.4818 -0.5479 0.6839
vn 0.3634 -0.6504 0.6670
vn 0.5323 -0.5281 0.6617
vn 0.5200 -0.5192 0.6783
vn 0.3837 -0.6242 0.6805
vn 0.3994 -0.5902 0.7015
vn 0.3964 -0.5967 0.6977
vn 0.5296 -0.5398 0.6543
vn 0.5149 -0.5410 0.6650
vn 0.5572 -0.4861 0.6732
vn 0.5591 -0.4832 0.6737
vn 0.5459 -0.5478 0.6340
vn 0.5456 -0.5131 0.6625
vn 0.5521 -0.5034 0.6647
vn 0.5042 -0.6388 0.5811
vn 0.5648 -0.5877 0.5793
vn 0.4400 -0.6885 0.5765
vn 0.4813 -0.5256 0.7015
vn 0.3817 -0.6274 0.6787
vn 0.4405 -0.6860 0.5792
vn 0.4405 -0.6859 0.5792
vn 0.4930 -0.5736 0.6542
vn 0.4732 -0.5621 0.6783
vn 0.4816 -0.5746 0.6617
vn 0.6486 -0.4966 0.5768
vn 0.6488 -0.4879 0.5839
vn 0.5695 -0.5335 0.6253
vn 0.4077 -0.5733 0.7108
vn 0.4168 -0.5836 0.6969
vn 0.3873 -0.5531 0.7376
vn 0.4996 -0.5900 0.6343
vn 0.5284 -0.6151 0.5852
vn 0.5770 -0.3507 0.7376
vn 0.6095 -0.3782 0.6967
vn 0.5993 -0.3697 0.7101
vn 0.5894 -0.4353 0.6805
vn 0.5929 -0.4335 0.6787
vn 0.5610 -0.4456 0.6977
vn 0.4359 -0.5935 0.6765
vn 0.4652 -0.5851 0.6642
vn 0.4390 -0.5916 0.6762
vn 0.5320 -0.4986 0.6844
vn 0.5051 -0.5265 0.6839
vn 0.4957 -0.5590 0.6647
vn 0.5581 -0.4700 0.6839
vn 0.5580 -0.4700 0.6839
vn 0.4563 -0.5889 0.6671
vn 0.6051 -0.4428 0.6617
vn 0.5915 -0.4359 0.6783
vn 0.4725 -0.5601 0.6805
vn 0.4829 -0.5241 0.7015
vn 0.4809 -0.5310 0.6977
vn 0.6042 -0.4549 0.6542
vn 0.5898 -0.4582 0.6650
vn 0.6235 -0.3976 0.6732
vn 0.6249 -0.3945 0.6737
vn 0.6215 -0.4603 0.6340
vn 0.6160 -0.4261 0.6625
vn 0.6209 -0.4155 0.6647
vn 0.5938 -0.5566 0.5811
vn 0.6461 -0.4970 0.5793
vn 0.5377 -0.6153 0.5765
vn 0.5542 -0.4481 0.7015
vn 0.4710 -0.5636 0.6786
vn 0.5378 -0.6127 0.5792
vn 0.5378 -0.6126 0.5792
vn 0.5730 -0.4937 0.6542
vn 0.5517 -0.4853 0.6783
vn 0.5618 -0.4964 0.6618
vn 0.7153 -0.3944 0.5768
vn 0.7143 -0.3858 0.5839
vn 0.6426 -0.4427 0.6253
vn 0.4885 -0.5061 0.7108
vn 0.4991 -0.5150 0.6969
vn 0.4654 -0.4891 0.7377
vn 0.5819 -0.5089 0.6343
vn 0.6141 -0.5295 0.5852
vn 0.6227 -0.2609 0.7377
vn 0.6590 -0.2832 0.6968
vn 0.6473 -0.2766 0.7103
vn 0.6477 -0.3425 0.6805
vn 0.6508 -0.3403 0.6787
vn 0.6212 -0.3570 0.6977
vn 0.5194 -0.5221 0.6765
vn 0.5472 -0.5092 0.6643
vn 0.5223 -0.5196 0.6762
vn 0.6003 -0.4138 0.6844
vn 0.5779 -0.4453 0.6839
vn 0.5735 -0.4789 0.6647
vn 0.6219 -0.3816 0.6839
vn 0.6219 -0.3815 0.6839
vn 0.5390 -0.5144 0.6670
vn 0.6643 -0.3477 0.6617
vn 0.6499 -0.3428 0.6783
vn 0.5507 -0.4834 0.6805
vn 0.5556 -0.4463 0.7015
vn 0.5547 -0.4534 0.6977
vn 0.6653 -0.3597 0.6542
vn 0.6515 -0.3652 0.6650
vn 0.6755 -0.3005 0.6734
vn 0.6767 -0.2970 0.6737
vn 0.6831 -0.3625 0.6340
vn 0.6726 -0.3295 0.6625
vn 0.6759 -0.3184 0.6647
vn 0.6004 -0.4137 0.6844
vn 0.6701 -0.4618 0.5811
vn 0.7129 -0.3951 0.5793
vn 0.7129 -0.3952 0.5793
vn 0.6234 -0.5283 0.5764
vn 0.6149 -0.3604 0.7015
vn 0.5497 -0.4871 0.6787
vn 0.6231 -0.5256 0.5792
vn 0.6219 -0.3816 0.6838
vn 0.6401 -0.4028 0.6542
vn 0.6179 -0.3977 0.6783
vn 0.6296 -0.4071 0.6617
vn 0.7661 -0.2834 0.5768
vn 0.7638 -0.2750 0.5839
vn 0.7014 -0.3420 0.6253
vn 0.5585 -0.4277 0.7107
vn 0.5702 -0.4350 0.6969
vn 0.5331 -0.4144 0.7376
vn 0.6512 -0.4165 0.6344
vn 0.6862 -0.4321 0.5852
vn 0.6547 -0.1651 0.7377
vn 0.6939 -0.1819 0.6968
vn 0.6813 -0.1770 0.7103
vn 0.6915 -0.2422 0.6805
vn 0.6943 -0.2395 0.6786
vn 0.6674 -0.2604 0.6977
vn 0.5915 -0.4387 0.6765
vn 0.6170 -0.4220 0.6643
vn 0.5939 -0.4359 0.6762
vn 0.6553 -0.3197 0.6844
vn 0.6378 -0.3542 0.6839
vn 0.6384 -0.3880 0.6647
vn 0.6718 -0.2846 0.6839
vn 0.6718 -0.2847 0.6839
vn 0.6096 -0.4283 0.6670
vn 0.7087 -0.2448 0.6617
vn 0.6937 -0.2422 0.6783
vn 0.6165 -0.3959 0.6806
vn 0.6160 -0.3586 0.7015
vn 0.6161 -0.3657 0.6976
vn 0.7114 -0.2566 0.6542
vn 0.6986 -0.2640 0.6650
vn 0.7127 -0.1965 0.6734
vn 0.7134 -0.1928 0.6737
vn 0.7295 -0.2566 0.6340
vn 0.7142 -0.2256 0.6625
vn 0.7158 -0.2141 0.6647
vn 0.7315 -0.3568 0.5811
vn 0.7639 -0.2845 0.5793
vn 0.6952 -0.4294 0.5765
vn 0.6617 -0.2647 0.7015
vn 0.6161 -0.3997 0.6787
vn 0.6945 -0.4269 0.5792
vn 0.6930 -0.3029 0.6542
vn 0.6702 -0.3012 0.6783
vn 0.6832 -0.3088 0.6617
vn 0.7998 -0.1660 0.5768
vn 0.7962 -0.1581 0.5839
vn 0.7446 -0.2336 0.6253
vn 0.6162 -0.3393 0.7108
vn 0.6287 -0.3451 0.6969
vn 0.5888 -0.3304 0.7376
vn 0.7061 -0.3148 0.6343
vn 0.7429 -0.3250 0.5852
vn 0.6720 -0.0656 0.7377
vn 0.7132 -0.0764 0.6967
vn 0.7001 -0.0734 0.7103
vn 0.7199 -0.1365 0.6805
vn 0.7222 -0.1334 0.6787
vn 0.6988 -0.1582 0.6977
vn 0.6503 -0.3457 0.6765
vn 0.6730 -0.3253 0.6642
vn 0.6522 -0.3426 0.6762
vn 0.6956 -0.2184 0.6844
vn 0.6835 -0.2552 0.6838
vn 0.6892 -0.2886 0.6647
vn 0.7067 -0.1813 0.6839
vn 0.7067 -0.1814 0.6839
vn 0.6666 -0.3327 0.6671
vn 0.7373 -0.1364 0.6617
vn 0.7221 -0.1361 0.6783
vn 0.6687 -0.2996 0.6805
vn 0.6625 -0.2627 0.7015
vn 0.6637 -0.2697 0.6977
vn 0.7417 -0.1477 0.6543
vn 0.7302 -0.1569 0.6650
vn 0.7340 -0.0881 0.6734
vn 0.7342 -0.0843 0.6737
vn 0.7596 -0.1451 0.6340
vn 0.7399 -0.1167 0.6625
vn 0.7397 -0.1050 0.6647
vn 0.6835 -0.2552 0.6839
vn 0.7765 -0.2438 0.5811
vn 0.7977 -0.1675 0.5793
vn 0.7514 -0.3210 0.5764
vn 0.6937 -0.1633 0.7015
vn 0.6688 -0.3035 0.6786
vn 0.7503 -0.3186 0.5792
vn 0.7067 -0.1814 0.6838
vn 0.7304 -0.1962 0.6542
vn 0.7076 -0.1979 0.6783
vn 0.7216 -0.2035 0.6617
vn 0.8156 -0.0450 0.5768
vn 0.8109 -0.0377 0.5839
vn 0.7712 -0.1201 0.6252
vn 0.6599 -0.2435 0.7108
vn 0.6731 -0.2474 0.6969
vn 0.6316 -0.2387 0.7377
vn 0.7451 -0.2061 0.6344
vn 0.7831 -0.2107 0.5852
vn 0.6743 0.0351 0.7377
vn 0.7167 0.0307 0.6968
vn 0.7032 0.0316 0.7103
vn 0.7322 -0.0276 0.6805
vn 0.7341 -0.0243 0.6787
vn 0.7145 -0.0522 0.6977
vn 0.6945 -0.2449 0.6765
vn 0.7140 -0.2214 0.6642
vn 0.6960 -0.2415 0.6762
vn 0.7204 -0.1123 0.6844
vn 0.7139 -0.1505 0.6839
vn 0.7244 -0.1826 0.6647
vn 0.7258 -0.0740 0.6839
vn 0.7087 -0.2296 0.6671
vn 0.7494 -0.0250 0.6617
vn 0.7343 -0.0269 0.6783
vn 0.7058 -0.1966 0.6805
vn 0.6943 -0.1611 0.7015
vn 0.6965 -0.1679 0.6976
vn 0.7555 -0.0355 0.6542
vn 0.7454 -0.0464 0.6650
vn 0.7389 0.0224 0.6734
vn 0.7385 0.0260 0.6737
vn 0.7728 -0.0302 0.6340
vn 0.7490 -0.0050 0.6625
vn 0.7471 0.0065 0.6647
vn 0.8041 -0.1254 0.5811
vn 0.8138 -0.0467 0.5793
vn 0.7909 -0.2055 0.5765
vn 0.7103 -0.0580 0.7015
vn 0.7066 -0.2003 0.6787
vn 0.7894 -0.2032 0.5792
vn 0.7894 -0.2033 0.5792
vn 0.7259 -0.0740 0.6839
vn 0.7515 -0.0852 0.6542
vn 0.7292 -0.0903 0.6783
vn 0.7439 -0.0937 0.6617
vn 0.8132 0.0771 0.5768
vn 0.8075 0.0836 0.5839
vn 0.7804 -0.0038 0.6253
vn 0.6887 -0.1430 0.7108
vn 0.7025 -0.1444 0.6969
vn 0.6601 -0.1420 0.7377
vn 0.7675 -0.0927 0.6343
vn 0.8057 -0.0916 0.5852
vn 0.6615 0.1353 0.7377
vn 0.7041 0.1372 0.6967
vn 0.6906 0.1363 0.7102
vn 0.7281 0.0818 0.6805
vn 0.7295 0.0855 0.6787
vn 0.7143 0.0549 0.6977
vn 0.7233 -0.1386 0.6765
vn 0.7390 -0.1125 0.6642
vn 0.7242 -0.1351 0.6762
vn 0.7291 -0.0037 0.6844
vn 0.7284 -0.0424 0.6839
vn 0.7436 -0.0726 0.6647
vn 0.7288 0.0350 0.6839
vn 0.7351 -0.1214 0.6670
vn 0.7447 0.0869 0.6617
vn 0.7301 0.0828 0.6783
vn 0.7273 -0.0892 0.6805
vn 0.7105 -0.0557 0.7015
vn 0.7137 -0.0621 0.6976
vn 0.7523 0.0775 0.6542
vn 0.7440 0.0652 0.6650
vn 0.7274 0.1322 0.6734
vn 0.7264 0.1358 0.6737
vn 0.7686 0.0853 0.6340
vn 0.7414 0.1066 0.6625
vn 0.7378 0.1177 0.6647
vn 0.8138 -0.0041 0.5811
vn 0.8116 0.0751 0.5793
vn 0.8127 -0.0853 0.5764
vn 0.7110 0.0486 0.7015
vn 0.7285 -0.0928 0.6787
vn 0.8109 -0.0834 0.5792
vn 0.8109 -0.0833 0.5792
vn 0.7558 0.0278 0.6542
vn 0.7345 0.0194 0.6783
vn 0.7495 0.0182 0.6617
vn 0.7926 0.1974 0.5768
vn 0.7860 0.2030 0.5839
vn 0.7722 0.1126 0.6253
vn 0.7023 -0.0386 0.7108
vn 0.7161 -0.0379 0.6969
vn 0.6738 -0.0420 0.7377
vn 0.7727 0.0227 0.6343
vn 0.8104 0.0295 0.5852
vn 0.6339 0.2323 0.7377
vn 0.6758 0.2405 0.6968
vn 0.6626 0.2374 0.7103
vn 0.7078 0.1894 0.6805
vn 0.7086 0.1932 0.6787
vn 0.6982 0.1608 0.6977
vn 0.7358 -0.0294 0.6765
vn 0.7475 -0.0011 0.6643
vn 0.7363 -0.0257 0.6762
vn 0.7215 0.1050 0.6844
vn 0.7266 0.0666 0.6839
vn 0.7461 0.0390 0.6647
vn 0.7154 0.1432 0.6839
vn 0.7449 -0.0105 0.6670
vn 0.7234 0.1969 0.6617
vn 0.7096 0.1907 0.6783
vn 0.7324 0.0202 0.6805
vn 0.7109 0.0508 0.7015
vn 0.7150 0.0450 0.6977
vn 0.7323 0.1887 0.6542
vn 0.7260 0.1754 0.6650
vn 0.6995 0.2391 0.6734
vn 0.6980 0.2425 0.6737
vn 0.7474 0.1989 0.6340
vn 0.7172 0.2159 0.6625
vn 0.7120 0.2263 0.6647
vn 0.7265 0.0666 0.6839
vn 0.8054 0.1172 0.5811
vn 0.7914 0.1952 0.5793
vn 0.8163 0.0368 0.5765
vn 0.6959 0.1540 0.7015
vn 0.7343 0.0168 0.6787
vn 0.8143 0.0384 0.5792
vn 0.7432 0.1401 0.6542
vn 0.7234 0.1287 0.6783
vn 0.7384 0.1297 0.6618
vn 0.7544 0.3134 0.5768
vn 0.7470 0.3179 0.5839
vn 0.7468 0.2264 0.6253
vn 0.7002 0.0669 0.7108
vn 0.7138 0.0691 0.6969
vn 0.6726 0.0588 0.7377
vn 0.7607 0.1376 0.6343
vn 0.7969 0.1500 0.5852
vn 0.5922 0.3242 0.7377
vn 0.6324 0.3386 0.6968
vn 0.6198 0.3336 0.7103
vn 0.6717 0.2928 0.6805
vn 0.6719 0.2967 0.6786
vn 0.6664 0.2630 0.6977
vn 0.7320 0.0807 0.6765
vn 0.7393 0.1103 0.6642
vn 0.7319 0.0844 0.6762
vn 0.6978 0.2114 0.6844
vn 0.7085 0.1742 0.6839
vn 0.7319 0.1498 0.6647
vn 0.6861 0.2483 0.6839
vn 0.6861 0.2482 0.6839
vn 0.7382 0.1006 0.6671
vn 0.6860 0.3025 0.6617
vn 0.6733 0.2943 0.6783
vn 0.7212 0.1291 0.6805
vn 0.6954 0.1561 0.7015
vn 0.7004 0.1509 0.6977
vn 0.6960 0.2958 0.6543
vn 0.6917 0.2816 0.6650
vn 0.6561 0.3411 0.6732
vn 0.6541 0.3438 0.6737
vn 0.7094 0.3080 0.6340
vn 0.6770 0.3204 0.6625
vn 0.6703 0.3299 0.6647
vn 0.7789 0.2359 0.5811
vn 0.7535 0.3110 0.5793
vn 0.7534 0.3110 0.5793
vn 0.8017 0.1580 0.5765
vn 0.6652 0.2559 0.7015
vn 0.7236 0.1260 0.6787
vn 0.7995 0.1594 0.5792
vn 0.7140 0.2493 0.6542
vn 0.6962 0.2351 0.6783
vn 0.7109 0.2383 0.6617
vn 0.6992 0.4223 0.5768
vn 0.6913 0.4256 0.5839
vn 0.7047 0.3352 0.6253
vn 0.6825 0.1703 0.7108
vn 0.6955 0.1747 0.6969
vn 0.6563 0.1584 0.7376
vn 0.7317 0.2494 0.6343
vn 0.7657 0.2670 0.5852
vn 0.5373 0.4088 0.7377
vn 0.5748 0.4290 0.6968
vn 0.5631 0.4222 0.7104
vn 0.6205 0.3896 0.6805
vn 0.6202 0.3935 0.6787
vn 0.6198 0.3594 0.6976
vn 0.7118 0.1889 0.6765
vn 0.7146 0.2192 0.6643
vn 0.7111 0.1925 0.6762
vn 0.6585 0.3130 0.6844
vn 0.6747 0.2778 0.6839
vn 0.7015 0.2572 0.6647
vn 0.6414 0.3477 0.6839
vn 0.7150 0.2095 0.6670
vn 0.6333 0.4014 0.6617
vn 0.6219 0.3914 0.6783
vn 0.6940 0.2352 0.6805
vn 0.6644 0.2580 0.7015
vn 0.6700 0.2537 0.6976
vn 0.6442 0.3962 0.6542
vn 0.6420 0.3816 0.6650
vn 0.5980 0.4347 0.6734
vn 0.5955 0.4375 0.6737
vn 0.6555 0.4103 0.6340
vn 0.6217 0.4177 0.6625
vn 0.6137 0.4261 0.6647
vn 0.6746 0.2778 0.6839
vn 0.7350 0.3494 0.5811
vn 0.6987 0.4198 0.5793
vn 0.7692 0.2757 0.5764
vn 0.6196 0.3522 0.7015
vn 0.6967 0.2324 0.6787
vn 0.7668 0.2767 0.5792
vn 0.6689 0.3530 0.6542
vn 0.6534 0.3362 0.6783
vn 0.6674 0.3416 0.6618
vn 0.6285 0.5218 0.5768
vn 0.6201 0.5239 0.5839
vn 0.6469 0.4364 0.6254
vn 0.6494 0.2703 0.7108
vn 0.6618 0.2764 0.6969
vn 0.6254 0.2544 0.7376
vn 0.6864 0.3557 0.6344
vn 0.7173 0.3782 0.5852
vn 0.4703 0.4844 0.7377
vn 0.5044 0.5100 0.6967
vn 0.4939 0.5015 0.7103
vn 0.5555 0.4778 0.6805
vn 0.5546 0.4815 0.6787
vn 0.5593 0.4478 0.6977
vn 0.6757 0.2928 0.6765
vn 0.6740 0.3233 0.6643
vn 0.6745 0.2963 0.6762
vn 0.6045 0.4076 0.6844
vn 0.6257 0.3752 0.6839
vn 0.6553 0.3589 0.6647
vn 0.6045 0.4077 0.6844
vn 0.5824 0.4395 0.6839
vn 0.5824 0.4394 0.6839
vn 0.6757 0.3138 0.6671
vn 0.5664 0.4913 0.6617
vn 0.5566 0.4797 0.6783
vn 0.6512 0.3360 0.6805
vn 0.6185 0.3542 0.7015
vn 0.6247 0.3507 0.6976
vn 0.5779 0.4878 0.6543
vn 0.5780 0.4730 0.6650
vn 0.5264 0.5194 0.6732
vn 0.5237 0.5214 0.6737
vn 0.5871 0.5034 0.6340
vn 0.5525 0.5057 0.6625
vn 0.5433 0.5128 0.6647
vn 0.6257 0.3753 0.6839
vn 0.6748 0.4550 0.5811
vn 0.6283 0.5192 0.5793
vn 0.7195 0.3873 0.5765
vn 0.5601 0.4407 0.7015
vn 0.6543 0.3337 0.6787
vn 0.7170 0.3879 0.5792
vn 0.6088 0.4487 0.6542
vn 0.5959 0.4298 0.6783
vn 0.6090 0.4373 0.6617
vn 0.5437 0.6096 0.5768
vn 0.5351 0.6105 0.5839
vn 0.5750 0.5282 0.6248
vn 0.6019 0.3640 0.7108
vn 0.6131 0.3720 0.6969
vn 0.5805 0.3449 0.7377
vn 0.6257 0.4540 0.6344
vn 0.6530 0.4809 0.5852
vn 0.3929 0.5490 0.7377
vn 0.4228 0.5794 0.6968
vn 0.4136 0.5696 0.7103
vn 0.4781 0.5552 0.6806
vn 0.4766 0.5588 0.6787
vn 0.4863 0.5261 0.6977
vn 0.6245 0.3903 0.6765
vn 0.6183 0.4202 0.6642
vn 0.6228 0.3935 0.6762
vn 0.5370 0.4932 0.6844
vn 0.5628 0.4643 0.6839
vn 0.5945 0.4525 0.6647
vn 0.5104 0.5213 0.6839
vn 0.6214 0.4110 0.6670
vn 0.4868 0.5702 0.6617
vn 0.4789 0.5573 0.6783
vn 0.5938 0.4292 0.6805
vn 0.5588 0.4424 0.7015
vn 0.5655 0.4399 0.6976
vn 0.4988 0.5685 0.6542
vn 0.5010 0.5538 0.6650
vn 0.4433 0.5916 0.6734
vn 0.4401 0.5936 0.6737
vn 0.5055 0.5853 0.6340
vn 0.4710 0.5824 0.6625
vn 0.4608 0.5881 0.6647
vn 0.5994 0.5505 0.5811
vn 0.5439 0.6071 0.5793
vn 0.6538 0.4902 0.5765
vn 0.4882 0.5192 0.7015
vn 0.5972 0.4275 0.6787
vn 0.6512 0.4904 0.5792
vn 0.6511 0.4905 0.5792
vn 0.5352 0.5344 0.6542
vn 0.5252 0.5138 0.6783
vn 0.5371 0.5231 0.6617
vn 0.4468 0.6838 0.5768
vn 0.4382 0.6834 0.5839
vn 0.4895 0.6077 0.6253
vn 0.5409 0.4497 0.7108
vn 0.5509 0.4592 0.6969
vn 0.5226 0.4275 0.7376
vn 0.5510 0.5422 0.6343
vn 0.5740 0.5728 0.5852
vn 0.3066 0.6015 0.7377
vn 0.3317 0.6360 0.6967
vn 0.3241 0.6248 0.7103
vn 0.3900 0.6203 0.6805
vn 0.3880 0.6236 0.6787
vn 0.4025 0.5927 0.6976
vn 0.5594 0.4789 0.6765
vn 0.5487 0.5076 0.6642
vn 0.5572 0.4820 0.6762
vn 0.4575 0.5677 0.6844
vn 0.4873 0.5430 0.6839
vn 0.5204 0.5361 0.6647
vn 0.4270 0.5916 0.6839
vn 0.5532 0.4990 0.6670
vn 0.3964 0.6364 0.6617
vn 0.3905 0.6225 0.6783
vn 0.5232 0.5130 0.6805
vn 0.4867 0.5207 0.7015
vn 0.4936 0.5192 0.6976
vn 0.4085 0.6364 0.6543
vn 0.4129 0.6223 0.6650
vn 0.3499 0.6515 0.6732
vn 0.3467 0.6526 0.6737
vn 0.4126 0.6541 0.6340
vn 0.3789 0.6461 0.6625
vn 0.3680 0.6502 0.6647
vn 0.5107 0.6337 0.5811
vn 0.4474 0.6814 0.5793
vn 0.5734 0.5821 0.5765
vn 0.4054 0.5862 0.7014
vn 0.5268 0.5118 0.6787
vn 0.5708 0.5820 0.5792
vn 0.4495 0.6082 0.6542
vn 0.4428 0.5864 0.6783
vn 0.4531 0.5973 0.6617
vn 0.3399 0.7428 0.5768
vn 0.3314 0.7411 0.5839
vn 0.3935 0.6739 0.6253
vn 0.4678 0.5253 0.7108
vn 0.4763 0.5361 0.6969
vn 0.4531 0.5006 0.7376
vn 0.4641 0.6182 0.6344
vn 0.4822 0.6519 0.5852
vn 0.2136 0.6404 0.7377
vn 0.2332 0.6782 0.6969
vn 0.2274 0.6660 0.7104
vn 0.2933 0.6715 0.6805
vn 0.2908 0.6745 0.6786
vn 0.3097 0.6461 0.6976
vn 0.4817 0.5570 0.6765
vn 0.4670 0.5837 0.6643
vn 0.4791 0.5596 0.6762
vn 0.3678 0.6295 0.6844
vn 0.4009 0.6096 0.6839
vn 0.4347 0.6077 0.6647
vn 0.3678 0.6296 0.6844
vn 0.3341 0.6486 0.6839
vn 0.4727 0.5759 0.6670
vn 0.2971 0.6884 0.6617
vn 0.2934 0.6736 0.6783
vn 0.4409 0.5852 0.6806
vn 0.4036 0.5874 0.7015
vn 0.4107 0.5870 0.6977
vn 0.3091 0.6903 0.6542
vn 0.3155 0.6769 0.6650
vn 0.2492 0.6960 0.6734
vn 0.2456 0.6970 0.6737
vn 0.3105 0.7083 0.6340
vn 0.2784 0.6954 0.6625
vn 0.2670 0.6978 0.6647
vn 0.4009 0.6095 0.6839
vn 0.4105 0.7027 0.5811
vn 0.3408 0.7405 0.5793
vn 0.3408 0.7404 0.5793
vn 0.4803 0.6611 0.5765
vn 0.3135 0.6400 0.7015
vn 0.4447 0.5845 0.6787
vn 0.4777 0.6606 0.5792
vn 0.3538 0.6684 0.6542
vn 0.3504 0.6458 0.6783
vn 0.3590 0.6582 0.6618
vn 0.2254 0.7852 0.5768
vn 0.2173 0.7822 0.5839
vn 0.2887 0.7251 0.6252
vn 0.3843 0.5891 0.7108
vn 0.3911 0.6011 0.6969
vn 0.3734 0.5626 0.7376
vn 0.3668 0.6805 0.6344
vn 0.3797 0.7165 0.5852
vn 0.1157 0.6652 0.7376
vn 0.1295 0.7056 0.6967
vn 0.1253 0.6929 0.7101
vn 0.1899 0.7077 0.6806
vn 0.1870 0.7102 0.6787
vn 0.2099 0.6850 0.6977
vn 0.3934 0.6226 0.6765
vn 0.3748 0.6468 0.6643
vn 0.3904 0.6248 0.6762
vn 0.2698 0.6773 0.6844
vn 0.3056 0.6625 0.6839
vn 0.3393 0.6656 0.6647
vn 0.2337 0.6912 0.6839
vn 0.2337 0.6911 0.6839
vn 0.3816 0.6399 0.6670
vn 0.1912 0.7250 0.6617
vn 0.1897 0.7099 0.6783
vn 0.3488 0.6444 0.6805
vn 0.3116 0.6410 0.7015
vn 0.3187 0.6417 0.6977
vn 0.2028 0.7286 0.6542
vn 0.2111 0.7164 0.6650
vn 0.1425 0.7256 0.6732
vn 0.1390 0.7258 0.6737
vn 0.2015 0.7467 0.6340
vn 0.1716 0.7291 0.6625
vn 0.1600 0.7298 0.6647
vn 0.3012 0.7561 0.5810
vn 0.2267 0.7830 0.5793
vn 0.2266 0.7830 0.5793
vn 0.3764 0.7253 0.5764
vn 0.2146 0.6796 0.7015
vn 0.3526 0.6443 0.6787
vn 0.3739 0.7244 0.5792
vn 0.2503 0.7137 0.6542
vn 0.2503 0.6908 0.6783
vn 0.2569 0.7043 0.6618
vn 0.1059 0.8100 0.5768
vn 0.0983 0.8058 0.5839
vn 0.1774 0.7600 0.6252
vn 0.2926 0.6397 0.7108
vn 0.2971 0.6527 0.6969
vn 0.2853 0.6119 0.7377
vn 0.2612 0.7276 0.6343
vn 0.2686 0.7651 0.5852
vn 0.0153 0.6750 0.7377
vn 0.0229 0.7169 0.6968
vn 0.0206 0.7038 0.7101
vn 0.0823 0.7281 0.6806
vn 0.0791 0.7301 0.6787
vn 0.1055 0.7086 0.6976
vn 0.2961 0.6743 0.6765
vn 0.2742 0.6954 0.6642
vn 0.2929 0.6760 0.6762
vn 0.1659 0.7100 0.6844
vn 0.2035 0.7006 0.6839
vn 0.2363 0.7088 0.6647
vn 0.1281 0.7183 0.6839
vn 0.2820 0.6896 0.6670
vn 0.0810 0.7454 0.6617
vn 0.0818 0.7302 0.6783
vn 0.2488 0.6892 0.6805
vn 0.2125 0.6803 0.7015
vn 0.2195 0.6820 0.6976
vn 0.0919 0.7506 0.6543
vn 0.1020 0.7398 0.6650
vn 0.0330 0.7385 0.6734
vn 0.0293 0.7384 0.6737
vn 0.0879 0.7684 0.6339
vn 0.0611 0.7465 0.6625
vn 0.0495 0.7455 0.6647
vn 0.1852 0.7925 0.5811
vn 0.1075 0.8080 0.5793
vn 0.2641 0.7733 0.5764
vn 0.1110 0.7040 0.7014
vn 0.2526 0.6896 0.6787
vn 0.2618 0.7720 0.5792
vn 0.1281 0.7182 0.6839
vn 0.1411 0.7430 0.6542
vn 0.1446 0.7204 0.6783
vn 0.1491 0.7347 0.6618
vn -0.0160 0.8167 0.5768
vn -0.0229 0.8115 0.5839
vn 0.0622 0.7779 0.6253
vn 0.1941 0.6761 0.7108
vn 0.1965 0.6897 0.6969
vn 0.1910 0.6476 0.7376
vn 0.1499 0.7584 0.6344
vn 0.1516 0.7966 0.5852
vn -0.0854 0.6697 0.7377
vn -0.0841 0.7123 0.6968
vn -0.0844 0.6990 0.7101
vn -0.0271 0.7322 0.6805
vn -0.0306 0.7338 0.6786
vn -0.0013 0.7164 0.6977
vn 0.1925 0.7108 0.6765
vn 0.1674 0.7285 0.6642
vn 0.1889 0.7121 0.6762
vn 0.0582 0.7268 0.6844
vn 0.0968 0.7232 0.6838
vn 0.1280 0.7360 0.6647
vn 0.0196 0.7293 0.6839
vn 0.1761 0.7239 0.6670
vn -0.0310 0.7491 0.6617
vn -0.0280 0.7343 0.6783
vn 0.1434 0.7186 0.6805
vn 0.1087 0.7043 0.7015
vn 0.1154 0.7071 0.6977
vn -0.0210 0.7560 0.6542
vn -0.0094 0.7468 0.6650
vn -0.0775 0.7352 0.6734
vn -0.0811 0.7345 0.6737
vn -0.0276 0.7729 0.6340
vn -0.0509 0.7473 0.6625
vn -0.0622 0.7446 0.6647
vn 0.0968 0.7232 0.6839
vn 0.0650 0.8112 0.5811
vn -0.0142 0.8150 0.5793
vn 0.1459 0.8040 0.5765
vn 0.0048 0.7127 0.7015
vn 0.1471 0.7196 0.6787
vn 0.1438 0.8024 0.5792
vn 0.0968 0.7231 0.6839
vn 0.0196 0.7294 0.6838
vn 0.0288 0.7558 0.6542
vn 0.0356 0.7339 0.6783
vn 0.0379 0.7488 0.6617
vn -0.1376 0.8052 0.5768
vn -0.1436 0.7990 0.5839
vn -0.0545 0.7786 0.6252
vn 0.0906 0.6975 0.7108
vn 0.0915 0.7113 0.6969
vn 0.0923 0.6688 0.7377
vn 0.0352 0.7722 0.6344
vn 0.0312 0.8103 0.5852
vn -0.1843 0.6495 0.7377
vn -0.1894 0.6918 0.6968
vn -0.1874 0.6785 0.7103
vn -0.1359 0.7200 0.6805
vn -0.1396 0.7211 0.6787
vn -0.1080 0.7082 0.6976
vn 0.0843 0.7316 0.6765
vn 0.0570 0.7453 0.6643
vn 0.0807 0.7323 0.6762
vn -0.0507 0.7273 0.6844
vn -0.0121 0.7295 0.6838
vn 0.0169 0.7469 0.6647
vn -0.0894 0.7241 0.6839
vn -0.0893 0.7241 0.6839
vn 0.0662 0.7420 0.6671
vn -0.1423 0.7361 0.6617
vn -0.1371 0.7219 0.6783
vn 0.0347 0.7319 0.6806
vn 0.0025 0.7127 0.7015
vn 0.0087 0.7164 0.6977
vn -0.1334 0.7444 0.6543
vn -0.1206 0.7370 0.6650
vn -0.1865 0.7156 0.6732
vn -0.1897 0.7142 0.6737
vn -0.1424 0.7601 0.6340
vn -0.1617 0.7314 0.6625
vn -0.1724 0.7269 0.6647
vn -0.0121 0.7295 0.6839
vn -0.0566 0.8119 0.5811
vn -0.1355 0.8038 0.5793
vn 0.0245 0.8168 0.5765
vn -0.1015 0.7055 0.7015
vn 0.0382 0.7335 0.6787
vn 0.0226 0.8149 0.5792
vn -0.0842 0.7517 0.6541
vn -0.0742 0.7310 0.6783
vn -0.0741 0.7460 0.6618
vn -0.2560 0.7757 0.5768
vn -0.2611 0.7687 0.5839
vn -0.1699 0.7617 0.6253
vn -0.0143 0.7032 0.7108
vn -0.0155 0.7169 0.6970
vn -0.0083 0.6751 0.7377
vn -0.0803 0.7688 0.6344
vn -0.0899 0.8059 0.5852
vn -0.2790 0.6148 0.7377
vn -0.2904 0.6559 0.6968
vn -0.2864 0.6430 0.7103
vn -0.2417 0.6917 0.6805
vn -0.2455 0.6922 0.6787
vn -0.2124 0.6842 0.6977
vn -0.0257 0.7360 0.6765
vn -0.0547 0.7455 0.6643
vn -0.0294 0.7361 0.6762
vn -0.1586 0.7117 0.6844
vn -0.1207 0.7195 0.6839
vn -0.0946 0.7411 0.6647
vn -0.1963 0.7027 0.6839
vn -0.0451 0.7437 0.6670
vn -0.2504 0.7067 0.6617
vn -0.2431 0.6934 0.6783
vn -0.0748 0.7289 0.6805
vn -0.1037 0.7051 0.7015
vn -0.0981 0.7097 0.6977
vn -0.2429 0.7162 0.6543
vn -0.2291 0.7108 0.6650
vn -0.2911 0.6798 0.6732
vn -0.2940 0.6780 0.6737
vn -0.2541 0.7304 0.6340
vn -0.2689 0.6991 0.6625
vn -0.2789 0.6931 0.6647
vn -0.1586 0.7116 0.6844
vn -0.1770 0.7944 0.5811
vn -0.2538 0.7746 0.5793
vn -0.2537 0.7746 0.5793
vn -0.0976 0.8113 0.5764
vn -0.2054 0.6824 0.7015
vn -0.0716 0.7310 0.6786
vn -0.0991 0.8091 0.5792
vn -0.1952 0.7307 0.6542
vn -0.1824 0.7118 0.6783
vn -0.1845 0.7267 0.6617
vn -0.3688 0.7288 0.5768
vn -0.3727 0.7212 0.5839
vn -0.2815 0.7279 0.6252
vn -0.1190 0.6933 0.7108
vn -0.1222 0.7067 0.6969
vn -0.1089 0.6663 0.7377
vn -0.1940 0.7483 0.6344
vn -0.2090 0.7835 0.5852
vn -0.3675 0.5664 0.7377
vn -0.3849 0.6053 0.6968
vn -0.3790 0.5932 0.7103
vn -0.3421 0.6479 0.6805
vn -0.3459 0.6479 0.6787
vn -0.3120 0.6449 0.6977
vn -0.1351 0.7239 0.6765
vn -0.1652 0.7290 0.6643
vn -0.1388 0.7235 0.6762
vn -0.2629 0.6801 0.6844
vn -0.2266 0.6935 0.6839
vn -0.2040 0.7187 0.6647
vn -0.2988 0.6656 0.6839
vn -0.1555 0.7286 0.6671
vn -0.3529 0.6615 0.6617
vn -0.3438 0.6494 0.6783
vn -0.1826 0.7096 0.6805
vn -0.2076 0.6818 0.7015
vn -0.2028 0.6871 0.6977
vn -0.3469 0.6720 0.6542
vn -0.3325 0.6687 0.6650
vn -0.3888 0.6288 0.6734
vn -0.3917 0.6266 0.6737
vn -0.3601 0.6844 0.6340
vn -0.3701 0.6512 0.6625
vn -0.3790 0.6438 0.6647
vn -0.2934 0.7591 0.5811
vn -0.3664 0.7281 0.5793
vn -0.3664 0.7282 0.5793
vn -0.2174 0.7877 0.5765
vn -0.3049 0.6442 0.7015
vn -0.1797 0.7121 0.6787
vn -0.2186 0.7853 0.5792
vn -0.3020 0.6934 0.6542
vn -0.2864 0.6767 0.6783
vn -0.2907 0.6911 0.6617
vn -0.4733 0.6658 0.5768
vn -0.4760 0.6576 0.5839
vn -0.3868 0.6776 0.6254
vn -0.2205 0.6680 0.7108
vn -0.2261 0.6806 0.6969
vn -0.2070 0.6427 0.7376
vn -0.3033 0.7110 0.6344
vn -0.3235 0.7436 0.5852
vn -0.4478 0.5052 0.7377
vn -0.4708 0.5412 0.6968
vn -0.4632 0.5300 0.7103
vn -0.4348 0.5897 0.6805
vn -0.4386 0.5891 0.6787
vn -0.4046 0.5912 0.6976
vn -0.2415 0.6957 0.6765
vn -0.2720 0.6963 0.6643
vn -0.2451 0.6947 0.6762
vn -0.3613 0.6333 0.6844
vn -0.3274 0.6520 0.6838
vn -0.3088 0.6803 0.6647
vn -0.3947 0.6136 0.6839
vn -0.3946 0.6136 0.6839
vn -0.2623 0.6973 0.6671
vn -0.4476 0.6016 0.6617
vn -0.4367 0.5909 0.6783
vn -0.2863 0.6744 0.6806
vn -0.3069 0.6433 0.7014
vn -0.3030 0.6493 0.6976
vn -0.4432 0.6128 0.6543
vn -0.4284 0.6117 0.6650
vn -0.4781 0.5638 0.6734
vn -0.4808 0.5612 0.6737
vn -0.4581 0.6231 0.6340
vn -0.4630 0.5888 0.6625
vn -0.4708 0.5801 0.6647
vn -0.3274 0.6520 0.6839
vn -0.4033 0.7069 0.5810
vn -0.4708 0.6654 0.5793
vn -0.3324 0.7465 0.5765
vn -0.3975 0.5916 0.7014
vn -0.2838 0.6774 0.6787
vn -0.3332 0.7440 0.5792
vn -0.3274 0.6521 0.6838
vn -0.4019 0.6407 0.6542
vn -0.3840 0.6264 0.6783
vn -0.3905 0.6400 0.6617
vn -0.5672 0.5878 0.5768
vn -0.5687 0.5793 0.5839
vn -0.4836 0.6126 0.6252
vn -0.3176 0.6275 0.7109
vn -0.3250 0.6391 0.6971
vn -0.3004 0.6045 0.7378
vn -0.4059 0.6579 0.6344
vn -0.4307 0.6871 0.5852
vn -0.5182 0.4329 0.7376
vn -0.5462 0.4650 0.6968
vn -0.5369 0.4551 0.7103
vn -0.5179 0.5184 0.6805
vn -0.5215 0.5171 0.6787
vn -0.4882 0.5243 0.6977
vn -0.3424 0.6520 0.6765
vn -0.3728 0.6480 0.6642
vn -0.3458 0.6505 0.6762
vn -0.4516 0.5724 0.6844
vn -0.4209 0.5959 0.6839
vn -0.4067 0.6267 0.6647
vn -0.4817 0.5480 0.6839
vn -0.3633 0.6504 0.6670
vn -0.5322 0.5281 0.6617
vn -0.5199 0.5193 0.6783
vn -0.3836 0.6242 0.6806
vn -0.3994 0.5903 0.7015
vn -0.3964 0.5968 0.6977
vn -0.5296 0.5399 0.6542
vn -0.5148 0.5410 0.6650
vn -0.5568 0.4863 0.6734
vn -0.5590 0.4833 0.6737
vn -0.5459 0.5478 0.6340
vn -0.5456 0.5132 0.6625
vn -0.5520 0.5035 0.6647
vn -0.5041 0.6389 0.5811
vn -0.5647 0.5878 0.5793
vn -0.4399 0.6886 0.5765
vn -0.4812 0.5257 0.7015
vn -0.3816 0.6275 0.6787
vn -0.4403 0.6860 0.5792
vn -0.4404 0.6860 0.5792
vn -0.4929 0.5736 0.6542
vn -0.4731 0.5622 0.6783
vn -0.4815 0.5747 0.6617
vn -0.6485 0.4967 0.5768
vn -0.6487 0.4880 0.5839
vn -0.5695 0.5337 0.6252
vn -0.4079 0.5731 0.7108
vn -0.4167 0.5836 0.6970
vn -0.3872 0.5531 0.7376
vn -0.4995 0.5900 0.6343
vn -0.5283 0.6152 0.5852
vn -0.5769 0.3508 0.7376
vn -0.6094 0.3784 0.6967
vn -0.5992 0.3698 0.7101
vn -0.5893 0.4354 0.6805
vn -0.5928 0.4336 0.6787
vn -0.5609 0.4457 0.6977
vn -0.4358 0.5937 0.6765
vn -0.4651 0.5852 0.6643
vn -0.4389 0.5917 0.6762
vn -0.5319 0.4987 0.6844
vn -0.5050 0.5266 0.6839
vn -0.4957 0.5591 0.6647
vn -0.5580 0.4701 0.6839
vn -0.4562 0.5890 0.6671
vn -0.6050 0.4429 0.6617
vn -0.5915 0.4360 0.6783
vn -0.4724 0.5601 0.6805
vn -0.4828 0.5242 0.7015
vn -0.4808 0.5311 0.6977
vn -0.6041 0.4550 0.6543
vn -0.5897 0.4583 0.6650
vn -0.6231 0.3978 0.6734
vn -0.6248 0.3946 0.6737
vn -0.6214 0.4604 0.6340
vn -0.6160 0.4262 0.6625
vn -0.6209 0.4156 0.6647
vn -0.5937 0.5567 0.5810
vn -0.6460 0.4971 0.5793
vn -0.5376 0.6154 0.5765
vn -0.5542 0.4481 0.7015
vn -0.4709 0.5636 0.6787
vn -0.5377 0.6127 0.5792
vn -0.5729 0.4938 0.6542
vn -0.5516 0.4854 0.6783
vn -0.5618 0.4965 0.6617
vn -0.7153 0.3945 0.5768
vn -0.7142 0.3859 0.5839
vn -0.6427 0.4429 0.6252
vn -0.4887 0.5060 0.7108
vn -0.4990 0.5151 0.6969
vn -0.4653 0.4893 0.7376
vn -0.5818 0.5090 0.6344
vn -0.6141 0.5296 0.5852
vn -0.6227 0.2610 0.7377
vn -0.6589 0.2835 0.6967
vn -0.6475 0.2765 0.7101
vn -0.6477 0.3426 0.6805
vn -0.6508 0.3404 0.6787
vn -0.6211 0.3571 0.6977
vn -0.5194 0.5220 0.6765
vn -0.5471 0.5093 0.6643
vn -0.5222 0.5196 0.6762
vn -0.6003 0.4138 0.6844
vn -0.5779 0.4454 0.6839
vn -0.5734 0.4790 0.6647
vn -0.6218 0.3816 0.6839
vn -0.6218 0.3817 0.6839
vn -0.5389 0.5145 0.6670
vn -0.6642 0.3478 0.6617
vn -0.6498 0.3430 0.6783
vn -0.5506 0.4835 0.6805
vn -0.5556 0.4464 0.7015
vn -0.5546 0.4535 0.6976
vn -0.6652 0.3598 0.6542
vn -0.6514 0.3653 0.6650
vn -0.6758 0.3003 0.6732
vn -0.6766 0.2971 0.6737
vn -0.6831 0.3626 0.6340
vn -0.6726 0.3296 0.6626
vn -0.6759 0.3185 0.6647
vn -0.5778 0.4454 0.6839
vn -0.6701 0.4620 0.5810
vn -0.7129 0.3952 0.5793
vn -0.6233 0.5284 0.5765
vn -0.6148 0.3605 0.7015
vn -0.5496 0.4873 0.6786
vn -0.6230 0.5258 0.5792
vn -0.6230 0.5257 0.5792
vn -0.6401 0.4029 0.6542
vn -0.6178 0.3978 0.6783
vn -0.6295 0.4073 0.6618
vn -0.7661 0.2835 0.5768
vn -0.7637 0.2752 0.5839
vn -0.7014 0.3421 0.6253
vn -0.5585 0.4277 0.7107
vn -0.5702 0.4349 0.6969
vn -0.5330 0.4145 0.7376
vn -0.6512 0.4166 0.6343
vn -0.6861 0.4322 0.5852
vn -0.6547 0.1651 0.7377
vn -0.6938 0.1820 0.6968
vn -0.6813 0.1770 0.7103
vn -0.6915 0.2423 0.6805
vn -0.6943 0.2396 0.6787
vn -0.6674 0.2606 0.6977
vn -0.5913 0.4389 0.6765
vn -0.6170 0.4221 0.6642
vn -0.5938 0.4360 0.6762
vn -0.6553 0.3198 0.6844
vn -0.6378 0.3543 0.6839
vn -0.6384 0.3881 0.6647
vn -0.6718 0.2847 0.6839
vn -0.6717 0.2848 0.6839
vn -0.6095 0.4284 0.6670
vn -0.7087 0.2449 0.6617
vn -0.6937 0.2422 0.6783
vn -0.6165 0.3961 0.6805
vn -0.6159 0.3586 0.7015
vn -0.6160 0.3658 0.6977
vn -0.7114 0.2567 0.6542
vn -0.6986 0.2641 0.6650
vn -0.7127 0.1965 0.6734
vn -0.7134 0.1929 0.6737
vn -0.7295 0.2568 0.6340
vn -0.7142 0.2257 0.6625
vn -0.7158 0.2141 0.6647
vn -0.6552 0.3198 0.6844
vn -0.7314 0.3569 0.5811
vn -0.7638 0.2846 0.5793
vn -0.6951 0.4296 0.5765
vn -0.6616 0.2649 0.7015
vn -0.6161 0.3999 0.6786
vn -0.6944 0.4270 0.5792
vn -0.6717 0.2847 0.6839
vn -0.6930 0.3030 0.6542
vn -0.6702 0.3012 0.6783
vn -0.6831 0.3089 0.6618
vn -0.7998 0.1662 0.5768
vn -0.7962 0.1583 0.5839
vn -0.7445 0.2337 0.6253
vn -0.6160 0.3397 0.7108
vn -0.6287 0.3451 0.6969
vn -0.5888 0.3304 0.7376
vn -0.7060 0.3149 0.6343
vn -0.7429 0.3251 0.5852
vn -0.6719 0.0657 0.7377
vn -0.7132 0.0766 0.6968
vn -0.7000 0.0736 0.7103
vn -0.7199 0.1366 0.6805
vn -0.7222 0.1335 0.6786
vn -0.6987 0.1583 0.6976
vn -0.6502 0.3457 0.6765
vn -0.6730 0.3254 0.6642
vn -0.6522 0.3427 0.6762
vn -0.6956 0.2185 0.6844
vn -0.6835 0.2553 0.6839
vn -0.6891 0.2886 0.6647
vn -0.7067 0.1814 0.6839
vn -0.7067 0.1815 0.6839
vn -0.6666 0.3328 0.6670
vn -0.7372 0.1366 0.6617
vn -0.7221 0.1362 0.6783
vn -0.6686 0.2997 0.6805
vn -0.6625 0.2627 0.7015
vn -0.6637 0.2698 0.6977
vn -0.7417 0.1478 0.6543
vn -0.7301 0.1571 0.6650
vn -0.7342 0.0879 0.6732
vn -0.7342 0.0844 0.6737
vn -0.7596 0.1452 0.6340
vn -0.7399 0.1167 0.6625
vn -0.7397 0.1051 0.6647
vn -0.6956 0.2186 0.6844
vn -0.7764 0.2439 0.5811
vn -0.7977 0.1676 0.5793
vn -0.7513 0.3212 0.5765
vn -0.6937 0.1634 0.7015
vn -0.6688 0.3036 0.6787
vn -0.7503 0.3188 0.5792
vn -0.7304 0.1963 0.6542
vn -0.7076 0.1980 0.6783
vn -0.7215 0.2036 0.6618
vn -0.8156 0.0451 0.5768
vn -0.8109 0.0378 0.5839
vn -0.7711 0.1202 0.6253
vn -0.6597 0.2441 0.7108
vn -0.6731 0.2476 0.6969
vn -0.6315 0.2389 0.7377
vn -0.7450 0.2062 0.6344
vn -0.7830 0.2108 0.5852
vn -0.6743 -0.0350 0.7377
vn -0.7167 -0.0306 0.6968
vn -0.7032 -0.0315 0.7103
vn -0.7322 0.0277 0.6805
vn -0.7341 0.0244 0.6787
vn -0.7145 0.0522 0.6977
vn -0.6945 0.2450 0.6765
vn -0.7140 0.2215 0.6642
vn -0.6960 0.2416 0.6762
vn -0.7204 0.1124 0.6844
vn -0.7139 0.1506 0.6839
vn -0.7244 0.1827 0.6647
vn -0.7258 0.0741 0.6839
vn -0.7087 0.2297 0.6671
vn -0.7493 0.0252 0.6617
vn -0.7343 0.0270 0.6783
vn -0.7058 0.1967 0.6805
vn -0.6942 0.1612 0.7015
vn -0.6965 0.1680 0.6976
vn -0.7554 0.0356 0.6543
vn -0.7454 0.0465 0.6650
vn -0.7389 -0.0223 0.6734
vn -0.7385 -0.0259 0.6737
vn -0.7728 0.0303 0.6340
vn -0.7490 0.0052 0.6625
vn -0.7471 -0.0063 0.6647
vn -0.8041 0.1255 0.5811
vn -0.8138 0.0468 0.5793
vn -0.7908 0.2056 0.5765
vn -0.7103 0.0580 0.7015
vn -0.7066 0.2005 0.6787
vn -0.7894 0.2034 0.5792
vn -0.7432 -0.1403 0.6542
vn -0.7234 -0.1289 0.6783
vn -0.7384 -0.1298 0.6617
vn -0.7543 -0.3135 0.5768
vn -0.7469 -0.3180 0.5839
vn -0.7468 -0.2265 0.6253
vn -0.7003 -0.0665 0.7108
vn -0.7138 -0.0691 0.6969
vn -0.6726 -0.0590 0.7377
vn -0.7607 -0.1377 0.6343
vn -0.7969 -0.1501 0.5852
vn -0.5922 -0.3243 0.7377
vn -0.6323 -0.3388 0.6968
vn -0.6197 -0.3338 0.7103
vn -0.6716 -0.2929 0.6805
vn -0.6718 -0.2967 0.6787
vn -0.6664 -0.2631 0.6976
vn -0.7320 -0.0807 0.6765
vn -0.7393 -0.1104 0.6642
vn -0.7318 -0.0845 0.6762
vn -0.6978 -0.2115 0.6844
vn -0.7085 -0.1743 0.6839
vn -0.7319 -0.1499 0.6647
vn -0.6860 -0.2484 0.6839
vn -0.7382 -0.1007 0.6670
vn -0.6860 -0.3027 0.6617
vn -0.6732 -0.2944 0.6783
vn -0.7212 -0.1292 0.6805
vn -0.6954 -0.1563 0.7015
vn -0.7003 -0.1512 0.6976
vn -0.6960 -0.2959 0.6542
vn -0.6917 -0.2817 0.6650
vn -0.6560 -0.3408 0.6734
vn -0.6541 -0.3440 0.6737
vn -0.7093 -0.3082 0.6340
vn -0.6770 -0.3205 0.6625
vn -0.6703 -0.3300 0.6647
vn -0.7085 -0.1742 0.6839
vn -0.7789 -0.2360 0.5811
vn -0.7534 -0.3111 0.5793
vn -0.8017 -0.1581 0.5765
vn -0.6651 -0.2561 0.7015
vn -0.7235 -0.1262 0.6787
vn -0.7994 -0.1595 0.5792
vn -0.6282 -0.5194 0.5793
vn -0.7169 -0.3880 0.5792
vn -0.1437 -0.8024 0.5792
vn -0.0224 -0.8149 0.5792
vn 0.6231 -0.5257 0.5792
vn 0.7977 -0.1674 0.5793
vn 0.8143 0.0385 0.5792
vn 0.6283 0.5193 0.5793
vn 0.4473 0.6814 0.5793
vn 0.1074 0.8080 0.5793
vn -0.7129 0.3953 0.5793
vt 0.615583 0.949930
vt 0.615583 0.940479
vt 0.615583 0.919253
vt 0.615583 0.895462
vt 0.615583 0.877832
vt 0.615583 0.998204
vt 0.615583 0.847334
vt 0.615583 0.857677
vt 0.615583 0.848657
vt 0.615583 0.858396
vt 0.615583 0.875899
vt 0.615583 0.848650
vt 0.615583 0.857704
vt 0.615583 0.846474
vt 0.615583 0.929461
vt 0.615583 0.911544
vt 0.615583 0.910760
vt 0.615583 0.869238
vt 0.615583 0.854602
vt 0.615583 0.884311
vt 0.615583 0.857677
vt 0.615583 0.847334
vt 0.615583 0.858396
vt 0.615583 0.998266
vt 0.615583 0.972915
vt 0.615583 0.966661
vt 0.615583 0.998291
vt 0.615583 0.979138
vt 0.615583 0.985412
vt 0.615583 0.897079
vt 0.615583 0.919246
vt 0.615583 0.940473
vt 0.615583 0.929467
vt 0.615583 0.912802
vt 0.615583 0.910765
vt 0.615583 0.949930
vt 0.615583 0.966655
vt 0.615583 0.884303
vt 0.615583 0.846474
vt 0.615583 0.868593
vt 0.615583 0.858492
vt 0.615583 0.857705
vt 0.615583 0.851649
vt 0.615583 0.897078
vt 0.615583 0.998291
vt 0.615583 0.998430
vt 0.615583 0.985417
vt 0.615583 0.998923
vt 0.615583 0.972082
vt 0.615583 0.947878
vt 0.615583 0.891843
vt 0.615583 0.912797
vt 0.615583 0.911550
vt 0.615583 0.926799
vt 0.615583 0.947884
vt 0.615583 0.998430
vt 0.615583 0.979144
vt 0.615583 0.972909
vt 0.615583 0.926791
vt 0.615583 0.972089
vt 0.615583 0.998927
s 1
f 16/1/1 15/2/2 17/3/3
f 27/4/4 32/5/5 1/6/6
f 12/7/7 13/8/8 14/9/9
f 1/6/6 6/10/10 7/11/11
f 34/12/12 36/13/13 35/14/14
f 43/15/15 42/16/16 41/17/17
f 10/18/18 11/19/19 9/20/20
f 13/21/8 12/22/7 10/18/18
f 17/3/3 11/19/19 6/23/10
f 53/24/21 24/25/22 23/26/23
f 52/27/21 51/28/24 50/29/24
f 8/30/25 9/20/20 11/19/19
f 44/31/26 43/15/15 46/32/27
f 17/3/3 8/30/25 11/19/19
f 18/33/28 26/34/29 20/35/30
f 44/31/26 46/32/27 45/36/31
f 15/2/2 18/33/28 17/3/3
f 17/3/3 23/26/23 16/1/1
f 44/31/26 45/36/31 48/37/32
f 40/38/33 35/39/14 38/40/34
f 48/37/32 1/6/6 33/41/35
f 35/39/14 36/42/13 38/40/34
f 37/43/36 40/38/33 39/44/37
f 52/45/21 22/46/21 21/47/22
f 37/43/36 39/44/37 44/31/26
f 31/48/38 30/49/39 29/50/39
f 1/6/6 7/11/11 5/51/40
f 47/52/41 43/15/15 41/17/17
f 18/33/28 19/53/42 17/3/3
f 32/5/5 33/41/35 1/6/6
f 4/54/43 2/55/43 1/6/6
f 53/24/21 1/6/6 48/37/32
f 22/56/21 52/27/21 50/29/24
f 52/45/21 25/57/22 24/25/22
f 53/24/21 49/58/44 52/27/21
f 1/6/6 53/24/21 23/26/23
f 69/1/45 68/2/46 70/3/47
f 80/4/48 85/5/49 54/6/50
f 65/7/51 66/8/52 67/9/53
f 54/6/50 59/10/54 60/11/55
f 87/12/56 89/13/57 88/14/58
f 96/15/59 95/16/60 94/17/61
f 63/18/62 64/19/63 62/20/64
f 66/21/52 65/22/51 63/18/62
f 70/3/47 64/19/63 59/23/54
f 106/24/65 77/25/66 76/26/67
f 105/27/65 104/28/68 103/29/69
f 61/30/70 62/20/64 64/19/63
f 97/31/71 96/15/59 99/32/72
f 70/3/47 61/30/70 64/19/63
f 71/33/73 79/34/74 73/35/75
f 97/31/71 99/32/72 98/36/76
f 68/2/46 71/33/73 70/3/47
f 70/3/47 76/26/67 69/1/45
f 97/31/71 98/36/76 101/37/77
f 93/38/78 88/39/58 91/40/79
f 101/37/77 54/6/50 86/41/80
f 88/39/58 89/42/57 91/40/79
f 90/43/81 93/38/78 92/44/82
f 105/45/65 75/46/65 74/47/66
f 90/43/81 92/44/82 97/31/71
f 84/48/83 83/49/84 82/50/85
f 54/6/50 60/11/55 58/51/86
f 100/52/87 96/15/59 94/17/61
f 71/33/73 72/53/88 70/3/47
f 85/5/49 86/41/80 54/6/50
f 57/54/89 55/55/89 54/6/50
f 106/24/65 54/6/50 101/37/77
f 75/56/65 105/27/65 103/29/69
f 105/45/65 78/57/90 77/25/66
f 106/24/65 102/58/68 105/27/65
f 54/6/50 106/24/65 76/26/67
f 122/1/91 121/2/92 123/3/93
f 133/4/94 138/5/95 107/6/96
f 118/7/97 119/8/98 120/9/99
f 107/6/96 112/10/100 113/11/101
f 140/12/102 142/13/103 141/14/104
f 149/15/105 148/16/106 147/17/107
f 116/18/108 117/19/109 115/20/110
f 119/21/98 118/22/97 116/18/108
f 123/3/93 117/19/109 112/23/100
f 159/24/111 130/25/112 129/26/113
f 158/27/111 157/28/114 156/29/114
f 114/30/115 115/20/110 117/19/109
f 150/31/116 149/15/105 152/32/117
f 123/3/93 114/30/115 117/19/109
f 124/33/118 132/34/119 126/35/120
f 150/31/116 152/32/117 151/36/121
f 121/2/92 124/33/118 123/3/93
f 123/3/93 129/26/113 122/1/91
f 150/31/116 151/36/121 154/37/122
f 146/38/123 141/39/104 144/40/124
f 154/37/122 107/6/96 139/41/125
f 141/39/104 142/42/103 144/40/124
f 143/43/126 146/38/123 145/44/127
f 158/45/111 128/46/111 127/47/112
f 143/43/126 145/44/127 150/31/116
f 137/48/128 136/49/129 135/50/129
f 107/6/96 113/11/101 111/51/130
f 153/52/131 149/15/105 147/17/107
f 124/33/118 125/53/132 123/3/93
f 138/5/95 139/41/125 107/6/96
f 110/54/133 108/55/133 107/6/96
f 159/24/111 107/6/96 154/37/122
f 128/56/111 158/27/111 156/29/114
f 158/45/111 131/57/112 130/25/112
f 159/24/111 155/58/114 158/27/111
f 107/6/96 159/24/111 129/26/113
f 175/1/134 174/2/135 176/3/136
f 186/4/137 191/5/138 160/6/139
f 171/7/140 172/8/141 173/9/142
f 160/6/139 165/10/143 166/11/144
f 193/12/145 195/13/146 194/14/147
f 202/15/148 201/16/149 200/17/150
f 169/18/151 170/19/152 168/20/153
f 172/21/141 171/22/140 169/18/151
f 176/3/136 170/19/152 165/23/143
f 212/24/154 183/25/155 182/26/156
f 211/27/154 210/28/157 209/29/157
f 167/30/158 168/20/153 170/19/152
f 203/31/159 202/15/148 205/32/160
f 176/3/136 167/30/158 170/19/152
f 177/33/161 185/34/162 179/35/163
f 203/31/159 205/32/160 204/36/164
f 174/2/135 177/33/161 176/3/136
f 176/3/136 182/26/156 175/1/134
f 203/31/159 204/36/164 207/37/165
f 199/38/166 194/39/147 197/40/167
f 207/37/165 160/6/139 192/41/168
f 194/39/147 195/42/146 197/40/167
f 196/43/169 199/38/166 198/44/170
f 211/45/154 181/46/154 180/47/155
f 196/43/169 198/44/170 203/31/159
f 190/48/171 189/49/172 188/50/172
f 160/6/139 166/11/144 164/51/173
f 206/52/174 202/15/148 200/17/150
f 177/33/161 178/53/175 176/3/136
f 191/5/138 192/41/168 160/6/139
f 163/54/176 161/55/176 160/6/139
f 212/24/154 160/6/139 207/37/165
f 181/56/154 211/27/154 209/29/157
f 211/45/154 184/57/155 183/25/155
f 212/24/154 208/58/177 211/27/154
f 160/6/139 212/24/154 182/26/156
f 228/1/178 227/2/179 229/3/180
f 239/4/181 244/5/182 213/6/183
f 224/7/184 225/8/185 226/9/186
f 213/6/183 218/10/187 219/11/188
f 246/12/189 248/13/190 247/14/191
f 255/15/192 254/16/193 253/17/194
f 222/18/195 223/19/196 221/20/197
f 225/21/185 224/22/184 222/18/195
f 229/3/180 223/19/196 218/23/187
f 265/24/198 236/25/199 235/26/200
f 264/27/198 263/28/201 262/29/201
f 220/30/202 221/20/197 223/19/196
f 256/31/203 255/15/192 258/32/204
f 229/3/180 220/30/202 223/19/196
f 230/33/205 238/34/206 232/35/207
f 256/31/203 258/32/204 257/36/208
f 227/2/179 230/33/205 229/3/180
f 229/3/180 235/26/200 228/1/178
f 256/31/203 257/36/208 260/37/209
f 252/38/210 247/39/191 250/40/211
f 260/37/209 213/6/183 245/41/212
f 247/39/191 248/42/190 250/40/211
f 249/43/213 252/38/210 251/44/214
f 264/45/198 234/46/198 233/47/199
f 249/43/213 251/44/214 256/31/203
f 243/48/215 242/49/216 241/50/216
f 213/6/183 219/11/188 217/51/217
f 259/52/218 255/15/192 253/17/194
f 230/33/205 231/53/219 229/3/180
f 244/5/182 245/41/212 213/6/183
f 216/54/220 214/55/220 213/6/183
f 265/24/198 213/6/183 260/37/209
f 234/56/198 264/27/198 262/29/201
f 264/45/198 237/57/221 236/25/199
f 265/24/198 261/58/201 264/27/198
f 213/6/183 265/24/198 235/26/200
f 281/1/222 280/2/223 282/3/224
f 292/4/225 297/5/226 266/6/227
f 277/7/228 278/8/229 279/9/230
f 266/6/227 271/10/231 272/11/232
f 299/12/233 301/13/234 300/14/235
f 308/15/236 307/16/237 306/17/238
f 275/18/239 276/19/240 274/20/241
f 278/21/229 277/22/228 275/18/239
f 282/3/224 276/19/240 271/23/231
f 318/24/242 289/25/243 288/26/244
f 317/27/242 316/28/245 315/29/245
f 273/30/246 274/20/241 276/19/240
f 309/31/247 308/15/236 311/32/248
f 282/3/224 273/30/246 276/19/240
f 283/33/249 291/34/250 285/35/251
f 309/31/247 311/32/248 310/36/252
f 280/2/223 283/33/249 282/3/224
f 282/3/224 288/26/244 281/1/222
f 309/31/247 310/36/252 313/37/253
f 305/38/254 300/39/235 303/40/255
f 313/37/253 266/6/227 298/41/256
f 300/39/235 301/42/234 303/40/255
f 302/43/257 305/38/254 304/44/258
f 317/45/242 287/46/259 286/47/260
f 302/43/257 304/44/258 309/31/247
f 296/48/261 295/49/262 294/50/263
f 266/6/227 272/11/232 270/51/264
f 312/52/265 308/15/236 306/17/238
f 283/33/249 284/53/266 282/3/224
f 297/5/226 298/41/256 266/6/227
f 269/54/267 267/55/267 266/6/227
f 318/24/242 266/6/227 313/37/253
f 287/56/259 317/27/242 315/29/245
f 317/45/242 290/57/243 289/25/243
f 318/24/242 314/58/245 317/27/242
f 266/6/227 318/24/242 288/26/244
f 334/1/268 333/2/269 335/3/270
f 345/4/271 350/5/272 319/6/273
f 330/7/274 331/8/275 332/9/276
f 319/6/273 324/10/277 325/11/278
f 352/12/279 354/13/280 353/14/281
f 361/15/282 360/16/283 359/17/284
f 328/18/285 329/19/286 327/20/287
f 331/21/275 330/22/274 328/18/285
f 335/3/270 329/19/286 324/23/277
f 371/24/288 342/25/289 341/26/290
f 370/27/288 369/28/291 368/29/292
f 326/30/293 327/20/287 329/19/286
f 362/31/294 361/15/282 364/32/295
f 335/3/270 326/30/293 329/19/286
f 336/33/296 344/34/297 338/35/298
f 362/31/294 364/32/295 363/36/299
f 333/2/269 336/33/296 335/3/270
f 335/3/270 341/26/290 334/1/268
f 362/31/294 363/36/299 366/37/300
f 358/38/301 353/39/281 356/40/302
f 366/37/300 319/6/273 351/41/303
f 353/39/281 354/42/280 356/40/302
f 355/43/304 358/38/301 357/44/305
f 370/45/288 340/46/288 339/47/289
f 355/43/304 357/44/305 362/31/294
f 349/48/306 348/49/307 347/50/307
f 319/6/273 325/11/278 323/51/308
f 365/52/309 361/15/282 359/17/284
f 336/33/296 337/53/310 335/3/270
f 350/5/272 351/41/303 319/6/273
f 322/54/311 320/55/311 319/6/273
f 371/24/288 319/6/273 366/37/300
f 340/56/288 370/27/288 368/29/292
f 370/45/288 343/57/289 342/25/289
f 371/24/288 367/58/292 370/27/288
f 319/6/273 371/24/288 341/26/290
f 387/1/312 386/2/313 388/3/314
f 398/4/315 403/5/316 372/6/317
f 383/7/318 384/8/319 385/9/320
f 372/6/317 377/10/321 378/11/322
f 405/12/323 407/13/324 406/14/325
f 414/15/326 413/16/327 412/17/328
f 381/18/329 382/19/330 380/20/331
f 384/21/319 383/22/318 381/18/329
f 388/3/314 382/19/330 377/23/321
f 424/24/332 395/25/333 394/26/334
f 423/27/332 422/28/335 421/29/336
f 379/30/337 380/20/331 382/19/330
f 415/31/338 414/15/326 417/32/339
f 388/3/314 379/30/337 382/19/330
f 389/33/340 397/34/341 391/35/342
f 415/31/338 417/32/339 416/36/343
f 386/2/313 389/33/340 388/3/314
f 388/3/314 394/26/334 387/1/312
f 415/31/338 416/36/343 419/37/344
f 411/38/345 406/39/325 409/40/346
f 419/37/344 372/6/317 404/41/347
f 406/39/325 407/42/324 409/40/346
f 408/43/348 411/38/345 410/44/349
f 423/45/332 393/46/332 392/47/350
f 408/43/348 410/44/349 415/31/338
f 402/48/351 401/49/352 400/50/352
f 372/6/317 378/11/322 376/51/353
f 418/52/354 414/15/326 412/17/328
f 389/33/340 390/53/355 388/3/314
f 403/5/316 404/41/347 372/6/317
f 375/54/356 373/55/356 372/6/317
f 424/24/332 372/6/317 419/37/344
f 393/56/332 423/27/332 421/29/336
f 423/45/332 396/57/333 395/25/333
f 424/24/332 420/58/336 423/27/332
f 372/6/317 424/24/332 394/26/334
f 440/1/357 439/2/358 441/3/359
f 451/4/360 456/5/361 425/6/362
f 436/7/363 437/8/364 438/9/365
f 425/6/362 430/10/366 431/11/367
f 458/12/368 460/13/369 459/14/370
f 467/15/371 466/16/372 465/17/373
f 434/18/374 435/19/375 433/20/376
f 437/21/364 436/22/363 434/18/374
f 441/3/359 435/19/375 430/23/366
f 477/24/377 448/25/378 447/26/379
f 476/27/377 475/28/380 474/29/380
f 432/30/381 433/20/376 435/19/375
f 468/31/382 467/15/371 470/32/383
f 441/3/359 432/30/381 435/19/375
f 442/33/384 450/34/385 444/35/386
f 468/31/382 470/32/383 469/36/387
f 439/2/358 442/33/384 441/3/359
f 441/3/359 447/26/379 440/1/357
f 468/31/382 469/36/387 472/37/388
f 464/38/389 459/39/370 462/40/390
f 472/37/388 425/6/362 457/41/391
f 459/39/370 460/42/369 462/40/390
f 461/43/392 464/38/389 463/44/393
f 476/45/377 446/46/377 445/47/394
f 461/43/392 463/44/393 468/31/382
f 455/48/395 454/49/396 453/50/396
f 425/6/362 431/11/367 429/51/397
f 471/52/398 467/15/371 465/17/373
f 442/33/384 443/53/399 441/3/359
f 456/5/361 457/41/391 425/6/362
f 428/54/400 426/55/400 425/6/362
f 477/24/377 425/6/362 472/37/388
f 446/56/377 476/27/377 474/29/380
f 476/45/377 449/57/394 448/25/378
f 477/24/377 473/58/401 476/27/377
f 425/6/362 477/24/377 447/26/379
f 493/1/402 492/2/403 494/3/404
f 504/4/405 509/5/406 478/6/407
f 489/7/408 490/8/409 491/9/410
f 478/6/407 483/10/411 484/11/412
f 511/12/413 513/13/414 512/14/415
f 520/15/416 519/16/417 518/17/418
f 487/18/419 488/19/420 486/20/421
f 490/21/409 489/22/408 487/18/419
f 494/3/404 488/19/420 483/23/411
f 530/24/422 501/25/423 500/26/424
f 529/27/422 528/28/425 527/29/426
f 485/30/427 486/20/421 488/19/420
f 521/31/428 520/15/416 523/32/429
f 494/3/404 485/30/427 488/19/420
f 495/33/430 503/34/431 497/35/432
f 521/31/428 523/32/429 522/36/433
f 492/2/403 495/33/430 494/3/404
f 494/3/404 500/26/424 493/1/402
f 521/31/428 522/36/433 525/37/434
f 517/38/435 512/39/415 515/40/436
f 525/37/434 478/6/407 510/41/437
f 512/39/415 513/42/414 515/40/436
f 514/43/438 517/38/435 516/44/439
f 529/45/422 499/46/422 498/47/423
f 514/43/438 516/44/439 521/31/428
f 508/48/440 507/49/441 506/50/441
f 478/6/407 484/11/412 482/51/442
f 524/52/443 520/15/416 518/17/418
f 495/33/430 496/53/444 494/3/404
f 509/5/406 510/41/437 478/6/407
f 481/54/445 479/55/446 478/6/407
f 530/24/422 478/6/407 525/37/434
f 499/56/422 529/27/422 527/29/426
f 529/45/422 502/57/423 501/25/423
f 530/24/422 526/58/426 529/27/422
f 478/6/407 530/24/422 500/26/424
f 546/1/447 545/2/448 547/3/449
f 557/4/450 562/5/451 531/6/452
f 542/7/453 543/8/454 544/9/455
f 531/6/452 536/10/456 537/11/457
f 564/12/458 566/13/459 565/14/460
f 573/15/461 572/16/462 571/17/463
f 540/18/464 541/19/465 539/20/466
f 543/21/454 542/22/453 540/18/464
f 547/3/449 541/19/465 536/23/456
f 583/24/467 554/25/468 553/26/469
f 582/27/467 581/28/470 580/29/471
f 538/30/472 539/20/466 541/19/465
f 574/31/473 573/15/461 576/32/474
f 547/3/449 538/30/472 541/19/465
f 548/33/475 556/34/476 550/35/477
f 574/31/473 576/32/474 575/36/478
f 545/2/448 548/33/475 547/3/449
f 547/3/449 553/26/469 546/1/447
f 574/31/473 575/36/478 578/37/479
f 570/38/480 565/39/460 568/40/481
f 578/37/479 531/6/452 563/41/482
f 565/39/460 566/42/459 568/40/481
f 567/43/483 570/38/480 569/44/484
f 582/45/467 552/46/485 551/47/468
f 567/43/483 569/44/484 574/31/473
f 561/48/486 560/49/487 559/50/487
f 531/6/452 537/11/457 535/51/488
f 577/52/489 573/15/461 571/17/463
f 548/33/475 549/53/490 547/3/449
f 562/5/451 563/41/482 531/6/452
f 534/54/491 532/55/491 531/6/452
f 583/24/467 531/6/452 578/37/479
f 552/56/485 582/27/467 580/29/471
f 582/45/467 555/57/468 554/25/468
f 583/24/467 579/58/470 582/27/467
f 531/6/452 583/24/467 553/26/469
f 599/1/492 598/2/493 600/3/494
f 610/4/495 615/5/496 584/6/497
f 595/7/498 596/8/499 597/9/500
f 584/6/497 589/10/501 590/11/502
f 617/12/503 619/13/504 618/14/505
f 626/15/506 625/16/507 624/17/508
f 593/18/509 594/19/510 592/20/511
f 596/21/499 595/22/498 593/18/509
f 600/3/494 594/19/510 589/23/501
f 636/24/512 607/25/513 606/26/514
f 635/27/512 634/28/515 633/29/516
f 591/30/517 592/20/511 594/19/510
f 627/31/518 626/15/506 629/32/519
f 600/3/494 591/30/517 594/19/510
f 601/33/520 609/34/521 603/35/522
f 627/31/518 629/32/519 628/36/523
f 598/2/493 601/33/520 600/3/494
f 600/3/494 606/26/514 599/1/492
f 627/31/518 628/36/523 631/37/524
f 623/38/525 618/39/505 621/40/526
f 631/37/524 584/6/497 616/41/527
f 618/39/505 619/42/504 621/40/526
f 620/43/528 623/38/525 622/44/529
f 635/45/512 605/46/530 604/47/531
f 620/43/528 622/44/529 627/31/518
f 614/48/532 613/49/533 612/50/533
f 584/6/497 590/11/502 588/51/534
f 630/52/535 626/15/506 624/17/508
f 601/33/520 602/53/536 600/3/494
f 615/5/496 616/41/527 584/6/497
f 587/54/537 585/55/537 584/6/497
f 636/24/512 584/6/497 631/37/524
f 605/56/530 635/27/512 633/29/516
f 635/45/512 608/57/513 607/25/513
f 636/24/512 632/58/516 635/27/512
f 584/6/497 636/24/512 606/26/514
f 652/1/538 651/2/539 653/3/540
f 663/4/541 668/5/542 637/6/543
f 648/7/544 649/8/545 650/9/546
f 637/6/543 642/10/547 643/11/548
f 670/12/549 672/13/550 671/14/551
f 679/15/552 678/16/553 677/17/554
f 646/18/555 647/19/556 645/20/557
f 649/21/545 648/22/544 646/18/555
f 653/3/540 647/19/556 642/23/547
f 689/24/558 660/25/559 659/26/560
f 688/27/558 687/28/561 686/29/561
f 644/30/562 645/20/557 647/19/556
f 680/31/563 679/15/552 682/32/564
f 653/3/540 644/30/562 647/19/556
f 654/33/565 662/34/566 656/35/567
f 680/31/563 682/32/564 681/36/568
f 651/2/539 654/33/565 653/3/540
f 653/3/540 659/26/560 652/1/538
f 680/31/563 681/36/568 684/37/569
f 676/38/570 671/39/551 674/40/571
f 684/37/569 637/6/543 669/41/572
f 671/39/551 672/42/550 674/40/571
f 673/43/573 676/38/570 675/44/574
f 688/45/558 658/46/558 657/47/559
f 673/43/573 675/44/574 680/31/563
f 667/48/575 666/49/576 665/50/576
f 637/6/543 643/11/548 641/51/577
f 683/52/578 679/15/552 677/17/554
f 654/33/565 655/53/579 653/3/540
f 668/5/542 669/41/572 637/6/543
f 640/54/580 638/55/581 637/6/543
f 689/24/558 637/6/543 684/37/569
f 658/56/558 688/27/558 686/29/561
f 688/45/558 661/57/559 660/25/559
f 689/24/558 685/58/561 688/27/558
f 637/6/543 689/24/558 659/26/560
f 705/1/582 704/2/583 706/3/584
f 716/4/585 721/5/586 690/6/587
f 701/7/588 702/8/589 703/9/590
f 690/6/587 695/10/591 696/11/592
f 723/12/593 725/13/594 724/14/595
f 732/15/596 731/16/597 730/17/598
f 699/18/599 700/19/600 698/20/601
f 702/21/589 701/22/588 699/18/599
f 706/3/584 700/19/600 695/23/591
f 742/24/602 713/25/603 712/26/604
f 741/27/602 740/28/605 739/29/606
f 697/30/607 698/20/601 700/19/600
f 733/31/608 732/15/596 735/32/609
f 706/3/584 697/30/607 700/19/600
f 707/33/610 715/34/611 709/35/612
f 733/31/608 735/32/609 734/36/613
f 704/2/583 707/33/610 706/3/584
f 706/3/584 712/26/604 705/1/582
f 733/31/608 734/36/613 737/37/614
f 729/38/615 724/39/595 727/40/616
f 737/37/614 690/6/587 722/41/617
f 724/39/595 725/42/594 727/40/616
f 726/43/618 729/38/615 728/44/619
f 741/45/602 711/46/602 710/47/603
f 726/43/618 728/44/619 733/31/608
f 720/48/620 719/49/621 718/50/621
f 690/6/587 696/11/592 694/51/622
f 736/52/623 732/15/596 730/17/598
f 707/33/610 708/53/624 706/3/584
f 721/5/586 722/41/617 690/6/587
f 693/54/625 691/55/626 690/6/587
f 742/24/602 690/6/587 737/37/614
f 711/56/602 741/27/602 739/29/606
f 741/45/602 714/57/603 713/25/603
f 742/24/602 738/58/605 741/27/602
f 690/6/587 742/24/602 712/26/604
f 758/1/627 757/2/628 759/3/629
f 769/4/630 774/5/631 743/6/632
f 754/7/633 755/8/634 756/9/635
f 743/6/632 748/10/636 749/11/637
f 776/12/638 778/13/639 777/14/640
f 785/15/641 784/16/642 783/17/643
f 752/18/644 753/19/645 751/20/646
f 755/21/634 754/22/633 752/18/644
f 759/3/629 753/19/645 748/23/636
f 795/24/647 766/25/648 765/26/649
f 794/27/647 793/28/650 792/29/651
f 750/30/652 751/20/646 753/19/645
f 786/31/653 785/15/641 788/32/654
f 759/3/629 750/30/652 753/19/645
f 760/33/655 768/34/656 762/35/657
f 786/31/653 788/32/654 787/36/658
f 757/2/628 760/33/655 759/3/629
f 759/3/629 765/26/649 758/1/627
f 786/31/653 787/36/658 790/37/659
f 782/38/660 777/39/640 780/40/661
f 790/37/659 743/6/632 775/41/662
f 777/39/640 778/42/639 780/40/661
f 779/43/663 782/38/660 781/44/664
f 794/45/647 764/46/665 763/47/648
f 779/43/663 781/44/664 786/31/653
f 773/48/666 772/49/667 771/50/668
f 743/6/632 749/11/637 747/51/669
f 789/52/670 785/15/641 783/17/643
f 760/33/655 761/53/671 759/3/629
f 774/5/631 775/41/662 743/6/632
f 746/54/672 744/55/672 743/6/632
f 795/24/647 743/6/632 790/37/659
f 764/56/665 794/27/647 792/29/651
f 794/45/647 767/57/648 766/25/648
f 795/24/647 791/58/673 794/27/647
f 743/6/632 795/24/647 765/26/649
f 811/1/674 810/2/675 812/3/676
f 822/4/677 827/5/678 796/6/679
f 807/7/680 808/8/681 809/9/682
f 796/6/679 801/10/683 802/11/684
f 829/12/685 831/13/686 830/14/687
f 838/15/688 837/16/689 836/17/690
f 805/18/691 806/19/692 804/20/693
f 808/21/681 807/22/680 805/18/691
f 812/3/676 806/19/692 801/23/683
f 848/24/694 819/25/695 818/26/696
f 847/27/694 846/28/697 845/29/698
f 803/30/699 804/20/693 806/19/692
f 839/31/700 838/15/688 841/32/701
f 812/3/676 803/30/699 806/19/692
f 813/33/702 821/34/703 815/35/704
f 839/31/700 841/32/701 840/36/705
f 810/2/675 813/33/702 812/3/676
f 812/3/676 818/26/696 811/1/674
f 839/31/700 840/36/705 843/37/706
f 835/38/707 830/39/687 833/40/708
f 843/37/706 796/6/679 828/41/709
f 830/39/687 831/42/686 833/40/708
f 832/43/710 835/38/707 834/44/711
f 847/45/694 817/46/694 816/47/695
f 832/43/710 834/44/711 839/31/700
f 826/48/712 825/49/713 824/50/713
f 796/6/679 802/11/684 800/51/714
f 842/52/715 838/15/688 836/17/690
f 813/33/702 814/53/716 812/3/676
f 827/5/678 828/41/709 796/6/679
f 799/54/717 797/55/717 796/6/679
f 848/24/694 796/6/679 843/37/706
f 817/56/694 847/27/694 845/29/698
f 847/45/694 820/57/695 819/25/695
f 848/24/694 844/58/697 847/27/694
f 796/6/679 848/24/694 818/26/696
f 864/1/718 863/2/719 865/3/720
f 875/4/721 880/5/722 849/6/723
f 860/7/724 861/8/725 862/9/726
f 849/6/723 854/10/727 855/11/728
f 882/12/729 884/13/730 883/14/731
f 891/15/732 890/16/733 889/17/734
f 858/18/735 859/19/736 857/20/737
f 861/21/725 860/22/724 858/18/735
f 865/3/720 859/19/736 854/23/727
f 901/24/738 872/25/739 871/26/740
f 900/27/738 899/28/741 898/29/742
f 856/30/743 857/20/737 859/19/736
f 892/31/744 891/15/732 894/32/745
f 865/3/720 856/30/743 859/19/736
f 866/33/746 874/34/747 868/35/748
f 892/31/744 894/32/745 893/36/749
f 863/2/719 866/33/746 865/3/720
f 865/3/720 871/26/740 864/1/718
f 892/31/744 893/36/749 896/37/750
f 888/38/751 883/39/731 886/40/752
f 896/37/750 849/6/723 881/41/753
f 883/39/731 884/42/730 886/40/752
f 885/43/754 888/38/751 887/44/755
f 900/45/738 870/46/738 869/47/756
f 885/43/754 887/44/755 892/31/744
f 879/48/757 878/49/758 877/50/758
f 849/6/723 855/11/728 853/51/759
f 895/52/760 891/15/732 889/17/734
f 866/33/746 867/53/761 865/3/720
f 880/5/722 881/41/753 849/6/723
f 852/54/762 850/55/762 849/6/723
f 901/24/738 849/6/723 896/37/750
f 870/56/738 900/27/738 898/29/742
f 900/45/738 873/57/756 872/25/739
f 901/24/738 897/58/763 900/27/738
f 849/6/723 901/24/738 871/26/740
f 917/1/764 916/2/765 918/3/766
f 928/4/767 933/5/768 902/6/769
f 913/7/770 914/8/771 915/9/772
f 902/6/769 907/10/773 908/11/774
f 935/12/775 937/13/776 936/14/777
f 944/15/778 943/16/779 942/17/780
f 911/18/781 912/19/782 910/20/783
f 914/21/771 913/22/770 911/18/781
f 918/3/766 912/19/782 907/23/773
f 954/24/784 925/25/785 924/26/786
f 953/27/784 952/28/787 951/29/787
f 909/30/788 910/20/783 912/19/782
f 945/31/789 944/15/778 947/32/790
f 918/3/766 909/30/788 912/19/782
f 919/33/791 927/34/792 921/35/793
f 945/31/789 947/32/790 946/36/794
f 916/2/765 919/33/791 918/3/766
f 918/3/766 924/26/786 917/1/764
f 945/31/789 946/36/794 949/37/795
f 941/38/796 936/39/777 939/40/797
f 949/37/795 902/6/769 934/41/798
f 936/39/777 937/42/776 939/40/797
f 938/43/799 941/38/796 940/44/800
f 953/45/784 923/46/784 922/47/785
f 938/43/799 940/44/800 945/31/789
f 932/48/801 931/49/802 930/50/802
f 902/6/769 908/11/774 906/51/803
f 948/52/804 944/15/778 942/17/780
f 919/33/791 920/53/805 918/3/766
f 933/5/768 934/41/798 902/6/769
f 905/54/806 903/55/807 902/6/769
f 954/24/784 902/6/769 949/37/795
f 923/56/784 953/27/784 951/29/787
f 953/45/784 926/57/785 925/25/785
f 954/24/784 950/58/808 953/27/784
f 902/6/769 954/24/784 924/26/786
f 970/1/809 969/2/810 971/3/811
f 981/4/812 986/5/813 955/6/814
f 966/7/815 967/8/816 968/9/817
f 955/6/814 960/10/818 961/11/819
f 988/12/820 990/13/821 989/14/822
f 997/15/823 996/16/824 995/17/825
f 964/18/826 965/19/827 963/20/828
f 967/21/816 966/22/815 964/18/826
f 971/3/811 965/19/827 960/23/818
f 1007/24/829 978/25/830 977/26/831
f 1006/27/829 1005/28/832 1004/29/832
f 962/30/833 963/20/828 965/19/827
f 998/31/834 997/15/823 1000/32/835
f 971/3/811 962/30/833 965/19/827
f 972/33/836 980/34/837 974/35/838
f 998/31/834 1000/32/835 999/36/839
f 969/2/810 972/33/836 971/3/811
f 971/3/811 977/26/831 970/1/809
f 998/31/834 999/36/839 1002/37/840
f 994/38/841 989/39/822 992/40/842
f 1002/37/840 955/6/814 987/41/843
f 989/39/822 990/42/821 992/40/842
f 991/43/844 994/38/841 993/44/845
f 1006/45/829 976/46/829 975/47/830
f 991/43/844 993/44/845 998/31/834
f 985/48/846 984/49/847 983/50/847
f 955/6/814 961/11/819 959/51/848
f 1001/52/849 997/15/823 995/17/825
f 972/33/836 973/53/850 971/3/811
f 986/5/813 987/41/843 955/6/814
f 958/54/851 956/55/852 955/6/814
f 1007/24/829 955/6/814 1002/37/840
f 976/56/829 1006/27/829 1004/29/832
f 1006/45/829 979/57/830 978/25/830
f 1007/24/829 1003/58/832 1006/27/829
f 955/6/814 1007/24/829 977/26/831
f 1023/1/853 1022/2/854 1024/3/855
f 1034/4/856 1039/5/857 1008/6/858
f 1019/7/859 1020/8/860 1021/9/861
f 1008/6/858 1013/10/862 1014/11/863
f 1041/12/864 1043/13/865 1042/14/866
f 1050/15/867 1049/16/868 1048/17/869
f 1017/18/870 1018/19/871 1016/20/872
f 1020/21/860 1019/22/859 1017/18/870
f 1024/3/855 1018/19/871 1013/23/862
f 1060/24/873 1031/25/874 1030/26/875
f 1059/27/873 1058/28/876 1057/29/876
f 1015/30/877 1016/20/872 1018/19/871
f 1051/31/878 1050/15/867 1053/32/879
f 1024/3/855 1015/30/877 1018/19/871
f 1025/33/880 1033/34/881 1027/35/882
f 1051/31/878 1053/32/879 1052/36/883
f 1022/2/854 1025/33/880 1024/3/855
f 1024/3/855 1030/26/875 1023/1/853
f 1051/31/878 1052/36/883 1055/37/884
f 1047/38/885 1042/39/866 1045/40/886
f 1055/37/884 1008/6/858 1040/41/887
f 1042/39/866 1043/42/865 1045/40/886
f 1044/43/888 1047/38/885 1046/44/889
f 1059/45/873 1029/46/873 1028/47/890
f 1044/43/888 1046/44/889 1051/31/878
f 1038/48/891 1037/49/892 1036/50/892
f 1008/6/858 1014/11/863 1012/51/893
f 1054/52/894 1050/15/867 1048/17/869
f 1025/33/880 1026/53/895 1024/3/855
f 1039/5/857 1040/41/887 1008/6/858
f 1011/54/896 1009/55/896 1008/6/858
f 1060/24/873 1008/6/858 1055/37/884
f 1029/56/873 1059/27/873 1057/29/876
f 1059/45/873 1032/57/890 1031/25/874
f 1060/24/873 1056/58/876 1059/27/873
f 1008/6/858 1060/24/873 1030/26/875
f 1076/1/897 1075/2/898 1077/3/899
f 1087/4/900 1092/5/901 1061/6/902
f 1072/7/903 1073/8/904 1074/9/905
f 1061/6/902 1066/10/906 1067/11/907
f 1094/12/908 1096/13/909 1095/14/910
f 1103/15/911 1102/16/912 1101/17/913
f 1070/18/914 1071/19/915 1069/20/916
f 1073/21/904 1072/22/903 1070/18/914
f 1077/3/899 1071/19/915 1066/23/906
f 1113/24/917 1084/25/918 1083/26/919
f 1112/27/917 1111/28/920 1110/29/921
f 1068/30/922 1069/20/916 1071/19/915
f 1104/31/923 1103/15/911 1106/32/924
f 1077/3/899 1068/30/922 1071/19/915
f 1078/33/925 1086/34/926 1080/35/927
f 1104/31/923 1106/32/924 1105/36/928
f 1075/2/898 1078/33/925 1077/3/899
f 1077/3/899 1083/26/919 1076/1/897
f 1104/31/923 1105/36/928 1108/37/929
f 1100/38/930 1095/39/910 1098/40/931
f 1108/37/929 1061/6/902 1093/41/932
f 1095/39/910 1096/42/909 1098/40/931
f 1097/43/933 1100/38/930 1099/44/934
f 1112/45/917 1082/46/917 1081/47/918
f 1097/43/933 1099/44/934 1104/31/923
f 1091/48/935 1090/49/936 1089/50/937
f 1061/6/902 1067/11/907 1065/51/938
f 1107/52/939 1103/15/911 1101/17/913
f 1078/33/925 1079/53/940 1077/3/899
f 1092/5/901 1093/41/932 1061/6/902
f 1064/54/941 1062/55/941 1061/6/902
f 1113/24/917 1061/6/902 1108/37/929
f 1082/56/917 1112/27/917 1110/29/921
f 1112/45/917 1085/57/918 1084/25/918
f 1113/24/917 1109/58/921 1112/27/917
f 1061/6/902 1113/24/917 1083/26/919
f 1129/1/942 1128/2/943 1130/3/944
f 1140/4/945 1145/5/946 1114/6/947
f 1125/7/948 1126/8/949 1127/9/950
f 1114/6/947 1119/10/951 1120/11/952
f 1147/12/953 1149/13/954 1148/14/955
f 1156/15/956 1155/16/957 1154/17/958
f 1123/18/959 1124/19/960 1122/20/961
f 1126/21/949 1125/22/948 1123/18/959
f 1130/3/944 1124/19/960 1119/23/951
f 1166/24/962 1137/25/963 1136/26/964
f 1165/27/962 1164/28/965 1163/29/965
f 1121/30/966 1122/20/961 1124/19/960
f 1157/31/967 1156/15/956 1159/32/968
f 1130/3/944 1121/30/966 1124/19/960
f 1131/33/969 1139/34/970 1133/35/971
f 1157/31/967 1159/32/968 1158/36/972
f 1128/2/943 1131/33/969 1130/3/944
f 1130/3/944 1136/26/964 1129/1/942
f 1157/31/967 1158/36/972 1161/37/973
f 1153/38/974 1148/39/955 1151/40/975
f 1161/37/973 1114/6/947 1146/41/976
f 1148/39/955 1149/42/954 1151/40/975
f 1150/43/977 1153/38/974 1152/44/978
f 1165/45/962 1135/46/962 1134/47/979
f 1150/43/977 1152/44/978 1157/31/967
f 1144/48/980 1143/49/981 1142/50/981
f 1114/6/947 1120/11/952 1118/51/982
f 1160/52/983 1156/15/956 1154/17/958
f 1131/33/969 1132/53/984 1130/3/944
f 1145/5/946 1146/41/976 1114/6/947
f 1117/54/985 1115/55/985 1114/6/947
f 1166/24/962 1114/6/947 1161/37/973
f 1135/56/962 1165/27/962 1163/29/965
f 1165/45/962 1138/57/979 1137/25/963
f 1166/24/962 1162/58/965 1165/27/962
f 1114/6/947 1166/24/962 1136/26/964
f 1182/1/986 1181/2/987 1183/3/988
f 1193/4/989 1198/5/990 1167/6/991
f 1178/7/992 1179/8/993 1180/9/994
f 1167/6/991 1172/10/995 1173/11/996
f 1200/12/997 1202/13/998 1201/14/999
f 1209/15/1000 1208/16/1001 1207/17/1002
f 1176/18/1003 1177/19/1004 1175/20/1005
f 1179/21/993 1178/22/992 1176/18/1003
f 1183/3/988 1177/19/1004 1172/23/995
f 1219/24/1006 1190/25/1007 1189/26/1008
f 1218/27/1009 1217/28/1010 1216/29/1011
f 1174/30/1012 1175/20/1005 1177/19/1004
f 1210/31/1013 1209/15/1000 1212/32/1014
f 1183/3/988 1174/30/1012 1177/19/1004
f 1184/33/1015 1192/34/1016 1186/35/1017
f 1210/31/1013 1212/32/1014 1211/36/1018
f 1181/2/987 1184/33/1015 1183/3/988
f 1183/3/988 1189/26/1008 1182/1/986
f 1210/31/1013 1211/36/1018 1214/37/1019
f 1206/38/1020 1201/39/999 1204/40/1021
f 1214/37/1019 1167/6/991 1199/41/1022
f 1201/39/999 1202/42/998 1204/40/1021
f 1203/43/1023 1206/38/1020 1205/44/1024
f 1218/45/1009 1188/46/1009 1187/47/1025
f 1203/43/1023 1205/44/1024 1210/31/1013
f 1197/48/1026 1196/49/1027 1195/50/1027
f 1167/6/991 1173/11/996 1171/51/1028
f 1213/52/1029 1209/15/1000 1207/17/1002
f 1184/33/1015 1185/53/1030 1183/3/988
f 1198/5/990 1199/41/1022 1167/6/991
f 1170/54/1031 1168/55/1031 1167/6/991
f 1219/24/1006 1167/6/991 1214/37/1019
f 1188/56/1009 1218/27/1009 1216/29/1011
f 1218/45/1009 1191/57/1007 1190/25/1007
f 1219/24/1006 1215/58/1010 1218/27/1009
f 1167/6/991 1219/24/1006 1189/26/1008
f 1235/1/1032 1234/2/1033 1236/3/1034
f 1246/4/1035 1251/5/1036 1220/6/1037
f 1231/7/1038 1232/8/1039 1233/9/1040
f 1220/6/1037 1225/10/1041 1226/11/1042
f 1253/12/1043 1255/13/1044 1254/14/1045
f 1262/15/1046 1261/16/1047 1260/17/1048
f 1229/18/1049 1230/19/1050 1228/20/1051
f 1232/21/1039 1231/22/1038 1229/18/1049
f 1236/3/1034 1230/19/1050 1225/23/1041
f 1272/24/1052 1243/25/1053 1242/26/1054
f 1271/27/1052 1270/28/1055 1269/29/1055
f 1227/30/1056 1228/20/1051 1230/19/1050
f 1263/31/1057 1262/15/1046 1265/32/1058
f 1236/3/1034 1227/30/1056 1230/19/1050
f 1237/33/1059 1245/34/1060 1239/35/1061
f 1263/31/1057 1265/32/1058 1264/36/1062
f 1234/2/1033 1237/33/1059 1236/3/1034
f 1236/3/1034 1242/26/1054 1235/1/1032
f 1263/31/1057 1264/36/1062 1267/37/1063
f 1259/38/1064 1254/39/1045 1257/40/1065
f 1267/37/1063 1220/6/1037 1252/41/1066
f 1254/39/1045 1255/42/1044 1257/40/1065
f 1256/43/1067 1259/38/1064 1258/44/1068
f 1271/45/1052 1241/46/1052 1240/47/1053
f 1256/43/1067 1258/44/1068 1263/31/1057
f 1250/48/1069 1249/49/1070 1248/50/1070
f 1220/6/1037 1226/11/1042 1224/51/1071
f 1266/52/1072 1262/15/1046 1260/17/1048
f 1237/33/1059 1238/53/1073 1236/3/1034
f 1251/5/1036 1252/41/1066 1220/6/1037
f 1223/54/1074 1221/55/1075 1220/6/1037
f 1272/24/1052 1220/6/1037 1267/37/1063
f 1241/56/1052 1271/27/1052 1269/29/1055
f 1271/45/1052 1244/57/1053 1243/25/1053
f 1272/24/1052 1268/58/1055 1271/27/1052
f 1220/6/1037 1272/24/1052 1242/26/1054
f 1288/1/1076 1287/2/1077 1289/3/1078
f 1299/4/1079 1304/5/1080 1273/6/1081
f 1284/7/1082 1285/8/1083 1286/9/1084
f 1273/6/1081 1278/10/1085 1279/11/1086
f 1306/12/1087 1308/13/1088 1307/14/1089
f 1315/15/1090 1314/16/1091 1313/17/1092
f 1282/18/1093 1283/19/1094 1281/20/1095
f 1285/21/1083 1284/22/1082 1282/18/1093
f 1289/3/1078 1283/19/1094 1278/23/1085
f 1325/24/1096 1296/25/1097 1295/26/1098
f 1324/27/1096 1323/28/1099 1322/29/1099
f 1280/30/1100 1281/20/1095 1283/19/1094
f 1316/31/1101 1315/15/1090 1318/32/1102
f 1289/3/1078 1280/30/1100 1283/19/1094
f 1290/33/1103 1298/34/1104 1292/35/1105
f 1316/31/1101 1318/32/1102 1317/36/1106
f 1287/2/1077 1290/33/1103 1289/3/1078
f 1289/3/1078 1295/26/1098 1288/1/1076
f 1316/31/1101 1317/36/1106 1320/37/1107
f 1312/38/1108 1307/39/1089 1310/40/1109
f 1320/37/1107 1273/6/1081 1305/41/1110
f 1307/39/1089 1308/42/1088 1310/40/1109
f 1309/43/1111 1312/38/1108 1311/44/1112
f 1324/45/1096 1294/46/1096 1293/47/1097
f 1309/43/1111 1311/44/1112 1316/31/1101
f 1303/48/1113 1302/49/1114 1301/50/1114
f 1273/6/1081 1279/11/1086 1277/51/1115
f 1319/52/1116 1315/15/1090 1313/17/1092
f 1290/33/1103 1291/53/1117 1289/3/1078
f 1304/5/1080 1305/41/1110 1273/6/1081
f 1276/54/1118 1274/55/1118 1273/6/1081
f 1325/24/1096 1273/6/1081 1320/37/1107
f 1294/56/1096 1324/27/1096 1322/29/1099
f 1324/45/1096 1297/57/1097 1296/25/1097
f 1325/24/1096 1321/58/1099 1324/27/1096
f 1273/6/1081 1325/24/1096 1295/26/1098
f 1341/1/1119 1340/2/1120 1342/3/1121
f 1352/4/1122 1357/5/1123 1326/6/1124
f 1337/7/1125 1338/8/1126 1339/9/1127
f 1326/6/1124 1331/10/1128 1332/11/1129
f 1359/12/1130 1361/13/1131 1360/14/1132
f 1368/15/1133 1367/16/1134 1366/17/1135
f 1335/18/1136 1336/19/1137 1334/20/1138
f 1338/21/1126 1337/22/1125 1335/18/1136
f 1342/3/1121 1336/19/1137 1331/23/1128
f 1378/24/1139 1349/25/1140 1348/26/1141
f 1377/27/1142 1376/28/1143 1375/29/1143
f 1333/30/1144 1334/20/1138 1336/19/1137
f 1369/31/1145 1368/15/1133 1371/32/1146
f 1342/3/1121 1333/30/1144 1336/19/1137
f 1343/33/1147 1351/34/1148 1345/35/1149
f 1369/31/1145 1371/32/1146 1370/36/1150
f 1340/2/1120 1343/33/1147 1342/3/1121
f 1342/3/1121 1348/26/1141 1341/1/1119
f 1369/31/1145 1370/36/1150 1373/37/1151
f 1365/38/1152 1360/39/1132 1363/40/1153
f 1373/37/1151 1326/6/1124 1358/41/1154
f 1360/39/1132 1361/42/1131 1363/40/1153
f 1362/43/1155 1365/38/1152 1364/44/1156
f 1377/45/1142 1347/46/1142 1346/47/1157
f 1362/43/1155 1364/44/1156 1369/31/1145
f 1356/48/1158 1355/49/1159 1354/50/1160
f 1326/6/1124 1332/11/1129 1330/51/1161
f 1372/52/1162 1368/15/1133 1366/17/1135
f 1343/33/1147 1344/53/1163 1342/3/1121
f 1357/5/1123 1358/41/1154 1326/6/1124
f 1329/54/1164 1327/55/1164 1326/6/1124
f 1378/24/1139 1326/6/1124 1373/37/1151
f 1347/56/1142 1377/27/1142 1375/29/1143
f 1377/45/1142 1350/57/1157 1349/25/1140
f 1378/24/1139 1374/58/1143 1377/27/1142
f 1326/6/1124 1378/24/1139 1348/26/1141
f 1394/1/1165 1393/2/1166 1395/3/1167
f 1405/4/1168 1410/5/1169 1379/6/1170
f 1390/7/1171 1391/8/1172 1392/9/1173
f 1379/6/1170 1384/10/1174 1385/11/1175
f 1412/12/1176 1414/13/1177 1413/14/1178
f 1421/15/1179 1420/16/1180 1419/17/1181
f 1388/18/1182 1389/19/1183 1387/20/1184
f 1391/21/1172 1390/22/1171 1388/18/1182
f 1395/3/1167 1389/19/1183 1384/23/1174
f 1431/24/1185 1402/25/1186 1401/26/1187
f 1430/27/1185 1429/28/1188 1428/29/1189
f 1386/30/1190 1387/20/1184 1389/19/1183
f 1422/31/1191 1421/15/1179 1424/32/1192
f 1395/3/1167 1386/30/1190 1389/19/1183
f 1396/33/1193 1404/34/1194 1398/35/1195
f 1422/31/1191 1424/32/1192 1423/36/1196
f 1393/2/1166 1396/33/1193 1395/3/1167
f 1395/3/1167 1401/26/1187 1394/1/1165
f 1422/31/1191 1423/36/1196 1426/37/1197
f 1418/38/1198 1413/39/1178 1416/40/1199
f 1426/37/1197 1379/6/1170 1411/41/1200
f 1413/39/1178 1414/42/1177 1416/40/1199
f 1415/43/1201 1418/38/1198 1417/44/1202
f 1430/45/1185 1400/46/1185 1399/47/1186
f 1415/43/1201 1417/44/1202 1422/31/1191
f 1409/48/1203 1408/49/1204 1407/50/1205
f 1379/6/1170 1385/11/1175 1383/51/1206
f 1425/52/1207 1421/15/1179 1419/17/1181
f 1396/33/1193 1397/53/1208 1395/3/1167
f 1410/5/1169 1411/41/1200 1379/6/1170
f 1382/54/1209 1380/55/1209 1379/6/1170
f 1431/24/1185 1379/6/1170 1426/37/1197
f 1400/56/1185 1430/27/1185 1428/29/1189
f 1430/45/1185 1403/57/1186 1402/25/1186
f 1431/24/1185 1427/58/1188 1430/27/1185
f 1379/6/1170 1431/24/1185 1401/26/1187
f 1447/1/1210 1446/2/1211 1448/3/1212
f 1458/4/1213 1463/5/1214 1432/6/1215
f 1443/7/1216 1444/8/1217 1445/9/1218
f 1432/6/1215 1437/10/1219 1438/11/1220
f 1465/12/1221 1467/13/1222 1466/14/1223
f 1474/15/1224 1473/16/1225 1472/17/1226
f 1441/18/1227 1442/19/1228 1440/20/1229
f 1444/21/1217 1443/22/1216 1441/18/1227
f 1448/3/1212 1442/19/1228 1437/23/1219
f 1484/24/1230 1455/25/1231 1454/26/1232
f 1483/27/1230 1482/28/1233 1481/29/1233
f 1439/30/1234 1440/20/1229 1442/19/1228
f 1475/31/1235 1474/15/1224 1477/32/1236
f 1448/3/1212 1439/30/1234 1442/19/1228
f 1449/33/1237 1457/34/1238 1451/35/1239
f 1475/31/1235 1477/32/1236 1476/36/1240
f 1446/2/1211 1449/33/1237 1448/3/1212
f 1448/3/1212 1454/26/1232 1447/1/1210
f 1475/31/1235 1476/36/1240 1479/37/1241
f 1471/38/1242 1466/39/1223 1469/40/1243
f 1479/37/1241 1432/6/1215 1464/41/1244
f 1466/39/1223 1467/42/1222 1469/40/1243
f 1468/43/1245 1471/38/1242 1470/44/1246
f 1483/45/1230 1453/46/1230 1452/47/1231
f 1468/43/1245 1470/44/1246 1475/31/1235
f 1462/48/1247 1461/49/1248 1460/50/1248
f 1432/6/1215 1438/11/1220 1436/51/1249
f 1478/52/1250 1474/15/1224 1472/17/1226
f 1449/33/1237 1450/53/1251 1448/3/1212
f 1463/5/1214 1464/41/1244 1432/6/1215
f 1435/54/1252 1433/55/1252 1432/6/1215
f 1484/24/1230 1432/6/1215 1479/37/1241
f 1453/56/1230 1483/27/1230 1481/29/1233
f 1483/45/1230 1456/57/1231 1455/25/1231
f 1484/24/1230 1480/58/1253 1483/27/1230
f 1432/6/1215 1484/24/1230 1454/26/1232
f 1500/1/1254 1499/2/1255 1501/3/1256
f 1511/4/1257 1516/5/1258 1485/6/1259
f 1496/7/1260 1497/8/1261 1498/9/1262
f 1485/6/1259 1490/10/1263 1491/11/1264
f 1518/12/1265 1520/13/1266 1519/14/1267
f 1527/15/1268 1526/16/1269 1525/17/1270
f 1494/18/1271 1495/19/1272 1493/20/1273
f 1497/21/1261 1496/22/1260 1494/18/1271
f 1501/3/1256 1495/19/1272 1490/23/1263
f 1537/24/1274 1508/25/1275 1507/26/1276
f 1536/27/1274 1535/28/1277 1534/29/1277
f 1492/30/1278 1493/20/1273 1495/19/1272
f 1528/31/1279 1527/15/1268 1530/32/1280
f 1501/3/1256 1492/30/1278 1495/19/1272
f 1502/33/1281 1510/34/1282 1504/35/1283
f 1528/31/1279 1530/32/1280 1529/36/1284
f 1499/2/1255 1502/33/1281 1501/3/1256
f 1501/3/1256 1507/26/1276 1500/1/1254
f 1528/31/1279 1529/36/1284 1532/37/1285
f 1524/38/1286 1519/39/1267 1522/40/1287
f 1532/37/1285 1485/6/1259 1517/41/1288
f 1519/39/1267 1520/42/1266 1522/40/1287
f 1521/43/1289 1524/38/1286 1523/44/1290
f 1536/45/1274 1506/46/1274 1505/47/1291
f 1521/43/1289 1523/44/1290 1528/31/1279
f 1515/48/1292 1514/49/1293 1513/50/1293
f 1485/6/1259 1491/11/1264 1489/51/1294
f 1531/52/1295 1527/15/1268 1525/17/1270
f 1502/33/1281 1503/53/1296 1501/3/1256
f 1516/5/1258 1517/41/1288 1485/6/1259
f 1488/54/1297 1486/55/1297 1485/6/1259
f 1537/24/1274 1485/6/1259 1532/37/1285
f 1506/56/1274 1536/27/1274 1534/29/1277
f 1536/45/1274 1509/57/1298 1508/25/1275
f 1537/24/1274 1533/58/1299 1536/27/1274
f 1485/6/1259 1537/24/1274 1507/26/1276
f 1553/1/1300 1552/2/1301 1554/3/1302
f 1564/4/1303 1569/5/1304 1538/6/1305
f 1549/7/1306 1550/8/1307 1551/9/1308
f 1538/6/1305 1543/10/1309 1544/11/1310
f 1571/12/1311 1573/13/1312 1572/14/1313
f 1580/15/1314 1579/16/1315 1578/17/1316
f 1547/18/1317 1548/19/1318 1546/20/1319
f 1550/21/1307 1549/22/1306 1547/18/1317
f 1554/3/1302 1548/19/1318 1543/23/1309
f 1590/24/1320 1561/25/1321 1560/26/1322
f 1589/27/1320 1588/28/1323 1587/29/1324
f 1545/30/1325 1546/20/1319 1548/19/1318
f 1581/31/1326 1580/15/1314 1583/32/1327
f 1554/3/1302 1545/30/1325 1548/19/1318
f 1555/33/1328 1563/34/1329 1557/35/1330
f 1581/31/1326 1583/32/1327 1582/36/1331
f 1552/2/1301 1555/33/1328 1554/3/1302
f 1554/3/1302 1560/26/1322 1553/1/1300
f 1581/31/1326 1582/36/1331 1585/37/1332
f 1577/38/1333 1572/39/1313 1575/40/1334
f 1585/37/1332 1538/6/1305 1570/41/1335
f 1572/39/1313 1573/42/1312 1575/40/1334
f 1574/43/1336 1577/38/1333 1576/44/1337
f 1589/45/1320 1559/46/1320 1558/47/1338
f 1574/43/1336 1576/44/1337 1581/31/1326
f 1568/48/1339 1567/49/1340 1566/50/1340
f 1538/6/1305 1544/11/1310 1542/51/1341
f 1584/52/1342 1580/15/1314 1578/17/1316
f 1555/33/1328 1556/53/1343 1554/3/1302
f 1569/5/1304 1570/41/1335 1538/6/1305
f 1541/54/1344 1539/55/1344 1538/6/1305
f 1590/24/1320 1538/6/1305 1585/37/1332
f 1559/56/1320 1589/27/1320 1587/29/1324
f 1589/45/1320 1562/57/1338 1561/25/1321
f 1590/24/1320 1586/58/1324 1589/27/1320
f 1538/6/1305 1590/24/1320 1560/26/1322
f 1606/1/1345 1605/2/1346 1607/3/1347
f 1617/4/1348 1622/5/1349 1591/6/1350
f 1602/7/1351 1603/8/1352 1604/9/1353
f 1591/6/1350 1596/10/1354 1597/11/1355
f 1624/12/1356 1626/13/1357 1625/14/1358
f 1633/15/1359 1632/16/1360 1631/17/1361
f 1600/18/1362 1601/19/1363 1599/20/1364
f 1603/21/1352 1602/22/1351 1600/18/1362
f 1607/3/1347 1601/19/1363 1596/23/1354
f 1643/24/1365 1614/25/1366 1613/26/1367
f 1642/27/1365 1641/28/1368 1640/29/1368
f 1598/30/1369 1599/20/1364 1601/19/1363
f 1634/31/1370 1633/15/1359 1636/32/1371
f 1607/3/1347 1598/30/1369 1601/19/1363
f 1608/33/1372 1616/34/1373 1610/35/1374
f 1634/31/1370 1636/32/1371 1635/36/1375
f 1605/2/1346 1608/33/1372 1607/3/1347
f 1607/3/1347 1613/26/1367 1606/1/1345
f 1634/31/1370 1635/36/1375 1638/37/1376
f 1630/38/1377 1625/39/1358 1628/40/1378
f 1638/37/1376 1591/6/1350 1623/41/1379
f 1625/39/1358 1626/42/1357 1628/40/1378
f 1627/43/1380 1630/38/1377 1629/44/1381
f 1642/45/1365 1612/46/1382 1611/47/1366
f 1627/43/1380 1629/44/1381 1634/31/1370
f 1621/48/1383 1620/49/1384 1619/50/1385
f 1591/6/1350 1597/11/1355 1595/51/1386
f 1637/52/1387 1633/15/1359 1631/17/1361
f 1608/33/1372 1609/53/1388 1607/3/1347
f 1622/5/1349 1623/41/1379 1591/6/1350
f 1594/54/1389 1592/55/1389 1591/6/1350
f 1643/24/1365 1591/6/1350 1638/37/1376
f 1612/56/1382 1642/27/1365 1640/29/1368
f 1642/45/1365 1615/57/1366 1614/25/1366
f 1643/24/1365 1639/58/1368 1642/27/1365
f 1591/6/1350 1643/24/1365 1613/26/1367
f 1659/1/1390 1658/2/1391 1660/3/1392
f 1670/4/1393 1675/5/1394 1644/6/1395
f 1655/7/1396 1656/8/1397 1657/9/1398
f 1644/6/1395 1649/10/1399 1650/11/1400
f 1677/12/1401 1679/13/1402 1678/14/1403
f 1686/15/1404 1685/16/1405 1684/17/1406
f 1653/18/1407 1654/19/1408 1652/20/1409
f 1656/21/1397 1655/22/1396 1653/18/1407
f 1660/3/1392 1654/19/1408 1649/23/1399
f 1696/24/1410 1667/25/1411 1666/26/1412
f 1695/27/1410 1694/28/1413 1693/29/1413
f 1651/30/1414 1652/20/1409 1654/19/1408
f 1687/31/1415 1686/15/1404 1689/32/1416
f 1660/3/1392 1651/30/1414 1654/19/1408
f 1661/33/1417 1669/34/1418 1663/35/1419
f 1687/31/1415 1689/32/1416 1688/36/1420
f 1658/2/1391 1661/33/1417 1660/3/1392
f 1660/3/1392 1666/26/1412 1659/1/1390
f 1687/31/1415 1688/36/1420 1691/37/1421
f 1683/38/1422 1678/39/1403 1681/40/1423
f 1691/37/1421 1644/6/1395 1676/41/1424
f 1678/39/1403 1679/42/1402 1681/40/1423
f 1680/43/1425 1683/38/1422 1682/44/1426
f 1695/45/1410 1665/46/1410 1664/47/1411
f 1680/43/1425 1682/44/1426 1687/31/1415
f 1674/48/1427 1673/49/1428 1672/50/1429
f 1644/6/1395 1650/11/1400 1648/51/1430
f 1690/52/1431 1686/15/1404 1684/17/1406
f 1661/33/1417 1662/53/1432 1660/3/1392
f 1675/5/1394 1676/41/1424 1644/6/1395
f 1647/54/1433 1645/55/1433 1644/6/1395
f 1696/24/1410 1644/6/1395 1691/37/1421
f 1665/56/1410 1695/27/1410 1693/29/1413
f 1695/45/1410 1668/57/1411 1667/25/1411
f 1696/24/1410 1692/58/1413 1695/27/1410
f 1644/6/1395 1696/24/1410 1666/26/1412
f 1712/1/1434 1711/2/1435 1713/3/1436
f 1723/4/1437 1728/5/1438 1697/6/1439
f 1708/7/1440 1709/8/1441 1710/9/1442
f 1697/6/1439 1702/10/1443 1703/11/1444
f 1730/12/1445 1732/13/1446 1731/14/1447
f 1739/15/1448 1738/16/1449 1737/17/1450
f 1706/18/1451 1707/19/1452 1705/20/1453
f 1709/21/1441 1708/22/1440 1706/18/1451
f 1713/3/1436 1707/19/1452 1702/23/1443
f 1749/24/1454 1720/25/1455 1719/26/1456
f 1748/27/1454 1747/28/1457 1746/29/1458
f 1704/30/1459 1705/20/1453 1707/19/1452
f 1740/31/1460 1739/15/1448 1742/32/1461
f 1713/3/1436 1704/30/1459 1707/19/1452
f 1714/33/1462 1722/34/1463 1716/35/1464
f 1740/31/1460 1742/32/1461 1741/36/1465
f 1711/2/1435 1714/33/1462 1713/3/1436
f 1713/3/1436 1719/26/1456 1712/1/1434
f 1740/31/1460 1741/36/1465 1744/37/1466
f 1736/38/1467 1731/39/1447 1734/40/1468
f 1744/37/1466 1697/6/1439 1729/41/1469
f 1731/39/1447 1732/42/1446 1734/40/1468
f 1733/43/1470 1736/38/1467 1735/44/1471
f 1748/45/1454 1718/46/1454 1717/47/1472
f 1733/43/1470 1735/44/1471 1740/31/1460
f 1727/48/1473 1726/49/1474 1725/50/1474
f 1697/6/1439 1703/11/1444 1701/51/1475
f 1743/52/1476 1739/15/1448 1737/17/1450
f 1714/33/1462 1715/53/1477 1713/3/1436
f 1728/5/1438 1729/41/1469 1697/6/1439
f 1700/54/1478 1698/55/1478 1697/6/1439
f 1749/24/1454 1697/6/1439 1744/37/1466
f 1718/56/1454 1748/27/1454 1746/29/1458
f 1748/45/1454 1721/57/1479 1720/25/1455
f 1749/24/1454 1745/58/1458 1748/27/1454
f 1697/6/1439 1749/24/1454 1719/26/1456
f 1765/1/1480 1764/2/1481 1766/3/1482
f 1776/4/1483 1781/5/1484 1750/6/1485
f 1761/7/1486 1762/8/1487 1763/9/1488
f 1750/6/1485 1755/10/1489 1756/11/1490
f 1783/12/1491 1785/13/1492 1784/14/1493
f 1792/15/1494 1791/16/1495 1790/17/1496
f 1759/18/1497 1760/19/1498 1758/20/1499
f 1762/21/1487 1761/22/1486 1759/18/1497
f 1766/3/1482 1760/19/1498 1755/23/1489
f 1802/24/1500 1773/25/1501 1772/26/1502
f 1801/27/1500 1800/28/1503 1799/29/1503
f 1757/30/1504 1758/20/1499 1760/19/1498
f 1793/31/1505 1792/15/1494 1795/32/1506
f 1766/3/1482 1757/30/1504 1760/19/1498
f 1767/33/1507 1775/34/1508 1769/35/1509
f 1793/31/1505 1795/32/1506 1794/36/1510
f 1764/2/1481 1767/33/1507 1766/3/1482
f 1766/3/1482 1772/26/1502 1765/1/1480
f 1793/31/1505 1794/36/1510 1797/37/1511
f 1789/38/1512 1784/39/1493 1787/40/1513
f 1797/37/1511 1750/6/1485 1782/41/1514
f 1784/39/1493 1785/42/1492 1787/40/1513
f 1786/43/1515 1789/38/1512 1788/44/1516
f 1801/45/1500 1771/46/1500 1770/47/1501
f 1786/43/1515 1788/44/1516 1793/31/1505
f 1780/48/1517 1779/49/1518 1778/50/1518
f 1750/6/1485 1756/11/1490 1754/51/1519
f 1796/52/1520 1792/15/1494 1790/17/1496
f 1767/33/1507 1768/53/1521 1766/3/1482
f 1781/5/1484 1782/41/1514 1750/6/1485
f 1753/54/1522 1751/55/1523 1750/6/1485
f 1802/24/1500 1750/6/1485 1797/37/1511
f 1771/56/1500 1801/27/1500 1799/29/1503
f 1801/45/1500 1774/57/1501 1773/25/1501
f 1802/24/1500 1798/58/1503 1801/27/1500
f 1750/6/1485 1802/24/1500 1772/26/1502
f 1818/1/1524 1817/2/1525 1819/3/1526
f 1829/4/1527 1834/5/1528 1803/6/1529
f 1814/7/1530 1815/8/1531 1816/9/1532
f 1803/6/1529 1808/10/1533 1809/11/1534
f 1836/12/1535 1838/13/1536 1837/14/1537
f 1845/15/1538 1844/16/1539 1843/17/1540
f 1812/18/1541 1813/19/1542 1811/20/1543
f 1815/21/1531 1814/22/1530 1812/18/1541
f 1819/3/1526 1813/19/1542 1808/23/1533
f 1855/24/1544 1826/25/1545 1825/26/1546
f 1854/27/1544 1853/28/1547 1852/29/1547
f 1810/30/1548 1811/20/1543 1813/19/1542
f 1846/31/1549 1845/15/1538 1848/32/1550
f 1819/3/1526 1810/30/1548 1813/19/1542
f 1820/33/1551 1828/34/1552 1822/35/1553
f 1846/31/1549 1848/32/1550 1847/36/1554
f 1817/2/1525 1820/33/1551 1819/3/1526
f 1819/3/1526 1825/26/1546 1818/1/1524
f 1846/31/1549 1847/36/1554 1850/37/1555
f 1842/38/1556 1837/39/1537 1840/40/1557
f 1850/37/1555 1803/6/1529 1835/41/1558
f 1837/39/1537 1838/42/1536 1840/40/1557
f 1839/43/1559 1842/38/1556 1841/44/1560
f 1854/45/1544 1824/46/1544 1823/47/1545
f 1839/43/1559 1841/44/1560 1846/31/1549
f 1833/48/1561 1832/49/1562 1831/50/1562
f 1803/6/1529 1809/11/1534 1807/51/1563
f 1849/52/1564 1845/15/1538 1843/17/1540
f 1820/33/1551 1821/53/1565 1819/3/1526
f 1834/5/1528 1835/41/1558 1803/6/1529
f 1806/54/1566 1804/55/1566 1803/6/1529
f 1855/24/1544 1803/6/1529 1850/37/1555
f 1824/56/1544 1854/27/1544 1852/29/1547
f 1854/45/1544 1827/57/1545 1826/25/1545
f 1855/24/1544 1851/58/1547 1854/27/1544
f 1803/6/1529 1855/24/1544 1825/26/1546
f 1871/1/1567 1870/2/1568 1872/3/1569
f 1882/4/1570 1887/5/1571 1856/6/1572
f 1867/7/1573 1868/8/1574 1869/9/1575
f 1856/6/1572 1861/10/1576 1862/11/1577
f 1889/12/1578 1891/13/1579 1890/14/1580
f 1898/15/1581 1897/16/1582 1896/17/1583
f 1865/18/1584 1866/19/1585 1864/20/1586
f 1868/21/1574 1867/22/1573 1865/18/1584
f 1872/3/1569 1866/19/1585 1861/23/1576
f 1908/24/1587 1879/25/1588 1878/26/1589
f 1907/27/1587 1906/28/1590 1905/29/1591
f 1863/30/1592 1864/20/1586 1866/19/1585
f 1899/31/1593 1898/15/1581 1901/32/1594
f 1872/3/1569 1863/30/1592 1866/19/1585
f 1873/33/1595 1881/34/1596 1875/35/1597
f 1899/31/1593 1901/32/1594 1900/36/1598
f 1870/2/1568 1873/33/1595 1872/3/1569
f 1872/3/1569 1878/26/1589 1871/1/1567
f 1899/31/1593 1900/36/1598 1903/37/1599
f 1895/38/1600 1890/39/1580 1893/40/1601
f 1903/37/1599 1856/6/1572 1888/41/1602
f 1890/39/1580 1891/42/1579 1893/40/1601
f 1892/43/1603 1895/38/1600 1894/44/1604
f 1907/45/1587 1877/46/1587 1876/47/1605
f 1892/43/1603 1894/44/1604 1899/31/1593
f 1886/48/1606 1885/49/1607 1884/50/1607
f 1856/6/1572 1862/11/1577 1860/51/1608
f 1902/52/1609 1898/15/1581 1896/17/1583
f 1873/33/1595 1874/53/1610 1872/3/1569
f 1887/5/1571 1888/41/1602 1856/6/1572
f 1859/54/1611 1857/55/1612 1856/6/1572
f 1908/24/1587 1856/6/1572 1903/37/1599
f 1877/56/1587 1907/27/1587 1905/29/1591
f 1907/45/1587 1880/57/1605 1879/25/1588
f 1908/24/1587 1904/58/1590 1907/27/1587
f 1856/6/1572 1908/24/1587 1878/26/1589
f 1924/1/1613 1923/2/1614 1925/3/1615
f 1935/4/1616 1940/5/1617 1909/6/1618
f 1920/7/1619 1921/8/1620 1922/9/1621
f 1909/6/1618 1914/10/1622 1915/11/1623
f 1942/12/1624 1944/13/1625 1943/14/1626
f 1951/15/1627 1950/16/1628 1949/17/1629
f 1918/18/1630 1919/19/1631 1917/20/1632
f 1921/21/1620 1920/22/1619 1918/18/1630
f 1925/3/1615 1919/19/1631 1914/23/1622
f 1961/24/1633 1932/25/1634 1931/26/1635
f 1960/27/1633 1959/28/1636 1958/29/1637
f 1916/30/1638 1917/20/1632 1919/19/1631
f 1952/31/1639 1951/15/1627 1954/32/1640
f 1925/3/1615 1916/30/1638 1919/19/1631
f 1926/33/1641 1934/34/1642 1928/35/1643
f 1952/31/1639 1954/32/1640 1953/36/1644
f 1923/2/1614 1926/33/1641 1925/3/1615
f 1925/3/1615 1931/26/1635 1924/1/1613
f 1952/31/1639 1953/36/1644 1956/37/1645
f 1948/38/1646 1943/39/1626 1946/40/1647
f 1956/37/1645 1909/6/1618 1941/41/1648
f 1943/39/1626 1944/42/1625 1946/40/1647
f 1945/43/1649 1948/38/1646 1947/44/1650
f 1960/45/1633 1930/46/1651 1929/47/1634
f 1945/43/1649 1947/44/1650 1952/31/1639
f 1939/48/1652 1938/49/1653 1937/50/1653
f 1909/6/1618 1915/11/1623 1913/51/1654
f 1955/52/1655 1951/15/1627 1949/17/1629
f 1926/33/1641 1927/53/1656 1925/3/1615
f 1940/5/1617 1941/41/1648 1909/6/1618
f 1912/54/1657 1910/55/1657 1909/6/1618
f 1961/24/1633 1909/6/1618 1956/37/1645
f 1930/56/1651 1960/27/1633 1958/29/1637
f 1960/45/1633 1933/57/1634 1932/25/1634
f 1961/24/1633 1957/58/1658 1960/27/1633
f 1909/6/1618 1961/24/1633 1931/26/1635
f 1977/1/1659 1976/2/1660 1978/3/1661
f 1988/4/1662 1993/5/1663 1962/6/1664
f 1973/7/1665 1974/8/1666 1975/9/1667
f 1962/6/1664 1967/10/1668 1968/11/1669
f 1995/12/1670 1997/13/1671 1996/14/1672
f 2004/15/1673 2003/16/1674 2002/17/1675
f 1971/18/1676 1972/19/1677 1970/20/1678
f 1974/21/1666 1973/22/1665 1971/18/1676
f 1978/3/1661 1972/19/1677 1967/23/1668
f 2014/24/1679 1985/25/1680 1984/26/1681
f 2013/27/1679 2012/28/1682 2011/29/1683
f 1969/30/1684 1970/20/1678 1972/19/1677
f 2005/31/1685 2004/15/1673 2007/32/1686
f 1978/3/1661 1969/30/1684 1972/19/1677
f 1979/33/1687 1987/34/1688 1981/35/1689
f 2005/31/1685 2007/32/1686 2006/36/1690
f 1976/2/1660 1979/33/1687 1978/3/1661
f 1978/3/1661 1984/26/1681 1977/1/1659
f 2005/31/1685 2006/36/1690 2009/37/1691
f 2001/38/1692 1996/39/1672 1999/40/1693
f 2009/37/1691 1962/6/1664 1994/41/1694
f 1996/39/1672 1997/42/1671 1999/40/1693
f 1998/43/1695 2001/38/1692 2000/44/1696
f 2013/45/1679 1983/46/1697 1982/47/1680
f 1998/43/1695 2000/44/1696 2005/31/1685
f 1992/48/1698 1991/49/1699 1990/50/1699
f 1962/6/1664 1968/11/1669 1966/51/1700
f 2008/52/1701 2004/15/1673 2002/17/1675
f 1979/33/1687 1980/53/1702 1978/3/1661
f 1993/5/1663 1994/41/1694 1962/6/1664
f 1965/54/1703 1963/55/1703 1962/6/1664
f 2014/24/1679 1962/6/1664 2009/37/1691
f 1983/56/1697 2013/27/1679 2011/29/1683
f 2013/45/1679 1986/57/1680 1985/25/1680
f 2014/24/1679 2010/58/1682 2013/27/1679
f 1962/6/1664 2014/24/1679 1984/26/1681
f 2030/1/1704 2029/2/1705 2031/3/1706
f 2041/4/1707 2046/5/1708 2015/6/1709
f 2026/7/1710 2027/8/1711 2028/9/1712
f 2015/6/1709 2020/10/1713 2021/11/1714
f 2048/12/1715 2050/13/1716 2049/14/1717
f 2057/15/1718 2056/16/1719 2055/17/1720
f 2024/18/1721 2025/19/1722 2023/20/1723
f 2027/21/1711 2026/22/1710 2024/18/1721
f 2031/3/1706 2025/19/1722 2020/23/1713
f 2067/24/1724 2038/25/1725 2037/26/1726
f 2066/27/1724 2065/28/1727 2064/29/1727
f 2022/30/1728 2023/20/1723 2025/19/1722
f 2058/31/1729 2057/15/1718 2060/32/1730
f 2031/3/1706 2022/30/1728 2025/19/1722
f 2032/33/1731 2040/34/1732 2034/35/1733
f 2058/31/1729 2060/32/1730 2059/36/1734
f 2029/2/1705 2032/33/1731 2031/3/1706
f 2031/3/1706 2037/26/1726 2030/1/1704
f 2058/31/1729 2059/36/1734 2062/37/1735
f 2054/38/1736 2049/39/1717 2052/40/1737
f 2062/37/1735 2015/6/1709 2047/41/1738
f 2049/39/1717 2050/42/1716 2052/40/1737
f 2051/43/1739 2054/38/1736 2053/44/1740
f 2066/45/1724 2036/46/1724 2035/47/1725
f 2051/43/1739 2053/44/1740 2058/31/1729
f 2045/48/1741 2044/49/1742 2043/50/1742
f 2015/6/1709 2021/11/1714 2019/51/1743
f 2061/52/1744 2057/15/1718 2055/17/1720
f 2032/33/1731 2033/53/1745 2031/3/1706
f 2046/5/1708 2047/41/1738 2015/6/1709
f 2018/54/1746 2016/55/1746 2015/6/1709
f 2067/24/1724 2015/6/1709 2062/37/1735
f 2036/56/1724 2066/27/1724 2064/29/1727
f 2066/45/1724 2039/57/1725 2038/25/1725
f 2067/24/1724 2063/58/1727 2066/27/1724
f 2015/6/1709 2067/24/1724 2037/26/1726
f 2083/1/1747 2082/2/1748 2084/3/1749
f 2094/4/1750 2099/5/1751 2068/6/1752
f 2079/7/1753 2080/8/1754 2081/9/1755
f 2068/6/1752 2073/10/1756 2074/11/1757
f 2101/12/1758 2103/13/1759 2102/14/1760
f 2110/15/1761 2109/16/1762 2108/17/1763
f 2077/18/1764 2078/19/1765 2076/20/1766
f 2080/21/1754 2079/22/1753 2077/18/1764
f 2084/3/1749 2078/19/1765 2073/23/1756
f 2120/24/1767 2091/25/1768 2090/26/1769
f 2119/27/1767 2118/28/1770 2117/29/1770
f 2075/30/1771 2076/20/1766 2078/19/1765
f 2111/31/1772 2110/15/1761 2113/32/1773
f 2084/3/1749 2075/30/1771 2078/19/1765
f 2085/33/1774 2093/34/1775 2087/35/1776
f 2111/31/1772 2113/32/1773 2112/36/1777
f 2082/2/1748 2085/33/1774 2084/3/1749
f 2084/3/1749 2090/26/1769 2083/1/1747
f 2111/31/1772 2112/36/1777 2115/37/1778
f 2107/38/1779 2102/39/1760 2105/40/1780
f 2115/37/1778 2068/6/1752 2100/41/1781
f 2102/39/1760 2103/42/1759 2105/40/1780
f 2104/43/1782 2107/38/1779 2106/44/1783
f 2119/45/1767 2089/46/1767 2088/47/1784
f 2104/43/1782 2106/44/1783 2111/31/1772
f 2098/48/1785 2097/49/1786 2096/50/1786
f 2068/6/1752 2074/11/1757 2072/51/1787
f 2114/52/1788 2110/15/1761 2108/17/1763
f 2085/33/1774 2086/53/1789 2084/3/1749
f 2099/5/1751 2100/41/1781 2068/6/1752
f 2071/54/1790 2069/55/1790 2068/6/1752
f 2120/24/1767 2068/6/1752 2115/37/1778
f 2089/56/1767 2119/27/1767 2117/29/1770
f 2119/45/1767 2092/57/1768 2091/25/1768
f 2120/24/1767 2116/58/1770 2119/27/1767
f 2068/6/1752 2120/24/1767 2090/26/1769
f 43/15/15 44/31/26 42/16/16
f 10/18/18 12/22/7 11/19/19
f 1/6/6 23/26/23 6/23/10
f 23/26/23 17/3/3 6/23/10
f 53/24/21 52/45/21 24/25/22
f 52/27/21 49/58/44 51/28/24
f 40/38/33 37/43/36 35/39/14
f 37/43/36 44/31/26 33/41/35
f 44/31/26 48/37/32 33/41/35
f 29/50/39 28/59/39 1/6/6
f 28/59/39 27/4/4 1/6/6
f 1/6/6 31/48/38 29/50/39
f 18/33/28 20/35/30 19/53/42
f 3/60/43 31/61/38 2/55/43
f 31/61/38 1/6/6 2/55/43
f 1/6/6 5/51/40 4/54/43
f 52/45/21 21/47/22 25/57/22
f 53/24/21 48/37/32 49/58/44
f 96/15/59 97/31/71 95/16/60
f 63/18/62 65/22/51 64/19/63
f 54/6/50 76/26/67 59/23/54
f 76/26/67 70/3/47 59/23/54
f 106/24/65 105/45/65 77/25/66
f 105/27/65 102/58/68 104/28/68
f 93/38/78 90/43/81 88/39/58
f 90/43/81 97/31/71 86/41/80
f 97/31/71 101/37/77 86/41/80
f 82/50/85 81/59/1791 54/6/50
f 81/59/1791 80/4/48 54/6/50
f 54/6/50 84/48/83 82/50/85
f 71/33/73 73/35/75 72/53/88
f 56/60/1792 84/61/83 55/55/89
f 84/61/83 54/6/50 55/55/89
f 54/6/50 58/51/86 57/54/89
f 105/45/65 74/47/66 78/57/90
f 106/24/65 101/37/77 102/58/68
f 149/15/105 150/31/116 148/16/106
f 116/18/108 118/22/97 117/19/109
f 107/6/96 129/26/113 112/23/100
f 129/26/113 123/3/93 112/23/100
f 159/24/111 158/45/111 130/25/112
f 158/27/111 155/58/114 157/28/114
f 146/38/123 143/43/126 141/39/104
f 143/43/126 150/31/116 139/41/125
f 150/31/116 154/37/122 139/41/125
f 135/50/129 134/59/129 107/6/96
f 134/59/129 133/4/94 107/6/96
f 107/6/96 137/48/128 135/50/129
f 124/33/118 126/35/120 125/53/132
f 109/60/133 137/61/128 108/55/133
f 137/61/128 107/6/96 108/55/133
f 107/6/96 111/51/130 110/54/133
f 158/45/111 127/47/112 131/57/112
f 159/24/111 154/37/122 155/58/114
f 202/15/148 203/31/159 201/16/149
f 169/18/151 171/22/140 170/19/152
f 160/6/139 182/26/156 165/23/143
f 182/26/156 176/3/136 165/23/143
f 212/24/154 211/45/154 183/25/155
f 211/27/154 208/58/177 210/28/157
f 199/38/166 196/43/169 194/39/147
f 196/43/169 203/31/159 192/41/168
f 203/31/159 207/37/165 192/41/168
f 188/50/172 187/59/172 160/6/139
f 187/59/172 186/4/137 160/6/139
f 160/6/139 190/48/171 188/50/172
f 177/33/161 179/35/163 178/53/175
f 162/60/176 190/61/171 161/55/176
f 190/61/171 160/6/139 161/55/176
f 160/6/139 164/51/173 163/54/176
f 211/45/154 180/47/155 184/57/155
f 212/24/154 207/37/165 208/58/177
f 255/15/192 256/31/203 254/16/193
f 222/18/195 224/22/184 223/19/196
f 213/6/183 235/26/200 218/23/187
f 235/26/200 229/3/180 218/23/187
f 265/24/198 264/45/198 236/25/199
f 264/27/198 261/58/201 263/28/201
f 252/38/210 249/43/213 247/39/191
f 249/43/213 256/31/203 245/41/212
f 256/31/203 260/37/209 245/41/212
f 241/50/216 240/59/216 213/6/183
f 240/59/216 239/4/181 213/6/183
f 213/6/183 243/48/215 241/50/216
f 230/33/205 232/35/207 231/53/219
f 215/60/220 243/61/215 214/55/220
f 243/61/215 213/6/183 214/55/220
f 213/6/183 217/51/217 216/54/220
f 264/45/198 233/47/199 237/57/221
f 265/24/198 260/37/209 261/58/201
f 308/15/236 309/31/247 307/16/237
f 275/18/239 277/22/228 276/19/240
f 266/6/227 288/26/244 271/23/231
f 288/26/244 282/3/224 271/23/231
f 318/24/242 317/45/242 289/25/243
f 317/27/242 314/58/245 316/28/245
f 305/38/254 302/43/257 300/39/235
f 302/43/257 309/31/247 298/41/256
f 309/31/247 313/37/253 298/41/256
f 294/50/263 293/59/262 266/6/227
f 293/59/262 292/4/225 266/6/227
f 266/6/227 296/48/261 294/50/263
f 283/33/249 285/35/251 284/53/266
f 268/60/267 296/61/261 267/55/267
f 296/61/261 266/6/227 267/55/267
f 266/6/227 270/51/264 269/54/267
f 317/45/242 286/47/260 290/57/243
f 318/24/242 313/37/253 314/58/245
f 361/15/282 362/31/294 360/16/283
f 328/18/285 330/22/274 329/19/286
f 319/6/273 341/26/290 324/23/277
f 341/26/290 335/3/270 324/23/277
f 371/24/288 370/45/288 342/25/289
f 370/27/288 367/58/292 369/28/291
f 358/38/301 355/43/304 353/39/281
f 355/43/304 362/31/294 351/41/303
f 362/31/294 366/37/300 351/41/303
f 347/50/307 346/59/307 319/6/273
f 346/59/307 345/4/271 319/6/273
f 319/6/273 349/48/306 347/50/307
f 336/33/296 338/35/298 337/53/310
f 321/60/311 349/61/306 320/55/311
f 349/61/306 319/6/273 320/55/311
f 319/6/273 323/51/308 322/54/311
f 370/45/288 339/47/289 343/57/289
f 371/24/288 366/37/300 367/58/292
f 414/15/326 415/31/338 413/16/327
f 381/18/329 383/22/318 382/19/330
f 372/6/317 394/26/334 377/23/321
f 394/26/334 388/3/314 377/23/321
f 424/24/332 423/45/332 395/25/333
f 423/27/332 420/58/336 422/28/335
f 411/38/345 408/43/348 406/39/325
f 408/43/348 415/31/338 404/41/347
f 415/31/338 419/37/344 404/41/347
f 400/50/352 399/59/352 372/6/317
f 399/59/352 398/4/315 372/6/317
f 372/6/317 402/48/351 400/50/352
f 389/33/340 391/35/342 390/53/355
f 374/60/1793 402/61/351 373/55/356
f 402/61/351 372/6/317 373/55/356
f 372/6/317 376/51/353 375/54/356
f 423/45/332 392/47/350 396/57/333
f 424/24/332 419/37/344 420/58/336
f 467/15/371 468/31/382 466/16/372
f 434/18/374 436/22/363 435/19/375
f 425/6/362 447/26/379 430/23/366
f 447/26/379 441/3/359 430/23/366
f 477/24/377 476/45/377 448/25/378
f 476/27/377 473/58/401 475/28/380
f 464/38/389 461/43/392 459/39/370
f 461/43/392 468/31/382 457/41/391
f 468/31/382 472/37/388 457/41/391
f 453/50/396 452/59/396 425/6/362
f 452/59/396 451/4/360 425/6/362
f 425/6/362 455/48/395 453/50/396
f 442/33/384 444/35/386 443/53/399
f 427/60/1794 455/61/395 426/55/400
f 455/61/395 425/6/362 426/55/400
f 425/6/362 429/51/397 428/54/400
f 476/45/377 445/47/394 449/57/394
f 477/24/377 472/37/388 473/58/401
f 520/15/416 521/31/428 519/16/417
f 487/18/419 489/22/408 488/19/420
f 478/6/407 500/26/424 483/23/411
f 500/26/424 494/3/404 483/23/411
f 530/24/422 529/45/422 501/25/423
f 529/27/422 526/58/426 528/28/425
f 517/38/435 514/43/438 512/39/415
f 514/43/438 521/31/428 510/41/437
f 521/31/428 525/37/434 510/41/437
f 506/50/441 505/59/441 478/6/407
f 505/59/441 504/4/405 478/6/407
f 478/6/407 508/48/440 506/50/441
f 495/33/430 497/35/432 496/53/444
f 480/60/446 508/61/440 479/55/446
f 508/61/440 478/6/407 479/55/446
f 478/6/407 482/51/442 481/54/445
f 529/45/422 498/47/423 502/57/423
f 530/24/422 525/37/434 526/58/426
f 573/15/461 574/31/473 572/16/462
f 540/18/464 542/22/453 541/19/465
f 531/6/452 553/26/469 536/23/456
f 553/26/469 547/3/449 536/23/456
f 583/24/467 582/45/467 554/25/468
f 582/27/467 579/58/470 581/28/470
f 570/38/480 567/43/483 565/39/460
f 567/43/483 574/31/473 563/41/482
f 574/31/473 578/37/479 563/41/482
f 559/50/487 558/59/487 531/6/452
f 558/59/487 557/4/450 531/6/452
f 531/6/452 561/48/486 559/50/487
f 548/33/475 550/35/477 549/53/490
f 533/60/491 561/61/486 532/55/491
f 561/61/486 531/6/452 532/55/491
f 531/6/452 535/51/488 534/54/491
f 582/45/467 551/47/468 555/57/468
f 583/24/467 578/37/479 579/58/470
f 626/15/506 627/31/518 625/16/507
f 593/18/509 595/22/498 594/19/510
f 584/6/497 606/26/514 589/23/501
f 606/26/514 600/3/494 589/23/501
f 636/24/512 635/45/512 607/25/513
f 635/27/512 632/58/516 634/28/515
f 623/38/525 620/43/528 618/39/505
f 620/43/528 627/31/518 616/41/527
f 627/31/518 631/37/524 616/41/527
f 612/50/533 611/59/533 584/6/497
f 611/59/533 610/4/495 584/6/497
f 584/6/497 614/48/532 612/50/533
f 601/33/520 603/35/522 602/53/536
f 586/60/537 614/61/532 585/55/537
f 614/61/532 584/6/497 585/55/537
f 584/6/497 588/51/534 587/54/537
f 635/45/512 604/47/531 608/57/513
f 636/24/512 631/37/524 632/58/516
f 679/15/552 680/31/563 678/16/553
f 646/18/555 648/22/544 647/19/556
f 637/6/543 659/26/560 642/23/547
f 659/26/560 653/3/540 642/23/547
f 689/24/558 688/45/558 660/25/559
f 688/27/558 685/58/561 687/28/561
f 676/38/570 673/43/573 671/39/551
f 673/43/573 680/31/563 669/41/572
f 680/31/563 684/37/569 669/41/572
f 665/50/576 664/59/576 637/6/543
f 664/59/576 663/4/541 637/6/543
f 637/6/543 667/48/575 665/50/576
f 654/33/565 656/35/567 655/53/579
f 639/60/581 667/61/575 638/55/581
f 667/61/575 637/6/543 638/55/581
f 637/6/543 641/51/577 640/54/580
f 688/45/558 657/47/559 661/57/559
f 689/24/558 684/37/569 685/58/561
f 732/15/596 733/31/608 731/16/597
f 699/18/599 701/22/588 700/19/600
f 690/6/587 712/26/604 695/23/591
f 712/26/604 706/3/584 695/23/591
f 742/24/602 741/45/602 713/25/603
f 741/27/602 738/58/605 740/28/605
f 729/38/615 726/43/618 724/39/595
f 726/43/618 733/31/608 722/41/617
f 733/31/608 737/37/614 722/41/617
f 718/50/621 717/59/621 690/6/587
f 717/59/621 716/4/585 690/6/587
f 690/6/587 720/48/620 718/50/621
f 707/33/610 709/35/612 708/53/624
f 692/60/626 720/61/620 691/55/626
f 720/61/620 690/6/587 691/55/626
f 690/6/587 694/51/622 693/54/625
f 741/45/602 710/47/603 714/57/603
f 742/24/602 737/37/614 738/58/605
f 785/15/641 786/31/653 784/16/642
f 752/18/644 754/22/633 753/19/645
f 743/6/632 765/26/649 748/23/636
f 765/26/649 759/3/629 748/23/636
f 795/24/647 794/45/647 766/25/648
f 794/27/647 791/58/673 793/28/650
f 782/38/660 779/43/663 777/39/640
f 779/43/663 786/31/653 775/41/662
f 786/31/653 790/37/659 775/41/662
f 771/50/668 770/59/667 743/6/632
f 770/59/667 769/4/630 743/6/632
f 743/6/632 773/48/666 771/50/668
f 760/33/655 762/35/657 761/53/671
f 745/60/1795 773/61/666 744/55/672
f 773/61/666 743/6/632 744/55/672
f 743/6/632 747/51/669 746/54/672
f 794/45/647 763/47/648 767/57/648
f 795/24/647 790/37/659 791/58/673
f 838/15/688 839/31/700 837/16/689
f 805/18/691 807/22/680 806/19/692
f 796/6/679 818/26/696 801/23/683
f 818/26/696 812/3/676 801/23/683
f 848/24/694 847/45/694 819/25/695
f 847/27/694 844/58/697 846/28/697
f 835/38/707 832/43/710 830/39/687
f 832/43/710 839/31/700 828/41/709
f 839/31/700 843/37/706 828/41/709
f 824/50/713 823/59/713 796/6/679
f 823/59/713 822/4/677 796/6/679
f 796/6/679 826/48/712 824/50/713
f 813/33/702 815/35/704 814/53/716
f 798/60/717 826/61/712 797/55/717
f 826/61/712 796/6/679 797/55/717
f 796/6/679 800/51/714 799/54/717
f 847/45/694 816/47/695 820/57/695
f 848/24/694 843/37/706 844/58/697
f 891/15/732 892/31/744 890/16/733
f 858/18/735 860/22/724 859/19/736
f 849/6/723 871/26/740 854/23/727
f 871/26/740 865/3/720 854/23/727
f 901/24/738 900/45/738 872/25/739
f 900/27/738 897/58/763 899/28/741
f 888/38/751 885/43/754 883/39/731
f 885/43/754 892/31/744 881/41/753
f 892/31/744 896/37/750 881/41/753
f 877/50/758 876/59/1796 849/6/723
f 876/59/1796 875/4/721 849/6/723
f 849/6/723 879/48/757 877/50/758
f 866/33/746 868/35/748 867/53/761
f 851/60/762 879/61/757 850/55/762
f 879/61/757 849/6/723 850/55/762
f 849/6/723 853/51/759 852/54/762
f 900/45/738 869/47/756 873/57/756
f 901/24/738 896/37/750 897/58/763
f 944/15/778 945/31/789 943/16/779
f 911/18/781 913/22/770 912/19/782
f 902/6/769 924/26/786 907/23/773
f 924/26/786 918/3/766 907/23/773
f 954/24/784 953/45/784 925/25/785
f 953/27/784 950/58/808 952/28/787
f 941/38/796 938/43/799 936/39/777
f 938/43/799 945/31/789 934/41/798
f 945/31/789 949/37/795 934/41/798
f 930/50/802 929/59/802 902/6/769
f 929/59/802 928/4/767 902/6/769
f 902/6/769 932/48/801 930/50/802
f 919/33/791 921/35/793 920/53/805
f 904/60/806 932/61/801 903/55/807
f 932/61/801 902/6/769 903/55/807
f 902/6/769 906/51/803 905/54/806
f 953/45/784 922/47/785 926/57/785
f 954/24/784 949/37/795 950/58/808
f 997/15/823 998/31/834 996/16/824
f 964/18/826 966/22/815 965/19/827
f 955/6/814 977/26/831 960/23/818
f 977/26/831 971/3/811 960/23/818
f 1007/24/829 1006/45/829 978/25/830
f 1006/27/829 1003/58/832 1005/28/832
f 994/38/841 991/43/844 989/39/822
f 991/43/844 998/31/834 987/41/843
f 998/31/834 1002/37/840 987/41/843
f 983/50/847 982/59/847 955/6/814
f 982/59/847 981/4/812 955/6/814
f 955/6/814 985/48/846 983/50/847
f 972/33/836 974/35/838 973/53/850
f 957/60/852 985/61/846 956/55/852
f 985/61/846 955/6/814 956/55/852
f 955/6/814 959/51/848 958/54/851
f 1006/45/829 975/47/830 979/57/830
f 1007/24/829 1002/37/840 1003/58/832
f 1050/15/867 1051/31/878 1049/16/868
f 1017/18/870 1019/22/859 1018/19/871
f 1008/6/858 1030/26/875 1013/23/862
f 1030/26/875 1024/3/855 1013/23/862
f 1060/24/873 1059/45/873 1031/25/874
f 1059/27/873 1056/58/876 1058/28/876
f 1047/38/885 1044/43/888 1042/39/866
f 1044/43/888 1051/31/878 1040/41/887
f 1051/31/878 1055/37/884 1040/41/887
f 1036/50/892 1035/59/892 1008/6/858
f 1035/59/892 1034/4/856 1008/6/858
f 1008/6/858 1038/48/891 1036/50/892
f 1025/33/880 1027/35/882 1026/53/895
f 1010/60/1797 1038/61/891 1009/55/896
f 1038/61/891 1008/6/858 1009/55/896
f 1008/6/858 1012/51/893 1011/54/896
f 1059/45/873 1028/47/890 1032/57/890
f 1060/24/873 1055/37/884 1056/58/876
f 1103/15/911 1104/31/923 1102/16/912
f 1070/18/914 1072/22/903 1071/19/915
f 1061/6/902 1083/26/919 1066/23/906
f 1083/26/919 1077/3/899 1066/23/906
f 1113/24/917 1112/45/917 1084/25/918
f 1112/27/917 1109/58/921 1111/28/920
f 1100/38/930 1097/43/933 1095/39/910
f 1097/43/933 1104/31/923 1093/41/932
f 1104/31/923 1108/37/929 1093/41/932
f 1089/50/937 1088/59/936 1061/6/902
f 1088/59/936 1087/4/900 1061/6/902
f 1061/6/902 1091/48/935 1089/50/937
f 1078/33/925 1080/35/927 1079/53/940
f 1063/60/941 1091/61/935 1062/55/941
f 1091/61/935 1061/6/902 1062/55/941
f 1061/6/902 1065/51/938 1064/54/941
f 1112/45/917 1081/47/918 1085/57/918
f 1113/24/917 1108/37/929 1109/58/921
f 1156/15/956 1157/31/967 1155/16/957
f 1123/18/959 1125/22/948 1124/19/960
f 1114/6/947 1136/26/964 1119/23/951
f 1136/26/964 1130/3/944 1119/23/951
f 1166/24/962 1165/45/962 1137/25/963
f 1165/27/962 1162/58/965 1164/28/965
f 1153/38/974 1150/43/977 1148/39/955
f 1150/43/977 1157/31/967 1146/41/976
f 1157/31/967 1161/37/973 1146/41/976
f 1142/50/981 1141/59/981 1114/6/947
f 1141/59/981 1140/4/945 1114/6/947
f 1114/6/947 1144/48/980 1142/50/981
f 1131/33/969 1133/35/971 1132/53/984
f 1116/60/985 1144/61/980 1115/55/985
f 1144/61/980 1114/6/947 1115/55/985
f 1114/6/947 1118/51/982 1117/54/985
f 1165/45/962 1134/47/979 1138/57/979
f 1166/24/962 1161/37/973 1162/58/965
f 1209/15/1000 1210/31/1013 1208/16/1001
f 1176/18/1003 1178/22/992 1177/19/1004
f 1167/6/991 1189/26/1008 1172/23/995
f 1189/26/1008 1183/3/988 1172/23/995
f 1219/24/1006 1218/45/1009 1190/25/1007
f 1218/27/1009 1215/58/1010 1217/28/1010
f 1206/38/1020 1203/43/1023 1201/39/999
f 1203/43/1023 1210/31/1013 1199/41/1022
f 1210/31/1013 1214/37/1019 1199/41/1022
f 1195/50/1027 1194/59/1798 1167/6/991
f 1194/59/1798 1193/4/989 1167/6/991
f 1167/6/991 1197/48/1026 1195/50/1027
f 1184/33/1015 1186/35/1017 1185/53/1030
f 1169/60/1031 1197/61/1026 1168/55/1031
f 1197/61/1026 1167/6/991 1168/55/1031
f 1167/6/991 1171/51/1028 1170/54/1031
f 1218/45/1009 1187/47/1025 1191/57/1007
f 1219/24/1006 1214/37/1019 1215/58/1010
f 1262/15/1046 1263/31/1057 1261/16/1047
f 1229/18/1049 1231/22/1038 1230/19/1050
f 1220/6/1037 1242/26/1054 1225/23/1041
f 1242/26/1054 1236/3/1034 1225/23/1041
f 1272/24/1052 1271/45/1052 1243/25/1053
f 1271/27/1052 1268/58/1055 1270/28/1055
f 1259/38/1064 1256/43/1067 1254/39/1045
f 1256/43/1067 1263/31/1057 1252/41/1066
f 1263/31/1057 1267/37/1063 1252/41/1066
f 1248/50/1070 1247/59/1070 1220/6/1037
f 1247/59/1070 1246/4/1035 1220/6/1037
f 1220/6/1037 1250/48/1069 1248/50/1070
f 1237/33/1059 1239/35/1061 1238/53/1073
f 1222/60/1074 1250/61/1069 1221/55/1075
f 1250/61/1069 1220/6/1037 1221/55/1075
f 1220/6/1037 1224/51/1071 1223/54/1074
f 1271/45/1052 1240/47/1053 1244/57/1053
f 1272/24/1052 1267/37/1063 1268/58/1055
f 1315/15/1090 1316/31/1101 1314/16/1091
f 1282/18/1093 1284/22/1082 1283/19/1094
f 1273/6/1081 1295/26/1098 1278/23/1085
f 1295/26/1098 1289/3/1078 1278/23/1085
f 1325/24/1096 1324/45/1096 1296/25/1097
f 1324/27/1096 1321/58/1099 1323/28/1099
f 1312/38/1108 1309/43/1111 1307/39/1089
f 1309/43/1111 1316/31/1101 1305/41/1110
f 1316/31/1101 1320/37/1107 1305/41/1110
f 1301/50/1114 1300/59/1799 1273/6/1081
f 1300/59/1799 1299/4/1079 1273/6/1081
f 1273/6/1081 1303/48/1113 1301/50/1114
f 1290/33/1103 1292/35/1105 1291/53/1117
f 1275/60/1118 1303/61/1113 1274/55/1118
f 1303/61/1113 1273/6/1081 1274/55/1118
f 1273/6/1081 1277/51/1115 1276/54/1118
f 1324/45/1096 1293/47/1097 1297/57/1097
f 1325/24/1096 1320/37/1107 1321/58/1099
f 1368/15/1133 1369/31/1145 1367/16/1134
f 1335/18/1136 1337/22/1125 1336/19/1137
f 1326/6/1124 1348/26/1141 1331/23/1128
f 1348/26/1141 1342/3/1121 1331/23/1128
f 1378/24/1139 1377/45/1142 1349/25/1140
f 1377/27/1142 1374/58/1143 1376/28/1143
f 1365/38/1152 1362/43/1155 1360/39/1132
f 1362/43/1155 1369/31/1145 1358/41/1154
f 1369/31/1145 1373/37/1151 1358/41/1154
f 1354/50/1160 1353/59/1160 1326/6/1124
f 1353/59/1160 1352/4/1122 1326/6/1124
f 1326/6/1124 1356/48/1158 1354/50/1160
f 1343/33/1147 1345/35/1149 1344/53/1163
f 1328/60/1164 1356/61/1158 1327/55/1164
f 1356/61/1158 1326/6/1124 1327/55/1164
f 1326/6/1124 1330/51/1161 1329/54/1164
f 1377/45/1142 1346/47/1157 1350/57/1157
f 1378/24/1139 1373/37/1151 1374/58/1143
f 1421/15/1179 1422/31/1191 1420/16/1180
f 1388/18/1182 1390/22/1171 1389/19/1183
f 1379/6/1170 1401/26/1187 1384/23/1174
f 1401/26/1187 1395/3/1167 1384/23/1174
f 1431/24/1185 1430/45/1185 1402/25/1186
f 1430/27/1185 1427/58/1188 1429/28/1188
f 1418/38/1198 1415/43/1201 1413/39/1178
f 1415/43/1201 1422/31/1191 1411/41/1200
f 1422/31/1191 1426/37/1197 1411/41/1200
f 1407/50/1205 1406/59/1204 1379/6/1170
f 1406/59/1204 1405/4/1168 1379/6/1170
f 1379/6/1170 1409/48/1203 1407/50/1205
f 1396/33/1193 1398/35/1195 1397/53/1208
f 1381/60/1209 1409/61/1203 1380/55/1209
f 1409/61/1203 1379/6/1170 1380/55/1209
f 1379/6/1170 1383/51/1206 1382/54/1209
f 1430/45/1185 1399/47/1186 1403/57/1186
f 1431/24/1185 1426/37/1197 1427/58/1188
f 1474/15/1224 1475/31/1235 1473/16/1225
f 1441/18/1227 1443/22/1216 1442/19/1228
f 1432/6/1215 1454/26/1232 1437/23/1219
f 1454/26/1232 1448/3/1212 1437/23/1219
f 1484/24/1230 1483/45/1230 1455/25/1231
f 1483/27/1230 1480/58/1253 1482/28/1233
f 1471/38/1242 1468/43/1245 1466/39/1223
f 1468/43/1245 1475/31/1235 1464/41/1244
f 1475/31/1235 1479/37/1241 1464/41/1244
f 1460/50/1248 1459/59/1800 1432/6/1215
f 1459/59/1800 1458/4/1213 1432/6/1215
f 1432/6/1215 1462/48/1247 1460/50/1248
f 1449/33/1237 1451/35/1239 1450/53/1251
f 1434/60/1252 1462/61/1247 1433/55/1252
f 1462/61/1247 1432/6/1215 1433/55/1252
f 1432/6/1215 1436/51/1249 1435/54/1252
f 1483/45/1230 1452/47/1231 1456/57/1231
f 1484/24/1230 1479/37/1241 1480/58/1253
f 1527/15/1268 1528/31/1279 1526/16/1269
f 1494/18/1271 1496/22/1260 1495/19/1272
f 1485/6/1259 1507/26/1276 1490/23/1263
f 1507/26/1276 1501/3/1256 1490/23/1263
f 1537/24/1274 1536/45/1274 1508/25/1275
f 1536/27/1274 1533/58/1299 1535/28/1277
f 1524/38/1286 1521/43/1289 1519/39/1267
f 1521/43/1289 1528/31/1279 1517/41/1288
f 1528/31/1279 1532/37/1285 1517/41/1288
f 1513/50/1293 1512/59/1293 1485/6/1259
f 1512/59/1293 1511/4/1257 1485/6/1259
f 1485/6/1259 1515/48/1292 1513/50/1293
f 1502/33/1281 1504/35/1283 1503/53/1296
f 1487/60/1297 1515/61/1292 1486/55/1297
f 1515/61/1292 1485/6/1259 1486/55/1297
f 1485/6/1259 1489/51/1294 1488/54/1297
f 1536/45/1274 1505/47/1291 1509/57/1298
f 1537/24/1274 1532/37/1285 1533/58/1299
f 1580/15/1314 1581/31/1326 1579/16/1315
f 1547/18/1317 1549/22/1306 1548/19/1318
f 1538/6/1305 1560/26/1322 1543/23/1309
f 1560/26/1322 1554/3/1302 1543/23/1309
f 1590/24/1320 1589/45/1320 1561/25/1321
f 1589/27/1320 1586/58/1324 1588/28/1323
f 1577/38/1333 1574/43/1336 1572/39/1313
f 1574/43/1336 1581/31/1326 1570/41/1335
f 1581/31/1326 1585/37/1332 1570/41/1335
f 1566/50/1340 1565/59/1340 1538/6/1305
f 1565/59/1340 1564/4/1303 1538/6/1305
f 1538/6/1305 1568/48/1339 1566/50/1340
f 1555/33/1328 1557/35/1330 1556/53/1343
f 1540/60/1344 1568/61/1339 1539/55/1344
f 1568/61/1339 1538/6/1305 1539/55/1344
f 1538/6/1305 1542/51/1341 1541/54/1344
f 1589/45/1320 1558/47/1338 1562/57/1338
f 1590/24/1320 1585/37/1332 1586/58/1324
f 1633/15/1359 1634/31/1370 1632/16/1360
f 1600/18/1362 1602/22/1351 1601/19/1363
f 1591/6/1350 1613/26/1367 1596/23/1354
f 1613/26/1367 1607/3/1347 1596/23/1354
f 1643/24/1365 1642/45/1365 1614/25/1366
f 1642/27/1365 1639/58/1368 1641/28/1368
f 1630/38/1377 1627/43/1380 1625/39/1358
f 1627/43/1380 1634/31/1370 1623/41/1379
f 1634/31/1370 1638/37/1376 1623/41/1379
f 1619/50/1385 1618/59/1384 1591/6/1350
f 1618/59/1384 1617/4/1348 1591/6/1350
f 1591/6/1350 1621/48/1383 1619/50/1385
f 1608/33/1372 1610/35/1374 1609/53/1388
f 1593/60/1389 1621/61/1383 1592/55/1389
f 1621/61/1383 1591/6/1350 1592/55/1389
f 1591/6/1350 1595/51/1386 1594/54/1389
f 1642/45/1365 1611/47/1366 1615/57/1366
f 1643/24/1365 1638/37/1376 1639/58/1368
f 1686/15/1404 1687/31/1415 1685/16/1405
f 1653/18/1407 1655/22/1396 1654/19/1408
f 1644/6/1395 1666/26/1412 1649/23/1399
f 1666/26/1412 1660/3/1392 1649/23/1399
f 1696/24/1410 1695/45/1410 1667/25/1411
f 1695/27/1410 1692/58/1413 1694/28/1413
f 1683/38/1422 1680/43/1425 1678/39/1403
f 1680/43/1425 1687/31/1415 1676/41/1424
f 1687/31/1415 1691/37/1421 1676/41/1424
f 1672/50/1429 1671/59/1428 1644/6/1395
f 1671/59/1428 1670/4/1393 1644/6/1395
f 1644/6/1395 1674/48/1427 1672/50/1429
f 1661/33/1417 1663/35/1419 1662/53/1432
f 1646/60/1433 1674/61/1427 1645/55/1433
f 1674/61/1427 1644/6/1395 1645/55/1433
f 1644/6/1395 1648/51/1430 1647/54/1433
f 1695/45/1410 1664/47/1411 1668/57/1411
f 1696/24/1410 1691/37/1421 1692/58/1413
f 1739/15/1448 1740/31/1460 1738/16/1449
f 1706/18/1451 1708/22/1440 1707/19/1452
f 1697/6/1439 1719/26/1456 1702/23/1443
f 1719/26/1456 1713/3/1436 1702/23/1443
f 1749/24/1454 1748/45/1454 1720/25/1455
f 1748/27/1454 1745/58/1458 1747/28/1457
f 1736/38/1467 1733/43/1470 1731/39/1447
f 1733/43/1470 1740/31/1460 1729/41/1469
f 1740/31/1460 1744/37/1466 1729/41/1469
f 1725/50/1474 1724/59/1474 1697/6/1439
f 1724/59/1474 1723/4/1437 1697/6/1439
f 1697/6/1439 1727/48/1473 1725/50/1474
f 1714/33/1462 1716/35/1464 1715/53/1477
f 1699/60/1478 1727/61/1473 1698/55/1478
f 1727/61/1473 1697/6/1439 1698/55/1478
f 1697/6/1439 1701/51/1475 1700/54/1478
f 1748/45/1454 1717/47/1472 1721/57/1479
f 1749/24/1454 1744/37/1466 1745/58/1458
f 1792/15/1494 1793/31/1505 1791/16/1495
f 1759/18/1497 1761/22/1486 1760/19/1498
f 1750/6/1485 1772/26/1502 1755/23/1489
f 1772/26/1502 1766/3/1482 1755/23/1489
f 1802/24/1500 1801/45/1500 1773/25/1501
f 1801/27/1500 1798/58/1503 1800/28/1503
f 1789/38/1512 1786/43/1515 1784/39/1493
f 1786/43/1515 1793/31/1505 1782/41/1514
f 1793/31/1505 1797/37/1511 1782/41/1514
f 1778/50/1518 1777/59/1518 1750/6/1485
f 1777/59/1518 1776/4/1483 1750/6/1485
f 1750/6/1485 1780/48/1517 1778/50/1518
f 1767/33/1507 1769/35/1509 1768/53/1521
f 1752/60/1523 1780/61/1517 1751/55/1523
f 1780/61/1517 1750/6/1485 1751/55/1523
f 1750/6/1485 1754/51/1519 1753/54/1522
f 1801/45/1500 1770/47/1501 1774/57/1501
f 1802/24/1500 1797/37/1511 1798/58/1503
f 1845/15/1538 1846/31/1549 1844/16/1539
f 1812/18/1541 1814/22/1530 1813/19/1542
f 1803/6/1529 1825/26/1546 1808/23/1533
f 1825/26/1546 1819/3/1526 1808/23/1533
f 1855/24/1544 1854/45/1544 1826/25/1545
f 1854/27/1544 1851/58/1547 1853/28/1547
f 1842/38/1556 1839/43/1559 1837/39/1537
f 1839/43/1559 1846/31/1549 1835/41/1558
f 1846/31/1549 1850/37/1555 1835/41/1558
f 1831/50/1562 1830/59/1562 1803/6/1529
f 1830/59/1562 1829/4/1527 1803/6/1529
f 1803/6/1529 1833/48/1561 1831/50/1562
f 1820/33/1551 1822/35/1553 1821/53/1565
f 1805/60/1566 1833/61/1561 1804/55/1566
f 1833/61/1561 1803/6/1529 1804/55/1566
f 1803/6/1529 1807/51/1563 1806/54/1566
f 1854/45/1544 1823/47/1545 1827/57/1545
f 1855/24/1544 1850/37/1555 1851/58/1547
f 1898/15/1581 1899/31/1593 1897/16/1582
f 1865/18/1584 1867/22/1573 1866/19/1585
f 1856/6/1572 1878/26/1589 1861/23/1576
f 1878/26/1589 1872/3/1569 1861/23/1576
f 1908/24/1587 1907/45/1587 1879/25/1588
f 1907/27/1587 1904/58/1590 1906/28/1590
f 1895/38/1600 1892/43/1603 1890/39/1580
f 1892/43/1603 1899/31/1593 1888/41/1602
f 1899/31/1593 1903/37/1599 1888/41/1602
f 1884/50/1607 1883/59/1801 1856/6/1572
f 1883/59/1801 1882/4/1570 1856/6/1572
f 1856/6/1572 1886/48/1606 1884/50/1607
f 1873/33/1595 1875/35/1597 1874/53/1610
f 1858/60/1611 1886/61/1606 1857/55/1612
f 1886/61/1606 1856/6/1572 1857/55/1612
f 1856/6/1572 1860/51/1608 1859/54/1611
f 1907/45/1587 1876/47/1605 1880/57/1605
f 1908/24/1587 1903/37/1599 1904/58/1590
f 1951/15/1627 1952/31/1639 1950/16/1628
f 1918/18/1630 1920/22/1619 1919/19/1631
f 1909/6/1618 1931/26/1635 1914/23/1622
f 1931/26/1635 1925/3/1615 1914/23/1622
f 1961/24/1633 1960/45/1633 1932/25/1634
f 1960/27/1633 1957/58/1658 1959/28/1636
f 1948/38/1646 1945/43/1649 1943/39/1626
f 1945/43/1649 1952/31/1639 1941/41/1648
f 1952/31/1639 1956/37/1645 1941/41/1648
f 1937/50/1653 1936/59/1653 1909/6/1618
f 1936/59/1653 1935/4/1616 1909/6/1618
f 1909/6/1618 1939/48/1652 1937/50/1653
f 1926/33/1641 1928/35/1643 1927/53/1656
f 1911/60/1657 1939/61/1652 1910/55/1657
f 1939/61/1652 1909/6/1618 1910/55/1657
f 1909/6/1618 1913/51/1654 1912/54/1657
f 1960/45/1633 1929/47/1634 1933/57/1634
f 1961/24/1633 1956/37/1645 1957/58/1658
f 2004/15/1673 2005/31/1685 2003/16/1674
f 1971/18/1676 1973/22/1665 1972/19/1677
f 1962/6/1664 1984/26/1681 1967/23/1668
f 1984/26/1681 1978/3/1661 1967/23/1668
f 2014/24/1679 2013/45/1679 1985/25/1680
f 2013/27/1679 2010/58/1682 2012/28/1682
f 2001/38/1692 1998/43/1695 1996/39/1672
f 1998/43/1695 2005/31/1685 1994/41/1694
f 2005/31/1685 2009/37/1691 1994/41/1694
f 1990/50/1699 1989/59/1699 1962/6/1664
f 1989/59/1699 1988/4/1662 1962/6/1664
f 1962/6/1664 1992/48/1698 1990/50/1699
f 1979/33/1687 1981/35/1689 1980/53/1702
f 1964/60/1703 1992/61/1698 1963/55/1703
f 1992/61/1698 1962/6/1664 1963/55/1703
f 1962/6/1664 1966/51/1700 1965/54/1703
f 2013/45/1679 1982/47/1680 1986/57/1680
f 2014/24/1679 2009/37/1691 2010/58/1682
f 2057/15/1718 2058/31/1729 2056/16/1719
f 2024/18/1721 2026/22/1710 2025/19/1722
f 2015/6/1709 2037/26/1726 2020/23/1713
f 2037/26/1726 2031/3/1706 2020/23/1713
f 2067/24/1724 2066/45/1724 2038/25/1725
f 2066/27/1724 2063/58/1727 2065/28/1727
f 2054/38/1736 2051/43/1739 2049/39/1717
f 2051/43/1739 2058/31/1729 2047/41/1738
f 2058/31/1729 2062/37/1735 2047/41/1738
f 2043/50/1742 2042/59/1742 2015/6/1709
f 2042/59/1742 2041/4/1707 2015/6/1709
f 2015/6/1709 2045/48/1741 2043/50/1742
f 2032/33/1731 2034/35/1733 2033/53/1745
f 2017/60/1746 2045/61/1741 2016/55/1746
f 2045/61/1741 2015/6/1709 2016/55/1746
f 2015/6/1709 2019/51/1743 2018/54/1746
f 2066/45/1724 2035/47/1725 2039/57/1725
f 2067/24/1724 2062/37/1735 2063/58/1727
f 2110/15/1761 2111/31/1772 2109/16/1762
f 2077/18/1764 2079/22/1753 2078/19/1765
f 2068/6/1752 2090/26/1769 2073/23/1756
f 2090/26/1769 2084/3/1749 2073/23/1756
f 2120/24/1767 2119/45/1767 2091/25/1768
f 2119/27/1767 2116/58/1770 2118/28/1770
f 2107/38/1779 2104/43/1782 2102/39/1760
f 2104/43/1782 2111/31/1772 2100/41/1781
f 2111/31/1772 2115/37/1778 2100/41/1781
f 2096/50/1786 2095/59/1786 2068/6/1752
f 2095/59/1786 2094/4/1750 2068/6/1752
f 2068/6/1752 2098/48/1785 2096/50/1786
f 2085/33/1774 2087/35/1776 2086/53/1789
f 2070/60/1790 2098/61/1785 2069/55/1790
f 2098/61/1785 2068/6/1752 2069/55/1790
f 2068/6/1752 2072/51/1787 2071/54/1790
f 2119/45/1767 2088/47/1784 2092/57/1768
f 2120/24/1767 2115/37/1778 2116/58/1770
