# Blender 5.1.2
# www.blender.org
o 0004_19_Decal3
v -159.351532 -72.983810 5.676350
v -158.187195 -72.107803 5.852726
v -157.378159 -71.509750 6.046196
v -155.680679 -72.032158 18.308311
v -154.772415 -71.012146 16.199947
v -154.397980 -70.566086 15.160166
v -154.289246 -70.333130 14.168385
v -153.292725 -69.339355 12.691345
v -152.257843 -68.298218 11.096766
v -151.244064 -67.262962 9.432267
v -150.310867 -66.286827 7.745476
v -150.134888 -66.081001 7.282320
v -150.038666 -65.927010 6.752586
v -150.075455 -65.875481 6.218604
v -150.298477 -65.977005 5.742701
v -150.593216 -66.166595 5.483552
v -151.003815 -66.456940 5.297394
v -151.517487 -66.837608 5.180925
v -152.121429 -67.298203 5.130847
v -154.364853 -69.035347 5.119710
v -157.313461 -71.338120 5.235723
v -159.742813 -73.233307 5.317639
v -157.097137 -71.385094 6.667632
v -157.413269 -71.672142 6.948040
v -158.036911 -72.075401 6.413609
v -158.981140 -72.739624 5.962487
v -161.484344 -74.532539 4.980232
v -157.132462 -71.150414 4.919398
v -152.088913 -67.237579 4.894511
v -148.485275 -64.450188 4.932370
v -155.354965 -71.786827 18.355778
v -159.449051 -73.689110 9.877258
v -158.842697 -73.159447 9.479018
v -158.139648 -72.538986 8.975040
v -157.518570 -71.968147 8.378238
v -157.158157 -71.587357 7.701511
v -156.548111 -71.106651 7.648888
v -154.987732 -69.978127 8.188444
v -154.978104 -70.033066 8.604756
v -155.134811 -70.223625 9.065725
v -155.397324 -70.493668 9.509882
v -155.705078 -70.787041 9.875742
v -156.619476 -71.467491 9.687117
v -157.663147 -72.277359 9.693516
v -158.663788 -73.067596 9.791402
v -157.582611 -73.001274 14.939274
v -156.918350 -72.377838 14.214861
v -156.311722 -71.787544 13.413536
v -155.780228 -71.234993 12.475571
v -155.341415 -70.724854 11.341236
v -155.112091 -70.557037 11.407522
v -154.934814 -70.441010 11.550027
v -154.811798 -70.377724 11.763933
v -154.764664 -70.382858 12.041903
v -155.637451 -71.302811 13.666210
v -156.272263 -71.845444 14.003847
v -156.918655 -72.412155 14.442198
v -155.848175 -70.573349 7.710276
v -156.455200 -71.111336 8.160530
v -155.482178 -71.175072 13.616909
v -156.808716 -71.095665 6.228151
v -157.881622 -71.822777 5.531254
v -156.079056 -70.780876 7.900969
v -155.649994 -70.457100 7.959450
v -155.265381 -70.150177 7.900573
v -154.810196 -70.485397 12.490541
v -157.189438 -77.530807 5.676351
v -155.775055 -77.180634 5.852727
v -154.800537 -76.930611 6.046196
v -154.134293 -75.284256 18.308311
v -152.769867 -75.223602 16.199947
v -152.187546 -75.214737 15.160166
v -151.938232 -75.277435 14.168386
v -150.538437 -75.131767 12.691345
v -149.077682 -74.986237 11.096766
v -147.634827 -74.853363 9.432267
v -146.288681 -74.745682 7.745476
v -146.017960 -74.739105 7.282320
v -145.837784 -74.761658 6.752586
v -145.821045 -74.822723 6.218604
v -146.040558 -74.931625 5.742701
v -146.373642 -75.040558 5.483552
v -146.858017 -75.175774 5.297394
v -147.477493 -75.333916 5.180925
v -148.215942 -75.511627 5.130847
v -150.979355 -76.155228 5.119710
v -154.626587 -76.988770 5.235723
v -157.629913 -77.676804 5.317639
v -154.526474 -76.791328 6.667632
v -154.948654 -76.855339 6.948040
v -155.655075 -77.084526 6.413609
v -156.766251 -77.397644 5.962488
v -159.736877 -78.207527 4.980232
v -154.366745 -76.966858 4.919398
v -148.148407 -75.524681 4.894511
v -143.711838 -74.488976 4.932370
v -153.738434 -75.186478 18.355778
v -157.798050 -77.161270 9.877258
v -157.004486 -77.025276 9.479018
v -156.079483 -76.871597 8.975040
v -155.244705 -76.750183 8.378238
v -154.721863 -76.710983 7.701511
v -153.963959 -76.541237 7.648888
v -152.103760 -76.043282 8.188444
v -152.140289 -76.001129 8.604756
v -152.387009 -76.002403 9.065725
v -152.762161 -76.035561 9.509882
v -153.183960 -76.089096 9.875742
v -154.288895 -76.368835 9.687117
v -155.575806 -76.667145 9.693516
v -156.820328 -76.944481 9.791402
v -156.086456 -76.147751 14.939274
v -155.183624 -76.026039 14.214862
v -154.342880 -75.928116 13.413536
v -153.578827 -75.864632 12.475571
v -152.906174 -75.846275 11.341236
v -152.631271 -75.774323 11.407522
v -152.429382 -75.710068 11.550026
v -152.302643 -75.654594 11.763933
v -152.276886 -75.614799 12.041903
v -153.541306 -75.711090 13.666210
v -154.362885 -75.860962 14.003847
v -155.210434 -76.004623 14.442198
v -153.108521 -76.334961 7.710277
v -153.908951 -76.466217 8.160530
v -153.344238 -75.671280 13.616909
v -154.119934 -76.750305 6.228151
v -155.361099 -77.123528 5.531254
v -153.415222 -76.383041 7.900970
v -152.893265 -76.254623 7.959450
v -152.412445 -76.150040 7.900573
v -152.385147 -75.585388 12.490541
v -146.694748 -95.917671 5.676350
v -145.673965 -94.877914 5.852726
v -144.963104 -94.165970 6.046196
v -143.206711 -94.429558 18.308311
v -142.460617 -93.285576 16.199947
v -142.156845 -92.788689 15.160166
v -142.084045 -92.542137 14.168385
v -141.246765 -91.410942 12.691345
v -140.378601 -90.227203 11.096766
v -139.530426 -89.052422 9.432267
v -138.753128 -87.948105 7.745476
v -138.609802 -87.718353 7.282320
v -138.537598 -87.551743 6.752586
v -138.581650 -87.506264 6.218604
v -138.787048 -87.639893 5.742701
v -139.050247 -87.871300 5.483552
v -139.412994 -88.219589 5.297394
v -139.864182 -88.672569 5.180925
v -140.392746 -89.218018 5.130847
v -142.352219 -91.270111 5.119710
v -144.924713 -93.986610 5.235723
v -147.044464 -96.222679 5.317639
v -144.703796 -94.000824 6.667632
v -144.973618 -94.331779 6.948040
v -145.530197 -94.823486 6.413609
v -146.364883 -95.621010 5.962487
v -148.572922 -97.766953 4.980232
v -144.773712 -93.774033 4.919398
v -140.369629 -89.153229 4.894511
v -137.221664 -85.859894 4.932370
v -142.921219 -94.138428 18.355778
v -146.686066 -96.629623 9.877258
v -146.165421 -96.015503 9.479018
v -145.562698 -95.297203 8.975040
v -145.033630 -94.640175 8.378238
v -144.733978 -94.209923 7.701511
v -144.202408 -93.643669 7.648888
v -142.827637 -92.295197 8.188444
v -142.809921 -92.348083 8.604756
v -142.936493 -92.559868 9.065725
v -143.155823 -92.866028 9.509882
v -143.416412 -93.201988 9.875742
v -144.219193 -94.011116 9.687117
v -145.130508 -94.967484 9.693516
v -146.002197 -95.898026 9.791402
v -144.942978 -95.671303 14.939274
v -144.379044 -94.955833 14.214861
v -143.867172 -94.281723 13.413536
v -143.423965 -93.656136 12.475571
v -143.066086 -93.086296 11.341236
v -142.864319 -92.886177 11.407522
v -142.706329 -92.745026 11.550027
v -142.594116 -92.664108 11.763933
v -142.546738 -92.662163 12.041903
v -143.272675 -93.701912 13.666210
v -143.819519 -94.333099 14.003847
v -144.374237 -94.989815 14.442198
v -143.589752 -93.012009 7.710276
v -144.109833 -93.634453 8.160530
v -143.138184 -93.552460 13.616909
v -144.461731 -93.671646 6.228151
v -145.414291 -94.550529 5.531254
v -143.787125 -93.251625 7.900969
v -143.411118 -92.867516 7.959450
v -143.076553 -92.506699 7.900573
v -142.576477 -92.770340 12.490541
v -143.879135 -100.091644 5.676351
v -142.532745 -99.534599 5.852727
v -141.606369 -99.142128 6.046196
v -141.192932 -97.414864 18.308311
v -139.852768 -97.151543 16.199947
v -139.278290 -97.055992 15.160166
v -139.022400 -97.080826 14.168386
v -137.659958 -96.728172 12.691345
v -136.237213 -96.366562 11.096766
v -134.830276 -96.020142 9.432267
v -133.515213 -95.713043 7.745476
v -133.248489 -95.666191 7.282320
v -133.066971 -95.661644 6.752586
v -133.041306 -95.719528 6.218604
v -133.242142 -95.859932 5.742701
v -133.555267 -96.017281 5.483552
v -134.014084 -96.223175 5.297394
v -134.603073 -96.471878 5.180925
v -135.306793 -96.757660 5.130847
v -137.943420 -97.805916 5.119710
v -141.425690 -99.173706 5.235723
v -144.292938 -100.301666 5.317639
v -141.356125 -98.963554 6.667632
v -141.764053 -99.089775 6.948040
v -142.428421 -99.421677 6.413609
v -143.480530 -99.896904 5.962488
v -146.297272 -101.140472 4.980232
v -141.172028 -99.113319 4.919398
v -135.238068 -96.760498 4.894511
v -131.005402 -95.075165 4.932370
v -140.816055 -97.259186 18.355778
v -144.536026 -99.816940 9.877258
v -143.771606 -99.564201 9.479018
v -142.879837 -99.274384 8.975040
v -142.072464 -99.029915 8.378238
v -141.561310 -98.913231 7.701511
v -140.837173 -98.632423 7.648888
v -139.071945 -97.862793 8.188444
v -139.114349 -97.826561 8.604756
v -139.358124 -97.864586 9.065725
v -139.724152 -97.953285 9.509882
v -140.133255 -98.069084 9.875742
v -141.184158 -98.510368 9.687117
v -142.412231 -98.997147 9.693516
v -143.601532 -99.456863 9.791402
v -142.994598 -98.559662 14.939274
v -142.119980 -98.304756 14.214862
v -141.303223 -98.082619 13.413536
v -140.557175 -97.905983 12.475571
v -139.894775 -97.787582 11.341236
v -139.633652 -97.675453 11.407522
v -139.443604 -97.581833 11.550026
v -139.326538 -97.508095 11.763933
v -139.306992 -97.464897 12.041903
v -140.542953 -97.748558 13.666210
v -141.333008 -98.019196 14.003847
v -142.149689 -98.287567 14.442198
v -140.022034 -98.300964 7.710277
v -140.793961 -98.550049 8.160530
v -140.354004 -97.679825 13.616909
v -140.960251 -98.862404 6.228151
v -142.131927 -99.416435 5.531254
v -140.318130 -98.394218 7.900970
v -139.821152 -98.189445 7.959450
v -139.361282 -98.014366 7.900573
v -139.418442 -97.451950 12.490541
v -130.761383 -116.709076 5.676350
v -129.906952 -115.528801 5.852726
v -129.310135 -114.718864 6.046196
v -127.534065 -114.717743 18.308311
v -126.966789 -113.475349 16.199947
v -126.740471 -112.938736 15.160166
v -126.705223 -112.684082 14.168385
v -126.045883 -111.440742 12.691345
v -125.363831 -110.140831 11.096766
v -124.700218 -108.852760 9.432267
v -124.096191 -107.644936 7.745476
v -123.988693 -107.396385 7.282320
v -123.942123 -107.220879 6.752586
v -123.992470 -107.182480 6.218604
v -124.175659 -107.345222 5.742701
v -124.401421 -107.613266 5.483552
v -124.708214 -108.011734 5.297394
v -125.086861 -108.526894 5.180925
v -125.528221 -109.145027 5.130847
v -127.159981 -111.466240 5.119710
v -129.298904 -114.535789 5.235723
v -131.061737 -117.062813 5.317639
v -129.078339 -114.516922 6.667632
v -129.295807 -114.884392 6.948040
v -129.772903 -115.453552 6.413609
v -130.479416 -116.366570 5.962487
v -132.342957 -118.817627 4.980232
v -129.181259 -114.303078 4.919398
v -125.515030 -109.077522 4.894511
v -122.893028 -105.351807 4.932370
v -127.295143 -114.387321 18.355778
v -130.646683 -117.411789 9.877258
v -130.223373 -116.726936 9.479018
v -129.734436 -115.926819 8.975040
v -129.309189 -115.198280 8.378238
v -129.077026 -114.728180 7.701511
v -128.635773 -114.089020 7.648888
v -127.477318 -112.550720 8.188444
v -127.451920 -112.600380 8.604756
v -127.545509 -112.828667 9.065725
v -127.716766 -113.164093 9.509882
v -127.924385 -113.535133 9.875742
v -128.597610 -114.454872 9.687117
v -129.356216 -115.536377 9.693516
v -130.079483 -116.586433 9.791402
v -129.065887 -116.204384 14.939274
v -128.614883 -115.412865 14.214861
v -128.209183 -114.669991 13.413536
v -127.864159 -113.985336 12.475571
v -127.595200 -113.368523 11.341236
v -127.425514 -113.140572 11.407522
v -127.290321 -112.977448 11.550027
v -127.191422 -112.880714 11.763933
v -127.144867 -112.871735 12.041903
v -127.707733 -114.008057 13.666210
v -128.154419 -114.713692 14.003847
v -128.605057 -115.445740 14.442198
v -128.124115 -113.373108 7.710276
v -128.545609 -114.066116 8.160530
v -127.597015 -113.840233 13.616909
v -128.888031 -114.155342 6.228151
v -129.698959 -115.166374 5.531254
v -128.283554 -113.639465 7.900969
v -127.968987 -113.203613 7.959450
v -127.691925 -112.796967 7.900573
v -127.158150 -112.983131 12.490541
v -127.355133 -120.416824 5.676351
v -126.106789 -119.665329 5.852727
v -125.249252 -119.139183 6.046196
v -125.097855 -117.369598 18.308311
v -123.811913 -116.909477 16.199947
v -123.258080 -116.729385 15.160166
v -123.001358 -116.715805 14.168386
v -121.706680 -116.164040 12.691345
v -120.353722 -115.594429 11.096766
v -119.014122 -115.042191 9.432267
v -117.759514 -114.542526 7.745476
v -117.502754 -114.456444 7.282320
v -117.323936 -114.424896 6.752586
v -117.289932 -114.478310 6.218604
v -117.467598 -114.647072 5.742701
v -117.753784 -114.849342 5.483552
v -118.176781 -115.121315 5.297394
v -118.722137 -115.455017 5.180925
v -119.375404 -115.842491 5.130847
v -121.826355 -117.271988 5.119710
v -125.065887 -119.143486 5.235723
v -127.733009 -120.686165 5.317639
v -125.028427 -118.925316 6.667632
v -125.412979 -119.110916 6.948040
v -126.020470 -119.538124 6.413609
v -126.989990 -120.164848 5.962488
v -129.589966 -121.814316 4.980232
v -124.824059 -119.045967 4.919398
v -119.307014 -115.835052 4.894511
v -115.372803 -113.537720 4.932370
v -124.748398 -117.159485 18.355778
v -128.045624 -120.243080 9.877258
v -127.327400 -119.879242 9.479018
v -126.488785 -119.459755 8.975040
v -125.726875 -119.097687 8.378238
v -125.238815 -118.906128 7.701511
v -124.564613 -118.520538 7.648888
v -122.933800 -117.496422 8.188444
v -122.981133 -117.466911 8.604756
v -123.216522 -117.540840 9.065725
v -123.565231 -117.683105 9.509882
v -123.952522 -117.858582 9.875742
v -124.925919 -118.451561 9.687117
v -126.067734 -119.115929 9.693516
v -127.175232 -119.747749 9.791402
v -126.708786 -118.770111 14.939274
v -125.881935 -118.387711 14.214862
v -125.107399 -118.046333 13.413536
v -124.396011 -117.760475 12.475571
v -123.758652 -117.544678 11.341236
v -123.517159 -117.394890 11.407522
v -123.343178 -117.273987 11.550026
v -123.238419 -117.183624 11.763933
v -123.225533 -117.138000 12.041903
v -124.405411 -117.602692 13.666210
v -125.146309 -117.988052 14.003847
v -125.913872 -118.375137 14.442198
v -123.807976 -118.071289 7.710277
v -124.534157 -118.432640 8.160530
v -124.228821 -117.506561 13.616909
v -124.652039 -118.766289 6.228151
v -125.728058 -119.488754 5.531254
v -124.086868 -118.207634 7.900970
v -123.625954 -117.931076 7.959450
v -123.197319 -117.689423 7.900573
v -123.337654 -117.141808 12.490541
v -111.907303 -134.893661 5.676350
v -111.238319 -133.599228 5.852726
v -110.768875 -132.709381 6.046196
v -109.012817 -132.443588 18.308311
v -108.637039 -131.130524 16.199947
v -108.493225 -130.566177 15.160166
v -108.496315 -130.309113 14.168385
v -108.029640 -128.981384 12.691345
v -107.548943 -127.594360 11.096766
v -107.084709 -126.221779 9.432267
v -106.667435 -124.937416 7.745476
v -106.598175 -124.675621 7.282320
v -106.578285 -124.495132 6.752586
v -106.633789 -124.464661 6.218604
v -106.790680 -124.652893 5.742701
v -106.973976 -124.951591 5.483552
v -107.217957 -125.391327 5.297394
v -107.515602 -125.957169 5.180925
v -107.859901 -126.634178 5.130847
v -109.127502 -129.172638 5.119710
v -110.785049 -132.526688 5.235723
v -112.151581 -135.288208 5.317639
v -110.569771 -132.475159 6.667632
v -110.730049 -132.870926 6.948040
v -111.116982 -133.504837 6.413609
v -111.679527 -134.512955 5.962487
v -113.156975 -137.214371 4.980232
v -110.703415 -132.279037 4.919398
v -107.856918 -126.565460 4.894511
v -105.819466 -122.490585 4.932370
v -108.825806 -132.081253 18.355778
v -111.689163 -135.571442 9.877258
v -111.372650 -134.831146 9.479018
v -111.008408 -133.967087 8.975040
v -110.696495 -133.183319 8.378238
v -110.536980 -132.683853 7.701511
v -110.195915 -131.986084 7.648888
v -109.279671 -130.292313 8.188444
v -109.247154 -130.337631 8.604756
v -109.305672 -130.577316 9.065725
v -109.425026 -130.934509 9.509882
v -109.575027 -131.332367 9.875742
v -110.103653 -132.342148 9.687117
v -110.692604 -133.524643 9.693516
v -111.251305 -134.670761 9.791402
v -110.305962 -134.141922 14.939274
v -109.977959 -133.292023 14.214861
v -109.687515 -132.496979 13.413536
v -109.448380 -131.768555 12.475571
v -109.274353 -131.118546 11.341236
v -109.140533 -130.867859 11.407522
v -109.031166 -130.686401 11.550027
v -108.947784 -130.576004 11.763933
v -108.903091 -130.560196 12.041903
v -109.290314 -131.767715 13.666210
v -109.626839 -132.532028 14.003847
v -109.963348 -133.323074 14.442198
v -109.796661 -131.201904 7.710276
v -110.110168 -131.949997 8.160530
v -109.205841 -131.585266 13.616909
v -110.435478 -132.089249 6.228151
v -111.086670 -133.209854 5.531254
v -109.914635 -131.489059 7.900969
v -109.668541 -131.011185 7.959450
v -109.455185 -130.567780 7.900573
v -108.899620 -130.672318 12.490541
v -107.986526 -138.052353 5.676351
v -106.864120 -137.123215 5.852727
v -106.094574 -136.475128 6.046196
v -106.208603 -134.702744 18.308311
v -105.005592 -134.056122 16.199947
v -104.484779 -133.795486 15.160166
v -104.232948 -133.743805 14.168386
v -103.034966 -133.005249 12.691345
v -101.782005 -132.240356 11.096766
v -100.539673 -131.494644 9.432267
v -99.373543 -130.813583 7.745476
v -99.132484 -130.690201 7.282320
v -98.960365 -130.632355 6.752586
v -98.918777 -130.680099 6.218604
v -99.069313 -130.873459 5.742701
v -99.322151 -131.116119 5.483552
v -99.699898 -131.448090 5.297394
v -100.189423 -131.859344 5.180925
v -100.777641 -132.339844 5.130847
v -102.988182 -134.118652 5.119710
v -105.912613 -136.452057 5.235723
v -108.320038 -138.375000 5.317639
v -105.908089 -136.230743 6.667632
v -106.260681 -136.471573 6.948040
v -106.797722 -136.984558 6.413609
v -107.663017 -137.748779 5.962488
v -109.988106 -139.767303 4.980232
v -105.688019 -136.319580 4.919398
v -100.711136 -132.322296 4.894511
v -97.163239 -129.464294 4.932370
v -105.894356 -134.442902 18.355778
v -108.695190 -137.983459 9.877258
v -108.039223 -137.516647 9.479018
v -107.272484 -136.976852 8.975040
v -106.573051 -136.505280 8.378238
v -106.118988 -136.243118 7.701511
v -105.509781 -135.761368 7.648888
v -104.049812 -134.505630 8.188444
v -104.101013 -134.483505 8.604756
v -104.322754 -134.591690 9.065725
v -104.646370 -134.784332 9.509882
v -105.003174 -135.015564 9.875742
v -105.877327 -135.746994 9.687117
v -106.907379 -136.574112 9.693516
v -107.908348 -137.363937 9.791402
v -107.592812 -136.327713 14.939274
v -106.832184 -135.826340 14.214862
v -106.117180 -135.373337 13.413536
v -105.456337 -134.984665 12.475571
v -104.858253 -134.676285 11.341236
v -104.641785 -134.492172 11.407522
v -104.487762 -134.346695 11.550026
v -104.397652 -134.241730 11.763933
v -104.391701 -134.194687 12.041903
v -105.489143 -134.830032 13.666210
v -106.164337 -135.321518 14.003847
v -106.865639 -135.818680 14.442198
v -104.828545 -135.204361 7.710277
v -105.492767 -135.669907 8.160530
v -105.328850 -134.708679 13.616909
v -105.559601 -136.017395 6.228151
v -106.515938 -136.892166 5.531254
v -105.084007 -135.380753 7.900970
v -104.669456 -135.038589 7.959450
v -104.281624 -134.735748 7.900573
v -104.502007 -134.215164 12.490541
v -90.553658 -150.065247 5.676350
v -90.085060 -148.685562 5.852726
v -89.753479 -147.735703 6.046196
v -88.056648 -147.211151 18.308311
v -87.880760 -145.856750 16.199947
v -87.822655 -145.277267 15.160166
v -87.864029 -145.023544 14.168385
v -87.600441 -143.641098 12.691345
v -87.331825 -142.197906 11.096766
v -87.077339 -140.771469 9.432267
v -86.856140 -139.439255 7.745476
v -86.826675 -139.170059 7.282320
v -86.833908 -138.988632 6.752586
v -86.893326 -138.966766 6.218604
v -87.020416 -139.176285 5.742701
v -87.157143 -139.498962 5.483552
v -87.332863 -139.970154 5.297394
v -87.542854 -140.574036 5.180925
v -87.782417 -141.294800 5.130847
v -88.657539 -143.993835 5.119710
v -89.796707 -147.557449 5.235723
v -90.736412 -150.491791 5.317639
v -89.591507 -147.474411 6.667632
v -89.691010 -147.889648 6.948040
v -89.979149 -148.574142 6.413609
v -90.385170 -149.654846 5.962487
v -91.443512 -152.546295 4.980232
v -89.752884 -147.300400 4.919398
v -87.789703 -141.226395 4.894511
v -86.382309 -136.893372 4.932370
v -87.925728 -146.824982 18.355778
v -90.236946 -150.702942 9.877258
v -90.034294 -149.923737 9.479018
v -89.802895 -149.015060 8.975040
v -89.611282 -148.193542 8.378238
v -89.527977 -147.675903 7.701511
v -89.294716 -146.935074 7.648888
v -88.641136 -145.123672 8.188444
v -88.602226 -145.163635 8.604756
v -88.624367 -145.409363 9.065725
v -88.689156 -145.780365 9.509882
v -88.778191 -146.196121 9.875742
v -89.150421 -147.273422 9.687117
v -89.556557 -148.530472 9.693516
v -89.938202 -149.747070 9.791402
v -89.082237 -149.083252 14.939274
v -88.884567 -148.193954 14.214861
v -88.715851 -147.364502 13.413536
v -88.587944 -146.608582 12.475571
v -88.512733 -145.939896 11.341236
v -88.417778 -145.672058 11.407522
v -88.336670 -145.476334 11.550027
v -88.270676 -145.354736 11.763933
v -88.228836 -145.332443 12.041903
v -88.431778 -146.584183 13.666210
v -88.650627 -147.390121 14.003847
v -88.865486 -148.222473 14.442198
v -89.016792 -146.100159 7.710276
v -89.215309 -146.886612 8.160530
v -88.375435 -146.391174 13.616909
v -89.516228 -147.072800 6.228151
v -89.993134 -148.277939 5.531254
v -89.090652 -146.401688 7.900969
v -88.918526 -145.892471 7.959450
v -88.773628 -145.422226 7.900573
v -88.208694 -145.442795 12.490541
v -86.205917 -152.604324 5.676351
v -85.234520 -151.518280 5.852727
v -84.570152 -150.762756 6.046196
v -84.947052 -149.027161 18.308311
v -83.853851 -148.208466 16.199947
v -83.377701 -147.873123 15.160166
v -83.136383 -147.784485 14.168386
v -82.061852 -146.875626 12.691345
v -80.936882 -145.932556 11.096766
v -79.819557 -145.010010 9.432267
v -78.767952 -144.162766 7.745476
v -78.547974 -144.004822 7.282320
v -78.386398 -143.921982 6.752586
v -78.338165 -143.962997 6.218604
v -78.458191 -144.176620 5.742701
v -78.672050 -144.454269 5.483552
v -78.996094 -144.838821 5.297394
v -79.418861 -145.318436 5.180925
v -79.928909 -145.881241 5.130847
v -81.849655 -147.969635 5.119710
v -84.393661 -150.712814 5.235723
v -86.487617 -152.973083 5.317639
v -84.422173 -150.493301 6.667632
v -84.734940 -150.783997 6.948040
v -85.189522 -151.371292 6.413609
v -85.931259 -152.255920 5.962488
v -87.929558 -154.598434 4.980232
v -84.191322 -150.548355 4.919398
v -79.865753 -145.853989 4.894511
v -76.783424 -142.499130 4.932370
v -84.675049 -148.723373 18.355778
v -86.916931 -152.641815 9.877258
v -86.337860 -152.082458 9.479018
v -85.660141 -151.434418 8.975040
v -85.038788 -150.863876 8.378238
v -84.628868 -150.536972 7.701511
v -84.098267 -149.969803 7.648888
v -82.841751 -148.510513 8.188444
v -82.895683 -148.496262 8.604756
v -83.098816 -148.636292 9.065725
v -83.390106 -148.875015 9.509882
v -83.708473 -149.156830 9.875742
v -84.463852 -150.010376 9.687117
v -85.359131 -150.981766 9.693516
v -86.231209 -151.911957 9.791402
v -86.073631 -150.840256 14.939274
v -85.396225 -150.231140 14.214862
v -84.756714 -149.676636 13.413536
v -84.161179 -149.193802 12.475571
v -83.615730 -148.799744 11.341236
v -83.429115 -148.585419 11.407522
v -83.298500 -148.418610 11.550026
v -83.225037 -148.301392 11.763933
v -83.226166 -148.253998 12.041903
v -84.216667 -149.045807 13.666210
v -84.811066 -149.632416 14.003847
v -85.430443 -150.228546 14.442198
v -83.507652 -149.317490 7.710277
v -84.095070 -149.876831 8.160530
v -84.076248 -148.901886 13.616909
v -84.109375 -150.230392 6.228151
v -84.924660 -151.237915 5.531254
v -83.733971 -149.529984 7.900970
v -83.375046 -149.129868 7.959450
v -83.036682 -148.772614 7.900573
v -83.332184 -148.290680 12.490541
v -67.177376 -161.884995 5.676350
v -66.919632 -160.450882 5.852726
v -66.733315 -159.462204 6.046196
v -65.133614 -158.690643 18.308311
v -65.161545 -157.325134 16.199947
v -65.190453 -156.743484 15.160166
v -65.269173 -156.498749 14.168385
v -65.214561 -155.092453 12.691345
v -65.164032 -153.625351 11.096766
v -65.124977 -152.176910 9.432267
v -65.104790 -150.826614 7.745476
v -65.115776 -150.556046 7.282320
v -65.149971 -150.377701 6.752586
v -65.211983 -150.364944 6.218604
v -65.306427 -150.591064 5.742701
v -65.393539 -150.930511 5.483552
v -65.497070 -151.422623 5.297394
v -65.614723 -152.051056 5.180925
v -65.744186 -152.799484 5.130847
v -66.207283 -155.598801 5.119710
v -66.802628 -159.292389 5.235723
v -67.294518 -162.334015 5.317639
v -66.612091 -159.179703 6.667632
v -66.648598 -159.605133 6.948040
v -66.831505 -160.324921 6.413609
v -67.071930 -161.454071 5.962487
v -67.687531 -164.470947 4.980232
v -66.797607 -159.031677 4.919398
v -65.761589 -152.732925 4.894511
v -65.015678 -148.238556 4.932370
v -65.061707 -158.289276 18.355778
v -66.769165 -162.468369 9.877258
v -66.684906 -161.667664 9.479018
v -66.591515 -160.734650 8.975040
v -66.524467 -159.893753 8.378238
v -66.519249 -159.369461 7.701511
v -66.398994 -158.602158 7.648888
v -66.022675 -156.713577 8.188444
v -65.978249 -156.747299 8.604756
v -65.963524 -156.993576 9.065725
v -65.972298 -157.370087 9.509882
v -65.998367 -157.794479 9.875742
v -66.205887 -158.915222 9.687117
v -66.420143 -160.218765 9.693516
v -66.616211 -161.478653 9.791402
v -65.868736 -160.694672 14.939274
v -65.805809 -159.785843 14.214861
v -65.762596 -158.940521 13.413536
v -65.748779 -158.173965 12.475571
v -65.774071 -157.501541 11.341236
v -65.720085 -157.222534 11.407522
v -65.669060 -157.016922 11.550027
v -65.621918 -156.886856 11.763933
v -65.583870 -156.858566 12.041903
v -65.597992 -158.126572 13.666210
v -65.694283 -158.956131 14.003847
v -65.782700 -159.811203 14.442198
v -66.248611 -157.735138 7.710276
v -66.327698 -158.542404 8.160530
v -65.571045 -157.927322 13.616909
v -66.597504 -158.771347 6.228151
v -66.889488 -160.034103 5.531254
v -66.276711 -158.044312 7.900969
v -66.182396 -157.515137 7.959450
v -66.109200 -157.028549 7.900573
v -65.547508 -156.964691 12.490541
v -62.499775 -163.747757 5.676351
v -61.701092 -162.529068 5.852727
v -61.156742 -161.682968 6.046196
v -61.788097 -160.022919 18.308311
v -60.829117 -159.050430 16.199947
v -60.408264 -158.647888 15.160166
v -60.182850 -158.524261 14.168386
v -59.255768 -157.465424 12.691345
v -58.283913 -156.365219 11.096766
v -57.316559 -155.286453 9.432267
v -56.402969 -154.291946 7.745476
v -56.208988 -154.102997 7.282320
v -56.061562 -153.996979 6.752586
v -56.007751 -154.030350 6.218604
v -56.094604 -154.259491 5.742701
v -56.264694 -154.565903 5.483552
v -56.527805 -154.994461 5.297394
v -56.874374 -155.531723 5.180925
v -57.294846 -156.164261 5.130847
v -58.882896 -158.515579 5.119710
v -60.989666 -161.607285 5.235723
v -62.723377 -164.154373 5.317639
v -61.050571 -161.394455 6.667632
v -61.316521 -161.728516 6.948040
v -61.678501 -162.376999 6.413609
v -62.280113 -163.362305 5.962488
v -63.906975 -165.976471 4.980232
v -60.814091 -161.414490 4.919398
v -57.236458 -156.127884 4.894511
v -54.688545 -152.351135 4.932370
v -61.564404 -159.681992 18.355778
v -63.197269 -163.890793 9.877258
v -62.708027 -163.251373 9.479018
v -62.134453 -162.509583 8.975040
v -61.605076 -161.852798 8.378238
v -61.248451 -161.468445 7.701511
v -60.808304 -160.828537 7.648888
v -59.783310 -159.198273 8.188444
v -59.838757 -159.192230 8.604756
v -60.018757 -159.360962 9.065725
v -60.271217 -159.640427 9.509882
v -60.544022 -159.966553 9.875742
v -61.163757 -160.923141 9.687117
v -61.904266 -162.017120 9.693516
v -62.627972 -163.066879 9.791402
v -62.631874 -161.983673 14.939274
v -62.052814 -161.280396 14.214862
v -61.503090 -160.636780 13.413536
v -60.986160 -160.070587 12.475571
v -60.505539 -159.599625 11.341236
v -60.352947 -159.359894 11.407522
v -60.248650 -159.175476 11.550026
v -60.193474 -159.048615 11.763933
v -60.201653 -159.001923 12.041903
v -61.063087 -159.932495 13.666210
v -61.563427 -160.601151 14.003847
v -62.087036 -161.282928 14.442198
v -60.321499 -160.095490 7.710277
v -60.819000 -160.736130 8.160530
v -60.945686 -159.769272 13.616909
v -60.780449 -161.087875 6.228151
v -61.436470 -162.205658 5.531254
v -60.513626 -160.339340 7.900970
v -60.218342 -159.890198 7.959450
v -59.936996 -159.486496 7.900573
v -60.301025 -159.053986 12.490541
v -42.300648 -170.088821 5.676350
v -42.259518 -168.632324 5.852726
v -42.222630 -167.626907 6.046196
v -40.755783 -166.625549 18.308311
v -40.986904 -165.279465 16.199947
v -41.102177 -164.708603 15.160166
v -41.216496 -164.478333 14.168385
v -41.372082 -163.079620 12.691345
v -41.540764 -161.621368 11.096766
v -41.718018 -160.183273 9.432267
v -41.899296 -158.845062 7.745476
v -41.950481 -158.579147 7.282320
v -42.010868 -158.407898 6.752586
v -42.074097 -158.404526 6.218604
v -42.133785 -158.642181 5.742701
v -42.169334 -158.990829 5.483552
v -42.198368 -159.492874 5.297394
v -42.221043 -160.131821 5.180925
v -42.237526 -160.891174 5.130847
v -42.278252 -163.728256 5.119710
v -42.316471 -167.469315 5.235723
v -42.349564 -170.550278 5.317639
v -42.144863 -167.329498 6.667632
v -42.117558 -167.755615 6.948040
v -42.191147 -168.494629 6.413609
v -42.260609 -169.646988 5.962487
v -42.419708 -172.721924 4.980232
v -42.350361 -167.210770 4.919398
v -42.264648 -160.827957 4.894511
v -42.196888 -156.272614 4.932370
v -40.744495 -166.217941 18.355778
v -41.810051 -170.604843 9.877258
v -41.846066 -169.800522 9.479018
v -41.892773 -168.863998 8.975040
v -41.951797 -168.022507 8.378238
v -42.024773 -167.503296 7.701511
v -42.020218 -166.726639 7.648888
v -41.929569 -164.803070 8.188444
v -41.880611 -164.829788 8.604756
v -41.829342 -165.071121 9.065725
v -41.781906 -165.444748 9.509882
v -41.744438 -165.868271 9.875742
v -41.782612 -167.007431 9.687117
v -41.800201 -168.328339 9.693516
v -41.806313 -169.603378 9.791402
v -41.184029 -168.716751 14.939274
v -41.257248 -167.808701 14.214861
v -41.340496 -166.966385 13.413536
v -41.441082 -166.206329 12.475571
v -41.566303 -165.545181 11.341236
v -41.554504 -165.261246 11.407522
v -41.534687 -165.050323 11.550027
v -41.507458 -164.914688 11.763933
v -41.474056 -164.881042 12.041903
v -41.299038 -166.136993 13.666210
v -41.270626 -166.971634 14.003847
v -41.230614 -167.830338 14.442198
v -42.000725 -165.846893 7.710276
v -41.958626 -166.656921 8.160530
v -41.302086 -165.935944 13.616909
v -42.191296 -166.923538 6.228151
v -42.291821 -168.215698 5.531254
v -41.982437 -166.156799 7.900969
v -41.968040 -165.619476 7.959450
v -41.968182 -165.127411 7.900573
v -41.422279 -164.980560 12.490541
v -37.397671 -171.233643 5.676351
v -36.789536 -169.909546 5.852727
v -36.377365 -168.991760 6.046196
v -37.249073 -167.444351 18.308311
v -36.445736 -166.339813 16.199947
v -36.089573 -165.879028 15.160166
v -35.885105 -165.723206 14.168386
v -35.126179 -164.538010 12.691345
v -34.329147 -163.305252 11.096766
v -33.533367 -162.094376 9.432267
v -32.778202 -160.974808 7.745476
v -32.614544 -160.759064 7.282320
v -32.484562 -160.632263 6.752586
v -32.426384 -160.657242 6.218604
v -32.478115 -160.896759 5.742701
v -32.600639 -161.225098 5.483552
v -32.796944 -161.688080 5.297394
v -33.059570 -162.271011 5.180925
v -33.381073 -162.959137 5.130847
v -34.600964 -165.520874 5.119710
v -36.223434 -168.892029 5.235723
v -37.558178 -171.669052 5.317639
v -36.315376 -168.690659 6.667632
v -36.528568 -169.060623 6.948040
v -36.789860 -169.755814 6.413609
v -37.237911 -170.819778 5.962488
v -38.457001 -173.647202 4.980232
v -36.078552 -168.675232 4.919398
v -33.328762 -162.914474 4.894511
v -31.372169 -158.800156 4.932370
v -37.078686 -167.073898 18.355778
v -38.066059 -171.479050 9.877258
v -37.677578 -170.773849 9.479018
v -37.220959 -169.954849 8.975040
v -36.795380 -169.226517 8.378238
v -36.500019 -168.793320 7.701511
v -36.160156 -168.094940 7.648888
v -35.389572 -166.330139 8.188444
v -35.445305 -166.332413 8.604756
v -35.598148 -166.526093 9.065725
v -35.806137 -166.840073 9.509882
v -36.027290 -167.203201 9.875742
v -36.497543 -168.241470 9.687117
v -37.066742 -169.433594 9.693516
v -37.625912 -170.579483 9.791402
v -37.791206 -169.508957 14.939274
v -37.323425 -168.727234 14.214862
v -36.875759 -168.008881 13.413536
v -36.448986 -167.371964 12.475571
v -36.043926 -166.834641 11.341236
v -35.928764 -166.574844 11.407522
v -35.853115 -166.376938 11.550026
v -35.817463 -166.243271 11.763933
v -35.832512 -166.198318 12.041903
v -36.545635 -167.246887 13.666210
v -36.940731 -167.982651 14.003847
v -37.356888 -168.734848 14.442198
v -35.788036 -167.297546 7.710277
v -36.184505 -168.005157 8.160530
v -36.453873 -167.067993 13.616909
v -36.093964 -168.347244 6.228151
v -36.576069 -169.550308 5.531254
v -35.941673 -167.567291 7.900970
v -35.716625 -167.079163 7.959450
v -35.498589 -166.638046 7.900573
v -35.923008 -166.264618 12.490541
v -16.479063 -174.493515 5.676350
v -16.655462 -173.047150 5.852726
v -16.768824 -172.047470 6.046196
v -15.467599 -170.838684 18.308311
v -15.896753 -169.542068 16.199947
v -16.095818 -168.994766 15.160166
v -16.243176 -168.784119 14.168385
v -16.605482 -167.424194 12.691345
v -16.989614 -166.007370 11.096766
v -17.379210 -164.611771 9.432267
v -17.757904 -163.315506 7.745476
v -17.848150 -163.060181 7.282320
v -17.933388 -162.899857 6.752586
v -17.996408 -162.905945 6.218604
v -18.020012 -163.149841 5.742701
v -18.003204 -163.499893 5.483552
v -17.957088 -164.000656 5.297394
v -17.884287 -164.635849 5.180925
v -17.787415 -165.389175 5.130847
v -17.404863 -168.200638 5.119710
v -16.885107 -171.905624 5.235723
v -16.458658 -174.957108 5.317639
v -16.736254 -171.741776 6.667632
v -16.645746 -172.159073 6.948040
v -16.608374 -172.900803 6.413609
v -16.505318 -174.050644 5.962487
v -16.204369 -177.114960 4.980232
v -16.957151 -171.655014 4.919398
v -17.823658 -165.330719 4.894511
v -18.435556 -160.816147 4.932370
v -15.517185 -170.433945 18.355778
v -15.917042 -174.930649 9.877258
v -16.072523 -174.140686 9.479018
v -16.258284 -173.221588 8.975040
v -16.442062 -172.398285 8.378238
v -16.591602 -171.895752 7.701511
v -16.702848 -171.127090 7.648888
v -16.899889 -169.211487 8.188444
v -16.847496 -169.230621 8.604756
v -16.760832 -169.461624 9.065725
v -16.658243 -169.823990 9.509882
v -16.558073 -170.237213 9.875742
v -16.426046 -171.369324 9.687117
v -16.246578 -172.678116 9.693516
v -16.062597 -173.939819 9.791402
v -15.579398 -172.970352 14.939274
v -15.787134 -172.083359 14.214861
v -15.994989 -171.262848 13.413536
v -16.207722 -170.526276 12.475571
v -16.430079 -169.891174 11.341236
v -16.460728 -169.608658 11.407522
v -16.472570 -169.397125 11.550027
v -16.465860 -169.258942 11.763933
v -16.437843 -169.220703 12.041903
v -16.077600 -170.436539 13.666210
v -15.925114 -171.257629 14.003847
v -15.757570 -172.100784 14.442198
v -16.814684 -170.254272 7.710276
v -16.652332 -171.048965 8.160530
v -16.110577 -170.238205 13.616909
v -16.842672 -171.347275 6.228151
v -16.749496 -172.639999 5.531254
v -16.750414 -170.557983 7.900969
v -16.816259 -170.024506 7.959450
v -16.889734 -169.537964 7.900573
v -16.371813 -169.311386 12.490541
v -11.460227 -174.894836 5.676351
v -11.056218 -173.494888 5.852727
v -10.785432 -172.525925 6.046196
v -11.878026 -171.125717 18.308311
v -11.248274 -169.913788 16.199947
v -10.964763 -169.405075 15.160166
v -10.785800 -169.220505 14.168386
v -10.211987 -167.935455 12.691345
v -9.607578 -166.597672 11.096766
v -9.001150 -165.281723 9.432267
v -8.421269 -164.062119 7.745476
v -8.291596 -163.824371 7.282320
v -8.181964 -163.679626 6.752586
v -8.120710 -163.695648 6.218604
v -8.136168 -163.940216 5.742701
v -8.208389 -164.283142 5.483552
v -8.333500 -164.770218 5.297394
v -8.506318 -165.385757 5.180925
v -8.721677 -166.114120 5.130847
v -9.546151 -168.829056 5.119710
v -10.648086 -172.404373 5.235723
v -11.554047 -175.349304 5.317639
v -10.769011 -172.218948 6.667632
v -10.924683 -172.616562 6.948040
v -11.079452 -173.342926 6.413609
v -11.363929 -174.461777 5.962488
v -12.148020 -177.439316 4.980232
v -10.537132 -172.168396 4.919398
v -8.676603 -166.062164 4.894511
v -7.355040 -161.702194 4.932370
v -11.764750 -170.734009 18.355778
v -12.084574 -175.237106 9.877258
v -11.805530 -174.481888 9.479018
v -11.476071 -173.603989 8.975040
v -11.163793 -172.820358 8.378238
v -10.936294 -172.347977 7.701511
v -10.704307 -171.606766 7.648888
v -10.205348 -169.746811 8.188444
v -10.260118 -169.757370 8.604756
v -10.382388 -169.971664 9.065725
v -10.541263 -170.313126 9.509882
v -10.705825 -170.705185 9.875742
v -11.016088 -171.801926 9.687117
v -11.401261 -173.065567 9.693516
v -11.783409 -174.281998 9.791402
v -12.106403 -173.248062 14.939274
v -11.760350 -172.405350 14.214862
v -11.424745 -171.628296 13.413536
v -11.097661 -170.934906 12.475571
v -10.777202 -170.343201 11.341236
v -10.702046 -170.069153 11.407522
v -10.656738 -169.862183 11.550026
v -10.641403 -169.724701 11.763933
v -10.662986 -169.682480 12.041903
v -11.211869 -170.825623 13.666210
v -11.492902 -171.612045 14.003847
v -11.792308 -172.417862 14.442198
v -10.455186 -170.762802 7.710277
v -10.741766 -171.521606 8.160530
v -11.147793 -170.635040 13.616909
v -10.601252 -171.846375 6.228151
v -10.898676 -173.107849 5.531254
v -10.566903 -171.052444 7.900970
v -10.417118 -170.536224 7.959450
v -10.267259 -170.067535 7.900573
v -10.742592 -169.761536 12.490541
v 9.710592 -175.000717 5.676350
v 9.320603 -173.596802 5.852726
v 9.059522 -172.625183 6.046196
v 10.166062 -171.235962 18.308311
v 9.548462 -170.017792 16.199947
v 9.270054 -169.506271 15.160166
v 9.092945 -169.319931 14.168385
v 8.532011 -168.029205 12.691345
v 7.941012 -166.685440 11.096766
v 7.347774 -165.363495 9.432267
v 6.780119 -164.138138 7.745476
v 6.652830 -163.899124 7.282320
v 6.544650 -163.753281 6.752586
v 6.483240 -163.768692 6.218604
v 6.496250 -164.013397 5.742701
v 6.565040 -164.357025 5.483552
v 6.685272 -164.845337 5.297394
v 6.851926 -165.462585 5.180925
v 7.059989 -166.193054 5.130847
v 7.857273 -168.916107 5.119710
v 8.923398 -172.502243 5.235723
v 9.799863 -175.456100 5.317639
v 9.046171 -172.318054 6.667632
v 9.197859 -172.717194 6.948040
v 9.345356 -173.445068 6.413609
v 9.618629 -174.566711 5.962487
v 10.372906 -177.551941 4.980232
v 8.814809 -172.265182 4.919398
v 7.015438 -166.140656 4.894511
v 5.737544 -161.767685 4.932370
v 10.056710 -170.843140 18.355778
v 10.331487 -175.349213 9.877258
v 10.060008 -174.591248 9.479018
v 9.739345 -173.710098 8.975040
v 9.434918 -172.923386 8.378238
v 9.212154 -172.448746 7.701511
v 8.987592 -171.705246 7.648888
v 8.507259 -169.840408 8.188444
v 8.561919 -169.851517 8.604756
v 8.682042 -170.067017 9.065725
v 8.837493 -170.410049 9.509882
v 8.998126 -170.803726 9.875742
v 9.297404 -171.903534 9.687117
v 9.669924 -173.170944 9.693516
v 10.039887 -174.391144 9.791402
v 10.373206 -173.360489 14.939274
v 10.035598 -172.514359 14.214861
v 9.707778 -171.733994 13.413536
v 9.387646 -171.037354 12.475571
v 9.073121 -170.442490 11.341236
v 9.000710 -170.167694 11.407522
v 8.957473 -169.960281 11.550027
v 8.943514 -169.822647 11.763933
v 8.965518 -169.780655 12.041903
v 9.502941 -170.929230 13.666210
v 9.776096 -171.718414 14.003847
v 10.067428 -172.527191 14.442198
v 8.746923 -170.858841 7.710276
v 9.025901 -171.620468 8.160530
v 9.440773 -170.738022 13.616909
v 8.882146 -171.943817 6.228151
v 9.166940 -173.208206 5.531254
v 8.855740 -171.149582 7.900969
v 8.711124 -170.631882 7.959450
v 8.565959 -170.161728 7.900573
v 9.044328 -169.860489 12.490541
v 14.733191 -174.649582 5.676351
v 14.924044 -173.205063 5.852727
v 15.047398 -172.206558 6.046196
v 13.758326 -170.984818 18.308311
v 14.200426 -169.692566 16.199947
v 14.404953 -169.147278 15.160166
v 14.554411 -168.938110 14.168386
v 14.930298 -167.581894 12.691345
v 15.328581 -166.168976 11.096766
v 15.732113 -164.777328 9.432267
v 16.123753 -163.484924 7.745476
v 16.216549 -163.230530 7.282320
v 16.303383 -163.071045 6.752586
v 16.366341 -163.077774 6.218604
v 16.387505 -163.321899 5.742701
v 16.367197 -163.671753 5.483552
v 16.316074 -164.172043 5.297394
v 16.236923 -164.806473 5.180925
v 16.132523 -165.558792 5.130847
v 15.721876 -168.366287 5.119710
v 15.165092 -172.065887 5.235723
v 14.708149 -175.112961 5.317639
v 15.017885 -171.900558 6.667632
v 14.923210 -172.316940 6.948040
v 14.878422 -173.058258 6.413609
v 14.763870 -174.207001 5.962488
v 14.432293 -177.268143 4.980232
v 15.239639 -171.816010 4.919398
v 16.169348 -165.500687 4.894511
v 16.826366 -160.992462 4.932370
v 13.811958 -170.580597 18.355778
v 14.166824 -175.081085 9.877258
v 14.330198 -174.292709 9.479018
v 14.525141 -173.375519 8.975040
v 14.717144 -172.554092 8.378238
v 14.871700 -172.053085 7.701511
v 14.990629 -171.285568 7.648888
v 15.206820 -169.372025 8.188444
v 15.154236 -169.390640 8.604756
v 15.065266 -169.620758 9.065725
v 14.959057 -169.982086 9.509882
v 14.854761 -170.394287 9.875742
v 14.711418 -171.525024 9.687117
v 14.518871 -172.831955 9.693516
v 14.322283 -174.091751 9.791402
v 13.848803 -173.117508 14.939274
v 14.065397 -172.232635 14.214862
v 14.281448 -171.414246 13.413536
v 14.501537 -170.679840 12.475571
v 14.730234 -170.046982 11.341236
v 14.763706 -169.764786 11.407522
v 14.777664 -169.553391 11.550026
v 14.772337 -169.415146 11.763933
v 14.744703 -169.376617 12.041903
v 14.372318 -170.588806 13.666210
v 14.211628 -171.408325 14.003847
v 14.035662 -172.249756 14.442198
v 15.111189 -170.413910 7.710277
v 14.940897 -171.206955 8.160530
v 14.407277 -170.390808 13.616909
v 15.128244 -171.507141 6.228151
v 15.022144 -172.798859 5.531254
v 15.043884 -170.716965 7.900970
v 15.115061 -170.184174 7.959450
v 15.193398 -169.698395 7.900573
v 14.677769 -169.466660 12.490541
v 35.683353 -171.599075 5.676350
v 35.088486 -170.268951 5.852726
v 34.685513 -169.347107 6.046196
v 35.572655 -167.808487 18.308311
v 34.780403 -166.695969 16.199947
v 34.428871 -166.231644 15.160166
v 34.225967 -166.073776 14.168385
v 33.478931 -164.881058 12.691345
v 32.694267 -163.640396 11.096766
v 31.910639 -162.421616 9.432267
v 31.166706 -161.294556 7.745476
v 31.005215 -161.077179 7.282320
v 30.876509 -160.949081 6.752586
v 30.818081 -160.973480 6.218604
v 30.867414 -161.213516 5.742701
v 30.986649 -161.543060 5.483552
v 31.178312 -162.007980 5.297394
v 31.435097 -162.593506 5.180925
v 31.749702 -163.284805 5.130847
v 32.943913 -165.858627 5.119710
v 34.532589 -169.245834 5.235723
v 35.839493 -172.036072 5.317639
v 34.626541 -169.045395 6.667632
v 34.836021 -169.417480 6.948040
v 35.090351 -170.115234 6.413609
v 35.527737 -171.183624 5.962487
v 36.718491 -174.023102 4.980232
v 34.389881 -169.027588 4.919398
v 31.697838 -163.239624 4.894511
v 29.782492 -159.105957 4.932370
v 35.405979 -167.436340 18.355778
v 36.349251 -171.851151 9.877258
v 35.967838 -171.142105 9.479018
v 35.519436 -170.318588 8.975040
v 35.101162 -169.586029 8.378238
v 34.810146 -169.149887 7.701511
v 34.477283 -168.448151 7.648888
v 33.724392 -166.675735 8.188444
v 33.780094 -166.678574 8.604756
v 33.930996 -166.873764 9.065725
v 34.135834 -167.189804 9.509882
v 34.353344 -167.555130 9.875742
v 34.813190 -168.598053 9.687117
v 35.370438 -169.795807 9.693516
v 35.918121 -170.947235 9.791402
v 36.094112 -169.878418 14.939274
v 35.634174 -169.092056 14.214861
v 35.193714 -168.369247 13.413536
v 34.773335 -167.728104 12.475571
v 34.373665 -167.186752 11.341236
v 34.261105 -166.925812 11.407522
v 34.187443 -166.727173 11.550027
v 34.153126 -166.593155 11.763933
v 34.168625 -166.548340 12.041903
v 34.871227 -167.604004 13.666210
v 35.258945 -168.343674 14.003847
v 35.667561 -169.099991 14.442198
v 34.113159 -167.647064 7.710276
v 34.502533 -168.358627 8.160530
v 34.781258 -167.424194 13.616909
v 34.408573 -168.699783 6.228151
v 34.878624 -169.907608 5.531254
v 34.264091 -167.918350 7.900969
v 34.043938 -167.427994 7.959450
v 33.830322 -166.984711 7.900573
v 34.258457 -166.615555 12.490541
v 40.597527 -170.503326 5.676351
v 40.570965 -169.046478 5.852727
v 40.544132 -168.040756 6.046196
v 39.087372 -167.024765 18.308311
v 39.331944 -165.681061 16.199947
v 39.452923 -165.111389 15.160166
v 39.569534 -164.882278 14.168386
v 39.739101 -163.485184 12.691345
v 39.922359 -162.028687 11.096766
v 40.113983 -160.592453 9.432267
v 40.308636 -159.256104 7.745476
v 40.362480 -158.990707 7.282320
v 40.424580 -158.820084 6.752586
v 40.487835 -158.817337 6.218604
v 40.545147 -159.055588 5.742701
v 40.577206 -159.404572 5.483552
v 40.601215 -159.906891 5.297394
v 40.617500 -160.546021 5.180925
v 40.626385 -161.305511 5.130847
v 40.638741 -164.142838 5.119710
v 40.639545 -167.884109 5.235723
v 40.641823 -170.965256 5.317639
v 40.469341 -167.742569 6.667632
v 40.437778 -168.168396 6.948040
v 40.503971 -168.908112 6.413609
v 40.561905 -170.061111 5.962488
v 40.690247 -173.137482 4.980232
v 40.676022 -167.625916 4.919398
v 40.654140 -161.242569 4.894511
v 40.631939 -156.686768 4.932370
v 39.080162 -166.617081 18.355778
v 40.101795 -171.014404 9.877258
v 40.145847 -170.210495 9.479018
v 40.201920 -169.274490 8.975040
v 40.269360 -168.433624 8.378238
v 40.347523 -167.915176 7.701511
v 40.350735 -167.138504 7.648888
v 40.279327 -165.214127 8.188444
v 40.230103 -165.240356 8.604756
v 40.176426 -165.481171 9.065725
v 40.125252 -165.854294 9.509882
v 40.083553 -166.277420 9.875742
v 40.110329 -167.416901 9.687117
v 40.114712 -168.737930 9.693516
v 40.108070 -170.012955 9.791402
v 39.494682 -169.120163 14.939274
v 39.576981 -168.212891 14.214862
v 39.668652 -167.371429 13.413536
v 39.776829 -166.612427 12.475571
v 39.908657 -165.952560 11.341236
v 39.899696 -165.668533 11.407522
v 39.881992 -165.457413 11.550026
v 39.856121 -165.321503 11.763933
v 39.823055 -165.287537 12.041903
v 39.635487 -166.541672 13.666210
v 39.598728 -167.375992 14.003847
v 39.550129 -168.234253 14.442198
v 40.340038 -166.258606 7.710277
v 40.289841 -167.068176 8.160530
v 39.640549 -166.340668 13.616909
v 40.519833 -167.337097 6.228151
v 40.607433 -168.630203 5.531254
v 40.318653 -166.568314 7.900970
v 40.309631 -166.030869 7.959450
v 40.314693 -165.538834 7.900573
v 39.770287 -165.386536 12.490541
v 60.859081 -164.364594 5.676350
v 60.072624 -163.137970 5.852726
v 59.536766 -162.286469 6.046196
v 60.184692 -160.632828 18.308311
v 59.235481 -159.650803 16.199947
v 58.818676 -159.244064 15.160166
v 58.594509 -159.118195 14.168385
v 57.678062 -158.050140 12.691345
v 56.717258 -156.940262 11.096766
v 55.760742 -155.851883 9.432267
v 54.857143 -154.848282 7.745476
v 54.665062 -154.657410 7.282320
v 54.518700 -154.549927 6.752586
v 54.464561 -154.582748 6.218604
v 54.549118 -154.812744 5.742701
v 54.716133 -155.120850 5.483552
v 54.974949 -155.552017 5.297394
v 55.316128 -156.092728 5.180925
v 55.730247 -156.729431 5.130847
v 57.294708 -159.096512 5.119710
v 59.370457 -162.209122 5.235723
v 61.078606 -164.773422 5.317639
v 59.433483 -161.996918 6.667632
v 59.696079 -162.333633 6.948040
v 60.051559 -162.985703 6.413609
v 60.643288 -163.976974 5.962487
v 62.243923 -166.607269 4.980232
v 59.196815 -162.014587 4.919398
v 55.672230 -156.692474 4.894511
v 53.162212 -152.890427 4.932370
v 59.964417 -160.289688 18.355778
v 61.555111 -164.514603 9.877258
v 61.072289 -163.870316 9.479018
v 60.506157 -163.122818 8.975040
v 59.983379 -162.460785 8.378238
v 59.630615 -162.072891 7.701511
v 59.196888 -161.428604 7.648888
v 58.188248 -159.788177 8.188444
v 58.243755 -159.782684 8.604756
v 58.422058 -159.953201 9.065725
v 58.671711 -160.235184 9.509882
v 58.941238 -160.564026 9.875742
v 59.551380 -161.526764 9.687117
v 60.280910 -162.628082 9.693516
v 60.994083 -163.685028 9.791402
v 61.008820 -162.601929 14.939274
v 60.436817 -161.892883 14.214861
v 59.893555 -161.243805 13.413536
v 59.382317 -160.672470 12.475571
v 58.906429 -160.196732 11.341236
v 58.756241 -159.955490 11.407522
v 58.653793 -159.770035 11.550027
v 58.599892 -159.642624 11.763933
v 58.608536 -159.596008 12.041903
v 59.460621 -160.535156 13.666210
v 59.954247 -161.208786 14.003847
v 60.471016 -161.895767 14.442198
v 58.717438 -160.690735 7.710276
v 59.208511 -161.336304 8.160530
v 59.344856 -160.370773 13.616909
v 59.166443 -161.687653 6.228151
v 59.811253 -162.811935 5.531254
v 58.907116 -160.936478 7.900969
v 58.616341 -160.484406 7.959450
v 58.339046 -160.077927 7.900573
v 58.707378 -159.649078 12.490541
v 65.555069 -162.548691 5.676351
v 65.311684 -161.112076 5.852727
v 65.135262 -160.121582 6.046196
v 63.543354 -159.334045 18.308311
v 63.584938 -157.968903 16.199947
v 63.619659 -157.387558 15.160166
v 63.700829 -157.143631 14.168386
v 63.660282 -155.736862 12.691345
v 63.624428 -154.269318 11.096766
v 63.599861 -152.820572 9.432267
v 63.593178 -151.470139 7.745476
v 63.606869 -151.199677 7.282320
v 63.642841 -151.021698 6.752586
v 63.704983 -151.009567 6.218604
v 63.797161 -151.236603 5.742701
v 63.880875 -151.576920 5.483552
v 63.979477 -152.070038 5.297394
v 64.090836 -152.699615 5.180925
v 64.212814 -153.449295 5.130847
v 64.647888 -156.253098 5.119710
v 65.206268 -159.952469 5.235723
v 65.667717 -162.998856 5.317639
v 65.016869 -159.837875 6.667632
v 65.049118 -160.263657 6.948040
v 65.224823 -160.985245 6.413609
v 65.453941 -162.116730 5.962488
v 66.039337 -165.139618 4.980232
v 65.203850 -159.691727 4.919398
v 64.230881 -153.382919 4.894511
v 63.529949 -148.881302 4.932370
v 63.475464 -158.931992 18.355778
v 65.141045 -163.127945 9.877258
v 65.064796 -162.326447 9.479018
v 64.980743 -161.392532 8.975040
v 64.922112 -160.551010 8.378238
v 64.922134 -160.026703 7.701511
v 64.809555 -159.258224 7.648888
v 64.452148 -157.365982 8.188444
v 64.407379 -157.399261 8.604756
v 64.390190 -157.645370 9.065725
v 64.395203 -158.021957 9.509882
v 64.417030 -158.446579 9.875742
v 64.613327 -159.569351 9.687117
v 64.814537 -160.874969 9.693516
v 64.998001 -162.136749 9.791402
v 64.258400 -161.345337 14.939274
v 64.204567 -160.435928 14.214862
v 64.169807 -159.590210 13.413536
v 64.163658 -158.823563 12.475571
v 64.195671 -158.151413 11.341236
v 64.144485 -157.871887 11.407522
v 64.095512 -157.665771 11.550026
v 64.049675 -157.535233 11.763933
v 64.011917 -157.506561 12.041903
v 64.013351 -158.774658 13.666210
v 64.101341 -159.605133 14.003847
v 64.181198 -160.461060 14.442198
v 64.667847 -158.389755 7.710277
v 64.738861 -159.197754 8.160530
v 63.988400 -158.575150 13.616909
v 65.006371 -159.429398 6.228151
v 65.285706 -160.695007 5.531254
v 64.692856 -158.699188 7.900970
v 64.603836 -158.169098 7.959450
v 64.535515 -157.681793 7.900573
v 63.974487 -157.612335 12.490541
v 84.675484 -153.458817 5.676350
v 83.714996 -152.363113 5.852726
v 83.058220 -151.600983 6.046196
v 83.452461 -149.869247 18.308311
v 82.367500 -149.039658 16.199947
v 81.894722 -148.699570 15.160166
v 81.654305 -148.608521 14.168385
v 80.588913 -147.688980 12.691345
v 79.473434 -146.734695 11.096766
v 78.365387 -145.801025 9.432267
v 77.322311 -144.943298 7.745476
v 77.103928 -144.783173 7.282320
v 76.943184 -144.698715 6.752586
v 76.894539 -144.739243 6.218604
v 77.012428 -144.954071 5.742701
v 77.223495 -145.233826 5.483552
v 77.543678 -145.621613 5.297394
v 77.961632 -146.105438 5.180925
v 78.466019 -146.673309 5.130847
v 80.365791 -148.780807 5.119710
v 82.882240 -151.549286 5.235723
v 84.953484 -153.830383 5.317639
v 82.912941 -151.330063 6.667632
v 83.222786 -151.623871 6.948040
v 83.671478 -152.215683 6.413609
v 84.404327 -153.107697 5.962487
v 86.379097 -155.470062 4.980232
v 82.681549 -151.382812 4.919398
v 78.403145 -146.645416 4.894511
v 75.354523 -143.259903 4.932370
v 83.183502 -149.562759 18.355778
v 85.386093 -153.503433 9.877258
v 84.812645 -152.938293 9.479018
v 84.141434 -152.283524 8.975040
v 83.525826 -151.706787 8.378238
v 83.119194 -151.375809 7.701511
v 82.594284 -150.803345 7.648888
v 81.352432 -149.331573 8.188444
v 81.406494 -149.317856 8.604756
v 81.608223 -149.459915 9.065725
v 81.897118 -149.701538 9.509882
v 82.212639 -149.986526 9.875742
v 82.959450 -150.847580 9.687117
v 83.844971 -151.827881 9.693516
v 84.707695 -152.766739 9.791402
v 84.560844 -151.693527 14.939274
v 83.889565 -151.077652 14.214861
v 83.255630 -150.516785 13.413536
v 82.664955 -150.028030 12.475571
v 82.123482 -149.628525 11.341236
v 81.939018 -149.412354 11.407522
v 81.810074 -149.244247 11.550027
v 81.737785 -149.126297 11.763933
v 81.739388 -149.078903 12.041903
v 82.721916 -149.880585 13.666210
v 83.310425 -150.473114 14.003847
v 83.923805 -151.075409 14.442198
v 82.010223 -150.145172 7.710276
v 82.592026 -150.710358 8.160530
v 82.582947 -149.735291 13.616909
v 82.602791 -151.064041 6.228151
v 83.407959 -152.079681 5.531254
v 82.234406 -150.359909 7.900969
v 81.879501 -149.956223 7.959450
v 81.544724 -149.595596 7.900573
v 81.845032 -149.116653 12.490541
v 89.048393 -150.963333 5.676351
v 88.593620 -149.579041 5.852727
v 88.271545 -148.625900 6.046196
v 86.580048 -148.084412 18.308311
v 86.417709 -146.728317 16.199947
v 86.365410 -146.148285 15.160166
v 86.409317 -145.894989 14.168386
v 86.159569 -144.509964 12.691345
v 85.905396 -143.064163 11.096766
v 85.665192 -141.635254 9.432267
v 85.457321 -140.300903 7.745476
v 85.430550 -140.031433 7.282320
v 85.439598 -139.850067 6.752586
v 85.499237 -139.828812 6.218604
v 85.624222 -140.039581 5.742701
v 85.757721 -140.363617 5.483552
v 85.928711 -140.836533 5.297394
v 86.132652 -141.442490 5.180925
v 86.364998 -142.165604 5.130847
v 87.213081 -144.873260 5.119710
v 88.316559 -148.448090 5.235723
v 89.226868 -151.391678 5.317639
v 88.112198 -148.363007 6.667632
v 88.207542 -148.779221 6.948040
v 88.488823 -149.466568 6.413609
v 88.884018 -150.551270 5.962488
v 89.913391 -153.453156 4.980232
v 88.275307 -148.190613 4.919398
v 86.372971 -142.097275 4.894511
v 85.008972 -137.750412 4.932370
v 86.452995 -147.696960 18.355778
v 88.725319 -151.597824 9.877258
v 88.530472 -150.816635 9.479018
v 88.308174 -149.905685 8.975040
v 88.124779 -149.082306 8.378238
v 88.046661 -148.563843 7.701511
v 87.820816 -147.820724 7.648888
v 87.185379 -146.002884 8.188444
v 87.146080 -146.042450 8.604756
v 87.165764 -146.288391 9.065725
v 87.226837 -146.660019 9.509882
v 87.311707 -147.076645 9.875742
v 87.673141 -148.157623 9.687117
v 88.066689 -149.418671 9.693516
v 88.436150 -150.639023 9.791402
v 87.586861 -149.966660 14.939274
v 87.398094 -149.075439 14.214862
v 87.237686 -148.244354 13.413536
v 87.117348 -147.487183 12.475571
v 87.048828 -146.817780 11.341236
v 86.956551 -146.548996 11.407522
v 86.877411 -146.352478 11.550026
v 86.812630 -146.230240 11.763933
v 86.771019 -146.207504 12.041903
v 86.961426 -147.461227 13.666210
v 87.172211 -148.269318 14.003847
v 87.378738 -149.103775 14.442198
v 87.551254 -146.983078 7.710277
v 87.741898 -147.771469 8.160530
v 86.907028 -147.267670 13.616909
v 88.040939 -147.960663 6.228151
v 88.505775 -149.170502 5.531254
v 87.622101 -147.285324 7.900970
v 87.455070 -146.774414 7.959450
v 87.314888 -146.302750 7.900573
v 86.749771 -146.317673 12.490541
v 106.600533 -139.125397 5.676350
v 105.487480 -138.185074 5.852726
v 104.724449 -137.529327 6.046196
v 104.856194 -135.758163 18.308311
v 103.659714 -135.099548 16.199947
v 103.141533 -134.833725 15.160166
v 102.890228 -134.779526 14.168385
v 101.699692 -134.029022 12.691345
v 100.454445 -133.251633 11.096766
v 99.219627 -132.493530 9.432267
v 98.060371 -131.800842 7.745476
v 97.820564 -131.675064 7.282320
v 97.649025 -131.615494 6.752586
v 97.606964 -131.662827 6.218604
v 97.755554 -131.857681 5.742701
v 98.005959 -132.102859 5.483552
v 98.380363 -132.438599 5.297394
v 98.865753 -132.854721 5.180925
v 99.449142 -133.341080 5.130847
v 101.641777 -135.141907 5.119710
v 104.542732 -137.504440 5.235723
v 106.930801 -139.451370 5.317639
v 104.540413 -137.283081 6.667632
v 104.890587 -137.527435 6.948040
v 105.422462 -138.045761 6.413609
v 106.280075 -138.818588 5.962487
v 108.584862 -140.860275 4.980232
v 104.319466 -137.369720 4.919398
v 99.382805 -133.322876 4.894511
v 95.863678 -130.429520 4.932370
v 104.544563 -135.495193 18.355778
v 107.309853 -139.063583 9.877258
v 106.658585 -138.590240 9.479018
v 105.897285 -138.042801 8.975040
v 105.202599 -137.564255 8.378238
v 104.751183 -137.297577 7.701511
v 104.146820 -136.809738 7.648888
v 102.699486 -135.539474 8.188444
v 102.750908 -135.517868 8.604756
v 102.971550 -135.628265 9.065725
v 103.293228 -135.824142 9.509882
v 103.647705 -136.058929 9.875742
v 104.514496 -136.799057 9.687117
v 105.536224 -137.636444 9.693516
v 106.529243 -138.436234 9.791402
v 106.224083 -137.396896 14.939274
v 105.468513 -136.887939 14.214861
v 104.758072 -136.427826 13.413536
v 104.101151 -136.032547 12.475571
v 103.506180 -135.718201 11.341236
v 103.291557 -135.531937 11.407522
v 103.139008 -135.384933 11.550027
v 103.049942 -135.279068 11.763933
v 103.044464 -135.231979 12.041903
v 104.135506 -135.878265 13.666210
v 104.805748 -136.376465 14.003847
v 105.502037 -136.880615 14.442198
v 103.471191 -136.245972 7.710276
v 104.130722 -136.718124 8.160530
v 103.976433 -135.755295 13.616909
v 104.194084 -137.066269 6.228151
v 105.141617 -137.950546 5.531254
v 103.724876 -136.424896 7.900969
v 103.313766 -136.078613 7.959450
v 102.928986 -135.771912 7.900573
v 103.154556 -135.253555 12.490541
v 110.552689 -136.006058 5.676351
v 109.896683 -134.705002 5.852727
v 109.436165 -133.810501 6.046196
v 107.682854 -133.527161 18.308311
v 107.320221 -132.210403 16.199947
v 107.182060 -131.644638 15.160166
v 107.187721 -131.387619 14.168386
v 106.734352 -130.055298 12.691345
v 106.267540 -128.663513 11.096766
v 105.817062 -127.286354 9.432267
v 105.412651 -125.997887 7.745476
v 105.346016 -125.735413 7.282320
v 105.327934 -125.554733 6.752586
v 105.383736 -125.524818 6.218604
v 105.538734 -125.714615 5.742701
v 105.719032 -126.015129 5.483552
v 105.958603 -126.457283 5.297394
v 106.250572 -127.026070 5.180925
v 106.588097 -127.706490 5.130847
v 107.830238 -130.257523 5.119710
v 109.454163 -133.627975 5.235723
v 110.793015 -136.403015 5.317639
v 109.239410 -133.574295 6.667632
v 109.395721 -133.971649 6.948040
v 109.776299 -134.609390 6.413609
v 110.328735 -135.623093 5.962488
v 111.779091 -138.339157 4.980232
v 109.375008 -133.379517 4.919398
v 106.585793 -127.637741 4.894511
v 104.589195 -123.542702 4.932370
v 107.499474 -133.162964 18.355778
v 110.327782 -136.681610 9.877258
v 110.018692 -135.938187 9.479018
v 109.663109 -135.070541 8.975040
v 109.359047 -134.283676 8.378238
v 109.204536 -133.782654 7.701511
v 108.870461 -133.081497 7.648888
v 107.971207 -131.378647 8.188444
v 107.938240 -131.423645 8.604756
v 107.994354 -131.663895 9.065725
v 108.110130 -132.022278 9.509882
v 108.256142 -132.421600 9.875742
v 108.774651 -133.436630 9.687117
v 109.351738 -134.624954 9.693516
v 109.898949 -135.776611 9.791402
v 108.958946 -135.238342 14.939274
v 108.639458 -134.385193 14.214862
v 108.356979 -133.587296 13.413536
v 108.125137 -132.856506 12.475571
v 107.957626 -132.204803 11.341236
v 107.826317 -131.952774 11.407522
v 107.718773 -131.770233 11.550026
v 107.636497 -131.659027 11.763933
v 107.591965 -131.642746 12.041903
v 107.967094 -132.854080 13.666210
v 108.295959 -133.621735 14.003847
v 108.624542 -134.416107 14.442198
v 108.479073 -132.293381 7.710277
v 108.785088 -133.044556 8.160530
v 107.884453 -132.670792 13.616909
v 109.108978 -133.187057 6.228151
v 109.748940 -134.314117 5.531254
v 108.594170 -132.581680 7.900970
v 108.352867 -132.101379 7.959450
v 108.143951 -131.655869 7.900573
v 107.587372 -131.754852 12.490541
v 126.144539 -121.684433 5.676350
v 124.903778 -120.920494 5.852726
v 124.051544 -120.385796 6.046196
v 123.917854 -118.614784 18.308311
v 122.636574 -118.141830 16.199947
v 122.084564 -117.956207 15.160166
v 121.827995 -117.940056 14.168385
v 120.538902 -117.375374 12.691345
v 119.191704 -116.792259 11.096766
v 117.857697 -116.226654 9.432267
v 116.608147 -115.714470 7.745476
v 116.352264 -115.625824 7.282320
v 116.173767 -115.592491 6.752586
v 116.139236 -115.645561 6.218604
v 116.315201 -115.816093 5.742701
v 116.599350 -116.021217 5.483552
v 117.019608 -116.297401 5.297394
v 117.561592 -116.636543 5.180925
v 118.210953 -117.030525 5.130847
v 120.647491 -118.484459 5.119710
v 123.868141 -120.388268 5.235723
v 126.519707 -121.957542 5.317639
v 123.832863 -120.169731 6.667632
v 124.215538 -120.359169 6.948040
v 124.818726 -120.792435 6.413609
v 125.781937 -121.428818 5.962487
v 128.365265 -123.104210 4.980232
v 123.627296 -120.288330 4.919398
v 118.142647 -117.022408 4.894511
v 114.231606 -114.685844 4.932370
v 123.570511 -118.401192 18.355778
v 126.836731 -121.517609 9.877258
v 126.122185 -121.146599 9.479018
v 125.287804 -120.718750 8.975040
v 124.529556 -120.349075 8.378238
v 124.043434 -120.152649 7.701511
v 123.373123 -119.760338 7.648888
v 121.752640 -118.719963 8.188444
v 121.800262 -118.690926 8.604756
v 122.034897 -118.767204 9.065725
v 122.382172 -118.912949 9.509882
v 122.767677 -119.092285 9.875742
v 123.735100 -119.694977 9.687117
v 124.870216 -120.370728 9.693516
v 125.971336 -121.013596 9.791402
v 125.514694 -120.031342 14.939274
v 124.691711 -119.640686 14.214861
v 123.920631 -119.291580 13.413536
v 123.212128 -118.998627 12.475571
v 122.576958 -118.776459 11.341236
v 122.336975 -118.624268 11.407522
v 122.164215 -118.501633 11.550027
v 122.060371 -118.410225 11.763933
v 122.047935 -118.364471 12.041903
v 123.223106 -118.840942 13.666210
v 123.960114 -119.233696 14.003847
v 124.723763 -119.628441 14.442198
v 122.621017 -119.303543 7.710276
v 123.343552 -119.672134 8.160530
v 123.047485 -118.743057 13.616909
v 123.458084 -120.006943 6.228151
v 124.526833 -120.740143 5.531254
v 122.898529 -119.442673 7.900969
v 122.440407 -119.161522 7.959450
v 122.014214 -118.915588 7.900573
v 122.160011 -118.369400 12.490541
v 129.587662 -118.010925 5.676351
v 128.745087 -116.822159 5.852727
v 128.156387 -116.006294 6.046196
v 126.380447 -115.987419 18.308311
v 125.825623 -114.739403 16.199947
v 125.604683 -114.200562 15.160166
v 125.571976 -113.945564 14.168386
v 124.925102 -112.695694 12.691345
v 124.256088 -111.389030 11.096766
v 123.605392 -110.094391 9.432267
v 123.013466 -108.880577 7.745476
v 122.908463 -108.630966 7.282320
v 122.863655 -108.455002 6.752586
v 122.914375 -108.417107 6.218604
v 123.095932 -108.581680 5.742701
v 123.319008 -108.851967 5.483552
v 123.621796 -109.253479 5.297394
v 123.995277 -109.772400 5.180925
v 124.430428 -110.394920 5.130847
v 126.038895 -112.732330 5.119710
v 128.146988 -115.823112 5.235723
v 129.884460 -118.367638 5.317639
v 127.926643 -115.802040 6.667632
v 128.140427 -116.171669 6.948040
v 128.611786 -116.745575 6.413609
v 129.309143 -117.665611 5.962488
v 131.148087 -120.135185 4.980232
v 128.031693 -115.589241 4.919398
v 124.417908 -110.327278 4.894511
v 121.833305 -106.575539 4.932370
v 126.144836 -115.654617 18.355778
v 129.465958 -118.712456 9.877258
v 129.049515 -118.023399 9.479018
v 128.568588 -117.218437 8.975040
v 128.150665 -116.485680 8.378238
v 127.923210 -116.013283 7.701511
v 127.488373 -115.369743 7.648888
v 126.345375 -113.819931 8.188444
v 126.319481 -113.869331 8.604756
v 126.410774 -114.098549 9.065725
v 126.578674 -114.435661 9.509882
v 126.782562 -114.808769 9.875742
v 127.446556 -115.735191 9.687117
v 128.194290 -116.824226 9.693516
v 128.907028 -117.881470 9.791402
v 127.897308 -117.489304 14.939274
v 127.454247 -116.693306 14.214862
v 127.056000 -115.946419 13.413536
v 126.717842 -115.258347 12.475571
v 126.455070 -114.638870 11.341236
v 126.287674 -114.409233 11.407522
v 126.154121 -114.244766 11.550026
v 126.056190 -114.147049 11.763933
v 126.009727 -114.137604 12.041903
v 126.561195 -115.279495 13.666210
v 127.000793 -115.989563 14.003847
v 127.444099 -116.726089 14.442198
v 126.983894 -114.648750 7.710277
v 127.398445 -115.345932 8.160530
v 126.452164 -115.110580 13.616909
v 127.739960 -115.438576 6.228151
v 128.540726 -116.457672 5.531254
v 127.140678 -114.916687 7.900970
v 126.830482 -114.477707 7.959450
v 126.557503 -114.068306 7.900573
v 126.021896 -114.249130 12.490541
v 142.870956 -101.525505 5.676350
v 141.530197 -100.955025 5.852726
v 140.607788 -100.553307 6.046196
v 140.211655 -98.821999 18.308311
v 138.874191 -98.545280 16.199947
v 138.300690 -98.444000 15.160166
v 138.044571 -98.466270 14.168385
v 136.685715 -98.100006 12.691345
v 135.266663 -97.724190 11.096766
v 133.863266 -97.363716 9.432267
v 132.551331 -97.043472 7.745476
v 132.285095 -96.993958 7.282320
v 132.103622 -96.987595 6.752586
v 132.077393 -97.045219 6.218604
v 132.276810 -97.187622 5.742701
v 132.588348 -97.348106 5.483552
v 133.045074 -97.558578 5.297394
v 133.631561 -97.813156 5.180925
v 134.332382 -98.105965 5.130847
v 136.958389 -99.180527 5.119710
v 140.426804 -100.583084 5.235723
v 143.282639 -101.739655 5.317639
v 140.359360 -100.372246 6.667632
v 140.765991 -100.502533 6.948040
v 141.427017 -100.841064 6.413609
v 142.474304 -101.326790 5.962487
v 145.278488 -102.598465 4.980232
v 140.173767 -100.520157 4.919398
v 134.263626 -98.108116 4.894511
v 130.048035 -96.380524 4.932370
v 139.836365 -98.662560 18.355778
v 143.530548 -101.257385 9.877258
v 142.768692 -100.997017 9.479018
v 141.879868 -100.698296 8.975040
v 141.074997 -100.445755 8.378238
v 140.565033 -100.323967 7.701511
v 139.843735 -100.035942 7.648888
v 138.086288 -99.248688 8.188444
v 138.129059 -99.212883 8.604756
v 138.372437 -99.253342 9.065725
v 138.737564 -99.345703 9.509882
v 139.145493 -99.465584 9.875742
v 140.191925 -99.917366 9.687117
v 141.415070 -100.416397 9.693516
v 142.599716 -100.887978 9.791402
v 142.001770 -99.984749 14.939274
v 141.129761 -99.721107 14.214861
v 140.315262 -99.490822 13.413536
v 139.571014 -99.306732 12.475571
v 138.909836 -99.181709 11.341236
v 138.649841 -99.066978 11.407522
v 138.460739 -98.971458 11.550027
v 138.344421 -98.896553 11.763933
v 138.325317 -98.853165 12.041903
v 139.558365 -99.149170 13.666210
v 140.345688 -99.427696 14.003847
v 141.159637 -99.704224 14.442198
v 139.031952 -99.696342 7.710276
v 139.801346 -99.953133 8.160530
v 139.370117 -99.078552 13.616909
v 139.964508 -100.267136 6.228151
v 141.130585 -100.832863 5.531254
v 139.327103 -99.792549 7.900969
v 138.832199 -99.582817 7.959450
v 138.374100 -99.403152 7.900573
v 138.436874 -98.841331 12.490541
v 145.728149 -97.379883 5.676351
v 144.717819 -96.329971 5.852727
v 144.014114 -95.610954 6.046196
v 142.255173 -95.856964 18.308311
v 141.520554 -94.705582 16.199947
v 141.221771 -94.205681 15.160166
v 141.151428 -93.958412 14.168386
v 140.325500 -92.818901 12.691345
v 139.469223 -91.626541 11.096766
v 138.632843 -90.443336 9.432267
v 137.866638 -89.331299 7.745476
v 137.725601 -89.100128 7.282320
v 137.655060 -88.932800 6.752586
v 137.699570 -88.887772 6.218604
v 137.903625 -89.023445 5.742701
v 138.164490 -89.257469 5.483552
v 138.523743 -89.609375 5.297394
v 138.970383 -90.066833 5.180925
v 139.493454 -90.617554 5.130847
v 141.432312 -92.689133 5.119710
v 143.977509 -95.431229 5.235723
v 146.074799 -97.688377 5.317639
v 143.756470 -95.443230 6.667632
v 144.022964 -95.776863 6.948040
v 144.574600 -96.274101 6.413609
v 145.401276 -97.079933 5.962488
v 147.587738 -99.247864 4.980232
v 143.828644 -95.217140 4.919398
v 139.470993 -90.552536 4.894511
v 136.356110 -87.227882 4.932370
v 141.972595 -95.562996 18.355778
v 145.712357 -98.091713 9.877258
v 145.197876 -97.472420 9.479018
v 144.602356 -96.748123 8.975040
v 144.079880 -96.085838 8.378238
v 143.784561 -95.652618 7.701511
v 143.258667 -95.081070 7.648888
v 141.897461 -93.718918 8.188444
v 141.879227 -93.771629 8.604756
v 142.003662 -93.984673 9.065725
v 142.219925 -94.293007 9.509882
v 142.477142 -94.631554 9.875742
v 143.271790 -95.448669 9.687117
v 144.173492 -96.414093 9.693516
v 145.035828 -97.353310 9.791402
v 143.978928 -97.116005 14.939274
v 143.422180 -96.394936 14.214862
v 142.917068 -95.715744 13.413536
v 142.480148 -95.085754 12.475571
v 142.127975 -94.512367 11.341236
v 141.928238 -94.310242 11.407522
v 141.771652 -94.167511 11.550026
v 141.660263 -94.085480 11.763933
v 141.612915 -94.083061 12.041903
v 142.328400 -95.130020 13.666210
v 142.868912 -95.766640 14.003847
v 143.417038 -96.428864 14.442198
v 142.652374 -94.443314 7.710277
v 143.166199 -95.070930 8.160530
v 142.195404 -94.979233 13.616909
v 143.517715 -95.111641 6.228151
v 144.461426 -96.000000 5.531254
v 142.847336 -94.684898 7.900970
v 142.475189 -94.297050 7.959450
v 142.144241 -93.932907 7.900573
v 141.641556 -94.191528 12.490541
v 156.406219 -79.098915 5.676350
v 154.995422 -78.734619 5.852726
v 154.023438 -78.474861 6.046196
v 153.373703 -76.821922 18.308311
v 152.009949 -76.747627 16.199947
v 151.427750 -76.732948 15.160166
v 151.177811 -76.793137 14.168385
v 149.779541 -76.633484 12.691345
v 148.320328 -76.473351 11.096766
v 146.878876 -76.326057 9.432267
v 145.533875 -76.204918 7.745476
v 145.263229 -76.195633 7.282320
v 145.082840 -76.216385 6.752586
v 145.065475 -76.277275 6.218604
v 145.283890 -76.388367 5.742701
v 145.615875 -76.500633 5.483552
v 146.098862 -76.640686 5.297394
v 146.716736 -76.805008 5.180925
v 147.453369 -76.990105 5.130847
v 150.210205 -77.661301 5.119710
v 153.848923 -78.531273 5.235723
v 156.845215 -79.249313 5.317639
v 153.750793 -78.332848 6.667632
v 154.172302 -78.401077 6.948040
v 154.876404 -78.637314 6.413609
v 155.984390 -78.961533 5.962487
v 158.946777 -79.801079 4.980232
v 153.589310 -78.506767 4.919398
v 147.385712 -77.002472 4.894511
v 142.959717 -75.922455 4.932370
v 152.978836 -76.720192 18.355778
v 157.018494 -78.735481 9.877258
v 156.226349 -78.591560 9.479018
v 155.302917 -78.428642 8.975040
v 154.469406 -78.298882 8.378238
v 153.946976 -78.254456 7.701511
v 153.190811 -78.077141 7.648888
v 151.335678 -77.560608 8.188444
v 151.372620 -77.518822 8.604756
v 151.619324 -77.522560 9.065725
v 151.994125 -77.559471 9.509882
v 152.415359 -77.617218 9.875742
v 153.517441 -77.907997 9.687117
v 154.801300 -78.219162 9.693516
v 156.042999 -78.508926 9.791402
v 155.317123 -77.704903 14.939274
v 154.415558 -77.574165 14.214861
v 153.575836 -77.467834 13.413536
v 152.812469 -77.396721 12.475571
v 152.140030 -77.371635 11.341236
v 151.865845 -77.296936 11.407522
v 151.664612 -77.230667 11.550027
v 151.538437 -77.173927 11.763933
v 151.513077 -77.133873 12.041903
v 152.776474 -77.242805 13.666210
v 153.596512 -77.400887 14.003847
v 154.442581 -77.553017 14.442198
v 152.337479 -77.862320 7.710276
v 153.136551 -78.001579 8.160530
v 152.579803 -77.201035 13.616909
v 153.344681 -78.287758 6.228151
v 154.582062 -78.673378 5.531254
v 152.643677 -77.913467 7.900969
v 152.123032 -77.779831 7.959450
v 151.643280 -77.670448 7.900573
v 151.621628 -77.105553 12.490541
v 158.613663 -74.573761 5.676351
v 157.458145 -73.686150 5.852727
v 156.655136 -73.080040 6.046196
v 154.952499 -73.585442 18.308311
v 154.054489 -72.556404 16.199947
v 153.684540 -72.106613 15.160166
v 153.578140 -71.872589 14.168386
v 152.591614 -70.868896 12.691345
v 151.567184 -69.817467 11.096766
v 150.563812 -68.772125 9.432267
v 149.640427 -67.786697 7.745476
v 149.466507 -67.579124 7.282320
v 149.371826 -67.424179 6.752586
v 149.409134 -67.373024 6.218604
v 149.631134 -67.476768 5.742701
v 149.923950 -67.669304 5.483552
v 150.331635 -67.963737 5.297394
v 150.841476 -68.349525 5.180925
v 151.440781 -68.816132 5.130847
v 153.666718 -70.575623 5.119710
v 156.592163 -72.907768 5.235723
v 159.002426 -74.827156 5.317639
v 156.375381 -72.952583 6.667632
v 156.688614 -73.242775 6.948040
v 157.308197 -73.652252 6.413609
v 158.245743 -74.325882 5.962488
v 160.730881 -76.143738 4.980232
v 156.413040 -72.718262 4.919398
v 151.408875 -68.755188 4.894511
v 147.833298 -65.931892 4.932370
v 154.629272 -73.336876 18.355778
v 158.704132 -75.279999 9.877258
v 158.103104 -74.744301 9.479018
v 157.406296 -74.116837 8.975040
v 156.790955 -73.539818 8.378238
v 156.434357 -73.155441 7.701511
v 155.829163 -72.668655 7.648888
v 154.280151 -71.524582 8.188444
v 154.269958 -71.579422 8.604756
v 154.424759 -71.771545 9.065725
v 154.684555 -72.044205 9.509882
v 154.989365 -72.340637 9.875742
v 155.896912 -73.030197 9.687117
v 156.932434 -73.850464 9.693516
v 157.925110 -74.650665 9.791402
v 156.844650 -74.573532 14.939274
v 156.186661 -73.943481 14.214862
v 155.585968 -73.347153 13.413536
v 155.060028 -72.789314 12.475571
v 154.626343 -72.274811 11.341236
v 154.398697 -72.104713 11.407522
v 154.222610 -71.986916 11.550026
v 154.100220 -71.922409 11.763933
v 154.053040 -71.927071 12.041903
v 154.916580 -72.855698 13.666210
v 155.545929 -73.404655 14.003847
v 156.186630 -73.977798 14.442198
v 155.134583 -72.128387 7.710277
v 155.736206 -72.672417 8.160530
v 154.762604 -72.726418 13.616909
v 156.089859 -72.660286 6.228151
v 157.155441 -73.398079 5.531254
v 155.363373 -72.338211 7.900970
v 154.937576 -72.010155 7.959450
v 154.556061 -71.699402 7.900573
v 154.097534 -72.030052 12.490541
v 166.447968 -54.905567 5.676350
v 164.998611 -54.755596 5.852726
v 163.998795 -54.643600 6.046196
v 163.109955 -53.105957 18.308311
v 161.750351 -53.235741 16.199947
v 161.172470 -53.307987 15.160166
v 160.934296 -53.404758 14.168385
v 159.527863 -53.455276 12.691345
v 158.061066 -53.514408 11.096766
v 156.613754 -53.583584 9.432267
v 155.265732 -53.664249 7.745476
v 154.996719 -53.695400 7.282320
v 154.821442 -53.742813 6.752586
v 154.813354 -53.805607 6.218604
v 155.045883 -53.882908 5.742701
v 155.390884 -53.944439 5.483552
v 155.889359 -54.010944 5.297394
v 156.524811 -54.081352 5.180925
v 157.280807 -54.154591 5.130847
v 160.106888 -54.407433 5.119710
v 163.834610 -54.725395 5.235723
v 166.904465 -54.988861 5.317639
v 163.708023 -54.543804 6.667632
v 164.134995 -54.548454 6.948040
v 164.866425 -54.677116 6.413609
v 166.010361 -54.832584 5.962487
v 169.064789 -55.221260 4.980232
v 163.574265 -54.739849 4.919398
v 157.215744 -54.176910 4.894511
v 152.678223 -53.768578 4.932370
v 162.704346 -53.064213 18.355778
v 166.999237 -54.454945 9.877258
v 166.194473 -54.430691 9.479018
v 165.257095 -54.407211 8.975040
v 164.413544 -54.403126 8.378238
v 163.890320 -54.437054 7.701511
v 163.116180 -54.374416 7.648888
v 161.204773 -54.140125 8.188444
v 161.235092 -54.093304 8.604756
v 161.479584 -54.060234 9.065725
v 161.855698 -54.040878 9.509882
v 162.280853 -54.035198 9.875742
v 163.413956 -54.158478 9.687117
v 164.729858 -54.274830 9.693516
v 166.000854 -54.376305 9.791402
v 165.163269 -53.689438 14.939274
v 164.252289 -53.694527 14.214861
v 163.406097 -53.714531 13.413536
v 162.640656 -53.757980 12.475571
v 161.971985 -53.833393 11.341236
v 161.689728 -53.800388 11.407522
v 161.480881 -53.764847 11.550027
v 161.347656 -53.727551 11.763933
v 161.316605 -53.691723 12.041903
v 162.582123 -53.611145 13.666210
v 163.416565 -53.645248 14.003847
v 164.275848 -53.669582 14.442198
v 162.240356 -54.289169 7.710276
v 163.051270 -54.307781 8.160530
v 162.381424 -53.599152 13.616909
v 163.299728 -54.559742 6.228151
v 164.580750 -54.756645 5.531254
v 162.550766 -54.294113 7.900969
v 162.016022 -54.239563 7.959450
v 161.525330 -54.202896 7.900573
v 161.419724 -53.647537 12.490541
v 167.956345 -50.101967 5.676351
v 166.681442 -49.396484 5.852727
v 165.797073 -48.916813 6.046196
v 164.188782 -49.670326 18.308311
v 163.147430 -48.786613 16.199947
v 162.714584 -48.396984 15.160166
v 162.574478 -48.181427 14.168386
v 161.449387 -47.335979 12.691345
v 160.279709 -46.448963 11.096766
v 159.131744 -45.564831 9.432267
v 158.071808 -44.728031 7.745476
v 157.868912 -44.548695 7.282320
v 157.752182 -44.409592 6.752586
v 157.781448 -44.353443 6.218604
v 158.016434 -44.422947 5.742701
v 158.334671 -44.569691 5.483552
v 158.781693 -44.800076 5.297394
v 159.343323 -45.105572 5.180925
v 160.005478 -45.477654 5.130847
v 162.468796 -46.885754 5.119710
v 165.709122 -48.755852 5.235723
v 168.378525 -50.294590 5.317639
v 165.501450 -48.832474 6.667632
v 165.854431 -49.072742 6.948040
v 166.528122 -49.385307 6.413609
v 167.555588 -49.911690 5.962488
v 170.283890 -51.338871 4.980232
v 165.503769 -48.595161 4.919398
v 159.964859 -45.422146 4.894511
v 156.008438 -43.163265 4.932370
v 163.832108 -49.472706 18.355778
v 168.151062 -50.786835 9.877258
v 167.476898 -50.346691 9.479018
v 166.694351 -49.830090 8.975040
v 165.999893 -49.351219 8.378238
v 165.589996 -49.024281 7.701511
v 164.919006 -48.633125 7.648888
v 163.216782 -47.732693 8.188444
v 163.214890 -47.788437 8.604756
v 163.396591 -47.955341 9.065725
v 163.694138 -48.186230 9.509882
v 164.039719 -48.433926 9.875742
v 165.039886 -48.980530 9.687117
v 166.186081 -49.637310 9.693516
v 167.286942 -50.280632 9.791402
v 166.207062 -50.365383 14.939274
v 165.462509 -49.840435 14.214862
v 164.779648 -49.340286 13.413536
v 164.176453 -48.867065 12.475571
v 163.670929 -48.422943 11.341236
v 163.420471 -48.288673 11.407522
v 163.228790 -48.198433 11.550026
v 163.098160 -48.152882 11.763933
v 163.052200 -48.164524 12.041903
v 164.044495 -48.954086 13.666210
v 164.748642 -49.403114 14.003847
v 165.467590 -49.874374 14.442198
v 164.151672 -48.202400 7.710277
v 164.827652 -48.650692 8.160530
v 163.872955 -48.849197 13.616909
v 165.175552 -48.585991 6.228151
v 166.339188 -49.156746 5.531254
v 164.409180 -48.375786 7.900970
v 163.939255 -48.114857 7.959450
v 163.515686 -47.864437 7.900573
v 163.111557 -48.259727 12.490541
v 172.771927 -29.485823 5.676350
v 171.316406 -29.553534 5.852726
v 170.311066 -29.591797 6.046196
v 169.202988 -28.203794 18.308311
v 167.877914 -28.534754 16.199947
v 167.317261 -28.692318 15.160166
v 167.096161 -28.823507 14.168385
v 165.712952 -29.083069 12.691345
v 164.271362 -29.360140 11.096766
v 162.850525 -29.644245 9.432267
v 161.529572 -29.924915 7.745476
v 161.268219 -29.995808 7.282320
v 161.101959 -30.068811 6.752586
v 161.103317 -30.132113 6.218604
v 161.344772 -30.173895 5.742701
v 161.695099 -30.183319 5.483552
v 162.197906 -30.174793 5.297394
v 162.836761 -30.149712 5.180925
v 163.595230 -30.109463 5.130847
v 166.427429 -29.938293 5.119710
v 170.160904 -29.697144 5.235723
v 173.235748 -29.500154 5.317639
v 170.008667 -29.536449 6.667632
v 170.431564 -29.477413 6.948040
v 171.174011 -29.495630 6.413609
v 172.328339 -29.478874 5.962487
v 175.406570 -29.407993 4.980232
v 169.905624 -29.750238 4.919398
v 163.534210 -30.141230 4.894511
v 158.986526 -30.413704 4.932370
v 168.795685 -28.222965 18.355778
v 173.249878 -28.958076 9.877258
v 172.450500 -29.054029 9.479018
v 171.520081 -29.170517 8.975040
v 170.685333 -29.292194 8.378238
v 170.173019 -29.403721 7.701511
v 169.398193 -29.457157 7.648888
v 167.473221 -29.510349 8.188444
v 167.496216 -29.459534 8.604756
v 167.733047 -29.390394 9.065725
v 168.102081 -29.315197 9.509882
v 168.521637 -29.246220 9.875742
v 169.660461 -29.199251 9.687117
v 170.979004 -29.118189 9.693516
v 172.250931 -29.029106 9.791402
v 171.320328 -28.474739 14.939274
v 170.420273 -28.615541 14.214861
v 169.586517 -28.761436 13.413536
v 168.836105 -28.918474 12.475571
v 168.186142 -29.092699 11.341236
v 167.902130 -29.102129 11.407522
v 167.690292 -29.098116 11.550027
v 167.553009 -29.081087 11.763933
v 167.516968 -29.050289 12.041903
v 168.756348 -28.782005 13.666210
v 169.586548 -28.691366 14.003847
v 170.439865 -28.587364 14.442198
v 168.519440 -29.503389 7.710276
v 169.324066 -29.400940 8.160530
v 168.556091 -28.800053 13.616909
v 169.607300 -29.613060 6.228151
v 170.903366 -29.616846 5.531254
v 168.827118 -29.462017 7.900969
v 168.290222 -29.487774 7.959450
v 167.799545 -29.524645 7.900573
v 167.612350 -28.991226 12.490541
v 173.547562 -24.511068 5.676351
v 172.181747 -24.003469 5.852727
v 171.235764 -23.660961 6.046196
v 169.757736 -24.645748 18.308311
v 168.596313 -23.927103 16.199947
v 168.110229 -23.606333 15.160166
v 167.939575 -23.414066 14.168386
v 166.701035 -22.745733 12.691345
v 165.412231 -22.042946 11.096766
v 164.145325 -21.339777 9.432267
v 162.972504 -20.670290 7.745476
v 162.745148 -20.523195 7.282320
v 162.608994 -20.403042 6.752586
v 162.629562 -20.343161 6.218604
v 162.872269 -20.376867 5.742701
v 163.208847 -20.474539 5.483552
v 163.685196 -20.635735 5.297394
v 164.286087 -20.854116 5.180925
v 164.996292 -21.123354 5.130847
v 167.641953 -22.148609 5.119710
v 171.124817 -23.514906 5.235723
v 173.993729 -24.638622 5.317639
v 170.930878 -23.621622 6.667632
v 171.315720 -23.806601 6.948040
v 172.028473 -24.015270 6.413609
v 173.122910 -24.382645 5.962488
v 176.033447 -25.387274 4.980232
v 170.897797 -23.386610 4.919398
v 164.947861 -21.074520 4.894511
v 160.698975 -19.430513 4.932370
v 169.375595 -24.503489 18.355778
v 173.842163 -25.159271 9.877258
v 173.109940 -24.824514 9.479018
v 172.259140 -24.430307 8.975040
v 171.501068 -24.060284 8.378238
v 171.047028 -23.798088 7.701511
v 170.325241 -23.511303 7.648888
v 168.507828 -22.874611 8.188444
v 168.514252 -22.930017 8.604756
v 168.718811 -23.067976 9.065725
v 169.047424 -23.251947 9.509882
v 169.426071 -23.445375 9.875742
v 170.496536 -23.836809 9.687117
v 171.727814 -24.315430 9.693516
v 172.912262 -24.787502 9.791402
v 171.857056 -25.032249 14.939274
v 171.042603 -24.624126 14.214862
v 170.292831 -24.231335 13.413536
v 169.625839 -23.853298 12.475571
v 169.059769 -23.489477 11.341236
v 168.792099 -23.394030 11.407522
v 168.589111 -23.333368 11.550026
v 168.453156 -23.307791 11.763933
v 168.409439 -23.326155 12.041903
v 169.508316 -23.959011 13.666210
v 170.271515 -24.298084 14.003847
v 171.052673 -24.656929 14.442198
v 169.502274 -23.199747 7.710277
v 170.237518 -23.542288 8.160530
v 169.323074 -23.880859 13.616909
v 170.571884 -23.426462 6.228151
v 171.807587 -23.817419 5.531254
v 169.782745 -23.332819 7.900970
v 169.279175 -23.144838 7.959450
v 168.823013 -22.960340 7.900573
v 168.482315 -23.411449 12.490541
v 175.236801 -3.407480 5.676350
v 173.807648 -3.691356 5.852726
v 172.819214 -3.879025 6.046196
v 171.516663 -2.671664 18.308311
v 170.255707 -3.196410 16.199947
v 169.724792 -3.435774 15.160166
v 169.525726 -3.598447 14.168385
v 168.196655 -4.061257 12.691345
v 166.812454 -4.550081 11.096766
v 165.449829 -5.042768 9.432267
v 164.185455 -5.517171 7.745476
v 163.937576 -5.626224 7.282320
v 163.784058 -5.723191 6.752586
v 163.794830 -5.785583 6.218604
v 164.039810 -5.790914 5.742701
v 164.387634 -5.748022 5.483552
v 164.883560 -5.664654 5.297394
v 165.511551 -5.544639 5.180925
v 166.255539 -5.391802 5.130847
v 169.030594 -4.800449 5.119710
v 172.686447 -4.005572 5.235723
v 175.697586 -3.352524 5.317639
v 172.511948 -3.869364 6.667632
v 172.921326 -3.747959 6.948040
v 173.658203 -3.655323 6.413609
v 174.797134 -3.466719 5.962487
v 177.830429 -2.937865 4.980232
v 172.441925 -4.096122 4.919398
v 166.199951 -5.432308 4.894511
v 161.743652 -6.379505 4.932370
v 171.116760 -2.751325 18.355778
v 175.630768 -2.814395 9.877258
v 174.854614 -3.028413 9.479018
v 173.951950 -3.282263 8.975040
v 173.144669 -3.526987 8.378238
v 172.654694 -3.713622 7.701511
v 171.896484 -3.881938 7.648888
v 170.000931 -4.221426 8.188444
v 170.016098 -4.167750 8.604756
v 170.239990 -4.064085 9.065725
v 170.593689 -3.934730 9.509882
v 170.998276 -3.803995 9.875742
v 172.117386 -3.587826 9.687117
v 173.409119 -3.311159 9.693516
v 174.653564 -3.033508 9.791402
v 173.650742 -2.624026 14.939274
v 172.781723 -2.897395 14.214861
v 171.979019 -3.165919 13.413536
v 171.260391 -3.433043 12.475571
v 170.643646 -3.702188 11.341236
v 170.364212 -3.753841 11.407522
v 170.154160 -3.781442 11.550027
v 170.015854 -3.785065 11.763933
v 169.975632 -3.759982 12.041903
v 171.161179 -3.309983 13.666210
v 171.968597 -3.096628 14.003847
v 172.796890 -2.866612 14.442198
v 171.034439 -4.058617 7.710276
v 171.814804 -3.837394 8.160530
v 170.965866 -3.357673 13.616909
v 172.126495 -4.004934 6.228151
v 173.408646 -3.815520 5.531254
v 171.332504 -3.971854 7.900969
v 170.805450 -4.077338 7.959450
v 170.325745 -4.186926 7.900573
v 170.061142 -3.687365 12.490541
v 175.262375 1.627313 5.676351
v 173.836166 1.925690 5.852727
v 172.849701 2.123389 6.046196
v 171.534943 0.929322 18.308311
v 170.279388 1.466848 16.199947
v 169.750931 1.711593 15.160166
v 169.553528 1.876279 14.168386
v 168.229218 2.352566 12.691345
v 166.850052 2.855424 11.096766
v 165.492508 3.361926 9.432267
v 164.233017 3.849147 7.745476
v 163.986267 3.960712 7.282320
v 163.833725 4.059234 6.752586
v 163.845139 4.121512 6.218604
v 164.090164 4.124355 5.742701
v 164.437531 4.077933 5.483552
v 164.932587 3.989531 5.297394
v 165.559311 3.863144 5.180925
v 166.301727 3.702758 5.130847
v 169.070633 3.083249 5.119710
v 172.718216 2.251279 5.235723
v 175.722565 1.567680 5.317639
v 172.542343 2.116851 6.667632
v 172.950470 1.991293 6.948040
v 173.686356 1.891177 6.413609
v 174.823318 1.691015 5.962488
v 177.851089 1.131378 4.980232
v 172.474625 2.344307 4.919398
v 166.246536 3.743826 4.894511
v 161.800095 4.736240 4.932370
v 171.135880 1.013040 18.355778
v 175.650284 1.030256 9.877258
v 174.876343 1.252147 9.479018
v 173.976303 1.515152 8.975040
v 173.171555 1.768064 8.378238
v 172.683502 1.959666 7.701511
v 171.927032 2.135675 7.648888
v 170.035034 2.494400 8.188444
v 170.049652 2.440571 8.604756
v 170.272476 2.334639 9.065725
v 170.624847 2.201697 9.509882
v 171.028076 2.066859 9.875742
v 172.144943 1.839334 9.687117
v 173.433792 1.549562 9.693516
v 174.675369 1.259284 9.791402
v 173.668427 0.860010 14.939274
v 172.802231 1.142191 14.214862
v 172.002289 1.418855 13.413536
v 171.286407 1.693264 12.475571
v 170.672440 1.968660 11.341236
v 170.393539 2.023149 11.407522
v 170.183777 2.052881 11.550026
v 170.045517 2.057909 11.763933
v 170.005035 2.033237 12.041903
v 171.185959 1.571219 13.666210
v 171.991165 1.349674 14.003847
v 172.817093 1.111256 14.442198
v 171.066833 2.321101 7.710277
v 171.844910 2.091963 8.160530
v 170.991150 1.620890 13.616909
v 172.158279 2.256329 6.228151
v 173.438446 2.053901 5.531254
v 171.363998 2.231316 7.900970
v 170.838043 2.342148 7.959450
v 170.359467 2.456603 7.900573
v 170.089813 1.959754 12.490541
v 173.787598 22.746964 5.676350
v 172.416702 22.253263 5.852726
v 171.467285 21.920380 6.046196
v 169.999344 22.920132 18.308311
v 168.830673 22.213320 16.199947
v 168.341354 21.897505 15.160166
v 168.168762 21.706980 14.168385
v 166.923492 21.051260 12.691345
v 165.627609 20.361603 11.096766
v 164.353622 19.671339 9.432267
v 163.174072 19.013798 7.745476
v 162.945221 18.869020 7.282320
v 162.807861 18.750256 6.752586
v 162.827820 18.690168 6.218604
v 163.070862 18.721407 5.742701
v 163.408401 18.815657 5.483552
v 163.886368 18.972006 5.297394
v 164.489456 19.184271 5.180925
v 165.202362 19.446281 5.130847
v 167.858292 20.444611 5.119710
v 171.354858 21.775459 5.235723
v 174.235031 22.869978 5.317639
v 171.162003 21.884140 6.667632
v 171.548721 22.065201 6.948040
v 172.263550 22.266621 6.413609
v 173.361664 22.622860 5.962487
v 176.282257 23.597874 4.980232
v 171.126556 21.649477 4.919398
v 165.153427 19.397943 4.894511
v 160.888062 17.797180 4.932370
v 169.615768 22.781761 18.355778
v 174.088760 23.392141 9.877258
v 173.353180 23.064838 9.479018
v 172.498428 22.679293 8.975040
v 171.736633 22.316990 8.378238
v 171.279953 22.059418 7.701511
v 170.555283 21.779980 7.648888
v 168.731491 21.161781 8.188444
v 168.738495 21.217117 8.604756
v 168.944427 21.352991 9.065725
v 169.274902 21.533615 9.509882
v 169.655487 21.723188 9.875742
v 170.729889 22.103729 9.687117
v 171.965958 22.569820 9.693516
v 173.155136 23.029837 9.791402
v 172.102478 23.285288 14.939274
v 171.283905 22.885460 14.214861
v 170.530182 22.500303 13.413536
v 169.859390 22.129061 12.475571
v 169.289658 21.771008 11.341236
v 169.021042 21.678286 11.407522
v 168.817444 21.619686 11.550027
v 168.681229 21.595493 11.763933
v 168.637711 21.614300 12.041903
v 169.742950 22.235964 13.666210
v 170.509552 22.567268 14.003847
v 171.294327 22.918159 14.442198
v 169.729202 21.476801 7.710276
v 170.467880 21.811853 8.160530
v 169.556915 22.159695 13.616909
v 170.801056 21.692636 6.228151
v 172.040665 22.071020 5.531254
v 170.011002 21.607016 7.900969
v 169.505554 21.424160 7.959450
v 169.047546 21.244303 7.900573
v 168.711441 21.698851 12.490541
v 173.062515 27.729336 5.676351
v 171.607758 27.811825 5.852727
v 170.602844 27.860300 6.046196
v 169.480743 26.483624 18.308311
v 168.159088 26.828026 16.199947
v 167.600067 26.991280 15.160166
v 167.380310 27.124706 14.168386
v 165.999817 27.398304 12.691345
v 164.561111 27.690004 11.096766
v 163.143234 27.988527 9.432267
v 161.825195 28.282600 7.745476
v 161.564575 28.356144 7.282320
v 161.399063 28.430832 6.752586
v 161.401062 28.494118 6.218604
v 161.642929 28.533443 5.742701
v 161.993332 28.539310 5.483552
v 162.496033 28.525677 5.297394
v 163.134613 28.494106 5.180925
v 163.892624 28.446156 5.130847
v 166.722931 28.246227 5.119710
v 170.453781 27.967167 5.235723
v 173.526459 27.738953 5.317639
v 170.299911 27.808029 6.667632
v 170.722183 27.744698 6.948040
v 171.464767 27.755375 6.413609
v 172.618881 27.726894 5.962488
v 175.696228 27.624748 4.980232
v 170.199036 28.022852 4.919398
v 163.831940 28.478540 4.894511
v 159.287247 28.797195 4.932370
v 169.073654 26.506931 18.355778
v 173.535080 27.196760 9.877258
v 172.736710 27.300831 9.479018
v 171.807526 27.426760 8.975040
v 170.974060 27.556911 8.378238
v 170.462906 27.673637 7.701511
v 169.688660 27.734940 7.648888
v 167.764328 27.807682 8.188444
v 167.786804 27.756636 8.604756
v 168.022919 27.685093 9.065725
v 168.391174 27.606153 9.509882
v 168.809998 27.532917 9.875742
v 169.948288 27.474384 9.687117
v 171.265945 27.379932 9.693516
v 172.536911 27.277935 9.791402
v 171.600723 26.733049 14.939274
v 170.702148 26.882984 14.214862
v 169.869919 27.037342 13.413536
v 169.121124 27.201996 12.475571
v 168.472977 27.382812 11.341236
v 168.189072 27.395126 11.407522
v 167.977203 27.393265 11.550026
v 167.839752 27.377632 11.763933
v 167.803391 27.347200 12.041903
v 169.039993 27.066341 13.666210
v 169.869217 26.967276 14.003847
v 170.721451 26.854610 14.442198
v 168.810425 27.790096 7.710277
v 169.613968 27.679478 8.160530
v 168.839935 27.086422 13.616909
v 169.899353 27.888710 6.228151
v 171.195374 27.879332 5.531254
v 169.117661 27.745602 7.900970
v 168.581055 27.776810 7.959450
v 168.090775 27.818663 7.900573
v 167.898178 27.287174 12.490541
v 168.456604 48.393333 5.676350
v 167.174606 47.700840 5.852726
v 166.285400 47.230179 6.046196
v 164.684845 47.999989 18.308311
v 163.634583 47.126900 16.199947
v 163.197800 46.741688 15.160166
v 163.055511 46.527565 14.168385
v 161.921890 45.693581 12.691345
v 160.743256 44.818493 11.096766
v 159.586380 43.946072 9.432267
v 158.517990 43.120079 7.745476
v 158.313278 42.942814 7.282320
v 158.195160 42.804901 6.752586
v 158.223846 42.748459 6.218604
v 158.459518 42.815571 5.742701
v 158.779236 42.959076 5.483552
v 159.228561 43.184910 5.297394
v 159.793274 43.484684 5.180925
v 160.459183 43.850018 5.130847
v 162.936661 45.233025 5.119710
v 166.195831 47.070118 5.235723
v 168.880722 48.581657 5.317639
v 165.988937 47.148846 6.667632
v 166.344345 47.385517 6.948040
v 167.021179 47.691223 6.413609
v 168.053925 48.207138 5.962487
v 170.796600 49.606533 4.980232
v 165.988846 46.911518 4.919398
v 160.417984 43.794926 4.894511
v 156.438828 41.576351 4.932370
v 164.326187 47.806000 18.355778
v 168.658264 49.076187 9.877258
v 167.979675 48.642914 9.479018
v 167.191925 48.134289 8.975040
v 166.492630 47.662498 8.378238
v 166.079437 47.339741 7.701511
v 165.404510 46.955425 7.648888
v 163.693222 46.072323 8.188444
v 163.691895 46.128082 8.604756
v 163.875290 46.293133 9.065725
v 164.175156 46.520992 9.509882
v 164.523224 46.765167 9.875742
v 165.528915 47.301582 9.687117
v 166.681717 47.946686 9.693516
v 167.789062 48.578789 9.791402
v 166.710083 48.674503 14.939274
v 165.960251 48.157146 14.214861
v 165.272339 47.663963 13.413536
v 164.664368 47.196896 12.475571
v 164.154358 46.757931 11.341236
v 163.902557 46.626209 11.407522
v 163.709961 46.537922 11.550027
v 163.578873 46.493698 11.763933
v 163.533035 46.505810 12.041903
v 164.533295 47.285252 13.666210
v 165.241959 47.727104 14.003847
v 165.965668 48.191032 14.442198
v 164.632843 46.532516 7.710276
v 165.313339 46.973919 8.160530
v 164.360718 47.182110 13.616909
v 165.660553 46.905685 6.228151
v 166.829926 47.464588 5.531254
v 164.892090 46.703278 7.900969
v 164.419540 46.447132 7.959450
v 163.993439 46.201023 7.900573
v 163.593353 46.600407 12.490541
v 166.997070 53.212002 5.676351
v 165.546280 53.076759 5.852727
v 164.545364 52.974926 6.046196
v 163.640961 51.446392 18.308311
v 162.282745 51.589977 16.199947
v 161.705627 51.668091 15.160166
v 161.468445 51.767277 14.168386
v 160.062592 51.832077 12.691345
v 158.596481 51.906105 11.096766
v 157.149948 51.989979 9.432267
v 155.802811 52.084335 7.745476
v 155.534134 52.118217 7.282320
v 155.359344 52.167404 6.752586
v 155.351883 52.230278 6.218604
v 155.585190 52.305214 5.742701
v 155.930801 52.363235 5.483552
v 156.429932 52.424675 5.297394
v 157.066071 52.488625 5.180925
v 157.822769 52.554180 5.130847
v 160.651260 52.778301 5.119710
v 164.382034 53.058384 5.235723
v 167.454407 53.290657 5.317639
v 164.253601 52.878090 6.667632
v 164.680588 52.878399 6.948040
v 165.413300 52.999626 6.413609
v 166.558762 53.143467 5.962488
v 169.616959 53.501099 4.980232
v 164.121841 53.075481 4.919398
v 157.757935 52.577160 4.894511
v 153.216507 52.214939 4.932370
v 163.234940 51.408768 18.355778
v 167.543732 52.755802 9.877258
v 166.738785 52.739723 9.479018
v 165.801193 52.725769 8.975040
v 164.957657 52.730247 8.378238
v 164.434814 52.769493 7.701511
v 163.660065 52.714722 7.648888
v 161.746384 52.499859 8.188444
v 161.776215 52.452732 8.604756
v 162.020370 52.417179 9.065725
v 162.396271 52.394001 9.509882
v 162.821335 52.384003 9.875742
v 163.955643 52.495766 9.687117
v 165.272644 52.598747 9.693516
v 166.544617 52.687305 9.791402
v 165.700089 52.008984 14.939274
v 164.789215 52.023327 14.214862
v 163.943268 52.051926 13.413536
v 163.178299 52.103146 12.475571
v 162.510437 52.185349 11.341236
v 162.227859 52.155212 11.407522
v 162.018661 52.121796 11.550026
v 161.885056 52.085854 11.763933
v 161.853653 52.050343 12.041903
v 163.118286 51.956917 13.666210
v 163.953018 51.982540 14.003847
v 164.812531 51.998146 14.442198
v 162.783432 52.638374 7.710277
v 163.594482 52.648746 8.160530
v 162.917480 51.946957 13.616909
v 163.845490 52.898174 6.228151
v 165.128448 53.082054 5.531254
v 163.093857 52.640163 7.900970
v 162.558594 52.591049 7.959450
v 162.067551 52.559368 7.900573
v 161.956314 52.005112 12.490541
v 159.362991 72.958771 5.676350
v 158.198502 72.082947 5.852726
v 157.389389 71.485016 6.046196
v 155.691986 72.007690 18.308311
v 154.783554 70.987823 16.199947
v 154.409058 70.541817 15.160166
v 154.300278 70.308884 14.168385
v 153.303619 69.315269 12.691345
v 152.268555 68.274292 11.096766
v 151.254623 67.239197 9.432267
v 150.321274 66.263206 7.745476
v 150.145264 66.057411 7.282320
v 150.049011 65.903435 6.752586
v 150.085785 65.851898 6.218604
v 150.308823 65.953384 5.742701
v 150.603592 66.142937 5.483552
v 151.014252 66.433212 5.297394
v 151.527969 66.813805 5.180925
v 152.131989 67.274300 5.130847
v 154.375687 69.011093 5.119710
v 157.324661 71.313400 5.235723
v 159.754303 73.208199 5.317639
v 157.108353 71.360413 6.667632
v 157.424515 71.647408 6.948040
v 158.048233 72.050568 6.413609
v 158.992569 72.714645 5.962487
v 161.496048 74.507164 4.980232
v 157.143631 71.125725 4.919398
v 152.099472 67.213684 4.894511
v 148.495392 64.426849 4.932370
v 155.366241 71.762421 18.355778
v 159.460632 73.664055 9.877258
v 158.854187 73.134483 9.479018
v 158.151031 72.514137 8.975040
v 157.529861 71.943398 8.378238
v 157.169388 71.562660 7.701511
v 156.559280 71.082047 7.648888
v 154.998718 69.953766 8.188444
v 154.989090 70.008713 8.604756
v 155.145844 70.199249 9.065725
v 155.408401 70.469254 9.509882
v 155.716202 70.762573 9.875742
v 156.630707 71.442879 9.687117
v 157.674500 72.252586 9.693516
v 158.675262 73.042664 9.791402
v 157.594070 72.976509 14.939274
v 156.929703 72.353180 14.214861
v 156.322998 71.762978 13.413536
v 155.791412 71.210518 12.475571
v 155.352524 70.700447 11.341236
v 155.123154 70.532669 11.407522
v 154.945877 70.416664 11.550027
v 154.822845 70.353394 11.763933
v 154.775711 70.358543 12.041903
v 155.648636 71.278351 13.666210
v 156.283539 71.820885 14.003847
v 156.930023 72.387497 14.442198
v 155.859253 70.548859 7.710276
v 156.466370 71.086746 8.160530
v 155.493347 71.150635 13.616909
v 156.819885 71.071030 6.228151
v 157.892899 71.797966 5.531254
v 156.090164 70.756348 7.900969
v 155.661057 70.432640 7.959450
v 155.276398 70.125778 7.900573
v 154.821259 70.461067 12.490541
v 157.201614 77.506104 5.676351
v 155.787170 77.156151 5.852727
v 154.812607 76.906288 6.046196
v 154.146118 75.260033 18.308311
v 152.781677 75.199593 16.199947
v 152.199356 75.190826 15.160166
v 151.950043 75.253555 14.168386
v 150.550232 75.108109 12.691345
v 149.089462 74.962807 11.096766
v 147.646591 74.830162 9.432267
v 146.300430 74.722694 7.745476
v 146.029709 74.716156 7.282320
v 145.849533 74.738739 6.752586
v 145.832794 74.799805 6.218604
v 146.052322 74.908676 5.742701
v 146.385422 75.017555 5.483552
v 146.869812 75.152695 5.297394
v 147.489319 75.310738 5.180925
v 148.227798 75.488335 5.130847
v 150.991302 76.131500 5.119710
v 154.638672 76.964470 5.235723
v 157.642105 77.652039 5.317639
v 154.538528 76.767044 6.667632
v 154.960724 76.830994 6.948040
v 155.667175 77.060066 6.413609
v 156.778397 77.373009 5.962488
v 159.749161 78.182426 4.980232
v 154.378830 76.942596 4.919398
v 148.160263 75.501396 4.894511
v 143.723541 74.466393 4.932370
v 153.750244 75.162323 18.355778
v 157.810150 77.136475 9.877258
v 157.016586 77.000603 9.479018
v 156.091553 76.847076 8.975040
v 155.256760 76.725784 8.378238
v 154.733917 76.686668 7.701511
v 153.975983 76.517044 7.648888
v 152.115692 76.019379 8.188444
v 152.152222 75.977219 8.604756
v 152.398941 75.978455 9.065725
v 152.774094 76.011559 9.509882
v 153.195908 76.065018 9.875742
v 154.300888 76.344589 9.687117
v 155.587830 76.642700 9.693516
v 156.832397 76.919838 9.791402
v 156.098404 76.123222 14.939274
v 155.195557 76.001656 14.214862
v 154.354797 75.903862 13.413536
v 153.590744 75.840500 12.475571
v 152.918091 75.822250 11.341236
v 152.643158 75.750336 11.407522
v 152.441269 75.686111 11.550026
v 152.314529 75.630661 11.763933
v 152.288757 75.590866 12.041903
v 153.553192 75.686958 13.666210
v 154.374786 75.836700 14.003847
v 155.222366 75.980232 14.442198
v 153.120514 76.310898 7.710277
v 153.920959 76.442032 8.160530
v 153.356110 75.647186 13.616909
v 154.131989 76.726082 6.228151
v 155.373215 77.099113 5.531254
v 153.427216 76.358940 7.900970
v 152.905243 76.230598 7.959450
v 152.424408 76.126091 7.900573
v 152.397018 75.561440 12.490541
v 146.709808 95.894653 5.676350
v 145.688858 94.855057 5.852726
v 144.977875 94.143219 6.046196
v 143.221527 94.407089 18.308311
v 142.475250 93.263222 16.199947
v 142.171417 92.766388 15.160166
v 142.098557 92.519836 14.168385
v 141.261108 91.388779 12.691345
v 140.392761 90.205170 11.096766
v 139.544403 89.030525 9.432267
v 138.766937 87.926331 7.745476
v 138.623566 87.696602 7.282320
v 138.551331 87.529999 6.752586
v 138.595383 87.484520 6.218604
v 138.800812 87.618118 5.742701
v 139.064026 87.849480 5.483552
v 139.426834 88.197716 5.297394
v 139.878098 88.650620 5.180925
v 140.406738 89.195992 5.130847
v 142.366547 91.247780 5.119710
v 144.939453 93.963867 5.235723
v 147.059570 96.199608 5.317639
v 144.718552 93.978119 6.667632
v 144.988419 94.309029 6.948040
v 145.545074 94.800644 6.413609
v 146.379898 95.598045 5.962487
v 148.588272 97.743645 4.980232
v 144.788422 93.751312 4.919398
v 140.383621 89.131203 4.894511
v 137.235138 85.838364 4.932370
v 142.935989 94.116005 18.355778
v 146.701233 96.606606 9.877258
v 146.180496 95.992577 9.479018
v 145.577652 95.274361 8.975040
v 145.048477 94.617416 8.378238
v 144.748764 94.187210 7.701511
v 144.217102 93.621040 7.648888
v 142.842117 92.272781 8.188444
v 142.824417 92.325676 8.604756
v 142.951019 92.537445 9.065725
v 143.170395 92.843559 9.509882
v 143.431046 93.179482 9.875742
v 144.233948 93.988480 9.687117
v 145.145401 94.944710 9.693516
v 146.017242 95.875114 9.791402
v 144.957993 95.648560 14.939274
v 144.393951 94.933174 14.214861
v 143.881973 94.259148 13.413536
v 143.438660 93.633629 12.475571
v 143.080688 93.063843 11.341236
v 142.878891 92.863762 11.407522
v 142.720886 92.722626 11.550027
v 142.608658 92.641731 11.763933
v 142.561279 92.639793 12.041903
v 143.287384 93.679428 13.666210
v 143.834320 94.310532 14.003847
v 144.389145 94.967155 14.442198
v 143.604355 92.989471 7.710276
v 144.124527 93.611839 8.160530
v 143.152863 93.529999 13.616909
v 144.476425 93.648979 6.228151
v 145.429123 94.527710 5.531254
v 143.801758 93.229065 7.900969
v 143.425690 92.845009 7.959450
v 143.091064 92.484253 7.900573
v 142.591034 92.747963 12.490541
v 143.894852 100.069069 5.676351
v 142.548355 99.512230 5.852727
v 141.621918 99.119911 6.046196
v 141.208221 97.392708 18.308311
v 139.868027 97.129593 16.199947
v 139.293518 97.034142 15.160166
v 139.037643 97.059013 14.168386
v 137.675140 96.706573 12.691345
v 136.252335 96.345184 11.096766
v 134.845337 95.998993 9.432267
v 133.530228 95.692093 7.745476
v 133.263504 95.645279 7.282320
v 133.081985 95.640762 6.752586
v 133.056320 95.698654 6.218604
v 133.257187 95.839020 5.742701
v 133.570343 95.996338 5.483552
v 134.029175 96.202148 5.297394
v 134.618210 96.450752 5.180925
v 135.321976 96.736427 5.130847
v 137.958771 97.784264 5.119710
v 141.441254 99.151512 5.235723
v 144.308685 100.279022 5.317639
v 141.371658 98.941376 6.667632
v 141.779602 99.067528 6.948040
v 142.444031 99.399330 6.413609
v 143.496201 99.874390 5.962488
v 146.313141 101.117516 4.980232
v 141.187576 99.091164 4.919398
v 135.253250 96.739273 4.894511
v 131.020325 95.054604 4.932370
v 140.831329 97.237091 18.355778
v 144.551682 99.794258 9.877258
v 143.787231 99.541641 9.479018
v 142.895416 99.251961 8.975040
v 142.088013 99.007614 8.378238
v 141.576828 98.891014 7.701511
v 140.852646 98.610329 7.648888
v 139.087296 97.840965 8.188444
v 139.129700 97.804726 8.604756
v 139.373489 97.842712 9.065725
v 139.739517 97.931358 9.509882
v 140.148651 98.047089 9.875742
v 141.199615 98.488213 9.687117
v 142.427780 98.974800 9.693516
v 143.617142 99.434326 9.791402
v 143.010056 98.537216 14.939274
v 142.135406 98.282448 14.214862
v 141.318619 98.060448 13.413536
v 140.572540 97.883919 12.475571
v 139.910110 97.765625 11.341236
v 139.648972 97.653542 11.407522
v 139.458908 97.559952 11.550026
v 139.341843 97.486229 11.763933
v 139.322296 97.443039 12.041903
v 140.558289 97.726501 13.666210
v 141.348389 97.997017 14.003847
v 142.165115 98.265259 14.442198
v 140.037460 98.278992 7.710277
v 140.809418 98.527954 8.160530
v 140.369339 97.657799 13.616909
v 140.975754 98.840279 6.228151
v 142.147522 99.394135 5.531254
v 140.333572 98.372200 7.900970
v 139.836563 98.167503 7.959450
v 139.376663 97.992493 7.900573
v 139.433731 97.430069 12.490541
v 130.779678 116.688576 5.676350
v 129.925079 115.508430 5.852726
v 129.328125 114.698586 6.046196
v 127.552063 114.697746 18.308311
v 126.984596 113.455437 16.199947
v 126.758194 112.918861 15.160166
v 126.722900 112.664215 14.168385
v 126.063362 111.420975 12.691345
v 125.381111 110.121170 11.096766
v 124.717300 108.833214 9.432267
v 124.113075 107.625481 7.745476
v 124.005539 107.376945 7.282320
v 123.958946 107.201439 6.752586
v 124.009285 107.163033 6.218604
v 124.192505 107.325752 5.742701
v 124.418304 107.593758 5.483552
v 124.725159 107.992180 5.297394
v 125.103889 108.507278 5.180925
v 125.545341 109.125343 5.130847
v 127.177467 111.446297 5.119710
v 129.316864 114.515511 5.235723
v 131.080093 117.042259 5.317639
v 129.096298 114.496681 6.667632
v 129.313843 114.864113 6.948040
v 129.791016 115.433205 6.413609
v 130.497665 116.346107 5.962487
v 132.361603 118.796875 4.980232
v 129.199203 114.282822 4.919398
v 125.532143 109.057838 4.894511
v 122.909561 105.332535 4.932370
v 127.313087 114.367355 18.355778
v 130.665100 117.391304 9.877258
v 130.241684 116.706512 9.479018
v 129.752625 115.906479 8.975040
v 129.327271 115.178009 8.378238
v 129.095016 114.707939 7.701511
v 128.653671 114.068848 7.648888
v 127.494980 112.530731 8.188444
v 127.469589 112.580399 8.604756
v 127.563210 112.808662 9.065725
v 127.734520 113.144066 9.509882
v 127.942192 113.515076 9.875742
v 128.615570 114.434708 9.687117
v 129.374329 115.516090 9.693516
v 130.097778 116.566040 9.791402
v 129.084106 116.184151 14.939274
v 128.632996 115.392693 14.214861
v 128.227173 114.649887 13.413536
v 127.882042 113.965286 12.475571
v 127.612984 113.348518 11.341236
v 127.443268 113.120590 11.407522
v 127.308052 112.957489 11.550027
v 127.209129 112.860771 11.763933
v 127.162575 112.851791 12.041903
v 127.725616 113.988029 13.666210
v 128.172409 114.693596 14.003847
v 128.623169 115.425575 14.442198
v 128.141891 113.353020 7.710276
v 128.563507 114.045959 8.160530
v 127.614868 113.820221 13.616909
v 128.905945 114.135132 6.228151
v 129.717026 115.146034 5.531254
v 128.301392 113.619354 7.900969
v 127.986748 113.183548 7.959450
v 127.709625 112.776939 7.900573
v 127.175873 112.963188 12.490541
v 127.374023 120.396851 5.676351
v 126.125565 119.645561 5.852727
v 125.267944 119.119545 6.046196
v 125.116272 117.349983 18.308311
v 123.830254 116.890068 16.199947
v 123.276390 116.710052 15.160166
v 123.019669 116.696518 14.168386
v 121.724907 116.144951 12.691345
v 120.371857 115.575554 11.096766
v 119.032166 115.023529 9.432267
v 117.777481 114.524063 7.745476
v 117.520714 114.438019 7.282320
v 117.341888 114.406502 6.752586
v 117.307892 114.459915 6.218604
v 117.485588 114.628654 5.742701
v 117.771805 114.830879 5.483552
v 118.194847 115.102783 5.297394
v 118.740250 115.436401 5.180925
v 119.393578 115.823769 5.130847
v 121.844757 117.252884 5.119710
v 125.084579 119.123871 5.235723
v 127.751945 120.666138 5.317639
v 125.047081 118.905708 6.667632
v 125.431664 119.091248 6.948040
v 126.039223 119.518364 6.413609
v 127.008842 120.144936 5.962488
v 129.609070 121.793999 4.980232
v 124.842728 119.026390 4.919398
v 119.325188 115.816345 4.894511
v 115.390617 113.519630 4.932370
v 124.766777 117.139923 18.355778
v 128.064499 120.223000 9.877258
v 127.346207 119.859276 9.479018
v 126.507530 119.439919 8.975040
v 125.745560 119.077972 8.378238
v 125.257469 118.886490 7.701511
v 124.583206 118.501007 7.648888
v 122.952240 117.477142 8.188444
v 122.999565 117.447624 8.604756
v 123.234962 117.521523 9.065725
v 123.583694 117.663727 9.509882
v 123.971008 117.839142 9.875742
v 124.944504 118.431969 9.687117
v 126.086418 119.096161 9.693516
v 127.194016 119.727806 9.791402
v 126.727417 118.750244 14.939274
v 125.900505 118.367966 14.214862
v 125.125923 118.026711 13.413536
v 124.414482 117.740967 12.475571
v 123.777092 117.525269 11.341236
v 123.535576 117.375519 11.407522
v 123.361572 117.254646 11.550026
v 123.256805 117.164299 11.763933
v 123.243912 117.118675 12.041903
v 124.423859 117.583183 13.666210
v 125.164818 117.968430 14.003847
v 125.932442 118.355400 14.442198
v 123.826492 118.051880 7.710277
v 124.552734 118.413109 8.160530
v 124.247253 117.487091 13.616909
v 124.670670 118.746742 6.228151
v 125.746803 119.469040 5.531254
v 124.105415 118.188179 7.900970
v 123.644455 117.911690 7.959450
v 123.215782 117.670105 7.900573
v 123.356033 117.122467 12.490541
v 111.928452 134.876114 5.676350
v 111.259270 133.581772 5.852726
v 110.789680 132.692001 6.046196
v 109.033585 132.426483 18.308311
v 108.657600 131.113480 16.199947
v 108.513695 130.549149 15.160166
v 108.516747 130.292084 14.168385
v 108.049866 128.964447 12.691345
v 107.568947 127.577484 11.096766
v 107.104500 126.204971 9.432267
v 106.687019 124.920677 7.745476
v 106.617722 124.658897 7.282320
v 106.597809 124.478409 6.752586
v 106.653305 124.447929 6.218604
v 106.810226 124.636139 5.742701
v 106.993568 124.934807 5.483552
v 107.237617 125.374504 5.297394
v 107.535347 125.940300 5.180925
v 107.879761 126.617256 5.130847
v 109.147758 129.155518 5.119710
v 110.805832 132.509308 5.235723
v 112.172798 135.270615 5.317639
v 110.590538 132.457809 6.667632
v 110.750877 132.853561 6.948040
v 111.137917 133.487411 6.413609
v 111.700623 134.495438 5.962487
v 113.178490 137.196625 4.980232
v 110.724152 132.261673 4.919398
v 107.876762 126.548531 4.894511
v 105.838669 122.473984 4.932370
v 108.846519 132.064178 18.355778
v 111.710419 135.553909 9.877258
v 111.393791 134.813675 9.479018
v 111.029419 133.949677 8.975040
v 110.717377 133.165955 8.378238
v 110.557785 132.666519 7.701511
v 110.216606 131.968796 7.648888
v 109.300102 130.275162 8.188444
v 109.267593 130.320496 8.604756
v 109.326141 130.560165 9.065725
v 109.445557 130.917343 9.509882
v 109.595619 131.315170 9.875742
v 110.124405 132.324875 9.687117
v 110.713539 133.507278 9.693516
v 111.272415 134.653305 9.791402
v 110.326988 134.124619 14.939274
v 109.998863 133.274765 14.214861
v 109.708290 132.479782 13.413536
v 109.469040 131.751389 12.475571
v 109.294907 131.101410 11.341236
v 109.161057 130.850723 11.407522
v 109.051659 130.669296 11.550027
v 108.968254 130.558914 11.763933
v 108.923561 130.543106 12.041903
v 109.310974 131.750565 13.666210
v 109.647614 132.514832 14.003847
v 109.984253 133.305817 14.442198
v 109.817230 131.184677 7.710276
v 110.130859 131.932709 8.160530
v 109.226471 131.568115 13.616909
v 110.456184 132.071930 6.228151
v 111.107552 133.192413 5.531254
v 109.935257 131.471817 7.900969
v 109.689087 130.993973 7.959450
v 109.475655 130.550613 7.900573
v 108.920113 130.655243 12.490541
v 108.008171 138.035416 5.676351
v 106.885620 137.106445 5.852727
v 106.115974 136.458481 6.046196
v 106.229721 134.686081 18.308311
v 105.026611 134.039642 16.199947
v 104.505760 133.779099 15.160166
v 104.253922 133.727448 14.168386
v 103.055824 132.989075 12.691345
v 101.802742 132.224396 11.096766
v 100.560287 131.478867 9.432267
v 99.394051 130.797989 7.745476
v 99.152977 130.674637 7.282320
v 98.980843 130.616821 6.752586
v 98.939270 130.664566 6.218604
v 99.089828 130.857910 5.742701
v 99.342712 131.100540 5.483552
v 99.720505 131.432449 5.297394
v 100.210098 131.843628 5.180925
v 100.798393 132.324036 5.130847
v 103.009209 134.102493 5.119710
v 105.934013 136.435440 5.235723
v 108.341736 138.358017 5.317639
v 105.929443 136.214127 6.667632
v 106.282082 136.454910 6.948040
v 106.819199 136.967804 6.413609
v 107.684616 137.731888 5.962488
v 110.010025 139.750046 4.980232
v 105.709389 136.303009 4.919398
v 100.731880 132.306503 4.894511
v 97.183540 129.449051 4.932370
v 105.915436 134.426285 18.355778
v 108.716827 137.966400 9.877258
v 108.060783 137.499695 9.479018
v 107.293968 136.960022 8.975040
v 106.594452 136.488556 8.378238
v 106.140350 136.226471 7.701511
v 105.531067 135.744812 7.648888
v 104.070900 134.489304 8.188444
v 104.122101 134.467178 8.604756
v 104.343857 134.575317 9.065725
v 104.667503 134.767914 9.509882
v 105.024345 134.999100 9.875742
v 105.898613 135.730392 9.687117
v 106.928795 136.557343 9.693516
v 107.929886 137.347015 9.791402
v 107.614189 136.310822 14.939274
v 106.853485 135.809586 14.214862
v 106.138405 135.356689 13.413536
v 105.477501 134.968109 12.475571
v 104.879372 134.659821 11.341236
v 104.662872 134.475754 11.407522
v 104.508827 134.330292 11.550026
v 104.418694 134.225342 11.763933
v 104.412743 134.178314 12.041903
v 105.510284 134.813492 13.666210
v 106.185555 135.304855 14.003847
v 106.886932 135.801910 14.442198
v 104.849739 135.187912 7.710277
v 105.514038 135.653351 8.160530
v 105.349976 134.692139 13.616909
v 105.580933 136.000824 6.228151
v 106.537399 136.875443 5.531254
v 105.105232 135.364258 7.900970
v 104.690628 135.022171 7.959450
v 104.302750 134.719391 7.900573
v 104.523048 134.198776 12.490541
v 90.577187 150.051071 5.676350
v 90.108376 148.671463 5.852726
v 89.776642 147.721649 6.046196
v 88.079727 147.197372 18.308311
v 87.903625 145.842987 16.199947
v 87.845436 145.263535 15.160166
v 87.886765 145.009781 14.168385
v 87.622963 143.627380 12.691345
v 87.354118 142.184235 11.096766
v 87.099411 140.757828 9.432267
v 86.877998 139.425659 7.745476
v 86.848495 139.156479 7.282320
v 86.855698 138.975037 6.752586
v 86.915115 138.953171 6.218604
v 87.042236 139.162659 5.742701
v 87.179016 139.485321 5.483552
v 87.354805 139.956482 5.297394
v 87.564896 140.560333 5.180925
v 87.804573 141.281052 5.130847
v 88.680115 143.979950 5.119710
v 89.819839 147.543396 5.235723
v 90.760002 150.477585 5.317639
v 89.614624 147.460388 6.667632
v 89.714195 147.875610 6.948040
v 90.002441 148.560059 6.413609
v 90.408630 149.640701 5.962487
v 91.467430 152.531982 4.980232
v 89.775978 147.286346 4.919398
v 87.811844 141.212646 4.894511
v 86.403770 136.879852 4.932370
v 87.948746 146.811234 18.355778
v 90.260574 150.688812 9.877258
v 90.057800 149.909653 9.479018
v 89.826263 149.001007 8.975040
v 89.634514 148.179520 8.378238
v 89.551132 147.661880 7.701511
v 89.317749 146.921097 7.648888
v 88.663887 145.109802 8.188444
v 88.624985 145.149765 8.604756
v 88.647171 145.395493 9.065725
v 88.712013 145.766479 9.509882
v 88.801109 146.182236 9.875742
v 89.173508 147.259476 9.687117
v 89.579842 148.516464 9.693516
v 89.961685 149.732986 9.791402
v 89.105614 149.069305 14.939274
v 88.907799 148.180038 14.214861
v 88.738953 147.350616 13.413536
v 88.610931 146.594711 12.475571
v 88.535622 145.926041 11.341236
v 88.440613 145.658218 11.407522
v 88.359482 145.462494 11.550027
v 88.293465 145.340927 11.763933
v 88.251625 145.318619 12.041903
v 88.454758 146.570343 13.666210
v 88.673737 147.376251 14.003847
v 88.888733 148.208572 14.442198
v 89.039696 146.086227 7.710276
v 89.238342 146.872650 8.160530
v 88.398392 146.377350 13.616909
v 89.539284 147.058792 6.228151
v 90.016388 148.263855 5.531254
v 89.113609 146.387741 7.900969
v 88.941399 145.878555 7.959450
v 88.796432 145.408340 7.900573
v 88.231499 145.428986 12.490541
v 86.229843 152.590836 5.676351
v 85.258278 151.504944 5.852727
v 84.593796 150.749527 6.046196
v 84.970421 149.013855 18.308311
v 83.877090 148.195328 16.199947
v 83.400887 147.860077 15.160166
v 83.159554 147.771469 14.168386
v 82.084877 146.862793 12.691345
v 80.959763 145.919891 11.096766
v 79.842293 144.997513 9.432267
v 78.790558 144.150436 7.745476
v 78.570557 143.992538 7.282320
v 78.408958 143.909714 6.752586
v 78.360733 143.950729 6.218604
v 78.480797 144.164352 5.742701
v 78.694695 144.441956 5.483552
v 79.018799 144.826462 5.297394
v 79.441650 145.306015 5.180925
v 79.951782 145.868729 5.130847
v 81.872849 147.956833 5.119710
v 84.417297 150.699615 5.235723
v 86.511604 152.959549 5.317639
v 84.445770 150.480087 6.667632
v 84.758575 150.770737 6.948040
v 85.213257 151.357956 6.413609
v 85.955132 152.242477 5.962488
v 87.953796 154.584671 4.980232
v 84.214920 150.535172 4.919398
v 79.888618 145.841476 4.894511
v 76.805763 142.487106 4.932370
v 84.698364 148.710129 18.355778
v 86.940865 152.628220 9.877258
v 86.361710 152.068939 9.479018
v 85.683884 151.421021 8.975040
v 85.062447 150.850571 8.378238
v 84.652473 150.523727 7.701511
v 84.121780 149.956635 7.648888
v 82.865036 148.497543 8.188444
v 82.918961 148.483292 8.604756
v 83.122124 148.623276 9.065725
v 83.413452 148.861954 9.509882
v 83.731857 149.143738 9.875742
v 84.487373 149.997162 9.687117
v 85.382805 150.968414 9.693516
v 86.255020 151.898453 9.791402
v 86.097282 150.826797 14.939274
v 85.419777 150.217773 14.214862
v 84.780182 149.663376 13.413536
v 84.184570 149.180634 12.475571
v 83.639061 148.786652 11.341236
v 83.452415 148.572372 11.407522
v 83.321770 148.405579 11.550026
v 83.248283 148.288361 11.763933
v 83.249405 148.240967 12.041903
v 84.240036 149.032623 13.666210
v 84.834526 149.619141 14.003847
v 85.453995 150.215164 14.442198
v 83.531059 149.304428 7.710277
v 84.118568 149.863663 8.160530
v 84.099594 148.888733 13.616909
v 84.132927 150.217239 6.228151
v 84.948372 151.224625 5.531254
v 83.757416 149.516876 7.900970
v 83.398430 149.116821 7.959450
v 83.060005 148.759613 7.900573
v 83.355431 148.277634 12.490541
v 67.202820 161.874435 5.676350
v 66.944855 160.440369 5.852726
v 66.758385 159.451706 6.046196
v 65.158562 158.680389 18.308311
v 65.186272 157.314896 16.199947
v 65.215088 156.733231 15.160166
v 65.293777 156.488480 14.168385
v 65.238945 155.082199 12.691345
v 65.188179 153.615097 11.096766
v 65.148903 152.166672 9.432267
v 65.128502 150.816376 7.745476
v 65.139442 150.545807 7.282320
v 65.173607 150.367462 6.752586
v 65.235626 150.354691 6.218604
v 65.330101 150.580795 5.742701
v 65.417267 150.920227 5.483552
v 65.520874 151.412338 5.297394
v 65.638626 152.040741 5.180925
v 65.768204 152.789139 5.130847
v 66.231743 155.588379 5.119710
v 66.827667 159.281891 5.235723
v 67.320038 162.323425 5.317639
v 66.637115 159.169220 6.667632
v 66.673691 159.594650 6.948040
v 66.856712 160.314423 6.413609
v 67.097313 161.443512 5.962487
v 67.713379 164.460297 4.980232
v 66.822601 159.021179 4.919398
v 65.785599 152.722580 4.894511
v 65.038979 148.228333 4.932370
v 65.086586 158.279037 18.355778
v 66.794701 162.457870 9.877258
v 66.710320 161.657181 9.479018
v 66.616783 160.724167 8.975040
v 66.549606 159.883286 8.378238
v 66.544304 159.359009 7.701511
v 66.423927 158.591721 7.648888
v 66.047310 156.703186 8.188444
v 66.002892 156.736923 8.604756
v 65.988205 156.983200 9.065725
v 65.997032 157.359726 9.509882
v 66.023170 157.784103 9.875742
v 66.230873 158.904816 9.687117
v 66.445328 160.208313 9.693516
v 66.641602 161.468170 9.791402
v 65.893997 160.684311 14.939274
v 65.830933 159.775497 14.214861
v 65.787582 158.930176 13.413536
v 65.773643 158.163635 12.475571
v 65.798828 157.491196 11.341236
v 65.744804 157.212204 11.407522
v 65.693741 157.006592 11.550027
v 65.646584 156.876526 11.763933
v 65.608528 156.848251 12.041903
v 65.622849 158.116257 13.666210
v 65.719276 158.945801 14.003847
v 65.807816 159.800873 14.442198
v 66.273407 157.724731 7.710276
v 66.352623 158.531967 8.160530
v 65.595871 157.917023 13.616909
v 66.622467 158.760880 6.228151
v 66.914642 160.023590 5.531254
v 66.301552 158.033890 7.900969
v 66.207153 157.504730 7.959450
v 66.133881 157.018143 7.900573
v 65.572182 156.954376 12.490541
v 62.525517 163.737915 5.676351
v 61.726639 162.519363 5.852727
v 61.182159 161.673340 6.046196
v 61.813255 160.013199 18.308311
v 60.854118 159.040878 16.199947
v 60.433201 158.638382 15.160166
v 60.207771 158.514801 14.168386
v 59.280521 157.456100 12.691345
v 58.308495 156.356049 11.096766
v 57.340969 155.277451 9.432267
v 56.427223 154.283081 7.745476
v 56.233212 154.094147 7.282320
v 56.085770 153.988174 6.752586
v 56.031967 154.021545 6.218604
v 56.118851 154.250671 5.742701
v 56.288990 154.557053 5.483552
v 56.552170 154.985565 5.297394
v 56.898823 155.522781 5.180925
v 57.319393 156.155243 5.130847
v 58.907814 158.506332 5.119710
v 61.015072 161.597687 5.235723
v 62.749180 164.144501 5.317639
v 61.075943 161.384857 6.667632
v 61.341942 161.718887 6.948040
v 61.704025 162.367310 6.413609
v 62.305794 163.352509 5.962488
v 63.933067 165.966415 4.980232
v 60.839466 161.404922 4.919398
v 57.261002 156.118881 4.894511
v 54.712494 152.342529 4.932370
v 61.589504 159.672318 18.355778
v 63.223030 163.880859 9.877258
v 62.733688 163.241516 9.479018
v 62.159996 162.499802 8.975040
v 61.630520 161.843109 8.378238
v 61.273834 161.458817 7.701511
v 60.833584 160.818970 7.648888
v 59.808334 159.188873 8.188444
v 59.863781 159.182816 8.604756
v 60.043808 159.351517 9.065725
v 60.296310 159.630951 9.509882
v 60.569168 159.957031 9.875742
v 61.189056 160.913528 9.687117
v 61.929737 162.007385 9.693516
v 62.653606 163.057022 9.791402
v 62.657341 161.973831 14.939274
v 62.078167 161.270630 14.214862
v 61.528339 160.627106 13.413536
v 61.011322 160.060989 12.475571
v 60.530628 159.590103 11.341236
v 60.377998 159.350403 11.407522
v 60.273674 159.166000 11.550026
v 60.218475 159.039154 11.763933
v 60.226650 158.992447 12.041903
v 61.088226 159.922897 13.666210
v 61.588673 160.591476 14.003847
v 62.112392 161.273163 14.442198
v 60.346668 160.086014 7.710277
v 60.844269 160.726562 8.160530
v 60.970802 159.759689 13.616909
v 60.805771 161.078323 6.228151
v 61.461971 162.195999 5.531254
v 60.538830 160.329819 7.900970
v 60.243477 159.880722 7.959450
v 59.962067 159.477066 7.900573
v 60.326027 159.044510 12.490541
v 42.327312 170.082169 5.676350
v 42.285954 168.625671 5.852726
v 42.248905 167.620270 6.046196
v 40.781902 166.619141 18.308311
v 41.012814 165.273010 16.199947
v 41.127998 164.702133 15.160166
v 41.242279 164.471848 14.168385
v 41.397644 163.073105 12.691345
v 41.566101 161.614822 11.096766
v 41.743126 160.176712 9.432267
v 41.924194 158.838470 7.745476
v 41.975338 158.572540 7.282320
v 42.035702 158.401291 6.752586
v 42.098927 158.397903 6.218604
v 42.158653 158.635559 5.742701
v 42.194260 158.984192 5.483552
v 42.223370 159.486237 5.297394
v 42.246147 160.125183 5.180925
v 42.262745 160.884537 5.130847
v 42.303921 163.721603 5.119710
v 42.342724 167.462662 5.235723
v 42.376301 170.543625 5.317639
v 42.171093 167.322861 6.667632
v 42.143856 167.748993 6.948040
v 42.217560 168.487991 6.413609
v 42.287201 169.640350 5.962487
v 42.446785 172.715256 4.980232
v 42.376575 167.204117 4.919398
v 42.289860 160.821320 4.894511
v 42.221386 156.265976 4.932370
v 40.770554 166.211533 18.355778
v 41.836796 170.598267 9.877258
v 41.872684 169.793945 9.479018
v 41.919247 168.857422 8.975040
v 41.978138 168.015915 8.378238
v 42.051033 167.496689 7.701511
v 42.046356 166.720032 7.648888
v 41.955402 164.796463 8.188444
v 41.906448 164.823196 8.604756
v 41.855221 165.064545 9.065725
v 41.807838 165.438171 9.509882
v 41.770439 165.861710 9.875742
v 41.808792 167.000854 9.687117
v 41.826588 168.321762 9.693516
v 41.832901 169.596802 9.791402
v 41.210476 168.710281 14.939274
v 41.283554 167.802216 14.214861
v 41.366673 166.959869 13.413536
v 41.467136 166.199814 12.475571
v 41.592255 165.538651 11.341236
v 41.580410 165.254715 11.407522
v 41.560562 165.043777 11.550027
v 41.533314 164.908157 11.763933
v 41.499905 164.874512 12.041903
v 41.325085 166.130493 13.666210
v 41.296799 166.965134 14.003847
v 41.256924 167.823853 14.442198
v 42.026726 165.840286 7.710276
v 41.984753 166.650330 8.160530
v 41.328102 165.929459 13.616909
v 42.217464 166.916901 6.228151
v 42.318192 168.209045 5.531254
v 42.008484 166.150192 7.900969
v 41.994007 165.612869 7.959450
v 41.994068 165.120804 7.900573
v 41.448143 164.974045 12.490541
v 37.424519 171.227768 5.676351
v 36.816170 169.903748 5.852727
v 36.403858 168.986038 6.046196
v 37.275326 167.438492 18.308311
v 36.471813 166.334076 16.199947
v 36.115582 165.873352 15.160166
v 35.911083 165.717545 14.168386
v 35.151974 164.532486 12.691345
v 34.354748 163.299850 11.096766
v 33.558781 162.089096 9.432267
v 32.803436 160.969650 7.745476
v 32.639748 160.753922 7.282320
v 32.509747 160.627151 6.752586
v 32.451569 160.652130 6.218604
v 32.503338 160.891647 5.742701
v 32.625912 161.219971 5.483552
v 32.822292 161.682922 5.297394
v 33.085011 162.265793 5.180925
v 33.406620 162.953873 5.130847
v 34.626911 165.515427 5.119710
v 36.249912 168.886322 5.235723
v 37.585087 171.663147 5.317639
v 36.341820 168.684937 6.667632
v 36.555069 169.054871 6.948040
v 36.816471 169.750015 6.413609
v 37.264690 170.813919 5.962488
v 38.484222 173.641144 4.980232
v 36.104996 168.669540 4.919398
v 33.354298 162.909225 4.894511
v 31.397064 158.795227 4.932370
v 37.104877 167.068069 18.355778
v 38.092941 171.473053 9.877258
v 37.704350 170.767914 9.479018
v 37.247604 169.949005 8.975040
v 36.821911 169.220718 8.378238
v 36.526482 168.787567 7.701511
v 36.186508 168.089249 7.648888
v 35.415649 166.324570 8.188444
v 35.471378 166.326843 8.604756
v 35.624252 166.520493 9.065725
v 35.832294 166.834427 9.509882
v 36.053501 167.197540 9.875742
v 36.523918 168.235733 9.687117
v 37.093304 169.427750 9.693516
v 37.652653 170.573563 9.791402
v 37.817780 169.503021 14.939274
v 37.349876 168.721359 14.214862
v 36.902096 168.003082 13.413536
v 36.475224 167.366226 12.475571
v 36.070080 166.828964 11.341236
v 35.954876 166.569183 11.407522
v 35.879200 166.371307 11.550026
v 35.843525 166.237640 11.763933
v 35.858566 166.192673 12.041903
v 36.571854 167.241135 13.666210
v 36.967068 167.976837 14.003847
v 37.383343 168.728958 14.442198
v 35.814266 167.291916 7.710277
v 36.210842 167.999466 8.160530
v 36.480061 167.062256 13.616909
v 36.120354 168.341568 6.228151
v 36.602650 169.544556 5.531254
v 35.967945 167.561646 7.900970
v 35.742821 167.073532 7.959450
v 35.524715 166.632462 7.900573
v 35.949074 166.258972 12.490541
v 16.506474 174.490952 5.676350
v 16.682646 173.044556 5.852726
v 16.795851 172.044861 6.046196
v 15.494435 170.836273 18.308311
v 15.923386 169.539597 16.199947
v 16.122364 168.992264 15.160166
v 16.269690 168.781586 14.168385
v 16.631783 167.421616 12.691345
v 17.015692 166.004730 11.096766
v 17.405067 164.609055 9.432267
v 17.783560 163.312744 7.745476
v 17.873766 163.057404 7.282320
v 17.958977 162.897049 6.752586
v 18.021999 162.903137 6.218604
v 18.045641 163.147034 5.742701
v 18.028889 163.497086 5.483552
v 17.982851 163.997864 5.297394
v 17.910149 164.633072 5.180925
v 17.813395 165.386414 5.130847
v 17.431286 168.197922 5.119710
v 16.912111 171.903000 5.235723
v 16.486141 174.954544 5.317639
v 16.763231 171.739182 6.667632
v 16.672791 172.156479 6.948040
v 16.635534 172.898224 6.413609
v 16.532658 174.048080 5.962487
v 16.232191 177.112427 4.980232
v 16.984116 171.652374 4.919398
v 17.849628 165.327942 4.894511
v 18.460819 160.813263 4.932370
v 15.543959 170.431534 18.355778
v 15.944521 174.928177 9.877258
v 16.099878 174.138184 9.479018
v 16.285494 173.219055 8.975040
v 16.469145 172.395721 8.378238
v 16.618605 171.893173 7.701511
v 16.729731 171.124481 7.648888
v 16.926470 169.208847 8.188444
v 16.874079 169.227997 8.604756
v 16.787453 169.459000 9.065725
v 16.684919 169.821396 9.509882
v 16.584816 170.234634 9.875742
v 16.452967 171.366776 9.687117
v 16.273703 172.675583 9.693516
v 16.089922 173.937317 9.791402
v 15.606569 172.967926 14.939274
v 15.814165 172.080902 14.214861
v 16.021893 171.260361 13.413536
v 16.234510 170.523758 12.475571
v 16.456766 169.888611 11.341236
v 16.487371 169.606094 11.407522
v 16.499182 169.394562 11.550027
v 16.492449 169.256378 11.763933
v 16.464426 169.218140 12.041903
v 16.104374 170.434036 13.666210
v 15.952015 171.255142 14.003847
v 15.784605 172.098328 14.442198
v 16.841429 170.251648 7.710276
v 16.679203 171.046371 8.160530
v 16.137318 170.235687 13.616909
v 16.869589 171.344650 6.228151
v 16.776615 172.637390 5.531254
v 16.777206 170.555374 7.900969
v 16.842968 170.021896 7.959450
v 16.916365 169.535339 7.900573
v 16.398409 169.308838 12.490541
v 11.487700 174.893066 5.676351
v 11.083471 173.493179 5.852727
v 10.812533 172.524261 6.046196
v 11.904906 171.123871 18.308311
v 11.274964 169.912033 16.199947
v 10.991374 169.403366 15.160166
v 10.812382 169.218842 14.168386
v 10.238366 167.933868 12.691345
v 9.633747 166.596191 11.096766
v 9.027113 165.280319 9.432267
v 8.447041 164.060806 7.745476
v 8.317330 163.823105 7.282320
v 8.207675 163.678360 6.752586
v 8.146424 163.694397 6.218604
v 8.161920 163.938950 5.742701
v 8.234195 164.281876 5.483552
v 8.359383 164.768921 5.297394
v 8.532298 165.384445 5.180925
v 8.747769 166.112778 5.130847
v 9.572671 168.827591 5.119710
v 10.675168 172.402710 5.235723
v 11.581591 175.347519 5.317639
v 10.796062 172.217285 6.667632
v 10.951797 172.614868 6.948040
v 11.106681 173.341202 6.413609
v 11.391334 174.460022 5.962488
v 12.175893 177.437424 4.980232
v 10.564178 172.166763 4.919398
v 8.702689 166.060822 4.894511
v 7.380440 161.701065 4.932370
v 11.791570 170.732178 18.355778
v 12.112101 175.235229 9.877258
v 11.832938 174.480057 9.479018
v 11.503341 173.602219 8.975040
v 11.190940 172.818634 8.378238
v 10.963366 172.346283 7.701511
v 10.731262 171.605103 7.648888
v 10.232012 169.745239 8.188444
v 10.286783 169.755783 8.604756
v 10.409087 169.970062 9.065725
v 10.568015 170.311493 9.509882
v 10.732639 170.703522 9.875742
v 11.043074 171.800232 9.687117
v 11.428447 173.063797 9.693516
v 11.810786 174.280167 9.791402
v 12.133617 173.246185 14.939274
v 11.787433 172.403534 14.214862
v 11.451705 171.626526 13.413536
v 11.124512 170.933182 12.475571
v 10.803960 170.341537 11.341236
v 10.728761 170.067490 11.407522
v 10.683420 169.860535 11.550026
v 10.668065 169.723038 11.763933
v 10.689640 169.680832 12.041903
v 11.238703 170.823883 13.666210
v 11.519860 171.610260 14.003847
v 11.819392 172.416031 14.442198
v 10.482009 170.761185 7.710277
v 10.768709 171.519943 8.160530
v 11.174596 170.633331 13.616909
v 10.628245 171.844727 6.228151
v 10.925869 173.106155 5.531254
v 10.593773 171.050797 7.900970
v 10.443907 170.534607 7.959450
v 10.293973 170.065933 7.900573
v 10.769258 169.759872 12.490541
v -9.683148 175.002258 5.676350
v -9.293380 173.598282 5.852726
v -9.032450 172.626617 6.046196
v -10.139209 171.237579 18.308311
v -9.521800 170.019302 16.199947
v -9.243472 169.507736 15.160166
v -9.066392 169.321365 14.168385
v -8.505660 168.030548 12.691345
v -7.914872 166.686707 11.096766
v -7.321842 165.364655 9.432267
v -6.754379 164.139221 7.745476
v -6.627127 163.900192 7.282320
v -6.518970 163.754333 6.752586
v -6.457558 163.769730 6.218604
v -6.470529 164.014435 5.742701
v -6.539265 164.358078 5.483552
v -6.659420 164.846405 5.297394
v -6.825978 165.463669 5.180925
v -7.033926 166.194183 5.130847
v -7.830783 168.917358 5.119710
v -8.896346 172.503662 5.235723
v -9.772347 175.457657 5.317639
v -9.019148 172.319489 6.667632
v -9.170773 172.718658 6.948040
v -9.318156 173.446564 6.413609
v -9.591253 174.568237 5.962487
v -10.345061 177.553589 4.980232
v -8.787795 172.266586 4.919398
v -6.989384 166.141769 4.894511
v -5.712175 161.768600 4.932370
v -10.029919 170.844742 18.355778
v -10.303988 175.350861 9.877258
v -10.032628 174.592850 9.479018
v -9.712103 173.711639 8.975040
v -9.407800 172.924881 8.378238
v -9.185111 172.450211 7.701511
v -8.960665 171.706665 7.648888
v -8.480625 169.841751 8.188444
v -8.535283 169.852875 8.604756
v -8.655372 170.068390 9.065725
v -8.810769 170.411453 9.509882
v -8.971340 170.805145 9.875742
v -9.270447 171.904999 9.687117
v -9.642767 173.172485 9.693516
v -10.012539 174.392731 9.791402
v -10.346019 173.362137 14.939274
v -10.008543 172.515945 14.214861
v -9.680847 171.735535 13.413536
v -9.360824 171.038849 12.475571
v -9.046391 170.443924 11.341236
v -8.974023 170.169113 11.407522
v -8.930820 169.961700 11.550027
v -8.916883 169.824066 11.763933
v -8.938892 169.782074 12.041903
v -9.476136 170.930740 13.666210
v -9.749167 171.719971 14.003847
v -10.040372 172.528778 14.442198
v -8.720129 170.860229 7.710276
v -8.998987 171.621902 8.160530
v -9.413998 170.739517 13.616909
v -8.855182 171.945221 6.228151
v -9.139777 173.209656 5.531254
v -8.828900 171.150986 7.900969
v -8.684365 170.633270 7.959450
v -8.539274 170.163086 7.900573
v -9.017691 169.861923 12.490541
v -14.705801 174.651917 5.676351
v -14.896883 173.207413 5.852727
v -15.020393 172.208939 6.046196
v -13.731512 170.987000 18.308311
v -14.173815 169.694809 16.199947
v -14.378428 169.149567 15.160166
v -14.527918 168.940414 14.168386
v -14.904018 167.584244 12.691345
v -15.302523 166.171387 11.096766
v -15.706272 164.779816 9.432267
v -16.098116 163.487473 7.745476
v -16.190950 163.233078 7.282320
v -16.277811 163.073624 6.752586
v -16.340767 163.080353 6.218604
v -16.361893 163.324478 5.742701
v -16.341530 163.674347 5.483552
v -16.290331 164.174622 5.297394
v -16.211081 164.809036 5.180925
v -16.106560 165.561340 5.130847
v -15.695473 168.368774 5.119710
v -15.138111 172.068283 5.235723
v -14.680687 175.115280 5.317639
v -14.990929 171.902939 6.667632
v -14.896187 172.319290 6.948040
v -14.851284 173.060608 6.413609
v -14.736551 174.209335 5.962488
v -14.404493 177.270432 4.980232
v -15.212694 171.818420 4.919398
v -16.143394 165.503250 4.894511
v -16.801121 160.995117 4.932370
v -13.785208 170.582779 18.355778
v -14.139368 175.083313 9.877258
v -14.302868 174.294983 9.479018
v -14.497952 173.377808 8.975040
v -14.690084 172.556427 8.378238
v -14.844719 172.055435 7.701511
v -14.963770 171.287933 7.648888
v -15.180258 169.374435 8.188444
v -15.127672 169.393036 8.604756
v -15.038666 169.623138 9.065725
v -14.932402 169.984451 9.509882
v -14.828041 170.396622 9.875742
v -14.684521 171.527359 9.687117
v -14.491768 172.834244 9.693516
v -14.294981 174.094025 9.791402
v -13.821654 173.119690 14.939274
v -14.038388 172.234848 14.214862
v -14.254566 171.416504 13.413536
v -14.474771 170.682129 12.475571
v -14.703568 170.049316 11.341236
v -14.737083 169.767120 11.407522
v -14.751076 169.555725 11.550026
v -14.745770 169.417480 11.763933
v -14.718142 169.378952 12.041903
v -14.345568 170.591064 13.666210
v -14.184748 171.410568 14.003847
v -14.008650 172.251984 14.442198
v -15.084465 170.416290 7.710277
v -14.914049 171.209305 8.160530
v -14.380557 170.393082 13.616909
v -15.101349 171.509537 6.228151
v -14.995047 172.801239 5.531254
v -15.017113 170.719330 7.900970
v -15.088373 170.186569 7.959450
v -15.166786 169.700790 7.900573
v -14.651194 169.468964 12.490541
v -35.656399 171.604706 5.676350
v -35.061741 170.274475 5.852726
v -34.658916 169.352570 6.046196
v -35.546299 167.814087 18.308311
v -34.754219 166.701447 16.199947
v -34.402760 166.237076 15.160166
v -34.199883 166.079163 14.168385
v -33.453037 164.886337 12.691345
v -32.668568 163.645538 11.096766
v -31.885128 162.426636 9.432267
v -31.141371 161.299469 7.745476
v -30.979916 161.082062 7.282320
v -30.851227 160.953949 6.752586
v -30.792797 160.978333 6.218604
v -30.842093 161.218369 5.742701
v -30.961275 161.547928 5.483552
v -31.152866 162.012894 5.297394
v -31.409559 162.598450 5.180925
v -31.724056 163.289810 5.130847
v -32.917858 165.863815 5.119710
v -34.506008 169.251266 5.235723
v -35.812473 172.041718 5.317639
v -34.599987 169.050842 6.667632
v -34.809410 169.422958 6.948040
v -35.063629 170.120758 6.413609
v -35.500847 171.189224 5.962487
v -36.691158 174.028885 4.980232
v -34.363335 169.033005 4.919398
v -31.672199 163.244614 4.894511
v -29.757502 159.110641 4.932370
v -35.379681 167.441925 18.355778
v -36.322258 171.856873 9.877258
v -35.940960 171.147766 9.479018
v -35.492683 170.324173 8.975040
v -35.074524 169.591553 8.378238
v -34.783581 169.155365 7.701511
v -34.450829 168.453583 7.648888
v -33.698212 166.681046 8.188444
v -33.753918 166.683884 8.604756
v -33.904785 166.879105 9.065725
v -34.109573 167.195175 9.509882
v -34.327026 167.560547 9.875742
v -34.786709 168.603531 9.687117
v -35.343769 169.801376 9.693516
v -35.891270 170.952896 9.791402
v -36.067432 169.884094 14.939274
v -35.607616 169.097656 14.214861
v -35.167267 168.374786 13.413536
v -34.746986 167.733582 12.475571
v -34.347404 167.192169 11.341236
v -34.234890 166.931213 11.407522
v -34.161255 166.732559 11.550027
v -34.126961 166.598526 11.763933
v -34.142467 166.553726 12.041903
v -34.844898 167.609497 13.666210
v -35.232506 168.349228 14.003847
v -35.640999 169.105606 14.442198
v -34.086830 167.652451 7.710276
v -34.476089 168.364059 8.160530
v -34.754959 167.429672 13.616909
v -34.382076 168.705200 6.228151
v -34.851936 169.913101 5.531254
v -34.237717 167.923752 7.900969
v -34.017639 167.433350 7.959450
v -33.804096 166.990036 7.900573
v -34.232285 166.620941 12.490541
v -40.570747 170.509720 5.676351
v -40.544415 169.052872 5.852727
v -40.517738 168.047134 6.046196
v -39.061138 167.030930 18.308311
v -39.305920 165.687256 16.199947
v -39.426987 165.117599 15.160166
v -39.543636 164.888504 14.168386
v -39.713421 163.491440 12.691345
v -39.896912 162.034973 11.096766
v -40.088760 160.598770 9.432267
v -40.283623 159.262451 7.745476
v -40.337509 158.997070 7.282320
v -40.399632 158.826447 6.752586
v -40.462891 158.823715 6.218604
v -40.520161 159.061966 5.742701
v -40.552170 159.410965 5.483552
v -40.576099 159.913284 5.297394
v -40.592285 160.552414 5.180925
v -40.601051 161.311905 5.130847
v -40.612961 164.149246 5.119710
v -40.613178 167.890503 5.235723
v -40.614971 170.971649 5.317639
v -40.442997 167.748947 6.667632
v -40.411366 168.174774 6.948040
v -40.477444 168.914490 6.413609
v -40.535194 170.067505 5.962488
v -40.663052 173.143890 4.980232
v -40.649693 167.632324 4.919398
v -40.628819 161.248962 4.894511
v -40.607330 156.693161 4.932370
v -39.053993 166.623230 18.355778
v -40.074932 171.020721 9.877258
v -40.119114 170.216812 9.479018
v -40.175335 169.280823 8.975040
v -40.242905 168.439972 8.378238
v -40.321148 167.921524 7.701511
v -40.324482 167.144852 7.648888
v -40.253376 165.220459 8.188444
v -40.204151 165.246689 8.604756
v -40.150433 165.487488 9.065725
v -40.099201 165.860611 9.509882
v -40.057434 166.283737 9.875742
v -40.084034 167.423218 9.687117
v -40.088207 168.744247 9.693516
v -40.081367 170.019272 9.791402
v -39.468121 169.126373 14.939274
v -39.550560 168.219116 14.214862
v -39.642361 167.377686 13.413536
v -39.750660 166.618683 12.475571
v -39.882591 165.958847 11.341236
v -39.873676 165.674820 11.407522
v -39.856007 165.463684 11.550026
v -39.830158 165.327774 11.763933
v -39.797096 165.293793 12.041903
v -39.609329 166.547913 13.666210
v -39.572437 167.382217 14.003847
v -39.523708 168.240479 14.442198
v -40.313927 166.264969 7.710277
v -40.263599 167.074524 8.160530
v -39.614422 166.346924 13.616909
v -40.493553 167.343475 6.228151
v -40.580948 168.636597 5.531254
v -40.292492 166.574661 7.900970
v -40.283554 166.037216 7.959450
v -40.288692 165.545181 7.900573
v -39.744308 165.392792 12.490541
v -60.833275 164.374146 5.676350
v -60.047012 163.147415 5.852726
v -59.511284 162.295822 6.046196
v -60.159470 160.642273 18.308311
v -59.210415 159.660110 16.199947
v -58.793674 159.253296 15.160166
v -58.569527 159.127396 14.168385
v -57.653248 158.059189 12.691345
v -56.692619 156.949173 11.096766
v -55.736271 155.860641 9.432267
v -54.832832 154.856903 7.745476
v -54.640778 154.665985 7.282320
v -54.494434 154.558487 6.752586
v -54.440292 154.591309 6.218604
v -54.524811 154.821320 5.742701
v -54.691780 155.129440 5.483552
v -54.950523 155.560654 5.297394
v -55.291618 156.101410 5.180925
v -55.705643 156.738174 5.130847
v -57.269730 159.105515 5.119710
v -59.344986 162.218445 5.235723
v -61.052734 164.783020 5.317639
v -59.408051 162.006256 6.667632
v -59.670593 162.343002 6.948040
v -60.025970 162.995132 6.413609
v -60.617542 163.986496 5.962487
v -62.217766 166.617050 4.980232
v -59.171379 162.023895 4.919398
v -55.647629 156.701218 4.894511
v -53.138206 152.898773 4.932370
v -59.939251 160.299103 18.355778
v -61.529282 164.524277 9.877258
v -61.046558 163.879913 9.479018
v -60.480545 163.132324 8.975040
v -59.957870 162.470200 8.378238
v -59.605171 162.082260 7.701511
v -59.171543 161.437897 7.648888
v -58.163162 159.797318 8.188444
v -58.218666 159.791824 8.604756
v -58.396946 159.962387 9.065725
v -58.646553 160.244400 9.509882
v -58.916031 160.573288 9.875742
v -59.526020 161.536118 9.687117
v -60.255379 162.637558 9.693516
v -60.968384 163.694611 9.791402
v -60.983288 162.611511 14.939274
v -60.411400 161.902390 14.214861
v -59.868240 161.253220 13.413536
v -59.357090 160.681793 12.475571
v -58.881279 160.205978 11.341236
v -58.731129 159.964706 11.407522
v -58.628712 159.779251 11.550027
v -58.574825 159.651840 11.763933
v -58.583481 159.605225 12.041903
v -59.435413 160.544510 13.666210
v -59.928936 161.218201 14.003847
v -60.445595 161.905258 14.442198
v -58.692211 160.699951 7.710276
v -59.183178 161.345612 8.160530
v -59.319679 160.380096 13.616909
v -59.141056 161.696945 6.228151
v -59.785690 162.821335 5.531254
v -58.881847 160.945740 7.900969
v -58.591141 160.493622 7.959450
v -58.313911 160.087082 7.900573
v -58.682312 159.658295 12.490541
v -65.529549 162.558990 5.676351
v -65.286392 161.122330 5.852727
v -65.110123 160.131805 6.046196
v -63.518337 159.344040 18.308311
v -63.560135 157.978897 16.199947
v -63.594952 157.397552 15.160166
v -63.676155 157.153625 14.168386
v -63.635830 155.746857 12.691345
v -63.600208 154.279312 11.096766
v -63.575867 152.830551 9.432267
v -63.569397 151.480133 7.745476
v -63.583130 151.209671 7.282320
v -63.619133 151.031693 6.752586
v -63.681274 151.019577 6.218604
v -63.773418 151.246628 5.742701
v -63.857079 151.586945 5.483552
v -63.955605 152.080093 5.297394
v -64.066864 152.709686 5.180925
v -64.188721 153.459381 5.130847
v -64.623360 156.263260 5.119710
v -65.181152 159.962708 5.235723
v -65.642120 163.009171 5.317639
v -64.991776 159.848083 6.667632
v -65.023956 160.273865 6.948040
v -65.199547 160.995483 6.413609
v -65.428490 162.127014 5.962488
v -66.013412 165.149994 4.980232
v -65.178780 159.701965 4.919398
v -64.206795 153.393005 4.894511
v -63.506577 148.891281 4.932370
v -63.450512 158.941956 18.355778
v -65.115433 163.138184 9.877258
v -65.039307 162.336670 9.479018
v -64.955399 161.402740 8.975040
v -64.896904 160.561218 8.378238
v -64.897003 160.036896 7.701511
v -64.784554 159.268402 7.648888
v -64.427444 157.376099 8.188444
v -64.382675 157.409378 8.604756
v -64.365440 157.655487 9.065725
v -64.370392 158.032074 9.509882
v -64.392151 158.456696 9.875742
v -64.588280 159.579498 9.687117
v -64.789284 160.885147 9.693516
v -64.972542 162.146957 9.791402
v -64.233070 161.355423 14.939274
v -64.179375 160.446014 14.214862
v -64.144753 159.600296 13.413536
v -64.138725 158.833633 12.475571
v -64.170837 158.161499 11.341236
v -64.119698 157.881973 11.407522
v -64.070755 157.675842 11.550026
v -64.024940 157.545303 11.763933
v -63.987183 157.516617 12.041903
v -63.988422 158.784714 13.666210
v -64.076286 159.615204 14.003847
v -64.156006 160.471146 14.442198
v -64.642982 158.399918 7.710277
v -64.713867 159.207932 8.160530
v -63.963501 158.585205 13.616909
v -64.981339 159.439621 6.228151
v -65.260475 160.705261 5.531254
v -64.667938 158.709351 7.900970
v -64.579010 158.179245 7.959450
v -64.510757 157.691940 7.900573
v -63.949741 157.622375 12.490541
v -84.651413 153.472122 5.676350
v -83.691101 152.376266 5.852726
v -83.034439 151.614044 6.046196
v -83.428947 149.882355 18.308311
v -82.344116 149.052597 16.199947
v -81.871399 148.712448 15.160166
v -81.630997 148.621353 14.168385
v -80.565750 147.701630 12.691345
v -79.450417 146.747177 11.096766
v -78.342522 145.813339 9.432267
v -77.299576 144.955444 7.745476
v -77.081215 144.795288 7.282320
v -76.920486 144.710800 6.752586
v -76.871834 144.751328 6.218604
v -76.989693 144.966171 5.742701
v -77.200714 145.245956 5.483552
v -77.520836 145.633789 5.297394
v -77.938713 146.117676 5.180925
v -78.443016 146.685638 5.130847
v -80.342453 148.793427 5.119710
v -82.858467 151.562317 5.235723
v -84.929352 153.843719 5.317639
v -82.889206 151.343094 6.667632
v -83.198997 151.636948 6.948040
v -83.647598 152.228821 6.413609
v -84.380310 153.120956 5.962487
v -86.354706 155.483643 4.980232
v -82.657806 151.395798 4.919398
v -78.380142 146.657730 4.894511
v -75.332047 143.271744 4.932370
v -83.160042 149.575836 18.355778
v -85.362015 153.516846 9.877258
v -84.788651 152.951614 9.479018
v -84.117546 152.296738 8.975040
v -83.502029 151.719910 8.378238
v -83.095444 151.388855 7.701511
v -82.570633 150.816330 7.648888
v -81.329002 149.344345 8.188444
v -81.383072 149.330658 8.604756
v -81.584778 149.472733 9.065725
v -81.873634 149.714401 9.509882
v -82.189117 149.999451 9.875742
v -82.935783 150.860611 9.687117
v -83.821152 151.841049 9.693516
v -84.683731 152.780045 9.791402
v -84.537048 151.706818 14.939274
v -83.865868 151.090836 14.214861
v -83.232025 150.529877 13.413536
v -82.641418 150.041016 12.475571
v -82.100006 149.641418 11.341236
v -81.915581 149.425232 11.407522
v -81.786667 149.257095 11.550027
v -81.714394 149.139130 11.763933
v -81.716003 149.091751 12.041903
v -82.698410 149.893585 13.666210
v -83.286827 150.486206 14.003847
v -83.900108 151.088593 14.442198
v -81.986671 150.158066 7.710276
v -82.568382 150.723328 8.160530
v -82.559464 149.748260 13.616909
v -82.579094 151.077026 6.228151
v -83.384102 152.092773 5.531254
v -82.210823 150.372833 7.900969
v -81.855980 149.969086 7.959450
v -81.521263 149.608414 7.900573
v -81.821640 149.129517 12.490541
v -89.024712 150.977325 5.676351
v -88.570152 149.592957 5.852727
v -88.248230 148.639771 6.046196
v -86.556824 148.098022 18.308311
v -86.394699 146.741898 16.199947
v -86.342484 146.161850 15.160166
v -86.386429 145.908554 14.168386
v -86.136894 144.523514 12.691345
v -85.882957 143.077667 11.096766
v -85.642975 141.648712 9.432267
v -85.435310 140.314331 7.745476
v -85.408585 140.044846 7.282320
v -85.417656 139.863495 6.752586
v -85.477303 139.842239 6.218604
v -85.602257 140.053024 5.742701
v -85.735703 140.377090 5.483552
v -85.906616 140.850037 5.297394
v -86.110466 141.456009 5.180925
v -86.342697 142.179169 5.130847
v -87.190353 144.886963 5.119710
v -88.293266 148.461960 5.235723
v -89.203125 151.405701 5.317639
v -88.088921 148.376846 6.667632
v -88.184204 148.793076 6.948040
v -88.465378 149.480469 6.413609
v -88.860397 150.565231 5.962488
v -89.889313 153.467270 4.980232
v -88.252060 148.204483 4.919398
v -86.350677 142.110855 4.894511
v -84.987366 137.763763 4.932370
v -86.429832 147.710541 18.355778
v -88.701538 151.611771 9.877258
v -88.506813 150.830551 9.479018
v -88.284653 149.919556 8.975040
v -88.101395 149.096146 8.378238
v -88.023354 148.577682 7.701511
v -87.797623 147.834534 7.648888
v -87.162476 146.016571 8.188444
v -87.123169 146.056152 8.604756
v -87.142815 146.302094 9.065725
v -87.203827 146.673721 9.509882
v -87.288635 147.090363 9.875742
v -87.649902 148.171387 9.687117
v -88.043251 149.432510 9.693516
v -88.412521 150.652908 9.791402
v -87.563339 149.980423 14.939274
v -87.374710 149.089172 14.214862
v -87.214432 148.258057 13.413536
v -87.094208 147.500870 12.475571
v -87.025795 146.831451 11.341236
v -86.933563 146.562653 11.407522
v -86.854446 146.366119 11.550026
v -86.789688 146.243866 11.763933
v -86.748085 146.221146 12.041903
v -86.938293 147.474884 13.666210
v -87.148949 148.283005 14.003847
v -87.355347 149.117508 14.442198
v -87.528198 146.996826 7.710277
v -87.718719 147.785263 8.160530
v -86.883926 147.281311 13.616909
v -88.017723 147.974487 6.228151
v -88.482376 149.184402 5.531254
v -87.598991 147.299088 7.900970
v -87.432053 146.788162 7.959450
v -87.291939 146.316467 7.900573
v -86.726822 146.331299 12.490541
v -106.578659 139.142136 5.676350
v -105.465752 138.201645 5.852726
v -104.702827 137.545792 6.046196
v -104.834846 135.774643 18.308311
v -103.638466 135.115845 16.199947
v -103.120338 134.849930 15.160166
v -102.869041 134.795685 14.168385
v -101.678619 134.044998 12.691345
v -100.433495 133.267426 11.096766
v -99.198799 132.509125 9.432267
v -98.039650 131.816254 7.745476
v -97.799858 131.690430 7.282320
v -97.628334 131.630844 6.752586
v -97.586266 131.678162 6.218604
v -97.734825 131.873032 5.742701
v -97.985191 132.118256 5.483552
v -98.359535 132.454056 5.297394
v -98.844864 132.870255 5.180925
v -99.428177 133.356705 5.130847
v -101.620529 135.157883 5.119710
v -104.521111 137.520874 5.235723
v -106.908882 139.468170 5.317639
v -104.518829 137.299515 6.667632
v -104.868965 137.543915 6.948040
v -105.400757 138.062332 6.413609
v -106.258247 138.835297 5.962487
v -108.562721 140.877335 4.980232
v -104.297867 137.386124 4.919398
v -99.361847 133.338486 4.894511
v -95.843170 130.444595 4.932370
v -104.523262 135.511627 18.355778
v -107.287987 139.080460 9.877258
v -106.636795 138.606995 9.479018
v -105.875580 138.059448 8.975040
v -105.180969 137.580795 8.378238
v -104.729591 137.314041 7.701511
v -104.125313 136.826111 7.648888
v -102.678177 135.555618 8.188444
v -102.729599 135.534012 8.604756
v -102.950226 135.644455 9.065725
v -103.271873 135.840378 9.509882
v -103.626312 136.075211 9.875742
v -104.492989 136.815491 9.687117
v -105.514587 137.653030 9.693516
v -106.507477 138.452972 9.791402
v -106.202484 137.413589 14.939274
v -105.446991 136.904526 14.214861
v -104.736626 136.444290 13.413536
v -104.079758 136.048904 12.475571
v -103.484840 135.734467 11.341236
v -103.270248 135.548172 11.407522
v -103.117722 135.401138 11.550027
v -103.028671 135.295258 11.763933
v -103.023201 135.248169 12.041903
v -104.114143 135.894623 13.666210
v -104.784309 136.392944 14.003847
v -105.480515 136.897202 14.442198
v -103.449768 136.262222 7.710276
v -104.109230 136.734482 8.160530
v -103.955086 135.771637 13.616909
v -104.172531 137.082642 6.228151
v -105.119934 137.967072 5.531254
v -103.703423 136.441193 7.900969
v -103.292374 136.094849 7.959450
v -102.907639 135.788086 7.900573
v -103.133293 135.269760 12.490541
v -110.531303 136.023422 5.676351
v -109.875504 134.722260 5.852727
v -109.415123 133.827698 6.046196
v -107.661858 133.544083 18.308311
v -107.299438 132.227264 16.199947
v -107.161362 131.661484 15.160166
v -107.167061 131.404465 14.168386
v -106.713898 130.072067 12.691345
v -106.247314 128.680222 11.096766
v -105.797043 127.302986 9.432267
v -105.392838 126.014458 7.745476
v -105.326248 125.751968 7.282320
v -105.308189 125.571289 6.752586
v -105.363998 125.541382 6.218604
v -105.518974 125.731201 5.742701
v -105.699226 126.031746 5.483552
v -105.938721 126.473938 5.297394
v -106.230606 127.042770 5.180925
v -106.568016 127.723244 5.130847
v -107.809761 130.274460 5.119710
v -109.433159 133.645172 5.235723
v -110.771568 136.420441 5.317639
v -109.218407 133.591461 6.667632
v -109.374657 133.988846 6.948040
v -109.755135 134.626648 6.413609
v -110.307411 135.640427 5.962488
v -111.757347 138.356720 4.980232
v -109.354034 133.396713 4.919398
v -106.565727 127.654495 4.894511
v -104.569771 123.559135 4.932370
v -107.478539 133.179855 18.355778
v -110.306297 136.698944 9.877258
v -109.997314 135.955475 9.479018
v -109.641869 135.087769 8.975040
v -109.337936 134.300873 8.378238
v -109.183502 133.799820 7.701511
v -108.849541 133.098618 7.648888
v -107.950546 131.395615 8.188444
v -107.917572 131.440613 8.604756
v -107.973656 131.680878 9.065725
v -108.089371 132.039276 9.509882
v -108.235321 132.438614 9.875742
v -108.753670 133.453735 9.687117
v -109.330574 134.642136 9.693516
v -109.877602 135.793884 9.791402
v -108.937683 135.255463 14.939274
v -108.618332 134.402267 14.214862
v -108.335976 133.604324 13.413536
v -108.104248 132.873505 12.475571
v -107.936836 132.221771 11.341236
v -107.805573 131.969727 11.407522
v -107.698051 131.787170 11.550026
v -107.615799 131.675934 11.763933
v -107.571266 131.659668 12.041903
v -107.946205 132.871048 13.666210
v -108.274948 133.638763 14.003847
v -108.603409 134.433167 14.442198
v -108.458275 132.310425 7.710277
v -108.764168 133.061661 8.160530
v -107.863586 132.687759 13.616909
v -109.088043 133.204208 6.228151
v -109.727814 134.331360 5.531254
v -108.573326 132.598755 7.900970
v -108.332100 132.118408 7.959450
v -108.123253 131.672867 7.900573
v -107.566658 131.771759 12.490541
v -126.125450 121.704224 5.676350
v -124.884811 120.940094 5.852726
v -124.032661 120.405266 6.046196
v -123.899246 118.634232 18.308311
v -122.618042 118.161079 16.199947
v -122.066063 117.975365 15.160166
v -121.809494 117.959175 14.168385
v -120.520485 117.394287 12.691345
v -119.173386 116.810966 11.096766
v -117.839462 116.245148 9.432267
v -116.589996 115.732765 7.745476
v -116.334129 115.644081 7.282320
v -116.155632 115.610718 6.752586
v -116.121094 115.663780 6.218604
v -116.297035 115.834343 5.742701
v -116.581154 116.039513 5.483552
v -117.001366 116.315765 5.297394
v -117.543297 116.654991 5.180925
v -118.192596 117.049072 5.130847
v -120.628906 118.503395 5.119710
v -123.849258 120.407700 5.235723
v -126.500572 121.977394 5.317639
v -123.814011 120.189163 6.667632
v -124.196663 120.378654 6.948040
v -124.799782 120.812019 6.413609
v -125.762894 121.448555 5.962487
v -128.345947 123.124352 4.980232
v -123.608429 120.307732 4.919398
v -118.124290 117.040947 4.894511
v -114.213615 114.703766 4.932370
v -123.551941 118.420578 18.355778
v -126.817665 121.537506 9.877258
v -126.103188 121.166389 9.479018
v -125.268867 120.738411 8.975040
v -124.510681 120.368622 8.378238
v -124.024590 120.172112 7.701511
v -123.354332 119.779694 7.648888
v -121.734016 118.739067 8.188444
v -121.781647 118.710037 8.604756
v -122.016266 118.786354 9.065725
v -122.363518 118.932152 9.509882
v -122.749001 119.111549 9.875742
v -123.716324 119.714394 9.687117
v -124.851334 120.390320 9.693516
v -125.952354 121.033363 9.791402
v -125.495865 120.051041 14.939274
v -124.672943 119.660255 14.214861
v -123.901917 119.311028 13.413536
v -123.193459 119.017960 12.475571
v -122.558327 118.795692 11.341236
v -122.318367 118.643463 11.407522
v -122.145630 118.520798 11.550027
v -122.041794 118.429382 11.763933
v -122.029366 118.383621 12.041903
v -123.204468 118.860275 13.666210
v -123.941414 119.253151 14.003847
v -124.705002 119.648010 14.442198
v -122.602303 119.322784 7.710276
v -123.324776 119.691490 8.160530
v -123.028854 118.762360 13.616909
v -123.439262 120.026321 6.228151
v -124.507889 120.759682 5.531254
v -122.879799 119.461952 7.900969
v -122.421715 119.180733 7.959450
v -121.995560 118.934731 7.900573
v -122.141449 118.388573 12.490541
v -129.569153 118.031258 5.676351
v -128.726761 116.842361 5.852727
v -128.138199 116.026405 6.046196
v -126.362251 116.007248 18.308311
v -125.807625 114.759148 16.199947
v -125.586769 114.220268 15.160166
v -125.554100 113.965271 14.168386
v -124.907425 112.715294 12.691345
v -124.238617 111.408524 11.096766
v -123.588120 110.113785 9.432267
v -122.996391 108.899879 7.745476
v -122.891426 108.650253 7.282320
v -122.846642 108.474281 6.752586
v -122.897369 108.436394 6.218604
v -123.078903 108.600990 5.742701
v -123.301933 108.871315 5.483552
v -123.604652 109.272881 5.297394
v -123.978058 109.791855 5.180925
v -124.413109 110.414444 5.130847
v -126.021210 112.752106 5.119710
v -128.128830 115.843224 5.235723
v -129.865891 118.388023 5.317639
v -127.908478 115.822121 6.667632
v -128.122192 116.191772 6.948040
v -128.593475 116.765755 6.413609
v -129.290680 117.685905 5.962488
v -131.129242 120.155769 4.980232
v -128.013565 115.609329 4.919398
v -124.400604 110.346802 4.894511
v -121.816589 106.594650 4.932370
v -126.126694 115.674408 18.355778
v -129.447327 118.732765 9.877258
v -129.031006 118.043648 9.479018
v -128.550201 117.238609 8.975040
v -128.132385 116.505791 8.378238
v -127.905014 116.033348 7.701511
v -127.470276 115.389748 7.648888
v -126.327522 113.839760 8.188444
v -126.301620 113.889153 8.604756
v -126.392876 114.118378 9.065725
v -126.560722 114.455528 9.509882
v -126.764557 114.828667 9.875742
v -127.428398 115.755188 9.687117
v -128.175964 116.844337 9.693516
v -128.888535 117.901695 9.791402
v -127.878876 117.509369 14.939274
v -127.435944 116.713303 14.214862
v -127.037819 115.966354 13.413536
v -126.699760 115.278229 12.475571
v -126.437088 114.658714 11.341236
v -126.269722 114.429054 11.407522
v -126.136200 114.264565 11.550026
v -126.038284 114.166832 11.763933
v -125.991821 114.157372 12.041903
v -126.543114 115.299355 13.666210
v -126.982597 116.009491 14.003847
v -127.425789 116.746086 14.442198
v -126.965912 114.668678 7.710277
v -127.380348 115.365921 8.160530
v -126.434105 115.130417 13.616909
v -127.721848 115.458626 6.228151
v -128.522461 116.477837 5.531254
v -127.122650 114.936638 7.900970
v -126.812531 114.497612 7.959450
v -126.539612 114.088165 7.900573
v -126.003975 114.268898 12.490541
v -142.855011 101.547951 5.676350
v -141.514343 100.977257 5.852726
v -140.591995 100.575401 6.046196
v -140.196121 98.844025 18.308311
v -138.858719 98.567101 16.199947
v -138.285233 98.465721 15.160166
v -138.029099 98.487953 14.168385
v -136.670303 98.121483 12.691345
v -135.251312 97.745438 11.096766
v -133.847961 97.384743 9.432267
v -132.536087 97.064301 7.745476
v -132.269867 97.014732 7.282320
v -132.088394 97.008347 6.752586
v -132.062149 97.065964 6.218604
v -132.261536 97.208397 5.742701
v -132.573059 97.368935 5.483552
v -133.029755 97.579475 5.297394
v -133.616196 97.834145 5.180925
v -134.316971 98.127060 5.130847
v -136.942810 99.202042 5.119710
v -140.411011 100.605141 5.235723
v -143.266647 101.762161 5.317639
v -140.343582 100.394295 6.667632
v -140.750198 100.524643 6.948040
v -141.411179 100.863281 6.413609
v -142.458389 101.349174 5.962487
v -145.262360 102.621284 4.980232
v -140.157974 100.542175 4.919398
v -134.248215 98.129204 4.894511
v -130.032883 96.400955 4.932370
v -139.820862 98.684525 18.355778
v -143.514648 101.279930 9.877258
v -142.752838 101.019447 9.479018
v -141.864059 100.720581 8.975040
v -141.059219 100.467918 8.378238
v -140.549271 100.346054 7.701511
v -139.828018 100.057907 7.648888
v -138.070709 99.270386 8.188444
v -138.113480 99.234581 8.604756
v -138.356857 99.275078 9.065725
v -138.721954 99.367500 9.509882
v -139.129868 99.487442 9.875742
v -140.176224 99.939384 9.687117
v -141.399307 100.438606 9.693516
v -142.583862 100.910378 9.791402
v -141.986069 100.007057 14.939274
v -141.114090 99.743279 14.214861
v -140.299637 99.512863 13.413536
v -139.555420 99.328651 12.475571
v -138.894241 99.203529 11.341236
v -138.634277 99.088760 11.407522
v -138.445190 98.993210 11.550027
v -138.328888 98.918289 11.763933
v -138.309784 98.874893 12.041903
v -139.542801 99.171097 13.666210
v -140.330063 99.449745 14.003847
v -141.143967 99.726395 14.442198
v -139.016281 99.718178 7.710276
v -139.785645 99.975098 8.160530
v -139.354553 99.100449 13.616909
v -139.948746 100.289124 6.228151
v -141.114746 100.855026 5.531254
v -139.311417 99.814438 7.900969
v -138.816544 99.604630 7.959450
v -138.358490 99.424889 7.900573
v -138.421341 98.863083 12.490541
v -145.712860 97.402771 5.676351
v -144.702682 96.352699 5.852727
v -143.999084 95.633575 6.046196
v -142.240112 95.879311 18.308311
v -141.505676 94.727814 16.199947
v -141.206970 94.227867 15.160166
v -141.136673 93.980583 14.168386
v -140.310928 92.840942 12.691345
v -139.454834 91.648445 11.096766
v -138.618637 90.465111 9.432267
v -137.852600 89.352959 7.745476
v -137.711609 89.121758 7.282320
v -137.641098 88.954422 6.752586
v -137.685608 88.909401 6.218604
v -137.889648 89.045105 5.742701
v -138.150467 89.279175 5.483552
v -138.509659 89.631134 5.297394
v -138.956238 90.088669 5.180925
v -139.479218 90.639465 5.130847
v -141.417755 92.711349 5.119710
v -143.962524 95.453842 5.235723
v -146.059464 97.711327 5.317639
v -143.741486 95.465813 6.667632
v -144.007919 95.799484 6.948040
v -144.559479 96.296814 6.413609
v -145.386017 97.102776 5.962488
v -147.572144 99.271049 4.980232
v -143.813690 95.239738 4.919398
v -139.456772 90.574440 4.894511
v -136.342407 87.249298 4.932370
v -141.957581 95.585304 18.355778
v -145.696945 98.114601 9.877258
v -145.182556 97.495232 9.479018
v -144.587158 96.770836 8.975040
v -144.064789 96.108467 8.378238
v -143.769531 95.675201 7.701511
v -143.243729 95.103577 7.648888
v -141.882736 93.741211 8.188444
v -141.864487 93.793915 8.604756
v -141.988892 94.006981 9.065725
v -142.205109 94.315346 9.509882
v -142.462280 94.653938 9.875742
v -143.256790 95.471176 9.687117
v -144.158340 96.436745 9.693516
v -145.020538 97.376091 9.791402
v -143.963669 97.138626 14.939274
v -143.407043 96.417465 14.214862
v -142.902039 95.738197 13.413536
v -142.465210 95.108139 12.475571
v -142.113129 94.534691 11.341236
v -141.913422 94.332535 11.407522
v -141.756866 94.189781 11.550026
v -141.645477 94.107735 11.763933
v -141.598129 94.105309 12.041903
v -142.313461 95.152374 13.666210
v -142.853867 95.789085 14.003847
v -143.401886 96.451393 14.442198
v -142.637543 94.465729 7.710277
v -143.151260 95.093422 8.160530
v -142.180481 95.001572 13.616909
v -143.502762 95.134186 6.228151
v -144.446335 96.022697 5.531254
v -142.832458 94.707336 7.900970
v -142.460373 94.319427 7.959450
v -142.129486 93.955231 7.900573
v -141.626770 94.213776 12.490541
v -156.393814 79.123459 5.676350
v -154.983063 78.758942 5.852726
v -154.011124 78.499031 6.046196
v -153.361649 76.845993 18.308311
v -151.997894 76.771484 16.199947
v -151.415695 76.756706 15.160166
v -151.165756 76.816864 14.168385
v -149.767517 76.656990 12.691345
v -148.308334 76.496628 11.096766
v -146.866898 76.349106 9.432267
v -145.521912 76.227760 7.745476
v -145.251266 76.218430 7.282320
v -145.070877 76.239151 6.752586
v -145.053513 76.300041 6.218604
v -145.271896 76.411171 5.742701
v -145.603867 76.523483 5.483552
v -146.086838 76.663612 5.297394
v -146.704681 76.828033 5.180925
v -147.441284 77.013245 5.130847
v -150.198013 77.684875 5.119710
v -153.836594 78.555420 5.235723
v -156.832779 79.273926 5.317639
v -153.738495 78.356972 6.667632
v -154.160004 78.425270 6.948040
v -154.864059 78.661613 6.413609
v -155.972000 78.986008 5.962487
v -158.934250 79.826019 4.980232
v -153.576996 78.530869 4.919398
v -147.373627 77.025604 4.894511
v -142.947800 75.944885 4.932370
v -152.966797 76.744202 18.355778
v -157.006134 78.760124 9.877258
v -156.214005 78.616081 9.479018
v -155.290619 78.453011 8.975040
v -154.457108 78.323120 8.378238
v -153.934692 78.278618 7.701511
v -153.178558 78.101181 7.648888
v -151.323502 77.584351 8.188444
v -151.360458 77.542580 8.604756
v -151.607147 77.546356 9.065725
v -151.981949 77.583328 9.509882
v -152.403183 77.641136 9.875742
v -153.505219 77.932083 9.687117
v -154.789032 78.243454 9.693516
v -156.030670 78.533417 9.791402
v -155.304932 77.729271 14.939274
v -154.403381 77.598396 14.214861
v -153.563675 77.491936 13.413536
v -152.800308 77.420700 12.475571
v -152.127884 77.395508 11.341236
v -151.853714 77.320770 11.407522
v -151.652496 77.254463 11.550027
v -151.526321 77.197708 11.763933
v -151.500961 77.157654 12.041903
v -152.764359 77.266777 13.666210
v -153.584366 77.424988 14.003847
v -154.430405 77.577248 14.442198
v -152.325256 77.886223 7.710276
v -153.124313 78.025604 8.160530
v -152.567688 77.224976 13.616909
v -153.332397 78.311821 6.228151
v -154.569702 78.697632 5.531254
v -152.631439 77.937424 7.900969
v -152.110825 77.803703 7.959450
v -151.631088 77.694244 7.900573
v -151.609528 77.129341 12.490541
v -158.601959 74.598656 5.676351
v -157.446579 73.710861 5.852727
v -156.643661 73.104622 6.046196
v -154.940948 73.609756 18.308311
v -154.043106 72.580582 16.199947
v -153.673233 72.130730 15.160166
v -153.566849 71.896690 14.168386
v -152.580490 70.892845 12.691345
v -151.556229 69.841248 11.096766
v -150.553024 68.795753 9.432267
v -149.629791 67.810181 7.745476
v -149.455902 67.602585 7.282320
v -149.361252 67.447624 6.752586
v -149.398560 67.396469 6.218604
v -149.620544 67.500252 5.742701
v -149.913330 67.692833 5.483552
v -150.320969 67.987328 5.297394
v -150.830750 68.373199 5.180925
v -151.429977 68.839897 5.130847
v -153.655640 70.599739 5.119710
v -156.580719 72.932343 5.235723
v -158.990677 74.852104 5.317639
v -156.363922 72.977119 6.667632
v -156.677109 73.267365 6.948040
v -157.296631 73.676941 6.413609
v -158.234070 74.350716 5.962488
v -160.718933 76.168961 4.980232
v -156.401627 72.742813 4.919398
v -151.398087 68.778954 4.894511
v -147.822952 65.955093 4.932370
v -154.617767 73.361137 18.355778
v -158.692322 75.304909 9.877258
v -158.091370 74.769112 9.479018
v -157.394653 74.141541 8.975040
v -156.779404 73.564423 8.378238
v -156.422882 73.179993 7.701511
v -155.817749 72.693108 7.648888
v -154.268921 71.548798 8.188444
v -154.258728 71.603638 8.604756
v -154.413498 71.795776 9.065725
v -154.673248 72.068474 9.509882
v -154.978012 72.364960 9.875742
v -155.885452 73.054657 9.687117
v -156.920837 73.875092 9.693516
v -157.913391 74.675453 9.791402
v -156.832947 74.598145 14.939274
v -156.175049 73.967995 14.214862
v -155.574463 73.371567 13.413536
v -155.048599 72.813652 12.475571
v -154.615005 72.299080 11.341236
v -154.387375 72.128944 11.407522
v -154.211304 72.011124 11.550026
v -154.088928 71.946587 11.763933
v -154.041748 71.951248 12.041903
v -154.905136 72.880013 13.666210
v -155.534409 73.429062 14.003847
v -156.175018 74.002312 14.442198
v -155.123260 72.152725 7.710277
v -155.724808 72.696854 8.160530
v -154.751190 72.750702 13.616909
v -156.078461 72.684776 6.228151
v -157.143906 73.422745 5.531254
v -155.352020 72.362587 7.900970
v -154.926285 72.034470 7.959450
v -154.544815 71.723656 7.900573
v -154.086227 72.054237 12.490541
v -166.439346 54.931717 5.676350
v -164.990021 54.781521 5.852726
v -163.990204 54.669369 6.046196
v -163.101608 53.131584 18.308311
v -161.741989 53.261150 16.199947
v -161.164093 53.333309 15.160166
v -160.925919 53.430042 14.168385
v -159.519455 53.480343 12.691345
v -158.052673 53.539238 11.096766
v -156.605347 53.608192 9.432267
v -155.257294 53.688644 7.745476
v -154.988297 53.719753 7.282320
v -154.813004 53.767136 6.752586
v -154.804901 53.829929 6.218604
v -155.037415 53.907269 5.742701
v -155.382416 53.968853 5.483552
v -155.880875 54.035435 5.297394
v -156.516327 54.105946 5.180925
v -157.272308 54.179302 5.130847
v -160.098343 54.432587 5.119710
v -163.826019 54.751133 5.235723
v -166.895828 55.015083 5.317639
v -163.699448 54.569527 6.667632
v -164.126419 54.574242 6.948040
v -164.857849 54.703018 6.413609
v -166.001755 54.858665 5.962487
v -169.056107 55.247822 4.980232
v -163.565674 54.765549 4.919398
v -157.207230 54.201611 4.894511
v -152.669785 53.792564 4.932370
v -162.695999 53.089775 18.355778
v -166.990677 54.481182 9.877258
v -166.185928 54.456802 9.479018
v -165.248550 54.433174 8.975040
v -164.404999 54.428955 8.378238
v -163.881775 54.462803 7.701511
v -163.107635 54.400043 7.648888
v -161.196274 54.165455 8.188444
v -161.226593 54.118637 8.604756
v -161.471100 54.085602 9.065725
v -161.847214 54.066307 9.509882
v -162.272354 54.060692 9.875742
v -163.405457 54.184151 9.687117
v -164.721329 54.300709 9.693516
v -165.992325 54.402382 9.791402
v -165.154831 53.715385 14.939274
v -164.243851 53.720333 14.214861
v -163.397659 53.740204 13.413536
v -162.632202 53.783531 12.475571
v -161.963531 53.858837 11.341236
v -161.681290 53.825790 11.407522
v -161.472427 53.790218 11.550027
v -161.339218 53.752899 11.763933
v -161.308167 53.717068 12.041903
v -162.573715 53.636688 13.666210
v -163.408127 53.670921 14.003847
v -164.267426 53.695393 14.442198
v -162.231827 54.314655 7.710276
v -163.042740 54.333397 8.160530
v -162.373016 53.624660 13.616909
v -163.291153 54.585400 6.228151
v -164.572144 54.782501 5.531254
v -162.542236 54.319649 7.900969
v -162.007507 54.265018 7.959450
v -161.516815 54.228271 7.900573
v -161.411301 53.672897 12.490541
v -167.948486 50.128353 5.676351
v -166.673691 49.422668 5.852727
v -165.789383 48.942860 6.046196
v -164.180984 49.696121 18.308311
v -163.139771 48.812244 16.199947
v -162.706985 48.422546 15.160166
v -162.566925 48.206970 14.168386
v -161.441956 47.361343 12.691345
v -160.272415 46.474144 11.096766
v -159.124588 45.589832 9.432267
v -158.064789 44.752865 7.745476
v -157.861908 44.573498 7.282320
v -157.745209 44.434376 6.752586
v -157.774475 44.378231 6.218604
v -158.009445 44.447773 5.742701
v -158.327682 44.594563 5.483552
v -158.774658 44.825024 5.297394
v -159.336243 45.130608 5.180925
v -159.998337 45.502789 5.130847
v -162.461426 46.911278 5.119710
v -165.701462 48.781887 5.235723
v -168.370621 50.321041 5.317639
v -165.493774 48.858475 6.667632
v -165.846725 49.098801 6.948040
v -166.520370 49.411469 6.413609
v -167.547745 49.938015 5.962488
v -170.275833 51.365623 4.980232
v -165.496140 48.621162 4.919398
v -159.957718 45.447277 4.894511
v -156.001648 43.187775 4.932370
v -163.824341 49.498444 18.355778
v -168.143082 50.813251 9.877258
v -167.468994 50.373001 9.479018
v -166.686539 49.856277 8.975040
v -165.992142 49.377296 8.378238
v -165.582306 49.050297 7.701511
v -164.911377 48.659035 7.648888
v -163.209290 47.758335 8.188444
v -163.207382 47.814079 8.604756
v -163.389069 47.981010 9.065725
v -163.686569 48.211948 9.509882
v -164.032104 48.459702 9.875742
v -165.032196 49.006458 9.687117
v -166.178299 49.663418 9.693516
v -167.279053 50.306915 9.791402
v -166.199142 50.391495 14.939274
v -165.454681 49.866432 14.214862
v -164.771912 49.366177 13.413536
v -164.168777 48.892860 12.475571
v -163.663330 48.448658 11.341236
v -163.412888 48.314346 11.407522
v -163.221222 48.224079 11.550026
v -163.090607 48.178505 11.763933
v -163.044647 48.190140 12.041903
v -164.036804 48.979858 13.666210
v -164.740875 49.429001 14.003847
v -165.459763 49.900372 14.442198
v -164.144104 48.228191 7.710277
v -164.820023 48.676590 8.160530
v -163.865295 48.874943 13.616909
v -165.167923 48.611942 6.228151
v -166.331467 49.182877 5.531254
v -164.401581 48.401619 7.900970
v -163.931702 48.140610 7.959450
v -163.508163 47.890125 7.900573
v -163.103973 48.285355 12.490541
v -172.767303 29.512871 5.676350
v -171.311783 29.580353 5.852726
v -170.306412 29.618460 6.046196
v -169.198563 28.230282 18.308311
v -167.873444 28.561035 16.199947
v -167.312759 28.718512 15.160166
v -167.091644 28.849665 14.168385
v -165.708389 29.109013 12.691345
v -164.266754 29.385857 11.096766
v -162.845871 29.669741 9.432267
v -161.524872 29.950203 7.745476
v -161.263504 30.021055 7.282320
v -161.097244 30.094032 6.752586
v -161.098587 30.157333 6.218604
v -161.340027 30.199154 5.742701
v -161.690353 30.208633 5.483552
v -162.193176 30.200186 5.297394
v -162.832031 30.175203 5.180925
v -163.590500 30.135073 5.130847
v -166.422729 29.964348 5.119710
v -170.156250 29.723782 5.235723
v -173.231125 29.527273 5.317639
v -170.004028 29.563065 6.667632
v -170.426941 29.504093 6.948040
v -171.169373 29.522427 6.413609
v -172.323715 29.505854 5.962487
v -175.401947 29.435453 4.980232
v -169.900955 29.776836 4.919398
v -163.529495 30.166830 4.894511
v -158.981750 30.438593 4.932370
v -168.791260 28.249392 18.355778
v -173.245331 28.985197 9.877258
v -172.445938 29.081026 9.479018
v -171.515503 29.197369 8.975040
v -170.680740 29.318914 8.378238
v -170.168411 29.430363 7.701511
v -169.393570 29.483677 7.648888
v -167.468582 29.536568 8.188444
v -167.491592 29.485756 8.604756
v -167.728439 29.416653 9.065725
v -168.097488 29.341515 9.509882
v -168.517044 29.272602 9.875742
v -169.655884 29.225811 9.687117
v -170.974426 29.144955 9.693516
v -172.246384 29.056072 9.791402
v -171.315857 28.501560 14.939274
v -170.415787 28.642220 14.214861
v -169.582001 28.787985 13.413536
v -168.831558 28.944906 12.475571
v -168.181580 29.119030 11.341236
v -167.897552 29.128414 11.407522
v -167.685730 29.124367 11.550027
v -167.548447 29.107317 11.763933
v -167.512405 29.076513 12.041903
v -168.751831 28.808424 13.666210
v -169.582047 28.717915 14.003847
v -170.435379 28.614046 14.442198
v -168.514816 29.529770 7.710276
v -169.319458 29.427446 8.160530
v -168.551575 28.826439 13.616909
v -169.602661 29.639612 6.228151
v -170.898727 29.643600 5.531254
v -168.822495 29.488447 7.900969
v -168.285599 29.514118 7.959450
v -167.794907 29.550913 7.900573
v -167.607803 29.017466 12.490541
v -173.543716 24.538237 5.676351
v -172.177979 24.030424 5.852727
v -171.232056 23.687767 6.046196
v -169.753876 24.672323 18.308311
v -168.592560 23.953499 16.199947
v -168.106522 23.632652 15.160166
v -167.935898 23.440357 14.168386
v -166.697464 22.771830 12.691345
v -165.408768 22.068842 11.096766
v -164.141968 21.365473 9.432267
v -162.969269 20.695803 7.745476
v -162.741913 20.548674 7.282320
v -162.605789 20.428499 6.752586
v -162.626358 20.368620 6.218604
v -162.869080 20.402365 5.742701
v -163.205627 20.500090 5.483552
v -163.681946 20.661360 5.297394
v -164.282822 20.879833 5.180925
v -164.992981 21.149183 5.130847
v -167.638474 22.174852 5.119710
v -171.121124 23.541695 5.235723
v -173.989868 24.665859 5.317639
v -170.927170 23.648382 6.667632
v -171.311981 23.833420 6.948040
v -172.024704 24.042200 6.413609
v -173.119080 24.409748 5.962488
v -176.029465 25.414833 4.980232
v -170.894135 23.413366 4.919398
v -164.944550 21.100344 4.894511
v -160.695923 19.455671 4.932370
v -169.371750 24.530005 18.355778
v -173.838211 25.186485 9.877258
v -173.106033 24.851614 9.479018
v -172.255310 24.457273 8.975040
v -171.497284 24.087132 8.378238
v -171.043289 23.824865 7.701511
v -170.321548 23.537968 7.648888
v -168.504242 22.900991 8.188444
v -168.510666 22.956396 8.604756
v -168.715179 23.094389 9.065725
v -169.043777 23.278412 9.509882
v -169.422394 23.471899 9.875742
v -170.492798 23.863503 9.687117
v -171.723999 24.342314 9.693516
v -172.908371 24.814571 9.791402
v -171.853134 25.059153 14.939274
v -171.038727 24.650902 14.214862
v -170.289017 24.257992 13.413536
v -169.622086 23.879854 12.475571
v -169.056076 23.515942 11.341236
v -168.788422 23.420454 11.407522
v -168.585449 23.359758 11.550026
v -168.449493 23.334162 11.763933
v -168.405777 23.352518 12.041903
v -169.504562 23.985548 13.666210
v -170.267700 24.324741 14.003847
v -171.048813 24.683708 14.442198
v -169.498642 23.226286 7.710277
v -170.233826 23.568939 8.160530
v -169.319336 23.907368 13.616909
v -170.568207 23.453165 6.228151
v -171.803848 23.844315 5.531254
v -169.779083 23.359400 7.900970
v -169.275543 23.171339 7.959450
v -168.819412 22.986769 7.900573
v -168.478638 23.437826 12.490541
v -168.449036 -48.419781 5.676350
v -167.167145 -47.727081 5.852726
v -166.278015 -47.256279 6.046196
v -164.677338 -48.025841 18.308311
v -163.627213 -47.152588 16.199947
v -163.190491 -46.767303 15.160166
v -163.048233 -46.553162 14.168385
v -161.914749 -45.719002 12.691345
v -160.736252 -44.843727 11.096766
v -159.579514 -43.971123 9.432267
v -158.511261 -43.144962 7.745476
v -158.306564 -42.967663 7.282320
v -158.188461 -42.829735 6.752586
v -158.217163 -42.773296 6.218604
v -158.452820 -42.840446 5.742701
v -158.772522 -42.984001 5.483552
v -159.221817 -43.209904 5.297394
v -159.786484 -43.509769 5.180925
v -160.452316 -43.875206 5.130847
v -162.929596 -45.258602 5.119710
v -166.188461 -47.096207 5.235723
v -168.873123 -48.608173 5.317639
v -165.981567 -47.174904 6.667632
v -166.336929 -47.411629 6.948040
v -167.013718 -47.717442 6.413609
v -168.046387 -48.233521 5.962487
v -170.788834 -49.633347 4.980232
v -165.981522 -46.937576 4.919398
v -160.411148 -43.820107 4.894511
v -156.432327 -41.600910 4.932370
v -164.318710 -47.831795 18.355778
v -168.650589 -49.102669 9.877259
v -167.972061 -48.669289 9.479018
v -167.184387 -48.160538 8.975041
v -166.485168 -47.688637 8.378238
v -166.072037 -47.365814 7.701511
v -165.397171 -46.981388 7.648888
v -163.686020 -46.098019 8.188444
v -163.684692 -46.153778 8.604756
v -163.868042 -46.318859 9.065726
v -164.167877 -46.546764 9.509883
v -164.515915 -46.790993 9.875742
v -165.521515 -47.327564 9.687117
v -166.674225 -47.972851 9.693516
v -167.781464 -48.605133 9.791402
v -166.702469 -48.700680 14.939274
v -165.952713 -48.183201 14.214861
v -165.264893 -47.689907 13.413536
v -164.656982 -47.222744 12.475571
v -164.147049 -46.783699 11.341236
v -163.895264 -46.651939 11.407522
v -163.702682 -46.563622 11.550027
v -163.571609 -46.519379 11.763933
v -163.525772 -46.531479 12.041903
v -164.525909 -47.311081 13.666210
v -165.234497 -47.753044 14.003847
v -165.958130 -48.217091 14.442198
v -164.625565 -46.558361 7.710276
v -165.306000 -46.999870 8.160530
v -164.353333 -47.207909 13.616909
v -165.653229 -46.931694 6.228151
v -166.822510 -47.490776 5.531254
v -164.884796 -46.729160 7.900969
v -164.412277 -46.472942 7.959450
v -163.986221 -46.226768 7.900573
v -163.586060 -46.626087 12.490541
v -166.988754 -53.238220 5.676351
v -165.537979 -53.102753 5.852727
v -164.537079 -53.000763 6.046196
v -163.632904 -51.472084 18.308311
v -162.274673 -51.615456 16.199947
v -161.697540 -51.693478 15.160166
v -161.460358 -51.792629 14.168386
v -160.054489 -51.857208 12.691345
v -158.588364 -51.931004 11.096766
v -157.141815 -52.014652 9.432267
v -155.794662 -52.108795 7.745476
v -155.525986 -52.142635 7.282320
v -155.351181 -52.191795 6.752586
v -155.343719 -52.254669 6.218604
v -155.577011 -52.329639 5.742701
v -155.922623 -52.387718 5.483552
v -156.421722 -52.449234 5.297394
v -157.057861 -52.513283 5.180925
v -157.814545 -52.578960 5.130847
v -160.643005 -52.803524 5.119710
v -164.373734 -53.084190 5.235723
v -167.446075 -53.316948 5.317639
v -164.245331 -52.903877 6.667632
v -164.672318 -52.904255 6.948040
v -165.405014 -53.025597 6.413609
v -166.550446 -53.169617 5.962488
v -169.608597 -53.527725 4.980232
v -164.113541 -53.101250 4.919398
v -157.749710 -52.601929 4.894511
v -153.208328 -52.238995 4.932370
v -163.226898 -51.434399 18.355778
v -167.535477 -52.782108 9.877259
v -166.730530 -52.765903 9.479018
v -165.792953 -52.751801 8.975040
v -164.949402 -52.756149 8.378238
v -164.426559 -52.795311 7.701511
v -163.651825 -52.740414 7.648888
v -161.738174 -52.525253 8.188444
v -161.768005 -52.478130 8.604756
v -162.012161 -52.442616 9.065726
v -162.388077 -52.419498 9.509883
v -162.813141 -52.409569 9.875742
v -163.947418 -52.521511 9.687117
v -165.264420 -52.624695 9.693516
v -166.536377 -52.713455 9.791402
v -165.691956 -52.034996 14.939274
v -164.781067 -52.049198 14.214862
v -163.935120 -52.077667 13.413536
v -163.170151 -52.128765 12.475571
v -162.502274 -52.210861 11.341236
v -162.219711 -52.180679 11.407522
v -162.010498 -52.147232 11.550026
v -161.876907 -52.111267 11.763933
v -161.845505 -52.075752 12.041903
v -163.110168 -51.982525 13.666210
v -163.944885 -52.008282 14.003847
v -164.804382 -52.024021 14.442198
v -162.775192 -52.663933 7.710277
v -163.586243 -52.674431 8.160530
v -162.909363 -51.972534 13.616909
v -163.837204 -52.923897 6.228151
v -165.120132 -53.107979 5.531254
v -163.085632 -52.665771 7.900970
v -162.550369 -52.616573 7.959450
v -162.059326 -52.584812 7.900573
v -161.948181 -52.030537 12.490541
vn -0.6083 0.7849 0.1177
vn -0.6084 0.7849 0.1177
vn -0.6083 0.7849 0.1176
vn -0.6084 0.7849 0.1176
vn -0.6081 0.7851 0.1176
vn 0.2248 -0.9673 0.1177
vn 0.2248 -0.9673 0.1176
vn -0.7185 0.6855 0.1177
vn -0.7185 0.6855 0.1176
vn -0.7186 0.6854 0.1177
vn -0.7185 0.6854 0.1178
vn -0.7186 0.6854 0.1176
vn -0.7186 0.6855 0.1176
vn 0.3665 -0.9230 0.1177
vn 0.3665 -0.9230 0.1176
vn 0.3664 -0.9230 0.1176
vn 0.3664 -0.9230 0.1177
vn 0.3665 -0.9230 0.1175
vn 0.3665 -0.9229 0.1177
vn -0.8127 0.5707 0.1176
vn -0.8125 0.5709 0.1176
vn -0.8127 0.5707 0.1177
vn -0.8128 0.5705 0.1176
vn 0.4999 -0.8580 0.1177
vn 0.4999 -0.8580 0.1176
vn 0.5000 -0.8580 0.1176
vn 0.4999 -0.8581 0.1176
vn 0.4999 -0.8581 0.1177
vn 0.4999 -0.8580 0.1178
vn 0.4998 -0.8582 0.1176
vn -0.8887 0.4432 0.1177
vn -0.8886 0.4433 0.1177
vn -0.8886 0.4432 0.1177
vn -0.8887 0.4432 0.1176
vn -0.8886 0.4432 0.1176
vn -0.8886 0.4433 0.1176
vn 0.6222 -0.7739 0.1176
vn 0.6222 -0.7740 0.1177
vn 0.6222 -0.7739 0.1178
vn 0.6222 -0.7739 0.1177
vn 0.6222 -0.7740 0.1176
vn 0.6223 -0.7739 0.1176
vn -0.9448 0.3058 0.1177
vn -0.9448 0.3059 0.1177
vn -0.9448 0.3058 0.1176
vn -0.9448 0.3059 0.1176
vn 0.7306 -0.6726 0.1177
vn 0.7307 -0.6725 0.1176
vn 0.7306 -0.6726 0.1176
vn 0.7306 -0.6726 0.1178
vn -0.9798 0.1617 0.1177
vn -0.9798 0.1616 0.1177
vn -0.9798 0.1616 0.1176
vn -0.9798 0.1615 0.1177
vn 0.8227 -0.5562 0.1177
vn 0.8227 -0.5562 0.1176
vn 0.8227 -0.5561 0.1177
vn 0.8227 -0.5563 0.1175
vn -0.9930 0.0138 0.1177
vn -0.9930 0.0138 0.1176
vn 0.8964 -0.4273 0.1176
vn 0.8964 -0.4274 0.1177
vn 0.8964 -0.4274 0.1176
vn 0.8964 -0.4274 0.1174
vn -0.9839 -0.1343 0.1177
vn -0.9839 -0.1344 0.1176
vn -0.9839 -0.1343 0.1176
vn -0.9839 -0.1344 0.1177
vn 0.9501 -0.2890 0.1176
vn 0.9501 -0.2890 0.1177
vn -0.9529 -0.2795 0.1177
vn -0.9529 -0.2795 0.1176
vn 0.9825 -0.1442 0.1177
vn 0.9825 -0.1442 0.1176
vn -0.9006 -0.4184 0.1177
vn -0.9006 -0.4184 0.1176
vn -0.9007 -0.4183 0.1178
vn 0.9930 0.0038 0.1177
vn 0.9930 0.0039 0.1177
vn 0.9930 0.0039 0.1176
vn 0.9931 0.0039 0.1176
vn 0.9930 0.0038 0.1176
vn -0.8282 -0.5479 0.1177
vn -0.8282 -0.5479 0.1176
vn -0.8283 -0.5479 0.1176
vn 0.9814 0.1518 0.1177
vn 0.9814 0.1518 0.1176
vn 0.9814 0.1519 0.1177
vn -0.7373 -0.6653 0.1177
vn -0.7373 -0.6652 0.1177
vn -0.7373 -0.6653 0.1176
vn -0.7373 -0.6652 0.1176
vn 0.9478 0.2963 0.1177
vn 0.9478 0.2964 0.1177
vn 0.9478 0.2964 0.1176
vn 0.9478 0.2963 0.1176
vn 0.9477 0.2966 0.1177
vn -0.6299 -0.7677 0.1178
vn -0.6300 -0.7676 0.1177
vn -0.6299 -0.7677 0.1177
vn -0.6299 -0.7677 0.1176
vn 0.8930 0.4344 0.1176
vn 0.8930 0.4343 0.1177
vn 0.8931 0.4343 0.1177
vn 0.8930 0.4343 0.1176
vn 0.8931 0.4343 0.1176
vn -0.5085 -0.8530 0.1177
vn -0.5085 -0.8530 0.1176
vn -0.5084 -0.8530 0.1177
vn 0.8183 0.5626 0.1176
vn 0.8183 0.5626 0.1177
vn 0.8184 0.5625 0.1177
vn 0.8184 0.5625 0.1176
vn 0.8183 0.5625 0.1177
vn -0.3757 -0.9193 0.1177
vn -0.3757 -0.9192 0.1177
vn -0.3756 -0.9193 0.1176
vn -0.3757 -0.9193 0.1176
vn 0.7253 0.6783 0.1176
vn 0.7254 0.6782 0.1177
vn 0.7254 0.6782 0.1178
vn 0.7253 0.6783 0.1177
vn 0.7254 0.6783 0.1176
vn 0.7254 0.6782 0.1176
vn 0.7253 0.6782 0.1177
vn 0.7254 0.6783 0.1177
vn -0.2345 -0.9650 0.1175
vn -0.2344 -0.9650 0.1177
vn -0.2345 -0.9650 0.1177
vn -0.2345 -0.9650 0.1176
vn -0.2344 -0.9650 0.1176
vn 0.6162 0.7788 0.1177
vn 0.6162 0.7788 0.1176
vn 0.6161 0.7788 0.1176
vn 0.6162 0.7788 0.1175
vn 0.6161 0.7788 0.1177
vn -0.0881 -0.9891 0.1176
vn -0.0880 -0.9891 0.1176
vn -0.0880 -0.9891 0.1177
vn -0.0880 -0.9892 0.1175
vn 0.4932 0.8619 0.1177
vn 0.4933 0.8619 0.1177
vn 0.4932 0.8619 0.1176
vn 0.4931 0.8620 0.1177
vn 0.0604 -0.9912 0.1176
vn 0.0604 -0.9912 0.1177
vn 0.3592 0.9258 0.1177
vn 0.3593 0.9258 0.1177
vn 0.3593 0.9258 0.1176
vn 0.3592 0.9258 0.1176
vn 0.2074 -0.9711 0.1177
vn 0.2074 -0.9712 0.1177
vn 0.2074 -0.9712 0.1176
vn 0.2173 0.9690 0.1176
vn 0.2173 0.9690 0.1177
vn 0.2172 0.9690 0.1176
vn 0.3498 -0.9294 0.1177
vn 0.3499 -0.9294 0.1177
vn 0.3498 -0.9294 0.1176
vn 0.0704 0.9906 0.1177
vn 0.0704 0.9906 0.1176
vn 0.0705 0.9905 0.1177
vn 0.4844 -0.8669 0.1177
vn 0.4844 -0.8669 0.1176
vn 0.4845 -0.8669 0.1177
vn -0.0780 0.9900 0.1177
vn -0.0780 0.9900 0.1176
vn 0.6082 -0.7850 0.1177
vn 0.6082 -0.7850 0.1176
vn 0.6083 -0.7850 0.1177
vn -0.2247 0.9673 0.1177
vn -0.2246 0.9673 0.1177
vn -0.2246 0.9673 0.1176
vn -0.2247 0.9673 0.1175
vn -0.2247 0.9673 0.1176
vn 0.7184 -0.6856 0.1176
vn 0.7185 -0.6855 0.1177
vn 0.7184 -0.6856 0.1177
vn 0.7185 -0.6855 0.1176
vn -0.3663 0.9230 0.1177
vn -0.3663 0.9230 0.1178
vn -0.3663 0.9230 0.1176
vn -0.3662 0.9231 0.1175
vn 0.8126 -0.5708 0.1177
vn 0.8126 -0.5708 0.1176
vn 0.8126 -0.5709 0.1176
vn 0.8126 -0.5709 0.1177
vn 0.8125 -0.5709 0.1177
vn 0.8127 -0.5707 0.1177
vn -0.4997 0.8582 0.1176
vn -0.4998 0.8581 0.1177
vn -0.4999 0.8581 0.1176
vn -0.4998 0.8581 0.1176
vn -0.4998 0.8582 0.1175
vn -0.4997 0.8581 0.1176
vn -0.4998 0.8581 0.1178
vn 0.8886 -0.4434 0.1176
vn 0.8886 -0.4433 0.1177
vn 0.8886 -0.4434 0.1177
vn 0.8886 -0.4433 0.1176
vn 0.8885 -0.4434 0.1176
vn -0.6220 0.7741 0.1177
vn -0.6221 0.7741 0.1177
vn -0.6221 0.7740 0.1177
vn -0.6221 0.7741 0.1176
vn -0.6221 0.7740 0.1176
vn 0.9447 -0.3060 0.1177
vn 0.9447 -0.3060 0.1176
vn 0.9448 -0.3059 0.1177
vn -0.7305 0.6727 0.1177
vn -0.7305 0.6727 0.1176
vn -0.7306 0.6726 0.1176
vn -0.7307 0.6725 0.1176
vn 0.9798 -0.1618 0.1176
vn 0.9798 -0.1618 0.1177
vn 0.9798 -0.1619 0.1177
vn -0.8226 0.5564 0.1177
vn -0.8226 0.5563 0.1177
vn -0.8227 0.5562 0.1176
vn -0.8226 0.5563 0.1176
vn -0.8226 0.5563 0.1175
vn -0.8226 0.5562 0.1176
vn 0.9930 -0.0139 0.1177
vn 0.9930 -0.0140 0.1176
vn 0.9930 -0.0140 0.1177
vn 0.9930 -0.0139 0.1176
vn -0.8963 0.4275 0.1176
vn -0.8963 0.4275 0.1177
vn 0.9839 0.1342 0.1177
vn 0.9839 0.1342 0.1176
vn -0.9500 0.2891 0.1177
vn -0.9500 0.2892 0.1177
vn -0.9500 0.2891 0.1176
vn -0.9500 0.2892 0.1176
vn 0.9530 0.2793 0.1177
vn 0.9529 0.2793 0.1178
vn 0.9530 0.2793 0.1176
vn -0.9825 0.1443 0.1177
vn -0.9825 0.1443 0.1176
vn 0.9007 0.4183 0.1177
vn 0.9007 0.4182 0.1175
vn 0.9007 0.4182 0.1177
vn 0.9007 0.4182 0.1176
vn 0.9007 0.4183 0.1176
vn -0.9930 -0.0037 0.1177
vn -0.9930 -0.0037 0.1176
vn -0.9931 -0.0037 0.1176
vn 0.8283 0.5478 0.1177
vn 0.8283 0.5478 0.1176
vn 0.8283 0.5478 0.1178
vn -0.9814 -0.1517 0.1177
vn -0.9814 -0.1517 0.1176
vn -0.9814 -0.1516 0.1177
vn -0.9814 -0.1516 0.1176
vn 0.7374 0.6651 0.1177
vn 0.7374 0.6651 0.1176
vn 0.7374 0.6652 0.1176
vn 0.7374 0.6652 0.1177
vn 0.7374 0.6651 0.1175
vn -0.9478 -0.2963 0.1177
vn -0.9478 -0.2962 0.1177
vn -0.9479 -0.2962 0.1176
vn -0.9478 -0.2962 0.1176
vn -0.9479 -0.2961 0.1176
vn 0.6300 0.7677 0.1174
vn 0.6300 0.7676 0.1176
vn 0.6300 0.7676 0.1177
vn 0.6301 0.7676 0.1176
vn 0.6302 0.7675 0.1176
vn -0.8931 -0.4342 0.1177
vn -0.8931 -0.4341 0.1177
vn -0.8931 -0.4342 0.1176
vn -0.8931 -0.4342 0.1175
vn -0.8931 -0.4341 0.1176
vn 0.5087 0.8529 0.1177
vn 0.5085 0.8530 0.1177
vn 0.5086 0.8529 0.1177
vn 0.5086 0.8529 0.1176
vn -0.8185 -0.5624 0.1177
vn -0.8184 -0.5624 0.1177
vn -0.8185 -0.5624 0.1176
vn -0.8184 -0.5625 0.1177
vn -0.8184 -0.5625 0.1176
vn -0.8184 -0.5624 0.1176
vn -0.8184 -0.5624 0.1178
vn 0.3758 0.9192 0.1176
vn 0.3759 0.9192 0.1176
vn 0.3758 0.9192 0.1177
vn -0.7254 -0.6781 0.1177
vn -0.7255 -0.6781 0.1177
vn -0.7256 -0.6780 0.1176
vn -0.7255 -0.6781 0.1176
vn -0.7254 -0.6782 0.1177
vn 0.2346 0.9649 0.1177
vn 0.2347 0.9649 0.1177
vn 0.2346 0.9649 0.1176
vn -0.6164 -0.7786 0.1176
vn -0.6163 -0.7787 0.1177
vn -0.6162 -0.7787 0.1177
vn -0.6163 -0.7787 0.1176
vn -0.6162 -0.7787 0.1176
vn -0.6164 -0.7786 0.1177
vn -0.6163 -0.7786 0.1177
vn 0.0882 0.9891 0.1176
vn 0.0882 0.9891 0.1177
vn -0.4934 -0.8618 0.1177
vn -0.4933 -0.8619 0.1176
vn -0.4934 -0.8618 0.1176
vn -0.4933 -0.8618 0.1177
vn -0.0602 0.9912 0.1177
vn -0.0602 0.9912 0.1176
vn -0.3594 -0.9257 0.1176
vn -0.3594 -0.9257 0.1177
vn -0.3594 -0.9258 0.1176
vn -0.4847 0.8667 0.1177
vn -0.4846 0.8668 0.1177
vn -0.4846 0.8668 0.1176
vn -0.4845 0.8668 0.1177
vn -0.4847 0.8667 0.1176
vn 0.0781 -0.9900 0.1177
vn 0.0781 -0.9900 0.1176
vn -0.6082 0.7850 0.1176
vn -0.6085 0.7847 0.1177
vn -0.7185 0.6854 0.1177
vn 0.3664 -0.9230 0.1178
vn -0.8126 0.5708 0.1176
vn -0.8887 0.4431 0.1176
vn 0.6223 -0.7739 0.1177
vn 0.7306 -0.6725 0.1177
vn -0.9798 0.1617 0.1176
vn 0.8227 -0.5561 0.1176
vn 0.8963 -0.4276 0.1177
vn 0.9500 -0.2891 0.1177
vn -0.9006 -0.4185 0.1177
vn 0.9931 0.0038 0.1176
vn -0.8283 -0.5478 0.1177
vn -0.8282 -0.5480 0.1177
vn 0.9814 0.1515 0.1177
vn 0.9814 0.1517 0.1177
vn -0.7372 -0.6653 0.1177
vn 0.9479 0.2962 0.1176
vn -0.6298 -0.7678 0.1177
vn -0.5084 -0.8531 0.1177
vn 0.8184 0.5626 0.1176
vn 0.8183 0.5627 0.1176
vn -0.3756 -0.9193 0.1177
vn -0.3755 -0.9193 0.1177
vn 0.7252 0.6784 0.1176
vn -0.2344 -0.9650 0.1175
vn 0.6162 0.7787 0.1177
vn -0.0881 -0.9891 0.1177
vn -0.0880 -0.9892 0.1176
vn 0.3594 0.9257 0.1177
vn -0.0779 0.9900 0.1177
vn 0.6083 -0.7849 0.1177
vn 0.7184 -0.6856 0.1178
vn -0.3664 0.9230 0.1177
vn 0.8125 -0.5709 0.1176
vn -0.4997 0.8581 0.1177
vn 0.8885 -0.4435 0.1177
vn 0.8885 -0.4435 0.1176
vn 0.9448 -0.3059 0.1176
vn 0.9798 -0.1617 0.1177
vn 0.9798 -0.1618 0.1178
vn -0.8963 0.4276 0.1177
vn 0.9840 0.1342 0.1176
vn 0.9529 0.2794 0.1177
vn -0.9825 0.1444 0.1177
vn 0.8283 0.5479 0.1176
vn 0.8282 0.5479 0.1176
vn 0.7374 0.6651 0.1178
vn 0.7375 0.6651 0.1177
vn -0.9479 -0.2962 0.1177
vn 0.6301 0.7676 0.1177
vn -0.8932 -0.4341 0.1177
vn 0.5086 0.8530 0.1176
vn 0.5086 0.8529 0.1178
vn -0.8185 -0.5623 0.1177
vn 0.3758 0.9192 0.1178
vn -0.7254 -0.6781 0.1176
vn -0.7254 -0.6782 0.1176
vn 0.2347 0.9649 0.1176
vn 0.2346 0.9650 0.1175
vn -0.3595 -0.9257 0.1177
vt 0.134328 0.000000
vt 0.119403 0.000000
vt 0.507463 0.000000
vt 0.179104 0.000000
vt 0.164179 0.000000
vt 0.640375 0.000000
vt 0.635345 0.000000
vt 0.701493 0.000000
vt 0.074627 0.000000
vt 0.059701 0.000000
vt 0.044776 0.000000
vt 0.611940 0.000000
vt 0.597015 0.000000
vt 0.492537 0.000000
vt 0.208955 0.000000
vt 0.268657 0.000000
vt 0.253731 0.000000
vt 0.477612 0.000000
vt 0.791045 0.000000
vt 0.776119 0.000000
vt 1.000000 0.000000
vt 0.402985 0.000000
vt 0.388060 0.000000
vt 0.408432 0.000000
vt 0.462687 0.000000
vt 0.440272 0.000000
vt 0.283582 0.000000
vt 0.238806 0.000000
vt 0.223881 0.000000
vt 0.089552 0.000000
vt 0.432836 0.000000
vt 0.000000 0.000000
vt 0.522388 0.000000
vt 0.029851 0.000000
vt 0.731343 0.000000
vt 0.582090 0.000000
vt 0.427781 0.000000
vt 0.970149 0.000000
vt 0.805970 0.000000
vt 0.985075 0.000000
vt 0.761194 0.000000
vt 0.567164 0.000000
vt 0.552239 0.000000
vt 0.320777 0.000000
vt 0.104478 0.000000
vt 0.194030 0.000000
vt 0.149254 0.000000
vt 0.926434 0.000000
vt 0.910448 0.000000
vt 0.820895 0.000000
vt 0.537313 0.000000
vt 0.686567 0.000000
vt 0.626866 0.000000
vt 0.631501 0.000000
vt 0.417910 0.000000
vt 0.746269 0.000000
vt 0.835821 0.000000
vt 0.716418 0.000000
vt 0.671642 0.000000
vt 0.656716 0.000000
vt 0.643352 0.000000
vt 0.368380 0.000000
vt 0.880597 0.000000
vt 0.850746 0.000000
vt 0.895522 0.000000
vt 0.966273 0.000000
s 1
f 12/1/1 11/2/2 30/3/2
f 15/4/3 14/5/2 30/3/2
f 64/6/1 59/7/2 41/8/4
f 8/9/2 7/10/1 6/11/2
f 37/12/2 36/13/1 59/7/2
f 29/14/4 17/15/4 30/3/2
f 21/16/4 20/17/4 28/18/2
f 47/19/1 46/20/4 57/21/3
f 24/22/1 23/23/1 3/24/1
f 27/25/2 1/26/4 22/27/2
f 29/14/4 19/28/4 18/29/1
f 9/30/4 8/9/2 6/11/2
f 27/25/2 26/31/2 1/26/4
f 4/32/1 31/33/1 5/34/5
f 43/35/2 59/7/2 35/36/1
f 26/31/2 2/37/2 1/26/4
f 19/28/4 29/14/4 20/17/4
f 55/38/2 48/39/2 56/40/2
f 45/41/1 34/42/4 33/43/1
f 9/30/4 6/11/2 31/33/1
f 1/26/4 62/44/3 22/27/2
f 11/2/2 10/45/2 30/3/2
f 30/3/2 17/15/4 16/46/4
f 13/47/2 12/1/1 30/3/2
f 14/5/2 13/47/2 30/3/2
f 30/3/2 16/46/4 15/4/3
f 47/19/1 56/40/2 48/39/2
f 66/48/1 54/49/2 49/50/1
f 33/43/1 32/51/2 45/41/1
f 78/1/6 96/3/6 77/2/7
f 81/4/6 96/3/6 80/5/6
f 106/52/7 107/8/6 130/6/6
f 74/9/7 72/11/6 73/10/6
f 103/12/6 124/53/7 129/54/7
f 95/14/7 83/15/6 84/29/7
f 87/16/6 88/27/7 94/18/6
f 113/19/7 123/21/7 112/20/7
f 90/22/6 91/55/7 69/24/7
f 93/25/6 88/27/7 67/26/6
f 95/14/7 84/29/7 85/28/7
f 75/30/6 72/11/6 74/9/7
f 93/25/6 67/26/6 92/31/6
f 70/32/6 71/34/6 97/33/6
f 101/36/6 125/7/6 109/35/6
f 92/31/6 68/37/7 91/55/7
f 85/28/7 86/17/6 95/14/7
f 114/39/6 121/38/6 122/40/6
f 111/41/6 100/42/6 110/56/6
f 75/30/6 76/45/6 97/33/6
f 67/26/6 88/27/7 128/44/6
f 77/2/7 96/3/6 76/45/6
f 96/3/6 82/46/7 83/15/6
f 79/47/6 96/3/6 78/1/6
f 80/5/6 96/3/6 79/47/6
f 96/3/6 81/4/6 82/46/7
f 113/19/7 122/40/6 123/21/7
f 115/50/6 116/57/6 120/49/6
f 99/43/6 111/41/6 98/51/6
f 144/1/8 143/2/8 162/3/8
f 147/4/9 146/5/9 162/3/8
f 196/6/8 191/7/8 173/8/8
f 140/9/8 139/10/10 138/11/9
f 169/12/8 168/13/8 191/7/8
f 161/14/9 149/15/9 162/3/8
f 153/16/8 152/17/9 160/18/9
f 179/19/9 178/20/8 189/21/8
f 156/22/8 155/23/8 135/24/8
f 159/25/8 133/26/8 154/27/8
f 161/14/9 151/28/9 150/29/11
f 141/30/10 140/9/8 138/11/9
f 159/25/8 158/31/9 133/26/8
f 136/32/12 163/33/13 137/34/9
f 175/35/8 191/7/8 167/36/8
f 158/31/9 134/37/9 133/26/8
f 151/28/9 161/14/9 152/17/9
f 187/38/8 180/39/8 188/40/8
f 177/41/9 166/42/8 165/43/9
f 141/30/10 138/11/9 163/33/13
f 133/26/8 194/44/8 154/27/8
f 143/2/8 142/45/13 162/3/8
f 162/3/8 149/15/9 148/46/8
f 145/47/10 144/1/8 162/3/8
f 146/5/9 145/47/10 162/3/8
f 162/3/8 148/46/8 147/4/9
f 179/19/9 188/40/8 180/39/8
f 198/48/8 186/49/8 181/50/8
f 165/43/9 164/51/9 177/41/9
f 210/1/14 228/3/14 209/2/15
f 213/4/16 228/3/14 212/5/15
f 238/52/17 239/8/14 262/6/14
f 206/9/14 204/11/15 205/10/16
f 235/12/15 256/53/16 261/54/16
f 227/14/17 215/15/17 216/29/18
f 219/16/15 220/27/15 226/18/17
f 245/19/15 255/21/16 244/20/16
f 222/22/14 223/55/14 201/24/14
f 225/25/15 220/27/15 199/26/16
f 227/14/17 216/29/18 217/28/17
f 207/30/16 204/11/15 206/9/14
f 225/25/15 199/26/16 224/31/17
f 202/32/16 203/34/19 229/33/16
f 233/36/14 257/7/15 241/35/14
f 224/31/17 200/37/14 223/55/14
f 217/28/17 218/17/15 227/14/17
f 246/39/17 253/38/14 254/40/14
f 243/41/15 232/42/17 242/56/14
f 207/30/16 208/45/14 229/33/16
f 199/26/16 220/27/15 260/44/14
f 209/2/15 228/3/14 208/45/14
f 228/3/14 214/46/14 215/15/17
f 211/47/17 228/3/14 210/1/14
f 212/5/15 228/3/14 211/47/17
f 228/3/14 213/4/16 214/46/14
f 245/19/15 254/40/14 255/21/16
f 247/50/14 248/57/17 252/49/17
f 231/43/15 243/41/15 230/51/15
f 276/1/20 275/2/21 294/3/22
f 279/4/20 278/5/22 294/3/22
f 328/6/22 323/7/22 305/8/22
f 272/9/22 271/10/22 270/11/22
f 301/12/22 300/13/22 323/7/22
f 293/14/22 281/15/22 294/3/22
f 285/16/20 284/17/22 292/18/20
f 311/19/22 310/20/20 321/21/20
f 288/22/22 287/23/22 267/24/22
f 291/25/22 265/26/22 286/27/20
f 293/14/22 283/28/22 282/29/22
f 273/30/22 272/9/22 270/11/22
f 291/25/22 290/31/22 265/26/22
f 268/32/22 295/33/22 269/34/23
f 307/35/22 323/7/22 299/36/22
f 290/31/22 266/37/22 265/26/22
f 283/28/22 293/14/22 284/17/22
f 319/38/22 312/39/20 320/40/20
f 309/41/20 298/42/22 297/43/20
f 273/30/22 270/11/22 295/33/22
f 265/26/22 326/44/22 286/27/20
f 275/2/21 274/45/22 294/3/22
f 294/3/22 281/15/22 280/46/22
f 277/47/20 276/1/20 294/3/22
f 278/5/22 277/47/20 294/3/22
f 294/3/22 280/46/22 279/4/20
f 311/19/22 320/40/20 312/39/20
f 330/48/22 318/49/22 313/50/22
f 297/43/20 296/51/20 309/41/20
f 342/1/24 360/3/25 341/2/26
f 345/4/24 360/3/25 344/5/25
f 370/52/24 371/8/24 394/6/24
f 338/9/24 336/11/24 337/10/25
f 367/12/24 388/53/27 393/54/27
f 359/14/25 347/15/24 348/29/25
f 351/16/24 352/27/24 358/18/24
f 377/19/24 387/21/24 376/20/28
f 354/22/24 355/55/24 333/24/24
f 357/25/24 352/27/24 331/26/24
f 359/14/25 348/29/25 349/28/25
f 339/30/25 336/11/24 338/9/24
f 357/25/24 331/26/24 356/31/29
f 334/32/24 335/34/30 361/33/24
f 365/36/24 389/7/24 373/35/24
f 356/31/29 332/37/24 355/55/24
f 349/28/25 350/17/27 359/14/25
f 378/39/24 385/38/24 386/40/24
f 375/41/27 364/42/24 374/56/24
f 339/30/25 340/45/24 361/33/24
f 331/26/24 352/27/24 392/44/25
f 341/2/26 360/3/25 340/45/24
f 360/3/25 346/46/27 347/15/24
f 343/47/27 360/3/25 342/1/24
f 344/5/25 360/3/25 343/47/27
f 360/3/25 345/4/24 346/46/27
f 377/19/24 386/40/24 387/21/24
f 379/50/24 380/57/25 384/49/24
f 363/43/27 375/41/27 362/51/27
f 408/1/31 407/2/32 426/3/31
f 411/4/33 410/5/31 426/3/31
f 460/6/33 455/7/31 437/8/34
f 404/9/31 403/10/34 402/11/33
f 433/12/33 432/13/33 455/7/31
f 425/14/34 413/15/31 426/3/31
f 417/16/33 416/17/33 424/18/33
f 443/19/31 442/20/34 453/21/34
f 420/22/35 419/23/36 399/24/35
f 423/25/31 397/26/31 418/27/31
f 425/14/34 415/28/34 414/29/33
f 405/30/31 404/9/31 402/11/33
f 423/25/31 422/31/31 397/26/31
f 400/32/31 427/33/31 401/34/32
f 439/35/33 455/7/31 431/36/33
f 422/31/31 398/37/31 397/26/31
f 415/28/34 425/14/34 416/17/33
f 451/38/32 444/39/31 452/40/31
f 441/41/34 430/42/31 429/43/34
f 405/30/31 402/11/33 427/33/31
f 397/26/31 458/44/33 418/27/31
f 407/2/32 406/45/33 426/3/31
f 426/3/31 413/15/31 412/46/33
f 409/47/34 408/1/31 426/3/31
f 410/5/31 409/47/34 426/3/31
f 426/3/31 412/46/33 411/4/33
f 443/19/31 452/40/31 444/39/31
f 462/48/33 450/49/31 445/50/31
f 429/43/34 428/51/34 441/41/34
f 474/1/37 492/3/38 473/2/39
f 477/4/38 492/3/38 476/5/38
f 502/52/38 503/8/38 526/6/38
f 470/9/40 468/11/41 469/10/40
f 499/12/41 520/53/41 525/54/41
f 491/14/41 479/15/41 480/29/37
f 483/16/38 484/27/38 490/18/38
f 509/19/41 519/21/41 508/20/41
f 486/22/38 487/55/38 465/24/38
f 489/25/38 484/27/38 463/26/41
f 491/14/41 480/29/37 481/28/41
f 471/30/41 468/11/41 470/9/40
f 489/25/38 463/26/41 488/31/41
f 466/32/41 467/34/42 493/33/41
f 497/36/38 521/7/38 505/35/38
f 488/31/41 464/37/38 487/55/38
f 481/28/41 482/17/41 491/14/41
f 510/39/41 517/38/38 518/40/41
f 507/41/38 496/42/41 506/56/41
f 471/30/41 472/45/38 493/33/41
f 463/26/41 484/27/38 524/44/41
f 473/2/39 492/3/38 472/45/38
f 492/3/38 478/46/41 479/15/41
f 475/47/38 492/3/38 474/1/37
f 476/5/38 492/3/38 475/47/38
f 492/3/38 477/4/38 478/46/41
f 509/19/41 518/40/41 519/21/41
f 511/50/38 512/57/37 516/49/38
f 495/43/38 507/41/38 494/51/38
f 540/1/43 539/2/44 558/3/43
f 543/4/45 542/5/43 558/3/43
f 592/6/45 587/7/43 569/8/44
f 536/9/43 535/10/44 534/11/44
f 565/12/43 564/13/45 587/7/43
f 557/14/43 545/15/43 558/3/43
f 549/16/43 548/17/45 556/18/45
f 575/19/43 574/20/43 585/21/43
f 552/22/43 551/23/43 531/24/43
f 555/25/43 529/26/43 550/27/43
f 557/14/43 547/28/43 546/29/46
f 537/30/44 536/9/43 534/11/44
f 555/25/43 554/31/43 529/26/43
f 532/32/44 559/33/44 533/34/45
f 571/35/43 587/7/43 563/36/43
f 554/31/43 530/37/43 529/26/43
f 547/28/43 557/14/43 548/17/45
f 583/38/43 576/39/44 584/40/44
f 573/41/44 562/42/45 561/43/44
f 537/30/44 534/11/44 559/33/44
f 529/26/43 590/44/43 550/27/43
f 539/2/44 538/45/45 558/3/43
f 558/3/43 545/15/43 544/46/43
f 541/47/46 540/1/43 558/3/43
f 542/5/43 541/47/46 558/3/43
f 558/3/43 544/46/43 543/4/45
f 575/19/43 584/40/44 576/39/44
f 594/48/45 582/49/43 577/50/43
f 561/43/44 560/51/46 573/41/44
f 606/1/47 624/3/47 605/2/48
f 609/4/47 624/3/47 608/5/47
f 634/52/47 635/8/47 658/6/47
f 602/9/49 600/11/47 601/10/49
f 631/12/49 652/53/47 657/54/47
f 623/14/49 611/15/47 612/29/47
f 615/16/49 616/27/47 622/18/49
f 641/19/47 651/21/50 640/20/50
f 618/22/47 619/55/47 597/24/47
f 621/25/47 616/27/47 595/26/49
f 623/14/49 612/29/47 613/28/49
f 603/30/49 600/11/47 602/9/49
f 621/25/47 595/26/49 620/31/47
f 598/32/47 599/34/49 625/33/47
f 629/36/47 653/7/47 637/35/47
f 620/31/47 596/37/47 619/55/47
f 613/28/49 614/17/47 623/14/49
f 642/39/49 649/38/49 650/40/49
f 639/41/47 628/42/49 638/56/47
f 603/30/49 604/45/47 625/33/47
f 595/26/49 616/27/47 656/44/47
f 605/2/48 624/3/47 604/45/47
f 624/3/47 610/46/49 611/15/47
f 607/47/47 624/3/47 606/1/47
f 608/5/47 624/3/47 607/47/47
f 624/3/47 609/4/47 610/46/49
f 641/19/47 650/40/49 651/21/50
f 643/50/47 644/57/49 648/49/47
f 627/43/47 639/41/47 626/51/47
f 672/1/51 671/2/52 690/3/52
f 675/4/52 674/5/52 690/3/52
f 724/6/52 719/7/52 701/8/52
f 668/9/52 667/10/52 666/11/52
f 697/12/52 696/13/52 719/7/52
f 689/14/52 677/15/52 690/3/52
f 681/16/52 680/17/52 688/18/52
f 707/19/53 706/20/53 717/21/53
f 684/22/52 683/23/52 663/24/52
f 687/25/52 661/26/52 682/27/52
f 689/14/52 679/28/52 678/29/52
f 669/30/52 668/9/52 666/11/52
f 687/25/52 686/31/52 661/26/52
f 664/32/51 691/33/51 665/34/54
f 703/35/52 719/7/52 695/36/52
f 686/31/52 662/37/53 661/26/52
f 679/28/52 689/14/52 680/17/52
f 715/38/52 708/39/52 716/40/52
f 705/41/52 694/42/52 693/43/52
f 669/30/52 666/11/52 691/33/51
f 661/26/52 722/44/52 682/27/52
f 671/2/52 670/45/52 690/3/52
f 690/3/52 677/15/52 676/46/52
f 673/47/52 672/1/51 690/3/52
f 674/5/52 673/47/52 690/3/52
f 690/3/52 676/46/52 675/4/52
f 707/19/53 716/40/52 708/39/52
f 726/48/52 714/49/52 709/50/52
f 693/43/52 692/51/52 705/41/52
f 738/1/55 756/3/56 737/2/57
f 741/4/55 756/3/56 740/5/55
f 766/52/55 767/8/55 790/6/55
f 734/9/56 732/11/55 733/10/55
f 763/12/56 784/53/56 789/54/56
f 755/14/56 743/15/56 744/29/55
f 747/16/56 748/27/55 754/18/56
f 773/19/56 783/21/56 772/20/56
f 750/22/55 751/55/56 729/24/55
f 753/25/55 748/27/55 727/26/55
f 755/14/56 744/29/55 745/28/56
f 735/30/57 732/11/55 734/9/56
f 753/25/55 727/26/55 752/31/55
f 730/32/55 731/34/58 757/33/55
f 761/36/55 785/7/55 769/35/55
f 752/31/55 728/37/56 751/55/56
f 745/28/56 746/17/55 755/14/56
f 774/39/55 781/38/55 782/40/55
f 771/41/55 760/42/55 770/56/55
f 735/30/57 736/45/56 757/33/55
f 727/26/55 748/27/55 788/44/56
f 737/2/57 756/3/56 736/45/56
f 756/3/56 742/46/56 743/15/56
f 739/47/56 756/3/56 738/1/55
f 740/5/55 756/3/56 739/47/56
f 756/3/56 741/4/55 742/46/56
f 773/19/56 782/40/55 783/21/56
f 775/50/55 776/57/56 780/49/55
f 759/43/55 771/41/55 758/51/55
f 804/1/59 803/2/60 822/3/59
f 807/4/59 806/5/59 822/3/59
f 856/6/59 851/7/59 833/8/59
f 800/9/59 799/10/59 798/11/59
f 829/12/59 828/13/59 851/7/59
f 821/14/60 809/15/59 822/3/59
f 813/16/59 812/17/59 820/18/59
f 839/19/60 838/20/60 849/21/60
f 816/22/59 815/23/59 795/24/59
f 819/25/59 793/26/60 814/27/59
f 821/14/60 811/28/60 810/29/59
f 801/30/59 800/9/59 798/11/59
f 819/25/59 818/31/60 793/26/60
f 796/32/59 823/33/59 797/34/60
f 835/35/59 851/7/59 827/36/59
f 818/31/60 794/37/59 793/26/60
f 811/28/60 821/14/60 812/17/59
f 847/38/59 840/39/59 848/40/60
f 837/41/59 826/42/59 825/43/59
f 801/30/59 798/11/59 823/33/59
f 793/26/60 854/44/59 814/27/59
f 803/2/60 802/45/59 822/3/59
f 822/3/59 809/15/59 808/46/59
f 805/47/60 804/1/59 822/3/59
f 806/5/59 805/47/60 822/3/59
f 822/3/59 808/46/59 807/4/59
f 839/19/60 848/40/60 840/39/59
f 858/48/59 846/49/59 841/50/59
f 825/43/59 824/51/59 837/41/59
f 870/1/61 888/3/62 869/2/63
f 873/4/62 888/3/62 872/5/63
f 898/52/62 899/8/62 922/6/62
f 866/9/62 864/11/63 865/10/62
f 895/12/63 916/53/62 921/54/62
f 887/14/63 875/15/62 876/29/64
f 879/16/62 880/27/63 886/18/62
f 905/19/63 915/21/63 904/20/63
f 882/22/63 883/55/62 861/24/62
f 885/25/63 880/27/63 859/26/62
f 887/14/63 876/29/64 877/28/63
f 867/30/62 864/11/63 866/9/62
f 885/25/63 859/26/62 884/31/62
f 862/32/62 863/34/61 889/33/62
f 893/36/62 917/7/62 901/35/62
f 884/31/62 860/37/62 883/55/62
f 877/28/63 878/17/62 887/14/63
f 906/39/63 913/38/62 914/40/63
f 903/41/62 892/42/62 902/56/62
f 867/30/62 868/45/63 889/33/62
f 859/26/62 880/27/63 920/44/62
f 869/2/63 888/3/62 868/45/63
f 888/3/62 874/46/63 875/15/62
f 871/47/62 888/3/62 870/1/61
f 872/5/63 888/3/62 871/47/62
f 888/3/62 873/4/62 874/46/63
f 905/19/63 914/40/63 915/21/63
f 907/50/62 908/57/62 912/49/63
f 891/43/62 903/41/62 890/51/62
f 936/1/65 935/2/66 954/3/65
f 939/4/67 938/5/65 954/3/65
f 988/6/65 983/7/65 965/8/65
f 932/9/66 931/10/65 930/11/65
f 961/12/65 960/13/65 983/7/65
f 953/14/65 941/15/65 954/3/65
f 945/16/65 944/17/67 952/18/65
f 971/19/65 970/20/65 981/21/65
f 948/22/65 947/23/65 927/24/65
f 951/25/65 925/26/65 946/27/65
f 953/14/65 943/28/65 942/29/67
f 933/30/67 932/9/66 930/11/65
f 951/25/65 950/31/65 925/26/65
f 928/32/67 955/33/67 929/34/68
f 967/35/65 983/7/65 959/36/65
f 950/31/65 926/37/65 925/26/65
f 943/28/65 953/14/65 944/17/67
f 979/38/65 972/39/65 980/40/65
f 969/41/65 958/42/65 957/43/65
f 933/30/67 930/11/65 955/33/67
f 925/26/65 986/44/65 946/27/65
f 935/2/66 934/45/68 954/3/65
f 954/3/65 941/15/65 940/46/65
f 937/47/67 936/1/65 954/3/65
f 938/5/65 937/47/67 954/3/65
f 954/3/65 940/46/65 939/4/67
f 971/19/65 980/40/65 972/39/65
f 990/48/65 978/49/65 973/50/65
f 957/43/65 956/51/65 969/41/65
f 1002/1/69 1020/3/70 1001/2/70
f 1005/4/70 1020/3/70 1004/5/69
f 1030/52/70 1031/8/70 1054/6/70
f 998/9/69 996/11/70 997/10/70
f 1027/12/70 1048/53/70 1053/54/70
f 1019/14/70 1007/15/69 1008/29/70
f 1011/16/70 1012/27/69 1018/18/70
f 1037/19/69 1047/21/69 1036/20/69
f 1014/22/70 1015/55/70 993/24/70
f 1017/25/70 1012/27/69 991/26/70
f 1019/14/70 1008/29/70 1009/28/70
f 999/30/69 996/11/70 998/9/69
f 1017/25/70 991/26/70 1016/31/70
f 994/32/69 995/34/70 1021/33/69
f 1025/36/70 1049/7/70 1033/35/70
f 1016/31/70 992/37/70 1015/55/70
f 1009/28/70 1010/17/69 1019/14/70
f 1038/39/69 1045/38/70 1046/40/69
f 1035/41/69 1024/42/70 1034/56/70
f 999/30/69 1000/45/69 1021/33/69
f 991/26/70 1012/27/69 1052/44/69
f 1001/2/70 1020/3/70 1000/45/69
f 1020/3/70 1006/46/70 1007/15/69
f 1003/47/70 1020/3/70 1002/1/69
f 1004/5/69 1020/3/70 1003/47/70
f 1020/3/70 1005/4/70 1006/46/70
f 1037/19/69 1046/40/69 1047/21/69
f 1039/50/70 1040/57/70 1044/49/69
f 1023/43/69 1035/41/69 1022/51/69
f 1068/1/71 1067/2/71 1086/3/71
f 1071/4/72 1070/5/71 1086/3/71
f 1120/6/71 1115/7/71 1097/8/71
f 1064/9/71 1063/10/71 1062/11/71
f 1093/12/71 1092/13/71 1115/7/71
f 1085/14/72 1073/15/71 1086/3/71
f 1077/16/71 1076/17/71 1084/18/71
f 1103/19/72 1102/20/72 1113/21/72
f 1080/22/71 1079/23/71 1059/24/71
f 1083/25/71 1057/26/71 1078/27/71
f 1085/14/72 1075/28/72 1074/29/71
f 1065/30/72 1064/9/71 1062/11/71
f 1083/25/71 1082/31/71 1057/26/71
f 1060/32/72 1087/33/72 1061/34/71
f 1099/35/71 1115/7/71 1091/36/71
f 1082/31/71 1058/37/71 1057/26/71
f 1075/28/72 1085/14/72 1076/17/71
f 1111/38/71 1104/39/71 1112/40/72
f 1101/41/71 1090/42/71 1089/43/72
f 1065/30/72 1062/11/71 1087/33/72
f 1057/26/71 1118/44/71 1078/27/71
f 1067/2/71 1066/45/72 1086/3/71
f 1086/3/71 1073/15/71 1072/46/71
f 1069/47/72 1068/1/71 1086/3/71
f 1070/5/71 1069/47/72 1086/3/71
f 1086/3/71 1072/46/71 1071/4/72
f 1103/19/72 1112/40/72 1104/39/71
f 1122/48/71 1110/49/71 1105/50/71
f 1089/43/72 1088/51/71 1101/41/71
f 1134/1/73 1152/3/73 1133/2/73
f 1137/4/74 1152/3/73 1136/5/73
f 1162/52/73 1163/8/73 1186/6/73
f 1130/9/73 1128/11/73 1129/10/73
f 1159/12/73 1180/53/74 1185/54/74
f 1151/14/74 1139/15/73 1140/29/73
f 1143/16/73 1144/27/73 1150/18/73
f 1169/19/73 1179/21/73 1168/20/73
f 1146/22/73 1147/55/73 1125/24/73
f 1149/25/73 1144/27/73 1123/26/73
f 1151/14/74 1140/29/73 1141/28/74
f 1131/30/73 1128/11/73 1130/9/73
f 1149/25/73 1123/26/73 1148/31/73
f 1126/32/74 1127/34/74 1153/33/74
f 1157/36/73 1181/7/73 1165/35/73
f 1148/31/73 1124/37/73 1147/55/73
f 1141/28/74 1142/17/73 1151/14/74
f 1170/39/73 1177/38/73 1178/40/73
f 1167/41/74 1156/42/73 1166/56/73
f 1131/30/73 1132/45/73 1153/33/74
f 1123/26/73 1144/27/73 1184/44/73
f 1133/2/73 1152/3/73 1132/45/73
f 1152/3/73 1138/46/74 1139/15/73
f 1135/47/73 1152/3/73 1134/1/73
f 1136/5/73 1152/3/73 1135/47/73
f 1152/3/73 1137/4/74 1138/46/74
f 1169/19/73 1178/40/73 1179/21/73
f 1171/50/73 1172/57/73 1176/49/73
f 1155/43/74 1167/41/74 1154/51/74
f 1200/1/75 1199/2/76 1218/3/75
f 1203/4/75 1202/5/75 1218/3/75
f 1252/6/75 1247/7/75 1229/8/75
f 1196/9/75 1195/10/75 1194/11/75
f 1225/12/76 1224/13/76 1247/7/75
f 1217/14/75 1205/15/75 1218/3/75
f 1209/16/76 1208/17/76 1216/18/75
f 1235/19/76 1234/20/76 1245/21/76
f 1212/22/76 1211/23/76 1191/24/76
f 1215/25/76 1189/26/75 1210/27/76
f 1217/14/75 1207/28/75 1206/29/75
f 1197/30/76 1196/9/75 1194/11/75
f 1215/25/76 1214/31/75 1189/26/75
f 1192/32/75 1219/33/75 1193/34/77
f 1231/35/75 1247/7/75 1223/36/75
f 1214/31/75 1190/37/75 1189/26/75
f 1207/28/75 1217/14/75 1208/17/76
f 1243/38/76 1236/39/76 1244/40/76
f 1233/41/75 1222/42/75 1221/43/75
f 1197/30/76 1194/11/75 1219/33/75
f 1189/26/75 1250/44/75 1210/27/76
f 1199/2/76 1198/45/75 1218/3/75
f 1218/3/75 1205/15/75 1204/46/75
f 1201/47/75 1200/1/75 1218/3/75
f 1202/5/75 1201/47/75 1218/3/75
f 1218/3/75 1204/46/75 1203/4/75
f 1235/19/76 1244/40/76 1236/39/76
f 1254/48/76 1242/49/76 1237/50/75
f 1221/43/75 1220/51/75 1233/41/75
f 1266/1/78 1284/3/79 1265/2/78
f 1269/4/79 1284/3/79 1268/5/79
f 1294/52/79 1295/8/80 1318/6/79
f 1262/9/79 1260/11/79 1261/10/79
f 1291/12/79 1312/53/80 1317/54/80
f 1283/14/79 1271/15/79 1272/29/81
f 1275/16/79 1276/27/79 1282/18/79
f 1301/19/79 1311/21/79 1300/20/79
f 1278/22/79 1279/55/79 1257/24/79
f 1281/25/79 1276/27/79 1255/26/79
f 1283/14/79 1272/29/81 1273/28/79
f 1263/30/82 1260/11/79 1262/9/79
f 1281/25/79 1255/26/79 1280/31/79
f 1258/32/78 1259/34/79 1285/33/78
f 1289/36/79 1313/7/79 1297/35/79
f 1280/31/79 1256/37/79 1279/55/79
f 1273/28/79 1274/17/79 1283/14/79
f 1302/39/79 1309/38/79 1310/40/79
f 1299/41/79 1288/42/79 1298/56/79
f 1263/30/82 1264/45/79 1285/33/78
f 1255/26/79 1276/27/79 1316/44/79
f 1265/2/78 1284/3/79 1264/45/79
f 1284/3/79 1270/46/79 1271/15/79
f 1267/47/79 1284/3/79 1266/1/78
f 1268/5/79 1284/3/79 1267/47/79
f 1284/3/79 1269/4/79 1270/46/79
f 1301/19/79 1310/40/79 1311/21/79
f 1303/50/79 1304/57/79 1308/49/80
f 1287/43/79 1299/41/79 1286/51/79
f 1332/1/83 1331/2/84 1350/3/84
f 1335/4/83 1334/5/84 1350/3/84
f 1384/6/83 1379/7/83 1361/8/83
f 1328/9/83 1327/10/83 1326/11/84
f 1357/12/83 1356/13/83 1379/7/83
f 1349/14/83 1337/15/84 1350/3/84
f 1341/16/83 1340/17/84 1348/18/83
f 1367/19/83 1366/20/83 1377/21/83
f 1344/22/84 1343/23/83 1323/24/83
f 1347/25/83 1321/26/83 1342/27/84
f 1349/14/83 1339/28/83 1338/29/83
f 1329/30/83 1328/9/83 1326/11/84
f 1347/25/83 1346/31/83 1321/26/83
f 1324/32/84 1351/33/84 1325/34/85
f 1363/35/83 1379/7/83 1355/36/83
f 1346/31/83 1322/37/84 1321/26/83
f 1339/28/83 1349/14/83 1340/17/84
f 1375/38/83 1368/39/84 1376/40/84
f 1365/41/83 1354/42/83 1353/43/83
f 1329/30/83 1326/11/84 1351/33/84
f 1321/26/83 1382/44/83 1342/27/84
f 1331/2/84 1330/45/84 1350/3/84
f 1350/3/84 1337/15/84 1336/46/84
f 1333/47/84 1332/1/83 1350/3/84
f 1334/5/84 1333/47/84 1350/3/84
f 1350/3/84 1336/46/84 1335/4/83
f 1367/19/83 1376/40/84 1368/39/84
f 1386/48/83 1374/49/83 1369/50/83
f 1353/43/83 1352/51/83 1365/41/83
f 1398/1/86 1416/3/86 1397/2/86
f 1401/4/86 1416/3/86 1400/5/86
f 1426/52/87 1427/8/86 1450/6/86
f 1394/9/86 1392/11/86 1393/10/86
f 1423/12/86 1444/53/87 1449/54/87
f 1415/14/86 1403/15/86 1404/29/86
f 1407/16/87 1408/27/87 1414/18/87
f 1433/19/86 1443/21/86 1432/20/86
f 1410/22/86 1411/55/86 1389/24/86
f 1413/25/86 1408/27/87 1387/26/86
f 1415/14/86 1404/29/86 1405/28/86
f 1395/30/86 1392/11/86 1394/9/86
f 1413/25/86 1387/26/86 1412/31/86
f 1390/32/86 1391/34/88 1417/33/86
f 1421/36/86 1445/7/86 1429/35/86
f 1412/31/86 1388/37/86 1411/55/86
f 1405/28/86 1406/17/86 1415/14/86
f 1434/39/86 1441/38/86 1442/40/86
f 1431/41/86 1420/42/86 1430/56/86
f 1395/30/86 1396/45/86 1417/33/86
f 1387/26/86 1408/27/87 1448/44/86
f 1397/2/86 1416/3/86 1396/45/86
f 1416/3/86 1402/46/86 1403/15/86
f 1399/47/87 1416/3/86 1398/1/86
f 1400/5/86 1416/3/86 1399/47/87
f 1416/3/86 1401/4/86 1402/46/86
f 1433/19/86 1442/40/86 1443/21/86
f 1435/50/86 1436/57/87 1440/49/86
f 1419/43/86 1431/41/86 1418/51/86
f 1464/1/89 1463/2/90 1482/3/90
f 1467/4/91 1466/5/90 1482/3/90
f 1516/6/90 1511/7/90 1493/8/90
f 1460/9/90 1459/10/91 1458/11/91
f 1489/12/92 1488/13/92 1511/7/90
f 1481/14/92 1469/15/90 1482/3/90
f 1473/16/90 1472/17/92 1480/18/90
f 1499/19/91 1498/20/91 1509/21/91
f 1476/22/91 1475/23/89 1455/24/90
f 1479/25/92 1453/26/92 1474/27/89
f 1481/14/92 1471/28/92 1470/29/90
f 1461/30/90 1460/9/90 1458/11/91
f 1479/25/92 1478/31/92 1453/26/92
f 1456/32/92 1483/33/92 1457/34/89
f 1495/35/90 1511/7/90 1487/36/90
f 1478/31/92 1454/37/90 1453/26/92
f 1471/28/92 1481/14/92 1472/17/92
f 1507/38/91 1500/39/91 1508/40/91
f 1497/41/91 1486/42/90 1485/43/91
f 1461/30/90 1458/11/91 1483/33/92
f 1453/26/92 1514/44/90 1474/27/89
f 1463/2/90 1462/45/92 1482/3/90
f 1482/3/90 1469/15/90 1468/46/90
f 1465/47/92 1464/1/89 1482/3/90
f 1466/5/90 1465/47/92 1482/3/90
f 1482/3/90 1468/46/90 1467/4/91
f 1499/19/91 1508/40/91 1500/39/91
f 1518/48/90 1506/49/90 1501/50/90
f 1485/43/91 1484/51/91 1497/41/91
f 1530/1/93 1548/3/94 1529/2/94
f 1533/4/94 1548/3/94 1532/5/94
f 1558/52/94 1559/8/94 1582/6/94
f 1526/9/94 1524/11/94 1525/10/93
f 1555/12/94 1576/53/95 1581/54/94
f 1547/14/94 1535/15/94 1536/29/94
f 1539/16/94 1540/27/95 1546/18/94
f 1565/19/94 1575/21/95 1564/20/96
f 1542/22/94 1543/55/95 1521/24/94
f 1545/25/95 1540/27/95 1519/26/94
f 1547/14/94 1536/29/94 1537/28/94
f 1527/30/94 1524/11/94 1526/9/94
f 1545/25/95 1519/26/94 1544/31/94
f 1522/32/94 1523/34/97 1549/33/94
f 1553/36/94 1577/7/94 1561/35/94
f 1544/31/94 1520/37/95 1543/55/95
f 1537/28/94 1538/17/95 1547/14/94
f 1566/39/94 1573/38/94 1574/40/94
f 1563/41/94 1552/42/94 1562/56/94
f 1527/30/94 1528/45/94 1549/33/94
f 1519/26/94 1540/27/95 1580/44/94
f 1529/2/94 1548/3/94 1528/45/94
f 1548/3/94 1534/46/95 1535/15/94
f 1531/47/94 1548/3/94 1530/1/93
f 1532/5/94 1548/3/94 1531/47/94
f 1548/3/94 1533/4/94 1534/46/95
f 1565/19/94 1574/40/94 1575/21/95
f 1567/50/94 1568/57/95 1572/49/94
f 1551/43/94 1563/41/94 1550/51/94
f 1596/1/98 1595/2/99 1614/3/100
f 1599/4/100 1598/5/101 1614/3/100
f 1648/6/100 1643/7/100 1625/8/100
f 1592/9/101 1591/10/100 1590/11/100
f 1621/12/100 1620/13/101 1643/7/100
f 1613/14/100 1601/15/101 1614/3/100
f 1605/16/100 1604/17/101 1612/18/100
f 1631/19/101 1630/20/101 1641/21/101
f 1608/22/100 1607/23/101 1587/24/100
f 1611/25/101 1585/26/100 1606/27/101
f 1613/14/100 1603/28/100 1602/29/101
f 1593/30/101 1592/9/101 1590/11/100
f 1611/25/101 1610/31/98 1585/26/100
f 1588/32/100 1615/33/100 1589/34/101
f 1627/35/100 1643/7/100 1619/36/101
f 1610/31/98 1586/37/100 1585/26/100
f 1603/28/100 1613/14/100 1604/17/101
f 1639/38/100 1632/39/100 1640/40/100
f 1629/41/100 1618/42/101 1617/43/101
f 1593/30/101 1590/11/100 1615/33/100
f 1585/26/100 1646/44/100 1606/27/101
f 1595/2/99 1594/45/101 1614/3/100
f 1614/3/100 1601/15/101 1600/46/101
f 1597/47/100 1596/1/98 1614/3/100
f 1598/5/101 1597/47/100 1614/3/100
f 1614/3/100 1600/46/101 1599/4/100
f 1631/19/101 1640/40/100 1632/39/100
f 1650/48/100 1638/49/100 1633/50/100
f 1617/43/101 1616/51/101 1629/41/100
f 1662/1/102 1680/3/103 1661/2/104
f 1665/4/103 1680/3/103 1664/5/103
f 1690/52/103 1691/8/103 1714/6/105
f 1658/9/103 1656/11/103 1657/10/103
f 1687/12/103 1708/53/105 1713/54/105
f 1679/14/105 1667/15/103 1668/29/104
f 1671/16/103 1672/27/103 1678/18/103
f 1697/19/103 1707/21/105 1696/20/105
f 1674/22/103 1675/55/103 1653/24/103
f 1677/25/105 1672/27/103 1651/26/103
f 1679/14/105 1668/29/104 1669/28/105
f 1659/30/106 1656/11/103 1658/9/103
f 1677/25/105 1651/26/103 1676/31/105
f 1654/32/103 1655/34/106 1681/33/103
f 1685/36/103 1709/7/103 1693/35/103
f 1676/31/105 1652/37/105 1675/55/103
f 1669/28/105 1670/17/105 1679/14/105
f 1698/39/103 1705/38/104 1706/40/103
f 1695/41/103 1684/42/103 1694/56/103
f 1659/30/106 1660/45/103 1681/33/103
f 1651/26/103 1672/27/103 1712/44/103
f 1661/2/104 1680/3/103 1660/45/103
f 1680/3/103 1666/46/103 1667/15/103
f 1663/47/105 1680/3/103 1662/1/102
f 1664/5/103 1680/3/103 1663/47/105
f 1680/3/103 1665/4/103 1666/46/103
f 1697/19/103 1706/40/103 1707/21/105
f 1699/50/103 1700/57/102 1704/49/105
f 1683/43/103 1695/41/103 1682/51/103
f 1728/1/107 1727/2/107 1746/3/107
f 1731/4/107 1730/5/108 1746/3/107
f 1780/6/107 1775/7/107 1757/8/107
f 1724/9/108 1723/10/107 1722/11/107
f 1753/12/107 1752/13/107 1775/7/107
f 1745/14/107 1733/15/107 1746/3/107
f 1737/16/107 1736/17/108 1744/18/107
f 1763/19/108 1762/20/108 1773/21/108
f 1740/22/108 1739/23/108 1719/24/108
f 1743/25/107 1717/26/107 1738/27/108
f 1745/14/107 1735/28/107 1734/29/107
f 1725/30/108 1724/9/108 1722/11/107
f 1743/25/107 1742/31/107 1717/26/107
f 1720/32/107 1747/33/107 1721/34/109
f 1759/35/107 1775/7/107 1751/36/107
f 1742/31/107 1718/37/108 1717/26/107
f 1735/28/107 1745/14/107 1736/17/108
f 1771/38/107 1764/39/107 1772/40/107
f 1761/41/108 1750/42/107 1749/43/108
f 1725/30/108 1722/11/107 1747/33/107
f 1717/26/107 1778/44/107 1738/27/108
f 1727/2/107 1726/45/108 1746/3/107
f 1746/3/107 1733/15/107 1732/46/108
f 1729/47/108 1728/1/107 1746/3/107
f 1730/5/108 1729/47/108 1746/3/107
f 1746/3/107 1732/46/108 1731/4/107
f 1763/19/108 1772/40/107 1764/39/107
f 1782/48/107 1770/49/107 1765/50/108
f 1749/43/108 1748/51/108 1761/41/108
f 1794/1/110 1812/3/111 1793/2/111
f 1797/4/111 1812/3/111 1796/5/111
f 1822/52/111 1823/8/111 1846/6/111
f 1790/9/112 1788/11/110 1789/10/110
f 1819/12/110 1840/53/110 1845/54/110
f 1811/14/111 1799/15/110 1800/29/111
f 1803/16/111 1804/27/111 1810/18/111
f 1829/19/111 1839/21/110 1828/20/110
f 1806/22/113 1807/55/111 1785/24/110
f 1809/25/111 1804/27/111 1783/26/110
f 1811/14/111 1800/29/111 1801/28/111
f 1791/30/111 1788/11/110 1790/9/112
f 1809/25/111 1783/26/110 1808/31/110
f 1786/32/110 1787/34/114 1813/33/110
f 1817/36/111 1841/7/111 1825/35/111
f 1808/31/110 1784/37/111 1807/55/111
f 1801/28/111 1802/17/110 1811/14/111
f 1830/39/111 1837/38/111 1838/40/110
f 1827/41/111 1816/42/111 1826/56/111
f 1791/30/111 1792/45/114 1813/33/110
f 1783/26/110 1804/27/111 1844/44/110
f 1793/2/111 1812/3/111 1792/45/114
f 1812/3/111 1798/46/111 1799/15/110
f 1795/47/111 1812/3/111 1794/1/110
f 1796/5/111 1812/3/111 1795/47/111
f 1812/3/111 1797/4/111 1798/46/111
f 1829/19/111 1838/40/110 1839/21/110
f 1831/50/111 1832/57/111 1836/49/111
f 1815/43/111 1827/41/111 1814/51/111
f 1860/1/115 1859/2/116 1878/3/115
f 1863/4/115 1862/5/115 1878/3/115
f 1912/6/115 1907/7/115 1889/8/115
f 1856/9/115 1855/10/117 1854/11/115
f 1885/12/118 1884/13/118 1907/7/115
f 1877/14/118 1865/15/115 1878/3/115
f 1869/16/118 1868/17/118 1876/18/118
f 1895/19/117 1894/20/117 1905/21/117
f 1872/22/115 1871/23/115 1851/24/115
f 1875/25/115 1849/26/118 1870/27/115
f 1877/14/118 1867/28/118 1866/29/118
f 1857/30/118 1856/9/115 1854/11/115
f 1875/25/115 1874/31/115 1849/26/118
f 1852/32/115 1879/33/115 1853/34/117
f 1891/35/115 1907/7/115 1883/36/118
f 1874/31/115 1850/37/115 1849/26/118
f 1867/28/118 1877/14/118 1868/17/118
f 1903/38/118 1896/39/115 1904/40/115
f 1893/41/115 1882/42/118 1881/43/115
f 1857/30/118 1854/11/115 1879/33/115
f 1849/26/118 1910/44/115 1870/27/115
f 1859/2/116 1858/45/118 1878/3/115
f 1878/3/115 1865/15/115 1864/46/115
f 1861/47/118 1860/1/115 1878/3/115
f 1862/5/115 1861/47/118 1878/3/115
f 1878/3/115 1864/46/115 1863/4/115
f 1895/19/117 1904/40/115 1896/39/115
f 1914/48/115 1902/49/115 1897/50/115
f 1881/43/115 1880/51/115 1893/41/115
f 1926/1/119 1944/3/120 1925/2/121
f 1929/4/122 1944/3/120 1928/5/120
f 1954/52/123 1955/8/119 1978/6/120
f 1922/9/119 1920/11/120 1921/10/120
f 1951/12/124 1972/53/119 1977/54/123
f 1943/14/124 1931/15/123 1932/29/120
f 1935/16/120 1936/27/120 1942/18/120
f 1961/19/124 1971/21/124 1960/20/124
f 1938/22/122 1939/55/125 1917/24/122
f 1941/25/126 1936/27/120 1915/26/119
f 1943/14/124 1932/29/120 1933/28/123
f 1923/30/119 1920/11/120 1922/9/119
f 1941/25/126 1915/26/119 1940/31/123
f 1918/32/120 1919/34/120 1945/33/120
f 1949/36/123 1973/7/120 1957/35/120
f 1940/31/123 1916/37/122 1939/55/125
f 1933/28/123 1934/17/123 1943/14/124
f 1962/39/122 1969/38/122 1970/40/124
f 1959/41/120 1948/42/119 1958/56/124
f 1923/30/119 1924/45/120 1945/33/120
f 1915/26/119 1936/27/120 1976/44/124
f 1925/2/121 1944/3/120 1924/45/120
f 1944/3/120 1930/46/125 1931/15/123
f 1927/47/120 1944/3/120 1926/1/119
f 1928/5/120 1944/3/120 1927/47/120
f 1944/3/120 1929/4/122 1930/46/125
f 1961/19/124 1970/40/124 1971/21/124
f 1963/50/120 1964/57/120 1968/49/120
f 1947/43/120 1959/41/120 1946/51/125
f 1992/1/127 1991/2/128 2010/3/129
f 1995/4/129 1994/5/129 2010/3/129
f 2044/6/129 2039/7/129 2021/8/129
f 1988/9/129 1987/10/128 1986/11/129
f 2017/12/130 2016/13/129 2039/7/129
f 2009/14/130 1997/15/130 2010/3/129
f 2001/16/129 2000/17/129 2008/18/129
f 2027/19/129 2026/20/129 2037/21/129
f 2004/22/129 2003/23/129 1983/24/129
f 2007/25/129 1981/26/129 2002/27/129
f 2009/14/130 1999/28/130 1998/29/128
f 1989/30/129 1988/9/129 1986/11/129
f 2007/25/129 2006/31/130 1981/26/129
f 1984/32/131 2011/33/131 1985/34/129
f 2023/35/129 2039/7/129 2015/36/129
f 2006/31/130 1982/37/130 1981/26/129
f 1999/28/130 2009/14/130 2000/17/129
f 2035/38/129 2028/39/130 2036/40/130
f 2025/41/129 2014/42/129 2013/43/129
f 1989/30/129 1986/11/129 2011/33/131
f 1981/26/129 2042/44/129 2002/27/129
f 1991/2/128 1990/45/129 2010/3/129
f 2010/3/129 1997/15/130 1996/46/129
f 1993/47/129 1992/1/127 2010/3/129
f 1994/5/129 1993/47/129 2010/3/129
f 2010/3/129 1996/46/129 1995/4/129
f 2027/19/129 2036/40/130 2028/39/130
f 2046/48/129 2034/49/129 2029/50/129
f 2013/43/129 2012/51/129 2025/41/129
f 2058/1/132 2076/3/132 2057/2/133
f 2061/4/132 2076/3/132 2060/5/132
f 2086/52/132 2087/8/132 2110/6/132
f 2054/9/134 2052/11/132 2053/10/132
f 2083/12/132 2104/53/133 2109/54/133
f 2075/14/133 2063/15/132 2064/29/135
f 2067/16/133 2068/27/132 2074/18/133
f 2093/19/133 2103/21/133 2092/20/133
f 2070/22/132 2071/55/132 2049/24/132
f 2073/25/132 2068/27/132 2047/26/133
f 2075/14/133 2064/29/135 2065/28/133
f 2055/30/132 2052/11/132 2054/9/134
f 2073/25/132 2047/26/133 2072/31/133
f 2050/32/132 2051/34/134 2077/33/132
f 2081/36/132 2105/7/132 2089/35/132
f 2072/31/133 2048/37/132 2071/55/132
f 2065/28/133 2066/17/133 2075/14/133
f 2094/39/133 2101/38/132 2102/40/133
f 2091/41/132 2080/42/132 2090/56/132
f 2055/30/132 2056/45/132 2077/33/132
f 2047/26/133 2068/27/132 2108/44/133
f 2057/2/133 2076/3/132 2056/45/132
f 2076/3/132 2062/46/133 2063/15/132
f 2059/47/132 2076/3/132 2058/1/132
f 2060/5/132 2076/3/132 2059/47/132
f 2076/3/132 2061/4/132 2062/46/133
f 2093/19/133 2102/40/133 2103/21/133
f 2095/50/132 2096/57/136 2100/49/132
f 2079/43/132 2091/41/132 2078/51/132
f 2124/1/137 2123/2/138 2142/3/139
f 2127/4/138 2126/5/139 2142/3/139
f 2176/6/139 2171/7/139 2153/8/139
f 2120/9/138 2119/10/139 2118/11/139
f 2149/12/139 2148/13/139 2171/7/139
f 2141/14/138 2129/15/138 2142/3/139
f 2133/16/139 2132/17/139 2140/18/139
f 2159/19/138 2158/20/139 2169/21/139
f 2136/22/139 2135/23/139 2115/24/139
f 2139/25/138 2113/26/139 2134/27/138
f 2141/14/138 2131/28/138 2130/29/140
f 2121/30/139 2120/9/138 2118/11/139
f 2139/25/138 2138/31/139 2113/26/139
f 2116/32/139 2143/33/139 2117/34/139
f 2155/35/139 2171/7/139 2147/36/139
f 2138/31/139 2114/37/139 2113/26/139
f 2131/28/138 2141/14/138 2132/17/139
f 2167/38/139 2160/39/139 2168/40/139
f 2157/41/138 2146/42/139 2145/43/138
f 2121/30/139 2118/11/139 2143/33/139
f 2113/26/139 2174/44/139 2134/27/138
f 2123/2/138 2122/45/139 2142/3/139
f 2142/3/139 2129/15/138 2128/46/139
f 2125/47/139 2124/1/137 2142/3/139
f 2126/5/139 2125/47/139 2142/3/139
f 2142/3/139 2128/46/139 2127/4/138
f 2159/19/138 2168/40/139 2160/39/139
f 2178/48/139 2166/49/138 2161/50/139
f 2145/43/138 2144/51/138 2157/41/138
f 2190/1/141 2208/3/141 2189/2/142
f 2193/4/143 2208/3/141 2192/5/141
f 2218/52/141 2219/8/141 2242/6/141
f 2186/9/143 2184/11/141 2185/10/141
f 2215/12/141 2236/53/143 2241/54/143
f 2207/14/143 2195/15/141 2196/29/142
f 2199/16/141 2200/27/141 2206/18/141
f 2225/19/141 2235/21/142 2224/20/142
f 2202/22/141 2203/55/141 2181/24/141
f 2205/25/141 2200/27/141 2179/26/143
f 2207/14/143 2196/29/142 2197/28/143
f 2187/30/141 2184/11/141 2186/9/143
f 2205/25/141 2179/26/143 2204/31/143
f 2182/32/141 2183/34/144 2209/33/141
f 2213/36/141 2237/7/141 2221/35/141
f 2204/31/143 2180/37/141 2203/55/141
f 2197/28/143 2198/17/141 2207/14/143
f 2226/39/143 2233/38/141 2234/40/143
f 2223/41/143 2212/42/141 2222/56/141
f 2187/30/141 2188/45/141 2209/33/141
f 2179/26/143 2200/27/141 2240/44/143
f 2189/2/142 2208/3/141 2188/45/141
f 2208/3/141 2194/46/141 2195/15/141
f 2191/47/143 2208/3/141 2190/1/141
f 2192/5/141 2208/3/141 2191/47/143
f 2208/3/141 2193/4/143 2194/46/141
f 2225/19/141 2234/40/143 2235/21/142
f 2227/50/141 2228/57/143 2232/49/141
f 2211/43/143 2223/41/143 2210/51/143
f 2256/1/145 2255/2/146 2274/3/146
f 2259/4/146 2258/5/146 2274/3/146
f 2308/6/146 2303/7/146 2285/8/146
f 2252/9/145 2251/10/146 2250/11/146
f 2281/12/146 2280/13/146 2303/7/146
f 2273/14/145 2261/15/145 2274/3/146
f 2265/16/146 2264/17/146 2272/18/146
f 2291/19/146 2290/20/145 2301/21/146
f 2268/22/145 2267/23/146 2247/24/146
f 2271/25/146 2245/26/146 2266/27/146
f 2273/14/145 2263/28/145 2262/29/146
f 2253/30/146 2252/9/145 2250/11/146
f 2271/25/146 2270/31/146 2245/26/146
f 2248/32/146 2275/33/146 2249/34/146
f 2287/35/146 2303/7/146 2279/36/146
f 2270/31/146 2246/37/146 2245/26/146
f 2263/28/145 2273/14/145 2264/17/146
f 2299/38/146 2292/39/146 2300/40/146
f 2289/41/146 2278/42/146 2277/43/146
f 2253/30/146 2250/11/146 2275/33/146
f 2245/26/146 2306/44/146 2266/27/146
f 2255/2/146 2254/45/146 2274/3/146
f 2274/3/146 2261/15/145 2260/46/146
f 2257/47/146 2256/1/145 2274/3/146
f 2258/5/146 2257/47/146 2274/3/146
f 2274/3/146 2260/46/146 2259/4/146
f 2291/19/146 2300/40/146 2292/39/146
f 2310/48/146 2298/49/146 2293/50/146
f 2277/43/146 2276/51/145 2289/41/146
f 2322/1/147 2340/3/148 2321/2/149
f 2325/4/148 2340/3/148 2324/5/148
f 2350/52/148 2351/8/148 2374/6/148
f 2318/9/150 2316/11/148 2317/10/148
f 2347/12/148 2368/53/149 2373/54/149
f 2339/14/148 2327/15/148 2328/29/148
f 2331/16/148 2332/27/148 2338/18/148
f 2357/19/148 2367/21/148 2356/20/148
f 2334/22/148 2335/55/148 2313/24/148
f 2337/25/148 2332/27/148 2311/26/148
f 2339/14/148 2328/29/148 2329/28/148
f 2319/30/148 2316/11/148 2318/9/150
f 2337/25/148 2311/26/148 2336/31/148
f 2314/32/148 2315/34/147 2341/33/148
f 2345/36/148 2369/7/148 2353/35/148
f 2336/31/148 2312/37/148 2335/55/148
f 2329/28/148 2330/17/148 2339/14/148
f 2358/39/148 2365/38/148 2366/40/148
f 2355/41/148 2344/42/148 2354/56/148
f 2319/30/148 2320/45/148 2341/33/148
f 2311/26/148 2332/27/148 2372/44/148
f 2321/2/149 2340/3/148 2320/45/148
f 2340/3/148 2326/46/148 2327/15/148
f 2323/47/149 2340/3/148 2322/1/147
f 2324/5/148 2340/3/148 2323/47/149
f 2340/3/148 2325/4/148 2326/46/148
f 2357/19/148 2366/40/148 2367/21/148
f 2359/50/148 2360/57/148 2364/49/148
f 2343/43/148 2355/41/148 2342/51/148
f 2388/1/151 2387/2/152 2406/3/152
f 2391/4/152 2390/5/152 2406/3/152
f 2440/6/152 2435/7/152 2417/8/152
f 2384/9/152 2383/10/152 2382/11/152
f 2413/12/151 2412/13/152 2435/7/152
f 2405/14/152 2393/15/152 2406/3/152
f 2397/16/152 2396/17/152 2404/18/152
f 2423/19/152 2422/20/153 2433/21/152
f 2400/22/152 2399/23/152 2379/24/152
f 2403/25/152 2377/26/152 2398/27/152
f 2405/14/152 2395/28/152 2394/29/153
f 2385/30/152 2384/9/152 2382/11/152
f 2403/25/152 2402/31/152 2377/26/152
f 2380/32/151 2407/33/151 2381/34/153
f 2419/35/152 2435/7/152 2411/36/152
f 2402/31/152 2378/37/152 2377/26/152
f 2395/28/152 2405/14/152 2396/17/152
f 2431/38/152 2424/39/152 2432/40/152
f 2421/41/152 2410/42/152 2409/43/152
f 2385/30/152 2382/11/152 2407/33/151
f 2377/26/152 2438/44/152 2398/27/152
f 2387/2/152 2386/45/152 2406/3/152
f 2406/3/152 2393/15/152 2392/46/152
f 2389/47/152 2388/1/151 2406/3/152
f 2390/5/152 2389/47/152 2406/3/152
f 2406/3/152 2392/46/152 2391/4/152
f 2423/19/152 2432/40/152 2424/39/152
f 2442/48/152 2430/49/152 2425/50/152
f 2409/43/152 2408/51/152 2421/41/152
f 2454/1/154 2472/3/155 2453/2/155
f 2457/4/155 2472/3/155 2456/5/155
f 2482/52/155 2483/8/155 2506/6/155
f 2450/9/155 2448/11/155 2449/10/155
f 2479/12/155 2500/53/155 2505/54/155
f 2471/14/154 2459/15/155 2460/29/155
f 2463/16/155 2464/27/155 2470/18/155
f 2489/19/155 2499/21/155 2488/20/155
f 2466/22/155 2467/55/155 2445/24/155
f 2469/25/155 2464/27/155 2443/26/155
f 2471/14/154 2460/29/155 2461/28/154
f 2451/30/155 2448/11/155 2450/9/155
f 2469/25/155 2443/26/155 2468/31/155
f 2446/32/155 2447/34/156 2473/33/155
f 2477/36/155 2501/7/155 2485/35/155
f 2468/31/155 2444/37/155 2467/55/155
f 2461/28/154 2462/17/155 2471/14/154
f 2490/39/155 2497/38/155 2498/40/155
f 2487/41/154 2476/42/155 2486/56/155
f 2451/30/155 2452/45/155 2473/33/155
f 2443/26/155 2464/27/155 2504/44/155
f 2453/2/155 2472/3/155 2452/45/155
f 2472/3/155 2458/46/155 2459/15/155
f 2455/47/155 2472/3/155 2454/1/154
f 2456/5/155 2472/3/155 2455/47/155
f 2472/3/155 2457/4/155 2458/46/155
f 2489/19/155 2498/40/155 2499/21/155
f 2491/50/155 2492/57/154 2496/49/155
f 2475/43/154 2487/41/154 2474/51/154
f 2520/1/157 2519/2/158 2538/3/157
f 2523/4/159 2522/5/157 2538/3/157
f 2572/6/157 2567/7/157 2549/8/157
f 2516/9/158 2515/10/157 2514/11/157
f 2545/12/157 2544/13/157 2567/7/157
f 2537/14/157 2525/15/157 2538/3/157
f 2529/16/157 2528/17/157 2536/18/157
f 2555/19/158 2554/20/159 2565/21/159
f 2532/22/157 2531/23/157 2511/24/157
f 2535/25/157 2509/26/157 2530/27/157
f 2537/14/157 2527/28/157 2526/29/159
f 2517/30/157 2516/9/158 2514/11/157
f 2535/25/157 2534/31/157 2509/26/157
f 2512/32/157 2539/33/157 2513/34/158
f 2551/35/157 2567/7/157 2543/36/157
f 2534/31/157 2510/37/157 2509/26/157
f 2527/28/157 2537/14/157 2528/17/157
f 2563/38/157 2556/39/157 2564/40/157
f 2553/41/157 2542/42/157 2541/43/157
f 2517/30/157 2514/11/157 2539/33/157
f 2509/26/157 2570/44/159 2530/27/157
f 2519/2/158 2518/45/158 2538/3/157
f 2538/3/157 2525/15/157 2524/46/157
f 2521/47/159 2520/1/157 2538/3/157
f 2522/5/157 2521/47/159 2538/3/157
f 2538/3/157 2524/46/157 2523/4/159
f 2555/19/158 2564/40/157 2556/39/157
f 2574/48/157 2562/49/157 2557/50/157
f 2541/43/157 2540/51/157 2553/41/157
f 2586/1/160 2604/3/160 2585/2/161
f 2589/4/160 2604/3/160 2588/5/160
f 2614/52/160 2615/8/160 2638/6/160
f 2582/9/160 2580/11/160 2581/10/160
f 2611/12/161 2632/53/161 2637/54/160
f 2603/14/161 2591/15/161 2592/29/160
f 2595/16/161 2596/27/160 2602/18/161
f 2621/19/160 2631/21/160 2620/20/160
f 2598/22/160 2599/55/160 2577/24/160
f 2601/25/160 2596/27/160 2575/26/160
f 2603/14/161 2592/29/160 2593/28/161
f 2583/30/160 2580/11/160 2582/9/160
f 2601/25/160 2575/26/160 2600/31/161
f 2578/32/160 2579/34/162 2605/33/160
f 2609/36/160 2633/7/160 2617/35/160
f 2600/31/161 2576/37/161 2599/55/160
f 2593/28/161 2594/17/160 2603/14/161
f 2622/39/160 2629/38/160 2630/40/160
f 2619/41/161 2608/42/160 2618/56/160
f 2583/30/160 2584/45/160 2605/33/160
f 2575/26/160 2596/27/160 2636/44/160
f 2585/2/161 2604/3/160 2584/45/160
f 2604/3/160 2590/46/160 2591/15/161
f 2587/47/161 2604/3/160 2586/1/160
f 2588/5/160 2604/3/160 2587/47/161
f 2604/3/160 2589/4/160 2590/46/160
f 2621/19/160 2630/40/160 2631/21/160
f 2623/50/160 2624/57/160 2628/49/160
f 2607/43/161 2619/41/161 2606/51/161
f 2652/1/163 2651/2/164 2670/3/163
f 2655/4/164 2654/5/163 2670/3/163
f 2704/6/163 2699/7/163 2681/8/163
f 2648/9/164 2647/10/163 2646/11/165
f 2677/12/163 2676/13/163 2699/7/163
f 2669/14/164 2657/15/163 2670/3/163
f 2661/16/164 2660/17/163 2668/18/164
f 2687/19/163 2686/20/163 2697/21/163
f 2664/22/163 2663/23/163 2643/24/163
f 2667/25/163 2641/26/163 2662/27/163
f 2669/14/164 2659/28/164 2658/29/165
f 2649/30/163 2648/9/164 2646/11/165
f 2667/25/163 2666/31/163 2641/26/163
f 2644/32/164 2671/33/163 2645/34/164
f 2683/35/163 2699/7/163 2675/36/163
f 2666/31/163 2642/37/163 2641/26/163
f 2659/28/164 2669/14/164 2660/17/163
f 2695/38/165 2688/39/163 2696/40/163
f 2685/41/164 2674/42/163 2673/43/164
f 2649/30/163 2646/11/165 2671/33/163
f 2641/26/163 2702/44/163 2662/27/163
f 2651/2/164 2650/45/163 2670/3/163
f 2670/3/163 2657/15/163 2656/46/163
f 2653/47/163 2652/1/163 2670/3/163
f 2654/5/163 2653/47/163 2670/3/163
f 2670/3/163 2656/46/163 2655/4/164
f 2687/19/163 2696/40/163 2688/39/163
f 2706/48/163 2694/49/163 2689/50/163
f 2673/43/164 2672/51/164 2685/41/164
f 2718/1/166 2736/3/166 2717/2/166
f 2721/4/167 2736/3/166 2720/5/166
f 2746/52/166 2747/8/166 2770/6/166
f 2714/9/166 2712/11/166 2713/10/166
f 2743/12/166 2764/53/167 2769/54/166
f 2735/14/167 2723/15/166 2724/29/167
f 2727/16/167 2728/27/166 2734/18/167
f 2753/19/166 2763/21/166 2752/20/166
f 2730/22/166 2731/55/166 2709/24/166
f 2733/25/166 2728/27/166 2707/26/166
f 2735/14/167 2724/29/167 2725/28/167
f 2715/30/166 2712/11/166 2714/9/166
f 2733/25/166 2707/26/166 2732/31/166
f 2710/32/166 2711/34/166 2737/33/166
f 2741/36/166 2765/7/166 2749/35/166
f 2732/31/166 2708/37/166 2731/55/166
f 2725/28/167 2726/17/166 2735/14/167
f 2754/39/166 2761/38/166 2762/40/166
f 2751/41/166 2740/42/167 2750/56/167
f 2715/30/166 2716/45/166 2737/33/166
f 2707/26/166 2728/27/166 2768/44/166
f 2717/2/166 2736/3/166 2716/45/166
f 2736/3/166 2722/46/166 2723/15/166
f 2719/47/167 2736/3/166 2718/1/166
f 2720/5/166 2736/3/166 2719/47/167
f 2736/3/166 2721/4/167 2722/46/166
f 2753/19/166 2762/40/166 2763/21/166
f 2755/50/166 2756/57/166 2760/49/166
f 2739/43/166 2751/41/166 2738/51/167
f 2784/1/168 2783/2/169 2802/3/168
f 2787/4/169 2786/5/168 2802/3/168
f 2836/6/168 2831/7/168 2813/8/169
f 2780/9/169 2779/10/168 2778/11/168
f 2809/12/168 2808/13/168 2831/7/168
f 2801/14/169 2789/15/169 2802/3/168
f 2793/16/168 2792/17/169 2800/18/168
f 2819/19/169 2818/20/170 2829/21/170
f 2796/22/168 2795/23/168 2775/24/168
f 2799/25/168 2773/26/169 2794/27/168
f 2801/14/169 2791/28/168 2790/29/168
f 2781/30/169 2780/9/169 2778/11/168
f 2799/25/168 2798/31/169 2773/26/169
f 2776/32/168 2803/33/168 2777/34/168
f 2815/35/169 2831/7/168 2807/36/169
f 2798/31/169 2774/37/169 2773/26/169
f 2791/28/168 2801/14/169 2792/17/169
f 2827/38/168 2820/39/168 2828/40/168
f 2817/41/169 2806/42/168 2805/43/169
f 2781/30/169 2778/11/168 2803/33/168
f 2773/26/169 2834/44/168 2794/27/168
f 2783/2/169 2782/45/170 2802/3/168
f 2802/3/168 2789/15/169 2788/46/168
f 2785/47/169 2784/1/168 2802/3/168
f 2786/5/168 2785/47/169 2802/3/168
f 2802/3/168 2788/46/168 2787/4/169
f 2819/19/169 2828/40/168 2820/39/168
f 2838/48/169 2826/49/168 2821/50/168
f 2805/43/169 2804/51/169 2817/41/169
f 2850/1/171 2868/3/172 2849/2/172
f 2853/4/171 2868/3/172 2852/5/172
f 2878/52/171 2879/8/171 2902/6/172
f 2846/9/172 2844/11/171 2845/10/173
f 2875/12/171 2896/53/172 2901/54/172
f 2867/14/171 2855/15/171 2856/29/174
f 2859/16/175 2860/27/175 2866/18/175
f 2885/19/175 2895/21/175 2884/20/175
f 2862/22/171 2863/55/171 2841/24/171
f 2865/25/171 2860/27/175 2839/26/171
f 2867/14/171 2856/29/174 2857/28/171
f 2847/30/175 2844/11/171 2846/9/172
f 2865/25/171 2839/26/171 2864/31/171
f 2842/32/172 2843/34/173 2869/33/172
f 2873/36/171 2897/7/171 2881/35/171
f 2864/31/171 2840/37/171 2863/55/171
f 2857/28/171 2858/17/171 2867/14/171
f 2886/39/171 2893/38/172 2894/40/171
f 2883/41/172 2872/42/171 2882/56/171
f 2847/30/175 2848/45/173 2869/33/172
f 2839/26/171 2860/27/175 2900/44/175
f 2849/2/172 2868/3/172 2848/45/173
f 2868/3/172 2854/46/175 2855/15/171
f 2851/47/173 2868/3/172 2850/1/171
f 2852/5/172 2868/3/172 2851/47/173
f 2868/3/172 2853/4/171 2854/46/175
f 2885/19/175 2894/40/171 2895/21/175
f 2887/50/172 2888/57/172 2892/49/175
f 2871/43/172 2883/41/172 2870/51/171
f 2916/1/176 2915/2/177 2934/3/178
f 2919/4/178 2918/5/178 2934/3/178
f 2968/6/178 2963/7/178 2945/8/178
f 2912/9/176 2911/10/176 2910/11/176
f 2941/12/178 2940/13/176 2963/7/178
f 2933/14/178 2921/15/176 2934/3/178
f 2925/16/176 2924/17/176 2932/18/178
f 2951/19/176 2950/20/178 2961/21/178
f 2928/22/176 2927/23/176 2907/24/176
f 2931/25/178 2905/26/178 2926/27/178
f 2933/14/178 2923/28/178 2922/29/178
f 2913/30/178 2912/9/176 2910/11/176
f 2931/25/178 2930/31/178 2905/26/178
f 2908/32/179 2935/33/179 2909/34/178
f 2947/35/178 2963/7/178 2939/36/178
f 2930/31/178 2906/37/178 2905/26/178
f 2923/28/178 2933/14/178 2924/17/176
f 2959/38/176 2952/39/178 2960/40/178
f 2949/41/178 2938/42/178 2937/43/178
f 2913/30/178 2910/11/176 2935/33/179
f 2905/26/178 2966/44/178 2926/27/178
f 2915/2/177 2914/45/177 2934/3/178
f 2934/3/178 2921/15/176 2920/46/178
f 2917/47/178 2916/1/176 2934/3/178
f 2918/5/178 2917/47/178 2934/3/178
f 2934/3/178 2920/46/178 2919/4/178
f 2951/19/176 2960/40/178 2952/39/178
f 2970/48/176 2958/49/178 2953/50/176
f 2937/43/178 2936/51/178 2949/41/178
f 2982/1/180 3000/3/180 2981/2/181
f 2985/4/180 3000/3/180 2984/5/182
f 3010/52/180 3011/8/180 3034/6/180
f 2978/9/182 2976/11/180 2977/10/180
f 3007/12/180 3028/53/180 3033/54/180
f 2999/14/182 2987/15/182 2988/29/180
f 2991/16/182 2992/27/180 2998/18/182
f 3017/19/180 3027/21/180 3016/20/180
f 2994/22/180 2995/55/180 2973/24/180
f 2997/25/182 2992/27/180 2971/26/182
f 2999/14/182 2988/29/180 2989/28/182
f 2979/30/182 2976/11/180 2978/9/182
f 2997/25/182 2971/26/182 2996/31/182
f 2974/32/180 2975/34/183 3001/33/180
f 3005/36/180 3029/7/180 3013/35/180
f 2996/31/182 2972/37/180 2995/55/180
f 2989/28/182 2990/17/180 2999/14/182
f 3018/39/180 3025/38/180 3026/40/180
f 3015/41/180 3004/42/180 3014/56/180
f 2979/30/182 2980/45/180 3001/33/180
f 2971/26/182 2992/27/180 3032/44/180
f 2981/2/181 3000/3/180 2980/45/180
f 3000/3/180 2986/46/182 2987/15/182
f 2983/47/182 3000/3/180 2982/1/180
f 2984/5/182 3000/3/180 2983/47/182
f 3000/3/180 2985/4/180 2986/46/182
f 3017/19/180 3026/40/180 3027/21/180
f 3019/50/180 3020/57/182 3024/49/180
f 3003/43/180 3015/41/180 3002/51/180
f 3048/1/184 3047/2/185 3066/3/184
f 3051/4/185 3050/5/186 3066/3/184
f 3100/6/187 3095/7/187 3077/8/186
f 3044/9/185 3043/10/184 3042/11/187
f 3073/12/184 3072/13/187 3095/7/187
f 3065/14/185 3053/15/187 3066/3/184
f 3057/16/187 3056/17/187 3064/18/187
f 3083/19/187 3082/20/188 3093/21/187
f 3060/22/185 3059/23/187 3039/24/187
f 3063/25/186 3037/26/185 3058/27/187
f 3065/14/185 3055/28/185 3054/29/187
f 3045/30/185 3044/9/185 3042/11/187
f 3063/25/186 3062/31/185 3037/26/185
f 3040/32/185 3067/33/185 3041/34/189
f 3079/35/184 3095/7/187 3071/36/187
f 3062/31/185 3038/37/187 3037/26/185
f 3055/28/185 3065/14/185 3056/17/187
f 3091/38/184 3084/39/187 3092/40/184
f 3081/41/185 3070/42/187 3069/43/185
f 3045/30/185 3042/11/187 3067/33/185
f 3037/26/185 3098/44/187 3058/27/187
f 3047/2/185 3046/45/184 3066/3/184
f 3066/3/184 3053/15/187 3052/46/187
f 3049/47/184 3048/1/184 3066/3/184
f 3050/5/186 3049/47/184 3066/3/184
f 3066/3/184 3052/46/187 3051/4/185
f 3083/19/187 3092/40/184 3084/39/187
f 3102/48/187 3090/49/187 3085/50/187
f 3069/43/185 3068/51/186 3081/41/185
f 3114/1/190 3132/3/191 3113/2/192
f 3117/4/191 3132/3/191 3116/5/191
f 3142/52/191 3143/8/191 3166/6/191
f 3110/9/193 3108/11/191 3109/10/193
f 3139/12/191 3160/53/191 3165/54/191
f 3131/14/193 3119/15/191 3120/29/194
f 3123/16/191 3124/27/193 3130/18/193
f 3149/19/193 3159/21/193 3148/20/195
f 3126/22/191 3127/55/191 3105/24/191
f 3129/25/193 3124/27/193 3103/26/191
f 3131/14/193 3120/29/194 3121/28/193
f 3111/30/193 3108/11/191 3110/9/193
f 3129/25/193 3103/26/191 3128/31/193
f 3106/32/193 3107/34/191 3133/33/193
f 3137/36/193 3161/7/191 3145/35/191
f 3128/31/193 3104/37/191 3127/55/191
f 3121/28/193 3122/17/196 3131/14/193
f 3150/39/191 3157/38/191 3158/40/191
f 3147/41/193 3136/42/193 3146/56/193
f 3111/30/193 3112/45/191 3133/33/193
f 3103/26/191 3124/27/193 3164/44/191
f 3113/2/192 3132/3/191 3112/45/191
f 3132/3/191 3118/46/193 3119/15/191
f 3115/47/191 3132/3/191 3114/1/190
f 3116/5/191 3132/3/191 3115/47/191
f 3132/3/191 3117/4/191 3118/46/193
f 3149/19/193 3158/40/191 3159/21/193
f 3151/50/191 3152/57/193 3156/49/191
f 3135/43/193 3147/41/193 3134/51/193
f 3180/1/197 3179/2/198 3198/3/199
f 3183/4/199 3182/5/199 3198/3/199
f 3232/6/197 3227/7/199 3209/8/199
f 3176/9/199 3175/10/198 3174/11/199
f 3205/12/197 3204/13/197 3227/7/199
f 3197/14/199 3185/15/197 3198/3/199
f 3189/16/197 3188/17/197 3196/18/197
f 3215/19/197 3214/20/200 3225/21/197
f 3192/22/199 3191/23/199 3171/24/199
f 3195/25/199 3169/26/199 3190/27/199
f 3197/14/199 3187/28/199 3186/29/199
f 3177/30/199 3176/9/199 3174/11/199
f 3195/25/199 3194/31/199 3169/26/199
f 3172/32/197 3199/33/199 3173/34/201
f 3211/35/199 3227/7/199 3203/36/199
f 3194/31/199 3170/37/199 3169/26/199
f 3187/28/199 3197/14/199 3188/17/197
f 3223/38/197 3216/39/199 3224/40/199
f 3213/41/197 3202/42/199 3201/43/197
f 3177/30/199 3174/11/199 3199/33/199
f 3169/26/199 3230/44/199 3190/27/199
f 3179/2/198 3178/45/199 3198/3/199
f 3198/3/199 3185/15/197 3184/46/199
f 3181/47/199 3180/1/197 3198/3/199
f 3182/5/199 3181/47/199 3198/3/199
f 3198/3/199 3184/46/199 3183/4/199
f 3215/19/197 3224/40/199 3216/39/199
f 3234/48/197 3222/49/197 3217/50/199
f 3201/43/197 3200/51/197 3213/41/197
f 3246/1/202 3264/3/203 3245/2/203
f 3249/4/203 3264/3/203 3248/5/203
f 3274/52/204 3275/8/205 3298/6/203
f 3242/9/203 3240/11/205 3241/10/205
f 3271/12/203 3292/53/203 3297/54/203
f 3263/14/204 3251/15/203 3252/29/204
f 3255/16/205 3256/27/205 3262/18/203
f 3281/19/203 3291/21/203 3280/20/203
f 3258/22/205 3259/55/203 3237/24/205
f 3261/25/205 3256/27/205 3235/26/203
f 3263/14/204 3252/29/204 3253/28/204
f 3243/30/204 3240/11/205 3242/9/203
f 3261/25/205 3235/26/203 3260/31/205
f 3238/32/205 3239/34/205 3265/33/205
f 3269/36/203 3293/7/203 3277/35/203
f 3260/31/205 3236/37/205 3259/55/203
f 3253/28/204 3254/17/205 3263/14/204
f 3282/39/205 3289/38/203 3290/40/205
f 3279/41/203 3268/42/203 3278/56/203
f 3243/30/204 3244/45/204 3265/33/205
f 3235/26/203 3256/27/205 3296/44/203
f 3245/2/203 3264/3/203 3244/45/204
f 3264/3/203 3250/46/203 3251/15/203
f 3247/47/204 3264/3/203 3246/1/202
f 3248/5/203 3264/3/203 3247/47/204
f 3264/3/203 3249/4/203 3250/46/203
f 3281/19/203 3290/40/205 3291/21/203
f 3283/50/205 3284/57/206 3288/49/203
f 3267/43/203 3279/41/203 3266/51/203
f 3312/1/207 3311/2/207 3330/3/207
f 3315/4/207 3314/5/207 3330/3/207
f 3364/6/207 3359/7/207 3341/8/207
f 3308/9/207 3307/10/207 3306/11/207
f 3337/12/207 3336/13/207 3359/7/207
f 3329/14/208 3317/15/207 3330/3/207
f 3321/16/207 3320/17/208 3328/18/207
f 3347/19/207 3346/20/207 3357/21/207
f 3324/22/207 3323/23/207 3303/24/208
f 3327/25/208 3301/26/208 3322/27/207
f 3329/14/208 3319/28/208 3318/29/207
f 3309/30/209 3308/9/207 3306/11/207
f 3327/25/208 3326/31/207 3301/26/208
f 3304/32/207 3331/33/207 3305/34/209
f 3343/35/207 3359/7/207 3335/36/207
f 3326/31/207 3302/37/208 3301/26/208
f 3319/28/208 3329/14/208 3320/17/208
f 3355/38/207 3348/39/207 3356/40/207
f 3345/41/208 3334/42/207 3333/43/208
f 3309/30/209 3306/11/207 3331/33/207
f 3301/26/208 3362/44/208 3322/27/207
f 3311/2/207 3310/45/207 3330/3/207
f 3330/3/207 3317/15/207 3316/46/207
f 3313/47/208 3312/1/207 3330/3/207
f 3314/5/207 3313/47/208 3330/3/207
f 3330/3/207 3316/46/207 3315/4/207
f 3347/19/207 3356/40/207 3348/39/207
f 3366/48/207 3354/49/207 3349/50/207
f 3333/43/208 3332/51/208 3345/41/208
f 3378/1/210 3396/3/211 3377/2/212
f 3381/4/210 3396/3/211 3380/5/210
f 3406/52/210 3407/8/210 3430/6/210
f 3374/9/210 3372/11/210 3373/10/210
f 3403/12/211 3424/53/210 3429/54/210
f 3395/14/211 3383/15/211 3384/29/211
f 3387/16/210 3388/27/210 3394/18/210
f 3413/19/210 3423/21/211 3412/20/211
f 3390/22/211 3391/55/210 3369/24/210
f 3393/25/210 3388/27/210 3367/26/210
f 3395/14/211 3384/29/211 3385/28/211
f 3375/30/210 3372/11/210 3374/9/210
f 3393/25/210 3367/26/210 3392/31/211
f 3370/32/211 3371/34/213 3397/33/211
f 3401/36/210 3425/7/211 3409/35/210
f 3392/31/211 3368/37/210 3391/55/210
f 3385/28/211 3386/17/211 3395/14/211
f 3414/39/210 3421/38/211 3422/40/210
f 3411/41/211 3400/42/210 3410/56/210
f 3375/30/210 3376/45/211 3397/33/211
f 3367/26/210 3388/27/210 3428/44/210
f 3377/2/212 3396/3/211 3376/45/211
f 3396/3/211 3382/46/211 3383/15/211
f 3379/47/211 3396/3/211 3378/1/210
f 3380/5/210 3396/3/211 3379/47/211
f 3396/3/211 3381/4/210 3382/46/211
f 3413/19/210 3422/40/210 3423/21/211
f 3415/50/211 3416/57/211 3420/49/210
f 3399/43/211 3411/41/211 3398/51/211
f 3444/1/214 3443/2/215 3462/3/215
f 3447/4/215 3446/5/215 3462/3/215
f 3496/6/215 3491/7/215 3473/8/215
f 3440/9/216 3439/10/215 3438/11/215
f 3469/12/215 3468/13/215 3491/7/215
f 3461/14/215 3449/15/215 3462/3/215
f 3453/16/214 3452/17/215 3460/18/214
f 3479/19/215 3478/20/215 3489/21/215
f 3456/22/215 3455/23/215 3435/24/215
f 3459/25/214 3433/26/214 3454/27/215
f 3461/14/215 3451/28/215 3450/29/214
f 3441/30/214 3440/9/216 3438/11/215
f 3459/25/214 3458/31/214 3433/26/214
f 3436/32/215 3463/33/215 3437/34/216
f 3475/35/215 3491/7/215 3467/36/215
f 3458/31/214 3434/37/214 3433/26/214
f 3451/28/215 3461/14/215 3452/17/215
f 3487/38/215 3480/39/215 3488/40/215
f 3477/41/214 3466/42/215 3465/43/214
f 3441/30/214 3438/11/215 3463/33/215
f 3433/26/214 3494/44/215 3454/27/215
f 3443/2/215 3442/45/215 3462/3/215
f 3462/3/215 3449/15/215 3448/46/214
f 3445/47/215 3444/1/214 3462/3/215
f 3446/5/215 3445/47/215 3462/3/215
f 3462/3/215 3448/46/214 3447/4/215
f 3479/19/215 3488/40/215 3480/39/215
f 3498/48/214 3486/49/215 3481/50/215
f 3465/43/214 3464/51/214 3477/41/214
f 3510/1/217 3528/3/218 3509/2/219
f 3513/4/218 3528/3/218 3512/5/218
f 3538/52/218 3539/8/218 3562/6/218
f 3506/9/220 3504/11/220 3505/10/220
f 3535/12/218 3556/53/220 3561/54/220
f 3527/14/220 3515/15/218 3516/29/221
f 3519/16/218 3520/27/220 3526/18/218
f 3545/19/218 3555/21/220 3544/20/220
f 3522/22/220 3523/55/218 3501/24/220
f 3525/25/220 3520/27/220 3499/26/218
f 3527/14/220 3516/29/221 3517/28/220
f 3507/30/220 3504/11/220 3506/9/220
f 3525/25/220 3499/26/218 3524/31/220
f 3502/32/218 3503/34/222 3529/33/218
f 3533/36/220 3557/7/218 3541/35/218
f 3524/31/220 3500/37/218 3523/55/218
f 3517/28/220 3518/17/220 3527/14/220
f 3546/39/220 3553/38/218 3554/40/220
f 3543/41/218 3532/42/218 3542/56/218
f 3507/30/220 3508/45/218 3529/33/218
f 3499/26/218 3520/27/220 3560/44/218
f 3509/2/219 3528/3/218 3508/45/218
f 3528/3/218 3514/46/220 3515/15/218
f 3511/47/220 3528/3/218 3510/1/217
f 3512/5/218 3528/3/218 3511/47/220
f 3528/3/218 3513/4/218 3514/46/220
f 3545/19/218 3554/40/220 3555/21/220
f 3547/50/218 3548/57/220 3552/49/218
f 3531/43/218 3543/41/218 3530/51/218
f 3576/1/223 3575/2/224 3594/3/223
f 3579/4/225 3578/5/223 3594/3/223
f 3628/6/223 3623/7/223 3605/8/225
f 3572/9/223 3571/10/225 3570/11/225
f 3601/12/223 3600/13/225 3623/7/223
f 3593/14/223 3581/15/223 3594/3/223
f 3585/16/223 3584/17/226 3592/18/223
f 3611/19/226 3610/20/226 3621/21/226
f 3588/22/225 3587/23/225 3567/24/225
f 3591/25/223 3565/26/225 3586/27/223
f 3593/14/223 3583/28/223 3582/29/224
f 3573/30/226 3572/9/223 3570/11/225
f 3591/25/223 3590/31/225 3565/26/225
f 3568/32/223 3595/33/223 3569/34/223
f 3607/35/225 3623/7/223 3599/36/223
f 3590/31/225 3566/37/223 3565/26/225
f 3583/28/223 3593/14/223 3584/17/226
f 3619/38/223 3612/39/223 3620/40/223
f 3609/41/223 3598/42/225 3597/43/223
f 3573/30/226 3570/11/225 3595/33/223
f 3565/26/225 3626/44/223 3586/27/223
f 3575/2/224 3574/45/223 3594/3/223
f 3594/3/223 3581/15/223 3580/46/223
f 3577/47/223 3576/1/223 3594/3/223
f 3578/5/223 3577/47/223 3594/3/223
f 3594/3/223 3580/46/223 3579/4/225
f 3611/19/226 3620/40/223 3612/39/223
f 3630/48/223 3618/49/225 3613/50/223
f 3597/43/223 3596/51/225 3609/41/223
f 3642/1/227 3660/3/228 3641/2/227
f 3645/4/228 3660/3/228 3644/5/228
f 3670/52/228 3671/8/227 3694/6/228
f 3638/9/227 3636/11/228 3637/10/228
f 3667/12/227 3688/53/227 3693/54/227
f 3659/14/228 3647/15/228 3648/29/228
f 3651/16/228 3652/27/228 3658/18/228
f 3677/19/227 3687/21/227 3676/20/227
f 3654/22/228 3655/55/227 3633/24/228
f 3657/25/227 3652/27/228 3631/26/227
f 3659/14/228 3648/29/228 3649/28/227
f 3639/30/227 3636/11/228 3638/9/227
f 3657/25/227 3631/26/227 3656/31/228
f 3634/32/227 3635/34/228 3661/33/227
f 3665/36/228 3689/7/228 3673/35/228
f 3656/31/228 3632/37/227 3655/55/227
f 3649/28/227 3650/17/228 3659/14/228
f 3678/39/228 3685/38/228 3686/40/228
f 3675/41/227 3664/42/228 3674/56/228
f 3639/30/227 3640/45/227 3661/33/227
f 3631/26/227 3652/27/228 3692/44/227
f 3641/2/227 3660/3/228 3640/45/227
f 3660/3/228 3646/46/227 3647/15/228
f 3643/47/227 3660/3/228 3642/1/227
f 3644/5/228 3660/3/228 3643/47/227
f 3660/3/228 3645/4/228 3646/46/227
f 3677/19/227 3686/40/228 3687/21/227
f 3679/50/228 3680/57/228 3684/49/228
f 3663/43/227 3675/41/227 3662/51/227
f 3708/1/229 3707/2/229 3726/3/229
f 3711/4/229 3710/5/230 3726/3/229
f 3760/6/229 3755/7/229 3737/8/229
f 3704/9/230 3703/10/229 3702/11/229
f 3733/12/229 3732/13/229 3755/7/229
f 3725/14/230 3713/15/229 3726/3/229
f 3717/16/229 3716/17/229 3724/18/229
f 3743/19/229 3742/20/229 3753/21/229
f 3720/22/229 3719/23/229 3699/24/229
f 3723/25/229 3697/26/229 3718/27/230
f 3725/14/230 3715/28/230 3714/29/229
f 3705/30/229 3704/9/230 3702/11/229
f 3723/25/229 3722/31/229 3697/26/229
f 3700/32/230 3727/33/230 3701/34/229
f 3739/35/229 3755/7/229 3731/36/229
f 3722/31/229 3698/37/229 3697/26/229
f 3715/28/230 3725/14/230 3716/17/229
f 3751/38/229 3744/39/229 3752/40/229
f 3741/41/229 3730/42/229 3729/43/229
f 3705/30/229 3702/11/229 3727/33/230
f 3697/26/229 3758/44/230 3718/27/230
f 3707/2/229 3706/45/229 3726/3/229
f 3726/3/229 3713/15/229 3712/46/229
f 3709/47/229 3708/1/229 3726/3/229
f 3710/5/230 3709/47/229 3726/3/229
f 3726/3/229 3712/46/229 3711/4/229
f 3743/19/229 3752/40/229 3744/39/229
f 3762/48/230 3750/49/230 3745/50/229
f 3729/43/229 3728/51/230 3741/41/229
f 3774/1/231 3792/3/232 3773/2/233
f 3777/4/231 3792/3/232 3776/5/232
f 3802/52/232 3803/8/232 3826/6/231
f 3770/9/233 3768/11/232 3769/10/231
f 3799/12/231 3820/53/232 3825/54/232
f 3791/14/233 3779/15/232 3780/29/233
f 3783/16/233 3784/27/232 3790/18/232
f 3809/19/233 3819/21/233 3808/20/233
f 3786/22/232 3787/55/231 3765/24/231
f 3789/25/234 3784/27/232 3763/26/233
f 3791/14/233 3780/29/233 3781/28/233
f 3771/30/231 3768/11/232 3770/9/233
f 3789/25/234 3763/26/233 3788/31/231
f 3766/32/233 3767/34/234 3793/33/234
f 3797/36/231 3821/7/231 3805/35/232
f 3788/31/231 3764/37/231 3787/55/231
f 3781/28/233 3782/17/232 3791/14/233
f 3810/39/232 3817/38/232 3818/40/231
f 3807/41/232 3796/42/232 3806/56/232
f 3771/30/231 3772/45/232 3793/33/234
f 3763/26/233 3784/27/232 3824/44/231
f 3773/2/233 3792/3/232 3772/45/232
f 3792/3/232 3778/46/234 3779/15/232
f 3775/47/234 3792/3/232 3774/1/231
f 3776/5/232 3792/3/232 3775/47/234
f 3792/3/232 3777/4/231 3778/46/234
f 3809/19/233 3818/40/231 3819/21/233
f 3811/50/232 3812/57/231 3816/49/233
f 3795/43/232 3807/41/232 3794/51/234
f 3840/1/235 3839/2/236 3858/3/235
f 3843/4/235 3842/5/237 3858/3/235
f 3892/6/235 3887/7/235 3869/8/235
f 3836/9/237 3835/10/235 3834/11/235
f 3865/12/235 3864/13/235 3887/7/235
f 3857/14/235 3845/15/237 3858/3/235
f 3849/16/235 3848/17/237 3856/18/235
f 3875/19/237 3874/20/237 3885/21/237
f 3852/22/235 3851/23/235 3831/24/235
f 3855/25/235 3829/26/235 3850/27/235
f 3857/14/235 3847/28/235 3846/29/237
f 3837/30/237 3836/9/237 3834/11/235
f 3855/25/235 3854/31/235 3829/26/235
f 3832/32/235 3859/33/235 3833/34/237
f 3871/35/235 3887/7/235 3863/36/235
f 3854/31/235 3830/37/235 3829/26/235
f 3847/28/235 3857/14/235 3848/17/237
f 3883/38/235 3876/39/235 3884/40/235
f 3873/41/235 3862/42/235 3861/43/235
f 3837/30/237 3834/11/235 3859/33/235
f 3829/26/235 3890/44/237 3850/27/235
f 3839/2/236 3838/45/235 3858/3/235
f 3858/3/235 3845/15/237 3844/46/237
f 3841/47/235 3840/1/235 3858/3/235
f 3842/5/237 3841/47/235 3858/3/235
f 3858/3/235 3844/46/237 3843/4/235
f 3875/19/237 3884/40/235 3876/39/235
f 3894/48/235 3882/49/235 3877/50/235
f 3861/43/235 3860/51/235 3873/41/235
f 3906/1/238 3924/3/238 3905/2/238
f 3909/4/238 3924/3/238 3908/5/238
f 3934/52/238 3935/8/238 3958/6/238
f 3902/9/238 3900/11/238 3901/10/239
f 3931/12/238 3952/53/238 3957/54/238
f 3923/14/238 3911/15/239 3912/29/238
f 3915/16/238 3916/27/239 3922/18/239
f 3941/19/238 3951/21/238 3940/20/238
f 3918/22/238 3919/55/238 3897/24/238
f 3921/25/238 3916/27/239 3895/26/238
f 3923/14/238 3912/29/238 3913/28/238
f 3903/30/239 3900/11/238 3902/9/238
f 3921/25/238 3895/26/238 3920/31/238
f 3898/32/238 3899/34/239 3925/33/238
f 3929/36/238 3953/7/238 3937/35/238
f 3920/31/238 3896/37/238 3919/55/238
f 3913/28/238 3914/17/238 3923/14/238
f 3942/39/238 3949/38/238 3950/40/238
f 3939/41/239 3928/42/239 3938/56/238
f 3903/30/239 3904/45/238 3925/33/238
f 3895/26/238 3916/27/239 3956/44/238
f 3905/2/238 3924/3/238 3904/45/238
f 3924/3/238 3910/46/238 3911/15/239
f 3907/47/239 3924/3/238 3906/1/238
f 3908/5/238 3924/3/238 3907/47/239
f 3924/3/238 3909/4/238 3910/46/238
f 3941/19/238 3950/40/238 3951/21/238
f 3943/50/238 3944/57/239 3948/49/238
f 3927/43/238 3939/41/239 3926/51/238
f 3972/1/240 3971/2/241 3990/3/242
f 3975/4/243 3974/5/242 3990/3/242
f 4024/6/242 4019/7/242 4001/8/242
f 3968/9/243 3967/10/240 3966/11/242
f 3997/12/243 3996/13/243 4019/7/242
f 3989/14/242 3977/15/243 3990/3/242
f 3981/16/242 3980/17/243 3988/18/242
f 4007/19/242 4006/20/240 4017/21/240
f 3984/22/242 3983/23/243 3963/24/242
f 3987/25/242 3961/26/242 3982/27/242
f 3989/14/242 3979/28/242 3978/29/243
f 3969/30/244 3968/9/243 3966/11/242
f 3987/25/242 3986/31/242 3961/26/242
f 3964/32/240 3991/33/240 3965/34/243
f 4003/35/242 4019/7/242 3995/36/242
f 3986/31/242 3962/37/243 3961/26/242
f 3979/28/242 3989/14/242 3980/17/243
f 4015/38/243 4008/39/243 4016/40/244
f 4005/41/242 3994/42/243 3993/43/242
f 3969/30/244 3966/11/242 3991/33/240
f 3961/26/242 4022/44/242 3982/27/242
f 3971/2/241 3970/45/242 3990/3/242
f 3990/3/242 3977/15/243 3976/46/242
f 3973/47/242 3972/1/240 3990/3/242
f 3974/5/242 3973/47/242 3990/3/242
f 3990/3/242 3976/46/242 3975/4/243
f 4007/19/242 4016/40/244 4008/39/243
f 4026/48/243 4014/49/243 4009/50/242
f 3993/43/242 3992/51/242 4005/41/242
f 4038/1/245 4056/3/245 4037/2/245
f 4041/4/245 4056/3/245 4040/5/245
f 4066/52/245 4067/8/245 4090/6/245
f 4034/9/245 4032/11/245 4033/10/245
f 4063/12/245 4084/53/246 4089/54/246
f 4055/14/245 4043/15/245 4044/29/245
f 4047/16/245 4048/27/245 4054/18/245
f 4073/19/246 4083/21/246 4072/20/246
f 4050/22/245 4051/55/245 4029/24/245
f 4053/25/245 4048/27/245 4027/26/245
f 4055/14/245 4044/29/245 4045/28/245
f 4035/30/245 4032/11/245 4034/9/245
f 4053/25/245 4027/26/245 4052/31/245
f 4030/32/245 4031/34/247 4057/33/245
f 4061/36/245 4085/7/245 4069/35/245
f 4052/31/245 4028/37/245 4051/55/245
f 4045/28/245 4046/17/245 4055/14/245
f 4074/39/245 4081/38/245 4082/40/245
f 4071/41/245 4060/42/245 4070/56/245
f 4035/30/245 4036/45/245 4057/33/245
f 4027/26/245 4048/27/245 4088/44/245
f 4037/2/245 4056/3/245 4036/45/245
f 4056/3/245 4042/46/245 4043/15/245
f 4039/47/246 4056/3/245 4038/1/245
f 4040/5/245 4056/3/245 4039/47/246
f 4056/3/245 4041/4/245 4042/46/245
f 4073/19/246 4082/40/245 4083/21/246
f 4075/50/245 4076/57/246 4080/49/245
f 4059/43/245 4071/41/245 4058/51/245
f 4104/1/248 4103/2/249 4122/3/249
f 4107/4/248 4106/5/249 4122/3/249
f 4156/6/249 4151/7/248 4133/8/248
f 4100/9/248 4099/10/249 4098/11/249
f 4129/12/249 4128/13/248 4151/7/248
f 4121/14/249 4109/15/249 4122/3/249
f 4113/16/248 4112/17/249 4120/18/248
f 4139/19/248 4138/20/249 4149/21/248
f 4116/22/248 4115/23/248 4095/24/248
f 4119/25/248 4093/26/248 4114/27/249
f 4121/14/249 4111/28/249 4110/29/250
f 4101/30/248 4100/9/248 4098/11/249
f 4119/25/248 4118/31/249 4093/26/248
f 4096/32/249 4123/33/249 4097/34/248
f 4135/35/248 4151/7/248 4127/36/248
f 4118/31/249 4094/37/248 4093/26/248
f 4111/28/249 4121/14/249 4112/17/249
f 4147/38/248 4140/39/248 4148/40/248
f 4137/41/248 4126/42/248 4125/43/249
f 4101/30/248 4098/11/249 4123/33/249
f 4093/26/248 4154/44/249 4114/27/249
f 4103/2/249 4102/45/249 4122/3/249
f 4122/3/249 4109/15/249 4108/46/249
f 4105/47/248 4104/1/248 4122/3/249
f 4106/5/249 4105/47/248 4122/3/249
f 4122/3/249 4108/46/249 4107/4/248
f 4139/19/248 4148/40/248 4140/39/248
f 4158/48/248 4146/49/248 4141/50/249
f 4125/43/249 4124/51/249 4137/41/248
f 4170/1/251 4188/3/251 4169/2/252
f 4173/4/251 4188/3/251 4172/5/251
f 4198/52/251 4199/8/251 4222/6/251
f 4166/9/252 4164/11/251 4165/10/253
f 4195/12/251 4216/53/251 4221/54/251
f 4187/14/251 4175/15/252 4176/29/253
f 4179/16/252 4180/27/251 4186/18/252
f 4205/19/251 4215/21/251 4204/20/251
f 4182/22/251 4183/55/251 4161/24/251
f 4185/25/251 4180/27/251 4159/26/254
f 4187/14/251 4176/29/253 4177/28/251
f 4167/30/251 4164/11/251 4166/9/252
f 4185/25/251 4159/26/254 4184/31/251
f 4162/32/251 4163/34/254 4189/33/251
f 4193/36/251 4217/7/251 4201/35/251
f 4184/31/251 4160/37/251 4183/55/251
f 4177/28/251 4178/17/252 4187/14/251
f 4206/39/251 4213/38/251 4214/40/251
f 4203/41/251 4192/42/251 4202/56/251
f 4167/30/251 4168/45/251 4189/33/251
f 4159/26/254 4180/27/251 4220/44/251
f 4169/2/252 4188/3/251 4168/45/251
f 4188/3/251 4174/46/252 4175/15/252
f 4171/47/251 4188/3/251 4170/1/251
f 4172/5/251 4188/3/251 4171/47/251
f 4188/3/251 4173/4/251 4174/46/252
f 4205/19/251 4214/40/251 4215/21/251
f 4207/50/251 4208/57/251 4212/49/251
f 4191/43/251 4203/41/251 4190/51/251
f 4236/1/255 4235/2/256 4254/3/255
f 4239/4/256 4238/5/255 4254/3/255
f 4288/6/256 4283/7/255 4265/8/255
f 4232/9/257 4231/10/255 4230/11/255
f 4261/12/255 4260/13/255 4283/7/255
f 4253/14/256 4241/15/255 4254/3/255
f 4245/16/256 4244/17/256 4252/18/256
f 4271/19/255 4270/20/258 4281/21/258
f 4248/22/255 4247/23/255 4227/24/255
f 4251/25/255 4225/26/256 4246/27/255
f 4253/14/256 4243/28/255 4242/29/259
f 4233/30/255 4232/9/257 4230/11/255
f 4251/25/255 4250/31/256 4225/26/256
f 4228/32/256 4255/33/256 4229/34/257
f 4267/35/255 4283/7/255 4259/36/255
f 4250/31/256 4226/37/256 4225/26/256
f 4243/28/255 4253/14/256 4244/17/256
f 4279/38/255 4272/39/255 4280/40/255
f 4269/41/256 4258/42/255 4257/43/256
f 4233/30/255 4230/11/255 4255/33/256
f 4225/26/256 4286/44/255 4246/27/255
f 4235/2/256 4234/45/256 4254/3/255
f 4254/3/255 4241/15/255 4240/46/256
f 4237/47/255 4236/1/255 4254/3/255
f 4238/5/255 4237/47/255 4254/3/255
f 4254/3/255 4240/46/256 4239/4/256
f 4271/19/255 4280/40/255 4272/39/255
f 4290/48/255 4278/49/255 4273/50/255
f 4257/43/256 4256/51/256 4269/41/256
f 4302/1/260 4320/3/261 4301/2/262
f 4305/4/263 4320/3/261 4304/5/261
f 4330/52/261 4331/8/261 4354/6/261
f 4298/9/263 4296/11/261 4297/10/261
f 4327/12/263 4348/53/262 4353/54/263
f 4319/14/263 4307/15/263 4308/29/260
f 4311/16/261 4312/27/261 4318/18/261
f 4337/19/263 4347/21/261 4336/20/260
f 4314/22/261 4315/55/263 4293/24/261
f 4317/25/261 4312/27/261 4291/26/261
f 4319/14/263 4308/29/260 4309/28/263
f 4299/30/261 4296/11/261 4298/9/263
f 4317/25/261 4291/26/261 4316/31/261
f 4294/32/261 4295/34/264 4321/33/261
f 4325/36/261 4349/7/263 4333/35/261
f 4316/31/261 4292/37/263 4315/55/263
f 4309/28/263 4310/17/263 4319/14/263
f 4338/39/261 4345/38/261 4346/40/261
f 4335/41/263 4324/42/261 4334/56/261
f 4299/30/261 4300/45/261 4321/33/261
f 4291/26/261 4312/27/261 4352/44/261
f 4301/2/262 4320/3/261 4300/45/261
f 4320/3/261 4306/46/263 4307/15/263
f 4303/47/263 4320/3/261 4302/1/260
f 4304/5/261 4320/3/261 4303/47/263
f 4320/3/261 4305/4/263 4306/46/263
f 4337/19/263 4346/40/261 4347/21/261
f 4339/50/261 4340/57/261 4344/49/261
f 4323/43/263 4335/41/263 4322/51/263
f 4368/1/265 4367/2/266 4386/3/267
f 4371/4/267 4370/5/266 4386/3/267
f 4420/6/267 4415/7/267 4397/8/267
f 4364/9/266 4363/10/267 4362/11/267
f 4393/12/267 4392/13/267 4415/7/267
f 4385/14/266 4373/15/267 4386/3/267
f 4377/16/267 4376/17/266 4384/18/266
f 4403/19/266 4402/20/267 4413/21/267
f 4380/22/267 4379/23/267 4359/24/267
f 4383/25/266 4357/26/268 4378/27/267
f 4385/14/266 4375/28/266 4374/29/267
f 4365/30/266 4364/9/266 4362/11/267
f 4383/25/266 4382/31/267 4357/26/268
f 4360/32/266 4387/33/267 4361/34/269
f 4399/35/267 4415/7/267 4391/36/267
f 4382/31/267 4358/37/266 4357/26/268
f 4375/28/266 4385/14/266 4376/17/266
f 4411/38/267 4404/39/267 4412/40/266
f 4401/41/266 4390/42/267 4389/43/266
f 4365/30/266 4362/11/267 4387/33/267
f 4357/26/268 4418/44/267 4378/27/267
f 4367/2/266 4366/45/266 4386/3/267
f 4386/3/267 4373/15/267 4372/46/266
f 4369/47/267 4368/1/265 4386/3/267
f 4370/5/266 4369/47/267 4386/3/267
f 4386/3/267 4372/46/266 4371/4/267
f 4403/19/266 4412/40/266 4404/39/267
f 4422/48/267 4410/49/267 4405/50/267
f 4389/43/266 4388/51/268 4401/41/266
f 4434/1/270 4452/3/270 4433/2/271
f 4437/4/272 4452/3/270 4436/5/270
f 4462/52/270 4463/8/270 4486/6/270
f 4430/9/272 4428/11/270 4429/10/272
f 4459/12/270 4480/53/272 4485/54/272
f 4451/14/270 4439/15/270 4440/29/273
f 4443/16/270 4444/27/272 4450/18/272
f 4469/19/270 4479/21/270 4468/20/270
f 4446/22/270 4447/55/270 4425/24/270
f 4449/25/272 4444/27/272 4423/26/270
f 4451/14/270 4440/29/273 4441/28/270
f 4431/30/270 4428/11/270 4430/9/272
f 4449/25/272 4423/26/270 4448/31/270
f 4426/32/272 4427/34/270 4453/33/272
f 4457/36/270 4481/7/270 4465/35/270
f 4448/31/270 4424/37/270 4447/55/270
f 4441/28/270 4442/17/272 4451/14/270
f 4470/39/270 4477/38/272 4478/40/270
f 4467/41/270 4456/42/270 4466/56/270
f 4431/30/270 4432/45/272 4453/33/272
f 4423/26/270 4444/27/272 4484/44/270
f 4433/2/271 4452/3/270 4432/45/272
f 4452/3/270 4438/46/270 4439/15/270
f 4435/47/274 4452/3/270 4434/1/270
f 4436/5/270 4452/3/270 4435/47/274
f 4452/3/270 4437/4/272 4438/46/270
f 4469/19/270 4478/40/270 4479/21/270
f 4471/50/270 4472/57/272 4476/49/270
f 4455/43/270 4467/41/270 4454/51/270
f 4500/1/275 4499/2/276 4518/3/277
f 4503/4/278 4502/5/277 4518/3/277
f 4552/6/277 4547/7/277 4529/8/277
f 4496/9/277 4495/10/278 4494/11/277
f 4525/12/277 4524/13/277 4547/7/277
f 4517/14/277 4505/15/277 4518/3/277
f 4509/16/278 4508/17/277 4516/18/278
f 4535/19/277 4534/20/278 4545/21/277
f 4512/22/277 4511/23/277 4491/24/277
f 4515/25/277 4489/26/277 4510/27/278
f 4517/14/277 4507/28/277 4506/29/277
f 4497/30/278 4496/9/277 4494/11/277
f 4515/25/277 4514/31/277 4489/26/277
f 4492/32/277 4519/33/277 4493/34/277
f 4531/35/277 4547/7/277 4523/36/277
f 4514/31/277 4490/37/277 4489/26/277
f 4507/28/277 4517/14/277 4508/17/277
f 4543/38/277 4536/39/277 4544/40/277
f 4533/41/277 4522/42/278 4521/43/277
f 4497/30/278 4494/11/277 4519/33/277
f 4489/26/277 4550/44/277 4510/27/278
f 4499/2/276 4498/45/277 4518/3/277
f 4518/3/277 4505/15/277 4504/46/277
f 4501/47/278 4500/1/275 4518/3/277
f 4502/5/277 4501/47/278 4518/3/277
f 4518/3/277 4504/46/277 4503/4/278
f 4535/19/277 4544/40/277 4536/39/277
f 4554/48/277 4542/49/277 4537/50/277
f 4521/43/277 4520/51/277 4533/41/277
f 4566/1/279 4584/3/280 4565/2/281
f 4569/4/280 4584/3/280 4568/5/280
f 4594/52/282 4595/8/280 4618/6/280
f 4562/9/283 4560/11/280 4561/10/280
f 4591/12/280 4612/53/284 4617/54/280
f 4583/14/280 4571/15/280 4572/29/285
f 4575/16/280 4576/27/284 4582/18/280
f 4601/19/280 4611/21/282 4600/20/282
f 4578/22/280 4579/55/280 4557/24/280
f 4581/25/280 4576/27/284 4555/26/280
f 4583/14/280 4572/29/285 4573/28/280
f 4563/30/282 4560/11/280 4562/9/283
f 4581/25/280 4555/26/280 4580/31/280
f 4558/32/280 4559/34/280 4585/33/280
f 4589/36/280 4613/7/280 4597/35/280
f 4580/31/280 4556/37/280 4579/55/280
f 4573/28/280 4574/17/284 4583/14/280
f 4602/39/284 4609/38/280 4610/40/284
f 4599/41/282 4588/42/280 4598/56/280
f 4563/30/282 4564/45/284 4585/33/280
f 4555/26/280 4576/27/284 4616/44/280
f 4565/2/281 4584/3/280 4564/45/284
f 4584/3/280 4570/46/280 4571/15/280
f 4567/47/283 4584/3/280 4566/1/279
f 4568/5/280 4584/3/280 4567/47/283
f 4584/3/280 4569/4/280 4570/46/280
f 4601/19/280 4610/40/284 4611/21/282
f 4603/50/280 4604/57/283 4608/49/284
f 4587/43/282 4599/41/282 4586/51/280
f 4632/1/286 4631/2/287 4650/3/288
f 4635/4/288 4634/5/286 4650/3/288
f 4684/6/288 4679/7/288 4661/8/286
f 4628/9/288 4627/10/286 4626/11/286
f 4657/12/288 4656/13/286 4679/7/288
f 4649/14/286 4637/15/286 4650/3/288
f 4641/16/286 4640/17/288 4648/18/286
f 4667/19/286 4666/20/286 4677/21/286
f 4644/22/288 4643/23/288 4623/24/288
f 4647/25/286 4621/26/286 4642/27/286
f 4649/14/286 4639/28/286 4638/29/286
f 4629/30/288 4628/9/288 4626/11/286
f 4647/25/286 4646/31/286 4621/26/286
f 4624/32/286 4651/33/286 4625/34/288
f 4663/35/288 4679/7/288 4655/36/288
f 4646/31/286 4622/37/288 4621/26/286
f 4639/28/286 4649/14/286 4640/17/288
f 4675/38/288 4668/39/286 4676/40/286
f 4665/41/288 4654/42/288 4653/43/288
f 4629/30/288 4626/11/286 4651/33/286
f 4621/26/286 4682/44/288 4642/27/286
f 4631/2/287 4630/45/288 4650/3/288
f 4650/3/288 4637/15/286 4636/46/288
f 4633/47/288 4632/1/286 4650/3/288
f 4634/5/286 4633/47/288 4650/3/288
f 4650/3/288 4636/46/288 4635/4/288
f 4667/19/286 4676/40/286 4668/39/286
f 4686/48/288 4674/49/288 4669/50/288
f 4653/43/288 4652/51/288 4665/41/288
f 4698/1/289 4716/3/290 4697/2/291
f 4701/4/292 4716/3/290 4700/5/290
f 4726/52/290 4727/8/290 4750/6/290
f 4694/9/290 4692/11/290 4693/10/289
f 4723/12/292 4744/53/292 4749/54/292
f 4715/14/290 4703/15/290 4704/29/293
f 4707/16/290 4708/27/292 4714/18/290
f 4733/19/293 4743/21/289 4732/20/289
f 4710/22/292 4711/55/292 4689/24/292
f 4713/25/292 4708/27/292 4687/26/290
f 4715/14/290 4704/29/293 4705/28/290
f 4695/30/290 4692/11/290 4694/9/290
f 4713/25/292 4687/26/290 4712/31/290
f 4690/32/289 4691/34/293 4717/33/289
f 4721/36/290 4745/7/292 4729/35/290
f 4712/31/290 4688/37/290 4711/55/292
f 4705/28/290 4706/17/292 4715/14/290
f 4734/39/290 4741/38/293 4742/40/290
f 4731/41/292 4720/42/290 4730/56/290
f 4695/30/290 4696/45/290 4717/33/289
f 4687/26/290 4708/27/292 4748/44/290
f 4697/2/291 4716/3/290 4696/45/290
f 4716/3/290 4702/46/290 4703/15/290
f 4699/47/293 4716/3/290 4698/1/289
f 4700/5/290 4716/3/290 4699/47/293
f 4716/3/290 4701/4/292 4702/46/290
f 4733/19/293 4742/40/290 4743/21/289
f 4735/50/290 4736/57/290 4740/49/290
f 4719/43/292 4731/41/292 4718/51/292
f 4764/1/294 4763/2/295 4782/3/294
f 4767/4/294 4766/5/294 4782/3/294
f 4816/6/294 4811/7/296 4793/8/294
f 4760/9/294 4759/10/294 4758/11/294
f 4789/12/296 4788/13/294 4811/7/296
f 4781/14/296 4769/15/294 4782/3/294
f 4773/16/294 4772/17/296 4780/18/294
f 4799/19/294 4798/20/294 4809/21/294
f 4776/22/294 4775/23/294 4755/24/294
f 4779/25/294 4753/26/294 4774/27/294
f 4781/14/296 4771/28/296 4770/29/294
f 4761/30/296 4760/9/294 4758/11/294
f 4779/25/294 4778/31/294 4753/26/294
f 4756/32/296 4783/33/296 4757/34/296
f 4795/35/294 4811/7/296 4787/36/294
f 4778/31/294 4754/37/294 4753/26/294
f 4771/28/296 4781/14/296 4772/17/296
f 4807/38/294 4800/39/294 4808/40/294
f 4797/41/296 4786/42/296 4785/43/296
f 4761/30/296 4758/11/294 4783/33/296
f 4753/26/294 4814/44/294 4774/27/294
f 4763/2/295 4762/45/294 4782/3/294
f 4782/3/294 4769/15/294 4768/46/296
f 4765/47/296 4764/1/294 4782/3/294
f 4766/5/294 4765/47/296 4782/3/294
f 4782/3/294 4768/46/296 4767/4/294
f 4799/19/294 4808/40/294 4800/39/294
f 4818/48/294 4806/49/294 4801/50/294
f 4785/43/296 4784/51/296 4797/41/296
f 4830/1/297 4848/3/298 4829/2/299
f 4833/4/298 4848/3/298 4832/5/300
f 4858/52/298 4859/8/298 4882/6/298
f 4826/9/298 4824/11/298 4825/10/300
f 4855/12/298 4876/53/298 4881/54/298
f 4847/14/300 4835/15/298 4836/29/298
f 4839/16/300 4840/27/300 4846/18/300
f 4865/19/300 4875/21/300 4864/20/298
f 4842/22/298 4843/55/298 4821/24/298
f 4845/25/298 4840/27/300 4819/26/298
f 4847/14/300 4836/29/298 4837/28/300
f 4827/30/301 4824/11/298 4826/9/298
f 4845/25/298 4819/26/298 4844/31/298
f 4822/32/300 4823/34/302 4849/33/300
f 4853/36/298 4877/7/298 4861/35/298
f 4844/31/298 4820/37/298 4843/55/298
f 4837/28/300 4838/17/298 4847/14/300
f 4866/39/298 4873/38/303 4874/40/300
f 4863/41/298 4852/42/298 4862/56/298
f 4827/30/301 4828/45/303 4849/33/300
f 4819/26/298 4840/27/300 4880/44/298
f 4829/2/299 4848/3/298 4828/45/303
f 4848/3/298 4834/46/298 4835/15/298
f 4831/47/298 4848/3/298 4830/1/297
f 4832/5/300 4848/3/298 4831/47/298
f 4848/3/298 4833/4/298 4834/46/298
f 4865/19/300 4874/40/300 4875/21/300
f 4867/50/298 4868/57/298 4872/49/298
f 4851/43/298 4863/41/298 4850/51/298
f 4896/1/304 4895/2/305 4914/3/305
f 4899/4/305 4898/5/305 4914/3/305
f 4948/6/305 4943/7/305 4925/8/304
f 4892/9/305 4891/10/304 4890/11/304
f 4921/12/305 4920/13/305 4943/7/305
f 4913/14/305 4901/15/304 4914/3/305
f 4905/16/304 4904/17/305 4912/18/305
f 4931/19/305 4930/20/304 4941/21/304
f 4908/22/305 4907/23/304 4887/24/305
f 4911/25/305 4885/26/304 4906/27/305
f 4913/14/305 4903/28/305 4902/29/304
f 4893/30/304 4892/9/305 4890/11/304
f 4911/25/305 4910/31/305 4885/26/304
f 4888/32/305 4915/33/305 4889/34/305
f 4927/35/305 4943/7/305 4919/36/305
f 4910/31/305 4886/37/305 4885/26/304
f 4903/28/305 4913/14/305 4904/17/305
f 4939/38/304 4932/39/305 4940/40/305
f 4929/41/305 4918/42/305 4917/43/305
f 4893/30/304 4890/11/304 4915/33/305
f 4885/26/304 4946/44/304 4906/27/305
f 4895/2/305 4894/45/305 4914/3/305
f 4914/3/305 4901/15/304 4900/46/305
f 4897/47/305 4896/1/304 4914/3/305
f 4898/5/305 4897/47/305 4914/3/305
f 4914/3/305 4900/46/305 4899/4/305
f 4931/19/305 4940/40/305 4932/39/305
f 4950/48/305 4938/49/305 4933/50/304
f 4917/43/305 4916/51/305 4929/41/305
f 4962/1/306 4980/3/306 4961/2/307
f 4965/4/306 4980/3/306 4964/5/306
f 4990/52/307 4991/8/306 5014/6/306
f 4958/9/308 4956/11/306 4957/10/309
f 4987/12/306 5008/53/306 5013/54/306
f 4979/14/308 4967/15/308 4968/29/308
f 4971/16/306 4972/27/308 4978/18/306
f 4997/19/306 5007/21/306 4996/20/306
f 4974/22/309 4975/55/306 4953/24/306
f 4977/25/306 4972/27/308 4951/26/306
f 4979/14/308 4968/29/308 4969/28/308
f 4959/30/306 4956/11/306 4958/9/308
f 4977/25/306 4951/26/306 4976/31/306
f 4954/32/309 4955/34/306 4981/33/309
f 4985/36/306 5009/7/306 4993/35/306
f 4976/31/306 4952/37/306 4975/55/306
f 4969/28/308 4970/17/306 4979/14/308
f 4998/39/306 5005/38/306 5006/40/306
f 4995/41/306 4984/42/306 4994/56/306
f 4959/30/306 4960/45/306 4981/33/309
f 4951/26/306 4972/27/308 5012/44/308
f 4961/2/307 4980/3/306 4960/45/306
f 4980/3/306 4966/46/308 4967/15/308
f 4963/47/306 4980/3/306 4962/1/306
f 4964/5/306 4980/3/306 4963/47/306
f 4980/3/306 4965/4/306 4966/46/308
f 4997/19/306 5006/40/306 5007/21/306
f 4999/50/306 5000/57/308 5004/49/306
f 4983/43/306 4995/41/306 4982/51/308
f 5028/1/310 5027/2/310 5046/3/310
f 5031/4/311 5030/5/310 5046/3/310
f 5080/6/310 5075/7/310 5057/8/310
f 5024/9/310 5023/10/311 5022/11/310
f 5053/12/310 5052/13/310 5075/7/310
f 5045/14/310 5033/15/311 5046/3/310
f 5037/16/311 5036/17/311 5044/18/311
f 5063/19/311 5062/20/311 5073/21/311
f 5040/22/310 5039/23/310 5019/24/310
f 5043/25/310 5017/26/310 5038/27/311
f 5045/14/310 5035/28/310 5034/29/311
f 5025/30/310 5024/9/310 5022/11/310
f 5043/25/310 5042/31/310 5017/26/310
f 5020/32/310 5047/33/310 5021/34/311
f 5059/35/310 5075/7/310 5051/36/310
f 5042/31/310 5018/37/310 5017/26/310
f 5035/28/310 5045/14/310 5036/17/311
f 5071/38/310 5064/39/310 5072/40/310
f 5061/41/310 5050/42/310 5049/43/310
f 5025/30/310 5022/11/310 5047/33/310
f 5017/26/310 5078/44/311 5038/27/311
f 5027/2/310 5026/45/310 5046/3/310
f 5046/3/310 5033/15/311 5032/46/310
f 5029/47/310 5028/1/310 5046/3/310
f 5030/5/310 5029/47/310 5046/3/310
f 5046/3/310 5032/46/310 5031/4/311
f 5063/19/311 5072/40/310 5064/39/310
f 5082/48/310 5070/49/310 5065/50/310
f 5049/43/310 5048/51/311 5061/41/310
f 5094/1/312 5112/3/313 5093/2/312
f 5097/4/313 5112/3/313 5096/5/313
f 5122/52/313 5123/8/313 5146/6/313
f 5090/9/313 5088/11/312 5089/10/313
f 5119/12/313 5140/53/313 5145/54/313
f 5111/14/312 5099/15/313 5100/29/314
f 5103/16/313 5104/27/313 5110/18/313
f 5129/19/312 5139/21/312 5128/20/312
f 5106/22/313 5107/55/313 5085/24/313
f 5109/25/313 5104/27/313 5083/26/313
f 5111/14/312 5100/29/314 5101/28/312
f 5091/30/313 5088/11/312 5090/9/313
f 5109/25/313 5083/26/313 5108/31/313
f 5086/32/313 5087/34/313 5113/33/313
f 5117/36/313 5141/7/313 5125/35/313
f 5108/31/313 5084/37/313 5107/55/313
f 5101/28/312 5102/17/313 5111/14/312
f 5130/39/313 5137/38/312 5138/40/313
f 5127/41/312 5116/42/313 5126/56/313
f 5091/30/313 5092/45/313 5113/33/313
f 5083/26/313 5104/27/313 5144/44/313
f 5093/2/312 5112/3/313 5092/45/313
f 5112/3/313 5098/46/312 5099/15/313
f 5095/47/313 5112/3/313 5094/1/312
f 5096/5/313 5112/3/313 5095/47/313
f 5112/3/313 5097/4/313 5098/46/312
f 5129/19/312 5138/40/313 5139/21/312
f 5131/50/313 5132/57/312 5136/49/313
f 5115/43/312 5127/41/312 5114/51/312
f 5160/1/315 5159/2/316 5178/3/316
f 5163/4/317 5162/5/316 5178/3/316
f 5212/6/316 5207/7/316 5189/8/316
f 5156/9/316 5155/10/317 5154/11/316
f 5185/12/316 5184/13/316 5207/7/316
f 5177/14/316 5165/15/316 5178/3/316
f 5169/16/316 5168/17/316 5176/18/316
f 5195/19/316 5194/20/318 5205/21/316
f 5172/22/316 5171/23/316 5151/24/316
f 5175/25/316 5149/26/317 5170/27/316
f 5177/14/316 5167/28/316 5166/29/317
f 5157/30/316 5156/9/316 5154/11/316
f 5175/25/316 5174/31/316 5149/26/317
f 5152/32/316 5179/33/316 5153/34/319
f 5191/35/316 5207/7/316 5183/36/316
f 5174/31/316 5150/37/316 5149/26/317
f 5167/28/316 5177/14/316 5168/17/316
f 5203/38/316 5196/39/316 5204/40/316
f 5193/41/317 5182/42/317 5181/43/317
f 5157/30/316 5154/11/316 5179/33/316
f 5149/26/317 5210/44/317 5170/27/316
f 5159/2/316 5158/45/316 5178/3/316
f 5178/3/316 5165/15/316 5164/46/316
f 5161/47/316 5160/1/315 5178/3/316
f 5162/5/316 5161/47/316 5178/3/316
f 5178/3/316 5164/46/316 5163/4/317
f 5195/19/316 5204/40/316 5196/39/316
f 5214/48/316 5202/49/316 5197/50/316
f 5181/43/317 5180/51/317 5193/41/317
f 5226/1/320 5244/3/320 5225/2/320
f 5229/4/320 5244/3/320 5228/5/320
f 5254/52/320 5255/8/320 5278/6/320
f 5222/9/321 5220/11/320 5221/10/321
f 5251/12/320 5272/53/321 5277/54/321
f 5243/14/320 5231/15/320 5232/29/320
f 5235/16/320 5236/27/320 5242/18/320
f 5261/19/320 5271/21/320 5260/20/320
f 5238/22/320 5239/55/320 5217/24/320
f 5241/25/320 5236/27/320 5215/26/320
f 5243/14/320 5232/29/320 5233/28/320
f 5223/30/320 5220/11/320 5222/9/321
f 5241/25/320 5215/26/320 5240/31/320
f 5218/32/320 5219/34/321 5245/33/320
f 5249/36/320 5273/7/320 5257/35/320
f 5240/31/320 5216/37/320 5239/55/320
f 5233/28/320 5234/17/320 5243/14/320
f 5262/39/320 5269/38/320 5270/40/320
f 5259/41/320 5248/42/320 5258/56/320
f 5223/30/320 5224/45/321 5245/33/320
f 5215/26/320 5236/27/320 5276/44/320
f 5225/2/320 5244/3/320 5224/45/321
f 5244/3/320 5230/46/320 5231/15/320
f 5227/47/321 5244/3/320 5226/1/320
f 5228/5/320 5244/3/320 5227/47/321
f 5244/3/320 5229/4/320 5230/46/320
f 5261/19/320 5270/40/320 5271/21/320
f 5263/50/320 5264/57/320 5268/49/320
f 5247/43/320 5259/41/320 5246/51/320
f 43/35/2 42/58/4 59/7/2
f 42/58/4 41/8/4 59/7/2
f 41/8/4 40/52/4 64/6/1
f 40/52/4 39/59/2 64/6/1
f 39/59/2 38/60/2 65/61/1
f 65/61/1 64/6/1 39/59/2
f 35/36/1 59/7/2 36/13/1
f 59/7/2 63/54/4 37/12/2
f 63/54/4 58/53/4 37/12/2
f 29/14/4 18/29/1 17/15/4
f 29/14/4 28/18/2 20/17/4
f 28/18/2 27/25/2 22/27/2
f 21/16/4 28/18/2 22/27/2
f 61/62/2 3/24/1 23/23/1
f 3/24/1 2/37/2 25/55/2
f 24/22/1 3/24/1 25/55/2
f 34/42/4 44/56/2 35/36/1
f 44/56/2 43/35/2 35/36/1
f 26/31/2 25/55/2 2/37/2
f 55/38/2 49/50/1 48/39/2
f 45/41/1 44/56/2 34/42/4
f 5/34/5 31/33/1 6/11/2
f 31/33/1 30/3/2 10/45/2
f 9/30/4 31/33/1 10/45/2
f 47/19/1 57/21/3 56/40/2
f 52/63/322 51/64/2 54/49/2
f 51/64/2 50/57/2 54/49/2
f 52/63/322 54/49/2 53/65/323
f 50/57/2 49/50/1 54/49/2
f 49/50/1 55/38/2 60/66/2
f 66/48/1 49/50/1 60/66/2
f 107/8/6 108/58/7 125/7/6
f 108/58/7 109/35/6 125/7/6
f 125/7/6 130/6/6 107/8/6
f 130/6/6 131/61/6 105/59/6
f 131/61/6 104/60/6 105/59/6
f 105/59/6 106/52/7 130/6/6
f 129/54/7 125/7/6 103/12/6
f 125/7/6 101/36/6 102/13/6
f 103/12/6 125/7/6 102/13/6
f 95/14/7 96/3/6 83/15/6
f 93/25/6 94/18/6 88/27/7
f 94/18/6 95/14/7 86/17/6
f 87/16/6 94/18/6 86/17/6
f 68/37/7 69/24/7 91/55/7
f 69/24/7 127/62/7 89/23/6
f 90/22/6 69/24/7 89/23/6
f 109/35/6 110/56/6 101/36/6
f 110/56/6 100/42/6 101/36/6
f 92/31/6 67/26/6 68/37/7
f 114/39/6 115/50/6 121/38/6
f 111/41/6 99/43/6 100/42/6
f 96/3/6 97/33/6 76/45/6
f 97/33/6 71/34/6 72/11/6
f 75/30/6 97/33/6 72/11/6
f 113/19/7 114/39/6 122/40/6
f 116/57/6 117/64/6 120/49/6
f 117/64/6 118/63/7 120/49/6
f 118/63/7 119/65/6 120/49/6
f 120/49/6 132/48/6 115/50/6
f 132/48/6 126/66/6 115/50/6
f 126/66/6 121/38/6 115/50/6
f 175/35/8 174/58/8 191/7/8
f 174/58/8 173/8/8 191/7/8
f 173/8/8 172/52/9 196/6/8
f 172/52/9 171/59/8 196/6/8
f 171/59/8 170/60/324 197/61/8
f 197/61/8 196/6/8 171/59/8
f 167/36/8 191/7/8 168/13/8
f 191/7/8 195/54/8 169/12/8
f 195/54/8 190/53/8 169/12/8
f 161/14/9 150/29/11 149/15/9
f 161/14/9 160/18/9 152/17/9
f 160/18/9 159/25/8 154/27/8
f 153/16/8 160/18/9 154/27/8
f 193/62/8 135/24/8 155/23/8
f 135/24/8 134/37/9 157/55/8
f 156/22/8 135/24/8 157/55/8
f 166/42/8 176/56/8 167/36/8
f 176/56/8 175/35/8 167/36/8
f 158/31/9 157/55/8 134/37/9
f 187/38/8 181/50/8 180/39/8
f 177/41/9 176/56/8 166/42/8
f 137/34/9 163/33/13 138/11/9
f 163/33/13 162/3/8 142/45/13
f 141/30/10 163/33/13 142/45/13
f 179/19/9 189/21/8 188/40/8
f 184/63/9 183/64/10 186/49/8
f 183/64/10 182/57/8 186/49/8
f 184/63/9 186/49/8 185/65/10
f 182/57/8 181/50/8 186/49/8
f 181/50/8 187/38/8 192/66/9
f 198/48/8 181/50/8 192/66/9
f 239/8/14 240/58/14 257/7/15
f 240/58/14 241/35/14 257/7/15
f 257/7/15 262/6/14 239/8/14
f 262/6/14 263/61/14 237/59/14
f 263/61/14 236/60/16 237/59/14
f 237/59/14 238/52/17 262/6/14
f 261/54/16 257/7/15 235/12/15
f 257/7/15 233/36/14 234/13/14
f 235/12/15 257/7/15 234/13/14
f 227/14/17 228/3/14 215/15/17
f 225/25/15 226/18/17 220/27/15
f 226/18/17 227/14/17 218/17/15
f 219/16/15 226/18/17 218/17/15
f 200/37/14 201/24/14 223/55/14
f 201/24/14 259/62/14 221/23/14
f 222/22/14 201/24/14 221/23/14
f 241/35/14 242/56/14 233/36/14
f 242/56/14 232/42/17 233/36/14
f 224/31/17 199/26/16 200/37/14
f 246/39/17 247/50/14 253/38/14
f 243/41/15 231/43/15 232/42/17
f 228/3/14 229/33/16 208/45/14
f 229/33/16 203/34/19 204/11/15
f 207/30/16 229/33/16 204/11/15
f 245/19/15 246/39/17 254/40/14
f 248/57/17 249/64/16 252/49/17
f 249/64/16 250/63/14 252/49/17
f 250/63/14 251/65/325 252/49/17
f 252/49/17 264/48/14 247/50/14
f 264/48/14 258/66/14 247/50/14
f 258/66/14 253/38/14 247/50/14
f 307/35/22 306/58/20 323/7/22
f 306/58/20 305/8/22 323/7/22
f 305/8/22 304/52/22 328/6/22
f 304/52/22 303/59/22 328/6/22
f 303/59/22 302/60/20 329/61/22
f 329/61/22 328/6/22 303/59/22
f 299/36/22 323/7/22 300/13/22
f 323/7/22 327/54/22 301/12/22
f 327/54/22 322/53/22 301/12/22
f 293/14/22 282/29/22 281/15/22
f 293/14/22 292/18/20 284/17/22
f 292/18/20 291/25/22 286/27/20
f 285/16/20 292/18/20 286/27/20
f 325/62/22 267/24/22 287/23/22
f 267/24/22 266/37/22 289/55/22
f 288/22/22 267/24/22 289/55/22
f 298/42/22 308/56/22 299/36/22
f 308/56/22 307/35/22 299/36/22
f 290/31/22 289/55/22 266/37/22
f 319/38/22 313/50/22 312/39/20
f 309/41/20 308/56/22 298/42/22
f 269/34/23 295/33/22 270/11/22
f 295/33/22 294/3/22 274/45/22
f 273/30/22 295/33/22 274/45/22
f 311/19/22 321/21/20 320/40/20
f 316/63/326 315/64/22 318/49/22
f 315/64/22 314/57/22 318/49/22
f 316/63/326 318/49/22 317/65/22
f 314/57/22 313/50/22 318/49/22
f 313/50/22 319/38/22 324/66/22
f 330/48/22 313/50/22 324/66/22
f 371/8/24 372/58/25 389/7/24
f 372/58/25 373/35/24 389/7/24
f 389/7/24 394/6/24 371/8/24
f 394/6/24 395/61/24 369/59/24
f 395/61/24 368/60/28 369/59/24
f 369/59/24 370/52/24 394/6/24
f 393/54/27 389/7/24 367/12/24
f 389/7/24 365/36/24 366/13/24
f 367/12/24 389/7/24 366/13/24
f 359/14/25 360/3/25 347/15/24
f 357/25/24 358/18/24 352/27/24
f 358/18/24 359/14/25 350/17/27
f 351/16/24 358/18/24 350/17/27
f 332/37/24 333/24/24 355/55/24
f 333/24/24 391/62/25 353/23/25
f 354/22/24 333/24/24 353/23/25
f 373/35/24 374/56/24 365/36/24
f 374/56/24 364/42/24 365/36/24
f 356/31/29 331/26/24 332/37/24
f 378/39/24 379/50/24 385/38/24
f 375/41/27 363/43/27 364/42/24
f 360/3/25 361/33/24 340/45/24
f 361/33/24 335/34/30 336/11/24
f 339/30/25 361/33/24 336/11/24
f 377/19/24 378/39/24 386/40/24
f 380/57/25 381/64/25 384/49/24
f 381/64/25 382/63/28 384/49/24
f 382/63/28 383/65/24 384/49/24
f 384/49/24 396/48/24 379/50/24
f 396/48/24 390/66/25 379/50/24
f 390/66/25 385/38/24 379/50/24
f 439/35/33 438/58/34 455/7/31
f 438/58/34 437/8/34 455/7/31
f 437/8/34 436/52/33 460/6/33
f 436/52/33 435/59/34 460/6/33
f 435/59/34 434/60/34 461/61/32
f 461/61/32 460/6/33 435/59/34
f 431/36/33 455/7/31 432/13/33
f 455/7/31 459/54/31 433/12/33
f 459/54/31 454/53/31 433/12/33
f 425/14/34 414/29/33 413/15/31
f 425/14/34 424/18/33 416/17/33
f 424/18/33 423/25/31 418/27/31
f 417/16/33 424/18/33 418/27/31
f 457/62/36 399/24/35 419/23/36
f 399/24/35 398/37/31 421/55/31
f 420/22/35 399/24/35 421/55/31
f 430/42/31 440/56/33 431/36/33
f 440/56/33 439/35/33 431/36/33
f 422/31/31 421/55/31 398/37/31
f 451/38/32 445/50/31 444/39/31
f 441/41/34 440/56/33 430/42/31
f 401/34/32 427/33/31 402/11/33
f 427/33/31 426/3/31 406/45/33
f 405/30/31 427/33/31 406/45/33
f 443/19/31 453/21/34 452/40/31
f 448/63/327 447/64/33 450/49/31
f 447/64/33 446/57/33 450/49/31
f 448/63/327 450/49/31 449/65/31
f 446/57/33 445/50/31 450/49/31
f 445/50/31 451/38/32 456/66/36
f 462/48/33 445/50/31 456/66/36
f 503/8/38 504/58/41 521/7/38
f 504/58/41 505/35/38 521/7/38
f 521/7/38 526/6/38 503/8/38
f 526/6/38 527/61/38 501/59/38
f 527/61/38 500/60/40 501/59/38
f 501/59/38 502/52/38 526/6/38
f 525/54/41 521/7/38 499/12/41
f 521/7/38 497/36/38 498/13/38
f 499/12/41 521/7/38 498/13/38
f 491/14/41 492/3/38 479/15/41
f 489/25/38 490/18/38 484/27/38
f 490/18/38 491/14/41 482/17/41
f 483/16/38 490/18/38 482/17/41
f 464/37/38 465/24/38 487/55/38
f 465/24/38 523/62/38 485/23/38
f 486/22/38 465/24/38 485/23/38
f 505/35/38 506/56/41 497/36/38
f 506/56/41 496/42/41 497/36/38
f 488/31/41 463/26/41 464/37/38
f 510/39/41 511/50/38 517/38/38
f 507/41/38 495/43/38 496/42/41
f 492/3/38 493/33/41 472/45/38
f 493/33/41 467/34/42 468/11/41
f 471/30/41 493/33/41 468/11/41
f 509/19/41 510/39/41 518/40/41
f 512/57/37 513/64/37 516/49/38
f 513/64/37 514/63/41 516/49/38
f 514/63/41 515/65/328 516/49/38
f 516/49/38 528/48/38 511/50/38
f 528/48/38 522/66/38 511/50/38
f 522/66/38 517/38/38 511/50/38
f 571/35/43 570/58/46 587/7/43
f 570/58/46 569/8/44 587/7/43
f 569/8/44 568/52/44 592/6/45
f 568/52/44 567/59/43 592/6/45
f 567/59/43 566/60/44 593/61/46
f 593/61/46 592/6/45 567/59/43
f 563/36/43 587/7/43 564/13/45
f 587/7/43 591/54/43 565/12/43
f 591/54/43 586/53/44 565/12/43
f 557/14/43 546/29/46 545/15/43
f 557/14/43 556/18/45 548/17/45
f 556/18/45 555/25/43 550/27/43
f 549/16/43 556/18/45 550/27/43
f 589/62/45 531/24/43 551/23/43
f 531/24/43 530/37/43 553/55/43
f 552/22/43 531/24/43 553/55/43
f 562/42/45 572/56/45 563/36/43
f 572/56/45 571/35/43 563/36/43
f 554/31/43 553/55/43 530/37/43
f 583/38/43 577/50/43 576/39/44
f 573/41/44 572/56/45 562/42/45
f 533/34/45 559/33/44 534/11/44
f 559/33/44 558/3/43 538/45/45
f 537/30/44 559/33/44 538/45/45
f 575/19/43 585/21/43 584/40/44
f 580/63/43 579/64/44 582/49/43
f 579/64/44 578/57/44 582/49/43
f 580/63/43 582/49/43 581/65/44
f 578/57/44 577/50/43 582/49/43
f 577/50/43 583/38/43 588/66/43
f 594/48/45 577/50/43 588/66/43
f 635/8/47 636/58/47 653/7/47
f 636/58/47 637/35/47 653/7/47
f 653/7/47 658/6/47 635/8/47
f 658/6/47 659/61/49 633/59/47
f 659/61/49 632/60/47 633/59/47
f 633/59/47 634/52/47 658/6/47
f 657/54/47 653/7/47 631/12/49
f 653/7/47 629/36/47 630/13/49
f 631/12/49 653/7/47 630/13/49
f 623/14/49 624/3/47 611/15/47
f 621/25/47 622/18/49 616/27/47
f 622/18/49 623/14/49 614/17/47
f 615/16/49 622/18/49 614/17/47
f 596/37/47 597/24/47 619/55/47
f 597/24/47 655/62/47 617/23/47
f 618/22/47 597/24/47 617/23/47
f 637/35/47 638/56/47 629/36/47
f 638/56/47 628/42/49 629/36/47
f 620/31/47 595/26/49 596/37/47
f 642/39/49 643/50/47 649/38/49
f 639/41/47 627/43/47 628/42/49
f 624/3/47 625/33/47 604/45/47
f 625/33/47 599/34/49 600/11/47
f 603/30/49 625/33/47 600/11/47
f 641/19/47 642/39/49 650/40/49
f 644/57/49 645/64/49 648/49/47
f 645/64/49 646/63/49 648/49/47
f 646/63/49 647/65/329 648/49/47
f 648/49/47 660/48/47 643/50/47
f 660/48/47 654/66/47 643/50/47
f 654/66/47 649/38/49 643/50/47
f 703/35/52 702/58/52 719/7/52
f 702/58/52 701/8/52 719/7/52
f 701/8/52 700/52/53 724/6/52
f 700/52/53 699/59/53 724/6/52
f 699/59/53 698/60/330 725/61/52
f 725/61/52 724/6/52 699/59/53
f 695/36/52 719/7/52 696/13/52
f 719/7/52 723/54/52 697/12/52
f 723/54/52 718/53/52 697/12/52
f 689/14/52 678/29/52 677/15/52
f 689/14/52 688/18/52 680/17/52
f 688/18/52 687/25/52 682/27/52
f 681/16/52 688/18/52 682/27/52
f 721/62/52 663/24/52 683/23/52
f 663/24/52 662/37/53 685/55/52
f 684/22/52 663/24/52 685/55/52
f 694/42/52 704/56/52 695/36/52
f 704/56/52 703/35/52 695/36/52
f 686/31/52 685/55/52 662/37/53
f 715/38/52 709/50/52 708/39/52
f 705/41/52 704/56/52 694/42/52
f 665/34/54 691/33/51 666/11/52
f 691/33/51 690/3/52 670/45/52
f 669/30/52 691/33/51 670/45/52
f 707/19/53 717/21/53 716/40/52
f 712/63/52 711/64/52 714/49/52
f 711/64/52 710/57/52 714/49/52
f 712/63/52 714/49/52 713/65/54
f 710/57/52 709/50/52 714/49/52
f 709/50/52 715/38/52 720/66/52
f 726/48/52 709/50/52 720/66/52
f 767/8/55 768/58/56 785/7/55
f 768/58/56 769/35/55 785/7/55
f 785/7/55 790/6/55 767/8/55
f 790/6/55 791/61/56 765/59/56
f 791/61/56 764/60/56 765/59/56
f 765/59/56 766/52/55 790/6/55
f 789/54/56 785/7/55 763/12/56
f 785/7/55 761/36/55 762/13/56
f 763/12/56 785/7/55 762/13/56
f 755/14/56 756/3/56 743/15/56
f 753/25/55 754/18/56 748/27/55
f 754/18/56 755/14/56 746/17/55
f 747/16/56 754/18/56 746/17/55
f 728/37/56 729/24/55 751/55/56
f 729/24/55 787/62/55 749/23/55
f 750/22/55 729/24/55 749/23/55
f 769/35/55 770/56/55 761/36/55
f 770/56/55 760/42/55 761/36/55
f 752/31/55 727/26/55 728/37/56
f 774/39/55 775/50/55 781/38/55
f 771/41/55 759/43/55 760/42/55
f 756/3/56 757/33/55 736/45/56
f 757/33/55 731/34/58 732/11/55
f 735/30/57 757/33/55 732/11/55
f 773/19/56 774/39/55 782/40/55
f 776/57/56 777/64/56 780/49/55
f 777/64/56 778/63/57 780/49/55
f 778/63/57 779/65/331 780/49/55
f 780/49/55 792/48/55 775/50/55
f 792/48/55 786/66/55 775/50/55
f 786/66/55 781/38/55 775/50/55
f 835/35/59 834/58/59 851/7/59
f 834/58/59 833/8/59 851/7/59
f 833/8/59 832/52/60 856/6/59
f 832/52/60 831/59/59 856/6/59
f 831/59/59 830/60/59 857/61/59
f 857/61/59 856/6/59 831/59/59
f 827/36/59 851/7/59 828/13/59
f 851/7/59 855/54/60 829/12/59
f 855/54/60 850/53/60 829/12/59
f 821/14/60 810/29/59 809/15/59
f 821/14/60 820/18/59 812/17/59
f 820/18/59 819/25/59 814/27/59
f 813/16/59 820/18/59 814/27/59
f 853/62/59 795/24/59 815/23/59
f 795/24/59 794/37/59 817/55/59
f 816/22/59 795/24/59 817/55/59
f 826/42/59 836/56/59 827/36/59
f 836/56/59 835/35/59 827/36/59
f 818/31/60 817/55/59 794/37/59
f 847/38/59 841/50/59 840/39/59
f 837/41/59 836/56/59 826/42/59
f 797/34/60 823/33/59 798/11/59
f 823/33/59 822/3/59 802/45/59
f 801/30/59 823/33/59 802/45/59
f 839/19/60 849/21/60 848/40/60
f 844/63/60 843/64/60 846/49/59
f 843/64/60 842/57/59 846/49/59
f 844/63/60 846/49/59 845/65/59
f 842/57/59 841/50/59 846/49/59
f 841/50/59 847/38/59 852/66/59
f 858/48/59 841/50/59 852/66/59
f 899/8/62 900/58/62 917/7/62
f 900/58/62 901/35/62 917/7/62
f 917/7/62 922/6/62 899/8/62
f 922/6/62 923/61/62 897/59/62
f 923/61/62 896/60/62 897/59/62
f 897/59/62 898/52/62 922/6/62
f 921/54/62 917/7/62 895/12/63
f 917/7/62 893/36/62 894/13/63
f 895/12/63 917/7/62 894/13/63
f 887/14/63 888/3/62 875/15/62
f 885/25/63 886/18/62 880/27/63
f 886/18/62 887/14/63 878/17/62
f 879/16/62 886/18/62 878/17/62
f 860/37/62 861/24/62 883/55/62
f 861/24/62 919/62/63 881/23/63
f 882/22/63 861/24/62 881/23/63
f 901/35/62 902/56/62 893/36/62
f 902/56/62 892/42/62 893/36/62
f 884/31/62 859/26/62 860/37/62
f 906/39/63 907/50/62 913/38/62
f 903/41/62 891/43/62 892/42/62
f 888/3/62 889/33/62 868/45/63
f 889/33/62 863/34/61 864/11/63
f 867/30/62 889/33/62 864/11/63
f 905/19/63 906/39/63 914/40/63
f 908/57/62 909/64/63 912/49/63
f 909/64/63 910/63/62 912/49/63
f 910/63/62 911/65/332 912/49/63
f 912/49/63 924/48/63 907/50/62
f 924/48/63 918/66/62 907/50/62
f 918/66/62 913/38/62 907/50/62
f 967/35/65 966/58/68 983/7/65
f 966/58/68 965/8/65 983/7/65
f 965/8/65 964/52/65 988/6/65
f 964/52/65 963/59/68 988/6/65
f 963/59/68 962/60/68 989/61/65
f 989/61/65 988/6/65 963/59/68
f 959/36/65 983/7/65 960/13/65
f 983/7/65 987/54/67 961/12/65
f 987/54/67 982/53/67 961/12/65
f 953/14/65 942/29/67 941/15/65
f 953/14/65 952/18/65 944/17/67
f 952/18/65 951/25/65 946/27/65
f 945/16/65 952/18/65 946/27/65
f 985/62/65 927/24/65 947/23/65
f 927/24/65 926/37/65 949/55/65
f 948/22/65 927/24/65 949/55/65
f 958/42/65 968/56/65 959/36/65
f 968/56/65 967/35/65 959/36/65
f 950/31/65 949/55/65 926/37/65
f 979/38/65 973/50/65 972/39/65
f 969/41/65 968/56/65 958/42/65
f 929/34/68 955/33/67 930/11/65
f 955/33/67 954/3/65 934/45/68
f 933/30/67 955/33/67 934/45/68
f 971/19/65 981/21/65 980/40/65
f 976/63/66 975/64/68 978/49/65
f 975/64/68 974/57/65 978/49/65
f 976/63/66 978/49/65 977/65/65
f 974/57/65 973/50/65 978/49/65
f 973/50/65 979/38/65 984/66/65
f 990/48/65 973/50/65 984/66/65
f 1031/8/70 1032/58/70 1049/7/70
f 1032/58/70 1033/35/70 1049/7/70
f 1049/7/70 1054/6/70 1031/8/70
f 1054/6/70 1055/61/70 1029/59/70
f 1055/61/70 1028/60/69 1029/59/70
f 1029/59/70 1030/52/70 1054/6/70
f 1053/54/70 1049/7/70 1027/12/70
f 1049/7/70 1025/36/70 1026/13/70
f 1027/12/70 1049/7/70 1026/13/70
f 1019/14/70 1020/3/70 1007/15/69
f 1017/25/70 1018/18/70 1012/27/69
f 1018/18/70 1019/14/70 1010/17/69
f 1011/16/70 1018/18/70 1010/17/69
f 992/37/70 993/24/70 1015/55/70
f 993/24/70 1051/62/70 1013/23/70
f 1014/22/70 993/24/70 1013/23/70
f 1033/35/70 1034/56/70 1025/36/70
f 1034/56/70 1024/42/70 1025/36/70
f 1016/31/70 991/26/70 992/37/70
f 1038/39/69 1039/50/70 1045/38/70
f 1035/41/69 1023/43/69 1024/42/70
f 1020/3/70 1021/33/69 1000/45/69
f 1021/33/69 995/34/70 996/11/70
f 999/30/69 1021/33/69 996/11/70
f 1037/19/69 1038/39/69 1046/40/69
f 1040/57/70 1041/64/70 1044/49/69
f 1041/64/70 1042/63/69 1044/49/69
f 1042/63/69 1043/65/333 1044/49/69
f 1044/49/69 1056/48/69 1039/50/70
f 1056/48/69 1050/66/70 1039/50/70
f 1050/66/70 1045/38/70 1039/50/70
f 1099/35/71 1098/58/71 1115/7/71
f 1098/58/71 1097/8/71 1115/7/71
f 1097/8/71 1096/52/71 1120/6/71
f 1096/52/71 1095/59/71 1120/6/71
f 1095/59/71 1094/60/71 1121/61/71
f 1121/61/71 1120/6/71 1095/59/71
f 1091/36/71 1115/7/71 1092/13/71
f 1115/7/71 1119/54/71 1093/12/71
f 1119/54/71 1114/53/71 1093/12/71
f 1085/14/72 1074/29/71 1073/15/71
f 1085/14/72 1084/18/71 1076/17/71
f 1084/18/71 1083/25/71 1078/27/71
f 1077/16/71 1084/18/71 1078/27/71
f 1117/62/71 1059/24/71 1079/23/71
f 1059/24/71 1058/37/71 1081/55/71
f 1080/22/71 1059/24/71 1081/55/71
f 1090/42/71 1100/56/71 1091/36/71
f 1100/56/71 1099/35/71 1091/36/71
f 1082/31/71 1081/55/71 1058/37/71
f 1111/38/71 1105/50/71 1104/39/71
f 1101/41/71 1100/56/71 1090/42/71
f 1061/34/71 1087/33/72 1062/11/71
f 1087/33/72 1086/3/71 1066/45/72
f 1065/30/72 1087/33/72 1066/45/72
f 1103/19/72 1113/21/72 1112/40/72
f 1108/63/72 1107/64/71 1110/49/71
f 1107/64/71 1106/57/71 1110/49/71
f 1108/63/72 1110/49/71 1109/65/72
f 1106/57/71 1105/50/71 1110/49/71
f 1105/50/71 1111/38/71 1116/66/71
f 1122/48/71 1105/50/71 1116/66/71
f 1163/8/73 1164/58/73 1181/7/73
f 1164/58/73 1165/35/73 1181/7/73
f 1181/7/73 1186/6/73 1163/8/73
f 1186/6/73 1187/61/73 1161/59/73
f 1187/61/73 1160/60/73 1161/59/73
f 1161/59/73 1162/52/73 1186/6/73
f 1185/54/74 1181/7/73 1159/12/73
f 1181/7/73 1157/36/73 1158/13/73
f 1159/12/73 1181/7/73 1158/13/73
f 1151/14/74 1152/3/73 1139/15/73
f 1149/25/73 1150/18/73 1144/27/73
f 1150/18/73 1151/14/74 1142/17/73
f 1143/16/73 1150/18/73 1142/17/73
f 1124/37/73 1125/24/73 1147/55/73
f 1125/24/73 1183/62/73 1145/23/74
f 1146/22/73 1125/24/73 1145/23/74
f 1165/35/73 1166/56/73 1157/36/73
f 1166/56/73 1156/42/73 1157/36/73
f 1148/31/73 1123/26/73 1124/37/73
f 1170/39/73 1171/50/73 1177/38/73
f 1167/41/74 1155/43/74 1156/42/73
f 1152/3/73 1153/33/74 1132/45/73
f 1153/33/74 1127/34/74 1128/11/73
f 1131/30/73 1153/33/74 1128/11/73
f 1169/19/73 1170/39/73 1178/40/73
f 1172/57/73 1173/64/73 1176/49/73
f 1173/64/73 1174/63/73 1176/49/73
f 1174/63/73 1175/65/74 1176/49/73
f 1176/49/73 1188/48/74 1171/50/73
f 1188/48/74 1182/66/73 1171/50/73
f 1182/66/73 1177/38/73 1171/50/73
f 1231/35/75 1230/58/75 1247/7/75
f 1230/58/75 1229/8/75 1247/7/75
f 1229/8/75 1228/52/75 1252/6/75
f 1228/52/75 1227/59/75 1252/6/75
f 1227/59/75 1226/60/75 1253/61/75
f 1253/61/75 1252/6/75 1227/59/75
f 1223/36/75 1247/7/75 1224/13/76
f 1247/7/75 1251/54/76 1225/12/76
f 1251/54/76 1246/53/76 1225/12/76
f 1217/14/75 1206/29/75 1205/15/75
f 1217/14/75 1216/18/75 1208/17/76
f 1216/18/75 1215/25/76 1210/27/76
f 1209/16/76 1216/18/75 1210/27/76
f 1249/62/75 1191/24/76 1211/23/76
f 1191/24/76 1190/37/75 1213/55/75
f 1212/22/76 1191/24/76 1213/55/75
f 1222/42/75 1232/56/76 1223/36/75
f 1232/56/76 1231/35/75 1223/36/75
f 1214/31/75 1213/55/75 1190/37/75
f 1243/38/76 1237/50/75 1236/39/76
f 1233/41/75 1232/56/76 1222/42/75
f 1193/34/77 1219/33/75 1194/11/75
f 1219/33/75 1218/3/75 1198/45/75
f 1197/30/76 1219/33/75 1198/45/75
f 1235/19/76 1245/21/76 1244/40/76
f 1240/63/76 1239/64/76 1242/49/76
f 1239/64/76 1238/57/76 1242/49/76
f 1240/63/76 1242/49/76 1241/65/334
f 1238/57/76 1237/50/75 1242/49/76
f 1237/50/75 1243/38/76 1248/66/75
f 1254/48/76 1237/50/75 1248/66/75
f 1295/8/80 1296/58/80 1313/7/79
f 1296/58/80 1297/35/79 1313/7/79
f 1313/7/79 1318/6/79 1295/8/80
f 1318/6/79 1319/61/79 1293/59/80
f 1319/61/79 1292/60/80 1293/59/80
f 1293/59/80 1294/52/79 1318/6/79
f 1317/54/80 1313/7/79 1291/12/79
f 1313/7/79 1289/36/79 1290/13/79
f 1291/12/79 1313/7/79 1290/13/79
f 1283/14/79 1284/3/79 1271/15/79
f 1281/25/79 1282/18/79 1276/27/79
f 1282/18/79 1283/14/79 1274/17/79
f 1275/16/79 1282/18/79 1274/17/79
f 1256/37/79 1257/24/79 1279/55/79
f 1257/24/79 1315/62/79 1277/23/79
f 1278/22/79 1257/24/79 1277/23/79
f 1297/35/79 1298/56/79 1289/36/79
f 1298/56/79 1288/42/79 1289/36/79
f 1280/31/79 1255/26/79 1256/37/79
f 1302/39/79 1303/50/79 1309/38/79
f 1299/41/79 1287/43/79 1288/42/79
f 1284/3/79 1285/33/78 1264/45/79
f 1285/33/78 1259/34/79 1260/11/79
f 1263/30/82 1285/33/78 1260/11/79
f 1301/19/79 1302/39/79 1310/40/79
f 1304/57/79 1305/64/79 1308/49/80
f 1305/64/79 1306/63/78 1308/49/80
f 1306/63/78 1307/65/335 1308/49/80
f 1308/49/80 1320/48/79 1303/50/79
f 1320/48/79 1314/66/78 1303/50/79
f 1314/66/78 1309/38/79 1303/50/79
f 1363/35/83 1362/58/84 1379/7/83
f 1362/58/84 1361/8/83 1379/7/83
f 1361/8/83 1360/52/83 1384/6/83
f 1360/52/83 1359/59/84 1384/6/83
f 1359/59/84 1358/60/83 1385/61/83
f 1385/61/83 1384/6/83 1359/59/84
f 1355/36/83 1379/7/83 1356/13/83
f 1379/7/83 1383/54/83 1357/12/83
f 1383/54/83 1378/53/83 1357/12/83
f 1349/14/83 1338/29/83 1337/15/84
f 1349/14/83 1348/18/83 1340/17/84
f 1348/18/83 1347/25/83 1342/27/84
f 1341/16/83 1348/18/83 1342/27/84
f 1381/62/83 1323/24/83 1343/23/83
f 1323/24/83 1322/37/84 1345/55/84
f 1344/22/84 1323/24/83 1345/55/84
f 1354/42/83 1364/56/83 1355/36/83
f 1364/56/83 1363/35/83 1355/36/83
f 1346/31/83 1345/55/84 1322/37/84
f 1375/38/83 1369/50/83 1368/39/84
f 1365/41/83 1364/56/83 1354/42/83
f 1325/34/85 1351/33/84 1326/11/84
f 1351/33/84 1350/3/84 1330/45/84
f 1329/30/83 1351/33/84 1330/45/84
f 1367/19/83 1377/21/83 1376/40/84
f 1372/63/84 1371/64/83 1374/49/83
f 1371/64/83 1370/57/83 1374/49/83
f 1372/63/84 1374/49/83 1373/65/336
f 1370/57/83 1369/50/83 1374/49/83
f 1369/50/83 1375/38/83 1380/66/337
f 1386/48/83 1369/50/83 1380/66/337
f 1427/8/86 1428/58/86 1445/7/86
f 1428/58/86 1429/35/86 1445/7/86
f 1445/7/86 1450/6/86 1427/8/86
f 1450/6/86 1451/61/86 1425/59/86
f 1451/61/86 1424/60/88 1425/59/86
f 1425/59/86 1426/52/87 1450/6/86
f 1449/54/87 1445/7/86 1423/12/86
f 1445/7/86 1421/36/86 1422/13/86
f 1423/12/86 1445/7/86 1422/13/86
f 1415/14/86 1416/3/86 1403/15/86
f 1413/25/86 1414/18/87 1408/27/87
f 1414/18/87 1415/14/86 1406/17/86
f 1407/16/87 1414/18/87 1406/17/86
f 1388/37/86 1389/24/86 1411/55/86
f 1389/24/86 1447/62/86 1409/23/86
f 1410/22/86 1389/24/86 1409/23/86
f 1429/35/86 1430/56/86 1421/36/86
f 1430/56/86 1420/42/86 1421/36/86
f 1412/31/86 1387/26/86 1388/37/86
f 1434/39/86 1435/50/86 1441/38/86
f 1431/41/86 1419/43/86 1420/42/86
f 1416/3/86 1417/33/86 1396/45/86
f 1417/33/86 1391/34/88 1392/11/86
f 1395/30/86 1417/33/86 1392/11/86
f 1433/19/86 1434/39/86 1442/40/86
f 1436/57/87 1437/64/87 1440/49/86
f 1437/64/87 1438/63/338 1440/49/86
f 1438/63/338 1439/65/339 1440/49/86
f 1440/49/86 1452/48/86 1435/50/86
f 1452/48/86 1446/66/87 1435/50/86
f 1446/66/87 1441/38/86 1435/50/86
f 1495/35/90 1494/58/90 1511/7/90
f 1494/58/90 1493/8/90 1511/7/90
f 1493/8/90 1492/52/90 1516/6/90
f 1492/52/90 1491/59/91 1516/6/90
f 1491/59/91 1490/60/89 1517/61/90
f 1517/61/90 1516/6/90 1491/59/91
f 1487/36/90 1511/7/90 1488/13/92
f 1511/7/90 1515/54/92 1489/12/92
f 1515/54/92 1510/53/91 1489/12/92
f 1481/14/92 1470/29/90 1469/15/90
f 1481/14/92 1480/18/90 1472/17/92
f 1480/18/90 1479/25/92 1474/27/89
f 1473/16/90 1480/18/90 1474/27/89
f 1513/62/90 1455/24/90 1475/23/89
f 1455/24/90 1454/37/90 1477/55/90
f 1476/22/91 1455/24/90 1477/55/90
f 1486/42/90 1496/56/90 1487/36/90
f 1496/56/90 1495/35/90 1487/36/90
f 1478/31/92 1477/55/90 1454/37/90
f 1507/38/91 1501/50/90 1500/39/91
f 1497/41/91 1496/56/90 1486/42/90
f 1457/34/89 1483/33/92 1458/11/91
f 1483/33/92 1482/3/90 1462/45/92
f 1461/30/90 1483/33/92 1462/45/92
f 1499/19/91 1509/21/91 1508/40/91
f 1504/63/89 1503/64/90 1506/49/90
f 1503/64/90 1502/57/90 1506/49/90
f 1504/63/89 1506/49/90 1505/65/340
f 1502/57/90 1501/50/90 1506/49/90
f 1501/50/90 1507/38/91 1512/66/89
f 1518/48/90 1501/50/90 1512/66/89
f 1559/8/94 1560/58/94 1577/7/94
f 1560/58/94 1561/35/94 1577/7/94
f 1577/7/94 1582/6/94 1559/8/94
f 1582/6/94 1583/61/94 1557/59/94
f 1583/61/94 1556/60/95 1557/59/94
f 1557/59/94 1558/52/94 1582/6/94
f 1581/54/94 1577/7/94 1555/12/94
f 1577/7/94 1553/36/94 1554/13/94
f 1555/12/94 1577/7/94 1554/13/94
f 1547/14/94 1548/3/94 1535/15/94
f 1545/25/95 1546/18/94 1540/27/95
f 1546/18/94 1547/14/94 1538/17/95
f 1539/16/94 1546/18/94 1538/17/95
f 1520/37/95 1521/24/94 1543/55/95
f 1521/24/94 1579/62/94 1541/23/94
f 1542/22/94 1521/24/94 1541/23/94
f 1561/35/94 1562/56/94 1553/36/94
f 1562/56/94 1552/42/94 1553/36/94
f 1544/31/94 1519/26/94 1520/37/95
f 1566/39/94 1567/50/94 1573/38/94
f 1563/41/94 1551/43/94 1552/42/94
f 1548/3/94 1549/33/94 1528/45/94
f 1549/33/94 1523/34/97 1524/11/94
f 1527/30/94 1549/33/94 1524/11/94
f 1565/19/94 1566/39/94 1574/40/94
f 1568/57/95 1569/64/95 1572/49/94
f 1569/64/95 1570/63/95 1572/49/94
f 1570/63/95 1571/65/341 1572/49/94
f 1572/49/94 1584/48/94 1567/50/94
f 1584/48/94 1578/66/93 1567/50/94
f 1578/66/93 1573/38/94 1567/50/94
f 1627/35/100 1626/58/100 1643/7/100
f 1626/58/100 1625/8/100 1643/7/100
f 1625/8/100 1624/52/100 1648/6/100
f 1624/52/100 1623/59/100 1648/6/100
f 1623/59/100 1622/60/100 1649/61/101
f 1649/61/101 1648/6/100 1623/59/100
f 1619/36/101 1643/7/100 1620/13/101
f 1643/7/100 1647/54/100 1621/12/100
f 1647/54/100 1642/53/100 1621/12/100
f 1613/14/100 1602/29/101 1601/15/101
f 1613/14/100 1612/18/100 1604/17/101
f 1612/18/100 1611/25/101 1606/27/101
f 1605/16/100 1612/18/100 1606/27/101
f 1645/62/101 1587/24/100 1607/23/101
f 1587/24/100 1586/37/100 1609/55/100
f 1608/22/100 1587/24/100 1609/55/100
f 1618/42/101 1628/56/100 1619/36/101
f 1628/56/100 1627/35/100 1619/36/101
f 1610/31/98 1609/55/100 1586/37/100
f 1639/38/100 1633/50/100 1632/39/100
f 1629/41/100 1628/56/100 1618/42/101
f 1589/34/101 1615/33/100 1590/11/100
f 1615/33/100 1614/3/100 1594/45/101
f 1593/30/101 1615/33/100 1594/45/101
f 1631/19/101 1641/21/101 1640/40/100
f 1636/63/100 1635/64/101 1638/49/100
f 1635/64/101 1634/57/101 1638/49/100
f 1636/63/100 1638/49/100 1637/65/342
f 1634/57/101 1633/50/100 1638/49/100
f 1633/50/100 1639/38/100 1644/66/100
f 1650/48/100 1633/50/100 1644/66/100
f 1691/8/103 1692/58/103 1709/7/103
f 1692/58/103 1693/35/103 1709/7/103
f 1709/7/103 1714/6/105 1691/8/103
f 1714/6/105 1715/61/105 1689/59/105
f 1715/61/105 1688/60/104 1689/59/105
f 1689/59/105 1690/52/103 1714/6/105
f 1713/54/105 1709/7/103 1687/12/103
f 1709/7/103 1685/36/103 1686/13/103
f 1687/12/103 1709/7/103 1686/13/103
f 1679/14/105 1680/3/103 1667/15/103
f 1677/25/105 1678/18/103 1672/27/103
f 1678/18/103 1679/14/105 1670/17/105
f 1671/16/103 1678/18/103 1670/17/105
f 1652/37/105 1653/24/103 1675/55/103
f 1653/24/103 1711/62/103 1673/23/103
f 1674/22/103 1653/24/103 1673/23/103
f 1693/35/103 1694/56/103 1685/36/103
f 1694/56/103 1684/42/103 1685/36/103
f 1676/31/105 1651/26/103 1652/37/105
f 1698/39/103 1699/50/103 1705/38/104
f 1695/41/103 1683/43/103 1684/42/103
f 1680/3/103 1681/33/103 1660/45/103
f 1681/33/103 1655/34/106 1656/11/103
f 1659/30/106 1681/33/103 1656/11/103
f 1697/19/103 1698/39/103 1706/40/103
f 1700/57/102 1701/64/102 1704/49/105
f 1701/64/102 1702/63/104 1704/49/105
f 1702/63/104 1703/65/102 1704/49/105
f 1704/49/105 1716/48/103 1699/50/103
f 1716/48/103 1710/66/104 1699/50/103
f 1710/66/104 1705/38/104 1699/50/103
f 1759/35/107 1758/58/107 1775/7/107
f 1758/58/107 1757/8/107 1775/7/107
f 1757/8/107 1756/52/107 1780/6/107
f 1756/52/107 1755/59/107 1780/6/107
f 1755/59/107 1754/60/109 1781/61/107
f 1781/61/107 1780/6/107 1755/59/107
f 1751/36/107 1775/7/107 1752/13/107
f 1775/7/107 1779/54/108 1753/12/107
f 1779/54/108 1774/53/108 1753/12/107
f 1745/14/107 1734/29/107 1733/15/107
f 1745/14/107 1744/18/107 1736/17/108
f 1744/18/107 1743/25/107 1738/27/108
f 1737/16/107 1744/18/107 1738/27/108
f 1777/62/108 1719/24/108 1739/23/108
f 1719/24/108 1718/37/108 1741/55/108
f 1740/22/108 1719/24/108 1741/55/108
f 1750/42/107 1760/56/107 1751/36/107
f 1760/56/107 1759/35/107 1751/36/107
f 1742/31/107 1741/55/108 1718/37/108
f 1771/38/107 1765/50/108 1764/39/107
f 1761/41/108 1760/56/107 1750/42/107
f 1721/34/109 1747/33/107 1722/11/107
f 1747/33/107 1746/3/107 1726/45/108
f 1725/30/108 1747/33/107 1726/45/108
f 1763/19/108 1773/21/108 1772/40/107
f 1768/63/109 1767/64/107 1770/49/107
f 1767/64/107 1766/57/108 1770/49/107
f 1768/63/109 1770/49/107 1769/65/343
f 1766/57/108 1765/50/108 1770/49/107
f 1765/50/108 1771/38/107 1776/66/107
f 1782/48/107 1765/50/108 1776/66/107
f 1823/8/111 1824/58/111 1841/7/111
f 1824/58/111 1825/35/111 1841/7/111
f 1841/7/111 1846/6/111 1823/8/111
f 1846/6/111 1847/61/110 1821/59/112
f 1847/61/110 1820/60/344 1821/59/112
f 1821/59/112 1822/52/111 1846/6/111
f 1845/54/110 1841/7/111 1819/12/110
f 1841/7/111 1817/36/111 1818/13/110
f 1819/12/110 1841/7/111 1818/13/110
f 1811/14/111 1812/3/111 1799/15/110
f 1809/25/111 1810/18/111 1804/27/111
f 1810/18/111 1811/14/111 1802/17/110
f 1803/16/111 1810/18/111 1802/17/110
f 1784/37/111 1785/24/110 1807/55/111
f 1785/24/110 1843/62/110 1805/23/110
f 1806/22/113 1785/24/110 1805/23/110
f 1825/35/111 1826/56/111 1817/36/111
f 1826/56/111 1816/42/111 1817/36/111
f 1808/31/110 1783/26/110 1784/37/111
f 1830/39/111 1831/50/111 1837/38/111
f 1827/41/111 1815/43/111 1816/42/111
f 1812/3/111 1813/33/110 1792/45/114
f 1813/33/110 1787/34/114 1788/11/110
f 1791/30/111 1813/33/110 1788/11/110
f 1829/19/111 1830/39/111 1838/40/110
f 1832/57/111 1833/64/110 1836/49/111
f 1833/64/110 1834/63/112 1836/49/111
f 1834/63/112 1835/65/345 1836/49/111
f 1836/49/111 1848/48/110 1831/50/111
f 1848/48/110 1842/66/111 1831/50/111
f 1842/66/111 1837/38/111 1831/50/111
f 1891/35/115 1890/58/118 1907/7/115
f 1890/58/118 1889/8/115 1907/7/115
f 1889/8/115 1888/52/115 1912/6/115
f 1888/52/115 1887/59/346 1912/6/115
f 1887/59/346 1886/60/346 1913/61/118
f 1913/61/118 1912/6/115 1887/59/346
f 1883/36/118 1907/7/115 1884/13/118
f 1907/7/115 1911/54/118 1885/12/118
f 1911/54/118 1906/53/118 1885/12/118
f 1877/14/118 1866/29/118 1865/15/115
f 1877/14/118 1876/18/118 1868/17/118
f 1876/18/118 1875/25/115 1870/27/115
f 1869/16/118 1876/18/118 1870/27/115
f 1909/62/115 1851/24/115 1871/23/115
f 1851/24/115 1850/37/115 1873/55/115
f 1872/22/115 1851/24/115 1873/55/115
f 1882/42/118 1892/56/118 1883/36/118
f 1892/56/118 1891/35/115 1883/36/118
f 1874/31/115 1873/55/115 1850/37/115
f 1903/38/118 1897/50/115 1896/39/115
f 1893/41/115 1892/56/118 1882/42/118
f 1853/34/117 1879/33/115 1854/11/115
f 1879/33/115 1878/3/115 1858/45/118
f 1857/30/118 1879/33/115 1858/45/118
f 1895/19/117 1905/21/117 1904/40/115
f 1900/63/116 1899/64/115 1902/49/115
f 1899/64/115 1898/57/118 1902/49/115
f 1900/63/116 1902/49/115 1901/65/347
f 1898/57/118 1897/50/115 1902/49/115
f 1897/50/115 1903/38/118 1908/66/115
f 1914/48/115 1897/50/115 1908/66/115
f 1955/8/119 1956/58/123 1973/7/120
f 1956/58/123 1957/35/120 1973/7/120
f 1973/7/120 1978/6/120 1955/8/119
f 1978/6/120 1979/61/119 1953/59/119
f 1979/61/119 1952/60/119 1953/59/119
f 1953/59/119 1954/52/123 1978/6/120
f 1977/54/123 1973/7/120 1951/12/124
f 1973/7/120 1949/36/123 1950/13/120
f 1951/12/124 1973/7/120 1950/13/120
f 1943/14/124 1944/3/120 1931/15/123
f 1941/25/126 1942/18/120 1936/27/120
f 1942/18/120 1943/14/124 1934/17/123
f 1935/16/120 1942/18/120 1934/17/123
f 1916/37/122 1917/24/122 1939/55/125
f 1917/24/122 1975/62/120 1937/23/122
f 1938/22/122 1917/24/122 1937/23/122
f 1957/35/120 1958/56/124 1949/36/123
f 1958/56/124 1948/42/119 1949/36/123
f 1940/31/123 1915/26/119 1916/37/122
f 1962/39/122 1963/50/120 1969/38/122
f 1959/41/120 1947/43/120 1948/42/119
f 1944/3/120 1945/33/120 1924/45/120
f 1945/33/120 1919/34/120 1920/11/120
f 1923/30/119 1945/33/120 1920/11/120
f 1961/19/124 1962/39/122 1970/40/124
f 1964/57/120 1965/64/120 1968/49/120
f 1965/64/120 1966/63/124 1968/49/120
f 1966/63/124 1967/65/348 1968/49/120
f 1968/49/120 1980/48/122 1963/50/120
f 1980/48/122 1974/66/120 1963/50/120
f 1974/66/120 1969/38/122 1963/50/120
f 2023/35/129 2022/58/129 2039/7/129
f 2022/58/129 2021/8/129 2039/7/129
f 2021/8/129 2020/52/129 2044/6/129
f 2020/52/129 2019/59/129 2044/6/129
f 2019/59/129 2018/60/129 2045/61/129
f 2045/61/129 2044/6/129 2019/59/129
f 2015/36/129 2039/7/129 2016/13/129
f 2039/7/129 2043/54/130 2017/12/130
f 2043/54/130 2038/53/130 2017/12/130
f 2009/14/130 1998/29/128 1997/15/130
f 2009/14/130 2008/18/129 2000/17/129
f 2008/18/129 2007/25/129 2002/27/129
f 2001/16/129 2008/18/129 2002/27/129
f 2041/62/130 1983/24/129 2003/23/129
f 1983/24/129 1982/37/130 2005/55/130
f 2004/22/129 1983/24/129 2005/55/130
f 2014/42/129 2024/56/130 2015/36/129
f 2024/56/130 2023/35/129 2015/36/129
f 2006/31/130 2005/55/130 1982/37/130
f 2035/38/129 2029/50/129 2028/39/130
f 2025/41/129 2024/56/130 2014/42/129
f 1985/34/129 2011/33/131 1986/11/129
f 2011/33/131 2010/3/129 1990/45/129
f 1989/30/129 2011/33/131 1990/45/129
f 2027/19/129 2037/21/129 2036/40/130
f 2032/63/130 2031/64/129 2034/49/129
f 2031/64/129 2030/57/129 2034/49/129
f 2032/63/130 2034/49/129 2033/65/349
f 2030/57/129 2029/50/129 2034/49/129
f 2029/50/129 2035/38/129 2040/66/129
f 2046/48/129 2029/50/129 2040/66/129
f 2087/8/132 2088/58/132 2105/7/132
f 2088/58/132 2089/35/132 2105/7/132
f 2105/7/132 2110/6/132 2087/8/132
f 2110/6/132 2111/61/133 2085/59/132
f 2111/61/133 2084/60/132 2085/59/132
f 2085/59/132 2086/52/132 2110/6/132
f 2109/54/133 2105/7/132 2083/12/132
f 2105/7/132 2081/36/132 2082/13/132
f 2083/12/132 2105/7/132 2082/13/132
f 2075/14/133 2076/3/132 2063/15/132
f 2073/25/132 2074/18/133 2068/27/132
f 2074/18/133 2075/14/133 2066/17/133
f 2067/16/133 2074/18/133 2066/17/133
f 2048/37/132 2049/24/132 2071/55/132
f 2049/24/132 2107/62/132 2069/23/132
f 2070/22/132 2049/24/132 2069/23/132
f 2089/35/132 2090/56/132 2081/36/132
f 2090/56/132 2080/42/132 2081/36/132
f 2072/31/133 2047/26/133 2048/37/132
f 2094/39/133 2095/50/132 2101/38/132
f 2091/41/132 2079/43/132 2080/42/132
f 2076/3/132 2077/33/132 2056/45/132
f 2077/33/132 2051/34/134 2052/11/132
f 2055/30/132 2077/33/132 2052/11/132
f 2093/19/133 2094/39/133 2102/40/133
f 2096/57/136 2097/64/136 2100/49/132
f 2097/64/136 2098/63/350 2100/49/132
f 2098/63/350 2099/65/134 2100/49/132
f 2100/49/132 2112/48/132 2095/50/132
f 2112/48/132 2106/66/132 2095/50/132
f 2106/66/132 2101/38/132 2095/50/132
f 2155/35/139 2154/58/139 2171/7/139
f 2154/58/139 2153/8/139 2171/7/139
f 2153/8/139 2152/52/139 2176/6/139
f 2152/52/139 2151/59/138 2176/6/139
f 2151/59/138 2150/60/138 2177/61/138
f 2177/61/138 2176/6/139 2151/59/138
f 2147/36/139 2171/7/139 2148/13/139
f 2171/7/139 2175/54/139 2149/12/139
f 2175/54/139 2170/53/139 2149/12/139
f 2141/14/138 2130/29/140 2129/15/138
f 2141/14/138 2140/18/139 2132/17/139
f 2140/18/139 2139/25/138 2134/27/138
f 2133/16/139 2140/18/139 2134/27/138
f 2173/62/139 2115/24/139 2135/23/139
f 2115/24/139 2114/37/139 2137/55/139
f 2136/22/139 2115/24/139 2137/55/139
f 2146/42/139 2156/56/139 2147/36/139
f 2156/56/139 2155/35/139 2147/36/139
f 2138/31/139 2137/55/139 2114/37/139
f 2167/38/139 2161/50/139 2160/39/139
f 2157/41/138 2156/56/139 2146/42/139
f 2117/34/139 2143/33/139 2118/11/139
f 2143/33/139 2142/3/139 2122/45/139
f 2121/30/139 2143/33/139 2122/45/139
f 2159/19/138 2169/21/139 2168/40/139
f 2164/63/351 2163/64/138 2166/49/138
f 2163/64/138 2162/57/138 2166/49/138
f 2164/63/351 2166/49/138 2165/65/352
f 2162/57/138 2161/50/139 2166/49/138
f 2161/50/139 2167/38/139 2172/66/139
f 2178/48/139 2161/50/139 2172/66/139
f 2219/8/141 2220/58/141 2237/7/141
f 2220/58/141 2221/35/141 2237/7/141
f 2237/7/141 2242/6/141 2219/8/141
f 2242/6/141 2243/61/141 2217/59/141
f 2243/61/141 2216/60/141 2217/59/141
f 2217/59/141 2218/52/141 2242/6/141
f 2241/54/143 2237/7/141 2215/12/141
f 2237/7/141 2213/36/141 2214/13/143
f 2215/12/141 2237/7/141 2214/13/143
f 2207/14/143 2208/3/141 2195/15/141
f 2205/25/141 2206/18/141 2200/27/141
f 2206/18/141 2207/14/143 2198/17/141
f 2199/16/141 2206/18/141 2198/17/141
f 2180/37/141 2181/24/141 2203/55/141
f 2181/24/141 2239/62/141 2201/23/141
f 2202/22/141 2181/24/141 2201/23/141
f 2221/35/141 2222/56/141 2213/36/141
f 2222/56/141 2212/42/141 2213/36/141
f 2204/31/143 2179/26/143 2180/37/141
f 2226/39/143 2227/50/141 2233/38/141
f 2223/41/143 2211/43/143 2212/42/141
f 2208/3/141 2209/33/141 2188/45/141
f 2209/33/141 2183/34/144 2184/11/141
f 2187/30/141 2209/33/141 2184/11/141
f 2225/19/141 2226/39/143 2234/40/143
f 2228/57/143 2229/64/143 2232/49/141
f 2229/64/143 2230/63/142 2232/49/141
f 2230/63/142 2231/65/143 2232/49/141
f 2232/49/141 2244/48/141 2227/50/141
f 2244/48/141 2238/66/141 2227/50/141
f 2238/66/141 2233/38/141 2227/50/141
f 2287/35/146 2286/58/146 2303/7/146
f 2286/58/146 2285/8/146 2303/7/146
f 2285/8/146 2284/52/146 2308/6/146
f 2284/52/146 2283/59/146 2308/6/146
f 2283/59/146 2282/60/145 2309/61/146
f 2309/61/146 2308/6/146 2283/59/146
f 2279/36/146 2303/7/146 2280/13/146
f 2303/7/146 2307/54/146 2281/12/146
f 2307/54/146 2302/53/146 2281/12/146
f 2273/14/145 2262/29/146 2261/15/145
f 2273/14/145 2272/18/146 2264/17/146
f 2272/18/146 2271/25/146 2266/27/146
f 2265/16/146 2272/18/146 2266/27/146
f 2305/62/146 2247/24/146 2267/23/146
f 2247/24/146 2246/37/146 2269/55/146
f 2268/22/145 2247/24/146 2269/55/146
f 2278/42/146 2288/56/146 2279/36/146
f 2288/56/146 2287/35/146 2279/36/146
f 2270/31/146 2269/55/146 2246/37/146
f 2299/38/146 2293/50/146 2292/39/146
f 2289/41/146 2288/56/146 2278/42/146
f 2249/34/146 2275/33/146 2250/11/146
f 2275/33/146 2274/3/146 2254/45/146
f 2253/30/146 2275/33/146 2254/45/146
f 2291/19/146 2301/21/146 2300/40/146
f 2296/63/146 2295/64/145 2298/49/146
f 2295/64/145 2294/57/146 2298/49/146
f 2296/63/146 2298/49/146 2297/65/145
f 2294/57/146 2293/50/146 2298/49/146
f 2293/50/146 2299/38/146 2304/66/146
f 2310/48/146 2293/50/146 2304/66/146
f 2351/8/148 2352/58/148 2369/7/148
f 2352/58/148 2353/35/148 2369/7/148
f 2369/7/148 2374/6/148 2351/8/148
f 2374/6/148 2375/61/148 2349/59/148
f 2375/61/148 2348/60/148 2349/59/148
f 2349/59/148 2350/52/148 2374/6/148
f 2373/54/149 2369/7/148 2347/12/148
f 2369/7/148 2345/36/148 2346/13/148
f 2347/12/148 2369/7/148 2346/13/148
f 2339/14/148 2340/3/148 2327/15/148
f 2337/25/148 2338/18/148 2332/27/148
f 2338/18/148 2339/14/148 2330/17/148
f 2331/16/148 2338/18/148 2330/17/148
f 2312/37/148 2313/24/148 2335/55/148
f 2313/24/148 2371/62/149 2333/23/148
f 2334/22/148 2313/24/148 2333/23/148
f 2353/35/148 2354/56/148 2345/36/148
f 2354/56/148 2344/42/148 2345/36/148
f 2336/31/148 2311/26/148 2312/37/148
f 2358/39/148 2359/50/148 2365/38/148
f 2355/41/148 2343/43/148 2344/42/148
f 2340/3/148 2341/33/148 2320/45/148
f 2341/33/148 2315/34/147 2316/11/148
f 2319/30/148 2341/33/148 2316/11/148
f 2357/19/148 2358/39/148 2366/40/148
f 2360/57/148 2361/64/148 2364/49/148
f 2361/64/148 2362/63/150 2364/49/148
f 2362/63/150 2363/65/353 2364/49/148
f 2364/49/148 2376/48/148 2359/50/148
f 2376/48/148 2370/66/148 2359/50/148
f 2370/66/148 2365/38/148 2359/50/148
f 2419/35/152 2418/58/152 2435/7/152
f 2418/58/152 2417/8/152 2435/7/152
f 2417/8/152 2416/52/152 2440/6/152
f 2416/52/152 2415/59/152 2440/6/152
f 2415/59/152 2414/60/153 2441/61/152
f 2441/61/152 2440/6/152 2415/59/152
f 2411/36/152 2435/7/152 2412/13/152
f 2435/7/152 2439/54/152 2413/12/151
f 2439/54/152 2434/53/153 2413/12/151
f 2405/14/152 2394/29/153 2393/15/152
f 2405/14/152 2404/18/152 2396/17/152
f 2404/18/152 2403/25/152 2398/27/152
f 2397/16/152 2404/18/152 2398/27/152
f 2437/62/152 2379/24/152 2399/23/152
f 2379/24/152 2378/37/152 2401/55/152
f 2400/22/152 2379/24/152 2401/55/152
f 2410/42/152 2420/56/152 2411/36/152
f 2420/56/152 2419/35/152 2411/36/152
f 2402/31/152 2401/55/152 2378/37/152
f 2431/38/152 2425/50/152 2424/39/152
f 2421/41/152 2420/56/152 2410/42/152
f 2381/34/153 2407/33/151 2382/11/152
f 2407/33/151 2406/3/152 2386/45/152
f 2385/30/152 2407/33/151 2386/45/152
f 2423/19/152 2433/21/152 2432/40/152
f 2428/63/152 2427/64/151 2430/49/152
f 2427/64/151 2426/57/152 2430/49/152
f 2428/63/152 2430/49/152 2429/65/152
f 2426/57/152 2425/50/152 2430/49/152
f 2425/50/152 2431/38/152 2436/66/152
f 2442/48/152 2425/50/152 2436/66/152
f 2483/8/155 2484/58/155 2501/7/155
f 2484/58/155 2485/35/155 2501/7/155
f 2501/7/155 2506/6/155 2483/8/155
f 2506/6/155 2507/61/155 2481/59/155
f 2507/61/155 2480/60/155 2481/59/155
f 2481/59/155 2482/52/155 2506/6/155
f 2505/54/155 2501/7/155 2479/12/155
f 2501/7/155 2477/36/155 2478/13/155
f 2479/12/155 2501/7/155 2478/13/155
f 2471/14/154 2472/3/155 2459/15/155
f 2469/25/155 2470/18/155 2464/27/155
f 2470/18/155 2471/14/154 2462/17/155
f 2463/16/155 2470/18/155 2462/17/155
f 2444/37/155 2445/24/155 2467/55/155
f 2445/24/155 2503/62/155 2465/23/155
f 2466/22/155 2445/24/155 2465/23/155
f 2485/35/155 2486/56/155 2477/36/155
f 2486/56/155 2476/42/155 2477/36/155
f 2468/31/155 2443/26/155 2444/37/155
f 2490/39/155 2491/50/155 2497/38/155
f 2487/41/154 2475/43/154 2476/42/155
f 2472/3/155 2473/33/155 2452/45/155
f 2473/33/155 2447/34/156 2448/11/155
f 2451/30/155 2473/33/155 2448/11/155
f 2489/19/155 2490/39/155 2498/40/155
f 2492/57/154 2493/64/154 2496/49/155
f 2493/64/154 2494/63/155 2496/49/155
f 2494/63/155 2495/65/156 2496/49/155
f 2496/49/155 2508/48/155 2491/50/155
f 2508/48/155 2502/66/155 2491/50/155
f 2502/66/155 2497/38/155 2491/50/155
f 2551/35/157 2550/58/157 2567/7/157
f 2550/58/157 2549/8/157 2567/7/157
f 2549/8/157 2548/52/157 2572/6/157
f 2548/52/157 2547/59/157 2572/6/157
f 2547/59/157 2546/60/159 2573/61/157
f 2573/61/157 2572/6/157 2547/59/157
f 2543/36/157 2567/7/157 2544/13/157
f 2567/7/157 2571/54/159 2545/12/157
f 2571/54/159 2566/53/159 2545/12/157
f 2537/14/157 2526/29/159 2525/15/157
f 2537/14/157 2536/18/157 2528/17/157
f 2536/18/157 2535/25/157 2530/27/157
f 2529/16/157 2536/18/157 2530/27/157
f 2569/62/157 2511/24/157 2531/23/157
f 2511/24/157 2510/37/157 2533/55/157
f 2532/22/157 2511/24/157 2533/55/157
f 2542/42/157 2552/56/157 2543/36/157
f 2552/56/157 2551/35/157 2543/36/157
f 2534/31/157 2533/55/157 2510/37/157
f 2563/38/157 2557/50/157 2556/39/157
f 2553/41/157 2552/56/157 2542/42/157
f 2513/34/158 2539/33/157 2514/11/157
f 2539/33/157 2538/3/157 2518/45/158
f 2517/30/157 2539/33/157 2518/45/158
f 2555/19/158 2565/21/159 2564/40/157
f 2560/63/157 2559/64/159 2562/49/157
f 2559/64/159 2558/57/159 2562/49/157
f 2560/63/157 2562/49/157 2561/65/158
f 2558/57/159 2557/50/157 2562/49/157
f 2557/50/157 2563/38/157 2568/66/157
f 2574/48/157 2557/50/157 2568/66/157
f 2615/8/160 2616/58/160 2633/7/160
f 2616/58/160 2617/35/160 2633/7/160
f 2633/7/160 2638/6/160 2615/8/160
f 2638/6/160 2639/61/160 2613/59/160
f 2639/61/160 2612/60/160 2613/59/160
f 2613/59/160 2614/52/160 2638/6/160
f 2637/54/160 2633/7/160 2611/12/161
f 2633/7/160 2609/36/160 2610/13/160
f 2611/12/161 2633/7/160 2610/13/160
f 2603/14/161 2604/3/160 2591/15/161
f 2601/25/160 2602/18/161 2596/27/160
f 2602/18/161 2603/14/161 2594/17/160
f 2595/16/161 2602/18/161 2594/17/160
f 2576/37/161 2577/24/160 2599/55/160
f 2577/24/160 2635/62/160 2597/23/160
f 2598/22/160 2577/24/160 2597/23/160
f 2617/35/160 2618/56/160 2609/36/160
f 2618/56/160 2608/42/160 2609/36/160
f 2600/31/161 2575/26/160 2576/37/161
f 2622/39/160 2623/50/160 2629/38/160
f 2619/41/161 2607/43/161 2608/42/160
f 2604/3/160 2605/33/160 2584/45/160
f 2605/33/160 2579/34/162 2580/11/160
f 2583/30/160 2605/33/160 2580/11/160
f 2621/19/160 2622/39/160 2630/40/160
f 2624/57/160 2625/64/160 2628/49/160
f 2625/64/160 2626/63/160 2628/49/160
f 2626/63/160 2627/65/162 2628/49/160
f 2628/49/160 2640/48/161 2623/50/160
f 2640/48/161 2634/66/161 2623/50/160
f 2634/66/161 2629/38/160 2623/50/160
f 2683/35/163 2682/58/163 2699/7/163
f 2682/58/163 2681/8/163 2699/7/163
f 2681/8/163 2680/52/163 2704/6/163
f 2680/52/163 2679/59/165 2704/6/163
f 2679/59/165 2678/60/165 2705/61/164
f 2705/61/164 2704/6/163 2679/59/165
f 2675/36/163 2699/7/163 2676/13/163
f 2699/7/163 2703/54/165 2677/12/163
f 2703/54/165 2698/53/165 2677/12/163
f 2669/14/164 2658/29/165 2657/15/163
f 2669/14/164 2668/18/164 2660/17/163
f 2668/18/164 2667/25/163 2662/27/163
f 2661/16/164 2668/18/164 2662/27/163
f 2701/62/164 2643/24/163 2663/23/163
f 2643/24/163 2642/37/163 2665/55/163
f 2664/22/163 2643/24/163 2665/55/163
f 2674/42/163 2684/56/163 2675/36/163
f 2684/56/163 2683/35/163 2675/36/163
f 2666/31/163 2665/55/163 2642/37/163
f 2695/38/165 2689/50/163 2688/39/163
f 2685/41/164 2684/56/163 2674/42/163
f 2645/34/164 2671/33/163 2646/11/165
f 2671/33/163 2670/3/163 2650/45/163
f 2649/30/163 2671/33/163 2650/45/163
f 2687/19/163 2697/21/163 2696/40/163
f 2692/63/164 2691/64/165 2694/49/163
f 2691/64/165 2690/57/165 2694/49/163
f 2692/63/164 2694/49/163 2693/65/163
f 2690/57/165 2689/50/163 2694/49/163
f 2689/50/163 2695/38/165 2700/66/165
f 2706/48/163 2689/50/163 2700/66/165
f 2747/8/166 2748/58/166 2765/7/166
f 2748/58/166 2749/35/166 2765/7/166
f 2765/7/166 2770/6/166 2747/8/166
f 2770/6/166 2771/61/166 2745/59/166
f 2771/61/166 2744/60/167 2745/59/166
f 2745/59/166 2746/52/166 2770/6/166
f 2769/54/166 2765/7/166 2743/12/166
f 2765/7/166 2741/36/166 2742/13/167
f 2743/12/166 2765/7/166 2742/13/167
f 2735/14/167 2736/3/166 2723/15/166
f 2733/25/166 2734/18/167 2728/27/166
f 2734/18/167 2735/14/167 2726/17/166
f 2727/16/167 2734/18/167 2726/17/166
f 2708/37/166 2709/24/166 2731/55/166
f 2709/24/166 2767/62/166 2729/23/166
f 2730/22/166 2709/24/166 2729/23/166
f 2749/35/166 2750/56/167 2741/36/166
f 2750/56/167 2740/42/167 2741/36/166
f 2732/31/166 2707/26/166 2708/37/166
f 2754/39/166 2755/50/166 2761/38/166
f 2751/41/166 2739/43/166 2740/42/167
f 2736/3/166 2737/33/166 2716/45/166
f 2737/33/166 2711/34/166 2712/11/166
f 2715/30/166 2737/33/166 2712/11/166
f 2753/19/166 2754/39/166 2762/40/166
f 2756/57/166 2757/64/166 2760/49/166
f 2757/64/166 2758/63/167 2760/49/166
f 2758/63/167 2759/65/354 2760/49/166
f 2760/49/166 2772/48/166 2755/50/166
f 2772/48/166 2766/66/166 2755/50/166
f 2766/66/166 2761/38/166 2755/50/166
f 2815/35/169 2814/58/169 2831/7/168
f 2814/58/169 2813/8/169 2831/7/168
f 2813/8/169 2812/52/168 2836/6/168
f 2812/52/168 2811/59/168 2836/6/168
f 2811/59/168 2810/60/168 2837/61/168
f 2837/61/168 2836/6/168 2811/59/168
f 2807/36/169 2831/7/168 2808/13/168
f 2831/7/168 2835/54/169 2809/12/168
f 2835/54/169 2830/53/169 2809/12/168
f 2801/14/169 2790/29/168 2789/15/169
f 2801/14/169 2800/18/168 2792/17/169
f 2800/18/168 2799/25/168 2794/27/168
f 2793/16/168 2800/18/168 2794/27/168
f 2833/62/168 2775/24/168 2795/23/168
f 2775/24/168 2774/37/169 2797/55/169
f 2796/22/168 2775/24/168 2797/55/169
f 2806/42/168 2816/56/168 2807/36/169
f 2816/56/168 2815/35/169 2807/36/169
f 2798/31/169 2797/55/169 2774/37/169
f 2827/38/168 2821/50/168 2820/39/168
f 2817/41/169 2816/56/168 2806/42/168
f 2777/34/168 2803/33/168 2778/11/168
f 2803/33/168 2802/3/168 2782/45/170
f 2781/30/169 2803/33/168 2782/45/170
f 2819/19/169 2829/21/170 2828/40/168
f 2824/63/355 2823/64/169 2826/49/168
f 2823/64/169 2822/57/168 2826/49/168
f 2824/63/355 2826/49/168 2825/65/355
f 2822/57/168 2821/50/168 2826/49/168
f 2821/50/168 2827/38/168 2832/66/168
f 2838/48/169 2821/50/168 2832/66/168
f 2879/8/171 2880/58/172 2897/7/171
f 2880/58/172 2881/35/171 2897/7/171
f 2897/7/171 2902/6/172 2879/8/171
f 2902/6/172 2903/61/172 2877/59/172
f 2903/61/172 2876/60/172 2877/59/172
f 2877/59/172 2878/52/171 2902/6/172
f 2901/54/172 2897/7/171 2875/12/171
f 2897/7/171 2873/36/171 2874/13/171
f 2875/12/171 2897/7/171 2874/13/171
f 2867/14/171 2868/3/172 2855/15/171
f 2865/25/171 2866/18/175 2860/27/175
f 2866/18/175 2867/14/171 2858/17/171
f 2859/16/175 2866/18/175 2858/17/171
f 2840/37/171 2841/24/171 2863/55/171
f 2841/24/171 2899/62/171 2861/23/171
f 2862/22/171 2841/24/171 2861/23/171
f 2881/35/171 2882/56/171 2873/36/171
f 2882/56/171 2872/42/171 2873/36/171
f 2864/31/171 2839/26/171 2840/37/171
f 2886/39/171 2887/50/172 2893/38/172
f 2883/41/172 2871/43/172 2872/42/171
f 2868/3/172 2869/33/172 2848/45/173
f 2869/33/172 2843/34/173 2844/11/171
f 2847/30/175 2869/33/172 2844/11/171
f 2885/19/175 2886/39/171 2894/40/171
f 2888/57/172 2889/64/171 2892/49/175
f 2889/64/171 2890/63/171 2892/49/175
f 2890/63/171 2891/65/172 2892/49/175
f 2892/49/175 2904/48/175 2887/50/172
f 2904/48/175 2898/66/172 2887/50/172
f 2898/66/172 2893/38/172 2887/50/172
f 2947/35/178 2946/58/178 2963/7/178
f 2946/58/178 2945/8/178 2963/7/178
f 2945/8/178 2944/52/178 2968/6/178
f 2944/52/178 2943/59/176 2968/6/178
f 2943/59/176 2942/60/178 2969/61/178
f 2969/61/178 2968/6/178 2943/59/176
f 2939/36/178 2963/7/178 2940/13/176
f 2963/7/178 2967/54/178 2941/12/178
f 2967/54/178 2962/53/178 2941/12/178
f 2933/14/178 2922/29/178 2921/15/176
f 2933/14/178 2932/18/178 2924/17/176
f 2932/18/178 2931/25/178 2926/27/178
f 2925/16/176 2932/18/178 2926/27/178
f 2965/62/176 2907/24/176 2927/23/176
f 2907/24/176 2906/37/178 2929/55/176
f 2928/22/176 2907/24/176 2929/55/176
f 2938/42/178 2948/56/178 2939/36/178
f 2948/56/178 2947/35/178 2939/36/178
f 2930/31/178 2929/55/176 2906/37/178
f 2959/38/176 2953/50/176 2952/39/178
f 2949/41/178 2948/56/178 2938/42/178
f 2909/34/178 2935/33/179 2910/11/176
f 2935/33/179 2934/3/178 2914/45/177
f 2913/30/178 2935/33/179 2914/45/177
f 2951/19/176 2961/21/178 2960/40/178
f 2956/63/177 2955/64/178 2958/49/178
f 2955/64/178 2954/57/178 2958/49/178
f 2956/63/177 2958/49/178 2957/65/356
f 2954/57/178 2953/50/176 2958/49/178
f 2953/50/176 2959/38/176 2964/66/176
f 2970/48/176 2953/50/176 2964/66/176
f 3011/8/180 3012/58/180 3029/7/180
f 3012/58/180 3013/35/180 3029/7/180
f 3029/7/180 3034/6/180 3011/8/180
f 3034/6/180 3035/61/182 3009/59/180
f 3035/61/182 3008/60/180 3009/59/180
f 3009/59/180 3010/52/180 3034/6/180
f 3033/54/180 3029/7/180 3007/12/180
f 3029/7/180 3005/36/180 3006/13/180
f 3007/12/180 3029/7/180 3006/13/180
f 2999/14/182 3000/3/180 2987/15/182
f 2997/25/182 2998/18/182 2992/27/180
f 2998/18/182 2999/14/182 2990/17/180
f 2991/16/182 2998/18/182 2990/17/180
f 2972/37/180 2973/24/180 2995/55/180
f 2973/24/180 3031/62/180 2993/23/180
f 2994/22/180 2973/24/180 2993/23/180
f 3013/35/180 3014/56/180 3005/36/180
f 3014/56/180 3004/42/180 3005/36/180
f 2996/31/182 2971/26/182 2972/37/180
f 3018/39/180 3019/50/180 3025/38/180
f 3015/41/180 3003/43/180 3004/42/180
f 3000/3/180 3001/33/180 2980/45/180
f 3001/33/180 2975/34/183 2976/11/180
f 2979/30/182 3001/33/180 2976/11/180
f 3017/19/180 3018/39/180 3026/40/180
f 3020/57/182 3021/64/182 3024/49/180
f 3021/64/182 3022/63/357 3024/49/180
f 3022/63/357 3023/65/182 3024/49/180
f 3024/49/180 3036/48/180 3019/50/180
f 3036/48/180 3030/66/180 3019/50/180
f 3030/66/180 3025/38/180 3019/50/180
f 3079/35/184 3078/58/187 3095/7/187
f 3078/58/187 3077/8/186 3095/7/187
f 3077/8/186 3076/52/185 3100/6/187
f 3076/52/185 3075/59/187 3100/6/187
f 3075/59/187 3074/60/184 3101/61/184
f 3101/61/184 3100/6/187 3075/59/187
f 3071/36/187 3095/7/187 3072/13/187
f 3095/7/187 3099/54/187 3073/12/184
f 3099/54/187 3094/53/187 3073/12/184
f 3065/14/185 3054/29/187 3053/15/187
f 3065/14/185 3064/18/187 3056/17/187
f 3064/18/187 3063/25/186 3058/27/187
f 3057/16/187 3064/18/187 3058/27/187
f 3097/62/187 3039/24/187 3059/23/187
f 3039/24/187 3038/37/187 3061/55/187
f 3060/22/185 3039/24/187 3061/55/187
f 3070/42/187 3080/56/187 3071/36/187
f 3080/56/187 3079/35/184 3071/36/187
f 3062/31/185 3061/55/187 3038/37/187
f 3091/38/184 3085/50/187 3084/39/187
f 3081/41/185 3080/56/187 3070/42/187
f 3041/34/189 3067/33/185 3042/11/187
f 3067/33/185 3066/3/184 3046/45/184
f 3045/30/185 3067/33/185 3046/45/184
f 3083/19/187 3093/21/187 3092/40/184
f 3088/63/184 3087/64/187 3090/49/187
f 3087/64/187 3086/57/186 3090/49/187
f 3088/63/184 3090/49/187 3089/65/358
f 3086/57/186 3085/50/187 3090/49/187
f 3085/50/187 3091/38/184 3096/66/184
f 3102/48/187 3085/50/187 3096/66/184
f 3143/8/191 3144/58/191 3161/7/191
f 3144/58/191 3145/35/191 3161/7/191
f 3161/7/191 3166/6/191 3143/8/191
f 3166/6/191 3167/61/191 3141/59/193
f 3167/61/191 3140/60/191 3141/59/193
f 3141/59/193 3142/52/191 3166/6/191
f 3165/54/191 3161/7/191 3139/12/191
f 3161/7/191 3137/36/193 3138/13/193
f 3139/12/191 3161/7/191 3138/13/193
f 3131/14/193 3132/3/191 3119/15/191
f 3129/25/193 3130/18/193 3124/27/193
f 3130/18/193 3131/14/193 3122/17/196
f 3123/16/191 3130/18/193 3122/17/196
f 3104/37/191 3105/24/191 3127/55/191
f 3105/24/191 3163/62/193 3125/23/191
f 3126/22/191 3105/24/191 3125/23/191
f 3145/35/191 3146/56/193 3137/36/193
f 3146/56/193 3136/42/193 3137/36/193
f 3128/31/193 3103/26/191 3104/37/191
f 3150/39/191 3151/50/191 3157/38/191
f 3147/41/193 3135/43/193 3136/42/193
f 3132/3/191 3133/33/193 3112/45/191
f 3133/33/193 3107/34/191 3108/11/191
f 3111/30/193 3133/33/193 3108/11/191
f 3149/19/193 3150/39/191 3158/40/191
f 3152/57/193 3153/64/193 3156/49/191
f 3153/64/193 3154/63/193 3156/49/191
f 3154/63/193 3155/65/359 3156/49/191
f 3156/49/191 3168/48/191 3151/50/191
f 3168/48/191 3162/66/191 3151/50/191
f 3162/66/191 3157/38/191 3151/50/191
f 3211/35/199 3210/58/199 3227/7/199
f 3210/58/199 3209/8/199 3227/7/199
f 3209/8/199 3208/52/199 3232/6/197
f 3208/52/199 3207/59/199 3232/6/197
f 3207/59/199 3206/60/197 3233/61/197
f 3233/61/197 3232/6/197 3207/59/199
f 3203/36/199 3227/7/199 3204/13/197
f 3227/7/199 3231/54/197 3205/12/197
f 3231/54/197 3226/53/197 3205/12/197
f 3197/14/199 3186/29/199 3185/15/197
f 3197/14/199 3196/18/197 3188/17/197
f 3196/18/197 3195/25/199 3190/27/199
f 3189/16/197 3196/18/197 3190/27/199
f 3229/62/199 3171/24/199 3191/23/199
f 3171/24/199 3170/37/199 3193/55/199
f 3192/22/199 3171/24/199 3193/55/199
f 3202/42/199 3212/56/199 3203/36/199
f 3212/56/199 3211/35/199 3203/36/199
f 3194/31/199 3193/55/199 3170/37/199
f 3223/38/197 3217/50/199 3216/39/199
f 3213/41/197 3212/56/199 3202/42/199
f 3173/34/201 3199/33/199 3174/11/199
f 3199/33/199 3198/3/199 3178/45/199
f 3177/30/199 3199/33/199 3178/45/199
f 3215/19/197 3225/21/197 3224/40/199
f 3220/63/360 3219/64/199 3222/49/197
f 3219/64/199 3218/57/199 3222/49/197
f 3220/63/360 3222/49/197 3221/65/361
f 3218/57/199 3217/50/199 3222/49/197
f 3217/50/199 3223/38/197 3228/66/197
f 3234/48/197 3217/50/199 3228/66/197
f 3275/8/205 3276/58/205 3293/7/203
f 3276/58/205 3277/35/203 3293/7/203
f 3293/7/203 3298/6/203 3275/8/205
f 3298/6/203 3299/61/203 3273/59/203
f 3299/61/203 3272/60/205 3273/59/203
f 3273/59/203 3274/52/204 3298/6/203
f 3297/54/203 3293/7/203 3271/12/203
f 3293/7/203 3269/36/203 3270/13/205
f 3271/12/203 3293/7/203 3270/13/205
f 3263/14/204 3264/3/203 3251/15/203
f 3261/25/205 3262/18/203 3256/27/205
f 3262/18/203 3263/14/204 3254/17/205
f 3255/16/205 3262/18/203 3254/17/205
f 3236/37/205 3237/24/205 3259/55/203
f 3237/24/205 3295/62/205 3257/23/205
f 3258/22/205 3237/24/205 3257/23/205
f 3277/35/203 3278/56/203 3269/36/203
f 3278/56/203 3268/42/203 3269/36/203
f 3260/31/205 3235/26/203 3236/37/205
f 3282/39/205 3283/50/205 3289/38/203
f 3279/41/203 3267/43/203 3268/42/203
f 3264/3/203 3265/33/205 3244/45/204
f 3265/33/205 3239/34/205 3240/11/205
f 3243/30/204 3265/33/205 3240/11/205
f 3281/19/203 3282/39/205 3290/40/205
f 3284/57/206 3285/64/206 3288/49/203
f 3285/64/206 3286/63/202 3288/49/203
f 3286/63/202 3287/65/205 3288/49/203
f 3288/49/203 3300/48/203 3283/50/205
f 3300/48/203 3294/66/206 3283/50/205
f 3294/66/206 3289/38/203 3283/50/205
f 3343/35/207 3342/58/207 3359/7/207
f 3342/58/207 3341/8/207 3359/7/207
f 3341/8/207 3340/52/208 3364/6/207
f 3340/52/208 3339/59/207 3364/6/207
f 3339/59/207 3338/60/207 3365/61/207
f 3365/61/207 3364/6/207 3339/59/207
f 3335/36/207 3359/7/207 3336/13/207
f 3359/7/207 3363/54/208 3337/12/207
f 3363/54/208 3358/53/208 3337/12/207
f 3329/14/208 3318/29/207 3317/15/207
f 3329/14/208 3328/18/207 3320/17/208
f 3328/18/207 3327/25/208 3322/27/207
f 3321/16/207 3328/18/207 3322/27/207
f 3361/62/208 3303/24/208 3323/23/207
f 3303/24/208 3302/37/208 3325/55/208
f 3324/22/207 3303/24/208 3325/55/208
f 3334/42/207 3344/56/207 3335/36/207
f 3344/56/207 3343/35/207 3335/36/207
f 3326/31/207 3325/55/208 3302/37/208
f 3355/38/207 3349/50/207 3348/39/207
f 3345/41/208 3344/56/207 3334/42/207
f 3305/34/209 3331/33/207 3306/11/207
f 3331/33/207 3330/3/207 3310/45/207
f 3309/30/209 3331/33/207 3310/45/207
f 3347/19/207 3357/21/207 3356/40/207
f 3352/63/362 3351/64/208 3354/49/207
f 3351/64/208 3350/57/208 3354/49/207
f 3352/63/362 3354/49/207 3353/65/207
f 3350/57/208 3349/50/207 3354/49/207
f 3349/50/207 3355/38/207 3360/66/207
f 3366/48/207 3349/50/207 3360/66/207
f 3407/8/210 3408/58/210 3425/7/211
f 3408/58/210 3409/35/210 3425/7/211
f 3425/7/211 3430/6/210 3407/8/210
f 3430/6/210 3431/61/210 3405/59/211
f 3431/61/210 3404/60/211 3405/59/211
f 3405/59/211 3406/52/210 3430/6/210
f 3429/54/210 3425/7/211 3403/12/211
f 3425/7/211 3401/36/210 3402/13/211
f 3403/12/211 3425/7/211 3402/13/211
f 3395/14/211 3396/3/211 3383/15/211
f 3393/25/210 3394/18/210 3388/27/210
f 3394/18/210 3395/14/211 3386/17/211
f 3387/16/210 3394/18/210 3386/17/211
f 3368/37/210 3369/24/210 3391/55/210
f 3369/24/210 3427/62/210 3389/23/210
f 3390/22/211 3369/24/210 3389/23/210
f 3409/35/210 3410/56/210 3401/36/210
f 3410/56/210 3400/42/210 3401/36/210
f 3392/31/211 3367/26/210 3368/37/210
f 3414/39/210 3415/50/211 3421/38/211
f 3411/41/211 3399/43/211 3400/42/210
f 3396/3/211 3397/33/211 3376/45/211
f 3397/33/211 3371/34/213 3372/11/210
f 3375/30/210 3397/33/211 3372/11/210
f 3413/19/210 3414/39/210 3422/40/210
f 3416/57/211 3417/64/211 3420/49/210
f 3417/64/211 3418/63/211 3420/49/210
f 3418/63/211 3419/65/212 3420/49/210
f 3420/49/210 3432/48/210 3415/50/211
f 3432/48/210 3426/66/211 3415/50/211
f 3426/66/211 3421/38/211 3415/50/211
f 3475/35/215 3474/58/215 3491/7/215
f 3474/58/215 3473/8/215 3491/7/215
f 3473/8/215 3472/52/215 3496/6/215
f 3472/52/215 3471/59/214 3496/6/215
f 3471/59/214 3470/60/214 3497/61/214
f 3497/61/214 3496/6/215 3471/59/214
f 3467/36/215 3491/7/215 3468/13/215
f 3491/7/215 3495/54/215 3469/12/215
f 3495/54/215 3490/53/215 3469/12/215
f 3461/14/215 3450/29/214 3449/15/215
f 3461/14/215 3460/18/214 3452/17/215
f 3460/18/214 3459/25/214 3454/27/215
f 3453/16/214 3460/18/214 3454/27/215
f 3493/62/215 3435/24/215 3455/23/215
f 3435/24/215 3434/37/214 3457/55/214
f 3456/22/215 3435/24/215 3457/55/214
f 3466/42/215 3476/56/215 3467/36/215
f 3476/56/215 3475/35/215 3467/36/215
f 3458/31/214 3457/55/214 3434/37/214
f 3487/38/215 3481/50/215 3480/39/215
f 3477/41/214 3476/56/215 3466/42/215
f 3437/34/216 3463/33/215 3438/11/215
f 3463/33/215 3462/3/215 3442/45/215
f 3441/30/214 3463/33/215 3442/45/215
f 3479/19/215 3489/21/215 3488/40/215
f 3484/63/214 3483/64/363 3486/49/215
f 3483/64/363 3482/57/215 3486/49/215
f 3484/63/214 3486/49/215 3485/65/364
f 3482/57/215 3481/50/215 3486/49/215
f 3481/50/215 3487/38/215 3492/66/215
f 3498/48/214 3481/50/215 3492/66/215
f 3539/8/218 3540/58/218 3557/7/218
f 3540/58/218 3541/35/218 3557/7/218
f 3557/7/218 3562/6/218 3539/8/218
f 3562/6/218 3563/61/220 3537/59/218
f 3563/61/220 3536/60/218 3537/59/218
f 3537/59/218 3538/52/218 3562/6/218
f 3561/54/220 3557/7/218 3535/12/218
f 3557/7/218 3533/36/220 3534/13/218
f 3535/12/218 3557/7/218 3534/13/218
f 3527/14/220 3528/3/218 3515/15/218
f 3525/25/220 3526/18/218 3520/27/220
f 3526/18/218 3527/14/220 3518/17/220
f 3519/16/218 3526/18/218 3518/17/220
f 3500/37/218 3501/24/220 3523/55/218
f 3501/24/220 3559/62/220 3521/23/220
f 3522/22/220 3501/24/220 3521/23/220
f 3541/35/218 3542/56/218 3533/36/220
f 3542/56/218 3532/42/218 3533/36/220
f 3524/31/220 3499/26/218 3500/37/218
f 3546/39/220 3547/50/218 3553/38/218
f 3543/41/218 3531/43/218 3532/42/218
f 3528/3/218 3529/33/218 3508/45/218
f 3529/33/218 3503/34/222 3504/11/220
f 3507/30/220 3529/33/218 3504/11/220
f 3545/19/218 3546/39/220 3554/40/220
f 3548/57/220 3549/64/220 3552/49/218
f 3549/64/220 3550/63/218 3552/49/218
f 3550/63/218 3551/65/218 3552/49/218
f 3552/49/218 3564/48/218 3547/50/218
f 3564/48/218 3558/66/218 3547/50/218
f 3558/66/218 3553/38/218 3547/50/218
f 3607/35/225 3606/58/225 3623/7/223
f 3606/58/225 3605/8/225 3623/7/223
f 3605/8/225 3604/52/225 3628/6/223
f 3604/52/225 3603/59/225 3628/6/223
f 3603/59/225 3602/60/223 3629/61/223
f 3629/61/223 3628/6/223 3603/59/225
f 3599/36/223 3623/7/223 3600/13/225
f 3623/7/223 3627/54/223 3601/12/223
f 3627/54/223 3622/53/223 3601/12/223
f 3593/14/223 3582/29/224 3581/15/223
f 3593/14/223 3592/18/223 3584/17/226
f 3592/18/223 3591/25/223 3586/27/223
f 3585/16/223 3592/18/223 3586/27/223
f 3625/62/225 3567/24/225 3587/23/225
f 3567/24/225 3566/37/223 3589/55/223
f 3588/22/225 3567/24/225 3589/55/223
f 3598/42/225 3608/56/225 3599/36/223
f 3608/56/225 3607/35/225 3599/36/223
f 3590/31/225 3589/55/223 3566/37/223
f 3619/38/223 3613/50/223 3612/39/223
f 3609/41/223 3608/56/225 3598/42/225
f 3569/34/223 3595/33/223 3570/11/225
f 3595/33/223 3594/3/223 3574/45/223
f 3573/30/226 3595/33/223 3574/45/223
f 3611/19/226 3621/21/226 3620/40/223
f 3616/63/223 3615/64/224 3618/49/225
f 3615/64/224 3614/57/225 3618/49/225
f 3616/63/223 3618/49/225 3617/65/224
f 3614/57/225 3613/50/223 3618/49/225
f 3613/50/223 3619/38/223 3624/66/223
f 3630/48/223 3613/50/223 3624/66/223
f 3671/8/227 3672/58/227 3689/7/228
f 3672/58/227 3673/35/228 3689/7/228
f 3689/7/228 3694/6/228 3671/8/227
f 3694/6/228 3695/61/227 3669/59/228
f 3695/61/227 3668/60/227 3669/59/228
f 3669/59/228 3670/52/228 3694/6/228
f 3693/54/227 3689/7/228 3667/12/227
f 3689/7/228 3665/36/228 3666/13/228
f 3667/12/227 3689/7/228 3666/13/228
f 3659/14/228 3660/3/228 3647/15/228
f 3657/25/227 3658/18/228 3652/27/228
f 3658/18/228 3659/14/228 3650/17/228
f 3651/16/228 3658/18/228 3650/17/228
f 3632/37/227 3633/24/228 3655/55/227
f 3633/24/228 3691/62/228 3653/23/228
f 3654/22/228 3633/24/228 3653/23/228
f 3673/35/228 3674/56/228 3665/36/228
f 3674/56/228 3664/42/228 3665/36/228
f 3656/31/228 3631/26/227 3632/37/227
f 3678/39/228 3679/50/228 3685/38/228
f 3675/41/227 3663/43/227 3664/42/228
f 3660/3/228 3661/33/227 3640/45/227
f 3661/33/227 3635/34/228 3636/11/228
f 3639/30/227 3661/33/227 3636/11/228
f 3677/19/227 3678/39/228 3686/40/228
f 3680/57/228 3681/64/228 3684/49/228
f 3681/64/228 3682/63/365 3684/49/228
f 3682/63/365 3683/65/228 3684/49/228
f 3684/49/228 3696/48/228 3679/50/228
f 3696/48/228 3690/66/228 3679/50/228
f 3690/66/228 3685/38/228 3679/50/228
f 3739/35/229 3738/58/229 3755/7/229
f 3738/58/229 3737/8/229 3755/7/229
f 3737/8/229 3736/52/229 3760/6/229
f 3736/52/229 3735/59/229 3760/6/229
f 3735/59/229 3734/60/229 3761/61/229
f 3761/61/229 3760/6/229 3735/59/229
f 3731/36/229 3755/7/229 3732/13/229
f 3755/7/229 3759/54/230 3733/12/229
f 3759/54/230 3754/53/230 3733/12/229
f 3725/14/230 3714/29/229 3713/15/229
f 3725/14/230 3724/18/229 3716/17/229
f 3724/18/229 3723/25/229 3718/27/230
f 3717/16/229 3724/18/229 3718/27/230
f 3757/62/229 3699/24/229 3719/23/229
f 3699/24/229 3698/37/229 3721/55/229
f 3720/22/229 3699/24/229 3721/55/229
f 3730/42/229 3740/56/229 3731/36/229
f 3740/56/229 3739/35/229 3731/36/229
f 3722/31/229 3721/55/229 3698/37/229
f 3751/38/229 3745/50/229 3744/39/229
f 3741/41/229 3740/56/229 3730/42/229
f 3701/34/229 3727/33/230 3702/11/229
f 3727/33/230 3726/3/229 3706/45/229
f 3705/30/229 3727/33/230 3706/45/229
f 3743/19/229 3753/21/229 3752/40/229
f 3748/63/229 3747/64/229 3750/49/230
f 3747/64/229 3746/57/229 3750/49/230
f 3748/63/229 3750/49/230 3749/65/366
f 3746/57/229 3745/50/229 3750/49/230
f 3745/50/229 3751/38/229 3756/66/229
f 3762/48/230 3745/50/229 3756/66/229
f 3803/8/232 3804/58/231 3821/7/231
f 3804/58/231 3805/35/232 3821/7/231
f 3821/7/231 3826/6/231 3803/8/232
f 3826/6/231 3827/61/234 3801/59/231
f 3827/61/234 3800/60/234 3801/59/231
f 3801/59/231 3802/52/232 3826/6/231
f 3825/54/232 3821/7/231 3799/12/231
f 3821/7/231 3797/36/231 3798/13/231
f 3799/12/231 3821/7/231 3798/13/231
f 3791/14/233 3792/3/232 3779/15/232
f 3789/25/234 3790/18/232 3784/27/232
f 3790/18/232 3791/14/233 3782/17/232
f 3783/16/233 3790/18/232 3782/17/232
f 3764/37/231 3765/24/231 3787/55/231
f 3765/24/231 3823/62/231 3785/23/233
f 3786/22/232 3765/24/231 3785/23/233
f 3805/35/232 3806/56/232 3797/36/231
f 3806/56/232 3796/42/232 3797/36/231
f 3788/31/231 3763/26/233 3764/37/231
f 3810/39/232 3811/50/232 3817/38/232
f 3807/41/232 3795/43/232 3796/42/232
f 3792/3/232 3793/33/234 3772/45/232
f 3793/33/234 3767/34/234 3768/11/232
f 3771/30/231 3793/33/234 3768/11/232
f 3809/19/233 3810/39/232 3818/40/231
f 3812/57/231 3813/64/231 3816/49/233
f 3813/64/231 3814/63/231 3816/49/233
f 3814/63/231 3815/65/233 3816/49/233
f 3816/49/233 3828/48/233 3811/50/232
f 3828/48/233 3822/66/232 3811/50/232
f 3822/66/232 3817/38/232 3811/50/232
f 3871/35/235 3870/58/235 3887/7/235
f 3870/58/235 3869/8/235 3887/7/235
f 3869/8/235 3868/52/235 3892/6/235
f 3868/52/235 3867/59/235 3892/6/235
f 3867/59/235 3866/60/237 3893/61/235
f 3893/61/235 3892/6/235 3867/59/235
f 3863/36/235 3887/7/235 3864/13/235
f 3887/7/235 3891/54/237 3865/12/235
f 3891/54/237 3886/53/237 3865/12/235
f 3857/14/235 3846/29/237 3845/15/237
f 3857/14/235 3856/18/235 3848/17/237
f 3856/18/235 3855/25/235 3850/27/235
f 3849/16/235 3856/18/235 3850/27/235
f 3889/62/235 3831/24/235 3851/23/235
f 3831/24/235 3830/37/235 3853/55/235
f 3852/22/235 3831/24/235 3853/55/235
f 3862/42/235 3872/56/235 3863/36/235
f 3872/56/235 3871/35/235 3863/36/235
f 3854/31/235 3853/55/235 3830/37/235
f 3883/38/235 3877/50/235 3876/39/235
f 3873/41/235 3872/56/235 3862/42/235
f 3833/34/237 3859/33/235 3834/11/235
f 3859/33/235 3858/3/235 3838/45/235
f 3837/30/237 3859/33/235 3838/45/235
f 3875/19/237 3885/21/237 3884/40/235
f 3880/63/237 3879/64/237 3882/49/235
f 3879/64/237 3878/57/235 3882/49/235
f 3880/63/237 3882/49/235 3881/65/367
f 3878/57/235 3877/50/235 3882/49/235
f 3877/50/235 3883/38/235 3888/66/235
f 3894/48/235 3877/50/235 3888/66/235
f 3935/8/238 3936/58/238 3953/7/238
f 3936/58/238 3937/35/238 3953/7/238
f 3953/7/238 3958/6/238 3935/8/238
f 3958/6/238 3959/61/238 3933/59/238
f 3959/61/238 3932/60/238 3933/59/238
f 3933/59/238 3934/52/238 3958/6/238
f 3957/54/238 3953/7/238 3931/12/238
f 3953/7/238 3929/36/238 3930/13/238
f 3931/12/238 3953/7/238 3930/13/238
f 3923/14/238 3924/3/238 3911/15/239
f 3921/25/238 3922/18/239 3916/27/239
f 3922/18/239 3923/14/238 3914/17/238
f 3915/16/238 3922/18/239 3914/17/238
f 3896/37/238 3897/24/238 3919/55/238
f 3897/24/238 3955/62/238 3917/23/238
f 3918/22/238 3897/24/238 3917/23/238
f 3937/35/238 3938/56/238 3929/36/238
f 3938/56/238 3928/42/239 3929/36/238
f 3920/31/238 3895/26/238 3896/37/238
f 3942/39/238 3943/50/238 3949/38/238
f 3939/41/239 3927/43/238 3928/42/239
f 3924/3/238 3925/33/238 3904/45/238
f 3925/33/238 3899/34/239 3900/11/238
f 3903/30/239 3925/33/238 3900/11/238
f 3941/19/238 3942/39/238 3950/40/238
f 3944/57/239 3945/64/239 3948/49/238
f 3945/64/239 3946/63/368 3948/49/238
f 3946/63/368 3947/65/368 3948/49/238
f 3948/49/238 3960/48/238 3943/50/238
f 3960/48/238 3954/66/238 3943/50/238
f 3954/66/238 3949/38/238 3943/50/238
f 4003/35/242 4002/58/242 4019/7/242
f 4002/58/242 4001/8/242 4019/7/242
f 4001/8/242 4000/52/242 4024/6/242
f 4000/52/242 3999/59/242 4024/6/242
f 3999/59/242 3998/60/240 4025/61/242
f 4025/61/242 4024/6/242 3999/59/242
f 3995/36/242 4019/7/242 3996/13/243
f 4019/7/242 4023/54/243 3997/12/243
f 4023/54/243 4018/53/243 3997/12/243
f 3989/14/242 3978/29/243 3977/15/243
f 3989/14/242 3988/18/242 3980/17/243
f 3988/18/242 3987/25/242 3982/27/242
f 3981/16/242 3988/18/242 3982/27/242
f 4021/62/242 3963/24/242 3983/23/243
f 3963/24/242 3962/37/243 3985/55/242
f 3984/22/242 3963/24/242 3985/55/242
f 3994/42/243 4004/56/242 3995/36/242
f 4004/56/242 4003/35/242 3995/36/242
f 3986/31/242 3985/55/242 3962/37/243
f 4015/38/243 4009/50/242 4008/39/243
f 4005/41/242 4004/56/242 3994/42/243
f 3965/34/243 3991/33/240 3966/11/242
f 3991/33/240 3990/3/242 3970/45/242
f 3969/30/244 3991/33/240 3970/45/242
f 4007/19/242 4017/21/240 4016/40/244
f 4012/63/242 4011/64/243 4014/49/243
f 4011/64/243 4010/57/242 4014/49/243
f 4012/63/242 4014/49/243 4013/65/244
f 4010/57/242 4009/50/242 4014/49/243
f 4009/50/242 4015/38/243 4020/66/242
f 4026/48/243 4009/50/242 4020/66/242
f 4067/8/245 4068/58/245 4085/7/245
f 4068/58/245 4069/35/245 4085/7/245
f 4085/7/245 4090/6/245 4067/8/245
f 4090/6/245 4091/61/246 4065/59/245
f 4091/61/246 4064/60/246 4065/59/245
f 4065/59/245 4066/52/245 4090/6/245
f 4089/54/246 4085/7/245 4063/12/245
f 4085/7/245 4061/36/245 4062/13/245
f 4063/12/245 4085/7/245 4062/13/245
f 4055/14/245 4056/3/245 4043/15/245
f 4053/25/245 4054/18/245 4048/27/245
f 4054/18/245 4055/14/245 4046/17/245
f 4047/16/245 4054/18/245 4046/17/245
f 4028/37/245 4029/24/245 4051/55/245
f 4029/24/245 4087/62/245 4049/23/245
f 4050/22/245 4029/24/245 4049/23/245
f 4069/35/245 4070/56/245 4061/36/245
f 4070/56/245 4060/42/245 4061/36/245
f 4052/31/245 4027/26/245 4028/37/245
f 4074/39/245 4075/50/245 4081/38/245
f 4071/41/245 4059/43/245 4060/42/245
f 4056/3/245 4057/33/245 4036/45/245
f 4057/33/245 4031/34/247 4032/11/245
f 4035/30/245 4057/33/245 4032/11/245
f 4073/19/246 4074/39/245 4082/40/245
f 4076/57/246 4077/64/246 4080/49/245
f 4077/64/246 4078/63/245 4080/49/245
f 4078/63/245 4079/65/246 4080/49/245
f 4080/49/245 4092/48/245 4075/50/245
f 4092/48/245 4086/66/246 4075/50/245
f 4086/66/246 4081/38/245 4075/50/245
f 4135/35/248 4134/58/248 4151/7/248
f 4134/58/248 4133/8/248 4151/7/248
f 4133/8/248 4132/52/248 4156/6/249
f 4132/52/248 4131/59/248 4156/6/249
f 4131/59/248 4130/60/248 4157/61/249
f 4157/61/249 4156/6/249 4131/59/248
f 4127/36/248 4151/7/248 4128/13/248
f 4151/7/248 4155/54/249 4129/12/249
f 4155/54/249 4150/53/249 4129/12/249
f 4121/14/249 4110/29/250 4109/15/249
f 4121/14/249 4120/18/248 4112/17/249
f 4120/18/248 4119/25/248 4114/27/249
f 4113/16/248 4120/18/248 4114/27/249
f 4153/62/248 4095/24/248 4115/23/248
f 4095/24/248 4094/37/248 4117/55/248
f 4116/22/248 4095/24/248 4117/55/248
f 4126/42/248 4136/56/248 4127/36/248
f 4136/56/248 4135/35/248 4127/36/248
f 4118/31/249 4117/55/248 4094/37/248
f 4147/38/248 4141/50/249 4140/39/248
f 4137/41/248 4136/56/248 4126/42/248
f 4097/34/248 4123/33/249 4098/11/249
f 4123/33/249 4122/3/249 4102/45/249
f 4101/30/248 4123/33/249 4102/45/249
f 4139/19/248 4149/21/248 4148/40/248
f 4144/63/369 4143/64/249 4146/49/248
f 4143/64/249 4142/57/249 4146/49/248
f 4144/63/369 4146/49/248 4145/65/370
f 4142/57/249 4141/50/249 4146/49/248
f 4141/50/249 4147/38/248 4152/66/248
f 4158/48/248 4141/50/249 4152/66/248
f 4199/8/251 4200/58/251 4217/7/251
f 4200/58/251 4201/35/251 4217/7/251
f 4217/7/251 4222/6/251 4199/8/251
f 4222/6/251 4223/61/252 4197/59/251
f 4223/61/252 4196/60/251 4197/59/251
f 4197/59/251 4198/52/251 4222/6/251
f 4221/54/251 4217/7/251 4195/12/251
f 4217/7/251 4193/36/251 4194/13/251
f 4195/12/251 4217/7/251 4194/13/251
f 4187/14/251 4188/3/251 4175/15/252
f 4185/25/251 4186/18/252 4180/27/251
f 4186/18/252 4187/14/251 4178/17/252
f 4179/16/252 4186/18/252 4178/17/252
f 4160/37/251 4161/24/251 4183/55/251
f 4161/24/251 4219/62/251 4181/23/251
f 4182/22/251 4161/24/251 4181/23/251
f 4201/35/251 4202/56/251 4193/36/251
f 4202/56/251 4192/42/251 4193/36/251
f 4184/31/251 4159/26/254 4160/37/251
f 4206/39/251 4207/50/251 4213/38/251
f 4203/41/251 4191/43/251 4192/42/251
f 4188/3/251 4189/33/251 4168/45/251
f 4189/33/251 4163/34/254 4164/11/251
f 4167/30/251 4189/33/251 4164/11/251
f 4205/19/251 4206/39/251 4214/40/251
f 4208/57/251 4209/64/251 4212/49/251
f 4209/64/251 4210/63/253 4212/49/251
f 4210/63/253 4211/65/254 4212/49/251
f 4212/49/251 4224/48/251 4207/50/251
f 4224/48/251 4218/66/251 4207/50/251
f 4218/66/251 4213/38/251 4207/50/251
f 4267/35/255 4266/58/255 4283/7/255
f 4266/58/255 4265/8/255 4283/7/255
f 4265/8/255 4264/52/255 4288/6/256
f 4264/52/255 4263/59/256 4288/6/256
f 4263/59/256 4262/60/256 4289/61/255
f 4289/61/255 4288/6/256 4263/59/256
f 4259/36/255 4283/7/255 4260/13/255
f 4283/7/255 4287/54/255 4261/12/255
f 4287/54/255 4282/53/371 4261/12/255
f 4253/14/256 4242/29/259 4241/15/255
f 4253/14/256 4252/18/256 4244/17/256
f 4252/18/256 4251/25/255 4246/27/255
f 4245/16/256 4252/18/256 4246/27/255
f 4285/62/255 4227/24/255 4247/23/255
f 4227/24/255 4226/37/256 4249/55/256
f 4248/22/255 4227/24/255 4249/55/256
f 4258/42/255 4268/56/255 4259/36/255
f 4268/56/255 4267/35/255 4259/36/255
f 4250/31/256 4249/55/256 4226/37/256
f 4279/38/255 4273/50/255 4272/39/255
f 4269/41/256 4268/56/255 4258/42/255
f 4229/34/257 4255/33/256 4230/11/255
f 4255/33/256 4254/3/255 4234/45/256
f 4233/30/255 4255/33/256 4234/45/256
f 4271/19/255 4281/21/258 4280/40/255
f 4276/63/256 4275/64/255 4278/49/255
f 4275/64/255 4274/57/255 4278/49/255
f 4276/63/256 4278/49/255 4277/65/372
f 4274/57/255 4273/50/255 4278/49/255
f 4273/50/255 4279/38/255 4284/66/255
f 4290/48/255 4273/50/255 4284/66/255
f 4331/8/261 4332/58/261 4349/7/263
f 4332/58/261 4333/35/261 4349/7/263
f 4349/7/263 4354/6/261 4331/8/261
f 4354/6/261 4355/61/261 4329/59/261
f 4355/61/261 4328/60/263 4329/59/261
f 4329/59/261 4330/52/261 4354/6/261
f 4353/54/263 4349/7/263 4327/12/263
f 4349/7/263 4325/36/261 4326/13/263
f 4327/12/263 4349/7/263 4326/13/263
f 4319/14/263 4320/3/261 4307/15/263
f 4317/25/261 4318/18/261 4312/27/261
f 4318/18/261 4319/14/263 4310/17/263
f 4311/16/261 4318/18/261 4310/17/263
f 4292/37/263 4293/24/261 4315/55/263
f 4293/24/261 4351/62/263 4313/23/261
f 4314/22/261 4293/24/261 4313/23/261
f 4333/35/261 4334/56/261 4325/36/261
f 4334/56/261 4324/42/261 4325/36/261
f 4316/31/261 4291/26/261 4292/37/263
f 4338/39/261 4339/50/261 4345/38/261
f 4335/41/263 4323/43/263 4324/42/261
f 4320/3/261 4321/33/261 4300/45/261
f 4321/33/261 4295/34/264 4296/11/261
f 4299/30/261 4321/33/261 4296/11/261
f 4337/19/263 4338/39/261 4346/40/261
f 4340/57/261 4341/64/261 4344/49/261
f 4341/64/261 4342/63/373 4344/49/261
f 4342/63/373 4343/65/260 4344/49/261
f 4344/49/261 4356/48/263 4339/50/261
f 4356/48/263 4350/66/261 4339/50/261
f 4350/66/261 4345/38/261 4339/50/261
f 4399/35/267 4398/58/267 4415/7/267
f 4398/58/267 4397/8/267 4415/7/267
f 4397/8/267 4396/52/266 4420/6/267
f 4396/52/266 4395/59/268 4420/6/267
f 4395/59/268 4394/60/267 4421/61/267
f 4421/61/267 4420/6/267 4395/59/268
f 4391/36/267 4415/7/267 4392/13/267
f 4415/7/267 4419/54/266 4393/12/267
f 4419/54/266 4414/53/266 4393/12/267
f 4385/14/266 4374/29/267 4373/15/267
f 4385/14/266 4384/18/266 4376/17/266
f 4384/18/266 4383/25/266 4378/27/267
f 4377/16/267 4384/18/266 4378/27/267
f 4417/62/374 4359/24/267 4379/23/267
f 4359/24/267 4358/37/266 4381/55/266
f 4380/22/267 4359/24/267 4381/55/266
f 4390/42/267 4400/56/267 4391/36/267
f 4400/56/267 4399/35/267 4391/36/267
f 4382/31/267 4381/55/266 4358/37/266
f 4411/38/267 4405/50/267 4404/39/267
f 4401/41/266 4400/56/267 4390/42/267
f 4361/34/269 4387/33/267 4362/11/267
f 4387/33/267 4386/3/267 4366/45/266
f 4365/30/266 4387/33/267 4366/45/266
f 4403/19/266 4413/21/267 4412/40/266
f 4408/63/266 4407/64/374 4410/49/267
f 4407/64/374 4406/57/267 4410/49/267
f 4408/63/266 4410/49/267 4409/65/267
f 4406/57/267 4405/50/267 4410/49/267
f 4405/50/267 4411/38/267 4416/66/267
f 4422/48/267 4405/50/267 4416/66/267
f 4463/8/270 4464/58/272 4481/7/270
f 4464/58/272 4465/35/270 4481/7/270
f 4481/7/270 4486/6/270 4463/8/270
f 4486/6/270 4487/61/270 4461/59/270
f 4487/61/270 4460/60/271 4461/59/270
f 4461/59/270 4462/52/270 4486/6/270
f 4485/54/272 4481/7/270 4459/12/270
f 4481/7/270 4457/36/270 4458/13/270
f 4459/12/270 4481/7/270 4458/13/270
f 4451/14/270 4452/3/270 4439/15/270
f 4449/25/272 4450/18/272 4444/27/272
f 4450/18/272 4451/14/270 4442/17/272
f 4443/16/270 4450/18/272 4442/17/272
f 4424/37/270 4425/24/270 4447/55/270
f 4425/24/270 4483/62/272 4445/23/270
f 4446/22/270 4425/24/270 4445/23/270
f 4465/35/270 4466/56/270 4457/36/270
f 4466/56/270 4456/42/270 4457/36/270
f 4448/31/270 4423/26/270 4424/37/270
f 4470/39/270 4471/50/270 4477/38/272
f 4467/41/270 4455/43/270 4456/42/270
f 4452/3/270 4453/33/272 4432/45/272
f 4453/33/272 4427/34/270 4428/11/270
f 4431/30/270 4453/33/272 4428/11/270
f 4469/19/270 4470/39/270 4478/40/270
f 4472/57/272 4473/64/270 4476/49/270
f 4473/64/270 4474/63/271 4476/49/270
f 4474/63/271 4475/65/375 4476/49/270
f 4476/49/270 4488/48/270 4471/50/270
f 4488/48/270 4482/66/272 4471/50/270
f 4482/66/272 4477/38/272 4471/50/270
f 4531/35/277 4530/58/277 4547/7/277
f 4530/58/277 4529/8/277 4547/7/277
f 4529/8/277 4528/52/277 4552/6/277
f 4528/52/277 4527/59/277 4552/6/277
f 4527/59/277 4526/60/376 4553/61/277
f 4553/61/277 4552/6/277 4527/59/277
f 4523/36/277 4547/7/277 4524/13/277
f 4547/7/277 4551/54/277 4525/12/277
f 4551/54/277 4546/53/377 4525/12/277
f 4517/14/277 4506/29/277 4505/15/277
f 4517/14/277 4516/18/278 4508/17/277
f 4516/18/278 4515/25/277 4510/27/278
f 4509/16/278 4516/18/278 4510/27/278
f 4549/62/277 4491/24/277 4511/23/277
f 4491/24/277 4490/37/277 4513/55/277
f 4512/22/277 4491/24/277 4513/55/277
f 4522/42/278 4532/56/277 4523/36/277
f 4532/56/277 4531/35/277 4523/36/277
f 4514/31/277 4513/55/277 4490/37/277
f 4543/38/277 4537/50/277 4536/39/277
f 4533/41/277 4532/56/277 4522/42/278
f 4493/34/277 4519/33/277 4494/11/277
f 4519/33/277 4518/3/277 4498/45/277
f 4497/30/278 4519/33/277 4498/45/277
f 4535/19/277 4545/21/277 4544/40/277
f 4540/63/278 4539/64/278 4542/49/277
f 4539/64/278 4538/57/278 4542/49/277
f 4540/63/278 4542/49/277 4541/65/275
f 4538/57/278 4537/50/277 4542/49/277
f 4537/50/277 4543/38/277 4548/66/277
f 4554/48/277 4537/50/277 4548/66/277
f 4595/8/280 4596/58/280 4613/7/280
f 4596/58/280 4597/35/280 4613/7/280
f 4613/7/280 4618/6/280 4595/8/280
f 4618/6/280 4619/61/284 4593/59/280
f 4619/61/284 4592/60/280 4593/59/280
f 4593/59/280 4594/52/282 4618/6/280
f 4617/54/280 4613/7/280 4591/12/280
f 4613/7/280 4589/36/280 4590/13/280
f 4591/12/280 4613/7/280 4590/13/280
f 4583/14/280 4584/3/280 4571/15/280
f 4581/25/280 4582/18/280 4576/27/284
f 4582/18/280 4583/14/280 4574/17/284
f 4575/16/280 4582/18/280 4574/17/284
f 4556/37/280 4557/24/280 4579/55/280
f 4557/24/280 4615/62/283 4577/23/284
f 4578/22/280 4557/24/280 4577/23/284
f 4597/35/280 4598/56/280 4589/36/280
f 4598/56/280 4588/42/280 4589/36/280
f 4580/31/280 4555/26/280 4556/37/280
f 4602/39/284 4603/50/280 4609/38/280
f 4599/41/282 4587/43/282 4588/42/280
f 4584/3/280 4585/33/280 4564/45/284
f 4585/33/280 4559/34/280 4560/11/280
f 4563/30/282 4585/33/280 4560/11/280
f 4601/19/280 4602/39/284 4610/40/284
f 4604/57/283 4605/64/283 4608/49/284
f 4605/64/283 4606/63/378 4608/49/284
f 4606/63/378 4607/65/283 4608/49/284
f 4608/49/284 4620/48/284 4603/50/280
f 4620/48/284 4614/66/280 4603/50/280
f 4614/66/280 4609/38/280 4603/50/280
f 4663/35/288 4662/58/286 4679/7/288
f 4662/58/286 4661/8/286 4679/7/288
f 4661/8/286 4660/52/288 4684/6/288
f 4660/52/288 4659/59/288 4684/6/288
f 4659/59/288 4658/60/288 4685/61/288
f 4685/61/288 4684/6/288 4659/59/288
f 4655/36/288 4679/7/288 4656/13/286
f 4679/7/288 4683/54/288 4657/12/288
f 4683/54/288 4678/53/288 4657/12/288
f 4649/14/286 4638/29/286 4637/15/286
f 4649/14/286 4648/18/286 4640/17/288
f 4648/18/286 4647/25/286 4642/27/286
f 4641/16/286 4648/18/286 4642/27/286
f 4681/62/288 4623/24/288 4643/23/288
f 4623/24/288 4622/37/288 4645/55/288
f 4644/22/288 4623/24/288 4645/55/288
f 4654/42/288 4664/56/288 4655/36/288
f 4664/56/288 4663/35/288 4655/36/288
f 4646/31/286 4645/55/288 4622/37/288
f 4675/38/288 4669/50/288 4668/39/286
f 4665/41/288 4664/56/288 4654/42/288
f 4625/34/288 4651/33/286 4626/11/286
f 4651/33/286 4650/3/288 4630/45/288
f 4629/30/288 4651/33/286 4630/45/288
f 4667/19/286 4677/21/286 4676/40/286
f 4672/63/286 4671/64/286 4674/49/288
f 4671/64/286 4670/57/286 4674/49/288
f 4672/63/286 4674/49/288 4673/65/379
f 4670/57/286 4669/50/288 4674/49/288
f 4669/50/288 4675/38/288 4680/66/288
f 4686/48/288 4669/50/288 4680/66/288
f 4727/8/290 4728/58/290 4745/7/292
f 4728/58/290 4729/35/290 4745/7/292
f 4745/7/292 4750/6/290 4727/8/290
f 4750/6/290 4751/61/292 4725/59/289
f 4751/61/292 4724/60/380 4725/59/289
f 4725/59/289 4726/52/290 4750/6/290
f 4749/54/292 4745/7/292 4723/12/292
f 4745/7/292 4721/36/290 4722/13/290
f 4723/12/292 4745/7/292 4722/13/290
f 4715/14/290 4716/3/290 4703/15/290
f 4713/25/292 4714/18/290 4708/27/292
f 4714/18/290 4715/14/290 4706/17/292
f 4707/16/290 4714/18/290 4706/17/292
f 4688/37/290 4689/24/292 4711/55/292
f 4689/24/292 4747/62/290 4709/23/380
f 4710/22/292 4689/24/292 4709/23/380
f 4729/35/290 4730/56/290 4721/36/290
f 4730/56/290 4720/42/290 4721/36/290
f 4712/31/290 4687/26/290 4688/37/290
f 4734/39/290 4735/50/290 4741/38/293
f 4731/41/292 4719/43/292 4720/42/290
f 4716/3/290 4717/33/289 4696/45/290
f 4717/33/289 4691/34/293 4692/11/290
f 4695/30/290 4717/33/289 4692/11/290
f 4733/19/293 4734/39/290 4742/40/290
f 4736/57/290 4737/64/290 4740/49/290
f 4737/64/290 4738/63/292 4740/49/290
f 4738/63/292 4739/65/293 4740/49/290
f 4740/49/290 4752/48/290 4735/50/290
f 4752/48/290 4746/66/381 4735/50/290
f 4746/66/381 4741/38/293 4735/50/290
f 4795/35/294 4794/58/294 4811/7/296
f 4794/58/294 4793/8/294 4811/7/296
f 4793/8/294 4792/52/294 4816/6/294
f 4792/52/294 4791/59/294 4816/6/294
f 4791/59/294 4790/60/294 4817/61/294
f 4817/61/294 4816/6/294 4791/59/294
f 4787/36/294 4811/7/296 4788/13/294
f 4811/7/296 4815/54/296 4789/12/296
f 4815/54/296 4810/53/296 4789/12/296
f 4781/14/296 4770/29/294 4769/15/294
f 4781/14/296 4780/18/294 4772/17/296
f 4780/18/294 4779/25/294 4774/27/294
f 4773/16/294 4780/18/294 4774/27/294
f 4813/62/294 4755/24/294 4775/23/294
f 4755/24/294 4754/37/294 4777/55/294
f 4776/22/294 4755/24/294 4777/55/294
f 4786/42/296 4796/56/296 4787/36/294
f 4796/56/296 4795/35/294 4787/36/294
f 4778/31/294 4777/55/294 4754/37/294
f 4807/38/294 4801/50/294 4800/39/294
f 4797/41/296 4796/56/296 4786/42/296
f 4757/34/296 4783/33/296 4758/11/294
f 4783/33/296 4782/3/294 4762/45/294
f 4761/30/296 4783/33/296 4762/45/294
f 4799/19/294 4809/21/294 4808/40/294
f 4804/63/382 4803/64/296 4806/49/294
f 4803/64/296 4802/57/294 4806/49/294
f 4804/63/382 4806/49/294 4805/65/383
f 4802/57/294 4801/50/294 4806/49/294
f 4801/50/294 4807/38/294 4812/66/294
f 4818/48/294 4801/50/294 4812/66/294
f 4859/8/298 4860/58/298 4877/7/298
f 4860/58/298 4861/35/298 4877/7/298
f 4877/7/298 4882/6/298 4859/8/298
f 4882/6/298 4883/61/298 4857/59/298
f 4883/61/298 4856/60/298 4857/59/298
f 4857/59/298 4858/52/298 4882/6/298
f 4881/54/298 4877/7/298 4855/12/298
f 4877/7/298 4853/36/298 4854/13/298
f 4855/12/298 4877/7/298 4854/13/298
f 4847/14/300 4848/3/298 4835/15/298
f 4845/25/298 4846/18/300 4840/27/300
f 4846/18/300 4847/14/300 4838/17/298
f 4839/16/300 4846/18/300 4838/17/298
f 4820/37/298 4821/24/298 4843/55/298
f 4821/24/298 4879/62/298 4841/23/298
f 4842/22/298 4821/24/298 4841/23/298
f 4861/35/298 4862/56/298 4853/36/298
f 4862/56/298 4852/42/298 4853/36/298
f 4844/31/298 4819/26/298 4820/37/298
f 4866/39/298 4867/50/298 4873/38/303
f 4863/41/298 4851/43/298 4852/42/298
f 4848/3/298 4849/33/300 4828/45/303
f 4849/33/300 4823/34/302 4824/11/298
f 4827/30/301 4849/33/300 4824/11/298
f 4865/19/300 4866/39/298 4874/40/300
f 4868/57/298 4869/64/298 4872/49/298
f 4869/64/298 4870/63/298 4872/49/298
f 4870/63/298 4871/65/298 4872/49/298
f 4872/49/298 4884/48/298 4867/50/298
f 4884/48/298 4878/66/302 4867/50/298
f 4878/66/302 4873/38/303 4867/50/298
f 4927/35/305 4926/58/305 4943/7/305
f 4926/58/305 4925/8/304 4943/7/305
f 4925/8/304 4924/52/305 4948/6/305
f 4924/52/305 4923/59/305 4948/6/305
f 4923/59/305 4922/60/304 4949/61/304
f 4949/61/304 4948/6/305 4923/59/305
f 4919/36/305 4943/7/305 4920/13/305
f 4943/7/305 4947/54/305 4921/12/305
f 4947/54/305 4942/53/305 4921/12/305
f 4913/14/305 4902/29/304 4901/15/304
f 4913/14/305 4912/18/305 4904/17/305
f 4912/18/305 4911/25/305 4906/27/305
f 4905/16/304 4912/18/305 4906/27/305
f 4945/62/305 4887/24/305 4907/23/304
f 4887/24/305 4886/37/305 4909/55/305
f 4908/22/305 4887/24/305 4909/55/305
f 4918/42/305 4928/56/305 4919/36/305
f 4928/56/305 4927/35/305 4919/36/305
f 4910/31/305 4909/55/305 4886/37/305
f 4939/38/304 4933/50/304 4932/39/305
f 4929/41/305 4928/56/305 4918/42/305
f 4889/34/305 4915/33/305 4890/11/304
f 4915/33/305 4914/3/305 4894/45/305
f 4893/30/304 4915/33/305 4894/45/305
f 4931/19/305 4941/21/304 4940/40/305
f 4936/63/305 4935/64/305 4938/49/305
f 4935/64/305 4934/57/304 4938/49/305
f 4936/63/305 4938/49/305 4937/65/305
f 4934/57/304 4933/50/304 4938/49/305
f 4933/50/304 4939/38/304 4944/66/304
f 4950/48/305 4933/50/304 4944/66/304
f 4991/8/306 4992/58/306 5009/7/306
f 4992/58/306 4993/35/306 5009/7/306
f 5009/7/306 5014/6/306 4991/8/306
f 5014/6/306 5015/61/306 4989/59/306
f 5015/61/306 4988/60/306 4989/59/306
f 4989/59/306 4990/52/307 5014/6/306
f 5013/54/306 5009/7/306 4987/12/306
f 5009/7/306 4985/36/306 4986/13/309
f 4987/12/306 5009/7/306 4986/13/309
f 4979/14/308 4980/3/306 4967/15/308
f 4977/25/306 4978/18/306 4972/27/308
f 4978/18/306 4979/14/308 4970/17/306
f 4971/16/306 4978/18/306 4970/17/306
f 4952/37/306 4953/24/306 4975/55/306
f 4953/24/306 5011/62/308 4973/23/309
f 4974/22/309 4953/24/306 4973/23/309
f 4993/35/306 4994/56/306 4985/36/306
f 4994/56/306 4984/42/306 4985/36/306
f 4976/31/306 4951/26/306 4952/37/306
f 4998/39/306 4999/50/306 5005/38/306
f 4995/41/306 4983/43/306 4984/42/306
f 4980/3/306 4981/33/309 4960/45/306
f 4981/33/309 4955/34/306 4956/11/306
f 4959/30/306 4981/33/309 4956/11/306
f 4997/19/306 4998/39/306 5006/40/306
f 5000/57/308 5001/64/307 5004/49/306
f 5001/64/307 5002/63/306 5004/49/306
f 5002/63/306 5003/65/308 5004/49/306
f 5004/49/306 5016/48/306 4999/50/306
f 5016/48/306 5010/66/306 4999/50/306
f 5010/66/306 5005/38/306 4999/50/306
f 5059/35/310 5058/58/310 5075/7/310
f 5058/58/310 5057/8/310 5075/7/310
f 5057/8/310 5056/52/310 5080/6/310
f 5056/52/310 5055/59/310 5080/6/310
f 5055/59/310 5054/60/310 5081/61/310
f 5081/61/310 5080/6/310 5055/59/310
f 5051/36/310 5075/7/310 5052/13/310
f 5075/7/310 5079/54/310 5053/12/310
f 5079/54/310 5074/53/310 5053/12/310
f 5045/14/310 5034/29/311 5033/15/311
f 5045/14/310 5044/18/311 5036/17/311
f 5044/18/311 5043/25/310 5038/27/311
f 5037/16/311 5044/18/311 5038/27/311
f 5077/62/310 5019/24/310 5039/23/310
f 5019/24/310 5018/37/310 5041/55/310
f 5040/22/310 5019/24/310 5041/55/310
f 5050/42/310 5060/56/310 5051/36/310
f 5060/56/310 5059/35/310 5051/36/310
f 5042/31/310 5041/55/310 5018/37/310
f 5071/38/310 5065/50/310 5064/39/310
f 5061/41/310 5060/56/310 5050/42/310
f 5021/34/311 5047/33/310 5022/11/310
f 5047/33/310 5046/3/310 5026/45/310
f 5025/30/310 5047/33/310 5026/45/310
f 5063/19/311 5073/21/311 5072/40/310
f 5068/63/310 5067/64/310 5070/49/310
f 5067/64/310 5066/57/310 5070/49/310
f 5068/63/310 5070/49/310 5069/65/310
f 5066/57/310 5065/50/310 5070/49/310
f 5065/50/310 5071/38/310 5076/66/310
f 5082/48/310 5065/50/310 5076/66/310
f 5123/8/313 5124/58/313 5141/7/313
f 5124/58/313 5125/35/313 5141/7/313
f 5141/7/313 5146/6/313 5123/8/313
f 5146/6/313 5147/61/313 5121/59/313
f 5147/61/313 5120/60/384 5121/59/313
f 5121/59/313 5122/52/313 5146/6/313
f 5145/54/313 5141/7/313 5119/12/313
f 5141/7/313 5117/36/313 5118/13/313
f 5119/12/313 5141/7/313 5118/13/313
f 5111/14/312 5112/3/313 5099/15/313
f 5109/25/313 5110/18/313 5104/27/313
f 5110/18/313 5111/14/312 5102/17/313
f 5103/16/313 5110/18/313 5102/17/313
f 5084/37/313 5085/24/313 5107/55/313
f 5085/24/313 5143/62/313 5105/23/313
f 5106/22/313 5085/24/313 5105/23/313
f 5125/35/313 5126/56/313 5117/36/313
f 5126/56/313 5116/42/313 5117/36/313
f 5108/31/313 5083/26/313 5084/37/313
f 5130/39/313 5131/50/313 5137/38/312
f 5127/41/312 5115/43/312 5116/42/313
f 5112/3/313 5113/33/313 5092/45/313
f 5113/33/313 5087/34/313 5088/11/312
f 5091/30/313 5113/33/313 5088/11/312
f 5129/19/312 5130/39/313 5138/40/313
f 5132/57/312 5133/64/312 5136/49/313
f 5133/64/312 5134/63/313 5136/49/313
f 5134/63/313 5135/65/384 5136/49/313
f 5136/49/313 5148/48/313 5131/50/313
f 5148/48/313 5142/66/312 5131/50/313
f 5142/66/312 5137/38/312 5131/50/313
f 5191/35/316 5190/58/316 5207/7/316
f 5190/58/316 5189/8/316 5207/7/316
f 5189/8/316 5188/52/316 5212/6/316
f 5188/52/316 5187/59/316 5212/6/316
f 5187/59/316 5186/60/316 5213/61/316
f 5213/61/316 5212/6/316 5187/59/316
f 5183/36/316 5207/7/316 5184/13/316
f 5207/7/316 5211/54/317 5185/12/316
f 5211/54/317 5206/53/317 5185/12/316
f 5177/14/316 5166/29/317 5165/15/316
f 5177/14/316 5176/18/316 5168/17/316
f 5176/18/316 5175/25/316 5170/27/316
f 5169/16/316 5176/18/316 5170/27/316
f 5209/62/316 5151/24/316 5171/23/316
f 5151/24/316 5150/37/316 5173/55/316
f 5172/22/316 5151/24/316 5173/55/316
f 5182/42/317 5192/56/317 5183/36/316
f 5192/56/317 5191/35/316 5183/36/316
f 5174/31/316 5173/55/316 5150/37/316
f 5203/38/316 5197/50/316 5196/39/316
f 5193/41/317 5192/56/317 5182/42/317
f 5153/34/319 5179/33/316 5154/11/316
f 5179/33/316 5178/3/316 5158/45/316
f 5157/30/316 5179/33/316 5158/45/316
f 5195/19/316 5205/21/316 5204/40/316
f 5200/63/317 5199/64/317 5202/49/316
f 5199/64/317 5198/57/317 5202/49/316
f 5200/63/317 5202/49/316 5201/65/317
f 5198/57/317 5197/50/316 5202/49/316
f 5197/50/316 5203/38/316 5208/66/316
f 5214/48/316 5197/50/316 5208/66/316
f 5255/8/320 5256/58/320 5273/7/320
f 5256/58/320 5257/35/320 5273/7/320
f 5273/7/320 5278/6/320 5255/8/320
f 5278/6/320 5279/61/320 5253/59/321
f 5279/61/320 5252/60/321 5253/59/321
f 5253/59/321 5254/52/320 5278/6/320
f 5277/54/321 5273/7/320 5251/12/320
f 5273/7/320 5249/36/320 5250/13/320
f 5251/12/320 5273/7/320 5250/13/320
f 5243/14/320 5244/3/320 5231/15/320
f 5241/25/320 5242/18/320 5236/27/320
f 5242/18/320 5243/14/320 5234/17/320
f 5235/16/320 5242/18/320 5234/17/320
f 5216/37/320 5217/24/320 5239/55/320
f 5217/24/320 5275/62/320 5237/23/320
f 5238/22/320 5217/24/320 5237/23/320
f 5257/35/320 5258/56/320 5249/36/320
f 5258/56/320 5248/42/320 5249/36/320
f 5240/31/320 5215/26/320 5216/37/320
f 5262/39/320 5263/50/320 5269/38/320
f 5259/41/320 5247/43/320 5248/42/320
f 5244/3/320 5245/33/320 5224/45/321
f 5245/33/320 5219/34/321 5220/11/320
f 5223/30/320 5245/33/320 5220/11/320
f 5261/19/320 5262/39/320 5270/40/320
f 5264/57/320 5265/64/321 5268/49/320
f 5265/64/321 5266/63/320 5268/49/320
f 5266/63/320 5267/65/321 5268/49/320
f 5268/49/320 5280/48/321 5263/50/320
f 5280/48/321 5274/66/320 5263/50/320
f 5274/66/320 5269/38/320 5263/50/320
