# Blender 5.1.2
# www.blender.org
o 0004_18_Decal2
v -139.266403 -88.487251 7.752009
v -139.141678 -88.292503 7.379102
v -139.081802 -88.161835 6.983520
v -139.112122 -88.125694 6.587794
v -139.257950 -88.214470 6.214458
v -139.464890 -88.391159 5.980042
v -139.784683 -88.692001 5.779716
v -140.208771 -89.110321 5.626926
v -140.728622 -89.639488 5.535120
v -142.140823 -91.099945 5.419390
v -143.424744 -92.441772 5.395926
v -144.852127 -93.952003 5.477367
v -146.694748 -95.917664 5.676350
v -145.673965 -94.877907 5.852726
v -144.963104 -94.165962 6.046196
v -143.738388 -92.968864 6.551323
v -143.478088 -92.733040 6.767101
v -143.331848 -92.629051 7.054276
v -143.357376 -92.710228 7.371307
v -142.566727 -91.961296 7.836559
v -142.108139 -91.485619 7.865973
v -141.816269 -91.290085 8.509200
v -142.085052 -91.688217 9.187260
v -142.637833 -92.404419 9.983987
v -143.475479 -93.438057 10.890459
v -142.833694 -92.715240 10.598722
v -142.486542 -92.342415 10.546683
v -142.222794 -92.083458 10.648763
v -142.085846 -91.980331 10.884289
v -142.097672 -92.067490 11.319848
v -142.418427 -92.550247 12.173546
v -144.343704 -95.193512 15.815493
v -143.097275 -93.585251 14.057751
v -142.356094 -92.625687 12.993753
v -141.385345 -91.364082 11.572067
v -140.703812 -90.472656 10.540719
v -140.318115 -89.958420 9.900187
v -139.948807 -89.454338 9.218794
v -139.597656 -88.963066 8.501185
v -143.589752 -93.012001 7.710276
v -144.109833 -93.634445 8.160530
v -144.461731 -93.671638 6.228151
v -145.414276 -94.550522 5.531254
v -143.787125 -93.251617 7.900969
v -143.411118 -92.867508 7.959450
v -143.076553 -92.506691 7.900573
v -143.137360 -93.551338 13.615409
v -142.576477 -92.770332 12.490541
v -141.807053 -91.229523 8.212699
v -141.902817 -91.291893 7.991221
v -134.207367 -95.987015 7.752009
v -133.980072 -95.944305 7.379102
v -133.836487 -95.937729 6.983520
v -133.814346 -95.979378 6.587794
v -133.951263 -96.081337 6.214458
v -134.192612 -96.207039 5.980042
v -134.591324 -96.390877 5.779716
v -135.138031 -96.627419 5.626926
v -135.823380 -96.911232 5.535120
v -137.706467 -97.673630 5.419390
v -139.431503 -98.361526 5.395926
v -141.366425 -99.119377 5.477367
v -143.879135 -100.091644 5.676351
v -142.532745 -99.534592 5.852727
v -141.606369 -99.142128 6.046196
v -140.037704 -98.454926 6.551323
v -139.721558 -98.301895 6.767101
v -139.570358 -98.205254 7.054276
v -139.655182 -98.198524 7.371307
v -138.664642 -97.745934 7.836559
v -138.051819 -97.498871 7.865973
v -137.761215 -97.301491 8.509200
v -138.231033 -97.401596 9.187260
v -139.102142 -97.645889 9.983987
v -140.374268 -98.035423 10.890459
v -139.463699 -97.711082 10.598722
v -138.987976 -97.528839 10.546683
v -138.649094 -97.381271 10.648763
v -138.502182 -97.292923 10.884289
v -138.587433 -97.271240 11.319847
v -139.155167 -97.387833 12.173546
v -142.327133 -98.182961 15.815493
v -140.369095 -97.629616 14.057751
v -139.201767 -97.301781 12.993753
v -137.668411 -96.874214 11.572067
v -136.586609 -96.576172 10.540719
v -135.965347 -96.411156 9.900187
v -135.359634 -96.257530 9.218794
v -134.772614 -96.115936 8.501185
v -140.022034 -98.300964 7.710277
v -140.793961 -98.550049 8.160530
v -140.960236 -98.862396 6.228151
v -142.131927 -99.416435 5.531254
v -140.318130 -98.394218 7.900970
v -139.821152 -98.189438 7.959450
v -139.361282 -98.014366 7.900573
v -140.352661 -97.679482 13.615409
v -139.418442 -97.451950 12.490541
v -137.701599 -97.315620 8.212698
v -137.795303 -97.381058 7.991221
v -106.999001 -125.603912 7.752009
v -106.937218 -125.381050 7.379102
v -106.918510 -125.238541 6.983520
v -106.958138 -125.212944 6.587794
v -107.071312 -125.340752 6.214458
v -107.216988 -125.570587 5.980042
v -107.433907 -125.952316 5.779716
v -107.715858 -126.477051 5.626926
v -108.056648 -127.135933 5.535120
v -108.975655 -128.947739 5.419390
v -109.807045 -130.608383 5.395926
v -110.725906 -132.472244 5.477367
v -111.907310 -134.893677 5.676350
v -111.238327 -133.599243 5.852726
v -110.768883 -132.709396 6.046196
v -109.951401 -131.204514 6.551323
v -109.772171 -130.902451 6.767101
v -109.663086 -130.759964 7.054276
v -109.663559 -130.845062 7.371307
v -109.128769 -129.896362 7.836559
v -108.830742 -129.306656 7.865973
v -108.609482 -129.033783 8.509200
v -108.748978 -129.493454 9.187260
v -109.066109 -130.340759 9.983987
v -109.561890 -131.575378 10.890459
v -109.161659 -130.695511 10.598722
v -108.939812 -130.236923 10.546683
v -108.764107 -129.911728 10.648763
v -108.663635 -129.772827 10.884289
v -108.649254 -129.859604 11.319848
v -108.813469 -130.415436 12.173546
v -109.874138 -133.508743 15.815493
v -109.157097 -131.604553 14.057751
v -108.731667 -130.469162 12.993753
v -108.175880 -128.977478 11.572067
v -107.787369 -127.924774 10.540719
v -107.570381 -127.319702 9.900187
v -107.366051 -126.729164 9.218794
v -107.175293 -126.156219 8.501185
v -109.796669 -131.201920 7.710276
v -110.110176 -131.950012 8.160530
v -110.435486 -132.089264 6.228151
v -111.086678 -133.209869 5.531254
v -109.914642 -131.489075 7.900969
v -109.668549 -131.011200 7.959450
v -109.455193 -130.567795 7.900573
v -109.205391 -131.583969 13.615409
v -108.899628 -130.672333 12.490541
v -108.618515 -128.973190 8.212699
v -108.691643 -129.061020 7.991221
v -99.954208 -131.279404 7.752009
v -99.749596 -131.171600 7.379102
v -99.614334 -131.123001 6.983520
v -99.580894 -131.156265 6.587794
v -99.681686 -131.294052 6.214458
v -99.875252 -131.485306 5.980042
v -100.202072 -131.778503 5.779716
v -100.654778 -132.165665 5.626926
v -101.226036 -132.638870 5.535120
v -102.800751 -133.922424 5.419390
v -104.246407 -135.088196 5.395926
v -105.872009 -136.382690 5.477367
v -107.986534 -138.052368 5.676351
v -106.864128 -137.123215 5.852727
v -106.094582 -136.475143 6.046196
v -104.798149 -135.356125 6.551323
v -104.541145 -135.116699 6.767101
v -104.425156 -134.979797 7.054276
v -104.508202 -134.998367 7.371307
v -103.695053 -134.273926 7.836559
v -103.182281 -133.857224 7.865973
v -102.962753 -133.582962 8.509200
v -103.382195 -133.817078 9.187260
v -104.142601 -134.307281 9.983987
v -105.243416 -135.054459 10.890459
v -104.468887 -134.476135 10.598722
v -104.068016 -134.161774 10.546683
v -103.787674 -133.920883 10.648763
v -103.673332 -133.793152 10.884289
v -103.761177 -133.797562 11.319847
v -104.269341 -134.076324 12.173546
v -107.066040 -135.771027 15.815493
v -105.358078 -134.665146 14.057751
v -104.339233 -134.007828 12.993753
v -103.000015 -133.147308 11.572067
v -102.054115 -132.543655 10.540719
v -101.509087 -132.202866 9.900187
v -100.975563 -131.877533 9.218794
v -100.456345 -131.569199 8.501185
v -104.828552 -135.204376 7.710277
v -105.492775 -135.669922 8.160530
v -105.559608 -136.017410 6.228151
v -106.515945 -136.892181 5.531254
v -105.084015 -135.380768 7.900970
v -104.669464 -135.038605 7.959450
v -104.281631 -134.735764 7.900573
v -105.327675 -134.707962 13.615409
v -104.502014 -134.215179 12.490541
v -102.901619 -133.578888 8.212698
v -102.971870 -133.669037 7.991221
v -65.225182 -151.561188 7.752009
v -65.231834 -151.330017 7.379102
v -65.255959 -151.188324 6.983520
v -65.301369 -151.175552 6.587794
v -65.371849 -151.331039 6.214458
v -65.443306 -151.593597 5.980042
v -65.538078 -152.022308 5.779716
v -65.652847 -152.606842 5.626926
v -65.784294 -153.336884 5.535120
v -66.128464 -155.339081 5.419390
v -66.433464 -157.171005 5.395926
v -66.762146 -159.222885 5.477367
v -67.177376 -161.884964 5.676350
v -66.919632 -160.450851 5.852726
v -66.733315 -159.462173 6.046196
v -66.395706 -157.783188 6.551323
v -66.313469 -157.441711 6.767101
v -66.251221 -157.273422 7.054276
v -66.226593 -157.354874 7.371307
v -65.995186 -156.290695 7.836559
v -65.884209 -155.639343 7.865973
v -65.753197 -155.313385 8.509200
v -65.751015 -155.793732 9.187260
v -65.804321 -156.696884 9.983987
v -65.914185 -158.022781 10.890459
v -65.791069 -157.064026 10.598722
v -65.714241 -156.560425 10.546683
v -65.642189 -156.197906 10.648763
v -65.587128 -156.035553 10.884289
v -65.547798 -156.114227 11.319848
v -65.540894 -156.693787 12.173546
v -65.642723 -159.962296 15.815493
v -65.518776 -157.931351 14.057751
v -65.446892 -156.720993 12.993753
v -65.355453 -155.131775 11.572067
v -65.294479 -154.011322 10.540719
v -65.265465 -153.369171 9.900187
v -65.244270 -152.744644 9.218794
v -65.230850 -152.140930 8.501185
v -66.248611 -157.735107 7.710276
v -66.327698 -158.542374 8.160530
v -66.597511 -158.771317 6.228151
v -66.889488 -160.034073 5.531254
v -66.276711 -158.044281 7.900969
v -66.182396 -157.515106 7.959450
v -66.109200 -157.028519 7.900573
v -65.570999 -157.925903 13.615409
v -65.547508 -156.964661 12.490541
v -65.779694 -155.258133 8.212699
v -65.823685 -155.363617 7.991221
v -56.820538 -154.908173 7.752009
v -56.656792 -154.744858 7.379102
v -56.541862 -154.658539 6.983520
v -56.500103 -154.680481 6.587794
v -56.555805 -154.841858 6.214458
v -56.684406 -155.081665 5.980042
v -56.910294 -155.458160 5.779716
v -57.228771 -155.961548 5.626926
v -57.635178 -156.582108 5.535120
v -58.761623 -158.272781 5.419390
v -59.799461 -159.812866 5.395926
v -60.971310 -161.528976 5.477367
v -62.499779 -163.747711 5.676351
v -61.701092 -162.529037 5.852727
v -61.156746 -161.682938 6.046196
v -60.247726 -160.231506 6.551323
v -60.072704 -159.926971 6.767101
v -60.002216 -159.761963 7.054276
v -60.076099 -159.804184 7.371307
v -59.512596 -158.872253 7.836559
v -59.145424 -158.322922 7.865973
v -59.016483 -157.996140 8.509200
v -59.348289 -158.343491 9.187260
v -59.930435 -159.036041 9.983987
v -60.762123 -160.074478 10.890459
v -60.192455 -159.293564 10.598722
v -59.902050 -158.875015 10.546683
v -59.705162 -158.562195 10.648763
v -59.633545 -158.406433 10.884289
v -59.716187 -158.436554 11.319847
v -60.119617 -158.852692 12.173546
v -62.292580 -161.296417 15.815493
v -60.986435 -159.736252 14.057751
v -60.206596 -158.807831 12.993753
v -59.180500 -157.590820 11.572067
v -58.454540 -156.735184 10.540719
v -58.034168 -156.248901 9.900187
v -57.620232 -155.780762 9.218794
v -57.214954 -155.333099 8.501185
v -60.321503 -160.095459 7.710277
v -60.819004 -160.736099 8.160530
v -60.780453 -161.087845 6.228151
v -61.436474 -162.205627 5.531254
v -60.513626 -160.339310 7.900970
v -60.218342 -159.890167 7.959450
v -59.936996 -159.486465 7.900573
v -60.944771 -159.768204 13.615409
v -60.301025 -159.053955 12.490541
v -58.959270 -157.974228 8.212698
v -58.999832 -158.081085 7.991221
v -17.656439 -164.052963 7.752009
v -17.730927 -163.834015 7.379102
v -17.795746 -163.705734 6.983520
v -17.842905 -163.706909 6.587794
v -17.864426 -163.876266 6.214458
v -17.855322 -164.148224 5.980042
v -17.819527 -164.585815 5.779716
v -17.756910 -165.178207 5.626926
v -17.667345 -165.914566 5.535120
v -17.406094 -167.929260 5.419390
v -17.157602 -169.769699 5.395926
v -16.866915 -171.827316 5.477367
v -16.479073 -174.493515 5.676350
v -16.655472 -173.047150 5.852726
v -16.768835 -172.047470 6.046196
v -16.941088 -170.343567 6.551323
v -16.963148 -169.993027 6.767101
v -16.953274 -169.813858 7.054276
v -16.905725 -169.884430 7.371307
v -16.998255 -168.799316 7.836559
v -17.084188 -168.144196 7.865973
v -17.055077 -167.794098 8.509200
v -16.911409 -168.252472 9.187260
v -16.696154 -169.131210 9.983987
v -16.410343 -170.430588 10.890459
v -16.575275 -169.478134 10.598722
v -16.650295 -168.974258 10.546683
v -16.688292 -168.606598 10.648763
v -16.683527 -168.435226 10.884289
v -16.622761 -168.498825 11.319848
v -16.445337 -169.050598 12.173546
v -15.579281 -172.203934 15.815493
v -16.059444 -170.226669 14.057751
v -16.347490 -169.048904 12.993753
v -16.728527 -167.503326 11.572067
v -17.000500 -166.414673 10.540719
v -17.162046 -165.792511 9.900187
v -17.325865 -165.189468 9.218794
v -17.490986 -164.608612 8.501185
v -16.814695 -170.254272 7.710276
v -16.652344 -171.048965 8.160530
v -16.842682 -171.347275 6.228151
v -16.749506 -172.639999 5.531254
v -16.750423 -170.557983 7.900969
v -16.816269 -170.024506 7.959450
v -16.889744 -169.537964 7.900573
v -16.110949 -170.236862 13.615409
v -16.371822 -169.311386 12.490541
v -17.096674 -167.749115 8.212699
v -17.107624 -167.862885 7.991221
v -8.638659 -164.774078 7.752009
v -8.530325 -164.569748 7.379102
v -8.445942 -164.453384 6.983520
v -8.399569 -164.462036 6.587794
v -8.405236 -164.632660 6.214458
v -8.457443 -164.899719 5.980042
v -8.562325 -165.326065 5.779716
v -8.718284 -165.900986 5.626926
v -8.923733 -166.613754 5.535120
v -9.501831 -168.561325 5.419390
v -10.039639 -170.338882 5.395926
v -10.653622 -172.324158 5.477367
v -11.460236 -174.894836 5.676351
v -11.056228 -173.494888 5.852727
v -10.785441 -172.525925 6.046196
v -10.344599 -170.871048 6.551323
v -10.267112 -170.528473 6.767101
v -10.248389 -170.350006 7.054276
v -10.306547 -170.412125 7.371307
v -10.042752 -169.355515 7.836559
v -9.853799 -168.722366 7.865973
v -9.826907 -168.372101 8.509200
v -10.041592 -168.801819 9.187260
v -10.393755 -169.635178 9.983987
v -10.882428 -170.872620 10.890459
v -10.568233 -169.958496 10.598722
v -10.414091 -169.472946 10.546683
v -10.318151 -169.115982 10.648763
v -10.295621 -168.946045 10.884289
v -10.365722 -168.999176 11.319847
v -10.628575 -169.515732 12.173546
v -11.984743 -172.491364 15.815493
v -11.196461 -170.615540 14.057751
v -10.724909 -169.498505 12.993753
v -10.103098 -168.033127 11.572067
v -9.661577 -167.001526 10.540719
v -9.403211 -166.412933 9.900187
v -9.145642 -165.843597 9.218794
v -8.890312 -165.296371 8.501185
v -10.455195 -170.762802 7.710277
v -10.741776 -171.521606 8.160530
v -10.601261 -171.846375 6.228151
v -10.898685 -173.107849 5.531254
v -10.566913 -171.052444 7.900970
v -10.417128 -170.536224 7.959450
v -10.267268 -170.067535 7.900573
v -11.147233 -170.633789 13.615409
v -10.742601 -169.761536 12.490541
v -9.778690 -168.334305 8.212698
v -9.785957 -168.448349 7.991221
v 31.481028 -161.969345 7.752009
v 31.345316 -161.782074 7.379102
v 31.245565 -161.678604 6.983520
v 31.200846 -161.693619 6.587794
v 31.230200 -161.861801 6.214458
v 31.319057 -162.118988 5.980042
v 31.482239 -162.526596 5.779716
v 31.716673 -163.074219 5.626926
v 32.019299 -163.751465 5.535120
v 32.862755 -165.599655 5.419390
v 33.642662 -167.285095 5.395926
v 34.526897 -169.165634 5.477367
v 35.683350 -171.599075 5.676350
v 35.088482 -170.268951 5.852726
v 34.685509 -169.347107 6.046196
v 34.018700 -167.769653 6.551323
v 33.894299 -167.441193 6.767101
v 33.850925 -167.267075 7.054276
v 33.917164 -167.320496 7.371307
v 33.508919 -166.310867 7.836559
v 33.233707 -165.710159 7.865973
v 33.158340 -165.367035 8.509200
v 33.430725 -165.762711 9.187260
v 33.895420 -166.538956 9.983987
v 34.551514 -167.696381 10.890459
v 34.113186 -166.834854 10.598722
v 33.892982 -166.375473 10.546683
v 33.748310 -166.035339 10.648763
v 33.702354 -165.870178 10.884289
v 33.779163 -165.913040 11.319848
v 34.111336 -166.388016 12.173546
v 35.868336 -169.145996 15.815493
v 34.826721 -167.398102 14.057751
v 34.204338 -166.357544 12.993753
v 33.384682 -164.992935 11.572067
v 32.803921 -164.032806 10.540719
v 32.466171 -163.485886 9.900187
v 32.131889 -162.957932 9.218794
v 31.802904 -162.451553 8.501185
v 34.113155 -167.647064 7.710276
v 34.502529 -168.358627 8.160530
v 34.408569 -168.699783 6.228151
v 34.878620 -169.907608 5.531254
v 34.264088 -167.918350 7.900969
v 34.043934 -167.427994 7.959450
v 33.830318 -166.984711 7.900573
v 34.780510 -167.423019 13.615409
v 34.258453 -166.615555 12.490541
v 33.105335 -165.336319 8.212699
v 33.128399 -165.448257 7.991221
v 40.310753 -160.000504 7.752009
v 40.354050 -159.773331 7.379102
v 40.400391 -159.637268 6.983520
v 40.447254 -159.631866 6.587794
v 40.492130 -159.796585 6.214458
v 40.520954 -160.067169 5.980042
v 40.546394 -160.505493 5.779716
v 40.566811 -161.100830 5.626926
v 40.580574 -161.842499 5.535120
v 40.602184 -163.873932 5.419390
v 40.612186 -165.731049 5.395926
v 40.610619 -167.809097 5.477367
v 40.597523 -170.503326 5.676351
v 40.570961 -169.046478 5.852727
v 40.544125 -168.040756 6.046196
v 40.477623 -166.329453 6.551323
v 40.450695 -165.979248 6.767101
v 40.415989 -165.803207 7.054276
v 40.378723 -165.879700 7.371307
v 40.319370 -164.792282 7.836559
v 40.313316 -164.131561 7.865973
v 40.235775 -163.788925 8.509200
v 40.157280 -164.262833 9.187260
v 40.066387 -165.162964 9.983987
v 39.964149 -166.489471 10.890459
v 39.994957 -165.523346 10.598722
v 39.999138 -165.013931 10.546683
v 39.985611 -164.644562 10.648763
v 39.957047 -164.475525 10.884289
v 39.905720 -164.546951 11.319847
v 39.806797 -165.118042 12.173546
v 39.387913 -168.361206 15.815493
v 39.588295 -166.336365 14.057751
v 39.709663 -165.129974 12.993753
v 39.871944 -163.546417 11.572067
v 39.989799 -162.430511 10.540719
v 40.063206 -161.791916 9.900187
v 40.141525 -161.171951 9.218794
v 40.224220 -160.573776 8.501185
v 40.340034 -166.258606 7.710277
v 40.289837 -167.068176 8.160530
v 40.519829 -167.337097 6.228151
v 40.607430 -168.630203 5.531254
v 40.318649 -166.568314 7.900970
v 40.309628 -166.030869 7.959450
v 40.314690 -165.538834 7.900573
v 39.640717 -166.339294 13.615409
v 39.770283 -165.386536 12.490541
v 40.270710 -163.738602 8.212698
v 40.297382 -163.849731 7.991221
v 77.821564 -145.495468 7.752009
v 77.636688 -145.356522 7.379102
v 77.510864 -145.287033 6.983520
v 77.472565 -145.314575 6.587794
v 77.550179 -145.466629 6.214458
v 77.710892 -145.686203 5.980042
v 77.986969 -146.027603 5.779716
v 78.372391 -146.481796 5.626926
v 78.861191 -147.039764 5.535120
v 80.211914 -148.557266 5.419390
v 81.453941 -149.937958 5.395926
v 82.853165 -151.474335 5.477367
v 84.675484 -153.458817 5.676350
v 83.714996 -152.363113 5.852726
v 83.058220 -151.600983 6.046196
v 81.956093 -150.290161 6.551323
v 81.740402 -150.012939 6.767101
v 81.647644 -149.859344 7.054276
v 81.726685 -149.890869 7.371307
v 81.038994 -149.046417 7.836559
v 80.598961 -148.553513 7.865973
v 80.425804 -148.247849 8.509200
v 80.802711 -148.545654 9.187260
v 81.475555 -149.150467 9.983987
v 82.443642 -150.063095 10.890459
v 81.770859 -149.369034 10.598722
v 81.425041 -148.994965 10.546683
v 81.186546 -148.712585 10.648763
v 81.093948 -148.568298 10.884289
v 81.179977 -148.586624 11.319848
v 81.637390 -148.942581 12.173546
v 84.129234 -151.060196 15.815493
v 82.618713 -149.696945 14.057751
v 81.717278 -148.886063 12.993753
v 80.531830 -147.823654 11.572067
v 79.693878 -147.077362 10.540719
v 79.209930 -146.654282 9.900187
v 78.734894 -146.248291 9.218794
v 78.271263 -145.861374 8.501185
v 82.010223 -150.145172 7.710276
v 82.592026 -150.710358 8.160530
v 82.602791 -151.064041 6.228151
v 83.407959 -152.079681 5.531254
v 82.234406 -150.359909 7.900969
v 81.879501 -149.956223 7.959450
v 81.544724 -149.595596 7.900573
v 82.581894 -149.734375 13.615409
v 81.845032 -149.116653 12.490541
v 80.366096 -148.234116 8.212699
v 80.421135 -148.334290 7.991221
v 85.678749 -141.011612 7.752009
v 85.653168 -140.781769 7.379102
v 85.657349 -140.638092 6.983520
v 85.700539 -140.619110 6.587794
v 85.791962 -140.763290 6.214458
v 85.899261 -141.013351 5.980042
v 86.052765 -141.424713 5.779716
v 86.247742 -141.987579 5.626926
v 86.479492 -142.692245 5.535120
v 87.098892 -144.627075 5.419390
v 87.655815 -146.398743 5.395926
v 88.266808 -148.384933 5.477367
v 89.048393 -150.963333 5.676351
v 88.593613 -149.579041 5.852727
v 88.271545 -148.625900 6.046196
v 87.703613 -147.010223 6.551323
v 87.574661 -146.683517 6.767101
v 87.489601 -146.525513 7.054276
v 87.476540 -146.609604 7.371307
v 87.099319 -145.587967 7.836559
v 86.898788 -144.958389 7.865973
v 86.723701 -144.653824 8.509200
v 86.788376 -145.129822 9.187260
v 86.966827 -146.016754 9.983987
v 87.260109 -147.314468 10.890459
v 87.004791 -146.382187 10.598722
v 86.858643 -145.894165 10.546683
v 86.736847 -145.545197 10.648763
v 86.659729 -145.392075 10.884289
v 86.631737 -145.475464 11.319847
v 86.705528 -146.050339 12.173546
v 87.261147 -149.272903 15.815493
v 86.855827 -147.278946 14.057751
v 86.616226 -146.090378 12.993753
v 86.304565 -144.529327 11.572067
v 86.088280 -143.428268 10.540719
v 85.970200 -142.796402 9.900187
v 85.862312 -142.180893 9.218794
v 85.765030 -141.584915 8.501185
v 87.551254 -146.983078 7.710277
v 87.741898 -147.771469 8.160530
v 88.040932 -147.960663 6.228151
v 88.505768 -149.170502 5.531254
v 87.622093 -147.285324 7.900970
v 87.455070 -146.774414 7.959450
v 87.314888 -146.302750 7.900573
v 86.906776 -147.266296 13.615409
v 86.749771 -146.317673 12.490541
v 86.742256 -144.595444 8.212698
v 86.800491 -144.693771 7.991221
v 117.247963 -116.094963 7.752009
v 117.030350 -116.016685 7.379102
v 116.889633 -115.987366 6.983520
v 116.861145 -116.024971 6.587794
v 116.980133 -116.147392 6.214458
v 117.198433 -116.309845 5.980042
v 117.562866 -116.554718 5.779716
v 118.065033 -116.875130 5.626926
v 118.696579 -117.264252 5.535120
v 120.434570 -118.316216 5.419390
v 122.028366 -119.269501 5.395926
v 123.818268 -120.325211 5.477367
v 126.144539 -121.684441 5.676350
v 124.903778 -120.920502 5.852726
v 124.051544 -120.385803 6.046196
v 122.612022 -119.458046 6.551323
v 122.324203 -119.256721 6.767101
v 122.190292 -119.137283 7.054276
v 122.275116 -119.144119 7.371307
v 121.369080 -118.539864 7.836559
v 120.803314 -118.198563 7.865973
v 120.547760 -117.957504 8.509200
v 120.995697 -118.130997 9.187260
v 121.816910 -118.510620 9.983987
v 123.010986 -119.097366 10.890459
v 122.163521 -118.632439 10.598722
v 121.722809 -118.376915 10.546683
v 121.411682 -118.177368 10.648763
v 121.280670 -118.066795 10.884289
v 121.368279 -118.058937 11.319848
v 121.910286 -118.264275 12.173546
v 124.915581 -119.553368 15.815493
v 123.070358 -118.695892 14.057751
v 121.969971 -118.186714 12.993753
v 120.524048 -117.520905 11.572067
v 119.503357 -117.054733 10.540719
v 118.916206 -116.793091 9.900187
v 118.342613 -116.545158 9.218794
v 117.785538 -116.312073 8.501185
v 122.621017 -119.303551 7.710276
v 123.343552 -119.672142 8.160530
v 123.458084 -120.006950 6.228151
v 124.526833 -120.740150 5.531254
v 122.898529 -119.442680 7.900969
v 122.440407 -119.161530 7.959450
v 122.014214 -118.915596 7.900573
v 123.046211 -118.742516 13.615409
v 122.160011 -118.369408 12.490541
v 120.486656 -117.961983 8.212699
v 120.568771 -118.041473 7.991221
v 123.434540 -109.494461 7.752009
v 123.342346 -109.282364 7.379102
v 123.303993 -109.143845 6.983520
v 123.339676 -109.112984 6.587794
v 123.469536 -109.223801 6.214458
v 123.645767 -109.431137 5.980042
v 123.913689 -109.778969 5.779716
v 124.265915 -110.259369 5.626926
v 124.695061 -110.864418 5.535120
v 125.857224 -112.530739 5.419390
v 126.911583 -114.059555 5.395926
v 128.080841 -115.777435 5.477367
v 129.587677 -118.010933 5.676351
v 128.745087 -116.822166 5.852727
v 128.156403 -116.006302 6.046196
v 127.137482 -114.629791 6.551323
v 126.917969 -114.355598 6.767101
v 126.790123 -114.229691 7.054276
v 126.802422 -114.313889 7.371307
v 126.140839 -113.448830 7.836559
v 125.763664 -112.906326 7.865973
v 125.506584 -112.666893 8.509200
v 125.708679 -113.102676 9.187260
v 126.140617 -113.897621 9.983987
v 126.803360 -115.051247 10.890459
v 126.284599 -114.235626 10.598722
v 126.001106 -113.812363 10.546683
v 125.781860 -113.514786 10.648763
v 125.663040 -113.391205 10.884289
v 125.660866 -113.479141 11.319847
v 125.900826 -114.006729 12.173546
v 127.381577 -116.922363 15.815493
v 126.406563 -115.136459 14.057751
v 125.827293 -114.071304 12.993753
v 125.069366 -112.671463 11.572067
v 124.538162 -111.683060 10.540719
v 124.239098 -111.114067 9.900187
v 123.954582 -110.557701 9.218794
v 123.685959 -110.016869 8.501185
v 126.983894 -114.648758 7.710277
v 127.398445 -115.345940 8.160530
v 127.739960 -115.438583 6.228151
v 128.540741 -116.457680 5.531254
v 127.140678 -114.916695 7.900970
v 126.830482 -114.477715 7.959450
v 126.557503 -114.068314 7.900573
v 126.451530 -115.109352 13.615409
v 126.021896 -114.249138 12.490541
v 125.507095 -112.605629 8.212698
v 125.591736 -112.682434 7.991221
v 146.257416 -76.379936 7.752009
v 146.026398 -76.369270 7.379102
v 145.883286 -76.382729 6.983520
v 145.867157 -76.427055 6.587794
v 146.016937 -76.508972 6.214458
v 146.273407 -76.599869 5.980042
v 146.693832 -76.726448 5.779716
v 147.268127 -76.884613 5.626926
v 147.986313 -77.070305 5.535120
v 149.957153 -77.563286 5.419390
v 151.761124 -78.004463 5.395926
v 153.782669 -78.485725 5.477367
v 156.406219 -79.098923 5.676350
v 154.995422 -78.734627 5.852726
v 154.023438 -78.474869 6.046196
v 152.374420 -78.012611 6.551323
v 152.040054 -77.905060 6.767101
v 151.876877 -77.830399 7.054276
v 151.959946 -77.811928 7.371307
v 150.916061 -77.501564 7.836559
v 150.274841 -77.342171 7.865973
v 149.959595 -77.187149 8.509200
v 150.438766 -77.220901 9.187260
v 151.335388 -77.341621 9.983987
v 152.649353 -77.550362 10.890459
v 151.702499 -77.355873 10.598722
v 151.206055 -77.241592 10.546683
v 150.849930 -77.142616 10.648763
v 150.692154 -77.075562 10.884289
v 150.773560 -77.042236 11.319848
v 151.352005 -77.078697 12.173546
v 154.603745 -77.424744 15.815493
v 152.587753 -77.149223 14.057751
v 151.386185 -76.986992 12.993753
v 149.808243 -76.776932 11.572067
v 148.695496 -76.632309 10.540719
v 148.057312 -76.555351 9.900187
v 147.436127 -76.487488 9.218794
v 146.835098 -76.428955 8.501185
v 152.337479 -77.862328 7.710276
v 153.136551 -78.001587 8.160530
v 153.344681 -78.287766 6.228151
v 154.582062 -78.673386 5.531254
v 152.643677 -77.913475 7.900969
v 152.123032 -77.779846 7.959450
v 151.643280 -77.670456 7.900573
v 152.578430 -77.200890 13.615409
v 151.621628 -77.105560 12.490541
v 149.902527 -77.209435 8.212699
v 150.004410 -77.261200 7.991221
v 150.223724 -68.249207 7.752009
v 150.073120 -68.073700 7.379102
v 149.995636 -67.952637 6.983520
v 150.020630 -67.912636 6.587794
v 150.177383 -67.980255 6.214458
v 150.406906 -68.126434 5.980042
v 150.765442 -68.379852 5.779716
v 151.243622 -68.735092 5.626926
v 151.832031 -69.186783 5.535120
v 153.433701 -70.436539 5.419390
v 154.891830 -71.586678 5.395926
v 156.515472 -72.883614 5.477367
v 158.613663 -74.573769 5.676351
v 157.458145 -73.686157 5.852727
v 156.655136 -73.080048 6.046196
v 155.275757 -72.065002 6.551323
v 154.985184 -71.867691 6.767101
v 154.825912 -71.785057 7.054276
v 154.862488 -71.861893 7.371307
v 153.975311 -71.230255 7.836559
v 153.455002 -70.823013 7.865973
v 153.138763 -70.669991 8.509200
v 153.460327 -71.026848 9.187260
v 154.107376 -71.659172 9.983987
v 155.080704 -72.566208 10.890459
v 154.344589 -71.939720 10.598722
v 153.948944 -71.618820 10.546683
v 153.651718 -71.399086 10.648763
v 153.501755 -71.316017 10.884289
v 153.525604 -71.400681 11.319847
v 153.910400 -71.834106 12.173546
v 156.184738 -74.183784 15.815493
v 154.726654 -72.764595 14.057751
v 153.859161 -71.917488 12.993753
v 152.722321 -70.803230 11.572067
v 151.923386 -70.015297 10.540719
v 151.469910 -69.559723 9.900187
v 151.034042 -69.111931 9.218794
v 150.617950 -68.674301 8.501185
v 155.134583 -72.128395 7.710277
v 155.736206 -72.672424 8.160530
v 156.089859 -72.660294 6.228151
v 157.155426 -73.398087 5.531254
v 155.363373 -72.338219 7.900970
v 154.937576 -72.010162 7.959450
v 154.556061 -71.699409 7.900573
v 154.761627 -72.725433 13.615409
v 154.097534 -72.030067 12.490541
v 153.121201 -70.611298 8.212698
v 153.224716 -70.659744 7.991221
v 162.272552 -29.878889 7.752009
v 162.048645 -29.936790 7.379102
v 161.915878 -29.991831 6.983520
v 161.913513 -30.038946 6.587794
v 162.080780 -30.073074 6.214458
v 162.352661 -30.084339 5.980042
v 162.791718 -30.081379 5.779716
v 163.387131 -30.063251 5.626926
v 164.128128 -30.029020 5.535120
v 166.156723 -29.919210 5.419390
v 168.010590 -29.809088 5.395926
v 170.084183 -29.673134 5.477367
v 172.771927 -29.485825 5.676350
v 171.316406 -29.553534 5.852726
v 170.311066 -29.591797 6.046196
v 168.599045 -29.636108 6.551323
v 168.247833 -29.631884 6.767101
v 168.069901 -29.608635 7.054276
v 168.143829 -29.566500 7.371307
v 167.054840 -29.577599 7.836559
v 166.395126 -29.614285 7.865973
v 166.048187 -29.559065 8.509200
v 166.516022 -29.450089 9.187260
v 167.408401 -29.301170 9.983987
v 168.725510 -29.113359 10.890459
v 167.763412 -29.206583 10.598722
v 167.255325 -29.243702 10.546683
v 166.885849 -29.254087 10.648763
v 166.715317 -29.236517 10.884289
v 166.783279 -29.180677 11.319848
v 167.346786 -29.045027 12.173546
v 170.556061 -28.417280 15.815493
v 168.548431 -28.748192 14.057751
v 167.352402 -28.947327 12.993753
v 165.782654 -29.211681 11.572067
v 164.676712 -29.401455 10.540719
v 164.044205 -29.516006 9.900187
v 163.430603 -29.634256 9.218794
v 162.839020 -29.755465 8.501185
v 168.519440 -29.503389 7.710276
v 169.324066 -29.400940 8.160530
v 169.607300 -29.613060 6.228151
v 170.903366 -29.616846 5.531254
v 168.827118 -29.462017 7.900969
v 168.290222 -29.487774 7.959450
v 167.799545 -29.524645 7.900573
v 168.554733 -28.800314 13.615409
v 167.612350 -28.991226 12.490541
v 166.000229 -29.597181 8.212699
v 166.112839 -29.616611 7.991221
v 163.666214 -20.940315 7.752009
v 163.470566 -20.817001 7.379102
v 163.360840 -20.724152 6.983520
v 163.372940 -20.678555 6.587794
v 163.542664 -20.696970 6.214458
v 163.805069 -20.769009 5.980042
v 164.222382 -20.905489 5.779716
v 164.784012 -21.104015 5.626926
v 165.479416 -21.362209 5.535120
v 167.378281 -22.084373 5.419390
v 169.110641 -22.753647 5.395926
v 171.044418 -23.514416 5.477367
v 173.547562 -24.511070 5.676351
v 172.181747 -24.003469 5.852727
v 171.235764 -23.660961 6.046196
v 169.618500 -23.097561 6.551323
v 169.282669 -22.994663 6.767101
v 169.106110 -22.962643 7.054276
v 169.163712 -23.025284 7.371307
v 168.129791 -22.683189 7.836559
v 167.512543 -22.447403 7.865973
v 167.165268 -22.394384 8.509200
v 167.577728 -22.640614 9.187260
v 168.382401 -23.054129 9.983987
v 169.579834 -23.633999 10.890459
v 168.691757 -23.252304 10.598722
v 168.219101 -23.062271 10.546683
v 167.870331 -22.939899 10.648763
v 167.702545 -22.904720 10.884289
v 167.750275 -22.978598 11.319847
v 168.245728 -23.279356 12.173546
v 171.111572 -24.854317 15.815493
v 169.299973 -23.927921 14.057751
v 168.221344 -23.374132 12.993753
v 166.806595 -22.644445 11.572067
v 165.810913 -22.126995 10.540719
v 165.243301 -21.825321 9.900187
v 164.694824 -21.525885 9.218794
v 164.168228 -21.230335 8.501185
v 169.502274 -23.199749 7.710277
v 170.237518 -23.542288 8.160530
v 170.571884 -23.426460 6.228151
v 171.807587 -23.817417 5.531254
v 169.782745 -23.332821 7.900970
v 169.279175 -23.144838 7.959450
v 168.823013 -22.960339 7.900573
v 169.321854 -23.880196 13.615409
v 168.482315 -23.411449 12.490541
v 167.131180 -22.343475 8.212698
v 167.244370 -22.359255 7.991221
v 163.870468 19.276766 7.752009
v 163.673584 19.155443 7.379102
v 163.562927 19.063713 6.983520
v 163.574554 19.017996 6.587794
v 163.744461 19.034685 6.214458
v 164.007584 19.104055 5.980042
v 164.426254 19.236290 5.779716
v 164.989868 19.429102 5.626926
v 165.687866 19.680218 5.535120
v 167.593979 20.383059 5.419390
v 169.333038 21.034698 5.395926
v 171.274445 21.775787 5.477367
v 173.787582 22.746964 5.676350
v 172.416687 22.253263 5.852726
v 171.467270 21.920380 6.046196
v 169.844360 21.373436 6.551323
v 169.507507 21.273956 6.767101
v 169.330627 21.243731 7.054276
v 169.388855 21.305784 7.371307
v 168.351517 20.974209 7.836559
v 167.731918 20.744705 7.865973
v 167.384109 20.695215 8.509200
v 167.799057 20.937241 9.187260
v 168.607895 21.342564 9.983987
v 169.811142 21.910240 10.890459
v 168.919250 21.537586 10.598722
v 168.444687 21.352365 10.546683
v 168.094681 21.233541 10.648763
v 167.926544 21.200068 10.884289
v 167.975037 21.273457 11.319848
v 168.473511 21.569168 12.173546
v 171.355209 23.114935 15.815493
v 169.534286 22.206991 14.057751
v 168.450104 21.664186 12.993753
v 167.028000 20.948908 11.572067
v 166.027115 20.441597 10.540719
v 165.456467 20.145704 9.900187
v 164.904968 19.851856 9.218794
v 164.375397 19.561670 8.501185
v 169.729187 21.476799 7.710276
v 170.467865 21.811853 8.160530
v 170.801041 21.692636 6.228151
v 172.040649 22.071020 5.531254
v 170.010986 21.607016 7.900969
v 169.505539 21.424160 7.959450
v 169.047531 21.244303 7.900573
v 169.555679 22.159046 13.615409
v 168.711426 21.698851 12.490541
v 167.349518 20.644655 8.212699
v 167.462860 20.659285 7.991221
v 162.567657 28.229031 7.752009
v 162.344360 28.289202 7.379102
v 162.212143 28.345589 6.983520
v 162.210266 28.392725 6.587794
v 162.377869 28.425152 6.214458
v 162.649857 28.433655 5.980042
v 163.088852 28.426235 5.779716
v 163.684052 28.402061 5.626926
v 164.424667 28.360306 5.535120
v 166.452026 28.229895 5.419390
v 168.304688 28.100948 5.395926
v 170.376801 27.943939 5.477367
v 173.062500 27.729336 5.676351
v 171.607742 27.811827 5.852727
v 170.602829 27.860302 6.046196
v 168.891357 27.922001 6.551323
v 168.540115 27.921343 6.767101
v 168.361969 27.899902 7.054276
v 168.435471 27.857018 7.371307
v 167.346649 27.879177 7.836559
v 166.687332 27.922565 7.865973
v 166.339844 27.870871 8.509200
v 166.806549 27.757149 9.187260
v 167.697372 27.599174 9.983987
v 169.012512 27.397991 10.890459
v 168.051392 27.500984 10.598722
v 167.543732 27.543262 10.546683
v 167.174377 27.557400 10.648763
v 167.003677 27.541563 10.884289
v 167.071060 27.485037 11.319847
v 167.633148 27.343670 12.173546
v 170.835892 26.683357 15.815493
v 168.831726 27.034645 14.057751
v 167.637787 27.245918 12.993753
v 166.070801 27.526201 11.572067
v 164.966843 27.727200 10.540719
v 164.335526 27.848171 9.900187
v 163.723160 27.972647 9.218794
v 163.132843 28.099857 8.501185
v 168.810410 27.790096 7.710277
v 169.613953 27.679478 8.160530
v 169.899338 27.888710 6.228151
v 171.195358 27.879333 5.531254
v 169.117645 27.745602 7.900970
v 168.581039 27.776810 7.959450
v 168.090759 27.818665 7.900573
v 168.838562 27.086697 13.615409
v 167.898163 27.287174 12.490541
v 166.292267 27.909473 8.212698
v 166.405090 27.927757 7.991221
v 150.909225 66.719757 7.752009
v 150.756836 66.545792 7.379102
v 150.678131 66.425522 6.983520
v 150.702728 66.385269 6.587794
v 150.860168 66.451294 6.214458
v 151.091156 66.595131 5.980042
v 151.452255 66.844894 5.779716
v 151.934006 67.195259 5.626926
v 152.526978 67.640953 5.535120
v 154.141251 68.874374 5.419390
v 155.610992 70.009644 5.395926
v 157.247726 71.290024 5.477367
v 159.362976 72.958778 5.676350
v 158.198486 72.082947 5.852726
v 157.389374 71.485023 6.046196
v 155.999771 70.484039 6.551323
v 155.707199 70.289696 6.767101
v 155.547089 70.208679 7.054276
v 155.584442 70.285141 7.371307
v 154.690903 69.662544 7.836559
v 154.166473 69.260612 7.865973
v 153.848709 69.110809 8.509200
v 154.173874 69.464386 9.187260
v 154.827316 70.090103 9.983987
v 155.809799 70.987206 10.890459
v 155.067368 70.368233 10.598722
v 154.668472 70.051361 10.546683
v 154.369049 69.834656 10.648763
v 154.218246 69.753113 10.884289
v 154.242950 69.837532 11.319848
v 154.632126 70.267029 12.173546
v 156.930206 72.593491 15.815493
v 155.457779 71.189178 14.057751
v 154.581741 70.350929 12.993753
v 153.433640 69.248276 11.572067
v 152.626740 68.468498 10.540719
v 152.168655 68.017555 9.900187
v 151.728271 67.574211 9.218794
v 151.307755 67.140831 8.501185
v 155.859238 70.548866 7.710276
v 156.466354 71.086754 8.160530
v 156.819870 71.071037 6.228151
v 157.892883 71.797974 5.531254
v 156.090149 70.756355 7.900969
v 155.661041 70.432648 7.959450
v 155.276382 70.125778 7.900573
v 155.492355 71.149666 13.615409
v 154.821243 70.461075 12.490541
v 153.830551 69.052299 8.212699
v 153.934555 69.099686 7.991221
v 147.025696 74.890350 7.752009
v 146.794571 74.882027 7.379102
v 146.651611 74.896942 6.983520
v 146.635925 74.941429 6.587794
v 146.786530 75.021820 6.214458
v 147.043930 75.110107 5.980042
v 147.465607 75.232407 5.779716
v 148.041489 75.384735 5.626926
v 148.761505 75.563126 5.535120
v 150.737259 76.036057 5.419390
v 152.545609 76.458893 5.395926
v 154.571945 76.919586 5.477367
v 157.201599 77.506111 5.676351
v 155.787155 77.156158 5.852727
v 154.812592 76.906296 6.046196
v 153.158966 76.460808 6.551323
v 152.823517 76.356659 6.767101
v 152.659607 76.283661 7.054276
v 152.742477 76.264343 7.371307
v 151.695496 75.964600 7.836559
v 151.052673 75.811729 7.865973
v 150.735870 75.659920 8.509200
v 151.215363 75.688805 9.187260
v 152.113174 75.800407 9.983987
v 153.429184 75.995789 10.890459
v 152.480408 75.810928 10.598722
v 151.982834 75.701691 10.546683
v 151.625717 75.606339 10.648763
v 151.467270 75.540894 10.884289
v 151.548325 75.506744 11.319847
v 152.127121 75.537323 12.173546
v 155.382202 75.850327 15.815493
v 153.363525 75.595291 14.057751
v 152.160355 75.445282 12.993753
v 150.580368 75.251259 11.572067
v 149.466202 75.117950 10.540719
v 148.827286 75.047470 9.900187
v 148.205429 74.985924 9.218794
v 147.603851 74.933495 8.501185
v 153.120499 76.310905 7.710277
v 153.920944 76.442039 8.160530
v 154.131973 76.726089 6.228151
v 155.373199 77.099121 5.531254
v 153.427200 76.358948 7.900970
v 152.905228 76.230606 7.959450
v 152.424393 76.126091 7.900573
v 153.354721 75.647057 13.615409
v 152.397003 75.561447 12.490541
v 150.679031 75.682785 8.212698
v 150.781448 75.733505 7.991221
v 124.540352 108.235031 7.752009
v 124.446014 108.023880 7.379102
v 124.406258 107.885757 6.983520
v 124.441620 107.854538 6.587794
v 124.572601 107.964035 6.214458
v 124.750931 108.169563 5.980042
v 125.022369 108.514656 5.779716
v 125.379456 108.991455 5.626926
v 125.814728 109.592117 5.535120
v 126.993752 111.246552 5.419390
v 128.063583 112.764572 5.395926
v 129.250229 114.470490 5.477367
v 130.779663 116.688568 5.676350
v 129.925064 115.508423 5.852726
v 129.328110 114.698578 6.046196
v 128.295273 113.332489 6.551323
v 128.072983 113.060539 6.767101
v 127.943855 112.935936 7.054276
v 127.957016 113.020004 7.371307
v 127.286682 112.161713 7.836559
v 126.904007 111.623062 7.865973
v 126.644516 111.386253 8.509200
v 126.851028 111.819962 9.187260
v 127.291016 112.610481 9.983987
v 127.965439 113.757309 10.890459
v 127.438423 112.947006 10.598722
v 127.150650 112.526642 10.546683
v 126.928391 112.231308 10.648763
v 126.808319 112.108940 10.884289
v 126.807045 112.196892 11.319848
v 127.052345 112.722015 12.173546
v 128.562637 115.622467 15.815493
v 127.569534 113.846550 14.057751
v 126.979469 112.787338 12.993753
v 126.207367 111.395271 11.572067
v 125.666145 110.412308 10.540719
v 125.361320 109.846382 9.900187
v 125.071175 109.292938 9.218794
v 124.797073 108.754860 8.501185
v 128.141876 113.353012 7.710276
v 128.563492 114.045952 8.160530
v 128.905930 114.135117 6.228151
v 129.717010 115.146027 5.531254
v 128.301376 113.619347 7.900969
v 127.986740 113.183540 7.959450
v 127.709618 112.776932 7.900573
v 127.614220 113.818993 13.615409
v 127.175865 112.963181 12.490541
v 126.644409 111.324989 8.212699
v 126.729820 111.400925 7.991221
v 118.421127 114.898026 7.752009
v 118.202728 114.821953 7.379102
v 118.061722 114.794067 6.983520
v 118.033623 114.831955 6.587794
v 118.153839 114.953163 6.214458
v 118.373779 115.113396 5.980042
v 118.740677 115.354553 5.779716
v 119.246078 115.669846 5.626926
v 119.881538 116.052528 5.535120
v 121.630127 117.086792 5.419390
v 123.233528 118.023834 5.395926
v 125.034058 119.061317 5.477367
v 127.374016 120.396843 5.676351
v 126.125557 119.645546 5.852727
v 125.267937 119.119537 6.046196
v 123.819061 118.206444 6.551323
v 123.529221 118.008057 6.767101
v 123.394096 117.889984 7.054276
v 123.478989 117.895958 7.371307
v 122.566856 117.300934 7.836559
v 121.997658 116.965393 7.865973
v 121.739670 116.726952 8.509200
v 122.189346 116.895882 9.187260
v 123.014374 117.267143 9.983987
v 124.214340 117.841728 10.890459
v 123.362206 117.385437 10.598722
v 122.918922 117.134399 10.546683
v 122.605782 116.938026 10.648763
v 122.473656 116.828789 10.884289
v 122.561180 116.820045 11.319847
v 123.105240 117.019859 12.173546
v 126.123474 118.278366 15.815493
v 124.269638 117.439674 14.057751
v 123.164131 116.941704 12.993753
v 121.711525 116.290619 11.572067
v 120.686150 115.834831 10.540719
v 120.096375 115.579170 9.900187
v 119.520287 115.337074 9.218794
v 118.960876 115.109665 8.501185
v 123.826492 118.051865 7.710277
v 124.552727 118.413101 8.160530
v 124.670662 118.746735 6.228151
v 125.746796 119.469032 5.531254
v 124.105408 118.188171 7.900970
v 123.644455 117.911682 7.959450
v 123.215775 117.670097 7.900573
v 124.245972 117.486542 13.615409
v 123.356026 117.122459 12.490541
v 121.678619 116.732048 8.212698
v 121.761528 116.810699 7.991221
v 87.106644 140.134109 7.752009
v 87.078728 139.904526 7.379102
v 87.081451 139.760818 6.983520
v 87.124443 139.741409 6.587794
v 87.217331 139.884644 6.214458
v 87.327164 140.133606 5.980042
v 87.484833 140.543381 5.779716
v 87.685524 141.104233 5.626926
v 87.924416 141.806519 5.535120
v 88.563438 143.734955 5.419390
v 89.138329 145.500870 5.395926
v 89.769463 147.480759 5.477367
v 90.577194 150.051086 5.676350
v 90.108383 148.671478 5.852726
v 89.776649 147.721664 6.046196
v 89.192329 146.111832 6.551323
v 89.060066 145.786453 6.767101
v 88.973412 145.629333 7.054276
v 88.961205 145.713547 7.371307
v 88.573624 144.695801 7.836559
v 88.366714 144.068298 7.865973
v 88.188538 143.765518 8.509200
v 88.258049 144.240829 9.187260
v 88.445496 145.125916 9.983987
v 88.751945 146.420578 10.890459
v 88.487167 145.490936 10.598722
v 88.336067 145.004425 10.546683
v 88.210732 144.656708 10.648763
v 88.132065 144.504379 10.884289
v 88.104919 144.588043 11.319848
v 88.184547 145.162155 12.173546
v 88.772873 148.378891 15.815493
v 88.347321 146.389160 14.057751
v 88.095665 145.203094 12.993753
v 87.768158 143.645294 11.572067
v 87.540695 142.546478 10.540719
v 87.416214 141.915848 9.900187
v 87.302078 141.301468 9.218794
v 87.198746 140.706497 8.501185
v 89.039703 146.086243 7.710276
v 89.238350 146.872665 8.160530
v 89.539291 147.058807 6.228151
v 90.016396 148.263855 5.531254
v 89.113617 146.387756 7.900969
v 88.941406 145.878571 7.959450
v 88.796440 145.408356 7.900573
v 88.398140 146.375992 13.615409
v 88.231506 145.429001 12.490541
v 88.206497 143.706940 8.212699
v 88.265732 143.804688 7.991221
v 79.295395 144.697510 7.752009
v 79.109116 144.560455 7.379102
v 78.982597 144.492249 6.983520
v 78.944580 144.520172 6.587794
v 79.023735 144.671432 6.214458
v 79.186668 144.889374 5.980042
v 79.466194 145.227951 5.779716
v 79.856216 145.678207 5.626926
v 80.350655 146.231186 5.535120
v 81.716721 147.734879 5.419390
v 82.972710 149.102890 5.395926
v 84.387474 150.624969 5.477367
v 86.229851 152.590851 5.676351
v 85.258286 151.504959 5.852727
v 84.593803 150.749542 6.046196
v 83.478416 149.449966 6.551323
v 83.259918 149.174957 6.767101
v 83.165604 149.022308 7.054276
v 83.244957 149.053024 7.371307
v 82.548729 148.215607 7.836559
v 82.103706 147.727203 7.865973
v 81.927460 147.423309 8.509200
v 82.307373 147.717270 9.187260
v 82.986320 148.315216 9.983987
v 83.963631 149.217957 10.890459
v 83.283836 148.530777 10.598722
v 82.934235 148.160233 10.546683
v 82.692879 147.880295 10.648763
v 82.598824 147.736954 10.884289
v 82.685036 147.754395 11.319847
v 83.146034 148.105698 12.173546
v 85.659264 150.197891 15.815493
v 84.134972 148.850052 14.057751
v 83.225349 148.048370 12.993753
v 82.029175 146.998062 11.572067
v 81.183685 146.260315 10.540719
v 80.695465 145.842163 9.900187
v 80.216324 145.441025 9.218794
v 79.748795 145.058838 8.501185
v 83.531067 149.304443 7.710277
v 84.118576 149.863678 8.160530
v 84.132935 150.217255 6.228151
v 84.948380 151.224640 5.531254
v 83.757423 149.516891 7.900970
v 83.398438 149.116837 7.959450
v 83.060013 148.759628 7.900573
v 84.098541 148.887863 13.615409
v 83.355438 148.277649 12.490541
v 81.867615 147.410187 8.212698
v 81.923668 147.509781 7.991221
v 41.933876 159.582794 7.752009
v 41.974869 159.355194 7.379102
v 42.019821 159.218674 6.983520
v 42.066628 159.212799 6.587794
v 42.113174 159.377045 6.214458
v 42.144745 159.647324 5.980042
v 42.174637 160.085358 5.779716
v 42.201099 160.680450 5.626926
v 42.222393 161.421936 5.535120
v 42.264637 163.453064 5.419390
v 42.293503 165.309982 5.395926
v 42.313042 167.387924 5.477367
v 42.327312 170.082153 5.676350
v 42.285954 168.625656 5.852726
v 42.248905 167.620255 6.046196
v 42.165028 165.909714 6.551323
v 42.134541 165.559799 6.767101
v 42.098045 165.384125 7.054276
v 42.061562 165.460999 7.371307
v 41.991169 164.374222 7.836559
v 41.978401 163.713608 7.865973
v 41.897385 163.371780 8.509200
v 41.823708 163.846451 9.187260
v 41.741962 164.747467 9.983987
v 41.653202 166.074951 10.890459
v 41.674194 165.108551 10.598722
v 41.673203 164.599121 10.546683
v 41.655922 164.229904 10.648763
v 41.625645 164.061172 10.884289
v 41.575047 164.133118 11.319848
v 41.481926 164.705185 12.173546
v 41.096008 167.952438 15.815493
v 41.275810 165.925674 14.057751
v 41.384922 164.718109 12.993753
v 41.531109 163.132980 11.572067
v 41.637623 162.015930 10.540719
v 41.704540 161.376633 9.900187
v 41.776558 160.755905 9.218794
v 41.853172 160.156921 8.501185
v 42.026726 165.840271 7.710276
v 41.984753 166.650314 8.160530
v 42.217464 166.916885 6.228151
v 42.318192 168.209030 5.531254
v 42.008484 166.150177 7.900969
v 41.994007 165.612854 7.959450
v 41.994068 165.120789 7.900573
v 41.328259 165.928070 13.615409
v 41.448143 164.974030 12.490541
v 41.931805 163.321091 8.212699
v 41.959606 163.431946 7.991221
v 33.124603 161.641190 7.752009
v 32.986996 161.455322 7.379102
v 32.886200 161.352859 6.983520
v 32.841637 161.368332 6.587794
v 32.872696 161.536194 6.214458
v 32.964161 161.792480 5.980042
v 33.131477 162.198410 5.779716
v 33.371460 162.743607 5.626926
v 33.680946 163.417755 5.535120
v 34.543133 165.257294 5.419390
v 35.340118 166.934723 5.395926
v 36.243412 168.806168 5.477367
v 37.424519 171.227753 5.676351
v 36.816170 169.903732 5.852727
v 36.403858 168.986023 6.046196
v 35.721058 167.415436 6.551323
v 35.593327 167.088242 6.767101
v 35.548191 166.914581 7.054276
v 35.614964 166.967316 7.371307
v 35.196487 165.961884 7.836559
v 34.915192 165.364014 7.865973
v 34.836342 165.021667 8.509200
v 35.112732 165.414551 9.187260
v 35.585281 166.186050 9.983987
v 36.253101 167.336746 10.890459
v 35.806046 166.479721 10.598722
v 35.581188 166.022598 10.546683
v 35.433067 165.683960 10.648763
v 35.385437 165.519272 10.884289
v 35.462677 165.561340 11.319847
v 35.799656 166.032913 12.173546
v 37.584579 168.772919 15.815493
v 36.525265 167.035690 14.057751
v 35.892342 166.001511 12.993753
v 35.058868 164.645294 11.572067
v 34.468388 163.691116 10.540719
v 34.125099 163.147659 9.900187
v 33.785477 162.623123 9.218794
v 33.451363 162.120102 8.501185
v 35.814266 167.291885 7.710277
v 36.210846 167.999451 8.160530
v 36.120354 168.341553 6.228151
v 36.602654 169.544540 5.531254
v 35.967945 167.561615 7.900970
v 35.742821 167.073517 7.959450
v 35.524715 166.632446 7.900573
v 36.479309 167.061081 13.615409
v 35.949074 166.258957 12.490541
v 34.783024 164.991501 8.212698
v 34.807228 165.103195 7.991221
v -6.964513 164.853333 7.752009
v -6.858259 164.647919 7.379102
v -6.775063 164.530716 6.983520
v -6.728603 164.538895 6.587794
v -6.732538 164.709564 6.214458
v -6.782030 164.977142 5.980042
v -6.882576 165.404541 5.779716
v -7.032687 165.981003 5.626926
v -7.230886 166.695816 5.535120
v -7.789172 168.649170 5.419390
v -8.308897 170.432098 5.395926
v -8.902683 172.423508 5.477367
v -9.683145 175.002243 5.676350
v -9.293377 173.598267 5.852726
v -9.032447 172.626602 6.046196
v -8.608436 170.967331 6.551323
v -8.534432 170.623978 6.767101
v -8.517523 170.445343 7.054276
v -8.575047 170.508041 7.371307
v -8.321999 169.448807 7.836559
v -8.139486 168.813782 7.865973
v -8.116153 168.463242 8.509200
v -8.326462 168.895126 9.187260
v -8.670143 169.732025 9.983987
v -9.146221 170.974365 10.890459
v -8.841328 170.057098 10.598722
v -8.692126 169.570007 10.546683
v -8.599816 169.212097 10.648763
v -8.579014 169.041916 10.884289
v -8.648571 169.095764 11.319848
v -8.906164 169.614975 12.173546
v -10.232038 172.604218 15.815493
v -9.462850 170.720490 14.057751
v -9.002668 169.598724 12.993753
v -8.395773 168.127106 11.572067
v -7.964754 167.091080 10.540719
v -7.712379 166.499893 9.900187
v -7.460606 165.927963 9.218794
v -7.210848 165.378174 8.501185
v -8.720125 170.860214 7.710276
v -8.998983 171.621887 8.160530
v -8.855178 171.945206 6.228151
v -9.139774 173.209641 5.531254
v -8.828897 171.150970 7.900969
v -8.684362 170.633255 7.959450
v -8.539270 170.163071 7.900573
v -9.413438 170.738235 13.615409
v -9.017687 169.861908 12.490541
v -8.068323 168.424957 8.212699
v -8.074431 168.539093 7.991221
v -15.989151 164.223846 7.752009
v -16.065859 164.005661 7.379102
v -16.131979 163.878052 6.983520
v -16.179123 163.879700 6.587794
v -16.198921 164.049271 6.214458
v -16.187056 164.321121 5.980042
v -16.146816 164.758331 5.779716
v -16.078188 165.350052 5.626926
v -15.981146 166.085464 5.535120
v -15.699446 168.097397 5.419390
v -15.432274 169.935226 5.395926
v -15.120701 171.989777 5.477367
v -14.705799 174.651901 5.676351
v -14.896879 173.207397 5.852727
v -15.020390 172.208923 6.046196
v -15.209942 170.506851 6.551323
v -15.235561 170.156555 6.767101
v -15.227507 169.977295 7.054276
v -15.179245 170.047379 7.371307
v -15.282791 168.963272 7.836559
v -15.375376 168.309052 7.865973
v -15.349819 167.958679 8.509200
v -15.201504 168.415573 9.187260
v -14.977335 169.292068 9.983987
v -14.678339 170.588470 10.890459
v -14.852938 169.637756 10.598722
v -14.933073 169.134674 10.546683
v -14.974800 168.767410 10.648763
v -14.971777 168.596008 10.884289
v -14.910368 168.658981 11.319847
v -14.727350 169.208923 12.173546
v -13.829308 172.353302 15.815493
v -14.329533 170.381012 14.057751
v -14.629524 169.206238 12.993753
v -15.026241 167.664612 11.572067
v -15.309258 166.578766 10.540719
v -15.477114 165.958267 9.900187
v -15.647049 165.356934 9.218794
v -15.818062 164.777786 8.501185
v -15.084461 170.416275 7.710277
v -14.914045 171.209290 8.160530
v -15.101345 171.509521 6.228151
v -14.995043 172.801224 5.531254
v -15.017109 170.719315 7.900970
v -15.088369 170.186554 7.959450
v -15.166782 169.700775 7.900573
v -14.380928 170.391724 13.615409
v -14.651190 169.468948 12.490541
v -15.391872 167.914124 8.212698
v -15.401667 168.027985 7.991221
v -55.244118 155.477371 7.752009
v -55.082039 155.312408 7.379102
v -54.967995 155.224930 6.983520
v -54.926010 155.246429 6.587794
v -54.980072 155.408371 6.214458
v -55.106232 155.649475 5.980042
v -55.328278 156.028244 5.779716
v -55.641628 156.534851 5.626926
v -56.041710 157.159500 5.535120
v -57.150928 158.861526 5.419390
v -58.173069 160.412064 5.395926
v -59.327423 162.139999 5.477367
v -60.833275 164.374146 5.676350
v -60.047012 163.147415 5.852726
v -59.511284 162.295822 6.046196
v -58.617054 160.835236 6.551323
v -58.445137 160.528946 6.767101
v -58.376328 160.363235 7.054276
v -58.449780 160.406204 7.371307
v -57.895771 159.468597 7.836559
v -57.534195 158.915558 7.865973
v -57.408585 158.587479 8.509200
v -57.736843 158.938187 9.187260
v -58.311924 159.636612 9.983987
v -59.133022 160.683456 10.890459
v -58.571316 159.896790 10.598722
v -58.285175 159.475311 10.546683
v -58.091476 159.160507 10.648763
v -58.021442 159.004028 10.884289
v -58.103779 159.034973 11.319848
v -58.502960 159.455200 12.173546
v -60.650990 161.920868 15.815493
v -59.360756 160.347519 14.057751
v -58.590389 159.411224 12.993753
v -57.576706 158.183853 11.572067
v -56.859474 157.320892 10.540719
v -56.444065 156.830353 9.900187
v -56.034908 156.358047 9.218794
v -55.634197 155.906281 8.501185
v -58.692211 160.699951 7.710276
v -59.183178 161.345612 8.160530
v -59.141056 161.696945 6.228151
v -59.785690 162.821335 5.531254
v -58.881847 160.945740 7.900969
v -58.591141 160.493622 7.959450
v -58.313911 160.087082 7.900573
v -59.318771 160.379044 13.615409
v -58.682312 159.658295 12.490541
v -57.351597 158.565002 8.212699
v -57.391068 158.672256 7.991221
v -63.682320 152.215912 7.752009
v -63.691315 151.984818 7.379102
v -63.716881 151.843384 6.983520
v -63.762417 151.831070 6.587794
v -63.831314 151.987259 6.214458
v -63.900101 152.250534 5.980042
v -63.990517 152.680191 5.779716
v -64.099335 153.265854 5.626926
v -64.223366 153.997192 5.535120
v -64.547180 156.002792 5.419390
v -64.833557 157.837708 5.395926
v -65.141380 159.892838 5.477367
v -65.529549 162.558990 5.676351
v -65.286385 161.122330 5.852727
v -65.110123 160.131805 6.046196
v -64.789581 158.449478 6.551323
v -64.710815 158.107193 6.767101
v -64.650284 157.938278 7.054276
v -64.624825 158.019470 7.371307
v -64.404236 156.953003 7.836559
v -64.299881 156.300552 7.865973
v -64.172195 155.973267 8.509200
v -64.165131 156.453583 9.187260
v -64.209259 157.357224 9.983987
v -64.305649 158.684174 10.890459
v -64.192276 157.724228 10.598722
v -64.120575 157.219864 10.546683
v -64.052200 156.856613 10.648763
v -63.998795 156.693710 10.884289
v -63.958672 156.771988 11.319847
v -63.945877 157.351440 12.173546
v -64.014503 160.620834 15.815493
v -63.911194 158.588730 14.057751
v -63.851604 157.377716 12.993753
v -63.776314 155.787643 11.572067
v -63.726719 154.666626 10.540719
v -63.704235 154.024216 9.900187
v -63.689381 153.399506 9.218794
v -63.682098 152.795685 8.501185
v -64.642982 158.399918 7.710277
v -64.713867 159.207932 8.160530
v -64.981339 159.439621 6.228151
v -65.260475 160.705261 5.531254
v -64.667938 158.709351 7.900970
v -64.579002 158.179245 7.959450
v -64.510757 157.691940 7.900573
v -63.963467 158.583817 13.615409
v -63.949741 157.622375 12.490541
v -64.199249 155.918304 8.212698
v -64.242165 156.024231 7.991221
v -98.615547 132.287933 7.752009
v -98.412048 132.178055 7.379102
v -98.277283 132.128082 6.983520
v -98.243507 132.161011 6.587794
v -98.342896 132.299805 6.214458
v -98.534515 132.493011 5.980042
v -98.858337 132.789505 5.779716
v -99.307083 133.181259 5.626926
v -99.873505 133.660248 5.535120
v -101.435097 134.959732 5.419390
v -102.868843 136.140121 5.395926
v -104.481209 137.451050 5.477367
v -106.578667 139.142120 5.676350
v -105.465759 138.201630 5.852726
v -104.702835 137.545776 6.046196
v -103.417831 136.413635 6.551323
v -103.163277 136.171616 6.767101
v -103.048683 136.033539 7.054276
v -103.131531 136.052963 7.371307
v -102.325783 135.320297 7.836559
v -101.817276 134.898407 7.865973
v -101.600540 134.621918 8.509200
v -102.017586 134.860291 9.187260
v -102.772972 135.358185 9.983987
v -103.866142 136.116516 10.890459
v -103.097527 135.530350 10.598722
v -102.699875 135.211945 10.546683
v -102.421989 134.968216 10.648763
v -102.308952 134.839325 10.884289
v -102.396751 134.844635 11.319848
v -102.902054 135.128525 12.173546
v -105.681396 136.851562 15.815493
v -103.984749 135.728394 14.057751
v -102.972641 135.060745 12.993753
v -101.642227 134.186676 11.572067
v -100.702507 133.573441 10.540719
v -100.160973 133.227127 9.900187
v -99.630783 132.896393 9.218794
v -99.114716 132.582809 8.501185
v -103.449776 136.262207 7.710276
v -104.109238 136.734467 8.160530
v -104.172539 137.082626 6.228151
v -105.119934 137.967056 5.531254
v -103.703430 136.441177 7.900969
v -103.292381 136.094833 7.959450
v -102.907646 135.788071 7.900573
v -103.953918 135.770889 13.615409
v -103.133301 135.269745 12.490541
v -101.539459 134.617233 8.212699
v -101.608788 134.708084 7.991221
v -105.717621 126.684265 7.752009
v -105.658096 126.460793 7.379102
v -105.640839 126.318100 6.983520
v -105.680725 126.292908 6.587794
v -105.792603 126.421860 6.214458
v -105.935928 126.653168 5.980042
v -106.148964 127.037079 5.779716
v -106.425568 127.564651 5.626926
v -106.759644 128.226959 5.535120
v -107.660202 130.048004 5.419390
v -108.474686 131.717010 5.395926
v -109.374565 133.590103 5.477367
v -110.531311 136.023407 5.676351
v -109.875511 134.722244 5.852727
v -109.415131 133.827682 6.046196
v -108.612976 132.314575 6.551323
v -108.436821 132.010696 6.767101
v -108.329193 131.867126 7.054276
v -108.328796 131.952225 7.371307
v -107.803680 130.998138 7.836559
v -107.511658 130.405426 7.865973
v -107.293175 130.130325 8.509200
v -107.427994 130.591385 9.187260
v -107.736504 131.441864 9.983987
v -108.219719 132.681458 10.890459
v -107.828445 131.797577 10.598722
v -107.611275 131.336746 10.546683
v -107.438873 131.009796 10.648763
v -107.339821 130.869873 10.884289
v -107.324554 130.956497 11.319847
v -107.483116 131.513977 12.173546
v -108.512314 134.617905 15.815493
v -107.814651 132.706528 14.057751
v -107.400772 131.566864 12.993753
v -106.860168 130.069626 11.572067
v -106.482368 129.013031 10.540719
v -106.271538 128.405777 9.900187
v -106.073219 127.813194 9.218794
v -105.888290 127.238342 8.501185
v -108.458282 132.310410 7.710277
v -108.764175 133.061630 8.160530
v -109.088043 133.204193 6.228151
v -109.727821 134.331345 5.531254
v -108.573334 132.598740 7.900970
v -108.332108 132.118393 7.959450
v -108.123260 131.672852 7.900573
v -107.863152 132.686432 13.615409
v -107.566666 131.771744 12.490541
v -107.302826 130.069824 8.212698
v -107.375061 130.158386 7.991221
v -133.225433 97.345284 7.752009
v -132.998596 97.300270 7.379102
v -132.855087 97.292236 6.983520
v -132.832520 97.333656 6.587794
v -132.968399 97.436996 6.214458
v -133.208450 97.565147 5.980042
v -133.605270 97.753029 5.779716
v -134.149551 97.995110 5.626926
v -134.831985 98.285866 5.535120
v -136.707230 99.067352 5.419390
v -138.425186 99.772736 5.395926
v -140.352310 100.550201 5.477367
v -142.855026 101.547943 5.676350
v -141.514359 100.977249 5.852726
v -140.592010 100.575394 6.046196
v -139.030411 99.872284 6.551323
v -138.715820 99.716049 6.767101
v -138.565628 99.617889 7.054276
v -138.650513 99.612015 7.371307
v -137.664612 99.149384 7.836559
v -137.054352 98.896111 7.865973
v -136.765747 98.695793 8.509200
v -137.234528 98.800659 9.187260
v -138.103104 99.053795 9.983987
v -139.371231 99.456230 10.890459
v -138.463989 99.122650 10.598722
v -137.990143 98.935585 10.546683
v -137.652771 98.784584 10.648763
v -137.506775 98.694748 10.884289
v -137.592224 98.673935 11.319848
v -138.158768 98.796288 12.173546
v -141.322495 99.623589 15.815493
v -139.370163 99.050385 14.057751
v -138.206238 98.710709 12.993753
v -136.677307 98.267593 11.572067
v -135.598587 97.958572 10.540719
v -134.979034 97.787262 9.900187
v -134.374908 97.627487 9.218794
v -133.789352 97.479942 8.501185
v -139.016296 99.718170 7.710276
v -139.785660 99.975090 8.160530
v -139.948761 100.289116 6.228151
v -141.114761 100.855019 5.531254
v -139.311432 99.814430 7.900969
v -138.816559 99.604622 7.959450
v -138.358505 99.424881 7.900573
v -139.353241 99.100082 13.615409
v -138.421356 98.863075 12.490541
v -136.705994 98.709312 8.212699
v -136.799026 98.775696 7.991221
v -138.360382 89.897285 7.752009
v -138.237640 89.701279 7.379102
v -138.179092 89.570007 6.983520
v -138.209778 89.534180 6.587794
v -138.354691 89.624428 6.214458
v -138.559830 89.803215 5.980042
v -138.876556 90.107285 5.779716
v -139.296371 90.529892 5.626926
v -139.810822 91.064308 5.535120
v -141.208099 92.539040 5.419390
v -142.478333 93.893837 5.395926
v -143.890320 95.418495 5.477367
v -145.712875 97.402763 5.676351
v -144.702698 96.352692 5.852727
v -143.999100 95.633560 6.046196
v -142.786606 94.424088 6.551323
v -142.528717 94.185638 6.767101
v -142.383545 94.080162 7.054276
v -142.408249 94.161591 7.371307
v -141.625244 93.404671 7.836559
v -141.171509 92.924362 7.865973
v -140.881653 92.725876 8.509200
v -141.146362 93.126717 9.187260
v -141.691849 93.848488 9.983987
v -142.518951 94.890587 10.890459
v -141.884552 94.161293 10.598722
v -141.541199 93.784958 10.546683
v -141.280090 93.523338 10.648763
v -141.144196 93.418823 10.884289
v -141.155136 93.506096 11.319847
v -141.470978 93.992081 12.173546
v -143.369293 96.654770 15.815493
v -142.139267 95.033928 14.057751
v -141.407867 94.066887 12.993753
v -140.449982 92.795486 11.572067
v -139.777542 91.897186 10.540719
v -139.397095 91.379059 9.900187
v -139.032928 90.871246 9.218794
v -138.686783 90.376442 8.501185
v -142.637558 94.465714 7.710277
v -143.151276 95.093407 8.160530
v -143.502777 95.134171 6.228151
v -144.446350 96.022690 5.531254
v -142.832474 94.707321 7.900970
v -142.460388 94.319412 7.959450
v -142.129501 93.955215 7.900573
v -142.179688 95.000427 13.615409
v -141.626770 94.213768 12.490541
v -140.873032 92.665222 8.212698
v -140.968170 92.728561 7.991221
v -155.998825 53.753979 7.752009
v -155.768799 53.777828 7.379102
v -155.629288 53.812447 6.983520
v -155.619934 53.858681 6.587794
v -155.780243 53.917381 6.214458
v -156.047394 53.969086 5.980042
v -156.481979 54.031658 5.779716
v -157.073425 54.102562 5.626926
v -157.811249 54.179264 5.535120
v -159.833511 54.373329 5.419390
v -161.683060 54.541019 5.395926
v -163.753738 54.715946 5.477367
v -166.439331 54.931717 5.676350
v -164.990021 54.781521 5.852726
v -163.990204 54.669369 6.046196
v -162.290741 54.457767 6.551323
v -161.944092 54.401192 6.767101
v -161.771622 54.351658 7.054276
v -161.851013 54.321026 7.371307
v -160.772552 54.169533 7.836559
v -160.114746 54.107384 7.865973
v -159.779922 54.001022 8.509200
v -160.258789 53.963062 9.187260
v -161.163391 53.948944 9.983987
v -162.493790 53.959736 10.890459
v -161.528534 53.908379 10.598722
v -161.020615 53.869282 10.546683
v -160.653717 53.824429 10.648763
v -160.487717 53.781616 10.884289
v -160.563248 53.736538 11.319848
v -161.140671 53.686474 12.173546
v -164.407700 53.544548 15.815493
v -162.373154 53.572235 14.057751
v -161.160812 53.590710 12.993753
v -159.569199 53.617912 11.572067
v -158.447311 53.640564 10.540719
v -157.804794 53.659470 9.900187
v -157.180420 53.684853 9.218794
v -156.577377 53.716450 8.501185
v -162.231827 54.314659 7.710276
v -163.042740 54.333397 8.160530
v -163.291153 54.585400 6.228151
v -164.572144 54.782501 5.531254
v -162.542236 54.319649 7.900969
v -162.007507 54.265018 7.959450
v -161.516815 54.228271 7.900573
v -162.371628 53.624718 13.615409
v -161.411301 53.672897 12.490541
v -159.726807 54.031555 8.212699
v -159.835281 54.067570 7.991221
v -158.710434 45.123363 7.752009
v -158.535385 44.972240 7.379102
v -158.440735 44.864059 6.983520
v -158.459503 44.820778 6.587794
v -158.624588 44.864311 6.214458
v -158.873306 44.974689 5.980042
v -159.265579 45.171898 5.779716
v -159.791306 45.451996 5.626926
v -160.440414 45.811047 5.535120
v -162.210297 46.808426 5.419390
v -163.823410 47.728653 5.395926
v -165.622040 48.769409 5.477367
v -167.948471 50.128353 5.676351
v -166.673676 49.422668 5.852727
v -165.789383 48.942863 6.046196
v -164.274277 48.144485 6.551323
v -163.957550 47.992638 6.767101
v -163.787750 47.934639 7.054276
v -163.835358 48.005169 7.371307
v -162.864044 47.512653 7.836559
v -162.288895 47.187420 7.865973
v -161.953400 47.083183 8.509200
v -162.324509 47.388191 9.187260
v -163.058487 47.917130 9.983987
v -164.156006 48.669155 10.890459
v -163.334824 48.159241 10.598722
v -162.895813 47.900818 10.546683
v -162.569183 47.727779 10.648763
v -162.408524 47.667961 10.884289
v -162.444702 47.748138 11.319847
v -162.889755 48.119446 12.173546
v -165.488556 50.104336 15.815493
v -163.835434 48.918034 14.057751
v -162.851501 48.209522 12.993753
v -161.561432 47.276936 11.572067
v -160.654099 46.616730 10.540719
v -160.137833 46.233749 9.900187
v -159.640182 45.855835 9.218794
v -159.163559 45.485031 8.501185
v -164.144104 48.228191 7.710277
v -164.820023 48.676590 8.160530
v -165.167923 48.611946 6.228151
v -166.331467 49.182877 5.531254
v -164.401581 48.401619 7.900970
v -163.931686 48.140614 7.959450
v -163.508163 47.890121 7.900573
v -163.864182 48.874107 13.615409
v -163.103973 48.285355 12.490541
v -161.927292 47.027760 8.212698
v -162.036865 47.060249 7.991221
v -159.160645 -43.508884 7.752009
v -158.984055 -43.359547 7.379102
v -158.888321 -43.252335 6.983520
v -158.906647 -43.208862 6.587794
v -159.072159 -43.250713 6.214458
v -159.321976 -43.358562 5.980042
v -159.716232 -43.551781 5.779716
v -160.244781 -43.826519 5.626926
v -160.897507 -44.178959 5.535120
v -162.677429 -45.158306 5.419390
v -164.299805 -46.062107 5.395926
v -166.108917 -47.084538 5.477367
v -168.449036 -48.419781 5.676350
v -167.167145 -47.727081 5.852726
v -166.278015 -47.256279 6.046196
v -164.754868 -46.473335 6.551323
v -164.436630 -46.324715 6.767101
v -164.266235 -46.268440 7.054276
v -164.314560 -46.338486 7.371307
v -163.338303 -45.855862 7.836559
v -162.759872 -45.536488 7.865973
v -162.423340 -45.435661 8.509200
v -162.797531 -45.736885 9.187260
v -163.536850 -46.258339 9.983987
v -164.641937 -46.999176 10.890459
v -163.815628 -46.497631 10.598722
v -163.374008 -46.243683 10.546683
v -163.045639 -46.073971 10.648763
v -162.884384 -46.015789 10.884289
v -162.921371 -46.095592 11.319848
v -163.370163 -46.462360 12.173546
v -165.988998 -48.420750 15.815493
v -164.323914 -47.251305 14.057751
v -163.332840 -46.552822 12.993753
v -162.033356 -45.633385 11.572067
v -161.119370 -44.982430 10.540719
v -160.599243 -44.604713 9.900187
v -160.097763 -44.231876 9.218794
v -159.617416 -43.865932 8.501185
v -164.625565 -46.558361 7.710276
v -165.306000 -46.999870 8.160530
v -165.653229 -46.931694 6.228151
v -166.822510 -47.490776 5.531254
v -164.884796 -46.729160 7.900969
v -164.412277 -46.472942 7.959450
v -163.986221 -46.226768 7.900573
v -164.352219 -47.207085 13.615409
v -163.586060 -46.626087 12.490541
v -162.396667 -45.380505 8.212699
v -162.506577 -45.411880 7.991221
v -156.536819 -52.166595 7.752009
v -156.307037 -52.192780 7.379102
v -156.167892 -52.228809 6.983520
v -156.158997 -52.275139 6.587794
v -156.319901 -52.332207 6.214458
v -156.587570 -52.381195 5.980042
v -157.022751 -52.439350 5.779716
v -157.614899 -52.504242 5.626926
v -158.353455 -52.573448 5.535120
v -160.377594 -52.746960 5.419390
v -162.228745 -52.895855 5.395926
v -164.301086 -53.049736 5.477367
v -166.988754 -53.238220 5.676351
v -165.537979 -53.102753 5.852727
v -164.537079 -53.000763 6.046196
v -162.835541 -52.806435 6.551323
v -162.488342 -52.753384 6.767101
v -162.315384 -52.705605 7.054276
v -162.394455 -52.674164 7.371307
v -161.314514 -52.533638 7.836559
v -160.656097 -52.478172 7.865973
v -160.320221 -52.375217 8.509200
v -160.798676 -52.332397 9.187260
v -161.703094 -52.309090 9.983987
v -163.033524 -52.306366 10.890459
v -162.067810 -52.264816 10.598722
v -161.559509 -52.230881 10.546683
v -161.192184 -52.189758 10.648763
v -161.025757 -52.148632 10.884289
v -161.100815 -52.102791 11.319847
v -161.677704 -52.046864 12.173546
v -164.943115 -51.871758 15.815493
v -162.908966 -51.920113 14.057751
v -161.696884 -51.950897 12.993753
v -160.105621 -51.994267 11.572067
v -158.984024 -52.028313 10.540719
v -158.341721 -52.053745 9.900187
v -157.717636 -52.085472 9.218794
v -157.114944 -52.123188 8.501185
v -162.775192 -52.663933 7.710277
v -163.586243 -52.674431 8.160530
v -163.837204 -52.923897 6.228151
v -165.120132 -53.107979 5.531254
v -163.085632 -52.665771 7.900970
v -162.550369 -52.616573 7.959450
v -162.059326 -52.584812 7.900573
v -162.907974 -51.972603 13.615409
v -161.948181 -52.030537 12.490541
v -160.267426 -52.406288 8.212698
v -160.376251 -52.441200 7.991221
vn -0.7185 0.6855 0.1177
vn 0.3664 -0.9230 0.1176
vn -0.8886 0.4432 0.1177
vn -0.8887 0.4432 0.1176
vn -0.8887 0.4432 0.1177
vn 0.6222 -0.7740 0.1177
vn 0.6222 -0.7739 0.1177
vn -0.9798 0.1616 0.1177
vn 0.8227 -0.5562 0.1177
vn -0.9839 -0.1343 0.1177
vn 0.9501 -0.2890 0.1176
vn 0.9501 -0.2890 0.1177
vn -0.9006 -0.4184 0.1177
vn -0.9006 -0.4184 0.1176
vn 0.9930 0.0039 0.1177
vn -0.7373 -0.6652 0.1177
vn -0.7373 -0.6653 0.1177
vn 0.9478 0.2964 0.1177
vn -0.5085 -0.8530 0.1177
vn -0.5085 -0.8530 0.1176
vn 0.8184 0.5625 0.1177
vn 0.8183 0.5626 0.1176
vn 0.8183 0.5626 0.1177
vn -0.2345 -0.9650 0.1177
vn 0.6162 0.7788 0.1176
vn 0.6162 0.7788 0.1177
vn 0.0604 -0.9912 0.1176
vn 0.3593 0.9258 0.1177
vn 0.3498 -0.9294 0.1177
vn 0.0704 0.9906 0.1177
vn 0.0704 0.9906 0.1176
vn 0.6082 -0.7850 0.1177
vn 0.6082 -0.7850 0.1176
vn -0.2247 0.9673 0.1176
vn -0.2246 0.9673 0.1176
vn -0.2247 0.9673 0.1177
vn 0.8126 -0.5709 0.1177
vn 0.8126 -0.5709 0.1176
vn -0.4998 0.8581 0.1177
vn -0.4998 0.8581 0.1176
vn 0.9447 -0.3060 0.1176
vn 0.9447 -0.3060 0.1177
vn -0.7305 0.6727 0.1177
vn 0.9930 -0.0139 0.1177
vn 0.9930 -0.0140 0.1177
vn -0.8963 0.4275 0.1177
vn 0.9530 0.2793 0.1177
vn -0.9825 0.1443 0.1177
vn 0.8283 0.5478 0.1177
vn -0.9814 -0.1517 0.1177
vn 0.6300 0.7676 0.1176
vn 0.6300 0.7676 0.1177
vn -0.8931 -0.4342 0.1177
vn 0.3758 0.9192 0.1177
vn -0.7254 -0.6782 0.1177
vn -0.7254 -0.6781 0.1176
vn -0.7255 -0.6781 0.1177
vn 0.0882 0.9891 0.1177
vn -0.4934 -0.8618 0.1176
vn -0.4934 -0.8618 0.1177
vn -0.4846 0.8668 0.1177
vn 0.0781 -0.9900 0.1176
vn 0.0781 -0.9900 0.1177
vn -0.7185 0.6855 0.1176
vn -0.7186 0.6854 0.1177
vn -0.7184 0.6856 0.1176
vn -0.7186 0.6855 0.1177
vn 0.3665 -0.9230 0.1177
vn 0.3664 -0.9230 0.1177
vn 0.3665 -0.9230 0.1176
vn -0.8886 0.4433 0.1177
vn -0.8886 0.4432 0.1176
vn -0.8886 0.4433 0.1176
vn -0.8886 0.4433 0.1178
vn 0.6222 -0.7740 0.1176
vn -0.9798 0.1616 0.1176
vn -0.9798 0.1617 0.1177
vn 0.8227 -0.5562 0.1176
vn -0.9839 -0.1343 0.1176
vn -0.9839 -0.1344 0.1177
vn 0.9930 0.0039 0.1176
vn 0.9930 0.0038 0.1177
vn -0.7373 -0.6652 0.1176
vn -0.7373 -0.6653 0.1176
vn 0.9478 0.2964 0.1176
vn 0.9478 0.2963 0.1177
vn 0.9478 0.2965 0.1176
vn -0.5084 -0.8530 0.1176
vn -0.5084 -0.8530 0.1177
vn 0.8183 0.5625 0.1177
vn -0.2345 -0.9650 0.1176
vn -0.2345 -0.9650 0.1178
vn 0.6161 0.7788 0.1177
vn 0.6161 0.7788 0.1176
vn 0.0604 -0.9912 0.1177
vn 0.3592 0.9258 0.1176
vn 0.3592 0.9258 0.1177
vn 0.3498 -0.9294 0.1176
vn 0.3499 -0.9294 0.1177
vn 0.6083 -0.7850 0.1177
vn 0.6082 -0.7850 0.1178
vn -0.2246 0.9673 0.1177
vn 0.8126 -0.5708 0.1177
vn 0.8126 -0.5708 0.1176
vn 0.8125 -0.5709 0.1177
vn -0.4998 0.8581 0.1178
vn 0.9448 -0.3059 0.1176
vn 0.9447 -0.3059 0.1177
vn -0.7305 0.6727 0.1176
vn 0.9930 -0.0140 0.1176
vn -0.8963 0.4275 0.1176
vn 0.9530 0.2793 0.1176
vn -0.9825 0.1443 0.1176
vn 0.8283 0.5478 0.1176
vn 0.8283 0.5478 0.1178
vn 0.8282 0.5479 0.1178
vn -0.9814 -0.1516 0.1177
vn -0.9814 -0.1517 0.1176
vn 0.6301 0.7676 0.1176
vn 0.6300 0.7676 0.1178
vn -0.8931 -0.4342 0.1176
vn -0.8931 -0.4341 0.1177
vn 0.3758 0.9192 0.1176
vn 0.3759 0.9192 0.1177
vn 0.3758 0.9192 0.1175
vn -0.7255 -0.6782 0.1176
vn -0.7255 -0.6781 0.1176
vn -0.7254 -0.6781 0.1177
vn 0.0882 0.9891 0.1176
vn -0.4933 -0.8618 0.1176
vn -0.4933 -0.8618 0.1177
vn -0.4933 -0.8619 0.1177
vn -0.4846 0.8668 0.1176
vn -0.4845 0.8668 0.1176
vn -0.4844 0.8669 0.1176
vt 0.232558 0.000000
vt 0.337209 0.000000
vt 0.348837 0.000000
vt 0.674419 0.000000
vt 0.651163 0.000000
vt 0.627907 0.000000
vt 0.697674 0.000000
vt 0.441860 0.000000
vt 0.465116 0.000000
vt 0.488372 0.000000
vt 0.604651 0.000000
vt 0.720930 0.000000
vt 0.581395 0.000000
vt 0.930233 0.000000
vt 0.744186 0.000000
vt 0.767442 0.000000
vt 0.906977 0.000000
vt 0.430233 0.000000
vt 0.411965 0.000000
vt 0.500000 0.000000
vt 0.390483 0.000000
vt 0.516726 0.000000
vt 0.209302 0.000000
vt 0.534884 0.000000
vt 0.360858 0.000000
vt 0.550531 0.000000
vt 0.267442 0.000000
vt 0.279070 0.000000
vt 0.302326 0.000000
vt 0.255814 0.000000
vt 0.317856 0.000000
vt 0.186047 0.000000
vt 0.139535 0.000000
vt 0.162791 0.000000
vt 0.000000 0.000000
vt 1.000000 0.000000
vt 0.023256 0.000000
vt 0.093023 0.000000
vt 0.116279 0.000000
vt 0.069767 0.000000
vt 0.046512 0.000000
vt 0.976744 0.000000
vt 0.565992 0.000000
vt 0.953488 0.000000
vt 0.883721 0.000000
vt 0.790698 0.000000
vt 0.837209 0.000000
vt 0.867376 0.000000
vt 0.813953 0.000000
vt 0.802326 0.000000
s 1
f 11/1/1 42/2/1 16/3/1
f 76/4/2 75/5/2 74/6/2
f 111/1/3 142/2/4 116/3/5
f 177/7/6 176/4/7 174/6/6
f 211/1/8 242/2/8 216/3/8
f 277/7/9 276/4/9 274/6/9
f 311/1/10 342/2/10 316/3/10
f 377/7/11 376/4/12 374/6/12
f 411/1/13 442/2/13 416/3/14
f 477/7/15 476/4/15 474/6/15
f 511/1/16 542/2/16 516/3/17
f 576/4/18 575/5/18 574/6/18
f 611/1/19 642/2/20 616/3/19
f 677/7/21 676/4/22 674/6/23
f 711/1/24 742/2/24 716/3/24
f 776/4/25 775/5/26 774/6/26
f 844/8/27 841/9/27 845/10/27
f 877/7/28 876/4/28 874/6/28
f 911/1/29 942/2/29 916/3/29
f 977/7/30 976/4/31 974/6/30
f 1011/1/32 1042/2/32 1016/3/33
f 1077/7/34 1076/4/35 1074/6/36
f 1111/1/37 1142/2/38 1116/3/37
f 1177/7/39 1176/4/40 1174/6/39
f 1211/1/41 1242/2/42 1216/3/42
f 1276/4/43 1275/5/43 1274/6/43
f 1311/1/44 1342/2/44 1316/3/45
f 1376/4/46 1375/5/46 1374/6/46
f 1411/1/47 1442/2/47 1416/3/47
f 1477/7/48 1476/4/48 1474/6/48
f 1511/1/49 1542/2/49 1516/3/49
f 1577/7/50 1576/4/50 1574/6/50
f 1611/1/51 1642/2/52 1616/3/51
f 1676/4/53 1675/5/53 1674/6/53
f 1711/1/54 1742/2/54 1716/3/54
f 1777/7/55 1776/4/56 1774/6/57
f 1844/8/58 1841/9/58 1845/10/58
f 1877/7/59 1876/4/59 1874/6/60
f 1911/1/61 1942/2/61 1916/3/61
f 1976/4/62 1975/5/62 1974/6/63
f 24/6/1 25/5/1 26/4/1
f 24/6/1 26/4/1 27/7/64
f 23/11/1 24/6/1 28/12/64
f 24/6/1 27/7/64 28/12/64
f 22/13/1 23/11/1 36/14/1
f 23/11/1 28/12/64 29/15/64
f 23/11/1 29/15/64 36/14/1
f 29/15/64 30/16/64 35/17/1
f 36/14/1 29/15/64 35/17/1
f 44/8/64 41/9/64 45/10/1
f 40/18/1 44/8/64 45/10/1
f 40/18/1 45/10/1 19/19/65
f 45/10/1 46/20/64 19/19/65
f 19/19/65 46/20/64 18/21/1
f 46/20/64 20/22/64 18/21/1
f 18/21/1 20/22/64 10/23/1
f 20/22/64 21/24/65 10/23/1
f 17/25/1 18/21/1 11/1/1
f 18/21/1 10/23/1 11/1/1
f 21/24/65 50/26/1 10/23/1
f 16/3/1 17/25/1 11/1/1
f 43/27/64 13/28/64 14/29/64
f 11/1/1 12/30/64 42/2/1
f 12/30/64 43/27/64 15/31/64
f 9/32/1 10/23/1 50/26/1
f 7/33/65 8/34/64 1/35/1
f 8/34/64 9/32/1 39/36/1
f 7/33/65 1/35/1 2/37/1
f 5/38/66 6/39/67 4/40/1
f 6/39/67 7/33/65 2/37/1
f 3/41/1 6/39/67 2/37/1
f 3/41/1 4/40/1 6/39/67
f 38/42/1 39/36/1 49/43/1
f 39/36/1 1/35/1 8/34/64
f 38/42/1 49/43/1 22/13/1
f 36/14/1 37/44/1 22/13/1
f 37/44/1 38/42/1 22/13/1
f 34/45/1 35/17/1 31/46/1
f 31/46/1 35/17/1 30/16/64
f 32/47/1 33/48/1 47/49/1
f 33/48/1 34/45/1 47/49/1
f 12/30/64 15/31/64 42/2/1
f 43/27/64 14/29/64 15/31/64
f 9/32/1 50/26/1 49/43/1
f 49/43/1 39/36/1 9/32/1
f 48/50/65 47/49/1 34/45/1
f 31/46/1 48/50/65 34/45/1
f 95/10/68 91/9/69 94/8/69
f 95/10/68 94/8/69 90/18/68
f 96/20/68 95/10/68 69/19/68
f 95/10/68 90/18/68 69/19/68
f 70/22/68 96/20/68 68/21/69
f 96/20/68 69/19/68 68/21/69
f 71/24/2 70/22/68 60/23/68
f 70/22/68 68/21/69 60/23/68
f 68/21/69 67/25/69 61/1/68
f 60/23/68 68/21/69 61/1/68
f 100/26/69 71/24/2 60/23/68
f 67/25/69 66/3/68 61/1/68
f 64/29/68 63/28/68 93/27/69
f 93/27/69 62/30/68 65/31/68
f 62/30/68 61/1/68 92/2/68
f 65/31/68 62/30/68 92/2/68
f 60/23/68 59/32/69 100/26/69
f 59/32/69 58/34/68 89/36/68
f 58/34/68 57/33/68 51/35/68
f 51/35/68 57/33/68 52/37/68
f 57/33/68 56/39/2 52/37/68
f 56/39/2 55/38/70 54/40/2
f 53/41/69 56/39/2 54/40/2
f 53/41/69 52/37/68 56/39/2
f 51/35/68 89/36/68 58/34/68
f 89/36/68 88/42/70 99/43/69
f 99/43/69 88/42/70 72/13/69
f 88/42/70 87/44/69 72/13/69
f 87/44/69 86/14/2 72/13/69
f 72/13/69 86/14/2 73/11/68
f 86/14/2 85/17/69 79/15/69
f 85/17/69 84/45/69 81/46/69
f 80/16/69 85/17/69 81/46/69
f 84/45/69 83/48/2 97/49/68
f 83/48/2 82/47/2 97/49/68
f 97/49/68 98/50/69 84/45/69
f 98/50/69 81/46/69 84/45/69
f 85/17/69 80/16/69 79/15/69
f 100/26/69 59/32/69 99/43/69
f 64/29/68 93/27/69 65/31/68
f 89/36/68 99/43/69 59/32/69
f 92/2/68 61/1/68 66/3/68
f 86/14/2 79/15/69 73/11/68
f 79/15/69 78/12/69 73/11/68
f 78/12/69 77/7/70 74/6/2
f 73/11/68 78/12/69 74/6/2
f 77/7/70 76/4/2 74/6/2
f 124/6/5 125/5/5 126/4/5
f 124/6/5 126/4/5 127/7/5
f 123/11/3 124/6/5 128/12/71
f 124/6/5 127/7/5 128/12/71
f 122/13/4 123/11/3 136/14/5
f 123/11/3 128/12/71 129/15/71
f 123/11/3 129/15/71 136/14/5
f 129/15/71 130/16/72 135/17/5
f 136/14/5 129/15/71 135/17/5
f 144/8/4 141/9/4 145/10/3
f 140/18/3 144/8/4 145/10/3
f 140/18/3 145/10/3 119/19/4
f 145/10/3 146/20/3 119/19/4
f 119/19/4 146/20/3 118/21/3
f 146/20/3 120/22/5 118/21/3
f 118/21/3 120/22/5 110/23/5
f 120/22/5 121/24/71 110/23/5
f 117/25/73 118/21/3 111/1/3
f 118/21/3 110/23/5 111/1/3
f 121/24/71 150/26/4 110/23/5
f 116/3/5 117/25/73 111/1/3
f 143/27/3 113/28/4 114/29/5
f 111/1/3 112/30/4 142/2/4
f 112/30/4 143/27/3 115/31/4
f 109/32/5 110/23/5 150/26/4
f 107/33/3 108/34/5 101/35/3
f 108/34/5 109/32/5 139/36/3
f 107/33/3 101/35/3 102/37/4
f 105/38/74 106/39/3 104/40/71
f 106/39/3 107/33/3 102/37/4
f 103/41/72 106/39/3 102/37/4
f 103/41/72 104/40/71 106/39/3
f 138/42/5 139/36/3 149/43/4
f 139/36/3 101/35/3 108/34/5
f 138/42/5 149/43/4 122/13/4
f 136/14/5 137/44/5 122/13/4
f 137/44/5 138/42/5 122/13/4
f 134/45/5 135/17/5 131/46/3
f 131/46/3 135/17/5 130/16/72
f 132/47/4 133/48/4 147/49/4
f 133/48/4 134/45/5 147/49/4
f 112/30/4 115/31/4 142/2/4
f 143/27/3 114/29/5 115/31/4
f 109/32/5 150/26/4 149/43/4
f 149/43/4 139/36/3 109/32/5
f 148/50/5 147/49/4 134/45/5
f 131/46/3 148/50/5 134/45/5
f 195/10/7 191/9/75 194/8/75
f 195/10/7 194/8/75 190/18/7
f 196/20/6 195/10/7 169/19/6
f 195/10/7 190/18/7 169/19/6
f 170/22/75 196/20/6 168/21/6
f 196/20/6 169/19/6 168/21/6
f 171/24/6 170/22/75 160/23/6
f 170/22/75 168/21/6 160/23/6
f 168/21/6 167/25/6 161/1/6
f 160/23/6 168/21/6 161/1/6
f 200/26/75 171/24/6 160/23/6
f 167/25/6 166/3/7 161/1/6
f 164/29/6 163/28/6 193/27/6
f 193/27/6 162/30/6 165/31/6
f 162/30/6 161/1/6 192/2/6
f 165/31/6 162/30/6 192/2/6
f 160/23/6 159/32/6 200/26/75
f 159/32/6 158/34/6 189/36/6
f 158/34/6 157/33/6 151/35/6
f 151/35/6 157/33/6 152/37/6
f 157/33/6 156/39/7 152/37/6
f 156/39/7 155/38/7 154/40/6
f 153/41/75 156/39/7 154/40/6
f 153/41/75 152/37/6 156/39/7
f 151/35/6 189/36/6 158/34/6
f 189/36/6 188/42/6 199/43/6
f 199/43/6 188/42/6 172/13/6
f 188/42/6 187/44/6 172/13/6
f 187/44/6 186/14/6 172/13/6
f 172/13/6 186/14/6 173/11/6
f 186/14/6 185/17/75 179/15/75
f 185/17/75 184/45/75 181/46/75
f 184/45/75 183/48/7 197/49/7
f 183/48/7 182/47/7 197/49/7
f 185/17/75 181/46/75 180/16/6
f 200/26/75 159/32/6 199/43/6
f 164/29/6 193/27/6 165/31/6
f 189/36/6 199/43/6 159/32/6
f 185/17/75 180/16/6 179/15/75
f 184/45/75 197/49/7 198/50/75
f 184/45/75 198/50/75 181/46/75
f 192/2/6 161/1/6 166/3/7
f 186/14/6 179/15/75 173/11/6
f 179/15/75 178/12/6 173/11/6
f 178/12/6 177/7/6 174/6/6
f 173/11/6 178/12/6 174/6/6
f 176/4/7 175/5/7 174/6/6
f 224/6/8 225/5/76 226/4/76
f 224/6/8 226/4/76 227/7/8
f 223/11/8 224/6/8 228/12/8
f 224/6/8 227/7/8 228/12/8
f 222/13/8 223/11/8 236/14/8
f 223/11/8 228/12/8 229/15/8
f 223/11/8 229/15/8 236/14/8
f 229/15/8 230/16/8 235/17/8
f 236/14/8 229/15/8 235/17/8
f 244/8/8 241/9/8 245/10/8
f 240/18/8 244/8/8 245/10/8
f 240/18/8 245/10/8 219/19/77
f 245/10/8 246/20/8 219/19/77
f 219/19/77 246/20/8 218/21/8
f 246/20/8 220/22/8 218/21/8
f 218/21/8 220/22/8 210/23/8
f 220/22/8 221/24/8 210/23/8
f 217/25/8 218/21/8 211/1/8
f 218/21/8 210/23/8 211/1/8
f 221/24/8 250/26/8 210/23/8
f 216/3/8 217/25/8 211/1/8
f 243/27/8 213/28/8 214/29/8
f 211/1/8 212/30/76 242/2/8
f 212/30/76 243/27/8 215/31/8
f 209/32/8 210/23/8 250/26/8
f 207/33/8 208/34/8 201/35/8
f 208/34/8 209/32/8 239/36/8
f 207/33/8 201/35/8 202/37/8
f 205/38/8 206/39/76 204/40/76
f 206/39/76 207/33/8 202/37/8
f 203/41/8 206/39/76 202/37/8
f 203/41/8 204/40/76 206/39/76
f 238/42/8 239/36/8 249/43/8
f 239/36/8 201/35/8 208/34/8
f 238/42/8 249/43/8 222/13/8
f 236/14/8 237/44/8 222/13/8
f 237/44/8 238/42/8 222/13/8
f 234/45/8 235/17/8 231/46/8
f 231/46/8 235/17/8 230/16/8
f 232/47/8 233/48/8 247/49/8
f 233/48/8 234/45/8 247/49/8
f 212/30/76 215/31/8 242/2/8
f 243/27/8 214/29/8 215/31/8
f 209/32/8 250/26/8 249/43/8
f 249/43/8 239/36/8 209/32/8
f 248/50/8 247/49/8 234/45/8
f 231/46/8 248/50/8 234/45/8
f 295/10/78 291/9/78 294/8/78
f 295/10/78 294/8/78 290/18/78
f 296/20/9 295/10/78 269/19/9
f 295/10/78 290/18/78 269/19/9
f 270/22/9 296/20/9 268/21/9
f 296/20/9 269/19/9 268/21/9
f 271/24/9 270/22/9 260/23/9
f 270/22/9 268/21/9 260/23/9
f 268/21/9 267/25/9 261/1/9
f 260/23/9 268/21/9 261/1/9
f 300/26/9 271/24/9 260/23/9
f 267/25/9 266/3/9 261/1/9
f 264/29/78 263/28/78 293/27/9
f 293/27/9 262/30/9 265/31/9
f 262/30/9 261/1/9 292/2/9
f 265/31/9 262/30/9 292/2/9
f 260/23/9 259/32/9 300/26/9
f 259/32/9 258/34/9 289/36/9
f 258/34/9 257/33/9 251/35/9
f 251/35/9 257/33/9 252/37/9
f 257/33/9 256/39/9 252/37/9
f 256/39/9 255/38/9 254/40/9
f 253/41/9 256/39/9 254/40/9
f 253/41/9 252/37/9 256/39/9
f 251/35/9 289/36/9 258/34/9
f 289/36/9 288/42/9 299/43/9
f 299/43/9 288/42/9 272/13/78
f 288/42/9 287/44/9 272/13/78
f 287/44/9 286/14/9 272/13/78
f 272/13/78 286/14/9 273/11/9
f 286/14/9 285/17/9 279/15/78
f 285/17/9 284/45/9 281/46/9
f 284/45/9 283/48/9 297/49/9
f 283/48/9 282/47/9 297/49/9
f 285/17/9 281/46/9 280/16/78
f 300/26/9 259/32/9 299/43/9
f 264/29/78 293/27/9 265/31/9
f 289/36/9 299/43/9 259/32/9
f 285/17/9 280/16/78 279/15/78
f 284/45/9 297/49/9 298/50/9
f 284/45/9 298/50/9 281/46/9
f 292/2/9 261/1/9 266/3/9
f 286/14/9 279/15/78 273/11/9
f 279/15/78 278/12/9 273/11/9
f 278/12/9 277/7/9 274/6/9
f 273/11/9 278/12/9 274/6/9
f 276/4/9 275/5/9 274/6/9
f 324/6/10 325/5/79 326/4/10
f 324/6/10 326/4/10 327/7/10
f 323/11/10 324/6/10 328/12/10
f 324/6/10 327/7/10 328/12/10
f 322/13/10 323/11/10 336/14/10
f 323/11/10 328/12/10 329/15/10
f 323/11/10 329/15/10 336/14/10
f 329/15/10 330/16/10 335/17/10
f 336/14/10 329/15/10 335/17/10
f 344/8/79 341/9/79 345/10/10
f 340/18/10 344/8/79 345/10/10
f 340/18/10 345/10/10 319/19/10
f 345/10/10 346/20/80 319/19/10
f 319/19/10 346/20/80 318/21/10
f 346/20/80 320/22/10 318/21/10
f 318/21/10 320/22/10 310/23/10
f 320/22/10 321/24/80 310/23/10
f 317/25/80 318/21/10 311/1/10
f 318/21/10 310/23/10 311/1/10
f 321/24/80 350/26/10 310/23/10
f 316/3/10 317/25/80 311/1/10
f 343/27/10 313/28/10 314/29/10
f 311/1/10 312/30/10 342/2/10
f 312/30/10 343/27/10 315/31/10
f 309/32/10 310/23/10 350/26/10
f 307/33/80 308/34/10 301/35/10
f 308/34/10 309/32/10 339/36/10
f 307/33/80 301/35/10 302/37/10
f 305/38/10 306/39/10 304/40/79
f 306/39/10 307/33/80 302/37/10
f 303/41/10 306/39/10 302/37/10
f 303/41/10 304/40/79 306/39/10
f 338/42/10 339/36/10 349/43/10
f 339/36/10 301/35/10 308/34/10
f 338/42/10 349/43/10 322/13/10
f 336/14/10 337/44/10 322/13/10
f 337/44/10 338/42/10 322/13/10
f 334/45/10 335/17/10 331/46/10
f 331/46/10 335/17/10 330/16/10
f 332/47/10 333/48/10 347/49/10
f 333/48/10 334/45/10 347/49/10
f 312/30/10 315/31/10 342/2/10
f 343/27/10 314/29/10 315/31/10
f 309/32/10 350/26/10 349/43/10
f 349/43/10 339/36/10 309/32/10
f 348/50/10 347/49/10 334/45/10
f 331/46/10 348/50/10 334/45/10
f 395/10/11 391/9/12 394/8/12
f 395/10/11 394/8/12 390/18/11
f 396/20/12 395/10/11 369/19/12
f 395/10/11 390/18/11 369/19/12
f 370/22/12 396/20/12 368/21/12
f 396/20/12 369/19/12 368/21/12
f 371/24/12 370/22/12 360/23/12
f 370/22/12 368/21/12 360/23/12
f 368/21/12 367/25/12 361/1/12
f 360/23/12 368/21/12 361/1/12
f 400/26/11 371/24/12 360/23/12
f 367/25/12 366/3/11 361/1/12
f 364/29/12 363/28/12 393/27/11
f 393/27/11 362/30/11 365/31/11
f 362/30/11 361/1/12 392/2/12
f 365/31/11 362/30/11 392/2/12
f 360/23/12 359/32/12 400/26/11
f 359/32/12 358/34/12 389/36/12
f 358/34/12 357/33/12 351/35/12
f 351/35/12 357/33/12 352/37/12
f 357/33/12 356/39/12 352/37/12
f 356/39/12 355/38/12 354/40/12
f 353/41/12 356/39/12 354/40/12
f 353/41/12 352/37/12 356/39/12
f 351/35/12 389/36/12 358/34/12
f 389/36/12 388/42/12 399/43/11
f 399/43/11 388/42/12 372/13/12
f 388/42/12 387/44/12 372/13/12
f 387/44/12 386/14/12 372/13/12
f 372/13/12 386/14/12 373/11/12
f 386/14/12 385/17/12 379/15/12
f 385/17/12 384/45/12 381/46/12
f 384/45/12 383/48/12 397/49/12
f 383/48/12 382/47/12 397/49/12
f 385/17/12 381/46/12 380/16/12
f 400/26/11 359/32/12 399/43/11
f 364/29/12 393/27/11 365/31/11
f 389/36/12 399/43/11 359/32/12
f 385/17/12 380/16/12 379/15/12
f 384/45/12 397/49/12 398/50/12
f 384/45/12 398/50/12 381/46/12
f 392/2/12 361/1/12 366/3/11
f 386/14/12 379/15/12 373/11/12
f 379/15/12 378/12/12 373/11/12
f 378/12/12 377/7/11 374/6/12
f 373/11/12 378/12/12 374/6/12
f 376/4/12 375/5/12 374/6/12
f 424/6/13 425/5/13 426/4/13
f 424/6/13 426/4/13 427/7/14
f 423/11/13 424/6/13 428/12/13
f 424/6/13 427/7/14 428/12/13
f 422/13/13 423/11/13 436/14/13
f 423/11/13 428/12/13 429/15/13
f 423/11/13 429/15/13 436/14/13
f 429/15/13 430/16/13 435/17/13
f 436/14/13 429/15/13 435/17/13
f 444/8/14 441/9/14 445/10/13
f 440/18/13 444/8/14 445/10/13
f 440/18/13 445/10/13 419/19/13
f 445/10/13 446/20/14 419/19/13
f 419/19/13 446/20/14 418/21/13
f 446/20/14 420/22/13 418/21/13
f 418/21/13 420/22/13 410/23/13
f 420/22/13 421/24/13 410/23/13
f 417/25/13 418/21/13 411/1/13
f 418/21/13 410/23/13 411/1/13
f 421/24/13 450/26/13 410/23/13
f 416/3/14 417/25/13 411/1/13
f 443/27/13 413/28/13 414/29/13
f 411/1/13 412/30/13 442/2/13
f 412/30/13 443/27/13 415/31/13
f 409/32/13 410/23/13 450/26/13
f 407/33/13 408/34/13 401/35/13
f 408/34/13 409/32/13 439/36/13
f 407/33/13 401/35/13 402/37/13
f 405/38/14 406/39/14 404/40/14
f 406/39/14 407/33/13 402/37/13
f 403/41/13 406/39/14 402/37/13
f 403/41/13 404/40/14 406/39/14
f 438/42/13 439/36/13 449/43/13
f 439/36/13 401/35/13 408/34/13
f 438/42/13 449/43/13 422/13/13
f 436/14/13 437/44/13 422/13/13
f 437/44/13 438/42/13 422/13/13
f 434/45/13 435/17/13 431/46/13
f 431/46/13 435/17/13 430/16/13
f 432/47/13 433/48/13 447/49/13
f 433/48/13 434/45/13 447/49/13
f 412/30/13 415/31/13 442/2/13
f 443/27/13 414/29/13 415/31/13
f 409/32/13 450/26/13 449/43/13
f 449/43/13 439/36/13 409/32/13
f 448/50/13 447/49/13 434/45/13
f 431/46/13 448/50/13 434/45/13
f 495/10/15 491/9/15 494/8/15
f 495/10/15 494/8/15 490/18/81
f 496/20/15 495/10/15 469/19/15
f 495/10/15 490/18/81 469/19/15
f 470/22/15 496/20/15 468/21/15
f 496/20/15 469/19/15 468/21/15
f 471/24/15 470/22/15 460/23/15
f 470/22/15 468/21/15 460/23/15
f 468/21/15 467/25/82 461/1/15
f 460/23/15 468/21/15 461/1/15
f 500/26/15 471/24/15 460/23/15
f 467/25/82 466/3/15 461/1/15
f 464/29/15 463/28/15 493/27/15
f 493/27/15 462/30/15 465/31/15
f 462/30/15 461/1/15 492/2/15
f 465/31/15 462/30/15 492/2/15
f 460/23/15 459/32/15 500/26/15
f 459/32/15 458/34/15 489/36/15
f 458/34/15 457/33/15 451/35/15
f 451/35/15 457/33/15 452/37/15
f 457/33/15 456/39/15 452/37/15
f 456/39/15 455/38/15 454/40/82
f 453/41/82 456/39/15 454/40/82
f 453/41/82 452/37/15 456/39/15
f 451/35/15 489/36/15 458/34/15
f 489/36/15 488/42/15 499/43/15
f 499/43/15 488/42/15 472/13/15
f 488/42/15 487/44/15 472/13/15
f 487/44/15 486/14/15 472/13/15
f 472/13/15 486/14/15 473/11/15
f 486/14/15 485/17/15 479/15/15
f 485/17/15 484/45/15 481/46/15
f 484/45/15 483/48/15 497/49/15
f 483/48/15 482/47/15 497/49/15
f 485/17/15 481/46/15 480/16/15
f 500/26/15 459/32/15 499/43/15
f 464/29/15 493/27/15 465/31/15
f 489/36/15 499/43/15 459/32/15
f 485/17/15 480/16/15 479/15/15
f 484/45/15 497/49/15 498/50/15
f 484/45/15 498/50/15 481/46/15
f 492/2/15 461/1/15 466/3/15
f 486/14/15 479/15/15 473/11/15
f 479/15/15 478/12/15 473/11/15
f 478/12/15 477/7/15 474/6/15
f 473/11/15 478/12/15 474/6/15
f 476/4/15 475/5/15 474/6/15
f 524/6/83 525/5/83 526/4/83
f 524/6/83 526/4/83 527/7/83
f 523/11/16 524/6/83 528/12/16
f 524/6/83 527/7/83 528/12/16
f 522/13/16 523/11/16 536/14/16
f 523/11/16 528/12/16 529/15/16
f 523/11/16 529/15/16 536/14/16
f 529/15/16 530/16/16 535/17/16
f 536/14/16 529/15/16 535/17/16
f 544/8/83 541/9/83 545/10/84
f 540/18/84 544/8/83 545/10/84
f 540/18/84 545/10/84 519/19/16
f 545/10/84 546/20/83 519/19/16
f 519/19/16 546/20/83 518/21/16
f 546/20/83 520/22/16 518/21/16
f 518/21/16 520/22/16 510/23/16
f 520/22/16 521/24/16 510/23/16
f 517/25/16 518/21/16 511/1/16
f 518/21/16 510/23/16 511/1/16
f 521/24/16 550/26/16 510/23/16
f 516/3/17 517/25/16 511/1/16
f 543/27/83 513/28/16 514/29/16
f 511/1/16 512/30/16 542/2/16
f 512/30/16 543/27/83 515/31/16
f 509/32/16 510/23/16 550/26/16
f 507/33/16 508/34/16 501/35/16
f 508/34/16 509/32/16 539/36/83
f 507/33/16 501/35/16 502/37/16
f 505/38/84 506/39/17 504/40/17
f 506/39/17 507/33/16 502/37/16
f 503/41/16 506/39/17 502/37/16
f 503/41/16 504/40/17 506/39/17
f 538/42/83 539/36/83 549/43/16
f 539/36/83 501/35/16 508/34/16
f 538/42/83 549/43/16 522/13/16
f 536/14/16 537/44/16 522/13/16
f 537/44/16 538/42/83 522/13/16
f 534/45/16 535/17/16 531/46/83
f 531/46/83 535/17/16 530/16/16
f 532/47/16 533/48/83 547/49/83
f 533/48/83 534/45/16 547/49/83
f 512/30/16 515/31/16 542/2/16
f 543/27/83 514/29/16 515/31/16
f 509/32/16 550/26/16 549/43/16
f 549/43/16 539/36/83 509/32/16
f 548/50/83 547/49/83 534/45/16
f 531/46/83 548/50/83 534/45/16
f 595/10/18 591/9/85 594/8/85
f 595/10/18 594/8/85 590/18/18
f 596/20/18 595/10/18 569/19/86
f 595/10/18 590/18/18 569/19/86
f 570/22/18 596/20/18 568/21/18
f 596/20/18 569/19/86 568/21/18
f 571/24/85 570/22/18 560/23/18
f 570/22/18 568/21/18 560/23/18
f 568/21/18 567/25/18 561/1/85
f 560/23/18 568/21/18 561/1/85
f 600/26/85 571/24/85 560/23/18
f 567/25/18 566/3/85 561/1/85
f 564/29/18 563/28/85 593/27/18
f 593/27/18 562/30/18 565/31/18
f 562/30/18 561/1/85 592/2/18
f 565/31/18 562/30/18 592/2/18
f 560/23/18 559/32/18 600/26/85
f 559/32/18 558/34/18 589/36/18
f 558/34/18 557/33/18 551/35/18
f 551/35/18 557/33/18 552/37/18
f 557/33/18 556/39/18 552/37/18
f 556/39/18 555/38/87 554/40/85
f 553/41/18 556/39/18 554/40/85
f 553/41/18 552/37/18 556/39/18
f 551/35/18 589/36/18 558/34/18
f 589/36/18 588/42/18 599/43/18
f 599/43/18 588/42/18 572/13/18
f 588/42/18 587/44/18 572/13/18
f 587/44/18 586/14/18 572/13/18
f 572/13/18 586/14/18 573/11/18
f 586/14/18 585/17/18 579/15/18
f 585/17/18 584/45/18 581/46/18
f 580/16/18 585/17/18 581/46/18
f 584/45/18 583/48/85 597/49/85
f 583/48/85 582/47/18 597/49/85
f 597/49/85 598/50/18 584/45/18
f 598/50/18 581/46/18 584/45/18
f 585/17/18 580/16/18 579/15/18
f 600/26/85 559/32/18 599/43/18
f 564/29/18 593/27/18 565/31/18
f 589/36/18 599/43/18 559/32/18
f 592/2/18 561/1/85 566/3/85
f 586/14/18 579/15/18 573/11/18
f 579/15/18 578/12/85 573/11/18
f 578/12/85 577/7/18 574/6/18
f 573/11/18 578/12/85 574/6/18
f 577/7/18 576/4/18 574/6/18
f 624/6/19 625/5/20 626/4/20
f 624/6/19 626/4/20 627/7/19
f 623/11/19 624/6/19 628/12/20
f 624/6/19 627/7/19 628/12/20
f 622/13/19 623/11/19 636/14/20
f 623/11/19 628/12/20 629/15/19
f 623/11/19 629/15/19 636/14/20
f 629/15/19 630/16/19 635/17/19
f 636/14/20 629/15/19 635/17/19
f 644/8/19 641/9/19 645/10/20
f 640/18/20 644/8/19 645/10/20
f 640/18/20 645/10/20 619/19/88
f 645/10/20 646/20/19 619/19/88
f 619/19/88 646/20/19 618/21/20
f 646/20/19 620/22/19 618/21/20
f 618/21/20 620/22/19 610/23/19
f 620/22/19 621/24/19 610/23/19
f 617/25/20 618/21/20 611/1/19
f 618/21/20 610/23/19 611/1/19
f 621/24/19 650/26/19 610/23/19
f 616/3/19 617/25/20 611/1/19
f 643/27/20 613/28/20 614/29/20
f 611/1/19 612/30/20 642/2/20
f 612/30/20 643/27/20 615/31/20
f 609/32/19 610/23/19 650/26/19
f 607/33/19 608/34/19 601/35/19
f 608/34/19 609/32/19 639/36/19
f 607/33/19 601/35/19 602/37/19
f 605/38/20 606/39/19 604/40/89
f 606/39/19 607/33/19 602/37/19
f 603/41/20 606/39/19 602/37/19
f 603/41/20 604/40/89 606/39/19
f 638/42/19 639/36/19 649/43/19
f 639/36/19 601/35/19 608/34/19
f 638/42/19 649/43/19 622/13/19
f 636/14/20 637/44/19 622/13/19
f 637/44/19 638/42/19 622/13/19
f 634/45/19 635/17/19 631/46/19
f 631/46/19 635/17/19 630/16/19
f 632/47/20 633/48/19 647/49/19
f 633/48/19 634/45/19 647/49/19
f 612/30/20 615/31/20 642/2/20
f 643/27/20 614/29/20 615/31/20
f 609/32/19 650/26/19 649/43/19
f 649/43/19 639/36/19 609/32/19
f 648/50/19 647/49/19 634/45/19
f 631/46/19 648/50/19 634/45/19
f 695/10/23 691/9/23 694/8/23
f 695/10/23 694/8/23 690/18/23
f 696/20/23 695/10/23 669/19/21
f 695/10/23 690/18/23 669/19/21
f 670/22/23 696/20/23 668/21/23
f 696/20/23 669/19/21 668/21/23
f 671/24/23 670/22/23 660/23/23
f 670/22/23 668/21/23 660/23/23
f 668/21/23 667/25/22 661/1/23
f 660/23/23 668/21/23 661/1/23
f 700/26/23 671/24/23 660/23/23
f 667/25/22 666/3/23 661/1/23
f 664/29/23 663/28/23 693/27/23
f 693/27/23 662/30/23 665/31/23
f 662/30/23 661/1/23 692/2/23
f 665/31/23 662/30/23 692/2/23
f 660/23/23 659/32/23 700/26/23
f 659/32/23 658/34/23 689/36/23
f 658/34/23 657/33/22 651/35/23
f 651/35/23 657/33/22 652/37/23
f 657/33/22 656/39/23 652/37/23
f 656/39/23 655/38/22 654/40/23
f 653/41/90 656/39/23 654/40/23
f 653/41/90 652/37/23 656/39/23
f 651/35/23 689/36/23 658/34/23
f 689/36/23 688/42/22 699/43/23
f 699/43/23 688/42/22 672/13/22
f 688/42/22 687/44/23 672/13/22
f 687/44/23 686/14/23 672/13/22
f 672/13/22 686/14/23 673/11/23
f 686/14/23 685/17/23 679/15/23
f 685/17/23 684/45/23 681/46/23
f 684/45/23 683/48/23 697/49/23
f 683/48/23 682/47/23 697/49/23
f 685/17/23 681/46/23 680/16/23
f 700/26/23 659/32/23 699/43/23
f 664/29/23 693/27/23 665/31/23
f 689/36/23 699/43/23 659/32/23
f 685/17/23 680/16/23 679/15/23
f 684/45/23 697/49/23 698/50/23
f 684/45/23 698/50/23 681/46/23
f 692/2/23 661/1/23 666/3/23
f 686/14/23 679/15/23 673/11/23
f 679/15/23 678/12/23 673/11/23
f 678/12/23 677/7/21 674/6/23
f 673/11/23 678/12/23 674/6/23
f 676/4/22 675/5/22 674/6/23
f 724/6/91 725/5/91 726/4/91
f 724/6/91 726/4/91 727/7/91
f 723/11/24 724/6/91 728/12/24
f 724/6/91 727/7/91 728/12/24
f 722/13/24 723/11/24 736/14/24
f 723/11/24 728/12/24 729/15/24
f 723/11/24 729/15/24 736/14/24
f 729/15/24 730/16/24 735/17/24
f 736/14/24 729/15/24 735/17/24
f 744/8/91 741/9/91 745/10/91
f 740/18/91 744/8/91 745/10/91
f 740/18/91 745/10/91 719/19/24
f 745/10/91 746/20/24 719/19/24
f 719/19/24 746/20/24 718/21/24
f 746/20/24 720/22/24 718/21/24
f 718/21/24 720/22/24 710/23/24
f 720/22/24 721/24/24 710/23/24
f 717/25/24 718/21/24 711/1/24
f 718/21/24 710/23/24 711/1/24
f 721/24/24 750/26/24 710/23/24
f 716/3/24 717/25/24 711/1/24
f 743/27/24 713/28/91 714/29/91
f 711/1/24 712/30/24 742/2/24
f 712/30/24 743/27/24 715/31/24
f 709/32/24 710/23/24 750/26/24
f 707/33/91 708/34/91 701/35/24
f 708/34/91 709/32/24 739/36/24
f 707/33/91 701/35/24 702/37/24
f 705/38/92 706/39/24 704/40/91
f 706/39/24 707/33/91 702/37/24
f 703/41/91 706/39/24 702/37/24
f 703/41/91 704/40/91 706/39/24
f 738/42/24 739/36/24 749/43/24
f 739/36/24 701/35/24 708/34/91
f 738/42/24 749/43/24 722/13/24
f 736/14/24 737/44/24 722/13/24
f 737/44/24 738/42/24 722/13/24
f 734/45/24 735/17/24 731/46/24
f 731/46/24 735/17/24 730/16/24
f 732/47/91 733/48/91 747/49/24
f 733/48/91 734/45/24 747/49/24
f 712/30/24 715/31/24 742/2/24
f 743/27/24 714/29/91 715/31/24
f 709/32/24 750/26/24 749/43/24
f 749/43/24 739/36/24 709/32/24
f 748/50/24 747/49/24 734/45/24
f 731/46/24 748/50/24 734/45/24
f 795/10/25 791/9/25 794/8/25
f 795/10/25 794/8/25 790/18/25
f 796/20/25 795/10/25 769/19/93
f 795/10/25 790/18/25 769/19/93
f 770/22/26 796/20/25 768/21/26
f 796/20/25 769/19/93 768/21/26
f 771/24/26 770/22/26 760/23/26
f 770/22/26 768/21/26 760/23/26
f 768/21/26 767/25/25 761/1/26
f 760/23/26 768/21/26 761/1/26
f 800/26/26 771/24/26 760/23/26
f 767/25/25 766/3/26 761/1/26
f 764/29/25 763/28/25 793/27/25
f 793/27/25 762/30/25 765/31/25
f 762/30/25 761/1/26 792/2/26
f 765/31/25 762/30/25 792/2/26
f 760/23/26 759/32/26 800/26/26
f 759/32/26 758/34/26 789/36/26
f 758/34/26 757/33/93 751/35/26
f 751/35/26 757/33/93 752/37/26
f 757/33/93 756/39/25 752/37/26
f 756/39/25 755/38/94 754/40/93
f 753/41/26 756/39/25 754/40/93
f 753/41/26 752/37/26 756/39/25
f 751/35/26 789/36/26 758/34/26
f 789/36/26 788/42/26 799/43/26
f 799/43/26 788/42/26 772/13/26
f 788/42/26 787/44/26 772/13/26
f 787/44/26 786/14/26 772/13/26
f 772/13/26 786/14/26 773/11/26
f 786/14/26 785/17/26 779/15/26
f 785/17/26 784/45/26 781/46/26
f 780/16/25 785/17/26 781/46/26
f 784/45/26 783/48/93 797/49/26
f 783/48/93 782/47/93 797/49/26
f 797/49/26 798/50/26 784/45/26
f 798/50/26 781/46/26 784/45/26
f 785/17/26 780/16/25 779/15/26
f 800/26/26 759/32/26 799/43/26
f 764/29/25 793/27/25 765/31/25
f 789/36/26 799/43/26 759/32/26
f 792/2/26 761/1/26 766/3/26
f 786/14/26 779/15/26 773/11/26
f 779/15/26 778/12/26 773/11/26
f 778/12/26 777/7/26 774/6/26
f 773/11/26 778/12/26 774/6/26
f 777/7/26 776/4/25 774/6/26
f 824/6/95 825/5/27 826/4/27
f 824/6/95 826/4/27 827/7/95
f 823/11/95 824/6/95 828/12/95
f 824/6/95 827/7/95 828/12/95
f 822/13/95 823/11/95 836/14/95
f 823/11/95 828/12/95 829/15/95
f 823/11/95 829/15/95 836/14/95
f 829/15/95 830/16/95 835/17/95
f 831/46/95 848/50/95 834/45/95
f 848/50/95 847/49/95 834/45/95
f 847/49/95 832/47/95 833/48/95
f 833/48/95 834/45/95 847/49/95
f 834/45/95 835/17/95 831/46/95
f 835/17/95 836/14/95 829/15/95
f 836/14/95 837/44/95 822/13/95
f 837/44/95 838/42/95 822/13/95
f 838/42/95 839/36/95 849/43/95
f 822/13/95 838/42/95 849/43/95
f 839/36/95 801/35/95 808/34/95
f 801/35/95 802/37/95 807/33/95
f 807/33/95 802/37/95 806/39/95
f 802/37/95 803/41/95 806/39/95
f 803/41/95 804/40/95 806/39/95
f 804/40/95 805/38/95 806/39/95
f 807/33/95 808/34/95 801/35/95
f 808/34/95 809/32/95 839/36/95
f 809/32/95 810/23/95 850/26/95
f 818/21/95 810/23/95 811/1/95
f 811/1/95 812/30/95 842/2/95
f 816/3/95 811/1/95 842/2/95
f 812/30/95 843/27/27 815/31/27
f 843/27/27 813/28/27 814/29/27
f 843/27/27 814/29/27 815/31/27
f 810/23/95 818/21/95 820/22/95
f 811/1/95 816/3/95 817/25/95
f 811/1/95 817/25/95 818/21/95
f 812/30/95 815/31/27 842/2/95
f 831/46/95 835/17/95 830/16/95
f 809/32/95 849/43/95 839/36/95
f 849/43/95 809/32/95 850/26/95
f 821/24/95 810/23/95 820/22/95
f 810/23/95 821/24/95 850/26/95
f 818/21/95 819/19/95 846/20/95
f 820/22/95 818/21/95 846/20/95
f 819/19/95 840/18/27 845/10/27
f 819/19/95 845/10/27 846/20/95
f 840/18/27 844/8/27 845/10/27
f 895/10/28 891/9/28 894/8/28
f 895/10/28 894/8/28 890/18/96
f 896/20/28 895/10/28 869/19/28
f 895/10/28 890/18/96 869/19/28
f 870/22/28 896/20/28 868/21/28
f 896/20/28 869/19/28 868/21/28
f 871/24/28 870/22/28 860/23/28
f 870/22/28 868/21/28 860/23/28
f 868/21/28 867/25/96 861/1/28
f 860/23/28 868/21/28 861/1/28
f 900/26/28 871/24/28 860/23/28
f 867/25/96 866/3/28 861/1/28
f 864/29/28 863/28/28 893/27/28
f 893/27/28 862/30/28 865/31/28
f 862/30/28 861/1/28 892/2/28
f 865/31/28 862/30/28 892/2/28
f 860/23/28 859/32/28 900/26/28
f 859/32/28 858/34/28 889/36/28
f 858/34/28 857/33/28 851/35/97
f 851/35/97 857/33/28 852/37/96
f 857/33/28 856/39/28 852/37/96
f 856/39/28 855/38/96 854/40/28
f 853/41/28 856/39/28 854/40/28
f 853/41/28 852/37/96 856/39/28
f 851/35/97 889/36/28 858/34/28
f 889/36/28 888/42/28 899/43/28
f 899/43/28 888/42/28 872/13/28
f 888/42/28 887/44/28 872/13/28
f 887/44/28 886/14/28 872/13/28
f 872/13/28 886/14/28 873/11/28
f 886/14/28 885/17/28 879/15/28
f 885/17/28 884/45/28 881/46/28
f 884/45/28 883/48/28 897/49/97
f 883/48/28 882/47/28 897/49/97
f 885/17/28 881/46/28 880/16/28
f 900/26/28 859/32/28 899/43/28
f 864/29/28 893/27/28 865/31/28
f 889/36/28 899/43/28 859/32/28
f 885/17/28 880/16/28 879/15/28
f 884/45/28 897/49/97 898/50/97
f 884/45/28 898/50/97 881/46/28
f 892/2/28 861/1/28 866/3/28
f 886/14/28 879/15/28 873/11/28
f 879/15/28 878/12/28 873/11/28
f 878/12/28 877/7/28 874/6/28
f 873/11/28 878/12/28 874/6/28
f 876/4/28 875/5/28 874/6/28
f 924/6/29 925/5/29 926/4/29
f 924/6/29 926/4/29 927/7/29
f 923/11/29 924/6/29 928/12/98
f 924/6/29 927/7/29 928/12/98
f 922/13/29 923/11/29 936/14/29
f 923/11/29 928/12/98 929/15/29
f 923/11/29 929/15/29 936/14/29
f 929/15/29 930/16/29 935/17/29
f 936/14/29 929/15/29 935/17/29
f 944/8/29 941/9/29 945/10/29
f 940/18/99 944/8/29 945/10/29
f 940/18/99 945/10/29 919/19/29
f 945/10/29 946/20/98 919/19/29
f 919/19/29 946/20/98 918/21/29
f 946/20/98 920/22/29 918/21/29
f 918/21/29 920/22/29 910/23/29
f 920/22/29 921/24/29 910/23/29
f 917/25/98 918/21/29 911/1/29
f 918/21/29 910/23/29 911/1/29
f 921/24/29 950/26/29 910/23/29
f 916/3/29 917/25/98 911/1/29
f 943/27/29 913/28/29 914/29/29
f 911/1/29 912/30/29 942/2/29
f 912/30/29 943/27/29 915/31/29
f 909/32/29 910/23/29 950/26/29
f 907/33/29 908/34/29 901/35/29
f 908/34/29 909/32/29 939/36/29
f 907/33/29 901/35/29 902/37/99
f 905/38/29 906/39/98 904/40/99
f 906/39/98 907/33/29 902/37/99
f 903/41/99 906/39/98 902/37/99
f 903/41/99 904/40/99 906/39/98
f 938/42/29 939/36/29 949/43/29
f 939/36/29 901/35/29 908/34/29
f 938/42/29 949/43/29 922/13/29
f 936/14/29 937/44/29 922/13/29
f 937/44/29 938/42/29 922/13/29
f 934/45/29 935/17/29 931/46/29
f 931/46/29 935/17/29 930/16/29
f 932/47/29 933/48/29 947/49/98
f 933/48/29 934/45/29 947/49/98
f 912/30/29 915/31/29 942/2/29
f 943/27/29 914/29/29 915/31/29
f 909/32/29 950/26/29 949/43/29
f 949/43/29 939/36/29 909/32/29
f 948/50/99 947/49/98 934/45/29
f 931/46/29 948/50/99 934/45/29
f 995/10/30 991/9/30 994/8/30
f 995/10/30 994/8/30 990/18/30
f 996/20/30 995/10/30 969/19/30
f 995/10/30 990/18/30 969/19/30
f 970/22/30 996/20/30 968/21/30
f 996/20/30 969/19/30 968/21/30
f 971/24/30 970/22/30 960/23/30
f 970/22/30 968/21/30 960/23/30
f 968/21/30 967/25/30 961/1/30
f 960/23/30 968/21/30 961/1/30
f 1000/26/30 971/24/30 960/23/30
f 967/25/30 966/3/31 961/1/30
f 964/29/30 963/28/30 993/27/30
f 993/27/30 962/30/30 965/31/30
f 962/30/30 961/1/30 992/2/30
f 965/31/30 962/30/30 992/2/30
f 960/23/30 959/32/30 1000/26/30
f 959/32/30 958/34/30 989/36/30
f 958/34/30 957/33/30 951/35/30
f 951/35/30 957/33/30 952/37/30
f 957/33/30 956/39/31 952/37/30
f 956/39/31 955/38/30 954/40/31
f 953/41/30 956/39/31 954/40/31
f 953/41/30 952/37/30 956/39/31
f 951/35/30 989/36/30 958/34/30
f 989/36/30 988/42/30 999/43/30
f 999/43/30 988/42/30 972/13/30
f 988/42/30 987/44/30 972/13/30
f 987/44/30 986/14/30 972/13/30
f 972/13/30 986/14/30 973/11/30
f 986/14/30 985/17/30 979/15/30
f 985/17/30 984/45/30 981/46/30
f 984/45/30 983/48/30 997/49/30
f 983/48/30 982/47/30 997/49/30
f 985/17/30 981/46/30 980/16/30
f 1000/26/30 959/32/30 999/43/30
f 964/29/30 993/27/30 965/31/30
f 989/36/30 999/43/30 959/32/30
f 985/17/30 980/16/30 979/15/30
f 984/45/30 997/49/30 998/50/30
f 984/45/30 998/50/30 981/46/30
f 992/2/30 961/1/30 966/3/31
f 986/14/30 979/15/30 973/11/30
f 979/15/30 978/12/30 973/11/30
f 978/12/30 977/7/30 974/6/30
f 973/11/30 978/12/30 974/6/30
f 976/4/31 975/5/31 974/6/30
f 1024/6/33 1025/5/32 1026/4/32
f 1024/6/33 1026/4/32 1027/7/33
f 1023/11/32 1024/6/33 1028/12/33
f 1024/6/33 1027/7/33 1028/12/33
f 1022/13/32 1023/11/32 1036/14/32
f 1023/11/32 1028/12/33 1029/15/32
f 1023/11/32 1029/15/32 1036/14/32
f 1029/15/32 1030/16/32 1035/17/32
f 1036/14/32 1029/15/32 1035/17/32
f 1044/8/32 1041/9/32 1045/10/32
f 1040/18/33 1044/8/32 1045/10/32
f 1040/18/33 1045/10/32 1019/19/100
f 1045/10/32 1046/20/32 1019/19/100
f 1019/19/100 1046/20/32 1018/21/32
f 1046/20/32 1020/22/32 1018/21/32
f 1018/21/32 1020/22/32 1010/23/32
f 1020/22/32 1021/24/32 1010/23/32
f 1017/25/32 1018/21/32 1011/1/32
f 1018/21/32 1010/23/32 1011/1/32
f 1021/24/32 1050/26/32 1010/23/32
f 1016/3/33 1017/25/32 1011/1/32
f 1043/27/32 1013/28/32 1014/29/32
f 1011/1/32 1012/30/32 1042/2/32
f 1012/30/32 1043/27/32 1015/31/32
f 1009/32/32 1010/23/32 1050/26/32
f 1007/33/33 1008/34/32 1001/35/32
f 1008/34/32 1009/32/32 1039/36/32
f 1007/33/33 1001/35/32 1002/37/100
f 1005/38/101 1006/39/32 1004/40/32
f 1006/39/32 1007/33/33 1002/37/100
f 1003/41/33 1006/39/32 1002/37/100
f 1003/41/33 1004/40/32 1006/39/32
f 1038/42/32 1039/36/32 1049/43/32
f 1039/36/32 1001/35/32 1008/34/32
f 1038/42/32 1049/43/32 1022/13/32
f 1036/14/32 1037/44/32 1022/13/32
f 1037/44/32 1038/42/32 1022/13/32
f 1034/45/32 1035/17/32 1031/46/32
f 1031/46/32 1035/17/32 1030/16/32
f 1032/47/32 1033/48/33 1047/49/33
f 1033/48/33 1034/45/32 1047/49/33
f 1012/30/32 1015/31/32 1042/2/32
f 1043/27/32 1014/29/32 1015/31/32
f 1009/32/32 1050/26/32 1049/43/32
f 1049/43/32 1039/36/32 1009/32/32
f 1048/50/32 1047/49/33 1034/45/32
f 1031/46/32 1048/50/32 1034/45/32
f 1095/10/36 1091/9/36 1094/8/36
f 1095/10/36 1094/8/36 1090/18/36
f 1096/20/36 1095/10/36 1069/19/35
f 1095/10/36 1090/18/36 1069/19/35
f 1070/22/36 1096/20/36 1068/21/35
f 1096/20/36 1069/19/35 1068/21/35
f 1071/24/36 1070/22/36 1060/23/36
f 1070/22/36 1068/21/35 1060/23/36
f 1068/21/35 1067/25/35 1061/1/36
f 1060/23/36 1068/21/35 1061/1/36
f 1100/26/34 1071/24/36 1060/23/36
f 1067/25/35 1066/3/102 1061/1/36
f 1064/29/34 1063/28/34 1093/27/34
f 1093/27/34 1062/30/36 1065/31/34
f 1062/30/36 1061/1/36 1092/2/36
f 1065/31/34 1062/30/36 1092/2/36
f 1060/23/36 1059/32/36 1100/26/34
f 1059/32/36 1058/34/36 1089/36/36
f 1058/34/36 1057/33/34 1051/35/36
f 1051/35/36 1057/33/34 1052/37/36
f 1057/33/34 1056/39/35 1052/37/36
f 1056/39/35 1055/38/102 1054/40/102
f 1053/41/102 1056/39/35 1054/40/102
f 1053/41/102 1052/37/36 1056/39/35
f 1051/35/36 1089/36/36 1058/34/36
f 1089/36/36 1088/42/34 1099/43/35
f 1099/43/35 1088/42/34 1072/13/36
f 1088/42/34 1087/44/36 1072/13/36
f 1087/44/36 1086/14/36 1072/13/36
f 1072/13/36 1086/14/36 1073/11/36
f 1086/14/36 1085/17/36 1079/15/36
f 1085/17/36 1084/45/34 1081/46/36
f 1084/45/34 1083/48/36 1097/49/36
f 1083/48/36 1082/47/34 1097/49/36
f 1085/17/36 1081/46/36 1080/16/36
f 1100/26/34 1059/32/36 1099/43/35
f 1064/29/34 1093/27/34 1065/31/34
f 1089/36/36 1099/43/35 1059/32/36
f 1085/17/36 1080/16/36 1079/15/36
f 1084/45/34 1097/49/36 1098/50/34
f 1084/45/34 1098/50/34 1081/46/36
f 1092/2/36 1061/1/36 1066/3/102
f 1086/14/36 1079/15/36 1073/11/36
f 1079/15/36 1078/12/35 1073/11/36
f 1078/12/35 1077/7/34 1074/6/36
f 1073/11/36 1078/12/35 1074/6/36
f 1076/4/35 1075/5/35 1074/6/36
f 1124/6/103 1125/5/38 1126/4/37
f 1124/6/103 1126/4/37 1127/7/104
f 1123/11/103 1124/6/103 1128/12/37
f 1124/6/103 1127/7/104 1128/12/37
f 1122/13/103 1123/11/103 1136/14/37
f 1123/11/103 1128/12/37 1129/15/37
f 1123/11/103 1129/15/37 1136/14/37
f 1129/15/37 1130/16/37 1135/17/37
f 1136/14/37 1129/15/37 1135/17/37
f 1144/8/38 1141/9/38 1145/10/103
f 1140/18/103 1144/8/38 1145/10/103
f 1140/18/103 1145/10/103 1119/19/37
f 1145/10/103 1146/20/37 1119/19/37
f 1119/19/37 1146/20/37 1118/21/37
f 1146/20/37 1120/22/37 1118/21/37
f 1118/21/37 1120/22/37 1110/23/37
f 1120/22/37 1121/24/103 1110/23/37
f 1117/25/103 1118/21/37 1111/1/37
f 1118/21/37 1110/23/37 1111/1/37
f 1121/24/103 1150/26/37 1110/23/37
f 1116/3/37 1117/25/103 1111/1/37
f 1143/27/38 1113/28/104 1114/29/38
f 1111/1/37 1112/30/38 1142/2/38
f 1112/30/38 1143/27/38 1115/31/38
f 1109/32/37 1110/23/37 1150/26/37
f 1107/33/37 1108/34/37 1101/35/103
f 1108/34/37 1109/32/37 1139/36/37
f 1107/33/37 1101/35/103 1102/37/103
f 1105/38/38 1106/39/37 1104/40/105
f 1106/39/37 1107/33/37 1102/37/103
f 1103/41/38 1106/39/37 1102/37/103
f 1103/41/38 1104/40/105 1106/39/37
f 1138/42/103 1139/36/37 1149/43/37
f 1139/36/37 1101/35/103 1108/34/37
f 1138/42/103 1149/43/37 1122/13/103
f 1136/14/37 1137/44/37 1122/13/103
f 1137/44/37 1138/42/103 1122/13/103
f 1134/45/37 1135/17/37 1131/46/37
f 1131/46/37 1135/17/37 1130/16/37
f 1132/47/103 1133/48/103 1147/49/37
f 1133/48/103 1134/45/37 1147/49/37
f 1112/30/38 1115/31/38 1142/2/38
f 1143/27/38 1114/29/38 1115/31/38
f 1109/32/37 1150/26/37 1149/43/37
f 1149/43/37 1139/36/37 1109/32/37
f 1148/50/103 1147/49/37 1134/45/37
f 1131/46/37 1148/50/103 1134/45/37
f 1195/10/39 1191/9/40 1194/8/40
f 1195/10/39 1194/8/40 1190/18/40
f 1196/20/40 1195/10/39 1169/19/39
f 1195/10/39 1190/18/40 1169/19/39
f 1170/22/39 1196/20/40 1168/21/39
f 1196/20/40 1169/19/39 1168/21/39
f 1171/24/39 1170/22/39 1160/23/39
f 1170/22/39 1168/21/39 1160/23/39
f 1168/21/39 1167/25/39 1161/1/39
f 1160/23/39 1168/21/39 1161/1/39
f 1200/26/40 1171/24/39 1160/23/39
f 1167/25/39 1166/3/39 1161/1/39
f 1164/29/40 1163/28/40 1193/27/39
f 1193/27/39 1162/30/39 1165/31/39
f 1162/30/39 1161/1/39 1192/2/40
f 1165/31/39 1162/30/39 1192/2/40
f 1160/23/39 1159/32/39 1200/26/40
f 1159/32/39 1158/34/39 1189/36/39
f 1158/34/39 1157/33/39 1151/35/39
f 1151/35/39 1157/33/39 1152/37/39
f 1157/33/39 1156/39/39 1152/37/39
f 1156/39/39 1155/38/106 1154/40/40
f 1153/41/40 1156/39/39 1154/40/40
f 1153/41/40 1152/37/39 1156/39/39
f 1151/35/39 1189/36/39 1158/34/39
f 1189/36/39 1188/42/39 1199/43/39
f 1199/43/39 1188/42/39 1172/13/39
f 1188/42/39 1187/44/39 1172/13/39
f 1187/44/39 1186/14/39 1172/13/39
f 1172/13/39 1186/14/39 1173/11/39
f 1186/14/39 1185/17/40 1179/15/39
f 1185/17/40 1184/45/39 1181/46/40
f 1184/45/39 1183/48/39 1197/49/39
f 1183/48/39 1182/47/39 1197/49/39
f 1185/17/40 1181/46/40 1180/16/40
f 1200/26/40 1159/32/39 1199/43/39
f 1164/29/40 1193/27/39 1165/31/39
f 1189/36/39 1199/43/39 1159/32/39
f 1185/17/40 1180/16/40 1179/15/39
f 1184/45/39 1197/49/39 1198/50/39
f 1184/45/39 1198/50/39 1181/46/40
f 1192/2/40 1161/1/39 1166/3/39
f 1186/14/39 1179/15/39 1173/11/39
f 1179/15/39 1178/12/39 1173/11/39
f 1178/12/39 1177/7/39 1174/6/39
f 1173/11/39 1178/12/39 1174/6/39
f 1176/4/40 1175/5/40 1174/6/39
f 1224/6/42 1225/5/41 1226/4/41
f 1224/6/42 1226/4/41 1227/7/42
f 1223/11/42 1224/6/42 1228/12/42
f 1224/6/42 1227/7/42 1228/12/42
f 1222/13/42 1223/11/42 1236/14/42
f 1223/11/42 1228/12/42 1229/15/42
f 1223/11/42 1229/15/42 1236/14/42
f 1229/15/42 1230/16/42 1235/17/42
f 1236/14/42 1229/15/42 1235/17/42
f 1244/8/41 1241/9/41 1245/10/42
f 1240/18/41 1244/8/41 1245/10/42
f 1240/18/41 1245/10/42 1219/19/42
f 1245/10/42 1246/20/42 1219/19/42
f 1219/19/42 1246/20/42 1218/21/42
f 1246/20/42 1220/22/42 1218/21/42
f 1218/21/42 1220/22/42 1210/23/42
f 1220/22/42 1221/24/42 1210/23/42
f 1217/25/42 1218/21/42 1211/1/41
f 1218/21/42 1210/23/42 1211/1/41
f 1221/24/42 1250/26/41 1210/23/42
f 1216/3/42 1217/25/42 1211/1/41
f 1243/27/42 1213/28/42 1214/29/42
f 1211/1/41 1212/30/42 1242/2/42
f 1212/30/42 1243/27/42 1215/31/42
f 1209/32/42 1210/23/42 1250/26/41
f 1207/33/42 1208/34/42 1201/35/42
f 1208/34/42 1209/32/42 1239/36/42
f 1207/33/42 1201/35/42 1202/37/42
f 1205/38/107 1206/39/41 1204/40/41
f 1206/39/41 1207/33/42 1202/37/42
f 1203/41/108 1206/39/41 1202/37/42
f 1203/41/108 1204/40/41 1206/39/41
f 1238/42/42 1239/36/42 1249/43/41
f 1239/36/42 1201/35/42 1208/34/42
f 1238/42/42 1249/43/41 1222/13/42
f 1236/14/42 1237/44/42 1222/13/42
f 1237/44/42 1238/42/42 1222/13/42
f 1234/45/42 1235/17/42 1231/46/42
f 1231/46/42 1235/17/42 1230/16/42
f 1232/47/41 1233/48/41 1247/49/42
f 1233/48/41 1234/45/42 1247/49/42
f 1212/30/42 1215/31/42 1242/2/42
f 1243/27/42 1214/29/42 1215/31/42
f 1209/32/42 1250/26/41 1249/43/41
f 1249/43/41 1239/36/42 1209/32/42
f 1248/50/42 1247/49/42 1234/45/42
f 1231/46/42 1248/50/42 1234/45/42
f 1295/10/43 1291/9/109 1294/8/109
f 1295/10/43 1294/8/109 1290/18/43
f 1296/20/43 1295/10/43 1269/19/43
f 1295/10/43 1290/18/43 1269/19/43
f 1270/22/43 1296/20/43 1268/21/43
f 1296/20/43 1269/19/43 1268/21/43
f 1271/24/43 1270/22/43 1260/23/43
f 1270/22/43 1268/21/43 1260/23/43
f 1268/21/43 1267/25/43 1261/1/109
f 1260/23/43 1268/21/43 1261/1/109
f 1300/26/43 1271/24/43 1260/23/43
f 1267/25/43 1266/3/43 1261/1/109
f 1264/29/109 1263/28/109 1293/27/109
f 1293/27/109 1262/30/109 1265/31/109
f 1262/30/109 1261/1/109 1292/2/109
f 1265/31/109 1262/30/109 1292/2/109
f 1260/23/43 1259/32/43 1300/26/43
f 1259/32/43 1258/34/43 1289/36/43
f 1258/34/43 1257/33/43 1251/35/43
f 1251/35/43 1257/33/43 1252/37/43
f 1257/33/43 1256/39/43 1252/37/43
f 1256/39/43 1255/38/43 1254/40/43
f 1253/41/43 1256/39/43 1254/40/43
f 1253/41/43 1252/37/43 1256/39/43
f 1251/35/43 1289/36/43 1258/34/43
f 1289/36/43 1288/42/43 1299/43/43
f 1299/43/43 1288/42/43 1272/13/109
f 1288/42/43 1287/44/109 1272/13/109
f 1287/44/109 1286/14/43 1272/13/109
f 1272/13/109 1286/14/43 1273/11/43
f 1286/14/43 1285/17/43 1279/15/43
f 1285/17/43 1284/45/43 1281/46/43
f 1280/16/43 1285/17/43 1281/46/43
f 1284/45/43 1283/48/109 1297/49/109
f 1283/48/109 1282/47/109 1297/49/109
f 1297/49/109 1298/50/43 1284/45/43
f 1298/50/43 1281/46/43 1284/45/43
f 1285/17/43 1280/16/43 1279/15/43
f 1300/26/43 1259/32/43 1299/43/43
f 1264/29/109 1293/27/109 1265/31/109
f 1289/36/43 1299/43/43 1259/32/43
f 1292/2/109 1261/1/109 1266/3/43
f 1286/14/43 1279/15/43 1273/11/43
f 1279/15/43 1278/12/43 1273/11/43
f 1278/12/43 1277/7/43 1274/6/43
f 1273/11/43 1278/12/43 1274/6/43
f 1277/7/43 1276/4/43 1274/6/43
f 1324/6/44 1325/5/45 1326/4/45
f 1324/6/44 1326/4/45 1327/7/44
f 1323/11/45 1324/6/44 1328/12/44
f 1324/6/44 1327/7/44 1328/12/44
f 1322/13/45 1323/11/45 1336/14/44
f 1323/11/45 1328/12/44 1329/15/44
f 1323/11/45 1329/15/44 1336/14/44
f 1329/15/44 1330/16/45 1335/17/45
f 1336/14/44 1329/15/44 1335/17/45
f 1344/8/44 1341/9/45 1345/10/44
f 1340/18/44 1344/8/44 1345/10/44
f 1340/18/44 1345/10/44 1319/19/45
f 1345/10/44 1346/20/44 1319/19/45
f 1319/19/45 1346/20/44 1318/21/44
f 1346/20/44 1320/22/44 1318/21/44
f 1318/21/44 1320/22/44 1310/23/44
f 1320/22/44 1321/24/45 1310/23/44
f 1317/25/44 1318/21/44 1311/1/44
f 1318/21/44 1310/23/44 1311/1/44
f 1321/24/45 1350/26/45 1310/23/44
f 1316/3/45 1317/25/44 1311/1/44
f 1343/27/45 1313/28/44 1314/29/45
f 1311/1/44 1312/30/44 1342/2/44
f 1312/30/44 1343/27/45 1315/31/45
f 1309/32/44 1310/23/44 1350/26/45
f 1307/33/45 1308/34/44 1301/35/44
f 1308/34/44 1309/32/44 1339/36/44
f 1307/33/45 1301/35/44 1302/37/44
f 1305/38/44 1306/39/44 1304/40/45
f 1306/39/44 1307/33/45 1302/37/44
f 1303/41/110 1306/39/44 1302/37/44
f 1303/41/110 1304/40/45 1306/39/44
f 1338/42/45 1339/36/44 1349/43/44
f 1339/36/44 1301/35/44 1308/34/44
f 1338/42/45 1349/43/44 1322/13/45
f 1336/14/44 1337/44/44 1322/13/45
f 1337/44/44 1338/42/45 1322/13/45
f 1334/45/44 1335/17/45 1331/46/44
f 1331/46/44 1335/17/45 1330/16/45
f 1332/47/45 1333/48/45 1347/49/44
f 1333/48/45 1334/45/44 1347/49/44
f 1312/30/44 1315/31/45 1342/2/44
f 1343/27/45 1314/29/45 1315/31/45
f 1309/32/44 1350/26/45 1349/43/44
f 1349/43/44 1339/36/44 1309/32/44
f 1348/50/44 1347/49/44 1334/45/44
f 1331/46/44 1348/50/44 1334/45/44
f 1395/10/46 1391/9/111 1394/8/111
f 1395/10/46 1394/8/111 1390/18/46
f 1396/20/46 1395/10/46 1369/19/46
f 1395/10/46 1390/18/46 1369/19/46
f 1370/22/46 1396/20/46 1368/21/46
f 1396/20/46 1369/19/46 1368/21/46
f 1371/24/46 1370/22/46 1360/23/46
f 1370/22/46 1368/21/46 1360/23/46
f 1368/21/46 1367/25/46 1361/1/46
f 1360/23/46 1368/21/46 1361/1/46
f 1400/26/46 1371/24/46 1360/23/46
f 1367/25/46 1366/3/46 1361/1/46
f 1364/29/46 1363/28/46 1393/27/46
f 1393/27/46 1362/30/111 1365/31/111
f 1362/30/111 1361/1/46 1392/2/111
f 1365/31/111 1362/30/111 1392/2/111
f 1360/23/46 1359/32/46 1400/26/46
f 1359/32/46 1358/34/46 1389/36/46
f 1358/34/46 1357/33/46 1351/35/46
f 1351/35/46 1357/33/46 1352/37/46
f 1357/33/46 1356/39/111 1352/37/46
f 1356/39/111 1355/38/111 1354/40/46
f 1353/41/46 1356/39/111 1354/40/46
f 1353/41/46 1352/37/46 1356/39/111
f 1351/35/46 1389/36/46 1358/34/46
f 1389/36/46 1388/42/46 1399/43/46
f 1399/43/46 1388/42/46 1372/13/46
f 1388/42/46 1387/44/46 1372/13/46
f 1387/44/46 1386/14/46 1372/13/46
f 1372/13/46 1386/14/46 1373/11/46
f 1386/14/46 1385/17/46 1379/15/46
f 1385/17/46 1384/45/46 1381/46/46
f 1380/16/111 1385/17/46 1381/46/46
f 1384/45/46 1383/48/46 1397/49/46
f 1383/48/46 1382/47/111 1397/49/46
f 1397/49/46 1398/50/46 1384/45/46
f 1398/50/46 1381/46/46 1384/45/46
f 1385/17/46 1380/16/111 1379/15/46
f 1400/26/46 1359/32/46 1399/43/46
f 1364/29/46 1393/27/46 1365/31/111
f 1389/36/46 1399/43/46 1359/32/46
f 1392/2/111 1361/1/46 1366/3/46
f 1386/14/46 1379/15/46 1373/11/46
f 1379/15/46 1378/12/111 1373/11/46
f 1378/12/111 1377/7/46 1374/6/46
f 1373/11/46 1378/12/111 1374/6/46
f 1377/7/46 1376/4/46 1374/6/46
f 1424/6/47 1425/5/47 1426/4/47
f 1424/6/47 1426/4/47 1427/7/47
f 1423/11/47 1424/6/47 1428/12/47
f 1424/6/47 1427/7/47 1428/12/47
f 1422/13/112 1423/11/47 1436/14/47
f 1423/11/47 1428/12/47 1429/15/47
f 1423/11/47 1429/15/47 1436/14/47
f 1429/15/47 1430/16/47 1435/17/47
f 1436/14/47 1429/15/47 1435/17/47
f 1444/8/47 1441/9/47 1445/10/112
f 1440/18/112 1444/8/47 1445/10/112
f 1440/18/112 1445/10/112 1419/19/47
f 1445/10/112 1446/20/47 1419/19/47
f 1419/19/47 1446/20/47 1418/21/47
f 1446/20/47 1420/22/47 1418/21/47
f 1418/21/47 1420/22/47 1410/23/47
f 1420/22/47 1421/24/47 1410/23/47
f 1417/25/112 1418/21/47 1411/1/47
f 1418/21/47 1410/23/47 1411/1/47
f 1421/24/47 1450/26/47 1410/23/47
f 1416/3/47 1417/25/112 1411/1/47
f 1443/27/47 1413/28/112 1414/29/112
f 1411/1/47 1412/30/47 1442/2/47
f 1412/30/47 1443/27/47 1415/31/47
f 1409/32/47 1410/23/47 1450/26/47
f 1407/33/47 1408/34/47 1401/35/47
f 1408/34/47 1409/32/47 1439/36/47
f 1407/33/47 1401/35/47 1402/37/47
f 1405/38/112 1406/39/47 1404/40/47
f 1406/39/47 1407/33/47 1402/37/47
f 1403/41/47 1406/39/47 1402/37/47
f 1403/41/47 1404/40/47 1406/39/47
f 1438/42/47 1439/36/47 1449/43/112
f 1439/36/47 1401/35/47 1408/34/47
f 1438/42/47 1449/43/112 1422/13/112
f 1436/14/47 1437/44/47 1422/13/112
f 1437/44/47 1438/42/47 1422/13/112
f 1434/45/112 1435/17/47 1431/46/47
f 1431/46/47 1435/17/47 1430/16/47
f 1432/47/47 1433/48/47 1447/49/47
f 1433/48/47 1434/45/112 1447/49/47
f 1412/30/47 1415/31/47 1442/2/47
f 1443/27/47 1414/29/112 1415/31/47
f 1409/32/47 1450/26/47 1449/43/112
f 1449/43/112 1439/36/47 1409/32/47
f 1448/50/112 1447/49/47 1434/45/112
f 1431/46/47 1448/50/112 1434/45/112
f 1495/10/48 1491/9/48 1494/8/48
f 1495/10/48 1494/8/48 1490/18/113
f 1496/20/48 1495/10/48 1469/19/48
f 1495/10/48 1490/18/113 1469/19/48
f 1470/22/48 1496/20/48 1468/21/48
f 1496/20/48 1469/19/48 1468/21/48
f 1471/24/48 1470/22/48 1460/23/48
f 1470/22/48 1468/21/48 1460/23/48
f 1468/21/48 1467/25/113 1461/1/48
f 1460/23/48 1468/21/48 1461/1/48
f 1500/26/48 1471/24/48 1460/23/48
f 1467/25/113 1466/3/48 1461/1/48
f 1464/29/48 1463/28/48 1493/27/48
f 1493/27/48 1462/30/48 1465/31/48
f 1462/30/48 1461/1/48 1492/2/48
f 1465/31/48 1462/30/48 1492/2/48
f 1460/23/48 1459/32/48 1500/26/48
f 1459/32/48 1458/34/48 1489/36/48
f 1458/34/48 1457/33/48 1451/35/48
f 1451/35/48 1457/33/48 1452/37/48
f 1457/33/48 1456/39/48 1452/37/48
f 1456/39/48 1455/38/48 1454/40/113
f 1453/41/48 1456/39/48 1454/40/113
f 1453/41/48 1452/37/48 1456/39/48
f 1451/35/48 1489/36/48 1458/34/48
f 1489/36/48 1488/42/48 1499/43/48
f 1499/43/48 1488/42/48 1472/13/48
f 1488/42/48 1487/44/48 1472/13/48
f 1487/44/48 1486/14/48 1472/13/48
f 1472/13/48 1486/14/48 1473/11/48
f 1486/14/48 1485/17/48 1479/15/48
f 1485/17/48 1484/45/48 1481/46/48
f 1484/45/48 1483/48/113 1497/49/48
f 1483/48/113 1482/47/113 1497/49/48
f 1485/17/48 1481/46/48 1480/16/48
f 1500/26/48 1459/32/48 1499/43/48
f 1464/29/48 1493/27/48 1465/31/48
f 1489/36/48 1499/43/48 1459/32/48
f 1485/17/48 1480/16/48 1479/15/48
f 1484/45/48 1497/49/48 1498/50/113
f 1484/45/48 1498/50/113 1481/46/48
f 1492/2/48 1461/1/48 1466/3/48
f 1486/14/48 1479/15/48 1473/11/48
f 1479/15/48 1478/12/113 1473/11/48
f 1478/12/113 1477/7/48 1474/6/48
f 1473/11/48 1478/12/113 1474/6/48
f 1476/4/48 1475/5/48 1474/6/48
f 1524/6/114 1525/5/114 1526/4/114
f 1524/6/114 1526/4/114 1527/7/114
f 1523/11/49 1524/6/114 1528/12/49
f 1524/6/114 1527/7/114 1528/12/49
f 1522/13/114 1523/11/49 1536/14/49
f 1523/11/49 1528/12/49 1529/15/49
f 1523/11/49 1529/15/49 1536/14/49
f 1529/15/49 1530/16/49 1535/17/49
f 1536/14/49 1529/15/49 1535/17/49
f 1544/8/114 1541/9/114 1545/10/49
f 1540/18/49 1544/8/114 1545/10/49
f 1540/18/49 1545/10/49 1519/19/49
f 1545/10/49 1546/20/49 1519/19/49
f 1519/19/49 1546/20/49 1518/21/49
f 1546/20/49 1520/22/49 1518/21/49
f 1518/21/49 1520/22/49 1510/23/49
f 1520/22/49 1521/24/49 1510/23/49
f 1517/25/114 1518/21/49 1511/1/49
f 1518/21/49 1510/23/49 1511/1/49
f 1521/24/49 1550/26/49 1510/23/49
f 1516/3/49 1517/25/114 1511/1/49
f 1543/27/49 1513/28/115 1514/29/49
f 1511/1/49 1512/30/49 1542/2/49
f 1512/30/49 1543/27/49 1515/31/49
f 1509/32/49 1510/23/49 1550/26/49
f 1507/33/49 1508/34/49 1501/35/49
f 1508/34/49 1509/32/49 1539/36/49
f 1507/33/49 1501/35/49 1502/37/49
f 1505/38/116 1506/39/49 1504/40/49
f 1506/39/49 1507/33/49 1502/37/49
f 1503/41/114 1506/39/49 1502/37/49
f 1503/41/114 1504/40/49 1506/39/49
f 1538/42/49 1539/36/49 1549/43/49
f 1539/36/49 1501/35/49 1508/34/49
f 1538/42/49 1549/43/49 1522/13/114
f 1536/14/49 1537/44/49 1522/13/114
f 1537/44/49 1538/42/49 1522/13/114
f 1534/45/114 1535/17/49 1531/46/114
f 1531/46/114 1535/17/49 1530/16/49
f 1532/47/49 1533/48/49 1547/49/49
f 1533/48/49 1534/45/114 1547/49/49
f 1512/30/49 1515/31/49 1542/2/49
f 1543/27/49 1514/29/49 1515/31/49
f 1509/32/49 1550/26/49 1549/43/49
f 1549/43/49 1539/36/49 1509/32/49
f 1548/50/49 1547/49/49 1534/45/114
f 1531/46/114 1548/50/49 1534/45/114
f 1595/10/50 1591/9/50 1594/8/50
f 1595/10/50 1594/8/50 1590/18/50
f 1596/20/50 1595/10/50 1569/19/50
f 1595/10/50 1590/18/50 1569/19/50
f 1570/22/50 1596/20/50 1568/21/50
f 1596/20/50 1569/19/50 1568/21/50
f 1571/24/50 1570/22/50 1560/23/50
f 1570/22/50 1568/21/50 1560/23/50
f 1568/21/50 1567/25/117 1561/1/50
f 1560/23/50 1568/21/50 1561/1/50
f 1600/26/118 1571/24/50 1560/23/50
f 1567/25/117 1566/3/50 1561/1/50
f 1564/29/50 1563/28/50 1593/27/50
f 1593/27/50 1562/30/118 1565/31/118
f 1562/30/118 1561/1/50 1592/2/50
f 1565/31/118 1562/30/118 1592/2/50
f 1560/23/50 1559/32/50 1600/26/118
f 1559/32/50 1558/34/118 1589/36/50
f 1558/34/118 1557/33/118 1551/35/50
f 1551/35/50 1557/33/118 1552/37/50
f 1557/33/118 1556/39/50 1552/37/50
f 1556/39/50 1555/38/118 1554/40/117
f 1553/41/118 1556/39/50 1554/40/117
f 1553/41/118 1552/37/50 1556/39/50
f 1551/35/50 1589/36/50 1558/34/118
f 1589/36/50 1588/42/50 1599/43/50
f 1599/43/50 1588/42/50 1572/13/50
f 1588/42/50 1587/44/50 1572/13/50
f 1587/44/50 1586/14/50 1572/13/50
f 1572/13/50 1586/14/50 1573/11/50
f 1586/14/50 1585/17/50 1579/15/50
f 1585/17/50 1584/45/50 1581/46/50
f 1584/45/50 1583/48/50 1597/49/50
f 1583/48/50 1582/47/50 1597/49/50
f 1585/17/50 1581/46/50 1580/16/50
f 1600/26/118 1559/32/50 1599/43/50
f 1564/29/50 1593/27/50 1565/31/118
f 1589/36/50 1599/43/50 1559/32/50
f 1585/17/50 1580/16/50 1579/15/50
f 1584/45/50 1597/49/50 1598/50/50
f 1584/45/50 1598/50/50 1581/46/50
f 1592/2/50 1561/1/50 1566/3/50
f 1586/14/50 1579/15/50 1573/11/50
f 1579/15/50 1578/12/117 1573/11/50
f 1578/12/117 1577/7/50 1574/6/50
f 1573/11/50 1578/12/117 1574/6/50
f 1576/4/50 1575/5/50 1574/6/50
f 1624/6/52 1625/5/51 1626/4/52
f 1624/6/52 1626/4/52 1627/7/119
f 1623/11/52 1624/6/52 1628/12/119
f 1624/6/52 1627/7/119 1628/12/119
f 1622/13/51 1623/11/52 1636/14/52
f 1623/11/52 1628/12/119 1629/15/51
f 1623/11/52 1629/15/51 1636/14/52
f 1629/15/51 1630/16/52 1635/17/52
f 1636/14/52 1629/15/51 1635/17/52
f 1644/8/52 1641/9/52 1645/10/52
f 1640/18/51 1644/8/52 1645/10/52
f 1640/18/51 1645/10/52 1619/19/51
f 1645/10/52 1646/20/52 1619/19/51
f 1619/19/51 1646/20/52 1618/21/52
f 1646/20/52 1620/22/52 1618/21/52
f 1618/21/52 1620/22/52 1610/23/52
f 1620/22/52 1621/24/52 1610/23/52
f 1617/25/52 1618/21/52 1611/1/51
f 1618/21/52 1610/23/52 1611/1/51
f 1621/24/52 1650/26/52 1610/23/52
f 1616/3/51 1617/25/52 1611/1/51
f 1643/27/51 1613/28/51 1614/29/51
f 1611/1/51 1612/30/52 1642/2/52
f 1612/30/52 1643/27/51 1615/31/51
f 1609/32/52 1610/23/52 1650/26/52
f 1607/33/52 1608/34/52 1601/35/52
f 1608/34/52 1609/32/52 1639/36/52
f 1607/33/52 1601/35/52 1602/37/119
f 1605/38/120 1606/39/52 1604/40/51
f 1606/39/52 1607/33/52 1602/37/119
f 1603/41/52 1606/39/52 1602/37/119
f 1603/41/52 1604/40/51 1606/39/52
f 1638/42/52 1639/36/52 1649/43/52
f 1639/36/52 1601/35/52 1608/34/52
f 1638/42/52 1649/43/52 1622/13/51
f 1636/14/52 1637/44/52 1622/13/51
f 1637/44/52 1638/42/52 1622/13/51
f 1634/45/51 1635/17/52 1631/46/51
f 1631/46/51 1635/17/52 1630/16/52
f 1632/47/51 1633/48/51 1647/49/52
f 1633/48/51 1634/45/51 1647/49/52
f 1612/30/52 1615/31/51 1642/2/52
f 1643/27/51 1614/29/51 1615/31/51
f 1609/32/52 1650/26/52 1649/43/52
f 1649/43/52 1639/36/52 1609/32/52
f 1648/50/51 1647/49/52 1634/45/51
f 1631/46/51 1648/50/51 1634/45/51
f 1695/10/53 1691/9/121 1694/8/121
f 1695/10/53 1694/8/121 1690/18/53
f 1696/20/53 1695/10/53 1669/19/121
f 1695/10/53 1690/18/53 1669/19/121
f 1670/22/53 1696/20/53 1668/21/53
f 1696/20/53 1669/19/121 1668/21/53
f 1671/24/53 1670/22/53 1660/23/53
f 1670/22/53 1668/21/53 1660/23/53
f 1668/21/53 1667/25/53 1661/1/53
f 1660/23/53 1668/21/53 1661/1/53
f 1700/26/53 1671/24/53 1660/23/53
f 1667/25/53 1666/3/53 1661/1/53
f 1664/29/53 1663/28/53 1693/27/121
f 1693/27/121 1662/30/53 1665/31/121
f 1662/30/53 1661/1/53 1692/2/53
f 1665/31/121 1662/30/53 1692/2/53
f 1660/23/53 1659/32/53 1700/26/53
f 1659/32/53 1658/34/53 1689/36/53
f 1658/34/53 1657/33/53 1651/35/53
f 1651/35/53 1657/33/53 1652/37/53
f 1657/33/53 1656/39/121 1652/37/53
f 1656/39/121 1655/38/122 1654/40/122
f 1653/41/122 1656/39/121 1654/40/122
f 1653/41/122 1652/37/53 1656/39/121
f 1651/35/53 1689/36/53 1658/34/53
f 1689/36/53 1688/42/53 1699/43/53
f 1699/43/53 1688/42/53 1672/13/53
f 1688/42/53 1687/44/53 1672/13/53
f 1687/44/53 1686/14/53 1672/13/53
f 1672/13/53 1686/14/53 1673/11/53
f 1686/14/53 1685/17/53 1679/15/53
f 1685/17/53 1684/45/53 1681/46/53
f 1680/16/53 1685/17/53 1681/46/53
f 1684/45/53 1683/48/53 1697/49/121
f 1683/48/53 1682/47/53 1697/49/121
f 1697/49/121 1698/50/53 1684/45/53
f 1698/50/53 1681/46/53 1684/45/53
f 1685/17/53 1680/16/53 1679/15/53
f 1700/26/53 1659/32/53 1699/43/53
f 1664/29/53 1693/27/121 1665/31/121
f 1689/36/53 1699/43/53 1659/32/53
f 1692/2/53 1661/1/53 1666/3/53
f 1686/14/53 1679/15/53 1673/11/53
f 1679/15/53 1678/12/122 1673/11/53
f 1678/12/122 1677/7/53 1674/6/53
f 1673/11/53 1678/12/122 1674/6/53
f 1677/7/53 1676/4/53 1674/6/53
f 1724/6/54 1725/5/123 1726/4/54
f 1724/6/54 1726/4/54 1727/7/54
f 1723/11/54 1724/6/54 1728/12/54
f 1724/6/54 1727/7/54 1728/12/54
f 1722/13/54 1723/11/54 1736/14/54
f 1723/11/54 1728/12/54 1729/15/54
f 1723/11/54 1729/15/54 1736/14/54
f 1729/15/54 1730/16/54 1735/17/54
f 1736/14/54 1729/15/54 1735/17/54
f 1744/8/123 1741/9/123 1745/10/123
f 1740/18/54 1744/8/123 1745/10/123
f 1740/18/54 1745/10/123 1719/19/54
f 1745/10/123 1746/20/123 1719/19/54
f 1719/19/54 1746/20/123 1718/21/54
f 1746/20/123 1720/22/54 1718/21/54
f 1718/21/54 1720/22/54 1710/23/54
f 1720/22/54 1721/24/54 1710/23/54
f 1717/25/54 1718/21/54 1711/1/54
f 1718/21/54 1710/23/54 1711/1/54
f 1721/24/54 1750/26/54 1710/23/54
f 1716/3/54 1717/25/54 1711/1/54
f 1743/27/123 1713/28/123 1714/29/123
f 1711/1/54 1712/30/54 1742/2/54
f 1712/30/54 1743/27/123 1715/31/54
f 1709/32/54 1710/23/54 1750/26/54
f 1707/33/123 1708/34/54 1701/35/54
f 1708/34/54 1709/32/54 1739/36/54
f 1707/33/123 1701/35/54 1702/37/124
f 1705/38/125 1706/39/123 1704/40/123
f 1706/39/123 1707/33/123 1702/37/124
f 1703/41/54 1706/39/123 1702/37/124
f 1703/41/54 1704/40/123 1706/39/123
f 1738/42/54 1739/36/54 1749/43/54
f 1739/36/54 1701/35/54 1708/34/54
f 1738/42/54 1749/43/54 1722/13/54
f 1736/14/54 1737/44/54 1722/13/54
f 1737/44/54 1738/42/54 1722/13/54
f 1734/45/54 1735/17/54 1731/46/54
f 1731/46/54 1735/17/54 1730/16/54
f 1732/47/123 1733/48/123 1747/49/54
f 1733/48/123 1734/45/54 1747/49/54
f 1712/30/54 1715/31/54 1742/2/54
f 1743/27/123 1714/29/123 1715/31/54
f 1709/32/54 1750/26/54 1749/43/54
f 1749/43/54 1739/36/54 1709/32/54
f 1748/50/54 1747/49/54 1734/45/54
f 1731/46/54 1748/50/54 1734/45/54
f 1795/10/57 1791/9/126 1794/8/127
f 1795/10/57 1794/8/127 1790/18/57
f 1796/20/128 1795/10/57 1769/19/57
f 1795/10/57 1790/18/57 1769/19/57
f 1770/22/57 1796/20/128 1768/21/57
f 1796/20/128 1769/19/57 1768/21/57
f 1771/24/127 1770/22/57 1760/23/57
f 1770/22/57 1768/21/57 1760/23/57
f 1768/21/57 1767/25/128 1761/1/57
f 1760/23/57 1768/21/57 1761/1/57
f 1800/26/56 1771/24/127 1760/23/57
f 1767/25/128 1766/3/57 1761/1/57
f 1764/29/128 1763/28/128 1793/27/127
f 1793/27/127 1762/30/57 1765/31/127
f 1762/30/57 1761/1/57 1792/2/57
f 1765/31/127 1762/30/57 1792/2/57
f 1760/23/57 1759/32/57 1800/26/56
f 1759/32/57 1758/34/57 1789/36/57
f 1758/34/57 1757/33/57 1751/35/128
f 1751/35/128 1757/33/57 1752/37/128
f 1757/33/57 1756/39/57 1752/37/128
f 1756/39/57 1755/38/57 1754/40/55
f 1753/41/127 1756/39/57 1754/40/55
f 1753/41/127 1752/37/128 1756/39/57
f 1751/35/128 1789/36/57 1758/34/57
f 1789/36/57 1788/42/57 1799/43/127
f 1799/43/127 1788/42/57 1772/13/127
f 1788/42/57 1787/44/57 1772/13/127
f 1787/44/57 1786/14/57 1772/13/127
f 1772/13/127 1786/14/57 1773/11/57
f 1786/14/57 1785/17/57 1779/15/57
f 1785/17/57 1784/45/57 1781/46/57
f 1784/45/57 1783/48/56 1797/49/56
f 1783/48/56 1782/47/127 1797/49/56
f 1785/17/57 1781/46/57 1780/16/57
f 1800/26/56 1759/32/57 1799/43/127
f 1764/29/128 1793/27/127 1765/31/127
f 1789/36/57 1799/43/127 1759/32/57
f 1785/17/57 1780/16/57 1779/15/57
f 1784/45/57 1797/49/56 1798/50/57
f 1784/45/57 1798/50/57 1781/46/57
f 1792/2/57 1761/1/57 1766/3/57
f 1786/14/57 1779/15/57 1773/11/57
f 1779/15/57 1778/12/57 1773/11/57
f 1778/12/57 1777/7/55 1774/6/57
f 1773/11/57 1778/12/57 1774/6/57
f 1776/4/56 1775/5/127 1774/6/57
f 1824/6/58 1825/5/129 1826/4/129
f 1824/6/58 1826/4/129 1827/7/58
f 1823/11/58 1824/6/58 1828/12/58
f 1824/6/58 1827/7/58 1828/12/58
f 1822/13/58 1823/11/58 1836/14/58
f 1823/11/58 1828/12/58 1829/15/58
f 1823/11/58 1829/15/58 1836/14/58
f 1829/15/58 1830/16/58 1835/17/58
f 1831/46/58 1848/50/58 1834/45/58
f 1848/50/58 1847/49/129 1834/45/58
f 1847/49/129 1832/47/58 1833/48/58
f 1833/48/58 1834/45/58 1847/49/129
f 1834/45/58 1835/17/58 1831/46/58
f 1835/17/58 1836/14/58 1829/15/58
f 1836/14/58 1837/44/58 1822/13/58
f 1837/44/58 1838/42/58 1822/13/58
f 1838/42/58 1839/36/58 1849/43/58
f 1822/13/58 1838/42/58 1849/43/58
f 1839/36/58 1801/35/58 1808/34/58
f 1801/35/58 1802/37/58 1807/33/58
f 1807/33/58 1802/37/58 1806/39/58
f 1802/37/58 1803/41/58 1806/39/58
f 1803/41/58 1804/40/129 1806/39/58
f 1804/40/129 1805/38/129 1806/39/58
f 1807/33/58 1808/34/58 1801/35/58
f 1808/34/58 1809/32/58 1839/36/58
f 1809/32/58 1810/23/58 1850/26/58
f 1818/21/58 1810/23/58 1811/1/58
f 1811/1/58 1812/30/58 1842/2/58
f 1816/3/129 1811/1/58 1842/2/58
f 1812/30/58 1843/27/129 1815/31/58
f 1843/27/129 1813/28/129 1814/29/129
f 1843/27/129 1814/29/129 1815/31/58
f 1810/23/58 1818/21/58 1820/22/58
f 1811/1/58 1816/3/129 1817/25/58
f 1811/1/58 1817/25/58 1818/21/58
f 1812/30/58 1815/31/58 1842/2/58
f 1831/46/58 1835/17/58 1830/16/58
f 1809/32/58 1849/43/58 1839/36/58
f 1849/43/58 1809/32/58 1850/26/58
f 1821/24/58 1810/23/58 1820/22/58
f 1810/23/58 1821/24/58 1850/26/58
f 1818/21/58 1819/19/58 1846/20/58
f 1820/22/58 1818/21/58 1846/20/58
f 1819/19/58 1840/18/129 1845/10/58
f 1819/19/58 1845/10/58 1846/20/58
f 1840/18/129 1844/8/58 1845/10/58
f 1895/10/60 1891/9/130 1894/8/59
f 1895/10/60 1894/8/59 1890/18/131
f 1896/20/60 1895/10/60 1869/19/60
f 1895/10/60 1890/18/131 1869/19/60
f 1870/22/60 1896/20/60 1868/21/60
f 1896/20/60 1869/19/60 1868/21/60
f 1871/24/131 1870/22/60 1860/23/60
f 1870/22/60 1868/21/60 1860/23/60
f 1868/21/60 1867/25/60 1861/1/60
f 1860/23/60 1868/21/60 1861/1/60
f 1900/26/132 1871/24/131 1860/23/60
f 1867/25/60 1866/3/130 1861/1/60
f 1864/29/60 1863/28/60 1893/27/60
f 1893/27/60 1862/30/60 1865/31/60
f 1862/30/60 1861/1/60 1892/2/60
f 1865/31/60 1862/30/60 1892/2/60
f 1860/23/60 1859/32/60 1900/26/132
f 1859/32/60 1858/34/60 1889/36/60
f 1858/34/60 1857/33/60 1851/35/60
f 1851/35/60 1857/33/60 1852/37/60
f 1857/33/60 1856/39/60 1852/37/60
f 1856/39/60 1855/38/60 1854/40/59
f 1853/41/131 1856/39/60 1854/40/59
f 1853/41/131 1852/37/60 1856/39/60
f 1851/35/60 1889/36/60 1858/34/60
f 1889/36/60 1888/42/60 1899/43/131
f 1899/43/131 1888/42/60 1872/13/60
f 1888/42/60 1887/44/60 1872/13/60
f 1887/44/60 1886/14/60 1872/13/60
f 1872/13/60 1886/14/60 1873/11/60
f 1886/14/60 1885/17/60 1879/15/60
f 1885/17/60 1884/45/60 1881/46/60
f 1884/45/60 1883/48/59 1897/49/59
f 1883/48/59 1882/47/60 1897/49/59
f 1885/17/60 1881/46/60 1880/16/59
f 1900/26/132 1859/32/60 1899/43/131
f 1864/29/60 1893/27/60 1865/31/60
f 1889/36/60 1899/43/131 1859/32/60
f 1885/17/60 1880/16/59 1879/15/60
f 1884/45/60 1897/49/59 1898/50/60
f 1884/45/60 1898/50/60 1881/46/60
f 1892/2/60 1861/1/60 1866/3/130
f 1886/14/60 1879/15/60 1873/11/60
f 1879/15/60 1878/12/60 1873/11/60
f 1878/12/60 1877/7/59 1874/6/60
f 1873/11/60 1878/12/60 1874/6/60
f 1876/4/59 1875/5/59 1874/6/60
f 1924/6/61 1925/5/61 1926/4/61
f 1924/6/61 1926/4/61 1927/7/61
f 1923/11/61 1924/6/61 1928/12/61
f 1924/6/61 1927/7/61 1928/12/61
f 1922/13/61 1923/11/61 1936/14/61
f 1923/11/61 1928/12/61 1929/15/61
f 1923/11/61 1929/15/61 1936/14/61
f 1929/15/61 1930/16/61 1935/17/61
f 1936/14/61 1929/15/61 1935/17/61
f 1944/8/133 1941/9/133 1945/10/133
f 1940/18/133 1944/8/133 1945/10/133
f 1940/18/133 1945/10/133 1919/19/134
f 1945/10/133 1946/20/133 1919/19/134
f 1919/19/134 1946/20/133 1918/21/61
f 1946/20/133 1920/22/61 1918/21/61
f 1918/21/61 1920/22/61 1910/23/61
f 1920/22/61 1921/24/61 1910/23/61
f 1917/25/134 1918/21/61 1911/1/61
f 1918/21/61 1910/23/61 1911/1/61
f 1921/24/61 1950/26/61 1910/23/61
f 1916/3/61 1917/25/134 1911/1/61
f 1943/27/61 1913/28/61 1914/29/61
f 1911/1/61 1912/30/61 1942/2/61
f 1912/30/61 1943/27/61 1915/31/61
f 1909/32/61 1910/23/61 1950/26/61
f 1907/33/61 1908/34/61 1901/35/61
f 1908/34/61 1909/32/61 1939/36/61
f 1907/33/61 1901/35/61 1902/37/61
f 1905/38/135 1906/39/61 1904/40/61
f 1906/39/61 1907/33/61 1902/37/61
f 1903/41/61 1906/39/61 1902/37/61
f 1903/41/61 1904/40/61 1906/39/61
f 1938/42/61 1939/36/61 1949/43/61
f 1939/36/61 1901/35/61 1908/34/61
f 1938/42/61 1949/43/61 1922/13/61
f 1936/14/61 1937/44/61 1922/13/61
f 1937/44/61 1938/42/61 1922/13/61
f 1934/45/133 1935/17/61 1931/46/133
f 1931/46/133 1935/17/61 1930/16/61
f 1932/47/61 1933/48/61 1947/49/61
f 1933/48/61 1934/45/133 1947/49/61
f 1912/30/61 1915/31/61 1942/2/61
f 1943/27/61 1914/29/61 1915/31/61
f 1909/32/61 1950/26/61 1949/43/61
f 1949/43/61 1939/36/61 1909/32/61
f 1948/50/133 1947/49/61 1934/45/133
f 1931/46/133 1948/50/133 1934/45/133
f 1995/10/63 1991/9/63 1994/8/63
f 1995/10/63 1994/8/63 1990/18/63
f 1996/20/63 1995/10/63 1969/19/63
f 1995/10/63 1990/18/63 1969/19/63
f 1970/22/63 1996/20/63 1968/21/63
f 1996/20/63 1969/19/63 1968/21/63
f 1971/24/63 1970/22/63 1960/23/63
f 1970/22/63 1968/21/63 1960/23/63
f 1968/21/63 1967/25/63 1961/1/63
f 1960/23/63 1968/21/63 1961/1/63
f 2000/26/63 1971/24/63 1960/23/63
f 1967/25/63 1966/3/63 1961/1/63
f 1964/29/62 1963/28/62 1993/27/63
f 1993/27/63 1962/30/62 1965/31/62
f 1962/30/62 1961/1/63 1992/2/63
f 1965/31/62 1962/30/62 1992/2/63
f 1960/23/63 1959/32/63 2000/26/63
f 1959/32/63 1958/34/63 1989/36/63
f 1958/34/63 1957/33/63 1951/35/63
f 1951/35/63 1957/33/63 1952/37/63
f 1957/33/63 1956/39/63 1952/37/63
f 1956/39/63 1955/38/62 1954/40/63
f 1953/41/63 1956/39/63 1954/40/63
f 1953/41/63 1952/37/63 1956/39/63
f 1951/35/63 1989/36/63 1958/34/63
f 1989/36/63 1988/42/63 1999/43/62
f 1999/43/62 1988/42/63 1972/13/62
f 1988/42/63 1987/44/63 1972/13/62
f 1987/44/63 1986/14/63 1972/13/62
f 1972/13/62 1986/14/63 1973/11/63
f 1986/14/63 1985/17/63 1979/15/62
f 1985/17/63 1984/45/63 1981/46/63
f 1980/16/63 1985/17/63 1981/46/63
f 1984/45/63 1983/48/63 1997/49/63
f 1983/48/63 1982/47/63 1997/49/63
f 1997/49/63 1998/50/63 1984/45/63
f 1998/50/63 1981/46/63 1984/45/63
f 1985/17/63 1980/16/63 1979/15/62
f 2000/26/63 1959/32/63 1999/43/62
f 1964/29/62 1993/27/63 1965/31/62
f 1989/36/63 1999/43/62 1959/32/63
f 1992/2/63 1961/1/63 1966/3/63
f 1986/14/63 1979/15/62 1973/11/63
f 1979/15/62 1978/12/63 1973/11/63
f 1978/12/63 1977/7/63 1974/6/63
f 1973/11/63 1978/12/63 1974/6/63
f 1977/7/63 1976/4/62 1974/6/63
