# Blender 5.1.2
# www.blender.org
o 0004_17_DecalW
v -158.956482 -75.583450 34.196907
v -160.736267 -75.470932 31.893713
v -160.736359 -75.933258 31.661299
v -160.645355 -75.012573 32.223877
v -160.301941 -74.087669 33.102818
v -159.728729 -73.083344 34.306145
v -160.107849 -73.668282 33.564873
v -158.881653 -73.175514 35.178852
v -158.787247 -72.870789 35.367558
v -158.592651 -72.441315 35.694405
v -159.392609 -72.691521 34.783356
v -158.393509 -71.857910 36.064980
v -158.338638 -72.023224 36.078255
v -158.032135 -71.600540 36.441799
v -158.625305 -74.015160 35.152851
v -158.709351 -74.278519 34.975197
v -158.984161 -73.758560 34.873550
v -158.442169 -73.647339 35.468227
v -158.487747 -73.250397 35.557480
v -158.260437 -73.078133 35.849796
v -158.181488 -74.891991 35.242363
v -157.467255 -74.875328 35.953655
v -158.766876 -74.733376 34.729378
v -158.606430 -74.800568 34.860340
v -158.418472 -74.856071 35.023178
v -157.915085 -72.896492 36.243698
v -158.764465 -77.540047 32.981251
v -159.579620 -77.253822 32.223858
v -159.992538 -77.035034 31.893703
v -160.351166 -76.743279 31.661304
v -160.616394 -76.372810 31.593935
v -158.259689 -77.673073 33.498161
v -157.505707 -77.759331 34.306053
v -155.283737 -77.380585 36.441799
v -155.703751 -77.510536 36.063881
v -155.805374 -77.351044 36.078293
v -157.028061 -77.743080 34.743889
v -156.236893 -77.281372 35.743069
v -157.041687 -77.045311 35.178753
v -156.745590 -77.164505 35.367542
v -156.573898 -76.625023 35.849792
v -156.850983 -76.692604 35.557476
v -157.130096 -76.406708 35.468224
v -157.558456 -76.756889 34.873539
v -157.788177 -76.215370 34.975376
v -157.530975 -76.316589 35.152828
v -156.215027 -76.471809 36.243694
v -158.177399 -75.973053 34.729370
v -158.128235 -75.806190 34.860329
v -157.930954 -75.418892 35.242355
v -158.052673 -75.625381 35.023163
v -158.381592 -75.310097 34.875072
v -158.545975 -75.388260 34.681145
v -145.916656 -98.429375 34.196907
v -147.693344 -98.583366 31.893713
v -147.624527 -99.040543 31.661299
v -147.671753 -98.116570 32.223877
v -147.470016 -97.150818 33.102818
v -147.052902 -96.072281 34.306145
v -147.340607 -96.707191 33.564873
v -146.201538 -96.037178 35.178852
v -146.153610 -95.721809 35.367558
v -146.025192 -95.268120 35.694405
v -146.778915 -95.634750 34.783356
v -145.915207 -94.661545 36.064980
v -145.836334 -94.816841 36.078255
v -145.596222 -94.353195 36.441799
v -145.822922 -96.829247 35.152851
v -145.866776 -97.102188 34.975197
v -146.216003 -96.628990 34.873550
v -145.696640 -96.438232 35.468227
v -145.800873 -96.052521 35.557480
v -145.601776 -95.848320 35.849796
v -145.253372 -97.630142 35.242363
v -144.549606 -97.507217 35.953655
v -145.855865 -97.560539 34.729378
v -145.687210 -97.603073 34.860340
v -145.493073 -97.629944 35.023178
v -145.287354 -95.617226 36.243698
v -145.435196 -100.335503 32.981251
v -146.283890 -100.173965 32.223858
v -146.724808 -100.019165 31.893703
v -147.122925 -99.784111 31.661304
v -147.440414 -99.457306 31.593935
v -144.916229 -100.391815 33.498161
v -144.157806 -100.364738 34.306053
v -142.017090 -99.659073 36.441799
v -142.413055 -99.850174 36.063881
v -142.537308 -99.707603 36.078293
v -143.687912 -100.277496 34.743889
v -142.974396 -99.703026 35.743069
v -143.805389 -99.589546 35.178753
v -143.494843 -99.663277 35.367542
v -143.405457 -99.104225 35.849792
v -143.669373 -99.212349 35.557476
v -143.987976 -98.971245 35.468224
v -144.359375 -99.381355 34.873539
v -144.667236 -98.880127 34.975376
v -144.397827 -98.941879 35.152828
v -143.073425 -98.899239 36.243694
v -145.088211 -98.698524 34.729370
v -145.064484 -98.526199 34.860329
v -144.927109 -98.113815 35.242355
v -145.016693 -98.336143 35.023163
v -145.388931 -98.073395 34.875072
v -145.539825 -98.175186 34.681145
v -129.617645 -119.076782 34.196907
v -131.351547 -119.493843 31.893713
v -131.215347 -119.935654 31.661299
v -131.399765 -119.029045 32.223877
v -131.344208 -118.044014 33.102818
v -131.092484 -116.915352 34.306145
v -131.282364 -117.586044 33.564873
v -130.255859 -116.753761 35.178852
v -130.255463 -116.434753 35.367558
v -130.196106 -115.967003 35.694405
v -130.886765 -116.441864 34.783356
v -130.177750 -115.350807 36.064980
v -130.076614 -115.492615 36.078255
v -129.908295 -114.998360 36.441799
v -129.763443 -117.480560 35.152851
v -129.766129 -117.756989 34.975197
v -130.181961 -117.341110 34.873550
v -129.696838 -117.075089 35.468227
v -129.857376 -116.709213 35.557480
v -129.690948 -116.477615 35.849796
v -129.080872 -118.187622 35.242363
v -128.403290 -117.961189 35.953655
v -129.687027 -118.208588 34.729378
v -129.513901 -118.225510 34.860340
v -129.317947 -118.223152 35.023178
v -129.414474 -116.202248 36.243698
v -128.857483 -120.889870 32.981251
v -129.720779 -120.856613 32.223858
v -130.179840 -120.769257 31.893703
v -130.608536 -120.596169 31.661304
v -130.971176 -120.320328 31.593935
v -128.335907 -120.868210 33.498161
v -127.589989 -120.728394 34.306053
v -125.578362 -119.711578 36.441799
v -125.941414 -119.959549 36.063881
v -126.085526 -119.837097 36.078293
v -127.138351 -120.572098 34.743889
v -126.518417 -119.897705 35.743069
v -127.357040 -119.909348 35.178753
v -127.038971 -119.935966 35.367542
v -127.033913 -119.369843 35.849792
v -127.278763 -119.516083 35.557476
v -127.629738 -119.325157 35.468224
v -127.935860 -119.786034 34.873539
v -128.315002 -119.336288 34.975376
v -128.039398 -119.357208 35.152828
v -126.736137 -119.117668 36.243694
v -128.758347 -119.219460 34.729370
v -128.760559 -119.045525 34.860329
v -128.686172 -118.617271 35.242355
v -128.741638 -118.850471 35.023163
v -129.148865 -118.646126 34.875072
v -129.282913 -118.769272 34.681145
v -110.423477 -137.064484 34.196907
v -112.075851 -137.735291 31.893713
v -111.875343 -138.151871 31.661299
v -112.192795 -137.282867 32.223877
v -112.284676 -136.300568 33.102818
v -112.203979 -135.146988 34.306145
v -112.291763 -135.838501 33.564873
v -111.400780 -134.862534 35.178852
v -111.447929 -134.547028 35.367558
v -111.458939 -134.075638 35.694405
v -112.071121 -134.648132 34.783356
v -111.532623 -133.463593 36.064980
v -111.411484 -133.588745 36.078255
v -111.318703 -133.074936 36.441799
v -110.805527 -135.507812 35.152851
v -110.766991 -135.781570 34.975197
v -111.240173 -135.432312 34.873550
v -110.800102 -135.096954 35.468227
v -111.013390 -134.759094 35.557480
v -110.883324 -134.505264 35.849796
v -110.025223 -136.105270 35.242363
v -109.388947 -135.780365 35.953655
v -110.621468 -136.216324 34.729378
v -110.447754 -136.207260 34.860340
v -110.254333 -136.175720 35.023178
v -110.650978 -134.191772 36.243698
v -109.401588 -138.744034 32.981251
v -110.260201 -138.839828 32.223858
v -110.727158 -138.821838 31.893703
v -111.176857 -138.714569 31.661304
v -111.576561 -138.495865 31.593935
v -108.889076 -138.644882 33.498161
v -108.172333 -138.395462 34.306053
v -106.334694 -137.090210 36.441799
v -106.656738 -137.389511 36.063881
v -106.817497 -137.289902 36.078293
v -107.749023 -138.173599 34.743889
v -107.236526 -137.414352 35.743069
v -108.064041 -137.550842 35.178753
v -107.745560 -137.529770 35.367542
v -107.824928 -136.969208 35.849792
v -108.045250 -137.150314 35.557476
v -108.420761 -137.013824 35.468224
v -108.654785 -137.515182 34.873539
v -109.096703 -137.126953 34.975376
v -108.821060 -137.106552 35.152828
v -107.568062 -136.675461 36.243694
v -109.552505 -137.077499 34.729370
v -109.580620 -136.905838 34.860329
v -109.570892 -136.471283 35.242355
v -109.590973 -136.710144 35.023163
v -110.024117 -136.568771 34.875072
v -110.138313 -136.710526 34.681145
v -88.762871 -151.990677 34.196907
v -90.296822 -152.900269 31.893713
v -90.036461 -153.282303 31.661299
v -90.479889 -152.470306 32.223877
v -90.717140 -151.512665 33.102818
v -90.809258 -150.359970 34.306145
v -90.793015 -151.056824 33.564873
v -90.057434 -149.958969 35.178852
v -90.151085 -149.654022 35.367558
v -90.232216 -149.189545 35.694405
v -90.752235 -149.846878 34.783356
v -90.396294 -148.595306 36.064980
v -90.257851 -148.701004 36.078255
v -90.242683 -148.179108 36.441799
v -89.372658 -150.508331 35.152851
v -89.293755 -150.773270 34.975197
v -89.813705 -150.498459 34.873550
v -89.428528 -150.101242 35.468227
v -89.689781 -149.798950 35.557480
v -89.598999 -149.528580 35.849796
v -88.512024 -150.982819 35.242363
v -87.931282 -150.566727 35.953655
v -89.085060 -151.181503 34.729378
v -88.914642 -151.146637 34.860340
v -88.728081 -151.086624 35.023178
v -89.415977 -149.183960 36.243698
v -87.502083 -153.499161 32.981251
v -88.336838 -153.721848 32.223858
v -88.801254 -153.773682 31.893703
v -89.261917 -153.734619 31.661304
v -89.689758 -153.577927 31.593935
v -87.010086 -153.324753 33.498161
v -86.338509 -152.971298 34.306053
v -84.715927 -151.406738 36.441799
v -84.989769 -151.750702 36.063881
v -85.163574 -151.676163 36.078293
v -85.952995 -152.688828 34.743889
v -85.559380 -151.861679 35.743069
v -86.357307 -152.119965 35.178753
v -86.045532 -152.051666 35.367542
v -86.207542 -151.509201 35.849792
v -86.398415 -151.721100 35.557476
v -86.790085 -151.642105 35.468224
v -86.946770 -152.172745 34.873539
v -87.441612 -151.854721 34.975376
v -87.172081 -151.793457 35.152828
v -85.997330 -151.180450 36.243694
v -87.899689 -151.873749 34.729370
v -87.953072 -151.708191 34.860329
v -88.008217 -151.277039 35.242355
v -87.992477 -151.516220 35.023163
v -88.441856 -151.440994 34.875072
v -88.533646 -151.598175 34.681145
v -65.119629 -163.522034 34.196907
v -66.500885 -164.650070 31.893713
v -66.186501 -164.989044 31.661299
v -66.745987 -164.252213 32.223877
v -67.123306 -163.340622 33.102818
v -67.386200 -162.214508 34.306145
v -67.266273 -162.901169 33.564873
v -66.702522 -161.705948 35.178852
v -66.840576 -161.418350 35.367558
v -66.990036 -160.971146 35.694405
v -67.406281 -161.698654 34.783356
v -67.240837 -160.408020 36.064980
v -67.088188 -160.491898 36.078255
v -67.150970 -159.973557 36.441799
v -65.943527 -162.147110 35.152851
v -65.826019 -162.397354 34.975197
v -66.381119 -162.203079 34.873550
v -66.059448 -161.752914 35.468227
v -66.362831 -161.492905 35.557480
v -66.313354 -161.212036 35.849796
v -65.021790 -162.488022 35.242363
v -64.509544 -161.990036 35.953655
v -65.558815 -162.769913 34.729378
v -65.395493 -162.710037 34.860340
v -65.219963 -162.622894 35.023178
v -66.183731 -160.843979 36.243698
v -63.648113 -164.825775 32.981251
v -64.440346 -165.170364 32.223858
v -64.891861 -165.290833 31.893703
v -65.353195 -165.320862 31.661304
v -65.799606 -165.229675 31.593935
v -63.187588 -164.579971 33.498161
v -62.576191 -164.130386 34.306053
v -61.204910 -162.341461 36.441799
v -61.424435 -162.722397 36.063881
v -61.607403 -162.674606 36.078293
v -62.237091 -163.793610 34.743889
v -61.971142 -162.917038 35.743069
v -62.721664 -163.291367 35.178753
v -62.423542 -163.177353 35.367542
v -62.664600 -162.665085 35.849792
v -62.821758 -162.903076 35.557476
v -63.220825 -162.883331 35.468224
v -63.296673 -163.431396 34.873539
v -63.833389 -163.190674 34.975376
v -63.576000 -163.089935 35.152828
v -62.505722 -162.308685 36.243694
v -64.283516 -163.277756 34.729370
v -64.360977 -163.121994 34.860329
v -64.479759 -162.703888 35.242355
v -64.428551 -162.938065 35.023163
v -64.884117 -162.930634 34.875072
v -64.951462 -163.099747 34.681145
v -40.021912 -171.400879 34.196907
v -41.219627 -172.722183 31.893713
v -40.858234 -173.010513 31.661299
v -41.521282 -172.365295 32.223877
v -42.030251 -171.520111 33.102818
v -42.458031 -170.445755 34.306145
v -42.237110 -171.106873 33.564873
v -41.857796 -169.840973 35.178852
v -42.037159 -169.577179 35.367558
v -42.251595 -169.157242 35.694405
v -42.554771 -169.938660 34.783356
v -42.583523 -168.637772 36.064980
v -42.420078 -168.697968 36.078255
v -42.559414 -168.194778 36.441799
v -41.041515 -170.164108 35.152851
v -40.888027 -170.394028 34.975197
v -41.465881 -170.284653 34.873550
v -41.214890 -169.791580 35.468227
v -41.553638 -169.579712 35.557480
v -41.546577 -169.294586 35.849796
v -40.079266 -170.363846 35.242363
v -39.646957 -169.795074 35.953655
v -40.568287 -170.722610 34.729378
v -40.415710 -170.639069 34.860340
v -40.255127 -170.526733 35.023178
v -41.473259 -168.911316 36.243698
v -38.372517 -172.470749 32.981251
v -39.104553 -172.929581 32.223858
v -39.533070 -173.115982 31.893703
v -39.984779 -173.214447 31.661304
v -40.439796 -173.190811 31.593935
v -37.953777 -172.159073 33.498161
v -37.416210 -171.623367 34.306053
v -36.326855 -169.650070 36.441799
v -36.487152 -170.059464 36.063881
v -36.675205 -170.039459 36.078293
v -37.131084 -171.239822 34.743889
v -36.998745 -170.333405 35.743069
v -37.685104 -170.815399 35.178753
v -37.407303 -170.658234 35.367542
v -37.722015 -170.187622 35.849792
v -37.841946 -170.446381 35.557476
v -38.239498 -170.486328 35.468224
v -38.232815 -171.039566 34.873539
v -38.799419 -170.881516 34.975376
v -38.559914 -170.743561 35.152828
v -37.618031 -169.811508 36.243694
v -39.231541 -171.034729 34.729370
v -39.331348 -170.892258 34.860329
v -39.511120 -170.496506 35.242355
v -39.425587 -170.720428 35.023163
v -39.877167 -170.780991 34.875072
v -39.918556 -170.958237 34.681145
v -14.030237 -175.451324 34.196907
v -15.017658 -176.936371 31.893713
v -14.617327 -177.167618 31.661299
v -15.369134 -176.628418 32.223877
v -15.998378 -175.868546 33.102818
v -16.581499 -174.869949 34.306145
v -16.264513 -175.490753 33.564873
v -16.078093 -174.182465 35.178852
v -16.294775 -173.948334 35.367558
v -16.569401 -173.565048 35.694405
v -16.752731 -174.382919 34.783356
v -16.975039 -173.100861 36.064980
v -16.804449 -173.136032 36.078255
v -17.017223 -172.659210 36.441799
v -15.222778 -174.380325 35.152851
v -15.036736 -174.584808 34.975197
v -15.624436 -174.562775 34.873550
v -15.449733 -174.037811 35.468227
v -15.816275 -173.878784 35.557480
v -15.851786 -173.595795 35.849796
v -14.241506 -174.434418 35.242363
v -13.898792 -173.807571 35.953655
v -14.671595 -174.862061 34.729378
v -14.533174 -174.756714 34.860340
v -14.391124 -174.621704 35.023178
v -15.836403 -173.205887 36.243698
v -12.239816 -176.263443 32.981251
v -12.895296 -176.826233 32.223858
v -13.291245 -177.074417 31.893703
v -13.723236 -177.239105 31.661304
v -14.176694 -177.283539 31.593935
v -11.872205 -175.892822 33.498161
v -11.420479 -175.283005 34.306053
v -10.637382 -173.169388 36.441799
v -10.734871 -173.598083 36.063881
v -10.923803 -173.606354 36.078293
v -11.195699 -174.861237 34.743889
v -11.199926 -173.945221 35.743069
v -11.806784 -174.524124 35.178753
v -11.555509 -174.327316 35.367542
v -11.936843 -173.908859 35.849792
v -12.016870 -174.182602 35.557476
v -12.404027 -174.281357 35.468224
v -12.314971 -174.827423 34.873539
v -12.898797 -174.755585 34.975376
v -12.682530 -174.583466 35.152828
v -11.890071 -173.521454 36.243694
v -13.303265 -174.971466 34.729370
v -13.423187 -174.845459 34.860329
v -13.659933 -174.480927 35.242355
v -13.541981 -174.689606 35.023163
v -13.979495 -174.816788 34.875072
v -13.994004 -174.998230 34.681145
v 12.274822 -175.582870 34.196907
v 11.519753 -177.198486 31.893713
v 11.950077 -177.367477 31.661299
v 11.126307 -176.946365 32.223877
v 10.390842 -176.288742 33.102818
v 9.665408 -175.388199 34.306145
v 10.071374 -175.954834 33.564873
v 10.060732 -174.633377 35.178852
v 9.811578 -174.434158 35.367558
v 9.482897 -174.096085 35.694405
v 9.423505 -174.932144 34.783356
v 9.012607 -173.697510 36.064980
v 9.186531 -173.706863 36.078255
v 8.905074 -173.267105 36.441799
v 10.935985 -174.701553 35.152851
v 11.150422 -174.876022 34.975197
v 10.566003 -174.941833 34.873550
v 10.660516 -174.396683 35.468227
v 10.274365 -174.294052 35.557480
v 10.197079 -174.019531 35.849796
v 11.914361 -174.608810 35.242363
v 12.159822 -173.937881 35.953655
v 11.552807 -175.095764 34.729378
v 11.673983 -174.970963 34.860340
v 11.794325 -174.816284 35.023178
v 10.154180 -173.631683 36.243698
v 14.166281 -176.119064 32.981251
v 13.601997 -176.773270 32.223858
v 13.247459 -177.077698 31.893703
v 12.844836 -177.304916 31.661304
v 12.403066 -177.416443 31.593935
v 14.474552 -175.697800 33.498161
v 14.830349 -175.027481 34.306053
v 15.289699 -172.820755 36.441799
v 15.257192 -173.259201 36.063881
v 15.071598 -173.295532 36.078293
v 14.989760 -174.576920 34.743889
v 14.849062 -173.671753 35.743069
v 14.335259 -174.334656 35.178753
v 14.554397 -174.102585 35.367542
v 14.114955 -173.745636 35.849792
v 14.076617 -174.028244 35.557476
v 13.708504 -174.183594 35.468224
v 13.877949 -174.710297 34.873539
v 13.289936 -174.726273 34.975376
v 13.478135 -174.523834 35.152828
v 14.103470 -173.355591 36.243694
v 12.922160 -175.000015 34.729370
v 12.784798 -174.893295 34.860329
v 12.496368 -174.568115 35.242355
v 12.644103 -174.756882 35.023163
v 12.230429 -174.947845 34.875072
v 12.243123 -175.129425 34.681145
v 38.305706 -171.792587 34.196907
v 37.799847 -173.502686 31.893713
v 38.250557 -173.605682 31.661299
v 37.373222 -173.312012 32.223877
v 36.547966 -172.771347 33.102818
v 35.696415 -171.988983 34.306145
v 36.182301 -172.488785 33.564873
v 35.974834 -171.183670 35.178852
v 35.698769 -171.023819 35.367558
v 35.323376 -170.738495 35.694405
v 35.389248 -171.574066 34.783356
v 34.798935 -170.414490 36.064980
v 34.972313 -170.397797 36.078255
v 34.628456 -170.004883 36.441799
v 36.850475 -171.120651 35.152851
v 37.088516 -171.261215 34.975197
v 36.520432 -171.413391 34.873550
v 36.532639 -170.860229 35.468227
v 36.135509 -170.816315 35.557480
v 36.018169 -170.556351 35.849796
v 37.804100 -170.883133 35.242363
v 37.946827 -170.183105 35.953655
v 37.519157 -171.418518 34.729378
v 37.620380 -171.277054 34.860340
v 37.716328 -171.106186 35.023178
v 35.917950 -170.179245 36.243698
v 40.255955 -172.040909 32.981251
v 39.795467 -172.771896 32.223858
v 39.490257 -173.125763 31.893703
v 39.125996 -173.410461 31.661304
v 38.705784 -173.586578 31.593935
v 40.497997 -171.578415 33.498161
v 40.749920 -170.862518 34.306053
v 40.875259 -168.612000 36.441799
v 40.908459 -169.050400 36.063881
v 40.730354 -169.113968 36.078293
v 40.840401 -170.393250 34.743889
v 40.566376 -169.519180 35.743069
v 40.157104 -170.251221 35.178753
v 40.339207 -169.989105 35.367542
v 39.851475 -169.701614 35.849792
v 39.855682 -169.986801 35.557476
v 39.514832 -170.195267 35.468224
v 39.760883 -170.690842 34.873539
v 39.181820 -170.794266 34.975376
v 39.337749 -170.566055 35.152828
v 39.781986 -169.317657 36.243694
v 38.858948 -171.119766 34.729370
v 38.707214 -171.034714 34.860329
v 38.373543 -170.756165 35.242355
v 38.547764 -170.920792 35.023163
v 38.167168 -171.171280 34.875072
v 38.206779 -171.348938 34.681145
v 63.480991 -164.165100 34.196907
v 63.235649 -165.931503 31.893713
v 63.696674 -165.966171 31.661299
v 62.785374 -165.806534 32.223877
v 61.888752 -165.394913 33.102818
v 60.930115 -164.748169 34.306145
v 61.485054 -165.169983 33.564873
v 61.085396 -163.910370 35.178852
v 60.788593 -163.793427 35.367558
v 60.374874 -163.567261 35.694405
v 60.564537 -164.383682 34.783356
v 59.807999 -163.325012 36.064980
v 59.976952 -163.282684 36.078255
v 59.578381 -162.945404 36.441799
v 61.941868 -163.717560 35.152851
v 62.198200 -163.821060 34.975197
v 61.659138 -164.056213 34.873550
v 61.588776 -163.507401 35.468227
v 61.189533 -163.523163 35.557480
v 61.034763 -163.283600 35.849796
v 62.849445 -163.340561 35.242363
v 62.886253 -162.627090 35.953655
v 62.647476 -163.912445 34.729378
v 62.726486 -163.757477 34.860340
v 62.795895 -163.574203 35.023178
v 60.879456 -162.925629 36.243698
v 65.446465 -164.119995 32.981251
v 65.100067 -164.911453 32.223858
v 64.851006 -165.306854 31.893703
v 64.533241 -165.642654 31.661304
v 64.143967 -165.879440 31.593935
v 65.616882 -163.626587 33.498161
v 65.759293 -162.881165 34.306053
v 65.547829 -160.637070 36.441799
v 65.645996 -161.065643 36.063881
v 65.479355 -161.155045 36.078293
v 65.778831 -162.403625 34.743889
v 65.377594 -161.580154 35.743069
v 65.082001 -162.365051 35.178753
v 65.223000 -162.078690 35.367542
v 64.697868 -161.867111 35.849792
v 64.744530 -162.148483 35.557476
v 64.438560 -162.405426 35.468224
v 64.755714 -162.858795 34.873539
v 64.198532 -163.047363 34.975376
v 64.318710 -162.798447 35.152828
v 64.571930 -161.497787 36.243694
v 63.927780 -163.417358 34.729370
v 63.765068 -163.355865 34.860329
v 63.393608 -163.130142 35.242355
v 63.590416 -163.266968 35.023163
v 63.251404 -163.571381 34.875072
v 63.317051 -163.741150 34.681145
v 87.238373 -152.870804 34.196907
v 87.259026 -154.654053 31.893713
v 87.720062 -154.619598 31.661299
v 86.795151 -154.597580 32.223877
v 85.847191 -154.324173 33.102818
v 84.802887 -153.827545 34.306145
v 85.414490 -154.161926 33.564873
v 84.831566 -152.975952 35.178852
v 84.520653 -152.904556 35.367558
v 84.077843 -152.742554 35.694405
v 84.387062 -153.521606 34.783356
v 83.481194 -152.587494 36.064980
v 83.641960 -152.520477 36.078255
v 83.197571 -152.246368 36.441799
v 85.649734 -152.657639 35.152851
v 85.918633 -152.721786 34.975197
v 85.420631 -153.034637 34.873550
v 85.269264 -152.502472 35.468227
v 84.876831 -152.577545 35.557480
v 84.688095 -152.363724 35.849796
v 86.490990 -152.149597 35.242363
v 86.421059 -151.438599 35.953655
v 86.376511 -152.745193 34.729378
v 86.431541 -152.580185 34.860340
v 86.472862 -152.388611 35.023178
v 84.481163 -152.032898 36.243698
v 89.175179 -152.533279 32.981251
v 88.950600 -153.367523 32.223858
v 88.763245 -153.795639 31.893703
v 88.499077 -154.175034 31.661304
v 88.149437 -154.467178 31.593935
v 89.270149 -152.019989 33.498161
v 89.299873 -151.261658 34.306053
v 88.756325 -149.074158 36.441799
v 88.917267 -149.483307 36.063881
v 88.765808 -149.596542 36.078293
v 89.248024 -150.786560 34.743889
v 88.728539 -150.032074 35.743069
v 88.553223 -150.852249 35.178753
v 88.649979 -150.548080 35.367542
v 88.099182 -150.417130 35.849792
v 88.187256 -150.688385 35.557476
v 87.922989 -150.988068 35.468224
v 88.304169 -151.389099 34.873539
v 87.781319 -151.658615 34.975376
v 87.863052 -151.394577 35.152828
v 87.919601 -150.070679 36.243694
v 87.568733 -152.064819 34.729370
v 87.398666 -152.028259 34.860329
v 86.997711 -151.860428 35.242355
v 87.212723 -151.966400 35.023163
v 86.922859 -152.317932 34.875072
v 87.013077 -152.476028 34.681145
v 109.047165 -138.161972 34.196907
v 109.333351 -139.922211 31.893713
v 109.784111 -139.819458 31.661299
v 108.866249 -139.935516 32.223877
v 107.888130 -139.806442 33.102818
v 106.781464 -139.470993 34.306145
v 107.436073 -139.710495 33.564873
v 106.682915 -138.624634 35.178852
v 106.364830 -138.600372 35.367558
v 105.902817 -138.506180 35.694405
v 106.324699 -139.230438 34.783356
v 105.289726 -138.441772 36.064980
v 105.438705 -138.351532 36.078255
v 104.958427 -138.146713 36.441799
v 107.444504 -138.187943 35.152851
v 107.719963 -138.211304 34.975197
v 107.274147 -138.594879 34.873550
v 107.045158 -138.091217 35.468227
v 106.668297 -138.223938 35.557480
v 106.449791 -138.040634 35.849796
v 108.200653 -137.560196 35.242363
v 108.025536 -136.867569 35.953655
v 108.176208 -138.166214 34.729378
v 108.206039 -137.994843 34.860340
v 108.218346 -137.799240 35.023178
v 106.195877 -137.744339 36.243698
v 110.912033 -137.539566 32.981251
v 110.814301 -138.397949 32.223858
v 110.692848 -138.849197 31.893703
v 110.488167 -139.263733 31.661304
v 110.185974 -139.604736 31.593935
v 110.929443 -137.017838 33.498161
v 110.845833 -136.263550 34.306053
v 109.982338 -134.181488 36.441799
v 110.202454 -134.562073 36.063881
v 110.069565 -134.696625 36.078293
v 110.723755 -135.801483 34.743889
v 110.097633 -135.132843 35.743069
v 110.046501 -135.969986 35.178753
v 110.096840 -135.654800 35.367542
v 109.532677 -135.607391 35.849792
v 109.660194 -135.862518 35.557476
v 109.443550 -136.198227 35.468224
v 109.880241 -136.537979 34.873539
v 109.403389 -136.882401 34.975376
v 109.444862 -136.609131 35.152828
v 109.303482 -135.291595 36.243694
v 109.253716 -137.315750 34.729370
v 109.080109 -137.304947 34.860329
v 108.658615 -137.198730 35.242355
v 108.887016 -137.271484 35.023163
v 108.652786 -137.662292 34.875072
v 108.765556 -137.805176 34.681145
v 128.420273 -120.367149 34.196907
v 128.965591 -122.065079 31.893713
v 129.396011 -121.896294 31.661299
v 128.505692 -122.147858 32.223877
v 127.519272 -122.165993 33.102818
v 126.374969 -121.999229 34.306145
v 127.057968 -122.138496 33.564873
v 126.151382 -121.177002 35.178852
v 125.833237 -121.200417 35.367558
v 125.362343 -121.176140 35.694405
v 125.887444 -121.829430 34.783356
v 124.746506 -121.203835 36.064980
v 124.880363 -121.092392 36.078255
v 124.374924 -120.961433 36.441799
v 126.839386 -120.631683 35.152851
v 127.115242 -120.613739 34.975197
v 126.731575 -121.059471 34.873550
v 126.430077 -120.595543 35.468227
v 126.077202 -120.782951 35.557480
v 125.833824 -120.634270 35.849796
v 127.493530 -119.898262 35.242363
v 127.217140 -119.239464 35.953655
v 127.559685 -120.501144 34.729378
v 127.563629 -120.327240 34.860340
v 127.546646 -120.132004 35.023178
v 125.538582 -120.379120 36.243698
v 130.171555 -119.473770 32.981251
v 130.202835 -120.337135 32.223858
v 130.149994 -120.801445 31.893703
v 130.009384 -121.241859 31.661304
v 129.761398 -121.624084 31.593935
v 130.111023 -118.955276 33.498161
v 129.915924 -118.221870 34.306053
v 128.751770 -116.291756 36.441799
v 129.026154 -116.635284 36.063881
v 128.914795 -116.788139 36.078293
v 129.726334 -117.783165 34.743889
v 129.007568 -117.215302 35.743069
v 129.081772 -118.050713 35.178753
v 129.084579 -117.731544 35.367542
v 128.519638 -117.768753 35.849792
v 128.683762 -118.002007 35.557476
v 128.519562 -118.366264 35.468224
v 129.002014 -118.637131 34.873539
v 128.581818 -119.048775 34.975376
v 128.582108 -118.772369 35.152828
v 128.245941 -117.490631 36.243694
v 128.498398 -119.499596 34.729370
v 128.325119 -119.514786 34.860329
v 127.892509 -119.472580 35.242355
v 128.129196 -119.510475 35.023163
v 127.955826 -119.931831 34.875072
v 128.088638 -120.056305 34.681145
v 144.924957 -99.883766 34.196907
v 145.717239 -101.481461 31.893713
v 146.117691 -101.250412 31.661299
v 145.274811 -101.631851 32.223877
v 144.302094 -101.796806 33.102818
v 143.145721 -101.802437 34.306145
v 143.841858 -101.838364 33.564873
v 142.802109 -101.022713 35.178852
v 142.490997 -101.093292 35.367558
v 142.021744 -101.139458 35.694405
v 142.638336 -101.707199 34.783356
v 141.416901 -101.258621 36.064980
v 141.532669 -101.128471 36.078255
v 141.013351 -101.074310 36.441799
v 143.401154 -100.380959 35.152851
v 143.671249 -100.322098 34.975197
v 143.358292 -100.820030 34.873550
v 142.991028 -100.406219 35.468227
v 142.670029 -100.644127 35.557480
v 142.407196 -100.533371 35.849796
v 143.938675 -99.558228 35.242363
v 143.567200 -98.947983 35.953655
v 144.093933 -100.144524 34.729378
v 144.071930 -99.971970 34.860340
v 144.026047 -99.781448 35.023178
v 142.077240 -100.325081 36.243698
v 146.523544 -98.739357 32.981251
v 146.683151 -99.588425 32.223858
v 146.700089 -100.055420 31.893703
v 146.626678 -100.511871 31.661304
v 146.438416 -100.926796 31.593935
v 146.386398 -98.235672 33.498161
v 146.084183 -97.539543 34.306053
v 144.645370 -95.804489 36.441799
v 144.967896 -96.103287 36.063881
v 144.880554 -96.271027 36.078293
v 145.831345 -97.133987 34.743889
v 145.035950 -96.679596 35.743069
v 145.233826 -97.494614 35.178753
v 145.189041 -97.178596 35.367542
v 144.635956 -97.299583 35.849792
v 144.833008 -97.505768 35.557476
v 144.724930 -97.890434 35.468224
v 145.242355 -98.086365 34.873539
v 144.888214 -98.556038 34.975376
v 144.847305 -98.282684 35.152828
v 144.323868 -97.065361 36.243694
v 144.872910 -99.014259 34.729370
v 144.703827 -99.055099 34.860329
v 144.269760 -99.077843 35.242355
v 144.509460 -99.080048 35.023163
v 144.400818 -99.522530 34.875072
v 144.550690 -99.625824 34.681145
v 158.192596 -77.169403 34.196907
v 159.214157 -78.631172 31.893713
v 159.575699 -78.343025 31.661299
v 158.799072 -78.845825 32.223877
v 157.861816 -79.153900 33.102818
v 156.719193 -79.331818 34.306145
v 157.412903 -79.263588 33.564873
v 156.263199 -78.612007 35.178852
v 155.966080 -78.728157 35.367558
v 155.508957 -78.843750 35.694405
v 156.203278 -79.313248 34.783356
v 154.928635 -79.051720 36.064980
v 155.023697 -78.905777 36.078255
v 154.502106 -78.929611 36.441799
v 156.759918 -77.888145 35.152851
v 157.018219 -77.789680 34.975197
v 156.782974 -78.328690 34.873550
v 156.358139 -77.974243 35.468227
v 156.076172 -78.257332 35.557480
v 155.799789 -78.186989 35.849796
v 157.168823 -76.994492 35.242363
v 156.710541 -76.446426 35.953655
v 157.409729 -77.551094 34.729378
v 157.362244 -77.383751 34.860340
v 157.288467 -77.202187 35.023178
v 155.442444 -78.030197 36.243698
v 159.602768 -75.799530 32.981251
v 159.887131 -76.615326 32.223858
v 159.973495 -77.074577 31.893703
v 159.968933 -77.536880 31.661304
v 159.844604 -77.975220 31.593935
v 159.392105 -75.321915 33.498161
v 158.989517 -74.678596 34.306053
v 157.308182 -73.177338 36.441799
v 157.671631 -73.424736 36.063881
v 157.610275 -73.603622 36.078293
v 158.679047 -74.315247 34.743889
v 157.824829 -73.984474 35.743069
v 158.141953 -74.760902 35.178753
v 158.050568 -74.455086 35.367542
v 157.521713 -74.657143 35.849792
v 157.747269 -74.831665 35.557476
v 157.697739 -75.228134 35.468224
v 158.238586 -75.344772 34.873539
v 157.958389 -75.861977 34.975376
v 157.877197 -75.597771 35.152828
v 157.178177 -74.472054 36.243694
v 158.011551 -76.317360 34.729370
v 157.850433 -76.382950 34.860329
v 157.424622 -76.470123 35.242355
v 157.661957 -76.436577 35.023163
v 157.620483 -76.890312 34.875072
v 157.784073 -76.970116 34.681145
v 167.926819 -52.731358 34.196907
v 169.154816 -54.024555 31.893713
v 169.469391 -53.685745 31.661299
v 168.776367 -54.298672 32.223877
v 167.895493 -54.742989 33.102818
v 166.792145 -55.089207 34.306145
v 167.467941 -54.918358 33.564873
v 166.233963 -54.445408 35.178852
v 165.957474 -54.604538 35.367558
v 165.522690 -54.786961 35.694405
v 166.279236 -55.147739 34.783356
v 164.979843 -55.079098 36.064980
v 165.052094 -54.920616 36.078255
v 164.539886 -55.021923 36.441799
v 166.617249 -53.655590 35.152851
v 166.858002 -53.519730 34.975197
v 166.705719 -54.087784 34.873550
v 166.232788 -53.800610 35.468227
v 165.996155 -54.122559 35.557480
v 165.712387 -54.094193 35.849796
v 166.888412 -52.710979 35.242363
v 166.353561 -52.237335 35.953655
v 167.209579 -53.225464 34.729378
v 167.137695 -53.067066 34.860340
v 167.037689 -52.898529 35.023178
v 165.335678 -53.992405 36.243698
v 169.117081 -51.166622 32.981251
v 169.519852 -51.930927 32.223858
v 169.673676 -52.372185 31.893703
v 169.738083 -52.829994 31.661304
v 169.680466 -53.281967 31.593935
v 168.837585 -50.725735 33.498161
v 168.343613 -50.149605 34.306053
v 166.457336 -48.915688 36.441799
v 166.853592 -49.106155 36.063881
v 166.819580 -49.292187 36.078293
v 167.982468 -49.836582 34.743889
v 167.088486 -49.636810 35.743069
v 167.517792 -50.357300 35.178753
v 167.381851 -50.068520 35.367542
v 166.889008 -50.347149 35.849792
v 167.138062 -50.486099 35.557476
v 167.148163 -50.885525 35.468224
v 167.700363 -50.920250 34.873539
v 167.500381 -51.473438 34.975376
v 167.380707 -51.224285 35.152828
v 166.521744 -50.215317 36.243694
v 167.620819 -51.915813 34.729370
v 167.471283 -52.004681 34.860329
v 167.063202 -52.154350 35.242355
v 167.292892 -52.085804 35.023163
v 167.319504 -52.540649 34.875072
v 167.493164 -52.595181 34.681145
v 173.910217 -27.115499 34.196907
v 175.317245 -28.211241 31.893713
v 175.577789 -27.829330 31.661299
v 174.983871 -28.538698 32.223877
v 174.179031 -29.109335 33.102818
v 173.139618 -29.616123 34.306145
v 173.782394 -29.346466 33.564873
v 172.491714 -29.062700 35.178852
v 172.242035 -29.261261 35.367558
v 171.839294 -29.506447 35.694405
v 172.641159 -29.750444 34.783356
v 171.346054 -29.876223 36.064980
v 171.393875 -29.708742 36.078255
v 170.902496 -29.885252 36.441799
v 172.753006 -28.224583 35.152851
v 172.970825 -28.054358 34.975197
v 172.904907 -28.638763 34.873550
v 172.394470 -28.425280 35.468227
v 172.208466 -28.778898 35.557480
v 171.923630 -28.793142 35.849796
v 172.880356 -27.250107 35.242363
v 172.280914 -26.861462 35.953655
v 173.274628 -27.710981 34.729378
v 173.179932 -27.565065 34.860340
v 173.055923 -27.413315 35.023178
v 171.535965 -28.748634 36.243698
v 174.853989 -25.390846 32.981251
v 175.366180 -26.086586 32.223858
v 175.584045 -26.499992 31.893703
v 175.715942 -26.943092 31.661304
v 175.726349 -27.398605 31.593935
v 174.511917 -24.996538 33.498161
v 173.937592 -24.500460 34.306053
v 171.888474 -23.561449 36.441799
v 172.308685 -23.690737 36.063881
v 172.302780 -23.879755 36.078293
v 173.533813 -24.244761 34.743889
v 172.620056 -24.180452 35.743069
v 173.151947 -24.828917 35.178753
v 172.974472 -24.563622 35.367542
v 172.528671 -24.912586 35.849792
v 172.795654 -25.012867 35.557476
v 172.865173 -25.406326 35.468224
v 173.416367 -25.358366 34.873539
v 173.301071 -25.935184 34.975376
v 173.145599 -25.706648 35.152828
v 172.145859 -24.836966 36.243694
v 173.486084 -26.354668 34.729370
v 173.351471 -26.464828 34.860329
v 172.970245 -26.673643 35.242355
v 173.187164 -26.571630 35.023163
v 173.281250 -27.017433 34.875072
v 173.461105 -27.045475 34.681145
v 176.009140 -0.893982 34.196907
v 177.563751 -1.767792 31.893713
v 177.764481 -1.351316 31.661299
v 177.282898 -2.141275 32.223877
v 176.572113 -2.825487 33.102818
v 175.619812 -3.481524 34.306145
v 176.215240 -3.119082 33.564873
v 174.896683 -3.030843 35.178852
v 174.679382 -3.264397 35.367558
v 174.317673 -3.566867 35.694405
v 175.146942 -3.688635 34.783356
v 173.885056 -4.006026 36.064980
v 173.907379 -3.833287 36.078255
v 173.447784 -4.081060 36.441799
v 175.030151 -2.163143 35.152851
v 175.220169 -1.962357 34.975197
v 175.242065 -2.550062 34.873550
v 174.705521 -2.415034 35.468227
v 174.574295 -2.792425 35.557480
v 174.294754 -2.848960 35.849796
v 175.010849 -1.180571 35.242363
v 174.360168 -0.885607 35.953655
v 175.469406 -1.577538 34.729378
v 175.354019 -1.447367 34.860340
v 175.208771 -1.315791 35.023178
v 173.904785 -2.862726 36.243698
v 176.685349 0.952066 32.981251
v 177.295486 0.340427 32.223858
v 177.572540 -0.035891 31.893703
v 177.769012 -0.454383 31.661304
v 177.847183 -0.903259 31.593935
v 176.288315 1.290987 33.498161
v 175.646454 1.695930 34.306053
v 173.480286 2.319066 36.441799
v 173.915085 2.253851 36.063881
v 173.937424 2.066062 36.078293
v 175.209106 1.888599 34.743889
v 174.295959 1.816005 35.743069
v 174.918549 1.254055 35.178753
v 174.703522 1.489938 35.367542
v 174.314713 1.078429 35.849792
v 174.593643 1.019058 35.557476
v 174.721039 0.640354 35.468224
v 175.258942 0.769925 34.873539
v 175.230881 0.182365 34.975376
v 175.043091 0.385180 35.152828
v 173.924896 1.096153 36.243694
v 175.476349 -0.204858 34.729370
v 175.359650 -0.333852 34.860329
v 175.013809 -0.597149 35.242355
v 175.213104 -0.463948 35.023163
v 175.372589 -0.890749 34.875072
v 175.554611 -0.891673 34.681145
v 174.176697 25.347494 34.196907
v 175.844162 24.715132 31.893713
v 175.980576 25.156872 31.661299
v 175.622116 24.303963 32.223877
v 175.021225 23.521461 33.102818
v 174.177353 22.730827 34.306145
v 174.712097 23.177959 33.564873
v 173.395126 23.068703 35.178852
v 173.215057 22.805372 35.367558
v 172.902466 22.452372 35.694405
v 173.740631 22.455557 34.783356
v 172.540131 21.953642 36.064980
v 172.536453 22.127779 36.078255
v 172.118927 21.814280 36.441799
v 173.397781 23.946604 35.152851
v 173.555756 24.173466 34.975197
v 173.664993 23.595589 34.873550
v 173.114319 23.649143 35.468227
v 173.040802 23.256413 35.557480
v 172.772812 23.158846 35.849796
v 173.232269 24.915323 35.242363
v 172.544876 25.110020 35.953655
v 173.744843 24.591129 34.729378
v 173.611343 24.702652 34.860340
v 173.448120 24.811113 35.023178
v 172.389236 23.087114 36.243698
v 174.570206 27.273701 32.981251
v 175.264694 26.759827 32.223858
v 175.594757 26.429003 31.893703
v 175.851395 26.044464 31.661304
v 175.995575 25.612251 31.593935
v 174.127106 27.549665 33.498161
v 173.432068 27.854431 34.306053
v 171.197220 28.147772 36.441799
v 171.636887 28.148085 36.063881
v 171.686951 27.965721 36.078293
v 172.970886 27.979765 34.743889
v 172.078751 27.771891 35.743069
v 172.778152 27.309006 35.178753
v 172.530380 27.510208 35.367542
v 172.207214 27.045345 35.849792
v 172.491898 27.028212 35.557476
v 172.674301 26.672720 35.468224
v 173.186874 26.881010 34.873539
v 173.246704 26.295830 34.975376
v 173.030792 26.468393 35.152828
v 171.819107 27.004776 36.243694
v 173.547150 25.949516 34.729370
v 173.450974 25.804571 34.860329
v 173.148239 25.492672 35.242355
v 173.325455 25.654087 35.023163
v 173.546768 25.255821 34.875072
v 173.726883 25.282034 34.681145
v 168.453812 51.022812 34.196907
v 170.196899 50.646023 31.893713
v 170.265961 51.103161 31.661299
v 170.038620 50.206356 32.223877
v 169.561066 49.343040 33.102818
v 168.844452 48.435467 34.306145
v 169.306580 48.957302 33.564873
v 168.020599 48.652988 35.178852
v 167.881775 48.365761 35.367558
v 167.625305 47.970123 35.694405
v 168.453613 48.098179 34.783356
v 167.341324 47.422962 36.064980
v 167.311752 47.594608 36.078255
v 166.945602 47.222382 36.441799
v 167.892380 49.521481 35.152851
v 168.014786 49.769356 34.975197
v 168.208939 49.214214 34.873550
v 167.656418 49.185101 35.468227
v 167.642258 48.785797 35.557480
v 167.391785 48.649380 35.849796
v 167.584335 50.454716 35.242363
v 166.875610 50.544796 35.953655
v 168.139511 50.210537 34.729378
v 167.990891 50.300915 34.860340
v 167.813324 50.383842 35.023178
v 167.023209 48.521290 36.243698
v 168.555862 52.986156 32.981251
v 169.319183 52.581524 32.223858
v 169.694855 52.303581 31.893703
v 170.005936 51.961590 31.661304
v 170.212936 51.555695 31.593935
v 168.076584 53.193001 33.498161
v 167.343903 53.390778 34.306053
v 165.090286 53.347771 36.441799
v 165.524994 53.413609 36.063881
v 165.601669 53.240742 36.078293
v 166.869171 53.445980 34.743889
v 166.017990 53.107468 35.743069
v 166.778564 52.753986 35.178753
v 166.503555 52.916016 35.367542
v 166.253281 52.408184 35.849792
v 166.537354 52.433670 35.557476
v 166.770706 52.109333 35.468224
v 167.246506 52.391689 34.873539
v 167.392868 51.821957 34.975376
v 167.153656 51.960415 35.152828
v 165.875580 52.310230 36.243694
v 167.741577 51.524288 34.729370
v 167.668091 51.366627 34.860329
v 167.415207 51.013092 35.242355
v 167.566376 51.199116 35.023163
v 167.844574 50.838284 34.875072
v 168.018784 50.891048 34.681145
v 158.968338 75.558472 34.196907
v 160.748108 75.445671 31.893713
v 160.748260 75.907997 31.661299
v 160.657104 74.987328 32.223877
v 160.313568 74.062477 33.102818
v 159.740204 73.058243 34.306145
v 160.119400 73.643120 33.564873
v 158.893127 73.150551 35.178852
v 158.798676 72.845840 35.367558
v 158.604019 72.416389 35.694405
v 159.404007 72.666473 34.783356
v 158.404770 71.833023 36.064980
v 158.349945 71.998344 36.078255
v 158.043365 71.575699 36.441799
v 158.636917 73.990234 35.152851
v 158.721008 74.253586 34.975197
v 158.995728 73.733574 34.873550
v 158.453720 73.622444 35.468227
v 158.499237 73.225487 35.557480
v 158.271896 73.053268 35.849796
v 158.193222 74.867142 35.242363
v 157.479004 74.850586 35.953655
v 158.778610 74.708427 34.729378
v 158.618164 74.775642 34.860340
v 158.430222 74.831184 35.023178
v 157.926514 72.871674 36.243698
v 158.776627 77.515099 32.981251
v 159.591736 77.228745 32.223858
v 160.004623 77.009895 31.893703
v 160.363205 76.718079 31.661304
v 160.628387 76.347572 31.593935
v 158.271866 77.648201 33.498161
v 157.517899 77.734573 34.306053
v 155.295868 77.356178 36.441799
v 155.715897 77.486069 36.063881
v 155.817505 77.326561 36.078293
v 157.040253 77.718414 34.743889
v 156.249023 77.256821 35.743069
v 157.053772 77.020638 35.178753
v 156.757706 77.139877 35.367542
v 156.585922 76.600418 35.849792
v 156.863022 76.667946 35.557476
v 157.142075 76.382011 35.468224
v 157.570496 76.732124 34.873539
v 157.800140 76.190575 34.975376
v 157.542953 76.291832 35.152828
v 156.227020 76.447266 36.243694
v 158.189316 75.948196 34.729370
v 158.140137 75.781342 34.860329
v 157.942764 75.394073 35.242355
v 158.064545 75.600548 35.023163
v 158.393402 75.285202 34.875072
v 158.557800 75.363342 34.681145
v 145.932114 98.406494 34.196907
v 147.708817 98.560204 31.893713
v 147.640076 99.017395 31.661299
v 147.687149 98.093414 32.223877
v 147.485275 97.127701 33.102818
v 147.067978 96.049225 34.306145
v 147.355789 96.684082 33.564873
v 146.216614 96.014259 35.178852
v 146.168640 95.698883 35.367558
v 146.040146 95.245224 35.694405
v 146.793930 95.611732 34.783356
v 145.930069 94.638664 36.064980
v 145.851212 94.793968 36.078255
v 145.611053 94.330360 36.441799
v 145.838120 96.806381 35.152851
v 145.882019 97.079323 34.975197
v 146.231171 96.606056 34.873550
v 145.711777 96.415390 35.468227
v 145.815933 96.029655 35.557480
v 145.616821 95.825485 35.849796
v 145.268692 97.607368 35.242363
v 144.564911 97.484550 35.953655
v 145.871185 97.537666 34.729378
v 145.702530 97.580223 34.860340
v 145.508408 97.607132 35.023178
v 145.302368 95.594444 36.243698
v 145.450958 100.312698 32.981251
v 146.299622 100.151031 32.223858
v 146.740509 99.996155 31.893703
v 147.138596 99.761040 31.661304
v 147.456024 99.434189 31.593935
v 144.931992 100.369095 33.498161
v 144.173569 100.342133 34.306053
v 142.032745 99.636803 36.441799
v 142.428726 99.827843 36.063881
v 142.552963 99.685257 36.078293
v 143.703659 100.254959 34.743889
v 142.990051 99.680611 35.743069
v 143.821030 99.567001 35.178753
v 143.510498 99.640778 35.367542
v 143.421021 99.081741 35.849792
v 143.684937 99.189819 35.557476
v 144.003510 98.948662 35.468224
v 144.374969 99.358719 34.873539
v 144.682755 98.857437 34.975376
v 144.413361 98.919243 35.152828
v 143.088959 98.876808 36.243694
v 145.103714 98.675774 34.729370
v 145.079956 98.503448 34.860329
v 144.942505 98.091095 35.242355
v 145.032150 98.313408 35.023163
v 145.404327 98.050598 34.875072
v 145.555252 98.152367 34.681145
v 129.636337 119.056473 34.196907
v 131.370285 119.473259 31.893713
v 131.234177 119.915085 31.661299
v 131.418427 119.008453 32.223877
v 131.362732 118.023430 33.102818
v 131.110825 116.894814 34.306145
v 131.300812 117.565475 33.564873
v 130.274185 116.733353 35.178852
v 130.273743 116.414345 35.367558
v 130.214310 115.946594 35.694405
v 130.905045 116.421356 34.783356
v 130.195862 115.330414 36.064980
v 130.094727 115.472229 36.078255
v 129.926331 114.978004 36.441799
v 129.781876 117.460220 35.152851
v 129.784607 117.736649 34.975197
v 130.200378 117.320717 34.873550
v 129.715210 117.054764 35.468227
v 129.875702 116.688866 35.557480
v 129.709229 116.457283 35.849796
v 129.099426 118.167389 35.242363
v 128.421799 117.941063 35.953655
v 129.705566 118.188263 34.729378
v 129.532440 118.205215 34.860340
v 129.336502 118.202888 35.023178
v 129.432709 116.181961 36.243698
v 128.876465 120.869682 32.981251
v 129.739731 120.836296 32.223858
v 130.198792 120.748856 31.893703
v 130.627457 120.575699 31.661304
v 130.990051 120.299805 31.593935
v 128.354889 120.848091 33.498161
v 127.608940 120.708405 34.306053
v 125.597137 119.691895 36.441799
v 125.960236 119.939812 36.063881
v 126.104332 119.817345 36.078293
v 127.157272 120.552170 34.743889
v 126.537239 119.877884 35.743069
v 127.375854 119.889389 35.178753
v 127.057800 119.916061 35.367542
v 127.052650 119.349930 35.849792
v 127.297523 119.496147 35.557476
v 127.648468 119.305153 35.468224
v 127.954659 119.765991 34.873539
v 128.333725 119.316185 34.975376
v 128.058136 119.337143 35.152828
v 126.754829 119.097801 36.243694
v 128.777054 119.199280 34.729370
v 128.779236 119.025337 34.860329
v 128.704788 118.597099 35.242355
v 128.760284 118.830292 35.023163
v 129.167480 118.625893 34.875072
v 129.301544 118.749016 34.681145
v 110.444962 137.047150 34.196907
v 112.097443 137.717697 31.893713
v 111.896996 138.134323 31.661299
v 112.214317 137.265259 32.223877
v 112.306046 136.282944 33.102818
v 112.225159 135.129395 34.306145
v 112.313049 135.820877 33.564873
v 111.421921 134.845047 35.178852
v 111.469025 134.529541 35.367558
v 111.479965 134.058151 35.694405
v 112.092232 134.630554 34.783356
v 111.553543 133.446091 36.064980
v 111.432419 133.571259 36.078255
v 111.339561 133.057465 36.441799
v 110.826775 135.490417 35.152851
v 110.788277 135.764175 34.975197
v 111.261406 135.414856 34.873550
v 110.821289 135.079559 35.468227
v 111.034508 134.741669 35.557480
v 110.904411 134.487854 35.849796
v 110.046555 136.087982 35.242363
v 109.410233 135.763199 35.953655
v 110.642822 136.198975 34.729378
v 110.469109 136.189926 34.860340
v 110.275688 136.158417 35.023178
v 110.672020 134.174408 36.243698
v 109.423332 138.726852 32.981251
v 110.281967 138.822510 32.223858
v 110.748917 138.804459 31.893703
v 111.198608 138.697128 31.661304
v 111.598274 138.478348 31.593935
v 108.910812 138.627792 33.498161
v 108.194023 138.378494 34.306053
v 106.356194 137.073502 36.441799
v 106.678276 137.372757 36.063881
v 106.839020 137.273148 36.078293
v 107.770683 138.156693 34.743889
v 107.258072 137.397537 35.743069
v 108.085609 137.533890 35.178753
v 107.767120 137.512863 35.367542
v 107.846397 136.952286 35.849792
v 108.066750 137.133347 35.557476
v 108.442245 136.996811 35.468224
v 108.676338 137.498123 34.873539
v 109.118202 137.109848 34.975376
v 108.842552 137.089493 35.152828
v 107.589485 136.658585 36.243694
v 109.573997 137.060303 34.729370
v 109.602074 136.888626 34.860329
v 109.592285 136.454086 35.242355
v 109.612411 136.692947 35.023163
v 110.045525 136.551514 34.875072
v 110.159737 136.693237 34.681145
v 88.786697 151.976776 34.196907
v 90.320793 152.886108 31.893713
v 90.060493 153.268188 31.661299
v 90.503792 152.456131 32.223877
v 90.740891 151.498459 33.102818
v 90.832832 150.345734 34.306145
v 90.816696 151.042587 33.564873
v 90.080940 149.944855 35.178852
v 90.174538 149.639893 35.367558
v 90.255608 149.175400 35.694405
v 90.775726 149.832657 34.783356
v 90.419586 148.581131 36.064980
v 90.281166 148.686844 36.078255
v 90.265915 148.164948 36.441799
v 89.396255 150.494324 35.152851
v 89.317390 150.759277 34.975197
v 89.837296 150.484375 34.873550
v 89.452065 150.087234 35.468227
v 89.713257 149.784897 35.557480
v 89.622437 149.514542 35.849796
v 88.535698 150.968933 35.242363
v 87.954880 150.552948 35.953655
v 89.108757 151.167542 34.729378
v 88.938339 151.132706 34.860340
v 88.751762 151.072723 35.023178
v 89.439354 149.169937 36.243698
v 87.526154 153.485458 32.981251
v 88.360939 153.707993 32.223858
v 88.825363 153.759766 31.893703
v 89.286018 153.720642 31.661304
v 89.713829 153.563873 31.593935
v 87.034111 153.311111 33.498161
v 86.362488 152.957764 34.306053
v 84.739662 151.393448 36.441799
v 85.013557 151.737381 36.063881
v 85.187347 151.662811 36.078293
v 85.976929 152.675354 34.743889
v 85.583183 151.848267 35.743069
v 86.381157 152.106430 35.178753
v 86.069359 152.038177 35.367542
v 86.231293 151.495682 35.849792
v 86.422195 151.707565 35.557476
v 86.813858 151.628494 35.468224
v 86.970619 152.159119 34.873539
v 87.465416 151.841019 34.975376
v 87.195877 151.779816 35.152828
v 86.021019 151.166977 36.243694
v 87.923492 151.859970 34.729370
v 87.976852 151.694397 34.860329
v 88.031937 151.263245 35.242355
v 88.016235 151.502441 35.023163
v 88.465591 151.427124 34.875072
v 88.557411 151.584290 34.681145
v 65.145332 163.511780 34.196907
v 66.526772 164.639587 31.893713
v 66.212440 164.978622 31.661299
v 66.771805 164.241714 32.223877
v 67.148979 163.330048 33.102818
v 67.411697 162.203903 34.306145
v 67.291878 162.890579 33.564873
v 66.727943 161.695450 35.178852
v 66.865944 161.407837 35.367558
v 67.015343 160.960602 35.694405
v 67.431694 161.688049 34.783356
v 67.266045 160.397430 36.064980
v 67.113411 160.481339 36.078255
v 67.176125 159.962982 36.441799
v 65.969009 162.136734 35.152851
v 65.851547 162.386978 34.975197
v 66.406609 162.192627 34.873550
v 66.084869 161.742508 35.468227
v 66.388214 161.482468 35.557480
v 66.338699 161.201599 35.849796
v 65.047333 162.477798 35.242363
v 64.535004 161.979889 35.953655
v 65.584396 162.759583 34.729378
v 65.421074 162.699738 34.860340
v 65.245522 162.612625 35.023178
v 66.209015 160.833557 36.243698
v 63.674015 164.815765 32.981251
v 64.466309 165.160233 32.223858
v 64.917839 165.280609 31.893703
v 65.379181 165.310593 31.661304
v 65.825577 165.219330 31.593935
v 63.213463 164.570023 33.498161
v 62.601994 164.120529 34.306053
v 61.230434 162.331833 36.441799
v 61.450008 162.712723 36.063881
v 61.632973 162.664902 36.078293
v 62.262833 163.783798 34.743889
v 61.996750 162.907272 35.743069
v 62.747330 163.281494 35.178753
v 62.449192 163.167526 35.367542
v 62.690174 162.655228 35.849792
v 62.847366 162.893188 35.557476
v 63.246429 162.873383 35.468224
v 63.322361 163.421432 34.873539
v 63.859043 163.180634 34.975376
v 63.601635 163.079926 35.152828
v 62.531235 162.298843 36.243694
v 64.309181 163.267639 34.729370
v 64.386612 163.111862 34.860329
v 64.505341 162.693726 35.242355
v 64.454163 162.927917 35.023163
v 64.909729 162.920425 34.875072
v 64.977097 163.089523 34.681145
v 40.048786 171.394592 34.196907
v 41.246704 172.715698 31.893713
v 40.885361 173.004089 31.661299
v 41.548309 172.358765 32.223877
v 42.057144 171.513519 33.102818
v 42.484756 170.439087 34.306145
v 42.263935 171.100235 33.564873
v 41.884418 169.834412 35.178852
v 42.063747 169.570572 35.367558
v 42.278118 169.150604 35.694405
v 42.581417 169.931976 34.783356
v 42.609962 168.631088 36.064980
v 42.446529 168.691299 36.078255
v 42.585785 168.188095 36.441799
v 41.068195 170.157669 35.152851
v 40.914742 170.387604 34.975197
v 41.492577 170.278137 34.873550
v 41.241508 169.785110 35.468227
v 41.580227 169.573181 35.557480
v 41.573120 169.288055 35.849796
v 40.105976 170.357559 35.242363
v 39.673580 169.788849 35.953655
v 40.595055 170.716232 34.729378
v 40.442463 170.632736 34.860340
v 40.281860 170.520416 35.023178
v 41.499737 168.904816 36.243698
v 38.399563 172.464737 32.981251
v 39.131664 172.923431 32.223858
v 39.560211 173.109772 31.893703
v 40.011936 173.208160 31.661304
v 40.466949 173.184464 31.593935
v 37.980770 172.153091 33.498161
v 37.443119 171.617493 34.306053
v 36.353455 169.644363 36.441799
v 36.513813 170.053726 36.063881
v 36.701862 170.033707 36.078293
v 37.157932 171.233994 34.743889
v 37.025452 170.327591 35.743069
v 37.711884 170.809494 35.178753
v 37.434059 170.652359 35.367542
v 37.748695 170.181686 35.849792
v 37.868671 170.440430 35.557476
v 38.266224 170.480331 35.468224
v 38.259632 171.033569 34.873539
v 38.826210 170.875427 34.975376
v 38.586685 170.737503 35.152828
v 37.644650 169.805603 36.243694
v 39.258358 171.028564 34.729370
v 39.358139 170.886078 34.860329
v 39.537853 170.490311 35.242355
v 39.452351 170.714233 35.023163
v 39.903942 170.774719 34.875072
v 39.945358 170.951981 34.681145
v 14.057792 175.449142 34.196907
v 15.045445 176.934036 31.893713
v 14.645151 177.165344 31.661299
v 15.396874 176.626022 32.223877
v 16.025999 175.866043 33.102818
v 16.608961 174.867355 34.306145
v 16.292074 175.488220 33.564873
v 16.105450 174.179962 35.178852
v 16.322094 173.945786 35.367558
v 16.596659 173.562485 35.694405
v 16.780119 174.380310 34.783356
v 17.002224 173.098221 36.064980
v 16.831640 173.133392 36.078255
v 17.044340 172.656555 36.441799
v 15.250164 174.377960 35.152851
v 15.064155 174.582458 34.975197
v 15.651853 174.560333 34.873550
v 15.477066 174.035400 35.468227
v 15.843583 173.876312 35.557480
v 15.879049 173.593323 35.849796
v 14.268901 174.432205 35.242363
v 13.926089 173.805420 35.953655
v 14.699059 174.859787 34.729378
v 14.560619 174.754456 34.860340
v 14.418548 174.619461 35.023178
v 15.863605 173.203415 36.243698
v 12.267498 176.261551 32.981251
v 12.923067 176.824219 32.223858
v 13.319055 177.072357 31.893703
v 13.751072 177.236969 31.661304
v 14.204536 177.281342 31.593935
v 11.899828 175.890976 33.498161
v 11.448008 175.281219 34.306053
v 10.664577 173.167725 36.441799
v 10.762134 173.596436 36.063881
v 10.951068 173.604645 36.078293
v 11.223162 174.859497 34.743889
v 11.227244 173.943481 35.743069
v 11.834193 174.522293 35.178753
v 11.582887 174.325516 35.367542
v 11.964156 173.906998 35.849792
v 12.044227 174.180740 35.557476
v 12.431398 174.279434 35.468224
v 12.342427 174.825500 34.873539
v 12.926243 174.753571 34.975376
v 12.709949 174.581497 35.152828
v 11.917321 173.519608 36.243694
v 13.330744 174.969406 34.729370
v 13.450646 174.843384 34.860329
v 13.687336 174.478806 35.242355
v 13.569416 174.687500 35.023163
v 14.006950 174.814621 34.875072
v 14.021488 174.996063 34.681145
v -12.247284 175.584808 34.196907
v -11.491961 177.200302 31.893713
v -11.922258 177.369385 31.661299
v -11.098554 176.948120 32.223877
v -10.363192 176.290390 33.102818
v -9.637898 175.389725 34.306145
v -10.043777 175.956421 33.564873
v -10.033341 174.634964 35.178852
v -9.784218 174.435699 35.367558
v -9.455591 174.097595 35.694405
v -9.396067 174.933640 34.783356
v -8.985362 173.698944 36.064980
v -9.159286 173.708313 36.078255
v -8.877898 173.268509 36.441799
v -10.908584 174.703278 35.152851
v -11.122994 174.877777 34.975197
v -10.538564 174.943512 34.873550
v -10.633162 174.398361 35.468227
v -10.247029 174.295670 35.557480
v -10.169784 174.021149 35.849796
v -11.886974 174.610687 35.242363
v -12.132542 173.939804 35.953655
v -11.525344 175.097595 34.729378
v -11.646539 174.972824 34.860340
v -11.766907 174.818161 35.023178
v -10.126946 173.633286 36.243698
v -14.138658 176.121307 32.981251
v -13.574271 176.775421 32.223858
v -13.219686 177.079788 31.893703
v -12.817027 177.306961 31.661304
v -12.375238 177.418411 31.593935
v -14.446996 175.700089 33.498161
v -14.802896 175.029816 34.306053
v -15.262593 172.823166 36.441799
v -15.230017 173.261612 36.063881
v -15.044418 173.297897 36.078293
v -14.962379 174.579285 34.743889
v -14.821822 173.674103 35.743069
v -14.307917 174.336914 35.178753
v -14.527090 174.104874 35.367542
v -14.087704 173.747864 35.849792
v -14.049322 174.030457 35.557476
v -13.681185 174.185760 35.468224
v -13.850546 174.712494 34.873539
v -13.262531 174.728363 34.975376
v -13.450763 174.525955 35.152828
v -14.076281 173.357819 36.243694
v -12.894712 175.002060 34.729370
v -12.757367 174.895325 34.860329
v -12.468988 174.570084 35.242355
v -12.616694 174.758881 35.023163
v -12.202990 174.949783 34.875072
v -12.215655 175.131363 34.681145
v -38.278721 171.798599 34.196907
v -37.772598 173.508621 31.893713
v -38.223289 173.611679 31.661299
v -37.346001 173.317902 32.223877
v -36.520824 172.777100 33.102818
v -35.669403 171.994598 34.306145
v -36.155209 172.494461 33.564873
v -35.947941 171.189316 35.178852
v -35.671909 171.029419 35.367558
v -35.296555 170.744049 35.694405
v -35.362297 171.579636 34.783356
v -34.772171 170.419937 36.064980
v -34.945549 170.403305 36.078255
v -34.601757 170.010330 36.441799
v -36.823593 171.126450 35.152851
v -37.061615 171.267044 34.975197
v -36.493507 171.419113 34.873550
v -36.505806 170.865967 35.468227
v -36.108681 170.821976 35.557480
v -35.991383 170.562012 35.849796
v -37.777256 170.889069 35.242363
v -37.920097 170.189072 35.953655
v -37.492229 171.424423 34.729378
v -37.593475 171.282990 34.860340
v -37.689449 171.112122 35.023178
v -35.891220 170.184891 36.243698
v -40.228928 172.047241 32.981251
v -39.768330 172.778152 32.223858
v -39.463066 173.131973 31.893703
v -39.098759 173.416595 31.661304
v -38.678516 173.592651 31.593935
v -40.471050 171.584763 33.498161
v -40.723080 170.868927 34.306053
v -40.848774 168.618423 36.441799
v -40.881908 169.056824 36.063881
v -40.703789 169.120377 36.078293
v -40.813637 170.399673 34.743889
v -40.539749 169.525543 35.743069
v -40.130363 170.257538 35.178753
v -40.312508 169.995438 35.367542
v -39.824818 169.707886 35.849792
v -39.828983 169.993057 35.557476
v -39.488102 170.201477 35.468224
v -39.734074 170.697067 34.873539
v -39.154995 170.800430 34.975376
v -39.310955 170.572235 35.152828
v -39.755394 169.323898 36.243694
v -38.832069 171.125885 34.729370
v -38.680347 171.040802 34.860329
v -38.346722 170.762177 35.242355
v -38.520916 170.926865 35.023163
v -38.140282 171.177277 34.875072
v -38.179867 171.354935 34.681145
v -63.455212 164.175079 34.196907
v -63.209591 165.941437 31.893713
v -63.670609 165.976181 31.661299
v -62.759335 165.816406 32.223877
v -61.862782 165.404633 33.102818
v -60.904247 164.757767 34.306145
v -61.459122 165.179657 33.564873
v -61.059666 163.919968 35.178852
v -60.762878 163.802979 35.367558
v -60.349190 163.576752 35.694405
v -60.538727 164.393204 34.783356
v -59.782356 163.334412 36.064980
v -59.951313 163.292114 36.078255
v -59.552795 162.954773 36.441799
v -61.916164 163.727280 35.152851
v -62.172478 163.830841 34.975197
v -61.633377 164.065903 34.873550
v -61.563103 163.517090 35.468227
v -61.163857 163.532776 35.557480
v -61.009125 163.293198 35.849796
v -62.823799 163.350433 35.242363
v -62.860718 162.636963 35.953655
v -62.621742 163.922287 34.729378
v -62.700775 163.767334 34.860340
v -62.770214 163.584076 35.023178
v -60.853874 162.935196 36.243698
v -65.420700 164.130280 32.981251
v -65.074173 164.921692 32.223858
v -64.825050 165.317047 31.893703
v -64.507233 165.652802 31.661304
v -64.117920 165.889511 31.593935
v -65.591187 163.636902 33.498161
v -65.733719 162.891495 34.306053
v -65.522606 160.647385 36.441799
v -65.620705 161.075958 36.063881
v -65.454048 161.165344 36.078293
v -65.753326 162.413971 34.743889
v -65.352226 161.590439 35.743069
v -65.056503 162.375259 35.178753
v -65.197556 162.088943 35.367542
v -64.672455 161.877289 35.849792
v -64.719078 162.158646 35.557476
v -64.413063 162.415543 35.468224
v -64.730148 162.868973 34.873539
v -64.172935 163.057449 34.975376
v -64.293152 162.808563 35.152828
v -64.546577 161.507935 36.243694
v -63.902122 163.427399 34.729370
v -63.739414 163.365875 34.860329
v -63.367992 163.140091 35.242355
v -63.564781 163.276962 35.023163
v -63.225719 163.581314 34.875072
v -63.291344 163.751099 34.681145
v -87.214386 152.884506 34.196907
v -87.234764 154.667740 31.893713
v -87.695808 154.633362 31.661299
v -86.770897 154.611206 32.223877
v -85.822990 154.337646 33.102818
v -84.778748 153.840851 34.306145
v -85.390305 154.175354 33.564873
v -84.807564 152.989258 35.178852
v -84.496666 152.917816 35.367558
v -84.053879 152.755753 35.694405
v -84.362984 153.534851 34.783356
v -83.457268 152.600616 36.064980
v -83.618027 152.533600 36.078255
v -83.173683 152.259415 36.441799
v -85.625786 152.671082 35.152851
v -85.894676 152.735275 34.975197
v -85.396622 153.048035 34.873550
v -85.245346 152.515854 35.468227
v -84.852898 152.590866 35.557480
v -84.664185 152.377029 35.849796
v -86.467125 152.163162 35.242363
v -86.397301 151.452164 35.953655
v -86.352547 152.758743 34.729378
v -86.407608 152.593750 34.860340
v -86.448959 152.402176 35.023178
v -84.457314 152.046158 36.243698
v -89.151245 152.547287 32.981251
v -88.926537 153.381485 32.223858
v -88.739120 153.809555 31.893703
v -88.474892 154.188934 31.661304
v -88.125206 154.481018 31.593935
v -89.246300 152.033997 33.498161
v -89.276154 151.275681 34.306053
v -88.732941 149.088089 36.441799
v -88.893822 149.497253 36.063881
v -88.742340 149.610474 36.078293
v -89.224373 150.800552 34.743889
v -88.705009 150.045990 35.743069
v -88.529556 150.866150 35.178753
v -88.626358 150.561981 35.367542
v -88.075584 150.430954 35.849792
v -88.163612 150.702225 35.557476
v -87.899307 151.001877 35.468224
v -88.280418 151.402954 34.873539
v -87.757523 151.672379 34.975376
v -87.839302 151.408356 35.152828
v -87.896057 150.084488 36.243694
v -87.544876 152.078568 34.729370
v -87.374817 152.041977 34.860329
v -86.973892 151.874069 35.242355
v -87.188881 151.980087 35.023163
v -86.898964 152.331573 34.875072
v -86.989159 152.489685 34.681145
v -109.025452 138.179092 34.196907
v -109.311356 139.939377 31.893713
v -109.762138 139.836685 31.661299
v -108.844254 139.952606 32.223877
v -107.866158 139.823380 33.102818
v -106.759537 139.487762 34.306145
v -107.414116 139.727371 33.564873
v -106.661118 138.641388 35.178852
v -106.343048 138.617081 35.367558
v -105.881050 138.522812 35.694405
v -106.302811 139.247131 34.783356
v -105.267975 138.458313 36.064980
v -105.416962 138.368088 36.078255
v -104.936714 138.163193 36.441799
v -107.422791 138.204819 35.152851
v -107.698235 138.228210 34.975197
v -107.252357 138.611725 34.873550
v -107.023453 138.108002 35.468227
v -106.646568 138.240677 35.557480
v -106.428093 138.057358 35.849796
v -108.179024 137.577194 35.242363
v -108.004021 136.884537 35.953655
v -108.154488 138.183197 34.729378
v -108.184349 138.011826 34.860340
v -108.196686 137.816238 35.023178
v -106.174225 137.761017 36.243698
v -110.890411 137.556976 32.981251
v -110.792542 138.415344 32.223858
v -110.671021 138.866577 31.893703
v -110.466278 139.281082 31.661304
v -110.164032 139.622040 31.593935
v -110.907913 137.035263 33.498161
v -110.824417 136.280960 34.306053
v -109.961250 134.198761 36.441799
v -110.181305 134.579391 36.063881
v -110.048393 134.713913 36.078293
v -110.702408 135.818878 34.743889
v -110.076385 135.150131 35.743069
v -110.025124 135.987259 35.178753
v -110.075523 135.672089 35.367542
v -109.511360 135.624603 35.849792
v -109.638840 135.879730 35.557476
v -109.422142 136.215408 35.468224
v -109.858772 136.555222 34.873539
v -109.381874 136.899567 34.975376
v -109.423393 136.626312 35.152828
v -109.282211 135.308762 36.243694
v -109.232132 137.332901 34.729370
v -109.058525 137.322067 34.860329
v -108.637047 137.215805 35.242355
v -108.865433 137.288574 35.023163
v -108.631142 137.679352 34.875072
v -108.743896 137.822250 34.681145
v -128.401382 120.387299 34.196907
v -128.946442 122.085312 31.893713
v -129.376877 121.916588 31.661299
v -128.486526 122.168007 32.223877
v -127.500084 122.185997 33.102818
v -126.355812 122.019051 34.306145
v -127.038788 122.158424 33.564873
v -126.132362 121.196793 35.178852
v -125.814209 121.220161 35.367558
v -125.343323 121.195808 35.694405
v -125.868317 121.849174 34.783356
v -124.727478 121.223396 36.064980
v -124.861351 121.111977 36.078255
v -124.355934 120.980942 36.441799
v -126.820450 120.651581 35.152851
v -127.096306 120.633675 34.975197
v -126.712570 121.079346 34.873550
v -126.411148 120.615379 35.468227
v -126.058243 120.802727 35.557480
v -125.814888 120.654007 35.849796
v -127.474701 119.918251 35.242363
v -127.198418 119.259422 35.953655
v -127.540756 120.521149 34.729378
v -127.544739 120.347252 34.860340
v -127.527794 120.152008 35.023178
v -125.519684 120.398819 36.243698
v -130.152802 119.494186 32.981251
v -130.183945 120.357559 32.223858
v -130.131027 120.821861 31.893703
v -129.990341 121.262245 31.661304
v -129.742294 121.644432 31.593935
v -130.092346 118.975685 33.498161
v -129.897369 118.242256 34.306053
v -128.733521 116.311951 36.441799
v -129.007843 116.655525 36.063881
v -128.896469 116.808357 36.078293
v -129.707855 117.803513 34.743889
v -128.989151 117.235542 35.743069
v -129.063232 118.070961 35.178753
v -129.066086 117.751801 35.367542
v -128.501160 117.788918 35.849792
v -128.665237 118.022194 35.557476
v -128.500977 118.386429 35.468224
v -128.983383 118.657364 34.873539
v -128.563126 119.068939 34.975376
v -128.563461 118.792542 35.152828
v -128.227493 117.510750 36.243694
v -128.479645 119.519753 34.729370
v -128.306351 119.534912 34.860329
v -127.873749 119.492638 35.242355
v -128.110443 119.530571 35.023163
v -127.936996 119.951904 34.875072
v -128.069778 120.076401 34.681145
v -144.909256 99.906532 34.196907
v -145.701279 101.504349 31.893713
v -146.101761 101.273369 31.661299
v -145.258835 101.654678 32.223877
v -144.286102 101.819466 33.102818
v -143.129715 101.824928 34.306145
v -143.825836 101.860962 33.564873
v -142.786209 101.045151 35.178852
v -142.475082 101.115669 35.367558
v -142.005844 101.161774 35.694405
v -142.622360 101.729599 34.783356
v -141.401001 101.280830 36.064980
v -141.516769 101.150703 36.078255
v -140.997467 101.096466 36.441799
v -143.385361 100.403481 35.152851
v -143.655472 100.344658 34.975197
v -143.342438 100.842545 34.873550
v -142.975250 100.428688 35.468227
v -142.654190 100.666534 35.557480
v -142.391403 100.555740 35.849796
v -143.923019 99.580841 35.242363
v -143.551636 98.970535 35.953655
v -144.078201 100.167160 34.729378
v -144.056213 99.994606 34.860340
v -144.010345 99.804070 35.023178
v -142.061462 100.347404 36.243698
v -146.508011 98.762375 32.981251
v -146.667480 99.611473 32.223858
v -146.684341 100.078468 31.893703
v -146.610886 100.534912 31.661304
v -146.422546 100.949799 31.593935
v -146.370956 98.258675 33.498161
v -146.068848 97.562500 34.306053
v -144.630310 95.827217 36.441799
v -144.952789 96.126060 36.063881
v -144.865417 96.293785 36.078293
v -145.816055 97.156898 34.743889
v -145.020737 96.702385 35.743069
v -145.218491 97.517433 35.178753
v -145.173752 97.201401 35.367542
v -144.620667 97.322304 35.849792
v -144.817673 97.528526 35.557476
v -144.709549 97.913162 35.468224
v -145.226929 98.109184 34.873539
v -144.872726 98.578796 34.975376
v -144.831848 98.305435 35.152828
v -144.308609 97.088036 36.243694
v -144.857346 99.037018 34.729370
v -144.688248 99.077835 34.860329
v -144.254181 99.100502 35.242355
v -144.493866 99.102745 35.023163
v -144.385162 99.545212 34.875072
v -144.535034 99.648529 34.681145
v -158.180481 77.194221 34.196907
v -159.201813 78.656151 31.893713
v -159.563400 78.368057 31.661299
v -158.786682 78.870735 32.223877
v -157.849380 79.178658 33.102818
v -156.706741 79.356392 34.306145
v -157.400452 79.288277 33.564873
v -156.250854 78.636528 35.178852
v -155.953720 78.752632 35.367558
v -155.496582 78.868141 35.694405
v -156.190826 79.337753 34.783356
v -154.916214 79.076027 36.064980
v -155.011307 78.930099 36.078255
v -154.489731 78.953850 36.441799
v -156.747681 77.912735 35.152851
v -157.006012 77.814308 34.975197
v -156.770676 78.353287 34.873550
v -156.345886 77.998772 35.468227
v -156.063873 78.281815 35.557480
v -155.787506 78.211426 35.849796
v -157.156723 77.019142 35.242363
v -156.698532 76.471008 35.953655
v -157.397537 77.575790 34.729378
v -157.350098 77.408440 34.860340
v -157.276352 77.226868 35.023178
v -155.430206 78.054581 36.243698
v -159.590866 75.824562 32.981251
v -159.875107 76.640411 32.223858
v -159.961395 77.099678 31.893703
v -159.956757 77.561974 31.661304
v -159.832367 78.000290 31.593935
v -159.380264 75.346924 33.498161
v -158.977768 74.703545 34.306053
v -157.296692 73.202019 36.441799
v -157.660110 73.449478 36.063881
v -157.598709 73.628342 36.078293
v -158.667358 74.340141 34.743889
v -157.813202 74.009232 35.743069
v -158.130219 74.785706 35.178753
v -158.038879 74.479881 35.367542
v -157.509979 74.681854 35.849792
v -157.735519 74.856415 35.557476
v -157.685928 75.252876 35.468224
v -158.226761 75.369598 34.873539
v -157.946472 75.886757 34.975376
v -157.865326 75.622543 35.152828
v -157.166489 74.496712 36.243694
v -157.999573 76.342140 34.729370
v -157.838440 76.407715 34.860329
v -157.412598 76.494820 35.242355
v -157.649963 76.461311 35.023163
v -157.608398 76.915039 34.875072
v -157.771988 76.994865 34.681145
v -167.918549 52.757748 34.196907
v -169.146332 54.051144 31.893713
v -169.460953 53.712376 31.661299
v -168.767853 54.325195 32.223877
v -167.886902 54.769379 33.102818
v -166.783493 55.115417 34.306145
v -167.459320 54.944675 33.564873
v -166.225418 54.471535 35.178852
v -165.948914 54.630623 35.367558
v -165.514084 54.812973 35.694405
v -166.270569 55.173870 34.783356
v -164.971207 55.105026 36.064980
v -165.043472 54.946556 36.078255
v -164.531250 55.047779 36.441799
v -166.608826 53.681774 35.152851
v -166.849609 53.545956 34.975197
v -166.697220 54.113983 34.873550
v -166.224350 53.826733 35.468227
v -165.987671 54.148647 35.557480
v -165.703888 54.120235 35.849796
v -166.880142 52.737206 35.242363
v -166.345367 52.263477 35.953655
v -167.201233 53.251743 34.729378
v -167.129364 53.093334 34.860340
v -167.029373 52.924778 35.023178
v -165.327209 54.018391 36.243698
v -169.109055 51.193195 32.981251
v -169.511703 51.957565 32.223858
v -169.665466 52.398849 31.893703
v -169.729797 52.856670 31.661304
v -169.672104 53.308632 31.593935
v -168.829620 50.752270 33.498161
v -168.335739 50.176060 34.306053
v -166.449646 48.941849 36.441799
v -166.845886 49.132381 36.063881
v -166.811844 49.318401 36.078293
v -167.974640 49.862980 34.743889
v -167.080704 49.663071 35.743069
v -167.509888 50.383629 35.178753
v -167.373993 50.094830 35.367542
v -166.881104 50.373375 35.849792
v -167.130142 50.512363 35.557476
v -167.140182 50.911793 35.468224
v -167.692368 50.946602 34.873539
v -167.492294 51.499760 34.975376
v -167.372665 51.250591 35.152828
v -166.513855 50.241486 36.243694
v -167.612671 51.942154 34.729370
v -167.463120 52.031002 34.860329
v -167.055023 52.180603 35.242355
v -167.284714 52.112091 35.023163
v -167.311249 52.566944 34.875072
v -167.484909 52.621502 34.681145
v -173.905960 27.142729 34.196907
v -175.312805 28.238691 31.893713
v -175.573410 27.856823 31.661299
v -174.979385 28.566095 32.223877
v -174.174469 29.136608 33.102818
v -173.134964 29.643230 34.306145
v -173.777786 29.373674 33.564873
v -172.487152 29.089708 35.178852
v -172.237442 29.288231 35.367558
v -171.834671 29.533352 35.694405
v -172.636490 29.777475 34.783356
v -171.341354 29.903053 36.064980
v -171.389206 29.735579 36.078255
v -170.897797 29.912012 36.441799
v -172.748581 28.251633 35.152851
v -172.966431 28.081442 34.975197
v -172.900406 28.665836 34.873550
v -172.389999 28.452272 35.468227
v -172.203949 28.805861 35.557480
v -171.919113 28.820061 35.849796
v -172.876083 27.277176 35.242363
v -172.276688 26.888437 35.953655
v -173.270279 27.738111 34.729378
v -173.175613 27.592182 34.860340
v -173.051620 27.440411 35.023178
v -171.531448 28.775492 36.243698
v -174.850006 25.418222 32.981251
v -175.362076 26.114044 32.223858
v -175.579880 26.527485 31.893703
v -175.711716 26.970606 31.661304
v -175.722046 27.426119 31.593935
v -174.507980 25.023861 33.498161
v -173.933731 24.527695 34.306053
v -171.884781 23.588364 36.441799
v -172.304962 23.717716 36.063881
v -172.299026 23.906734 36.078293
v -173.530014 24.271933 34.743889
v -172.616257 24.207481 35.743069
v -173.148041 24.856028 35.178753
v -172.970612 24.590706 35.367542
v -172.524765 24.939600 35.849792
v -172.791733 25.039921 35.557476
v -172.861176 25.433393 35.468224
v -173.412384 25.385519 34.873539
v -173.296997 25.962318 34.975376
v -173.141571 25.733759 35.152828
v -172.141953 24.863918 36.243694
v -173.481949 26.381830 34.729370
v -173.347305 26.491970 34.860329
v -172.966064 26.700727 35.242355
v -173.182983 26.598747 35.023163
v -173.277008 27.044565 34.875072
v -173.456863 27.072634 34.681145
v -168.445816 -51.049263 34.196907
v -170.188980 -50.672745 31.893713
v -170.257950 -51.129894 31.661299
v -170.030762 -50.233055 32.223877
v -169.553345 -49.369663 33.102818
v -168.836853 -48.461979 34.306145
v -169.298920 -48.983883 33.564873
v -168.012985 -48.679371 35.178852
v -167.874207 -48.392124 35.367558
v -167.617783 -47.996437 35.694405
v -168.446075 -48.124630 34.783356
v -167.333893 -47.449230 36.064980
v -167.304306 -47.620872 36.078255
v -166.938202 -47.248589 36.441799
v -167.884628 -49.547840 35.152851
v -168.006989 -49.795734 34.975197
v -168.201233 -49.240623 34.873550
v -167.648712 -49.211422 35.468227
v -167.634613 -48.812119 35.557480
v -167.384186 -48.675659 35.849796
v -167.576447 -50.481030 35.242363
v -166.867706 -50.570995 35.953655
v -168.131653 -50.236935 34.729378
v -167.983017 -50.327293 34.860340
v -167.805435 -50.410191 35.023178
v -167.015610 -48.547508 36.243698
v -168.547562 -53.012623 32.981251
v -169.310959 -52.608109 32.223858
v -169.686661 -52.330227 31.893703
v -169.997787 -51.988281 31.661304
v -170.204865 -51.582420 31.593935
v -168.068237 -53.219391 33.498161
v -167.335526 -53.417053 34.306053
v -165.081924 -53.373692 36.441799
v -165.516617 -53.439598 36.063881
v -165.593338 -53.266743 36.078293
v -166.860809 -53.472179 34.743889
v -166.009674 -53.133533 35.743069
v -166.770294 -52.780174 35.178753
v -166.495270 -52.942158 35.367542
v -166.245087 -52.434284 35.849792
v -166.529144 -52.459816 35.557476
v -166.762543 -52.135517 35.468224
v -167.238312 -52.417946 34.873539
v -167.384766 -51.848244 34.975376
v -167.145523 -51.986660 35.152828
v -165.867386 -52.336269 36.243694
v -167.733505 -51.550625 34.729370
v -167.660034 -51.392956 34.860329
v -167.407227 -51.039379 35.242355
v -167.558365 -51.225426 35.023163
v -167.836624 -50.864635 34.875072
v -168.010818 -50.917427 34.681145
vn -0.7140 -0.2495 0.6542
vn -0.6961 -0.2352 0.6783
vn -0.7108 -0.2384 0.6618
vn -0.6992 -0.4224 0.5768
vn -0.6912 -0.4257 0.5839
vn -0.7047 -0.3353 0.6253
vn -0.6824 -0.1706 0.7108
vn -0.6955 -0.1749 0.6970
vn -0.6563 -0.1586 0.7377
vn -0.7317 -0.2495 0.6344
vn -0.7656 -0.2672 0.5852
vn -0.5372 -0.4089 0.7377
vn -0.5748 -0.4291 0.6968
vn -0.5631 -0.4223 0.7103
vn -0.6205 -0.3897 0.6805
vn -0.6201 -0.3935 0.6787
vn -0.6197 -0.3595 0.6977
vn -0.7118 -0.1890 0.6765
vn -0.7146 -0.2194 0.6642
vn -0.7111 -0.1926 0.6762
vn -0.6585 -0.3131 0.6844
vn -0.6746 -0.2779 0.6839
vn -0.7014 -0.2573 0.6647
vn -0.6413 -0.3479 0.6839
vn -0.7149 -0.2097 0.6670
vn -0.6332 -0.4015 0.6617
vn -0.6218 -0.3915 0.6783
vn -0.6939 -0.2353 0.6805
vn -0.6643 -0.2582 0.7014
vn -0.6700 -0.2538 0.6976
vn -0.6441 -0.3963 0.6543
vn -0.6420 -0.3817 0.6650
vn -0.5979 -0.4351 0.6732
vn -0.5955 -0.4376 0.6737
vn -0.6555 -0.4104 0.6340
vn -0.6217 -0.4178 0.6625
vn -0.6136 -0.4262 0.6647
vn -0.7350 -0.3495 0.5811
vn -0.6986 -0.4199 0.5793
vn -0.7692 -0.2758 0.5765
vn -0.6195 -0.3523 0.7015
vn -0.6966 -0.2326 0.6787
vn -0.7667 -0.2768 0.5792
vn -0.6413 -0.3478 0.6839
vn -0.6688 -0.3531 0.6542
vn -0.6533 -0.3363 0.6783
vn -0.6673 -0.3417 0.6617
vn -0.6284 -0.5219 0.5768
vn -0.6200 -0.5240 0.5839
vn -0.6468 -0.4365 0.6253
vn -0.6494 -0.2702 0.7108
vn -0.6617 -0.2765 0.6969
vn -0.6254 -0.2544 0.7377
vn -0.6863 -0.3558 0.6344
vn -0.7173 -0.3783 0.5852
vn -0.4703 -0.4844 0.7377
vn -0.5044 -0.5100 0.6968
vn -0.4938 -0.5016 0.7103
vn -0.5555 -0.4778 0.6805
vn -0.5545 -0.4815 0.6787
vn -0.5592 -0.4478 0.6977
vn -0.6757 -0.2929 0.6765
vn -0.6739 -0.3235 0.6642
vn -0.6744 -0.2965 0.6762
vn -0.6044 -0.4077 0.6844
vn -0.6257 -0.3754 0.6839
vn -0.6552 -0.3589 0.6647
vn -0.6044 -0.4078 0.6844
vn -0.5823 -0.4396 0.6839
vn -0.5823 -0.4395 0.6839
vn -0.6757 -0.3139 0.6670
vn -0.5663 -0.4914 0.6617
vn -0.5565 -0.4798 0.6783
vn -0.6511 -0.3361 0.6805
vn -0.6184 -0.3542 0.7015
vn -0.6247 -0.3508 0.6977
vn -0.5779 -0.4879 0.6543
vn -0.5779 -0.4731 0.6650
vn -0.5263 -0.5194 0.6732
vn -0.5236 -0.5215 0.6737
vn -0.5870 -0.5035 0.6340
vn -0.5524 -0.5058 0.6625
vn -0.5432 -0.5129 0.6647
vn -0.6256 -0.3753 0.6839
vn -0.6747 -0.4551 0.5810
vn -0.6282 -0.5193 0.5793
vn -0.6283 -0.5193 0.5793
vn -0.7195 -0.3874 0.5765
vn -0.5601 -0.4407 0.7015
vn -0.6542 -0.3338 0.6787
vn -0.7169 -0.3880 0.5792
vn -0.6256 -0.3754 0.6839
vn -0.6088 -0.4488 0.6542
vn -0.5959 -0.4299 0.6783
vn -0.6090 -0.4374 0.6617
vn -0.5436 -0.6097 0.5768
vn -0.5350 -0.6106 0.5839
vn -0.5744 -0.5280 0.6255
vn -0.6021 -0.3637 0.7107
vn -0.6131 -0.3721 0.6969
vn -0.5805 -0.3449 0.7376
vn -0.6256 -0.4541 0.6343
vn -0.6529 -0.4810 0.5852
vn -0.3928 -0.5491 0.7377
vn -0.4227 -0.5795 0.6968
vn -0.4136 -0.5696 0.7103
vn -0.4781 -0.5553 0.6805
vn -0.4766 -0.5588 0.6786
vn -0.4862 -0.5262 0.6977
vn -0.6245 -0.3904 0.6765
vn -0.6182 -0.4203 0.6642
vn -0.6227 -0.3936 0.6762
vn -0.5369 -0.4933 0.6844
vn -0.5627 -0.4644 0.6839
vn -0.5944 -0.4526 0.6647
vn -0.5103 -0.5214 0.6839
vn -0.5104 -0.5214 0.6839
vn -0.6214 -0.4110 0.6671
vn -0.4867 -0.5703 0.6617
vn -0.4788 -0.5574 0.6783
vn -0.5938 -0.4294 0.6805
vn -0.5588 -0.4424 0.7015
vn -0.5655 -0.4399 0.6977
vn -0.4987 -0.5686 0.6542
vn -0.5009 -0.5539 0.6650
vn -0.4430 -0.5921 0.6732
vn -0.4400 -0.5937 0.6737
vn -0.5054 -0.5854 0.6340
vn -0.4709 -0.5825 0.6625
vn -0.4607 -0.5882 0.6647
vn -0.5993 -0.5506 0.5810
vn -0.5438 -0.6072 0.5793
vn -0.6537 -0.4903 0.5764
vn -0.4881 -0.5192 0.7015
vn -0.5971 -0.4276 0.6786
vn -0.6511 -0.4906 0.5792
vn -0.5351 -0.5346 0.6542
vn -0.5252 -0.5139 0.6783
vn -0.5370 -0.5232 0.6617
vn -0.4467 -0.6839 0.5768
vn -0.4380 -0.6835 0.5839
vn -0.4894 -0.6078 0.6254
vn -0.5409 -0.4496 0.7108
vn -0.5508 -0.4592 0.6969
vn -0.5226 -0.4275 0.7377
vn -0.5509 -0.5423 0.6344
vn -0.5739 -0.5729 0.5852
vn -0.3066 -0.6016 0.7376
vn -0.3317 -0.6361 0.6967
vn -0.3239 -0.6252 0.7101
vn -0.3900 -0.6203 0.6805
vn -0.3880 -0.6236 0.6787
vn -0.4024 -0.5928 0.6976
vn -0.5593 -0.4790 0.6765
vn -0.5487 -0.5077 0.6643
vn -0.5571 -0.4820 0.6762
vn -0.4574 -0.5678 0.6844
vn -0.4872 -0.5431 0.6839
vn -0.5203 -0.5361 0.6647
vn -0.4269 -0.5916 0.6839
vn -0.5532 -0.4991 0.6670
vn -0.3963 -0.6365 0.6617
vn -0.3904 -0.6225 0.6783
vn -0.5231 -0.5131 0.6805
vn -0.4865 -0.5208 0.7015
vn -0.4935 -0.5193 0.6977
vn -0.4084 -0.6365 0.6542
vn -0.4128 -0.6224 0.6650
vn -0.3500 -0.6511 0.6734
vn -0.3466 -0.6526 0.6737
vn -0.4125 -0.6542 0.6340
vn -0.3788 -0.6462 0.6625
vn -0.3679 -0.6503 0.6647
vn -0.5106 -0.6338 0.5811
vn -0.4473 -0.6814 0.5793
vn -0.4472 -0.6815 0.5793
vn -0.5733 -0.5822 0.5764
vn -0.4053 -0.5862 0.7015
vn -0.5267 -0.5118 0.6787
vn -0.5707 -0.5821 0.5792
vn -0.4494 -0.6083 0.6542
vn -0.4427 -0.5864 0.6783
vn -0.4530 -0.5974 0.6618
vn -0.3398 -0.7429 0.5768
vn -0.3313 -0.7411 0.5839
vn -0.3935 -0.6741 0.6252
vn -0.4681 -0.5250 0.7108
vn -0.4762 -0.5362 0.6969
vn -0.4530 -0.5006 0.7377
vn -0.4640 -0.6183 0.6343
vn -0.4821 -0.6520 0.5852
vn -0.2135 -0.6405 0.7377
vn -0.2331 -0.6784 0.6967
vn -0.2273 -0.6662 0.7103
vn -0.2932 -0.6715 0.6805
vn -0.2907 -0.6745 0.6787
vn -0.3096 -0.6461 0.6976
vn -0.4816 -0.5571 0.6765
vn -0.4669 -0.5838 0.6642
vn -0.4791 -0.5597 0.6762
vn -0.3677 -0.6296 0.6844
vn -0.4009 -0.6096 0.6839
vn -0.4346 -0.6077 0.6647
vn -0.3340 -0.6487 0.6839
vn -0.4726 -0.5759 0.6670
vn -0.2970 -0.6884 0.6617
vn -0.2933 -0.6737 0.6783
vn -0.4408 -0.5853 0.6806
vn -0.4035 -0.5875 0.7015
vn -0.4106 -0.5871 0.6977
vn -0.3090 -0.6903 0.6543
vn -0.3154 -0.6770 0.6650
vn -0.2491 -0.6961 0.6734
vn -0.2455 -0.6970 0.6737
vn -0.3104 -0.7083 0.6340
vn -0.2783 -0.6954 0.6625
vn -0.2669 -0.6978 0.6647
vn -0.4104 -0.7028 0.5811
vn -0.3407 -0.7405 0.5793
vn -0.4801 -0.6612 0.5765
vn -0.3135 -0.6401 0.7014
vn -0.4446 -0.5846 0.6787
vn -0.4776 -0.6606 0.5792
vn -0.4776 -0.6607 0.5792
vn -0.3537 -0.6685 0.6542
vn -0.3503 -0.6459 0.6783
vn -0.3589 -0.6583 0.6617
vn -0.2253 -0.7852 0.5768
vn -0.2171 -0.7822 0.5839
vn -0.2886 -0.7252 0.6252
vn -0.3842 -0.5892 0.7108
vn -0.3910 -0.6012 0.6969
vn -0.3733 -0.5626 0.7377
vn -0.3666 -0.6806 0.6343
vn -0.3795 -0.7166 0.5852
vn -0.1156 -0.6652 0.7377
vn -0.1294 -0.7056 0.6967
vn -0.1252 -0.6929 0.7101
vn -0.1898 -0.7077 0.6806
vn -0.1869 -0.7102 0.6787
vn -0.2098 -0.6851 0.6976
vn -0.3932 -0.6227 0.6765
vn -0.3746 -0.6469 0.6642
vn -0.3903 -0.6248 0.6762
vn -0.2697 -0.6774 0.6844
vn -0.3055 -0.6625 0.6839
vn -0.3392 -0.6657 0.6647
vn -0.2336 -0.6912 0.6838
vn -0.2336 -0.6912 0.6839
vn -0.3815 -0.6399 0.6670
vn -0.1911 -0.7250 0.6617
vn -0.1896 -0.7099 0.6783
vn -0.3487 -0.6444 0.6805
vn -0.3114 -0.6411 0.7015
vn -0.3186 -0.6417 0.6976
vn -0.2026 -0.7286 0.6543
vn -0.2110 -0.7164 0.6650
vn -0.1423 -0.7257 0.6732
vn -0.1389 -0.7258 0.6737
vn -0.2014 -0.7467 0.6340
vn -0.1715 -0.7291 0.6625
vn -0.1599 -0.7298 0.6647
vn -0.2698 -0.6774 0.6844
vn -0.3055 -0.6626 0.6839
vn -0.3011 -0.7561 0.5811
vn -0.2265 -0.7830 0.5793
vn -0.2266 -0.7830 0.5793
vn -0.3762 -0.7254 0.5764
vn -0.2145 -0.6797 0.7014
vn -0.3526 -0.6443 0.6786
vn -0.3738 -0.7245 0.5792
vn -0.2502 -0.7137 0.6542
vn -0.2502 -0.6909 0.6783
vn -0.2568 -0.7044 0.6617
vn -0.1057 -0.8100 0.5768
vn -0.0981 -0.8058 0.5840
vn -0.1773 -0.7600 0.6252
vn -0.2921 -0.6399 0.7108
vn -0.2970 -0.6528 0.6969
vn -0.2853 -0.6119 0.7377
vn -0.2611 -0.7276 0.6343
vn -0.2685 -0.7652 0.5852
vn -0.0152 -0.6750 0.7377
vn -0.0228 -0.7169 0.6968
vn -0.0209 -0.7035 0.7104
vn -0.0822 -0.7281 0.6805
vn -0.0790 -0.7302 0.6787
vn -0.1054 -0.7086 0.6976
vn -0.2961 -0.6743 0.6765
vn -0.2740 -0.6955 0.6642
vn -0.2928 -0.6760 0.6762
vn -0.1658 -0.7100 0.6844
vn -0.2034 -0.7007 0.6839
vn -0.2362 -0.7088 0.6647
vn -0.1279 -0.7183 0.6839
vn -0.1280 -0.7183 0.6839
vn -0.2819 -0.6896 0.6670
vn -0.0809 -0.7454 0.6617
vn -0.0817 -0.7302 0.6783
vn -0.2487 -0.6892 0.6805
vn -0.2124 -0.6803 0.7015
vn -0.2194 -0.6820 0.6977
vn -0.0918 -0.7507 0.6542
vn -0.1019 -0.7399 0.6650
vn -0.0329 -0.7385 0.6734
vn -0.0292 -0.7384 0.6737
vn -0.0878 -0.7684 0.6340
vn -0.0610 -0.7465 0.6625
vn -0.0494 -0.7455 0.6647
vn -0.1850 -0.7925 0.5811
vn -0.1073 -0.8080 0.5793
vn -0.2639 -0.7733 0.5765
vn -0.1109 -0.7040 0.7015
vn -0.2525 -0.6897 0.6786
vn -0.2617 -0.7721 0.5792
vn -0.2616 -0.7721 0.5792
vn -0.1410 -0.7431 0.6542
vn -0.1444 -0.7205 0.6783
vn -0.1490 -0.7348 0.6618
vn 0.0162 -0.8167 0.5768
vn 0.0231 -0.8115 0.5840
vn -0.0621 -0.7780 0.6252
vn -0.1937 -0.6763 0.7107
vn -0.1964 -0.6898 0.6969
vn -0.1909 -0.6476 0.7376
vn -0.1497 -0.7584 0.6343
vn -0.1515 -0.7966 0.5852
vn 0.0856 -0.6697 0.7376
vn 0.0844 -0.7124 0.6967
vn 0.0846 -0.6990 0.7101
vn 0.0272 -0.7322 0.6805
vn 0.0307 -0.7338 0.6787
vn 0.0014 -0.7164 0.6977
vn -0.1923 -0.7109 0.6765
vn -0.1673 -0.7285 0.6642
vn -0.1888 -0.7121 0.6762
vn -0.0581 -0.7268 0.6844
vn -0.0967 -0.7232 0.6839
vn -0.1279 -0.7361 0.6647
vn -0.0195 -0.7294 0.6838
vn -0.0195 -0.7293 0.6839
vn -0.1759 -0.7240 0.6670
vn 0.0311 -0.7492 0.6617
vn 0.0281 -0.7342 0.6783
vn -0.1432 -0.7186 0.6805
vn -0.1087 -0.7044 0.7014
vn -0.1153 -0.7071 0.6976
vn 0.0211 -0.7560 0.6542
vn 0.0095 -0.7468 0.6650
vn 0.0779 -0.7354 0.6732
vn 0.0812 -0.7345 0.6737
vn 0.0277 -0.7729 0.6340
vn 0.0510 -0.7473 0.6625
vn 0.0623 -0.7445 0.6647
vn -0.0649 -0.8113 0.5811
vn 0.0143 -0.8150 0.5793
vn -0.1457 -0.8040 0.5765
vn -0.0047 -0.7127 0.7015
vn -0.1470 -0.7196 0.6787
vn -0.1436 -0.8024 0.5792
vn -0.0287 -0.7558 0.6542
vn -0.0354 -0.7339 0.6783
vn -0.0378 -0.7488 0.6617
vn 0.1377 -0.8052 0.5768
vn 0.1437 -0.7990 0.5839
vn 0.0546 -0.7784 0.6253
vn -0.0911 -0.6975 0.7107
vn -0.0915 -0.7113 0.6969
vn -0.0923 -0.6689 0.7376
vn -0.0351 -0.7722 0.6344
vn -0.0311 -0.8103 0.5852
vn 0.1844 -0.6495 0.7377
vn 0.1896 -0.6918 0.6967
vn 0.1874 -0.6785 0.7103
vn 0.1360 -0.7200 0.6805
vn 0.1397 -0.7210 0.6787
vn 0.1081 -0.7082 0.6977
vn -0.0842 -0.7316 0.6765
vn -0.0569 -0.7454 0.6642
vn -0.0806 -0.7323 0.6762
vn 0.0509 -0.7273 0.6844
vn 0.0122 -0.7295 0.6839
vn -0.0168 -0.7469 0.6647
vn 0.0894 -0.7241 0.6839
vn -0.0661 -0.7421 0.6670
vn 0.1424 -0.7361 0.6617
vn 0.1372 -0.7219 0.6783
vn -0.0346 -0.7319 0.6806
vn -0.0025 -0.7127 0.7014
vn -0.0086 -0.7164 0.6976
vn 0.1335 -0.7444 0.6543
vn 0.1207 -0.7370 0.6650
vn 0.1867 -0.7156 0.6732
vn 0.1898 -0.7142 0.6737
vn 0.1425 -0.7601 0.6340
vn 0.1618 -0.7313 0.6625
vn 0.1726 -0.7269 0.6647
vn 0.0568 -0.8119 0.5811
vn 0.1356 -0.8038 0.5793
vn 0.1356 -0.8037 0.5793
vn -0.0243 -0.8168 0.5764
vn 0.1015 -0.7054 0.7015
vn -0.0381 -0.7334 0.6787
vn -0.0225 -0.8149 0.5792
vn -0.0224 -0.8149 0.5792
vn 0.0843 -0.7516 0.6542
vn 0.0743 -0.7310 0.6783
vn 0.0742 -0.7460 0.6617
vn 0.2562 -0.7757 0.5768
vn 0.2612 -0.7686 0.5839
vn 0.1700 -0.7616 0.6253
vn 0.0140 -0.7033 0.7108
vn 0.0157 -0.7170 0.6969
vn 0.0085 -0.6751 0.7377
vn 0.0804 -0.7688 0.6344
vn 0.0900 -0.8059 0.5852
vn 0.2791 -0.6148 0.7377
vn 0.2905 -0.6559 0.6968
vn 0.2863 -0.6429 0.7104
vn 0.2418 -0.6917 0.6805
vn 0.2456 -0.6921 0.6787
vn 0.2125 -0.6842 0.6976
vn 0.0257 -0.7360 0.6765
vn 0.0548 -0.7455 0.6642
vn 0.0295 -0.7361 0.6762
vn 0.1587 -0.7116 0.6844
vn 0.1208 -0.7195 0.6839
vn 0.0947 -0.7411 0.6647
vn 0.1964 -0.7027 0.6839
vn 0.1963 -0.7027 0.6839
vn 0.0453 -0.7437 0.6670
vn 0.2505 -0.7067 0.6617
vn 0.2432 -0.6933 0.6783
vn 0.0749 -0.7289 0.6806
vn 0.1037 -0.7052 0.7014
vn 0.0982 -0.7097 0.6976
vn 0.2430 -0.7162 0.6542
vn 0.2292 -0.7108 0.6650
vn 0.2908 -0.6797 0.6734
vn 0.2941 -0.6779 0.6737
vn 0.2542 -0.7304 0.6340
vn 0.2690 -0.6991 0.6625
vn 0.2790 -0.6931 0.6647
vn 0.1771 -0.7943 0.5811
vn 0.2539 -0.7746 0.5793
vn 0.0977 -0.8113 0.5764
vn 0.2056 -0.6824 0.7014
vn 0.0717 -0.7309 0.6787
vn 0.0993 -0.8091 0.5792
vn 0.1964 -0.7027 0.6838
vn 0.1954 -0.7306 0.6542
vn 0.1825 -0.7118 0.6783
vn 0.1846 -0.7267 0.6617
vn 0.3689 -0.7288 0.5768
vn 0.3728 -0.7211 0.5839
vn 0.2816 -0.7279 0.6252
vn 0.1186 -0.6933 0.7108
vn 0.1223 -0.7067 0.6969
vn 0.1090 -0.6663 0.7377
vn 0.1941 -0.7483 0.6343
vn 0.2091 -0.7835 0.5852
vn 0.3677 -0.5662 0.7377
vn 0.3850 -0.6052 0.6968
vn 0.3792 -0.5931 0.7103
vn 0.3422 -0.6479 0.6805
vn 0.3460 -0.6478 0.6787
vn 0.3121 -0.6449 0.6977
vn 0.1352 -0.7239 0.6765
vn 0.1653 -0.7290 0.6642
vn 0.1389 -0.7235 0.6762
vn 0.2630 -0.6800 0.6844
vn 0.2267 -0.6935 0.6839
vn 0.2041 -0.7187 0.6647
vn 0.2630 -0.6801 0.6844
vn 0.2989 -0.6656 0.6839
vn 0.1556 -0.7286 0.6671
vn 0.3530 -0.6615 0.6617
vn 0.3438 -0.6494 0.6783
vn 0.1827 -0.7096 0.6805
vn 0.2077 -0.6818 0.7014
vn 0.2029 -0.6871 0.6976
vn 0.3470 -0.6720 0.6543
vn 0.3326 -0.6687 0.6650
vn 0.3893 -0.6287 0.6732
vn 0.3918 -0.6266 0.6737
vn 0.3603 -0.6843 0.6340
vn 0.3702 -0.6512 0.6625
vn 0.3792 -0.6438 0.6647
vn 0.2935 -0.7591 0.5811
vn 0.3665 -0.7281 0.5793
vn 0.2175 -0.7877 0.5765
vn 0.3050 -0.6441 0.7015
vn 0.1798 -0.7121 0.6787
vn 0.2187 -0.7853 0.5792
vn 0.3020 -0.6933 0.6543
vn 0.2865 -0.6766 0.6783
vn 0.2908 -0.6910 0.6617
vn 0.4734 -0.6657 0.5768
vn 0.4761 -0.6575 0.5839
vn 0.3870 -0.6778 0.6252
vn 0.2205 -0.6680 0.7107
vn 0.2262 -0.6806 0.6969
vn 0.2070 -0.6427 0.7376
vn 0.3035 -0.7110 0.6343
vn 0.3236 -0.7436 0.5852
vn 0.4479 -0.5052 0.7377
vn 0.4709 -0.5411 0.6968
vn 0.4636 -0.5299 0.7101
vn 0.4349 -0.5897 0.6805
vn 0.4387 -0.5890 0.6787
vn 0.4047 -0.5912 0.6977
vn 0.2416 -0.6957 0.6765
vn 0.2721 -0.6962 0.6643
vn 0.2452 -0.6947 0.6762
vn 0.3614 -0.6333 0.6844
vn 0.3275 -0.6520 0.6839
vn 0.3090 -0.6802 0.6647
vn 0.3948 -0.6136 0.6838
vn 0.3947 -0.6136 0.6839
vn 0.2624 -0.6973 0.6670
vn 0.4477 -0.6015 0.6617
vn 0.4368 -0.5908 0.6783
vn 0.2864 -0.6744 0.6805
vn 0.3070 -0.6432 0.7015
vn 0.3030 -0.6492 0.6977
vn 0.4433 -0.6128 0.6542
vn 0.4285 -0.6117 0.6650
vn 0.4782 -0.5638 0.6734
vn 0.4809 -0.5611 0.6737
vn 0.4582 -0.6230 0.6340
vn 0.4631 -0.5887 0.6625
vn 0.4709 -0.5801 0.6647
vn 0.3614 -0.6332 0.6844
vn 0.3275 -0.6519 0.6839
vn 0.4034 -0.7068 0.5811
vn 0.4709 -0.6653 0.5793
vn 0.3324 -0.7464 0.5765
vn 0.3975 -0.5915 0.7015
vn 0.2839 -0.6774 0.6786
vn 0.3333 -0.7439 0.5792
vn 0.4020 -0.6406 0.6543
vn 0.3842 -0.6264 0.6783
vn 0.3906 -0.6400 0.6617
vn 0.5673 -0.5877 0.5768
vn 0.5688 -0.5792 0.5839
vn 0.4836 -0.6125 0.6253
vn 0.3179 -0.6274 0.7108
vn 0.3251 -0.6393 0.6969
vn 0.3005 -0.6045 0.7377
vn 0.4061 -0.6578 0.6343
vn 0.4308 -0.6870 0.5852
vn 0.5182 -0.4327 0.7377
vn 0.5463 -0.4648 0.6968
vn 0.5372 -0.4550 0.7103
vn 0.5180 -0.5182 0.6806
vn 0.5216 -0.5170 0.6787
vn 0.4883 -0.5242 0.6977
vn 0.3425 -0.6519 0.6765
vn 0.3728 -0.6479 0.6643
vn 0.3459 -0.6504 0.6762
vn 0.4517 -0.5723 0.6844
vn 0.4210 -0.5959 0.6838
vn 0.4069 -0.6266 0.6647
vn 0.4818 -0.5479 0.6839
vn 0.3634 -0.6504 0.6670
vn 0.5323 -0.5280 0.6617
vn 0.5200 -0.5192 0.6783
vn 0.3837 -0.6242 0.6805
vn 0.3994 -0.5903 0.7014
vn 0.3964 -0.5968 0.6976
vn 0.5296 -0.5398 0.6543
vn 0.5149 -0.5409 0.6650
vn 0.5569 -0.4862 0.6734
vn 0.5591 -0.4832 0.6737
vn 0.5460 -0.5478 0.6340
vn 0.5456 -0.5132 0.6625
vn 0.5521 -0.5034 0.6647
vn 0.4210 -0.5959 0.6839
vn 0.5042 -0.6389 0.5810
vn 0.5648 -0.5877 0.5793
vn 0.4400 -0.6886 0.5765
vn 0.4813 -0.5256 0.7015
vn 0.3817 -0.6274 0.6787
vn 0.4405 -0.6859 0.5792
vn 0.4818 -0.5479 0.6838
vn 0.4930 -0.5736 0.6542
vn 0.4732 -0.5621 0.6783
vn 0.4816 -0.5746 0.6617
vn 0.6486 -0.4966 0.5768
vn 0.6488 -0.4880 0.5839
vn 0.5695 -0.5335 0.6253
vn 0.4077 -0.5733 0.7108
vn 0.4168 -0.5836 0.6969
vn 0.3873 -0.5531 0.7376
vn 0.4995 -0.5900 0.6344
vn 0.5284 -0.6151 0.5852
vn 0.5769 -0.3508 0.7376
vn 0.6095 -0.3783 0.6968
vn 0.5988 -0.3699 0.7103
vn 0.5894 -0.4353 0.6805
vn 0.5928 -0.4335 0.6787
vn 0.5610 -0.4456 0.6977
vn 0.4360 -0.5935 0.6765
vn 0.4652 -0.5851 0.6642
vn 0.4390 -0.5916 0.6762
vn 0.5320 -0.4986 0.6844
vn 0.5051 -0.5265 0.6839
vn 0.4957 -0.5590 0.6647
vn 0.5581 -0.4700 0.6839
vn 0.5580 -0.4700 0.6839
vn 0.4563 -0.5889 0.6670
vn 0.6051 -0.4428 0.6617
vn 0.5915 -0.4359 0.6783
vn 0.4725 -0.5600 0.6806
vn 0.4830 -0.5241 0.7015
vn 0.4810 -0.5310 0.6977
vn 0.6042 -0.4549 0.6542
vn 0.5898 -0.4582 0.6650
vn 0.6235 -0.3976 0.6732
vn 0.6249 -0.3945 0.6737
vn 0.6215 -0.4603 0.6340
vn 0.6160 -0.4261 0.6625
vn 0.6209 -0.4155 0.6647
vn 0.5938 -0.5566 0.5811
vn 0.6461 -0.4970 0.5793
vn 0.5377 -0.6153 0.5765
vn 0.5543 -0.4480 0.7015
vn 0.4709 -0.5636 0.6787
vn 0.5378 -0.6126 0.5792
vn 0.5378 -0.6127 0.5792
vn 0.5730 -0.4937 0.6542
vn 0.5517 -0.4853 0.6783
vn 0.5618 -0.4964 0.6617
vn 0.7153 -0.3944 0.5768
vn 0.7143 -0.3858 0.5839
vn 0.6426 -0.4427 0.6254
vn 0.4889 -0.5058 0.7108
vn 0.4991 -0.5150 0.6969
vn 0.4654 -0.4892 0.7377
vn 0.5819 -0.5089 0.6343
vn 0.6141 -0.5295 0.5852
vn 0.6227 -0.2609 0.7377
vn 0.6590 -0.2833 0.6968
vn 0.6476 -0.2764 0.7101
vn 0.6477 -0.3426 0.6805
vn 0.6508 -0.3403 0.6787
vn 0.6211 -0.3571 0.6976
vn 0.5194 -0.5220 0.6765
vn 0.5472 -0.5092 0.6642
vn 0.5223 -0.5195 0.6762
vn 0.6004 -0.4138 0.6844
vn 0.5779 -0.4453 0.6839
vn 0.5735 -0.4789 0.6647
vn 0.6219 -0.3815 0.6839
vn 0.6219 -0.3816 0.6839
vn 0.5390 -0.5144 0.6670
vn 0.6643 -0.3477 0.6617
vn 0.6499 -0.3428 0.6783
vn 0.5507 -0.4834 0.6805
vn 0.5556 -0.4463 0.7015
vn 0.5547 -0.4534 0.6977
vn 0.6653 -0.3598 0.6542
vn 0.6515 -0.3652 0.6650
vn 0.6758 -0.3002 0.6732
vn 0.6767 -0.2970 0.6737
vn 0.6831 -0.3625 0.6340
vn 0.6726 -0.3295 0.6625
vn 0.6759 -0.3183 0.6647
vn 0.6003 -0.4138 0.6844
vn 0.6701 -0.4619 0.5810
vn 0.7129 -0.3952 0.5793
vn 0.6234 -0.5283 0.5764
vn 0.6148 -0.3605 0.7014
vn 0.5497 -0.4871 0.6787
vn 0.6231 -0.5256 0.5792
vn 0.6401 -0.4027 0.6542
vn 0.6179 -0.3977 0.6783
vn 0.6295 -0.4071 0.6618
vn 0.7661 -0.2834 0.5768
vn 0.7638 -0.2751 0.5839
vn 0.7015 -0.3420 0.6252
vn 0.5585 -0.4277 0.7108
vn 0.5702 -0.4349 0.6969
vn 0.5331 -0.4144 0.7376
vn 0.6513 -0.4165 0.6343
vn 0.6862 -0.4321 0.5852
vn 0.6547 -0.1651 0.7377
vn 0.6939 -0.1818 0.6968
vn 0.6813 -0.1770 0.7103
vn 0.6915 -0.2422 0.6805
vn 0.6943 -0.2395 0.6787
vn 0.6674 -0.2605 0.6977
vn 0.5914 -0.4388 0.6765
vn 0.6170 -0.4220 0.6642
vn 0.5939 -0.4359 0.6762
vn 0.6553 -0.3197 0.6844
vn 0.6378 -0.3542 0.6839
vn 0.6384 -0.3880 0.6647
vn 0.6718 -0.2846 0.6839
vn 0.6096 -0.4283 0.6671
vn 0.7087 -0.2448 0.6617
vn 0.6937 -0.2422 0.6783
vn 0.6165 -0.3959 0.6805
vn 0.6160 -0.3585 0.7015
vn 0.6161 -0.3656 0.6977
vn 0.7114 -0.2566 0.6543
vn 0.6986 -0.2640 0.6650
vn 0.7127 -0.1964 0.6734
vn 0.7134 -0.1928 0.6737
vn 0.7295 -0.2567 0.6340
vn 0.7142 -0.2256 0.6625
vn 0.7158 -0.2141 0.6647
vn 0.7315 -0.3568 0.5811
vn 0.7639 -0.2845 0.5793
vn 0.6952 -0.4294 0.5765
vn 0.6617 -0.2648 0.7015
vn 0.6161 -0.3997 0.6787
vn 0.6944 -0.4269 0.5792
vn 0.6945 -0.4269 0.5792
vn 0.6378 -0.3543 0.6839
vn 0.6930 -0.3029 0.6542
vn 0.6702 -0.3012 0.6783
vn 0.6832 -0.3088 0.6617
vn 0.7998 -0.1660 0.5768
vn 0.7962 -0.1581 0.5839
vn 0.7446 -0.2336 0.6253
vn 0.6162 -0.3392 0.7108
vn 0.6287 -0.3450 0.6969
vn 0.5888 -0.3304 0.7376
vn 0.7060 -0.3148 0.6344
vn 0.7429 -0.3250 0.5852
vn 0.6720 -0.0656 0.7377
vn 0.7132 -0.0764 0.6968
vn 0.7000 -0.0735 0.7103
vn 0.7199 -0.1365 0.6805
vn 0.7222 -0.1334 0.6787
vn 0.6988 -0.1581 0.6977
vn 0.6503 -0.3456 0.6765
vn 0.6730 -0.3253 0.6642
vn 0.6522 -0.3425 0.6762
vn 0.6956 -0.2184 0.6844
vn 0.6835 -0.2552 0.6839
vn 0.6891 -0.2886 0.6647
vn 0.7067 -0.1813 0.6839
vn 0.6666 -0.3327 0.6671
vn 0.7372 -0.1364 0.6617
vn 0.7221 -0.1360 0.6783
vn 0.6687 -0.2996 0.6805
vn 0.6625 -0.2626 0.7015
vn 0.6637 -0.2697 0.6977
vn 0.7417 -0.1477 0.6543
vn 0.7302 -0.1569 0.6650
vn 0.7343 -0.0877 0.6732
vn 0.7342 -0.0844 0.6737
vn 0.7596 -0.1451 0.6340
vn 0.7399 -0.1167 0.6625
vn 0.7397 -0.1050 0.6647
vn 0.7765 -0.2438 0.5811
vn 0.7977 -0.1674 0.5793
vn 0.7977 -0.1675 0.5793
vn 0.7514 -0.3211 0.5765
vn 0.6938 -0.1632 0.7015
vn 0.6688 -0.3035 0.6786
vn 0.7503 -0.3186 0.5792
vn 0.7304 -0.1962 0.6542
vn 0.7076 -0.1979 0.6783
vn 0.7216 -0.2035 0.6618
vn 0.8156 -0.0450 0.5768
vn 0.8109 -0.0377 0.5839
vn 0.7711 -0.1201 0.6253
vn 0.6599 -0.2436 0.7108
vn 0.6731 -0.2474 0.6969
vn 0.6315 -0.2390 0.7376
vn 0.7451 -0.2061 0.6343
vn 0.7831 -0.2106 0.5852
vn 0.6743 0.0352 0.7377
vn 0.7167 0.0308 0.6967
vn 0.7032 0.0318 0.7102
vn 0.7322 -0.0276 0.6805
vn 0.7341 -0.0242 0.6787
vn 0.7145 -0.0522 0.6977
vn 0.6945 -0.2450 0.6765
vn 0.7140 -0.2214 0.6642
vn 0.6960 -0.2415 0.6762
vn 0.7204 -0.1123 0.6844
vn 0.7139 -0.1505 0.6839
vn 0.7244 -0.1826 0.6647
vn 0.7258 -0.0740 0.6839
vn 0.7087 -0.2296 0.6671
vn 0.7494 -0.0251 0.6617
vn 0.7343 -0.0270 0.6783
vn 0.7059 -0.1966 0.6805
vn 0.6943 -0.1609 0.7015
vn 0.6965 -0.1678 0.6977
vn 0.7555 -0.0355 0.6542
vn 0.7454 -0.0464 0.6650
vn 0.7389 0.0223 0.6734
vn 0.7385 0.0261 0.6737
vn 0.7728 -0.0302 0.6340
vn 0.7490 -0.0051 0.6625
vn 0.7471 0.0064 0.6647
vn 0.7139 -0.1506 0.6839
vn 0.8041 -0.1254 0.5811
vn 0.8138 -0.0467 0.5793
vn 0.7909 -0.2055 0.5765
vn 0.7103 -0.0580 0.7015
vn 0.7066 -0.2004 0.6787
vn 0.7894 -0.2033 0.5792
vn 0.7895 -0.2032 0.5792
vn 0.7515 -0.0852 0.6542
vn 0.7292 -0.0903 0.6783
vn 0.7439 -0.0937 0.6617
vn 0.8132 0.0771 0.5768
vn 0.8075 0.0836 0.5839
vn 0.7806 -0.0038 0.6251
vn 0.6887 -0.1430 0.7108
vn 0.7025 -0.1444 0.6969
vn 0.6601 -0.1420 0.7377
vn 0.7675 -0.0927 0.6343
vn 0.8057 -0.0916 0.5852
vn 0.6615 0.1353 0.7377
vn 0.7041 0.1372 0.6967
vn 0.6906 0.1361 0.7103
vn 0.7281 0.0818 0.6805
vn 0.7295 0.0855 0.6786
vn 0.7143 0.0548 0.6977
vn 0.7232 -0.1387 0.6765
vn 0.7390 -0.1125 0.6642
vn 0.7242 -0.1351 0.6762
vn 0.7291 -0.0037 0.6844
vn 0.7284 -0.0424 0.6839
vn 0.7436 -0.0726 0.6647
vn 0.7288 0.0350 0.6839
vn 0.7351 -0.1214 0.6670
vn 0.7447 0.0869 0.6617
vn 0.7301 0.0828 0.6783
vn 0.7273 -0.0892 0.6805
vn 0.7105 -0.0557 0.7015
vn 0.7137 -0.0621 0.6977
vn 0.7523 0.0774 0.6543
vn 0.7440 0.0652 0.6650
vn 0.7275 0.1326 0.6732
vn 0.7264 0.1358 0.6737
vn 0.7687 0.0853 0.6340
vn 0.7414 0.1066 0.6625
vn 0.7378 0.1177 0.6647
vn 0.8139 -0.0041 0.5810
vn 0.8116 0.0751 0.5793
vn 0.8117 0.0751 0.5793
vn 0.8127 -0.0853 0.5765
vn 0.7110 0.0484 0.7015
vn 0.7286 -0.0928 0.6787
vn 0.8109 -0.0833 0.5792
vn 0.8109 -0.0834 0.5792
vn 0.7283 -0.0424 0.6839
vn 0.7558 0.0278 0.6542
vn 0.7345 0.0194 0.6783
vn 0.7495 0.0182 0.6618
vn 0.7926 0.1974 0.5768
vn 0.7860 0.2030 0.5839
vn 0.7723 0.1126 0.6252
vn 0.7024 -0.0383 0.7108
vn 0.7161 -0.0379 0.6970
vn 0.6739 -0.0420 0.7377
vn 0.7727 0.0227 0.6343
vn 0.8104 0.0295 0.5852
vn 0.6339 0.2323 0.7377
vn 0.6758 0.2405 0.6968
vn 0.6627 0.2379 0.7101
vn 0.7078 0.1894 0.6805
vn 0.7086 0.1932 0.6787
vn 0.6982 0.1608 0.6977
vn 0.7358 -0.0293 0.6765
vn 0.7475 -0.0011 0.6643
vn 0.7363 -0.0256 0.6762
vn 0.7215 0.1050 0.6844
vn 0.7266 0.0666 0.6839
vn 0.7461 0.0390 0.6647
vn 0.7154 0.1433 0.6839
vn 0.7154 0.1432 0.6839
vn 0.7449 -0.0105 0.6671
vn 0.7234 0.1969 0.6617
vn 0.7096 0.1907 0.6783
vn 0.7324 0.0202 0.6805
vn 0.7109 0.0508 0.7015
vn 0.7150 0.0450 0.6977
vn 0.7323 0.1887 0.6542
vn 0.7260 0.1754 0.6650
vn 0.6996 0.2395 0.6732
vn 0.6980 0.2425 0.6737
vn 0.7474 0.1989 0.6340
vn 0.7172 0.2159 0.6625
vn 0.7120 0.2263 0.6647
vn 0.7265 0.0666 0.6839
vn 0.8054 0.1172 0.5810
vn 0.7914 0.1952 0.5793
vn 0.7914 0.1953 0.5793
vn 0.8163 0.0367 0.5765
vn 0.6959 0.1540 0.7015
vn 0.7343 0.0168 0.6787
vn 0.8143 0.0384 0.5792
vn 0.8143 0.0385 0.5792
vn 0.7432 0.1401 0.6542
vn 0.7234 0.1287 0.6783
vn 0.7384 0.1297 0.6618
vn 0.7544 0.3134 0.5768
vn 0.7470 0.3179 0.5839
vn 0.7468 0.2264 0.6253
vn 0.7002 0.0668 0.7108
vn 0.7138 0.0690 0.6969
vn 0.6726 0.0588 0.7377
vn 0.7607 0.1376 0.6343
vn 0.7969 0.1500 0.5852
vn 0.5922 0.3242 0.7377
vn 0.6324 0.3386 0.6968
vn 0.6198 0.3340 0.7101
vn 0.6717 0.2928 0.6805
vn 0.6719 0.2966 0.6787
vn 0.6664 0.2631 0.6976
vn 0.7320 0.0805 0.6765
vn 0.7393 0.1103 0.6642
vn 0.7319 0.0844 0.6762
vn 0.6978 0.2114 0.6844
vn 0.7085 0.1742 0.6839
vn 0.7320 0.1498 0.6647
vn 0.6861 0.2483 0.6839
vn 0.6861 0.2482 0.6839
vn 0.7382 0.1006 0.6671
vn 0.6860 0.3025 0.6617
vn 0.6733 0.2943 0.6783
vn 0.7212 0.1291 0.6805
vn 0.6954 0.1562 0.7014
vn 0.7004 0.1510 0.6976
vn 0.6960 0.2958 0.6543
vn 0.6917 0.2816 0.6650
vn 0.6561 0.3410 0.6732
vn 0.6541 0.3439 0.6737
vn 0.7094 0.3080 0.6340
vn 0.6770 0.3204 0.6625
vn 0.6703 0.3299 0.6647
vn 0.7789 0.2359 0.5810
vn 0.7535 0.3110 0.5793
vn 0.7534 0.3110 0.5793
vn 0.8017 0.1580 0.5765
vn 0.6651 0.2560 0.7014
vn 0.7235 0.1260 0.6787
vn 0.7995 0.1593 0.5792
vn 0.7995 0.1594 0.5792
vn 0.7140 0.2493 0.6542
vn 0.6962 0.2351 0.6783
vn 0.7109 0.2383 0.6617
vn 0.6992 0.4223 0.5768
vn 0.6913 0.4256 0.5839
vn 0.7048 0.3352 0.6253
vn 0.6826 0.1700 0.7108
vn 0.6956 0.1746 0.6969
vn 0.6563 0.1584 0.7376
vn 0.7317 0.2494 0.6344
vn 0.7657 0.2670 0.5852
vn 0.5373 0.4088 0.7377
vn 0.5748 0.4291 0.6968
vn 0.5631 0.4222 0.7103
vn 0.6205 0.3896 0.6806
vn 0.6202 0.3934 0.6787
vn 0.6198 0.3593 0.6977
vn 0.7118 0.1888 0.6765
vn 0.7146 0.2192 0.6643
vn 0.7111 0.1925 0.6762
vn 0.6585 0.3130 0.6844
vn 0.6746 0.2778 0.6839
vn 0.7015 0.2572 0.6647
vn 0.6414 0.3477 0.6839
vn 0.7149 0.2096 0.6670
vn 0.6333 0.4014 0.6617
vn 0.6219 0.3913 0.6783
vn 0.6939 0.2352 0.6805
vn 0.6644 0.2580 0.7015
vn 0.6700 0.2536 0.6977
vn 0.6442 0.3962 0.6543
vn 0.6420 0.3816 0.6650
vn 0.5980 0.4347 0.6734
vn 0.5955 0.4375 0.6737
vn 0.6555 0.4103 0.6340
vn 0.6217 0.4177 0.6625
vn 0.6137 0.4261 0.6647
vn 0.7350 0.3494 0.5811
vn 0.6987 0.4198 0.5793
vn 0.7692 0.2757 0.5765
vn 0.6196 0.3522 0.7015
vn 0.6967 0.2324 0.6787
vn 0.7668 0.2767 0.5792
vn 0.6689 0.3530 0.6542
vn 0.6534 0.3362 0.6783
vn 0.6674 0.3416 0.6618
vn 0.6285 0.5218 0.5768
vn 0.6201 0.5239 0.5839
vn 0.6469 0.4364 0.6253
vn 0.6494 0.2702 0.7108
vn 0.6617 0.2764 0.6969
vn 0.6254 0.2546 0.7376
vn 0.6864 0.3557 0.6343
vn 0.7173 0.3782 0.5852
vn 0.4703 0.4843 0.7377
vn 0.5044 0.5100 0.6968
vn 0.4938 0.5019 0.7101
vn 0.5555 0.4778 0.6805
vn 0.5546 0.4815 0.6787
vn 0.5593 0.4477 0.6977
vn 0.6757 0.2928 0.6765
vn 0.6740 0.3233 0.6642
vn 0.6745 0.2964 0.6762
vn 0.6045 0.4076 0.6844
vn 0.6257 0.3753 0.6839
vn 0.6553 0.3589 0.6647
vn 0.6045 0.4077 0.6844
vn 0.5824 0.4394 0.6839
vn 0.6757 0.3138 0.6670
vn 0.5664 0.4913 0.6617
vn 0.5566 0.4797 0.6783
vn 0.6512 0.3360 0.6805
vn 0.6185 0.3542 0.7015
vn 0.6247 0.3507 0.6976
vn 0.5779 0.4878 0.6543
vn 0.5780 0.4730 0.6650
vn 0.5265 0.5190 0.6734
vn 0.5237 0.5214 0.6737
vn 0.5871 0.5034 0.6340
vn 0.5525 0.5057 0.6625
vn 0.5433 0.5128 0.6647
vn 0.6748 0.4550 0.5811
vn 0.6283 0.5193 0.5793
vn 0.6283 0.5192 0.5793
vn 0.7195 0.3873 0.5765
vn 0.5602 0.4406 0.7015
vn 0.6543 0.3337 0.6787
vn 0.7170 0.3879 0.5792
vn 0.6257 0.3752 0.6839
vn 0.6088 0.4487 0.6542
vn 0.5960 0.4298 0.6783
vn 0.6090 0.4372 0.6618
vn 0.5437 0.6096 0.5768
vn 0.5351 0.6105 0.5839
vn 0.5747 0.5281 0.6252
vn 0.6018 0.3641 0.7108
vn 0.6131 0.3720 0.6970
vn 0.5804 0.3449 0.7377
vn 0.6257 0.4540 0.6344
vn 0.6530 0.4809 0.5852
vn 0.3929 0.5491 0.7377
vn 0.4228 0.5795 0.6967
vn 0.4137 0.5695 0.7103
vn 0.4782 0.5552 0.6805
vn 0.4767 0.5587 0.6786
vn 0.4863 0.5261 0.6977
vn 0.6245 0.3903 0.6765
vn 0.6183 0.4201 0.6643
vn 0.6228 0.3935 0.6762
vn 0.5370 0.4932 0.6844
vn 0.5628 0.4643 0.6839
vn 0.5945 0.4525 0.6647
vn 0.5104 0.5213 0.6839
vn 0.6214 0.4110 0.6670
vn 0.4868 0.5702 0.6617
vn 0.4789 0.5573 0.6783
vn 0.5938 0.4293 0.6805
vn 0.5588 0.4424 0.7015
vn 0.5655 0.4399 0.6977
vn 0.4988 0.5685 0.6543
vn 0.5010 0.5538 0.6650
vn 0.4433 0.5916 0.6734
vn 0.4401 0.5936 0.6737
vn 0.5055 0.5853 0.6340
vn 0.4710 0.5824 0.6625
vn 0.4608 0.5881 0.6647
vn 0.5994 0.5505 0.5811
vn 0.5439 0.6071 0.5793
vn 0.6538 0.4902 0.5764
vn 0.4883 0.5192 0.7015
vn 0.5972 0.4275 0.6787
vn 0.6512 0.4904 0.5792
vn 0.5351 0.5344 0.6542
vn 0.5252 0.5139 0.6783
vn 0.5371 0.5231 0.6617
vn 0.4468 0.6838 0.5768
vn 0.4382 0.6834 0.5839
vn 0.4895 0.6077 0.6253
vn 0.5409 0.4497 0.7108
vn 0.5509 0.4592 0.6969
vn 0.5226 0.4275 0.7376
vn 0.5510 0.5422 0.6343
vn 0.5740 0.5728 0.5852
vn 0.3066 0.6016 0.7376
vn 0.3317 0.6361 0.6967
vn 0.3241 0.6250 0.7102
vn 0.3900 0.6203 0.6805
vn 0.3881 0.6236 0.6787
vn 0.4025 0.5927 0.6976
vn 0.5594 0.4789 0.6765
vn 0.5487 0.5076 0.6642
vn 0.5572 0.4820 0.6762
vn 0.4575 0.5677 0.6844
vn 0.4873 0.5430 0.6839
vn 0.5204 0.5361 0.6647
vn 0.4270 0.5916 0.6838
vn 0.4270 0.5916 0.6839
vn 0.5532 0.4990 0.6671
vn 0.3964 0.6364 0.6617
vn 0.3905 0.6224 0.6783
vn 0.5232 0.5129 0.6806
vn 0.4867 0.5207 0.7015
vn 0.4936 0.5192 0.6976
vn 0.4085 0.6365 0.6542
vn 0.4129 0.6223 0.6650
vn 0.3501 0.6511 0.6734
vn 0.3467 0.6526 0.6737
vn 0.4126 0.6541 0.6340
vn 0.3789 0.6461 0.6625
vn 0.3680 0.6502 0.6647
vn 0.5107 0.6337 0.5811
vn 0.4474 0.6814 0.5793
vn 0.5734 0.5822 0.5764
vn 0.4054 0.5862 0.7015
vn 0.5268 0.5117 0.6787
vn 0.5708 0.5820 0.5792
vn 0.4495 0.6082 0.6542
vn 0.4428 0.5864 0.6783
vn 0.4531 0.5973 0.6618
vn 0.3399 0.7428 0.5768
vn 0.3314 0.7411 0.5839
vn 0.3935 0.6739 0.6253
vn 0.4680 0.5252 0.7108
vn 0.4763 0.5362 0.6969
vn 0.4531 0.5006 0.7376
vn 0.4641 0.6183 0.6343
vn 0.4822 0.6520 0.5852
vn 0.2136 0.6405 0.7377
vn 0.2333 0.6784 0.6967
vn 0.2274 0.6662 0.7102
vn 0.2933 0.6714 0.6806
vn 0.2908 0.6744 0.6787
vn 0.3097 0.6460 0.6977
vn 0.4818 0.5570 0.6765
vn 0.4670 0.5837 0.6642
vn 0.4791 0.5596 0.6762
vn 0.3678 0.6296 0.6844
vn 0.4009 0.6096 0.6839
vn 0.4347 0.6076 0.6647
vn 0.3341 0.6486 0.6839
vn 0.4727 0.5759 0.6670
vn 0.2971 0.6884 0.6617
vn 0.2934 0.6737 0.6783
vn 0.4409 0.5852 0.6805
vn 0.4036 0.5874 0.7015
vn 0.4107 0.5870 0.6977
vn 0.3091 0.6902 0.6542
vn 0.3155 0.6769 0.6650
vn 0.2492 0.6960 0.6734
vn 0.2456 0.6970 0.6737
vn 0.3105 0.7083 0.6340
vn 0.2784 0.6954 0.6625
vn 0.2670 0.6978 0.6647
vn 0.3678 0.6295 0.6844
vn 0.4105 0.7027 0.5811
vn 0.3408 0.7404 0.5793
vn 0.4803 0.6611 0.5765
vn 0.3135 0.6400 0.7015
vn 0.4447 0.5845 0.6787
vn 0.4777 0.6606 0.5792
vn 0.3538 0.6684 0.6543
vn 0.3504 0.6458 0.6783
vn 0.3590 0.6582 0.6618
vn 0.2253 0.7852 0.5768
vn 0.2173 0.7822 0.5839
vn 0.2887 0.7250 0.6253
vn 0.3843 0.5891 0.7108
vn 0.3911 0.6011 0.6969
vn 0.3734 0.5625 0.7377
vn 0.3667 0.6805 0.6343
vn 0.3797 0.7165 0.5852
vn 0.1157 0.6652 0.7376
vn 0.1295 0.7056 0.6967
vn 0.1253 0.6929 0.7100
vn 0.1899 0.7077 0.6805
vn 0.1870 0.7103 0.6786
vn 0.2099 0.6850 0.6977
vn 0.3934 0.6225 0.6765
vn 0.3747 0.6468 0.6642
vn 0.3904 0.6248 0.6762
vn 0.2699 0.6774 0.6844
vn 0.3056 0.6625 0.6839
vn 0.3393 0.6656 0.6647
vn 0.2337 0.6912 0.6839
vn 0.3816 0.6399 0.6671
vn 0.1912 0.7250 0.6617
vn 0.1897 0.7099 0.6783
vn 0.3488 0.6444 0.6805
vn 0.3115 0.6410 0.7015
vn 0.3187 0.6417 0.6977
vn 0.2028 0.7286 0.6543
vn 0.2111 0.7164 0.6650
vn 0.1427 0.7254 0.6734
vn 0.1390 0.7258 0.6737
vn 0.2015 0.7467 0.6340
vn 0.1716 0.7291 0.6625
vn 0.1600 0.7298 0.6647
vn 0.2698 0.6773 0.6844
vn 0.3012 0.7560 0.5811
vn 0.2267 0.7830 0.5793
vn 0.3764 0.7253 0.5765
vn 0.2147 0.6796 0.7015
vn 0.3526 0.6443 0.6787
vn 0.3739 0.7244 0.5792
vn 0.2337 0.6911 0.6839
vn 0.2503 0.7137 0.6542
vn 0.2503 0.6908 0.6783
vn 0.2569 0.7044 0.6617
vn 0.1058 0.8100 0.5769
vn 0.0983 0.8058 0.5839
vn 0.1774 0.7599 0.6253
vn 0.2926 0.6396 0.7108
vn 0.2971 0.6527 0.6969
vn 0.2853 0.6119 0.7377
vn 0.2612 0.7276 0.6344
vn 0.2686 0.7651 0.5852
vn 0.0153 0.6750 0.7377
vn 0.0229 0.7169 0.6968
vn 0.0206 0.7038 0.7101
vn 0.0823 0.7281 0.6805
vn 0.0791 0.7301 0.6787
vn 0.1055 0.7087 0.6976
vn 0.2961 0.6743 0.6765
vn 0.2742 0.6954 0.6642
vn 0.2929 0.6760 0.6762
vn 0.1659 0.7100 0.6844
vn 0.2035 0.7007 0.6839
vn 0.2363 0.7088 0.6647
vn 0.1281 0.7183 0.6839
vn 0.2820 0.6896 0.6670
vn 0.0810 0.7454 0.6617
vn 0.0818 0.7302 0.6783
vn 0.2489 0.6892 0.6805
vn 0.2126 0.6803 0.7015
vn 0.2195 0.6820 0.6976
vn 0.0919 0.7506 0.6543
vn 0.1020 0.7398 0.6650
vn 0.0330 0.7385 0.6734
vn 0.0293 0.7384 0.6737
vn 0.0880 0.7684 0.6339
vn 0.0611 0.7465 0.6625
vn 0.0495 0.7455 0.6647
vn 0.2034 0.7007 0.6839
vn 0.1852 0.7925 0.5811
vn 0.1075 0.8080 0.5793
vn 0.2641 0.7733 0.5765
vn 0.1109 0.7041 0.7014
vn 0.2527 0.6896 0.6787
vn 0.2617 0.7720 0.5792
vn 0.2034 0.7006 0.6839
vn 0.1411 0.7430 0.6542
vn 0.1445 0.7204 0.6783
vn 0.1491 0.7348 0.6617
vn -0.0160 0.8167 0.5768
vn -0.0229 0.8115 0.5840
vn 0.0622 0.7780 0.6252
vn 0.1935 0.6762 0.7108
vn 0.1965 0.6897 0.6969
vn 0.1909 0.6476 0.7377
vn 0.1499 0.7584 0.6344
vn 0.1516 0.7966 0.5852
vn -0.0854 0.6697 0.7377
vn -0.0841 0.7123 0.6968
vn -0.0844 0.6990 0.7101
vn -0.0271 0.7322 0.6805
vn -0.0306 0.7338 0.6787
vn -0.0013 0.7164 0.6977
vn 0.1924 0.7109 0.6765
vn 0.1675 0.7285 0.6643
vn 0.1889 0.7121 0.6762
vn 0.0582 0.7268 0.6844
vn 0.0968 0.7231 0.6839
vn 0.1280 0.7361 0.6647
vn 0.0196 0.7293 0.6839
vn 0.1761 0.7239 0.6670
vn -0.0310 0.7492 0.6617
vn -0.0279 0.7343 0.6783
vn 0.1434 0.7186 0.6805
vn 0.1088 0.7044 0.7015
vn 0.1154 0.7071 0.6976
vn -0.0210 0.7560 0.6543
vn -0.0094 0.7468 0.6650
vn -0.0778 0.7354 0.6732
vn -0.0811 0.7345 0.6737
vn -0.0275 0.7729 0.6340
vn -0.0509 0.7473 0.6625
vn -0.0622 0.7445 0.6647
vn 0.0650 0.8112 0.5811
vn -0.0142 0.8150 0.5793
vn 0.1459 0.8040 0.5764
vn 0.0048 0.7127 0.7015
vn 0.1471 0.7196 0.6787
vn 0.1438 0.8024 0.5792
vn 0.0196 0.7294 0.6839
vn 0.0288 0.7557 0.6542
vn 0.0355 0.7339 0.6783
vn 0.0379 0.7488 0.6617
vn -0.1376 0.8052 0.5768
vn -0.1436 0.7990 0.5839
vn -0.0545 0.7785 0.6253
vn 0.0906 0.6975 0.7108
vn 0.0915 0.7113 0.6969
vn 0.0923 0.6688 0.7377
vn 0.0352 0.7723 0.6343
vn 0.0312 0.8103 0.5852
vn -0.1843 0.6495 0.7377
vn -0.1894 0.6918 0.6968
vn -0.1873 0.6785 0.7103
vn -0.1359 0.7200 0.6805
vn -0.1396 0.7210 0.6787
vn -0.1081 0.7082 0.6977
vn 0.0843 0.7316 0.6765
vn 0.0570 0.7453 0.6642
vn 0.0806 0.7323 0.6762
vn -0.0507 0.7274 0.6844
vn -0.0121 0.7295 0.6838
vn 0.0169 0.7470 0.6647
vn -0.0893 0.7241 0.6839
vn 0.0662 0.7421 0.6671
vn -0.1423 0.7362 0.6617
vn -0.1370 0.7219 0.6783
vn 0.0347 0.7319 0.6806
vn 0.0025 0.7127 0.7015
vn 0.0087 0.7164 0.6977
vn -0.1334 0.7444 0.6543
vn -0.1206 0.7371 0.6650
vn -0.1862 0.7154 0.6734
vn -0.1897 0.7143 0.6737
vn -0.1424 0.7601 0.6340
vn -0.1617 0.7314 0.6625
vn -0.1724 0.7269 0.6647
vn -0.0507 0.7273 0.6844
vn -0.0121 0.7295 0.6839
vn -0.0566 0.8119 0.5811
vn -0.1355 0.8038 0.5793
vn 0.0244 0.8168 0.5765
vn -0.1015 0.7054 0.7015
vn 0.0382 0.7335 0.6787
vn 0.0226 0.8149 0.5792
vn -0.0841 0.7517 0.6542
vn -0.0742 0.7310 0.6783
vn -0.0741 0.7460 0.6618
vn -0.2560 0.7757 0.5768
vn -0.2611 0.7687 0.5839
vn -0.1699 0.7616 0.6253
vn -0.0142 0.7033 0.7108
vn -0.0154 0.7170 0.6969
vn -0.0083 0.6752 0.7376
vn -0.0803 0.7689 0.6344
vn -0.0899 0.8059 0.5852
vn -0.2791 0.6148 0.7376
vn -0.2904 0.6559 0.6968
vn -0.2865 0.6430 0.7102
vn -0.2417 0.6917 0.6805
vn -0.2455 0.6922 0.6787
vn -0.2124 0.6842 0.6977
vn -0.0256 0.7360 0.6765
vn -0.0547 0.7455 0.6643
vn -0.0294 0.7361 0.6762
vn -0.1586 0.7117 0.6844
vn -0.1207 0.7196 0.6839
vn -0.0946 0.7411 0.6647
vn -0.1962 0.7027 0.6839
vn -0.0452 0.7436 0.6670
vn -0.2504 0.7068 0.6617
vn -0.2431 0.6934 0.6783
vn -0.0748 0.7289 0.6805
vn -0.1036 0.7051 0.7015
vn -0.0981 0.7097 0.6977
vn -0.2429 0.7163 0.6542
vn -0.2291 0.7108 0.6650
vn -0.2907 0.6797 0.6734
vn -0.2940 0.6780 0.6737
vn -0.2541 0.7304 0.6340
vn -0.2689 0.6991 0.6625
vn -0.2788 0.6931 0.6647
vn -0.1586 0.7116 0.6844
vn -0.1207 0.7195 0.6839
vn -0.1770 0.7944 0.5811
vn -0.2538 0.7746 0.5793
vn -0.0976 0.8113 0.5765
vn -0.2054 0.6824 0.7015
vn -0.0716 0.7310 0.6786
vn -0.0991 0.8091 0.5792
vn -0.1952 0.7306 0.6543
vn -0.1824 0.7118 0.6783
vn -0.1845 0.7267 0.6617
vn -0.3688 0.7289 0.5768
vn -0.3727 0.7212 0.5839
vn -0.2815 0.7279 0.6252
vn -0.1189 0.6933 0.7107
vn -0.1222 0.7067 0.6969
vn -0.1089 0.6664 0.7376
vn -0.1940 0.7483 0.6343
vn -0.2090 0.7835 0.5852
vn -0.3676 0.5664 0.7376
vn -0.3850 0.6053 0.6967
vn -0.3790 0.5932 0.7103
vn -0.3421 0.6479 0.6805
vn -0.3459 0.6479 0.6787
vn -0.3120 0.6449 0.6977
vn -0.1350 0.7240 0.6765
vn -0.1652 0.7290 0.6642
vn -0.1388 0.7235 0.6762
vn -0.2629 0.6801 0.6844
vn -0.2266 0.6935 0.6839
vn -0.2040 0.7187 0.6647
vn -0.2988 0.6656 0.6839
vn -0.1555 0.7286 0.6671
vn -0.3529 0.6615 0.6617
vn -0.3437 0.6494 0.6783
vn -0.1826 0.7096 0.6805
vn -0.2076 0.6818 0.7015
vn -0.2028 0.6871 0.6977
vn -0.3469 0.6720 0.6543
vn -0.3325 0.6688 0.6650
vn -0.3888 0.6288 0.6734
vn -0.3918 0.6266 0.6737
vn -0.3601 0.6844 0.6340
vn -0.3701 0.6512 0.6625
vn -0.3790 0.6438 0.6647
vn -0.2934 0.7591 0.5811
vn -0.3664 0.7281 0.5793
vn -0.2174 0.7877 0.5764
vn -0.3049 0.6442 0.7015
vn -0.1797 0.7121 0.6787
vn -0.2186 0.7853 0.5792
vn -0.3019 0.6935 0.6542
vn -0.2864 0.6767 0.6783
vn -0.2907 0.6911 0.6617
vn -0.4733 0.6658 0.5768
vn -0.4760 0.6576 0.5839
vn -0.3868 0.6777 0.6253
vn -0.2208 0.6678 0.7108
vn -0.2261 0.6805 0.6970
vn -0.2070 0.6426 0.7377
vn -0.3033 0.7110 0.6344
vn -0.3235 0.7436 0.5852
vn -0.4478 0.5053 0.7377
vn -0.4708 0.5412 0.6967
vn -0.4630 0.5301 0.7104
vn -0.4349 0.5897 0.6805
vn -0.4387 0.5891 0.6787
vn -0.4046 0.5912 0.6977
vn -0.2414 0.6957 0.6765
vn -0.2720 0.6963 0.6643
vn -0.2451 0.6948 0.6762
vn -0.3613 0.6333 0.6844
vn -0.3274 0.6520 0.6839
vn -0.3089 0.6803 0.6647
vn -0.3947 0.6136 0.6839
vn -0.3946 0.6136 0.6839
vn -0.2623 0.6973 0.6671
vn -0.4476 0.6015 0.6617
vn -0.4367 0.5909 0.6783
vn -0.2863 0.6745 0.6805
vn -0.3069 0.6433 0.7014
vn -0.3030 0.6492 0.6976
vn -0.4432 0.6128 0.6542
vn -0.4284 0.6118 0.6650
vn -0.4781 0.5638 0.6734
vn -0.4807 0.5612 0.6737
vn -0.4581 0.6231 0.6340
vn -0.4630 0.5888 0.6625
vn -0.4708 0.5802 0.6647
vn -0.4033 0.7069 0.5811
vn -0.4708 0.6654 0.5793
vn -0.3323 0.7465 0.5764
vn -0.3975 0.5916 0.7015
vn -0.2838 0.6774 0.6787
vn -0.3332 0.7440 0.5792
vn -0.3947 0.6137 0.6839
vn -0.4019 0.6407 0.6542
vn -0.3840 0.6264 0.6783
vn -0.3905 0.6400 0.6617
vn -0.5672 0.5878 0.5768
vn -0.5687 0.5793 0.5839
vn -0.4835 0.6125 0.6253
vn -0.3180 0.6274 0.7108
vn -0.3250 0.6392 0.6970
vn -0.3004 0.6046 0.7377
vn -0.4060 0.6579 0.6343
vn -0.4307 0.6871 0.5852
vn -0.5181 0.4329 0.7377
vn -0.5462 0.4650 0.6968
vn -0.5369 0.4551 0.7103
vn -0.5179 0.5184 0.6805
vn -0.5215 0.5172 0.6786
vn -0.4882 0.5243 0.6977
vn -0.3425 0.6520 0.6765
vn -0.3727 0.6480 0.6643
vn -0.3459 0.6505 0.6762
vn -0.4516 0.5724 0.6844
vn -0.4209 0.5959 0.6839
vn -0.4068 0.6267 0.6647
vn -0.4817 0.5480 0.6839
vn -0.3633 0.6504 0.6670
vn -0.5322 0.5281 0.6617
vn -0.5199 0.5193 0.6783
vn -0.3836 0.6242 0.6806
vn -0.3994 0.5903 0.7015
vn -0.3964 0.5968 0.6977
vn -0.5296 0.5399 0.6542
vn -0.5148 0.5411 0.6650
vn -0.5572 0.4862 0.6732
vn -0.5590 0.4833 0.6737
vn -0.5459 0.5478 0.6340
vn -0.5456 0.5132 0.6625
vn -0.5520 0.5035 0.6647
vn -0.5041 0.6389 0.5811
vn -0.5647 0.5878 0.5793
vn -0.4399 0.6886 0.5765
vn -0.4812 0.5257 0.7015
vn -0.3816 0.6275 0.6787
vn -0.4404 0.6860 0.5792
vn -0.4929 0.5736 0.6542
vn -0.4731 0.5622 0.6783
vn -0.4815 0.5747 0.6617
vn -0.6485 0.4967 0.5768
vn -0.6487 0.4880 0.5839
vn -0.5695 0.5338 0.6251
vn -0.4080 0.5730 0.7108
vn -0.4167 0.5837 0.6969
vn -0.3872 0.5532 0.7376
vn -0.4995 0.5900 0.6343
vn -0.5283 0.6152 0.5852
vn -0.5769 0.3508 0.7377
vn -0.6094 0.3784 0.6967
vn -0.5989 0.3700 0.7102
vn -0.5893 0.4354 0.6805
vn -0.5928 0.4336 0.6787
vn -0.5609 0.4457 0.6977
vn -0.4358 0.5937 0.6765
vn -0.4652 0.5852 0.6642
vn -0.4389 0.5917 0.6762
vn -0.5319 0.4987 0.6844
vn -0.5050 0.5265 0.6839
vn -0.4957 0.5590 0.6647
vn -0.5580 0.4701 0.6839
vn -0.4562 0.5890 0.6670
vn -0.6050 0.4429 0.6617
vn -0.5915 0.4360 0.6783
vn -0.4724 0.5601 0.6805
vn -0.4828 0.5242 0.7015
vn -0.4808 0.5311 0.6977
vn -0.6041 0.4550 0.6543
vn -0.5897 0.4583 0.6650
vn -0.6231 0.3978 0.6734
vn -0.6248 0.3946 0.6737
vn -0.6214 0.4604 0.6340
vn -0.6160 0.4262 0.6625
vn -0.6208 0.4156 0.6647
vn -0.5050 0.5266 0.6839
vn -0.5937 0.5566 0.5811
vn -0.6460 0.4971 0.5793
vn -0.5376 0.6154 0.5765
vn -0.5542 0.4481 0.7015
vn -0.4709 0.5637 0.6787
vn -0.5377 0.6127 0.5792
vn -0.5729 0.4938 0.6542
vn -0.5516 0.4854 0.6783
vn -0.5618 0.4965 0.6617
vn -0.7153 0.3945 0.5768
vn -0.7142 0.3859 0.5839
vn -0.6427 0.4429 0.6252
vn -0.4888 0.5058 0.7108
vn -0.4990 0.5150 0.6969
vn -0.4653 0.4891 0.7377
vn -0.5818 0.5090 0.6344
vn -0.6141 0.5296 0.5852
vn -0.6227 0.2609 0.7377
vn -0.6590 0.2833 0.6968
vn -0.6472 0.2767 0.7103
vn -0.6476 0.3427 0.6805
vn -0.6508 0.3405 0.6786
vn -0.6211 0.3571 0.6977
vn -0.5194 0.5221 0.6765
vn -0.5472 0.5093 0.6642
vn -0.5222 0.5196 0.6762
vn -0.6003 0.4138 0.6844
vn -0.5778 0.4454 0.6839
vn -0.5734 0.4789 0.6647
vn -0.6218 0.3817 0.6839
vn -0.5389 0.5144 0.6671
vn -0.6642 0.3478 0.6617
vn -0.6498 0.3429 0.6783
vn -0.5506 0.4835 0.6805
vn -0.5556 0.4464 0.7015
vn -0.5546 0.4535 0.6977
vn -0.6652 0.3599 0.6542
vn -0.6514 0.3653 0.6650
vn -0.6754 0.3006 0.6734
vn -0.6766 0.2971 0.6737
vn -0.6831 0.3626 0.6340
vn -0.6726 0.3296 0.6625
vn -0.6759 0.3185 0.6647
vn -0.5779 0.4454 0.6839
vn -0.6701 0.4620 0.5811
vn -0.7129 0.3953 0.5793
vn -0.6233 0.5284 0.5765
vn -0.6148 0.3605 0.7015
vn -0.5496 0.4872 0.6786
vn -0.6230 0.5258 0.5792
vn -0.6230 0.5257 0.5792
vn -0.6401 0.4029 0.6542
vn -0.6178 0.3978 0.6783
vn -0.6295 0.4072 0.6618
vn -0.7661 0.2835 0.5768
vn -0.7637 0.2752 0.5839
vn -0.7014 0.3421 0.6253
vn -0.5585 0.4277 0.7108
vn -0.5702 0.4350 0.6969
vn -0.5330 0.4145 0.7376
vn -0.6512 0.4166 0.6343
vn -0.6861 0.4322 0.5852
vn -0.6546 0.1653 0.7377
vn -0.6938 0.1820 0.6968
vn -0.6812 0.1772 0.7103
vn -0.6915 0.2423 0.6805
vn -0.6943 0.2396 0.6787
vn -0.6674 0.2606 0.6977
vn -0.5914 0.4388 0.6765
vn -0.6170 0.4221 0.6642
vn -0.5938 0.4360 0.6762
vn -0.6552 0.3198 0.6844
vn -0.6378 0.3543 0.6839
vn -0.6384 0.3881 0.6647
vn -0.6553 0.3198 0.6844
vn -0.6718 0.2847 0.6839
vn -0.6717 0.2847 0.6839
vn -0.6095 0.4284 0.6670
vn -0.7086 0.2449 0.6617
vn -0.6937 0.2423 0.6783
vn -0.6165 0.3960 0.6805
vn -0.6159 0.3586 0.7015
vn -0.6160 0.3658 0.6977
vn -0.7114 0.2567 0.6543
vn -0.6986 0.2641 0.6650
vn -0.7129 0.1963 0.6732
vn -0.7134 0.1929 0.6737
vn -0.7295 0.2568 0.6340
vn -0.7142 0.2257 0.6625
vn -0.7158 0.2142 0.6647
vn -0.7314 0.3569 0.5810
vn -0.7638 0.2846 0.5793
vn -0.6951 0.4296 0.5764
vn -0.6616 0.2649 0.7015
vn -0.6161 0.3999 0.6787
vn -0.6944 0.4271 0.5792
vn -0.6944 0.4270 0.5792
vn -0.6930 0.3030 0.6542
vn -0.6702 0.3013 0.6783
vn -0.6831 0.3089 0.6618
vn -0.7998 0.1662 0.5768
vn -0.7962 0.1583 0.5839
vn -0.7446 0.2338 0.6252
vn -0.6160 0.3397 0.7108
vn -0.6287 0.3451 0.6969
vn -0.5888 0.3304 0.7376
vn -0.7060 0.3149 0.6344
vn -0.7429 0.3251 0.5852
vn -0.6719 0.0659 0.7377
vn -0.7132 0.0765 0.6968
vn -0.7003 0.0733 0.7101
vn -0.7199 0.1365 0.6805
vn -0.7222 0.1334 0.6787
vn -0.6987 0.1582 0.6977
vn -0.6502 0.3458 0.6765
vn -0.6729 0.3254 0.6643
vn -0.6522 0.3426 0.6762
vn -0.6956 0.2185 0.6844
vn -0.6835 0.2553 0.6839
vn -0.6891 0.2887 0.6647
vn -0.7067 0.1814 0.6839
vn -0.6666 0.3328 0.6670
vn -0.7372 0.1365 0.6617
vn -0.7220 0.1362 0.6783
vn -0.6686 0.2997 0.6805
vn -0.6625 0.2629 0.7014
vn -0.6636 0.2700 0.6976
vn -0.7417 0.1478 0.6543
vn -0.7301 0.1571 0.6650
vn -0.7343 0.0878 0.6732
vn -0.7342 0.0845 0.6737
vn -0.7596 0.1452 0.6340
vn -0.7399 0.1167 0.6625
vn -0.7397 0.1051 0.6647
vn -0.7764 0.2439 0.5811
vn -0.7977 0.1676 0.5793
vn -0.7514 0.3212 0.5765
vn -0.6937 0.1633 0.7015
vn -0.6688 0.3035 0.6787
vn -0.7503 0.3188 0.5792
vn -0.7503 0.3187 0.5792
vn -0.6834 0.2553 0.6839
vn -0.7067 0.1815 0.6839
vn -0.7304 0.1963 0.6542
vn -0.7076 0.1980 0.6783
vn -0.7216 0.2036 0.6617
vn -0.8156 0.0451 0.5768
vn -0.8109 0.0378 0.5839
vn -0.7712 0.1202 0.6252
vn -0.6599 0.2436 0.7108
vn -0.6730 0.2476 0.6969
vn -0.6315 0.2389 0.7377
vn -0.7451 0.2062 0.6343
vn -0.7830 0.2108 0.5852
vn -0.6743 -0.0350 0.7377
vn -0.7167 -0.0306 0.6968
vn -0.7032 -0.0315 0.7103
vn -0.7322 0.0277 0.6805
vn -0.7341 0.0244 0.6787
vn -0.7145 0.0523 0.6977
vn -0.6945 0.2450 0.6765
vn -0.7140 0.2215 0.6642
vn -0.6960 0.2416 0.6762
vn -0.7204 0.1124 0.6844
vn -0.7139 0.1506 0.6839
vn -0.7244 0.1828 0.6647
vn -0.7258 0.0740 0.6839
vn -0.7087 0.2297 0.6671
vn -0.7494 0.0252 0.6617
vn -0.7343 0.0270 0.6783
vn -0.7058 0.1967 0.6805
vn -0.6943 0.1611 0.7015
vn -0.6965 0.1679 0.6976
vn -0.7555 0.0356 0.6542
vn -0.7454 0.0465 0.6650
vn -0.7389 -0.0223 0.6734
vn -0.7385 -0.0259 0.6737
vn -0.7728 0.0303 0.6340
vn -0.7490 0.0052 0.6625
vn -0.7471 -0.0063 0.6647
vn -0.8041 0.1255 0.5810
vn -0.8138 0.0468 0.5793
vn -0.7908 0.2056 0.5765
vn -0.7103 0.0581 0.7015
vn -0.7066 0.2005 0.6786
vn -0.7894 0.2034 0.5792
vn -0.7258 0.0741 0.6839
vn -0.7432 -0.1403 0.6542
vn -0.7234 -0.1289 0.6783
vn -0.7384 -0.1298 0.6617
vn -0.7543 -0.3135 0.5768
vn -0.7469 -0.3180 0.5839
vn -0.7468 -0.2265 0.6253
vn -0.7003 -0.0665 0.7108
vn -0.7138 -0.0691 0.6969
vn -0.6726 -0.0590 0.7377
vn -0.7607 -0.1377 0.6343
vn -0.7969 -0.1501 0.5852
vn -0.5922 -0.3243 0.7377
vn -0.6323 -0.3388 0.6968
vn -0.6197 -0.3338 0.7103
vn -0.6716 -0.2929 0.6805
vn -0.6718 -0.2967 0.6787
vn -0.6664 -0.2631 0.6976
vn -0.7320 -0.0807 0.6765
vn -0.7393 -0.1104 0.6642
vn -0.7318 -0.0845 0.6762
vn -0.6978 -0.2115 0.6844
vn -0.7085 -0.1743 0.6839
vn -0.7319 -0.1499 0.6647
vn -0.6860 -0.2484 0.6839
vn -0.7382 -0.1007 0.6670
vn -0.6860 -0.3027 0.6617
vn -0.6732 -0.2944 0.6783
vn -0.7212 -0.1292 0.6805
vn -0.6954 -0.1563 0.7015
vn -0.7003 -0.1512 0.6976
vn -0.6960 -0.2959 0.6542
vn -0.6917 -0.2817 0.6650
vn -0.6560 -0.3408 0.6734
vn -0.6541 -0.3440 0.6737
vn -0.7093 -0.3082 0.6340
vn -0.6770 -0.3205 0.6625
vn -0.6703 -0.3300 0.6647
vn -0.7085 -0.1742 0.6839
vn -0.7789 -0.2360 0.5811
vn -0.7534 -0.3111 0.5793
vn -0.8017 -0.1581 0.5765
vn -0.6651 -0.2561 0.7015
vn -0.7235 -0.1262 0.6787
vn -0.7994 -0.1595 0.5792
vn -0.7667 -0.2769 0.5792
vn -0.7169 -0.3881 0.5792
vn -0.1437 -0.8024 0.5792
vn 0.0992 -0.8091 0.5792
vn 0.4405 -0.6860 0.5792
vn 0.7129 -0.3951 0.5793
vn 0.7503 -0.3187 0.5792
vn 0.4473 0.6814 0.5793
vt 0.615583 0.949930
vt 0.615583 0.940479
vt 0.615583 0.919253
vt 0.615583 0.895462
vt 0.615583 0.877832
vt 0.615583 0.998204
vt 0.615583 0.847334
vt 0.615583 0.857677
vt 0.615583 0.848657
vt 0.615583 0.858396
vt 0.615583 0.875899
vt 0.615583 0.848650
vt 0.615583 0.857704
vt 0.615583 0.846474
vt 0.615583 0.929461
vt 0.615583 0.911544
vt 0.615583 0.910760
vt 0.615583 0.869238
vt 0.615583 0.854602
vt 0.615583 0.884311
vt 0.615583 0.857677
vt 0.615583 0.847334
vt 0.615583 0.858396
vt 0.615583 0.998266
vt 0.615583 0.972915
vt 0.615583 0.966661
vt 0.615583 0.998291
vt 0.615583 0.979138
vt 0.615583 0.985412
vt 0.615583 0.897079
vt 0.615583 0.919246
vt 0.615583 0.940473
vt 0.615583 0.929467
vt 0.615583 0.912802
vt 0.615583 0.910765
vt 0.615583 0.949930
vt 0.615583 0.966655
vt 0.615583 0.884303
vt 0.615583 0.846474
vt 0.615583 0.868593
vt 0.615583 0.858492
vt 0.615583 0.857705
vt 0.615583 0.851649
vt 0.615583 0.897078
vt 0.615583 0.998291
vt 0.615583 0.998430
vt 0.615583 0.985417
vt 0.615583 0.998923
vt 0.615583 0.972082
vt 0.615583 0.947878
vt 0.615583 0.891843
vt 0.615583 0.912797
vt 0.615583 0.911550
vt 0.615583 0.926799
vt 0.615583 0.947884
vt 0.615583 0.998430
vt 0.615583 0.979144
vt 0.615583 0.972909
vt 0.615583 0.926791
vt 0.615583 0.972089
vt 0.615583 0.998927
s 1
f 16/1/1 15/2/2 17/3/3
f 27/4/4 32/5/5 1/6/6
f 12/7/7 13/8/8 14/9/9
f 1/6/6 6/10/10 7/11/11
f 34/12/12 36/13/13 35/14/14
f 43/15/15 42/16/16 41/17/17
f 10/18/18 11/19/19 9/20/20
f 13/21/8 12/22/7 10/18/18
f 17/3/3 11/19/19 6/23/10
f 53/24/21 24/25/22 23/26/23
f 52/27/21 51/28/24 50/29/24
f 8/30/25 9/20/20 11/19/19
f 44/31/26 43/15/15 46/32/27
f 17/3/3 8/30/25 11/19/19
f 18/33/28 26/34/29 20/35/30
f 44/31/26 46/32/27 45/36/31
f 15/2/2 18/33/28 17/3/3
f 17/3/3 23/26/23 16/1/1
f 44/31/26 45/36/31 48/37/32
f 40/38/33 35/39/14 38/40/34
f 48/37/32 1/6/6 33/41/35
f 35/39/14 36/42/13 38/40/34
f 37/43/36 40/38/33 39/44/37
f 52/45/21 22/46/21 21/47/22
f 37/43/36 39/44/37 44/31/26
f 31/48/38 30/49/39 29/50/39
f 1/6/6 7/11/11 5/51/40
f 47/52/41 43/15/15 41/17/17
f 18/33/28 19/53/42 17/3/3
f 32/5/5 33/41/35 1/6/6
f 4/54/43 2/55/43 1/6/6
f 53/24/21 1/6/6 48/37/32
f 22/56/21 52/27/21 50/29/24
f 52/45/21 25/57/22 24/25/22
f 53/24/21 49/58/44 52/27/21
f 1/6/6 53/24/21 23/26/23
f 69/1/45 68/2/46 70/3/47
f 80/4/48 85/5/49 54/6/50
f 65/7/51 66/8/52 67/9/53
f 54/6/50 59/10/54 60/11/55
f 87/12/56 89/13/57 88/14/58
f 96/15/59 95/16/60 94/17/61
f 63/18/62 64/19/63 62/20/64
f 66/21/52 65/22/51 63/18/62
f 70/3/47 64/19/63 59/23/54
f 106/24/65 77/25/66 76/26/67
f 105/27/68 104/28/69 103/29/70
f 61/30/71 62/20/64 64/19/63
f 97/31/72 96/15/59 99/32/73
f 70/3/47 61/30/71 64/19/63
f 71/33/74 79/34/75 73/35/76
f 97/31/72 99/32/73 98/36/77
f 68/2/46 71/33/74 70/3/47
f 70/3/47 76/26/67 69/1/45
f 97/31/72 98/36/77 101/37/78
f 93/38/79 88/39/58 91/40/80
f 101/37/78 54/6/50 86/41/81
f 88/39/58 89/42/57 91/40/80
f 90/43/82 93/38/79 92/44/83
f 105/45/68 75/46/65 74/47/84
f 90/43/82 92/44/83 97/31/72
f 84/48/85 83/49/86 82/50/87
f 54/6/50 60/11/55 58/51/88
f 100/52/89 96/15/59 94/17/61
f 71/33/74 72/53/90 70/3/47
f 85/5/49 86/41/81 54/6/50
f 57/54/91 55/55/91 54/6/50
f 106/24/65 54/6/50 101/37/78
f 75/56/65 105/27/68 103/29/70
f 105/45/68 78/57/92 77/25/66
f 106/24/65 102/58/70 105/27/68
f 54/6/50 106/24/65 76/26/67
f 122/1/93 121/2/94 123/3/95
f 133/4/96 138/5/97 107/6/98
f 118/7/99 119/8/100 120/9/101
f 107/6/98 112/10/102 113/11/103
f 140/12/104 142/13/105 141/14/106
f 149/15/107 148/16/108 147/17/109
f 116/18/110 117/19/111 115/20/112
f 119/21/100 118/22/99 116/18/110
f 123/3/95 117/19/111 112/23/102
f 159/24/113 130/25/114 129/26/115
f 158/27/113 157/28/116 156/29/117
f 114/30/118 115/20/112 117/19/111
f 150/31/119 149/15/107 152/32/120
f 123/3/95 114/30/118 117/19/111
f 124/33/121 132/34/122 126/35/123
f 150/31/119 152/32/120 151/36/124
f 121/2/94 124/33/121 123/3/95
f 123/3/95 129/26/115 122/1/93
f 150/31/119 151/36/124 154/37/125
f 146/38/126 141/39/106 144/40/127
f 154/37/125 107/6/98 139/41/128
f 141/39/106 142/42/105 144/40/127
f 143/43/129 146/38/126 145/44/130
f 158/45/113 128/46/113 127/47/114
f 143/43/129 145/44/130 150/31/119
f 137/48/131 136/49/132 135/50/132
f 107/6/98 113/11/103 111/51/133
f 153/52/134 149/15/107 147/17/109
f 124/33/121 125/53/135 123/3/95
f 138/5/97 139/41/128 107/6/98
f 110/54/136 108/55/136 107/6/98
f 159/24/113 107/6/98 154/37/125
f 128/56/113 158/27/113 156/29/117
f 158/45/113 131/57/114 130/25/114
f 159/24/113 155/58/116 158/27/113
f 107/6/98 159/24/113 129/26/115
f 175/1/137 174/2/138 176/3/139
f 186/4/140 191/5/141 160/6/142
f 171/7/143 172/8/144 173/9/145
f 160/6/142 165/10/146 166/11/147
f 193/12/148 195/13/149 194/14/150
f 202/15/151 201/16/152 200/17/153
f 169/18/154 170/19/155 168/20/156
f 172/21/144 171/22/143 169/18/154
f 176/3/139 170/19/155 165/23/146
f 212/24/157 183/25/158 182/26/159
f 211/27/157 210/28/160 209/29/160
f 167/30/161 168/20/156 170/19/155
f 203/31/162 202/15/151 205/32/163
f 176/3/139 167/30/161 170/19/155
f 177/33/164 185/34/165 179/35/166
f 203/31/162 205/32/163 204/36/167
f 174/2/138 177/33/164 176/3/139
f 176/3/139 182/26/159 175/1/137
f 203/31/162 204/36/167 207/37/168
f 199/38/169 194/39/150 197/40/170
f 207/37/168 160/6/142 192/41/171
f 194/39/150 195/42/149 197/40/170
f 196/43/172 199/38/169 198/44/173
f 211/45/157 181/46/157 180/47/158
f 196/43/172 198/44/173 203/31/162
f 190/48/174 189/49/175 188/50/176
f 160/6/142 166/11/147 164/51/177
f 206/52/178 202/15/151 200/17/153
f 177/33/164 178/53/179 176/3/139
f 191/5/141 192/41/171 160/6/142
f 163/54/180 161/55/180 160/6/142
f 212/24/157 160/6/142 207/37/168
f 181/56/157 211/27/157 209/29/160
f 211/45/157 184/57/158 183/25/158
f 212/24/157 208/58/160 211/27/157
f 160/6/142 212/24/157 182/26/159
f 228/1/181 227/2/182 229/3/183
f 239/4/184 244/5/185 213/6/186
f 224/7/187 225/8/188 226/9/189
f 213/6/186 218/10/190 219/11/191
f 246/12/192 248/13/193 247/14/194
f 255/15/195 254/16/196 253/17/197
f 222/18/198 223/19/199 221/20/200
f 225/21/188 224/22/187 222/18/198
f 229/3/183 223/19/199 218/23/190
f 265/24/201 236/25/202 235/26/203
f 264/27/201 263/28/204 262/29/204
f 220/30/205 221/20/200 223/19/199
f 256/31/206 255/15/195 258/32/207
f 229/3/183 220/30/205 223/19/199
f 230/33/208 238/34/209 232/35/210
f 256/31/206 258/32/207 257/36/211
f 227/2/182 230/33/208 229/3/183
f 229/3/183 235/26/203 228/1/181
f 256/31/206 257/36/211 260/37/212
f 252/38/213 247/39/194 250/40/214
f 260/37/212 213/6/186 245/41/215
f 247/39/194 248/42/193 250/40/214
f 249/43/216 252/38/213 251/44/217
f 264/45/201 234/46/201 233/47/202
f 249/43/216 251/44/217 256/31/206
f 243/48/218 242/49/219 241/50/219
f 213/6/186 219/11/191 217/51/220
f 259/52/221 255/15/195 253/17/197
f 230/33/208 231/53/222 229/3/183
f 244/5/185 245/41/215 213/6/186
f 216/54/223 214/55/224 213/6/186
f 265/24/201 213/6/186 260/37/212
f 234/56/201 264/27/201 262/29/204
f 264/45/201 237/57/202 236/25/202
f 265/24/201 261/58/204 264/27/201
f 213/6/186 265/24/201 235/26/203
f 281/1/225 280/2/226 282/3/227
f 292/4/228 297/5/229 266/6/230
f 277/7/231 278/8/232 279/9/233
f 266/6/230 271/10/234 272/11/235
f 299/12/236 301/13/237 300/14/238
f 308/15/239 307/16/240 306/17/241
f 275/18/242 276/19/243 274/20/244
f 278/21/232 277/22/231 275/18/242
f 282/3/227 276/19/243 271/23/234
f 318/24/245 289/25/246 288/26/247
f 317/27/245 316/28/248 315/29/249
f 273/30/250 274/20/244 276/19/243
f 309/31/251 308/15/239 311/32/252
f 282/3/227 273/30/250 276/19/243
f 283/33/253 291/34/254 285/35/255
f 309/31/251 311/32/252 310/36/256
f 280/2/226 283/33/253 282/3/227
f 282/3/227 288/26/247 281/1/225
f 309/31/251 310/36/256 313/37/257
f 305/38/258 300/39/238 303/40/259
f 313/37/257 266/6/230 298/41/260
f 300/39/238 301/42/237 303/40/259
f 302/43/261 305/38/258 304/44/262
f 317/45/245 287/46/263 286/47/264
f 302/43/261 304/44/262 309/31/251
f 296/48/265 295/49/266 294/50/267
f 266/6/230 272/11/235 270/51/268
f 312/52/269 308/15/239 306/17/241
f 283/33/253 284/53/270 282/3/227
f 297/5/229 298/41/260 266/6/230
f 269/54/271 267/55/271 266/6/230
f 318/24/245 266/6/230 313/37/257
f 287/56/263 317/27/245 315/29/249
f 317/45/245 290/57/246 289/25/246
f 318/24/245 314/58/249 317/27/245
f 266/6/230 318/24/245 288/26/247
f 334/1/272 333/2/273 335/3/274
f 345/4/275 350/5/276 319/6/277
f 330/7/278 331/8/279 332/9/280
f 319/6/277 324/10/281 325/11/282
f 352/12/283 354/13/284 353/14/285
f 361/15/286 360/16/287 359/17/288
f 328/18/289 329/19/290 327/20/291
f 331/21/279 330/22/278 328/18/289
f 335/3/274 329/19/290 324/23/281
f 371/24/292 342/25/293 341/26/294
f 370/27/292 369/28/295 368/29/296
f 326/30/297 327/20/291 329/19/290
f 362/31/298 361/15/286 364/32/299
f 335/3/274 326/30/297 329/19/290
f 336/33/300 344/34/301 338/35/302
f 362/31/298 364/32/299 363/36/303
f 333/2/273 336/33/300 335/3/274
f 335/3/274 341/26/294 334/1/272
f 362/31/298 363/36/303 366/37/304
f 358/38/305 353/39/285 356/40/306
f 366/37/304 319/6/277 351/41/307
f 353/39/285 354/42/284 356/40/306
f 355/43/308 358/38/305 357/44/309
f 370/45/292 340/46/292 339/47/293
f 355/43/308 357/44/309 362/31/298
f 349/48/310 348/49/311 347/50/311
f 319/6/277 325/11/282 323/51/312
f 365/52/313 361/15/286 359/17/288
f 336/33/300 337/53/314 335/3/274
f 350/5/276 351/41/307 319/6/277
f 322/54/315 320/55/316 319/6/277
f 371/24/292 319/6/277 366/37/304
f 340/56/292 370/27/292 368/29/296
f 370/45/292 343/57/293 342/25/293
f 371/24/292 367/58/296 370/27/292
f 319/6/277 371/24/292 341/26/294
f 387/1/317 386/2/318 388/3/319
f 398/4/320 403/5/321 372/6/322
f 383/7/323 384/8/324 385/9/325
f 372/6/322 377/10/326 378/11/327
f 405/12/328 407/13/329 406/14/330
f 414/15/331 413/16/332 412/17/333
f 381/18/334 382/19/335 380/20/336
f 384/21/324 383/22/323 381/18/334
f 388/3/319 382/19/335 377/23/326
f 424/24/337 395/25/338 394/26/339
f 423/27/337 422/28/340 421/29/341
f 379/30/342 380/20/336 382/19/335
f 415/31/343 414/15/331 417/32/344
f 388/3/319 379/30/342 382/19/335
f 389/33/345 397/34/346 391/35/347
f 415/31/343 417/32/344 416/36/348
f 386/2/318 389/33/345 388/3/319
f 388/3/319 394/26/339 387/1/317
f 415/31/343 416/36/348 419/37/349
f 411/38/350 406/39/330 409/40/351
f 419/37/349 372/6/322 404/41/352
f 406/39/330 407/42/329 409/40/351
f 408/43/353 411/38/350 410/44/354
f 423/45/337 393/46/337 392/47/338
f 408/43/353 410/44/354 415/31/343
f 402/48/355 401/49/356 400/50/356
f 372/6/322 378/11/327 376/51/357
f 418/52/358 414/15/331 412/17/333
f 389/33/345 390/53/359 388/3/319
f 403/5/321 404/41/352 372/6/322
f 375/54/360 373/55/360 372/6/322
f 424/24/337 372/6/322 419/37/349
f 393/56/337 423/27/337 421/29/341
f 423/45/337 396/57/338 395/25/338
f 424/24/337 420/58/341 423/27/337
f 372/6/322 424/24/337 394/26/339
f 440/1/361 439/2/362 441/3/363
f 451/4/364 456/5/365 425/6/366
f 436/7/367 437/8/368 438/9/369
f 425/6/366 430/10/370 431/11/371
f 458/12/372 460/13/373 459/14/374
f 467/15/375 466/16/376 465/17/377
f 434/18/378 435/19/379 433/20/380
f 437/21/368 436/22/367 434/18/378
f 441/3/363 435/19/379 430/23/370
f 477/24/381 448/25/382 447/26/383
f 476/27/381 475/28/384 474/29/384
f 432/30/385 433/20/380 435/19/379
f 468/31/386 467/15/375 470/32/387
f 441/3/363 432/30/385 435/19/379
f 442/33/388 450/34/389 444/35/390
f 468/31/386 470/32/387 469/36/391
f 439/2/362 442/33/388 441/3/363
f 441/3/363 447/26/383 440/1/361
f 468/31/386 469/36/391 472/37/392
f 464/38/393 459/39/374 462/40/394
f 472/37/392 425/6/366 457/41/395
f 459/39/374 460/42/373 462/40/394
f 461/43/396 464/38/393 463/44/397
f 476/45/381 446/46/381 445/47/382
f 461/43/396 463/44/397 468/31/386
f 455/48/398 454/49/399 453/50/400
f 425/6/366 431/11/371 429/51/401
f 471/52/402 467/15/375 465/17/377
f 442/33/388 443/53/403 441/3/363
f 456/5/365 457/41/395 425/6/366
f 428/54/404 426/55/405 425/6/366
f 477/24/381 425/6/366 472/37/392
f 446/56/381 476/27/381 474/29/384
f 476/45/381 449/57/382 448/25/382
f 477/24/381 473/58/384 476/27/381
f 425/6/366 477/24/381 447/26/383
f 493/1/406 492/2/407 494/3/408
f 504/4/409 509/5/410 478/6/411
f 489/7/412 490/8/413 491/9/414
f 478/6/411 483/10/415 484/11/416
f 511/12/417 513/13/418 512/14/419
f 520/15/420 519/16/421 518/17/422
f 487/18/423 488/19/424 486/20/425
f 490/21/413 489/22/412 487/18/423
f 494/3/408 488/19/424 483/23/415
f 530/24/426 501/25/427 500/26/428
f 529/27/426 528/28/429 527/29/430
f 485/30/431 486/20/425 488/19/424
f 521/31/432 520/15/420 523/32/433
f 494/3/408 485/30/431 488/19/424
f 495/33/434 503/34/435 497/35/436
f 521/31/432 523/32/433 522/36/437
f 492/2/407 495/33/434 494/3/408
f 494/3/408 500/26/428 493/1/406
f 521/31/432 522/36/437 525/37/438
f 517/38/439 512/39/419 515/40/440
f 525/37/438 478/6/411 510/41/441
f 512/39/419 513/42/418 515/40/440
f 514/43/442 517/38/439 516/44/443
f 529/45/426 499/46/426 498/47/427
f 514/43/442 516/44/443 521/31/432
f 508/48/444 507/49/445 506/50/445
f 478/6/411 484/11/416 482/51/446
f 524/52/447 520/15/420 518/17/422
f 495/33/434 496/53/448 494/3/408
f 509/5/410 510/41/441 478/6/411
f 481/54/449 479/55/449 478/6/411
f 530/24/426 478/6/411 525/37/438
f 499/56/426 529/27/426 527/29/430
f 529/45/426 502/57/427 501/25/427
f 530/24/426 526/58/450 529/27/426
f 478/6/411 530/24/426 500/26/428
f 546/1/451 545/2/452 547/3/453
f 557/4/454 562/5/455 531/6/456
f 542/7/457 543/8/458 544/9/459
f 531/6/456 536/10/460 537/11/461
f 564/12/462 566/13/463 565/14/464
f 573/15/465 572/16/466 571/17/467
f 540/18/468 541/19/469 539/20/470
f 543/21/458 542/22/457 540/18/468
f 547/3/453 541/19/469 536/23/460
f 583/24/471 554/25/472 553/26/473
f 582/27/474 581/28/475 580/29/475
f 538/30/476 539/20/470 541/19/469
f 574/31/477 573/15/465 576/32/478
f 547/3/453 538/30/476 541/19/469
f 548/33/479 556/34/480 550/35/481
f 574/31/477 576/32/478 575/36/482
f 545/2/452 548/33/479 547/3/453
f 547/3/453 553/26/473 546/1/451
f 574/31/477 575/36/482 578/37/483
f 570/38/484 565/39/464 568/40/485
f 578/37/483 531/6/456 563/41/486
f 565/39/464 566/42/463 568/40/485
f 567/43/487 570/38/484 569/44/488
f 582/45/474 552/46/471 551/47/472
f 567/43/487 569/44/488 574/31/477
f 561/48/489 560/49/490 559/50/490
f 531/6/456 537/11/461 535/51/491
f 577/52/492 573/15/465 571/17/467
f 548/33/479 549/53/493 547/3/453
f 562/5/455 563/41/486 531/6/456
f 534/54/494 532/55/494 531/6/456
f 583/24/471 531/6/456 578/37/483
f 552/56/471 582/27/474 580/29/475
f 582/45/474 555/57/472 554/25/472
f 583/24/471 579/58/475 582/27/474
f 531/6/456 583/24/471 553/26/473
f 599/1/495 598/2/496 600/3/497
f 610/4/498 615/5/499 584/6/500
f 595/7/501 596/8/502 597/9/503
f 584/6/500 589/10/504 590/11/505
f 617/12/506 619/13/507 618/14/508
f 626/15/509 625/16/510 624/17/511
f 593/18/512 594/19/513 592/20/514
f 596/21/502 595/22/501 593/18/512
f 600/3/497 594/19/513 589/23/504
f 636/24/515 607/25/516 606/26/517
f 635/27/515 634/28/518 633/29/519
f 591/30/520 592/20/514 594/19/513
f 627/31/521 626/15/509 629/32/522
f 600/3/497 591/30/520 594/19/513
f 601/33/523 609/34/524 603/35/525
f 627/31/521 629/32/522 628/36/526
f 598/2/496 601/33/523 600/3/497
f 600/3/497 606/26/517 599/1/495
f 627/31/521 628/36/526 631/37/527
f 623/38/528 618/39/508 621/40/529
f 631/37/527 584/6/500 616/41/530
f 618/39/508 619/42/507 621/40/529
f 620/43/531 623/38/528 622/44/532
f 635/45/515 605/46/533 604/47/534
f 620/43/531 622/44/532 627/31/521
f 614/48/535 613/49/536 612/50/536
f 584/6/500 590/11/505 588/51/537
f 630/52/538 626/15/509 624/17/511
f 601/33/523 602/53/539 600/3/497
f 615/5/499 616/41/530 584/6/500
f 587/54/540 585/55/540 584/6/500
f 636/24/515 584/6/500 631/37/527
f 605/56/533 635/27/515 633/29/519
f 635/45/515 608/57/534 607/25/516
f 636/24/515 632/58/519 635/27/515
f 584/6/500 636/24/515 606/26/517
f 652/1/541 651/2/542 653/3/543
f 663/4/544 668/5/545 637/6/546
f 648/7/547 649/8/548 650/9/549
f 637/6/546 642/10/550 643/11/551
f 670/12/552 672/13/553 671/14/554
f 679/15/555 678/16/556 677/17/557
f 646/18/558 647/19/559 645/20/560
f 649/21/548 648/22/547 646/18/558
f 653/3/543 647/19/559 642/23/550
f 689/24/561 660/25/562 659/26/563
f 688/27/561 687/28/564 686/29/564
f 644/30/565 645/20/560 647/19/559
f 680/31/566 679/15/555 682/32/567
f 653/3/543 644/30/565 647/19/559
f 654/33/568 662/34/569 656/35/570
f 680/31/566 682/32/567 681/36/571
f 651/2/542 654/33/568 653/3/543
f 653/3/543 659/26/563 652/1/541
f 680/31/566 681/36/571 684/37/572
f 676/38/573 671/39/554 674/40/574
f 684/37/572 637/6/546 669/41/575
f 671/39/554 672/42/553 674/40/574
f 673/43/576 676/38/573 675/44/577
f 688/45/561 658/46/561 657/47/578
f 673/43/576 675/44/577 680/31/566
f 667/48/579 666/49/580 665/50/580
f 637/6/546 643/11/551 641/51/581
f 683/52/582 679/15/555 677/17/557
f 654/33/568 655/53/583 653/3/543
f 668/5/545 669/41/575 637/6/546
f 640/54/584 638/55/584 637/6/546
f 689/24/561 637/6/546 684/37/572
f 658/56/561 688/27/561 686/29/564
f 688/45/561 661/57/578 660/25/562
f 689/24/561 685/58/585 688/27/561
f 637/6/546 689/24/561 659/26/563
f 705/1/586 704/2/587 706/3/588
f 716/4/589 721/5/590 690/6/591
f 701/7/592 702/8/593 703/9/594
f 690/6/591 695/10/595 696/11/596
f 723/12/597 725/13/598 724/14/599
f 732/15/600 731/16/601 730/17/602
f 699/18/603 700/19/604 698/20/605
f 702/21/593 701/22/592 699/18/603
f 706/3/588 700/19/604 695/23/595
f 742/24/606 713/25/607 712/26/608
f 741/27/606 740/28/609 739/29/610
f 697/30/611 698/20/605 700/19/604
f 733/31/612 732/15/600 735/32/613
f 706/3/588 697/30/611 700/19/604
f 707/33/614 715/34/615 709/35/616
f 733/31/612 735/32/613 734/36/617
f 704/2/587 707/33/614 706/3/588
f 706/3/588 712/26/608 705/1/586
f 733/31/612 734/36/617 737/37/618
f 729/38/619 724/39/599 727/40/620
f 737/37/618 690/6/591 722/41/621
f 724/39/599 725/42/598 727/40/620
f 726/43/622 729/38/619 728/44/623
f 741/45/606 711/46/606 710/47/607
f 726/43/622 728/44/623 733/31/612
f 720/48/624 719/49/625 718/50/625
f 690/6/591 696/11/596 694/51/626
f 736/52/627 732/15/600 730/17/602
f 707/33/614 708/53/628 706/3/588
f 721/5/590 722/41/621 690/6/591
f 693/54/629 691/55/630 690/6/591
f 742/24/606 690/6/591 737/37/618
f 711/56/606 741/27/606 739/29/610
f 741/45/606 714/57/607 713/25/607
f 742/24/606 738/58/610 741/27/606
f 690/6/591 742/24/606 712/26/608
f 758/1/631 757/2/632 759/3/633
f 769/4/634 774/5/635 743/6/636
f 754/7/637 755/8/638 756/9/639
f 743/6/636 748/10/640 749/11/641
f 776/12/642 778/13/643 777/14/644
f 785/15/645 784/16/646 783/17/647
f 752/18/648 753/19/649 751/20/650
f 755/21/638 754/22/637 752/18/648
f 759/3/633 753/19/649 748/23/640
f 795/24/651 766/25/652 765/26/653
f 794/27/651 793/28/654 792/29/655
f 750/30/656 751/20/650 753/19/649
f 786/31/657 785/15/645 788/32/658
f 759/3/633 750/30/656 753/19/649
f 760/33/659 768/34/660 762/35/661
f 786/31/657 788/32/658 787/36/662
f 757/2/632 760/33/659 759/3/633
f 759/3/633 765/26/653 758/1/631
f 786/31/657 787/36/662 790/37/663
f 782/38/664 777/39/644 780/40/665
f 790/37/663 743/6/636 775/41/666
f 777/39/644 778/42/643 780/40/665
f 779/43/667 782/38/664 781/44/668
f 794/45/651 764/46/669 763/47/652
f 779/43/667 781/44/668 786/31/657
f 773/48/670 772/49/671 771/50/671
f 743/6/636 749/11/641 747/51/672
f 789/52/673 785/15/645 783/17/647
f 760/33/659 761/53/674 759/3/633
f 774/5/635 775/41/666 743/6/636
f 746/54/675 744/55/675 743/6/636
f 795/24/651 743/6/636 790/37/663
f 764/56/669 794/27/651 792/29/655
f 794/45/651 767/57/652 766/25/652
f 795/24/651 791/58/655 794/27/651
f 743/6/636 795/24/651 765/26/653
f 811/1/676 810/2/677 812/3/678
f 822/4/679 827/5/680 796/6/681
f 807/7/682 808/8/683 809/9/684
f 796/6/681 801/10/685 802/11/686
f 829/12/687 831/13/688 830/14/689
f 838/15/690 837/16/691 836/17/692
f 805/18/693 806/19/694 804/20/695
f 808/21/683 807/22/682 805/18/693
f 812/3/678 806/19/694 801/23/685
f 848/24/696 819/25/697 818/26/698
f 847/27/696 846/28/699 845/29/699
f 803/30/700 804/20/695 806/19/694
f 839/31/701 838/15/690 841/32/702
f 812/3/678 803/30/700 806/19/694
f 813/33/703 821/34/704 815/35/705
f 839/31/701 841/32/702 840/36/706
f 810/2/677 813/33/703 812/3/678
f 812/3/678 818/26/698 811/1/676
f 839/31/701 840/36/706 843/37/707
f 835/38/708 830/39/689 833/40/709
f 843/37/707 796/6/681 828/41/710
f 830/39/689 831/42/688 833/40/709
f 832/43/711 835/38/708 834/44/712
f 847/45/696 817/46/696 816/47/697
f 832/43/711 834/44/712 839/31/701
f 826/48/713 825/49/714 824/50/714
f 796/6/681 802/11/686 800/51/715
f 842/52/716 838/15/690 836/17/692
f 813/33/703 814/53/717 812/3/678
f 827/5/680 828/41/710 796/6/681
f 799/54/718 797/55/719 796/6/681
f 848/24/696 796/6/681 843/37/707
f 817/56/696 847/27/696 845/29/699
f 847/45/696 820/57/720 819/25/697
f 848/24/696 844/58/699 847/27/696
f 796/6/681 848/24/696 818/26/698
f 864/1/721 863/2/722 865/3/723
f 875/4/724 880/5/725 849/6/726
f 860/7/727 861/8/728 862/9/729
f 849/6/726 854/10/730 855/11/731
f 882/12/732 884/13/733 883/14/734
f 891/15/735 890/16/736 889/17/737
f 858/18/738 859/19/739 857/20/740
f 861/21/728 860/22/727 858/18/738
f 865/3/723 859/19/739 854/23/730
f 901/24/741 872/25/742 871/26/743
f 900/27/741 899/28/744 898/29/744
f 856/30/745 857/20/740 859/19/739
f 892/31/746 891/15/735 894/32/747
f 865/3/723 856/30/745 859/19/739
f 866/33/748 874/34/749 868/35/750
f 892/31/746 894/32/747 893/36/751
f 863/2/722 866/33/748 865/3/723
f 865/3/723 871/26/743 864/1/721
f 892/31/746 893/36/751 896/37/752
f 888/38/753 883/39/734 886/40/754
f 896/37/752 849/6/726 881/41/755
f 883/39/734 884/42/733 886/40/754
f 885/43/756 888/38/753 887/44/757
f 900/45/741 870/46/741 869/47/742
f 885/43/756 887/44/757 892/31/746
f 879/48/758 878/49/759 877/50/760
f 849/6/726 855/11/731 853/51/761
f 895/52/762 891/15/735 889/17/737
f 866/33/748 867/53/763 865/3/723
f 880/5/725 881/41/755 849/6/726
f 852/54/764 850/55/764 849/6/726
f 901/24/741 849/6/726 896/37/752
f 870/56/741 900/27/741 898/29/744
f 900/45/741 873/57/742 872/25/742
f 901/24/741 897/58/744 900/27/741
f 849/6/726 901/24/741 871/26/743
f 917/1/765 916/2/766 918/3/767
f 928/4/768 933/5/769 902/6/770
f 913/7/771 914/8/772 915/9/773
f 902/6/770 907/10/774 908/11/775
f 935/12/776 937/13/777 936/14/778
f 944/15/779 943/16/780 942/17/781
f 911/18/782 912/19/783 910/20/784
f 914/21/772 913/22/771 911/18/782
f 918/3/767 912/19/783 907/23/774
f 954/24/785 925/25/786 924/26/787
f 953/27/785 952/28/788 951/29/788
f 909/30/789 910/20/784 912/19/783
f 945/31/790 944/15/779 947/32/791
f 918/3/767 909/30/789 912/19/783
f 919/33/792 927/34/793 921/35/794
f 945/31/790 947/32/791 946/36/795
f 916/2/766 919/33/792 918/3/767
f 918/3/767 924/26/787 917/1/765
f 945/31/790 946/36/795 949/37/796
f 941/38/797 936/39/778 939/40/798
f 949/37/796 902/6/770 934/41/799
f 936/39/778 937/42/777 939/40/798
f 938/43/800 941/38/797 940/44/801
f 953/45/785 923/46/785 922/47/802
f 938/43/800 940/44/801 945/31/790
f 932/48/803 931/49/804 930/50/804
f 902/6/770 908/11/775 906/51/805
f 948/52/806 944/15/779 942/17/781
f 919/33/792 920/53/807 918/3/767
f 933/5/769 934/41/799 902/6/770
f 905/54/808 903/55/809 902/6/770
f 954/24/785 902/6/770 949/37/796
f 923/56/785 953/27/785 951/29/788
f 953/45/785 926/57/786 925/25/786
f 954/24/785 950/58/788 953/27/785
f 902/6/770 954/24/785 924/26/787
f 970/1/810 969/2/811 971/3/812
f 981/4/813 986/5/814 955/6/815
f 966/7/816 967/8/817 968/9/818
f 955/6/815 960/10/819 961/11/820
f 988/12/821 990/13/822 989/14/823
f 997/15/824 996/16/825 995/17/826
f 964/18/827 965/19/828 963/20/829
f 967/21/817 966/22/816 964/18/827
f 971/3/812 965/19/828 960/23/819
f 1007/24/830 978/25/831 977/26/832
f 1006/27/830 1005/28/833 1004/29/833
f 962/30/834 963/20/829 965/19/828
f 998/31/835 997/15/824 1000/32/836
f 971/3/812 962/30/834 965/19/828
f 972/33/837 980/34/838 974/35/839
f 998/31/835 1000/32/836 999/36/840
f 969/2/811 972/33/837 971/3/812
f 971/3/812 977/26/832 970/1/810
f 998/31/835 999/36/840 1002/37/841
f 994/38/842 989/39/823 992/40/843
f 1002/37/841 955/6/815 987/41/844
f 989/39/823 990/42/822 992/40/843
f 991/43/845 994/38/842 993/44/846
f 1006/45/830 976/46/830 975/47/831
f 991/43/845 993/44/846 998/31/835
f 985/48/847 984/49/848 983/50/849
f 955/6/815 961/11/820 959/51/850
f 1001/52/851 997/15/824 995/17/826
f 972/33/837 973/53/852 971/3/812
f 986/5/814 987/41/844 955/6/815
f 958/54/853 956/55/854 955/6/815
f 1007/24/830 955/6/815 1002/37/841
f 976/56/830 1006/27/830 1004/29/833
f 1006/45/830 979/57/855 978/25/831
f 1007/24/830 1003/58/833 1006/27/830
f 955/6/815 1007/24/830 977/26/832
f 1023/1/856 1022/2/857 1024/3/858
f 1034/4/859 1039/5/860 1008/6/861
f 1019/7/862 1020/8/863 1021/9/864
f 1008/6/861 1013/10/865 1014/11/866
f 1041/12/867 1043/13/868 1042/14/869
f 1050/15/870 1049/16/871 1048/17/872
f 1017/18/873 1018/19/874 1016/20/875
f 1020/21/863 1019/22/862 1017/18/873
f 1024/3/858 1018/19/874 1013/23/865
f 1060/24/876 1031/25/877 1030/26/878
f 1059/27/876 1058/28/879 1057/29/880
f 1015/30/881 1016/20/875 1018/19/874
f 1051/31/882 1050/15/870 1053/32/883
f 1024/3/858 1015/30/881 1018/19/874
f 1025/33/884 1033/34/885 1027/35/886
f 1051/31/882 1053/32/883 1052/36/887
f 1022/2/857 1025/33/884 1024/3/858
f 1024/3/858 1030/26/878 1023/1/856
f 1051/31/882 1052/36/887 1055/37/888
f 1047/38/889 1042/39/869 1045/40/890
f 1055/37/888 1008/6/861 1040/41/891
f 1042/39/869 1043/42/868 1045/40/890
f 1044/43/892 1047/38/889 1046/44/893
f 1059/45/876 1029/46/876 1028/47/894
f 1044/43/892 1046/44/893 1051/31/882
f 1038/48/895 1037/49/896 1036/50/897
f 1008/6/861 1014/11/866 1012/51/898
f 1054/52/899 1050/15/870 1048/17/872
f 1025/33/884 1026/53/900 1024/3/858
f 1039/5/860 1040/41/891 1008/6/861
f 1011/54/901 1009/55/902 1008/6/861
f 1060/24/876 1008/6/861 1055/37/888
f 1029/56/876 1059/27/876 1057/29/880
f 1059/45/876 1032/57/877 1031/25/877
f 1060/24/876 1056/58/880 1059/27/876
f 1008/6/861 1060/24/876 1030/26/878
f 1076/1/903 1075/2/904 1077/3/905
f 1087/4/906 1092/5/907 1061/6/908
f 1072/7/909 1073/8/910 1074/9/911
f 1061/6/908 1066/10/912 1067/11/913
f 1094/12/914 1096/13/915 1095/14/916
f 1103/15/917 1102/16/918 1101/17/919
f 1070/18/920 1071/19/921 1069/20/922
f 1073/21/910 1072/22/909 1070/18/920
f 1077/3/905 1071/19/921 1066/23/912
f 1113/24/923 1084/25/924 1083/26/925
f 1112/27/923 1111/28/926 1110/29/927
f 1068/30/928 1069/20/922 1071/19/921
f 1104/31/929 1103/15/917 1106/32/930
f 1077/3/905 1068/30/928 1071/19/921
f 1078/33/931 1086/34/932 1080/35/933
f 1104/31/929 1106/32/930 1105/36/934
f 1075/2/904 1078/33/931 1077/3/905
f 1077/3/905 1083/26/925 1076/1/903
f 1104/31/929 1105/36/934 1108/37/935
f 1100/38/936 1095/39/916 1098/40/937
f 1108/37/935 1061/6/908 1093/41/938
f 1095/39/916 1096/42/915 1098/40/937
f 1097/43/939 1100/38/936 1099/44/940
f 1112/45/923 1082/46/923 1081/47/924
f 1097/43/939 1099/44/940 1104/31/929
f 1091/48/941 1090/49/942 1089/50/943
f 1061/6/908 1067/11/913 1065/51/944
f 1107/52/945 1103/15/917 1101/17/919
f 1078/33/931 1079/53/946 1077/3/905
f 1092/5/907 1093/41/938 1061/6/908
f 1064/54/947 1062/55/948 1061/6/908
f 1113/24/923 1061/6/908 1108/37/935
f 1082/56/923 1112/27/923 1110/29/927
f 1112/45/923 1085/57/924 1084/25/924
f 1113/24/923 1109/58/927 1112/27/923
f 1061/6/908 1113/24/923 1083/26/925
f 1129/1/949 1128/2/950 1130/3/951
f 1140/4/952 1145/5/953 1114/6/954
f 1125/7/955 1126/8/956 1127/9/957
f 1114/6/954 1119/10/958 1120/11/959
f 1147/12/960 1149/13/961 1148/14/962
f 1156/15/963 1155/16/964 1154/17/965
f 1123/18/966 1124/19/967 1122/20/968
f 1126/21/956 1125/22/955 1123/18/966
f 1130/3/951 1124/19/967 1119/23/958
f 1166/24/969 1137/25/970 1136/26/971
f 1165/27/969 1164/28/972 1163/29/972
f 1121/30/973 1122/20/968 1124/19/967
f 1157/31/974 1156/15/963 1159/32/975
f 1130/3/951 1121/30/973 1124/19/967
f 1131/33/976 1139/34/977 1133/35/978
f 1157/31/974 1159/32/975 1158/36/979
f 1128/2/950 1131/33/976 1130/3/951
f 1130/3/951 1136/26/971 1129/1/949
f 1157/31/974 1158/36/979 1161/37/980
f 1153/38/981 1148/39/962 1151/40/982
f 1161/37/980 1114/6/954 1146/41/983
f 1148/39/962 1149/42/961 1151/40/982
f 1150/43/984 1153/38/981 1152/44/985
f 1165/45/969 1135/46/969 1134/47/970
f 1150/43/984 1152/44/985 1157/31/974
f 1144/48/986 1143/49/987 1142/50/987
f 1114/6/954 1120/11/959 1118/51/988
f 1160/52/989 1156/15/963 1154/17/965
f 1131/33/976 1132/53/990 1130/3/951
f 1145/5/953 1146/41/983 1114/6/954
f 1117/54/991 1115/55/991 1114/6/954
f 1166/24/969 1114/6/954 1161/37/980
f 1135/56/969 1165/27/969 1163/29/972
f 1165/45/969 1138/57/970 1137/25/970
f 1166/24/969 1162/58/972 1165/27/969
f 1114/6/954 1166/24/969 1136/26/971
f 1182/1/992 1181/2/993 1183/3/994
f 1193/4/995 1198/5/996 1167/6/997
f 1178/7/998 1179/8/999 1180/9/1000
f 1167/6/997 1172/10/1001 1173/11/1002
f 1200/12/1003 1202/13/1004 1201/14/1005
f 1209/15/1006 1208/16/1007 1207/17/1008
f 1176/18/1009 1177/19/1010 1175/20/1011
f 1179/21/999 1178/22/998 1176/18/1009
f 1183/3/994 1177/19/1010 1172/23/1001
f 1219/24/1012 1190/25/1013 1189/26/1014
f 1218/27/1015 1217/28/1016 1216/29/1016
f 1174/30/1017 1175/20/1011 1177/19/1010
f 1210/31/1018 1209/15/1006 1212/32/1019
f 1183/3/994 1174/30/1017 1177/19/1010
f 1184/33/1020 1192/34/1021 1186/35/1022
f 1210/31/1018 1212/32/1019 1211/36/1023
f 1181/2/993 1184/33/1020 1183/3/994
f 1183/3/994 1189/26/1014 1182/1/992
f 1210/31/1018 1211/36/1023 1214/37/1024
f 1206/38/1025 1201/39/1005 1204/40/1026
f 1214/37/1024 1167/6/997 1199/41/1027
f 1201/39/1005 1202/42/1004 1204/40/1026
f 1203/43/1028 1206/38/1025 1205/44/1029
f 1218/45/1015 1188/46/1015 1187/47/1013
f 1203/43/1028 1205/44/1029 1210/31/1018
f 1197/48/1030 1196/49/1031 1195/50/1032
f 1167/6/997 1173/11/1002 1171/51/1033
f 1213/52/1034 1209/15/1006 1207/17/1008
f 1184/33/1020 1185/53/1035 1183/3/994
f 1198/5/996 1199/41/1027 1167/6/997
f 1170/54/1036 1168/55/1036 1167/6/997
f 1219/24/1012 1167/6/997 1214/37/1024
f 1188/56/1015 1218/27/1015 1216/29/1016
f 1218/45/1015 1191/57/1037 1190/25/1013
f 1219/24/1012 1215/58/1016 1218/27/1015
f 1167/6/997 1219/24/1012 1189/26/1014
f 1235/1/1038 1234/2/1039 1236/3/1040
f 1246/4/1041 1251/5/1042 1220/6/1043
f 1231/7/1044 1232/8/1045 1233/9/1046
f 1220/6/1043 1225/10/1047 1226/11/1048
f 1253/12/1049 1255/13/1050 1254/14/1051
f 1262/15/1052 1261/16/1053 1260/17/1054
f 1229/18/1055 1230/19/1056 1228/20/1057
f 1232/21/1045 1231/22/1044 1229/18/1055
f 1236/3/1040 1230/19/1056 1225/23/1047
f 1272/24/1058 1243/25/1059 1242/26/1060
f 1271/27/1058 1270/28/1061 1269/29/1061
f 1227/30/1062 1228/20/1057 1230/19/1056
f 1263/31/1063 1262/15/1052 1265/32/1064
f 1236/3/1040 1227/30/1062 1230/19/1056
f 1237/33/1065 1245/34/1066 1239/35/1067
f 1263/31/1063 1265/32/1064 1264/36/1068
f 1234/2/1039 1237/33/1065 1236/3/1040
f 1236/3/1040 1242/26/1060 1235/1/1038
f 1263/31/1063 1264/36/1068 1267/37/1069
f 1259/38/1070 1254/39/1051 1257/40/1071
f 1267/37/1069 1220/6/1043 1252/41/1072
f 1254/39/1051 1255/42/1050 1257/40/1071
f 1256/43/1073 1259/38/1070 1258/44/1074
f 1271/45/1058 1241/46/1058 1240/47/1059
f 1256/43/1073 1258/44/1074 1263/31/1063
f 1250/48/1075 1249/49/1076 1248/50/1076
f 1220/6/1043 1226/11/1048 1224/51/1077
f 1266/52/1078 1262/15/1052 1260/17/1054
f 1237/33/1065 1238/53/1079 1236/3/1040
f 1251/5/1042 1252/41/1072 1220/6/1043
f 1223/54/1080 1221/55/1080 1220/6/1043
f 1272/24/1058 1220/6/1043 1267/37/1069
f 1241/56/1058 1271/27/1058 1269/29/1061
f 1271/45/1058 1244/57/1059 1243/25/1059
f 1272/24/1058 1268/58/1061 1271/27/1058
f 1220/6/1043 1272/24/1058 1242/26/1060
f 1288/1/1081 1287/2/1082 1289/3/1083
f 1299/4/1084 1304/5/1085 1273/6/1086
f 1284/7/1087 1285/8/1088 1286/9/1089
f 1273/6/1086 1278/10/1090 1279/11/1091
f 1306/12/1092 1308/13/1093 1307/14/1094
f 1315/15/1095 1314/16/1096 1313/17/1097
f 1282/18/1098 1283/19/1099 1281/20/1100
f 1285/21/1088 1284/22/1087 1282/18/1098
f 1289/3/1083 1283/19/1099 1278/23/1090
f 1325/24/1101 1296/25/1102 1295/26/1103
f 1324/27/1101 1323/28/1104 1322/29/1105
f 1280/30/1106 1281/20/1100 1283/19/1099
f 1316/31/1107 1315/15/1095 1318/32/1108
f 1289/3/1083 1280/30/1106 1283/19/1099
f 1290/33/1109 1298/34/1110 1292/35/1111
f 1316/31/1107 1318/32/1108 1317/36/1112
f 1287/2/1082 1290/33/1109 1289/3/1083
f 1289/3/1083 1295/26/1103 1288/1/1081
f 1316/31/1107 1317/36/1112 1320/37/1113
f 1312/38/1114 1307/39/1094 1310/40/1115
f 1320/37/1113 1273/6/1086 1305/41/1116
f 1307/39/1094 1308/42/1093 1310/40/1115
f 1309/43/1117 1312/38/1114 1311/44/1118
f 1324/45/1101 1294/46/1101 1293/47/1102
f 1309/43/1117 1311/44/1118 1316/31/1107
f 1303/48/1119 1302/49/1120 1301/50/1120
f 1273/6/1086 1279/11/1091 1277/51/1121
f 1319/52/1122 1315/15/1095 1313/17/1097
f 1290/33/1109 1291/53/1123 1289/3/1083
f 1304/5/1085 1305/41/1116 1273/6/1086
f 1276/54/1124 1274/55/1124 1273/6/1086
f 1325/24/1101 1273/6/1086 1320/37/1113
f 1294/56/1101 1324/27/1101 1322/29/1105
f 1324/45/1101 1297/57/1102 1296/25/1102
f 1325/24/1101 1321/58/1105 1324/27/1101
f 1273/6/1086 1325/24/1101 1295/26/1103
f 1341/1/1125 1340/2/1126 1342/3/1127
f 1352/4/1128 1357/5/1129 1326/6/1130
f 1337/7/1131 1338/8/1132 1339/9/1133
f 1326/6/1130 1331/10/1134 1332/11/1135
f 1359/12/1136 1361/13/1137 1360/14/1138
f 1368/15/1139 1367/16/1140 1366/17/1141
f 1335/18/1142 1336/19/1143 1334/20/1144
f 1338/21/1132 1337/22/1131 1335/18/1142
f 1342/3/1127 1336/19/1143 1331/23/1134
f 1378/24/1145 1349/25/1146 1348/26/1147
f 1377/27/1145 1376/28/1148 1375/29/1148
f 1333/30/1149 1334/20/1144 1336/19/1143
f 1369/31/1150 1368/15/1139 1371/32/1151
f 1342/3/1127 1333/30/1149 1336/19/1143
f 1343/33/1152 1351/34/1153 1345/35/1154
f 1369/31/1150 1371/32/1151 1370/36/1155
f 1340/2/1126 1343/33/1152 1342/3/1127
f 1342/3/1127 1348/26/1147 1341/1/1125
f 1369/31/1150 1370/36/1155 1373/37/1156
f 1365/38/1157 1360/39/1138 1363/40/1158
f 1373/37/1156 1326/6/1130 1358/41/1159
f 1360/39/1138 1361/42/1137 1363/40/1158
f 1362/43/1160 1365/38/1157 1364/44/1161
f 1377/45/1145 1347/46/1162 1346/47/1146
f 1362/43/1160 1364/44/1161 1369/31/1150
f 1356/48/1163 1355/49/1164 1354/50/1164
f 1326/6/1130 1332/11/1135 1330/51/1165
f 1372/52/1166 1368/15/1139 1366/17/1141
f 1343/33/1152 1344/53/1167 1342/3/1127
f 1357/5/1129 1358/41/1159 1326/6/1130
f 1329/54/1168 1327/55/1168 1326/6/1130
f 1378/24/1145 1326/6/1130 1373/37/1156
f 1347/56/1162 1377/27/1145 1375/29/1148
f 1377/45/1145 1350/57/1146 1349/25/1146
f 1378/24/1145 1374/58/1148 1377/27/1145
f 1326/6/1130 1378/24/1145 1348/26/1147
f 1394/1/1169 1393/2/1170 1395/3/1171
f 1405/4/1172 1410/5/1173 1379/6/1174
f 1390/7/1175 1391/8/1176 1392/9/1177
f 1379/6/1174 1384/10/1178 1385/11/1179
f 1412/12/1180 1414/13/1181 1413/14/1182
f 1421/15/1183 1420/16/1184 1419/17/1185
f 1388/18/1186 1389/19/1187 1387/20/1188
f 1391/21/1176 1390/22/1175 1388/18/1186
f 1395/3/1171 1389/19/1187 1384/23/1178
f 1431/24/1189 1402/25/1190 1401/26/1191
f 1430/27/1189 1429/28/1192 1428/29/1192
f 1386/30/1193 1387/20/1188 1389/19/1187
f 1422/31/1194 1421/15/1183 1424/32/1195
f 1395/3/1171 1386/30/1193 1389/19/1187
f 1396/33/1196 1404/34/1197 1398/35/1198
f 1422/31/1194 1424/32/1195 1423/36/1199
f 1393/2/1170 1396/33/1196 1395/3/1171
f 1395/3/1171 1401/26/1191 1394/1/1169
f 1422/31/1194 1423/36/1199 1426/37/1200
f 1418/38/1201 1413/39/1182 1416/40/1202
f 1426/37/1200 1379/6/1174 1411/41/1203
f 1413/39/1182 1414/42/1181 1416/40/1202
f 1415/43/1204 1418/38/1201 1417/44/1205
f 1430/45/1189 1400/46/1206 1399/47/1190
f 1415/43/1204 1417/44/1205 1422/31/1194
f 1409/48/1207 1408/49/1208 1407/50/1208
f 1379/6/1174 1385/11/1179 1383/51/1209
f 1425/52/1210 1421/15/1183 1419/17/1185
f 1396/33/1196 1397/53/1211 1395/3/1171
f 1410/5/1173 1411/41/1203 1379/6/1174
f 1382/54/1212 1380/55/1212 1379/6/1174
f 1431/24/1189 1379/6/1174 1426/37/1200
f 1400/56/1206 1430/27/1189 1428/29/1192
f 1430/45/1189 1403/57/1190 1402/25/1190
f 1431/24/1189 1427/58/1213 1430/27/1189
f 1379/6/1174 1431/24/1189 1401/26/1191
f 1447/1/1214 1446/2/1215 1448/3/1216
f 1458/4/1217 1463/5/1218 1432/6/1219
f 1443/7/1220 1444/8/1221 1445/9/1222
f 1432/6/1219 1437/10/1223 1438/11/1224
f 1465/12/1225 1467/13/1226 1466/14/1227
f 1474/15/1228 1473/16/1229 1472/17/1230
f 1441/18/1231 1442/19/1232 1440/20/1233
f 1444/21/1221 1443/22/1220 1441/18/1231
f 1448/3/1216 1442/19/1232 1437/23/1223
f 1484/24/1234 1455/25/1235 1454/26/1236
f 1483/27/1234 1482/28/1237 1481/29/1237
f 1439/30/1238 1440/20/1233 1442/19/1232
f 1475/31/1239 1474/15/1228 1477/32/1240
f 1448/3/1216 1439/30/1238 1442/19/1232
f 1449/33/1241 1457/34/1242 1451/35/1243
f 1475/31/1239 1477/32/1240 1476/36/1244
f 1446/2/1215 1449/33/1241 1448/3/1216
f 1448/3/1216 1454/26/1236 1447/1/1214
f 1475/31/1239 1476/36/1244 1479/37/1245
f 1471/38/1246 1466/39/1227 1469/40/1247
f 1479/37/1245 1432/6/1219 1464/41/1248
f 1466/39/1227 1467/42/1226 1469/40/1247
f 1468/43/1249 1471/38/1246 1470/44/1250
f 1483/45/1234 1453/46/1234 1452/47/1251
f 1468/43/1249 1470/44/1250 1475/31/1239
f 1462/48/1252 1461/49/1253 1460/50/1253
f 1432/6/1219 1438/11/1224 1436/51/1254
f 1478/52/1255 1474/15/1228 1472/17/1230
f 1449/33/1241 1450/53/1256 1448/3/1216
f 1463/5/1218 1464/41/1248 1432/6/1219
f 1435/54/1257 1433/55/1257 1432/6/1219
f 1484/24/1234 1432/6/1219 1479/37/1245
f 1453/56/1234 1483/27/1234 1481/29/1237
f 1483/45/1234 1456/57/1258 1455/25/1235
f 1484/24/1234 1480/58/1237 1483/27/1234
f 1432/6/1219 1484/24/1234 1454/26/1236
f 1500/1/1259 1499/2/1260 1501/3/1261
f 1511/4/1262 1516/5/1263 1485/6/1264
f 1496/7/1265 1497/8/1266 1498/9/1267
f 1485/6/1264 1490/10/1268 1491/11/1269
f 1518/12/1270 1520/13/1271 1519/14/1272
f 1527/15/1273 1526/16/1274 1525/17/1275
f 1494/18/1276 1495/19/1277 1493/20/1278
f 1497/21/1266 1496/22/1265 1494/18/1276
f 1501/3/1261 1495/19/1277 1490/23/1268
f 1537/24/1279 1508/25/1280 1507/26/1281
f 1536/27/1279 1535/28/1282 1534/29/1282
f 1492/30/1283 1493/20/1278 1495/19/1277
f 1528/31/1284 1527/15/1273 1530/32/1285
f 1501/3/1261 1492/30/1283 1495/19/1277
f 1502/33/1286 1510/34/1287 1504/35/1288
f 1528/31/1284 1530/32/1285 1529/36/1289
f 1499/2/1260 1502/33/1286 1501/3/1261
f 1501/3/1261 1507/26/1281 1500/1/1259
f 1528/31/1284 1529/36/1289 1532/37/1290
f 1524/38/1291 1519/39/1272 1522/40/1292
f 1532/37/1290 1485/6/1264 1517/41/1293
f 1519/39/1272 1520/42/1271 1522/40/1292
f 1521/43/1294 1524/38/1291 1523/44/1295
f 1536/45/1279 1506/46/1279 1505/47/1280
f 1521/43/1294 1523/44/1295 1528/31/1284
f 1515/48/1296 1514/49/1297 1513/50/1297
f 1485/6/1264 1491/11/1269 1489/51/1298
f 1531/52/1299 1527/15/1273 1525/17/1275
f 1502/33/1286 1503/53/1300 1501/3/1261
f 1516/5/1263 1517/41/1293 1485/6/1264
f 1488/54/1301 1486/55/1301 1485/6/1264
f 1537/24/1279 1485/6/1264 1532/37/1290
f 1506/56/1279 1536/27/1279 1534/29/1282
f 1536/45/1279 1509/57/1280 1508/25/1280
f 1537/24/1279 1533/58/1302 1536/27/1279
f 1485/6/1264 1537/24/1279 1507/26/1281
f 1553/1/1303 1552/2/1304 1554/3/1305
f 1564/4/1306 1569/5/1307 1538/6/1308
f 1549/7/1309 1550/8/1310 1551/9/1311
f 1538/6/1308 1543/10/1312 1544/11/1313
f 1571/12/1314 1573/13/1315 1572/14/1316
f 1580/15/1317 1579/16/1318 1578/17/1319
f 1547/18/1320 1548/19/1321 1546/20/1322
f 1550/21/1310 1549/22/1309 1547/18/1320
f 1554/3/1305 1548/19/1321 1543/23/1312
f 1590/24/1323 1561/25/1324 1560/26/1325
f 1589/27/1323 1588/28/1326 1587/29/1326
f 1545/30/1327 1546/20/1322 1548/19/1321
f 1581/31/1328 1580/15/1317 1583/32/1329
f 1554/3/1305 1545/30/1327 1548/19/1321
f 1555/33/1330 1563/34/1331 1557/35/1332
f 1581/31/1328 1583/32/1329 1582/36/1333
f 1552/2/1304 1555/33/1330 1554/3/1305
f 1554/3/1305 1560/26/1325 1553/1/1303
f 1581/31/1328 1582/36/1333 1585/37/1334
f 1577/38/1335 1572/39/1316 1575/40/1336
f 1585/37/1334 1538/6/1308 1570/41/1337
f 1572/39/1316 1573/42/1315 1575/40/1336
f 1574/43/1338 1577/38/1335 1576/44/1339
f 1589/45/1323 1559/46/1340 1558/47/1341
f 1574/43/1338 1576/44/1339 1581/31/1328
f 1568/48/1342 1567/49/1343 1566/50/1343
f 1538/6/1308 1544/11/1313 1542/51/1344
f 1584/52/1345 1580/15/1317 1578/17/1319
f 1555/33/1330 1556/53/1346 1554/3/1305
f 1569/5/1307 1570/41/1337 1538/6/1308
f 1541/54/1347 1539/55/1347 1538/6/1308
f 1590/24/1323 1538/6/1308 1585/37/1334
f 1559/56/1340 1589/27/1323 1587/29/1326
f 1589/45/1323 1562/57/1341 1561/25/1324
f 1590/24/1323 1586/58/1326 1589/27/1323
f 1538/6/1308 1590/24/1323 1560/26/1325
f 1606/1/1348 1605/2/1349 1607/3/1350
f 1617/4/1351 1622/5/1352 1591/6/1353
f 1602/7/1354 1603/8/1355 1604/9/1356
f 1591/6/1353 1596/10/1357 1597/11/1358
f 1624/12/1359 1626/13/1360 1625/14/1361
f 1633/15/1362 1632/16/1363 1631/17/1364
f 1600/18/1365 1601/19/1366 1599/20/1367
f 1603/21/1355 1602/22/1354 1600/18/1365
f 1607/3/1350 1601/19/1366 1596/23/1357
f 1643/24/1368 1614/25/1369 1613/26/1370
f 1642/27/1368 1641/28/1371 1640/29/1371
f 1598/30/1372 1599/20/1367 1601/19/1366
f 1634/31/1373 1633/15/1362 1636/32/1374
f 1607/3/1350 1598/30/1372 1601/19/1366
f 1608/33/1375 1616/34/1376 1610/35/1377
f 1634/31/1373 1636/32/1374 1635/36/1378
f 1605/2/1349 1608/33/1375 1607/3/1350
f 1607/3/1350 1613/26/1370 1606/1/1348
f 1634/31/1373 1635/36/1378 1638/37/1379
f 1630/38/1380 1625/39/1361 1628/40/1381
f 1638/37/1379 1591/6/1353 1623/41/1382
f 1625/39/1361 1626/42/1360 1628/40/1381
f 1627/43/1383 1630/38/1380 1629/44/1384
f 1642/45/1368 1612/46/1385 1611/47/1386
f 1627/43/1383 1629/44/1384 1634/31/1373
f 1621/48/1387 1620/49/1388 1619/50/1388
f 1591/6/1353 1597/11/1358 1595/51/1389
f 1637/52/1390 1633/15/1362 1631/17/1364
f 1608/33/1375 1609/53/1391 1607/3/1350
f 1622/5/1352 1623/41/1382 1591/6/1353
f 1594/54/1392 1592/55/1392 1591/6/1353
f 1643/24/1368 1591/6/1353 1638/37/1379
f 1612/56/1385 1642/27/1368 1640/29/1371
f 1642/45/1368 1615/57/1386 1614/25/1369
f 1643/24/1368 1639/58/1371 1642/27/1368
f 1591/6/1353 1643/24/1368 1613/26/1370
f 1659/1/1393 1658/2/1394 1660/3/1395
f 1670/4/1396 1675/5/1397 1644/6/1398
f 1655/7/1399 1656/8/1400 1657/9/1401
f 1644/6/1398 1649/10/1402 1650/11/1403
f 1677/12/1404 1679/13/1405 1678/14/1406
f 1686/15/1407 1685/16/1408 1684/17/1409
f 1653/18/1410 1654/19/1411 1652/20/1412
f 1656/21/1400 1655/22/1399 1653/18/1410
f 1660/3/1395 1654/19/1411 1649/23/1402
f 1696/24/1413 1667/25/1414 1666/26/1415
f 1695/27/1413 1694/28/1416 1693/29/1416
f 1651/30/1417 1652/20/1412 1654/19/1411
f 1687/31/1418 1686/15/1407 1689/32/1419
f 1660/3/1395 1651/30/1417 1654/19/1411
f 1661/33/1420 1669/34/1421 1663/35/1422
f 1687/31/1418 1689/32/1419 1688/36/1423
f 1658/2/1394 1661/33/1420 1660/3/1395
f 1660/3/1395 1666/26/1415 1659/1/1393
f 1687/31/1418 1688/36/1423 1691/37/1424
f 1683/38/1425 1678/39/1406 1681/40/1426
f 1691/37/1424 1644/6/1398 1676/41/1427
f 1678/39/1406 1679/42/1405 1681/40/1426
f 1680/43/1428 1683/38/1425 1682/44/1429
f 1695/45/1413 1665/46/1413 1664/47/1414
f 1680/43/1428 1682/44/1429 1687/31/1418
f 1674/48/1430 1673/49/1431 1672/50/1431
f 1644/6/1398 1650/11/1403 1648/51/1432
f 1690/52/1433 1686/15/1407 1684/17/1409
f 1661/33/1420 1662/53/1434 1660/3/1395
f 1675/5/1397 1676/41/1427 1644/6/1398
f 1647/54/1435 1645/55/1435 1644/6/1398
f 1696/24/1413 1644/6/1398 1691/37/1424
f 1665/56/1413 1695/27/1413 1693/29/1416
f 1695/45/1413 1668/57/1414 1667/25/1414
f 1696/24/1413 1692/58/1416 1695/27/1413
f 1644/6/1398 1696/24/1413 1666/26/1415
f 1712/1/1436 1711/2/1437 1713/3/1438
f 1723/4/1439 1728/5/1440 1697/6/1441
f 1708/7/1442 1709/8/1443 1710/9/1444
f 1697/6/1441 1702/10/1445 1703/11/1446
f 1730/12/1447 1732/13/1448 1731/14/1449
f 1739/15/1450 1738/16/1451 1737/17/1452
f 1706/18/1453 1707/19/1454 1705/20/1455
f 1709/21/1443 1708/22/1442 1706/18/1453
f 1713/3/1438 1707/19/1454 1702/23/1445
f 1749/24/1456 1720/25/1457 1719/26/1458
f 1748/27/1456 1747/28/1459 1746/29/1460
f 1704/30/1461 1705/20/1455 1707/19/1454
f 1740/31/1462 1739/15/1450 1742/32/1463
f 1713/3/1438 1704/30/1461 1707/19/1454
f 1714/33/1464 1722/34/1465 1716/35/1466
f 1740/31/1462 1742/32/1463 1741/36/1467
f 1711/2/1437 1714/33/1464 1713/3/1438
f 1713/3/1438 1719/26/1458 1712/1/1436
f 1740/31/1462 1741/36/1467 1744/37/1468
f 1736/38/1469 1731/39/1449 1734/40/1470
f 1744/37/1468 1697/6/1441 1729/41/1471
f 1731/39/1449 1732/42/1448 1734/40/1470
f 1733/43/1472 1736/38/1469 1735/44/1473
f 1748/45/1456 1718/46/1456 1717/47/1457
f 1733/43/1472 1735/44/1473 1740/31/1462
f 1727/48/1474 1726/49/1475 1725/50/1475
f 1697/6/1441 1703/11/1446 1701/51/1476
f 1743/52/1477 1739/15/1450 1737/17/1452
f 1714/33/1464 1715/53/1478 1713/3/1438
f 1728/5/1440 1729/41/1471 1697/6/1441
f 1700/54/1479 1698/55/1479 1697/6/1441
f 1749/24/1456 1697/6/1441 1744/37/1468
f 1718/56/1456 1748/27/1456 1746/29/1460
f 1748/45/1456 1721/57/1457 1720/25/1457
f 1749/24/1456 1745/58/1480 1748/27/1456
f 1697/6/1441 1749/24/1456 1719/26/1458
f 1765/1/1481 1764/2/1482 1766/3/1483
f 1776/4/1484 1781/5/1485 1750/6/1486
f 1761/7/1487 1762/8/1488 1763/9/1489
f 1750/6/1486 1755/10/1490 1756/11/1491
f 1783/12/1492 1785/13/1493 1784/14/1494
f 1792/15/1495 1791/16/1496 1790/17/1497
f 1759/18/1498 1760/19/1499 1758/20/1500
f 1762/21/1488 1761/22/1487 1759/18/1498
f 1766/3/1483 1760/19/1499 1755/23/1490
f 1802/24/1501 1773/25/1502 1772/26/1503
f 1801/27/1501 1800/28/1504 1799/29/1504
f 1757/30/1505 1758/20/1500 1760/19/1499
f 1793/31/1506 1792/15/1495 1795/32/1507
f 1766/3/1483 1757/30/1505 1760/19/1499
f 1767/33/1508 1775/34/1509 1769/35/1510
f 1793/31/1506 1795/32/1507 1794/36/1511
f 1764/2/1482 1767/33/1508 1766/3/1483
f 1766/3/1483 1772/26/1503 1765/1/1481
f 1793/31/1506 1794/36/1511 1797/37/1512
f 1789/38/1513 1784/39/1494 1787/40/1514
f 1797/37/1512 1750/6/1486 1782/41/1515
f 1784/39/1494 1785/42/1493 1787/40/1514
f 1786/43/1516 1789/38/1513 1788/44/1517
f 1801/45/1501 1771/46/1501 1770/47/1502
f 1786/43/1516 1788/44/1517 1793/31/1506
f 1780/48/1518 1779/49/1519 1778/50/1519
f 1750/6/1486 1756/11/1491 1754/51/1520
f 1796/52/1521 1792/15/1495 1790/17/1497
f 1767/33/1508 1768/53/1522 1766/3/1483
f 1781/5/1485 1782/41/1515 1750/6/1486
f 1753/54/1523 1751/55/1523 1750/6/1486
f 1802/24/1501 1750/6/1486 1797/37/1512
f 1771/56/1501 1801/27/1501 1799/29/1504
f 1801/45/1501 1774/57/1502 1773/25/1502
f 1802/24/1501 1798/58/1504 1801/27/1501
f 1750/6/1486 1802/24/1501 1772/26/1503
f 1818/1/1524 1817/2/1525 1819/3/1526
f 1829/4/1527 1834/5/1528 1803/6/1529
f 1814/7/1530 1815/8/1531 1816/9/1532
f 1803/6/1529 1808/10/1533 1809/11/1534
f 1836/12/1535 1838/13/1536 1837/14/1537
f 1845/15/1538 1844/16/1539 1843/17/1540
f 1812/18/1541 1813/19/1542 1811/20/1543
f 1815/21/1531 1814/22/1530 1812/18/1541
f 1819/3/1526 1813/19/1542 1808/23/1533
f 1855/24/1544 1826/25/1545 1825/26/1546
f 1854/27/1544 1853/28/1547 1852/29/1547
f 1810/30/1548 1811/20/1543 1813/19/1542
f 1846/31/1549 1845/15/1538 1848/32/1550
f 1819/3/1526 1810/30/1548 1813/19/1542
f 1820/33/1551 1828/34/1552 1822/35/1553
f 1846/31/1549 1848/32/1550 1847/36/1554
f 1817/2/1525 1820/33/1551 1819/3/1526
f 1819/3/1526 1825/26/1546 1818/1/1524
f 1846/31/1549 1847/36/1554 1850/37/1555
f 1842/38/1556 1837/39/1537 1840/40/1557
f 1850/37/1555 1803/6/1529 1835/41/1558
f 1837/39/1537 1838/42/1536 1840/40/1557
f 1839/43/1559 1842/38/1556 1841/44/1560
f 1854/45/1544 1824/46/1544 1823/47/1561
f 1839/43/1559 1841/44/1560 1846/31/1549
f 1833/48/1562 1832/49/1563 1831/50/1563
f 1803/6/1529 1809/11/1534 1807/51/1564
f 1849/52/1565 1845/15/1538 1843/17/1540
f 1820/33/1551 1821/53/1566 1819/3/1526
f 1834/5/1528 1835/41/1558 1803/6/1529
f 1806/54/1567 1804/55/1567 1803/6/1529
f 1855/24/1544 1803/6/1529 1850/37/1555
f 1824/56/1544 1854/27/1544 1852/29/1547
f 1854/45/1544 1827/57/1545 1826/25/1545
f 1855/24/1544 1851/58/1547 1854/27/1544
f 1803/6/1529 1855/24/1544 1825/26/1546
f 1871/1/1568 1870/2/1569 1872/3/1570
f 1882/4/1571 1887/5/1572 1856/6/1573
f 1867/7/1574 1868/8/1575 1869/9/1576
f 1856/6/1573 1861/10/1577 1862/11/1578
f 1889/12/1579 1891/13/1580 1890/14/1581
f 1898/15/1582 1897/16/1583 1896/17/1584
f 1865/18/1585 1866/19/1586 1864/20/1587
f 1868/21/1575 1867/22/1574 1865/18/1585
f 1872/3/1570 1866/19/1586 1861/23/1577
f 1908/24/1588 1879/25/1589 1878/26/1590
f 1907/27/1588 1906/28/1591 1905/29/1591
f 1863/30/1592 1864/20/1587 1866/19/1586
f 1899/31/1593 1898/15/1582 1901/32/1594
f 1872/3/1570 1863/30/1592 1866/19/1586
f 1873/33/1595 1881/34/1596 1875/35/1597
f 1899/31/1593 1901/32/1594 1900/36/1598
f 1870/2/1569 1873/33/1595 1872/3/1570
f 1872/3/1570 1878/26/1590 1871/1/1568
f 1899/31/1593 1900/36/1598 1903/37/1599
f 1895/38/1600 1890/39/1581 1893/40/1601
f 1903/37/1599 1856/6/1573 1888/41/1602
f 1890/39/1581 1891/42/1580 1893/40/1601
f 1892/43/1603 1895/38/1600 1894/44/1604
f 1907/45/1588 1877/46/1588 1876/47/1605
f 1892/43/1603 1894/44/1604 1899/31/1593
f 1886/48/1606 1885/49/1607 1884/50/1607
f 1856/6/1573 1862/11/1578 1860/51/1608
f 1902/52/1609 1898/15/1582 1896/17/1584
f 1873/33/1595 1874/53/1610 1872/3/1570
f 1887/5/1572 1888/41/1602 1856/6/1573
f 1859/54/1611 1857/55/1612 1856/6/1573
f 1908/24/1588 1856/6/1573 1903/37/1599
f 1877/56/1588 1907/27/1588 1905/29/1591
f 1907/45/1588 1880/57/1589 1879/25/1589
f 1908/24/1588 1904/58/1591 1907/27/1588
f 1856/6/1573 1908/24/1588 1878/26/1590
f 1924/1/1613 1923/2/1614 1925/3/1615
f 1935/4/1616 1940/5/1617 1909/6/1618
f 1920/7/1619 1921/8/1620 1922/9/1621
f 1909/6/1618 1914/10/1622 1915/11/1623
f 1942/12/1624 1944/13/1625 1943/14/1626
f 1951/15/1627 1950/16/1628 1949/17/1629
f 1918/18/1630 1919/19/1631 1917/20/1632
f 1921/21/1620 1920/22/1619 1918/18/1630
f 1925/3/1615 1919/19/1631 1914/23/1622
f 1961/24/1633 1932/25/1634 1931/26/1635
f 1960/27/1636 1959/28/1637 1958/29/1638
f 1916/30/1639 1917/20/1632 1919/19/1631
f 1952/31/1640 1951/15/1627 1954/32/1641
f 1925/3/1615 1916/30/1639 1919/19/1631
f 1926/33/1642 1934/34/1643 1928/35/1644
f 1952/31/1640 1954/32/1641 1953/36/1645
f 1923/2/1614 1926/33/1642 1925/3/1615
f 1925/3/1615 1931/26/1635 1924/1/1613
f 1952/31/1640 1953/36/1645 1956/37/1646
f 1948/38/1647 1943/39/1626 1946/40/1648
f 1956/37/1646 1909/6/1618 1941/41/1649
f 1943/39/1626 1944/42/1625 1946/40/1648
f 1945/43/1650 1948/38/1647 1947/44/1651
f 1960/45/1636 1930/46/1633 1929/47/1634
f 1945/43/1650 1947/44/1651 1952/31/1640
f 1939/48/1652 1938/49/1653 1937/50/1653
f 1909/6/1618 1915/11/1623 1913/51/1654
f 1955/52/1655 1951/15/1627 1949/17/1629
f 1926/33/1642 1927/53/1656 1925/3/1615
f 1940/5/1617 1941/41/1649 1909/6/1618
f 1912/54/1657 1910/55/1658 1909/6/1618
f 1961/24/1633 1909/6/1618 1956/37/1646
f 1930/56/1633 1960/27/1636 1958/29/1638
f 1960/45/1636 1933/57/1634 1932/25/1634
f 1961/24/1633 1957/58/1638 1960/27/1636
f 1909/6/1618 1961/24/1633 1931/26/1635
f 1977/1/1659 1976/2/1660 1978/3/1661
f 1988/4/1662 1993/5/1663 1962/6/1664
f 1973/7/1665 1974/8/1666 1975/9/1667
f 1962/6/1664 1967/10/1668 1968/11/1669
f 1995/12/1670 1997/13/1671 1996/14/1672
f 2004/15/1673 2003/16/1674 2002/17/1675
f 1971/18/1676 1972/19/1677 1970/20/1678
f 1974/21/1666 1973/22/1665 1971/18/1676
f 1978/3/1661 1972/19/1677 1967/23/1668
f 2014/24/1679 1985/25/1680 1984/26/1681
f 2013/27/1679 2012/28/1682 2011/29/1682
f 1969/30/1683 1970/20/1678 1972/19/1677
f 2005/31/1684 2004/15/1673 2007/32/1685
f 1978/3/1661 1969/30/1683 1972/19/1677
f 1979/33/1686 1987/34/1687 1981/35/1688
f 2005/31/1684 2007/32/1685 2006/36/1689
f 1976/2/1660 1979/33/1686 1978/3/1661
f 1978/3/1661 1984/26/1681 1977/1/1659
f 2005/31/1684 2006/36/1689 2009/37/1690
f 2001/38/1691 1996/39/1672 1999/40/1692
f 2009/37/1690 1962/6/1664 1994/41/1693
f 1996/39/1672 1997/42/1671 1999/40/1692
f 1998/43/1694 2001/38/1691 2000/44/1695
f 2013/45/1679 1983/46/1679 1982/47/1680
f 1998/43/1694 2000/44/1695 2005/31/1684
f 1992/48/1696 1991/49/1697 1990/50/1697
f 1962/6/1664 1968/11/1669 1966/51/1698
f 2008/52/1699 2004/15/1673 2002/17/1675
f 1979/33/1686 1980/53/1700 1978/3/1661
f 1993/5/1663 1994/41/1693 1962/6/1664
f 1965/54/1701 1963/55/1702 1962/6/1664
f 2014/24/1679 1962/6/1664 2009/37/1690
f 1983/56/1679 2013/27/1679 2011/29/1682
f 2013/45/1679 1986/57/1703 1985/25/1680
f 2014/24/1679 2010/58/1704 2013/27/1679
f 1962/6/1664 2014/24/1679 1984/26/1681
f 2030/1/1705 2029/2/1706 2031/3/1707
f 2041/4/1708 2046/5/1709 2015/6/1710
f 2026/7/1711 2027/8/1712 2028/9/1713
f 2015/6/1710 2020/10/1714 2021/11/1715
f 2048/12/1716 2050/13/1717 2049/14/1718
f 2057/15/1719 2056/16/1720 2055/17/1721
f 2024/18/1722 2025/19/1723 2023/20/1724
f 2027/21/1712 2026/22/1711 2024/18/1722
f 2031/3/1707 2025/19/1723 2020/23/1714
f 2067/24/1725 2038/25/1726 2037/26/1727
f 2066/27/1725 2065/28/1728 2064/29/1728
f 2022/30/1729 2023/20/1724 2025/19/1723
f 2058/31/1730 2057/15/1719 2060/32/1731
f 2031/3/1707 2022/30/1729 2025/19/1723
f 2032/33/1732 2040/34/1733 2034/35/1734
f 2058/31/1730 2060/32/1731 2059/36/1735
f 2029/2/1706 2032/33/1732 2031/3/1707
f 2031/3/1707 2037/26/1727 2030/1/1705
f 2058/31/1730 2059/36/1735 2062/37/1736
f 2054/38/1737 2049/39/1718 2052/40/1738
f 2062/37/1736 2015/6/1710 2047/41/1739
f 2049/39/1718 2050/42/1717 2052/40/1738
f 2051/43/1740 2054/38/1737 2053/44/1741
f 2066/45/1725 2036/46/1725 2035/47/1726
f 2051/43/1740 2053/44/1741 2058/31/1730
f 2045/48/1742 2044/49/1743 2043/50/1743
f 2015/6/1710 2021/11/1715 2019/51/1744
f 2061/52/1745 2057/15/1719 2055/17/1721
f 2032/33/1732 2033/53/1746 2031/3/1707
f 2046/5/1709 2047/41/1739 2015/6/1710
f 2018/54/1747 2016/55/1747 2015/6/1710
f 2067/24/1725 2015/6/1710 2062/37/1736
f 2036/56/1725 2066/27/1725 2064/29/1728
f 2066/45/1725 2039/57/1726 2038/25/1726
f 2067/24/1725 2063/58/1748 2066/27/1725
f 2015/6/1710 2067/24/1725 2037/26/1727
f 2083/1/1749 2082/2/1750 2084/3/1751
f 2094/4/1752 2099/5/1753 2068/6/1754
f 2079/7/1755 2080/8/1756 2081/9/1757
f 2068/6/1754 2073/10/1758 2074/11/1759
f 2101/12/1760 2103/13/1761 2102/14/1762
f 2110/15/1763 2109/16/1764 2108/17/1765
f 2077/18/1766 2078/19/1767 2076/20/1768
f 2080/21/1756 2079/22/1755 2077/18/1766
f 2084/3/1751 2078/19/1767 2073/23/1758
f 2120/24/1769 2091/25/1770 2090/26/1771
f 2119/27/1769 2118/28/1772 2117/29/1772
f 2075/30/1773 2076/20/1768 2078/19/1767
f 2111/31/1774 2110/15/1763 2113/32/1775
f 2084/3/1751 2075/30/1773 2078/19/1767
f 2085/33/1776 2093/34/1777 2087/35/1778
f 2111/31/1774 2113/32/1775 2112/36/1779
f 2082/2/1750 2085/33/1776 2084/3/1751
f 2084/3/1751 2090/26/1771 2083/1/1749
f 2111/31/1774 2112/36/1779 2115/37/1780
f 2107/38/1781 2102/39/1762 2105/40/1782
f 2115/37/1780 2068/6/1754 2100/41/1783
f 2102/39/1762 2103/42/1761 2105/40/1782
f 2104/43/1784 2107/38/1781 2106/44/1785
f 2119/45/1769 2089/46/1769 2088/47/1786
f 2104/43/1784 2106/44/1785 2111/31/1774
f 2098/48/1787 2097/49/1788 2096/50/1788
f 2068/6/1754 2074/11/1759 2072/51/1789
f 2114/52/1790 2110/15/1763 2108/17/1765
f 2085/33/1776 2086/53/1791 2084/3/1751
f 2099/5/1753 2100/41/1783 2068/6/1754
f 2071/54/1792 2069/55/1792 2068/6/1754
f 2120/24/1769 2068/6/1754 2115/37/1780
f 2089/56/1769 2119/27/1769 2117/29/1772
f 2119/45/1769 2092/57/1770 2091/25/1770
f 2120/24/1769 2116/58/1772 2119/27/1769
f 2068/6/1754 2120/24/1769 2090/26/1771
f 43/15/15 44/31/26 42/16/16
f 10/18/18 12/22/7 11/19/19
f 1/6/6 23/26/23 6/23/10
f 23/26/23 17/3/3 6/23/10
f 53/24/21 52/45/21 24/25/22
f 52/27/21 49/58/44 51/28/24
f 40/38/33 37/43/36 35/39/14
f 37/43/36 44/31/26 33/41/35
f 44/31/26 48/37/32 33/41/35
f 29/50/39 28/59/39 1/6/6
f 28/59/39 27/4/4 1/6/6
f 1/6/6 31/48/38 29/50/39
f 18/33/28 20/35/30 19/53/42
f 3/60/1793 31/61/38 2/55/43
f 31/61/38 1/6/6 2/55/43
f 1/6/6 5/51/40 4/54/43
f 52/45/21 21/47/22 25/57/22
f 53/24/21 48/37/32 49/58/44
f 96/15/59 97/31/72 95/16/60
f 63/18/62 65/22/51 64/19/63
f 54/6/50 76/26/67 59/23/54
f 76/26/67 70/3/47 59/23/54
f 106/24/65 105/45/68 77/25/66
f 105/27/68 102/58/70 104/28/69
f 93/38/79 90/43/82 88/39/58
f 90/43/82 97/31/72 86/41/81
f 97/31/72 101/37/78 86/41/81
f 82/50/87 81/59/86 54/6/50
f 81/59/86 80/4/48 54/6/50
f 54/6/50 84/48/85 82/50/87
f 71/33/74 73/35/76 72/53/90
f 56/60/1794 84/61/85 55/55/91
f 84/61/85 54/6/50 55/55/91
f 54/6/50 58/51/88 57/54/91
f 105/45/68 74/47/84 78/57/92
f 106/24/65 101/37/78 102/58/70
f 149/15/107 150/31/119 148/16/108
f 116/18/110 118/22/99 117/19/111
f 107/6/98 129/26/115 112/23/102
f 129/26/115 123/3/95 112/23/102
f 159/24/113 158/45/113 130/25/114
f 158/27/113 155/58/116 157/28/116
f 146/38/126 143/43/129 141/39/106
f 143/43/129 150/31/119 139/41/128
f 150/31/119 154/37/125 139/41/128
f 135/50/132 134/59/132 107/6/98
f 134/59/132 133/4/96 107/6/98
f 107/6/98 137/48/131 135/50/132
f 124/33/121 126/35/123 125/53/135
f 109/60/136 137/61/131 108/55/136
f 137/61/131 107/6/98 108/55/136
f 107/6/98 111/51/133 110/54/136
f 158/45/113 127/47/114 131/57/114
f 159/24/113 154/37/125 155/58/116
f 202/15/151 203/31/162 201/16/152
f 169/18/154 171/22/143 170/19/155
f 160/6/142 182/26/159 165/23/146
f 182/26/159 176/3/139 165/23/146
f 212/24/157 211/45/157 183/25/158
f 211/27/157 208/58/160 210/28/160
f 199/38/169 196/43/172 194/39/150
f 196/43/172 203/31/162 192/41/171
f 203/31/162 207/37/168 192/41/171
f 188/50/176 187/59/176 160/6/142
f 187/59/176 186/4/140 160/6/142
f 160/6/142 190/48/174 188/50/176
f 177/33/164 179/35/166 178/53/179
f 162/60/180 190/61/174 161/55/180
f 190/61/174 160/6/142 161/55/180
f 160/6/142 164/51/177 163/54/180
f 211/45/157 180/47/158 184/57/158
f 212/24/157 207/37/168 208/58/160
f 255/15/195 256/31/206 254/16/196
f 222/18/198 224/22/187 223/19/199
f 213/6/186 235/26/203 218/23/190
f 235/26/203 229/3/183 218/23/190
f 265/24/201 264/45/201 236/25/202
f 264/27/201 261/58/204 263/28/204
f 252/38/213 249/43/216 247/39/194
f 249/43/216 256/31/206 245/41/215
f 256/31/206 260/37/212 245/41/215
f 241/50/219 240/59/219 213/6/186
f 240/59/219 239/4/184 213/6/186
f 213/6/186 243/48/218 241/50/219
f 230/33/208 232/35/210 231/53/222
f 215/60/224 243/61/218 214/55/224
f 243/61/218 213/6/186 214/55/224
f 213/6/186 217/51/220 216/54/223
f 264/45/201 233/47/202 237/57/202
f 265/24/201 260/37/212 261/58/204
f 308/15/239 309/31/251 307/16/240
f 275/18/242 277/22/231 276/19/243
f 266/6/230 288/26/247 271/23/234
f 288/26/247 282/3/227 271/23/234
f 318/24/245 317/45/245 289/25/246
f 317/27/245 314/58/249 316/28/248
f 305/38/258 302/43/261 300/39/238
f 302/43/261 309/31/251 298/41/260
f 309/31/251 313/37/257 298/41/260
f 294/50/267 293/59/266 266/6/230
f 293/59/266 292/4/228 266/6/230
f 266/6/230 296/48/265 294/50/267
f 283/33/253 285/35/255 284/53/270
f 268/60/271 296/61/265 267/55/271
f 296/61/265 266/6/230 267/55/271
f 266/6/230 270/51/268 269/54/271
f 317/45/245 286/47/264 290/57/246
f 318/24/245 313/37/257 314/58/249
f 361/15/286 362/31/298 360/16/287
f 328/18/289 330/22/278 329/19/290
f 319/6/277 341/26/294 324/23/281
f 341/26/294 335/3/274 324/23/281
f 371/24/292 370/45/292 342/25/293
f 370/27/292 367/58/296 369/28/295
f 358/38/305 355/43/308 353/39/285
f 355/43/308 362/31/298 351/41/307
f 362/31/298 366/37/304 351/41/307
f 347/50/311 346/59/311 319/6/277
f 346/59/311 345/4/275 319/6/277
f 319/6/277 349/48/310 347/50/311
f 336/33/300 338/35/302 337/53/314
f 321/60/316 349/61/310 320/55/316
f 349/61/310 319/6/277 320/55/316
f 319/6/277 323/51/312 322/54/315
f 370/45/292 339/47/293 343/57/293
f 371/24/292 366/37/304 367/58/296
f 414/15/331 415/31/343 413/16/332
f 381/18/334 383/22/323 382/19/335
f 372/6/322 394/26/339 377/23/326
f 394/26/339 388/3/319 377/23/326
f 424/24/337 423/45/337 395/25/338
f 423/27/337 420/58/341 422/28/340
f 411/38/350 408/43/353 406/39/330
f 408/43/353 415/31/343 404/41/352
f 415/31/343 419/37/349 404/41/352
f 400/50/356 399/59/356 372/6/322
f 399/59/356 398/4/320 372/6/322
f 372/6/322 402/48/355 400/50/356
f 389/33/345 391/35/347 390/53/359
f 374/60/1795 402/61/355 373/55/360
f 402/61/355 372/6/322 373/55/360
f 372/6/322 376/51/357 375/54/360
f 423/45/337 392/47/338 396/57/338
f 424/24/337 419/37/349 420/58/341
f 467/15/375 468/31/386 466/16/376
f 434/18/378 436/22/367 435/19/379
f 425/6/366 447/26/383 430/23/370
f 447/26/383 441/3/363 430/23/370
f 477/24/381 476/45/381 448/25/382
f 476/27/381 473/58/384 475/28/384
f 464/38/393 461/43/396 459/39/374
f 461/43/396 468/31/386 457/41/395
f 468/31/386 472/37/392 457/41/395
f 453/50/400 452/59/399 425/6/366
f 452/59/399 451/4/364 425/6/366
f 425/6/366 455/48/398 453/50/400
f 442/33/388 444/35/390 443/53/403
f 427/60/405 455/61/398 426/55/405
f 455/61/398 425/6/366 426/55/405
f 425/6/366 429/51/401 428/54/404
f 476/45/381 445/47/382 449/57/382
f 477/24/381 472/37/392 473/58/384
f 520/15/420 521/31/432 519/16/421
f 487/18/423 489/22/412 488/19/424
f 478/6/411 500/26/428 483/23/415
f 500/26/428 494/3/408 483/23/415
f 530/24/426 529/45/426 501/25/427
f 529/27/426 526/58/450 528/28/429
f 517/38/439 514/43/442 512/39/419
f 514/43/442 521/31/432 510/41/441
f 521/31/432 525/37/438 510/41/441
f 506/50/445 505/59/445 478/6/411
f 505/59/445 504/4/409 478/6/411
f 478/6/411 508/48/444 506/50/445
f 495/33/434 497/35/436 496/53/448
f 480/60/1796 508/61/444 479/55/449
f 508/61/444 478/6/411 479/55/449
f 478/6/411 482/51/446 481/54/449
f 529/45/426 498/47/427 502/57/427
f 530/24/426 525/37/438 526/58/450
f 573/15/465 574/31/477 572/16/466
f 540/18/468 542/22/457 541/19/469
f 531/6/456 553/26/473 536/23/460
f 553/26/473 547/3/453 536/23/460
f 583/24/471 582/45/474 554/25/472
f 582/27/474 579/58/475 581/28/475
f 570/38/484 567/43/487 565/39/464
f 567/43/487 574/31/477 563/41/486
f 574/31/477 578/37/483 563/41/486
f 559/50/490 558/59/490 531/6/456
f 558/59/490 557/4/454 531/6/456
f 531/6/456 561/48/489 559/50/490
f 548/33/479 550/35/481 549/53/493
f 533/60/494 561/61/489 532/55/494
f 561/61/489 531/6/456 532/55/494
f 531/6/456 535/51/491 534/54/494
f 582/45/474 551/47/472 555/57/472
f 583/24/471 578/37/483 579/58/475
f 626/15/509 627/31/521 625/16/510
f 593/18/512 595/22/501 594/19/513
f 584/6/500 606/26/517 589/23/504
f 606/26/517 600/3/497 589/23/504
f 636/24/515 635/45/515 607/25/516
f 635/27/515 632/58/519 634/28/518
f 623/38/528 620/43/531 618/39/508
f 620/43/531 627/31/521 616/41/530
f 627/31/521 631/37/527 616/41/530
f 612/50/536 611/59/536 584/6/500
f 611/59/536 610/4/498 584/6/500
f 584/6/500 614/48/535 612/50/536
f 601/33/523 603/35/525 602/53/539
f 586/60/540 614/61/535 585/55/540
f 614/61/535 584/6/500 585/55/540
f 584/6/500 588/51/537 587/54/540
f 635/45/515 604/47/534 608/57/534
f 636/24/515 631/37/527 632/58/519
f 679/15/555 680/31/566 678/16/556
f 646/18/558 648/22/547 647/19/559
f 637/6/546 659/26/563 642/23/550
f 659/26/563 653/3/543 642/23/550
f 689/24/561 688/45/561 660/25/562
f 688/27/561 685/58/585 687/28/564
f 676/38/573 673/43/576 671/39/554
f 673/43/576 680/31/566 669/41/575
f 680/31/566 684/37/572 669/41/575
f 665/50/580 664/59/580 637/6/546
f 664/59/580 663/4/544 637/6/546
f 637/6/546 667/48/579 665/50/580
f 654/33/568 656/35/570 655/53/583
f 639/60/1797 667/61/579 638/55/584
f 667/61/579 637/6/546 638/55/584
f 637/6/546 641/51/581 640/54/584
f 688/45/561 657/47/578 661/57/578
f 689/24/561 684/37/572 685/58/585
f 732/15/600 733/31/612 731/16/601
f 699/18/603 701/22/592 700/19/604
f 690/6/591 712/26/608 695/23/595
f 712/26/608 706/3/588 695/23/595
f 742/24/606 741/45/606 713/25/607
f 741/27/606 738/58/610 740/28/609
f 729/38/619 726/43/622 724/39/599
f 726/43/622 733/31/612 722/41/621
f 733/31/612 737/37/618 722/41/621
f 718/50/625 717/59/625 690/6/591
f 717/59/625 716/4/589 690/6/591
f 690/6/591 720/48/624 718/50/625
f 707/33/614 709/35/616 708/53/628
f 692/60/629 720/61/624 691/55/630
f 720/61/624 690/6/591 691/55/630
f 690/6/591 694/51/626 693/54/629
f 741/45/606 710/47/607 714/57/607
f 742/24/606 737/37/618 738/58/610
f 785/15/645 786/31/657 784/16/646
f 752/18/648 754/22/637 753/19/649
f 743/6/636 765/26/653 748/23/640
f 765/26/653 759/3/633 748/23/640
f 795/24/651 794/45/651 766/25/652
f 794/27/651 791/58/655 793/28/654
f 782/38/664 779/43/667 777/39/644
f 779/43/667 786/31/657 775/41/666
f 786/31/657 790/37/663 775/41/666
f 771/50/671 770/59/1798 743/6/636
f 770/59/1798 769/4/634 743/6/636
f 743/6/636 773/48/670 771/50/671
f 760/33/659 762/35/661 761/53/674
f 745/60/675 773/61/670 744/55/675
f 773/61/670 743/6/636 744/55/675
f 743/6/636 747/51/672 746/54/675
f 794/45/651 763/47/652 767/57/652
f 795/24/651 790/37/663 791/58/655
f 838/15/690 839/31/701 837/16/691
f 805/18/693 807/22/682 806/19/694
f 796/6/681 818/26/698 801/23/685
f 818/26/698 812/3/678 801/23/685
f 848/24/696 847/45/696 819/25/697
f 847/27/696 844/58/699 846/28/699
f 835/38/708 832/43/711 830/39/689
f 832/43/711 839/31/701 828/41/710
f 839/31/701 843/37/707 828/41/710
f 824/50/714 823/59/714 796/6/681
f 823/59/714 822/4/679 796/6/681
f 796/6/681 826/48/713 824/50/714
f 813/33/703 815/35/705 814/53/717
f 798/60/719 826/61/713 797/55/719
f 826/61/713 796/6/681 797/55/719
f 796/6/681 800/51/715 799/54/718
f 847/45/696 816/47/697 820/57/720
f 848/24/696 843/37/707 844/58/699
f 891/15/735 892/31/746 890/16/736
f 858/18/738 860/22/727 859/19/739
f 849/6/726 871/26/743 854/23/730
f 871/26/743 865/3/723 854/23/730
f 901/24/741 900/45/741 872/25/742
f 900/27/741 897/58/744 899/28/744
f 888/38/753 885/43/756 883/39/734
f 885/43/756 892/31/746 881/41/755
f 892/31/746 896/37/752 881/41/755
f 877/50/760 876/59/760 849/6/726
f 876/59/760 875/4/724 849/6/726
f 849/6/726 879/48/758 877/50/760
f 866/33/748 868/35/750 867/53/763
f 851/60/1799 879/61/758 850/55/764
f 879/61/758 849/6/726 850/55/764
f 849/6/726 853/51/761 852/54/764
f 900/45/741 869/47/742 873/57/742
f 901/24/741 896/37/752 897/58/744
f 944/15/779 945/31/790 943/16/780
f 911/18/782 913/22/771 912/19/783
f 902/6/770 924/26/787 907/23/774
f 924/26/787 918/3/767 907/23/774
f 954/24/785 953/45/785 925/25/786
f 953/27/785 950/58/788 952/28/788
f 941/38/797 938/43/800 936/39/778
f 938/43/800 945/31/790 934/41/799
f 945/31/790 949/37/796 934/41/799
f 930/50/804 929/59/804 902/6/770
f 929/59/804 928/4/768 902/6/770
f 902/6/770 932/48/803 930/50/804
f 919/33/792 921/35/794 920/53/807
f 904/60/808 932/61/803 903/55/809
f 932/61/803 902/6/770 903/55/809
f 902/6/770 906/51/805 905/54/808
f 953/45/785 922/47/802 926/57/786
f 954/24/785 949/37/796 950/58/788
f 997/15/824 998/31/835 996/16/825
f 964/18/827 966/22/816 965/19/828
f 955/6/815 977/26/832 960/23/819
f 977/26/832 971/3/812 960/23/819
f 1007/24/830 1006/45/830 978/25/831
f 1006/27/830 1003/58/833 1005/28/833
f 994/38/842 991/43/845 989/39/823
f 991/43/845 998/31/835 987/41/844
f 998/31/835 1002/37/841 987/41/844
f 983/50/849 982/59/848 955/6/815
f 982/59/848 981/4/813 955/6/815
f 955/6/815 985/48/847 983/50/849
f 972/33/837 974/35/839 973/53/852
f 957/60/853 985/61/847 956/55/854
f 985/61/847 955/6/815 956/55/854
f 955/6/815 959/51/850 958/54/853
f 1006/45/830 975/47/831 979/57/855
f 1007/24/830 1002/37/841 1003/58/833
f 1050/15/870 1051/31/882 1049/16/871
f 1017/18/873 1019/22/862 1018/19/874
f 1008/6/861 1030/26/878 1013/23/865
f 1030/26/878 1024/3/858 1013/23/865
f 1060/24/876 1059/45/876 1031/25/877
f 1059/27/876 1056/58/880 1058/28/879
f 1047/38/889 1044/43/892 1042/39/869
f 1044/43/892 1051/31/882 1040/41/891
f 1051/31/882 1055/37/888 1040/41/891
f 1036/50/897 1035/59/896 1008/6/861
f 1035/59/896 1034/4/859 1008/6/861
f 1008/6/861 1038/48/895 1036/50/897
f 1025/33/884 1027/35/886 1026/53/900
f 1010/60/902 1038/61/895 1009/55/902
f 1038/61/895 1008/6/861 1009/55/902
f 1008/6/861 1012/51/898 1011/54/901
f 1059/45/876 1028/47/894 1032/57/877
f 1060/24/876 1055/37/888 1056/58/880
f 1103/15/917 1104/31/929 1102/16/918
f 1070/18/920 1072/22/909 1071/19/921
f 1061/6/908 1083/26/925 1066/23/912
f 1083/26/925 1077/3/905 1066/23/912
f 1113/24/923 1112/45/923 1084/25/924
f 1112/27/923 1109/58/927 1111/28/926
f 1100/38/936 1097/43/939 1095/39/916
f 1097/43/939 1104/31/929 1093/41/938
f 1104/31/929 1108/37/935 1093/41/938
f 1089/50/943 1088/59/942 1061/6/908
f 1088/59/942 1087/4/906 1061/6/908
f 1061/6/908 1091/48/941 1089/50/943
f 1078/33/931 1080/35/933 1079/53/946
f 1063/60/948 1091/61/941 1062/55/948
f 1091/61/941 1061/6/908 1062/55/948
f 1061/6/908 1065/51/944 1064/54/947
f 1112/45/923 1081/47/924 1085/57/924
f 1113/24/923 1108/37/935 1109/58/927
f 1156/15/963 1157/31/974 1155/16/964
f 1123/18/966 1125/22/955 1124/19/967
f 1114/6/954 1136/26/971 1119/23/958
f 1136/26/971 1130/3/951 1119/23/958
f 1166/24/969 1165/45/969 1137/25/970
f 1165/27/969 1162/58/972 1164/28/972
f 1153/38/981 1150/43/984 1148/39/962
f 1150/43/984 1157/31/974 1146/41/983
f 1157/31/974 1161/37/980 1146/41/983
f 1142/50/987 1141/59/987 1114/6/954
f 1141/59/987 1140/4/952 1114/6/954
f 1114/6/954 1144/48/986 1142/50/987
f 1131/33/976 1133/35/978 1132/53/990
f 1116/60/991 1144/61/986 1115/55/991
f 1144/61/986 1114/6/954 1115/55/991
f 1114/6/954 1118/51/988 1117/54/991
f 1165/45/969 1134/47/970 1138/57/970
f 1166/24/969 1161/37/980 1162/58/972
f 1209/15/1006 1210/31/1018 1208/16/1007
f 1176/18/1009 1178/22/998 1177/19/1010
f 1167/6/997 1189/26/1014 1172/23/1001
f 1189/26/1014 1183/3/994 1172/23/1001
f 1219/24/1012 1218/45/1015 1190/25/1013
f 1218/27/1015 1215/58/1016 1217/28/1016
f 1206/38/1025 1203/43/1028 1201/39/1005
f 1203/43/1028 1210/31/1018 1199/41/1027
f 1210/31/1018 1214/37/1024 1199/41/1027
f 1195/50/1032 1194/59/1031 1167/6/997
f 1194/59/1031 1193/4/995 1167/6/997
f 1167/6/997 1197/48/1030 1195/50/1032
f 1184/33/1020 1186/35/1022 1185/53/1035
f 1169/60/1036 1197/61/1030 1168/55/1036
f 1197/61/1030 1167/6/997 1168/55/1036
f 1167/6/997 1171/51/1033 1170/54/1036
f 1218/45/1015 1187/47/1013 1191/57/1037
f 1219/24/1012 1214/37/1024 1215/58/1016
f 1262/15/1052 1263/31/1063 1261/16/1053
f 1229/18/1055 1231/22/1044 1230/19/1056
f 1220/6/1043 1242/26/1060 1225/23/1047
f 1242/26/1060 1236/3/1040 1225/23/1047
f 1272/24/1058 1271/45/1058 1243/25/1059
f 1271/27/1058 1268/58/1061 1270/28/1061
f 1259/38/1070 1256/43/1073 1254/39/1051
f 1256/43/1073 1263/31/1063 1252/41/1072
f 1263/31/1063 1267/37/1069 1252/41/1072
f 1248/50/1076 1247/59/1076 1220/6/1043
f 1247/59/1076 1246/4/1041 1220/6/1043
f 1220/6/1043 1250/48/1075 1248/50/1076
f 1237/33/1065 1239/35/1067 1238/53/1079
f 1222/60/1080 1250/61/1075 1221/55/1080
f 1250/61/1075 1220/6/1043 1221/55/1080
f 1220/6/1043 1224/51/1077 1223/54/1080
f 1271/45/1058 1240/47/1059 1244/57/1059
f 1272/24/1058 1267/37/1069 1268/58/1061
f 1315/15/1095 1316/31/1107 1314/16/1096
f 1282/18/1098 1284/22/1087 1283/19/1099
f 1273/6/1086 1295/26/1103 1278/23/1090
f 1295/26/1103 1289/3/1083 1278/23/1090
f 1325/24/1101 1324/45/1101 1296/25/1102
f 1324/27/1101 1321/58/1105 1323/28/1104
f 1312/38/1114 1309/43/1117 1307/39/1094
f 1309/43/1117 1316/31/1107 1305/41/1116
f 1316/31/1107 1320/37/1113 1305/41/1116
f 1301/50/1120 1300/59/1800 1273/6/1086
f 1300/59/1800 1299/4/1084 1273/6/1086
f 1273/6/1086 1303/48/1119 1301/50/1120
f 1290/33/1109 1292/35/1111 1291/53/1123
f 1275/60/1124 1303/61/1119 1274/55/1124
f 1303/61/1119 1273/6/1086 1274/55/1124
f 1273/6/1086 1277/51/1121 1276/54/1124
f 1324/45/1101 1293/47/1102 1297/57/1102
f 1325/24/1101 1320/37/1113 1321/58/1105
f 1368/15/1139 1369/31/1150 1367/16/1140
f 1335/18/1142 1337/22/1131 1336/19/1143
f 1326/6/1130 1348/26/1147 1331/23/1134
f 1348/26/1147 1342/3/1127 1331/23/1134
f 1378/24/1145 1377/45/1145 1349/25/1146
f 1377/27/1145 1374/58/1148 1376/28/1148
f 1365/38/1157 1362/43/1160 1360/39/1138
f 1362/43/1160 1369/31/1150 1358/41/1159
f 1369/31/1150 1373/37/1156 1358/41/1159
f 1354/50/1164 1353/59/1164 1326/6/1130
f 1353/59/1164 1352/4/1128 1326/6/1130
f 1326/6/1130 1356/48/1163 1354/50/1164
f 1343/33/1152 1345/35/1154 1344/53/1167
f 1328/60/1168 1356/61/1163 1327/55/1168
f 1356/61/1163 1326/6/1130 1327/55/1168
f 1326/6/1130 1330/51/1165 1329/54/1168
f 1377/45/1145 1346/47/1146 1350/57/1146
f 1378/24/1145 1373/37/1156 1374/58/1148
f 1421/15/1183 1422/31/1194 1420/16/1184
f 1388/18/1186 1390/22/1175 1389/19/1187
f 1379/6/1174 1401/26/1191 1384/23/1178
f 1401/26/1191 1395/3/1171 1384/23/1178
f 1431/24/1189 1430/45/1189 1402/25/1190
f 1430/27/1189 1427/58/1213 1429/28/1192
f 1418/38/1201 1415/43/1204 1413/39/1182
f 1415/43/1204 1422/31/1194 1411/41/1203
f 1422/31/1194 1426/37/1200 1411/41/1203
f 1407/50/1208 1406/59/1208 1379/6/1174
f 1406/59/1208 1405/4/1172 1379/6/1174
f 1379/6/1174 1409/48/1207 1407/50/1208
f 1396/33/1196 1398/35/1198 1397/53/1211
f 1381/60/1212 1409/61/1207 1380/55/1212
f 1409/61/1207 1379/6/1174 1380/55/1212
f 1379/6/1174 1383/51/1209 1382/54/1212
f 1430/45/1189 1399/47/1190 1403/57/1190
f 1431/24/1189 1426/37/1200 1427/58/1213
f 1474/15/1228 1475/31/1239 1473/16/1229
f 1441/18/1231 1443/22/1220 1442/19/1232
f 1432/6/1219 1454/26/1236 1437/23/1223
f 1454/26/1236 1448/3/1216 1437/23/1223
f 1484/24/1234 1483/45/1234 1455/25/1235
f 1483/27/1234 1480/58/1237 1482/28/1237
f 1471/38/1246 1468/43/1249 1466/39/1227
f 1468/43/1249 1475/31/1239 1464/41/1248
f 1475/31/1239 1479/37/1245 1464/41/1248
f 1460/50/1253 1459/59/1253 1432/6/1219
f 1459/59/1253 1458/4/1217 1432/6/1219
f 1432/6/1219 1462/48/1252 1460/50/1253
f 1449/33/1241 1451/35/1243 1450/53/1256
f 1434/60/1257 1462/61/1252 1433/55/1257
f 1462/61/1252 1432/6/1219 1433/55/1257
f 1432/6/1219 1436/51/1254 1435/54/1257
f 1483/45/1234 1452/47/1251 1456/57/1258
f 1484/24/1234 1479/37/1245 1480/58/1237
f 1527/15/1273 1528/31/1284 1526/16/1274
f 1494/18/1276 1496/22/1265 1495/19/1277
f 1485/6/1264 1507/26/1281 1490/23/1268
f 1507/26/1281 1501/3/1261 1490/23/1268
f 1537/24/1279 1536/45/1279 1508/25/1280
f 1536/27/1279 1533/58/1302 1535/28/1282
f 1524/38/1291 1521/43/1294 1519/39/1272
f 1521/43/1294 1528/31/1284 1517/41/1293
f 1528/31/1284 1532/37/1290 1517/41/1293
f 1513/50/1297 1512/59/1297 1485/6/1264
f 1512/59/1297 1511/4/1262 1485/6/1264
f 1485/6/1264 1515/48/1296 1513/50/1297
f 1502/33/1286 1504/35/1288 1503/53/1300
f 1487/60/1301 1515/61/1296 1486/55/1301
f 1515/61/1296 1485/6/1264 1486/55/1301
f 1485/6/1264 1489/51/1298 1488/54/1301
f 1536/45/1279 1505/47/1280 1509/57/1280
f 1537/24/1279 1532/37/1290 1533/58/1302
f 1580/15/1317 1581/31/1328 1579/16/1318
f 1547/18/1320 1549/22/1309 1548/19/1321
f 1538/6/1308 1560/26/1325 1543/23/1312
f 1560/26/1325 1554/3/1305 1543/23/1312
f 1590/24/1323 1589/45/1323 1561/25/1324
f 1589/27/1323 1586/58/1326 1588/28/1326
f 1577/38/1335 1574/43/1338 1572/39/1316
f 1574/43/1338 1581/31/1328 1570/41/1337
f 1581/31/1328 1585/37/1334 1570/41/1337
f 1566/50/1343 1565/59/1343 1538/6/1308
f 1565/59/1343 1564/4/1306 1538/6/1308
f 1538/6/1308 1568/48/1342 1566/50/1343
f 1555/33/1330 1557/35/1332 1556/53/1346
f 1540/60/1347 1568/61/1342 1539/55/1347
f 1568/61/1342 1538/6/1308 1539/55/1347
f 1538/6/1308 1542/51/1344 1541/54/1347
f 1589/45/1323 1558/47/1341 1562/57/1341
f 1590/24/1323 1585/37/1334 1586/58/1326
f 1633/15/1362 1634/31/1373 1632/16/1363
f 1600/18/1365 1602/22/1354 1601/19/1366
f 1591/6/1353 1613/26/1370 1596/23/1357
f 1613/26/1370 1607/3/1350 1596/23/1357
f 1643/24/1368 1642/45/1368 1614/25/1369
f 1642/27/1368 1639/58/1371 1641/28/1371
f 1630/38/1380 1627/43/1383 1625/39/1361
f 1627/43/1383 1634/31/1373 1623/41/1382
f 1634/31/1373 1638/37/1379 1623/41/1382
f 1619/50/1388 1618/59/1388 1591/6/1353
f 1618/59/1388 1617/4/1351 1591/6/1353
f 1591/6/1353 1621/48/1387 1619/50/1388
f 1608/33/1375 1610/35/1377 1609/53/1391
f 1593/60/1392 1621/61/1387 1592/55/1392
f 1621/61/1387 1591/6/1353 1592/55/1392
f 1591/6/1353 1595/51/1389 1594/54/1392
f 1642/45/1368 1611/47/1386 1615/57/1386
f 1643/24/1368 1638/37/1379 1639/58/1371
f 1686/15/1407 1687/31/1418 1685/16/1408
f 1653/18/1410 1655/22/1399 1654/19/1411
f 1644/6/1398 1666/26/1415 1649/23/1402
f 1666/26/1415 1660/3/1395 1649/23/1402
f 1696/24/1413 1695/45/1413 1667/25/1414
f 1695/27/1413 1692/58/1416 1694/28/1416
f 1683/38/1425 1680/43/1428 1678/39/1406
f 1680/43/1428 1687/31/1418 1676/41/1427
f 1687/31/1418 1691/37/1424 1676/41/1427
f 1672/50/1431 1671/59/1431 1644/6/1398
f 1671/59/1431 1670/4/1396 1644/6/1398
f 1644/6/1398 1674/48/1430 1672/50/1431
f 1661/33/1420 1663/35/1422 1662/53/1434
f 1646/60/1435 1674/61/1430 1645/55/1435
f 1674/61/1430 1644/6/1398 1645/55/1435
f 1644/6/1398 1648/51/1432 1647/54/1435
f 1695/45/1413 1664/47/1414 1668/57/1414
f 1696/24/1413 1691/37/1424 1692/58/1416
f 1739/15/1450 1740/31/1462 1738/16/1451
f 1706/18/1453 1708/22/1442 1707/19/1454
f 1697/6/1441 1719/26/1458 1702/23/1445
f 1719/26/1458 1713/3/1438 1702/23/1445
f 1749/24/1456 1748/45/1456 1720/25/1457
f 1748/27/1456 1745/58/1480 1747/28/1459
f 1736/38/1469 1733/43/1472 1731/39/1449
f 1733/43/1472 1740/31/1462 1729/41/1471
f 1740/31/1462 1744/37/1468 1729/41/1471
f 1725/50/1475 1724/59/1475 1697/6/1441
f 1724/59/1475 1723/4/1439 1697/6/1441
f 1697/6/1441 1727/48/1474 1725/50/1475
f 1714/33/1464 1716/35/1466 1715/53/1478
f 1699/60/1479 1727/61/1474 1698/55/1479
f 1727/61/1474 1697/6/1441 1698/55/1479
f 1697/6/1441 1701/51/1476 1700/54/1479
f 1748/45/1456 1717/47/1457 1721/57/1457
f 1749/24/1456 1744/37/1468 1745/58/1480
f 1792/15/1495 1793/31/1506 1791/16/1496
f 1759/18/1498 1761/22/1487 1760/19/1499
f 1750/6/1486 1772/26/1503 1755/23/1490
f 1772/26/1503 1766/3/1483 1755/23/1490
f 1802/24/1501 1801/45/1501 1773/25/1502
f 1801/27/1501 1798/58/1504 1800/28/1504
f 1789/38/1513 1786/43/1516 1784/39/1494
f 1786/43/1516 1793/31/1506 1782/41/1515
f 1793/31/1506 1797/37/1512 1782/41/1515
f 1778/50/1519 1777/59/1519 1750/6/1486
f 1777/59/1519 1776/4/1484 1750/6/1486
f 1750/6/1486 1780/48/1518 1778/50/1519
f 1767/33/1508 1769/35/1510 1768/53/1522
f 1752/60/1523 1780/61/1518 1751/55/1523
f 1780/61/1518 1750/6/1486 1751/55/1523
f 1750/6/1486 1754/51/1520 1753/54/1523
f 1801/45/1501 1770/47/1502 1774/57/1502
f 1802/24/1501 1797/37/1512 1798/58/1504
f 1845/15/1538 1846/31/1549 1844/16/1539
f 1812/18/1541 1814/22/1530 1813/19/1542
f 1803/6/1529 1825/26/1546 1808/23/1533
f 1825/26/1546 1819/3/1526 1808/23/1533
f 1855/24/1544 1854/45/1544 1826/25/1545
f 1854/27/1544 1851/58/1547 1853/28/1547
f 1842/38/1556 1839/43/1559 1837/39/1537
f 1839/43/1559 1846/31/1549 1835/41/1558
f 1846/31/1549 1850/37/1555 1835/41/1558
f 1831/50/1563 1830/59/1563 1803/6/1529
f 1830/59/1563 1829/4/1527 1803/6/1529
f 1803/6/1529 1833/48/1562 1831/50/1563
f 1820/33/1551 1822/35/1553 1821/53/1566
f 1805/60/1567 1833/61/1562 1804/55/1567
f 1833/61/1562 1803/6/1529 1804/55/1567
f 1803/6/1529 1807/51/1564 1806/54/1567
f 1854/45/1544 1823/47/1561 1827/57/1545
f 1855/24/1544 1850/37/1555 1851/58/1547
f 1898/15/1582 1899/31/1593 1897/16/1583
f 1865/18/1585 1867/22/1574 1866/19/1586
f 1856/6/1573 1878/26/1590 1861/23/1577
f 1878/26/1590 1872/3/1570 1861/23/1577
f 1908/24/1588 1907/45/1588 1879/25/1589
f 1907/27/1588 1904/58/1591 1906/28/1591
f 1895/38/1600 1892/43/1603 1890/39/1581
f 1892/43/1603 1899/31/1593 1888/41/1602
f 1899/31/1593 1903/37/1599 1888/41/1602
f 1884/50/1607 1883/59/1607 1856/6/1573
f 1883/59/1607 1882/4/1571 1856/6/1573
f 1856/6/1573 1886/48/1606 1884/50/1607
f 1873/33/1595 1875/35/1597 1874/53/1610
f 1858/60/1612 1886/61/1606 1857/55/1612
f 1886/61/1606 1856/6/1573 1857/55/1612
f 1856/6/1573 1860/51/1608 1859/54/1611
f 1907/45/1588 1876/47/1605 1880/57/1589
f 1908/24/1588 1903/37/1599 1904/58/1591
f 1951/15/1627 1952/31/1640 1950/16/1628
f 1918/18/1630 1920/22/1619 1919/19/1631
f 1909/6/1618 1931/26/1635 1914/23/1622
f 1931/26/1635 1925/3/1615 1914/23/1622
f 1961/24/1633 1960/45/1636 1932/25/1634
f 1960/27/1636 1957/58/1638 1959/28/1637
f 1948/38/1647 1945/43/1650 1943/39/1626
f 1945/43/1650 1952/31/1640 1941/41/1649
f 1952/31/1640 1956/37/1646 1941/41/1649
f 1937/50/1653 1936/59/1653 1909/6/1618
f 1936/59/1653 1935/4/1616 1909/6/1618
f 1909/6/1618 1939/48/1652 1937/50/1653
f 1926/33/1642 1928/35/1644 1927/53/1656
f 1911/60/1658 1939/61/1652 1910/55/1658
f 1939/61/1652 1909/6/1618 1910/55/1658
f 1909/6/1618 1913/51/1654 1912/54/1657
f 1960/45/1636 1929/47/1634 1933/57/1634
f 1961/24/1633 1956/37/1646 1957/58/1638
f 2004/15/1673 2005/31/1684 2003/16/1674
f 1971/18/1676 1973/22/1665 1972/19/1677
f 1962/6/1664 1984/26/1681 1967/23/1668
f 1984/26/1681 1978/3/1661 1967/23/1668
f 2014/24/1679 2013/45/1679 1985/25/1680
f 2013/27/1679 2010/58/1704 2012/28/1682
f 2001/38/1691 1998/43/1694 1996/39/1672
f 1998/43/1694 2005/31/1684 1994/41/1693
f 2005/31/1684 2009/37/1690 1994/41/1693
f 1990/50/1697 1989/59/1697 1962/6/1664
f 1989/59/1697 1988/4/1662 1962/6/1664
f 1962/6/1664 1992/48/1696 1990/50/1697
f 1979/33/1686 1981/35/1688 1980/53/1700
f 1964/60/1702 1992/61/1696 1963/55/1702
f 1992/61/1696 1962/6/1664 1963/55/1702
f 1962/6/1664 1966/51/1698 1965/54/1701
f 2013/45/1679 1982/47/1680 1986/57/1703
f 2014/24/1679 2009/37/1690 2010/58/1704
f 2057/15/1719 2058/31/1730 2056/16/1720
f 2024/18/1722 2026/22/1711 2025/19/1723
f 2015/6/1710 2037/26/1727 2020/23/1714
f 2037/26/1727 2031/3/1707 2020/23/1714
f 2067/24/1725 2066/45/1725 2038/25/1726
f 2066/27/1725 2063/58/1748 2065/28/1728
f 2054/38/1737 2051/43/1740 2049/39/1718
f 2051/43/1740 2058/31/1730 2047/41/1739
f 2058/31/1730 2062/37/1736 2047/41/1739
f 2043/50/1743 2042/59/1743 2015/6/1710
f 2042/59/1743 2041/4/1708 2015/6/1710
f 2015/6/1710 2045/48/1742 2043/50/1743
f 2032/33/1732 2034/35/1734 2033/53/1746
f 2017/60/1747 2045/61/1742 2016/55/1747
f 2045/61/1742 2015/6/1710 2016/55/1747
f 2015/6/1710 2019/51/1744 2018/54/1747
f 2066/45/1725 2035/47/1726 2039/57/1726
f 2067/24/1725 2062/37/1736 2063/58/1748
f 2110/15/1763 2111/31/1774 2109/16/1764
f 2077/18/1766 2079/22/1755 2078/19/1767
f 2068/6/1754 2090/26/1771 2073/23/1758
f 2090/26/1771 2084/3/1751 2073/23/1758
f 2120/24/1769 2119/45/1769 2091/25/1770
f 2119/27/1769 2116/58/1772 2118/28/1772
f 2107/38/1781 2104/43/1784 2102/39/1762
f 2104/43/1784 2111/31/1774 2100/41/1783
f 2111/31/1774 2115/37/1780 2100/41/1783
f 2096/50/1788 2095/59/1788 2068/6/1754
f 2095/59/1788 2094/4/1752 2068/6/1754
f 2068/6/1754 2098/48/1787 2096/50/1788
f 2085/33/1776 2087/35/1778 2086/53/1791
f 2070/60/1792 2098/61/1787 2069/55/1792
f 2098/61/1787 2068/6/1754 2069/55/1792
f 2068/6/1754 2072/51/1789 2071/54/1792
f 2119/45/1769 2088/47/1786 2092/57/1770
f 2120/24/1769 2115/37/1780 2116/58/1772
